game_id,season,week,wind_mph,kickoff_hour_utc,source_sha256,evidence,actual_total,market_total
2022_04_CLE_ATL,2022,4,6.7,2022-10-02T17:00,c5b011864482a6314fd4ac1a940c19a4fedd8fa70687ffb311fe8f1a5360a3f9,STITCHED_FORECAST_NOT_T60_ISSUANCE,43.0,48
2022_06_SF_ATL,2022,6,6.8,2022-10-16T17:00,c5b011864482a6314fd4ac1a940c19a4fedd8fa70687ffb311fe8f1a5360a3f9,STITCHED_FORECAST_NOT_T60_ISSUANCE,42.0,46
2022_09_LAC_ATL,2022,9,4.3,2022-11-06T18:00,c5b011864482a6314fd4ac1a940c19a4fedd8fa70687ffb311fe8f1a5360a3f9,STITCHED_FORECAST_NOT_T60_ISSUANCE,37.0,49.5
2023_02_GB_ATL,2023,2,8.7,2023-09-17T17:00,c5b011864482a6314fd4ac1a940c19a4fedd8fa70687ffb311fe8f1a5360a3f9,STITCHED_FORECAST_NOT_T60_ISSUANCE,49.0,40.5
2023_05_HOU_ATL,2023,5,9.7,2023-10-08T17:00,c5b011864482a6314fd4ac1a940c19a4fedd8fa70687ffb311fe8f1a5360a3f9,STITCHED_FORECAST_NOT_T60_ISSUANCE,40.0,42
2023_09_MIN_ATL,2023,9,8.3,2023-11-05T18:00,c5b011864482a6314fd4ac1a940c19a4fedd8fa70687ffb311fe8f1a5360a3f9,STITCHED_FORECAST_NOT_T60_ISSUANCE,59.0,38.5
2022_02_MIA_BAL,2022,2,4.4,2022-09-18T17:00,73478d43685966b4ea278738db017b34551da6d681c90ae7c92c531f7e8f2f66,STITCHED_FORECAST_NOT_T60_ISSUANCE,80.0,44
2022_04_BUF_BAL,2022,4,11.8,2022-10-02T17:00,73478d43685966b4ea278738db017b34551da6d681c90ae7c92c531f7e8f2f66,STITCHED_FORECAST_NOT_T60_ISSUANCE,43.0,50
2022_05_CIN_BAL,2022,5,3.6,2022-10-10T00:00,73478d43685966b4ea278738db017b34551da6d681c90ae7c92c531f7e8f2f66,STITCHED_FORECAST_NOT_T60_ISSUANCE,36.0,47.5
2022_07_CLE_BAL,2022,7,8.2,2022-10-23T17:00,73478d43685966b4ea278738db017b34551da6d681c90ae7c92c531f7e8f2f66,STITCHED_FORECAST_NOT_T60_ISSUANCE,43.0,46
2022_11_CAR_BAL,2022,11,15.5,2022-11-20T18:00,73478d43685966b4ea278738db017b34551da6d681c90ae7c92c531f7e8f2f66,STITCHED_FORECAST_NOT_T60_ISSUANCE,16.0,42
2022_13_DEN_BAL,2022,13,6.3,2022-12-04T18:00,73478d43685966b4ea278738db017b34551da6d681c90ae7c92c531f7e8f2f66,STITCHED_FORECAST_NOT_T60_ISSUANCE,19.0,40.5
2022_16_ATL_BAL,2022,16,13.2,2022-12-24T18:00,73478d43685966b4ea278738db017b34551da6d681c90ae7c92c531f7e8f2f66,STITCHED_FORECAST_NOT_T60_ISSUANCE,26.0,35
2022_17_PIT_BAL,2022,17,3.0,2023-01-02T01:00,73478d43685966b4ea278738db017b34551da6d681c90ae7c92c531f7e8f2f66,STITCHED_FORECAST_NOT_T60_ISSUANCE,29.0,35.5
2023_01_HOU_BAL,2023,1,3.5,2023-09-10T17:00,73478d43685966b4ea278738db017b34551da6d681c90ae7c92c531f7e8f2f66,STITCHED_FORECAST_NOT_T60_ISSUANCE,34.0,43.5
2023_03_IND_BAL,2023,3,7.1,2023-09-24T17:00,73478d43685966b4ea278738db017b34551da6d681c90ae7c92c531f7e8f2f66,STITCHED_FORECAST_NOT_T60_ISSUANCE,41.0,43.5
2023_07_DET_BAL,2023,7,14.5,2023-10-22T17:00,73478d43685966b4ea278738db017b34551da6d681c90ae7c92c531f7e8f2f66,STITCHED_FORECAST_NOT_T60_ISSUANCE,44.0,43.5
2023_09_SEA_BAL,2023,9,6.7,2023-11-05T18:00,73478d43685966b4ea278738db017b34551da6d681c90ae7c92c531f7e8f2f66,STITCHED_FORECAST_NOT_T60_ISSUANCE,40.0,44.5
2023_10_CLE_BAL,2023,10,5.3,2023-11-12T18:00,73478d43685966b4ea278738db017b34551da6d681c90ae7c92c531f7e8f2f66,STITCHED_FORECAST_NOT_T60_ISSUANCE,64.0,38.5
2023_11_CIN_BAL,2023,11,3.8,2023-11-17T01:00,73478d43685966b4ea278738db017b34551da6d681c90ae7c92c531f7e8f2f66,STITCHED_FORECAST_NOT_T60_ISSUANCE,54.0,46.5
2023_14_LA_BAL,2023,14,7.2,2023-12-10T18:00,73478d43685966b4ea278738db017b34551da6d681c90ae7c92c531f7e8f2f66,STITCHED_FORECAST_NOT_T60_ISSUANCE,68.0,42
2023_17_MIA_BAL,2023,17,7.0,2023-12-31T18:00,73478d43685966b4ea278738db017b34551da6d681c90ae7c92c531f7e8f2f66,STITCHED_FORECAST_NOT_T60_ISSUANCE,75.0,47
2023_18_PIT_BAL,2023,18,11.8,2024-01-06T21:00,73478d43685966b4ea278738db017b34551da6d681c90ae7c92c531f7e8f2f66,STITCHED_FORECAST_NOT_T60_ISSUANCE,27.0,34
2024_02_LV_BAL,2024,2,9.3,2024-09-15T17:00,73478d43685966b4ea278738db017b34551da6d681c90ae7c92c531f7e8f2f66,STITCHED_FORECAST_NOT_T60_ISSUANCE,49.0,41
2024_04_BUF_BAL,2024,4,7.1,2024-09-30T00:00,73478d43685966b4ea278738db017b34551da6d681c90ae7c92c531f7e8f2f66,STITCHED_FORECAST_NOT_T60_ISSUANCE,45.0,46.5
2024_06_WAS_BAL,2024,6,9.3,2024-10-13T17:00,73478d43685966b4ea278738db017b34551da6d681c90ae7c92c531f7e8f2f66,STITCHED_FORECAST_NOT_T60_ISSUANCE,53.0,51.5
2024_09_DEN_BAL,2024,9,4.1,2024-11-03T18:00,73478d43685966b4ea278738db017b34551da6d681c90ae7c92c531f7e8f2f66,STITCHED_FORECAST_NOT_T60_ISSUANCE,51.0,46.5
2024_10_CIN_BAL,2024,10,9.2,2024-11-08T01:00,73478d43685966b4ea278738db017b34551da6d681c90ae7c92c531f7e8f2f66,STITCHED_FORECAST_NOT_T60_ISSUANCE,69.0,53
2024_13_PHI_BAL,2024,13,9.1,2024-12-01T21:00,73478d43685966b4ea278738db017b34551da6d681c90ae7c92c531f7e8f2f66,STITCHED_FORECAST_NOT_T60_ISSUANCE,43.0,50
2024_16_PIT_BAL,2024,16,12.8,2024-12-21T21:00,73478d43685966b4ea278738db017b34551da6d681c90ae7c92c531f7e8f2f66,STITCHED_FORECAST_NOT_T60_ISSUANCE,51.0,44.5
2024_18_CLE_BAL,2024,18,14.0,2025-01-04T21:00,73478d43685966b4ea278738db017b34551da6d681c90ae7c92c531f7e8f2f66,STITCHED_FORECAST_NOT_T60_ISSUANCE,45.0,42.5
2025_02_CLE_BAL,2025,2,4.1,2025-09-14T17:00,73478d43685966b4ea278738db017b34551da6d681c90ae7c92c531f7e8f2f66,STITCHED_FORECAST_NOT_T60_ISSUANCE,58.0,46.5
2025_03_DET_BAL,2025,3,6.9,2025-09-23T00:00,73478d43685966b4ea278738db017b34551da6d681c90ae7c92c531f7e8f2f66,STITCHED_FORECAST_NOT_T60_ISSUANCE,68.0,53.5
2025_05_HOU_BAL,2025,5,4.5,2025-10-05T17:00,73478d43685966b4ea278738db017b34551da6d681c90ae7c92c531f7e8f2f66,STITCHED_FORECAST_NOT_T60_ISSUANCE,54.0,41.5
2025_06_LA_BAL,2025,6,14.1,2025-10-12T17:00,73478d43685966b4ea278738db017b34551da6d681c90ae7c92c531f7e8f2f66,STITCHED_FORECAST_NOT_T60_ISSUANCE,20.0,43.5
2025_08_CHI_BAL,2025,8,2.5,2025-10-26T17:00,73478d43685966b4ea278738db017b34551da6d681c90ae7c92c531f7e8f2f66,STITCHED_FORECAST_NOT_T60_ISSUANCE,46.0,45.5
2025_12_NYJ_BAL,2025,12,12.0,2025-11-23T18:00,73478d43685966b4ea278738db017b34551da6d681c90ae7c92c531f7e8f2f66,STITCHED_FORECAST_NOT_T60_ISSUANCE,33.0,44.5
2025_13_CIN_BAL,2025,13,11.7,2025-11-28T01:00,73478d43685966b4ea278738db017b34551da6d681c90ae7c92c531f7e8f2f66,STITCHED_FORECAST_NOT_T60_ISSUANCE,46.0,52.5
2025_14_PIT_BAL,2025,14,3.9,2025-12-07T18:00,73478d43685966b4ea278738db017b34551da6d681c90ae7c92c531f7e8f2f66,STITCHED_FORECAST_NOT_T60_ISSUANCE,49.0,43.5
2025_16_NE_BAL,2025,16,10.5,2025-12-22T01:00,73478d43685966b4ea278738db017b34551da6d681c90ae7c92c531f7e8f2f66,STITCHED_FORECAST_NOT_T60_ISSUANCE,52.0,48.5
2022_03_BAL_NE,2022,3,9.2,2022-09-25T17:00,075b72d348ccdba642b536f991ddc0d08b586d83e494427cc0590ccc0ef68d31,STITCHED_FORECAST_NOT_T60_ISSUANCE,63.0,45.5
2022_05_DET_NE,2022,5,11.0,2022-10-09T17:00,075b72d348ccdba642b536f991ddc0d08b586d83e494427cc0590ccc0ef68d31,STITCHED_FORECAST_NOT_T60_ISSUANCE,29.0,46.5
2022_07_CHI_NE,2022,7,4.9,2022-10-25T00:00,075b72d348ccdba642b536f991ddc0d08b586d83e494427cc0590ccc0ef68d31,STITCHED_FORECAST_NOT_T60_ISSUANCE,47.0,40
2022_09_IND_NE,2022,9,12.5,2022-11-06T18:00,075b72d348ccdba642b536f991ddc0d08b586d83e494427cc0590ccc0ef68d31,STITCHED_FORECAST_NOT_T60_ISSUANCE,29.0,40
2022_11_NYJ_NE,2022,11,15.3,2022-11-20T18:00,075b72d348ccdba642b536f991ddc0d08b586d83e494427cc0590ccc0ef68d31,STITCHED_FORECAST_NOT_T60_ISSUANCE,13.0,38.5
2022_13_BUF_NE,2022,13,10.1,2022-12-02T01:00,075b72d348ccdba642b536f991ddc0d08b586d83e494427cc0590ccc0ef68d31,STITCHED_FORECAST_NOT_T60_ISSUANCE,34.0,43.5
2022_16_CIN_NE,2022,16,13.5,2022-12-24T18:00,075b72d348ccdba642b536f991ddc0d08b586d83e494427cc0590ccc0ef68d31,STITCHED_FORECAST_NOT_T60_ISSUANCE,40.0,42
2022_17_MIA_NE,2022,17,11.1,2023-01-01T18:00,075b72d348ccdba642b536f991ddc0d08b586d83e494427cc0590ccc0ef68d31,STITCHED_FORECAST_NOT_T60_ISSUANCE,44.0,41.5
2023_01_PHI_NE,2023,1,2.5,2023-09-10T20:00,075b72d348ccdba642b536f991ddc0d08b586d83e494427cc0590ccc0ef68d31,STITCHED_FORECAST_NOT_T60_ISSUANCE,45.0,44.5
2023_02_MIA_NE,2023,2,5.9,2023-09-18T00:00,075b72d348ccdba642b536f991ddc0d08b586d83e494427cc0590ccc0ef68d31,STITCHED_FORECAST_NOT_T60_ISSUANCE,41.0,46.5
2023_05_NO_NE,2023,5,11.8,2023-10-08T17:00,075b72d348ccdba642b536f991ddc0d08b586d83e494427cc0590ccc0ef68d31,STITCHED_FORECAST_NOT_T60_ISSUANCE,34.0,38.5
2023_07_BUF_NE,2023,7,13.8,2023-10-22T17:00,075b72d348ccdba642b536f991ddc0d08b586d83e494427cc0590ccc0ef68d31,STITCHED_FORECAST_NOT_T60_ISSUANCE,54.0,41
2023_09_WAS_NE,2023,9,7.3,2023-11-05T18:00,075b72d348ccdba642b536f991ddc0d08b586d83e494427cc0590ccc0ef68d31,STITCHED_FORECAST_NOT_T60_ISSUANCE,37.0,40.5
2023_13_LAC_NE,2023,13,7.9,2023-12-03T18:00,075b72d348ccdba642b536f991ddc0d08b586d83e494427cc0590ccc0ef68d31,STITCHED_FORECAST_NOT_T60_ISSUANCE,6.0,38.5
2023_15_KC_NE,2023,15,5.2,2023-12-17T18:00,075b72d348ccdba642b536f991ddc0d08b586d83e494427cc0590ccc0ef68d31,STITCHED_FORECAST_NOT_T60_ISSUANCE,44.0,39.5
2023_18_NYJ_NE,2023,18,15.0,2024-01-07T18:00,075b72d348ccdba642b536f991ddc0d08b586d83e494427cc0590ccc0ef68d31,STITCHED_FORECAST_NOT_T60_ISSUANCE,20.0,28.5
2024_02_SEA_NE,2024,2,6.3,2024-09-15T17:00,075b72d348ccdba642b536f991ddc0d08b586d83e494427cc0590ccc0ef68d31,STITCHED_FORECAST_NOT_T60_ISSUANCE,43.0,39
2024_05_MIA_NE,2024,5,3.2,2024-10-06T17:00,075b72d348ccdba642b536f991ddc0d08b586d83e494427cc0590ccc0ef68d31,STITCHED_FORECAST_NOT_T60_ISSUANCE,25.0,37
2024_06_HOU_NE,2024,6,4.6,2024-10-13T17:00,075b72d348ccdba642b536f991ddc0d08b586d83e494427cc0590ccc0ef68d31,STITCHED_FORECAST_NOT_T60_ISSUANCE,62.0,38.5
2024_08_NYJ_NE,2024,8,10.0,2024-10-27T17:00,075b72d348ccdba642b536f991ddc0d08b586d83e494427cc0590ccc0ef68d31,STITCHED_FORECAST_NOT_T60_ISSUANCE,47.0,41
2024_11_LA_NE,2024,11,9.1,2024-11-17T18:00,075b72d348ccdba642b536f991ddc0d08b586d83e494427cc0590ccc0ef68d31,STITCHED_FORECAST_NOT_T60_ISSUANCE,50.0,42.5
2024_13_IND_NE,2024,13,9.7,2024-12-01T18:00,075b72d348ccdba642b536f991ddc0d08b586d83e494427cc0590ccc0ef68d31,STITCHED_FORECAST_NOT_T60_ISSUANCE,49.0,41.5
2024_17_LAC_NE,2024,17,4.2,2024-12-28T18:00,075b72d348ccdba642b536f991ddc0d08b586d83e494427cc0590ccc0ef68d31,STITCHED_FORECAST_NOT_T60_ISSUANCE,47.0,42
2024_18_BUF_NE,2024,18,12.8,2025-01-05T18:00,075b72d348ccdba642b536f991ddc0d08b586d83e494427cc0590ccc0ef68d31,STITCHED_FORECAST_NOT_T60_ISSUANCE,39.0,36.5
2025_01_LV_NE,2025,1,3.2,2025-09-07T17:00,075b72d348ccdba642b536f991ddc0d08b586d83e494427cc0590ccc0ef68d31,STITCHED_FORECAST_NOT_T60_ISSUANCE,33.0,44.5
2025_03_PIT_NE,2025,3,5.8,2025-09-21T17:00,075b72d348ccdba642b536f991ddc0d08b586d83e494427cc0590ccc0ef68d31,STITCHED_FORECAST_NOT_T60_ISSUANCE,35.0,44.5
2025_04_CAR_NE,2025,4,7.5,2025-09-28T17:00,075b72d348ccdba642b536f991ddc0d08b586d83e494427cc0590ccc0ef68d31,STITCHED_FORECAST_NOT_T60_ISSUANCE,55.0,42.5
2025_08_CLE_NE,2025,8,6.8,2025-10-26T17:00,075b72d348ccdba642b536f991ddc0d08b586d83e494427cc0590ccc0ef68d31,STITCHED_FORECAST_NOT_T60_ISSUANCE,45.0,40.5
2025_09_ATL_NE,2025,9,9.0,2025-11-02T18:00,075b72d348ccdba642b536f991ddc0d08b586d83e494427cc0590ccc0ef68d31,STITCHED_FORECAST_NOT_T60_ISSUANCE,47.0,45.5
2025_11_NYJ_NE,2025,11,8.0,2025-11-14T01:00,075b72d348ccdba642b536f991ddc0d08b586d83e494427cc0590ccc0ef68d31,STITCHED_FORECAST_NOT_T60_ISSUANCE,41.0,43.5
2025_13_NYG_NE,2025,13,4.8,2025-12-02T01:00,075b72d348ccdba642b536f991ddc0d08b586d83e494427cc0590ccc0ef68d31,STITCHED_FORECAST_NOT_T60_ISSUANCE,48.0,46.5
2025_15_BUF_NE,2025,15,8.9,2025-12-14T18:00,075b72d348ccdba642b536f991ddc0d08b586d83e494427cc0590ccc0ef68d31,STITCHED_FORECAST_NOT_T60_ISSUANCE,66.0,49.5
2025_18_MIA_NE,2025,18,7.9,2026-01-04T21:00,075b72d348ccdba642b536f991ddc0d08b586d83e494427cc0590ccc0ef68d31,STITCHED_FORECAST_NOT_T60_ISSUANCE,48.0,44.5
2022_02_TEN_BUF,2022,2,10.0,2022-09-19T23:00,2c998d5f08335510a0700680d9dcc086ddea08f43fc668a68a6b3ffe29a7a6a0,STITCHED_FORECAST_NOT_T60_ISSUANCE,48.0,47.5
2022_05_PIT_BUF,2022,5,18.8,2022-10-09T17:00,2c998d5f08335510a0700680d9dcc086ddea08f43fc668a68a6b3ffe29a7a6a0,STITCHED_FORECAST_NOT_T60_ISSUANCE,41.0,44
2022_08_GB_BUF,2022,8,5.0,2022-10-31T00:00,2c998d5f08335510a0700680d9dcc086ddea08f43fc668a68a6b3ffe29a7a6a0,STITCHED_FORECAST_NOT_T60_ISSUANCE,44.0,47
2022_10_MIN_BUF,2022,10,6.7,2022-11-13T18:00,2c998d5f08335510a0700680d9dcc086ddea08f43fc668a68a6b3ffe29a7a6a0,STITCHED_FORECAST_NOT_T60_ISSUANCE,63.0,47
2022_14_NYJ_BUF,2022,14,11.9,2022-12-11T18:00,2c998d5f08335510a0700680d9dcc086ddea08f43fc668a68a6b3ffe29a7a6a0,STITCHED_FORECAST_NOT_T60_ISSUANCE,32.0,43.5
2022_15_MIA_BUF,2022,15,12.2,2022-12-18T01:00,2c998d5f08335510a0700680d9dcc086ddea08f43fc668a68a6b3ffe29a7a6a0,STITCHED_FORECAST_NOT_T60_ISSUANCE,61.0,44
2022_18_NE_BUF,2022,18,7.1,2023-01-08T18:00,2c998d5f08335510a0700680d9dcc086ddea08f43fc668a68a6b3ffe29a7a6a0,STITCHED_FORECAST_NOT_T60_ISSUANCE,58.0,44
2023_02_LV_BUF,2023,2,0.8,2023-09-17T17:00,2c998d5f08335510a0700680d9dcc086ddea08f43fc668a68a6b3ffe29a7a6a0,STITCHED_FORECAST_NOT_T60_ISSUANCE,48.0,47
2023_04_MIA_BUF,2023,4,5.9,2023-10-01T17:00,2c998d5f08335510a0700680d9dcc086ddea08f43fc668a68a6b3ffe29a7a6a0,STITCHED_FORECAST_NOT_T60_ISSUANCE,68.0,53
2023_06_NYG_BUF,2023,6,8.2,2023-10-16T00:00,2c998d5f08335510a0700680d9dcc086ddea08f43fc668a68a6b3ffe29a7a6a0,STITCHED_FORECAST_NOT_T60_ISSUANCE,23.0,43.5
2023_08_TB_BUF,2023,8,11.9,2023-10-27T00:00,2c998d5f08335510a0700680d9dcc086ddea08f43fc668a68a6b3ffe29a7a6a0,STITCHED_FORECAST_NOT_T60_ISSUANCE,42.0,43
2023_10_DEN_BUF,2023,10,6.3,2023-11-14T01:00,2c998d5f08335510a0700680d9dcc086ddea08f43fc668a68a6b3ffe29a7a6a0,STITCHED_FORECAST_NOT_T60_ISSUANCE,46.0,47.5
2023_11_NYJ_BUF,2023,11,10.4,2023-11-19T21:00,2c998d5f08335510a0700680d9dcc086ddea08f43fc668a68a6b3ffe29a7a6a0,STITCHED_FORECAST_NOT_T60_ISSUANCE,38.0,39.5
2023_15_DAL_BUF,2023,15,7.2,2023-12-17T21:00,2c998d5f08335510a0700680d9dcc086ddea08f43fc668a68a6b3ffe29a7a6a0,STITCHED_FORECAST_NOT_T60_ISSUANCE,41.0,49.5
2023_17_NE_BUF,2023,17,0.4,2023-12-31T18:00,2c998d5f08335510a0700680d9dcc086ddea08f43fc668a68a6b3ffe29a7a6a0,STITCHED_FORECAST_NOT_T60_ISSUANCE,48.0,40
2024_01_ARI_BUF,2024,1,17.5,2024-09-08T17:00,2c998d5f08335510a0700680d9dcc086ddea08f43fc668a68a6b3ffe29a7a6a0,STITCHED_FORECAST_NOT_T60_ISSUANCE,62.0,46
2024_03_JAX_BUF,2024,3,6.5,2024-09-23T23:00,2c998d5f08335510a0700680d9dcc086ddea08f43fc668a68a6b3ffe29a7a6a0,STITCHED_FORECAST_NOT_T60_ISSUANCE,57.0,46.5
2024_07_TEN_BUF,2024,7,13.7,2024-10-20T17:00,2c998d5f08335510a0700680d9dcc086ddea08f43fc668a68a6b3ffe29a7a6a0,STITCHED_FORECAST_NOT_T60_ISSUANCE,44.0,41
2024_09_MIA_BUF,2024,9,9.0,2024-11-03T18:00,2c998d5f08335510a0700680d9dcc086ddea08f43fc668a68a6b3ffe29a7a6a0,STITCHED_FORECAST_NOT_T60_ISSUANCE,57.0,49
2024_11_KC_BUF,2024,11,5.5,2024-11-17T21:00,2c998d5f08335510a0700680d9dcc086ddea08f43fc668a68a6b3ffe29a7a6a0,STITCHED_FORECAST_NOT_T60_ISSUANCE,51.0,46.5
2024_13_SF_BUF,2024,13,11.4,2024-12-02T01:00,2c998d5f08335510a0700680d9dcc086ddea08f43fc668a68a6b3ffe29a7a6a0,STITCHED_FORECAST_NOT_T60_ISSUANCE,45.0,45
2024_16_NE_BUF,2024,16,2.7,2024-12-22T21:00,2c998d5f08335510a0700680d9dcc086ddea08f43fc668a68a6b3ffe29a7a6a0,STITCHED_FORECAST_NOT_T60_ISSUANCE,45.0,48
2024_17_NYJ_BUF,2024,17,18.6,2024-12-29T18:00,2c998d5f08335510a0700680d9dcc086ddea08f43fc668a68a6b3ffe29a7a6a0,STITCHED_FORECAST_NOT_T60_ISSUANCE,54.0,44.5
2025_01_BAL_BUF,2025,1,10.0,2025-09-08T00:00,2c998d5f08335510a0700680d9dcc086ddea08f43fc668a68a6b3ffe29a7a6a0,STITCHED_FORECAST_NOT_T60_ISSUANCE,81.0,50.5
2025_03_MIA_BUF,2025,3,6.7,2025-09-19T00:00,2c998d5f08335510a0700680d9dcc086ddea08f43fc668a68a6b3ffe29a7a6a0,STITCHED_FORECAST_NOT_T60_ISSUANCE,52.0,50.5
2025_04_NO_BUF,2025,4,8.1,2025-09-28T17:00,2c998d5f08335510a0700680d9dcc086ddea08f43fc668a68a6b3ffe29a7a6a0,STITCHED_FORECAST_NOT_T60_ISSUANCE,50.0,48.5
2025_05_NE_BUF,2025,5,4.5,2025-10-06T00:00,2c998d5f08335510a0700680d9dcc086ddea08f43fc668a68a6b3ffe29a7a6a0,STITCHED_FORECAST_NOT_T60_ISSUANCE,43.0,49.5
2025_09_KC_BUF,2025,9,5.0,2025-11-02T21:00,2c998d5f08335510a0700680d9dcc086ddea08f43fc668a68a6b3ffe29a7a6a0,STITCHED_FORECAST_NOT_T60_ISSUANCE,49.0,53.5
2025_11_TB_BUF,2025,11,19.6,2025-11-16T18:00,2c998d5f08335510a0700680d9dcc086ddea08f43fc668a68a6b3ffe29a7a6a0,STITCHED_FORECAST_NOT_T60_ISSUANCE,76.0,46.5
2025_14_CIN_BUF,2025,14,7.9,2025-12-07T18:00,2c998d5f08335510a0700680d9dcc086ddea08f43fc668a68a6b3ffe29a7a6a0,STITCHED_FORECAST_NOT_T60_ISSUANCE,73.0,54.5
2025_17_PHI_BUF,2025,17,7.0,2025-12-28T21:00,2c998d5f08335510a0700680d9dcc086ddea08f43fc668a68a6b3ffe29a7a6a0,STITCHED_FORECAST_NOT_T60_ISSUANCE,25.0,45.5
2025_18_NYJ_BUF,2025,18,10.8,2026-01-04T21:00,2c998d5f08335510a0700680d9dcc086ddea08f43fc668a68a6b3ffe29a7a6a0,STITCHED_FORECAST_NOT_T60_ISSUANCE,43.0,39.5
2022_01_CLE_CAR,2022,1,6.7,2022-09-11T17:00,eec7359749cdb4c31ed08bf3504d74151ce4385dd5394f180f70ebdac052b9d7,STITCHED_FORECAST_NOT_T60_ISSUANCE,50.0,42.5
2022_03_NO_CAR,2022,3,10.4,2022-09-25T17:00,eec7359749cdb4c31ed08bf3504d74151ce4385dd5394f180f70ebdac052b9d7,STITCHED_FORECAST_NOT_T60_ISSUANCE,36.0,41
2022_04_ARI_CAR,2022,4,12.8,2022-10-02T20:00,eec7359749cdb4c31ed08bf3504d74151ce4385dd5394f180f70ebdac052b9d7,STITCHED_FORECAST_NOT_T60_ISSUANCE,42.0,44
2022_05_SF_CAR,2022,5,2.2,2022-10-09T20:00,eec7359749cdb4c31ed08bf3504d74151ce4385dd5394f180f70ebdac052b9d7,STITCHED_FORECAST_NOT_T60_ISSUANCE,52.0,40
2022_07_TB_CAR,2022,7,5.3,2022-10-23T17:00,eec7359749cdb4c31ed08bf3504d74151ce4385dd5394f180f70ebdac052b9d7,STITCHED_FORECAST_NOT_T60_ISSUANCE,24.0,39.5
2022_10_ATL_CAR,2022,10,11.5,2022-11-11T01:00,eec7359749cdb4c31ed08bf3504d74151ce4385dd5394f180f70ebdac052b9d7,STITCHED_FORECAST_NOT_T60_ISSUANCE,40.0,41.5
2022_12_DEN_CAR,2022,12,13.2,2022-11-27T18:00,eec7359749cdb4c31ed08bf3504d74151ce4385dd5394f180f70ebdac052b9d7,STITCHED_FORECAST_NOT_T60_ISSUANCE,33.0,36.5
2022_15_PIT_CAR,2022,15,7.3,2022-12-18T18:00,eec7359749cdb4c31ed08bf3504d74151ce4385dd5394f180f70ebdac052b9d7,STITCHED_FORECAST_NOT_T60_ISSUANCE,40.0,36.5
2022_16_DET_CAR,2022,16,8.6,2022-12-24T18:00,eec7359749cdb4c31ed08bf3504d74151ce4385dd5394f180f70ebdac052b9d7,STITCHED_FORECAST_NOT_T60_ISSUANCE,60.0,43.5
2023_02_NO_CAR,2023,2,2.7,2023-09-18T23:00,eec7359749cdb4c31ed08bf3504d74151ce4385dd5394f180f70ebdac052b9d7,STITCHED_FORECAST_NOT_T60_ISSUANCE,37.0,39.5
2023_04_MIN_CAR,2023,4,7.0,2023-10-01T17:00,eec7359749cdb4c31ed08bf3504d74151ce4385dd5394f180f70ebdac052b9d7,STITCHED_FORECAST_NOT_T60_ISSUANCE,34.0,46.5
2023_08_HOU_CAR,2023,8,9.9,2023-10-29T17:00,eec7359749cdb4c31ed08bf3504d74151ce4385dd5394f180f70ebdac052b9d7,STITCHED_FORECAST_NOT_T60_ISSUANCE,28.0,43
2023_09_IND_CAR,2023,9,1.9,2023-11-05T21:00,eec7359749cdb4c31ed08bf3504d74151ce4385dd5394f180f70ebdac052b9d7,STITCHED_FORECAST_NOT_T60_ISSUANCE,40.0,45
2023_11_DAL_CAR,2023,11,2.8,2023-11-19T18:00,eec7359749cdb4c31ed08bf3504d74151ce4385dd5394f180f70ebdac052b9d7,STITCHED_FORECAST_NOT_T60_ISSUANCE,43.0,43
2023_15_ATL_CAR,2023,15,14.0,2023-12-17T18:00,eec7359749cdb4c31ed08bf3504d74151ce4385dd5394f180f70ebdac052b9d7,STITCHED_FORECAST_NOT_T60_ISSUANCE,16.0,32
2023_16_GB_CAR,2023,16,3.2,2023-12-24T18:00,eec7359749cdb4c31ed08bf3504d74151ce4385dd5394f180f70ebdac052b9d7,STITCHED_FORECAST_NOT_T60_ISSUANCE,63.0,39.5
2023_18_TB_CAR,2023,18,13.4,2024-01-07T18:00,eec7359749cdb4c31ed08bf3504d74151ce4385dd5394f180f70ebdac052b9d7,STITCHED_FORECAST_NOT_T60_ISSUANCE,9.0,36.5
2024_02_LAC_CAR,2024,2,12.0,2024-09-15T17:00,eec7359749cdb4c31ed08bf3504d74151ce4385dd5394f180f70ebdac052b9d7,STITCHED_FORECAST_NOT_T60_ISSUANCE,29.0,39
2024_04_CIN_CAR,2024,4,7.4,2024-09-29T17:00,eec7359749cdb4c31ed08bf3504d74151ce4385dd5394f180f70ebdac052b9d7,STITCHED_FORECAST_NOT_T60_ISSUANCE,58.0,47
2024_06_ATL_CAR,2024,6,8.7,2024-10-13T20:00,eec7359749cdb4c31ed08bf3504d74151ce4385dd5394f180f70ebdac052b9d7,STITCHED_FORECAST_NOT_T60_ISSUANCE,58.0,45.5
2024_09_NO_CAR,2024,9,7.8,2024-11-03T18:00,eec7359749cdb4c31ed08bf3504d74151ce4385dd5394f180f70ebdac052b9d7,STITCHED_FORECAST_NOT_T60_ISSUANCE,45.0,43.5
2024_12_KC_CAR,2024,12,4.9,2024-11-24T18:00,eec7359749cdb4c31ed08bf3504d74151ce4385dd5394f180f70ebdac052b9d7,STITCHED_FORECAST_NOT_T60_ISSUANCE,57.0,43
2024_13_TB_CAR,2024,13,6.1,2024-12-01T21:00,eec7359749cdb4c31ed08bf3504d74151ce4385dd5394f180f70ebdac052b9d7,STITCHED_FORECAST_NOT_T60_ISSUANCE,49.0,46
2024_15_DAL_CAR,2024,15,5.4,2024-12-15T18:00,eec7359749cdb4c31ed08bf3504d74151ce4385dd5394f180f70ebdac052b9d7,STITCHED_FORECAST_NOT_T60_ISSUANCE,44.0,42
2024_16_ARI_CAR,2024,16,4.2,2024-12-22T18:00,eec7359749cdb4c31ed08bf3504d74151ce4385dd5394f180f70ebdac052b9d7,STITCHED_FORECAST_NOT_T60_ISSUANCE,66.0,47
2025_03_ATL_CAR,2025,3,5.1,2025-09-21T17:00,eec7359749cdb4c31ed08bf3504d74151ce4385dd5394f180f70ebdac052b9d7,STITCHED_FORECAST_NOT_T60_ISSUANCE,30.0,44.5
2025_05_MIA_CAR,2025,5,6.7,2025-10-05T17:00,eec7359749cdb4c31ed08bf3504d74151ce4385dd5394f180f70ebdac052b9d7,STITCHED_FORECAST_NOT_T60_ISSUANCE,51.0,44.5
2025_06_DAL_CAR,2025,6,13.8,2025-10-12T17:00,eec7359749cdb4c31ed08bf3504d74151ce4385dd5394f180f70ebdac052b9d7,STITCHED_FORECAST_NOT_T60_ISSUANCE,57.0,47.5
2025_08_BUF_CAR,2025,8,6.7,2025-10-26T17:00,eec7359749cdb4c31ed08bf3504d74151ce4385dd5394f180f70ebdac052b9d7,STITCHED_FORECAST_NOT_T60_ISSUANCE,49.0,47.5
2025_10_NO_CAR,2025,10,13.3,2025-11-09T18:00,eec7359749cdb4c31ed08bf3504d74151ce4385dd5394f180f70ebdac052b9d7,STITCHED_FORECAST_NOT_T60_ISSUANCE,24.0,38.5
2025_13_LA_CAR,2025,13,7.2,2025-11-30T18:00,eec7359749cdb4c31ed08bf3504d74151ce4385dd5394f180f70ebdac052b9d7,STITCHED_FORECAST_NOT_T60_ISSUANCE,59.0,44.5
2025_16_TB_CAR,2025,16,8.2,2025-12-21T18:00,eec7359749cdb4c31ed08bf3504d74151ce4385dd5394f180f70ebdac052b9d7,STITCHED_FORECAST_NOT_T60_ISSUANCE,43.0,44.5
2025_17_SEA_CAR,2025,17,3.5,2025-12-28T18:00,eec7359749cdb4c31ed08bf3504d74151ce4385dd5394f180f70ebdac052b9d7,STITCHED_FORECAST_NOT_T60_ISSUANCE,37.0,42.5
2022_01_SF_CHI,2022,1,10.6,2022-09-11T17:00,9e0609b3b7806bd6f6992292571d8320f59a676522add966f2641849c77e8115,STITCHED_FORECAST_NOT_T60_ISSUANCE,29.0,38
2022_03_HOU_CHI,2022,3,11.4,2022-09-25T17:00,9e0609b3b7806bd6f6992292571d8320f59a676522add966f2641849c77e8115,STITCHED_FORECAST_NOT_T60_ISSUANCE,43.0,40
2022_06_WAS_CHI,2022,6,11.2,2022-10-14T00:00,9e0609b3b7806bd6f6992292571d8320f59a676522add966f2641849c77e8115,STITCHED_FORECAST_NOT_T60_ISSUANCE,19.0,38.5
2022_09_MIA_CHI,2022,9,16.0,2022-11-06T18:00,9e0609b3b7806bd6f6992292571d8320f59a676522add966f2641849c77e8115,STITCHED_FORECAST_NOT_T60_ISSUANCE,67.0,46
2022_10_DET_CHI,2022,10,6.5,2022-11-13T18:00,9e0609b3b7806bd6f6992292571d8320f59a676522add966f2641849c77e8115,STITCHED_FORECAST_NOT_T60_ISSUANCE,61.0,48.5
2022_13_GB_CHI,2022,13,12.4,2022-12-04T18:00,9e0609b3b7806bd6f6992292571d8320f59a676522add966f2641849c77e8115,STITCHED_FORECAST_NOT_T60_ISSUANCE,47.0,45
2022_15_PHI_CHI,2022,15,11.7,2022-12-18T18:00,9e0609b3b7806bd6f6992292571d8320f59a676522add966f2641849c77e8115,STITCHED_FORECAST_NOT_T60_ISSUANCE,45.0,48
2022_16_BUF_CHI,2022,16,16.4,2022-12-24T18:00,9e0609b3b7806bd6f6992292571d8320f59a676522add966f2641849c77e8115,STITCHED_FORECAST_NOT_T60_ISSUANCE,48.0,40
2022_18_MIN_CHI,2022,18,1.6,2023-01-08T18:00,9e0609b3b7806bd6f6992292571d8320f59a676522add966f2641849c77e8115,STITCHED_FORECAST_NOT_T60_ISSUANCE,42.0,42.5
2023_01_GB_CHI,2023,1,5.6,2023-09-10T20:00,9e0609b3b7806bd6f6992292571d8320f59a676522add966f2641849c77e8115,STITCHED_FORECAST_NOT_T60_ISSUANCE,58.0,41
2023_04_DEN_CHI,2023,4,5.2,2023-10-01T17:00,9e0609b3b7806bd6f6992292571d8320f59a676522add966f2641849c77e8115,STITCHED_FORECAST_NOT_T60_ISSUANCE,59.0,47
2023_06_MIN_CHI,2023,6,13.2,2023-10-15T17:00,9e0609b3b7806bd6f6992292571d8320f59a676522add966f2641849c77e8115,STITCHED_FORECAST_NOT_T60_ISSUANCE,32.0,44.5
2023_07_LV_CHI,2023,7,4.5,2023-10-22T17:00,9e0609b3b7806bd6f6992292571d8320f59a676522add966f2641849c77e8115,STITCHED_FORECAST_NOT_T60_ISSUANCE,42.0,38.5
2023_10_CAR_CHI,2023,10,9.1,2023-11-10T01:00,9e0609b3b7806bd6f6992292571d8320f59a676522add966f2641849c77e8115,STITCHED_FORECAST_NOT_T60_ISSUANCE,29.0,38
2023_14_DET_CHI,2023,14,9.0,2023-12-10T18:00,9e0609b3b7806bd6f6992292571d8320f59a676522add966f2641849c77e8115,STITCHED_FORECAST_NOT_T60_ISSUANCE,41.0,44.5
2023_16_ARI_CHI,2023,16,6.5,2023-12-24T21:00,9e0609b3b7806bd6f6992292571d8320f59a676522add966f2641849c77e8115,STITCHED_FORECAST_NOT_T60_ISSUANCE,43.0,42
2023_17_ATL_CHI,2023,17,8.1,2023-12-31T18:00,9e0609b3b7806bd6f6992292571d8320f59a676522add966f2641849c77e8115,STITCHED_FORECAST_NOT_T60_ISSUANCE,54.0,39
2024_01_TEN_CHI,2024,1,8.5,2024-09-08T17:00,9e0609b3b7806bd6f6992292571d8320f59a676522add966f2641849c77e8115,STITCHED_FORECAST_NOT_T60_ISSUANCE,41.0,43
2024_04_LA_CHI,2024,4,12.8,2024-09-29T17:00,9e0609b3b7806bd6f6992292571d8320f59a676522add966f2641849c77e8115,STITCHED_FORECAST_NOT_T60_ISSUANCE,42.0,40
2024_05_CAR_CHI,2024,5,14.5,2024-10-06T17:00,9e0609b3b7806bd6f6992292571d8320f59a676522add966f2641849c77e8115,STITCHED_FORECAST_NOT_T60_ISSUANCE,46.0,40
2024_10_NE_CHI,2024,10,14.3,2024-11-10T18:00,9e0609b3b7806bd6f6992292571d8320f59a676522add966f2641849c77e8115,STITCHED_FORECAST_NOT_T60_ISSUANCE,22.0,37.5
2024_11_GB_CHI,2024,11,10.0,2024-11-17T18:00,9e0609b3b7806bd6f6992292571d8320f59a676522add966f2641849c77e8115,STITCHED_FORECAST_NOT_T60_ISSUANCE,39.0,41
2024_12_MIN_CHI,2024,12,7.8,2024-11-24T18:00,9e0609b3b7806bd6f6992292571d8320f59a676522add966f2641849c77e8115,STITCHED_FORECAST_NOT_T60_ISSUANCE,57.0,39.5
2024_16_DET_CHI,2024,16,10.2,2024-12-22T18:00,9e0609b3b7806bd6f6992292571d8320f59a676522add966f2641849c77e8115,STITCHED_FORECAST_NOT_T60_ISSUANCE,51.0,47.5
2024_17_SEA_CHI,2024,17,7.1,2024-12-27T01:00,9e0609b3b7806bd6f6992292571d8320f59a676522add966f2641849c77e8115,STITCHED_FORECAST_NOT_T60_ISSUANCE,9.0,43.5
2025_01_MIN_CHI,2025,1,8.0,2025-09-09T00:00,9e0609b3b7806bd6f6992292571d8320f59a676522add966f2641849c77e8115,STITCHED_FORECAST_NOT_T60_ISSUANCE,51.0,43.5
2025_03_DAL_CHI,2025,3,8.5,2025-09-21T20:00,9e0609b3b7806bd6f6992292571d8320f59a676522add966f2641849c77e8115,STITCHED_FORECAST_NOT_T60_ISSUANCE,45.0,49.5
2025_07_NO_CHI,2025,7,15.0,2025-10-19T17:00,9e0609b3b7806bd6f6992292571d8320f59a676522add966f2641849c77e8115,STITCHED_FORECAST_NOT_T60_ISSUANCE,40.0,43.5
2025_10_NYG_CHI,2025,10,15.5,2025-11-09T18:00,9e0609b3b7806bd6f6992292571d8320f59a676522add966f2641849c77e8115,STITCHED_FORECAST_NOT_T60_ISSUANCE,44.0,45.5
2025_12_PIT_CHI,2025,12,5.6,2025-11-23T18:00,9e0609b3b7806bd6f6992292571d8320f59a676522add966f2641849c77e8115,STITCHED_FORECAST_NOT_T60_ISSUANCE,59.0,46.5
2025_15_CLE_CHI,2025,15,7.2,2025-12-14T18:00,9e0609b3b7806bd6f6992292571d8320f59a676522add966f2641849c77e8115,STITCHED_FORECAST_NOT_T60_ISSUANCE,34.0,38.5
2025_16_GB_CHI,2025,16,15.7,2025-12-21T01:00,9e0609b3b7806bd6f6992292571d8320f59a676522add966f2641849c77e8115,STITCHED_FORECAST_NOT_T60_ISSUANCE,38.0,45.5
2025_18_DET_CHI,2025,18,6.4,2026-01-04T21:00,9e0609b3b7806bd6f6992292571d8320f59a676522add966f2641849c77e8115,STITCHED_FORECAST_NOT_T60_ISSUANCE,35.0,51.5
2022_01_PIT_CIN,2022,1,5.4,2022-09-11T17:00,423fbe79bddaf3838293c8fd8144fecbadc33ee6b080e4e1e8c8af22e227090d,STITCHED_FORECAST_NOT_T60_ISSUANCE,43.0,44.5
2022_04_MIA_CIN,2022,4,6.3,2022-09-30T00:00,423fbe79bddaf3838293c8fd8144fecbadc33ee6b080e4e1e8c8af22e227090d,STITCHED_FORECAST_NOT_T60_ISSUANCE,42.0,48.5
2022_07_ATL_CIN,2022,7,7.5,2022-10-23T17:00,423fbe79bddaf3838293c8fd8144fecbadc33ee6b080e4e1e8c8af22e227090d,STITCHED_FORECAST_NOT_T60_ISSUANCE,52.0,47.5
2022_09_CAR_CIN,2022,9,10.4,2022-11-06T18:00,423fbe79bddaf3838293c8fd8144fecbadc33ee6b080e4e1e8c8af22e227090d,STITCHED_FORECAST_NOT_T60_ISSUANCE,63.0,43
2022_13_KC_CIN,2022,13,4.1,2022-12-04T21:00,423fbe79bddaf3838293c8fd8144fecbadc33ee6b080e4e1e8c8af22e227090d,STITCHED_FORECAST_NOT_T60_ISSUANCE,51.0,53
2022_14_CLE_CIN,2022,14,4.0,2022-12-11T18:00,423fbe79bddaf3838293c8fd8144fecbadc33ee6b080e4e1e8c8af22e227090d,STITCHED_FORECAST_NOT_T60_ISSUANCE,33.0,47
2022_18_BAL_CIN,2022,18,3.8,2023-01-08T18:00,423fbe79bddaf3838293c8fd8144fecbadc33ee6b080e4e1e8c8af22e227090d,STITCHED_FORECAST_NOT_T60_ISSUANCE,43.0,39
2023_02_BAL_CIN,2023,2,5.1,2023-09-17T17:00,423fbe79bddaf3838293c8fd8144fecbadc33ee6b080e4e1e8c8af22e227090d,STITCHED_FORECAST_NOT_T60_ISSUANCE,51.0,45.5
2023_03_LA_CIN,2023,3,3.8,2023-09-26T00:00,423fbe79bddaf3838293c8fd8144fecbadc33ee6b080e4e1e8c8af22e227090d,STITCHED_FORECAST_NOT_T60_ISSUANCE,35.0,45.5
2023_06_SEA_CIN,2023,6,8.8,2023-10-15T17:00,423fbe79bddaf3838293c8fd8144fecbadc33ee6b080e4e1e8c8af22e227090d,STITCHED_FORECAST_NOT_T60_ISSUANCE,30.0,45.5
2023_09_BUF_CIN,2023,9,2.9,2023-11-06T01:00,423fbe79bddaf3838293c8fd8144fecbadc33ee6b080e4e1e8c8af22e227090d,STITCHED_FORECAST_NOT_T60_ISSUANCE,42.0,51
2023_10_HOU_CIN,2023,10,5.6,2023-11-12T18:00,423fbe79bddaf3838293c8fd8144fecbadc33ee6b080e4e1e8c8af22e227090d,STITCHED_FORECAST_NOT_T60_ISSUANCE,57.0,46
2023_12_PIT_CIN,2023,12,7.1,2023-11-26T18:00,423fbe79bddaf3838293c8fd8144fecbadc33ee6b080e4e1e8c8af22e227090d,STITCHED_FORECAST_NOT_T60_ISSUANCE,26.0,36
2023_14_IND_CIN,2023,14,8.4,2023-12-10T18:00,423fbe79bddaf3838293c8fd8144fecbadc33ee6b080e4e1e8c8af22e227090d,STITCHED_FORECAST_NOT_T60_ISSUANCE,48.0,45
2023_15_MIN_CIN,2023,15,6.7,2023-12-16T18:00,423fbe79bddaf3838293c8fd8144fecbadc33ee6b080e4e1e8c8af22e227090d,STITCHED_FORECAST_NOT_T60_ISSUANCE,51.0,41.5
2023_18_CLE_CIN,2023,18,10.3,2024-01-07T18:00,423fbe79bddaf3838293c8fd8144fecbadc33ee6b080e4e1e8c8af22e227090d,STITCHED_FORECAST_NOT_T60_ISSUANCE,45.0,37
2024_01_NE_CIN,2024,1,3.0,2024-09-08T17:00,423fbe79bddaf3838293c8fd8144fecbadc33ee6b080e4e1e8c8af22e227090d,STITCHED_FORECAST_NOT_T60_ISSUANCE,26.0,40.5
2024_03_WAS_CIN,2024,3,4.6,2024-09-24T00:00,423fbe79bddaf3838293c8fd8144fecbadc33ee6b080e4e1e8c8af22e227090d,STITCHED_FORECAST_NOT_T60_ISSUANCE,71.0,46
2024_05_BAL_CIN,2024,5,11.3,2024-10-06T17:00,423fbe79bddaf3838293c8fd8144fecbadc33ee6b080e4e1e8c8af22e227090d,STITCHED_FORECAST_NOT_T60_ISSUANCE,79.0,48.5
2024_08_PHI_CIN,2024,8,4.7,2024-10-27T17:00,423fbe79bddaf3838293c8fd8144fecbadc33ee6b080e4e1e8c8af22e227090d,STITCHED_FORECAST_NOT_T60_ISSUANCE,54.0,47.5
2024_09_LV_CIN,2024,9,6.5,2024-11-03T18:00,423fbe79bddaf3838293c8fd8144fecbadc33ee6b080e4e1e8c8af22e227090d,STITCHED_FORECAST_NOT_T60_ISSUANCE,65.0,45
2024_13_PIT_CIN,2024,13,8.7,2024-12-01T18:00,423fbe79bddaf3838293c8fd8144fecbadc33ee6b080e4e1e8c8af22e227090d,STITCHED_FORECAST_NOT_T60_ISSUANCE,82.0,46
2024_16_CLE_CIN,2024,16,3.0,2024-12-22T18:00,423fbe79bddaf3838293c8fd8144fecbadc33ee6b080e4e1e8c8af22e227090d,STITCHED_FORECAST_NOT_T60_ISSUANCE,30.0,46.5
2024_17_DEN_CIN,2024,17,4.4,2024-12-28T21:00,423fbe79bddaf3838293c8fd8144fecbadc33ee6b080e4e1e8c8af22e227090d,STITCHED_FORECAST_NOT_T60_ISSUANCE,54.0,50.5
2025_02_JAX_CIN,2025,2,3.7,2025-09-14T17:00,423fbe79bddaf3838293c8fd8144fecbadc33ee6b080e4e1e8c8af22e227090d,STITCHED_FORECAST_NOT_T60_ISSUANCE,58.0,49.5
2025_05_DET_CIN,2025,5,5.0,2025-10-05T20:00,423fbe79bddaf3838293c8fd8144fecbadc33ee6b080e4e1e8c8af22e227090d,STITCHED_FORECAST_NOT_T60_ISSUANCE,61.0,49.5
2025_07_PIT_CIN,2025,7,4.2,2025-10-17T00:00,423fbe79bddaf3838293c8fd8144fecbadc33ee6b080e4e1e8c8af22e227090d,STITCHED_FORECAST_NOT_T60_ISSUANCE,64.0,45.5
2025_08_NYJ_CIN,2025,8,8.1,2025-10-26T17:00,423fbe79bddaf3838293c8fd8144fecbadc33ee6b080e4e1e8c8af22e227090d,STITCHED_FORECAST_NOT_T60_ISSUANCE,77.0,43.5
2025_09_CHI_CIN,2025,9,2.4,2025-11-02T18:00,423fbe79bddaf3838293c8fd8144fecbadc33ee6b080e4e1e8c8af22e227090d,STITCHED_FORECAST_NOT_T60_ISSUANCE,89.0,51.5
2025_12_NE_CIN,2025,12,5.0,2025-11-23T18:00,423fbe79bddaf3838293c8fd8144fecbadc33ee6b080e4e1e8c8af22e227090d,STITCHED_FORECAST_NOT_T60_ISSUANCE,46.0,50.5
2025_15_BAL_CIN,2025,15,8.7,2025-12-14T18:00,423fbe79bddaf3838293c8fd8144fecbadc33ee6b080e4e1e8c8af22e227090d,STITCHED_FORECAST_NOT_T60_ISSUANCE,24.0,51.5
2025_17_ARI_CIN,2025,17,12.2,2025-12-28T18:00,423fbe79bddaf3838293c8fd8144fecbadc33ee6b080e4e1e8c8af22e227090d,STITCHED_FORECAST_NOT_T60_ISSUANCE,51.0,52.5
2025_18_CLE_CIN,2025,18,1.4,2026-01-04T18:00,423fbe79bddaf3838293c8fd8144fecbadc33ee6b080e4e1e8c8af22e227090d,STITCHED_FORECAST_NOT_T60_ISSUANCE,38.0,47.5
2022_02_NYJ_CLE,2022,2,12.0,2022-09-18T17:00,ae9a7b8d741fce05f10606882dc04475043da1c0c2a0d52db9c8c3f5fff5c179,STITCHED_FORECAST_NOT_T60_ISSUANCE,61.0,38.5
2022_03_PIT_CLE,2022,3,18.7,2022-09-23T00:00,ae9a7b8d741fce05f10606882dc04475043da1c0c2a0d52db9c8c3f5fff5c179,STITCHED_FORECAST_NOT_T60_ISSUANCE,46.0,38
2022_05_LAC_CLE,2022,5,14.8,2022-10-09T17:00,ae9a7b8d741fce05f10606882dc04475043da1c0c2a0d52db9c8c3f5fff5c179,STITCHED_FORECAST_NOT_T60_ISSUANCE,58.0,47
2022_06_NE_CLE,2022,6,10.9,2022-10-16T17:00,ae9a7b8d741fce05f10606882dc04475043da1c0c2a0d52db9c8c3f5fff5c179,STITCHED_FORECAST_NOT_T60_ISSUANCE,53.0,43
2022_08_CIN_CLE,2022,8,5.0,2022-11-01T00:00,ae9a7b8d741fce05f10606882dc04475043da1c0c2a0d52db9c8c3f5fff5c179,STITCHED_FORECAST_NOT_T60_ISSUANCE,45.0,45
2022_12_TB_CLE,2022,12,14.1,2022-11-27T18:00,ae9a7b8d741fce05f10606882dc04475043da1c0c2a0d52db9c8c3f5fff5c179,STITCHED_FORECAST_NOT_T60_ISSUANCE,40.0,42
2022_15_BAL_CLE,2022,15,12.2,2022-12-17T21:00,ae9a7b8d741fce05f10606882dc04475043da1c0c2a0d52db9c8c3f5fff5c179,STITCHED_FORECAST_NOT_T60_ISSUANCE,16.0,39.5
2022_16_NO_CLE,2022,16,24.0,2022-12-24T18:00,ae9a7b8d741fce05f10606882dc04475043da1c0c2a0d52db9c8c3f5fff5c179,STITCHED_FORECAST_NOT_T60_ISSUANCE,27.0,32
2023_01_CIN_CLE,2023,1,9.3,2023-09-10T17:00,ae9a7b8d741fce05f10606882dc04475043da1c0c2a0d52db9c8c3f5fff5c179,STITCHED_FORECAST_NOT_T60_ISSUANCE,27.0,46.5
2023_03_TEN_CLE,2023,3,7.9,2023-09-24T17:00,ae9a7b8d741fce05f10606882dc04475043da1c0c2a0d52db9c8c3f5fff5c179,STITCHED_FORECAST_NOT_T60_ISSUANCE,30.0,38
2023_04_BAL_CLE,2023,4,5.4,2023-10-01T17:00,ae9a7b8d741fce05f10606882dc04475043da1c0c2a0d52db9c8c3f5fff5c179,STITCHED_FORECAST_NOT_T60_ISSUANCE,31.0,38.5
2023_06_SF_CLE,2023,6,16.8,2023-10-15T17:00,ae9a7b8d741fce05f10606882dc04475043da1c0c2a0d52db9c8c3f5fff5c179,STITCHED_FORECAST_NOT_T60_ISSUANCE,36.0,36
2023_09_ARI_CLE,2023,9,5.8,2023-11-05T18:00,ae9a7b8d741fce05f10606882dc04475043da1c0c2a0d52db9c8c3f5fff5c179,STITCHED_FORECAST_NOT_T60_ISSUANCE,27.0,38
2023_11_PIT_CLE,2023,11,8.9,2023-11-19T18:00,ae9a7b8d741fce05f10606882dc04475043da1c0c2a0d52db9c8c3f5fff5c179,STITCHED_FORECAST_NOT_T60_ISSUANCE,23.0,34
2023_14_JAX_CLE,2023,14,11.4,2023-12-10T18:00,ae9a7b8d741fce05f10606882dc04475043da1c0c2a0d52db9c8c3f5fff5c179,STITCHED_FORECAST_NOT_T60_ISSUANCE,58.0,37.5
2023_15_CHI_CLE,2023,15,15.0,2023-12-17T18:00,ae9a7b8d741fce05f10606882dc04475043da1c0c2a0d52db9c8c3f5fff5c179,STITCHED_FORECAST_NOT_T60_ISSUANCE,37.0,38
2023_17_NYJ_CLE,2023,17,6.3,2023-12-29T01:00,ae9a7b8d741fce05f10606882dc04475043da1c0c2a0d52db9c8c3f5fff5c179,STITCHED_FORECAST_NOT_T60_ISSUANCE,57.0,33.5
2024_01_DAL_CLE,2024,1,12.6,2024-09-08T20:00,ae9a7b8d741fce05f10606882dc04475043da1c0c2a0d52db9c8c3f5fff5c179,STITCHED_FORECAST_NOT_T60_ISSUANCE,50.0,42
2024_03_NYG_CLE,2024,3,1.2,2024-09-22T17:00,ae9a7b8d741fce05f10606882dc04475043da1c0c2a0d52db9c8c3f5fff5c179,STITCHED_FORECAST_NOT_T60_ISSUANCE,36.0,38
2024_07_CIN_CLE,2024,7,6.9,2024-10-20T17:00,ae9a7b8d741fce05f10606882dc04475043da1c0c2a0d52db9c8c3f5fff5c179,STITCHED_FORECAST_NOT_T60_ISSUANCE,35.0,42
2024_08_BAL_CLE,2024,8,2.5,2024-10-27T17:00,ae9a7b8d741fce05f10606882dc04475043da1c0c2a0d52db9c8c3f5fff5c179,STITCHED_FORECAST_NOT_T60_ISSUANCE,53.0,44.5
2024_09_LAC_CLE,2024,9,9.3,2024-11-03T18:00,ae9a7b8d741fce05f10606882dc04475043da1c0c2a0d52db9c8c3f5fff5c179,STITCHED_FORECAST_NOT_T60_ISSUANCE,37.0,42.5
2024_12_PIT_CLE,2024,12,12.5,2024-11-22T01:00,ae9a7b8d741fce05f10606882dc04475043da1c0c2a0d52db9c8c3f5fff5c179,STITCHED_FORECAST_NOT_T60_ISSUANCE,43.0,36.5
2024_15_KC_CLE,2024,15,16.9,2024-12-15T18:00,ae9a7b8d741fce05f10606882dc04475043da1c0c2a0d52db9c8c3f5fff5c179,STITCHED_FORECAST_NOT_T60_ISSUANCE,28.0,41.5
2024_17_MIA_CLE,2024,17,16.0,2024-12-29T21:00,ae9a7b8d741fce05f10606882dc04475043da1c0c2a0d52db9c8c3f5fff5c179,STITCHED_FORECAST_NOT_T60_ISSUANCE,23.0,32.5
2025_01_CIN_CLE,2025,1,8.9,2025-09-07T17:00,ae9a7b8d741fce05f10606882dc04475043da1c0c2a0d52db9c8c3f5fff5c179,STITCHED_FORECAST_NOT_T60_ISSUANCE,33.0,47.5
2025_03_GB_CLE,2025,3,9.0,2025-09-21T17:00,ae9a7b8d741fce05f10606882dc04475043da1c0c2a0d52db9c8c3f5fff5c179,STITCHED_FORECAST_NOT_T60_ISSUANCE,23.0,41.5
2025_05_MIN_CLE,2025,5,7.0,2025-10-05T13:00,ae9a7b8d741fce05f10606882dc04475043da1c0c2a0d52db9c8c3f5fff5c179,STITCHED_FORECAST_NOT_T60_ISSUANCE,38.0,35.5
2025_07_MIA_CLE,2025,7,17.0,2025-10-19T17:00,ae9a7b8d741fce05f10606882dc04475043da1c0c2a0d52db9c8c3f5fff5c179,STITCHED_FORECAST_NOT_T60_ISSUANCE,37.0,34.5
2025_11_BAL_CLE,2025,11,19.0,2025-11-16T21:00,ae9a7b8d741fce05f10606882dc04475043da1c0c2a0d52db9c8c3f5fff5c179,STITCHED_FORECAST_NOT_T60_ISSUANCE,39.0,37.5
2025_13_SF_CLE,2025,13,23.3,2025-11-30T18:00,ae9a7b8d741fce05f10606882dc04475043da1c0c2a0d52db9c8c3f5fff5c179,STITCHED_FORECAST_NOT_T60_ISSUANCE,34.0,35.5
2025_14_TEN_CLE,2025,14,9.0,2025-12-07T18:00,ae9a7b8d741fce05f10606882dc04475043da1c0c2a0d52db9c8c3f5fff5c179,STITCHED_FORECAST_NOT_T60_ISSUANCE,60.0,33.5
2025_16_BUF_CLE,2025,16,14.0,2025-12-21T18:00,ae9a7b8d741fce05f10606882dc04475043da1c0c2a0d52db9c8c3f5fff5c179,STITCHED_FORECAST_NOT_T60_ISSUANCE,43.0,41.5
2025_17_PIT_CLE,2025,17,11.0,2025-12-28T18:00,ae9a7b8d741fce05f10606882dc04475043da1c0c2a0d52db9c8c3f5fff5c179,STITCHED_FORECAST_NOT_T60_ISSUANCE,19.0,35.5
2022_08_CHI_DAL,2022,8,7.8,2022-10-30T17:00,80038672ce65f444bcaf49e1d3b779c96289f720a79abbd3122c40aa4a724caf,STITCHED_FORECAST_NOT_T60_ISSUANCE,78.0,43
2023_02_NYJ_DAL,2023,2,6.3,2023-09-17T20:00,80038672ce65f444bcaf49e1d3b779c96289f720a79abbd3122c40aa4a724caf,STITCHED_FORECAST_NOT_T60_ISSUANCE,40.0,38.5
2022_02_HOU_DEN,2022,2,8.3,2022-09-18T20:00,2d2e52d4b45bc18120ccadc7fcd502e3aa9b4614e597ab8e69cc8244c8c5d22a,STITCHED_FORECAST_NOT_T60_ISSUANCE,25.0,46
2022_03_SF_DEN,2022,3,8.9,2022-09-26T00:00,2d2e52d4b45bc18120ccadc7fcd502e3aa9b4614e597ab8e69cc8244c8c5d22a,STITCHED_FORECAST_NOT_T60_ISSUANCE,21.0,44
2022_05_IND_DEN,2022,5,9.1,2022-10-07T00:00,2d2e52d4b45bc18120ccadc7fcd502e3aa9b4614e597ab8e69cc8244c8c5d22a,STITCHED_FORECAST_NOT_T60_ISSUANCE,21.0,42
2022_07_NYJ_DEN,2022,7,11.2,2022-10-23T20:00,2d2e52d4b45bc18120ccadc7fcd502e3aa9b4614e597ab8e69cc8244c8c5d22a,STITCHED_FORECAST_NOT_T60_ISSUANCE,25.0,37
2022_11_LV_DEN,2022,11,3.5,2022-11-20T21:00,2d2e52d4b45bc18120ccadc7fcd502e3aa9b4614e597ab8e69cc8244c8c5d22a,STITCHED_FORECAST_NOT_T60_ISSUANCE,38.0,41.5
2022_14_KC_DEN,2022,14,10.5,2022-12-11T21:00,2d2e52d4b45bc18120ccadc7fcd502e3aa9b4614e597ab8e69cc8244c8c5d22a,STITCHED_FORECAST_NOT_T60_ISSUANCE,62.0,44.5
2022_15_ARI_DEN,2022,15,0.7,2022-12-18T21:00,2d2e52d4b45bc18120ccadc7fcd502e3aa9b4614e597ab8e69cc8244c8c5d22a,STITCHED_FORECAST_NOT_T60_ISSUANCE,39.0,37.5
2022_18_LAC_DEN,2022,18,1.1,2023-01-08T21:00,2d2e52d4b45bc18120ccadc7fcd502e3aa9b4614e597ab8e69cc8244c8c5d22a,STITCHED_FORECAST_NOT_T60_ISSUANCE,59.0,38.5
2023_01_LV_DEN,2023,1,10.1,2023-09-10T20:00,2d2e52d4b45bc18120ccadc7fcd502e3aa9b4614e597ab8e69cc8244c8c5d22a,STITCHED_FORECAST_NOT_T60_ISSUANCE,33.0,43
2023_02_WAS_DEN,2023,2,4.8,2023-09-17T20:00,2d2e52d4b45bc18120ccadc7fcd502e3aa9b4614e597ab8e69cc8244c8c5d22a,STITCHED_FORECAST_NOT_T60_ISSUANCE,68.0,38.5
2023_05_NYJ_DEN,2023,5,5.7,2023-10-08T20:00,2d2e52d4b45bc18120ccadc7fcd502e3aa9b4614e597ab8e69cc8244c8c5d22a,STITCHED_FORECAST_NOT_T60_ISSUANCE,52.0,42.5
2023_07_GB_DEN,2023,7,5.9,2023-10-22T20:00,2d2e52d4b45bc18120ccadc7fcd502e3aa9b4614e597ab8e69cc8244c8c5d22a,STITCHED_FORECAST_NOT_T60_ISSUANCE,36.0,44
2023_08_KC_DEN,2023,8,4.5,2023-10-29T20:00,2d2e52d4b45bc18120ccadc7fcd502e3aa9b4614e597ab8e69cc8244c8c5d22a,STITCHED_FORECAST_NOT_T60_ISSUANCE,33.0,45.5
2023_11_MIN_DEN,2023,11,10.1,2023-11-20T01:00,2d2e52d4b45bc18120ccadc7fcd502e3aa9b4614e597ab8e69cc8244c8c5d22a,STITCHED_FORECAST_NOT_T60_ISSUANCE,41.0,43.5
2023_12_CLE_DEN,2023,12,1.2,2023-11-26T21:00,2d2e52d4b45bc18120ccadc7fcd502e3aa9b4614e597ab8e69cc8244c8c5d22a,STITCHED_FORECAST_NOT_T60_ISSUANCE,41.0,37.5
2023_16_NE_DEN,2023,16,8.4,2023-12-25T01:00,2d2e52d4b45bc18120ccadc7fcd502e3aa9b4614e597ab8e69cc8244c8c5d22a,STITCHED_FORECAST_NOT_T60_ISSUANCE,49.0,37.5
2023_17_LAC_DEN,2023,17,4.2,2023-12-31T21:00,2d2e52d4b45bc18120ccadc7fcd502e3aa9b4614e597ab8e69cc8244c8c5d22a,STITCHED_FORECAST_NOT_T60_ISSUANCE,25.0,39.5
2024_02_PIT_DEN,2024,2,4.2,2024-09-15T20:00,2d2e52d4b45bc18120ccadc7fcd502e3aa9b4614e597ab8e69cc8244c8c5d22a,STITCHED_FORECAST_NOT_T60_ISSUANCE,19.0,36.5
2024_05_LV_DEN,2024,5,6.7,2024-10-06T20:00,2d2e52d4b45bc18120ccadc7fcd502e3aa9b4614e597ab8e69cc8244c8c5d22a,STITCHED_FORECAST_NOT_T60_ISSUANCE,52.0,36
2024_06_LAC_DEN,2024,6,4.9,2024-10-13T20:00,2d2e52d4b45bc18120ccadc7fcd502e3aa9b4614e597ab8e69cc8244c8c5d22a,STITCHED_FORECAST_NOT_T60_ISSUANCE,39.0,37
2024_08_CAR_DEN,2024,8,2.0,2024-10-27T20:00,2d2e52d4b45bc18120ccadc7fcd502e3aa9b4614e597ab8e69cc8244c8c5d22a,STITCHED_FORECAST_NOT_T60_ISSUANCE,42.0,40.5
2024_11_ATL_DEN,2024,11,3.4,2024-11-17T21:00,2d2e52d4b45bc18120ccadc7fcd502e3aa9b4614e597ab8e69cc8244c8c5d22a,STITCHED_FORECAST_NOT_T60_ISSUANCE,44.0,44.5
2024_13_CLE_DEN,2024,13,2.0,2024-12-03T01:00,2d2e52d4b45bc18120ccadc7fcd502e3aa9b4614e597ab8e69cc8244c8c5d22a,STITCHED_FORECAST_NOT_T60_ISSUANCE,73.0,41.5
2024_15_IND_DEN,2024,15,8.6,2024-12-15T21:00,2d2e52d4b45bc18120ccadc7fcd502e3aa9b4614e597ab8e69cc8244c8c5d22a,STITCHED_FORECAST_NOT_T60_ISSUANCE,44.0,43.5
2024_18_KC_DEN,2024,18,4.7,2025-01-05T21:00,2d2e52d4b45bc18120ccadc7fcd502e3aa9b4614e597ab8e69cc8244c8c5d22a,STITCHED_FORECAST_NOT_T60_ISSUANCE,38.0,40.5
2025_01_TEN_DEN,2025,1,5.4,2025-09-07T20:00,2d2e52d4b45bc18120ccadc7fcd502e3aa9b4614e597ab8e69cc8244c8c5d22a,STITCHED_FORECAST_NOT_T60_ISSUANCE,32.0,42.5
2025_04_CIN_DEN,2025,4,13.5,2025-09-30T00:00,2d2e52d4b45bc18120ccadc7fcd502e3aa9b4614e597ab8e69cc8244c8c5d22a,STITCHED_FORECAST_NOT_T60_ISSUANCE,31.0,44.5
2025_07_NYG_DEN,2025,7,2.5,2025-10-19T20:00,2d2e52d4b45bc18120ccadc7fcd502e3aa9b4614e597ab8e69cc8244c8c5d22a,STITCHED_FORECAST_NOT_T60_ISSUANCE,65.0,39.5
2025_08_DAL_DEN,2025,8,4.0,2025-10-26T20:00,2d2e52d4b45bc18120ccadc7fcd502e3aa9b4614e597ab8e69cc8244c8c5d22a,STITCHED_FORECAST_NOT_T60_ISSUANCE,68.0,51.5
2025_10_LV_DEN,2025,10,5.2,2025-11-07T01:00,2d2e52d4b45bc18120ccadc7fcd502e3aa9b4614e597ab8e69cc8244c8c5d22a,STITCHED_FORECAST_NOT_T60_ISSUANCE,17.0,42.5
2025_11_KC_DEN,2025,11,7.8,2025-11-16T21:00,2d2e52d4b45bc18120ccadc7fcd502e3aa9b4614e597ab8e69cc8244c8c5d22a,STITCHED_FORECAST_NOT_T60_ISSUANCE,41.0,44.5
2025_15_GB_DEN,2025,15,1.6,2025-12-14T21:00,2d2e52d4b45bc18120ccadc7fcd502e3aa9b4614e597ab8e69cc8244c8c5d22a,STITCHED_FORECAST_NOT_T60_ISSUANCE,60.0,42.5
2025_16_JAX_DEN,2025,16,2.6,2025-12-21T21:00,2d2e52d4b45bc18120ccadc7fcd502e3aa9b4614e597ab8e69cc8244c8c5d22a,STITCHED_FORECAST_NOT_T60_ISSUANCE,54.0,46.5
2025_18_LAC_DEN,2025,18,6.0,2026-01-04T21:00,2d2e52d4b45bc18120ccadc7fcd502e3aa9b4614e597ab8e69cc8244c8c5d22a,STITCHED_FORECAST_NOT_T60_ISSUANCE,22.0,37.5
2023_09_MIA_KC,2023,9,16.3,2023-11-05T14:00,39ebf1acf7900bf0be4609b9d0ae03d2d8c420d8fbd2f74a164d59fce9a37348,STITCHED_FORECAST_NOT_T60_ISSUANCE,35.0,51
2023_10_IND_NE,2023,10,3.0,2023-11-12T14:00,39ebf1acf7900bf0be4609b9d0ae03d2d8c420d8fbd2f74a164d59fce9a37348,STITCHED_FORECAST_NOT_T60_ISSUANCE,16.0,42
2022_10_SEA_TB,2022,10,7.2,2022-11-13T14:00,8f9d0c97110079361bccb5fa42fcec00e07b52974e60fbaf9d3dae0ea596fbed,STITCHED_FORECAST_NOT_T60_ISSUANCE,37.0,45
2024_10_NYG_CAR,2024,10,2.5,2024-11-10T14:00,8f9d0c97110079361bccb5fa42fcec00e07b52974e60fbaf9d3dae0ea596fbed,STITCHED_FORECAST_NOT_T60_ISSUANCE,37.0,40.5
2022_02_CHI_GB,2022,2,8.3,2022-09-19T00:00,14c29ba61c79ac892ab162facebd066df56c7ed4ea0d5f8d31260b6bf633c76f,STITCHED_FORECAST_NOT_T60_ISSUANCE,37.0,42
2022_04_NE_GB,2022,4,8.0,2022-10-02T20:00,14c29ba61c79ac892ab162facebd066df56c7ed4ea0d5f8d31260b6bf633c76f,STITCHED_FORECAST_NOT_T60_ISSUANCE,51.0,40.5
2022_06_NYJ_GB,2022,6,12.7,2022-10-16T17:00,14c29ba61c79ac892ab162facebd066df56c7ed4ea0d5f8d31260b6bf633c76f,STITCHED_FORECAST_NOT_T60_ISSUANCE,37.0,44.5
2022_10_DAL_GB,2022,10,7.3,2022-11-13T21:00,14c29ba61c79ac892ab162facebd066df56c7ed4ea0d5f8d31260b6bf633c76f,STITCHED_FORECAST_NOT_T60_ISSUANCE,59.0,44.5
2022_11_TEN_GB,2022,11,10.1,2022-11-18T01:00,14c29ba61c79ac892ab162facebd066df56c7ed4ea0d5f8d31260b6bf633c76f,STITCHED_FORECAST_NOT_T60_ISSUANCE,44.0,40.5
2022_15_LA_GB,2022,15,4.8,2022-12-20T01:00,14c29ba61c79ac892ab162facebd066df56c7ed4ea0d5f8d31260b6bf633c76f,STITCHED_FORECAST_NOT_T60_ISSUANCE,36.0,39.5
2022_17_MIN_GB,2022,17,10.9,2023-01-01T21:00,14c29ba61c79ac892ab162facebd066df56c7ed4ea0d5f8d31260b6bf633c76f,STITCHED_FORECAST_NOT_T60_ISSUANCE,58.0,47.5
2022_18_DET_GB,2022,18,8.5,2023-01-09T01:00,14c29ba61c79ac892ab162facebd066df56c7ed4ea0d5f8d31260b6bf633c76f,STITCHED_FORECAST_NOT_T60_ISSUANCE,36.0,49
2023_03_NO_GB,2023,3,13.2,2023-09-24T17:00,14c29ba61c79ac892ab162facebd066df56c7ed4ea0d5f8d31260b6bf633c76f,STITCHED_FORECAST_NOT_T60_ISSUANCE,35.0,41.5
2023_04_DET_GB,2023,4,8.3,2023-09-29T00:00,14c29ba61c79ac892ab162facebd066df56c7ed4ea0d5f8d31260b6bf633c76f,STITCHED_FORECAST_NOT_T60_ISSUANCE,54.0,45
2023_08_MIN_GB,2023,8,7.1,2023-10-29T17:00,14c29ba61c79ac892ab162facebd066df56c7ed4ea0d5f8d31260b6bf633c76f,STITCHED_FORECAST_NOT_T60_ISSUANCE,34.0,41.5
2023_09_LA_GB,2023,9,6.2,2023-11-05T18:00,14c29ba61c79ac892ab162facebd066df56c7ed4ea0d5f8d31260b6bf633c76f,STITCHED_FORECAST_NOT_T60_ISSUANCE,23.0,38
2023_11_LAC_GB,2023,11,6.2,2023-11-19T18:00,14c29ba61c79ac892ab162facebd066df56c7ed4ea0d5f8d31260b6bf633c76f,STITCHED_FORECAST_NOT_T60_ISSUANCE,43.0,44
2023_13_KC_GB,2023,13,10.3,2023-12-04T01:00,14c29ba61c79ac892ab162facebd066df56c7ed4ea0d5f8d31260b6bf633c76f,STITCHED_FORECAST_NOT_T60_ISSUANCE,46.0,43.5
2023_15_TB_GB,2023,15,11.2,2023-12-17T18:00,14c29ba61c79ac892ab162facebd066df56c7ed4ea0d5f8d31260b6bf633c76f,STITCHED_FORECAST_NOT_T60_ISSUANCE,54.0,41.5
2023_18_CHI_GB,2023,18,8.9,2024-01-07T21:00,14c29ba61c79ac892ab162facebd066df56c7ed4ea0d5f8d31260b6bf633c76f,STITCHED_FORECAST_NOT_T60_ISSUANCE,26.0,45.5
2024_02_IND_GB,2024,2,8.4,2024-09-15T17:00,14c29ba61c79ac892ab162facebd066df56c7ed4ea0d5f8d31260b6bf633c76f,STITCHED_FORECAST_NOT_T60_ISSUANCE,26.0,41.5
2024_04_MIN_GB,2024,4,13.4,2024-09-29T17:00,14c29ba61c79ac892ab162facebd066df56c7ed4ea0d5f8d31260b6bf633c76f,STITCHED_FORECAST_NOT_T60_ISSUANCE,60.0,44
2024_06_ARI_GB,2024,6,12.1,2024-10-13T17:00,14c29ba61c79ac892ab162facebd066df56c7ed4ea0d5f8d31260b6bf633c76f,STITCHED_FORECAST_NOT_T60_ISSUANCE,47.0,47
2024_07_HOU_GB,2024,7,15.0,2024-10-20T17:00,14c29ba61c79ac892ab162facebd066df56c7ed4ea0d5f8d31260b6bf633c76f,STITCHED_FORECAST_NOT_T60_ISSUANCE,46.0,48
2024_09_DET_GB,2024,9,17.7,2024-11-03T21:00,14c29ba61c79ac892ab162facebd066df56c7ed4ea0d5f8d31260b6bf633c76f,STITCHED_FORECAST_NOT_T60_ISSUANCE,38.0,47.5
2024_12_SF_GB,2024,12,10.7,2024-11-24T21:00,14c29ba61c79ac892ab162facebd066df56c7ed4ea0d5f8d31260b6bf633c76f,STITCHED_FORECAST_NOT_T60_ISSUANCE,48.0,44.5
2024_13_MIA_GB,2024,13,13.4,2024-11-29T01:00,14c29ba61c79ac892ab162facebd066df56c7ed4ea0d5f8d31260b6bf633c76f,STITCHED_FORECAST_NOT_T60_ISSUANCE,47.0,47.5
2024_16_NO_GB,2024,16,6.1,2024-12-24T01:00,14c29ba61c79ac892ab162facebd066df56c7ed4ea0d5f8d31260b6bf633c76f,STITCHED_FORECAST_NOT_T60_ISSUANCE,34.0,44
2024_18_CHI_GB,2024,18,9.1,2025-01-05T18:00,14c29ba61c79ac892ab162facebd066df56c7ed4ea0d5f8d31260b6bf633c76f,STITCHED_FORECAST_NOT_T60_ISSUANCE,46.0,41.5
2025_01_DET_GB,2025,1,3.7,2025-09-07T20:00,14c29ba61c79ac892ab162facebd066df56c7ed4ea0d5f8d31260b6bf633c76f,STITCHED_FORECAST_NOT_T60_ISSUANCE,40.0,48.5
2025_02_WAS_GB,2025,2,6.7,2025-09-12T00:00,14c29ba61c79ac892ab162facebd066df56c7ed4ea0d5f8d31260b6bf633c76f,STITCHED_FORECAST_NOT_T60_ISSUANCE,45.0,48.5
2025_06_CIN_GB,2025,6,16.3,2025-10-12T20:00,14c29ba61c79ac892ab162facebd066df56c7ed4ea0d5f8d31260b6bf633c76f,STITCHED_FORECAST_NOT_T60_ISSUANCE,45.0,44.5
2025_09_CAR_GB,2025,9,17.9,2025-11-02T18:00,14c29ba61c79ac892ab162facebd066df56c7ed4ea0d5f8d31260b6bf633c76f,STITCHED_FORECAST_NOT_T60_ISSUANCE,29.0,43.5
2025_10_PHI_GB,2025,10,7.6,2025-11-11T01:00,14c29ba61c79ac892ab162facebd066df56c7ed4ea0d5f8d31260b6bf633c76f,STITCHED_FORECAST_NOT_T60_ISSUANCE,17.0,45.5
2025_12_MIN_GB,2025,12,12.1,2025-11-23T18:00,14c29ba61c79ac892ab162facebd066df56c7ed4ea0d5f8d31260b6bf633c76f,STITCHED_FORECAST_NOT_T60_ISSUANCE,29.0,41.5
2025_14_CHI_GB,2025,14,4.0,2025-12-07T21:00,14c29ba61c79ac892ab162facebd066df56c7ed4ea0d5f8d31260b6bf633c76f,STITCHED_FORECAST_NOT_T60_ISSUANCE,49.0,44.5
2025_17_BAL_GB,2025,17,14.0,2025-12-28T01:00,14c29ba61c79ac892ab162facebd066df56c7ed4ea0d5f8d31260b6bf633c76f,STITCHED_FORECAST_NOT_T60_ISSUANCE,65.0,38.5
2023_02_IND_HOU,2023,2,7.3,2023-09-17T17:00,51c97adfd1da7cfd1812a091e7d72f8618b21b156ff17669d67a7efa23adf763,STITCHED_FORECAST_NOT_T60_ISSUANCE,51.0,40
2023_04_PIT_HOU,2023,4,11.9,2023-10-01T17:00,51c97adfd1da7cfd1812a091e7d72f8618b21b156ff17669d67a7efa23adf763,STITCHED_FORECAST_NOT_T60_ISSUANCE,36.0,41.5
2022_03_KC_IND,2022,3,12.7,2022-09-25T17:00,5cfaa62074adeaa969f90c36d233a46a7bfee50b711abb5b314abdeb4a0e2440,STITCHED_FORECAST_NOT_T60_ISSUANCE,37.0,51
2022_04_TEN_IND,2022,4,11.4,2022-10-02T17:00,5cfaa62074adeaa969f90c36d233a46a7bfee50b711abb5b314abdeb4a0e2440,STITCHED_FORECAST_NOT_T60_ISSUANCE,41.0,43
2022_06_JAX_IND,2022,6,9.7,2022-10-16T17:00,5cfaa62074adeaa969f90c36d233a46a7bfee50b711abb5b314abdeb4a0e2440,STITCHED_FORECAST_NOT_T60_ISSUANCE,61.0,41
2023_04_LA_IND,2023,4,4.1,2023-10-01T17:00,5cfaa62074adeaa969f90c36d233a46a7bfee50b711abb5b314abdeb4a0e2440,STITCHED_FORECAST_NOT_T60_ISSUANCE,52.0,44.5
2023_05_TEN_IND,2023,5,11.9,2023-10-08T17:00,5cfaa62074adeaa969f90c36d233a46a7bfee50b711abb5b314abdeb4a0e2440,STITCHED_FORECAST_NOT_T60_ISSUANCE,39.0,43.5
2023_07_CLE_IND,2023,7,6.7,2023-10-22T17:00,5cfaa62074adeaa969f90c36d233a46a7bfee50b711abb5b314abdeb4a0e2440,STITCHED_FORECAST_NOT_T60_ISSUANCE,77.0,40
2022_02_IND_JAX,2022,2,10.1,2022-09-18T17:00,e8227e1d5f466be7f25e3a1b8e01445d4bc9bdd1e5ef51da3dbabfc115608a83,STITCHED_FORECAST_NOT_T60_ISSUANCE,24.0,43.5
2022_05_HOU_JAX,2022,5,6.1,2022-10-09T17:00,e8227e1d5f466be7f25e3a1b8e01445d4bc9bdd1e5ef51da3dbabfc115608a83,STITCHED_FORECAST_NOT_T60_ISSUANCE,19.0,44
2022_07_NYG_JAX,2022,7,4.2,2022-10-23T17:00,e8227e1d5f466be7f25e3a1b8e01445d4bc9bdd1e5ef51da3dbabfc115608a83,STITCHED_FORECAST_NOT_T60_ISSUANCE,40.0,44
2022_09_LV_JAX,2022,9,11.6,2022-11-06T18:00,e8227e1d5f466be7f25e3a1b8e01445d4bc9bdd1e5ef51da3dbabfc115608a83,STITCHED_FORECAST_NOT_T60_ISSUANCE,47.0,47.5
2022_12_BAL_JAX,2022,12,16.2,2022-11-27T18:00,e8227e1d5f466be7f25e3a1b8e01445d4bc9bdd1e5ef51da3dbabfc115608a83,STITCHED_FORECAST_NOT_T60_ISSUANCE,55.0,43
2022_15_DAL_JAX,2022,15,8.1,2022-12-18T18:00,e8227e1d5f466be7f25e3a1b8e01445d4bc9bdd1e5ef51da3dbabfc115608a83,STITCHED_FORECAST_NOT_T60_ISSUANCE,74.0,48.5
2022_18_TEN_JAX,2022,18,4.0,2023-01-08T01:00,e8227e1d5f466be7f25e3a1b8e01445d4bc9bdd1e5ef51da3dbabfc115608a83,STITCHED_FORECAST_NOT_T60_ISSUANCE,36.0,39.5
2023_02_KC_JAX,2023,2,6.8,2023-09-17T17:00,e8227e1d5f466be7f25e3a1b8e01445d4bc9bdd1e5ef51da3dbabfc115608a83,STITCHED_FORECAST_NOT_T60_ISSUANCE,26.0,50.5
2023_03_HOU_JAX,2023,3,5.5,2023-09-24T17:00,e8227e1d5f466be7f25e3a1b8e01445d4bc9bdd1e5ef51da3dbabfc115608a83,STITCHED_FORECAST_NOT_T60_ISSUANCE,54.0,43.5
2023_06_IND_JAX,2023,6,10.8,2023-10-15T17:00,e8227e1d5f466be7f25e3a1b8e01445d4bc9bdd1e5ef51da3dbabfc115608a83,STITCHED_FORECAST_NOT_T60_ISSUANCE,57.0,44
2023_10_SF_JAX,2023,10,8.1,2023-11-12T18:00,e8227e1d5f466be7f25e3a1b8e01445d4bc9bdd1e5ef51da3dbabfc115608a83,STITCHED_FORECAST_NOT_T60_ISSUANCE,37.0,44.5
2023_11_TEN_JAX,2023,11,4.0,2023-11-19T18:00,e8227e1d5f466be7f25e3a1b8e01445d4bc9bdd1e5ef51da3dbabfc115608a83,STITCHED_FORECAST_NOT_T60_ISSUANCE,48.0,40
2023_13_CIN_JAX,2023,13,5.0,2023-12-05T01:00,e8227e1d5f466be7f25e3a1b8e01445d4bc9bdd1e5ef51da3dbabfc115608a83,STITCHED_FORECAST_NOT_T60_ISSUANCE,65.0,41
2023_15_BAL_JAX,2023,15,14.0,2023-12-18T01:00,e8227e1d5f466be7f25e3a1b8e01445d4bc9bdd1e5ef51da3dbabfc115608a83,STITCHED_FORECAST_NOT_T60_ISSUANCE,30.0,42.5
2023_17_CAR_JAX,2023,17,7.2,2023-12-31T18:00,e8227e1d5f466be7f25e3a1b8e01445d4bc9bdd1e5ef51da3dbabfc115608a83,STITCHED_FORECAST_NOT_T60_ISSUANCE,26.0,38
2024_02_CLE_JAX,2024,2,10.8,2024-09-15T17:00,e8227e1d5f466be7f25e3a1b8e01445d4bc9bdd1e5ef51da3dbabfc115608a83,STITCHED_FORECAST_NOT_T60_ISSUANCE,31.0,41.5
2024_05_IND_JAX,2024,5,3.3,2024-10-06T17:00,e8227e1d5f466be7f25e3a1b8e01445d4bc9bdd1e5ef51da3dbabfc115608a83,STITCHED_FORECAST_NOT_T60_ISSUANCE,71.0,45
2024_08_GB_JAX,2024,8,1.7,2024-10-27T17:00,e8227e1d5f466be7f25e3a1b8e01445d4bc9bdd1e5ef51da3dbabfc115608a83,STITCHED_FORECAST_NOT_T60_ISSUANCE,57.0,49
2024_10_MIN_JAX,2024,10,13.0,2024-11-10T18:00,e8227e1d5f466be7f25e3a1b8e01445d4bc9bdd1e5ef51da3dbabfc115608a83,STITCHED_FORECAST_NOT_T60_ISSUANCE,19.0,42.5
2024_13_HOU_JAX,2024,13,4.9,2024-12-01T18:00,e8227e1d5f466be7f25e3a1b8e01445d4bc9bdd1e5ef51da3dbabfc115608a83,STITCHED_FORECAST_NOT_T60_ISSUANCE,43.0,44.5
2024_15_NYJ_JAX,2024,15,10.6,2024-12-15T18:00,e8227e1d5f466be7f25e3a1b8e01445d4bc9bdd1e5ef51da3dbabfc115608a83,STITCHED_FORECAST_NOT_T60_ISSUANCE,57.0,41.5
2024_17_TEN_JAX,2024,17,8.6,2024-12-29T18:00,e8227e1d5f466be7f25e3a1b8e01445d4bc9bdd1e5ef51da3dbabfc115608a83,STITCHED_FORECAST_NOT_T60_ISSUANCE,33.0,38
2025_01_CAR_JAX,2025,1,5.4,2025-09-07T17:00,e8227e1d5f466be7f25e3a1b8e01445d4bc9bdd1e5ef51da3dbabfc115608a83,STITCHED_FORECAST_NOT_T60_ISSUANCE,36.0,45.5
2025_03_HOU_JAX,2025,3,13.0,2025-09-21T17:00,e8227e1d5f466be7f25e3a1b8e01445d4bc9bdd1e5ef51da3dbabfc115608a83,STITCHED_FORECAST_NOT_T60_ISSUANCE,27.0,43.5
2025_05_KC_JAX,2025,5,10.5,2025-10-07T00:00,e8227e1d5f466be7f25e3a1b8e01445d4bc9bdd1e5ef51da3dbabfc115608a83,STITCHED_FORECAST_NOT_T60_ISSUANCE,59.0,45.5
2025_06_SEA_JAX,2025,6,8.2,2025-10-12T17:00,e8227e1d5f466be7f25e3a1b8e01445d4bc9bdd1e5ef51da3dbabfc115608a83,STITCHED_FORECAST_NOT_T60_ISSUANCE,32.0,47.5
2025_07_LA_JAX,2025,7,7.7,2025-10-19T13:00,e8227e1d5f466be7f25e3a1b8e01445d4bc9bdd1e5ef51da3dbabfc115608a83,STITCHED_FORECAST_NOT_T60_ISSUANCE,42.0,44.5
2025_11_LAC_JAX,2025,11,11.7,2025-11-16T18:00,e8227e1d5f466be7f25e3a1b8e01445d4bc9bdd1e5ef51da3dbabfc115608a83,STITCHED_FORECAST_NOT_T60_ISSUANCE,41.0,43.5
2025_14_IND_JAX,2025,14,5.0,2025-12-07T18:00,e8227e1d5f466be7f25e3a1b8e01445d4bc9bdd1e5ef51da3dbabfc115608a83,STITCHED_FORECAST_NOT_T60_ISSUANCE,55.0,44.5
2025_15_NYJ_JAX,2025,15,10.6,2025-12-14T18:00,e8227e1d5f466be7f25e3a1b8e01445d4bc9bdd1e5ef51da3dbabfc115608a83,STITCHED_FORECAST_NOT_T60_ISSUANCE,68.0,40.5
2025_18_TEN_JAX,2025,18,8.8,2026-01-04T18:00,e8227e1d5f466be7f25e3a1b8e01445d4bc9bdd1e5ef51da3dbabfc115608a83,STITCHED_FORECAST_NOT_T60_ISSUANCE,48.0,46.5
2022_02_LAC_KC,2022,2,9.6,2022-09-16T00:00,fe8c0cd6234bb8b40fb5ac559d8ba91067f5f5e12c7a09d81805121a4cd9491e,STITCHED_FORECAST_NOT_T60_ISSUANCE,51.0,52.5
2022_05_LV_KC,2022,5,3.3,2022-10-11T00:00,fe8c0cd6234bb8b40fb5ac559d8ba91067f5f5e12c7a09d81805121a4cd9491e,STITCHED_FORECAST_NOT_T60_ISSUANCE,59.0,51.5
2022_06_BUF_KC,2022,6,14.4,2022-10-16T20:00,fe8c0cd6234bb8b40fb5ac559d8ba91067f5f5e12c7a09d81805121a4cd9491e,STITCHED_FORECAST_NOT_T60_ISSUANCE,44.0,54
2022_09_TEN_KC,2022,9,7.4,2022-11-07T01:00,fe8c0cd6234bb8b40fb5ac559d8ba91067f5f5e12c7a09d81805121a4cd9491e,STITCHED_FORECAST_NOT_T60_ISSUANCE,37.0,45
2022_10_JAX_KC,2022,10,6.5,2022-11-13T18:00,fe8c0cd6234bb8b40fb5ac559d8ba91067f5f5e12c7a09d81805121a4cd9491e,STITCHED_FORECAST_NOT_T60_ISSUANCE,44.0,51.5
2022_12_LA_KC,2022,12,10.4,2022-11-27T21:00,fe8c0cd6234bb8b40fb5ac559d8ba91067f5f5e12c7a09d81805121a4cd9491e,STITCHED_FORECAST_NOT_T60_ISSUANCE,36.0,42
2022_16_SEA_KC,2022,16,12.7,2022-12-24T18:00,fe8c0cd6234bb8b40fb5ac559d8ba91067f5f5e12c7a09d81805121a4cd9491e,STITCHED_FORECAST_NOT_T60_ISSUANCE,34.0,50.5
2022_17_DEN_KC,2022,17,6.6,2023-01-01T18:00,fe8c0cd6234bb8b40fb5ac559d8ba91067f5f5e12c7a09d81805121a4cd9491e,STITCHED_FORECAST_NOT_T60_ISSUANCE,51.0,46
2023_01_DET_KC,2023,1,5.7,2023-09-08T00:00,fe8c0cd6234bb8b40fb5ac559d8ba91067f5f5e12c7a09d81805121a4cd9491e,STITCHED_FORECAST_NOT_T60_ISSUANCE,41.0,53
2023_03_CHI_KC,2023,3,7.9,2023-09-24T20:00,fe8c0cd6234bb8b40fb5ac559d8ba91067f5f5e12c7a09d81805121a4cd9491e,STITCHED_FORECAST_NOT_T60_ISSUANCE,51.0,48
2023_06_DEN_KC,2023,6,16.8,2023-10-13T00:00,fe8c0cd6234bb8b40fb5ac559d8ba91067f5f5e12c7a09d81805121a4cd9491e,STITCHED_FORECAST_NOT_T60_ISSUANCE,27.0,47.5
2023_07_LAC_KC,2023,7,12.0,2023-10-22T20:00,fe8c0cd6234bb8b40fb5ac559d8ba91067f5f5e12c7a09d81805121a4cd9491e,STITCHED_FORECAST_NOT_T60_ISSUANCE,48.0,48.5
2023_11_PHI_KC,2023,11,11.8,2023-11-21T01:00,fe8c0cd6234bb8b40fb5ac559d8ba91067f5f5e12c7a09d81805121a4cd9491e,STITCHED_FORECAST_NOT_T60_ISSUANCE,38.0,46
2023_14_BUF_KC,2023,14,7.6,2023-12-10T21:00,fe8c0cd6234bb8b40fb5ac559d8ba91067f5f5e12c7a09d81805121a4cd9491e,STITCHED_FORECAST_NOT_T60_ISSUANCE,37.0,49.5
2023_16_LV_KC,2023,16,13.4,2023-12-25T18:00,fe8c0cd6234bb8b40fb5ac559d8ba91067f5f5e12c7a09d81805121a4cd9491e,STITCHED_FORECAST_NOT_T60_ISSUANCE,34.0,40.5
2023_17_CIN_KC,2023,17,11.1,2023-12-31T21:00,fe8c0cd6234bb8b40fb5ac559d8ba91067f5f5e12c7a09d81805121a4cd9491e,STITCHED_FORECAST_NOT_T60_ISSUANCE,42.0,46
2024_01_BAL_KC,2024,1,4.3,2024-09-06T00:00,fe8c0cd6234bb8b40fb5ac559d8ba91067f5f5e12c7a09d81805121a4cd9491e,STITCHED_FORECAST_NOT_T60_ISSUANCE,47.0,46
2024_02_CIN_KC,2024,2,7.8,2024-09-15T20:00,fe8c0cd6234bb8b40fb5ac559d8ba91067f5f5e12c7a09d81805121a4cd9491e,STITCHED_FORECAST_NOT_T60_ISSUANCE,51.0,47.5
2024_05_NO_KC,2024,5,4.4,2024-10-08T00:00,fe8c0cd6234bb8b40fb5ac559d8ba91067f5f5e12c7a09d81805121a4cd9491e,STITCHED_FORECAST_NOT_T60_ISSUANCE,39.0,43
2024_09_TB_KC,2024,9,9.3,2024-11-05T01:00,fe8c0cd6234bb8b40fb5ac559d8ba91067f5f5e12c7a09d81805121a4cd9491e,STITCHED_FORECAST_NOT_T60_ISSUANCE,54.0,45.5
2024_10_DEN_KC,2024,10,11.4,2024-11-10T18:00,fe8c0cd6234bb8b40fb5ac559d8ba91067f5f5e12c7a09d81805121a4cd9491e,STITCHED_FORECAST_NOT_T60_ISSUANCE,30.0,42.5
2024_13_LV_KC,2024,13,5.6,2024-11-29T20:00,fe8c0cd6234bb8b40fb5ac559d8ba91067f5f5e12c7a09d81805121a4cd9491e,STITCHED_FORECAST_NOT_T60_ISSUANCE,36.0,42
2024_14_LAC_KC,2024,14,12.1,2024-12-09T01:00,fe8c0cd6234bb8b40fb5ac559d8ba91067f5f5e12c7a09d81805121a4cd9491e,STITCHED_FORECAST_NOT_T60_ISSUANCE,36.0,43.5
2024_16_HOU_KC,2024,16,4.5,2024-12-21T18:00,fe8c0cd6234bb8b40fb5ac559d8ba91067f5f5e12c7a09d81805121a4cd9491e,STITCHED_FORECAST_NOT_T60_ISSUANCE,46.0,42.5
2025_02_PHI_KC,2025,2,13.9,2025-09-14T20:00,fe8c0cd6234bb8b40fb5ac559d8ba91067f5f5e12c7a09d81805121a4cd9491e,STITCHED_FORECAST_NOT_T60_ISSUANCE,37.0,46.5
2025_04_BAL_KC,2025,4,6.4,2025-09-28T20:00,fe8c0cd6234bb8b40fb5ac559d8ba91067f5f5e12c7a09d81805121a4cd9491e,STITCHED_FORECAST_NOT_T60_ISSUANCE,57.0,48.5
2025_06_DET_KC,2025,6,11.6,2025-10-13T00:00,fe8c0cd6234bb8b40fb5ac559d8ba91067f5f5e12c7a09d81805121a4cd9491e,STITCHED_FORECAST_NOT_T60_ISSUANCE,47.0,51.5
2025_07_LV_KC,2025,7,11.1,2025-10-19T17:00,fe8c0cd6234bb8b40fb5ac559d8ba91067f5f5e12c7a09d81805121a4cd9491e,STITCHED_FORECAST_NOT_T60_ISSUANCE,31.0,44.5
2025_08_WAS_KC,2025,8,5.7,2025-10-28T00:00,fe8c0cd6234bb8b40fb5ac559d8ba91067f5f5e12c7a09d81805121a4cd9491e,STITCHED_FORECAST_NOT_T60_ISSUANCE,35.0,48.5
2025_12_IND_KC,2025,12,5.1,2025-11-23T18:00,fe8c0cd6234bb8b40fb5ac559d8ba91067f5f5e12c7a09d81805121a4cd9491e,STITCHED_FORECAST_NOT_T60_ISSUANCE,43.0,50.5
2025_14_HOU_KC,2025,14,6.8,2025-12-08T01:00,fe8c0cd6234bb8b40fb5ac559d8ba91067f5f5e12c7a09d81805121a4cd9491e,STITCHED_FORECAST_NOT_T60_ISSUANCE,30.0,41.5
2025_15_LAC_KC,2025,15,1.9,2025-12-14T18:00,fe8c0cd6234bb8b40fb5ac559d8ba91067f5f5e12c7a09d81805121a4cd9491e,STITCHED_FORECAST_NOT_T60_ISSUANCE,29.0,41.5
2025_17_DEN_KC,2025,17,10.8,2025-12-26T01:00,fe8c0cd6234bb8b40fb5ac559d8ba91067f5f5e12c7a09d81805121a4cd9491e,STITCHED_FORECAST_NOT_T60_ISSUANCE,33.0,37.5
2022_08_DEN_JAX,2022,8,14.3,2022-10-30T13:00,911f460755114c05357d39599c78f7e9553c30a3df060da6c23808085c23e421,STITCHED_FORECAST_NOT_T60_ISSUANCE,38.0,41
2023_04_ATL_JAX,2023,4,10.6,2023-10-01T13:00,911f460755114c05357d39599c78f7e9553c30a3df060da6c23808085c23e421,STITCHED_FORECAST_NOT_T60_ISSUANCE,30.0,42.5
2024_07_NE_JAX,2024,7,20.5,2024-10-20T13:00,911f460755114c05357d39599c78f7e9553c30a3df060da6c23808085c23e421,STITCHED_FORECAST_NOT_T60_ISSUANCE,48.0,42
2022_04_MIN_NO,2022,4,6.8,2022-10-02T13:00,9e660d5535248016942d32efb9eb49258f2d7eb34032f4096b48574ed427ccae,STITCHED_FORECAST_NOT_T60_ISSUANCE,53.0,42
2022_05_NYG_GB,2022,5,11.2,2022-10-09T13:00,9e660d5535248016942d32efb9eb49258f2d7eb34032f4096b48574ed427ccae,STITCHED_FORECAST_NOT_T60_ISSUANCE,49.0,42
2023_05_JAX_BUF,2023,5,6.5,2023-10-08T13:00,9e660d5535248016942d32efb9eb49258f2d7eb34032f4096b48574ed427ccae,STITCHED_FORECAST_NOT_T60_ISSUANCE,45.0,48.5
2023_06_BAL_TEN,2023,6,9.2,2023-10-15T13:00,9e660d5535248016942d32efb9eb49258f2d7eb34032f4096b48574ed427ccae,STITCHED_FORECAST_NOT_T60_ISSUANCE,40.0,42.5
2024_05_NYJ_MIN,2024,5,9.2,2024-10-06T13:00,9e660d5535248016942d32efb9eb49258f2d7eb34032f4096b48574ed427ccae,STITCHED_FORECAST_NOT_T60_ISSUANCE,40.0,42
2024_06_JAX_CHI,2024,6,4.7,2024-10-13T13:00,9e660d5535248016942d32efb9eb49258f2d7eb34032f4096b48574ed427ccae,STITCHED_FORECAST_NOT_T60_ISSUANCE,51.0,44.5
2022_11_SF_ARI,2022,11,6.5,2022-11-22T01:00,6b7c2d0d6465b921b62af56c0c3304b7b249f91714ee9b811c3ec3b1f05fe608,STITCHED_FORECAST_NOT_T60_ISSUANCE,48.0,43.5
2022_01_NE_MIA,2022,1,10.9,2022-09-11T17:00,9a988ae4c9f825064148759be0c7891e3916ff2ae2f44538188913e1cee87992,STITCHED_FORECAST_NOT_T60_ISSUANCE,27.0,47
2022_03_BUF_MIA,2022,3,9.7,2022-09-25T17:00,9a988ae4c9f825064148759be0c7891e3916ff2ae2f44538188913e1cee87992,STITCHED_FORECAST_NOT_T60_ISSUANCE,40.0,54
2022_06_MIN_MIA,2022,6,14.2,2022-10-16T17:00,9a988ae4c9f825064148759be0c7891e3916ff2ae2f44538188913e1cee87992,STITCHED_FORECAST_NOT_T60_ISSUANCE,40.0,45
2022_07_PIT_MIA,2022,7,13.1,2022-10-24T00:00,9a988ae4c9f825064148759be0c7891e3916ff2ae2f44538188913e1cee87992,STITCHED_FORECAST_NOT_T60_ISSUANCE,26.0,44.5
2022_10_CLE_MIA,2022,10,5.4,2022-11-13T18:00,9a988ae4c9f825064148759be0c7891e3916ff2ae2f44538188913e1cee87992,STITCHED_FORECAST_NOT_T60_ISSUANCE,56.0,49
2022_12_HOU_MIA,2022,12,7.4,2022-11-27T18:00,9a988ae4c9f825064148759be0c7891e3916ff2ae2f44538188913e1cee87992,STITCHED_FORECAST_NOT_T60_ISSUANCE,45.0,47
2022_16_GB_MIA,2022,16,8.9,2022-12-25T18:00,9a988ae4c9f825064148759be0c7891e3916ff2ae2f44538188913e1cee87992,STITCHED_FORECAST_NOT_T60_ISSUANCE,46.0,49
2022_18_NYJ_MIA,2022,18,9.3,2023-01-08T18:00,9a988ae4c9f825064148759be0c7891e3916ff2ae2f44538188913e1cee87992,STITCHED_FORECAST_NOT_T60_ISSUANCE,17.0,37.5
2023_03_DEN_MIA,2023,3,9.2,2023-09-24T17:00,9a988ae4c9f825064148759be0c7891e3916ff2ae2f44538188913e1cee87992,STITCHED_FORECAST_NOT_T60_ISSUANCE,90.0,47.5
2023_05_NYG_MIA,2023,5,8.3,2023-10-08T17:00,9a988ae4c9f825064148759be0c7891e3916ff2ae2f44538188913e1cee87992,STITCHED_FORECAST_NOT_T60_ISSUANCE,47.0,47.5
2023_06_CAR_MIA,2023,6,11.0,2023-10-15T17:00,9a988ae4c9f825064148759be0c7891e3916ff2ae2f44538188913e1cee87992,STITCHED_FORECAST_NOT_T60_ISSUANCE,63.0,47.5
2023_08_NE_MIA,2023,8,18.3,2023-10-29T17:00,9a988ae4c9f825064148759be0c7891e3916ff2ae2f44538188913e1cee87992,STITCHED_FORECAST_NOT_T60_ISSUANCE,48.0,46.5
2023_11_LV_MIA,2023,11,9.5,2023-11-19T18:00,9a988ae4c9f825064148759be0c7891e3916ff2ae2f44538188913e1cee87992,STITCHED_FORECAST_NOT_T60_ISSUANCE,33.0,44.5
2023_14_TEN_MIA,2023,14,14.6,2023-12-12T01:00,9a988ae4c9f825064148759be0c7891e3916ff2ae2f44538188913e1cee87992,STITCHED_FORECAST_NOT_T60_ISSUANCE,55.0,45
2023_15_NYJ_MIA,2023,15,19.7,2023-12-17T18:00,9a988ae4c9f825064148759be0c7891e3916ff2ae2f44538188913e1cee87992,STITCHED_FORECAST_NOT_T60_ISSUANCE,30.0,36
2023_16_DAL_MIA,2023,16,15.9,2023-12-24T21:00,9a988ae4c9f825064148759be0c7891e3916ff2ae2f44538188913e1cee87992,STITCHED_FORECAST_NOT_T60_ISSUANCE,42.0,48.5
2023_18_BUF_MIA,2023,18,7.5,2024-01-08T01:00,9a988ae4c9f825064148759be0c7891e3916ff2ae2f44538188913e1cee87992,STITCHED_FORECAST_NOT_T60_ISSUANCE,35.0,47.5
2024_01_JAX_MIA,2024,1,11.7,2024-09-08T17:00,9a988ae4c9f825064148759be0c7891e3916ff2ae2f44538188913e1cee87992,STITCHED_FORECAST_NOT_T60_ISSUANCE,37.0,49.5
2024_02_BUF_MIA,2024,2,4.0,2024-09-13T00:00,9a988ae4c9f825064148759be0c7891e3916ff2ae2f44538188913e1cee87992,STITCHED_FORECAST_NOT_T60_ISSUANCE,41.0,48.5
2024_04_TEN_MIA,2024,4,11.0,2024-09-30T23:00,9a988ae4c9f825064148759be0c7891e3916ff2ae2f44538188913e1cee87992,STITCHED_FORECAST_NOT_T60_ISSUANCE,43.0,37
2024_08_ARI_MIA,2024,8,15.8,2024-10-27T17:00,9a988ae4c9f825064148759be0c7891e3916ff2ae2f44538188913e1cee87992,STITCHED_FORECAST_NOT_T60_ISSUANCE,55.0,46.5
2024_11_LV_MIA,2024,11,12.5,2024-11-17T18:00,9a988ae4c9f825064148759be0c7891e3916ff2ae2f44538188913e1cee87992,STITCHED_FORECAST_NOT_T60_ISSUANCE,53.0,43.5
2024_12_NE_MIA,2024,12,7.0,2024-11-24T18:00,9a988ae4c9f825064148759be0c7891e3916ff2ae2f44538188913e1cee87992,STITCHED_FORECAST_NOT_T60_ISSUANCE,49.0,46
2024_14_NYJ_MIA,2024,14,11.3,2024-12-08T18:00,9a988ae4c9f825064148759be0c7891e3916ff2ae2f44538188913e1cee87992,STITCHED_FORECAST_NOT_T60_ISSUANCE,58.0,45
2024_16_SF_MIA,2024,16,11.2,2024-12-22T21:00,9a988ae4c9f825064148759be0c7891e3916ff2ae2f44538188913e1cee87992,STITCHED_FORECAST_NOT_T60_ISSUANCE,46.0,44
2025_02_NE_MIA,2025,2,1.8,2025-09-14T17:00,9a988ae4c9f825064148759be0c7891e3916ff2ae2f44538188913e1cee87992,STITCHED_FORECAST_NOT_T60_ISSUANCE,60.0,43.5
2025_04_NYJ_MIA,2025,4,14.3,2025-09-29T23:00,9a988ae4c9f825064148759be0c7891e3916ff2ae2f44538188913e1cee87992,STITCHED_FORECAST_NOT_T60_ISSUANCE,48.0,44.5
2025_06_LAC_MIA,2025,6,5.3,2025-10-12T17:00,9a988ae4c9f825064148759be0c7891e3916ff2ae2f44538188913e1cee87992,STITCHED_FORECAST_NOT_T60_ISSUANCE,56.0,45.5
2025_09_BAL_MIA,2025,9,11.7,2025-10-31T00:00,9a988ae4c9f825064148759be0c7891e3916ff2ae2f44538188913e1cee87992,STITCHED_FORECAST_NOT_T60_ISSUANCE,34.0,51.5
2025_10_BUF_MIA,2025,10,7.9,2025-11-09T18:00,9a988ae4c9f825064148759be0c7891e3916ff2ae2f44538188913e1cee87992,STITCHED_FORECAST_NOT_T60_ISSUANCE,43.0,50.5
2025_11_WAS_MIA,2025,11,4.7,2025-11-16T14:00,9a988ae4c9f825064148759be0c7891e3916ff2ae2f44538188913e1cee87992,STITCHED_FORECAST_NOT_T60_ISSUANCE,29.0,47.5
2025_13_NO_MIA,2025,13,12.8,2025-11-30T18:00,9a988ae4c9f825064148759be0c7891e3916ff2ae2f44538188913e1cee87992,STITCHED_FORECAST_NOT_T60_ISSUANCE,38.0,41.5
2025_16_CIN_MIA,2025,16,8.6,2025-12-21T18:00,9a988ae4c9f825064148759be0c7891e3916ff2ae2f44538188913e1cee87992,STITCHED_FORECAST_NOT_T60_ISSUANCE,66.0,48.5
2025_17_TB_MIA,2025,17,4.7,2025-12-28T18:00,9a988ae4c9f825064148759be0c7891e3916ff2ae2f44538188913e1cee87992,STITCHED_FORECAST_NOT_T60_ISSUANCE,37.0,44.5
2022_01_NYG_TEN,2022,1,5.8,2022-09-11T20:00,3dae2a260963405c2cba76dc665b29e3a6b4a151a751daf0bb432f178d1a099d,STITCHED_FORECAST_NOT_T60_ISSUANCE,41.0,43.5
2022_03_LV_TEN,2022,3,8.7,2022-09-25T17:00,3dae2a260963405c2cba76dc665b29e3a6b4a151a751daf0bb432f178d1a099d,STITCHED_FORECAST_NOT_T60_ISSUANCE,46.0,45.5
2022_07_IND_TEN,2022,7,9.7,2022-10-23T17:00,3dae2a260963405c2cba76dc665b29e3a6b4a151a751daf0bb432f178d1a099d,STITCHED_FORECAST_NOT_T60_ISSUANCE,29.0,43
2022_10_DEN_TEN,2022,10,5.9,2022-11-13T18:00,3dae2a260963405c2cba76dc665b29e3a6b4a151a751daf0bb432f178d1a099d,STITCHED_FORECAST_NOT_T60_ISSUANCE,27.0,40
2022_12_CIN_TEN,2022,12,12.7,2022-11-27T18:00,3dae2a260963405c2cba76dc665b29e3a6b4a151a751daf0bb432f178d1a099d,STITCHED_FORECAST_NOT_T60_ISSUANCE,36.0,43
2022_14_JAX_TEN,2022,14,5.2,2022-12-11T18:00,3dae2a260963405c2cba76dc665b29e3a6b4a151a751daf0bb432f178d1a099d,STITCHED_FORECAST_NOT_T60_ISSUANCE,58.0,42
2022_16_HOU_TEN,2022,16,9.6,2022-12-24T19:00,3dae2a260963405c2cba76dc665b29e3a6b4a151a751daf0bb432f178d1a099d,STITCHED_FORECAST_NOT_T60_ISSUANCE,33.0,34
2022_17_DAL_TEN,2022,17,7.4,2022-12-30T01:00,3dae2a260963405c2cba76dc665b29e3a6b4a151a751daf0bb432f178d1a099d,STITCHED_FORECAST_NOT_T60_ISSUANCE,40.0,41
2023_02_LAC_TEN,2023,2,7.3,2023-09-17T17:00,3dae2a260963405c2cba76dc665b29e3a6b4a151a751daf0bb432f178d1a099d,STITCHED_FORECAST_NOT_T60_ISSUANCE,51.0,45.5
2023_04_CIN_TEN,2023,4,3.4,2023-10-01T17:00,3dae2a260963405c2cba76dc665b29e3a6b4a151a751daf0bb432f178d1a099d,STITCHED_FORECAST_NOT_T60_ISSUANCE,30.0,41.5
2023_08_ATL_TEN,2023,8,7.4,2023-10-29T17:00,3dae2a260963405c2cba76dc665b29e3a6b4a151a751daf0bb432f178d1a099d,STITCHED_FORECAST_NOT_T60_ISSUANCE,51.0,35
2023_12_CAR_TEN,2023,12,9.1,2023-11-26T18:00,3dae2a260963405c2cba76dc665b29e3a6b4a151a751daf0bb432f178d1a099d,STITCHED_FORECAST_NOT_T60_ISSUANCE,27.0,36
2023_13_IND_TEN,2023,13,9.4,2023-12-03T18:00,3dae2a260963405c2cba76dc665b29e3a6b4a151a751daf0bb432f178d1a099d,STITCHED_FORECAST_NOT_T60_ISSUANCE,59.0,42
2023_15_HOU_TEN,2023,15,6.1,2023-12-17T18:00,3dae2a260963405c2cba76dc665b29e3a6b4a151a751daf0bb432f178d1a099d,STITCHED_FORECAST_NOT_T60_ISSUANCE,35.0,38
2023_16_SEA_TEN,2023,16,9.6,2023-12-24T18:00,3dae2a260963405c2cba76dc665b29e3a6b4a151a751daf0bb432f178d1a099d,STITCHED_FORECAST_NOT_T60_ISSUANCE,37.0,42
2023_18_JAX_TEN,2023,18,9.6,2024-01-07T18:00,3dae2a260963405c2cba76dc665b29e3a6b4a151a751daf0bb432f178d1a099d,STITCHED_FORECAST_NOT_T60_ISSUANCE,48.0,41.5
2024_02_NYJ_TEN,2024,2,6.8,2024-09-15T17:00,3dae2a260963405c2cba76dc665b29e3a6b4a151a751daf0bb432f178d1a099d,STITCHED_FORECAST_NOT_T60_ISSUANCE,41.0,41.5
2024_03_GB_TEN,2024,3,4.0,2024-09-22T17:00,3dae2a260963405c2cba76dc665b29e3a6b4a151a751daf0bb432f178d1a099d,STITCHED_FORECAST_NOT_T60_ISSUANCE,44.0,37
2024_06_IND_TEN,2024,6,11.6,2024-10-13T17:00,3dae2a260963405c2cba76dc665b29e3a6b4a151a751daf0bb432f178d1a099d,STITCHED_FORECAST_NOT_T60_ISSUANCE,37.0,42
2024_09_NE_TEN,2024,9,11.9,2024-11-03T18:00,3dae2a260963405c2cba76dc665b29e3a6b4a151a751daf0bb432f178d1a099d,STITCHED_FORECAST_NOT_T60_ISSUANCE,37.0,38.5
2024_11_MIN_TEN,2024,11,6.8,2024-11-17T18:00,3dae2a260963405c2cba76dc665b29e3a6b4a151a751daf0bb432f178d1a099d,STITCHED_FORECAST_NOT_T60_ISSUANCE,36.0,40
2024_14_JAX_TEN,2024,14,8.9,2024-12-08T18:00,3dae2a260963405c2cba76dc665b29e3a6b4a151a751daf0bb432f178d1a099d,STITCHED_FORECAST_NOT_T60_ISSUANCE,16.0,40
2024_15_CIN_TEN,2024,15,10.3,2024-12-15T18:00,3dae2a260963405c2cba76dc665b29e3a6b4a151a751daf0bb432f178d1a099d,STITCHED_FORECAST_NOT_T60_ISSUANCE,64.0,46.5
2024_18_HOU_TEN,2024,18,9.3,2025-01-05T18:00,3dae2a260963405c2cba76dc665b29e3a6b4a151a751daf0bb432f178d1a099d,STITCHED_FORECAST_NOT_T60_ISSUANCE,37.0,36.5
2025_02_LA_TEN,2025,2,3.8,2025-09-14T17:00,3dae2a260963405c2cba76dc665b29e3a6b4a151a751daf0bb432f178d1a099d,STITCHED_FORECAST_NOT_T60_ISSUANCE,52.0,41.5
2025_03_IND_TEN,2025,3,7.0,2025-09-21T17:00,3dae2a260963405c2cba76dc665b29e3a6b4a151a751daf0bb432f178d1a099d,STITCHED_FORECAST_NOT_T60_ISSUANCE,61.0,43.5
2025_07_NE_TEN,2025,7,16.1,2025-10-19T17:00,3dae2a260963405c2cba76dc665b29e3a6b4a151a751daf0bb432f178d1a099d,STITCHED_FORECAST_NOT_T60_ISSUANCE,44.0,40.5
2025_09_LAC_TEN,2025,9,5.7,2025-11-02T18:00,3dae2a260963405c2cba76dc665b29e3a6b4a151a751daf0bb432f178d1a099d,STITCHED_FORECAST_NOT_T60_ISSUANCE,47.0,44.5
2025_11_HOU_TEN,2025,11,9.1,2025-11-16T18:00,3dae2a260963405c2cba76dc665b29e3a6b4a151a751daf0bb432f178d1a099d,STITCHED_FORECAST_NOT_T60_ISSUANCE,29.0,37.5
2025_12_SEA_TEN,2025,12,3.1,2025-11-23T18:00,3dae2a260963405c2cba76dc665b29e3a6b4a151a751daf0bb432f178d1a099d,STITCHED_FORECAST_NOT_T60_ISSUANCE,54.0,41.5
2025_13_JAX_TEN,2025,13,7.5,2025-11-30T18:00,3dae2a260963405c2cba76dc665b29e3a6b4a151a751daf0bb432f178d1a099d,STITCHED_FORECAST_NOT_T60_ISSUANCE,28.0,42.5
2025_16_KC_TEN,2025,16,9.3,2025-12-21T18:00,3dae2a260963405c2cba76dc665b29e3a6b4a151a751daf0bb432f178d1a099d,STITCHED_FORECAST_NOT_T60_ISSUANCE,35.0,37.5
2025_17_NO_TEN,2025,17,13.7,2025-12-28T18:00,3dae2a260963405c2cba76dc665b29e3a6b4a151a751daf0bb432f178d1a099d,STITCHED_FORECAST_NOT_T60_ISSUANCE,60.0,39.5
2022_01_BAL_NYJ,2022,1,3.0,2022-09-11T17:00,c9b11e236d9d18f9b86543a89901fd44034e157ff3bbc4351d7f36c2d24a558f,STITCHED_FORECAST_NOT_T60_ISSUANCE,33.0,44
2022_02_CAR_NYG,2022,2,11.4,2022-09-18T17:00,c9b11e236d9d18f9b86543a89901fd44034e157ff3bbc4351d7f36c2d24a558f,STITCHED_FORECAST_NOT_T60_ISSUANCE,35.0,44
2022_03_CIN_NYJ,2022,3,11.7,2022-09-25T17:00,c9b11e236d9d18f9b86543a89901fd44034e157ff3bbc4351d7f36c2d24a558f,STITCHED_FORECAST_NOT_T60_ISSUANCE,39.0,46
2022_03_DAL_NYG,2022,3,9.0,2022-09-27T00:00,c9b11e236d9d18f9b86543a89901fd44034e157ff3bbc4351d7f36c2d24a558f,STITCHED_FORECAST_NOT_T60_ISSUANCE,39.0,38.5
2022_04_CHI_NYG,2022,4,15.2,2022-10-02T17:00,c9b11e236d9d18f9b86543a89901fd44034e157ff3bbc4351d7f36c2d24a558f,STITCHED_FORECAST_NOT_T60_ISSUANCE,32.0,39
2022_05_MIA_NYJ,2022,5,11.7,2022-10-09T17:00,c9b11e236d9d18f9b86543a89901fd44034e157ff3bbc4351d7f36c2d24a558f,STITCHED_FORECAST_NOT_T60_ISSUANCE,57.0,46
2022_06_BAL_NYG,2022,6,2.3,2022-10-16T17:00,c9b11e236d9d18f9b86543a89901fd44034e157ff3bbc4351d7f36c2d24a558f,STITCHED_FORECAST_NOT_T60_ISSUANCE,44.0,46
2022_08_NE_NYJ,2022,8,0.9,2022-10-30T17:00,c9b11e236d9d18f9b86543a89901fd44034e157ff3bbc4351d7f36c2d24a558f,STITCHED_FORECAST_NOT_T60_ISSUANCE,39.0,40
2022_09_BUF_NYJ,2022,9,11.5,2022-11-06T18:00,c9b11e236d9d18f9b86543a89901fd44034e157ff3bbc4351d7f36c2d24a558f,STITCHED_FORECAST_NOT_T60_ISSUANCE,37.0,46
2022_10_HOU_NYG,2022,10,14.2,2022-11-13T18:00,c9b11e236d9d18f9b86543a89901fd44034e157ff3bbc4351d7f36c2d24a558f,STITCHED_FORECAST_NOT_T60_ISSUANCE,40.0,41.5
2022_11_DET_NYG,2022,11,17.7,2022-11-20T18:00,c9b11e236d9d18f9b86543a89901fd44034e157ff3bbc4351d7f36c2d24a558f,STITCHED_FORECAST_NOT_T60_ISSUANCE,49.0,44
2022_12_CHI_NYJ,2022,12,6.6,2022-11-27T18:00,c9b11e236d9d18f9b86543a89901fd44034e157ff3bbc4351d7f36c2d24a558f,STITCHED_FORECAST_NOT_T60_ISSUANCE,41.0,36.5
2022_13_WAS_NYG,2022,13,7.3,2022-12-04T18:00,c9b11e236d9d18f9b86543a89901fd44034e157ff3bbc4351d7f36c2d24a558f,STITCHED_FORECAST_NOT_T60_ISSUANCE,40.0,40
2022_14_PHI_NYG,2022,14,9.0,2022-12-11T18:00,c9b11e236d9d18f9b86543a89901fd44034e157ff3bbc4351d7f36c2d24a558f,STITCHED_FORECAST_NOT_T60_ISSUANCE,70.0,44.5
2022_15_DET_NYJ,2022,15,10.2,2022-12-18T18:00,c9b11e236d9d18f9b86543a89901fd44034e157ff3bbc4351d7f36c2d24a558f,STITCHED_FORECAST_NOT_T60_ISSUANCE,37.0,44
2022_16_JAX_NYJ,2022,16,16.5,2022-12-23T01:00,c9b11e236d9d18f9b86543a89901fd44034e157ff3bbc4351d7f36c2d24a558f,STITCHED_FORECAST_NOT_T60_ISSUANCE,22.0,36.5
2022_17_IND_NYG,2022,17,10.6,2023-01-01T18:00,c9b11e236d9d18f9b86543a89901fd44034e157ff3bbc4351d7f36c2d24a558f,STITCHED_FORECAST_NOT_T60_ISSUANCE,48.0,38.5
2023_01_DAL_NYG,2023,1,1.1,2023-09-11T00:00,c9b11e236d9d18f9b86543a89901fd44034e157ff3bbc4351d7f36c2d24a558f,STITCHED_FORECAST_NOT_T60_ISSUANCE,40.0,44.5
2023_01_BUF_NYJ,2023,1,3.9,2023-09-12T00:00,c9b11e236d9d18f9b86543a89901fd44034e157ff3bbc4351d7f36c2d24a558f,STITCHED_FORECAST_NOT_T60_ISSUANCE,38.0,44.5
2023_03_NE_NYJ,2023,3,14.3,2023-09-24T17:00,c9b11e236d9d18f9b86543a89901fd44034e157ff3bbc4351d7f36c2d24a558f,STITCHED_FORECAST_NOT_T60_ISSUANCE,25.0,35.5
2023_04_KC_NYJ,2023,4,4.7,2023-10-02T00:00,c9b11e236d9d18f9b86543a89901fd44034e157ff3bbc4351d7f36c2d24a558f,STITCHED_FORECAST_NOT_T60_ISSUANCE,43.0,41.5
2023_04_SEA_NYG,2023,4,0.7,2023-10-03T00:00,c9b11e236d9d18f9b86543a89901fd44034e157ff3bbc4351d7f36c2d24a558f,STITCHED_FORECAST_NOT_T60_ISSUANCE,27.0,46.5
2023_06_PHI_NYJ,2023,6,13.7,2023-10-15T20:00,c9b11e236d9d18f9b86543a89901fd44034e157ff3bbc4351d7f36c2d24a558f,STITCHED_FORECAST_NOT_T60_ISSUANCE,34.0,43
2023_07_WAS_NYG,2023,7,16.8,2023-10-22T17:00,c9b11e236d9d18f9b86543a89901fd44034e157ff3bbc4351d7f36c2d24a558f,STITCHED_FORECAST_NOT_T60_ISSUANCE,21.0,37
2023_08_NYJ_NYG,2023,8,9.1,2023-10-29T17:00,c9b11e236d9d18f9b86543a89901fd44034e157ff3bbc4351d7f36c2d24a558f,STITCHED_FORECAST_NOT_T60_ISSUANCE,23.0,35
2023_09_LAC_NYJ,2023,9,8.0,2023-11-07T01:00,c9b11e236d9d18f9b86543a89901fd44034e157ff3bbc4351d7f36c2d24a558f,STITCHED_FORECAST_NOT_T60_ISSUANCE,33.0,41
2023_12_MIA_NYJ,2023,12,13.6,2023-11-24T20:00,c9b11e236d9d18f9b86543a89901fd44034e157ff3bbc4351d7f36c2d24a558f,STITCHED_FORECAST_NOT_T60_ISSUANCE,47.0,40
2023_12_NE_NYG,2023,12,6.5,2023-11-26T18:00,c9b11e236d9d18f9b86543a89901fd44034e157ff3bbc4351d7f36c2d24a558f,STITCHED_FORECAST_NOT_T60_ISSUANCE,17.0,36.5
2023_13_ATL_NYJ,2023,13,8.8,2023-12-03T18:00,c9b11e236d9d18f9b86543a89901fd44034e157ff3bbc4351d7f36c2d24a558f,STITCHED_FORECAST_NOT_T60_ISSUANCE,21.0,33
2023_14_HOU_NYJ,2023,14,4.3,2023-12-10T18:00,c9b11e236d9d18f9b86543a89901fd44034e157ff3bbc4351d7f36c2d24a558f,STITCHED_FORECAST_NOT_T60_ISSUANCE,36.0,33.5
2023_14_GB_NYG,2023,14,11.7,2023-12-12T01:00,c9b11e236d9d18f9b86543a89901fd44034e157ff3bbc4351d7f36c2d24a558f,STITCHED_FORECAST_NOT_T60_ISSUANCE,46.0,37.5
2023_16_WAS_NYJ,2023,16,1.6,2023-12-24T18:00,c9b11e236d9d18f9b86543a89901fd44034e157ff3bbc4351d7f36c2d24a558f,STITCHED_FORECAST_NOT_T60_ISSUANCE,58.0,36.5
2023_17_LA_NYG,2023,17,8.3,2023-12-31T18:00,c9b11e236d9d18f9b86543a89901fd44034e157ff3bbc4351d7f36c2d24a558f,STITCHED_FORECAST_NOT_T60_ISSUANCE,51.0,43.5
2023_18_PHI_NYG,2023,18,6.2,2024-01-07T21:00,c9b11e236d9d18f9b86543a89901fd44034e157ff3bbc4351d7f36c2d24a558f,STITCHED_FORECAST_NOT_T60_ISSUANCE,37.0,43
2024_01_MIN_NYG,2024,1,9.8,2024-09-08T17:00,c9b11e236d9d18f9b86543a89901fd44034e157ff3bbc4351d7f36c2d24a558f,STITCHED_FORECAST_NOT_T60_ISSUANCE,34.0,42.5
2024_03_NE_NYJ,2024,3,4.7,2024-09-20T00:00,c9b11e236d9d18f9b86543a89901fd44034e157ff3bbc4351d7f36c2d24a558f,STITCHED_FORECAST_NOT_T60_ISSUANCE,27.0,39
2024_04_DAL_NYG,2024,4,4.0,2024-09-27T00:00,c9b11e236d9d18f9b86543a89901fd44034e157ff3bbc4351d7f36c2d24a558f,STITCHED_FORECAST_NOT_T60_ISSUANCE,35.0,45
2024_04_DEN_NYJ,2024,4,6.0,2024-09-29T17:00,c9b11e236d9d18f9b86543a89901fd44034e157ff3bbc4351d7f36c2d24a558f,STITCHED_FORECAST_NOT_T60_ISSUANCE,19.0,39.5
2024_06_CIN_NYG,2024,6,5.1,2024-10-14T00:00,c9b11e236d9d18f9b86543a89901fd44034e157ff3bbc4351d7f36c2d24a558f,STITCHED_FORECAST_NOT_T60_ISSUANCE,24.0,46
2024_06_BUF_NYJ,2024,6,18.1,2024-10-15T00:00,c9b11e236d9d18f9b86543a89901fd44034e157ff3bbc4351d7f36c2d24a558f,STITCHED_FORECAST_NOT_T60_ISSUANCE,43.0,42
2024_07_PHI_NYG,2024,7,4.1,2024-10-20T17:00,c9b11e236d9d18f9b86543a89901fd44034e157ff3bbc4351d7f36c2d24a558f,STITCHED_FORECAST_NOT_T60_ISSUANCE,31.0,42
2024_09_HOU_NYJ,2024,9,8.9,2024-11-01T00:00,c9b11e236d9d18f9b86543a89901fd44034e157ff3bbc4351d7f36c2d24a558f,STITCHED_FORECAST_NOT_T60_ISSUANCE,34.0,43.5
2024_09_WAS_NYG,2024,9,3.8,2024-11-03T18:00,c9b11e236d9d18f9b86543a89901fd44034e157ff3bbc4351d7f36c2d24a558f,STITCHED_FORECAST_NOT_T60_ISSUANCE,49.0,44.5
2024_11_IND_NYJ,2024,11,4.2,2024-11-17T18:00,c9b11e236d9d18f9b86543a89901fd44034e157ff3bbc4351d7f36c2d24a558f,STITCHED_FORECAST_NOT_T60_ISSUANCE,55.0,43
2024_12_TB_NYG,2024,12,15.3,2024-11-24T18:00,c9b11e236d9d18f9b86543a89901fd44034e157ff3bbc4351d7f36c2d24a558f,STITCHED_FORECAST_NOT_T60_ISSUANCE,37.0,40.5
2024_13_SEA_NYJ,2024,13,13.4,2024-12-01T18:00,c9b11e236d9d18f9b86543a89901fd44034e157ff3bbc4351d7f36c2d24a558f,STITCHED_FORECAST_NOT_T60_ISSUANCE,47.0,41.5
2024_14_NO_NYG,2024,14,13.9,2024-12-08T18:00,c9b11e236d9d18f9b86543a89901fd44034e157ff3bbc4351d7f36c2d24a558f,STITCHED_FORECAST_NOT_T60_ISSUANCE,25.0,41
2024_15_BAL_NYG,2024,15,6.3,2024-12-15T18:00,c9b11e236d9d18f9b86543a89901fd44034e157ff3bbc4351d7f36c2d24a558f,STITCHED_FORECAST_NOT_T60_ISSUANCE,49.0,43.5
2024_16_LA_NYJ,2024,16,9.4,2024-12-22T18:00,c9b11e236d9d18f9b86543a89901fd44034e157ff3bbc4351d7f36c2d24a558f,STITCHED_FORECAST_NOT_T60_ISSUANCE,28.0,47
2024_17_IND_NYG,2024,17,2.2,2024-12-29T18:00,c9b11e236d9d18f9b86543a89901fd44034e157ff3bbc4351d7f36c2d24a558f,STITCHED_FORECAST_NOT_T60_ISSUANCE,78.0,40.5
2024_18_MIA_NYJ,2024,18,11.4,2025-01-05T21:00,c9b11e236d9d18f9b86543a89901fd44034e157ff3bbc4351d7f36c2d24a558f,STITCHED_FORECAST_NOT_T60_ISSUANCE,52.0,39.5
2025_01_PIT_NYJ,2025,1,3.6,2025-09-07T17:00,c9b11e236d9d18f9b86543a89901fd44034e157ff3bbc4351d7f36c2d24a558f,STITCHED_FORECAST_NOT_T60_ISSUANCE,66.0,37.5
2025_02_BUF_NYJ,2025,2,4.5,2025-09-14T17:00,c9b11e236d9d18f9b86543a89901fd44034e157ff3bbc4351d7f36c2d24a558f,STITCHED_FORECAST_NOT_T60_ISSUANCE,40.0,47.5
2025_03_KC_NYG,2025,3,6.8,2025-09-22T00:00,c9b11e236d9d18f9b86543a89901fd44034e157ff3bbc4351d7f36c2d24a558f,STITCHED_FORECAST_NOT_T60_ISSUANCE,31.0,44.5
2025_04_LAC_NYG,2025,4,4.3,2025-09-28T17:00,c9b11e236d9d18f9b86543a89901fd44034e157ff3bbc4351d7f36c2d24a558f,STITCHED_FORECAST_NOT_T60_ISSUANCE,39.0,43.5
2025_05_DAL_NYJ,2025,5,4.6,2025-10-05T17:00,c9b11e236d9d18f9b86543a89901fd44034e157ff3bbc4351d7f36c2d24a558f,STITCHED_FORECAST_NOT_T60_ISSUANCE,59.0,48.5
2025_06_PHI_NYG,2025,6,7.8,2025-10-10T00:00,c9b11e236d9d18f9b86543a89901fd44034e157ff3bbc4351d7f36c2d24a558f,STITCHED_FORECAST_NOT_T60_ISSUANCE,51.0,40.5
2025_06_DEN_NYJ,2025,6,14.1,2025-10-12T13:00,c9b11e236d9d18f9b86543a89901fd44034e157ff3bbc4351d7f36c2d24a558f,STITCHED_FORECAST_NOT_T60_ISSUANCE,24.0,43.5
2025_07_CAR_NYJ,2025,7,14.5,2025-10-19T17:00,c9b11e236d9d18f9b86543a89901fd44034e157ff3bbc4351d7f36c2d24a558f,STITCHED_FORECAST_NOT_T60_ISSUANCE,19.0,39.5
2025_09_SF_NYG,2025,9,6.0,2025-11-02T18:00,c9b11e236d9d18f9b86543a89901fd44034e157ff3bbc4351d7f36c2d24a558f,STITCHED_FORECAST_NOT_T60_ISSUANCE,58.0,47.5
2025_10_CLE_NYJ,2025,10,13.7,2025-11-09T18:00,c9b11e236d9d18f9b86543a89901fd44034e157ff3bbc4351d7f36c2d24a558f,STITCHED_FORECAST_NOT_T60_ISSUANCE,47.0,37.5
2025_11_GB_NYG,2025,11,18.9,2025-11-16T18:00,c9b11e236d9d18f9b86543a89901fd44034e157ff3bbc4351d7f36c2d24a558f,STITCHED_FORECAST_NOT_T60_ISSUANCE,47.0,41.5
2025_13_ATL_NYJ,2025,13,9.3,2025-11-30T18:00,c9b11e236d9d18f9b86543a89901fd44034e157ff3bbc4351d7f36c2d24a558f,STITCHED_FORECAST_NOT_T60_ISSUANCE,51.0,38.5
2025_14_MIA_NYJ,2025,14,7.3,2025-12-07T18:00,c9b11e236d9d18f9b86543a89901fd44034e157ff3bbc4351d7f36c2d24a558f,STITCHED_FORECAST_NOT_T60_ISSUANCE,44.0,41.5
2025_15_WAS_NYG,2025,15,14.1,2025-12-14T18:00,c9b11e236d9d18f9b86543a89901fd44034e157ff3bbc4351d7f36c2d24a558f,STITCHED_FORECAST_NOT_T60_ISSUANCE,50.0,46.5
2025_16_MIN_NYG,2025,16,15.1,2025-12-21T18:00,c9b11e236d9d18f9b86543a89901fd44034e157ff3bbc4351d7f36c2d24a558f,STITCHED_FORECAST_NOT_T60_ISSUANCE,29.0,41.5
2025_17_NE_NYJ,2025,17,5.7,2025-12-28T18:00,c9b11e236d9d18f9b86543a89901fd44034e157ff3bbc4351d7f36c2d24a558f,STITCHED_FORECAST_NOT_T60_ISSUANCE,52.0,42.5
2025_18_DAL_NYG,2025,18,7.3,2026-01-04T18:00,c9b11e236d9d18f9b86543a89901fd44034e157ff3bbc4351d7f36c2d24a558f,STITCHED_FORECAST_NOT_T60_ISSUANCE,51.0,50.5
2022_02_MIN_PHI,2022,2,4.9,2022-09-20T00:00,3397c2ee386d9b47ccb38e0c9e45c76ebd411fde1d5f743c4019df67ccd3c726,STITCHED_FORECAST_NOT_T60_ISSUANCE,31.0,49.5
2022_04_JAX_PHI,2022,4,13.0,2022-10-02T17:00,3397c2ee386d9b47ccb38e0c9e45c76ebd411fde1d5f743c4019df67ccd3c726,STITCHED_FORECAST_NOT_T60_ISSUANCE,50.0,44
2022_06_DAL_PHI,2022,6,3.2,2022-10-17T00:00,3397c2ee386d9b47ccb38e0c9e45c76ebd411fde1d5f743c4019df67ccd3c726,STITCHED_FORECAST_NOT_T60_ISSUANCE,43.0,42.5
2022_08_PIT_PHI,2022,8,1.9,2022-10-30T17:00,3397c2ee386d9b47ccb38e0c9e45c76ebd411fde1d5f743c4019df67ccd3c726,STITCHED_FORECAST_NOT_T60_ISSUANCE,48.0,43
2022_10_WAS_PHI,2022,10,5.9,2022-11-15T01:00,3397c2ee386d9b47ccb38e0c9e45c76ebd411fde1d5f743c4019df67ccd3c726,STITCHED_FORECAST_NOT_T60_ISSUANCE,53.0,43
2022_12_GB_PHI,2022,12,13.8,2022-11-28T01:00,3397c2ee386d9b47ccb38e0c9e45c76ebd411fde1d5f743c4019df67ccd3c726,STITCHED_FORECAST_NOT_T60_ISSUANCE,73.0,46
2022_13_TEN_PHI,2022,13,5.8,2022-12-04T18:00,3397c2ee386d9b47ccb38e0c9e45c76ebd411fde1d5f743c4019df67ccd3c726,STITCHED_FORECAST_NOT_T60_ISSUANCE,45.0,44.5
2022_17_NO_PHI,2022,17,8.2,2023-01-01T18:00,3397c2ee386d9b47ccb38e0c9e45c76ebd411fde1d5f743c4019df67ccd3c726,STITCHED_FORECAST_NOT_T60_ISSUANCE,30.0,41.5
2022_18_NYG_PHI,2022,18,6.1,2023-01-08T21:00,3397c2ee386d9b47ccb38e0c9e45c76ebd411fde1d5f743c4019df67ccd3c726,STITCHED_FORECAST_NOT_T60_ISSUANCE,38.0,42.5
2023_02_MIN_PHI,2023,2,8.0,2023-09-15T00:00,3397c2ee386d9b47ccb38e0c9e45c76ebd411fde1d5f743c4019df67ccd3c726,STITCHED_FORECAST_NOT_T60_ISSUANCE,62.0,49
2023_04_WAS_PHI,2023,4,7.9,2023-10-01T17:00,3397c2ee386d9b47ccb38e0c9e45c76ebd411fde1d5f743c4019df67ccd3c726,STITCHED_FORECAST_NOT_T60_ISSUANCE,65.0,43
2023_07_MIA_PHI,2023,7,13.8,2023-10-23T00:00,3397c2ee386d9b47ccb38e0c9e45c76ebd411fde1d5f743c4019df67ccd3c726,STITCHED_FORECAST_NOT_T60_ISSUANCE,48.0,52
2023_09_DAL_PHI,2023,9,6.3,2023-11-05T21:00,3397c2ee386d9b47ccb38e0c9e45c76ebd411fde1d5f743c4019df67ccd3c726,STITCHED_FORECAST_NOT_T60_ISSUANCE,51.0,46.5
2023_12_BUF_PHI,2023,12,5.5,2023-11-26T21:00,3397c2ee386d9b47ccb38e0c9e45c76ebd411fde1d5f743c4019df67ccd3c726,STITCHED_FORECAST_NOT_T60_ISSUANCE,71.0,49
2023_13_SF_PHI,2023,13,4.3,2023-12-03T21:00,3397c2ee386d9b47ccb38e0c9e45c76ebd411fde1d5f743c4019df67ccd3c726,STITCHED_FORECAST_NOT_T60_ISSUANCE,61.0,46.5
2023_16_NYG_PHI,2023,16,3.0,2023-12-25T21:00,3397c2ee386d9b47ccb38e0c9e45c76ebd411fde1d5f743c4019df67ccd3c726,STITCHED_FORECAST_NOT_T60_ISSUANCE,58.0,41
2023_17_ARI_PHI,2023,17,6.9,2023-12-31T18:00,3397c2ee386d9b47ccb38e0c9e45c76ebd411fde1d5f743c4019df67ccd3c726,STITCHED_FORECAST_NOT_T60_ISSUANCE,66.0,48
2024_02_ATL_PHI,2024,2,6.9,2024-09-17T00:00,3397c2ee386d9b47ccb38e0c9e45c76ebd411fde1d5f743c4019df67ccd3c726,STITCHED_FORECAST_NOT_T60_ISSUANCE,43.0,46.5
2024_06_CLE_PHI,2024,6,10.0,2024-10-13T17:00,3397c2ee386d9b47ccb38e0c9e45c76ebd411fde1d5f743c4019df67ccd3c726,STITCHED_FORECAST_NOT_T60_ISSUANCE,36.0,42
2024_09_JAX_PHI,2024,9,4.1,2024-11-03T21:00,3397c2ee386d9b47ccb38e0c9e45c76ebd411fde1d5f743c4019df67ccd3c726,STITCHED_FORECAST_NOT_T60_ISSUANCE,51.0,46
2024_11_WAS_PHI,2024,11,7.4,2024-11-15T01:00,3397c2ee386d9b47ccb38e0c9e45c76ebd411fde1d5f743c4019df67ccd3c726,STITCHED_FORECAST_NOT_T60_ISSUANCE,44.0,49.5
2024_14_CAR_PHI,2024,14,12.8,2024-12-08T18:00,3397c2ee386d9b47ccb38e0c9e45c76ebd411fde1d5f743c4019df67ccd3c726,STITCHED_FORECAST_NOT_T60_ISSUANCE,38.0,44.5
2024_15_PIT_PHI,2024,15,4.9,2024-12-15T21:00,3397c2ee386d9b47ccb38e0c9e45c76ebd411fde1d5f743c4019df67ccd3c726,STITCHED_FORECAST_NOT_T60_ISSUANCE,40.0,43
2024_17_DAL_PHI,2024,17,11.7,2024-12-29T18:00,3397c2ee386d9b47ccb38e0c9e45c76ebd411fde1d5f743c4019df67ccd3c726,STITCHED_FORECAST_NOT_T60_ISSUANCE,48.0,37.5
2024_18_NYG_PHI,2024,18,13.3,2025-01-05T18:00,3397c2ee386d9b47ccb38e0c9e45c76ebd411fde1d5f743c4019df67ccd3c726,STITCHED_FORECAST_NOT_T60_ISSUANCE,33.0,36.5
2025_01_DAL_PHI,2025,1,7.8,2025-09-05T00:00,3397c2ee386d9b47ccb38e0c9e45c76ebd411fde1d5f743c4019df67ccd3c726,STITCHED_FORECAST_NOT_T60_ISSUANCE,44.0,47.5
2025_03_LA_PHI,2025,3,7.4,2025-09-21T17:00,3397c2ee386d9b47ccb38e0c9e45c76ebd411fde1d5f743c4019df67ccd3c726,STITCHED_FORECAST_NOT_T60_ISSUANCE,59.0,45.5
2025_05_DEN_PHI,2025,5,4.9,2025-10-05T17:00,3397c2ee386d9b47ccb38e0c9e45c76ebd411fde1d5f743c4019df67ccd3c726,STITCHED_FORECAST_NOT_T60_ISSUANCE,38.0,44.5
2025_08_NYG_PHI,2025,8,4.5,2025-10-26T17:00,3397c2ee386d9b47ccb38e0c9e45c76ebd411fde1d5f743c4019df67ccd3c726,STITCHED_FORECAST_NOT_T60_ISSUANCE,58.0,43.5
2025_11_DET_PHI,2025,11,12.8,2025-11-17T01:00,3397c2ee386d9b47ccb38e0c9e45c76ebd411fde1d5f743c4019df67ccd3c726,STITCHED_FORECAST_NOT_T60_ISSUANCE,25.0,46.5
2025_13_CHI_PHI,2025,13,14.8,2025-11-28T20:00,3397c2ee386d9b47ccb38e0c9e45c76ebd411fde1d5f743c4019df67ccd3c726,STITCHED_FORECAST_NOT_T60_ISSUANCE,39.0,43.5
2025_15_LV_PHI,2025,15,13.8,2025-12-14T18:00,3397c2ee386d9b47ccb38e0c9e45c76ebd411fde1d5f743c4019df67ccd3c726,STITCHED_FORECAST_NOT_T60_ISSUANCE,31.0,37.5
2025_18_WAS_PHI,2025,18,4.8,2026-01-04T21:00,3397c2ee386d9b47ccb38e0c9e45c76ebd411fde1d5f743c4019df67ccd3c726,STITCHED_FORECAST_NOT_T60_ISSUANCE,41.0,38.5
2022_07_NO_ARI,2022,7,1.5,2022-10-21T00:00,c397c36b448527908b7690f795a43df51ad2475d5558433e2db0684fbcc01628,STITCHED_FORECAST_NOT_T60_ISSUANCE,76.0,44
2022_09_SEA_ARI,2022,9,5.6,2022-11-06T21:00,c397c36b448527908b7690f795a43df51ad2475d5558433e2db0684fbcc01628,STITCHED_FORECAST_NOT_T60_ISSUANCE,52.0,49.5
2022_16_TB_ARI,2022,16,4.1,2022-12-26T01:00,c397c36b448527908b7690f795a43df51ad2475d5558433e2db0684fbcc01628,STITCHED_FORECAST_NOT_T60_ISSUANCE,35.0,41.5
2023_03_DAL_ARI,2023,3,2.3,2023-09-24T20:00,c397c36b448527908b7690f795a43df51ad2475d5558433e2db0684fbcc01628,STITCHED_FORECAST_NOT_T60_ISSUANCE,44.0,43.5
2023_15_SF_ARI,2023,15,3.6,2023-12-17T21:00,c397c36b448527908b7690f795a43df51ad2475d5558433e2db0684fbcc01628,STITCHED_FORECAST_NOT_T60_ISSUANCE,74.0,48
2022_02_NE_PIT,2022,2,9.2,2022-09-18T17:00,cc184b44c3a2b458cbd247e764600b41afe7b6fcacc9f61e0ba7077db9ecb137,STITCHED_FORECAST_NOT_T60_ISSUANCE,31.0,40
2022_04_NYJ_PIT,2022,4,7.8,2022-10-02T17:00,cc184b44c3a2b458cbd247e764600b41afe7b6fcacc9f61e0ba7077db9ecb137,STITCHED_FORECAST_NOT_T60_ISSUANCE,44.0,41
2022_06_TB_PIT,2022,6,9.0,2022-10-16T17:00,cc184b44c3a2b458cbd247e764600b41afe7b6fcacc9f61e0ba7077db9ecb137,STITCHED_FORECAST_NOT_T60_ISSUANCE,38.0,47
2022_10_NO_PIT,2022,10,11.2,2022-11-13T18:00,cc184b44c3a2b458cbd247e764600b41afe7b6fcacc9f61e0ba7077db9ecb137,STITCHED_FORECAST_NOT_T60_ISSUANCE,30.0,39.5
2022_11_CIN_PIT,2022,11,9.4,2022-11-20T21:00,cc184b44c3a2b458cbd247e764600b41afe7b6fcacc9f61e0ba7077db9ecb137,STITCHED_FORECAST_NOT_T60_ISSUANCE,67.0,39
2022_14_BAL_PIT,2022,14,7.1,2022-12-11T18:00,cc184b44c3a2b458cbd247e764600b41afe7b6fcacc9f61e0ba7077db9ecb137,STITCHED_FORECAST_NOT_T60_ISSUANCE,30.0,37
2022_16_LV_PIT,2022,16,14.2,2022-12-25T01:00,cc184b44c3a2b458cbd247e764600b41afe7b6fcacc9f61e0ba7077db9ecb137,STITCHED_FORECAST_NOT_T60_ISSUANCE,23.0,38.5
2022_18_CLE_PIT,2022,18,3.6,2023-01-08T18:00,cc184b44c3a2b458cbd247e764600b41afe7b6fcacc9f61e0ba7077db9ecb137,STITCHED_FORECAST_NOT_T60_ISSUANCE,42.0,40
2023_01_SF_PIT,2023,1,2.6,2023-09-10T17:00,cc184b44c3a2b458cbd247e764600b41afe7b6fcacc9f61e0ba7077db9ecb137,STITCHED_FORECAST_NOT_T60_ISSUANCE,37.0,41.5
2023_02_CLE_PIT,2023,2,6.9,2023-09-19T00:00,cc184b44c3a2b458cbd247e764600b41afe7b6fcacc9f61e0ba7077db9ecb137,STITCHED_FORECAST_NOT_T60_ISSUANCE,48.0,39
2023_05_BAL_PIT,2023,5,13.3,2023-10-08T17:00,cc184b44c3a2b458cbd247e764600b41afe7b6fcacc9f61e0ba7077db9ecb137,STITCHED_FORECAST_NOT_T60_ISSUANCE,27.0,38.5
2023_08_JAX_PIT,2023,8,2.4,2023-10-29T17:00,cc184b44c3a2b458cbd247e764600b41afe7b6fcacc9f61e0ba7077db9ecb137,STITCHED_FORECAST_NOT_T60_ISSUANCE,30.0,41
2023_09_TEN_PIT,2023,9,5.2,2023-11-03T00:00,cc184b44c3a2b458cbd247e764600b41afe7b6fcacc9f61e0ba7077db9ecb137,STITCHED_FORECAST_NOT_T60_ISSUANCE,36.0,37
2023_10_GB_PIT,2023,10,4.3,2023-11-12T18:00,cc184b44c3a2b458cbd247e764600b41afe7b6fcacc9f61e0ba7077db9ecb137,STITCHED_FORECAST_NOT_T60_ISSUANCE,42.0,38.5
2023_13_ARI_PIT,2023,13,9.2,2023-12-03T18:00,cc184b44c3a2b458cbd247e764600b41afe7b6fcacc9f61e0ba7077db9ecb137,STITCHED_FORECAST_NOT_T60_ISSUANCE,34.0,41
2023_14_NE_PIT,2023,14,4.5,2023-12-08T01:00,cc184b44c3a2b458cbd247e764600b41afe7b6fcacc9f61e0ba7077db9ecb137,STITCHED_FORECAST_NOT_T60_ISSUANCE,39.0,30
2023_16_CIN_PIT,2023,16,7.0,2023-12-23T21:00,cc184b44c3a2b458cbd247e764600b41afe7b6fcacc9f61e0ba7077db9ecb137,STITCHED_FORECAST_NOT_T60_ISSUANCE,45.0,39.5
2024_03_LAC_PIT,2024,3,1.8,2024-09-22T17:00,cc184b44c3a2b458cbd247e764600b41afe7b6fcacc9f61e0ba7077db9ecb137,STITCHED_FORECAST_NOT_T60_ISSUANCE,30.0,36
2024_05_DAL_PIT,2024,5,14.9,2024-10-07T00:00,cc184b44c3a2b458cbd247e764600b41afe7b6fcacc9f61e0ba7077db9ecb137,STITCHED_FORECAST_NOT_T60_ISSUANCE,37.0,43.5
2024_07_NYJ_PIT,2024,7,3.5,2024-10-21T00:00,cc184b44c3a2b458cbd247e764600b41afe7b6fcacc9f61e0ba7077db9ecb137,STITCHED_FORECAST_NOT_T60_ISSUANCE,52.0,40
2024_08_NYG_PIT,2024,8,2.5,2024-10-29T00:00,cc184b44c3a2b458cbd247e764600b41afe7b6fcacc9f61e0ba7077db9ecb137,STITCHED_FORECAST_NOT_T60_ISSUANCE,44.0,37.5
2024_11_BAL_PIT,2024,11,5.5,2024-11-17T18:00,cc184b44c3a2b458cbd247e764600b41afe7b6fcacc9f61e0ba7077db9ecb137,STITCHED_FORECAST_NOT_T60_ISSUANCE,34.0,48
2024_14_CLE_PIT,2024,14,10.3,2024-12-08T18:00,cc184b44c3a2b458cbd247e764600b41afe7b6fcacc9f61e0ba7077db9ecb137,STITCHED_FORECAST_NOT_T60_ISSUANCE,41.0,43
2024_17_KC_PIT,2024,17,1.9,2024-12-25T18:00,cc184b44c3a2b458cbd247e764600b41afe7b6fcacc9f61e0ba7077db9ecb137,STITCHED_FORECAST_NOT_T60_ISSUANCE,39.0,43.5
2024_18_CIN_PIT,2024,18,9.7,2025-01-05T01:00,cc184b44c3a2b458cbd247e764600b41afe7b6fcacc9f61e0ba7077db9ecb137,STITCHED_FORECAST_NOT_T60_ISSUANCE,36.0,48.5
2025_02_SEA_PIT,2025,2,3.6,2025-09-14T17:00,cc184b44c3a2b458cbd247e764600b41afe7b6fcacc9f61e0ba7077db9ecb137,STITCHED_FORECAST_NOT_T60_ISSUANCE,48.0,40.5
2025_04_MIN_PIT,2025,4,2.1,2025-09-28T13:00,cc184b44c3a2b458cbd247e764600b41afe7b6fcacc9f61e0ba7077db9ecb137,STITCHED_FORECAST_NOT_T60_ISSUANCE,45.0,41.5
2025_06_CLE_PIT,2025,6,8.5,2025-10-12T17:00,cc184b44c3a2b458cbd247e764600b41afe7b6fcacc9f61e0ba7077db9ecb137,STITCHED_FORECAST_NOT_T60_ISSUANCE,32.0,37.5
2025_08_GB_PIT,2025,8,5.0,2025-10-27T00:00,cc184b44c3a2b458cbd247e764600b41afe7b6fcacc9f61e0ba7077db9ecb137,STITCHED_FORECAST_NOT_T60_ISSUANCE,60.0,46.5
2025_09_IND_PIT,2025,9,3.8,2025-11-02T18:00,cc184b44c3a2b458cbd247e764600b41afe7b6fcacc9f61e0ba7077db9ecb137,STITCHED_FORECAST_NOT_T60_ISSUANCE,47.0,51.5
2025_11_CIN_PIT,2025,11,14.6,2025-11-16T18:00,cc184b44c3a2b458cbd247e764600b41afe7b6fcacc9f61e0ba7077db9ecb137,STITCHED_FORECAST_NOT_T60_ISSUANCE,46.0,48.5
2025_13_BUF_PIT,2025,13,12.7,2025-11-30T21:00,cc184b44c3a2b458cbd247e764600b41afe7b6fcacc9f61e0ba7077db9ecb137,STITCHED_FORECAST_NOT_T60_ISSUANCE,33.0,44.5
2025_15_MIA_PIT,2025,15,7.6,2025-12-16T01:00,cc184b44c3a2b458cbd247e764600b41afe7b6fcacc9f61e0ba7077db9ecb137,STITCHED_FORECAST_NOT_T60_ISSUANCE,43.0,42.5
2025_18_BAL_PIT,2025,18,0.8,2026-01-05T01:00,cc184b44c3a2b458cbd247e764600b41afe7b6fcacc9f61e0ba7077db9ecb137,STITCHED_FORECAST_NOT_T60_ISSUANCE,50.0,41.5
2024_01_GB_PHI,2024,1,5.5,2024-09-07T00:00,a9a31e8178034b017e1c33d0bb728e47a300be40f1213184869f0152121b5575,STITCHED_FORECAST_NOT_T60_ISSUANCE,63.0,49.5
2022_01_DEN_SEA,2022,1,3.5,2022-09-13T00:00,669e5fb51b0586f234d4adea8374f314a2743d9b0a3cf6f81dfb7c71b25dbda3,STITCHED_FORECAST_NOT_T60_ISSUANCE,33.0,44
2022_03_ATL_SEA,2022,3,5.9,2022-09-25T20:00,669e5fb51b0586f234d4adea8374f314a2743d9b0a3cf6f81dfb7c71b25dbda3,STITCHED_FORECAST_NOT_T60_ISSUANCE,50.0,43
2022_06_ARI_SEA,2022,6,2.1,2022-10-16T20:00,669e5fb51b0586f234d4adea8374f314a2743d9b0a3cf6f81dfb7c71b25dbda3,STITCHED_FORECAST_NOT_T60_ISSUANCE,28.0,50
2022_08_NYG_SEA,2022,8,10.3,2022-10-30T20:00,669e5fb51b0586f234d4adea8374f314a2743d9b0a3cf6f81dfb7c71b25dbda3,STITCHED_FORECAST_NOT_T60_ISSUANCE,40.0,44.5
2022_12_LV_SEA,2022,12,3.4,2022-11-27T21:00,669e5fb51b0586f234d4adea8374f314a2743d9b0a3cf6f81dfb7c71b25dbda3,STITCHED_FORECAST_NOT_T60_ISSUANCE,74.0,47.5
2022_14_CAR_SEA,2022,14,3.6,2022-12-11T21:00,669e5fb51b0586f234d4adea8374f314a2743d9b0a3cf6f81dfb7c71b25dbda3,STITCHED_FORECAST_NOT_T60_ISSUANCE,54.0,44.5
2022_15_SF_SEA,2022,15,5.0,2022-12-16T01:00,669e5fb51b0586f234d4adea8374f314a2743d9b0a3cf6f81dfb7c71b25dbda3,STITCHED_FORECAST_NOT_T60_ISSUANCE,34.0,43
2022_17_NYJ_SEA,2022,17,3.0,2023-01-01T21:00,669e5fb51b0586f234d4adea8374f314a2743d9b0a3cf6f81dfb7c71b25dbda3,STITCHED_FORECAST_NOT_T60_ISSUANCE,29.0,43
2022_18_LA_SEA,2022,18,7.4,2023-01-08T21:00,669e5fb51b0586f234d4adea8374f314a2743d9b0a3cf6f81dfb7c71b25dbda3,STITCHED_FORECAST_NOT_T60_ISSUANCE,35.0,41.5
2023_01_LA_SEA,2023,1,7.5,2023-09-10T20:00,669e5fb51b0586f234d4adea8374f314a2743d9b0a3cf6f81dfb7c71b25dbda3,STITCHED_FORECAST_NOT_T60_ISSUANCE,43.0,45
2023_03_CAR_SEA,2023,3,4.0,2023-09-24T20:00,669e5fb51b0586f234d4adea8374f314a2743d9b0a3cf6f81dfb7c71b25dbda3,STITCHED_FORECAST_NOT_T60_ISSUANCE,64.0,42.5
2023_07_ARI_SEA,2023,7,5.3,2023-10-22T20:00,669e5fb51b0586f234d4adea8374f314a2743d9b0a3cf6f81dfb7c71b25dbda3,STITCHED_FORECAST_NOT_T60_ISSUANCE,30.0,43.5
2023_08_CLE_SEA,2023,8,4.0,2023-10-29T20:00,669e5fb51b0586f234d4adea8374f314a2743d9b0a3cf6f81dfb7c71b25dbda3,STITCHED_FORECAST_NOT_T60_ISSUANCE,44.0,39.5
2023_10_WAS_SEA,2023,10,4.4,2023-11-12T21:00,669e5fb51b0586f234d4adea8374f314a2743d9b0a3cf6f81dfb7c71b25dbda3,STITCHED_FORECAST_NOT_T60_ISSUANCE,55.0,44
2023_12_SF_SEA,2023,12,7.4,2023-11-24T01:00,669e5fb51b0586f234d4adea8374f314a2743d9b0a3cf6f81dfb7c71b25dbda3,STITCHED_FORECAST_NOT_T60_ISSUANCE,44.0,43.5
2023_15_PHI_SEA,2023,15,0.0,2023-12-19T01:00,669e5fb51b0586f234d4adea8374f314a2743d9b0a3cf6f81dfb7c71b25dbda3,STITCHED_FORECAST_NOT_T60_ISSUANCE,37.0,46
2023_17_PIT_SEA,2023,17,1.6,2023-12-31T21:00,669e5fb51b0586f234d4adea8374f314a2743d9b0a3cf6f81dfb7c71b25dbda3,STITCHED_FORECAST_NOT_T60_ISSUANCE,53.0,40.5
2024_01_DEN_SEA,2024,1,6.8,2024-09-08T20:00,669e5fb51b0586f234d4adea8374f314a2743d9b0a3cf6f81dfb7c71b25dbda3,STITCHED_FORECAST_NOT_T60_ISSUANCE,46.0,42
2024_03_MIA_SEA,2024,3,3.6,2024-09-22T20:00,669e5fb51b0586f234d4adea8374f314a2743d9b0a3cf6f81dfb7c71b25dbda3,STITCHED_FORECAST_NOT_T60_ISSUANCE,27.0,41.5
2024_05_NYG_SEA,2024,5,5.0,2024-10-06T20:00,669e5fb51b0586f234d4adea8374f314a2743d9b0a3cf6f81dfb7c71b25dbda3,STITCHED_FORECAST_NOT_T60_ISSUANCE,49.0,42.5
2024_06_SF_SEA,2024,6,9.9,2024-10-11T00:00,669e5fb51b0586f234d4adea8374f314a2743d9b0a3cf6f81dfb7c71b25dbda3,STITCHED_FORECAST_NOT_T60_ISSUANCE,60.0,49
2024_08_BUF_SEA,2024,8,12.3,2024-10-27T20:00,669e5fb51b0586f234d4adea8374f314a2743d9b0a3cf6f81dfb7c71b25dbda3,STITCHED_FORECAST_NOT_T60_ISSUANCE,41.0,45.5
2024_09_LA_SEA,2024,9,4.9,2024-11-03T21:00,669e5fb51b0586f234d4adea8374f314a2743d9b0a3cf6f81dfb7c71b25dbda3,STITCHED_FORECAST_NOT_T60_ISSUANCE,46.0,48.5
2024_12_ARI_SEA,2024,12,1.7,2024-11-24T21:00,669e5fb51b0586f234d4adea8374f314a2743d9b0a3cf6f81dfb7c71b25dbda3,STITCHED_FORECAST_NOT_T60_ISSUANCE,22.0,46.5
2024_15_GB_SEA,2024,15,2.5,2024-12-16T01:00,669e5fb51b0586f234d4adea8374f314a2743d9b0a3cf6f81dfb7c71b25dbda3,STITCHED_FORECAST_NOT_T60_ISSUANCE,43.0,48
2024_16_MIN_SEA,2024,16,3.0,2024-12-22T21:00,669e5fb51b0586f234d4adea8374f314a2743d9b0a3cf6f81dfb7c71b25dbda3,STITCHED_FORECAST_NOT_T60_ISSUANCE,51.0,43
2025_01_SF_SEA,2025,1,4.7,2025-09-07T20:00,669e5fb51b0586f234d4adea8374f314a2743d9b0a3cf6f81dfb7c71b25dbda3,STITCHED_FORECAST_NOT_T60_ISSUANCE,30.0,43.5
2025_03_NO_SEA,2025,3,2.6,2025-09-21T20:00,669e5fb51b0586f234d4adea8374f314a2743d9b0a3cf6f81dfb7c71b25dbda3,STITCHED_FORECAST_NOT_T60_ISSUANCE,57.0,41.5
2025_05_TB_SEA,2025,5,7.2,2025-10-05T20:00,669e5fb51b0586f234d4adea8374f314a2743d9b0a3cf6f81dfb7c71b25dbda3,STITCHED_FORECAST_NOT_T60_ISSUANCE,73.0,44.5
2025_07_HOU_SEA,2025,7,0.7,2025-10-21T02:00,669e5fb51b0586f234d4adea8374f314a2743d9b0a3cf6f81dfb7c71b25dbda3,STITCHED_FORECAST_NOT_T60_ISSUANCE,46.0,41.5
2025_10_ARI_SEA,2025,10,5.4,2025-11-09T21:00,669e5fb51b0586f234d4adea8374f314a2743d9b0a3cf6f81dfb7c71b25dbda3,STITCHED_FORECAST_NOT_T60_ISSUANCE,66.0,44.5
2025_13_MIN_SEA,2025,13,2.1,2025-11-30T21:00,669e5fb51b0586f234d4adea8374f314a2743d9b0a3cf6f81dfb7c71b25dbda3,STITCHED_FORECAST_NOT_T60_ISSUANCE,26.0,42.5
2025_15_IND_SEA,2025,15,8.6,2025-12-14T21:00,669e5fb51b0586f234d4adea8374f314a2743d9b0a3cf6f81dfb7c71b25dbda3,STITCHED_FORECAST_NOT_T60_ISSUANCE,34.0,41.5
2025_16_LA_SEA,2025,16,18.5,2025-12-19T01:00,669e5fb51b0586f234d4adea8374f314a2743d9b0a3cf6f81dfb7c71b25dbda3,STITCHED_FORECAST_NOT_T60_ISSUANCE,75.0,42.5
2022_02_SEA_SF,2022,2,9.9,2022-09-18T20:00,30942f319ce274ba6476a1fc33cea4502313a1e6cb1e40404ca2221b5ee35ebd,STITCHED_FORECAST_NOT_T60_ISSUANCE,34.0,40
2022_04_LA_SF,2022,4,9.2,2022-10-04T00:00,30942f319ce274ba6476a1fc33cea4502313a1e6cb1e40404ca2221b5ee35ebd,STITCHED_FORECAST_NOT_T60_ISSUANCE,33.0,42
2022_07_KC_SF,2022,7,8.6,2022-10-23T20:00,30942f319ce274ba6476a1fc33cea4502313a1e6cb1e40404ca2221b5ee35ebd,STITCHED_FORECAST_NOT_T60_ISSUANCE,67.0,49
2022_10_LAC_SF,2022,10,4.5,2022-11-14T01:00,30942f319ce274ba6476a1fc33cea4502313a1e6cb1e40404ca2221b5ee35ebd,STITCHED_FORECAST_NOT_T60_ISSUANCE,38.0,45.5
2022_12_NO_SF,2022,12,3.5,2022-11-27T21:00,30942f319ce274ba6476a1fc33cea4502313a1e6cb1e40404ca2221b5ee35ebd,STITCHED_FORECAST_NOT_T60_ISSUANCE,13.0,44
2022_13_MIA_SF,2022,13,7.1,2022-12-04T21:00,30942f319ce274ba6476a1fc33cea4502313a1e6cb1e40404ca2221b5ee35ebd,STITCHED_FORECAST_NOT_T60_ISSUANCE,50.0,46
2022_14_TB_SF,2022,14,9.3,2022-12-11T21:00,30942f319ce274ba6476a1fc33cea4502313a1e6cb1e40404ca2221b5ee35ebd,STITCHED_FORECAST_NOT_T60_ISSUANCE,42.0,38
2022_16_WAS_SF,2022,16,2.2,2022-12-24T21:00,30942f319ce274ba6476a1fc33cea4502313a1e6cb1e40404ca2221b5ee35ebd,STITCHED_FORECAST_NOT_T60_ISSUANCE,57.0,37.5
2022_18_ARI_SF,2022,18,7.1,2023-01-08T21:00,30942f319ce274ba6476a1fc33cea4502313a1e6cb1e40404ca2221b5ee35ebd,STITCHED_FORECAST_NOT_T60_ISSUANCE,51.0,40
2023_03_NYG_SF,2023,3,9.6,2023-09-22T00:00,30942f319ce274ba6476a1fc33cea4502313a1e6cb1e40404ca2221b5ee35ebd,STITCHED_FORECAST_NOT_T60_ISSUANCE,42.0,43.5
2023_04_ARI_SF,2023,4,5.3,2023-10-01T20:00,30942f319ce274ba6476a1fc33cea4502313a1e6cb1e40404ca2221b5ee35ebd,STITCHED_FORECAST_NOT_T60_ISSUANCE,51.0,44
2023_05_DAL_SF,2023,5,10.7,2023-10-09T00:00,30942f319ce274ba6476a1fc33cea4502313a1e6cb1e40404ca2221b5ee35ebd,STITCHED_FORECAST_NOT_T60_ISSUANCE,52.0,45
2023_08_CIN_SF,2023,8,3.2,2023-10-29T20:00,30942f319ce274ba6476a1fc33cea4502313a1e6cb1e40404ca2221b5ee35ebd,STITCHED_FORECAST_NOT_T60_ISSUANCE,48.0,44
2023_11_TB_SF,2023,11,8.2,2023-11-19T21:00,30942f319ce274ba6476a1fc33cea4502313a1e6cb1e40404ca2221b5ee35ebd,STITCHED_FORECAST_NOT_T60_ISSUANCE,41.0,41.5
2023_14_SEA_SF,2023,14,3.5,2023-12-10T21:00,30942f319ce274ba6476a1fc33cea4502313a1e6cb1e40404ca2221b5ee35ebd,STITCHED_FORECAST_NOT_T60_ISSUANCE,44.0,44.5
2023_16_BAL_SF,2023,16,5.6,2023-12-26T01:00,30942f319ce274ba6476a1fc33cea4502313a1e6cb1e40404ca2221b5ee35ebd,STITCHED_FORECAST_NOT_T60_ISSUANCE,52.0,47.5
2023_18_LA_SF,2023,18,6.7,2024-01-07T21:00,30942f319ce274ba6476a1fc33cea4502313a1e6cb1e40404ca2221b5ee35ebd,STITCHED_FORECAST_NOT_T60_ISSUANCE,41.0,40
2024_01_NYJ_SF,2024,1,10.1,2024-09-10T00:00,30942f319ce274ba6476a1fc33cea4502313a1e6cb1e40404ca2221b5ee35ebd,STITCHED_FORECAST_NOT_T60_ISSUANCE,51.0,43
2024_04_NE_SF,2024,4,5.0,2024-09-29T20:00,30942f319ce274ba6476a1fc33cea4502313a1e6cb1e40404ca2221b5ee35ebd,STITCHED_FORECAST_NOT_T60_ISSUANCE,43.0,41.5
2024_05_ARI_SF,2024,5,5.1,2024-10-06T20:00,30942f319ce274ba6476a1fc33cea4502313a1e6cb1e40404ca2221b5ee35ebd,STITCHED_FORECAST_NOT_T60_ISSUANCE,47.0,48.5
2024_07_KC_SF,2024,7,2.4,2024-10-20T20:00,30942f319ce274ba6476a1fc33cea4502313a1e6cb1e40404ca2221b5ee35ebd,STITCHED_FORECAST_NOT_T60_ISSUANCE,46.0,47.5
2024_08_DAL_SF,2024,8,8.7,2024-10-28T00:00,30942f319ce274ba6476a1fc33cea4502313a1e6cb1e40404ca2221b5ee35ebd,STITCHED_FORECAST_NOT_T60_ISSUANCE,54.0,48
2024_11_SEA_SF,2024,11,3.4,2024-11-17T21:00,30942f319ce274ba6476a1fc33cea4502313a1e6cb1e40404ca2221b5ee35ebd,STITCHED_FORECAST_NOT_T60_ISSUANCE,37.0,49
2024_14_CHI_SF,2024,14,4.8,2024-12-08T21:00,30942f319ce274ba6476a1fc33cea4502313a1e6cb1e40404ca2221b5ee35ebd,STITCHED_FORECAST_NOT_T60_ISSUANCE,51.0,43.5
2024_15_LA_SF,2024,15,3.2,2024-12-13T01:00,30942f319ce274ba6476a1fc33cea4502313a1e6cb1e40404ca2221b5ee35ebd,STITCHED_FORECAST_NOT_T60_ISSUANCE,18.0,48.5
2024_17_DET_SF,2024,17,5.1,2024-12-31T01:00,30942f319ce274ba6476a1fc33cea4502313a1e6cb1e40404ca2221b5ee35ebd,STITCHED_FORECAST_NOT_T60_ISSUANCE,74.0,50.5
2025_03_ARI_SF,2025,3,4.4,2025-09-21T20:00,30942f319ce274ba6476a1fc33cea4502313a1e6cb1e40404ca2221b5ee35ebd,STITCHED_FORECAST_NOT_T60_ISSUANCE,31.0,44.5
2025_04_JAX_SF,2025,4,4.5,2025-09-28T20:00,30942f319ce274ba6476a1fc33cea4502313a1e6cb1e40404ca2221b5ee35ebd,STITCHED_FORECAST_NOT_T60_ISSUANCE,47.0,45.5
2025_07_ATL_SF,2025,7,5.0,2025-10-20T00:00,30942f319ce274ba6476a1fc33cea4502313a1e6cb1e40404ca2221b5ee35ebd,STITCHED_FORECAST_NOT_T60_ISSUANCE,30.0,46.5
2025_10_LA_SF,2025,10,3.2,2025-11-09T21:00,30942f319ce274ba6476a1fc33cea4502313a1e6cb1e40404ca2221b5ee35ebd,STITCHED_FORECAST_NOT_T60_ISSUANCE,68.0,49.5
2025_12_CAR_SF,2025,12,5.6,2025-11-25T01:00,30942f319ce274ba6476a1fc33cea4502313a1e6cb1e40404ca2221b5ee35ebd,STITCHED_FORECAST_NOT_T60_ISSUANCE,29.0,48.5
2025_15_TEN_SF,2025,15,3.9,2025-12-14T21:00,30942f319ce274ba6476a1fc33cea4502313a1e6cb1e40404ca2221b5ee35ebd,STITCHED_FORECAST_NOT_T60_ISSUANCE,61.0,44.5
2025_17_CHI_SF,2025,17,4.9,2025-12-29T01:00,30942f319ce274ba6476a1fc33cea4502313a1e6cb1e40404ca2221b5ee35ebd,STITCHED_FORECAST_NOT_T60_ISSUANCE,80.0,51.5
2025_18_SEA_SF,2025,18,7.5,2026-01-04T01:00,30942f319ce274ba6476a1fc33cea4502313a1e6cb1e40404ca2221b5ee35ebd,STITCHED_FORECAST_NOT_T60_ISSUANCE,16.0,47.5
2022_03_GB_TB,2022,3,6.1,2022-09-25T20:00,27bd018d8a20fedfca066bfebd121af7990e3fe81bfb4a54d44ba5e9eb5ee575,STITCHED_FORECAST_NOT_T60_ISSUANCE,26.0,41.5
2022_04_KC_TB,2022,4,8.1,2022-10-03T00:00,27bd018d8a20fedfca066bfebd121af7990e3fe81bfb4a54d44ba5e9eb5ee575,STITCHED_FORECAST_NOT_T60_ISSUANCE,72.0,46.5
2022_05_ATL_TB,2022,5,9.7,2022-10-09T17:00,27bd018d8a20fedfca066bfebd121af7990e3fe81bfb4a54d44ba5e9eb5ee575,STITCHED_FORECAST_NOT_T60_ISSUANCE,36.0,46
2022_08_BAL_TB,2022,8,3.8,2022-10-28T00:00,27bd018d8a20fedfca066bfebd121af7990e3fe81bfb4a54d44ba5e9eb5ee575,STITCHED_FORECAST_NOT_T60_ISSUANCE,49.0,46
2022_09_LA_TB,2022,9,12.8,2022-11-06T21:00,27bd018d8a20fedfca066bfebd121af7990e3fe81bfb4a54d44ba5e9eb5ee575,STITCHED_FORECAST_NOT_T60_ISSUANCE,29.0,43
2022_13_NO_TB,2022,13,4.0,2022-12-06T01:00,27bd018d8a20fedfca066bfebd121af7990e3fe81bfb4a54d44ba5e9eb5ee575,STITCHED_FORECAST_NOT_T60_ISSUANCE,33.0,41
2022_15_CIN_TB,2022,15,11.7,2022-12-18T21:00,27bd018d8a20fedfca066bfebd121af7990e3fe81bfb4a54d44ba5e9eb5ee575,STITCHED_FORECAST_NOT_T60_ISSUANCE,57.0,47
2022_17_CAR_TB,2022,17,5.4,2023-01-01T18:00,27bd018d8a20fedfca066bfebd121af7990e3fe81bfb4a54d44ba5e9eb5ee575,STITCHED_FORECAST_NOT_T60_ISSUANCE,54.0,40.5
2023_02_CHI_TB,2023,2,9.2,2023-09-17T17:00,27bd018d8a20fedfca066bfebd121af7990e3fe81bfb4a54d44ba5e9eb5ee575,STITCHED_FORECAST_NOT_T60_ISSUANCE,44.0,41
2023_03_PHI_TB,2023,3,5.2,2023-09-25T23:00,27bd018d8a20fedfca066bfebd121af7990e3fe81bfb4a54d44ba5e9eb5ee575,STITCHED_FORECAST_NOT_T60_ISSUANCE,36.0,44
2023_06_DET_TB,2023,6,15.0,2023-10-15T20:00,27bd018d8a20fedfca066bfebd121af7990e3fe81bfb4a54d44ba5e9eb5ee575,STITCHED_FORECAST_NOT_T60_ISSUANCE,26.0,43.5
2023_07_ATL_TB,2023,7,5.2,2023-10-22T17:00,27bd018d8a20fedfca066bfebd121af7990e3fe81bfb4a54d44ba5e9eb5ee575,STITCHED_FORECAST_NOT_T60_ISSUANCE,29.0,37.5
2023_10_TEN_TB,2023,10,6.0,2023-11-12T18:00,27bd018d8a20fedfca066bfebd121af7990e3fe81bfb4a54d44ba5e9eb5ee575,STITCHED_FORECAST_NOT_T60_ISSUANCE,26.0,39.5
2023_13_CAR_TB,2023,13,9.2,2023-12-03T21:00,27bd018d8a20fedfca066bfebd121af7990e3fe81bfb4a54d44ba5e9eb5ee575,STITCHED_FORECAST_NOT_T60_ISSUANCE,39.0,37
2023_16_JAX_TB,2023,16,14.8,2023-12-24T21:00,27bd018d8a20fedfca066bfebd121af7990e3fe81bfb4a54d44ba5e9eb5ee575,STITCHED_FORECAST_NOT_T60_ISSUANCE,42.0,43
2023_17_NO_TB,2023,17,6.5,2023-12-31T18:00,27bd018d8a20fedfca066bfebd121af7990e3fe81bfb4a54d44ba5e9eb5ee575,STITCHED_FORECAST_NOT_T60_ISSUANCE,36.0,42.5
2024_01_WAS_TB,2024,1,7.8,2024-09-08T20:00,27bd018d8a20fedfca066bfebd121af7990e3fe81bfb4a54d44ba5e9eb5ee575,STITCHED_FORECAST_NOT_T60_ISSUANCE,57.0,42
2024_03_DEN_TB,2024,3,7.6,2024-09-22T17:00,27bd018d8a20fedfca066bfebd121af7990e3fe81bfb4a54d44ba5e9eb5ee575,STITCHED_FORECAST_NOT_T60_ISSUANCE,33.0,40.5
2024_04_PHI_TB,2024,4,10.5,2024-09-29T17:00,27bd018d8a20fedfca066bfebd121af7990e3fe81bfb4a54d44ba5e9eb5ee575,STITCHED_FORECAST_NOT_T60_ISSUANCE,49.0,42
2024_07_BAL_TB,2024,7,12.9,2024-10-22T00:00,27bd018d8a20fedfca066bfebd121af7990e3fe81bfb4a54d44ba5e9eb5ee575,STITCHED_FORECAST_NOT_T60_ISSUANCE,72.0,51
2024_08_ATL_TB,2024,8,8.4,2024-10-27T17:00,27bd018d8a20fedfca066bfebd121af7990e3fe81bfb4a54d44ba5e9eb5ee575,STITCHED_FORECAST_NOT_T60_ISSUANCE,57.0,47
2024_10_SF_TB,2024,10,11.8,2024-11-10T18:00,27bd018d8a20fedfca066bfebd121af7990e3fe81bfb4a54d44ba5e9eb5ee575,STITCHED_FORECAST_NOT_T60_ISSUANCE,43.0,50.5
2024_14_LV_TB,2024,14,4.7,2024-12-08T18:00,27bd018d8a20fedfca066bfebd121af7990e3fe81bfb4a54d44ba5e9eb5ee575,STITCHED_FORECAST_NOT_T60_ISSUANCE,41.0,47
2024_17_CAR_TB,2024,17,9.1,2024-12-29T18:00,27bd018d8a20fedfca066bfebd121af7990e3fe81bfb4a54d44ba5e9eb5ee575,STITCHED_FORECAST_NOT_T60_ISSUANCE,62.0,47.5
2024_18_NO_TB,2024,18,8.3,2025-01-05T18:00,27bd018d8a20fedfca066bfebd121af7990e3fe81bfb4a54d44ba5e9eb5ee575,STITCHED_FORECAST_NOT_T60_ISSUANCE,46.0,44.5
2025_03_NYJ_TB,2025,3,8.8,2025-09-21T17:00,27bd018d8a20fedfca066bfebd121af7990e3fe81bfb4a54d44ba5e9eb5ee575,STITCHED_FORECAST_NOT_T60_ISSUANCE,56.0,43.5
2025_04_PHI_TB,2025,4,6.9,2025-09-28T17:00,27bd018d8a20fedfca066bfebd121af7990e3fe81bfb4a54d44ba5e9eb5ee575,STITCHED_FORECAST_NOT_T60_ISSUANCE,56.0,44.5
2025_06_SF_TB,2025,6,11.4,2025-10-12T20:00,27bd018d8a20fedfca066bfebd121af7990e3fe81bfb4a54d44ba5e9eb5ee575,STITCHED_FORECAST_NOT_T60_ISSUANCE,49.0,46.5
2025_10_NE_TB,2025,10,11.4,2025-11-09T18:00,27bd018d8a20fedfca066bfebd121af7990e3fe81bfb4a54d44ba5e9eb5ee575,STITCHED_FORECAST_NOT_T60_ISSUANCE,51.0,48.5
2025_13_ARI_TB,2025,13,8.3,2025-11-30T18:00,27bd018d8a20fedfca066bfebd121af7990e3fe81bfb4a54d44ba5e9eb5ee575,STITCHED_FORECAST_NOT_T60_ISSUANCE,37.0,44.5
2025_14_NO_TB,2025,14,9.0,2025-12-07T18:00,27bd018d8a20fedfca066bfebd121af7990e3fe81bfb4a54d44ba5e9eb5ee575,STITCHED_FORECAST_NOT_T60_ISSUANCE,44.0,41.5
2025_15_ATL_TB,2025,15,5.8,2025-12-12T01:00,27bd018d8a20fedfca066bfebd121af7990e3fe81bfb4a54d44ba5e9eb5ee575,STITCHED_FORECAST_NOT_T60_ISSUANCE,57.0,43.5
2025_18_CAR_TB,2025,18,14.4,2026-01-03T21:00,27bd018d8a20fedfca066bfebd121af7990e3fe81bfb4a54d44ba5e9eb5ee575,STITCHED_FORECAST_NOT_T60_ISSUANCE,30.0,43.5
2022_01_JAX_WAS,2022,1,2.7,2022-09-11T17:00,e36b2d4d25869a14271782d81b749bebacc204cff85a48f0227ec4f857112bd9,STITCHED_FORECAST_NOT_T60_ISSUANCE,50.0,43.5
2022_03_PHI_WAS,2022,3,12.3,2022-09-25T17:00,e36b2d4d25869a14271782d81b749bebacc204cff85a48f0227ec4f857112bd9,STITCHED_FORECAST_NOT_T60_ISSUANCE,32.0,47
2022_05_TEN_WAS,2022,5,8.1,2022-10-09T17:00,e36b2d4d25869a14271782d81b749bebacc204cff85a48f0227ec4f857112bd9,STITCHED_FORECAST_NOT_T60_ISSUANCE,38.0,43
2022_07_GB_WAS,2022,7,8.8,2022-10-23T17:00,e36b2d4d25869a14271782d81b749bebacc204cff85a48f0227ec4f857112bd9,STITCHED_FORECAST_NOT_T60_ISSUANCE,44.0,41.5
2022_09_MIN_WAS,2022,9,7.6,2022-11-06T18:00,e36b2d4d25869a14271782d81b749bebacc204cff85a48f0227ec4f857112bd9,STITCHED_FORECAST_NOT_T60_ISSUANCE,37.0,43.5
2022_12_ATL_WAS,2022,12,11.5,2022-11-27T18:00,e36b2d4d25869a14271782d81b749bebacc204cff85a48f0227ec4f857112bd9,STITCHED_FORECAST_NOT_T60_ISSUANCE,32.0,40.5
2022_15_NYG_WAS,2022,15,10.3,2022-12-19T01:00,e36b2d4d25869a14271782d81b749bebacc204cff85a48f0227ec4f857112bd9,STITCHED_FORECAST_NOT_T60_ISSUANCE,32.0,40.5
2022_17_CLE_WAS,2022,17,7.0,2023-01-01T18:00,e36b2d4d25869a14271782d81b749bebacc204cff85a48f0227ec4f857112bd9,STITCHED_FORECAST_NOT_T60_ISSUANCE,34.0,41.5
2022_18_DAL_WAS,2022,18,6.3,2023-01-08T21:00,e36b2d4d25869a14271782d81b749bebacc204cff85a48f0227ec4f857112bd9,STITCHED_FORECAST_NOT_T60_ISSUANCE,32.0,40.5
2023_01_ARI_WAS,2023,1,3.0,2023-09-10T17:00,e36b2d4d25869a14271782d81b749bebacc204cff85a48f0227ec4f857112bd9,STITCHED_FORECAST_NOT_T60_ISSUANCE,36.0,38
2023_03_BUF_WAS,2023,3,2.4,2023-09-24T17:00,e36b2d4d25869a14271782d81b749bebacc204cff85a48f0227ec4f857112bd9,STITCHED_FORECAST_NOT_T60_ISSUANCE,40.0,44
2023_05_CHI_WAS,2023,5,5.1,2023-10-06T00:00,e36b2d4d25869a14271782d81b749bebacc204cff85a48f0227ec4f857112bd9,STITCHED_FORECAST_NOT_T60_ISSUANCE,60.0,45.5
2023_08_PHI_WAS,2023,8,1.8,2023-10-29T17:00,e36b2d4d25869a14271782d81b749bebacc204cff85a48f0227ec4f857112bd9,STITCHED_FORECAST_NOT_T60_ISSUANCE,69.0,42.5
2023_11_NYG_WAS,2023,11,8.0,2023-11-19T18:00,e36b2d4d25869a14271782d81b749bebacc204cff85a48f0227ec4f857112bd9,STITCHED_FORECAST_NOT_T60_ISSUANCE,50.0,39
2023_13_MIA_WAS,2023,13,2.4,2023-12-03T18:00,e36b2d4d25869a14271782d81b749bebacc204cff85a48f0227ec4f857112bd9,STITCHED_FORECAST_NOT_T60_ISSUANCE,60.0,50
2023_17_SF_WAS,2023,17,5.9,2023-12-31T18:00,e36b2d4d25869a14271782d81b749bebacc204cff85a48f0227ec4f857112bd9,STITCHED_FORECAST_NOT_T60_ISSUANCE,37.0,49
2023_18_DAL_WAS,2023,18,11.7,2024-01-07T21:00,e36b2d4d25869a14271782d81b749bebacc204cff85a48f0227ec4f857112bd9,STITCHED_FORECAST_NOT_T60_ISSUANCE,48.0,47.5
2024_02_NYG_WAS,2024,2,10.1,2024-09-15T17:00,e36b2d4d25869a14271782d81b749bebacc204cff85a48f0227ec4f857112bd9,STITCHED_FORECAST_NOT_T60_ISSUANCE,39.0,42.5
2024_05_CLE_WAS,2024,5,5.6,2024-10-06T17:00,e36b2d4d25869a14271782d81b749bebacc204cff85a48f0227ec4f857112bd9,STITCHED_FORECAST_NOT_T60_ISSUANCE,47.0,44
2024_07_CAR_WAS,2024,7,4.2,2024-10-20T20:00,e36b2d4d25869a14271782d81b749bebacc204cff85a48f0227ec4f857112bd9,STITCHED_FORECAST_NOT_T60_ISSUANCE,47.0,51
2024_08_CHI_WAS,2024,8,2.6,2024-10-27T20:00,e36b2d4d25869a14271782d81b749bebacc204cff85a48f0227ec4f857112bd9,STITCHED_FORECAST_NOT_T60_ISSUANCE,33.0,46.5
2024_10_PIT_WAS,2024,10,9.6,2024-11-10T18:00,e36b2d4d25869a14271782d81b749bebacc204cff85a48f0227ec4f857112bd9,STITCHED_FORECAST_NOT_T60_ISSUANCE,55.0,45
2024_12_DAL_WAS,2024,12,8.5,2024-11-24T18:00,e36b2d4d25869a14271782d81b749bebacc204cff85a48f0227ec4f857112bd9,STITCHED_FORECAST_NOT_T60_ISSUANCE,60.0,45
2024_13_TEN_WAS,2024,13,8.1,2024-12-01T18:00,e36b2d4d25869a14271782d81b749bebacc204cff85a48f0227ec4f857112bd9,STITCHED_FORECAST_NOT_T60_ISSUANCE,61.0,45
2024_16_PHI_WAS,2024,16,7.5,2024-12-22T18:00,e36b2d4d25869a14271782d81b749bebacc204cff85a48f0227ec4f857112bd9,STITCHED_FORECAST_NOT_T60_ISSUANCE,69.0,47
2024_17_ATL_WAS,2024,17,17.4,2024-12-30T01:00,e36b2d4d25869a14271782d81b749bebacc204cff85a48f0227ec4f857112bd9,STITCHED_FORECAST_NOT_T60_ISSUANCE,54.0,46.5
2025_01_NYG_WAS,2025,1,2.8,2025-09-07T17:00,e36b2d4d25869a14271782d81b749bebacc204cff85a48f0227ec4f857112bd9,STITCHED_FORECAST_NOT_T60_ISSUANCE,27.0,45.5
2025_03_LV_WAS,2025,3,6.8,2025-09-21T17:00,e36b2d4d25869a14271782d81b749bebacc204cff85a48f0227ec4f857112bd9,STITCHED_FORECAST_NOT_T60_ISSUANCE,65.0,43.5
2025_06_CHI_WAS,2025,6,13.8,2025-10-14T00:00,e36b2d4d25869a14271782d81b749bebacc204cff85a48f0227ec4f857112bd9,STITCHED_FORECAST_NOT_T60_ISSUANCE,49.0,49.5
2025_09_SEA_WAS,2025,9,4.0,2025-11-03T01:00,e36b2d4d25869a14271782d81b749bebacc204cff85a48f0227ec4f857112bd9,STITCHED_FORECAST_NOT_T60_ISSUANCE,52.0,47.5
2025_10_DET_WAS,2025,10,5.1,2025-11-09T21:00,e36b2d4d25869a14271782d81b749bebacc204cff85a48f0227ec4f857112bd9,STITCHED_FORECAST_NOT_T60_ISSUANCE,66.0,49.5
2025_13_DEN_WAS,2025,13,6.5,2025-12-01T01:00,e36b2d4d25869a14271782d81b749bebacc204cff85a48f0227ec4f857112bd9,STITCHED_FORECAST_NOT_T60_ISSUANCE,53.0,43.5
2025_16_PHI_WAS,2025,16,8.4,2025-12-20T22:00,e36b2d4d25869a14271782d81b749bebacc204cff85a48f0227ec4f857112bd9,STITCHED_FORECAST_NOT_T60_ISSUANCE,47.0,43.5
2025_17_DAL_WAS,2025,17,7.9,2025-12-25T18:00,e36b2d4d25869a14271782d81b749bebacc204cff85a48f0227ec4f857112bd9,STITCHED_FORECAST_NOT_T60_ISSUANCE,53.0,50.5
