quote_id,snapshot_received_at,source_sha256,event_id,week,commence_time,home_team,away_team,market,provider_market,player,canonical_line,side,line,executed_book,book_price,decimal_price,book_fair_probability,devig_power,quote_updated_at,quote_age_seconds,probability_basis,model_probability,probability_source,evidence_label,sharp_reference,consensus_id,consensus_fair_probability,fair_probability,fair_price,price_edge_cents,qualifying_books,coverage_flag,best_price,best_price_books,best_executable_price,filter_pass,board_eligible,consensus_fair_line,fair_line_method,model_fair_probability,model_edge_cents,model_push_probability,model_win_probability,model_status,model_artifact_sha256,model_artifact_path,model_consensus_spread,model_consensus_total,consensus_filter_pass,model_filter_pass,filter_source,wong_teaser,teaser_leg_probability,teaser_push_probability,snapshot_id
003abd52c52f0b4f1050ee69,2026-09-06T21:54:26.096694+00:00,a9b35a2ed438bef07855af8c00000e34088542300b13c16bfb8b144a22fecac6,8c94552d022acec4a0458d70c19d3da9,1,2026-09-10T00:20:00Z,Seattle Seahawks,New England Patriots,spreads,alternate_spreads,,1.0,New England Patriots,-1.0,betmgm,165,2.65,0.3367810692578447,1.1167322770133339,2026-09-06T21:53:25Z,61.096694,conditional_non_push,0.373032904148784,consensus_plus_empirical_residual_model,live_snapshot_not_T60,,090e0a22d7b13dcb5a9f562c,0.3367810692578447,0.3367810692578447,196.9288036894927,-31.928803689492696,1,FEWER_THAN_TWO_BOOKS,165,betmgm,165,False,False,3.5,closest_offered_consensus_to_50pct_no_interpolation,0.373032904148784,-3.072866730584849,0.03419689119170984,0.3602763385146805,EMPIRICAL_RECONSTRUCTED_HISTORY,4a14b3fdf51d13786a2e905526f21d4fe7601226e01da29583be8ff3210a7041,work/market-distribution-v1/artifacts/4a14b3fdf51d13786a2e905526f21d4fe7601226e01da29583be8ff3210a7041.json,-3.5,44.5,False,False,none,False,0.5243523316062176,0.0386873920552677,a9b35a2ed438bef0
ba1649c03a44880c65240819,2026-09-06T21:54:26.096694+00:00,a9b35a2ed438bef07855af8c00000e34088542300b13c16bfb8b144a22fecac6,8c94552d022acec4a0458d70c19d3da9,1,2026-09-10T00:20:00Z,Seattle Seahawks,New England Patriots,spreads,alternate_spreads,,-1.0,Seattle Seahawks,-1.0,betmgm,-190,1.526315789473684,0.6237037013827849,1.116405847500984,2026-09-06T21:53:25Z,61.096694,conditional_non_push,0.5943161634103019,consensus_plus_empirical_residual_model,live_snapshot_not_T60,,b5997e3fcadfecb1e2ed8c49,0.6237037013827849,0.6237037013827849,-165.74802985698332,-24.251970143016678,1,FEWER_THAN_TWO_BOOKS,-190,betmgm,-190,False,False,-3.5,closest_offered_consensus_to_50pct_no_interpolation,0.5943161634103019,-43.50262697022768,0.027633851468048358,0.5778929188255613,EMPIRICAL_RECONSTRUCTED_HISTORY,4a14b3fdf51d13786a2e905526f21d4fe7601226e01da29583be8ff3210a7041,work/market-distribution-v1/artifacts/4a14b3fdf51d13786a2e905526f21d4fe7601226e01da29583be8ff3210a7041.json,-3.5,44.5,False,False,none,False,0.7291882556131261,0.0231433506044905,a9b35a2ed438bef0
a1453ed9ea339902823128bd,2026-09-06T21:54:26.096694+00:00,a9b35a2ed438bef07855af8c00000e34088542300b13c16bfb8b144a22fecac6,8c94552d022acec4a0458d70c19d3da9,1,2026-09-10T00:20:00Z,Seattle Seahawks,New England Patriots,spreads,alternate_spreads,,1.5,New England Patriots,-1.5,betmgm,175,2.75,0.32534045777812265,1.1100060009887152,2026-09-06T21:53:25Z,61.096694,conditional_non_push,0.3602763385146805,consensus_plus_empirical_residual_model,live_snapshot_not_T60,,02cbd337a0220c69bdb5a5fc,0.32534045777812265,0.32534045777812265,207.37031810595937,-32.37031810595937,1,FEWER_THAN_TWO_BOOKS,175,betmgm,175,False,False,3.5,closest_offered_consensus_to_50pct_no_interpolation,0.3602763385146805,-2.5647171620325935,0.0,0.3602763385146805,EMPIRICAL_RECONSTRUCTED_HISTORY,4a14b3fdf51d13786a2e905526f21d4fe7601226e01da29583be8ff3210a7041,work/market-distribution-v1/artifacts/4a14b3fdf51d13786a2e905526f21d4fe7601226e01da29583be8ff3210a7041.json,-3.5,44.5,False,False,none,False,0.5243523316062176,0.0,a9b35a2ed438bef0
ee19b3e6b1a116261083345c,2026-09-06T21:54:26.096694+00:00,a9b35a2ed438bef07855af8c00000e34088542300b13c16bfb8b144a22fecac6,8c94552d022acec4a0458d70c19d3da9,1,2026-09-10T00:20:00Z,Seattle Seahawks,New England Patriots,spreads,alternate_spreads,,-1.5,Seattle Seahawks,-1.5,betmgm,-175,1.5714285714285714,0.6044938039932303,1.1136735090210315,2026-09-06T21:53:25Z,61.096694,conditional_non_push,0.5778929188255613,consensus_plus_empirical_residual_model,live_snapshot_not_T60,,758c603c5f51067ad84e648b,0.6044938039932303,0.6044938039932303,-152.8405395658791,-22.159460434120888,1,FEWER_THAN_TWO_BOOKS,-175,betmgm,-175,False,False,-3.5,closest_offered_consensus_to_50pct_no_interpolation,0.5778929188255613,-38.09328968903441,0.0,0.5778929188255613,EMPIRICAL_RECONSTRUCTED_HISTORY,4a14b3fdf51d13786a2e905526f21d4fe7601226e01da29583be8ff3210a7041,work/market-distribution-v1/artifacts/4a14b3fdf51d13786a2e905526f21d4fe7601226e01da29583be8ff3210a7041.json,-3.5,44.5,False,False,none,False,0.7291882556131261,0.0,a9b35a2ed438bef0
ee27e750458972a40bc00959,2026-09-06T21:54:26.096694+00:00,a9b35a2ed438bef07855af8c00000e34088542300b13c16bfb8b144a22fecac6,8c94552d022acec4a0458d70c19d3da9,1,2026-09-10T00:20:00Z,Seattle Seahawks,New England Patriots,spreads,alternate_spreads,,-10.0,Seattle Seahawks,-10.0,betmgm,240,3.4,0.25735342030911273,1.1091127729837735,2026-09-06T21:53:25Z,61.096694,conditional_non_push,0.2955350815024805,consensus_plus_empirical_residual_model,live_snapshot_not_T60,,aa16dc6fa9970142fb299d6c,0.2573534203091127,0.2573534203091127,288.5707051411552,-48.5707051411552,1,FEWER_THAN_TWO_BOOKS,240,betmgm,240,False,False,-3.5,closest_offered_consensus_to_50pct_no_interpolation,0.2955350815024805,1.6306954436450098,0.02521588946459413,0.28808290155440414,EMPIRICAL_RECONSTRUCTED_HISTORY,4a14b3fdf51d13786a2e905526f21d4fe7601226e01da29583be8ff3210a7041,work/market-distribution-v1/artifacts/4a14b3fdf51d13786a2e905526f21d4fe7601226e01da29583be8ff3210a7041.json,-3.5,44.5,False,False,none,False,0.47564766839378236,0.02521588946459413,a9b35a2ed438bef0
0672e1476110d99e11276fa7,2026-09-06T21:54:26.096694+00:00,a9b35a2ed438bef07855af8c00000e34088542300b13c16bfb8b144a22fecac6,8c94552d022acec4a0458d70c19d3da9,1,2026-09-10T00:20:00Z,Seattle Seahawks,New England Patriots,spreads,alternate_spreads,,-10.5,Seattle Seahawks,-10.5,betmgm,250,3.5,0.24552135335208625,1.1210192125856326,2026-09-06T21:53:25Z,61.096694,conditional_non_push,0.28808290155440414,consensus_plus_empirical_residual_model,live_snapshot_not_T60,,1fd8ee716e6ecd56da21aeed,0.24552135335208625,0.24552135335208625,307.2965493009339,-57.29654930093392,1,FEWER_THAN_TWO_BOOKS,250,betmgm,250,False,False,-3.5,closest_offered_consensus_to_50pct_no_interpolation,0.28808290155440414,2.877697841726615,0.0,0.28808290155440414,EMPIRICAL_RECONSTRUCTED_HISTORY,4a14b3fdf51d13786a2e905526f21d4fe7601226e01da29583be8ff3210a7041,work/market-distribution-v1/artifacts/4a14b3fdf51d13786a2e905526f21d4fe7601226e01da29583be8ff3210a7041.json,-3.5,44.5,False,False,none,False,0.47564766839378236,0.0,a9b35a2ed438bef0
0a78a9415d6c2e55560f4572,2026-09-06T21:54:26.096694+00:00,a9b35a2ed438bef07855af8c00000e34088542300b13c16bfb8b144a22fecac6,8c94552d022acec4a0458d70c19d3da9,1,2026-09-10T00:20:00Z,Seattle Seahawks,New England Patriots,spreads,alternate_spreads,,-11.0,Seattle Seahawks,-11.0,betmgm,270,3.7,0.23200494072205435,1.1166857464582116,2026-09-06T21:53:25Z,61.096694,conditional_non_push,0.2670697012802276,consensus_plus_empirical_residual_model,live_snapshot_not_T60,,d688bd08ff364f2ee447f76b,0.23200494072205435,0.23200494072205435,331.0253035507619,-61.02530355076192,1,FEWER_THAN_TWO_BOOKS,270,betmgm,270,False,False,-3.5,closest_offered_consensus_to_50pct_no_interpolation,0.2670697012802276,-4.434087882822894,0.028670120898100174,0.25941278065630397,EMPIRICAL_RECONSTRUCTED_HISTORY,4a14b3fdf51d13786a2e905526f21d4fe7601226e01da29583be8ff3210a7041,work/market-distribution-v1/artifacts/4a14b3fdf51d13786a2e905526f21d4fe7601226e01da29583be8ff3210a7041.json,-3.5,44.5,False,False,none,False,0.4369602763385147,0.0386873920552677,a9b35a2ed438bef0
fd851e2e001a002d04faf1fb,2026-09-06T21:54:26.096694+00:00,a9b35a2ed438bef07855af8c00000e34088542300b13c16bfb8b144a22fecac6,8c94552d022acec4a0458d70c19d3da9,1,2026-09-10T00:20:00Z,Seattle Seahawks,New England Patriots,spreads,alternate_spreads,,-11.5,Seattle Seahawks,-11.5,betmgm,275,3.75,0.23071239953329592,1.1095720733348218,2026-09-06T21:53:25Z,61.096694,conditional_non_push,0.25941278065630397,consensus_plus_empirical_residual_model,live_snapshot_not_T60,,c0fd4d62c6939bac0e98bcef,0.23071239953329586,0.23071239953329586,333.4400760526451,-58.44007605264511,1,FEWER_THAN_TWO_BOOKS,275,betmgm,275,False,False,-3.5,closest_offered_consensus_to_50pct_no_interpolation,0.25941278065630397,-10.486018641810915,0.0,0.25941278065630397,EMPIRICAL_RECONSTRUCTED_HISTORY,4a14b3fdf51d13786a2e905526f21d4fe7601226e01da29583be8ff3210a7041,work/market-distribution-v1/artifacts/4a14b3fdf51d13786a2e905526f21d4fe7601226e01da29583be8ff3210a7041.json,-3.5,44.5,False,False,none,False,0.4369602763385147,0.0,a9b35a2ed438bef0
b38fd0a886d8de130b7bd02c,2026-09-06T21:54:26.096694+00:00,a9b35a2ed438bef07855af8c00000e34088542300b13c16bfb8b144a22fecac6,8c94552d022acec4a0458d70c19d3da9,1,2026-09-10T00:20:00Z,Seattle Seahawks,New England Patriots,spreads,alternate_spreads,,-12.0,Seattle Seahawks,-12.0,betmgm,290,3.9,0.21329071614957668,1.135287140503542,2026-09-06T21:53:25Z,61.096694,conditional_non_push,0.24400564174894215,consensus_plus_empirical_residual_model,live_snapshot_not_T60,,83356b929c5351dacc89a708,0.21329071614957662,0.21329071614957662,368.8436599831751,-78.84365998317509,1,FEWER_THAN_TWO_BOOKS,290,betmgm,290,False,False,-3.5,closest_offered_consensus_to_50pct_no_interpolation,0.24400564174894215,-19.826589595375765,0.020379965457685664,0.2390328151986183,EMPIRICAL_RECONSTRUCTED_HISTORY,4a14b3fdf51d13786a2e905526f21d4fe7601226e01da29583be8ff3210a7041,work/market-distribution-v1/artifacts/4a14b3fdf51d13786a2e905526f21d4fe7601226e01da29583be8ff3210a7041.json,-3.5,44.5,False,False,none,False,0.4069084628670121,0.03005181347150259,a9b35a2ed438bef0
f30a7690301d9cc4982185cf,2026-09-06T21:54:26.096694+00:00,a9b35a2ed438bef07855af8c00000e34088542300b13c16bfb8b144a22fecac6,8c94552d022acec4a0458d70c19d3da9,1,2026-09-10T00:20:00Z,Seattle Seahawks,New England Patriots,spreads,alternate_spreads,,-12.5,Seattle Seahawks,-12.5,betmgm,290,3.9,0.21329071614957668,1.135287140503542,2026-09-06T21:53:25Z,61.096694,conditional_non_push,0.2390328151986183,consensus_plus_empirical_residual_model,live_snapshot_not_T60,,ee82cf229205f2beda37335a,0.21329071614957662,0.21329071614957662,368.8436599831751,-78.84365998317509,1,FEWER_THAN_TWO_BOOKS,290,betmgm,290,False,False,-3.5,closest_offered_consensus_to_50pct_no_interpolation,0.2390328151986183,-28.35260115606934,0.0,0.2390328151986183,EMPIRICAL_RECONSTRUCTED_HISTORY,4a14b3fdf51d13786a2e905526f21d4fe7601226e01da29583be8ff3210a7041,work/market-distribution-v1/artifacts/4a14b3fdf51d13786a2e905526f21d4fe7601226e01da29583be8ff3210a7041.json,-3.5,44.5,False,False,none,False,0.4069084628670121,0.0,a9b35a2ed438bef0
3a08b967cb606d1249474667,2026-09-06T21:54:26.096694+00:00,a9b35a2ed438bef07855af8c00000e34088542300b13c16bfb8b144a22fecac6,8c94552d022acec4a0458d70c19d3da9,1,2026-09-10T00:20:00Z,Seattle Seahawks,New England Patriots,spreads,alternate_spreads,,-13.0,Seattle Seahawks,-13.0,betmgm,320,4.2,0.2009790074853843,1.1180908082226515,2026-09-06T21:53:25Z,61.096694,conditional_non_push,0.2221045197740113,consensus_plus_empirical_residual_model,live_snapshot_not_T60,,f74232a7dcbda8400be84dd1,0.2009790074853843,0.2009790074853843,397.56440362196656,-77.56440362196656,1,FEWER_THAN_TWO_BOOKS,320,betmgm,320,False,False,-3.5,closest_offered_consensus_to_50pct_no_interpolation,0.2221045197740113,-30.23847376788558,0.021761658031088083,0.21727115716753023,EMPIRICAL_RECONSTRUCTED_HISTORY,4a14b3fdf51d13786a2e905526f21d4fe7601226e01da29583be8ff3210a7041,work/market-distribution-v1/artifacts/4a14b3fdf51d13786a2e905526f21d4fe7601226e01da29583be8ff3210a7041.json,-3.5,44.5,False,False,none,False,0.37409326424870465,0.03281519861830743,a9b35a2ed438bef0
e90f5f60e9952cf79db63972,2026-09-06T21:54:26.096694+00:00,a9b35a2ed438bef07855af8c00000e34088542300b13c16bfb8b144a22fecac6,8c94552d022acec4a0458d70c19d3da9,1,2026-09-10T00:20:00Z,Seattle Seahawks,New England Patriots,spreads,alternate_spreads,,-13.5,Seattle Seahawks,-13.5,betmgm,333,4.33,0.19301222093435244,1.1224332717668726,2026-09-06T21:53:25Z,61.096694,conditional_non_push,0.21727115716753023,consensus_plus_empirical_residual_model,live_snapshot_not_T60,,f2f6ed2ea58c4ac707237adc,0.19301222093435244,0.19301222093435244,418.10190834502714,-85.10190834502714,1,FEWER_THAN_TWO_BOOKS,333,betmgm,333,False,False,-3.5,closest_offered_consensus_to_50pct_no_interpolation,0.21727115716753023,-27.25437201907789,0.0,0.21727115716753023,EMPIRICAL_RECONSTRUCTED_HISTORY,4a14b3fdf51d13786a2e905526f21d4fe7601226e01da29583be8ff3210a7041,work/market-distribution-v1/artifacts/4a14b3fdf51d13786a2e905526f21d4fe7601226e01da29583be8ff3210a7041.json,-3.5,44.5,False,False,none,False,0.37409326424870465,0.0,a9b35a2ed438bef0
b037abe717f7d241234e40d7,2026-09-06T21:54:26.096694+00:00,a9b35a2ed438bef07855af8c00000e34088542300b13c16bfb8b144a22fecac6,8c94552d022acec4a0458d70c19d3da9,1,2026-09-10T00:20:00Z,Seattle Seahawks,New England Patriots,spreads,alternate_spreads,,-14.0,Seattle Seahawks,-14.0,betmgm,380,4.8,0.17130058536599724,1.1247721231890009,2026-09-06T21:53:25Z,61.096694,conditional_non_push,0.19645390070921986,consensus_plus_empirical_residual_model,live_snapshot_not_T60,,c278c39e89e11c7782e742e4,0.17130058536599724,0.17130058536599724,483.7691668498511,-103.7691668498511,1,FEWER_THAN_TWO_BOOKS,380,betmgm,380,False,False,-3.5,closest_offered_consensus_to_50pct_no_interpolation,0.19645390070921986,-29.0252707581227,0.025906735751295335,0.1913644214162349,EMPIRICAL_RECONSTRUCTED_HISTORY,4a14b3fdf51d13786a2e905526f21d4fe7601226e01da29583be8ff3210a7041,work/market-distribution-v1/artifacts/4a14b3fdf51d13786a2e905526f21d4fe7601226e01da29583be8ff3210a7041.json,-3.5,44.5,False,False,none,False,0.34127806563039725,0.03281519861830743,a9b35a2ed438bef0
a3cc42ad5541a52acce534eb,2026-09-06T21:54:26.096694+00:00,a9b35a2ed438bef07855af8c00000e34088542300b13c16bfb8b144a22fecac6,8c94552d022acec4a0458d70c19d3da9,1,2026-09-10T00:20:00Z,Seattle Seahawks,New England Patriots,spreads,alternate_spreads,,-14.5,Seattle Seahawks,-14.5,betmgm,400,5.0,0.16065412859265013,1.1361118563961417,2026-09-06T21:53:25Z,61.096694,conditional_non_push,0.1913644214162349,consensus_plus_empirical_residual_model,live_snapshot_not_T60,,60196fc1a560aea0c5462f58,0.16065412859265013,0.16065412859265013,522.4552140428152,-122.45521404281521,1,FEWER_THAN_TWO_BOOKS,400,betmgm,400,False,False,-3.5,closest_offered_consensus_to_50pct_no_interpolation,0.1913644214162349,-22.563176895306867,0.0,0.1913644214162349,EMPIRICAL_RECONSTRUCTED_HISTORY,4a14b3fdf51d13786a2e905526f21d4fe7601226e01da29583be8ff3210a7041,work/market-distribution-v1/artifacts/4a14b3fdf51d13786a2e905526f21d4fe7601226e01da29583be8ff3210a7041.json,-3.5,44.5,False,False,none,False,0.34127806563039725,0.0,a9b35a2ed438bef0
2bd1b50c035b953d62ecbea9,2026-09-06T21:54:26.096694+00:00,a9b35a2ed438bef07855af8c00000e34088542300b13c16bfb8b144a22fecac6,8c94552d022acec4a0458d70c19d3da9,1,2026-09-10T00:20:00Z,Seattle Seahawks,New England Patriots,spreads,alternate_spreads,,2.0,New England Patriots,-2.0,betmgm,188,2.88,0.3105970094024869,1.105378829089072,2026-09-06T21:53:25Z,61.096694,conditional_non_push,0.34139402560455195,consensus_plus_empirical_residual_model,live_snapshot_not_T60,,4cfd63c7ae2648754dda2f12,0.3105970094024869,0.3105970094024869,221.9606015923195,-33.960601592319506,1,FEWER_THAN_TWO_BOOKS,188,betmgm,188,False,False,3.5,closest_offered_consensus_to_50pct_no_interpolation,0.34139402560455195,-4.916666666666629,0.028670120898100174,0.3316062176165803,EMPIRICAL_RECONSTRUCTED_HISTORY,4a14b3fdf51d13786a2e905526f21d4fe7601226e01da29583be8ff3210a7041,work/market-distribution-v1/artifacts/4a14b3fdf51d13786a2e905526f21d4fe7601226e01da29583be8ff3210a7041.json,-3.5,44.5,False,False,none,False,0.4991364421416235,0.02521588946459413,a9b35a2ed438bef0
a533f745198c2c93d8c130e2,2026-09-06T21:54:26.096694+00:00,a9b35a2ed438bef07855af8c00000e34088542300b13c16bfb8b144a22fecac6,8c94552d022acec4a0458d70c19d3da9,1,2026-09-10T00:20:00Z,Seattle Seahawks,New England Patriots,spreads,alternate_spreads,,-2.0,Seattle Seahawks,-2.0,betmgm,-165,1.606060606060606,0.5921529105252642,1.1059681062442213,2026-09-06T21:53:25Z,61.096694,conditional_non_push,0.5623209169054441,consensus_plus_empirical_residual_model,live_snapshot_not_T60,,ddf92f904a4460245b2b45ab,0.5921529105252641,0.5921529105252641,-145.18993166970853,-19.81006833029147,1,FEWER_THAN_TWO_BOOKS,-165,betmgm,-165,False,False,-3.5,closest_offered_consensus_to_50pct_no_interpolation,0.5623209169054441,-36.52209492635026,0.03557858376511226,0.542314335060449,EMPIRICAL_RECONSTRUCTED_HISTORY,4a14b3fdf51d13786a2e905526f21d4fe7601226e01da29583be8ff3210a7041,work/market-distribution-v1/artifacts/4a14b3fdf51d13786a2e905526f21d4fe7601226e01da29583be8ff3210a7041.json,-3.5,44.5,False,False,none,False,0.6967184801381693,0.03246977547495682,a9b35a2ed438bef0
3127efd0f3f6ed4e1a83d172,2026-09-06T21:54:26.096694+00:00,a9b35a2ed438bef07855af8c00000e34088542300b13c16bfb8b144a22fecac6,8c94552d022acec4a0458d70c19d3da9,1,2026-09-10T00:20:00Z,Seattle Seahawks,New England Patriots,spreads,alternate_spreads,,2.5,New England Patriots,-2.5,betmgm,195,2.95,0.2951847935272731,1.1278867336411489,2026-09-06T21:53:25Z,61.096694,conditional_non_push,0.3316062176165803,consensus_plus_empirical_residual_model,live_snapshot_not_T60,,20d90743a0d49bf7b39c21ed,0.2951847935272731,0.2951847935272731,238.77083844686825,-43.770838446868254,1,FEWER_THAN_TWO_BOOKS,195,betmgm,195,False,False,3.5,closest_offered_consensus_to_50pct_no_interpolation,0.3316062176165803,-6.562499999999972,0.0,0.3316062176165803,EMPIRICAL_RECONSTRUCTED_HISTORY,4a14b3fdf51d13786a2e905526f21d4fe7601226e01da29583be8ff3210a7041,work/market-distribution-v1/artifacts/4a14b3fdf51d13786a2e905526f21d4fe7601226e01da29583be8ff3210a7041.json,-3.5,44.5,False,False,none,False,0.4991364421416235,0.0,a9b35a2ed438bef0
025db2822d3d52726c2dadb1,2026-09-06T21:54:26.096694+00:00,a9b35a2ed438bef07855af8c00000e34088542300b13c16bfb8b144a22fecac6,8c94552d022acec4a0458d70c19d3da9,1,2026-09-10T00:20:00Z,Seattle Seahawks,New England Patriots,spreads,alternate_spreads,,-2.5,Seattle Seahawks,-2.5,betmgm,-155,1.6451612903225805,0.5740469779410878,1.1149079930847186,2026-09-06T21:53:25Z,61.096694,conditional_non_push,0.542314335060449,consensus_plus_empirical_residual_model,live_snapshot_not_T60,,1dd680b5cbe84ac78edda251,0.5740469779410878,0.5740469779410878,-134.76767347871834,-20.232326521281664,1,FEWER_THAN_TWO_BOOKS,-155,betmgm,-155,False,False,-3.5,closest_offered_consensus_to_50pct_no_interpolation,0.542314335060449,-36.50943396226417,0.0,0.542314335060449,EMPIRICAL_RECONSTRUCTED_HISTORY,4a14b3fdf51d13786a2e905526f21d4fe7601226e01da29583be8ff3210a7041,work/market-distribution-v1/artifacts/4a14b3fdf51d13786a2e905526f21d4fe7601226e01da29583be8ff3210a7041.json,-3.5,44.5,False,False,none,False,0.6967184801381693,0.0,a9b35a2ed438bef0
e0d869238e43c40e9cc8581b,2026-09-06T21:54:26.096694+00:00,a9b35a2ed438bef07855af8c00000e34088542300b13c16bfb8b144a22fecac6,8c94552d022acec4a0458d70c19d3da9,1,2026-09-10T00:20:00Z,Seattle Seahawks,New England Patriots,spreads,alternate_spreads,,3.0,New England Patriots,-3.0,betmgm,240,3.4,0.24861177842625884,1.1373514176170145,2026-09-06T21:53:25Z,61.096694,conditional_non_push,0.3121222893707785,consensus_plus_empirical_residual_model,live_snapshot_not_T60,,08dd84ea1379d7b6c6d19b34,0.24861177842625878,0.24861177842625878,302.23355720719076,-62.233557207190756,1,FEWER_THAN_TWO_BOOKS,240,betmgm,240,False,False,3.5,closest_offered_consensus_to_50pct_no_interpolation,0.3121222893707785,19.61275626423685,0.028324697754749568,0.3032815198618307,EMPIRICAL_RECONSTRUCTED_HISTORY,4a14b3fdf51d13786a2e905526f21d4fe7601226e01da29583be8ff3210a7041,work/market-distribution-v1/artifacts/4a14b3fdf51d13786a2e905526f21d4fe7601226e01da29583be8ff3210a7041.json,-3.5,44.5,False,False,none,False,0.45768566493955093,0.04145077720207254,a9b35a2ed438bef0
f8d1086a89f39f941190996c,2026-09-06T21:54:26.096694+00:00,a9b35a2ed438bef07855af8c00000e34088542300b13c16bfb8b144a22fecac6,8c94552d022acec4a0458d70c19d3da9,1,2026-09-10T00:20:00Z,Seattle Seahawks,New England Patriots,spreads,alternate_spreads,,-3.0,Seattle Seahawks,-3.0,betmgm,-135,1.7407407407407407,0.5386616051460363,1.116102729298567,2026-09-06T21:53:25Z,61.096694,conditional_non_push,0.5225225225225226,consensus_plus_empirical_residual_model,live_snapshot_not_T60,,50238435aff26c419dcb67d5,0.5386616051460363,0.5386616051460363,-116.76062759019858,-18.23937240980142,1,FEWER_THAN_TWO_BOOKS,-135,betmgm,-135,False,False,-3.5,closest_offered_consensus_to_50pct_no_interpolation,0.5225225225225226,-25.566037735849008,0.04145077720207254,0.5008635578583766,EMPIRICAL_RECONSTRUCTED_HISTORY,4a14b3fdf51d13786a2e905526f21d4fe7601226e01da29583be8ff3210a7041,work/market-distribution-v1/artifacts/4a14b3fdf51d13786a2e905526f21d4fe7601226e01da29583be8ff3210a7041.json,-3.5,44.5,False,False,none,False,0.6683937823834197,0.028324697754749568,a9b35a2ed438bef0
d71ca32c9bec3be26ab2e2de,2026-09-06T21:54:26.096694+00:00,a9b35a2ed438bef07855af8c00000e34088542300b13c16bfb8b144a22fecac6,8c94552d022acec4a0458d70c19d3da9,1,2026-09-10T00:20:00Z,Seattle Seahawks,New England Patriots,spreads,alternate_spreads,,3.5,New England Patriots,-3.5,betmgm,260,3.6,0.23469978647891296,1.1315557716132405,2026-09-06T21:53:25Z,61.096694,conditional_non_push,0.3032815198618307,consensus_plus_empirical_residual_model,live_snapshot_not_T60,,c60bc900ecd4a4c183713ecb,0.2346997864789129,0.2346997864789129,326.0762291276508,-66.07622912765078,1,FEWER_THAN_TWO_BOOKS,260,betmgm,260,False,False,3.5,closest_offered_consensus_to_50pct_no_interpolation,0.3032815198618307,30.273348519362173,0.0,0.3032815198618307,EMPIRICAL_RECONSTRUCTED_HISTORY,4a14b3fdf51d13786a2e905526f21d4fe7601226e01da29583be8ff3210a7041,work/market-distribution-v1/artifacts/4a14b3fdf51d13786a2e905526f21d4fe7601226e01da29583be8ff3210a7041.json,-3.5,44.5,False,False,none,False,0.45768566493955093,0.0,a9b35a2ed438bef0
0d077d9b8ee4aca52e64a6dd,2026-09-06T21:54:26.096694+00:00,a9b35a2ed438bef07855af8c00000e34088542300b13c16bfb8b144a22fecac6,8c94552d022acec4a0458d70c19d3da9,1,2026-09-10T00:20:00Z,Seattle Seahawks,New England Patriots,spreads,alternate_spreads,,-3.5,Seattle Seahawks,-3.5,betmgm,-105,1.9523809523809523,0.4917898337466912,1.0607640901233029,2026-09-06T21:53:25Z,61.096694,conditional_non_push,0.5008635578583766,consensus_plus_empirical_residual_model,live_snapshot_not_T60,,cb8f2ce96f0c076db9733940,0.4917898337466911,0.4917898337466911,103.33889222180945,-8.338892221809445,1,FEWER_THAN_TWO_BOOKS,-105,betmgm,-105,False,False,-3.5,closest_offered_consensus_to_50pct_no_interpolation,0.5008635578583766,-4.653979238754317,0.0,0.5008635578583766,EMPIRICAL_RECONSTRUCTED_HISTORY,4a14b3fdf51d13786a2e905526f21d4fe7601226e01da29583be8ff3210a7041,work/market-distribution-v1/artifacts/4a14b3fdf51d13786a2e905526f21d4fe7601226e01da29583be8ff3210a7041.json,-3.5,44.5,False,False,none,False,0.6683937823834197,0.0,a9b35a2ed438bef0
164e650c82eee3036189f03f,2026-09-06T21:54:26.096694+00:00,a9b35a2ed438bef07855af8c00000e34088542300b13c16bfb8b144a22fecac6,8c94552d022acec4a0458d70c19d3da9,1,2026-09-10T00:20:00Z,Seattle Seahawks,New England Patriots,spreads,alternate_spreads,,4.0,New England Patriots,-4.0,betmgm,290,3.9,0.21329071614957668,1.135287140503542,2026-09-06T21:53:25Z,61.096694,conditional_non_push,0.27990003570153515,consensus_plus_empirical_residual_model,live_snapshot_not_T60,,b5c52698936c4f7b6f7d466b,0.21329071614957662,0.21329071614957662,368.8436599831751,-78.84365998317509,1,FEWER_THAN_TWO_BOOKS,290,betmgm,290,False,False,3.5,closest_offered_consensus_to_50pct_no_interpolation,0.27990003570153515,32.72959183673464,0.03246977547495682,0.27081174438687394,EMPIRICAL_RECONSTRUCTED_HISTORY,4a14b3fdf51d13786a2e905526f21d4fe7601226e01da29583be8ff3210a7041,work/market-distribution-v1/artifacts/4a14b3fdf51d13786a2e905526f21d4fe7601226e01da29583be8ff3210a7041.json,-3.5,44.5,False,False,none,False,0.4221070811744387,0.03557858376511226,a9b35a2ed438bef0
eb7d42443d32430e19e0ab0d,2026-09-06T21:54:26.096694+00:00,a9b35a2ed438bef07855af8c00000e34088542300b13c16bfb8b144a22fecac6,8c94552d022acec4a0458d70c19d3da9,1,2026-09-10T00:20:00Z,Seattle Seahawks,New England Patriots,spreads,alternate_spreads,,-4.0,Seattle Seahawks,-4.0,betmgm,-102,1.9803921568627452,0.46878765056355093,1.1087531918228133,2026-09-06T21:53:25Z,61.096694,conditional_non_push,0.4879518072289156,consensus_plus_empirical_residual_model,live_snapshot_not_T60,,d2f653f085ab570de1680ecc,0.4687876505635508,0.4687876505635508,113.31619951973026,-15.316199519730262,1,FEWER_THAN_TWO_BOOKS,-102,betmgm,-102,False,False,-3.5,closest_offered_consensus_to_50pct_no_interpolation,0.4879518072289156,-6.938271604938279,0.02521588946459413,0.47564766839378236,EMPIRICAL_RECONSTRUCTED_HISTORY,4a14b3fdf51d13786a2e905526f21d4fe7601226e01da29583be8ff3210a7041,work/market-distribution-v1/artifacts/4a14b3fdf51d13786a2e905526f21d4fe7601226e01da29583be8ff3210a7041.json,-3.5,44.5,False,False,none,False,0.6397236614853196,0.028670120898100174,a9b35a2ed438bef0
62e1cef4451b4de58c75f5bb,2026-09-06T21:54:26.096694+00:00,a9b35a2ed438bef07855af8c00000e34088542300b13c16bfb8b144a22fecac6,8c94552d022acec4a0458d70c19d3da9,1,2026-09-10T00:20:00Z,Seattle Seahawks,New England Patriots,spreads,alternate_spreads,,4.5,New England Patriots,-4.5,betmgm,300,4.0,0.20499183348756633,1.1431808292165377,2026-09-06T21:53:25Z,61.096694,conditional_non_push,0.27081174438687394,consensus_plus_empirical_residual_model,live_snapshot_not_T60,,587401cb7b2739e31cea24cb,0.20499183348756633,0.20499183348756633,387.82431133319,-87.82431133319,1,FEWER_THAN_TWO_BOOKS,300,betmgm,300,False,False,3.5,closest_offered_consensus_to_50pct_no_interpolation,0.27081174438687394,30.739795918367406,0.0,0.27081174438687394,EMPIRICAL_RECONSTRUCTED_HISTORY,4a14b3fdf51d13786a2e905526f21d4fe7601226e01da29583be8ff3210a7041,work/market-distribution-v1/artifacts/4a14b3fdf51d13786a2e905526f21d4fe7601226e01da29583be8ff3210a7041.json,-3.5,44.5,False,False,none,False,0.4221070811744387,0.0,a9b35a2ed438bef0
347c87a3e3567efe129ca1c0,2026-09-06T21:54:26.096694+00:00,a9b35a2ed438bef07855af8c00000e34088542300b13c16bfb8b144a22fecac6,8c94552d022acec4a0458d70c19d3da9,1,2026-09-10T00:20:00Z,Seattle Seahawks,New England Patriots,spreads,alternate_spreads,,-4.5,Seattle Seahawks,-4.5,betmgm,105,2.05,0.4504960980130703,1.1108409857441557,2026-09-06T21:53:25Z,61.096694,conditional_non_push,0.47564766839378236,consensus_plus_empirical_residual_model,live_snapshot_not_T60,,7f91d00f7a765b41463c1caf,0.4504960980130703,0.4504960980130703,121.97750533479356,-16.977505334793562,1,FEWER_THAN_TWO_BOOKS,105,betmgm,105,False,False,-3.5,closest_offered_consensus_to_50pct_no_interpolation,0.47564766839378236,-5.239651416122015,0.0,0.47564766839378236,EMPIRICAL_RECONSTRUCTED_HISTORY,4a14b3fdf51d13786a2e905526f21d4fe7601226e01da29583be8ff3210a7041,work/market-distribution-v1/artifacts/4a14b3fdf51d13786a2e905526f21d4fe7601226e01da29583be8ff3210a7041.json,-3.5,44.5,False,False,none,False,0.6397236614853196,0.0,a9b35a2ed438bef0
f919a3c14ee93da9b1195abe,2026-09-06T21:54:26.096694+00:00,a9b35a2ed438bef07855af8c00000e34088542300b13c16bfb8b144a22fecac6,8c94552d022acec4a0458d70c19d3da9,1,2026-09-10T00:20:00Z,Seattle Seahawks,New England Patriots,spreads,alternate_spreads,,5.0,New England Patriots,-5.0,betmgm,333,4.33,0.19301222093435244,1.1224332717668726,2026-09-06T21:53:25Z,61.096694,conditional_non_push,0.25353606789250355,consensus_plus_empirical_residual_model,live_snapshot_not_T60,,9476c2359455b10530144f51,0.19301222093435244,0.19301222093435244,418.10190834502714,-85.10190834502714,1,FEWER_THAN_TWO_BOOKS,333,betmgm,333,False,False,3.5,closest_offered_consensus_to_50pct_no_interpolation,0.25353606789250355,38.57880055788013,0.0231433506044905,0.24766839378238342,EMPIRICAL_RECONSTRUCTED_HISTORY,4a14b3fdf51d13786a2e905526f21d4fe7601226e01da29583be8ff3210a7041,work/market-distribution-v1/artifacts/4a14b3fdf51d13786a2e905526f21d4fe7601226e01da29583be8ff3210a7041.json,-3.5,44.5,False,False,none,False,0.3944732297063903,0.027633851468048358,a9b35a2ed438bef0
5759e134bb422ecfd3b20506,2026-09-06T21:54:26.096694+00:00,a9b35a2ed438bef07855af8c00000e34088542300b13c16bfb8b144a22fecac6,8c94552d022acec4a0458d70c19d3da9,1,2026-09-10T00:20:00Z,Seattle Seahawks,New England Patriots,spreads,alternate_spreads,,-5.0,Seattle Seahawks,-5.0,betmgm,110,2.1,0.44017298355747725,1.1060064447643598,2026-09-06T21:53:25Z,61.096694,conditional_non_push,0.4545454545454546,consensus_plus_empirical_residual_model,live_snapshot_not_T60,,a0978662e5cc88e69e6f0d7e,0.44017298355747725,0.44017298355747725,127.18341137568277,-17.183411375682766,1,FEWER_THAN_TWO_BOOKS,110,betmgm,110,False,False,-3.5,closest_offered_consensus_to_50pct_no_interpolation,0.4545454545454546,-9.999999999999972,0.0386873920552677,0.4369602763385147,EMPIRICAL_RECONSTRUCTED_HISTORY,4a14b3fdf51d13786a2e905526f21d4fe7601226e01da29583be8ff3210a7041,work/market-distribution-v1/artifacts/4a14b3fdf51d13786a2e905526f21d4fe7601226e01da29583be8ff3210a7041.json,-3.5,44.5,False,False,none,False,0.6055267702936097,0.03419689119170984,a9b35a2ed438bef0
a2efcc7e4db74182d103bcc0,2026-09-06T21:54:26.096694+00:00,a9b35a2ed438bef07855af8c00000e34088542300b13c16bfb8b144a22fecac6,8c94552d022acec4a0458d70c19d3da9,1,2026-09-10T00:20:00Z,Seattle Seahawks,New England Patriots,spreads,alternate_spreads,,5.5,New England Patriots,-5.5,betmgm,340,4.4,0.18662861076057272,1.1329842945702202,2026-09-06T21:53:25Z,61.096694,conditional_non_push,0.24766839378238342,consensus_plus_empirical_residual_model,live_snapshot_not_T60,,512ceb72508b3ec9bed6305e,0.1866286107605727,0.1866286107605727,435.82352455214266,-95.82352455214266,1,FEWER_THAN_TWO_BOOKS,340,betmgm,340,False,False,3.5,closest_offered_consensus_to_50pct_no_interpolation,0.24766839378238342,36.23430962343093,0.0,0.24766839378238342,EMPIRICAL_RECONSTRUCTED_HISTORY,4a14b3fdf51d13786a2e905526f21d4fe7601226e01da29583be8ff3210a7041,work/market-distribution-v1/artifacts/4a14b3fdf51d13786a2e905526f21d4fe7601226e01da29583be8ff3210a7041.json,-3.5,44.5,False,False,none,False,0.3944732297063903,0.0,a9b35a2ed438bef0
90c3189a2e1860a9adfe54ef,2026-09-06T21:54:26.096694+00:00,a9b35a2ed438bef07855af8c00000e34088542300b13c16bfb8b144a22fecac6,8c94552d022acec4a0458d70c19d3da9,1,2026-09-10T00:20:00Z,Seattle Seahawks,New England Patriots,spreads,alternate_spreads,,-5.5,Seattle Seahawks,-5.5,betmgm,115,2.15,0.4259530220589123,1.1149079930847186,2026-09-06T21:53:25Z,61.096694,conditional_non_push,0.4369602763385147,consensus_plus_empirical_residual_model,live_snapshot_not_T60,,57445106cf35823749b11063,0.4259530220589123,0.4259530220589123,134.76767347871828,-19.76767347871828,1,FEWER_THAN_TWO_BOOKS,115,betmgm,115,False,False,-3.5,closest_offered_consensus_to_50pct_no_interpolation,0.4369602763385147,-13.85375494071144,0.0,0.4369602763385147,EMPIRICAL_RECONSTRUCTED_HISTORY,4a14b3fdf51d13786a2e905526f21d4fe7601226e01da29583be8ff3210a7041,work/market-distribution-v1/artifacts/4a14b3fdf51d13786a2e905526f21d4fe7601226e01da29583be8ff3210a7041.json,-3.5,44.5,False,False,none,False,0.6055267702936097,0.0,a9b35a2ed438bef0
1d9631230d36d26eec9a3159,2026-09-06T21:54:26.096694+00:00,a9b35a2ed438bef07855af8c00000e34088542300b13c16bfb8b144a22fecac6,8c94552d022acec4a0458d70c19d3da9,1,2026-09-10T00:20:00Z,Seattle Seahawks,New England Patriots,spreads,alternate_spreads,,6.0,New England Patriots,-6.0,betmgm,380,4.8,0.17130058536599724,1.1247721231890009,2026-09-06T21:53:25Z,61.096694,conditional_non_push,0.23011664899257686,consensus_plus_empirical_residual_model,live_snapshot_not_T60,,51a3d5738a4013d21d124e43,0.17130058536599724,0.17130058536599724,483.7691668498511,-103.7691668498511,1,FEWER_THAN_TWO_BOOKS,380,betmgm,380,False,False,3.5,closest_offered_consensus_to_50pct_no_interpolation,0.23011664899257686,45.437788018433196,0.022797927461139896,0.22487046632124352,EMPIRICAL_RECONSTRUCTED_HISTORY,4a14b3fdf51d13786a2e905526f21d4fe7601226e01da29583be8ff3210a7041,work/market-distribution-v1/artifacts/4a14b3fdf51d13786a2e905526f21d4fe7601226e01da29583be8ff3210a7041.json,-3.5,44.5,False,False,none,False,0.3944732297063903,0.0,a9b35a2ed438bef0
2212c778ddc73bd9f551a19e,2026-09-06T21:54:26.096694+00:00,a9b35a2ed438bef07855af8c00000e34088542300b13c16bfb8b144a22fecac6,8c94552d022acec4a0458d70c19d3da9,1,2026-09-10T00:20:00Z,Seattle Seahawks,New England Patriots,spreads,alternate_spreads,,-6.0,Seattle Seahawks,-6.0,betmgm,125,2.25,0.4078470894747361,1.1059681062442213,2026-09-06T21:53:25Z,61.096694,conditional_non_push,0.4195156695156695,consensus_plus_empirical_residual_model,live_snapshot_not_T60,,24aaea3d4250446c78b0d714,0.40784708947473597,0.40784708947473597,145.18993166970853,-20.18993166970853,1,FEWER_THAN_TWO_BOOKS,125,betmgm,125,False,False,-3.5,closest_offered_consensus_to_50pct_no_interpolation,0.4195156695156695,-13.370118845500883,0.03005181347150259,0.4069084628670121,EMPIRICAL_RECONSTRUCTED_HISTORY,4a14b3fdf51d13786a2e905526f21d4fe7601226e01da29583be8ff3210a7041,work/market-distribution-v1/artifacts/4a14b3fdf51d13786a2e905526f21d4fe7601226e01da29583be8ff3210a7041.json,-3.5,44.5,False,False,none,False,0.6055267702936097,0.0,a9b35a2ed438bef0
707f044cd4e25387b3ed755e,2026-09-06T21:54:26.096694+00:00,a9b35a2ed438bef07855af8c00000e34088542300b13c16bfb8b144a22fecac6,8c94552d022acec4a0458d70c19d3da9,1,2026-09-10T00:20:00Z,Seattle Seahawks,New England Patriots,spreads,alternate_spreads,,6.5,New England Patriots,-6.5,betmgm,380,4.8,0.16318598875747903,1.1557097391631972,2026-09-06T21:53:25Z,61.096694,conditional_non_push,0.22487046632124352,consensus_plus_empirical_residual_model,live_snapshot_not_T60,,3ad1fe149975c02f870219c4,0.16318598875747903,0.16318598875747903,512.7977086845139,-132.79770868451385,1,FEWER_THAN_TWO_BOOKS,380,betmgm,380,False,False,3.5,closest_offered_consensus_to_50pct_no_interpolation,0.22487046632124352,35.299539170506876,0.0,0.22487046632124352,EMPIRICAL_RECONSTRUCTED_HISTORY,4a14b3fdf51d13786a2e905526f21d4fe7601226e01da29583be8ff3210a7041,work/market-distribution-v1/artifacts/4a14b3fdf51d13786a2e905526f21d4fe7601226e01da29583be8ff3210a7041.json,-3.5,44.5,False,False,none,False,0.3944732297063903,0.0,a9b35a2ed438bef0
9d9126b21f21f2cab0d5fedf,2026-09-06T21:54:26.096694+00:00,a9b35a2ed438bef07855af8c00000e34088542300b13c16bfb8b144a22fecac6,8c94552d022acec4a0458d70c19d3da9,1,2026-09-10T00:20:00Z,Seattle Seahawks,New England Patriots,spreads,alternate_spreads,,-6.5,Seattle Seahawks,-6.5,betmgm,130,2.3,0.3955061960067698,1.1136735090210315,2026-09-06T21:53:25Z,61.096694,conditional_non_push,0.4069084628670121,consensus_plus_empirical_residual_model,live_snapshot_not_T60,,01c26d504d08590c84e2d54c,0.3955061960067698,0.3955061960067698,152.84053956587906,-22.840539565879055,1,FEWER_THAN_TWO_BOOKS,130,betmgm,130,False,False,-3.5,closest_offered_consensus_to_50pct_no_interpolation,0.4069084628670121,-15.755517826825127,0.0,0.4069084628670121,EMPIRICAL_RECONSTRUCTED_HISTORY,4a14b3fdf51d13786a2e905526f21d4fe7601226e01da29583be8ff3210a7041,work/market-distribution-v1/artifacts/4a14b3fdf51d13786a2e905526f21d4fe7601226e01da29583be8ff3210a7041.json,-3.5,44.5,False,False,none,False,0.6055267702936097,0.0,a9b35a2ed438bef0
95d200ae5aa14239c33da59b,2026-09-06T21:54:26.096694+00:00,a9b35a2ed438bef07855af8c00000e34088542300b13c16bfb8b144a22fecac6,8c94552d022acec4a0458d70c19d3da9,1,2026-09-10T00:20:00Z,Seattle Seahawks,New England Patriots,spreads,alternate_spreads,,7.0,New England Patriots,-7.0,betmgm,500,6.0,0.13193416641494335,1.1304264076030965,2026-09-06T21:53:25Z,61.096694,conditional_non_push,0.20481927710843373,consensus_plus_empirical_residual_model,live_snapshot_not_T60,,f7218ea8591cae87affa1c01,0.13193416641494335,0.13193416641494335,657.9537788982735,-157.95377889827353,1,FEWER_THAN_TWO_BOOKS,500,betmgm,500,False,False,3.5,closest_offered_consensus_to_50pct_no_interpolation,0.20481927710843373,111.76470588235298,0.02521588946459413,0.1996545768566494,EMPIRICAL_RECONSTRUCTED_HISTORY,4a14b3fdf51d13786a2e905526f21d4fe7601226e01da29583be8ff3210a7041,work/market-distribution-v1/artifacts/4a14b3fdf51d13786a2e905526f21d4fe7601226e01da29583be8ff3210a7041.json,-3.5,44.5,False,False,none,False,0.3602763385146805,0.03419689119170984,a9b35a2ed438bef0
b30218cc683adb44c07f489f,2026-09-06T21:54:26.096694+00:00,a9b35a2ed438bef07855af8c00000e34088542300b13c16bfb8b144a22fecac6,8c94552d022acec4a0458d70c19d3da9,1,2026-09-10T00:20:00Z,Seattle Seahawks,New England Patriots,spreads,alternate_spreads,,-7.0,Seattle Seahawks,-7.0,betmgm,155,2.55,0.35220063099197196,1.1147972380379394,2026-09-06T21:53:25Z,61.096694,conditional_non_push,0.38678571428571423,consensus_plus_empirical_residual_model,live_snapshot_not_T60,,214e89b88426ebd91dca6403,0.35220063099197196,0.35220063099197196,183.9290767831685,-28.92907678316851,1,FEWER_THAN_TWO_BOOKS,155,betmgm,155,False,False,-3.5,closest_offered_consensus_to_50pct_no_interpolation,0.38678571428571423,-3.5410895660203323,0.03281519861830743,0.37409326424870465,EMPIRICAL_RECONSTRUCTED_HISTORY,4a14b3fdf51d13786a2e905526f21d4fe7601226e01da29583be8ff3210a7041,work/market-distribution-v1/artifacts/4a14b3fdf51d13786a2e905526f21d4fe7601226e01da29583be8ff3210a7041.json,-3.5,44.5,False,False,none,False,0.5778929188255613,0.027633851468048358,a9b35a2ed438bef0
963ce5b94cea1a91e12cb583,2026-09-06T21:54:26.096694+00:00,a9b35a2ed438bef07855af8c00000e34088542300b13c16bfb8b144a22fecac6,8c94552d022acec4a0458d70c19d3da9,1,2026-09-10T00:20:00Z,Seattle Seahawks,New England Patriots,spreads,alternate_spreads,,-7.5,Seattle Seahawks,-7.5,betmgm,175,2.75,0.32534045777812265,1.1100060009887152,2026-09-06T21:53:25Z,61.096694,conditional_non_push,0.37409326424870465,consensus_plus_empirical_residual_model,live_snapshot_not_T60,,a089398745c2e6a8165aac18,0.32534045777812265,0.32534045777812265,207.37031810595937,-32.37031810595937,1,FEWER_THAN_TWO_BOOKS,175,betmgm,175,False,False,-3.5,closest_offered_consensus_to_50pct_no_interpolation,0.37409326424870465,7.686980609418299,0.0,0.37409326424870465,EMPIRICAL_RECONSTRUCTED_HISTORY,4a14b3fdf51d13786a2e905526f21d4fe7601226e01da29583be8ff3210a7041,work/market-distribution-v1/artifacts/4a14b3fdf51d13786a2e905526f21d4fe7601226e01da29583be8ff3210a7041.json,-3.5,44.5,False,False,none,True,0.5778929188255613,0.0,a9b35a2ed438bef0
57242bfa659eebe348e2bbfe,2026-09-06T21:54:26.096694+00:00,a9b35a2ed438bef07855af8c00000e34088542300b13c16bfb8b144a22fecac6,8c94552d022acec4a0458d70c19d3da9,1,2026-09-10T00:20:00Z,Seattle Seahawks,New England Patriots,spreads,alternate_spreads,,-8.0,Seattle Seahawks,-8.0,betmgm,190,2.9,0.30961770837591657,1.1011600621380726,2026-09-06T21:53:25Z,61.096694,conditional_non_push,0.35285714285714287,consensus_plus_empirical_residual_model,live_snapshot_not_T60,,46af94a10834bb6e61e5ce96,0.3096177083759165,0.3096177083759165,222.9789424014045,-32.97894240140451,1,FEWER_THAN_TWO_BOOKS,190,betmgm,190,False,False,-3.5,closest_offered_consensus_to_50pct_no_interpolation,0.35285714285714287,6.599190283400844,0.03281519861830743,0.34127806563039725,EMPIRICAL_RECONSTRUCTED_HISTORY,4a14b3fdf51d13786a2e905526f21d4fe7601226e01da29583be8ff3210a7041,work/market-distribution-v1/artifacts/4a14b3fdf51d13786a2e905526f21d4fe7601226e01da29583be8ff3210a7041.json,-3.5,44.5,False,False,none,True,0.542314335060449,0.03557858376511226,a9b35a2ed438bef0
c79200636cd65a728144ddb7,2026-09-06T21:54:26.096694+00:00,a9b35a2ed438bef07855af8c00000e34088542300b13c16bfb8b144a22fecac6,8c94552d022acec4a0458d70c19d3da9,1,2026-09-10T00:20:00Z,Seattle Seahawks,New England Patriots,spreads,alternate_spreads,,-8.5,Seattle Seahawks,-8.5,betmgm,200,3.0,0.29293297397942974,1.1176021482264908,2026-09-06T21:53:25Z,61.096694,conditional_non_push,0.34127806563039725,consensus_plus_empirical_residual_model,live_snapshot_not_T60,,c49244da020a41a5fb2cc2fb,0.29293297397942974,0.29293297397942974,241.37502050903348,-41.375020509033476,1,FEWER_THAN_TWO_BOOKS,200,betmgm,200,False,False,-3.5,closest_offered_consensus_to_50pct_no_interpolation,0.34127806563039725,6.983805668016203,0.0,0.34127806563039725,EMPIRICAL_RECONSTRUCTED_HISTORY,4a14b3fdf51d13786a2e905526f21d4fe7601226e01da29583be8ff3210a7041,work/market-distribution-v1/artifacts/4a14b3fdf51d13786a2e905526f21d4fe7601226e01da29583be8ff3210a7041.json,-3.5,44.5,False,False,none,True,0.542314335060449,0.0,a9b35a2ed438bef0
050d47d7a3557fb0f58a2e92,2026-09-06T21:54:26.096694+00:00,a9b35a2ed438bef07855af8c00000e34088542300b13c16bfb8b144a22fecac6,8c94552d022acec4a0458d70c19d3da9,1,2026-09-10T00:20:00Z,Seattle Seahawks,New England Patriots,spreads,alternate_spreads,,-9.0,Seattle Seahawks,-9.0,betmgm,210,3.1,0.28423127797858877,1.1118655342563684,2026-09-06T21:53:25Z,61.096694,conditional_non_push,0.322316986496091,consensus_plus_empirical_residual_model,live_snapshot_not_T60,,703e4648f58edd473a26cf6d,0.2842312779785887,0.2842312779785887,251.8261632258961,-41.826163225896096,1,FEWER_THAN_TWO_BOOKS,210,betmgm,210,False,False,-3.5,closest_offered_consensus_to_50pct_no_interpolation,0.322316986496091,-0.2535832414553454,0.027979274611398965,0.31329879101899827,EMPIRICAL_RECONSTRUCTED_HISTORY,4a14b3fdf51d13786a2e905526f21d4fe7601226e01da29583be8ff3210a7041,work/market-distribution-v1/artifacts/4a14b3fdf51d13786a2e905526f21d4fe7601226e01da29583be8ff3210a7041.json,-3.5,44.5,False,False,none,False,0.5008635578583766,0.04145077720207254,a9b35a2ed438bef0
a41691cbf4c28094c903decc,2026-09-06T21:54:26.096694+00:00,a9b35a2ed438bef07855af8c00000e34088542300b13c16bfb8b144a22fecac6,8c94552d022acec4a0458d70c19d3da9,1,2026-09-10T00:20:00Z,Seattle Seahawks,New England Patriots,spreads,alternate_spreads,,-9.5,Seattle Seahawks,-9.5,betmgm,210,3.1,0.28423127797858877,1.1118655342563684,2026-09-06T21:53:25Z,61.096694,conditional_non_push,0.31329879101899827,consensus_plus_empirical_residual_model,live_snapshot_not_T60,,28c33ec2bd27b91643cf08f0,0.2842312779785887,0.2842312779785887,251.8261632258961,-41.826163225896096,1,FEWER_THAN_TWO_BOOKS,210,betmgm,210,False,False,-3.5,closest_offered_consensus_to_50pct_no_interpolation,0.31329879101899827,-9.18412348401327,0.0,0.31329879101899827,EMPIRICAL_RECONSTRUCTED_HISTORY,4a14b3fdf51d13786a2e905526f21d4fe7601226e01da29583be8ff3210a7041,work/market-distribution-v1/artifacts/4a14b3fdf51d13786a2e905526f21d4fe7601226e01da29583be8ff3210a7041.json,-3.5,44.5,False,False,none,False,0.5008635578583766,0.0,a9b35a2ed438bef0
2635f3cff5cb161b23e190cb,2026-09-06T21:54:26.096694+00:00,a9b35a2ed438bef07855af8c00000e34088542300b13c16bfb8b144a22fecac6,8c94552d022acec4a0458d70c19d3da9,1,2026-09-10T00:20:00Z,Seattle Seahawks,New England Patriots,spreads,alternate_spreads,,-1.0,New England Patriots,1.0,betmgm,140,2.4,0.3762962986172152,1.116405847500984,2026-09-06T21:53:25Z,61.096694,conditional_non_push,0.40568383658969803,consensus_plus_empirical_residual_model,live_snapshot_not_T60,,b5997e3fcadfecb1e2ed8c49,0.3762962986172152,0.3762962986172152,165.7480298569833,-25.748029856983294,1,FEWER_THAN_TWO_BOOKS,140,betmgm,140,False,False,3.5,closest_offered_consensus_to_50pct_no_interpolation,0.40568383658969803,-6.497373029772348,0.027633851468048358,0.3944732297063903,EMPIRICAL_RECONSTRUCTED_HISTORY,4a14b3fdf51d13786a2e905526f21d4fe7601226e01da29583be8ff3210a7041,work/market-distribution-v1/artifacts/4a14b3fdf51d13786a2e905526f21d4fe7601226e01da29583be8ff3210a7041.json,-3.5,44.5,False,False,none,False,0.5930915371329879,0.03281519861830743,a9b35a2ed438bef0
07d151ec45d3f0a2f64b8ddb,2026-09-06T21:54:26.096694+00:00,a9b35a2ed438bef07855af8c00000e34088542300b13c16bfb8b144a22fecac6,8c94552d022acec4a0458d70c19d3da9,1,2026-09-10T00:20:00Z,Seattle Seahawks,New England Patriots,spreads,alternate_spreads,,1.0,Seattle Seahawks,1.0,betmgm,-225,1.4444444444444444,0.6632189307421554,1.1167322770133339,2026-09-06T21:53:25Z,61.096694,conditional_non_push,0.626967095851216,consensus_plus_empirical_residual_model,live_snapshot_not_T60,,090e0a22d7b13dcb5a9f562c,0.6632189307421554,0.6632189307421554,-196.92880368949275,-28.071196310507247,1,FEWER_THAN_TWO_BOOKS,-225,betmgm,-225,False,False,-3.5,closest_offered_consensus_to_50pct_no_interpolation,0.626967095851216,-56.92713326941515,0.03419689119170984,0.6055267702936097,EMPIRICAL_RECONSTRUCTED_HISTORY,4a14b3fdf51d13786a2e905526f21d4fe7601226e01da29583be8ff3210a7041,work/market-distribution-v1/artifacts/4a14b3fdf51d13786a2e905526f21d4fe7601226e01da29583be8ff3210a7041.json,-3.5,44.5,False,False,none,False,0.7751295336787565,0.02521588946459413,a9b35a2ed438bef0
ab1b825da5158109adccd662,2026-09-06T21:54:26.096694+00:00,a9b35a2ed438bef07855af8c00000e34088542300b13c16bfb8b144a22fecac6,8c94552d022acec4a0458d70c19d3da9,1,2026-09-10T00:20:00Z,Seattle Seahawks,New England Patriots,spreads,alternate_spreads,,-1.5,New England Patriots,1.5,betmgm,130,2.3,0.3955061960067698,1.1136735090210315,2026-09-06T21:53:25Z,61.096694,conditional_non_push,0.4221070811744387,consensus_plus_empirical_residual_model,live_snapshot_not_T60,,758c603c5f51067ad84e648b,0.3955061960067698,0.3955061960067698,152.84053956587906,-22.840539565879055,1,FEWER_THAN_TWO_BOOKS,130,betmgm,130,False,False,3.5,closest_offered_consensus_to_50pct_no_interpolation,0.4221070811744387,-6.906710310965622,0.0,0.4221070811744387,EMPIRICAL_RECONSTRUCTED_HISTORY,4a14b3fdf51d13786a2e905526f21d4fe7601226e01da29583be8ff3210a7041,work/market-distribution-v1/artifacts/4a14b3fdf51d13786a2e905526f21d4fe7601226e01da29583be8ff3210a7041.json,-3.5,44.5,False,False,none,True,0.6259067357512953,0.0,a9b35a2ed438bef0
e9cce9aa2340b59eed76687e,2026-09-06T21:54:26.096694+00:00,a9b35a2ed438bef07855af8c00000e34088542300b13c16bfb8b144a22fecac6,8c94552d022acec4a0458d70c19d3da9,1,2026-09-10T00:20:00Z,Seattle Seahawks,New England Patriots,spreads,alternate_spreads,,1.5,Seattle Seahawks,1.5,betmgm,-235,1.425531914893617,0.6746595422218774,1.1100060009887152,2026-09-06T21:53:25Z,61.096694,conditional_non_push,0.6397236614853196,consensus_plus_empirical_residual_model,live_snapshot_not_T60,,02cbd337a0220c69bdb5a5fc,0.6746595422218774,0.6746595422218774,-207.37031810595943,-27.629681894040573,1,FEWER_THAN_TWO_BOOKS,-235,betmgm,-235,False,False,-3.5,closest_offered_consensus_to_50pct_no_interpolation,0.6397236614853196,-57.43528283796738,0.0,0.6397236614853196,EMPIRICAL_RECONSTRUCTED_HISTORY,4a14b3fdf51d13786a2e905526f21d4fe7601226e01da29583be8ff3210a7041,work/market-distribution-v1/artifacts/4a14b3fdf51d13786a2e905526f21d4fe7601226e01da29583be8ff3210a7041.json,-3.5,44.5,False,False,none,True,0.8003454231433506,0.0,a9b35a2ed438bef0
6a855c4f7b62a93685d07afe,2026-09-06T21:54:26.096694+00:00,a9b35a2ed438bef07855af8c00000e34088542300b13c16bfb8b144a22fecac6,8c94552d022acec4a0458d70c19d3da9,1,2026-09-10T00:20:00Z,Seattle Seahawks,New England Patriots,spreads,alternate_spreads,,-10.0,New England Patriots,10.0,betmgm,-325,1.3076923076923077,0.7426465796908874,1.1091127729837735,2026-09-06T21:53:25Z,61.096694,conditional_non_push,0.7044649184975195,consensus_plus_empirical_residual_model,live_snapshot_not_T60,,aa16dc6fa9970142fb299d6c,0.7426465796908873,0.7426465796908873,-288.5707051411552,-36.4292948588448,1,FEWER_THAN_TWO_BOOKS,-325,betmgm,-325,False,False,3.5,closest_offered_consensus_to_50pct_no_interpolation,0.7044649184975195,-86.6306954436451,0.02521588946459413,0.6867012089810017,EMPIRICAL_RECONSTRUCTED_HISTORY,4a14b3fdf51d13786a2e905526f21d4fe7601226e01da29583be8ff3210a7041,work/market-distribution-v1/artifacts/4a14b3fdf51d13786a2e905526f21d4fe7601226e01da29583be8ff3210a7041.json,-3.5,44.5,False,False,none,False,0.8317789291882556,0.014507772020725389,a9b35a2ed438bef0
673fa1f05508c3710eaad179,2026-09-06T21:54:26.096694+00:00,a9b35a2ed438bef07855af8c00000e34088542300b13c16bfb8b144a22fecac6,8c94552d022acec4a0458d70c19d3da9,1,2026-09-10T00:20:00Z,Seattle Seahawks,New England Patriots,spreads,alternate_spreads,,-10.5,New England Patriots,10.5,betmgm,-350,1.2857142857142856,0.7544786466479139,1.1210192125856326,2026-09-06T21:53:25Z,61.096694,conditional_non_push,0.7119170984455958,consensus_plus_empirical_residual_model,live_snapshot_not_T60,,1fd8ee716e6ecd56da21aeed,0.7544786466479139,0.7544786466479139,-307.29654930093403,-42.70345069906597,1,FEWER_THAN_TWO_BOOKS,-350,betmgm,-350,False,False,3.5,closest_offered_consensus_to_50pct_no_interpolation,0.7119170984455958,-102.87769784172667,0.0,0.7119170984455958,EMPIRICAL_RECONSTRUCTED_HISTORY,4a14b3fdf51d13786a2e905526f21d4fe7601226e01da29583be8ff3210a7041,work/market-distribution-v1/artifacts/4a14b3fdf51d13786a2e905526f21d4fe7601226e01da29583be8ff3210a7041.json,-3.5,44.5,False,False,none,False,0.846286701208981,0.0,a9b35a2ed438bef0
197b17b683d70cff1ebb66cf,2026-09-06T21:54:26.096694+00:00,a9b35a2ed438bef07855af8c00000e34088542300b13c16bfb8b144a22fecac6,8c94552d022acec4a0458d70c19d3da9,1,2026-09-10T00:20:00Z,Seattle Seahawks,New England Patriots,spreads,alternate_spreads,,-11.0,New England Patriots,11.0,betmgm,-375,1.2666666666666666,0.7679950592779458,1.1166857464582116,2026-09-06T21:53:25Z,61.096694,conditional_non_push,0.7329302987197723,consensus_plus_empirical_residual_model,live_snapshot_not_T60,,d688bd08ff364f2ee447f76b,0.7679950592779458,0.7679950592779458,-331.0253035507621,-43.97469644923791,1,FEWER_THAN_TWO_BOOKS,-375,betmgm,-375,False,False,3.5,closest_offered_consensus_to_50pct_no_interpolation,0.7329302987197723,-100.56591211717716,0.028670120898100174,0.7119170984455958,EMPIRICAL_RECONSTRUCTED_HISTORY,4a14b3fdf51d13786a2e905526f21d4fe7601226e01da29583be8ff3210a7041,work/market-distribution-v1/artifacts/4a14b3fdf51d13786a2e905526f21d4fe7601226e01da29583be8ff3210a7041.json,-3.5,44.5,False,False,none,False,0.846286701208981,0.015198618307426597,a9b35a2ed438bef0
a304e749176f395f76b47f18,2026-09-06T21:54:26.096694+00:00,a9b35a2ed438bef07855af8c00000e34088542300b13c16bfb8b144a22fecac6,8c94552d022acec4a0458d70c19d3da9,1,2026-09-10T00:20:00Z,Seattle Seahawks,New England Patriots,spreads,alternate_spreads,,-11.5,New England Patriots,11.5,betmgm,-375,1.2666666666666666,0.7692876004667043,1.1095720733348218,2026-09-06T21:53:25Z,61.096694,conditional_non_push,0.740587219343696,consensus_plus_empirical_residual_model,live_snapshot_not_T60,,c0fd4d62c6939bac0e98bcef,0.7692876004667041,0.7692876004667041,-333.440076052645,-41.559923947355,1,FEWER_THAN_TWO_BOOKS,-375,betmgm,-375,False,False,3.5,closest_offered_consensus_to_50pct_no_interpolation,0.740587219343696,-89.51398135818914,0.0,0.740587219343696,EMPIRICAL_RECONSTRUCTED_HISTORY,4a14b3fdf51d13786a2e905526f21d4fe7601226e01da29583be8ff3210a7041,work/market-distribution-v1/artifacts/4a14b3fdf51d13786a2e905526f21d4fe7601226e01da29583be8ff3210a7041.json,-3.5,44.5,False,False,none,False,0.8614853195164076,0.0,a9b35a2ed438bef0
2c3403db2a5b2f44bd1c0b96,2026-09-06T21:54:26.096694+00:00,a9b35a2ed438bef07855af8c00000e34088542300b13c16bfb8b144a22fecac6,8c94552d022acec4a0458d70c19d3da9,1,2026-09-10T00:20:00Z,Seattle Seahawks,New England Patriots,spreads,alternate_spreads,,-12.0,New England Patriots,12.0,betmgm,-425,1.2352941176470589,0.7867092838504235,1.135287140503542,2026-09-06T21:53:25Z,61.096694,conditional_non_push,0.7559943582510578,consensus_plus_empirical_residual_model,live_snapshot_not_T60,,83356b929c5351dacc89a708,0.7867092838504233,0.7867092838504233,-368.8436599831748,-56.1563400168252,1,FEWER_THAN_TWO_BOOKS,-425,betmgm,-425,False,False,3.5,closest_offered_consensus_to_50pct_no_interpolation,0.7559943582510578,-115.1734104046244,0.020379965457685664,0.740587219343696,EMPIRICAL_RECONSTRUCTED_HISTORY,4a14b3fdf51d13786a2e905526f21d4fe7601226e01da29583be8ff3210a7041,work/market-distribution-v1/artifacts/4a14b3fdf51d13786a2e905526f21d4fe7601226e01da29583be8ff3210a7041.json,-3.5,44.5,False,False,none,False,0.8614853195164076,0.014853195164075994,a9b35a2ed438bef0
c9f0fd32164cc0b983e784aa,2026-09-06T21:54:26.096694+00:00,a9b35a2ed438bef07855af8c00000e34088542300b13c16bfb8b144a22fecac6,8c94552d022acec4a0458d70c19d3da9,1,2026-09-10T00:20:00Z,Seattle Seahawks,New England Patriots,spreads,alternate_spreads,,-12.5,New England Patriots,12.5,betmgm,-425,1.2352941176470589,0.7867092838504235,1.135287140503542,2026-09-06T21:53:25Z,61.096694,conditional_non_push,0.7609671848013817,consensus_plus_empirical_residual_model,live_snapshot_not_T60,,ee82cf229205f2beda37335a,0.7867092838504233,0.7867092838504233,-368.8436599831748,-56.1563400168252,1,FEWER_THAN_TWO_BOOKS,-425,betmgm,-425,False,False,3.5,closest_offered_consensus_to_50pct_no_interpolation,0.7609671848013817,-106.64739884393066,0.0,0.7609671848013817,EMPIRICAL_RECONSTRUCTED_HISTORY,4a14b3fdf51d13786a2e905526f21d4fe7601226e01da29583be8ff3210a7041,work/market-distribution-v1/artifacts/4a14b3fdf51d13786a2e905526f21d4fe7601226e01da29583be8ff3210a7041.json,-3.5,44.5,False,False,none,False,0.8763385146804836,0.0,a9b35a2ed438bef0
392a2c4abff356bd88ec4b25,2026-09-06T21:54:26.096694+00:00,a9b35a2ed438bef07855af8c00000e34088542300b13c16bfb8b144a22fecac6,8c94552d022acec4a0458d70c19d3da9,1,2026-09-10T00:20:00Z,Seattle Seahawks,New England Patriots,spreads,alternate_spreads,,-13.0,New England Patriots,13.0,betmgm,-450,1.2222222222222223,0.7990209925146158,1.1180908082226515,2026-09-06T21:53:25Z,61.096694,conditional_non_push,0.7778954802259888,consensus_plus_empirical_residual_model,live_snapshot_not_T60,,f74232a7dcbda8400be84dd1,0.7990209925146158,0.7990209925146158,-397.5644036219668,-52.43559637803321,1,FEWER_THAN_TWO_BOOKS,-450,betmgm,-450,False,False,3.5,closest_offered_consensus_to_50pct_no_interpolation,0.7778954802259888,-99.76152623211436,0.021761658031088083,0.7609671848013817,EMPIRICAL_RECONSTRUCTED_HISTORY,4a14b3fdf51d13786a2e905526f21d4fe7601226e01da29583be8ff3210a7041,work/market-distribution-v1/artifacts/4a14b3fdf51d13786a2e905526f21d4fe7601226e01da29583be8ff3210a7041.json,-3.5,44.5,False,False,none,False,0.8763385146804836,0.011053540587219343,a9b35a2ed438bef0
570524d88150328bd37778f5,2026-09-06T21:54:26.096694+00:00,a9b35a2ed438bef07855af8c00000e34088542300b13c16bfb8b144a22fecac6,8c94552d022acec4a0458d70c19d3da9,1,2026-09-10T00:20:00Z,Seattle Seahawks,New England Patriots,spreads,alternate_spreads,,-13.5,New England Patriots,13.5,betmgm,-475,1.2105263157894737,0.8069877790656476,1.1224332717668726,2026-09-06T21:53:25Z,61.096694,conditional_non_push,0.7827288428324698,consensus_plus_empirical_residual_model,live_snapshot_not_T60,,f2f6ed2ea58c4ac707237adc,0.8069877790656476,0.8069877790656476,-418.10190834502714,-56.89809165497286,1,FEWER_THAN_TWO_BOOKS,-475,betmgm,-475,False,False,3.5,closest_offered_consensus_to_50pct_no_interpolation,0.7827288428324698,-114.74562798092205,0.0,0.7827288428324698,EMPIRICAL_RECONSTRUCTED_HISTORY,4a14b3fdf51d13786a2e905526f21d4fe7601226e01da29583be8ff3210a7041,work/market-distribution-v1/artifacts/4a14b3fdf51d13786a2e905526f21d4fe7601226e01da29583be8ff3210a7041.json,-3.5,44.5,False,False,none,False,0.8873920552677029,0.0,a9b35a2ed438bef0
19d888f00dce91c08a83a7a0,2026-09-06T21:54:26.096694+00:00,a9b35a2ed438bef07855af8c00000e34088542300b13c16bfb8b144a22fecac6,8c94552d022acec4a0458d70c19d3da9,1,2026-09-10T00:20:00Z,Seattle Seahawks,New England Patriots,spreads,alternate_spreads,,-14.0,New England Patriots,14.0,betmgm,-550,1.1818181818181819,0.8286994146340029,1.1247721231890009,2026-09-06T21:53:25Z,61.096694,conditional_non_push,0.8035460992907801,consensus_plus_empirical_residual_model,live_snapshot_not_T60,,c278c39e89e11c7782e742e4,0.8286994146340029,0.8286994146340029,-483.76916684985144,-66.23083315014856,1,FEWER_THAN_TWO_BOOKS,-550,betmgm,-550,False,False,3.5,closest_offered_consensus_to_50pct_no_interpolation,0.8035460992907801,-140.9747292418773,0.025906735751295335,0.7827288428324698,EMPIRICAL_RECONSTRUCTED_HISTORY,4a14b3fdf51d13786a2e905526f21d4fe7601226e01da29583be8ff3210a7041,work/market-distribution-v1/artifacts/4a14b3fdf51d13786a2e905526f21d4fe7601226e01da29583be8ff3210a7041.json,-3.5,44.5,False,False,none,False,0.8873920552677029,0.01001727115716753,a9b35a2ed438bef0
63e01473d1426f207ce249c9,2026-09-06T21:54:26.096694+00:00,a9b35a2ed438bef07855af8c00000e34088542300b13c16bfb8b144a22fecac6,8c94552d022acec4a0458d70c19d3da9,1,2026-09-10T00:20:00Z,Seattle Seahawks,New England Patriots,spreads,alternate_spreads,,-14.5,New England Patriots,14.5,betmgm,-600,1.1666666666666667,0.83934587140735,1.1361118563961417,2026-09-06T21:53:25Z,61.096694,conditional_non_push,0.8086355785837651,consensus_plus_empirical_residual_model,live_snapshot_not_T60,,60196fc1a560aea0c5462f58,0.83934587140735,0.83934587140735,-522.4552140428156,-77.54478595718444,1,FEWER_THAN_TWO_BOOKS,-600,betmgm,-600,False,False,3.5,closest_offered_consensus_to_50pct_no_interpolation,0.8086355785837651,-177.43682310469313,0.0,0.8086355785837651,EMPIRICAL_RECONSTRUCTED_HISTORY,4a14b3fdf51d13786a2e905526f21d4fe7601226e01da29583be8ff3210a7041,work/market-distribution-v1/artifacts/4a14b3fdf51d13786a2e905526f21d4fe7601226e01da29583be8ff3210a7041.json,-3.5,44.5,False,False,none,False,0.8974093264248705,0.0,a9b35a2ed438bef0
0b11275ffea33ad669712c51,2026-09-06T21:54:26.096694+00:00,a9b35a2ed438bef07855af8c00000e34088542300b13c16bfb8b144a22fecac6,8c94552d022acec4a0458d70c19d3da9,1,2026-09-10T00:20:00Z,Seattle Seahawks,New England Patriots,spreads,alternate_spreads,,-2.0,New England Patriots,2.0,betmgm,125,2.25,0.4078470894747361,1.1059681062442213,2026-09-06T21:53:25Z,61.096694,conditional_non_push,0.4376790830945559,consensus_plus_empirical_residual_model,live_snapshot_not_T60,,ddf92f904a4460245b2b45ab,0.40784708947473597,0.40784708947473597,145.18993166970853,-20.18993166970853,1,FEWER_THAN_TWO_BOOKS,125,betmgm,125,False,False,3.5,closest_offered_consensus_to_50pct_no_interpolation,0.4376790830945559,-3.477905073649765,0.03557858376511226,0.4221070811744387,EMPIRICAL_RECONSTRUCTED_HISTORY,4a14b3fdf51d13786a2e905526f21d4fe7601226e01da29583be8ff3210a7041,work/market-distribution-v1/artifacts/4a14b3fdf51d13786a2e905526f21d4fe7601226e01da29583be8ff3210a7041.json,-3.5,44.5,False,False,none,True,0.6259067357512953,0.03281519861830743,a9b35a2ed438bef0
aca3d93b692ee67f0ebed9f0,2026-09-06T21:54:26.096694+00:00,a9b35a2ed438bef07855af8c00000e34088542300b13c16bfb8b144a22fecac6,8c94552d022acec4a0458d70c19d3da9,1,2026-09-10T00:20:00Z,Seattle Seahawks,New England Patriots,spreads,alternate_spreads,,2.0,Seattle Seahawks,2.0,betmgm,-250,1.4,0.6894029905975132,1.105378829089072,2026-09-06T21:53:25Z,61.096694,conditional_non_push,0.6586059743954481,consensus_plus_empirical_residual_model,live_snapshot_not_T60,,4cfd63c7ae2648754dda2f12,0.6894029905975132,0.6894029905975132,-221.96060159231962,-28.03939840768038,1,FEWER_THAN_TWO_BOOKS,-250,betmgm,-250,False,False,-3.5,closest_offered_consensus_to_50pct_no_interpolation,0.6586059743954481,-57.08333333333334,0.028670120898100174,0.6397236614853196,EMPIRICAL_RECONSTRUCTED_HISTORY,4a14b3fdf51d13786a2e905526f21d4fe7601226e01da29583be8ff3210a7041,work/market-distribution-v1/artifacts/4a14b3fdf51d13786a2e905526f21d4fe7601226e01da29583be8ff3210a7041.json,-3.5,44.5,False,False,none,True,0.8003454231433506,0.02936096718480138,a9b35a2ed438bef0
e84b0b106dfbef3bd8acb11c,2026-09-06T21:54:26.096694+00:00,a9b35a2ed438bef07855af8c00000e34088542300b13c16bfb8b144a22fecac6,8c94552d022acec4a0458d70c19d3da9,1,2026-09-10T00:20:00Z,Seattle Seahawks,New England Patriots,spreads,alternate_spreads,,-2.5,New England Patriots,2.5,betmgm,115,2.15,0.4259530220589123,1.1149079930847186,2026-09-06T21:53:25Z,61.096694,conditional_non_push,0.45768566493955093,consensus_plus_empirical_residual_model,live_snapshot_not_T60,,1dd680b5cbe84ac78edda251,0.4259530220589123,0.4259530220589123,134.76767347871828,-19.76767347871828,1,FEWER_THAN_TWO_BOOKS,115,betmgm,115,False,False,3.5,closest_offered_consensus_to_50pct_no_interpolation,0.45768566493955093,-3.4905660377358743,0.0,0.45768566493955093,EMPIRICAL_RECONSTRUCTED_HISTORY,4a14b3fdf51d13786a2e905526f21d4fe7601226e01da29583be8ff3210a7041,work/market-distribution-v1/artifacts/4a14b3fdf51d13786a2e905526f21d4fe7601226e01da29583be8ff3210a7041.json,-3.5,44.5,False,False,none,True,0.6587219343696028,0.0,a9b35a2ed438bef0
210351dd9a57f0b2ba7250d0,2026-09-06T21:54:26.096694+00:00,a9b35a2ed438bef07855af8c00000e34088542300b13c16bfb8b144a22fecac6,8c94552d022acec4a0458d70c19d3da9,1,2026-09-10T00:20:00Z,Seattle Seahawks,New England Patriots,spreads,alternate_spreads,,2.5,Seattle Seahawks,2.5,betmgm,-275,1.3636363636363638,0.704815206472727,1.1278867336411489,2026-09-06T21:53:25Z,61.096694,conditional_non_push,0.6683937823834197,consensus_plus_empirical_residual_model,live_snapshot_not_T60,,20d90743a0d49bf7b39c21ed,0.704815206472727,0.704815206472727,-238.7708384468684,-36.229161553131604,1,FEWER_THAN_TWO_BOOKS,-275,betmgm,-275,False,False,-3.5,closest_offered_consensus_to_50pct_no_interpolation,0.6683937823834197,-73.43749999999994,0.0,0.6683937823834197,EMPIRICAL_RECONSTRUCTED_HISTORY,4a14b3fdf51d13786a2e905526f21d4fe7601226e01da29583be8ff3210a7041,work/market-distribution-v1/artifacts/4a14b3fdf51d13786a2e905526f21d4fe7601226e01da29583be8ff3210a7041.json,-3.5,44.5,False,False,none,True,0.829706390328152,0.0,a9b35a2ed438bef0
e4ac7f63f619a886dce83d11,2026-09-06T21:54:26.096694+00:00,a9b35a2ed438bef07855af8c00000e34088542300b13c16bfb8b144a22fecac6,8c94552d022acec4a0458d70c19d3da9,1,2026-09-10T00:20:00Z,Seattle Seahawks,New England Patriots,spreads,alternate_spreads,,-3.0,New England Patriots,3.0,betmgm,100,2.0,0.4613383948539638,1.116102729298567,2026-09-06T21:53:25Z,61.096694,conditional_non_push,0.4774774774774775,consensus_plus_empirical_residual_model,live_snapshot_not_T60,,50238435aff26c419dcb67d5,0.4613383948539638,0.4613383948539638,116.76062759019852,-16.760627590198524,1,FEWER_THAN_TWO_BOOKS,100,betmgm,100,False,False,3.5,closest_offered_consensus_to_50pct_no_interpolation,0.4774774774774775,-9.433962264150935,0.04145077720207254,0.45768566493955093,EMPIRICAL_RECONSTRUCTED_HISTORY,4a14b3fdf51d13786a2e905526f21d4fe7601226e01da29583be8ff3210a7041,work/market-distribution-v1/artifacts/4a14b3fdf51d13786a2e905526f21d4fe7601226e01da29583be8ff3210a7041.json,-3.5,44.5,False,False,none,False,0.6587219343696028,0.027979274611398965,a9b35a2ed438bef0
f7d32a62b914673bbcfe83ba,2026-09-06T21:54:26.096694+00:00,a9b35a2ed438bef07855af8c00000e34088542300b13c16bfb8b144a22fecac6,8c94552d022acec4a0458d70c19d3da9,1,2026-09-10T00:20:00Z,Seattle Seahawks,New England Patriots,spreads,alternate_spreads,,3.0,Seattle Seahawks,3.0,betmgm,-350,1.2857142857142856,0.7513882215737413,1.1373514176170145,2026-09-06T21:53:25Z,61.096694,conditional_non_push,0.6878777106292215,consensus_plus_empirical_residual_model,live_snapshot_not_T60,,08dd84ea1379d7b6c6d19b34,0.7513882215737411,0.7513882215737411,-302.23355720719053,-47.76644279280947,1,FEWER_THAN_TWO_BOOKS,-350,betmgm,-350,False,False,-3.5,closest_offered_consensus_to_50pct_no_interpolation,0.6878777106292215,-129.61275626423682,0.028324697754749568,0.6683937823834197,EMPIRICAL_RECONSTRUCTED_HISTORY,4a14b3fdf51d13786a2e905526f21d4fe7601226e01da29583be8ff3210a7041,work/market-distribution-v1/artifacts/4a14b3fdf51d13786a2e905526f21d4fe7601226e01da29583be8ff3210a7041.json,-3.5,44.5,False,False,none,False,0.829706390328152,0.01865284974093264,a9b35a2ed438bef0
db62fa588de7b087390d43e8,2026-09-06T21:54:26.096694+00:00,a9b35a2ed438bef07855af8c00000e34088542300b13c16bfb8b144a22fecac6,8c94552d022acec4a0458d70c19d3da9,1,2026-09-10T00:20:00Z,Seattle Seahawks,New England Patriots,spreads,alternate_spreads,,-3.5,New England Patriots,3.5,betmgm,-112,1.8928571428571428,0.5082101662533091,1.0607640901233029,2026-09-06T21:53:25Z,61.096694,conditional_non_push,0.4991364421416235,consensus_plus_empirical_residual_model,live_snapshot_not_T60,,cb8f2ce96f0c076db9733940,0.508210166253309,0.508210166253309,-103.33889222180946,-8.66110777819054,1,FEWER_THAN_TWO_BOOKS,-112,betmgm,-112,False,False,3.5,closest_offered_consensus_to_50pct_no_interpolation,0.4991364421416235,-12.346020761245668,0.0,0.4991364421416235,EMPIRICAL_RECONSTRUCTED_HISTORY,4a14b3fdf51d13786a2e905526f21d4fe7601226e01da29583be8ff3210a7041,work/market-distribution-v1/artifacts/4a14b3fdf51d13786a2e905526f21d4fe7601226e01da29583be8ff3210a7041.json,-3.5,44.5,False,False,none,False,0.6867012089810017,0.0,a9b35a2ed438bef0
072a0297a809b67b4a7a9db7,2026-09-06T21:54:26.096694+00:00,a9b35a2ed438bef07855af8c00000e34088542300b13c16bfb8b144a22fecac6,8c94552d022acec4a0458d70c19d3da9,1,2026-09-10T00:20:00Z,Seattle Seahawks,New England Patriots,spreads,alternate_spreads,,3.5,Seattle Seahawks,3.5,betmgm,-375,1.2666666666666666,0.7653002135210872,1.1315557716132405,2026-09-06T21:53:25Z,61.096694,conditional_non_push,0.6967184801381693,consensus_plus_empirical_residual_model,live_snapshot_not_T60,,c60bc900ecd4a4c183713ecb,0.765300213521087,0.765300213521087,-326.0762291276506,-48.923770872349394,1,FEWER_THAN_TWO_BOOKS,-375,betmgm,-375,False,False,-3.5,closest_offered_consensus_to_50pct_no_interpolation,0.6967184801381693,-145.27334851936217,0.0,0.6967184801381693,EMPIRICAL_RECONSTRUCTED_HISTORY,4a14b3fdf51d13786a2e905526f21d4fe7601226e01da29583be8ff3210a7041,work/market-distribution-v1/artifacts/4a14b3fdf51d13786a2e905526f21d4fe7601226e01da29583be8ff3210a7041.json,-3.5,44.5,False,False,none,False,0.8483592400690846,0.0,a9b35a2ed438bef0
4b54cc6e4ceb8e8bd7e597ce,2026-09-06T21:54:26.096694+00:00,a9b35a2ed438bef07855af8c00000e34088542300b13c16bfb8b144a22fecac6,8c94552d022acec4a0458d70c19d3da9,1,2026-09-10T00:20:00Z,Seattle Seahawks,New England Patriots,spreads,alternate_spreads,,-4.0,New England Patriots,4.0,betmgm,-130,1.7692307692307692,0.5312123494364493,1.1087531918228133,2026-09-06T21:53:25Z,61.096694,conditional_non_push,0.5120481927710844,consensus_plus_empirical_residual_model,live_snapshot_not_T60,,d2f653f085ab570de1680ecc,0.5312123494364492,0.5312123494364492,-113.31619951973029,-16.68380048026971,1,FEWER_THAN_TWO_BOOKS,-130,betmgm,-130,False,False,3.5,closest_offered_consensus_to_50pct_no_interpolation,0.5120481927710844,-25.06172839506172,0.02521588946459413,0.4991364421416235,EMPIRICAL_RECONSTRUCTED_HISTORY,4a14b3fdf51d13786a2e905526f21d4fe7601226e01da29583be8ff3210a7041,work/market-distribution-v1/artifacts/4a14b3fdf51d13786a2e905526f21d4fe7601226e01da29583be8ff3210a7041.json,-3.5,44.5,False,False,none,False,0.6867012089810017,0.02521588946459413,a9b35a2ed438bef0
a1b3efe19c907003ee071e52,2026-09-06T21:54:26.096694+00:00,a9b35a2ed438bef07855af8c00000e34088542300b13c16bfb8b144a22fecac6,8c94552d022acec4a0458d70c19d3da9,1,2026-09-10T00:20:00Z,Seattle Seahawks,New England Patriots,spreads,alternate_spreads,,4.0,Seattle Seahawks,4.0,betmgm,-425,1.2352941176470589,0.7867092838504235,1.135287140503542,2026-09-06T21:53:25Z,61.096694,conditional_non_push,0.7200999642984648,consensus_plus_empirical_residual_model,live_snapshot_not_T60,,b5c52698936c4f7b6f7d466b,0.7867092838504233,0.7867092838504233,-368.8436599831748,-56.1563400168252,1,FEWER_THAN_TWO_BOOKS,-425,betmgm,-425,False,False,-3.5,closest_offered_consensus_to_50pct_no_interpolation,0.7200999642984648,-167.72959183673476,0.03246977547495682,0.6967184801381693,EMPIRICAL_RECONSTRUCTED_HISTORY,4a14b3fdf51d13786a2e905526f21d4fe7601226e01da29583be8ff3210a7041,work/market-distribution-v1/artifacts/4a14b3fdf51d13786a2e905526f21d4fe7601226e01da29583be8ff3210a7041.json,-3.5,44.5,False,False,none,False,0.8483592400690846,0.018307426597582038,a9b35a2ed438bef0
628ebcfd1848f163acd243cb,2026-09-06T21:54:26.096694+00:00,a9b35a2ed438bef07855af8c00000e34088542300b13c16bfb8b144a22fecac6,8c94552d022acec4a0458d70c19d3da9,1,2026-09-10T00:20:00Z,Seattle Seahawks,New England Patriots,spreads,alternate_spreads,,-4.5,New England Patriots,4.5,betmgm,-140,1.7142857142857144,0.5495039019869297,1.1108409857441557,2026-09-06T21:53:25Z,61.096694,conditional_non_push,0.5243523316062176,consensus_plus_empirical_residual_model,live_snapshot_not_T60,,7f91d00f7a765b41463c1caf,0.5495039019869297,0.5495039019869297,-121.97750533479355,-18.02249466520645,1,FEWER_THAN_TWO_BOOKS,-140,betmgm,-140,False,False,3.5,closest_offered_consensus_to_50pct_no_interpolation,0.5243523316062176,-29.760348583877985,0.0,0.5243523316062176,EMPIRICAL_RECONSTRUCTED_HISTORY,4a14b3fdf51d13786a2e905526f21d4fe7601226e01da29583be8ff3210a7041,work/market-distribution-v1/artifacts/4a14b3fdf51d13786a2e905526f21d4fe7601226e01da29583be8ff3210a7041.json,-3.5,44.5,False,False,none,False,0.7119170984455958,0.0,a9b35a2ed438bef0
88c95d6383a56b4750bfc957,2026-09-06T21:54:26.096694+00:00,a9b35a2ed438bef07855af8c00000e34088542300b13c16bfb8b144a22fecac6,8c94552d022acec4a0458d70c19d3da9,1,2026-09-10T00:20:00Z,Seattle Seahawks,New England Patriots,spreads,alternate_spreads,,4.5,Seattle Seahawks,4.5,betmgm,-450,1.2222222222222223,0.7950081665124338,1.1431808292165377,2026-09-06T21:53:25Z,61.096694,conditional_non_push,0.7291882556131261,consensus_plus_empirical_residual_model,live_snapshot_not_T60,,587401cb7b2739e31cea24cb,0.7950081665124338,0.7950081665124338,-387.8243113331903,-62.17568866680972,1,FEWER_THAN_TWO_BOOKS,-450,betmgm,-450,False,False,-3.5,closest_offered_consensus_to_50pct_no_interpolation,0.7291882556131261,-180.7397959183674,0.0,0.7291882556131261,EMPIRICAL_RECONSTRUCTED_HISTORY,4a14b3fdf51d13786a2e905526f21d4fe7601226e01da29583be8ff3210a7041,work/market-distribution-v1/artifacts/4a14b3fdf51d13786a2e905526f21d4fe7601226e01da29583be8ff3210a7041.json,-3.5,44.5,False,False,none,False,0.8666666666666667,0.0,a9b35a2ed438bef0
58461ec3c3888f920090d424,2026-09-06T21:54:26.096694+00:00,a9b35a2ed438bef07855af8c00000e34088542300b13c16bfb8b144a22fecac6,8c94552d022acec4a0458d70c19d3da9,1,2026-09-10T00:20:00Z,Seattle Seahawks,New England Patriots,spreads,alternate_spreads,,-5.0,New England Patriots,5.0,betmgm,-145,1.6896551724137931,0.5598270164425229,1.1060064447643598,2026-09-06T21:53:25Z,61.096694,conditional_non_push,0.5454545454545455,consensus_plus_empirical_residual_model,live_snapshot_not_T60,,a0978662e5cc88e69e6f0d7e,0.5598270164425229,0.5598270164425229,-127.18341137568282,-17.816588624317177,1,FEWER_THAN_TWO_BOOKS,-145,betmgm,-145,False,False,3.5,closest_offered_consensus_to_50pct_no_interpolation,0.5454545454545455,-24.999999999999957,0.0386873920552677,0.5243523316062176,EMPIRICAL_RECONSTRUCTED_HISTORY,4a14b3fdf51d13786a2e905526f21d4fe7601226e01da29583be8ff3210a7041,work/market-distribution-v1/artifacts/4a14b3fdf51d13786a2e905526f21d4fe7601226e01da29583be8ff3210a7041.json,-3.5,44.5,False,False,none,False,0.7119170984455958,0.028670120898100174,a9b35a2ed438bef0
51c81203781f15d9689fc446,2026-09-06T21:54:26.096694+00:00,a9b35a2ed438bef07855af8c00000e34088542300b13c16bfb8b144a22fecac6,8c94552d022acec4a0458d70c19d3da9,1,2026-09-10T00:20:00Z,Seattle Seahawks,New England Patriots,spreads,alternate_spreads,,5.0,Seattle Seahawks,5.0,betmgm,-475,1.2105263157894737,0.8069877790656476,1.1224332717668726,2026-09-06T21:53:25Z,61.096694,conditional_non_push,0.7464639321074964,consensus_plus_empirical_residual_model,live_snapshot_not_T60,,9476c2359455b10530144f51,0.8069877790656476,0.8069877790656476,-418.10190834502714,-56.89809165497286,1,FEWER_THAN_TWO_BOOKS,-475,betmgm,-475,False,False,-3.5,closest_offered_consensus_to_50pct_no_interpolation,0.7464639321074964,-180.5788005578802,0.0231433506044905,0.7291882556131261,EMPIRICAL_RECONSTRUCTED_HISTORY,4a14b3fdf51d13786a2e905526f21d4fe7601226e01da29583be8ff3210a7041,work/market-distribution-v1/artifacts/4a14b3fdf51d13786a2e905526f21d4fe7601226e01da29583be8ff3210a7041.json,-3.5,44.5,False,False,none,False,0.8666666666666667,0.01623488773747841,a9b35a2ed438bef0
782e29adb33755be869be2e4,2026-09-06T21:54:26.096694+00:00,a9b35a2ed438bef07855af8c00000e34088542300b13c16bfb8b144a22fecac6,8c94552d022acec4a0458d70c19d3da9,1,2026-09-10T00:20:00Z,Seattle Seahawks,New England Patriots,spreads,alternate_spreads,,-5.5,New England Patriots,5.5,betmgm,-155,1.6451612903225805,0.5740469779410878,1.1149079930847186,2026-09-06T21:53:25Z,61.096694,conditional_non_push,0.5630397236614854,consensus_plus_empirical_residual_model,live_snapshot_not_T60,,57445106cf35823749b11063,0.5740469779410878,0.5740469779410878,-134.76767347871834,-20.232326521281664,1,FEWER_THAN_TWO_BOOKS,-155,betmgm,-155,False,False,3.5,closest_offered_consensus_to_50pct_no_interpolation,0.5630397236614854,-26.146245059288532,0.0,0.5630397236614854,EMPIRICAL_RECONSTRUCTED_HISTORY,4a14b3fdf51d13786a2e905526f21d4fe7601226e01da29583be8ff3210a7041,work/market-distribution-v1/artifacts/4a14b3fdf51d13786a2e905526f21d4fe7601226e01da29583be8ff3210a7041.json,-3.5,44.5,False,False,none,False,0.740587219343696,0.0,a9b35a2ed438bef0
fc06504cb5b01912f6d66201,2026-09-06T21:54:26.096694+00:00,a9b35a2ed438bef07855af8c00000e34088542300b13c16bfb8b144a22fecac6,8c94552d022acec4a0458d70c19d3da9,1,2026-09-10T00:20:00Z,Seattle Seahawks,New England Patriots,spreads,alternate_spreads,,5.5,Seattle Seahawks,5.5,betmgm,-500,1.2,0.8133713892394274,1.1329842945702202,2026-09-06T21:53:25Z,61.096694,conditional_non_push,0.7523316062176166,consensus_plus_empirical_residual_model,live_snapshot_not_T60,,512ceb72508b3ec9bed6305e,0.8133713892394272,0.8133713892394272,-435.8235245521424,-64.17647544785763,1,FEWER_THAN_TWO_BOOKS,-500,betmgm,-500,False,False,-3.5,closest_offered_consensus_to_50pct_no_interpolation,0.7523316062176166,-196.23430962343087,0.0,0.7523316062176166,EMPIRICAL_RECONSTRUCTED_HISTORY,4a14b3fdf51d13786a2e905526f21d4fe7601226e01da29583be8ff3210a7041,work/market-distribution-v1/artifacts/4a14b3fdf51d13786a2e905526f21d4fe7601226e01da29583be8ff3210a7041.json,-3.5,44.5,False,False,none,False,0.8829015544041451,0.0,a9b35a2ed438bef0
7a6170cc39fe77ad53925b41,2026-09-06T21:54:26.096694+00:00,a9b35a2ed438bef07855af8c00000e34088542300b13c16bfb8b144a22fecac6,8c94552d022acec4a0458d70c19d3da9,1,2026-09-10T00:20:00Z,Seattle Seahawks,New England Patriots,spreads,alternate_spreads,,-6.0,New England Patriots,6.0,betmgm,-165,1.606060606060606,0.5921529105252642,1.1059681062442213,2026-09-06T21:53:25Z,61.096694,conditional_non_push,0.5804843304843305,consensus_plus_empirical_residual_model,live_snapshot_not_T60,,24aaea3d4250446c78b0d714,0.5921529105252641,0.5921529105252641,-145.18993166970853,-19.81006833029147,1,FEWER_THAN_TWO_BOOKS,-165,betmgm,-165,False,False,3.5,closest_offered_consensus_to_50pct_no_interpolation,0.5804843304843305,-26.629881154499174,0.03005181347150259,0.5630397236614854,EMPIRICAL_RECONSTRUCTED_HISTORY,4a14b3fdf51d13786a2e905526f21d4fe7601226e01da29583be8ff3210a7041,work/market-distribution-v1/artifacts/4a14b3fdf51d13786a2e905526f21d4fe7601226e01da29583be8ff3210a7041.json,-3.5,44.5,False,False,none,False,0.740587219343696,0.020379965457685664,a9b35a2ed438bef0
a71f0c79fead9261325ad03b,2026-09-06T21:54:26.096694+00:00,a9b35a2ed438bef07855af8c00000e34088542300b13c16bfb8b144a22fecac6,8c94552d022acec4a0458d70c19d3da9,1,2026-09-10T00:20:00Z,Seattle Seahawks,New England Patriots,spreads,alternate_spreads,,6.0,Seattle Seahawks,6.0,betmgm,-550,1.1818181818181819,0.8286994146340029,1.1247721231890009,2026-09-06T21:53:25Z,61.096694,conditional_non_push,0.7698833510074231,consensus_plus_empirical_residual_model,live_snapshot_not_T60,,51a3d5738a4013d21d124e43,0.8286994146340029,0.8286994146340029,-483.76916684985144,-66.23083315014856,1,FEWER_THAN_TWO_BOOKS,-550,betmgm,-550,False,False,-3.5,closest_offered_consensus_to_50pct_no_interpolation,0.7698833510074231,-215.4377880184332,0.022797927461139896,0.7523316062176166,EMPIRICAL_RECONSTRUCTED_HISTORY,4a14b3fdf51d13786a2e905526f21d4fe7601226e01da29583be8ff3210a7041,work/market-distribution-v1/artifacts/4a14b3fdf51d13786a2e905526f21d4fe7601226e01da29583be8ff3210a7041.json,-3.5,44.5,False,False,none,False,0.8829015544041451,0.010362694300518135,a9b35a2ed438bef0
b9e777097601b5ee386ebd41,2026-09-06T21:54:26.096694+00:00,a9b35a2ed438bef07855af8c00000e34088542300b13c16bfb8b144a22fecac6,8c94552d022acec4a0458d70c19d3da9,1,2026-09-10T00:20:00Z,Seattle Seahawks,New England Patriots,spreads,alternate_spreads,,-6.5,New England Patriots,6.5,betmgm,-175,1.5714285714285714,0.6044938039932303,1.1136735090210315,2026-09-06T21:53:25Z,61.096694,conditional_non_push,0.5930915371329879,consensus_plus_empirical_residual_model,live_snapshot_not_T60,,01c26d504d08590c84e2d54c,0.6044938039932303,0.6044938039932303,-152.8405395658791,-22.159460434120888,1,FEWER_THAN_TWO_BOOKS,-175,betmgm,-175,False,False,3.5,closest_offered_consensus_to_50pct_no_interpolation,0.5930915371329879,-29.244482173174873,0.0,0.5930915371329879,EMPIRICAL_RECONSTRUCTED_HISTORY,4a14b3fdf51d13786a2e905526f21d4fe7601226e01da29583be8ff3210a7041,work/market-distribution-v1/artifacts/4a14b3fdf51d13786a2e905526f21d4fe7601226e01da29583be8ff3210a7041.json,-3.5,44.5,False,False,none,False,0.7609671848013817,0.0,a9b35a2ed438bef0
faf18c053404d9a99b61b6a4,2026-09-06T21:54:26.096694+00:00,a9b35a2ed438bef07855af8c00000e34088542300b13c16bfb8b144a22fecac6,8c94552d022acec4a0458d70c19d3da9,1,2026-09-10T00:20:00Z,Seattle Seahawks,New England Patriots,spreads,alternate_spreads,,6.5,Seattle Seahawks,6.5,betmgm,-600,1.1666666666666667,0.8368140112425211,1.1557097391631972,2026-09-06T21:53:25Z,61.096694,conditional_non_push,0.7751295336787565,consensus_plus_empirical_residual_model,live_snapshot_not_T60,,3ad1fe149975c02f870219c4,0.8368140112425211,0.8368140112425211,-512.7977086845143,-87.2022913154857,1,FEWER_THAN_TWO_BOOKS,-600,betmgm,-600,False,False,-3.5,closest_offered_consensus_to_50pct_no_interpolation,0.7751295336787565,-255.29953917050688,0.0,0.7751295336787565,EMPIRICAL_RECONSTRUCTED_HISTORY,4a14b3fdf51d13786a2e905526f21d4fe7601226e01da29583be8ff3210a7041,work/market-distribution-v1/artifacts/4a14b3fdf51d13786a2e905526f21d4fe7601226e01da29583be8ff3210a7041.json,-3.5,44.5,False,False,none,False,0.8932642487046633,0.0,a9b35a2ed438bef0
f783187387ee7dd4e05e675c,2026-09-06T21:54:26.096694+00:00,a9b35a2ed438bef07855af8c00000e34088542300b13c16bfb8b144a22fecac6,8c94552d022acec4a0458d70c19d3da9,1,2026-09-10T00:20:00Z,Seattle Seahawks,New England Patriots,spreads,alternate_spreads,,-7.0,New England Patriots,7.0,betmgm,-210,1.4761904761904763,0.6477993690080281,1.1147972380379394,2026-09-06T21:53:25Z,61.096694,conditional_non_push,0.6132142857142857,consensus_plus_empirical_residual_model,live_snapshot_not_T60,,214e89b88426ebd91dca6403,0.6477993690080281,0.6477993690080281,-183.92907678316857,-26.07092321683143,1,FEWER_THAN_TWO_BOOKS,-210,betmgm,-210,False,False,3.5,closest_offered_consensus_to_50pct_no_interpolation,0.6132142857142857,-51.458910433979696,0.03281519861830743,0.5930915371329879,EMPIRICAL_RECONSTRUCTED_HISTORY,4a14b3fdf51d13786a2e905526f21d4fe7601226e01da29583be8ff3210a7041,work/market-distribution-v1/artifacts/4a14b3fdf51d13786a2e905526f21d4fe7601226e01da29583be8ff3210a7041.json,-3.5,44.5,False,False,none,False,0.7609671848013817,0.021761658031088083,a9b35a2ed438bef0
5aed2029541395e470e7d8de,2026-09-06T21:54:26.096694+00:00,a9b35a2ed438bef07855af8c00000e34088542300b13c16bfb8b144a22fecac6,8c94552d022acec4a0458d70c19d3da9,1,2026-09-10T00:20:00Z,Seattle Seahawks,New England Patriots,spreads,alternate_spreads,,7.0,Seattle Seahawks,7.0,betmgm,-750,1.1333333333333333,0.8680658335850567,1.1304264076030965,2026-09-06T21:53:25Z,61.096694,conditional_non_push,0.7951807228915663,consensus_plus_empirical_residual_model,live_snapshot_not_T60,,f7218ea8591cae87affa1c01,0.8680658335850567,0.8680658335850567,-657.9537788982741,-92.0462211017259,1,FEWER_THAN_TWO_BOOKS,-750,betmgm,-750,False,False,-3.5,closest_offered_consensus_to_50pct_no_interpolation,0.7951807228915663,-361.764705882353,0.02521588946459413,0.7751295336787565,EMPIRICAL_RECONSTRUCTED_HISTORY,4a14b3fdf51d13786a2e905526f21d4fe7601226e01da29583be8ff3210a7041,work/market-distribution-v1/artifacts/4a14b3fdf51d13786a2e905526f21d4fe7601226e01da29583be8ff3210a7041.json,-3.5,44.5,False,False,none,False,0.8932642487046633,0.011744386873920553,a9b35a2ed438bef0
f1f2b6431db8dea80a954ec1,2026-09-06T21:54:26.096694+00:00,a9b35a2ed438bef07855af8c00000e34088542300b13c16bfb8b144a22fecac6,8c94552d022acec4a0458d70c19d3da9,1,2026-09-10T00:20:00Z,Seattle Seahawks,New England Patriots,spreads,alternate_spreads,,-7.5,New England Patriots,7.5,betmgm,-235,1.425531914893617,0.6746595422218774,1.1100060009887152,2026-09-06T21:53:25Z,61.096694,conditional_non_push,0.6259067357512953,consensus_plus_empirical_residual_model,live_snapshot_not_T60,,a089398745c2e6a8165aac18,0.6746595422218774,0.6746595422218774,-207.37031810595943,-27.629681894040573,1,FEWER_THAN_TWO_BOOKS,-235,betmgm,-235,False,False,3.5,closest_offered_consensus_to_50pct_no_interpolation,0.6259067357512953,-67.68698060941833,0.0,0.6259067357512953,EMPIRICAL_RECONSTRUCTED_HISTORY,4a14b3fdf51d13786a2e905526f21d4fe7601226e01da29583be8ff3210a7041,work/market-distribution-v1/artifacts/4a14b3fdf51d13786a2e905526f21d4fe7601226e01da29583be8ff3210a7041.json,-3.5,44.5,False,False,none,False,0.7827288428324698,0.0,a9b35a2ed438bef0
8950a5aac002c7d5f650ba34,2026-09-06T21:54:26.096694+00:00,a9b35a2ed438bef07855af8c00000e34088542300b13c16bfb8b144a22fecac6,8c94552d022acec4a0458d70c19d3da9,1,2026-09-10T00:20:00Z,Seattle Seahawks,New England Patriots,spreads,alternate_spreads,,-8.0,New England Patriots,8.0,betmgm,-250,1.4,0.6903822916240836,1.1011600621380726,2026-09-06T21:53:25Z,61.096694,conditional_non_push,0.6471428571428571,consensus_plus_empirical_residual_model,live_snapshot_not_T60,,46af94a10834bb6e61e5ce96,0.6903822916240835,0.6903822916240835,-222.9789424014045,-27.02105759859549,1,FEWER_THAN_TWO_BOOKS,-250,betmgm,-250,False,False,3.5,closest_offered_consensus_to_50pct_no_interpolation,0.6471428571428571,-66.59919028340084,0.03281519861830743,0.6259067357512953,EMPIRICAL_RECONSTRUCTED_HISTORY,4a14b3fdf51d13786a2e905526f21d4fe7601226e01da29583be8ff3210a7041,work/market-distribution-v1/artifacts/4a14b3fdf51d13786a2e905526f21d4fe7601226e01da29583be8ff3210a7041.json,-3.5,44.5,False,False,none,False,0.7827288428324698,0.025906735751295335,a9b35a2ed438bef0
6e4c5e12047d6060a23e0572,2026-09-06T21:54:26.096694+00:00,a9b35a2ed438bef07855af8c00000e34088542300b13c16bfb8b144a22fecac6,8c94552d022acec4a0458d70c19d3da9,1,2026-09-10T00:20:00Z,Seattle Seahawks,New England Patriots,spreads,alternate_spreads,,-8.5,New England Patriots,8.5,betmgm,-275,1.3636363636363638,0.7070670260205704,1.1176021482264908,2026-09-06T21:53:25Z,61.096694,conditional_non_push,0.6587219343696028,consensus_plus_empirical_residual_model,live_snapshot_not_T60,,c49244da020a41a5fb2cc2fb,0.7070670260205704,0.7070670260205704,-241.37502050903362,-33.62497949096638,1,FEWER_THAN_TWO_BOOKS,-275,betmgm,-275,False,False,3.5,closest_offered_consensus_to_50pct_no_interpolation,0.6587219343696028,-81.98380566801617,0.0,0.6587219343696028,EMPIRICAL_RECONSTRUCTED_HISTORY,4a14b3fdf51d13786a2e905526f21d4fe7601226e01da29583be8ff3210a7041,work/market-distribution-v1/artifacts/4a14b3fdf51d13786a2e905526f21d4fe7601226e01da29583be8ff3210a7041.json,-3.5,44.5,False,False,none,False,0.8086355785837651,0.0,a9b35a2ed438bef0
5fb7179a7c3eac2cd075532d,2026-09-06T21:54:26.096694+00:00,a9b35a2ed438bef07855af8c00000e34088542300b13c16bfb8b144a22fecac6,8c94552d022acec4a0458d70c19d3da9,1,2026-09-10T00:20:00Z,Seattle Seahawks,New England Patriots,spreads,alternate_spreads,,-9.0,New England Patriots,9.0,betmgm,-285,1.3508771929824561,0.7157687220214115,1.1118655342563684,2026-09-06T21:53:25Z,61.096694,conditional_non_push,0.677683013503909,consensus_plus_empirical_residual_model,live_snapshot_not_T60,,703e4648f58edd473a26cf6d,0.7157687220214114,0.7157687220214114,-251.82616322589627,-33.173836774103734,1,FEWER_THAN_TWO_BOOKS,-285,betmgm,-285,False,False,3.5,closest_offered_consensus_to_50pct_no_interpolation,0.677683013503909,-74.74641675854465,0.027979274611398965,0.6587219343696028,EMPIRICAL_RECONSTRUCTED_HISTORY,4a14b3fdf51d13786a2e905526f21d4fe7601226e01da29583be8ff3210a7041,work/market-distribution-v1/artifacts/4a14b3fdf51d13786a2e905526f21d4fe7601226e01da29583be8ff3210a7041.json,-3.5,44.5,False,False,none,False,0.8086355785837651,0.0231433506044905,a9b35a2ed438bef0
d37dcfa986a8eb53f49849e2,2026-09-06T21:54:26.096694+00:00,a9b35a2ed438bef07855af8c00000e34088542300b13c16bfb8b144a22fecac6,8c94552d022acec4a0458d70c19d3da9,1,2026-09-10T00:20:00Z,Seattle Seahawks,New England Patriots,spreads,alternate_spreads,,-9.5,New England Patriots,9.5,betmgm,-285,1.3508771929824561,0.7157687220214115,1.1118655342563684,2026-09-06T21:53:25Z,61.096694,conditional_non_push,0.6867012089810017,consensus_plus_empirical_residual_model,live_snapshot_not_T60,,28c33ec2bd27b91643cf08f0,0.7157687220214114,0.7157687220214114,-251.82616322589627,-33.173836774103734,1,FEWER_THAN_TWO_BOOKS,-285,betmgm,-285,False,False,3.5,closest_offered_consensus_to_50pct_no_interpolation,0.6867012089810017,-65.81587651598673,0.0,0.6867012089810017,EMPIRICAL_RECONSTRUCTED_HISTORY,4a14b3fdf51d13786a2e905526f21d4fe7601226e01da29583be8ff3210a7041,work/market-distribution-v1/artifacts/4a14b3fdf51d13786a2e905526f21d4fe7601226e01da29583be8ff3210a7041.json,-3.5,44.5,False,False,none,False,0.8317789291882556,0.0,a9b35a2ed438bef0
18d7c35661048523f65e2d2d,2026-09-06T21:54:26.096694+00:00,a9b35a2ed438bef07855af8c00000e34088542300b13c16bfb8b144a22fecac6,8c94552d022acec4a0458d70c19d3da9,1,2026-09-10T00:20:00Z,Seattle Seahawks,New England Patriots,totals,alternate_totals,,34.5,Over,34.5,betmgm,-475,1.2105263157894737,0.8046234012447355,1.137791034947155,2026-09-06T21:53:25Z,61.096694,conditional_non_push,0.7917098445595855,consensus_plus_empirical_residual_model,live_snapshot_not_T60,,940e00a8fe0d15329bcdac3b,0.8046234012447355,0.8046234012447355,-411.83202408628006,-63.16797591371994,1,FEWER_THAN_TWO_BOOKS,-475,betmgm,-475,False,False,44.5,closest_offered_consensus_to_50pct_no_interpolation,0.7917098445595855,-94.90049751243782,0.0,0.7917098445595855,EMPIRICAL_RECONSTRUCTED_HISTORY,4a14b3fdf51d13786a2e905526f21d4fe7601226e01da29583be8ff3210a7041,work/market-distribution-v1/artifacts/4a14b3fdf51d13786a2e905526f21d4fe7601226e01da29583be8ff3210a7041.json,-3.5,44.5,False,False,none,False,0.9105354058721934,0.0,a9b35a2ed438bef0
d175aebe6d298efa107ec010,2026-09-06T21:54:26.096694+00:00,a9b35a2ed438bef07855af8c00000e34088542300b13c16bfb8b144a22fecac6,8c94552d022acec4a0458d70c19d3da9,1,2026-09-10T00:20:00Z,Seattle Seahawks,New England Patriots,totals,alternate_totals,,34.5,Under,34.5,betmgm,320,4.2,0.19537659875526459,1.137791034947155,2026-09-06T21:53:25Z,61.096694,conditional_non_push,0.20829015544041452,consensus_plus_empirical_residual_model,live_snapshot_not_T60,,940e00a8fe0d15329bcdac3b,0.19537659875526459,0.19537659875526459,411.8320240862798,-91.83202408627977,1,FEWER_THAN_TWO_BOOKS,320,betmgm,320,False,False,44.5,closest_offered_consensus_to_50pct_no_interpolation,0.20829015544041452,-60.09950248756218,0.0,0.20829015544041452,EMPIRICAL_RECONSTRUCTED_HISTORY,4a14b3fdf51d13786a2e905526f21d4fe7601226e01da29583be8ff3210a7041,work/market-distribution-v1/artifacts/4a14b3fdf51d13786a2e905526f21d4fe7601226e01da29583be8ff3210a7041.json,-3.5,44.5,False,False,none,False,0.3775474956822107,0.0,a9b35a2ed438bef0
07cadb0956ec54e68447fff9,2026-09-06T21:54:26.096694+00:00,a9b35a2ed438bef07855af8c00000e34088542300b13c16bfb8b144a22fecac6,8c94552d022acec4a0458d70c19d3da9,1,2026-09-10T00:20:00Z,Seattle Seahawks,New England Patriots,totals,alternate_totals,,35.0,Over,35.0,betmgm,-450,1.2222222222222223,0.7990209925146158,1.1180908082226515,2026-09-06T21:53:25Z,61.096694,conditional_non_push,0.7861702127659574,consensus_plus_empirical_residual_model,live_snapshot_not_T60,,b294fc4f52447edd0ca424ce,0.7990209925146158,0.7990209925146158,-397.5644036219668,-52.43559637803321,1,FEWER_THAN_TWO_BOOKS,-450,betmgm,-450,False,False,44.5,closest_offered_consensus_to_50pct_no_interpolation,0.7861702127659574,-82.33830845771143,0.025906735751295335,0.7658031088082902,EMPIRICAL_RECONSTRUCTED_HISTORY,4a14b3fdf51d13786a2e905526f21d4fe7601226e01da29583be8ff3210a7041,work/market-distribution-v1/artifacts/4a14b3fdf51d13786a2e905526f21d4fe7601226e01da29583be8ff3210a7041.json,-3.5,44.5,False,False,none,False,0.8946459412780656,0.015889464594127805,a9b35a2ed438bef0
683ba93c49b5e824bb5790ad,2026-09-06T21:54:26.096694+00:00,a9b35a2ed438bef07855af8c00000e34088542300b13c16bfb8b144a22fecac6,8c94552d022acec4a0458d70c19d3da9,1,2026-09-10T00:20:00Z,Seattle Seahawks,New England Patriots,totals,alternate_totals,,35.0,Under,35.0,betmgm,320,4.2,0.2009790074853843,1.1180908082226515,2026-09-06T21:53:25Z,61.096694,conditional_non_push,0.21382978723404256,consensus_plus_empirical_residual_model,live_snapshot_not_T60,,b294fc4f52447edd0ca424ce,0.2009790074853843,0.2009790074853843,397.56440362196656,-77.56440362196656,1,FEWER_THAN_TWO_BOOKS,320,betmgm,320,False,False,44.5,closest_offered_consensus_to_50pct_no_interpolation,0.21382978723404256,-47.661691542288565,0.025906735751295335,0.20829015544041452,EMPIRICAL_RECONSTRUCTED_HISTORY,4a14b3fdf51d13786a2e905526f21d4fe7601226e01da29583be8ff3210a7041,work/market-distribution-v1/artifacts/4a14b3fdf51d13786a2e905526f21d4fe7601226e01da29583be8ff3210a7041.json,-3.5,44.5,False,False,none,False,0.3775474956822107,0.03212435233160622,a9b35a2ed438bef0
25766cc8fbef49e5d557dda6,2026-09-06T21:54:26.096694+00:00,a9b35a2ed438bef07855af8c00000e34088542300b13c16bfb8b144a22fecac6,8c94552d022acec4a0458d70c19d3da9,1,2026-09-10T00:20:00Z,Seattle Seahawks,New England Patriots,totals,alternate_totals,,35.5,Over,35.5,betmgm,-425,1.2352941176470589,0.7867092838504235,1.135287140503542,2026-09-06T21:53:25Z,61.096694,conditional_non_push,0.7658031088082902,consensus_plus_empirical_residual_model,live_snapshot_not_T60,,78a74b6a9b195b3ebfe678d2,0.7867092838504233,0.7867092838504233,-368.8436599831748,-56.1563400168252,1,FEWER_THAN_TWO_BOOKS,-425,betmgm,-425,False,False,44.5,closest_offered_consensus_to_50pct_no_interpolation,0.7658031088082902,-98.00884955752213,0.0,0.7658031088082902,EMPIRICAL_RECONSTRUCTED_HISTORY,4a14b3fdf51d13786a2e905526f21d4fe7601226e01da29583be8ff3210a7041,work/market-distribution-v1/artifacts/4a14b3fdf51d13786a2e905526f21d4fe7601226e01da29583be8ff3210a7041.json,-3.5,44.5,False,False,none,False,0.8946459412780656,0.0,a9b35a2ed438bef0
5ab9653a91391da8a0874052,2026-09-06T21:54:26.096694+00:00,a9b35a2ed438bef07855af8c00000e34088542300b13c16bfb8b144a22fecac6,8c94552d022acec4a0458d70c19d3da9,1,2026-09-10T00:20:00Z,Seattle Seahawks,New England Patriots,totals,alternate_totals,,35.5,Under,35.5,betmgm,290,3.9,0.21329071614957668,1.135287140503542,2026-09-06T21:53:25Z,61.096694,conditional_non_push,0.23419689119170983,consensus_plus_empirical_residual_model,live_snapshot_not_T60,,78a74b6a9b195b3ebfe678d2,0.21329071614957662,0.21329071614957662,368.8436599831751,-78.84365998317509,1,FEWER_THAN_TWO_BOOKS,290,betmgm,290,False,False,44.5,closest_offered_consensus_to_50pct_no_interpolation,0.23419689119170983,-36.991150442477874,0.0,0.23419689119170983,EMPIRICAL_RECONSTRUCTED_HISTORY,4a14b3fdf51d13786a2e905526f21d4fe7601226e01da29583be8ff3210a7041,work/market-distribution-v1/artifacts/4a14b3fdf51d13786a2e905526f21d4fe7601226e01da29583be8ff3210a7041.json,-3.5,44.5,False,False,none,False,0.4096718480138169,0.0,a9b35a2ed438bef0
c3fec144f3c7d1222b0bb428,2026-09-06T21:54:26.096694+00:00,a9b35a2ed438bef07855af8c00000e34088542300b13c16bfb8b144a22fecac6,8c94552d022acec4a0458d70c19d3da9,1,2026-09-10T00:20:00Z,Seattle Seahawks,New England Patriots,totals,alternate_totals,,36.0,Over,36.0,betmgm,-400,1.25,0.777733616473397,1.12649999174229,2026-09-06T21:53:25Z,61.096694,conditional_non_push,0.7596596951435661,consensus_plus_empirical_residual_model,live_snapshot_not_T60,,f4f263a891cdeeb4e0e5abf4,0.7777336164733968,0.7777336164733968,-349.91059112648463,-50.08940887351537,1,FEWER_THAN_TWO_BOOKS,-400,betmgm,-400,False,False,44.5,closest_offered_consensus_to_50pct_no_interpolation,0.7596596951435661,-83.92330383480822,0.025561312607944732,0.7402417962003455,EMPIRICAL_RECONSTRUCTED_HISTORY,4a14b3fdf51d13786a2e905526f21d4fe7601226e01da29583be8ff3210a7041,work/market-distribution-v1/artifacts/4a14b3fdf51d13786a2e905526f21d4fe7601226e01da29583be8ff3210a7041.json,-3.5,44.5,False,False,none,False,0.8780656303972366,0.016580310880829015,a9b35a2ed438bef0
77640c136fceef36e052387b,2026-09-06T21:54:26.096694+00:00,a9b35a2ed438bef07855af8c00000e34088542300b13c16bfb8b144a22fecac6,8c94552d022acec4a0458d70c19d3da9,1,2026-09-10T00:20:00Z,Seattle Seahawks,New England Patriots,totals,alternate_totals,,36.0,Under,36.0,betmgm,280,3.8,0.22226638352660325,1.12649999174229,2026-09-06T21:53:25Z,61.096694,conditional_non_push,0.24034030485643387,consensus_plus_empirical_residual_model,live_snapshot_not_T60,,f4f263a891cdeeb4e0e5abf4,0.2222663835266032,0.2222663835266032,349.9105911264847,-69.91059112648469,1,FEWER_THAN_TWO_BOOKS,280,betmgm,280,False,False,44.5,closest_offered_consensus_to_50pct_no_interpolation,0.24034030485643387,-36.07669616519178,0.025561312607944732,0.23419689119170983,EMPIRICAL_RECONSTRUCTED_HISTORY,4a14b3fdf51d13786a2e905526f21d4fe7601226e01da29583be8ff3210a7041,work/market-distribution-v1/artifacts/4a14b3fdf51d13786a2e905526f21d4fe7601226e01da29583be8ff3210a7041.json,-3.5,44.5,False,False,none,False,0.4096718480138169,0.030397236614853194,a9b35a2ed438bef0
33c988a75930c1c83a840348,2026-09-06T21:54:26.096694+00:00,a9b35a2ed438bef07855af8c00000e34088542300b13c16bfb8b144a22fecac6,8c94552d022acec4a0458d70c19d3da9,1,2026-09-10T00:20:00Z,Seattle Seahawks,New England Patriots,totals,alternate_totals,,36.5,Over,36.5,betmgm,-350,1.2857142857142856,0.7573919694040595,1.1056840958870926,2026-09-06T21:53:25Z,61.096694,conditional_non_push,0.7402417962003455,consensus_plus_empirical_residual_model,live_snapshot_not_T60,,00993b012e7b72b663393dcd,0.7573919694040593,0.7573919694040593,-312.18750984607016,-37.81249015392984,1,FEWER_THAN_TWO_BOOKS,-350,betmgm,-350,False,False,44.5,closest_offered_consensus_to_50pct_no_interpolation,0.7402417962003455,-65.02659574468078,0.0,0.7402417962003455,EMPIRICAL_RECONSTRUCTED_HISTORY,4a14b3fdf51d13786a2e905526f21d4fe7601226e01da29583be8ff3210a7041,work/market-distribution-v1/artifacts/4a14b3fdf51d13786a2e905526f21d4fe7601226e01da29583be8ff3210a7041.json,-3.5,44.5,False,False,none,False,0.8780656303972366,0.0,a9b35a2ed438bef0
e68c8c2a30b9cc5814b1ebc9,2026-09-06T21:54:26.096694+00:00,a9b35a2ed438bef07855af8c00000e34088542300b13c16bfb8b144a22fecac6,8c94552d022acec4a0458d70c19d3da9,1,2026-09-10T00:20:00Z,Seattle Seahawks,New England Patriots,totals,alternate_totals,,36.5,Under,36.5,betmgm,260,3.6,0.24260803059594077,1.1056840958870926,2026-09-06T21:53:25Z,61.096694,conditional_non_push,0.2597582037996546,consensus_plus_empirical_residual_model,live_snapshot_not_T60,,00993b012e7b72b663393dcd,0.24260803059594072,0.24260803059594072,312.18750984607016,-52.18750984607016,1,FEWER_THAN_TWO_BOOKS,260,betmgm,260,False,False,44.5,closest_offered_consensus_to_50pct_no_interpolation,0.2597582037996546,-24.97340425531911,0.0,0.2597582037996546,EMPIRICAL_RECONSTRUCTED_HISTORY,4a14b3fdf51d13786a2e905526f21d4fe7601226e01da29583be8ff3210a7041,work/market-distribution-v1/artifacts/4a14b3fdf51d13786a2e905526f21d4fe7601226e01da29583be8ff3210a7041.json,-3.5,44.5,False,False,none,False,0.4400690846286701,0.0,a9b35a2ed438bef0
f1946082b582dae2aa7f1eb8,2026-09-06T21:54:26.096694+00:00,a9b35a2ed438bef07855af8c00000e34088542300b13c16bfb8b144a22fecac6,8c94552d022acec4a0458d70c19d3da9,1,2026-09-10T00:20:00Z,Seattle Seahawks,New England Patriots,totals,alternate_totals,,37.0,Over,37.0,betmgm,-325,1.3076923076923077,0.7426465796908874,1.1091127729837735,2026-09-06T21:53:25Z,61.096694,conditional_non_push,0.7315244555515886,consensus_plus_empirical_residual_model,live_snapshot_not_T60,,7fb5d52e01efef675d5ccd55,0.7426465796908873,0.7426465796908873,-288.5707051411552,-36.4292948588448,1,FEWER_THAN_TWO_BOOKS,-325,betmgm,-325,False,False,44.5,closest_offered_consensus_to_50pct_no_interpolation,0.7315244555515886,-52.526595744681,0.03246977547495682,0.7077720207253886,EMPIRICAL_RECONSTRUCTED_HISTORY,4a14b3fdf51d13786a2e905526f21d4fe7601226e01da29583be8ff3210a7041,work/market-distribution-v1/artifacts/4a14b3fdf51d13786a2e905526f21d4fe7601226e01da29583be8ff3210a7041.json,-3.5,44.5,False,False,none,False,0.8552677029360967,0.022797927461139896,a9b35a2ed438bef0
804a1ad04a71278565887bba,2026-09-06T21:54:26.096694+00:00,a9b35a2ed438bef07855af8c00000e34088542300b13c16bfb8b144a22fecac6,8c94552d022acec4a0458d70c19d3da9,1,2026-09-10T00:20:00Z,Seattle Seahawks,New England Patriots,totals,alternate_totals,,37.0,Under,37.0,betmgm,240,3.4,0.25735342030911273,1.1091127729837735,2026-09-06T21:53:25Z,61.096694,conditional_non_push,0.26847554444841126,consensus_plus_empirical_residual_model,live_snapshot_not_T60,,7fb5d52e01efef675d5ccd55,0.2573534203091127,0.2573534203091127,288.5707051411552,-48.5707051411552,1,FEWER_THAN_TWO_BOOKS,240,betmgm,240,False,False,44.5,closest_offered_consensus_to_50pct_no_interpolation,0.26847554444841126,-32.47340425531917,0.03246977547495682,0.2597582037996546,EMPIRICAL_RECONSTRUCTED_HISTORY,4a14b3fdf51d13786a2e905526f21d4fe7601226e01da29583be8ff3210a7041,work/market-distribution-v1/artifacts/4a14b3fdf51d13786a2e905526f21d4fe7601226e01da29583be8ff3210a7041.json,-3.5,44.5,False,False,none,False,0.4400690846286701,0.037996545768566495,a9b35a2ed438bef0
4c10e62399d856d69e362a98,2026-09-06T21:54:26.096694+00:00,a9b35a2ed438bef07855af8c00000e34088542300b13c16bfb8b144a22fecac6,8c94552d022acec4a0458d70c19d3da9,1,2026-09-10T00:20:00Z,Seattle Seahawks,New England Patriots,totals,alternate_totals,,37.5,Over,37.5,betmgm,-285,1.3508771929824561,0.7157687220214115,1.1118655342563684,2026-09-06T21:53:25Z,61.096694,conditional_non_push,0.7077720207253886,consensus_plus_empirical_residual_model,live_snapshot_not_T60,,0b894016b84295e1e7db3382,0.7157687220214114,0.7157687220214114,-251.82616322589627,-33.173836774103734,1,FEWER_THAN_TWO_BOOKS,-285,betmgm,-285,False,False,44.5,closest_offered_consensus_to_50pct_no_interpolation,0.7077720207253886,-42.80141843971634,0.0,0.7077720207253886,EMPIRICAL_RECONSTRUCTED_HISTORY,4a14b3fdf51d13786a2e905526f21d4fe7601226e01da29583be8ff3210a7041,work/market-distribution-v1/artifacts/4a14b3fdf51d13786a2e905526f21d4fe7601226e01da29583be8ff3210a7041.json,-3.5,44.5,False,False,none,False,0.8552677029360967,0.0,a9b35a2ed438bef0
8fb62bd25f11c53f91885cb0,2026-09-06T21:54:26.096694+00:00,a9b35a2ed438bef07855af8c00000e34088542300b13c16bfb8b144a22fecac6,8c94552d022acec4a0458d70c19d3da9,1,2026-09-10T00:20:00Z,Seattle Seahawks,New England Patriots,totals,alternate_totals,,37.5,Under,37.5,betmgm,210,3.1,0.28423127797858877,1.1118655342563684,2026-09-06T21:53:25Z,61.096694,conditional_non_push,0.2922279792746114,consensus_plus_empirical_residual_model,live_snapshot_not_T60,,0b894016b84295e1e7db3382,0.2842312779785887,0.2842312779785887,251.8261632258961,-41.826163225896096,1,FEWER_THAN_TWO_BOOKS,210,betmgm,210,False,False,44.5,closest_offered_consensus_to_50pct_no_interpolation,0.2922279792746114,-32.19858156028366,0.0,0.2922279792746114,EMPIRICAL_RECONSTRUCTED_HISTORY,4a14b3fdf51d13786a2e905526f21d4fe7601226e01da29583be8ff3210a7041,work/market-distribution-v1/artifacts/4a14b3fdf51d13786a2e905526f21d4fe7601226e01da29583be8ff3210a7041.json,-3.5,44.5,False,False,none,False,0.4780656303972366,0.0,a9b35a2ed438bef0
cd92c708e757b0c93f5cb760,2026-09-06T21:54:26.096694+00:00,a9b35a2ed438bef07855af8c00000e34088542300b13c16bfb8b144a22fecac6,8c94552d022acec4a0458d70c19d3da9,1,2026-09-10T00:20:00Z,Seattle Seahawks,New England Patriots,totals,alternate_totals,,38.0,Over,38.0,betmgm,-275,1.3636363636363638,0.7070670260205704,1.1176021482264908,2026-09-06T21:53:25Z,61.096694,conditional_non_push,0.6997870830376153,consensus_plus_empirical_residual_model,live_snapshot_not_T60,,38bd07f8b72546b65eb55745,0.7070670260205704,0.7070670260205704,-241.37502050903362,-33.62497949096638,1,FEWER_THAN_TWO_BOOKS,-275,betmgm,-275,False,False,44.5,closest_offered_consensus_to_50pct_no_interpolation,0.6997870830376153,-41.90307328605209,0.026597582037996545,0.681174438687392,EMPIRICAL_RECONSTRUCTED_HISTORY,4a14b3fdf51d13786a2e905526f21d4fe7601226e01da29583be8ff3210a7041,work/market-distribution-v1/artifacts/4a14b3fdf51d13786a2e905526f21d4fe7601226e01da29583be8ff3210a7041.json,-3.5,44.5,False,False,none,False,0.8338514680483592,0.02141623488773748,a9b35a2ed438bef0
b83fd2a34d72623736bdf258,2026-09-06T21:54:26.096694+00:00,a9b35a2ed438bef07855af8c00000e34088542300b13c16bfb8b144a22fecac6,8c94552d022acec4a0458d70c19d3da9,1,2026-09-10T00:20:00Z,Seattle Seahawks,New England Patriots,totals,alternate_totals,,38.0,Under,38.0,betmgm,200,3.0,0.29293297397942974,1.1176021482264908,2026-09-06T21:53:25Z,61.096694,conditional_non_push,0.30021291696238467,consensus_plus_empirical_residual_model,live_snapshot_not_T60,,38bd07f8b72546b65eb55745,0.29293297397942974,0.29293297397942974,241.37502050903348,-41.375020509033476,1,FEWER_THAN_TWO_BOOKS,200,betmgm,200,False,False,44.5,closest_offered_consensus_to_50pct_no_interpolation,0.30021291696238467,-33.096926713947994,0.026597582037996545,0.2922279792746114,EMPIRICAL_RECONSTRUCTED_HISTORY,4a14b3fdf51d13786a2e905526f21d4fe7601226e01da29583be8ff3210a7041,work/market-distribution-v1/artifacts/4a14b3fdf51d13786a2e905526f21d4fe7601226e01da29583be8ff3210a7041.json,-3.5,44.5,False,False,none,False,0.4780656303972366,0.028670120898100174,a9b35a2ed438bef0
6973b7eaaae79d890df9405f,2026-09-06T21:54:26.096694+00:00,a9b35a2ed438bef07855af8c00000e34088542300b13c16bfb8b144a22fecac6,8c94552d022acec4a0458d70c19d3da9,1,2026-09-10T00:20:00Z,Seattle Seahawks,New England Patriots,totals,alternate_totals,,38.5,Over,38.5,betmgm,-275,1.3636363636363638,0.7024790180470147,1.1385914378347866,2026-09-06T21:53:25Z,61.096694,conditional_non_push,0.681174438687392,consensus_plus_empirical_residual_model,live_snapshot_not_T60,,81f04e5c6daeb1b75f9f290a,0.7024790180470144,0.7024790180470144,-236.1107487061267,-38.889251293873286,1,FEWER_THAN_TWO_BOOKS,-275,betmgm,-275,False,False,44.5,closest_offered_consensus_to_50pct_no_interpolation,0.681174438687392,-61.348862405200464,0.0,0.681174438687392,EMPIRICAL_RECONSTRUCTED_HISTORY,4a14b3fdf51d13786a2e905526f21d4fe7601226e01da29583be8ff3210a7041,work/market-distribution-v1/artifacts/4a14b3fdf51d13786a2e905526f21d4fe7601226e01da29583be8ff3210a7041.json,-3.5,44.5,False,False,none,False,0.8338514680483592,0.0,a9b35a2ed438bef0
996967f830bf62a2105d74c1,2026-09-06T21:54:26.096694+00:00,a9b35a2ed438bef07855af8c00000e34088542300b13c16bfb8b144a22fecac6,8c94552d022acec4a0458d70c19d3da9,1,2026-09-10T00:20:00Z,Seattle Seahawks,New England Patriots,totals,alternate_totals,,38.5,Under,38.5,betmgm,190,2.9,0.2975209819529856,1.1385914378347866,2026-09-06T21:53:25Z,61.096694,conditional_non_push,0.3188255613126079,consensus_plus_empirical_residual_model,live_snapshot_not_T60,,81f04e5c6daeb1b75f9f290a,0.2975209819529855,0.2975209819529855,236.11074870612686,-46.110748706126856,1,FEWER_THAN_TWO_BOOKS,190,betmgm,190,False,False,44.5,closest_offered_consensus_to_50pct_no_interpolation,0.3188255613126079,-23.65113759479962,0.0,0.3188255613126079,EMPIRICAL_RECONSTRUCTED_HISTORY,4a14b3fdf51d13786a2e905526f21d4fe7601226e01da29583be8ff3210a7041,work/market-distribution-v1/artifacts/4a14b3fdf51d13786a2e905526f21d4fe7601226e01da29583be8ff3210a7041.json,-3.5,44.5,False,False,none,False,0.5067357512953368,0.0,a9b35a2ed438bef0
5a10f07ae8c529588e3c988d,2026-09-06T21:54:26.096694+00:00,a9b35a2ed438bef07855af8c00000e34088542300b13c16bfb8b144a22fecac6,8c94552d022acec4a0458d70c19d3da9,1,2026-09-10T00:20:00Z,Seattle Seahawks,New England Patriots,totals,alternate_totals,,39.0,Over,39.0,betmgm,-250,1.4,0.6879059524198914,1.1118395717087068,2026-09-06T21:53:25Z,61.096694,conditional_non_push,0.6722301136363638,consensus_plus_empirical_residual_model,live_snapshot_not_T60,,90913f277abe03d1d10c3f37,0.6879059524198913,0.6879059524198913,-220.4162359883902,-29.583764011609787,1,FEWER_THAN_TWO_BOOKS,-250,betmgm,-250,False,False,44.5,closest_offered_consensus_to_50pct_no_interpolation,0.6722301136363638,-44.90790899241594,0.027288428324697755,0.6538860103626943,EMPIRICAL_RECONSTRUCTED_HISTORY,4a14b3fdf51d13786a2e905526f21d4fe7601226e01da29583be8ff3210a7041,work/market-distribution-v1/artifacts/4a14b3fdf51d13786a2e905526f21d4fe7601226e01da29583be8ff3210a7041.json,-3.5,44.5,False,False,none,False,0.8127806563039723,0.021070811744386873,a9b35a2ed438bef0
cc1dd0bd78ef09da4791cb07,2026-09-06T21:54:26.096694+00:00,a9b35a2ed438bef07855af8c00000e34088542300b13c16bfb8b144a22fecac6,8c94552d022acec4a0458d70c19d3da9,1,2026-09-10T00:20:00Z,Seattle Seahawks,New England Patriots,totals,alternate_totals,,39.0,Under,39.0,betmgm,185,2.85,0.31209404758010884,1.1118395717087068,2026-09-06T21:53:25Z,61.096694,conditional_non_push,0.32776988636363635,consensus_plus_empirical_residual_model,live_snapshot_not_T60,,90913f277abe03d1d10c3f37,0.3120940475801088,0.3120940475801088,220.41623598839013,-35.41623598839013,1,FEWER_THAN_TWO_BOOKS,185,betmgm,185,False,False,44.5,closest_offered_consensus_to_50pct_no_interpolation,0.32776988636363635,-20.092091007583946,0.027288428324697755,0.3188255613126079,EMPIRICAL_RECONSTRUCTED_HISTORY,4a14b3fdf51d13786a2e905526f21d4fe7601226e01da29583be8ff3210a7041,work/market-distribution-v1/artifacts/4a14b3fdf51d13786a2e905526f21d4fe7601226e01da29583be8ff3210a7041.json,-3.5,44.5,False,False,none,False,0.5067357512953368,0.008981001727115717,a9b35a2ed438bef0
e666a45bc3c6c67ee4f6de35,2026-09-06T21:54:26.096694+00:00,a9b35a2ed438bef07855af8c00000e34088542300b13c16bfb8b144a22fecac6,8c94552d022acec4a0458d70c19d3da9,1,2026-09-10T00:20:00Z,Seattle Seahawks,New England Patriots,totals,alternate_totals,,39.5,Over,39.5,betmgm,-225,1.4444444444444444,0.6661814659188542,1.1046119167363884,2026-09-06T21:53:25Z,61.096694,conditional_non_push,0.6538860103626943,consensus_plus_empirical_residual_model,live_snapshot_not_T60,,3d8a9ca3848671069afee286,0.6661814659188541,0.6661814659188541,-199.56395403645143,-25.436045963548565,1,FEWER_THAN_TWO_BOOKS,-225,betmgm,-225,False,False,44.5,closest_offered_consensus_to_50pct_no_interpolation,0.6538860103626943,-36.07784431137722,0.0,0.6538860103626943,EMPIRICAL_RECONSTRUCTED_HISTORY,4a14b3fdf51d13786a2e905526f21d4fe7601226e01da29583be8ff3210a7041,work/market-distribution-v1/artifacts/4a14b3fdf51d13786a2e905526f21d4fe7601226e01da29583be8ff3210a7041.json,-3.5,44.5,False,False,none,False,0.8127806563039723,0.0,a9b35a2ed438bef0
df5409b9b391315a323a7d7b,2026-09-06T21:54:26.096694+00:00,a9b35a2ed438bef07855af8c00000e34088542300b13c16bfb8b144a22fecac6,8c94552d022acec4a0458d70c19d3da9,1,2026-09-10T00:20:00Z,Seattle Seahawks,New England Patriots,totals,alternate_totals,,39.5,Under,39.5,betmgm,170,2.7,0.3338185340811461,1.1046119167363884,2026-09-06T21:53:25Z,61.096694,conditional_non_push,0.3461139896373057,consensus_plus_empirical_residual_model,live_snapshot_not_T60,,3d8a9ca3848671069afee286,0.33381853408114603,0.33381853408114603,199.56395403645135,-29.56395403645135,1,FEWER_THAN_TWO_BOOKS,170,betmgm,170,False,False,44.5,closest_offered_consensus_to_50pct_no_interpolation,0.3461139896373057,-18.922155688622723,0.0,0.3461139896373057,EMPIRICAL_RECONSTRUCTED_HISTORY,4a14b3fdf51d13786a2e905526f21d4fe7601226e01da29583be8ff3210a7041,work/market-distribution-v1/artifacts/4a14b3fdf51d13786a2e905526f21d4fe7601226e01da29583be8ff3210a7041.json,-3.5,44.5,False,False,none,False,0.5157167530224525,0.0,a9b35a2ed438bef0
ff082219460f6ed2e74babac,2026-09-06T21:54:26.096694+00:00,a9b35a2ed438bef07855af8c00000e34088542300b13c16bfb8b144a22fecac6,8c94552d022acec4a0458d70c19d3da9,1,2026-09-10T00:20:00Z,Seattle Seahawks,New England Patriots,totals,alternate_totals,,40.0,Over,40.0,betmgm,-220,1.4545454545454546,0.6571773183654644,1.1203862959711635,2026-09-06T21:53:25Z,61.096694,conditional_non_push,0.6426533523537803,consensus_plus_empirical_residual_model,live_snapshot_not_T60,,c04519e9f59d6c558cd526a6,0.6571773183654643,0.6571773183654643,-191.69598558418747,-28.30401441581253,1,FEWER_THAN_TWO_BOOKS,-220,betmgm,-220,False,False,44.5,closest_offered_consensus_to_50pct_no_interpolation,0.6426533523537803,-40.15968063872256,0.03143350604490501,0.6224525043177893,EMPIRICAL_RECONSTRUCTED_HISTORY,4a14b3fdf51d13786a2e905526f21d4fe7601226e01da29583be8ff3210a7041,work/market-distribution-v1/artifacts/4a14b3fdf51d13786a2e905526f21d4fe7601226e01da29583be8ff3210a7041.json,-3.5,44.5,False,False,none,False,0.7917098445595855,0.021070811744386873,a9b35a2ed438bef0
dafeeb756c77b60418abe2ed,2026-09-06T21:54:26.096694+00:00,a9b35a2ed438bef07855af8c00000e34088542300b13c16bfb8b144a22fecac6,8c94552d022acec4a0458d70c19d3da9,1,2026-09-10T00:20:00Z,Seattle Seahawks,New England Patriots,totals,alternate_totals,,40.0,Under,40.0,betmgm,160,2.6,0.3428226816345358,1.1203862959711635,2026-09-06T21:53:25Z,61.096694,conditional_non_push,0.3573466476462197,consensus_plus_empirical_residual_model,live_snapshot_not_T60,,c04519e9f59d6c558cd526a6,0.3428226816345357,0.3428226816345357,191.6959855841874,-31.69598558418741,1,FEWER_THAN_TWO_BOOKS,160,betmgm,160,False,False,44.5,closest_offered_consensus_to_50pct_no_interpolation,0.3573466476462197,-19.840319361277437,0.03143350604490501,0.3461139896373057,EMPIRICAL_RECONSTRUCTED_HISTORY,4a14b3fdf51d13786a2e905526f21d4fe7601226e01da29583be8ff3210a7041,work/market-distribution-v1/artifacts/4a14b3fdf51d13786a2e905526f21d4fe7601226e01da29583be8ff3210a7041.json,-3.5,44.5,False,False,none,False,0.5157167530224525,0.02936096718480138,a9b35a2ed438bef0
ad0ee21061b6875e75ed3ded,2026-09-06T21:54:26.096694+00:00,a9b35a2ed438bef07855af8c00000e34088542300b13c16bfb8b144a22fecac6,8c94552d022acec4a0458d70c19d3da9,1,2026-09-10T00:20:00Z,Seattle Seahawks,New England Patriots,totals,alternate_totals,,40.5,Over,40.5,betmgm,-200,1.5,0.6343216941131484,1.1226589912772114,2026-09-06T21:53:25Z,61.096694,conditional_non_push,0.6224525043177893,consensus_plus_empirical_residual_model,live_snapshot_not_T60,,5f5de4d3296d6ccd27e35028,0.6343216941131483,0.6343216941131483,-173.46440406815393,-26.535595931846075,1,FEWER_THAN_TWO_BOOKS,-200,betmgm,-200,False,False,44.5,closest_offered_consensus_to_50pct_no_interpolation,0.6224525043177893,-35.13266239707227,0.0,0.6224525043177893,EMPIRICAL_RECONSTRUCTED_HISTORY,4a14b3fdf51d13786a2e905526f21d4fe7601226e01da29583be8ff3210a7041,work/market-distribution-v1/artifacts/4a14b3fdf51d13786a2e905526f21d4fe7601226e01da29583be8ff3210a7041.json,-3.5,44.5,False,False,none,False,0.7917098445595855,0.0,a9b35a2ed438bef0
53a8334f61409e9ea7c1298f,2026-09-06T21:54:26.096694+00:00,a9b35a2ed438bef07855af8c00000e34088542300b13c16bfb8b144a22fecac6,8c94552d022acec4a0458d70c19d3da9,1,2026-09-10T00:20:00Z,Seattle Seahawks,New England Patriots,totals,alternate_totals,,40.5,Under,40.5,betmgm,145,2.45,0.3656783058868518,1.1226589912772114,2026-09-06T21:53:25Z,61.096694,conditional_non_push,0.3775474956822107,consensus_plus_empirical_residual_model,live_snapshot_not_T60,,5f5de4d3296d6ccd27e35028,0.36567830588685174,0.36567830588685174,173.46440406815387,-28.46440406815387,1,FEWER_THAN_TWO_BOOKS,145,betmgm,145,False,False,44.5,closest_offered_consensus_to_50pct_no_interpolation,0.3775474956822107,-19.867337602927734,0.0,0.3775474956822107,EMPIRICAL_RECONSTRUCTED_HISTORY,4a14b3fdf51d13786a2e905526f21d4fe7601226e01da29583be8ff3210a7041,work/market-distribution-v1/artifacts/4a14b3fdf51d13786a2e905526f21d4fe7601226e01da29583be8ff3210a7041.json,-3.5,44.5,False,False,none,False,0.5450777202072539,0.0,a9b35a2ed438bef0
a37de83f552e9d1c9db8c273,2026-09-06T21:54:26.096694+00:00,a9b35a2ed438bef07855af8c00000e34088542300b13c16bfb8b144a22fecac6,8c94552d022acec4a0458d70c19d3da9,1,2026-09-10T00:20:00Z,Seattle Seahawks,New England Patriots,totals,alternate_totals,,41.0,Over,41.0,betmgm,-190,1.526315789473684,0.6237037013827849,1.116405847500984,2026-09-06T21:53:25Z,61.096694,conditional_non_push,0.6099214846538187,consensus_plus_empirical_residual_model,live_snapshot_not_T60,,3b0fb185471a77bf1b5f7286,0.6237037013827849,0.6237037013827849,-165.74802985698332,-24.251970143016678,1,FEWER_THAN_TWO_BOOKS,-190,betmgm,-190,False,False,44.5,closest_offered_consensus_to_50pct_no_interpolation,0.6099214846538187,-33.641354071363224,0.03212435233160622,0.590328151986183,EMPIRICAL_RECONSTRUCTED_HISTORY,4a14b3fdf51d13786a2e905526f21d4fe7601226e01da29583be8ff3210a7041,work/market-distribution-v1/artifacts/4a14b3fdf51d13786a2e905526f21d4fe7601226e01da29583be8ff3210a7041.json,-3.5,44.5,False,False,none,False,0.7658031088082902,0.025906735751295335,a9b35a2ed438bef0
a224cc263fae7c1f3e9061b3,2026-09-06T21:54:26.096694+00:00,a9b35a2ed438bef07855af8c00000e34088542300b13c16bfb8b144a22fecac6,8c94552d022acec4a0458d70c19d3da9,1,2026-09-10T00:20:00Z,Seattle Seahawks,New England Patriots,totals,alternate_totals,,41.0,Under,41.0,betmgm,140,2.4,0.3762962986172152,1.116405847500984,2026-09-06T21:53:25Z,61.096694,conditional_non_push,0.3900785153461813,consensus_plus_empirical_residual_model,live_snapshot_not_T60,,3b0fb185471a77bf1b5f7286,0.3762962986172152,0.3762962986172152,165.7480298569833,-25.748029856983294,1,FEWER_THAN_TWO_BOOKS,140,betmgm,140,False,False,44.5,closest_offered_consensus_to_50pct_no_interpolation,0.3900785153461813,-16.358645928636776,0.03212435233160622,0.3775474956822107,EMPIRICAL_RECONSTRUCTED_HISTORY,4a14b3fdf51d13786a2e905526f21d4fe7601226e01da29583be8ff3210a7041,work/market-distribution-v1/artifacts/4a14b3fdf51d13786a2e905526f21d4fe7601226e01da29583be8ff3210a7041.json,-3.5,44.5,False,False,none,False,0.5450777202072539,0.03177892918825561,a9b35a2ed438bef0
03dff5ccfd44477d5310862c,2026-09-06T21:54:26.096694+00:00,a9b35a2ed438bef07855af8c00000e34088542300b13c16bfb8b144a22fecac6,8c94552d022acec4a0458d70c19d3da9,1,2026-09-10T00:20:00Z,Seattle Seahawks,New England Patriots,totals,alternate_totals,,41.5,Over,41.5,betmgm,-165,1.606060606060606,0.5921529105252642,1.1059681062442213,2026-09-06T21:53:25Z,61.096694,conditional_non_push,0.590328151986183,consensus_plus_empirical_residual_model,live_snapshot_not_T60,,ba7373d0ae453dccc05a84dd,0.5921529105252641,0.5921529105252641,-145.18993166970853,-19.81006833029147,1,FEWER_THAN_TWO_BOOKS,-165,betmgm,-165,False,False,44.5,closest_offered_consensus_to_50pct_no_interpolation,0.590328151986183,-20.90219224283308,0.0,0.590328151986183,EMPIRICAL_RECONSTRUCTED_HISTORY,4a14b3fdf51d13786a2e905526f21d4fe7601226e01da29583be8ff3210a7041,work/market-distribution-v1/artifacts/4a14b3fdf51d13786a2e905526f21d4fe7601226e01da29583be8ff3210a7041.json,-3.5,44.5,False,False,none,False,0.7658031088082902,0.0,a9b35a2ed438bef0
5a6ab1fb1a8c4f1629b4e37b,2026-09-06T21:54:26.096694+00:00,a9b35a2ed438bef07855af8c00000e34088542300b13c16bfb8b144a22fecac6,8c94552d022acec4a0458d70c19d3da9,1,2026-09-10T00:20:00Z,Seattle Seahawks,New England Patriots,totals,alternate_totals,,41.5,Under,41.5,betmgm,125,2.25,0.4078470894747361,1.1059681062442213,2026-09-06T21:53:25Z,61.096694,conditional_non_push,0.4096718480138169,consensus_plus_empirical_residual_model,live_snapshot_not_T60,,ba7373d0ae453dccc05a84dd,0.40784708947473597,0.40784708947473597,145.18993166970853,-20.18993166970853,1,FEWER_THAN_TWO_BOOKS,125,betmgm,125,False,False,44.5,closest_offered_consensus_to_50pct_no_interpolation,0.4096718480138169,-19.097807757166976,0.0,0.4096718480138169,EMPIRICAL_RECONSTRUCTED_HISTORY,4a14b3fdf51d13786a2e905526f21d4fe7601226e01da29583be8ff3210a7041,work/market-distribution-v1/artifacts/4a14b3fdf51d13786a2e905526f21d4fe7601226e01da29583be8ff3210a7041.json,-3.5,44.5,False,False,none,False,0.5768566493955095,0.0,a9b35a2ed438bef0
61f45a29b94121f0a78415ea,2026-09-06T21:54:26.096694+00:00,a9b35a2ed438bef07855af8c00000e34088542300b13c16bfb8b144a22fecac6,8c94552d022acec4a0458d70c19d3da9,1,2026-09-10T00:20:00Z,Seattle Seahawks,New England Patriots,totals,alternate_totals,,42.0,Over,42.0,betmgm,-165,1.606060606060606,0.5921529105252642,1.1059681062442213,2026-09-06T21:53:25Z,61.096694,conditional_non_push,0.5774848592803705,consensus_plus_empirical_residual_model,live_snapshot_not_T60,,e965cb3cbe7ce91cdf826e01,0.5921529105252641,0.5921529105252641,-145.18993166970853,-19.81006833029147,1,FEWER_THAN_TWO_BOOKS,-165,betmgm,-165,False,False,44.5,closest_offered_consensus_to_50pct_no_interpolation,0.5774848592803705,-28.322091062394577,0.030397236614853194,0.5599309153713299,EMPIRICAL_RECONSTRUCTED_HISTORY,4a14b3fdf51d13786a2e905526f21d4fe7601226e01da29583be8ff3210a7041,work/market-distribution-v1/artifacts/4a14b3fdf51d13786a2e905526f21d4fe7601226e01da29583be8ff3210a7041.json,-3.5,44.5,False,False,none,False,0.7402417962003455,0.025561312607944732,a9b35a2ed438bef0
42835d164be63192792de1f6,2026-09-06T21:54:26.096694+00:00,a9b35a2ed438bef07855af8c00000e34088542300b13c16bfb8b144a22fecac6,8c94552d022acec4a0458d70c19d3da9,1,2026-09-10T00:20:00Z,Seattle Seahawks,New England Patriots,totals,alternate_totals,,42.0,Under,42.0,betmgm,125,2.25,0.4078470894747361,1.1059681062442213,2026-09-06T21:53:25Z,61.096694,conditional_non_push,0.4225151407196295,consensus_plus_empirical_residual_model,live_snapshot_not_T60,,e965cb3cbe7ce91cdf826e01,0.40784708947473597,0.40784708947473597,145.18993166970853,-20.18993166970853,1,FEWER_THAN_TWO_BOOKS,125,betmgm,125,False,False,44.5,closest_offered_consensus_to_50pct_no_interpolation,0.4225151407196295,-11.677908937605423,0.030397236614853194,0.4096718480138169,EMPIRICAL_RECONSTRUCTED_HISTORY,4a14b3fdf51d13786a2e905526f21d4fe7601226e01da29583be8ff3210a7041,work/market-distribution-v1/artifacts/4a14b3fdf51d13786a2e905526f21d4fe7601226e01da29583be8ff3210a7041.json,-3.5,44.5,False,False,none,False,0.5768566493955095,0.03419689119170984,a9b35a2ed438bef0
4d890f1e0c7700261b9ab7da,2026-09-06T21:54:26.096694+00:00,a9b35a2ed438bef07855af8c00000e34088542300b13c16bfb8b144a22fecac6,8c94552d022acec4a0458d70c19d3da9,1,2026-09-10T00:20:00Z,Seattle Seahawks,New England Patriots,totals,alternate_totals,,42.5,Over,42.5,betmgm,-155,1.6451612903225805,0.5790642753872837,1.0974279315303281,2026-09-06T21:53:25Z,61.096694,conditional_non_push,0.5599309153713299,consensus_plus_empirical_residual_model,live_snapshot_not_T60,,46f42c7510bd84b2ea6e9b7e,0.5790642753872836,0.5790642753872836,-137.56596115001975,-17.434038849980254,1,FEWER_THAN_TWO_BOOKS,-155,betmgm,-155,False,False,44.5,closest_offered_consensus_to_50pct_no_interpolation,0.5599309153713299,-27.762951334379892,0.0,0.5599309153713299,EMPIRICAL_RECONSTRUCTED_HISTORY,4a14b3fdf51d13786a2e905526f21d4fe7601226e01da29583be8ff3210a7041,work/market-distribution-v1/artifacts/4a14b3fdf51d13786a2e905526f21d4fe7601226e01da29583be8ff3210a7041.json,-3.5,44.5,False,False,none,False,0.7402417962003455,0.0,a9b35a2ed438bef0
095c2743841cb6e9ee266bc5,2026-09-06T21:54:26.096694+00:00,a9b35a2ed438bef07855af8c00000e34088542300b13c16bfb8b144a22fecac6,8c94552d022acec4a0458d70c19d3da9,1,2026-09-10T00:20:00Z,Seattle Seahawks,New England Patriots,totals,alternate_totals,,42.5,Under,42.5,betmgm,120,2.2,0.4209357246127165,1.0974279315303281,2026-09-06T21:53:25Z,61.096694,conditional_non_push,0.4400690846286701,consensus_plus_empirical_residual_model,live_snapshot_not_T60,,46f42c7510bd84b2ea6e9b7e,0.4209357246127164,0.4209357246127164,137.56596115001977,-17.565961150019774,1,FEWER_THAN_TWO_BOOKS,120,betmgm,120,False,False,44.5,closest_offered_consensus_to_50pct_no_interpolation,0.4400690846286701,-7.237048665620108,0.0,0.4400690846286701,EMPIRICAL_RECONSTRUCTED_HISTORY,4a14b3fdf51d13786a2e905526f21d4fe7601226e01da29583be8ff3210a7041,work/market-distribution-v1/artifacts/4a14b3fdf51d13786a2e905526f21d4fe7601226e01da29583be8ff3210a7041.json,-3.5,44.5,False,False,none,False,0.6110535405872193,0.0,a9b35a2ed438bef0
cb37382732e5c0629728a7ef,2026-09-06T21:54:26.096694+00:00,a9b35a2ed438bef07855af8c00000e34088542300b13c16bfb8b144a22fecac6,8c94552d022acec4a0458d70c19d3da9,1,2026-09-10T00:20:00Z,Seattle Seahawks,New England Patriots,totals,alternate_totals,,43.0,Over,43.0,betmgm,-145,1.6896551724137931,0.5598270164425229,1.1060064447643598,2026-09-06T21:53:25Z,61.096694,conditional_non_push,0.5425493716337523,consensus_plus_empirical_residual_model,live_snapshot_not_T60,,d816e1f604f9b1cf43b460e2,0.5598270164425229,0.5598270164425229,-127.18341137568282,-17.816588624317177,1,FEWER_THAN_TWO_BOOKS,-145,betmgm,-145,False,False,44.5,closest_offered_consensus_to_50pct_no_interpolation,0.5425493716337523,-26.397174254317108,0.037996545768566495,0.5219343696027634,EMPIRICAL_RECONSTRUCTED_HISTORY,4a14b3fdf51d13786a2e905526f21d4fe7601226e01da29583be8ff3210a7041,work/market-distribution-v1/artifacts/4a14b3fdf51d13786a2e905526f21d4fe7601226e01da29583be8ff3210a7041.json,-3.5,44.5,False,False,none,False,0.7077720207253886,0.03246977547495682,a9b35a2ed438bef0
bc9d30669ac2daab52c7c7b3,2026-09-06T21:54:26.096694+00:00,a9b35a2ed438bef07855af8c00000e34088542300b13c16bfb8b144a22fecac6,8c94552d022acec4a0458d70c19d3da9,1,2026-09-10T00:20:00Z,Seattle Seahawks,New England Patriots,totals,alternate_totals,,43.0,Under,43.0,betmgm,110,2.1,0.44017298355747725,1.1060064447643598,2026-09-06T21:53:25Z,61.096694,conditional_non_push,0.4574506283662477,consensus_plus_empirical_residual_model,live_snapshot_not_T60,,d816e1f604f9b1cf43b460e2,0.44017298355747725,0.44017298355747725,127.18341137568277,-17.183411375682766,1,FEWER_THAN_TWO_BOOKS,110,betmgm,110,False,False,44.5,closest_offered_consensus_to_50pct_no_interpolation,0.4574506283662477,-8.602825745682892,0.037996545768566495,0.4400690846286701,EMPIRICAL_RECONSTRUCTED_HISTORY,4a14b3fdf51d13786a2e905526f21d4fe7601226e01da29583be8ff3210a7041,work/market-distribution-v1/artifacts/4a14b3fdf51d13786a2e905526f21d4fe7601226e01da29583be8ff3210a7041.json,-3.5,44.5,False,False,none,False,0.6110535405872193,0.029706390328151987,a9b35a2ed438bef0
2f821a036609c69745b62bd1,2026-09-06T21:54:26.096694+00:00,a9b35a2ed438bef07855af8c00000e34088542300b13c16bfb8b144a22fecac6,8c94552d022acec4a0458d70c19d3da9,1,2026-09-10T00:20:00Z,Seattle Seahawks,New England Patriots,totals,alternate_totals,,43.5,Over,43.5,betmgm,-135,1.7407407407407407,0.5386616051460363,1.116102729298567,2026-09-06T21:53:25Z,61.096694,conditional_non_push,0.5219343696027634,consensus_plus_empirical_residual_model,live_snapshot_not_T60,,1b1d87180b78593d5123be0b,0.5386616051460363,0.5386616051460363,-116.76062759019858,-18.23937240980142,1,FEWER_THAN_TWO_BOOKS,-135,betmgm,-135,False,False,44.5,closest_offered_consensus_to_50pct_no_interpolation,0.5219343696027634,-25.8236994219653,0.0,0.5219343696027634,EMPIRICAL_RECONSTRUCTED_HISTORY,4a14b3fdf51d13786a2e905526f21d4fe7601226e01da29583be8ff3210a7041,work/market-distribution-v1/artifacts/4a14b3fdf51d13786a2e905526f21d4fe7601226e01da29583be8ff3210a7041.json,-3.5,44.5,False,False,none,False,0.7077720207253886,0.0,a9b35a2ed438bef0
0142a4abb02d2fa8754e8dd2,2026-09-06T21:54:26.096694+00:00,a9b35a2ed438bef07855af8c00000e34088542300b13c16bfb8b144a22fecac6,8c94552d022acec4a0458d70c19d3da9,1,2026-09-10T00:20:00Z,Seattle Seahawks,New England Patriots,totals,alternate_totals,,43.5,Under,43.5,betmgm,100,2.0,0.4613383948539638,1.116102729298567,2026-09-06T21:53:25Z,61.096694,conditional_non_push,0.4780656303972366,consensus_plus_empirical_residual_model,live_snapshot_not_T60,,1b1d87180b78593d5123be0b,0.4613383948539638,0.4613383948539638,116.76062759019852,-16.760627590198524,1,FEWER_THAN_TWO_BOOKS,100,betmgm,100,False,False,44.5,closest_offered_consensus_to_50pct_no_interpolation,0.4780656303972366,-9.176300578034699,0.0,0.4780656303972366,EMPIRICAL_RECONSTRUCTED_HISTORY,4a14b3fdf51d13786a2e905526f21d4fe7601226e01da29583be8ff3210a7041,work/market-distribution-v1/artifacts/4a14b3fdf51d13786a2e905526f21d4fe7601226e01da29583be8ff3210a7041.json,-3.5,44.5,False,False,none,False,0.6407599309153713,0.0,a9b35a2ed438bef0
508f46c2dfa088375c6b90da,2026-09-06T21:54:26.096694+00:00,a9b35a2ed438bef07855af8c00000e34088542300b13c16bfb8b144a22fecac6,8c94552d022acec4a0458d70c19d3da9,1,2026-09-10T00:20:00Z,Seattle Seahawks,New England Patriots,totals,alternate_totals,,44.0,Over,44.0,betmgm,-120,1.8333333333333335,0.5135396953663074,1.0994696982734267,2026-09-06T21:53:25Z,61.096694,conditional_non_push,0.507823613086771,consensus_plus_empirical_residual_model,live_snapshot_not_T60,,df44336371366b0d4576165b,0.5135396953663073,0.5135396953663073,-105.56661879184685,-14.43338120815315,1,FEWER_THAN_TWO_BOOKS,-120,betmgm,-120,False,False,44.5,closest_offered_consensus_to_50pct_no_interpolation,0.507823613086771,-16.820809248554895,0.028670120898100174,0.49326424870466323,EMPIRICAL_RECONSTRUCTED_HISTORY,4a14b3fdf51d13786a2e905526f21d4fe7601226e01da29583be8ff3210a7041,work/market-distribution-v1/artifacts/4a14b3fdf51d13786a2e905526f21d4fe7601226e01da29583be8ff3210a7041.json,-3.5,44.5,False,False,none,False,0.681174438687392,0.026597582037996545,a9b35a2ed438bef0
59738cb4137a7999fb1dd744,2026-09-06T21:54:26.096694+00:00,a9b35a2ed438bef07855af8c00000e34088542300b13c16bfb8b144a22fecac6,8c94552d022acec4a0458d70c19d3da9,1,2026-09-10T00:20:00Z,Seattle Seahawks,New England Patriots,totals,alternate_totals,,44.0,Under,44.0,betmgm,-108,1.925925925925926,0.48646030463369283,1.0994696982734267,2026-09-06T21:53:25Z,61.096694,conditional_non_push,0.492176386913229,consensus_plus_empirical_residual_model,live_snapshot_not_T60,,df44336371366b0d4576165b,0.4864603046336927,0.4864603046336927,105.56661879184685,-13.56661879184685,1,FEWER_THAN_TWO_BOOKS,-108,betmgm,-108,False,False,44.5,closest_offered_consensus_to_50pct_no_interpolation,0.492176386913229,-11.179190751445091,0.028670120898100174,0.4780656303972366,EMPIRICAL_RECONSTRUCTED_HISTORY,4a14b3fdf51d13786a2e905526f21d4fe7601226e01da29583be8ff3210a7041,work/market-distribution-v1/artifacts/4a14b3fdf51d13786a2e905526f21d4fe7601226e01da29583be8ff3210a7041.json,-3.5,44.5,False,False,none,False,0.6407599309153713,0.026597582037996545,a9b35a2ed438bef0
fb8122001693776079da1c2d,2026-09-06T21:54:26.096694+00:00,a9b35a2ed438bef07855af8c00000e34088542300b13c16bfb8b144a22fecac6,8c94552d022acec4a0458d70c19d3da9,1,2026-09-10T00:20:00Z,Seattle Seahawks,New England Patriots,totals,alternate_totals,,44.5,Over,44.5,betmgm,-108,1.925925925925926,0.49766301523402895,1.0647311734675267,2026-09-06T21:53:25Z,61.096694,conditional_non_push,0.49326424870466323,consensus_plus_empirical_residual_model,live_snapshot_not_T60,,5c2c1620d095c978f4c19267,0.49766301523402895,0.49766301523402895,100.93918362202267,-8.939183622022668,1,FEWER_THAN_TWO_BOOKS,-108,betmgm,-108,False,False,44.5,closest_offered_consensus_to_50pct_no_interpolation,0.49326424870466323,-10.731092436974777,0.0,0.49326424870466323,EMPIRICAL_RECONSTRUCTED_HISTORY,4a14b3fdf51d13786a2e905526f21d4fe7601226e01da29583be8ff3210a7041,work/market-distribution-v1/artifacts/4a14b3fdf51d13786a2e905526f21d4fe7601226e01da29583be8ff3210a7041.json,-3.5,44.5,False,False,none,False,0.681174438687392,0.0,a9b35a2ed438bef0
39a4689b978a1b4cdc1719b3,2026-09-06T21:54:26.096694+00:00,a9b35a2ed438bef07855af8c00000e34088542300b13c16bfb8b144a22fecac6,8c94552d022acec4a0458d70c19d3da9,1,2026-09-10T00:20:00Z,Seattle Seahawks,New England Patriots,totals,alternate_totals,,44.5,Under,44.5,betmgm,-110,1.9090909090909092,0.5023369847659711,1.0647311734675267,2026-09-06T21:53:25Z,61.096694,conditional_non_push,0.5067357512953368,consensus_plus_empirical_residual_model,live_snapshot_not_T60,,5c2c1620d095c978f4c19267,0.5023369847659711,0.5023369847659711,-100.93918362202268,-9.060816377977318,1,FEWER_THAN_TWO_BOOKS,-110,betmgm,-110,False,False,44.5,closest_offered_consensus_to_50pct_no_interpolation,0.5067357512953368,-7.268907563025223,0.0,0.5067357512953368,EMPIRICAL_RECONSTRUCTED_HISTORY,4a14b3fdf51d13786a2e905526f21d4fe7601226e01da29583be8ff3210a7041,work/market-distribution-v1/artifacts/4a14b3fdf51d13786a2e905526f21d4fe7601226e01da29583be8ff3210a7041.json,-3.5,44.5,False,False,none,False,0.6673575129533679,0.0,a9b35a2ed438bef0
5065925084307e58d3abbc01,2026-09-06T21:54:26.096694+00:00,a9b35a2ed438bef07855af8c00000e34088542300b13c16bfb8b144a22fecac6,8c94552d022acec4a0458d70c19d3da9,1,2026-09-10T00:20:00Z,Seattle Seahawks,New England Patriots,totals,alternate_totals,,45.0,Over,45.0,betmgm,-105,1.9523809523809523,0.47757418034290006,1.1046053201604966,2026-09-06T21:53:25Z,61.096694,conditional_non_push,0.48867201115371206,consensus_plus_empirical_residual_model,live_snapshot_not_T60,,3f13724ed6effd38843fc1de,0.47757418034289995,0.47757418034289995,109.39155447683468,-14.391554476834685,1,FEWER_THAN_TWO_BOOKS,-105,betmgm,-105,False,False,44.5,closest_offered_consensus_to_50pct_no_interpolation,0.48867201115371206,-9.636233951497871,0.008981001727115717,0.4842832469775475,EMPIRICAL_RECONSTRUCTED_HISTORY,4a14b3fdf51d13786a2e905526f21d4fe7601226e01da29583be8ff3210a7041,work/market-distribution-v1/artifacts/4a14b3fdf51d13786a2e905526f21d4fe7601226e01da29583be8ff3210a7041.json,-3.5,44.5,False,False,none,False,0.6538860103626943,0.027288428324697755,a9b35a2ed438bef0
b820f983f3d19fdb7e7ff805,2026-09-06T21:54:26.096694+00:00,a9b35a2ed438bef07855af8c00000e34088542300b13c16bfb8b144a22fecac6,8c94552d022acec4a0458d70c19d3da9,1,2026-09-10T00:20:00Z,Seattle Seahawks,New England Patriots,totals,alternate_totals,,45.0,Under,45.0,betmgm,-125,1.8,0.5224258196571001,1.1046053201604966,2026-09-06T21:53:25Z,61.096694,conditional_non_push,0.5113279888462878,consensus_plus_empirical_residual_model,live_snapshot_not_T60,,3f13724ed6effd38843fc1de,0.5224258196571,0.5224258196571,-109.39155447683466,-15.608445523165344,1,FEWER_THAN_TWO_BOOKS,-125,betmgm,-125,False,False,44.5,closest_offered_consensus_to_50pct_no_interpolation,0.5113279888462878,-20.36376604850217,0.008981001727115717,0.5067357512953368,EMPIRICAL_RECONSTRUCTED_HISTORY,4a14b3fdf51d13786a2e905526f21d4fe7601226e01da29583be8ff3210a7041,work/market-distribution-v1/artifacts/4a14b3fdf51d13786a2e905526f21d4fe7601226e01da29583be8ff3210a7041.json,-3.5,44.5,False,False,none,False,0.6673575129533679,0.023488773747841106,a9b35a2ed438bef0
c7224b08ce83b14b12b9c038,2026-09-06T21:54:26.096694+00:00,a9b35a2ed438bef07855af8c00000e34088542300b13c16bfb8b144a22fecac6,8c94552d022acec4a0458d70c19d3da9,1,2026-09-10T00:20:00Z,Seattle Seahawks,New England Patriots,totals,alternate_totals,,45.5,Over,45.5,betmgm,100,2.0,0.4613383948539638,1.116102729298567,2026-09-06T21:53:25Z,61.096694,conditional_non_push,0.4842832469775475,consensus_plus_empirical_residual_model,live_snapshot_not_T60,,7e82b1d415cc4797b59a6920,0.4613383948539638,0.4613383948539638,116.76062759019852,-16.760627590198524,1,FEWER_THAN_TWO_BOOKS,100,betmgm,100,False,False,44.5,closest_offered_consensus_to_50pct_no_interpolation,0.4842832469775475,-6.490727532096997,0.0,0.4842832469775475,EMPIRICAL_RECONSTRUCTED_HISTORY,4a14b3fdf51d13786a2e905526f21d4fe7601226e01da29583be8ff3210a7041,work/market-distribution-v1/artifacts/4a14b3fdf51d13786a2e905526f21d4fe7601226e01da29583be8ff3210a7041.json,-3.5,44.5,False,False,none,False,0.6538860103626943,0.0,a9b35a2ed438bef0
17e4521ae5fee31714e39e6a,2026-09-06T21:54:26.096694+00:00,a9b35a2ed438bef07855af8c00000e34088542300b13c16bfb8b144a22fecac6,8c94552d022acec4a0458d70c19d3da9,1,2026-09-10T00:20:00Z,Seattle Seahawks,New England Patriots,totals,alternate_totals,,45.5,Under,45.5,betmgm,-135,1.7407407407407407,0.5386616051460363,1.116102729298567,2026-09-06T21:53:25Z,61.096694,conditional_non_push,0.5157167530224525,consensus_plus_empirical_residual_model,live_snapshot_not_T60,,7e82b1d415cc4797b59a6920,0.5386616051460363,0.5386616051460363,-116.76062759019858,-18.23937240980142,1,FEWER_THAN_TWO_BOOKS,-135,betmgm,-135,False,False,44.5,closest_offered_consensus_to_50pct_no_interpolation,0.5157167530224525,-28.509272467903017,0.0,0.5157167530224525,EMPIRICAL_RECONSTRUCTED_HISTORY,4a14b3fdf51d13786a2e905526f21d4fe7601226e01da29583be8ff3210a7041,work/market-distribution-v1/artifacts/4a14b3fdf51d13786a2e905526f21d4fe7601226e01da29583be8ff3210a7041.json,-3.5,44.5,False,False,none,False,0.690846286701209,0.0,a9b35a2ed438bef0
35c9a913b0c20682e7c1ec32,2026-09-06T21:54:26.096694+00:00,a9b35a2ed438bef07855af8c00000e34088542300b13c16bfb8b144a22fecac6,8c94552d022acec4a0458d70c19d3da9,1,2026-09-10T00:20:00Z,Seattle Seahawks,New England Patriots,totals,alternate_totals,,46.0,Over,46.0,betmgm,105,2.05,0.4504960980130703,1.1108409857441557,2026-09-06T21:53:25Z,61.096694,conditional_non_push,0.46868327402135235,consensus_plus_empirical_residual_model,live_snapshot_not_T60,,110ea413bb88b4da5adc7fe9,0.4504960980130703,0.4504960980130703,121.97750533479356,-16.977505334793562,1,FEWER_THAN_TWO_BOOKS,105,betmgm,105,False,False,44.5,closest_offered_consensus_to_50pct_no_interpolation,0.46868327402135235,-8.363705391040227,0.02936096718480138,0.45492227979274613,EMPIRICAL_RECONSTRUCTED_HISTORY,4a14b3fdf51d13786a2e905526f21d4fe7601226e01da29583be8ff3210a7041,work/market-distribution-v1/artifacts/4a14b3fdf51d13786a2e905526f21d4fe7601226e01da29583be8ff3210a7041.json,-3.5,44.5,False,False,none,False,0.6224525043177893,0.03143350604490501,a9b35a2ed438bef0
9dca7e8a8d937da931c2ab3b,2026-09-06T21:54:26.096694+00:00,a9b35a2ed438bef07855af8c00000e34088542300b13c16bfb8b144a22fecac6,8c94552d022acec4a0458d70c19d3da9,1,2026-09-10T00:20:00Z,Seattle Seahawks,New England Patriots,totals,alternate_totals,,46.0,Under,46.0,betmgm,-140,1.7142857142857144,0.5495039019869297,1.1108409857441557,2026-09-06T21:53:25Z,61.096694,conditional_non_push,0.5313167259786477,consensus_plus_empirical_residual_model,live_snapshot_not_T60,,110ea413bb88b4da5adc7fe9,0.5495039019869297,0.5495039019869297,-121.97750533479355,-18.02249466520645,1,FEWER_THAN_TWO_BOOKS,-140,betmgm,-140,False,False,44.5,closest_offered_consensus_to_50pct_no_interpolation,0.5313167259786477,-26.636294608959773,0.02936096718480138,0.5157167530224525,EMPIRICAL_RECONSTRUCTED_HISTORY,4a14b3fdf51d13786a2e905526f21d4fe7601226e01da29583be8ff3210a7041,work/market-distribution-v1/artifacts/4a14b3fdf51d13786a2e905526f21d4fe7601226e01da29583be8ff3210a7041.json,-3.5,44.5,False,False,none,False,0.690846286701209,0.025561312607944732,a9b35a2ed438bef0
82a6ebce630a846d1711a680,2026-09-06T21:54:26.096694+00:00,a9b35a2ed438bef07855af8c00000e34088542300b13c16bfb8b144a22fecac6,8c94552d022acec4a0458d70c19d3da9,1,2026-09-10T00:20:00Z,Seattle Seahawks,New England Patriots,totals,alternate_totals,,46.5,Over,46.5,betmgm,110,2.1,0.44017298355747725,1.1060064447643598,2026-09-06T21:53:25Z,61.096694,conditional_non_push,0.45492227979274613,consensus_plus_empirical_residual_model,live_snapshot_not_T60,,d5bd7935008cfec369a57ee0,0.44017298355747725,0.44017298355747725,127.18341137568277,-17.183411375682766,1,FEWER_THAN_TWO_BOOKS,110,betmgm,110,False,False,44.5,closest_offered_consensus_to_50pct_no_interpolation,0.45492227979274613,-9.817767653758523,0.0,0.45492227979274613,EMPIRICAL_RECONSTRUCTED_HISTORY,4a14b3fdf51d13786a2e905526f21d4fe7601226e01da29583be8ff3210a7041,work/market-distribution-v1/artifacts/4a14b3fdf51d13786a2e905526f21d4fe7601226e01da29583be8ff3210a7041.json,-3.5,44.5,False,False,none,False,0.6224525043177893,0.0,a9b35a2ed438bef0
db4ae841a5bd2481097c4927,2026-09-06T21:54:26.096694+00:00,a9b35a2ed438bef07855af8c00000e34088542300b13c16bfb8b144a22fecac6,8c94552d022acec4a0458d70c19d3da9,1,2026-09-10T00:20:00Z,Seattle Seahawks,New England Patriots,totals,alternate_totals,,46.5,Under,46.5,betmgm,-145,1.6896551724137931,0.5598270164425229,1.1060064447643598,2026-09-06T21:53:25Z,61.096694,conditional_non_push,0.5450777202072539,consensus_plus_empirical_residual_model,live_snapshot_not_T60,,d5bd7935008cfec369a57ee0,0.5598270164425229,0.5598270164425229,-127.18341137568282,-17.816588624317177,1,FEWER_THAN_TWO_BOOKS,-145,betmgm,-145,False,False,44.5,closest_offered_consensus_to_50pct_no_interpolation,0.5450777202072539,-25.182232346241477,0.0,0.5450777202072539,EMPIRICAL_RECONSTRUCTED_HISTORY,4a14b3fdf51d13786a2e905526f21d4fe7601226e01da29583be8ff3210a7041,work/market-distribution-v1/artifacts/4a14b3fdf51d13786a2e905526f21d4fe7601226e01da29583be8ff3210a7041.json,-3.5,44.5,False,False,none,False,0.7164075993091537,0.0,a9b35a2ed438bef0
4b3198808e4193a0b2545640,2026-09-06T21:54:26.096694+00:00,a9b35a2ed438bef07855af8c00000e34088542300b13c16bfb8b144a22fecac6,8c94552d022acec4a0458d70c19d3da9,1,2026-09-10T00:20:00Z,Seattle Seahawks,New England Patriots,totals,alternate_totals,,47.0,Over,47.0,betmgm,120,2.2,0.41669493857595097,1.1102704230816762,2026-09-06T21:53:25Z,61.096694,conditional_non_push,0.4370317516946129,consensus_plus_empirical_residual_model,live_snapshot_not_T60,,3778fa92c875c304b4350470,0.41669493857595097,0.41669493857595097,139.98371648513077,-19.98371648513077,1,FEWER_THAN_TWO_BOOKS,120,betmgm,120,False,False,44.5,closest_offered_consensus_to_50pct_no_interpolation,0.4370317516946129,-8.81632653061223,0.03177892918825561,0.4231433506044905,EMPIRICAL_RECONSTRUCTED_HISTORY,4a14b3fdf51d13786a2e905526f21d4fe7601226e01da29583be8ff3210a7041,work/market-distribution-v1/artifacts/4a14b3fdf51d13786a2e905526f21d4fe7601226e01da29583be8ff3210a7041.json,-3.5,44.5,False,False,none,False,0.590328151986183,0.03212435233160622,a9b35a2ed438bef0
468cd956bb2030a30f437d49,2026-09-06T21:54:26.096694+00:00,a9b35a2ed438bef07855af8c00000e34088542300b13c16bfb8b144a22fecac6,8c94552d022acec4a0458d70c19d3da9,1,2026-09-10T00:20:00Z,Seattle Seahawks,New England Patriots,totals,alternate_totals,,47.0,Under,47.0,betmgm,-160,1.625,0.583305061424049,1.1102704230816762,2026-09-06T21:53:25Z,61.096694,conditional_non_push,0.562968248305387,consensus_plus_empirical_residual_model,live_snapshot_not_T60,,3778fa92c875c304b4350470,0.583305061424049,0.583305061424049,-139.98371648513077,-20.01628351486923,1,FEWER_THAN_TWO_BOOKS,-160,betmgm,-160,False,False,44.5,closest_offered_consensus_to_50pct_no_interpolation,0.562968248305387,-31.18367346938777,0.03177892918825561,0.5450777202072539,EMPIRICAL_RECONSTRUCTED_HISTORY,4a14b3fdf51d13786a2e905526f21d4fe7601226e01da29583be8ff3210a7041,work/market-distribution-v1/artifacts/4a14b3fdf51d13786a2e905526f21d4fe7601226e01da29583be8ff3210a7041.json,-3.5,44.5,False,False,none,False,0.7164075993091537,0.022452504317789293,a9b35a2ed438bef0
abd5f4f740f2251ba43d8e56,2026-09-06T21:54:26.096694+00:00,a9b35a2ed438bef07855af8c00000e34088542300b13c16bfb8b144a22fecac6,8c94552d022acec4a0458d70c19d3da9,1,2026-09-10T00:20:00Z,Seattle Seahawks,New England Patriots,totals,alternate_totals,,47.5,Over,47.5,betmgm,130,2.3,0.3955061960067698,1.1136735090210315,2026-09-06T21:53:25Z,61.096694,conditional_non_push,0.4231433506044905,consensus_plus_empirical_residual_model,live_snapshot_not_T60,,a714e126b181f5d628ab4ce3,0.3955061960067698,0.3955061960067698,152.84053956587906,-22.840539565879055,1,FEWER_THAN_TWO_BOOKS,130,betmgm,130,False,False,44.5,closest_offered_consensus_to_50pct_no_interpolation,0.4231433506044905,-6.326530612244909,0.0,0.4231433506044905,EMPIRICAL_RECONSTRUCTED_HISTORY,4a14b3fdf51d13786a2e905526f21d4fe7601226e01da29583be8ff3210a7041,work/market-distribution-v1/artifacts/4a14b3fdf51d13786a2e905526f21d4fe7601226e01da29583be8ff3210a7041.json,-3.5,44.5,False,False,none,False,0.590328151986183,0.0,a9b35a2ed438bef0
ae78469667e45ebff3599978,2026-09-06T21:54:26.096694+00:00,a9b35a2ed438bef07855af8c00000e34088542300b13c16bfb8b144a22fecac6,8c94552d022acec4a0458d70c19d3da9,1,2026-09-10T00:20:00Z,Seattle Seahawks,New England Patriots,totals,alternate_totals,,47.5,Under,47.5,betmgm,-175,1.5714285714285714,0.6044938039932303,1.1136735090210315,2026-09-06T21:53:25Z,61.096694,conditional_non_push,0.5768566493955095,consensus_plus_empirical_residual_model,live_snapshot_not_T60,,a714e126b181f5d628ab4ce3,0.6044938039932303,0.6044938039932303,-152.8405395658791,-22.159460434120888,1,FEWER_THAN_TWO_BOOKS,-175,betmgm,-175,False,False,44.5,closest_offered_consensus_to_50pct_no_interpolation,0.5768566493955095,-38.67346938775509,0.0,0.5768566493955095,EMPIRICAL_RECONSTRUCTED_HISTORY,4a14b3fdf51d13786a2e905526f21d4fe7601226e01da29583be8ff3210a7041,work/market-distribution-v1/artifacts/4a14b3fdf51d13786a2e905526f21d4fe7601226e01da29583be8ff3210a7041.json,-3.5,44.5,False,False,none,False,0.738860103626943,0.0,a9b35a2ed438bef0
5f101245ecfb36d1441bcf25,2026-09-06T21:54:26.096694+00:00,a9b35a2ed438bef07855af8c00000e34088542300b13c16bfb8b144a22fecac6,8c94552d022acec4a0458d70c19d3da9,1,2026-09-10T00:20:00Z,Seattle Seahawks,New England Patriots,totals,alternate_totals,,48.0,Over,48.0,betmgm,138,2.38,0.3814279825833423,1.1115588494343864,2026-09-06T21:53:25Z,61.096694,conditional_non_push,0.4027181688125894,consensus_plus_empirical_residual_model,live_snapshot_not_T60,,bad2abd290bafbdd62eb564a,0.3814279825833423,0.3814279825833423,162.17268938350617,-24.172689383506167,1,FEWER_THAN_TWO_BOOKS,138,betmgm,138,False,False,44.5,closest_offered_consensus_to_50pct_no_interpolation,0.4027181688125894,-10.312611012433393,0.03419689119170984,0.38894645941278067,EMPIRICAL_RECONSTRUCTED_HISTORY,4a14b3fdf51d13786a2e905526f21d4fe7601226e01da29583be8ff3210a7041,work/market-distribution-v1/artifacts/4a14b3fdf51d13786a2e905526f21d4fe7601226e01da29583be8ff3210a7041.json,-3.5,44.5,False,False,none,False,0.5599309153713299,0.030397236614853194,a9b35a2ed438bef0
71fb62a07023d04c747f3733,2026-09-06T21:54:26.096694+00:00,a9b35a2ed438bef07855af8c00000e34088542300b13c16bfb8b144a22fecac6,8c94552d022acec4a0458d70c19d3da9,1,2026-09-10T00:20:00Z,Seattle Seahawks,New England Patriots,totals,alternate_totals,,48.0,Under,48.0,betmgm,-185,1.5405405405405406,0.6185720174166577,1.1115588494343864,2026-09-06T21:53:25Z,61.096694,conditional_non_push,0.5972818311874106,consensus_plus_empirical_residual_model,live_snapshot_not_T60,,bad2abd290bafbdd62eb564a,0.6185720174166577,0.6185720174166577,-162.17268938350617,-22.827310616493833,1,FEWER_THAN_TWO_BOOKS,-185,betmgm,-185,False,False,44.5,closest_offered_consensus_to_50pct_no_interpolation,0.5972818311874106,-36.68738898756658,0.03419689119170984,0.5768566493955095,EMPIRICAL_RECONSTRUCTED_HISTORY,4a14b3fdf51d13786a2e905526f21d4fe7601226e01da29583be8ff3210a7041,work/market-distribution-v1/artifacts/4a14b3fdf51d13786a2e905526f21d4fe7601226e01da29583be8ff3210a7041.json,-3.5,44.5,False,False,none,False,0.738860103626943,0.021761658031088083,a9b35a2ed438bef0
98d78dac8f745603baf05b35,2026-09-06T21:54:26.096694+00:00,a9b35a2ed438bef07855af8c00000e34088542300b13c16bfb8b144a22fecac6,8c94552d022acec4a0458d70c19d3da9,1,2026-09-10T00:20:00Z,Seattle Seahawks,New England Patriots,totals,alternate_totals,,48.5,Over,48.5,betmgm,145,2.45,0.3724966574701892,1.1020426424354688,2026-09-06T21:53:25Z,61.096694,conditional_non_push,0.38894645941278067,consensus_plus_empirical_residual_model,live_snapshot_not_T60,,83ad6d77e4815d0519d8be4c,0.3724966574701891,0.3724966574701891,168.45878478252652,-23.45878478252652,1,FEWER_THAN_TWO_BOOKS,145,betmgm,145,False,False,44.5,closest_offered_consensus_to_50pct_no_interpolation,0.38894645941278067,-12.104795737122544,0.0,0.38894645941278067,EMPIRICAL_RECONSTRUCTED_HISTORY,4a14b3fdf51d13786a2e905526f21d4fe7601226e01da29583be8ff3210a7041,work/market-distribution-v1/artifacts/4a14b3fdf51d13786a2e905526f21d4fe7601226e01da29583be8ff3210a7041.json,-3.5,44.5,False,False,none,False,0.5599309153713299,0.0,a9b35a2ed438bef0
ad9dc47cff2d214f319a8e8e,2026-09-06T21:54:26.096694+00:00,a9b35a2ed438bef07855af8c00000e34088542300b13c16bfb8b144a22fecac6,8c94552d022acec4a0458d70c19d3da9,1,2026-09-10T00:20:00Z,Seattle Seahawks,New England Patriots,totals,alternate_totals,,48.5,Under,48.5,betmgm,-190,1.526315789473684,0.627503342529811,1.1020426424354688,2026-09-06T21:53:25Z,61.096694,conditional_non_push,0.6110535405872193,consensus_plus_empirical_residual_model,live_snapshot_not_T60,,83ad6d77e4815d0519d8be4c,0.6275033425298109,0.6275033425298109,-168.45878478252652,-21.54121521747348,1,FEWER_THAN_TWO_BOOKS,-190,betmgm,-190,False,False,44.5,closest_offered_consensus_to_50pct_no_interpolation,0.6110535405872193,-32.895204262877485,0.0,0.6110535405872193,EMPIRICAL_RECONSTRUCTED_HISTORY,4a14b3fdf51d13786a2e905526f21d4fe7601226e01da29583be8ff3210a7041,work/market-distribution-v1/artifacts/4a14b3fdf51d13786a2e905526f21d4fe7601226e01da29583be8ff3210a7041.json,-3.5,44.5,False,False,none,False,0.7606217616580311,0.0,a9b35a2ed438bef0
10dd3b9029d38ef2e81a89e7,2026-09-06T21:54:26.096694+00:00,a9b35a2ed438bef07855af8c00000e34088542300b13c16bfb8b144a22fecac6,8c94552d022acec4a0458d70c19d3da9,1,2026-09-10T00:20:00Z,Seattle Seahawks,New England Patriots,totals,alternate_totals,,49.0,Over,49.0,betmgm,155,2.55,0.35220063099197196,1.1147972380379394,2026-09-06T21:53:25Z,61.096694,conditional_non_push,0.37023851904592386,consensus_plus_empirical_residual_model,live_snapshot_not_T60,,a196b117f5bf6b1f1c6a49f0,0.35220063099197196,0.35220063099197196,183.9290767831685,-28.92907678316851,1,FEWER_THAN_TWO_BOOKS,155,betmgm,155,False,False,44.5,closest_offered_consensus_to_50pct_no_interpolation,0.37023851904592386,-15.096153846153811,0.029706390328151987,0.3592400690846287,EMPIRICAL_RECONSTRUCTED_HISTORY,4a14b3fdf51d13786a2e905526f21d4fe7601226e01da29583be8ff3210a7041,work/market-distribution-v1/artifacts/4a14b3fdf51d13786a2e905526f21d4fe7601226e01da29583be8ff3210a7041.json,-3.5,44.5,False,False,none,False,0.5219343696027634,0.037996545768566495,a9b35a2ed438bef0
f3e8e5f2343eb3b892a274c8,2026-09-06T21:54:26.096694+00:00,a9b35a2ed438bef07855af8c00000e34088542300b13c16bfb8b144a22fecac6,8c94552d022acec4a0458d70c19d3da9,1,2026-09-10T00:20:00Z,Seattle Seahawks,New England Patriots,totals,alternate_totals,,49.0,Under,49.0,betmgm,-210,1.4761904761904763,0.6477993690080281,1.1147972380379394,2026-09-06T21:53:25Z,61.096694,conditional_non_push,0.6297614809540761,consensus_plus_empirical_residual_model,live_snapshot_not_T60,,a196b117f5bf6b1f1c6a49f0,0.6477993690080281,0.6477993690080281,-183.92907678316857,-26.07092321683143,1,FEWER_THAN_TWO_BOOKS,-210,betmgm,-210,False,False,44.5,closest_offered_consensus_to_50pct_no_interpolation,0.6297614809540761,-39.90384615384619,0.029706390328151987,0.6110535405872193,EMPIRICAL_RECONSTRUCTED_HISTORY,4a14b3fdf51d13786a2e905526f21d4fe7601226e01da29583be8ff3210a7041,work/market-distribution-v1/artifacts/4a14b3fdf51d13786a2e905526f21d4fe7601226e01da29583be8ff3210a7041.json,-3.5,44.5,False,False,none,False,0.7606217616580311,0.018998272884283247,a9b35a2ed438bef0
0c7dc096830a93140061d1d4,2026-09-06T21:54:26.096694+00:00,a9b35a2ed438bef07855af8c00000e34088542300b13c16bfb8b144a22fecac6,8c94552d022acec4a0458d70c19d3da9,1,2026-09-10T00:20:00Z,Seattle Seahawks,New England Patriots,totals,alternate_totals,,49.5,Over,49.5,betmgm,160,2.6,0.3428226816345358,1.1203862959711635,2026-09-06T21:53:25Z,61.096694,conditional_non_push,0.3592400690846287,consensus_plus_empirical_residual_model,live_snapshot_not_T60,,3d179f455c5e3e00f44b585c,0.3428226816345357,0.3428226816345357,191.6959855841874,-31.69598558418741,1,FEWER_THAN_TWO_BOOKS,160,betmgm,160,False,False,44.5,closest_offered_consensus_to_50pct_no_interpolation,0.3592400690846287,-18.365384615384585,0.0,0.3592400690846287,EMPIRICAL_RECONSTRUCTED_HISTORY,4a14b3fdf51d13786a2e905526f21d4fe7601226e01da29583be8ff3210a7041,work/market-distribution-v1/artifacts/4a14b3fdf51d13786a2e905526f21d4fe7601226e01da29583be8ff3210a7041.json,-3.5,44.5,False,False,none,False,0.5219343696027634,0.0,a9b35a2ed438bef0
caa6e122cfa22d33779f385a,2026-09-06T21:54:26.096694+00:00,a9b35a2ed438bef07855af8c00000e34088542300b13c16bfb8b144a22fecac6,8c94552d022acec4a0458d70c19d3da9,1,2026-09-10T00:20:00Z,Seattle Seahawks,New England Patriots,totals,alternate_totals,,49.5,Under,49.5,betmgm,-220,1.4545454545454546,0.6571773183654644,1.1203862959711635,2026-09-06T21:53:25Z,61.096694,conditional_non_push,0.6407599309153713,consensus_plus_empirical_residual_model,live_snapshot_not_T60,,3d179f455c5e3e00f44b585c,0.6571773183654643,0.6571773183654643,-191.69598558418747,-28.30401441581253,1,FEWER_THAN_TWO_BOOKS,-220,betmgm,-220,False,False,44.5,closest_offered_consensus_to_50pct_no_interpolation,0.6407599309153713,-41.634615384615415,0.0,0.6407599309153713,EMPIRICAL_RECONSTRUCTED_HISTORY,4a14b3fdf51d13786a2e905526f21d4fe7601226e01da29583be8ff3210a7041,work/market-distribution-v1/artifacts/4a14b3fdf51d13786a2e905526f21d4fe7601226e01da29583be8ff3210a7041.json,-3.5,44.5,False,False,none,False,0.7796200345423143,0.0,a9b35a2ed438bef0
f5febd9a19f3039d70bd313b,2026-09-06T21:54:26.096694+00:00,a9b35a2ed438bef07855af8c00000e34088542300b13c16bfb8b144a22fecac6,8c94552d022acec4a0458d70c19d3da9,1,2026-09-10T00:20:00Z,Seattle Seahawks,New England Patriots,totals,alternate_totals,,50.0,Over,50.0,betmgm,175,2.75,0.32534045777812265,1.1100060009887152,2026-09-06T21:53:25Z,61.096694,conditional_non_push,0.3417317246273953,consensus_plus_empirical_residual_model,live_snapshot_not_T60,,a81800b0e0b795338b90f141,0.32534045777812265,0.32534045777812265,207.37031810595937,-32.37031810595937,1,FEWER_THAN_TWO_BOOKS,175,betmgm,175,False,False,44.5,closest_offered_consensus_to_50pct_no_interpolation,0.3417317246273953,-17.62720664589824,0.026597582037996545,0.33264248704663213,EMPIRICAL_RECONSTRUCTED_HISTORY,4a14b3fdf51d13786a2e905526f21d4fe7601226e01da29583be8ff3210a7041,work/market-distribution-v1/artifacts/4a14b3fdf51d13786a2e905526f21d4fe7601226e01da29583be8ff3210a7041.json,-3.5,44.5,False,False,none,False,0.49326424870466323,0.028670120898100174,a9b35a2ed438bef0
3c1390c2b1c3c06b70d0ef88,2026-09-06T21:54:26.096694+00:00,a9b35a2ed438bef07855af8c00000e34088542300b13c16bfb8b144a22fecac6,8c94552d022acec4a0458d70c19d3da9,1,2026-09-10T00:20:00Z,Seattle Seahawks,New England Patriots,totals,alternate_totals,,50.0,Under,50.0,betmgm,-235,1.425531914893617,0.6746595422218774,1.1100060009887152,2026-09-06T21:53:25Z,61.096694,conditional_non_push,0.6582682753726047,consensus_plus_empirical_residual_model,live_snapshot_not_T60,,a81800b0e0b795338b90f141,0.6746595422218774,0.6746595422218774,-207.37031810595943,-27.629681894040573,1,FEWER_THAN_TWO_BOOKS,-235,betmgm,-235,False,False,44.5,closest_offered_consensus_to_50pct_no_interpolation,0.6582682753726047,-42.37279335410176,0.026597582037996545,0.6407599309153713,EMPIRICAL_RECONSTRUCTED_HISTORY,4a14b3fdf51d13786a2e905526f21d4fe7601226e01da29583be8ff3210a7041,work/market-distribution-v1/artifacts/4a14b3fdf51d13786a2e905526f21d4fe7601226e01da29583be8ff3210a7041.json,-3.5,44.5,False,False,none,False,0.7796200345423143,0.019689119170984457,a9b35a2ed438bef0
c2bf34ce063281d9cd2282d9,2026-09-06T21:54:26.096694+00:00,a9b35a2ed438bef07855af8c00000e34088542300b13c16bfb8b144a22fecac6,8c94552d022acec4a0458d70c19d3da9,1,2026-09-10T00:20:00Z,Seattle Seahawks,New England Patriots,totals,alternate_totals,,50.5,Over,50.5,betmgm,180,2.8,0.32263123574792896,1.098702369139712,2026-09-06T21:53:25Z,61.096694,conditional_non_push,0.33264248704663213,consensus_plus_empirical_residual_model,live_snapshot_not_T60,,aee62af8366f0e26c334b801,0.3226312357479289,0.3226312357479289,209.9513900697755,-29.9513900697755,1,FEWER_THAN_TWO_BOOKS,180,betmgm,180,False,False,44.5,closest_offered_consensus_to_50pct_no_interpolation,0.33264248704663213,-20.623052959501535,0.0,0.33264248704663213,EMPIRICAL_RECONSTRUCTED_HISTORY,4a14b3fdf51d13786a2e905526f21d4fe7601226e01da29583be8ff3210a7041,work/market-distribution-v1/artifacts/4a14b3fdf51d13786a2e905526f21d4fe7601226e01da29583be8ff3210a7041.json,-3.5,44.5,False,False,none,False,0.49326424870466323,0.0,a9b35a2ed438bef0
ffca43ed86ce459731a61efb,2026-09-06T21:54:26.096694+00:00,a9b35a2ed438bef07855af8c00000e34088542300b13c16bfb8b144a22fecac6,8c94552d022acec4a0458d70c19d3da9,1,2026-09-10T00:20:00Z,Seattle Seahawks,New England Patriots,totals,alternate_totals,,50.5,Under,50.5,betmgm,-235,1.425531914893617,0.6773687642520713,1.098702369139712,2026-09-06T21:53:25Z,61.096694,conditional_non_push,0.6673575129533679,consensus_plus_empirical_residual_model,live_snapshot_not_T60,,aee62af8366f0e26c334b801,0.6773687642520712,0.6773687642520712,-209.95139006977553,-25.048609930224472,1,FEWER_THAN_TWO_BOOKS,-235,betmgm,-235,False,False,44.5,closest_offered_consensus_to_50pct_no_interpolation,0.6673575129533679,-34.376947040498465,0.0,0.6673575129533679,EMPIRICAL_RECONSTRUCTED_HISTORY,4a14b3fdf51d13786a2e905526f21d4fe7601226e01da29583be8ff3210a7041,work/market-distribution-v1/artifacts/4a14b3fdf51d13786a2e905526f21d4fe7601226e01da29583be8ff3210a7041.json,-3.5,44.5,False,False,none,False,0.7993091537132988,0.0,a9b35a2ed438bef0
e2e7a012118f6098acb0f56a,2026-09-06T21:54:26.096694+00:00,a9b35a2ed438bef07855af8c00000e34088542300b13c16bfb8b144a22fecac6,8c94552d022acec4a0458d70c19d3da9,1,2026-09-10T00:20:00Z,Seattle Seahawks,New England Patriots,totals,alternate_totals,,51.0,Over,51.0,betmgm,200,3.0,0.29293297397942974,1.1176021482264908,2026-09-06T21:53:25Z,61.096694,conditional_non_push,0.316590024761231,consensus_plus_empirical_residual_model,live_snapshot_not_T60,,aa5cc16ea5622f81b88c88a5,0.29293297397942974,0.29293297397942974,241.37502050903348,-41.375020509033476,1,FEWER_THAN_TWO_BOOKS,200,betmgm,200,False,False,44.5,closest_offered_consensus_to_50pct_no_interpolation,0.316590024761231,-15.865921787709482,0.023488773747841106,0.30915371329879104,EMPIRICAL_RECONSTRUCTED_HISTORY,4a14b3fdf51d13786a2e905526f21d4fe7601226e01da29583be8ff3210a7041,work/market-distribution-v1/artifacts/4a14b3fdf51d13786a2e905526f21d4fe7601226e01da29583be8ff3210a7041.json,-3.5,44.5,False,False,none,False,0.4842832469775475,0.008981001727115717,a9b35a2ed438bef0
fb1942d32d836bb7002fef14,2026-09-06T21:54:26.096694+00:00,a9b35a2ed438bef07855af8c00000e34088542300b13c16bfb8b144a22fecac6,8c94552d022acec4a0458d70c19d3da9,1,2026-09-10T00:20:00Z,Seattle Seahawks,New England Patriots,totals,alternate_totals,,51.0,Under,51.0,betmgm,-275,1.3636363636363638,0.7070670260205704,1.1176021482264908,2026-09-06T21:53:25Z,61.096694,conditional_non_push,0.683409975238769,consensus_plus_empirical_residual_model,live_snapshot_not_T60,,aa5cc16ea5622f81b88c88a5,0.7070670260205704,0.7070670260205704,-241.37502050903362,-33.62497949096638,1,FEWER_THAN_TWO_BOOKS,-275,betmgm,-275,False,False,44.5,closest_offered_consensus_to_50pct_no_interpolation,0.683409975238769,-59.13407821229052,0.023488773747841106,0.6673575129533679,EMPIRICAL_RECONSTRUCTED_HISTORY,4a14b3fdf51d13786a2e905526f21d4fe7601226e01da29583be8ff3210a7041,work/market-distribution-v1/artifacts/4a14b3fdf51d13786a2e905526f21d4fe7601226e01da29583be8ff3210a7041.json,-3.5,44.5,False,False,none,False,0.7993091537132988,0.018307426597582038,a9b35a2ed438bef0
61c1a942fbea99c8a774f5d9,2026-09-06T21:54:26.096694+00:00,a9b35a2ed438bef07855af8c00000e34088542300b13c16bfb8b144a22fecac6,8c94552d022acec4a0458d70c19d3da9,1,2026-09-10T00:20:00Z,Seattle Seahawks,New England Patriots,totals,alternate_totals,,51.5,Over,51.5,betmgm,210,3.1,0.2799700589404448,1.1252167562320547,2026-09-06T21:53:25Z,61.096694,conditional_non_push,0.30915371329879104,consensus_plus_empirical_residual_model,live_snapshot_not_T60,,d7ebe6b09dd6a1ada0eed0b7,0.2799700589404448,0.2799700589404448,257.1810513540378,-47.18105135403778,1,FEWER_THAN_TWO_BOOKS,210,betmgm,210,False,False,44.5,closest_offered_consensus_to_50pct_no_interpolation,0.30915371329879104,-13.463687150837956,0.0,0.30915371329879104,EMPIRICAL_RECONSTRUCTED_HISTORY,4a14b3fdf51d13786a2e905526f21d4fe7601226e01da29583be8ff3210a7041,work/market-distribution-v1/artifacts/4a14b3fdf51d13786a2e905526f21d4fe7601226e01da29583be8ff3210a7041.json,-3.5,44.5,False,False,none,False,0.4842832469775475,0.0,a9b35a2ed438bef0
c8a4993acf3899e5a9afe5da,2026-09-06T21:54:26.096694+00:00,a9b35a2ed438bef07855af8c00000e34088542300b13c16bfb8b144a22fecac6,8c94552d022acec4a0458d70c19d3da9,1,2026-09-10T00:20:00Z,Seattle Seahawks,New England Patriots,totals,alternate_totals,,51.5,Under,51.5,betmgm,-295,1.3389830508474576,0.7200299410595553,1.1252167562320547,2026-09-06T21:53:25Z,61.096694,conditional_non_push,0.690846286701209,consensus_plus_empirical_residual_model,live_snapshot_not_T60,,d7ebe6b09dd6a1ada0eed0b7,0.7200299410595553,0.7200299410595553,-257.18105135403795,-37.81894864596205,1,FEWER_THAN_TWO_BOOKS,-295,betmgm,-295,False,False,44.5,closest_offered_consensus_to_50pct_no_interpolation,0.690846286701209,-71.53631284916204,0.0,0.690846286701209,EMPIRICAL_RECONSTRUCTED_HISTORY,4a14b3fdf51d13786a2e905526f21d4fe7601226e01da29583be8ff3210a7041,work/market-distribution-v1/artifacts/4a14b3fdf51d13786a2e905526f21d4fe7601226e01da29583be8ff3210a7041.json,-3.5,44.5,False,False,none,False,0.8176165803108808,0.0,a9b35a2ed438bef0
6d05db191b252b10e3c7787a,2026-09-06T21:54:26.096694+00:00,a9b35a2ed438bef07855af8c00000e34088542300b13c16bfb8b144a22fecac6,8c94552d022acec4a0458d70c19d3da9,1,2026-09-10T00:20:00Z,Seattle Seahawks,New England Patriots,totals,alternate_totals,,52.0,Over,52.0,betmgm,230,3.3,0.26070908192633585,1.1259944908103532,2026-09-06T21:53:25Z,61.096694,conditional_non_push,0.2910315490960652,consensus_plus_empirical_residual_model,live_snapshot_not_T60,,f5bb2448952a36633611380c,0.2607090819263358,0.2607090819263358,283.56929977704164,-53.569299777041635,1,FEWER_THAN_TWO_BOOKS,230,betmgm,230,False,False,44.5,closest_offered_consensus_to_50pct_no_interpolation,0.2910315490960652,-13.605359317905027,0.025561312607944732,0.2835924006908463,EMPIRICAL_RECONSTRUCTED_HISTORY,4a14b3fdf51d13786a2e905526f21d4fe7601226e01da29583be8ff3210a7041,work/market-distribution-v1/artifacts/4a14b3fdf51d13786a2e905526f21d4fe7601226e01da29583be8ff3210a7041.json,-3.5,44.5,False,False,none,False,0.45492227979274613,0.02936096718480138,a9b35a2ed438bef0
63c775d94cbdefc9f9bc15e9,2026-09-06T21:54:26.096694+00:00,a9b35a2ed438bef07855af8c00000e34088542300b13c16bfb8b144a22fecac6,8c94552d022acec4a0458d70c19d3da9,1,2026-09-10T00:20:00Z,Seattle Seahawks,New England Patriots,totals,alternate_totals,,52.0,Under,52.0,betmgm,-325,1.3076923076923077,0.7392909180736643,1.1259944908103532,2026-09-06T21:53:25Z,61.096694,conditional_non_push,0.7089684509039347,consensus_plus_empirical_residual_model,live_snapshot_not_T60,,f5bb2448952a36633611380c,0.7392909180736642,0.7392909180736642,-283.56929977704164,-41.430700222958365,1,FEWER_THAN_TWO_BOOKS,-325,betmgm,-325,False,False,44.5,closest_offered_consensus_to_50pct_no_interpolation,0.7089684509039347,-81.39464068209512,0.025561312607944732,0.690846286701209,EMPIRICAL_RECONSTRUCTED_HISTORY,4a14b3fdf51d13786a2e905526f21d4fe7601226e01da29583be8ff3210a7041,work/market-distribution-v1/artifacts/4a14b3fdf51d13786a2e905526f21d4fe7601226e01da29583be8ff3210a7041.json,-3.5,44.5,False,False,none,False,0.8176165803108808,0.021761658031088083,a9b35a2ed438bef0
2f230e2686357f4731130783,2026-09-06T21:54:26.096694+00:00,a9b35a2ed438bef07855af8c00000e34088542300b13c16bfb8b144a22fecac6,8c94552d022acec4a0458d70c19d3da9,1,2026-09-10T00:20:00Z,Seattle Seahawks,New England Patriots,totals,alternate_totals,,52.5,Over,52.5,betmgm,240,3.4,0.25735342030911273,1.1091127729837735,2026-09-06T21:53:25Z,61.096694,conditional_non_push,0.2835924006908463,consensus_plus_empirical_residual_model,live_snapshot_not_T60,,82377906fc72c832e3ca50cc,0.2573534203091127,0.2573534203091127,288.5707051411552,-48.5707051411552,1,FEWER_THAN_TWO_BOOKS,240,betmgm,240,False,False,44.5,closest_offered_consensus_to_50pct_no_interpolation,0.2835924006908463,-12.618757612667451,0.0,0.2835924006908463,EMPIRICAL_RECONSTRUCTED_HISTORY,4a14b3fdf51d13786a2e905526f21d4fe7601226e01da29583be8ff3210a7041,work/market-distribution-v1/artifacts/4a14b3fdf51d13786a2e905526f21d4fe7601226e01da29583be8ff3210a7041.json,-3.5,44.5,False,False,none,False,0.45492227979274613,0.0,a9b35a2ed438bef0
0fb55a29c1fee604986d68f3,2026-09-06T21:54:26.096694+00:00,a9b35a2ed438bef07855af8c00000e34088542300b13c16bfb8b144a22fecac6,8c94552d022acec4a0458d70c19d3da9,1,2026-09-10T00:20:00Z,Seattle Seahawks,New England Patriots,totals,alternate_totals,,52.5,Under,52.5,betmgm,-325,1.3076923076923077,0.7426465796908874,1.1091127729837735,2026-09-06T21:53:25Z,61.096694,conditional_non_push,0.7164075993091537,consensus_plus_empirical_residual_model,live_snapshot_not_T60,,82377906fc72c832e3ca50cc,0.7426465796908873,0.7426465796908873,-288.5707051411552,-36.4292948588448,1,FEWER_THAN_TWO_BOOKS,-325,betmgm,-325,False,False,44.5,closest_offered_consensus_to_50pct_no_interpolation,0.7164075993091537,-72.3812423873326,0.0,0.7164075993091537,EMPIRICAL_RECONSTRUCTED_HISTORY,4a14b3fdf51d13786a2e905526f21d4fe7601226e01da29583be8ff3210a7041,work/market-distribution-v1/artifacts/4a14b3fdf51d13786a2e905526f21d4fe7601226e01da29583be8ff3210a7041.json,-3.5,44.5,False,False,none,False,0.8393782383419689,0.0,a9b35a2ed438bef0
05a34cd598247786743f850c,2026-09-06T21:54:26.096694+00:00,a9b35a2ed438bef07855af8c00000e34088542300b13c16bfb8b144a22fecac6,8c94552d022acec4a0458d70c19d3da9,1,2026-09-10T00:20:00Z,Seattle Seahawks,New England Patriots,totals,alternate_totals,,53.0,Over,53.0,betmgm,260,3.6,0.24260803059594077,1.1056840958870926,2026-09-06T21:53:25Z,61.096694,conditional_non_push,0.2671378091872792,consensus_plus_empirical_residual_model,live_snapshot_not_T60,,024e7f1219e7593cef10abc0,0.24260803059594072,0.24260803059594072,312.18750984607016,-52.18750984607016,1,FEWER_THAN_TWO_BOOKS,260,betmgm,260,False,False,44.5,closest_offered_consensus_to_50pct_no_interpolation,0.2671378091872792,-14.3386243386243,0.022452504317789293,0.261139896373057,EMPIRICAL_RECONSTRUCTED_HISTORY,4a14b3fdf51d13786a2e905526f21d4fe7601226e01da29583be8ff3210a7041,work/market-distribution-v1/artifacts/4a14b3fdf51d13786a2e905526f21d4fe7601226e01da29583be8ff3210a7041.json,-3.5,44.5,False,False,none,False,0.4231433506044905,0.03177892918825561,a9b35a2ed438bef0
5702282b78cfea98370c1acc,2026-09-06T21:54:26.096694+00:00,a9b35a2ed438bef07855af8c00000e34088542300b13c16bfb8b144a22fecac6,8c94552d022acec4a0458d70c19d3da9,1,2026-09-10T00:20:00Z,Seattle Seahawks,New England Patriots,totals,alternate_totals,,53.0,Under,53.0,betmgm,-350,1.2857142857142856,0.7573919694040595,1.1056840958870926,2026-09-06T21:53:25Z,61.096694,conditional_non_push,0.7328621908127209,consensus_plus_empirical_residual_model,live_snapshot_not_T60,,024e7f1219e7593cef10abc0,0.7573919694040593,0.7573919694040593,-312.18750984607016,-37.81249015392984,1,FEWER_THAN_TWO_BOOKS,-350,betmgm,-350,False,False,44.5,closest_offered_consensus_to_50pct_no_interpolation,0.7328621908127209,-75.66137566137564,0.022452504317789293,0.7164075993091537,EMPIRICAL_RECONSTRUCTED_HISTORY,4a14b3fdf51d13786a2e905526f21d4fe7601226e01da29583be8ff3210a7041,work/market-distribution-v1/artifacts/4a14b3fdf51d13786a2e905526f21d4fe7601226e01da29583be8ff3210a7041.json,-3.5,44.5,False,False,none,False,0.8393782383419689,0.016580310880829015,a9b35a2ed438bef0
0b07ca75a577721296c990a5,2026-09-06T21:54:26.096694+00:00,a9b35a2ed438bef07855af8c00000e34088542300b13c16bfb8b144a22fecac6,8c94552d022acec4a0458d70c19d3da9,1,2026-09-10T00:20:00Z,Seattle Seahawks,New England Patriots,totals,alternate_totals,,53.5,Over,53.5,betmgm,260,3.6,0.23469978647891296,1.1315557716132405,2026-09-06T21:53:25Z,61.096694,conditional_non_push,0.261139896373057,consensus_plus_empirical_residual_model,live_snapshot_not_T60,,f990d910fe9bd67de6fd129b,0.2346997864789129,0.2346997864789129,326.0762291276508,-66.07622912765078,1,FEWER_THAN_TWO_BOOKS,260,betmgm,260,False,False,44.5,closest_offered_consensus_to_50pct_no_interpolation,0.261139896373057,-22.936507936507894,0.0,0.261139896373057,EMPIRICAL_RECONSTRUCTED_HISTORY,4a14b3fdf51d13786a2e905526f21d4fe7601226e01da29583be8ff3210a7041,work/market-distribution-v1/artifacts/4a14b3fdf51d13786a2e905526f21d4fe7601226e01da29583be8ff3210a7041.json,-3.5,44.5,False,False,none,False,0.4231433506044905,0.0,a9b35a2ed438bef0
2cf6410c59a36e0f33a2780e,2026-09-06T21:54:26.096694+00:00,a9b35a2ed438bef07855af8c00000e34088542300b13c16bfb8b144a22fecac6,8c94552d022acec4a0458d70c19d3da9,1,2026-09-10T00:20:00Z,Seattle Seahawks,New England Patriots,totals,alternate_totals,,53.5,Under,53.5,betmgm,-375,1.2666666666666666,0.7653002135210872,1.1315557716132405,2026-09-06T21:53:25Z,61.096694,conditional_non_push,0.738860103626943,consensus_plus_empirical_residual_model,live_snapshot_not_T60,,f990d910fe9bd67de6fd129b,0.765300213521087,0.765300213521087,-326.0762291276506,-48.923770872349394,1,FEWER_THAN_TWO_BOOKS,-375,betmgm,-375,False,False,44.5,closest_offered_consensus_to_50pct_no_interpolation,0.738860103626943,-92.0634920634921,0.0,0.738860103626943,EMPIRICAL_RECONSTRUCTED_HISTORY,4a14b3fdf51d13786a2e905526f21d4fe7601226e01da29583be8ff3210a7041,work/market-distribution-v1/artifacts/4a14b3fdf51d13786a2e905526f21d4fe7601226e01da29583be8ff3210a7041.json,-3.5,44.5,False,False,none,False,0.8559585492227979,0.0,a9b35a2ed438bef0
817a5f6d167395951b06e56d,2026-09-06T21:54:26.096694+00:00,a9b35a2ed438bef07855af8c00000e34088542300b13c16bfb8b144a22fecac6,8c94552d022acec4a0458d70c19d3da9,1,2026-09-10T00:20:00Z,Seattle Seahawks,New England Patriots,totals,alternate_totals,,54.0,Over,54.0,betmgm,290,3.9,0.21329071614957668,1.135287140503542,2026-09-06T21:53:25Z,61.096694,conditional_non_push,0.2447033898305085,consensus_plus_empirical_residual_model,live_snapshot_not_T60,,a0dc111d5313f1827e66a02f,0.21329071614957662,0.21329071614957662,368.8436599831751,-78.84365998317509,1,FEWER_THAN_TWO_BOOKS,290,betmgm,290,False,False,44.5,closest_offered_consensus_to_50pct_no_interpolation,0.2447033898305085,-18.65800865800867,0.021761658031088083,0.23937823834196892,EMPIRICAL_RECONSTRUCTED_HISTORY,4a14b3fdf51d13786a2e905526f21d4fe7601226e01da29583be8ff3210a7041,work/market-distribution-v1/artifacts/4a14b3fdf51d13786a2e905526f21d4fe7601226e01da29583be8ff3210a7041.json,-3.5,44.5,False,False,none,False,0.38894645941278067,0.03419689119170984,a9b35a2ed438bef0
492fd311b3e5e188247b5698,2026-09-06T21:54:26.096694+00:00,a9b35a2ed438bef07855af8c00000e34088542300b13c16bfb8b144a22fecac6,8c94552d022acec4a0458d70c19d3da9,1,2026-09-10T00:20:00Z,Seattle Seahawks,New England Patriots,totals,alternate_totals,,54.0,Under,54.0,betmgm,-425,1.2352941176470589,0.7867092838504235,1.135287140503542,2026-09-06T21:53:25Z,61.096694,conditional_non_push,0.7552966101694916,consensus_plus_empirical_residual_model,live_snapshot_not_T60,,a0dc111d5313f1827e66a02f,0.7867092838504233,0.7867092838504233,-368.8436599831748,-56.1563400168252,1,FEWER_THAN_TWO_BOOKS,-425,betmgm,-425,False,False,44.5,closest_offered_consensus_to_50pct_no_interpolation,0.7552966101694916,-116.34199134199127,0.021761658031088083,0.738860103626943,EMPIRICAL_RECONSTRUCTED_HISTORY,4a14b3fdf51d13786a2e905526f21d4fe7601226e01da29583be8ff3210a7041,work/market-distribution-v1/artifacts/4a14b3fdf51d13786a2e905526f21d4fe7601226e01da29583be8ff3210a7041.json,-3.5,44.5,False,False,none,False,0.8559585492227979,0.014853195164075994,a9b35a2ed438bef0
6eb588397e9d583fb655c4de,2026-09-06T21:54:26.096694+00:00,a9b35a2ed438bef07855af8c00000e34088542300b13c16bfb8b144a22fecac6,8c94552d022acec4a0458d70c19d3da9,1,2026-09-10T00:20:00Z,Seattle Seahawks,New England Patriots,totals,alternate_totals,,54.5,Over,54.5,betmgm,300,4.0,0.20499183348756633,1.1431808292165377,2026-09-06T21:53:25Z,61.096694,conditional_non_push,0.23937823834196892,consensus_plus_empirical_residual_model,live_snapshot_not_T60,,41ecc9b042b4baebcc5df9b0,0.20499183348756633,0.20499183348756633,387.82431133319,-87.82431133319,1,FEWER_THAN_TWO_BOOKS,300,betmgm,300,False,False,44.5,closest_offered_consensus_to_50pct_no_interpolation,0.23937823834196892,-17.748917748917734,0.0,0.23937823834196892,EMPIRICAL_RECONSTRUCTED_HISTORY,4a14b3fdf51d13786a2e905526f21d4fe7601226e01da29583be8ff3210a7041,work/market-distribution-v1/artifacts/4a14b3fdf51d13786a2e905526f21d4fe7601226e01da29583be8ff3210a7041.json,-3.5,44.5,False,False,none,False,0.38894645941278067,0.0,a9b35a2ed438bef0
ebdb65f9b5d7ffdf14dd6b89,2026-09-06T21:54:26.096694+00:00,a9b35a2ed438bef07855af8c00000e34088542300b13c16bfb8b144a22fecac6,8c94552d022acec4a0458d70c19d3da9,1,2026-09-10T00:20:00Z,Seattle Seahawks,New England Patriots,totals,alternate_totals,,54.5,Under,54.5,betmgm,-450,1.2222222222222223,0.7950081665124338,1.1431808292165377,2026-09-06T21:53:25Z,61.096694,conditional_non_push,0.7606217616580311,consensus_plus_empirical_residual_model,live_snapshot_not_T60,,41ecc9b042b4baebcc5df9b0,0.7950081665124338,0.7950081665124338,-387.8243113331903,-62.17568866680972,1,FEWER_THAN_TWO_BOOKS,-450,betmgm,-450,False,False,44.5,closest_offered_consensus_to_50pct_no_interpolation,0.7606217616580311,-132.25108225108227,0.0,0.7606217616580311,EMPIRICAL_RECONSTRUCTED_HISTORY,4a14b3fdf51d13786a2e905526f21d4fe7601226e01da29583be8ff3210a7041,work/market-distribution-v1/artifacts/4a14b3fdf51d13786a2e905526f21d4fe7601226e01da29583be8ff3210a7041.json,-3.5,44.5,False,False,none,False,0.8708117443868739,0.0,a9b35a2ed438bef0
