game_id,season,week,week1,week18,margin,total,evidence,total_label,home_qb_id,away_qb_id,home_qb_adjustment_elo,away_qb_adjustment_elo,plain_margin_location,plain_margin_crps,anya_margin_location,anya_margin_crps,market_margin_location,market_margin_crps,nfelo_margin_location,nfelo_margin_crps,market_total_location,market_total_crps,companion_total_location,companion_total_crps
2016_01_CAR_DEN,2016,1,True,False,1.0,41.0,RECONSTRUCTED_STARTER_IDENTITY_NOT_AS_ISSUED_T60,MARKET_TOTAL_RESIDUAL_SHAPE_AT_PRIOR_256_GAME_LEAGUE_MEAN,00-0032156,00-0027939,9.322189200709552,1.6385815967755901,2.741362960219922,2.954925537109375,3.0487072643772795,2.8909149169921875,-3.0,3.7641754150390625,,,40.5,3.14166259765625,45.625,3.75885009765625
2016_01_BUF_BAL,2016,1,True,False,6.0,20.0,RECONSTRUCTED_STARTER_IDENTITY_NOT_AS_ISSUED_T60,MARKET_TOTAL_RESIDUAL_SHAPE_AT_PRIOR_256_GAME_LEAGUE_MEAN,00-0026158,00-0028118,7.891939141939153,5.429698918444892,0.8676083183587161,4.118988037109375,0.9660979272984866,4.1721649169921875,3.0,3.4907379150390625,,,44.5,18.11822509765625,45.625,19.07135009765625
2016_01_CHI_HOU,2016,1,True,False,9.0,37.0,RECONSTRUCTED_STARTER_IDENTITY_NOT_AS_ISSUED_T60,MARKET_TOTAL_RESIDUAL_SHAPE_AT_PRIOR_256_GAME_LEAGUE_MEAN,00-0029682,00-0024226,21.072951453746146,0.7470475144191191,5.066365670430641,3.767425537109375,5.879401828003723,3.4924774169921875,5.5,3.4907379150390625,,,43.0,4.11822509765625,45.625,5.48541259765625
2016_01_CIN_NYJ,2016,1,True,False,-1.0,45.0,RECONSTRUCTED_STARTER_IDENTITY_NOT_AS_ISSUED_T60,MARKET_TOTAL_RESIDUAL_SHAPE_AT_PRIOR_256_GAME_LEAGUE_MEAN,00-0023682,00-0027973,3.2254437713288064,24.277906233551395,0.34823251472986155,2.954925537109375,-0.493865983759042,2.8909149169921875,1.0,3.0141754150390625,,,42.0,3.50885009765625,45.625,3.11822509765625
2016_01_CLE_PHI,2016,1,True,False,19.0,39.0,RECONSTRUCTED_STARTER_IDENTITY_NOT_AS_ISSUED_T60,MARKET_TOTAL_RESIDUAL_SHAPE_AT_PRIOR_256_GAME_LEAGUE_MEAN,00-0032950,00-0029665,6.310174481752728,10.122682847928166,6.333326246443785,8.720550537109375,6.180825911796768,8.875289916992188,3.5,9.865737915039062,,,41.0,3.16510009765625,45.625,4.52447509765625
2016_01_GB_JAX,2016,1,True,False,-4.0,50.0,RECONSTRUCTED_STARTER_IDENTITY_NOT_AS_ISSUED_T60,MARKET_TOTAL_RESIDUAL_SHAPE_AT_PRIOR_256_GAME_LEAGUE_MEAN,00-0031407,00-0023459,0.3943590131106678,0.8299125468499202,-5.148474834355202,3.087738037109375,-5.165896975704772,3.0784149169921875,-3.5,3.0298004150390625,,,47.0,3.50885009765625,45.625,3.75103759765625
2016_01_MIN_TEN,2016,1,True,False,-9.0,41.0,RECONSTRUCTED_STARTER_IDENTITY_NOT_AS_ISSUED_T60,MARKET_TOTAL_RESIDUAL_SHAPE_AT_PRIOR_256_GAME_LEAGUE_MEAN,00-0032268,00-0020679,9.405809191566817,-5.250913924891987,-6.108292069192021,2.993988037109375,-5.5220231445336685,2.9456024169921875,-2.5,3.8032379150390625,,,40.0,3.20416259765625,45.625,3.75885009765625
2016_01_OAK_NO,2016,1,True,False,-1.0,69.0,RECONSTRUCTED_STARTER_IDENTITY_NOT_AS_ISSUED_T60,MARKET_TOTAL_RESIDUAL_SHAPE_AT_PRIOR_256_GAME_LEAGUE_MEAN,00-0020531,00-0031280,-0.5691667018982827,0.35669975186103375,2.9442925287876367,3.079925537109375,2.9072578706372645,3.0315399169921875,2.5,3.3423004150390625,,,50.0,12.15728759765625,45.625,15.52447509765625
2016_01_SD_KC,2016,1,True,False,6.0,60.0,RECONSTRUCTED_STARTER_IDENTITY_NOT_AS_ISSUED_T60,MARKET_TOTAL_RESIDUAL_SHAPE_AT_PRIOR_256_GAME_LEAGUE_MEAN,00-0023436,00-0022942,0.28773476866696956,0.0,9.905427869060759,3.079925537109375,9.916937259807439,3.0315399169921875,6.5,2.9829254150390625,,,45.5,8.40728759765625,45.625,8.40728759765625
2016_01_TB_ATL,2016,1,True,False,-7.0,55.0,RECONSTRUCTED_STARTER_IDENTITY_NOT_AS_ISSUED_T60,MARKET_TOTAL_RESIDUAL_SHAPE_AT_PRIOR_256_GAME_LEAGUE_MEAN,00-0026143,00-0031503,6.450337570707387,0.0,5.543859216861365,7.165863037109375,5.80187271968966,7.0471649169921875,2.5,5.3969879150390625,,,46.5,5.09478759765625,45.625,5.55572509765625
2016_01_MIA_SEA,2016,1,True,False,2.0,22.0,RECONSTRUCTED_STARTER_IDENTITY_NOT_AS_ISSUED_T60,MARKET_TOTAL_RESIDUAL_SHAPE_AT_PRIOR_256_GAME_LEAGUE_MEAN,00-0029263,00-0029701,1.9357069502418334,-0.20004834236571067,10.432823570163146,4.236175537109375,10.518253781867447,4.6096649169921875,10.5,4.8969879150390625,,,43.5,15.29791259765625,45.625,17.17291259765625
2016_01_DET_IND,2016,1,True,False,-4.0,74.0,RECONSTRUCTED_STARTER_IDENTITY_NOT_AS_ISSUED_T60,MARKET_TOTAL_RESIDUAL_SHAPE_AT_PRIOR_256_GAME_LEAGUE_MEAN,00-0029668,00-0026498,6.088803669448839,0.2482339089481922,1.8579606279429026,3.509613037109375,2.0915834183629283,3.4377899169921875,2.5,4.0923004150390625,,,51.5,14.64947509765625,45.625,20.12603759765625
2016_01_NYG_DAL,2016,1,True,False,-1.0,39.0,RECONSTRUCTED_STARTER_IDENTITY_NOT_AS_ISSUED_T60,MARKET_TOTAL_RESIDUAL_SHAPE_AT_PRIOR_256_GAME_LEAGUE_MEAN,00-0033077,00-0022803,40.73877654007176,-3.315969688123377,1.6843963359031933,2.993988037109375,3.446586185030999,3.0315399169921875,1.0,3.0141754150390625,,,47.5,5.48541259765625,45.625,4.52447509765625
2016_01_NE_ARI,2016,1,True,False,-2.0,44.0,RECONSTRUCTED_STARTER_IDENTITY_NOT_AS_ISSUED_T60,MARKET_TOTAL_RESIDUAL_SHAPE_AT_PRIOR_256_GAME_LEAGUE_MEAN,00-0021429,00-0031345,10.629392718944963,-34.33806146572105,2.8876587456900236,3.259613037109375,4.686356913076663,3.7581024169921875,9.0,5.9516754150390625,,,44.5,3.11822509765625,45.625,3.16510009765625
2016_01_PIT_WAS,2016,1,True,False,-22.0,54.0,RECONSTRUCTED_STARTER_IDENTITY_NOT_AS_ISSUED_T60,MARKET_TOTAL_RESIDUAL_SHAPE_AT_PRIOR_256_GAME_LEAGUE_MEAN,00-0029604,00-0022924,-2.521617342589222,8.124888910433526,-1.203064109083425,13.533050537109375,-1.6289243592043352,12.633102416992188,-2.5,12.029800415039062,,,49.0,4.03228759765625,45.625,5.09478759765625
2016_01_LA_SF,2016,1,True,False,28.0,28.0,RECONSTRUCTED_STARTER_IDENTITY_NOT_AS_ISSUED_T60,MARKET_TOTAL_RESIDUAL_SHAPE_AT_PRIOR_256_GAME_LEAGUE_MEAN,00-0027948,00-0028986,14.265348317604287,19.21837381525615,0.9246678094994786,21.142425537109375,0.726546789593404,21.187789916992188,-2.5,24.389175415039062,,,44.0,10.03228759765625,45.625,11.68853759765625
2016_02_NYJ_BUF,2016,2,False,False,-6.0,68.0,RECONSTRUCTED_STARTER_IDENTITY_NOT_AS_ISSUED_T60,MARKET_TOTAL_RESIDUAL_SHAPE_AT_PRIOR_256_GAME_LEAGUE_MEAN,00-0028118,00-0023682,0.0,0.0,2.0283953293090233,4.236175537109375,2.0283953293090233,4.1565399169921875,1.5,4.4594879150390625,,,40.5,19.17291259765625,45.6015625,14.64947509765625
2016_02_BAL_CLE,2016,2,False,False,-5.0,45.0,RECONSTRUCTED_STARTER_IDENTITY_NOT_AS_ISSUED_T60,MARKET_TOTAL_RESIDUAL_SHAPE_AT_PRIOR_256_GAME_LEAGUE_MEAN,00-0021206,00-0026158,31.06971875125022,15.907217148655505,-2.0029846016290684,2.993988037109375,-1.39648453752528,3.0315399169921875,-4.0,2.9829254150390625,,,42.0,3.50885009765625,45.6015625,3.11822509765625
2016_02_CIN_PIT,2016,2,False,False,8.0,40.0,RECONSTRUCTED_STARTER_IDENTITY_NOT_AS_ISSUED_T60,MARKET_TOTAL_RESIDUAL_SHAPE_AT_PRIOR_256_GAME_LEAGUE_MEAN,00-0022924,00-0027973,10.531231658314155,15.84637425611637,3.9611236381713386,3.767425537109375,3.7485179342592505,3.8049774169921875,3.0,4.0923004150390625,,,48.0,4.97760009765625,45.6015625,4.11822509765625
2016_02_DAL_WAS,2016,2,False,False,-4.0,50.0,RECONSTRUCTED_STARTER_IDENTITY_NOT_AS_ISSUED_T60,MARKET_TOTAL_RESIDUAL_SHAPE_AT_PRIOR_256_GAME_LEAGUE_MEAN,00-0029604,00-0033077,-2.4244820306166037,11.516516516516507,3.798083991459098,4.236175537109375,3.2404440495737736,3.7581024169921875,3.5,4.4594879150390625,,,47.0,3.50885009765625,45.6015625,3.75103759765625
2016_02_KC_HOU,2016,2,False,False,7.0,31.0,RECONSTRUCTED_STARTER_IDENTITY_NOT_AS_ISSUED_T60,MARKET_TOTAL_RESIDUAL_SHAPE_AT_PRIOR_256_GAME_LEAGUE_MEAN,00-0029682,00-0023436,23.909283594743535,0.26937791253738297,-1.7201318808132329,6.103363037109375,-0.7745356535249868,5.6799774169921875,-1.0,5.3501129150390625,,,41.5,6.60260009765625,45.6015625,9.25885009765625
2016_02_MIA_NE,2016,2,False,False,7.0,55.0,RECONSTRUCTED_STARTER_IDENTITY_NOT_AS_ISSUED_T60,MARKET_TOTAL_RESIDUAL_SHAPE_AT_PRIOR_256_GAME_LEAGUE_MEAN,00-0031345,00-0029701,3.437574600143223,-0.19547621992277442,9.957942414857934,2.993988037109375,10.103264447660575,2.9456024169921875,5.5,3.1391754150390625,,,42.0,7.75885009765625,45.6015625,5.55572509765625
2016_02_NO_NYG,2016,2,False,False,3.0,29.0,RECONSTRUCTED_STARTER_IDENTITY_NOT_AS_ISSUED_T60,MARKET_TOTAL_RESIDUAL_SHAPE_AT_PRIOR_256_GAME_LEAGUE_MEAN,00-0022803,00-0020531,-3.25851005462654,0.4771955830540797,3.4786204860685666,3.001800537109375,3.3291922605613418,2.9534149169921875,3.5,2.9829254150390625,,,54.0,18.11822509765625,45.6015625,10.83697509765625
2016_02_SF_CAR,2016,2,False,False,19.0,73.0,RECONSTRUCTED_STARTER_IDENTITY_NOT_AS_ISSUED_T60,MARKET_TOTAL_RESIDUAL_SHAPE_AT_PRIOR_256_GAME_LEAGUE_MEAN,00-0027939,00-0027948,1.3759540348168953,8.059757298445902,8.988501392988992,6.704925537109375,8.72114926244383,6.8752899169921875,12.0,4.8579254150390625,,,44.5,20.12603759765625,45.6015625,19.17291259765625
2016_02_TB_ARI,2016,2,False,False,33.0,47.0,RECONSTRUCTED_STARTER_IDENTITY_NOT_AS_ISSUED_T60,MARKET_TOTAL_RESIDUAL_SHAPE_AT_PRIOR_256_GAME_LEAGUE_MEAN,00-0021429,00-0031503,10.95275066548358,0.0,8.843492188032268,18.329925537109375,9.281602214651613,18.375289916992188,7.5,18.639175415039062,,,49.5,3.29791259765625,45.6015625,3.20416259765625
2016_02_TEN_DET,2016,2,False,False,-1.0,31.0,RECONSTRUCTED_STARTER_IDENTITY_NOT_AS_ISSUED_T60,MARKET_TOTAL_RESIDUAL_SHAPE_AT_PRIOR_256_GAME_LEAGUE_MEAN,00-0026498,00-0032268,0.27745686634723654,-1.5677179962894083,9.98642090950405,5.845550537109375,10.060227904009515,5.7268524169921875,6.0,4.0923004150390625,,,48.0,10.83697509765625,45.6015625,9.25885009765625
2016_02_SEA_LA,2016,2,False,False,6.0,12.0,RECONSTRUCTED_STARTER_IDENTITY_NOT_AS_ISSUED_T60,MARKET_TOTAL_RESIDUAL_SHAPE_AT_PRIOR_256_GAME_LEAGUE_MEAN,00-0028986,00-0029263,19.715447154471555,1.7529095861577915,-5.000760833119548,7.345550537109375,-4.282259330386998,6.8752899169921875,-5.5,7.7251129150390625,,,38.0,19.07135009765625,45.6015625,26.91510009765625
2016_02_ATL_OAK,2016,2,False,False,-7.0,63.0,RECONSTRUCTED_STARTER_IDENTITY_NOT_AS_ISSUED_T60,MARKET_TOTAL_RESIDUAL_SHAPE_AT_PRIOR_256_GAME_LEAGUE_MEAN,00-0031280,00-0026143,0.34193881895030476,6.59822866344606,2.9332840424320237,5.267425537109375,2.6830324486521935,5.1409149169921875,4.0,5.9516754150390625,,,47.5,9.10260009765625,45.6015625,10.58697509765625
2016_02_IND_DEN,2016,2,False,False,14.0,54.0,RECONSTRUCTED_STARTER_IDENTITY_NOT_AS_ISSUED_T60,MARKET_TOTAL_RESIDUAL_SHAPE_AT_PRIOR_256_GAME_LEAGUE_MEAN,00-0032156,00-0029668,-53.00925925925927,-2.27888550979809,9.67402942543953,3.767425537109375,7.644814475461084,4.6252899169921875,5.0,5.8969879150390625,,,47.0,4.68853759765625,45.6015625,5.09478759765625
2016_02_JAX_SD,2016,2,False,False,24.0,52.0,RECONSTRUCTED_STARTER_IDENTITY_NOT_AS_ISSUED_T60,MARKET_TOTAL_RESIDUAL_SHAPE_AT_PRIOR_256_GAME_LEAGUE_MEAN,00-0022942,00-0031407,0.0,0.389110859323738,4.7101068836604645,13.743988037109375,4.694542449287515,13.828414916992188,3.0,14.936050415039062,,,47.5,3.75103759765625,45.6015625,4.33697509765625
2016_02_GB_MIN,2016,2,False,False,3.0,31.0,RECONSTRUCTED_STARTER_IDENTITY_NOT_AS_ISSUED_T60,MARKET_TOTAL_RESIDUAL_SHAPE_AT_PRIOR_256_GAME_LEAGUE_MEAN,00-0027854,00-0023459,-0.8014705882352979,0.89707711442788,2.101649994571062,3.087738037109375,2.033708086464535,3.0784149169921875,-1.5,4.0923004150390625,,,43.0,7.21978759765625,45.6015625,9.25885009765625
2016_02_PHI_CHI,2016,2,False,False,-15.0,43.0,RECONSTRUCTED_STARTER_IDENTITY_NOT_AS_ISSUED_T60,MARKET_TOTAL_RESIDUAL_SHAPE_AT_PRIOR_256_GAME_LEAGUE_MEAN,00-0024226,00-0032950,0.7314840245353782,38.15969629076426,-0.3607894349772141,8.595550537109375,-1.8579179256263694,7.0471649169921875,3.0,11.178237915039062,,,42.5,3.14166259765625,45.6015625,3.29791259765625
2016_03_HOU_NE,2016,3,False,False,27.0,27.0,RECONSTRUCTED_STARTER_IDENTITY_NOT_AS_ISSUED_T60,MARKET_TOTAL_RESIDUAL_SHAPE_AT_PRIOR_256_GAME_LEAGUE_MEAN,00-0033119,00-0029682,-3.774944567627503,16.156199179121835,5.905273535537926,15.556488037109375,5.108027785667953,16.515914916992188,1.0,19.592300415039062,,,38.5,7.21978759765625,45.4453125,11.68853759765625
2016_03_ARI_BUF,2016,3,False,False,15.0,51.0,RECONSTRUCTED_STARTER_IDENTITY_NOT_AS_ISSUED_T60,MARKET_TOTAL_RESIDUAL_SHAPE_AT_PRIOR_256_GAME_LEAGUE_MEAN,00-0028118,00-0021429,-0.2294542709232017,12.375870294860047,-2.800562222384069,12.837738037109375,-3.304775205015399,12.945602416992188,-5.0,14.037612915039062,,,48.0,3.50885009765625,45.4453125,4.33697509765625
2016_03_BAL_JAX,2016,3,False,False,-2.0,36.0,RECONSTRUCTED_STARTER_IDENTITY_NOT_AS_ISSUED_T60,MARKET_TOTAL_RESIDUAL_SHAPE_AT_PRIOR_256_GAME_LEAGUE_MEAN,00-0031407,00-0026158,0.37520273401296933,13.546238817824596,-3.4098812197798996,3.087738037109375,-3.936722663132365,3.2581024169921875,-1.0,2.9829254150390625,,,45.0,5.48541259765625,45.4453125,5.48541259765625
2016_03_CLE_MIA,2016,3,False,False,6.0,54.0,RECONSTRUCTED_STARTER_IDENTITY_NOT_AS_ISSUED_T60,MARKET_TOTAL_RESIDUAL_SHAPE_AT_PRIOR_256_GAME_LEAGUE_MEAN,00-0029701,00-0033104,0.0,43.78382334549838,5.17927830136332,3.087738037109375,3.4279253675433847,3.4924774169921875,10.0,3.3423004150390625,,,42.0,7.16510009765625,45.4453125,5.55572509765625
2016_03_DEN_CIN,2016,3,False,False,-12.0,46.0,RECONSTRUCTED_STARTER_IDENTITY_NOT_AS_ISSUED_T60,MARKET_TOTAL_RESIDUAL_SHAPE_AT_PRIOR_256_GAME_LEAGUE_MEAN,00-0027973,00-0032156,6.809558676695726,-10.899182561307907,-0.6735275324954819,5.845550537109375,0.034822117024663445,6.3596649169921875,3.5,9.553237915039062,,,42.0,3.75103759765625,45.4453125,3.20416259765625
2016_03_DET_GB,2016,3,False,False,7.0,61.0,RECONSTRUCTED_STARTER_IDENTITY_NOT_AS_ISSUED_T60,MARKET_TOTAL_RESIDUAL_SHAPE_AT_PRIOR_256_GAME_LEAGUE_MEAN,00-0023459,00-0026498,0.8535808535808487,0.0,5.476010221996766,3.236175537109375,5.51015345614,3.0784149169921875,6.0,3.1391754150390625,,,47.5,7.75885009765625,45.4453125,9.82135009765625
2016_03_MIN_CAR,2016,3,False,False,-12.0,32.0,RECONSTRUCTED_STARTER_IDENTITY_NOT_AS_ISSUED_T60,MARKET_TOTAL_RESIDUAL_SHAPE_AT_PRIOR_256_GAME_LEAGUE_MEAN,00-0027939,00-0027854,1.5046793678078707,-4.277048673789663,4.54267247180529,10.150238037109375,4.773941593469192,10.054977416992188,6.0,11.178237915039062,,,43.0,6.60260009765625,45.4453125,7.85260009765625
2016_03_OAK_TEN,2016,3,False,False,-7.0,27.0,RECONSTRUCTED_STARTER_IDENTITY_NOT_AS_ISSUED_T60,MARKET_TOTAL_RESIDUAL_SHAPE_AT_PRIOR_256_GAME_LEAGUE_MEAN,00-0032268,00-0031280,17.85435162000153,0.3420532832297596,-0.9248370335121036,3.509613037109375,-0.22434510004123268,3.7581024169921875,-1.5,3.5532379150390625,,,47.0,13.44635009765625,45.4453125,11.68853759765625
2016_03_WAS_NYG,2016,3,False,False,-2.0,56.0,RECONSTRUCTED_STARTER_IDENTITY_NOT_AS_ISSUED_T60,MARKET_TOTAL_RESIDUAL_SHAPE_AT_PRIOR_256_GAME_LEAGUE_MEAN,00-0022803,00-0029604,-3.3332134766818733,-2.7774582473596654,4.2059201139867675,3.509613037109375,4.183689904813878,3.4377899169921875,3.5,3.8032379150390625,,,47.0,5.55572509765625,45.4453125,6.60260009765625
2016_03_LA_TB,2016,3,False,False,-5.0,69.0,RECONSTRUCTED_STARTER_IDENTITY_NOT_AS_ISSUED_T60,MARKET_TOTAL_RESIDUAL_SHAPE_AT_PRIOR_256_GAME_LEAGUE_MEAN,00-0031503,00-0028986,0.0,19.659827036269782,0.7179295285425542,3.509613037109375,-0.0684635529082371,3.1956024169921875,3.5,4.8969879150390625,,,40.5,20.12603759765625,45.4453125,16.40728759765625
2016_03_SF_SEA,2016,3,False,False,19.0,55.0,RECONSTRUCTED_STARTER_IDENTITY_NOT_AS_ISSUED_T60,MARKET_TOTAL_RESIDUAL_SHAPE_AT_PRIOR_256_GAME_LEAGUE_MEAN,00-0029263,00-0027948,1.564067436254457,0.36762674402541773,8.745408478388581,6.704925537109375,8.793266106077743,6.8752899169921875,10.5,5.3501129150390625,,,42.0,7.75885009765625,45.4453125,6.07135009765625
2016_03_NYJ_KC,2016,3,False,False,21.0,27.0,RECONSTRUCTED_STARTER_IDENTITY_NOT_AS_ISSUED_T60,MARKET_TOTAL_RESIDUAL_SHAPE_AT_PRIOR_256_GAME_LEAGUE_MEAN,00-0023436,00-0023682,0.2251364889964469,0.0,5.247933041340075,11.103363037109375,5.256938500899932,11.242477416992188,3.0,12.303237915039062,,,44.5,11.68853759765625,45.4453125,11.68853759765625
2016_03_PIT_PHI,2016,3,False,False,31.0,37.0,RECONSTRUCTED_STARTER_IDENTITY_NOT_AS_ISSUED_T60,MARKET_TOTAL_RESIDUAL_SHAPE_AT_PRIOR_256_GAME_LEAGUE_MEAN,00-0032950,00-0022924,15.559610705596105,9.887705137951098,-1.5615941068159283,26.900238037109375,-1.3347178841101277,25.961227416992188,-3.5,28.318862915039062,,,46.5,6.02447509765625,45.4453125,4.97760009765625
2016_03_SD_IND,2016,3,False,False,4.0,48.0,RECONSTRUCTED_STARTER_IDENTITY_NOT_AS_ISSUED_T60,MARKET_TOTAL_RESIDUAL_SHAPE_AT_PRIOR_256_GAME_LEAGUE_MEAN,00-0029668,00-0022942,-9.285201149425282,0.3756249921285759,2.7489822394412293,3.087738037109375,2.362549193779075,3.2581024169921875,1.5,3.2876129150390625,,,51.5,3.50103759765625,45.4453125,3.50885009765625
2016_03_CHI_DAL,2016,3,False,False,14.0,48.0,RECONSTRUCTED_STARTER_IDENTITY_NOT_AS_ISSUED_T60,MARKET_TOTAL_RESIDUAL_SHAPE_AT_PRIOR_256_GAME_LEAGUE_MEAN,00-0033077,00-0026625,43.64990558780335,-31.81011535048801,4.856673572112259,6.103363037109375,7.875074409643913,4.6252899169921875,6.5,4.8579254150390625,,,45.0,3.50885009765625,45.4453125,3.50885009765625
2016_03_ATL_NO,2016,3,False,False,-13.0,77.0,RECONSTRUCTED_STARTER_IDENTITY_NOT_AS_ISSUED_T60,MARKET_TOTAL_RESIDUAL_SHAPE_AT_PRIOR_256_GAME_LEAGUE_MEAN,00-0020531,00-0026143,0.44677055746460415,6.899081759897219,1.1420512389330542,7.868988037109375,0.8839587908357497,7.7502899169921875,2.5,9.553237915039062,,,54.0,15.52447509765625,45.4453125,24.05572509765625
2016_04_MIA_CIN,2016,4,False,False,15.0,29.0,RECONSTRUCTED_STARTER_IDENTITY_NOT_AS_ISSUED_T60,MARKET_TOTAL_RESIDUAL_SHAPE_AT_PRIOR_256_GAME_LEAGUE_MEAN,00-0027973,00-0029701,2.2142156365235532,0.0,6.855527229050458,5.525238037109375,6.9440958545114,5.6799774169921875,7.5,4.8579254150390625,,,46.0,10.83697509765625,45.359375,10.03228759765625
2016_04_IND_JAX,2016,4,False,False,3.0,57.0,RECONSTRUCTED_STARTER_IDENTITY_NOT_AS_ISSUED_T60,MARKET_TOTAL_RESIDUAL_SHAPE_AT_PRIOR_256_GAME_LEAGUE_MEAN,00-0031407,00-0029668,0.3728606356968367,3.7558804616373953,-4.728937901824729,5.525238037109375,-4.864258694862351,5.6799774169921875,1.0,3.2876129150390625,,,48.0,5.55572509765625,45.359375,7.16510009765625
2016_04_BUF_NE,2016,4,False,False,-16.0,16.0,RECONSTRUCTED_STARTER_IDENTITY_NOT_AS_ISSUED_T60,MARKET_TOTAL_RESIDUAL_SHAPE_AT_PRIOR_256_GAME_LEAGUE_MEAN,00-0033119,00-0028118,-24.153749476330134,-0.2565405547177102,7.909588962017724,16.243988037109375,6.9537006051532275,15.320602416992188,3.5,12.904800415039062,,,41.0,18.11822509765625,45.359375,21.94635009765625
2016_04_CAR_ATL,2016,4,False,False,15.0,81.0,RECONSTRUCTED_STARTER_IDENTITY_NOT_AS_ISSUED_T60,MARKET_TOTAL_RESIDUAL_SHAPE_AT_PRIOR_256_GAME_LEAGUE_MEAN,00-0026143,00-0027939,7.25814677801051,1.3115530303030143,-1.1655705133423544,11.103363037109375,-0.9277067634340546,11.242477416992188,-2.5,12.303237915039062,,,48.5,24.05572509765625,45.359375,27.99322509765625
2016_04_CLE_WAS,2016,4,False,False,11.0,51.0,RECONSTRUCTED_STARTER_IDENTITY_NOT_AS_ISSUED_T60,MARKET_TOTAL_RESIDUAL_SHAPE_AT_PRIOR_256_GAME_LEAGUE_MEAN,00-0029604,00-0033104,-3.910029937995718,41.46973466003316,6.999598741946374,3.767425537109375,5.184408158025219,4.6252899169921875,7.5,3.4907379150390625,,,48.0,3.50885009765625,45.359375,4.33697509765625
2016_04_DET_CHI,2016,4,False,False,3.0,31.0,RECONSTRUCTED_STARTER_IDENTITY_NOT_AS_ISSUED_T60,MARKET_TOTAL_RESIDUAL_SHAPE_AT_PRIOR_256_GAME_LEAGUE_MEAN,00-0026625,00-0026498,-28.54776904591805,0.0,-1.8276518282118468,4.118988037109375,-2.9695625900485685,4.6252899169921875,-3.0,4.4360504150390625,,,48.0,10.83697509765625,45.359375,8.54010009765625
2016_04_OAK_BAL,2016,4,False,False,-1.0,55.0,RECONSTRUCTED_STARTER_IDENTITY_NOT_AS_ISSUED_T60,MARKET_TOTAL_RESIDUAL_SHAPE_AT_PRIOR_256_GAME_LEAGUE_MEAN,00-0026158,00-0031280,9.77663138148197,0.3550018261734733,4.992932544853975,3.509613037109375,5.369797727066315,3.4377899169921875,3.5,3.5532379150390625,,,45.0,6.07135009765625,45.359375,6.07135009765625
2016_04_SEA_NYJ,2016,4,False,False,-10.0,44.0,RECONSTRUCTED_STARTER_IDENTITY_NOT_AS_ISSUED_T60,MARKET_TOTAL_RESIDUAL_SHAPE_AT_PRIOR_256_GAME_LEAGUE_MEAN,00-0023682,00-0029263,0.0,3.1333282715158894,-1.5303485465995255,4.236175537109375,-1.6556816774601613,4.1565399169921875,-1.0,4.8969879150390625,,,40.0,3.75103759765625,45.359375,3.11822509765625
2016_04_TEN_HOU,2016,4,False,False,7.0,47.0,RECONSTRUCTED_STARTER_IDENTITY_NOT_AS_ISSUED_T60,MARKET_TOTAL_RESIDUAL_SHAPE_AT_PRIOR_256_GAME_LEAGUE_MEAN,00-0029682,00-0032268,26.574780229376493,23.92335615873278,10.389024324099745,2.993988037109375,10.495081286925494,2.9456024169921875,4.0,3.4907379150390625,,,40.0,4.68853759765625,45.359375,3.33697509765625
2016_04_DEN_TB,2016,4,False,False,-20.0,34.0,RECONSTRUCTED_STARTER_IDENTITY_NOT_AS_ISSUED_T60,MARKET_TOTAL_RESIDUAL_SHAPE_AT_PRIOR_256_GAME_LEAGUE_MEAN,00-0031503,00-0033108,0.0,3.4914845152024476,-8.065633723954306,6.478363037109375,-8.205293104562404,6.3596649169921875,-3.5,9.553237915039062,,,43.0,5.48541259765625,45.359375,6.60260009765625
2016_04_DAL_SF,2016,4,False,False,-7.0,41.0,RECONSTRUCTED_STARTER_IDENTITY_NOT_AS_ISSUED_T60,MARKET_TOTAL_RESIDUAL_SHAPE_AT_PRIOR_256_GAME_LEAGUE_MEAN,00-0027948,00-0033077,0.0,59.01966430804673,1.3310961973783286,4.236175537109375,-1.0296903749435404,3.4377899169921875,-1.0,3.8032379150390625,,,44.0,3.29791259765625,45.359375,3.50103759765625
2016_04_LA_ARI,2016,4,False,False,-4.0,30.0,RECONSTRUCTED_STARTER_IDENTITY_NOT_AS_ISSUED_T60,MARKET_TOTAL_RESIDUAL_SHAPE_AT_PRIOR_256_GAME_LEAGUE_MEAN,00-0021429,00-0028986,10.650799793601639,16.32383966244726,5.950045709032966,5.267425537109375,5.723124114279141,5.1409149169921875,10.0,8.006362915039062,,,43.5,8.54010009765625,45.359375,9.25885009765625
2016_04_NO_SD,2016,4,False,False,-1.0,69.0,RECONSTRUCTED_STARTER_IDENTITY_NOT_AS_ISSUED_T60,MARKET_TOTAL_RESIDUAL_SHAPE_AT_PRIOR_256_GAME_LEAGUE_MEAN,00-0022942,00-0020531,0.38661935813832926,0.421304885590601,3.5536973036157904,3.259613037109375,3.5523098825177,3.1956024169921875,4.0,3.5532379150390625,,,54.0,9.10260009765625,45.359375,16.40728759765625
2016_04_KC_PIT,2016,4,False,False,29.0,57.0,RECONSTRUCTED_STARTER_IDENTITY_NOT_AS_ISSUED_T60,MARKET_TOTAL_RESIDUAL_SHAPE_AT_PRIOR_256_GAME_LEAGUE_MEAN,00-0022924,00-0023436,5.057147907031556,0.204614117000812,1.5157442927405282,21.142425537109375,1.709845644341758,21.187789916992188,3.0,19.592300415039062,,,48.0,5.55572509765625,45.359375,7.16510009765625
2016_04_NYG_MIN,2016,4,False,False,14.0,34.0,RECONSTRUCTED_STARTER_IDENTITY_NOT_AS_ISSUED_T60,MARKET_TOTAL_RESIDUAL_SHAPE_AT_PRIOR_256_GAME_LEAGUE_MEAN,00-0027854,00-0022803,0.9847065487342599,-3.25530665324274,8.797947155957617,4.118988037109375,8.967547684036697,4.1721649169921875,3.5,6.4673004150390625,,,42.5,5.48541259765625,45.359375,6.60260009765625
2016_05_ARI_SF,2016,5,False,False,-12.0,54.0,RECONSTRUCTED_STARTER_IDENTITY_NOT_AS_ISSUED_T60,MARKET_TOTAL_RESIDUAL_SHAPE_AT_PRIOR_256_GAME_LEAGUE_MEAN,00-0027948,00-0025430,0.0,-36.457471677755805,-2.712852696581158,4.720550537109375,-1.2545538294709258,5.7268524169921875,-3.5,4.4594879150390625,,,42.5,6.60260009765625,45.44921875,5.55572509765625
2016_05_CHI_IND,2016,5,False,False,6.0,52.0,RECONSTRUCTED_STARTER_IDENTITY_NOT_AS_ISSUED_T60,MARKET_TOTAL_RESIDUAL_SHAPE_AT_PRIOR_256_GAME_LEAGUE_MEAN,00-0029668,00-0026625,6.958805321390948,-24.862170087976555,4.48590186891829,3.236175537109375,5.758740885292991,2.9534149169921875,4.0,3.2876129150390625,,,47.5,3.75103759765625,45.44921875,4.68853759765625
2016_05_HOU_MIN,2016,5,False,False,18.0,44.0,RECONSTRUCTED_STARTER_IDENTITY_NOT_AS_ISSUED_T60,MARKET_TOTAL_RESIDUAL_SHAPE_AT_PRIOR_256_GAME_LEAGUE_MEAN,00-0027854,00-0029682,9.245115688039407,23.118099698895954,6.8372473400609035,7.345550537109375,6.2823279796266425,8.164352416992188,6.0,7.7251129150390625,,,39.0,4.03228759765625,45.44921875,3.11822509765625
2016_05_NE_CLE,2016,5,False,False,-20.0,46.0,RECONSTRUCTED_STARTER_IDENTITY_NOT_AS_ISSUED_T60,MARKET_TOTAL_RESIDUAL_SHAPE_AT_PRIOR_256_GAME_LEAGUE_MEAN,00-0024296,00-0019596,29.938727827579626,-12.073567972319088,-7.740658961974395,6.478363037109375,-6.060167129978447,7.7502899169921875,-10.0,5.3969879150390625,,,47.5,3.16510009765625,45.44921875,3.20416259765625
2016_05_NYJ_PIT,2016,5,False,False,18.0,44.0,RECONSTRUCTED_STARTER_IDENTITY_NOT_AS_ISSUED_T60,MARKET_TOTAL_RESIDUAL_SHAPE_AT_PRIOR_256_GAME_LEAGUE_MEAN,00-0022924,00-0023682,5.189362294625455,0.0,7.687247479255484,6.704925537109375,7.8948219710405025,6.8752899169921875,10.0,5.3501129150390625,,,50.0,4.11822509765625,45.44921875,3.11822509765625
2016_05_PHI_DET,2016,5,False,False,1.0,47.0,RECONSTRUCTED_STARTER_IDENTITY_NOT_AS_ISSUED_T60,MARKET_TOTAL_RESIDUAL_SHAPE_AT_PRIOR_256_GAME_LEAGUE_MEAN,00-0026498,00-0032950,0.0,37.11780358006776,-0.9761414338522081,3.236175537109375,-2.4608535770549183,3.4924774169921875,-3.5,4.0923004150390625,,,46.0,3.20416259765625,45.44921875,3.33697509765625
2016_05_TEN_MIA,2016,5,False,False,-13.0,47.0,RECONSTRUCTED_STARTER_IDENTITY_NOT_AS_ISSUED_T60,MARKET_TOTAL_RESIDUAL_SHAPE_AT_PRIOR_256_GAME_LEAGUE_MEAN,00-0029701,00-0032268,0.0,6.41242982400807,6.6955548824368725,12.665863037109375,6.4390576894765506,11.750289916992188,2.5,9.553237915039062,,,44.5,3.33697509765625,45.44921875,3.33697509765625
2016_05_WAS_BAL,2016,5,False,False,-6.0,26.0,RECONSTRUCTED_STARTER_IDENTITY_NOT_AS_ISSUED_T60,MARKET_TOTAL_RESIDUAL_SHAPE_AT_PRIOR_256_GAME_LEAGUE_MEAN,00-0026158,00-0029604,11.970308956916087,-4.264871921529889,3.910917098904956,5.267425537109375,4.560324334042795,5.7268524169921875,4.0,5.3969879150390625,,,44.5,12.54791259765625,45.44921875,12.54791259765625
2016_05_ATL_DEN,2016,5,False,False,-7.0,39.0,RECONSTRUCTED_STARTER_IDENTITY_NOT_AS_ISSUED_T60,MARKET_TOTAL_RESIDUAL_SHAPE_AT_PRIOR_256_GAME_LEAGUE_MEAN,00-0033108,00-0026143,33.67977528089887,7.969265938531889,8.566921230664656,9.361175537109375,9.595341604359335,10.054977416992188,3.5,5.9516754150390625,,,44.5,4.11822509765625,45.44921875,4.11822509765625
2016_05_BUF_LA,2016,5,False,False,-11.0,49.0,RECONSTRUCTED_STARTER_IDENTITY_NOT_AS_ISSUED_T60,MARKET_TOTAL_RESIDUAL_SHAPE_AT_PRIOR_256_GAME_LEAGUE_MEAN,00-0028986,00-0028118,24.474562179001435,-0.24911603985857678,0.9871098429998437,6.478363037109375,1.9760569717542444,7.0471649169921875,-2.5,4.4594879150390625,,,41.5,4.68853759765625,45.44921875,3.75103759765625
2016_05_CIN_DAL,2016,5,False,False,14.0,42.0,RECONSTRUCTED_STARTER_IDENTITY_NOT_AS_ISSUED_T60,MARKET_TOTAL_RESIDUAL_SHAPE_AT_PRIOR_256_GAME_LEAGUE_MEAN,00-0033077,00-0027973,56.63101985890797,16.974000859475737,0.17589782647861285,9.486175537109375,1.762178586455902,8.164352416992188,-2.5,11.467300415039062,,,46.0,3.50103759765625,45.44921875,3.29791259765625
2016_05_SD_OAK,2016,5,False,False,3.0,65.0,RECONSTRUCTED_STARTER_IDENTITY_NOT_AS_ISSUED_T60,MARKET_TOTAL_RESIDUAL_SHAPE_AT_PRIOR_256_GAME_LEAGUE_MEAN,00-0031280,00-0022942,0.3568073421014617,0.3922167889160555,4.040771211772745,2.954925537109375,4.03935483390016,2.8909149169921875,3.5,2.9829254150390625,,,50.5,8.40728759765625,45.44921875,12.96978759765625
2016_05_NYG_GB,2016,5,False,False,7.0,39.0,RECONSTRUCTED_STARTER_IDENTITY_NOT_AS_ISSUED_T60,MARKET_TOTAL_RESIDUAL_SHAPE_AT_PRIOR_256_GAME_LEAGUE_MEAN,00-0023459,00-0022803,0.9661609956733042,-3.3863685879590433,7.875012212692054,2.954925537109375,8.049113396037349,2.8909149169921875,7.0,3.0298004150390625,,,49.0,6.02447509765625,45.44921875,4.11822509765625
2016_05_TB_CAR,2016,5,False,False,-3.0,31.0,RECONSTRUCTED_STARTER_IDENTITY_NOT_AS_ISSUED_T60,MARKET_TOTAL_RESIDUAL_SHAPE_AT_PRIOR_256_GAME_LEAGUE_MEAN,00-0023645,00-0031503,24.882985134592197,0.0,9.6927487690846,7.165863037109375,10.68806817446829,7.7502899169921875,6.0,4.8969879150390625,,,46.5,10.03228759765625,45.44921875,8.54010009765625
2016_06_DEN_SD,2016,6,False,False,8.0,34.0,RECONSTRUCTED_STARTER_IDENTITY_NOT_AS_ISSUED_T60,MARKET_TOTAL_RESIDUAL_SHAPE_AT_PRIOR_256_GAME_LEAGUE_MEAN,00-0022942,00-0032156,0.41378979670119165,25.823335685720995,-6.717936261389359,10.283050537109375,-7.734318096950151,11.242477416992188,-3.0,7.0844879150390625,,,44.0,6.02447509765625,45.359375,6.60260009765625
2016_06_BAL_NYG,2016,6,False,False,4.0,50.0,RECONSTRUCTED_STARTER_IDENTITY_NOT_AS_ISSUED_T60,MARKET_TOTAL_RESIDUAL_SHAPE_AT_PRIOR_256_GAME_LEAGUE_MEAN,00-0022803,00-0026158,-2.618530535349839,10.520469390855247,1.4411963011666193,3.454925537109375,0.9156363041184159,3.4924774169921875,3.5,3.0298004150390625,,,42.5,4.68853759765625,45.359375,4.03228759765625
2016_06_CAR_NO,2016,6,False,False,3.0,79.0,RECONSTRUCTED_STARTER_IDENTITY_NOT_AS_ISSUED_T60,MARKET_TOTAL_RESIDUAL_SHAPE_AT_PRIOR_256_GAME_LEAGUE_MEAN,00-0020531,00-0027939,0.40640908367801654,9.137323943661958,-2.359945366036291,4.118988037109375,-2.7091819604356484,4.6252899169921875,-2.5,4.4360504150390625,,,53.5,17.32135009765625,45.359375,26.02447509765625
2016_06_CIN_NE,2016,6,False,False,18.0,52.0,RECONSTRUCTED_STARTER_IDENTITY_NOT_AS_ISSUED_T60,MARKET_TOTAL_RESIDUAL_SHAPE_AT_PRIOR_256_GAME_LEAGUE_MEAN,00-0019596,00-0027973,-13.66980077454385,17.684249112517357,5.728707618691805,8.017425537109375,4.474545623209357,9.633102416992188,7.5,6.4673004150390625,,,48.5,3.50885009765625,45.359375,4.68853759765625
2016_06_CLE_TEN,2016,6,False,False,2.0,54.0,RECONSTRUCTED_STARTER_IDENTITY_NOT_AS_ISSUED_T60,MARKET_TOTAL_RESIDUAL_SHAPE_AT_PRIOR_256_GAME_LEAGUE_MEAN,00-0032268,00-0033104,5.052323348694321,36.9967406487661,4.171075239367065,2.954925537109375,2.893298547364193,2.8909149169921875,7.5,3.8032379150390625,,,45.0,5.55572509765625,45.359375,5.55572509765625
2016_06_JAX_CHI,2016,6,False,False,-1.0,33.0,RECONSTRUCTED_STARTER_IDENTITY_NOT_AS_ISSUED_T60,MARKET_TOTAL_RESIDUAL_SHAPE_AT_PRIOR_256_GAME_LEAGUE_MEAN,00-0026625,00-0031407,-24.538653067106473,0.0,3.377400460952367,3.079925537109375,2.395854338268108,2.9456024169921875,2.5,3.3423004150390625,,,46.0,7.85260009765625,45.359375,7.21978759765625
2016_06_LA_DET,2016,6,False,False,3.0,59.0,RECONSTRUCTED_STARTER_IDENTITY_NOT_AS_ISSUED_T60,MARKET_TOTAL_RESIDUAL_SHAPE_AT_PRIOR_256_GAME_LEAGUE_MEAN,00-0026498,00-0028986,0.0,8.466876115995747,2.4365279403855222,3.087738037109375,2.0978528957456923,3.0784149169921875,2.5,3.0298004150390625,,,44.0,9.10260009765625,45.359375,8.40728759765625
2016_06_PHI_WAS,2016,6,False,False,7.0,47.0,RECONSTRUCTED_STARTER_IDENTITY_NOT_AS_ISSUED_T60,MARKET_TOTAL_RESIDUAL_SHAPE_AT_PRIOR_256_GAME_LEAGUE_MEAN,00-0029604,00-0032950,-4.287439613526578,17.64342600103237,0.09615094683119424,4.986175537109375,-0.7810836777511636,5.6799774169921875,-3.0,6.4673004150390625,,,45.0,3.33697509765625,45.359375,3.33697509765625
2016_06_PIT_MIA,2016,6,False,False,15.0,45.0,RECONSTRUCTED_STARTER_IDENTITY_NOT_AS_ISSUED_T60,MARKET_TOTAL_RESIDUAL_SHAPE_AT_PRIOR_256_GAME_LEAGUE_MEAN,00-0029701,00-0022924,0.0,5.266571811181797,-7.574997609838283,17.400238037109375,-7.785660482285555,17.445602416992188,-7.5,16.771987915039062,,,49.5,3.75885009765625,45.359375,3.14166259765625
2016_06_SF_BUF,2016,6,False,False,29.0,61.0,RECONSTRUCTED_STARTER_IDENTITY_NOT_AS_ISSUED_T60,MARKET_TOTAL_RESIDUAL_SHAPE_AT_PRIOR_256_GAME_LEAGUE_MEAN,00-0028118,00-0027974,-0.2895071317610576,12.364130434782616,9.994144963820572,13.743988037109375,9.487999461158825,14.719039916992188,7.5,14.936050415039062,,,44.0,10.58697509765625,45.359375,9.82135009765625
2016_06_KC_OAK,2016,6,False,False,-16.0,36.0,RECONSTRUCTED_STARTER_IDENTITY_NOT_AS_ISSUED_T60,MARKET_TOTAL_RESIDUAL_SHAPE_AT_PRIOR_256_GAME_LEAGUE_MEAN,00-0031280,00-0023436,0.0,0.17351114984205385,-2.068342636232637,7.868988037109375,-2.0752830822263193,7.7502899169921875,-1.0,8.779800415039062,,,46.5,6.60260009765625,45.359375,5.48541259765625
2016_06_ATL_SEA,2016,6,False,False,2.0,50.0,RECONSTRUCTED_STARTER_IDENTITY_NOT_AS_ISSUED_T60,MARKET_TOTAL_RESIDUAL_SHAPE_AT_PRIOR_256_GAME_LEAGUE_MEAN,00-0029263,00-0026143,1.6637119113573462,8.280100658149436,5.286316481394261,2.993988037109375,5.021660931522577,2.9456024169921875,7.0,3.5532379150390625,,,45.5,3.75103759765625,45.359375,4.03228759765625
2016_06_DAL_GB,2016,6,False,False,-14.0,46.0,RECONSTRUCTED_STARTER_IDENTITY_NOT_AS_ISSUED_T60,MARKET_TOTAL_RESIDUAL_SHAPE_AT_PRIOR_256_GAME_LEAGUE_MEAN,00-0023459,00-0033077,0.9304102351600507,44.74086745592123,5.641895952844888,12.665863037109375,3.8894776640144415,10.890914916992188,5.0,12.029800415039062,,,47.0,3.11822509765625,45.359375,3.20416259765625
2016_06_IND_HOU,2016,6,False,False,3.0,49.0,RECONSTRUCTED_STARTER_IDENTITY_NOT_AS_ISSUED_T60,MARKET_TOTAL_RESIDUAL_SHAPE_AT_PRIOR_256_GAME_LEAGUE_MEAN,00-0029682,00-0029668,27.68076904410285,16.523622580208475,4.804212144451294,2.954925537109375,5.25049800300707,2.8909149169921875,3.0,3.0298004150390625,,,47.5,3.20416259765625,45.359375,3.75103759765625
2016_06_NYJ_ARI,2016,6,False,False,25.0,31.0,RECONSTRUCTED_STARTER_IDENTITY_NOT_AS_ISSUED_T60,MARKET_TOTAL_RESIDUAL_SHAPE_AT_PRIOR_256_GAME_LEAGUE_MEAN,00-0021429,00-0023682,25.546634167323834,0.0,6.189372649130956,13.743988037109375,7.211238015823909,12.945602416992188,7.5,11.467300415039062,,,46.0,9.25885009765625,45.359375,8.54010009765625
2016_07_CHI_GB,2016,7,False,False,16.0,36.0,RECONSTRUCTED_STARTER_IDENTITY_NOT_AS_ISSUED_T60,MARKET_TOTAL_RESIDUAL_SHAPE_AT_PRIOR_256_GAME_LEAGUE_MEAN,00-0023459,00-0030533,0.9139447236180764,-170.71240105540898,9.877783367872826,4.517425537109375,16.742837199033907,2.8909149169921875,7.5,5.3501129150390625,,,46.5,6.60260009765625,45.4453125,5.48541259765625
2016_07_NYG_LA,2016,7,False,False,-7.0,27.0,RECONSTRUCTED_STARTER_IDENTITY_NOT_AS_ISSUED_T60,MARKET_TOTAL_RESIDUAL_SHAPE_AT_PRIOR_256_GAME_LEAGUE_MEAN,00-0028986,00-0022803,0.5231326644369982,-2.513495696303303,0.601096740173407,4.236175537109375,0.722561874603019,4.1565399169921875,-3.0,3.3423004150390625,,,44.5,11.68853759765625,45.4453125,11.68853759765625
2016_07_BAL_NYJ,2016,7,False,False,8.0,40.0,RECONSTRUCTED_STARTER_IDENTITY_NOT_AS_ISSUED_T60,MARKET_TOTAL_RESIDUAL_SHAPE_AT_PRIOR_256_GAME_LEAGUE_MEAN,00-0023682,00-0026158,3.6843634954466298,7.2612831700164415,2.6177265113989963,4.118988037109375,2.474649724416204,4.6252899169921875,2.0,4.4360504150390625,,,40.5,3.11822509765625,45.4453125,3.75885009765625
2016_07_BUF_MIA,2016,7,False,False,3.0,53.0,RECONSTRUCTED_STARTER_IDENTITY_NOT_AS_ISSUED_T60,MARKET_TOTAL_RESIDUAL_SHAPE_AT_PRIOR_256_GAME_LEAGUE_MEAN,00-0029701,00-0028118,0.0,0.7508417508417464,-4.126914347545935,4.986175537109375,-4.156948017579605,5.1174774169921875,-2.5,4.4360504150390625,,,46.0,4.68853759765625,45.4453125,5.09478759765625
2016_07_CLE_CIN,2016,7,False,False,14.0,48.0,RECONSTRUCTED_STARTER_IDENTITY_NOT_AS_ISSUED_T60,MARKET_TOTAL_RESIDUAL_SHAPE_AT_PRIOR_256_GAME_LEAGUE_MEAN,00-0027973,00-0032784,26.438596207887844,35.62354277909772,10.541597059610403,3.454925537109375,10.17419919676201,3.8049774169921875,11.5,3.2876129150390625,,,46.5,3.20416259765625,45.4453125,3.50885009765625
2016_07_IND_TEN,2016,7,False,False,-8.0,60.0,RECONSTRUCTED_STARTER_IDENTITY_NOT_AS_ISSUED_T60,MARKET_TOTAL_RESIDUAL_SHAPE_AT_PRIOR_256_GAME_LEAGUE_MEAN,00-0032268,00-0029668,12.73548496543533,9.721337709629484,-0.6328156759634294,3.829925537109375,-0.5122497857311956,3.7581024169921875,4.0,6.5844879150390625,,,48.5,6.60260009765625,45.4453125,9.10260009765625
2016_07_MIN_PHI,2016,7,False,False,11.0,31.0,RECONSTRUCTED_STARTER_IDENTITY_NOT_AS_ISSUED_T60,MARKET_TOTAL_RESIDUAL_SHAPE_AT_PRIOR_256_GAME_LEAGUE_MEAN,00-0032950,00-0027854,9.67715283897772,-9.489119643671696,-1.8283911761523177,8.720550537109375,-1.061740276846341,8.164352416992188,-2.5,9.100112915039062,,,39.0,4.97760009765625,45.4453125,8.54010009765625
2016_07_NO_KC,2016,7,False,False,6.0,48.0,RECONSTRUCTED_STARTER_IDENTITY_NOT_AS_ISSUED_T60,MARKET_TOTAL_RESIDUAL_SHAPE_AT_PRIOR_256_GAME_LEAGUE_MEAN,00-0023436,00-0020531,0.5888676165965778,0.4385707866924715,9.598594366534998,3.079925537109375,9.604606239731163,3.0315399169921875,6.0,3.0298004150390625,,,51.0,3.29791259765625,45.4453125,3.50885009765625
2016_07_OAK_JAX,2016,7,False,False,-17.0,49.0,RECONSTRUCTED_STARTER_IDENTITY_NOT_AS_ISSUED_T60,MARKET_TOTAL_RESIDUAL_SHAPE_AT_PRIOR_256_GAME_LEAGUE_MEAN,00-0031407,00-0031280,0.0,0.0,-0.3561850351076009,10.150238037109375,-0.3561850351076009,10.054977416992188,1.5,12.029800415039062,,,47.5,3.20416259765625,45.4453125,3.75103759765625
2016_07_WAS_DET,2016,7,False,False,3.0,37.0,RECONSTRUCTED_STARTER_IDENTITY_NOT_AS_ISSUED_T60,MARKET_TOTAL_RESIDUAL_SHAPE_AT_PRIOR_256_GAME_LEAGUE_MEAN,00-0026498,00-0029604,0.0,-4.269848035832702,1.748581425573011,3.087738037109375,1.919375347006319,3.0784149169921875,-1.0,3.7641754150390625,,,50.0,7.85260009765625,45.4453125,4.97760009765625
2016_07_SD_ATL,2016,7,False,False,-3.0,63.0,RECONSTRUCTED_STARTER_IDENTITY_NOT_AS_ISSUED_T60,MARKET_TOTAL_RESIDUAL_SHAPE_AT_PRIOR_256_GAME_LEAGUE_MEAN,00-0026143,00-0022942,8.505927879877095,0.4397093689229914,7.162343500794777,5.267425537109375,7.484992241232942,5.1409149169921875,4.5,4.4594879150390625,,,52.5,6.07135009765625,45.4453125,11.36822509765625
2016_07_TB_SF,2016,7,False,False,-17.0,51.0,RECONSTRUCTED_STARTER_IDENTITY_NOT_AS_ISSUED_T60,MARKET_TOTAL_RESIDUAL_SHAPE_AT_PRIOR_256_GAME_LEAGUE_MEAN,00-0027974,00-0031503,5.643616252168893,0.0,1.3311198621443874,10.962738037109375,1.5568645122311429,11.750289916992188,1.0,11.178237915039062,,,45.0,4.33697509765625,45.4453125,4.33697509765625
2016_07_NE_PIT,2016,7,False,False,-11.0,43.0,RECONSTRUCTED_STARTER_IDENTITY_NOT_AS_ISSUED_T60,MARKET_TOTAL_RESIDUAL_SHAPE_AT_PRIOR_256_GAME_LEAGUE_MEAN,00-0030524,00-0019596,-34.25811221227622,-10.541582204203582,1.1958609643489035,6.478363037109375,0.2471997640259981,5.7268524169921875,-7.5,3.1469879150390625,,,49.0,4.11822509765625,45.4453125,3.16510009765625
2016_07_SEA_ARI,2016,7,False,False,0.0,12.0,RECONSTRUCTED_STARTER_IDENTITY_NOT_AS_ISSUED_T60,MARKET_TOTAL_RESIDUAL_SHAPE_AT_PRIOR_256_GAME_LEAGUE_MEAN,00-0021429,00-0029263,22.225032519150155,1.3476982647354196,0.2863238993831237,3.001800537109375,1.121417269559713,2.8909149169921875,2.5,3.1469879150390625,,,43.0,23.91510009765625,45.4453125,25.91510009765625
2016_07_HOU_DEN,2016,7,False,False,18.0,36.0,RECONSTRUCTED_STARTER_IDENTITY_NOT_AS_ISSUED_T60,MARKET_TOTAL_RESIDUAL_SHAPE_AT_PRIOR_256_GAME_LEAGUE_MEAN,00-0032156,00-0029682,14.783813079609786,23.569533914361518,6.357383949859659,8.017425537109375,6.00595511646959,8.164352416992188,8.5,5.8969879150390625,,,40.0,3.50103759765625,45.4453125,5.48541259765625
2016_08_JAX_TEN,2016,8,False,False,14.0,58.0,RECONSTRUCTED_STARTER_IDENTITY_NOT_AS_ISSUED_T60,MARKET_TOTAL_RESIDUAL_SHAPE_AT_PRIOR_256_GAME_LEAGUE_MEAN,00-0032268,00-0031407,15.7253086419753,0.0,2.6306043868972573,7.345550537109375,3.2596167325762697,7.5081024169921875,3.0,7.0844879150390625,,,43.5,8.40728759765625,45.08984375,7.75885009765625
2016_08_WAS_CIN,2016,8,False,False,0.0,54.0,RECONSTRUCTED_STARTER_IDENTITY_NOT_AS_ISSUED_T60,MARKET_TOTAL_RESIDUAL_SHAPE_AT_PRIOR_256_GAME_LEAGUE_MEAN,00-0027973,00-0029604,28.058212401055414,-4.507857733664178,0.6669211465635817,2.954925537109375,1.9695639519523656,2.8909149169921875,3.0,3.1469879150390625,,,49.0,4.03228759765625,45.08984375,5.55572509765625
2016_08_ARI_CAR,2016,8,False,False,10.0,50.0,RECONSTRUCTED_STARTER_IDENTITY_NOT_AS_ISSUED_T60,MARKET_TOTAL_RESIDUAL_SHAPE_AT_PRIOR_256_GAME_LEAGUE_MEAN,00-0027939,00-0021429,-4.66146842309183,20.320581099473323,0.21407056915340036,6.704925537109375,-0.7852114117492057,7.5081024169921875,2.5,4.8579254150390625,,,45.5,3.75103759765625,45.08984375,4.03228759765625
2016_08_DET_HOU,2016,8,False,False,7.0,33.0,RECONSTRUCTED_STARTER_IDENTITY_NOT_AS_ISSUED_T60,MARKET_TOTAL_RESIDUAL_SHAPE_AT_PRIOR_256_GAME_LEAGUE_MEAN,00-0029682,00-0026498,21.638307384809586,0.0,2.553665228284335,3.767425537109375,3.419197523676719,3.8049774169921875,1.0,4.4360504150390625,,,46.5,8.54010009765625,45.08984375,7.21978759765625
2016_08_KC_IND,2016,8,False,False,-16.0,44.0,RECONSTRUCTED_STARTER_IDENTITY_NOT_AS_ISSUED_T60,MARKET_TOTAL_RESIDUAL_SHAPE_AT_PRIOR_256_GAME_LEAGUE_MEAN,00-0029668,00-0029567,1.6050903119868565,-44.21167140400746,-3.3864593985548255,7.165863037109375,-1.5537889299150527,7.7502899169921875,-3.0,7.2798004150390625,,,50.5,4.52447509765625,45.08984375,3.11822509765625
2016_08_NE_BUF,2016,8,False,False,-16.0,66.0,RECONSTRUCTED_STARTER_IDENTITY_NOT_AS_ISSUED_T60,MARKET_TOTAL_RESIDUAL_SHAPE_AT_PRIOR_256_GAME_LEAGUE_MEAN,00-0028118,00-0019596,0.7780938007894145,-14.180404986422058,-0.46329860914865095,9.361175537109375,0.1350413423398079,9.258102416992188,-5.5,5.3969879150390625,,,48.0,11.36822509765625,45.08984375,13.80572509765625
2016_08_NYJ_CLE,2016,8,False,False,-3.0,59.0,RECONSTRUCTED_STARTER_IDENTITY_NOT_AS_ISSUED_T60,MARKET_TOTAL_RESIDUAL_SHAPE_AT_PRIOR_256_GAME_LEAGUE_MEAN,00-0021206,00-0023682,42.6392572944297,0.17302185906837853,-4.400742270326482,3.087738037109375,-2.7020928529120294,2.9534149169921875,-2.5,3.0298004150390625,,,45.5,7.75885009765625,45.08984375,8.40728759765625
2016_08_OAK_TB,2016,8,False,False,-6.0,54.0,RECONSTRUCTED_STARTER_IDENTITY_NOT_AS_ISSUED_T60,MARKET_TOTAL_RESIDUAL_SHAPE_AT_PRIOR_256_GAME_LEAGUE_MEAN,00-0031503,00-0031280,0.0,0.0,1.5201934919414088,4.236175537109375,1.5201934919414088,4.1565399169921875,1.0,4.0923004150390625,,,48.0,4.33697509765625,45.08984375,5.55572509765625
2016_08_SEA_NO,2016,8,False,False,5.0,45.0,RECONSTRUCTED_STARTER_IDENTITY_NOT_AS_ISSUED_T60,MARKET_TOTAL_RESIDUAL_SHAPE_AT_PRIOR_256_GAME_LEAGUE_MEAN,00-0020531,00-0029263,0.4403839354820249,1.0178638403089524,-6.035244481833406,7.345550537109375,-6.058343678026484,7.5081024169921875,-1.0,4.4360504150390625,,,50.0,3.75885009765625,45.08984375,3.14166259765625
2016_08_SD_DEN,2016,8,False,False,8.0,46.0,RECONSTRUCTED_STARTER_IDENTITY_NOT_AS_ISSUED_T60,MARKET_TOTAL_RESIDUAL_SHAPE_AT_PRIOR_256_GAME_LEAGUE_MEAN,00-0032156,00-0022942,17.75259678942398,0.9209993158100893,8.898925019741718,2.954925537109375,9.572188918686274,2.8909149169921875,3.5,3.7641754150390625,,,43.0,3.50885009765625,45.08984375,3.20416259765625
2016_08_GB_ATL,2016,8,False,False,1.0,65.0,RECONSTRUCTED_STARTER_IDENTITY_NOT_AS_ISSUED_T60,MARKET_TOTAL_RESIDUAL_SHAPE_AT_PRIOR_256_GAME_LEAGUE_MEAN,00-0026143,00-0023459,0.0,0.907803877380009,1.612569355127789,2.954925537109375,1.5762572000325887,2.8909149169921875,3.0,3.0141754150390625,,,51.0,8.40728759765625,45.08984375,12.96978759765625
2016_08_PHI_DAL,2016,8,False,False,6.0,52.0,RECONSTRUCTED_STARTER_IDENTITY_NOT_AS_ISSUED_T60,MARKET_TOTAL_RESIDUAL_SHAPE_AT_PRIOR_256_GAME_LEAGUE_MEAN,00-0033077,00-0032950,44.560363412380674,0.056252762412434265,2.4296595533730487,3.767425537109375,4.2098239793717775,3.2581024169921875,5.0,3.1391754150390625,,,44.0,5.09478759765625,45.08984375,4.68853759765625
2016_08_MIN_CHI,2016,8,False,False,10.0,30.0,RECONSTRUCTED_STARTER_IDENTITY_NOT_AS_ISSUED_T60,MARKET_TOTAL_RESIDUAL_SHAPE_AT_PRIOR_256_GAME_LEAGUE_MEAN,00-0024226,00-0027854,5.702578557260685,-2.439409423631367,-7.54132435220552,12.837738037109375,-7.215644832969838,12.078414916992188,-5.5,10.662612915039062,,,39.5,6.02447509765625,45.08984375,9.25885009765625
2016_09_ATL_TB,2016,9,False,False,-15.0,71.0,RECONSTRUCTED_STARTER_IDENTITY_NOT_AS_ISSUED_T60,MARKET_TOTAL_RESIDUAL_SHAPE_AT_PRIOR_256_GAME_LEAGUE_MEAN,00-0031503,00-0026143,0.0,0.0,-2.270658646793263,7.165863037109375,-2.270658646793263,7.0471649169921875,-4.5,5.3969879150390625,,,49.0,14.64947509765625,45.328125,18.23541259765625
2016_09_DAL_CLE,2016,9,False,False,-25.0,45.0,RECONSTRUCTED_STARTER_IDENTITY_NOT_AS_ISSUED_T60,MARKET_TOTAL_RESIDUAL_SHAPE_AT_PRIOR_256_GAME_LEAGUE_MEAN,00-0033104,00-0033077,45.39312039312038,27.552743393260638,-8.670129498139932,9.361175537109375,-7.9565144181455425,10.054977416992188,-7.0,11.178237915039062,,,49.0,3.50103759765625,45.328125,3.14166259765625
2016_09_DET_MIN,2016,9,False,False,-6.0,38.0,RECONSTRUCTED_STARTER_IDENTITY_NOT_AS_ISSUED_T60,MARKET_TOTAL_RESIDUAL_SHAPE_AT_PRIOR_256_GAME_LEAGUE_MEAN,00-0027854,00-0026498,11.012614815698441,0.0,6.20303643015217,6.478363037109375,6.6435410227801075,7.0471649169921875,4.0,5.3969879150390625,,,42.5,3.75885009765625,45.328125,4.52447509765625
2016_09_JAX_KC,2016,9,False,False,5.0,33.0,RECONSTRUCTED_STARTER_IDENTITY_NOT_AS_ISSUED_T60,MARKET_TOTAL_RESIDUAL_SHAPE_AT_PRIOR_256_GAME_LEAGUE_MEAN,00-0029567,00-0031407,-44.862619808306725,0.0,15.201240726534197,5.267425537109375,13.40673593420193,4.1565399169921875,7.0,3.0141754150390625,,,42.5,6.02447509765625,45.328125,7.21978759765625
2016_09_NYJ_MIA,2016,9,False,False,4.0,50.0,RECONSTRUCTED_STARTER_IDENTITY_NOT_AS_ISSUED_T60,MARKET_TOTAL_RESIDUAL_SHAPE_AT_PRIOR_256_GAME_LEAGUE_MEAN,00-0029701,00-0023682,0.0,0.15366133543714966,0.8029088507519282,3.454925537109375,0.7967623973344422,3.4924774169921875,3.5,3.0298004150390625,,,45.0,4.03228759765625,45.328125,4.03228759765625
2016_09_PHI_NYG,2016,9,False,False,5.0,51.0,RECONSTRUCTED_STARTER_IDENTITY_NOT_AS_ISSUED_T60,MARKET_TOTAL_RESIDUAL_SHAPE_AT_PRIOR_256_GAME_LEAGUE_MEAN,00-0022803,00-0032950,-2.714320212509058,-5.964685615848397,-0.082294813874787,4.118988037109375,0.047719802258786574,4.1721649169921875,3.0,3.2876129150390625,,,42.5,5.09478759765625,45.328125,4.33697509765625
2016_09_PIT_BAL,2016,9,False,False,7.0,35.0,RECONSTRUCTED_STARTER_IDENTITY_NOT_AS_ISSUED_T60,MARKET_TOTAL_RESIDUAL_SHAPE_AT_PRIOR_256_GAME_LEAGUE_MEAN,00-0026158,00-0022924,9.382088293185852,0.7629039380714797,-2.0745468489411723,6.103363037109375,-1.7297794747365975,6.2659149169921875,-3.5,7.0844879150390625,,,46.0,6.60260009765625,45.328125,6.02447509765625
2016_09_CAR_LA,2016,9,False,False,-3.0,23.0,RECONSTRUCTED_STARTER_IDENTITY_NOT_AS_ISSUED_T60,MARKET_TOTAL_RESIDUAL_SHAPE_AT_PRIOR_256_GAME_LEAGUE_MEAN,00-0028986,00-0027939,0.4339429791237137,8.763257575757578,-1.263296659511061,2.954925537109375,-1.5964692433764156,2.8909149169921875,-3.0,3.0298004150390625,,,44.5,15.29791259765625,45.328125,15.29791259765625
2016_09_NO_SF,2016,9,False,False,-18.0,64.0,RECONSTRUCTED_STARTER_IDENTITY_NOT_AS_ISSUED_T60,MARKET_TOTAL_RESIDUAL_SHAPE_AT_PRIOR_256_GAME_LEAGUE_MEAN,00-0027974,00-0020531,1.081756903674691,0.4437042560288873,-1.5580688547427417,9.361175537109375,-1.5325467488369098,9.258102416992188,-5.0,7.2798004150390625,,,53.0,6.60260009765625,45.328125,12.15728759765625
2016_09_IND_GB,2016,9,False,False,-5.0,57.0,RECONSTRUCTED_STARTER_IDENTITY_NOT_AS_ISSUED_T60,MARKET_TOTAL_RESIDUAL_SHAPE_AT_PRIOR_256_GAME_LEAGUE_MEAN,00-0023459,00-0029668,0.0,-2.852508846747104,7.119728584067525,6.478363037109375,7.2338289379374086,6.3596649169921875,7.5,7.2798004150390625,,,52.0,4.03228759765625,45.328125,7.16510009765625
2016_09_TEN_SD,2016,9,False,False,8.0,78.0,RECONSTRUCTED_STARTER_IDENTITY_NOT_AS_ISSUED_T60,MARKET_TOTAL_RESIDUAL_SHAPE_AT_PRIOR_256_GAME_LEAGUE_MEAN,00-0022942,00-0032268,0.8205293218566334,7.1000352923694,6.456453376405971,3.236175537109375,6.20527313758546,3.2581024169921875,3.5,3.7641754150390625,,,47.5,22.08697509765625,45.328125,25.04010009765625
2016_09_DEN_OAK,2016,9,False,False,10.0,50.0,RECONSTRUCTED_STARTER_IDENTITY_NOT_AS_ISSUED_T60,MARKET_TOTAL_RESIDUAL_SHAPE_AT_PRIOR_256_GAME_LEAGUE_MEAN,00-0031280,00-0032156,0.0,14.87758945386064,-3.056740912753148,8.720550537109375,-3.651844490907574,9.633102416992188,1.0,5.8969879150390625,,,44.5,4.03228759765625,45.328125,4.03228759765625
2016_09_BUF_SEA,2016,9,False,False,6.0,56.0,RECONSTRUCTED_STARTER_IDENTITY_NOT_AS_ISSUED_T60,MARKET_TOTAL_RESIDUAL_SHAPE_AT_PRIOR_256_GAME_LEAGUE_MEAN,00-0029263,00-0028118,-0.9160872797236541,-0.5787049728603444,5.447035929874355,3.087738037109375,5.4335406375998225,3.0784149169921875,5.5,3.0298004150390625,,,43.5,7.16510009765625,45.328125,6.60260009765625
2016_10_CLE_BAL,2016,10,False,False,21.0,35.0,RECONSTRUCTED_STARTER_IDENTITY_NOT_AS_ISSUED_T60,MARKET_TOTAL_RESIDUAL_SHAPE_AT_PRIOR_256_GAME_LEAGUE_MEAN,00-0026158,00-0033104,2.4167927197607186,38.13628899835797,10.067467220048492,7.345550537109375,8.638687368904602,8.164352416992188,7.5,8.396987915039062,,,44.0,5.48541259765625,45.32421875,6.02447509765625
2016_10_ATL_PHI,2016,10,False,False,9.0,39.0,RECONSTRUCTED_STARTER_IDENTITY_NOT_AS_ISSUED_T60,MARKET_TOTAL_RESIDUAL_SHAPE_AT_PRIOR_256_GAME_LEAGUE_MEAN,00-0032950,00-0026143,-4.7221931750845325,0.0,1.0309926947406438,5.525238037109375,0.8421049677372625,5.6799774169921875,2.0,4.8579254150390625,,,48.5,6.02447509765625,45.32421875,4.11822509765625
2016_10_CHI_TB,2016,10,False,False,26.0,46.0,RECONSTRUCTED_STARTER_IDENTITY_NOT_AS_ISSUED_T60,MARKET_TOTAL_RESIDUAL_SHAPE_AT_PRIOR_256_GAME_LEAGUE_MEAN,00-0031503,00-0024226,-1.858345021037855,-9.581031307550635,2.578533000909183,17.400238037109375,2.8874404523696944,17.445602416992188,-2.5,22.459487915039062,,,45.0,3.20416259765625,45.32421875,3.20416259765625
2016_10_DEN_NO,2016,10,False,False,-2.0,48.0,RECONSTRUCTED_STARTER_IDENTITY_NOT_AS_ISSUED_T60,MARKET_TOTAL_RESIDUAL_SHAPE_AT_PRIOR_256_GAME_LEAGUE_MEAN,00-0020531,00-0032156,0.46949272422796007,12.878258845437628,-2.460848418146461,3.001800537109375,-2.9571990629948477,3.0784149169921875,3.0,3.5532379150390625,,,50.0,3.16510009765625,45.32421875,3.50885009765625
2016_10_GB_TEN,2016,10,False,False,22.0,72.0,RECONSTRUCTED_STARTER_IDENTITY_NOT_AS_ISSUED_T60,MARKET_TOTAL_RESIDUAL_SHAPE_AT_PRIOR_256_GAME_LEAGUE_MEAN,00-0032268,00-0023459,5.585773057787979,0.0,-4.448766573594894,20.197113037109375,-4.225335651283375,20.242477416992188,-3.0,18.639175415039062,,,48.5,15.52447509765625,45.32421875,19.17291259765625
2016_10_HOU_JAX,2016,10,False,False,-3.0,45.0,RECONSTRUCTED_STARTER_IDENTITY_NOT_AS_ISSUED_T60,MARKET_TOTAL_RESIDUAL_SHAPE_AT_PRIOR_256_GAME_LEAGUE_MEAN,00-0031407,00-0029682,0.0,23.805484874187165,-5.413915830775286,3.236175537109375,-6.366135225742772,3.4924774169921875,3.0,3.8032379150390625,,,42.0,3.50885009765625,45.32421875,3.14166259765625
2016_10_KC_CAR,2016,10,False,False,-3.0,37.0,RECONSTRUCTED_STARTER_IDENTITY_NOT_AS_ISSUED_T60,MARKET_TOTAL_RESIDUAL_SHAPE_AT_PRIOR_256_GAME_LEAGUE_MEAN,00-0027939,00-0023436,2.602559236954982,-8.130745582616994,-0.5663519044717487,2.954925537109375,-0.13701971168886964,2.9456024169921875,3.0,3.8032379150390625,,,44.0,4.52447509765625,45.32421875,4.97760009765625
2016_10_LA_NYJ,2016,10,False,False,-3.0,15.0,RECONSTRUCTED_STARTER_IDENTITY_NOT_AS_ISSUED_T60,MARKET_TOTAL_RESIDUAL_SHAPE_AT_PRIOR_256_GAME_LEAGUE_MEAN,00-0031568,00-0028986,125.33602150537635,0.36194865740319937,3.8700665321667747,3.829925537109375,8.869029446085701,6.3596649169921875,-1.0,3.0141754150390625,,,39.0,17.17291259765625,45.32421875,22.93072509765625
2016_10_MIN_WAS,2016,10,False,False,6.0,46.0,RECONSTRUCTED_STARTER_IDENTITY_NOT_AS_ISSUED_T60,MARKET_TOTAL_RESIDUAL_SHAPE_AT_PRIOR_256_GAME_LEAGUE_MEAN,00-0029604,00-0027854,-4.5173613645765,12.476921219695791,0.7759117364364374,4.118988037109375,0.09614043306554577,4.6252899169921875,2.5,3.4907379150390625,,,42.0,3.75103759765625,45.32421875,3.20416259765625
2016_10_MIA_SD,2016,10,False,False,-7.0,55.0,RECONSTRUCTED_STARTER_IDENTITY_NOT_AS_ISSUED_T60,MARKET_TOTAL_RESIDUAL_SHAPE_AT_PRIOR_256_GAME_LEAGUE_MEAN,00-0022942,00-0029701,0.89566763985367,0.4671926910299051,3.2848290953203194,5.267425537109375,3.30196809327327,5.1409149169921875,4.0,5.9516754150390625,,,48.5,4.33697509765625,45.32421875,6.07135009765625
2016_10_DAL_PIT,2016,10,False,False,-5.0,65.0,RECONSTRUCTED_STARTER_IDENTITY_NOT_AS_ISSUED_T60,MARKET_TOTAL_RESIDUAL_SHAPE_AT_PRIOR_256_GAME_LEAGUE_MEAN,00-0022924,00-0033077,14.068737371248318,11.782515488910828,0.4570469692360075,3.259613037109375,0.5484958445295071,3.4377899169921875,3.0,4.4594879150390625,,,50.5,8.40728759765625,45.32421875,12.96978759765625
2016_10_SF_ARI,2016,10,False,False,3.0,43.0,RECONSTRUCTED_STARTER_IDENTITY_NOT_AS_ISSUED_T60,MARKET_TOTAL_RESIDUAL_SHAPE_AT_PRIOR_256_GAME_LEAGUE_MEAN,00-0021429,00-0027974,5.373238438818118,-12.284450442345163,12.056391487849268,4.720550537109375,12.762699043095802,5.1409149169921875,14.0,5.9516754150390625,,,46.5,3.50103759765625,45.32421875,3.16510009765625
2016_10_SEA_NE,2016,10,False,False,-7.0,55.0,RECONSTRUCTED_STARTER_IDENTITY_NOT_AS_ISSUED_T60,MARKET_TOTAL_RESIDUAL_SHAPE_AT_PRIOR_256_GAME_LEAGUE_MEAN,00-0019596,00-0029263,-5.761971210340766,-0.7082417582417566,4.536265755853865,6.478363037109375,4.334116577769905,5.7268524169921875,7.5,8.779800415039062,,,49.5,4.03228759765625,45.32421875,6.07135009765625
2016_10_CIN_NYG,2016,10,False,False,1.0,41.0,RECONSTRUCTED_STARTER_IDENTITY_NOT_AS_ISSUED_T60,MARKET_TOTAL_RESIDUAL_SHAPE_AT_PRIOR_256_GAME_LEAGUE_MEAN,00-0022803,00-0027973,-2.7617664699012057,18.24648716419737,1.8523973496501003,2.954925537109375,1.0120672042861574,2.9534149169921875,-1.0,3.2876129150390625,,,49.5,5.48541259765625,45.32421875,3.50103759765625
2016_11_NO_CAR,2016,11,False,False,3.0,43.0,RECONSTRUCTED_STARTER_IDENTITY_NOT_AS_ISSUED_T60,MARKET_TOTAL_RESIDUAL_SHAPE_AT_PRIOR_256_GAME_LEAGUE_MEAN,00-0027939,00-0020531,9.329787234042563,0.45812924293202606,5.6615754004194425,2.993988037109375,6.016441720063864,2.9456024169921875,3.5,2.9829254150390625,,,52.5,6.02447509765625,45.58203125,3.29791259765625
2016_11_ARI_MIN,2016,11,False,False,6.0,54.0,RECONSTRUCTED_STARTER_IDENTITY_NOT_AS_ISSUED_T60,MARKET_TOTAL_RESIDUAL_SHAPE_AT_PRIOR_256_GAME_LEAGUE_MEAN,00-0027854,00-0021429,4.059409917720558,10.273754696400438,1.191368709242315,4.118988037109375,0.94279491809512,4.1721649169921875,2.0,3.7641754150390625,,,39.5,8.40728759765625,45.58203125,5.09478759765625
2016_11_BAL_DAL,2016,11,False,False,10.0,44.0,RECONSTRUCTED_STARTER_IDENTITY_NOT_AS_ISSUED_T60,MARKET_TOTAL_RESIDUAL_SHAPE_AT_PRIOR_256_GAME_LEAGUE_MEAN,00-0033077,00-0026158,4.3935832243215955,3.8617766237853512,7.783451461477662,3.236175537109375,7.8047237254991115,3.2581024169921875,7.0,3.4907379150390625,,,44.5,3.11822509765625,45.58203125,3.16510009765625
2016_11_BUF_CIN,2016,11,False,False,-4.0,28.0,RECONSTRUCTED_STARTER_IDENTITY_NOT_AS_ISSUED_T60,MARKET_TOTAL_RESIDUAL_SHAPE_AT_PRIOR_256_GAME_LEAGUE_MEAN,00-0027973,00-0028118,7.761476312890192,-0.1161100980168639,1.7247231238158929,3.509613037109375,2.0398265802521753,3.4377899169921875,2.5,4.0923004150390625,,,48.0,13.44635009765625,45.58203125,11.68853759765625
2016_11_CHI_NYG,2016,11,False,False,6.0,38.0,RECONSTRUCTED_STARTER_IDENTITY_NOT_AS_ISSUED_T60,MARKET_TOTAL_RESIDUAL_SHAPE_AT_PRIOR_256_GAME_LEAGUE_MEAN,00-0022803,00-0024226,0.757876860818052,-11.274801587301585,7.734650603665123,2.954925537109375,8.215957741589909,2.8909149169921875,7.0,2.9829254150390625,,,41.5,3.50103759765625,45.58203125,4.97760009765625
2016_11_JAX_DET,2016,11,False,False,7.0,45.0,RECONSTRUCTED_STARTER_IDENTITY_NOT_AS_ISSUED_T60,MARKET_TOTAL_RESIDUAL_SHAPE_AT_PRIOR_256_GAME_LEAGUE_MEAN,00-0026498,00-0031407,0.0,0.0,10.854121974260416,3.079925537109375,10.854121974260416,3.0315399169921875,5.5,3.1391754150390625,,,47.0,3.16510009765625,45.58203125,3.11822509765625
2016_11_PIT_CLE,2016,11,False,False,-15.0,33.0,RECONSTRUCTED_STARTER_IDENTITY_NOT_AS_ISSUED_T60,MARKET_TOTAL_RESIDUAL_SHAPE_AT_PRIOR_256_GAME_LEAGUE_MEAN,00-0021206,00-0022924,21.18380258614172,3.853678658770132,-7.263725518367282,4.236175537109375,-6.570520561272418,4.1565399169921875,-8.0,4.0923004150390625,,,45.5,7.85260009765625,45.58203125,7.85260009765625
2016_11_TB_KC,2016,11,False,False,-2.0,36.0,RECONSTRUCTED_STARTER_IDENTITY_NOT_AS_ISSUED_T60,MARKET_TOTAL_RESIDUAL_SHAPE_AT_PRIOR_256_GAME_LEAGUE_MEAN,00-0023436,00-0031503,-5.0667808219178045,-1.9005272000463425,11.616217782536387,7.868988037109375,11.489567637661528,7.0471649169921875,7.0,4.8969879150390625,,,45.0,5.48541259765625,45.58203125,6.02447509765625
2016_11_TEN_IND,2016,11,False,False,7.0,41.0,RECONSTRUCTED_STARTER_IDENTITY_NOT_AS_ISSUED_T60,MARKET_TOTAL_RESIDUAL_SHAPE_AT_PRIOR_256_GAME_LEAGUE_MEAN,00-0029668,00-0032268,6.133136450267007,-1.8943957648777099,5.694377509881433,3.087738037109375,6.015478798487222,3.0784149169921875,3.0,3.7641754150390625,,,53.5,7.85260009765625,45.58203125,3.75885009765625
2016_11_MIA_LA,2016,11,False,False,-4.0,24.0,RECONSTRUCTED_STARTER_IDENTITY_NOT_AS_ISSUED_T60,MARKET_TOTAL_RESIDUAL_SHAPE_AT_PRIOR_256_GAME_LEAGUE_MEAN,00-0033106,00-0029701,28.3495121830978,0.5322886989553632,1.5977138727515285,3.509613037109375,2.7104028121172257,3.7581024169921875,1.0,3.5532379150390625,,,39.0,9.25885009765625,45.58203125,15.29791259765625
2016_11_NE_SF,2016,11,False,False,-13.0,47.0,RECONSTRUCTED_STARTER_IDENTITY_NOT_AS_ISSUED_T60,MARKET_TOTAL_RESIDUAL_SHAPE_AT_PRIOR_256_GAME_LEAGUE_MEAN,00-0027974,00-0019596,10.793139822493814,-3.5699311171009107,-10.441778044871599,2.993988037109375,-9.86725520728781,2.9456024169921875,-10.5,3.0141754150390625,,,51.5,3.75885009765625,45.58203125,3.20416259765625
2016_11_PHI_SEA,2016,11,False,False,11.0,41.0,RECONSTRUCTED_STARTER_IDENTITY_NOT_AS_ISSUED_T60,MARKET_TOTAL_RESIDUAL_SHAPE_AT_PRIOR_256_GAME_LEAGUE_MEAN,00-0029263,00-0032950,-0.30633212381108166,-4.721539721539725,6.824958422046702,3.767425537109375,7.001566725955849,3.8049774169921875,6.5,3.7641754150390625,,,43.0,3.16510009765625,45.58203125,3.75885009765625
2016_11_GB_WAS,2016,11,False,False,18.0,66.0,RECONSTRUCTED_STARTER_IDENTITY_NOT_AS_ISSUED_T60,MARKET_TOTAL_RESIDUAL_SHAPE_AT_PRIOR_256_GAME_LEAGUE_MEAN,00-0029604,00-0023459,-1.4394034554818358,0.9236864053377758,3.9375284128226484,9.486175537109375,3.843004818389864,9.633102416992188,2.5,9.865737915039062,,,48.5,10.58697509765625,45.58203125,12.96978759765625
2016_11_HOU_OAK,2016,11,False,False,7.0,47.0,RECONSTRUCTED_STARTER_IDENTITY_NOT_AS_ISSUED_T60,MARKET_TOTAL_RESIDUAL_SHAPE_AT_PRIOR_256_GAME_LEAGUE_MEAN,00-0031280,00-0029682,0.0,18.892450142450134,-0.07691375534910548,4.986175537109375,-0.8326117610471109,5.6799774169921875,6.5,3.0298004150390625,,,45.5,3.20416259765625,45.58203125,3.20416259765625
2016_12_MIN_DET,2016,12,False,False,3.0,29.0,RECONSTRUCTED_STARTER_IDENTITY_NOT_AS_ISSUED_T60,MARKET_TOTAL_RESIDUAL_SHAPE_AT_PRIOR_256_GAME_LEAGUE_MEAN,00-0026498,00-0027854,0.0,2.3454571592869566,1.6562499074529204,3.087738037109375,1.5624316210814422,3.0784149169921875,2.0,3.1391754150390625,,,42.0,7.85260009765625,45.46875,10.03228759765625
2016_12_WAS_DAL,2016,12,False,False,5.0,57.0,RECONSTRUCTED_STARTER_IDENTITY_NOT_AS_ISSUED_T60,MARKET_TOTAL_RESIDUAL_SHAPE_AT_PRIOR_256_GAME_LEAGUE_MEAN,00-0033077,00-0029604,0.67816721431182,-1.4688102164960082,5.666135434491225,2.954925537109375,5.752014531723538,2.8909149169921875,5.5,2.9829254150390625,,,53.0,3.75103759765625,45.46875,7.16510009765625
2016_12_PIT_IND,2016,12,False,False,-21.0,35.0,RECONSTRUCTED_STARTER_IDENTITY_NOT_AS_ISSUED_T60,MARKET_TOTAL_RESIDUAL_SHAPE_AT_PRIOR_256_GAME_LEAGUE_MEAN,00-0028595,00-0022924,-210.2439024390244,6.625173914330529,0.895356913071464,14.423675537109375,-7.779406141062733,7.0471649169921875,-8.0,7.2798004150390625,,,50.0,9.25885009765625,45.46875,6.02447509765625
2016_12_ARI_ATL,2016,12,False,False,19.0,57.0,RECONSTRUCTED_STARTER_IDENTITY_NOT_AS_ISSUED_T60,MARKET_TOTAL_RESIDUAL_SHAPE_AT_PRIOR_256_GAME_LEAGUE_MEAN,00-0026143,00-0021429,0.0,-2.7330214830214805,2.624023583869066,11.103363037109375,2.733344443189925,11.242477416992188,3.5,9.865737915039062,,,49.0,5.09478759765625,45.46875,7.16510009765625
2016_12_CIN_BAL,2016,12,False,False,5.0,33.0,RECONSTRUCTED_STARTER_IDENTITY_NOT_AS_ISSUED_T60,MARKET_TOTAL_RESIDUAL_SHAPE_AT_PRIOR_256_GAME_LEAGUE_MEAN,00-0026158,00-0027973,0.0840369289039744,0.0,1.525209698766048,3.454925537109375,1.528571175922207,3.4924774169921875,3.5,3.1391754150390625,,,42.0,5.48541259765625,45.46875,7.21978759765625
2016_12_JAX_BUF,2016,12,False,False,7.0,49.0,RECONSTRUCTED_STARTER_IDENTITY_NOT_AS_ISSUED_T60,MARKET_TOTAL_RESIDUAL_SHAPE_AT_PRIOR_256_GAME_LEAGUE_MEAN,00-0028118,00-0031407,-0.22027905198775954,0.0,12.499319585635421,3.259613037109375,12.490508423555912,3.1956024169921875,8.5,3.0141754150390625,,,43.5,4.03228759765625,45.46875,3.75103759765625
2016_12_LA_NO,2016,12,False,False,28.0,70.0,RECONSTRUCTED_STARTER_IDENTITY_NOT_AS_ISSUED_T60,MARKET_TOTAL_RESIDUAL_SHAPE_AT_PRIOR_256_GAME_LEAGUE_MEAN,00-0020531,00-0033106,0.0,-27.275815217391308,3.5408838782841396,18.329925537109375,4.631916486979792,17.445602416992188,7.5,14.037612915039062,,,46.0,16.40728759765625,45.46875,17.32135009765625
2016_12_NYG_CLE,2016,12,False,False,-14.0,40.0,RECONSTRUCTED_STARTER_IDENTITY_NOT_AS_ISSUED_T60,MARKET_TOTAL_RESIDUAL_SHAPE_AT_PRIOR_256_GAME_LEAGUE_MEAN,00-0021206,00-0022803,20.82571370517119,0.7734474376897005,-7.700824486062374,3.509613037109375,-6.898733835363115,3.7581024169921875,-6.5,4.0923004150390625,,,47.0,4.52447509765625,45.46875,3.75885009765625
2016_12_SD_HOU,2016,12,False,False,-8.0,34.0,RECONSTRUCTED_STARTER_IDENTITY_NOT_AS_ISSUED_T60,MARKET_TOTAL_RESIDUAL_SHAPE_AT_PRIOR_256_GAME_LEAGUE_MEAN,00-0029682,00-0022942,0.0,0.8511511049582143,4.9859038183786195,7.165863037109375,4.951857774180291,7.0471649169921875,-2.5,3.5532379150390625,,,45.5,7.21978759765625,45.46875,6.60260009765625
2016_12_SF_MIA,2016,12,False,False,7.0,55.0,RECONSTRUCTED_STARTER_IDENTITY_NOT_AS_ISSUED_T60,MARKET_TOTAL_RESIDUAL_SHAPE_AT_PRIOR_256_GAME_LEAGUE_MEAN,00-0029701,00-0027974,0.4770572946527718,24.116124260355008,10.154541202703522,2.993988037109375,9.208978524075432,2.8909149169921875,7.0,3.0298004150390625,,,44.5,6.07135009765625,45.46875,6.07135009765625
2016_12_TEN_CHI,2016,12,False,False,-6.0,48.0,RECONSTRUCTED_STARTER_IDENTITY_NOT_AS_ISSUED_T60,MARKET_TOTAL_RESIDUAL_SHAPE_AT_PRIOR_256_GAME_LEAGUE_MEAN,00-0030533,00-0032268,-184.22459893048128,-1.8729463307776584,1.883608428702537,4.236175537109375,-5.410457675285608,2.8909149169921875,-6.5,3.1391754150390625,,,41.5,4.33697509765625,45.46875,3.50885009765625
2016_12_SEA_TB,2016,12,False,False,9.0,19.0,RECONSTRUCTED_STARTER_IDENTITY_NOT_AS_ISSUED_T60,MARKET_TOTAL_RESIDUAL_SHAPE_AT_PRIOR_256_GAME_LEAGUE_MEAN,00-0031503,00-0029263,-1.64485630583735,-1.8854818282995067,-6.186086174644934,10.283050537109375,-6.176461153746447,10.429977416992188,-5.0,9.100112915039062,,,46.0,20.02447509765625,45.46875,19.07135009765625
2016_12_CAR_OAK,2016,12,False,False,3.0,67.0,RECONSTRUCTED_STARTER_IDENTITY_NOT_AS_ISSUED_T60,MARKET_TOTAL_RESIDUAL_SHAPE_AT_PRIOR_256_GAME_LEAGUE_MEAN,00-0031280,00-0027939,0.0,-8.403682508759825,2.230005591779218,3.087738037109375,2.566152892129611,2.9534149169921875,3.5,2.9829254150390625,,,48.5,11.36822509765625,45.46875,14.64947509765625
2016_12_NE_NYJ,2016,12,False,False,-5.0,39.0,RECONSTRUCTED_STARTER_IDENTITY_NOT_AS_ISSUED_T60,MARKET_TOTAL_RESIDUAL_SHAPE_AT_PRIOR_256_GAME_LEAGUE_MEAN,00-0023682,00-0019596,-5.981814111816952,-22.56050830889542,-5.5122532765209415,3.087738037109375,-4.849105508637803,2.9534149169921875,-9.0,3.7641754150390625,,,48.0,5.48541259765625,45.46875,4.11822509765625
2016_12_KC_DEN,2016,12,False,False,-3.0,57.0,RECONSTRUCTED_STARTER_IDENTITY_NOT_AS_ISSUED_T60,MARKET_TOTAL_RESIDUAL_SHAPE_AT_PRIOR_256_GAME_LEAGUE_MEAN,00-0032156,00-0023436,2.979152367879201,-7.797027947226565,1.9333766957725675,3.259613037109375,2.364423908376798,3.1956024169921875,3.5,4.0923004150390625,,,40.0,10.58697509765625,45.46875,7.16510009765625
2016_12_GB_PHI,2016,12,False,False,-14.0,40.0,RECONSTRUCTED_STARTER_IDENTITY_NOT_AS_ISSUED_T60,MARKET_TOTAL_RESIDUAL_SHAPE_AT_PRIOR_256_GAME_LEAGUE_MEAN,00-0032950,00-0023459,0.37296675227709297,4.137407651232539,5.465392426978533,11.798675537109375,5.314814791020314,11.750289916992188,4.0,11.178237915039062,,,47.0,4.52447509765625,45.46875,3.75885009765625
2016_13_DAL_MIN,2016,13,False,False,-2.0,32.0,RECONSTRUCTED_STARTER_IDENTITY_NOT_AS_ISSUED_T60,MARKET_TOTAL_RESIDUAL_SHAPE_AT_PRIOR_256_GAME_LEAGUE_MEAN,00-0027854,00-0033077,0.0,0.8007650951199263,-1.1058153143294476,2.954925537109375,-1.1378459181342446,2.8909149169921875,-3.0,3.1391754150390625,,,43.5,7.21978759765625,45.49609375,7.85260009765625
2016_13_DEN_JAX,2016,13,False,False,-10.0,30.0,RECONSTRUCTED_STARTER_IDENTITY_NOT_AS_ISSUED_T60,MARKET_TOTAL_RESIDUAL_SHAPE_AT_PRIOR_256_GAME_LEAGUE_MEAN,00-0031407,00-0033108,0.0,-29.938924124970633,-9.404155936477046,2.954925537109375,-8.20659897147822,2.8909149169921875,-3.5,3.8032379150390625,,,39.0,5.48541259765625,45.49609375,9.25885009765625
2016_13_DET_NO,2016,13,False,False,-15.0,41.0,RECONSTRUCTED_STARTER_IDENTITY_NOT_AS_ISSUED_T60,MARKET_TOTAL_RESIDUAL_SHAPE_AT_PRIOR_256_GAME_LEAGUE_MEAN,00-0020531,00-0026498,-3.620590573171767,0.0,0.6814930531409209,9.361175537109375,0.5366694302140502,9.258102416992188,6.5,14.717300415039062,,,53.0,7.21978759765625,45.49609375,3.50103759765625
2016_13_HOU_GB,2016,13,False,False,8.0,34.0,RECONSTRUCTED_STARTER_IDENTITY_NOT_AS_ISSUED_T60,MARKET_TOTAL_RESIDUAL_SHAPE_AT_PRIOR_256_GAME_LEAGUE_MEAN,00-0023459,00-0029682,4.179493099379217,0.0,3.836946380688869,3.767425537109375,4.004126104664038,3.8049774169921875,7.0,3.1391754150390625,,,44.5,6.60260009765625,45.49609375,6.60260009765625
2016_13_KC_ATL,2016,13,False,False,-1.0,57.0,RECONSTRUCTED_STARTER_IDENTITY_NOT_AS_ISSUED_T60,MARKET_TOTAL_RESIDUAL_SHAPE_AT_PRIOR_256_GAME_LEAGUE_MEAN,00-0026143,00-0023436,0.0,-3.8032161449047974,-0.46877935193218034,2.954925537109375,-0.31665070613598845,2.8909149169921875,5.0,3.8032379150390625,,,50.0,4.68853759765625,45.49609375,7.16510009765625
2016_13_LA_NE,2016,13,False,False,16.0,36.0,RECONSTRUCTED_STARTER_IDENTITY_NOT_AS_ISSUED_T60,MARKET_TOTAL_RESIDUAL_SHAPE_AT_PRIOR_256_GAME_LEAGUE_MEAN,00-0019596,00-0033106,-17.00728044026598,-18.091917461870977,12.63006519481999,3.454925537109375,12.673450675684192,3.4924774169921875,13.0,3.4907379150390625,,,44.5,5.48541259765625,45.49609375,5.48541259765625
2016_13_MIA_BAL,2016,13,False,False,32.0,44.0,RECONSTRUCTED_STARTER_IDENTITY_NOT_AS_ISSUED_T60,MARKET_TOTAL_RESIDUAL_SHAPE_AT_PRIOR_256_GAME_LEAGUE_MEAN,00-0026158,00-0029701,0.06912152821416662,0.5248543952322882,1.5407570747277806,24.001800537109375,1.5225277600470557,24.047164916992188,3.5,21.498550415039062,,,41.5,3.33697509765625,45.49609375,3.11822509765625
2016_13_PHI_CIN,2016,13,False,False,18.0,46.0,RECONSTRUCTED_STARTER_IDENTITY_NOT_AS_ISSUED_T60,MARKET_TOTAL_RESIDUAL_SHAPE_AT_PRIOR_256_GAME_LEAGUE_MEAN,00-0027973,00-0032950,0.0,0.34586980497270936,1.7545720810669263,11.103363037109375,1.740737288868018,11.242477416992188,1.0,11.467300415039062,,,42.0,3.75103759765625,45.49609375,3.20416259765625
2016_13_SF_CHI,2016,13,False,False,20.0,32.0,RECONSTRUCTED_STARTER_IDENTITY_NOT_AS_ISSUED_T60,MARKET_TOTAL_RESIDUAL_SHAPE_AT_PRIOR_256_GAME_LEAGUE_MEAN,00-0030533,00-0027948,-62.33109315793237,-15.101650563607084,4.174352369244807,11.103363037109375,2.2851746654717955,12.945602416992188,-0.0,14.037612915039062,,,44.0,7.21978759765625,45.49609375,7.85260009765625
2016_13_BUF_OAK,2016,13,False,False,14.0,62.0,RECONSTRUCTED_STARTER_IDENTITY_NOT_AS_ISSUED_T60,MARKET_TOTAL_RESIDUAL_SHAPE_AT_PRIOR_256_GAME_LEAGUE_MEAN,00-0031280,00-0028118,0.46533043048997413,-0.08341827413118619,2.6366156907416642,7.345550537109375,2.6585656389265107,7.5081024169921875,3.0,7.0844879150390625,,,48.5,7.75885009765625,45.49609375,10.58697509765625
2016_13_NYG_PIT,2016,13,False,False,10.0,38.0,RECONSTRUCTED_STARTER_IDENTITY_NOT_AS_ISSUED_T60,MARKET_TOTAL_RESIDUAL_SHAPE_AT_PRIOR_256_GAME_LEAGUE_MEAN,00-0022924,00-0022803,8.018126809759373,0.7847683382947723,4.06390344734652,4.517425537109375,4.353237786205104,4.6252899169921875,7.0,3.4907379150390625,,,49.5,7.21978759765625,45.49609375,4.52447509765625
2016_13_TB_SD,2016,13,False,False,-7.0,49.0,RECONSTRUCTED_STARTER_IDENTITY_NOT_AS_ISSUED_T60,MARKET_TOTAL_RESIDUAL_SHAPE_AT_PRIOR_256_GAME_LEAGUE_MEAN,00-0022942,00-0031503,0.8766190853819689,-1.7905430434138392,2.3546222643009878,4.720550537109375,2.46130874945282,4.6096649169921875,3.5,5.9516754150390625,,,49.0,3.14166259765625,45.49609375,3.75103759765625
2016_13_WAS_ARI,2016,13,False,False,8.0,54.0,RECONSTRUCTED_STARTER_IDENTITY_NOT_AS_ISSUED_T60,MARKET_TOTAL_RESIDUAL_SHAPE_AT_PRIOR_256_GAME_LEAGUE_MEAN,00-0021429,00-0029604,10.764071868195234,-1.4037705546765977,2.323773106904282,4.517425537109375,2.8104868038191553,4.1721649169921875,2.5,4.0923004150390625,,,48.5,4.03228759765625,45.49609375,5.55572509765625
2016_13_CAR_SEA,2016,13,False,False,33.0,47.0,RECONSTRUCTED_STARTER_IDENTITY_NOT_AS_ISSUED_T60,MARKET_TOTAL_RESIDUAL_SHAPE_AT_PRIOR_256_GAME_LEAGUE_MEAN,00-0029263,00-0027939,-2.2437739463601503,-4.525362629817198,6.175994201272488,21.142425537109375,6.267257748610771,21.187789916992188,8.5,17.701675415039062,,,44.0,3.50885009765625,45.49609375,3.33697509765625
2016_13_IND_NYJ,2016,13,False,False,-31.0,51.0,RECONSTRUCTED_STARTER_IDENTITY_NOT_AS_ISSUED_T60,MARKET_TOTAL_RESIDUAL_SHAPE_AT_PRIOR_256_GAME_LEAGUE_MEAN,00-0031568,00-0029668,-18.791208791208792,15.04440119214161,2.163247403650239,24.861175537109375,0.8098230043162231,23.875289916992188,1.0,24.131362915039062,,,48.5,3.33697509765625,45.49609375,4.33697509765625
2016_14_OAK_KC,2016,14,False,False,8.0,34.0,RECONSTRUCTED_STARTER_IDENTITY_NOT_AS_ISSUED_T60,MARKET_TOTAL_RESIDUAL_SHAPE_AT_PRIOR_256_GAME_LEAGUE_MEAN,00-0023436,00-0031280,-9.98447204968944,0.48232049376766284,5.623803552008685,3.236175537109375,5.205131850270401,3.4924774169921875,3.5,3.7641754150390625,,,46.0,7.21978759765625,45.265625,6.60260009765625
2016_14_ARI_MIA,2016,14,False,False,3.0,49.0,RECONSTRUCTED_STARTER_IDENTITY_NOT_AS_ISSUED_T60,MARKET_TOTAL_RESIDUAL_SHAPE_AT_PRIOR_256_GAME_LEAGUE_MEAN,00-0029701,00-0021429,0.4763805918652997,16.242119854169836,0.054459276224815764,3.454925537109375,-0.5761702942673657,3.8049774169921875,-2.0,4.0923004150390625,,,44.0,4.03228759765625,45.265625,3.75103759765625
2016_14_CHI_DET,2016,14,False,False,3.0,37.0,RECONSTRUCTED_STARTER_IDENTITY_NOT_AS_ISSUED_T60,MARKET_TOTAL_RESIDUAL_SHAPE_AT_PRIOR_256_GAME_LEAGUE_MEAN,00-0026498,00-0030533,0.0,-36.99256342957131,10.577376659407982,4.236175537109375,12.057079196590834,4.6096649169921875,7.5,3.5532379150390625,,,42.0,3.75885009765625,45.265625,4.97760009765625
2016_14_CIN_CLE,2016,14,False,False,-13.0,33.0,RECONSTRUCTED_STARTER_IDENTITY_NOT_AS_ISSUED_T60,MARKET_TOTAL_RESIDUAL_SHAPE_AT_PRIOR_256_GAME_LEAGUE_MEAN,00-0029665,00-0027973,3.3482372289032947,0.0,-7.762405872273657,3.259613037109375,-7.628476383117526,3.1956024169921875,-4.0,4.8969879150390625,,,42.0,5.48541259765625,45.265625,7.21978759765625
2016_14_DEN_TEN,2016,14,False,False,3.0,23.0,RECONSTRUCTED_STARTER_IDENTITY_NOT_AS_ISSUED_T60,MARKET_TOTAL_RESIDUAL_SHAPE_AT_PRIOR_256_GAME_LEAGUE_MEAN,00-0032268,00-0032156,-1.8774166114533752,3.494719175027017,-5.412900358506358,5.525238037109375,-5.627785789965575,6.2659149169921875,2.0,3.1391754150390625,,,44.0,14.36822509765625,45.265625,15.29791259765625
2016_14_HOU_IND,2016,14,False,False,-5.0,39.0,RECONSTRUCTED_STARTER_IDENTITY_NOT_AS_ISSUED_T60,MARKET_TOTAL_RESIDUAL_SHAPE_AT_PRIOR_256_GAME_LEAGUE_MEAN,00-0029668,00-0029682,-2.6527833134050827,0.0,3.976095270211763,4.720550537109375,3.86998393767556,4.6096649169921875,6.5,6.5844879150390625,,,47.5,5.48541259765625,45.265625,4.11822509765625
2016_14_MIN_JAX,2016,14,False,False,-9.0,41.0,RECONSTRUCTED_STARTER_IDENTITY_NOT_AS_ISSUED_T60,MARKET_TOTAL_RESIDUAL_SHAPE_AT_PRIOR_256_GAME_LEAGUE_MEAN,00-0031407,00-0027854,0.0,1.2075935373016877,-6.794751345375617,2.954925537109375,-6.843055086867683,2.8909149169921875,-3.0,3.8032379150390625,,,38.0,3.50885009765625,45.265625,3.50103759765625
2016_14_PIT_BUF,2016,14,False,False,-7.0,47.0,RECONSTRUCTED_STARTER_IDENTITY_NOT_AS_ISSUED_T60,MARKET_TOTAL_RESIDUAL_SHAPE_AT_PRIOR_256_GAME_LEAGUE_MEAN,00-0028118,00-0022924,-0.11090623630787277,3.0463756289949684,0.8734599666106442,4.236175537109375,0.7471686919985305,4.1565399169921875,-1.0,3.8032379150390625,,,45.5,3.20416259765625,45.265625,3.33697509765625
2016_14_SD_CAR,2016,14,False,False,12.0,44.0,RECONSTRUCTED_STARTER_IDENTITY_NOT_AS_ISSUED_T60,MARKET_TOTAL_RESIDUAL_SHAPE_AT_PRIOR_256_GAME_LEAGUE_MEAN,00-0027939,00-0022942,12.840872160014172,0.4164194845428737,5.476178306017182,4.986175537109375,5.973156413036033,4.6252899169921875,1.0,7.0844879150390625,,,48.5,3.75885009765625,45.265625,3.11822509765625
2016_14_WAS_PHI,2016,14,False,False,-5.0,49.0,RECONSTRUCTED_STARTER_IDENTITY_NOT_AS_ISSUED_T60,MARKET_TOTAL_RESIDUAL_SHAPE_AT_PRIOR_256_GAME_LEAGUE_MEAN,00-0032950,00-0029604,0.3029567845121983,-1.4403195488721598,1.0261131397645387,3.509613037109375,1.095844193099913,3.4377899169921875,-1.5,3.1469879150390625,,,48.5,3.14166259765625,45.265625,3.75103759765625
2016_14_NYJ_SF,2016,14,False,False,-6.0,40.0,RECONSTRUCTED_STARTER_IDENTITY_NOT_AS_ISSUED_T60,MARKET_TOTAL_RESIDUAL_SHAPE_AT_PRIOR_256_GAME_LEAGUE_MEAN,00-0027974,00-0031568,1.5547682769509352,-18.08527270290794,-2.0601161284845513,3.079925537109375,-1.274514489290196,3.1956024169921875,3.0,4.8969879150390625,,,42.5,3.29791259765625,45.265625,3.75885009765625
2016_14_ATL_LA,2016,14,False,False,-28.0,56.0,RECONSTRUCTED_STARTER_IDENTITY_NOT_AS_ISSUED_T60,MARKET_TOTAL_RESIDUAL_SHAPE_AT_PRIOR_256_GAME_LEAGUE_MEAN,00-0033106,00-0026143,-33.81679690583312,0.0,-3.652158009606801,16.243988037109375,-5.004829885840126,15.320602416992188,-4.5,15.631362915039062,,,44.0,7.16510009765625,45.265625,6.60260009765625
2016_14_NO_TB,2016,14,False,False,5.0,27.0,RECONSTRUCTED_STARTER_IDENTITY_NOT_AS_ISSUED_T60,MARKET_TOTAL_RESIDUAL_SHAPE_AT_PRIOR_256_GAME_LEAGUE_MEAN,00-0031503,00-0020531,-1.2774729110813121,-3.639184157988451,4.644221769151399,3.001800537109375,4.738690219027685,2.9534149169921875,2.0,3.4907379150390625,,,52.0,18.11822509765625,45.265625,11.68853759765625
2016_14_SEA_GB,2016,14,False,False,28.0,48.0,RECONSTRUCTED_STARTER_IDENTITY_NOT_AS_ISSUED_T60,MARKET_TOTAL_RESIDUAL_SHAPE_AT_PRIOR_256_GAME_LEAGUE_MEAN,00-0023459,00-0029263,4.417767751638202,-3.413894324853217,-2.6565281830305048,24.962738037109375,-2.343261699970848,24.047164916992188,-3.0,24.389175415039062,,,47.0,3.20416259765625,45.265625,3.50885009765625
2016_14_DAL_NYG,2016,14,False,False,3.0,17.0,RECONSTRUCTED_STARTER_IDENTITY_NOT_AS_ISSUED_T60,MARKET_TOTAL_RESIDUAL_SHAPE_AT_PRIOR_256_GAME_LEAGUE_MEAN,00-0022803,00-0033077,0.7546745486088691,0.8259856085943262,-2.5349084158613007,4.517425537109375,-2.537760858260719,4.6252899169921875,-3.5,4.8579254150390625,,,47.0,22.93072509765625,45.265625,20.97760009765625
2016_14_BAL_NE,2016,14,False,False,7.0,53.0,RECONSTRUCTED_STARTER_IDENTITY_NOT_AS_ISSUED_T60,MARKET_TOTAL_RESIDUAL_SHAPE_AT_PRIOR_256_GAME_LEAGUE_MEAN,00-0019596,00-0026158,-7.5639544479287,0.749610892936281,9.027080569105902,2.954925537109375,8.694537955471302,2.8909149169921875,6.0,3.1391754150390625,,,45.5,4.68853759765625,45.265625,5.09478759765625
2016_15_LA_SEA,2016,15,False,False,21.0,27.0,RECONSTRUCTED_STARTER_IDENTITY_NOT_AS_ISSUED_T60,MARKET_TOTAL_RESIDUAL_SHAPE_AT_PRIOR_256_GAME_LEAGUE_MEAN,00-0029263,00-0033106,-5.31590827738857,-31.546737866130915,11.689931402604508,6.103363037109375,12.7391645861542,5.6799774169921875,15.0,4.4360504150390625,,,39.5,7.85260009765625,45.25,11.68853759765625
2016_15_MIA_NYJ,2016,15,False,False,-21.0,47.0,RECONSTRUCTED_STARTER_IDENTITY_NOT_AS_ISSUED_T60,MARKET_TOTAL_RESIDUAL_SHAPE_AT_PRIOR_256_GAME_LEAGUE_MEAN,00-0031568,00-0025708,-29.675716440422327,49.426229508196705,-0.3601550271491578,13.533050537109375,-3.524232865093919,10.054977416992188,-2.5,11.178237915039062,,,40.0,4.68853759765625,45.25,3.33697509765625
2016_15_CLE_BUF,2016,15,False,False,20.0,46.0,RECONSTRUCTED_STARTER_IDENTITY_NOT_AS_ISSUED_T60,MARKET_TOTAL_RESIDUAL_SHAPE_AT_PRIOR_256_GAME_LEAGUE_MEAN,00-0028118,00-0029665,0.09867077983940487,-1.0835969601105555,13.86866674714256,4.517425537109375,13.915957456740559,4.6252899169921875,10.5,5.8969879150390625,,,43.5,3.33697509765625,45.25,3.20416259765625
2016_15_DET_NYG,2016,15,False,False,11.0,23.0,RECONSTRUCTED_STARTER_IDENTITY_NOT_AS_ISSUED_T60,MARKET_TOTAL_RESIDUAL_SHAPE_AT_PRIOR_256_GAME_LEAGUE_MEAN,00-0022803,00-0026498,0.760211291299373,0.0,0.8789214711822296,6.704925537109375,0.9093299228342047,6.8752899169921875,4.0,4.8579254150390625,,,42.5,13.44635009765625,45.25,15.29791259765625
2016_15_GB_CHI,2016,15,False,False,-3.0,57.0,RECONSTRUCTED_STARTER_IDENTITY_NOT_AS_ISSUED_T60,MARKET_TOTAL_RESIDUAL_SHAPE_AT_PRIOR_256_GAME_LEAGUE_MEAN,00-0030533,00-0023459,-23.86257035647279,5.256597053585876,-5.476873948311795,3.236175537109375,-6.641640644714141,3.8049774169921875,-4.5,3.2876129150390625,,,40.0,10.58697509765625,45.25,7.16510009765625
2016_15_IND_MIN,2016,15,False,False,-28.0,40.0,RECONSTRUCTED_STARTER_IDENTITY_NOT_AS_ISSUED_T60,MARKET_TOTAL_RESIDUAL_SHAPE_AT_PRIOR_256_GAME_LEAGUE_MEAN,00-0027854,00-0029668,1.2517126639264076,9.243279123796878,5.260039023901763,24.861175537109375,4.940376365506944,24.851852416992188,5.0,25.115737915039062,,,44.5,3.75885009765625,45.25,3.75885009765625
2016_15_JAX_HOU,2016,15,False,False,1.0,41.0,RECONSTRUCTED_STARTER_IDENTITY_NOT_AS_ISSUED_T60,MARKET_TOTAL_RESIDUAL_SHAPE_AT_PRIOR_256_GAME_LEAGUE_MEAN,00-0031064,00-0031407,-12.173913043478269,0.0,10.812787151589628,5.267425537109375,10.325830629850497,4.6096649169921875,3.5,3.1469879150390625,,,39.5,3.20416259765625,45.25,3.50103759765625
2016_15_PHI_BAL,2016,15,False,False,1.0,53.0,RECONSTRUCTED_STARTER_IDENTITY_NOT_AS_ISSUED_T60,MARKET_TOTAL_RESIDUAL_SHAPE_AT_PRIOR_256_GAME_LEAGUE_MEAN,00-0026158,00-0032950,0.8070818070817998,0.26539724154930333,4.622501897359025,3.079925537109375,4.644169279980325,3.0315399169921875,5.0,3.3423004150390625,,,41.0,7.16510009765625,45.25,5.09478759765625
2016_15_PIT_CIN,2016,15,False,False,-4.0,44.0,RECONSTRUCTED_STARTER_IDENTITY_NOT_AS_ISSUED_T60,MARKET_TOTAL_RESIDUAL_SHAPE_AT_PRIOR_256_GAME_LEAGUE_MEAN,00-0027973,00-0022924,0.0,-4.276660236979901,-0.8618292113339249,2.993988037109375,-0.6907628018547288,2.9456024169921875,-3.0,2.9829254150390625,,,45.5,3.16510009765625,45.25,3.11822509765625
2016_15_TEN_KC,2016,15,False,False,-2.0,36.0,RECONSTRUCTED_STARTER_IDENTITY_NOT_AS_ISSUED_T60,MARKET_TOTAL_RESIDUAL_SHAPE_AT_PRIOR_256_GAME_LEAGUE_MEAN,00-0023436,00-0032268,-1.9455005261549863,-1.255588673621455,12.179768789417695,7.868988037109375,12.152172315316353,7.7502899169921875,6.0,4.4594879150390625,,,43.0,4.52447509765625,45.25,5.48541259765625
2016_15_NO_ARI,2016,15,False,False,-7.0,89.0,RECONSTRUCTED_STARTER_IDENTITY_NOT_AS_ISSUED_T60,MARKET_TOTAL_RESIDUAL_SHAPE_AT_PRIOR_256_GAME_LEAGUE_MEAN,00-0021429,00-0020531,-5.869746150645039,-3.784328306585505,5.836375010018418,7.165863037109375,5.752958296256038,7.0471649169921875,3.0,5.3969879150390625,,,48.5,31.94635009765625,45.25,35.91510009765625
2016_15_SF_ATL,2016,15,False,False,28.0,54.0,RECONSTRUCTED_STARTER_IDENTITY_NOT_AS_ISSUED_T60,MARKET_TOTAL_RESIDUAL_SHAPE_AT_PRIOR_256_GAME_LEAGUE_MEAN,00-0026143,00-0027974,1.162703416801758,3.376211191457079,15.408127521043271,8.720550537109375,15.319587210057058,8.875289916992188,13.5,9.100112915039062,,,51.5,3.33697509765625,45.25,5.55572509765625
2016_15_NE_DEN,2016,15,False,False,-13.0,19.0,RECONSTRUCTED_STARTER_IDENTITY_NOT_AS_ISSUED_T60,MARKET_TOTAL_RESIDUAL_SHAPE_AT_PRIOR_256_GAME_LEAGUE_MEAN,00-0032156,00-0019596,17.88916876574307,-12.15994134304208,-1.1313686340263485,6.478363037109375,0.0705957703250575,7.0471649169921875,-3.0,5.3969879150390625,,,43.5,18.11822509765625,45.25,19.07135009765625
2016_15_OAK_SD,2016,15,False,False,-3.0,35.0,RECONSTRUCTED_STARTER_IDENTITY_NOT_AS_ISSUED_T60,MARKET_TOTAL_RESIDUAL_SHAPE_AT_PRIOR_256_GAME_LEAGUE_MEAN,00-0022942,00-0031280,0.3792452095341847,0.4496741444669494,-2.5332035894320235,3.001800537109375,-2.536020746829334,2.9534149169921875,-2.5,3.0298004150390625,,,49.5,9.25885009765625,45.25,6.02447509765625
2016_15_TB_DAL,2016,15,False,False,6.0,46.0,RECONSTRUCTED_STARTER_IDENTITY_NOT_AS_ISSUED_T60,MARKET_TOTAL_RESIDUAL_SHAPE_AT_PRIOR_256_GAME_LEAGUE_MEAN,00-0033077,00-0031503,0.6171712561489073,-1.4364919354838745,6.601057336974691,2.954925537109375,6.683203864640002,2.8909149169921875,7.0,2.9829254150390625,,,47.5,3.16510009765625,45.25,3.20416259765625
2016_15_CAR_WAS,2016,15,False,False,-11.0,41.0,RECONSTRUCTED_STARTER_IDENTITY_NOT_AS_ISSUED_T60,MARKET_TOTAL_RESIDUAL_SHAPE_AT_PRIOR_256_GAME_LEAGUE_MEAN,00-0029604,00-0027939,0.0,-10.650218861918038,2.2702898679692045,7.165863037109375,2.6962986224459256,7.7502899169921875,7.0,11.178237915039062,,,50.5,6.02447509765625,45.25,3.50103759765625
2016_16_NYG_PHI,2016,16,False,False,5.0,43.0,RECONSTRUCTED_STARTER_IDENTITY_NOT_AS_ISSUED_T60,MARKET_TOTAL_RESIDUAL_SHAPE_AT_PRIOR_256_GAME_LEAGUE_MEAN,00-0032950,00-0022803,0.24177373014582226,0.8084432141036046,-1.3986753627983217,4.517425537109375,-1.421342142156633,4.6252899169921875,2.0,3.4907379150390625,,,42.5,3.14166259765625,44.87109375,3.16510009765625
2016_16_ATL_CAR,2016,16,False,False,-17.0,49.0,RECONSTRUCTED_STARTER_IDENTITY_NOT_AS_ISSUED_T60,MARKET_TOTAL_RESIDUAL_SHAPE_AT_PRIOR_256_GAME_LEAGUE_MEAN,00-0027939,00-0026143,3.7864170131010066,0.6459377149032441,1.619028062453499,11.798675537109375,1.7446472343814095,11.750289916992188,-3.0,8.006362915039062,,,48.5,3.14166259765625,44.87109375,3.75103759765625
2016_16_MIA_BUF,2016,16,False,False,-3.0,65.0,RECONSTRUCTED_STARTER_IDENTITY_NOT_AS_ISSUED_T60,MARKET_TOTAL_RESIDUAL_SHAPE_AT_PRIOR_256_GAME_LEAGUE_MEAN,00-0028118,00-0025708,0.5825678913738086,131.35116115411682,2.5212488093840877,3.509613037109375,-2.7094949211256334,2.9534149169921875,4.5,4.4594879150390625,,,44.5,12.96978759765625,44.87109375,12.96978759765625
2016_16_MIN_GB,2016,16,False,False,13.0,63.0,RECONSTRUCTED_STARTER_IDENTITY_NOT_AS_ISSUED_T60,MARKET_TOTAL_RESIDUAL_SHAPE_AT_PRIOR_256_GAME_LEAGUE_MEAN,00-0023459,00-0027854,5.490384615384625,1.149354336929953,5.919016733164508,4.986175537109375,6.092657944302695,5.1174774169921875,6.0,4.8579254150390625,,,44.5,11.36822509765625,44.87109375,11.36822509765625
2016_16_NYJ_NE,2016,16,False,False,38.0,44.0,RECONSTRUCTED_STARTER_IDENTITY_NOT_AS_ISSUED_T60,MARKET_TOTAL_RESIDUAL_SHAPE_AT_PRIOR_256_GAME_LEAGUE_MEAN,00-0019596,00-0023682,1.6291864750814788,-18.556647157190653,15.301920127018757,17.400238037109375,16.109353472309643,16.515914916992188,17.0,14.936050415039062,,,45.0,3.11822509765625,44.87109375,3.11822509765625
2016_16_SD_CLE,2016,16,False,False,3.0,37.0,RECONSTRUCTED_STARTER_IDENTITY_NOT_AS_ISSUED_T60,MARKET_TOTAL_RESIDUAL_SHAPE_AT_PRIOR_256_GAME_LEAGUE_MEAN,00-0029665,00-0022942,-1.2376237623762387,0.3851895570059716,-5.474969088481357,5.525238037109375,-5.5398816212566455,6.2659149169921875,-4.5,5.3501129150390625,,,45.0,4.97760009765625,44.87109375,4.97760009765625
2016_16_TEN_JAX,2016,16,False,False,21.0,55.0,RECONSTRUCTED_STARTER_IDENTITY_NOT_AS_ISSUED_T60,MARKET_TOTAL_RESIDUAL_SHAPE_AT_PRIOR_256_GAME_LEAGUE_MEAN,00-0031407,00-0023662,0.0,-93.3318637330646,-4.335798076372339,19.259613037109375,-0.6025235270497552,16.515914916992188,-4.0,18.639175415039062,,,44.0,6.60260009765625,44.87109375,6.07135009765625
2016_16_WAS_CHI,2016,16,False,False,-20.0,62.0,RECONSTRUCTED_STARTER_IDENTITY_NOT_AS_ISSUED_T60,MARKET_TOTAL_RESIDUAL_SHAPE_AT_PRIOR_256_GAME_LEAGUE_MEAN,00-0030533,00-0029604,-13.558019096941255,0.0,-3.385132560080356,10.150238037109375,-3.9274533239580056,9.258102416992188,-3.0,10.342300415039062,,,49.0,7.75885009765625,44.87109375,10.58697509765625
2016_16_IND_OAK,2016,16,False,False,8.0,58.0,RECONSTRUCTED_STARTER_IDENTITY_NOT_AS_ISSUED_T60,MARKET_TOTAL_RESIDUAL_SHAPE_AT_PRIOR_256_GAME_LEAGUE_MEAN,00-0031280,00-0029668,0.4394898160965166,-1.5332651333427316,4.9405362600590434,3.454925537109375,5.019446458036613,3.4924774169921875,3.5,3.7641754150390625,,,52.0,4.33697509765625,44.87109375,7.75885009765625
2016_16_ARI_SEA,2016,16,False,False,-3.0,65.0,RECONSTRUCTED_STARTER_IDENTITY_NOT_AS_ISSUED_T60,MARKET_TOTAL_RESIDUAL_SHAPE_AT_PRIOR_256_GAME_LEAGUE_MEAN,00-0029263,00-0021429,-5.481292504170221,1.1747500257705212,7.551511457492297,5.845550537109375,7.285269756294667,5.1409149169921875,9.0,6.5844879150390625,,,43.5,13.80572509765625,44.87109375,12.96978759765625
2016_16_SF_LA,2016,16,False,False,-1.0,43.0,RECONSTRUCTED_STARTER_IDENTITY_NOT_AS_ISSUED_T60,MARKET_TOTAL_RESIDUAL_SHAPE_AT_PRIOR_256_GAME_LEAGUE_MEAN,00-0033106,00-0027974,-18.903250057830213,13.103448275862073,7.116829900727135,4.236175537109375,5.836561967379444,3.7581024169921875,6.0,4.0923004150390625,,,39.5,3.50885009765625,44.87109375,3.16510009765625
2016_16_TB_NO,2016,16,False,False,7.0,55.0,RECONSTRUCTED_STARTER_IDENTITY_NOT_AS_ISSUED_T60,MARKET_TOTAL_RESIDUAL_SHAPE_AT_PRIOR_256_GAME_LEAGUE_MEAN,00-0020531,00-0031503,-3.6419200954084685,-1.2497905144964072,1.2813188087345315,4.517425537109375,1.185633625498049,4.6252899169921875,3.0,3.7641754150390625,,,53.0,3.33697509765625,44.87109375,6.07135009765625
2016_16_CIN_HOU,2016,16,False,False,2.0,22.0,RECONSTRUCTED_STARTER_IDENTITY_NOT_AS_ISSUED_T60,MARKET_TOTAL_RESIDUAL_SHAPE_AT_PRIOR_256_GAME_LEAGUE_MEAN,00-0031064,00-0027973,43.01937286851081,0.0,2.057615393083543,3.001800537109375,3.7783903078239747,2.8909149169921875,3.0,2.9829254150390625,,,41.5,13.44635009765625,44.87109375,16.22760009765625
2016_16_BAL_PIT,2016,16,False,False,4.0,58.0,RECONSTRUCTED_STARTER_IDENTITY_NOT_AS_ISSUED_T60,MARKET_TOTAL_RESIDUAL_SHAPE_AT_PRIOR_256_GAME_LEAGUE_MEAN,00-0022924,00-0026158,18.327600583698135,0.8478081058726161,6.889450205961221,2.993988037109375,7.588641905074241,3.0315399169921875,5.5,3.0141754150390625,,,46.5,6.60260009765625,44.87109375,7.75885009765625
2016_16_DEN_KC,2016,16,False,False,23.0,43.0,RECONSTRUCTED_STARTER_IDENTITY_NOT_AS_ISSUED_T60,MARKET_TOTAL_RESIDUAL_SHAPE_AT_PRIOR_256_GAME_LEAGUE_MEAN,00-0023436,00-0032156,-10.003950732047429,19.088669950738925,5.875064954521186,11.954925537109375,4.711360127209731,12.945602416992188,3.5,13.162612915039062,,,38.5,3.75103759765625,44.87109375,3.16510009765625
2016_16_DET_DAL,2016,16,False,False,21.0,63.0,RECONSTRUCTED_STARTER_IDENTITY_NOT_AS_ISSUED_T60,MARKET_TOTAL_RESIDUAL_SHAPE_AT_PRIOR_256_GAME_LEAGUE_MEAN,00-0033077,00-0026498,0.5832350628930838,0.0,5.991729688624218,10.283050537109375,6.015059091139943,10.429977416992188,6.5,9.100112915039062,,,47.0,9.82135009765625,44.87109375,11.36822509765625
2016_17_BAL_CIN,2016,17,False,False,17.0,37.0,RECONSTRUCTED_STARTER_IDENTITY_NOT_AS_ISSUED_T60,MARKET_TOTAL_RESIDUAL_SHAPE_AT_PRIOR_256_GAME_LEAGUE_MEAN,00-0027973,00-0026158,0.0,0.5382683699093782,2.188379855789344,10.283050537109375,2.1668491209929694,10.429977416992188,-2.5,14.037612915039062,,,40.5,3.50103759765625,45.38671875,4.97760009765625
2016_17_BUF_NYJ,2016,17,False,False,20.0,40.0,RECONSTRUCTED_STARTER_IDENTITY_NOT_AS_ISSUED_T60,MARKET_TOTAL_RESIDUAL_SHAPE_AT_PRIOR_256_GAME_LEAGUE_MEAN,00-0023682,00-0030526,15.68619903929056,-20.995497557997567,-2.255603040233191,16.470550537109375,-0.7883351763416658,15.617477416992188,-3.5,17.701675415039062,,,43.0,3.29791259765625,45.38671875,3.75885009765625
2016_17_CAR_TB,2016,17,False,False,1.0,33.0,RECONSTRUCTED_STARTER_IDENTITY_NOT_AS_ISSUED_T60,MARKET_TOTAL_RESIDUAL_SHAPE_AT_PRIOR_256_GAME_LEAGUE_MEAN,00-0031503,00-0027939,-1.3379335613092236,3.4688225166554343,0.8035019886112059,3.001800537109375,0.6112317454926195,2.9534149169921875,3.5,3.1469879150390625,,,44.5,7.21978759765625,45.38671875,7.21978759765625
2016_17_CHI_MIN,2016,17,False,False,28.0,48.0,RECONSTRUCTED_STARTER_IDENTITY_NOT_AS_ISSUED_T60,MARKET_TOTAL_RESIDUAL_SHAPE_AT_PRIOR_256_GAME_LEAGUE_MEAN,00-0027854,00-0030533,1.0854726467552478,-5.314590301003341,8.311503176066308,14.650238037109375,8.567505693976651,13.828414916992188,6.0,15.850112915039062,,,44.0,3.75103759765625,45.38671875,3.50885009765625
2016_17_CLE_PIT,2016,17,False,False,3.0,51.0,RECONSTRUCTED_STARTER_IDENTITY_NOT_AS_ISSUED_T60,MARKET_TOTAL_RESIDUAL_SHAPE_AT_PRIOR_256_GAME_LEAGUE_MEAN,00-0030524,00-0029665,-27.97321428571429,-0.6689461319013157,17.74090332405418,8.595550537109375,16.64873259790166,7.7502899169921875,3.5,2.9829254150390625,,,41.5,5.55572509765625,45.38671875,4.33697509765625
2016_17_DAL_PHI,2016,17,False,False,14.0,40.0,RECONSTRUCTED_STARTER_IDENTITY_NOT_AS_ISSUED_T60,MARKET_TOTAL_RESIDUAL_SHAPE_AT_PRIOR_256_GAME_LEAGUE_MEAN,00-0032950,00-0026898,-0.45028739414683105,-63.7776512053589,-4.5534997568639115,13.743988037109375,-2.020405204415429,11.242477416992188,6.5,4.8579254150390625,,,44.0,3.50103759765625,45.38671875,3.75885009765625
2016_17_HOU_TEN,2016,17,False,False,7.0,41.0,RECONSTRUCTED_STARTER_IDENTITY_NOT_AS_ISSUED_T60,MARKET_TOTAL_RESIDUAL_SHAPE_AT_PRIOR_256_GAME_LEAGUE_MEAN,00-0023662,00-0029682,-83.18554396423248,-13.274024362734039,-0.9088970932726533,5.525238037109375,-3.705357877332591,7.5081024169921875,3.0,3.7641754150390625,,,41.5,3.11822509765625,45.38671875,3.50103759765625
2016_17_JAX_IND,2016,17,False,False,4.0,44.0,RECONSTRUCTED_STARTER_IDENTITY_NOT_AS_ISSUED_T60,MARKET_TOTAL_RESIDUAL_SHAPE_AT_PRIOR_256_GAME_LEAGUE_MEAN,00-0029668,00-0031407,10.891146566799236,-2.1245246025559217,10.064023145393994,3.509613037109375,10.584649992168202,3.7581024169921875,5.5,3.0141754150390625,,,48.5,3.75885009765625,45.38671875,3.11822509765625
2016_17_NE_MIA,2016,17,False,False,-21.0,49.0,RECONSTRUCTED_STARTER_IDENTITY_NOT_AS_ISSUED_T60,MARKET_TOTAL_RESIDUAL_SHAPE_AT_PRIOR_256_GAME_LEAGUE_MEAN,00-0025708,00-0019596,62.60310734463275,1.8110775198220352,-4.318072045083591,10.150238037109375,-1.886390852091162,11.750289916992188,-7.5,7.2798004150390625,,,47.0,3.33697509765625,45.38671875,3.75103759765625
2016_17_ARI_LA,2016,17,False,False,-38.0,50.0,RECONSTRUCTED_STARTER_IDENTITY_NOT_AS_ISSUED_T60,MARKET_TOTAL_RESIDUAL_SHAPE_AT_PRIOR_256_GAME_LEAGUE_MEAN,00-0033106,00-0021429,-22.0296149547902,0.0013272809322950607,-3.5739728915347406,25.845550537109375,-4.455210580963641,25.836227416992188,-7.0,23.154800415039062,,,39.0,6.60260009765625,45.38671875,4.03228759765625
2016_17_KC_SD,2016,17,False,False,-10.0,64.0,RECONSTRUCTED_STARTER_IDENTITY_NOT_AS_ISSUED_T60,MARKET_TOTAL_RESIDUAL_SHAPE_AT_PRIOR_256_GAME_LEAGUE_MEAN,00-0022942,00-0023436,0.3543935108045515,0.8069937883493639,-7.67608898466844,2.954925537109375,-7.694192995770233,2.8909149169921875,-5.5,3.3423004150390625,,,45.0,12.15728759765625,45.38671875,12.15728759765625
2016_17_NO_ATL,2016,17,False,False,6.0,70.0,RECONSTRUCTED_STARTER_IDENTITY_NOT_AS_ISSUED_T60,MARKET_TOTAL_RESIDUAL_SHAPE_AT_PRIOR_256_GAME_LEAGUE_MEAN,00-0026143,00-0020531,0.6141317176803884,-3.7757761816496815,7.836050725108198,2.954925537109375,8.011647041081401,2.8909149169921875,7.5,3.0141754150390625,,,58.5,6.60260009765625,45.38671875,17.32135009765625
2016_17_NYG_WAS,2016,17,False,False,-9.0,29.0,RECONSTRUCTED_STARTER_IDENTITY_NOT_AS_ISSUED_T60,MARKET_TOTAL_RESIDUAL_SHAPE_AT_PRIOR_256_GAME_LEAGUE_MEAN,00-0029604,00-0022803,0.0,0.0,2.419725570285036,5.845550537109375,2.419725570285036,5.7268524169921875,10.0,12.029800415039062,,,47.5,12.54791259765625,45.38671875,10.03228759765625
2016_17_OAK_DEN,2016,17,False,False,18.0,30.0,RECONSTRUCTED_STARTER_IDENTITY_NOT_AS_ISSUED_T60,MARKET_TOTAL_RESIDUAL_SHAPE_AT_PRIOR_256_GAME_LEAGUE_MEAN,00-0032156,00-0032893,2.8772378516624064,-22.824042562753853,0.791255514730401,11.954925537109375,1.8193067313070515,11.242477416992188,1.0,11.467300415039062,,,40.0,6.02447509765625,45.38671875,9.25885009765625
2016_17_SEA_SF,2016,17,False,False,-2.0,48.0,RECONSTRUCTED_STARTER_IDENTITY_NOT_AS_ISSUED_T60,MARKET_TOTAL_RESIDUAL_SHAPE_AT_PRIOR_256_GAME_LEAGUE_MEAN,00-0027974,00-0029263,2.6003435562259147,-5.235716296087811,-10.340203414134075,5.525238037109375,-10.026761020041526,5.6799774169921875,-11.5,6.4673004150390625,,,44.5,3.50885009765625,45.38671875,3.50885009765625
2016_17_GB_DET,2016,17,False,False,-7.0,55.0,RECONSTRUCTED_STARTER_IDENTITY_NOT_AS_ISSUED_T60,MARKET_TOTAL_RESIDUAL_SHAPE_AT_PRIOR_256_GAME_LEAGUE_MEAN,00-0026498,00-0023459,0.0,6.09638554216867,0.32802215993266143,3.829925537109375,0.08416673824591467,3.7581024169921875,-3.5,3.1469879150390625,,,50.0,4.03228759765625,45.38671875,6.07135009765625
2017_01_KC_NE,2017,1,True,False,-15.0,69.0,RECONSTRUCTED_STARTER_IDENTITY_NOT_AS_ISSUED_T60,MARKET_TOTAL_RESIDUAL_SHAPE_AT_PRIOR_256_GAME_LEAGUE_MEAN,00-0019596,00-0023436,1.4624079389448763,2.4219317356572123,5.569848636006355,14.118316650390625,5.53146768413786,14.136768341064453,8.0,16.28676986694336,,,47.5,14.162151336669922,45.55078125,15.927776336669922
2017_01_ARI_DET,2017,1,True,False,12.0,58.0,RECONSTRUCTED_STARTER_IDENTITY_NOT_AS_ISSUED_T60,MARKET_TOTAL_RESIDUAL_SHAPE_AT_PRIOR_256_GAME_LEAGUE_MEAN,00-0026498,00-0021429,0.0,3.7868363276539307,1.156421280061295,7.130035400390625,1.0049478269551377,7.195362091064453,-2.5,9.77505111694336,,,48.5,5.501995086669922,45.55078125,7.209026336669922
2017_01_ATL_CHI,2017,1,True,False,-6.0,40.0,RECONSTRUCTED_STARTER_IDENTITY_NOT_AS_ISSUED_T60,MARKET_TOTAL_RESIDUAL_SHAPE_AT_PRIOR_256_GAME_LEAGUE_MEAN,00-0030520,00-0026143,18.980179028133005,0.858123569794067,-6.730792104809398,2.887847900390625,-6.00590988647584,2.789112091064453,-6.5,2.8727073669433594,,,48.0,4.916057586669922,45.55078125,4.115276336669922
2017_01_BAL_CIN,2017,1,True,False,-20.0,20.0,RECONSTRUCTED_STARTER_IDENTITY_NOT_AS_ISSUED_T60,MARKET_TOTAL_RESIDUAL_SHAPE_AT_PRIOR_256_GAME_LEAGUE_MEAN,00-0027973,00-0026158,0.0,3.02446272449286,3.5948022571785443,16.911285400390625,3.4738237481988294,16.000049591064453,2.5,16.28676986694336,,,41.5,15.244182586669922,45.55078125,19.001995086669922
2017_01_JAX_HOU,2017,1,True,False,-22.0,36.0,RECONSTRUCTED_STARTER_IDENTITY_NOT_AS_ISSUED_T60,MARKET_TOTAL_RESIDUAL_SHAPE_AT_PRIOR_256_GAME_LEAGUE_MEAN,00-0033537,00-0031407,40.43187924766871,-2.1170418044968553,7.406192741300447,21.715972900390625,9.10814958338707,23.695362091064453,5.5,21.04848861694336,,,38.0,3.173870086669922,45.55078125,5.904338836669922
2017_01_NYJ_BUF,2017,1,True,False,9.0,33.0,RECONSTRUCTED_STARTER_IDENTITY_NOT_AS_ISSUED_T60,MARKET_TOTAL_RESIDUAL_SHAPE_AT_PRIOR_256_GAME_LEAGUE_MEAN,00-0028118,00-0021206,10.073976399070261,15.357649719852763,3.902486595274113,3.926910400390625,3.691139662442813,3.957080841064453,7.0,3.0172386169433594,,,42.0,5.376995086669922,45.55078125,7.779338836669922
2017_01_OAK_TEN,2017,1,True,False,-10.0,42.0,RECONSTRUCTED_STARTER_IDENTITY_NOT_AS_ISSUED_T60,MARKET_TOTAL_RESIDUAL_SHAPE_AT_PRIOR_256_GAME_LEAGUE_MEAN,00-0032268,00-0031280,22.510607923226388,20.162654433754177,-0.20545751786347866,5.497222900390625,-0.11153937828459021,5.437549591064453,2.5,7.661769866943359,,,49.5,4.916057586669922,45.55078125,3.517620086669922
2017_01_PHI_WAS,2017,1,True,False,-13.0,47.0,RECONSTRUCTED_STARTER_IDENTITY_NOT_AS_ISSUED_T60,MARKET_TOTAL_RESIDUAL_SHAPE_AT_PRIOR_256_GAME_LEAGUE_MEAN,00-0029604,00-0032950,0.0,-0.39921880944531196,2.3344296659206973,8.969879150390625,2.3503984182985103,8.902393341064453,-2.0,6.251613616943359,,,49.5,3.318401336669922,45.55078125,3.091838836669922
2017_01_PIT_CLE,2017,1,True,False,-3.0,39.0,RECONSTRUCTED_STARTER_IDENTITY_NOT_AS_ISSUED_T60,MARKET_TOTAL_RESIDUAL_SHAPE_AT_PRIOR_256_GAME_LEAGUE_MEAN,00-0033899,00-0022924,51.555190058479525,12.916666666666664,-7.923409064420212,3.926910400390625,-6.377868128747696,3.300830841064453,-10.0,4.669582366943359,,,47.0,4.916057586669922,45.55078125,4.494182586669922
2017_01_IND_LA,2017,1,True,False,37.0,55.0,RECONSTRUCTED_STARTER_IDENTITY_NOT_AS_ISSUED_T60,MARKET_TOTAL_RESIDUAL_SHAPE_AT_PRIOR_256_GAME_LEAGUE_MEAN,00-0033106,00-0028595,-2.7619717052706716,-101.41369047619047,-1.9967486893680324,32.524566650390625,1.9493200614687591,28.578174591064453,3.5,26.11489486694336,,,41.5,7.849651336669922,45.55078125,5.501995086669922
2017_01_CAR_SF,2017,1,True,False,-20.0,26.0,RECONSTRUCTED_STARTER_IDENTITY_NOT_AS_ISSUED_T60,MARKET_TOTAL_RESIDUAL_SHAPE_AT_PRIOR_256_GAME_LEAGUE_MEAN,00-0026625,00-0027939,1.4515997720426554,3.581487956487961,-4.336703569798283,9.766754150390625,-4.421899097176095,9.707080841064453,-4.5,9.21255111694336,,,45.5,13.416057586669922,45.55078125,13.416057586669922
2017_01_SEA_GB,2017,1,True,False,8.0,26.0,RECONSTRUCTED_STARTER_IDENTITY_NOT_AS_ISSUED_T60,MARKET_TOTAL_RESIDUAL_SHAPE_AT_PRIOR_256_GAME_LEAGUE_MEAN,00-0023459,00-0029263,5.418675007691487,-2.803256011917421,3.2328317652198164,3.926910400390625,3.561709006004173,3.601612091064453,2.5,3.8336448669433594,,,49.5,17.103557586669922,45.55078125,13.416057586669922
2017_01_NYG_DAL,2017,1,True,False,16.0,22.0,RECONSTRUCTED_STARTER_IDENTITY_NOT_AS_ISSUED_T60,MARKET_TOTAL_RESIDUAL_SHAPE_AT_PRIOR_256_GAME_LEAGUE_MEAN,00-0033077,00-0022803,11.654066511587846,0.0,4.161442303490857,7.805816650390625,4.627604963954371,7.195362091064453,6.0,6.329738616943359,,,46.5,18.041057586669922,45.55078125,17.103557586669922
2017_01_NO_MIN,2017,1,True,False,10.0,48.0,RECONSTRUCTED_STARTER_IDENTITY_NOT_AS_ISSUED_T60,MARKET_TOTAL_RESIDUAL_SHAPE_AT_PRIOR_256_GAME_LEAGUE_MEAN,00-0027854,00-0020531,1.5808059579556888,-3.757236984846579,2.596557339176334,4.801910400390625,2.8100790568884246,4.863330841064453,3.0,4.669582366943359,,,47.5,3.084026336669922,45.55078125,3.169963836669922
2017_01_LAC_DEN,2017,1,True,False,3.0,45.0,RECONSTRUCTED_STARTER_IDENTITY_NOT_AS_ISSUED_T60,MARKET_TOTAL_RESIDUAL_SHAPE_AT_PRIOR_256_GAME_LEAGUE_MEAN,00-0032156,00-0022942,-1.4877067014795298,0.3472568578553714,7.3394720894732925,3.079254150390625,7.2660735470998965,3.062549591064453,3.0,2.7984886169433594,,,41.5,3.302776336669922,45.55078125,3.099651336669922
2017_02_HOU_CIN,2017,2,False,False,-4.0,22.0,RECONSTRUCTED_STARTER_IDENTITY_NOT_AS_ISSUED_T60,MARKET_TOTAL_RESIDUAL_SHAPE_AT_PRIOR_256_GAME_LEAGUE_MEAN,00-0027973,00-0033537,0.0,-50.78990072546773,3.5994711707687657,4.419097900390625,5.631067199787475,5.437549591064453,5.5,5.638332366943359,,,38.0,10.025432586669922,45.22265625,16.169963836669922
2017_02_ARI_IND,2017,2,False,False,-3.0,29.0,RECONSTRUCTED_STARTER_IDENTITY_NOT_AS_ISSUED_T60,MARKET_TOTAL_RESIDUAL_SHAPE_AT_PRIOR_256_GAME_LEAGUE_MEAN,00-0033119,00-0021429,1.1008522727272707,3.7301995528169263,0.9029578830332684,3.079254150390625,0.7977839918296822,3.062549591064453,-7.0,3.4938011169433594,,,44.0,9.240276336669922,45.22265625,10.025432586669922
2017_02_BUF_CAR,2017,2,False,False,6.0,12.0,RECONSTRUCTED_STARTER_IDENTITY_NOT_AS_ISSUED_T60,MARKET_TOTAL_RESIDUAL_SHAPE_AT_PRIOR_256_GAME_LEAGUE_MEAN,00-0027939,00-0028118,3.606980535520221,8.349720230965874,4.479150646632524,3.048004150390625,4.289441058814699,3.078174591064453,6.5,2.7750511169433594,,,43.0,23.884807586669922,45.22265625,25.884807586669922
2017_02_CHI_TB,2017,2,False,False,22.0,36.0,RECONSTRUCTED_STARTER_IDENTITY_NOT_AS_ISSUED_T60,MARKET_TOTAL_RESIDUAL_SHAPE_AT_PRIOR_256_GAME_LEAGUE_MEAN,00-0031503,00-0030520,-1.6564747918339284,7.7462736919585495,7.86311066050871,9.251129150390625,7.4870007211570115,10.070362091064453,7.0,9.77505111694336,,,44.0,4.916057586669922,45.22265625,5.376995086669922
2017_02_CLE_BAL,2017,2,False,False,14.0,34.0,RECONSTRUCTED_STARTER_IDENTITY_NOT_AS_ISSUED_T60,MARKET_TOTAL_RESIDUAL_SHAPE_AT_PRIOR_256_GAME_LEAGUE_MEAN,00-0026158,00-0033899,3.3238916256157713,0.4797297297297387,10.650733377506622,3.274566650390625,10.764499853342063,3.300830841064453,7.5,4.216457366943359,,,39.5,4.115276336669922,45.22265625,6.486370086669922
2017_02_MIN_PIT,2017,2,False,False,17.0,35.0,RECONSTRUCTED_STARTER_IDENTITY_NOT_AS_ISSUED_T60,MARKET_TOTAL_RESIDUAL_SHAPE_AT_PRIOR_256_GAME_LEAGUE_MEAN,00-0022924,00-0028986,-3.2825285495908574,-43.46588463194146,6.114030237852112,7.130035400390625,7.721364481146136,5.968799591064453,8.5,5.177394866943359,,,43.0,4.916057586669922,45.22265625,5.904338836669922
2017_02_NE_NO,2017,2,False,False,-16.0,56.0,RECONSTRUCTED_STARTER_IDENTITY_NOT_AS_ISSUED_T60,MARKET_TOTAL_RESIDUAL_SHAPE_AT_PRIOR_256_GAME_LEAGUE_MEAN,00-0020531,00-0019596,-3.7447437208773637,1.4184636118598437,-4.090358597156537,6.751129150390625,-4.296886890466026,6.687549591064453,-5.5,5.638332366943359,,,55.0,3.091838836669922,45.22265625,6.611370086669922
2017_02_PHI_KC,2017,2,False,False,7.0,47.0,RECONSTRUCTED_STARTER_IDENTITY_NOT_AS_ISSUED_T60,MARKET_TOTAL_RESIDUAL_SHAPE_AT_PRIOR_256_GAME_LEAGUE_MEAN,00-0023436,00-0032950,-1.1244096636148226,-0.6447561394202106,7.051840247844829,2.809722900390625,7.032654106877046,2.789112091064453,4.0,3.2203636169433594,,,46.5,3.084026336669922,45.22265625,3.169963836669922
2017_02_TEN_JAX,2017,2,False,False,-21.0,53.0,RECONSTRUCTED_STARTER_IDENTITY_NOT_AS_ISSUED_T60,MARKET_TOTAL_RESIDUAL_SHAPE_AT_PRIOR_256_GAME_LEAGUE_MEAN,00-0031407,00-0032268,-2.3239810181932885,10.524764150943389,2.4707498687347016,15.973785400390625,1.9568000619692345,16.000049591064453,-1.0,13.47817611694336,,,42.0,6.611370086669922,45.22265625,5.005901336669922
2017_02_MIA_LAC,2017,2,False,False,-2.0,36.0,RECONSTRUCTED_STARTER_IDENTITY_NOT_AS_ISSUED_T60,MARKET_TOTAL_RESIDUAL_SHAPE_AT_PRIOR_256_GAME_LEAGUE_MEAN,00-0022942,00-0024226,0.0,-28.86435331230284,-0.5230606603987052,2.778472900390625,0.6315134720934082,2.898487091064453,3.5,3.7867698669433594,,,46.5,6.486370086669922,45.22265625,5.376995086669922
2017_02_NYJ_OAK,2017,2,False,False,25.0,65.0,RECONSTRUCTED_STARTER_IDENTITY_NOT_AS_ISSUED_T60,MARKET_TOTAL_RESIDUAL_SHAPE_AT_PRIOR_256_GAME_LEAGUE_MEAN,00-0031280,00-0021206,35.5929974281038,10.095270550583768,7.31480328409787,12.505035400390625,8.33471235919867,11.687549591064453,14.0,6.958644866943359,,,44.0,14.162151336669922,45.22265625,13.298870086669922
2017_02_DAL_DEN,2017,2,False,False,25.0,59.0,RECONSTRUCTED_STARTER_IDENTITY_NOT_AS_ISSUED_T60,MARKET_TOTAL_RESIDUAL_SHAPE_AT_PRIOR_256_GAME_LEAGUE_MEAN,00-0032156,00-0033077,4.5416997092254885,10.45206159960259,1.5391356959842961,16.981597900390625,1.3027212203692118,17.929737091064453,-2.5,21.24770736694336,,,44.0,9.255901336669922,45.22265625,8.533245086669922
2017_02_SF_SEA,2017,2,False,False,3.0,21.0,RECONSTRUCTED_STARTER_IDENTITY_NOT_AS_ISSUED_T60,MARKET_TOTAL_RESIDUAL_SHAPE_AT_PRIOR_256_GAME_LEAGUE_MEAN,00-0029263,00-0026625,-3.2655735250074924,-10.08583602388049,11.453414731695611,4.419097900390625,11.726225231650533,4.886768341064453,13.5,6.251613616943359,,,42.0,14.326213836669922,45.22265625,17.103557586669922
2017_02_WAS_LA,2017,2,False,False,-7.0,47.0,RECONSTRUCTED_STARTER_IDENTITY_NOT_AS_ISSUED_T60,MARKET_TOTAL_RESIDUAL_SHAPE_AT_PRIOR_256_GAME_LEAGUE_MEAN,00-0033106,00-0029604,-0.5454228808460804,0.0,1.339533092228712,4.419097900390625,1.3177161769948689,4.394580841064453,3.0,5.638332366943359,,,45.5,3.091838836669922,45.22265625,3.169963836669922
2017_02_GB_ATL,2017,2,False,False,11.0,57.0,RECONSTRUCTED_STARTER_IDENTITY_NOT_AS_ISSUED_T60,MARKET_TOTAL_RESIDUAL_SHAPE_AT_PRIOR_256_GAME_LEAGUE_MEAN,00-0026143,00-0023459,0.9470579102623944,1.5046752751097348,3.56316404761631,4.801910400390625,3.540859353022417,4.863330841064453,3.5,4.669582366943359,,,55.0,3.169963836669922,45.22265625,7.209026336669922
2017_02_DET_NYG,2017,2,False,False,-14.0,34.0,RECONSTRUCTED_STARTER_IDENTITY_NOT_AS_ISSUED_T60,MARKET_TOTAL_RESIDUAL_SHAPE_AT_PRIOR_256_GAME_LEAGUE_MEAN,00-0022803,00-0026498,0.0,0.0,2.0921216704610286,9.766754150390625,2.0921216704610286,9.707080841064453,3.0,10.83364486694336,,,42.0,4.916057586669922,45.22265625,6.486370086669922
2017_03_LA_SF,2017,3,False,False,-2.0,80.0,RECONSTRUCTED_STARTER_IDENTITY_NOT_AS_ISSUED_T60,MARKET_TOTAL_RESIDUAL_SHAPE_AT_PRIOR_256_GAME_LEAGUE_MEAN,00-0026625,00-0033106,5.838548026048018,3.877843820455007,-0.9569122136453916,2.778472900390625,-0.8784840454216711,2.746143341064453,-3.0,2.8727073669433594,,,40.5,31.423870086669922,44.96484375,27.466838836669922
2017_03_ATL_DET,2017,3,False,False,-4.0,56.0,RECONSTRUCTED_STARTER_IDENTITY_NOT_AS_ISSUED_T60,MARKET_TOTAL_RESIDUAL_SHAPE_AT_PRIOR_256_GAME_LEAGUE_MEAN,00-0026498,00-0026143,0.0,1.005469755469779,-0.9683973066539693,2.915191650390625,-1.0086160968727604,2.898487091064453,-3.0,2.7750511169433594,,,51.0,3.818401336669922,44.96484375,6.611370086669922
2017_03_CLE_IND,2017,3,False,False,3.0,59.0,RECONSTRUCTED_STARTER_IDENTITY_NOT_AS_ISSUED_T60,MARKET_TOTAL_RESIDUAL_SHAPE_AT_PRIOR_256_GAME_LEAGUE_MEAN,00-0033119,00-0033899,-24.587391774891778,-25.826063249727373,8.009587770715306,3.317535400390625,8.05913462970873,3.296924591064453,1.0,3.0172386169433594,,,42.0,10.810588836669922,44.96484375,8.533245086669922
2017_03_DEN_BUF,2017,3,False,False,10.0,42.0,RECONSTRUCTED_STARTER_IDENTITY_NOT_AS_ISSUED_T60,MARKET_TOTAL_RESIDUAL_SHAPE_AT_PRIOR_256_GAME_LEAGUE_MEAN,00-0028118,00-0032156,3.1968512855363063,2.123065851025552,-1.5292066506740412,7.805816650390625,-1.486255233293611,7.195362091064453,-3.5,9.02505111694336,,,40.0,3.169963836669922,44.96484375,3.318401336669922
2017_03_HOU_NE,2017,3,False,False,3.0,69.0,RECONSTRUCTED_STARTER_IDENTITY_NOT_AS_ISSUED_T60,MARKET_TOTAL_RESIDUAL_SHAPE_AT_PRIOR_256_GAME_LEAGUE_MEAN,00-0019596,00-0033537,1.5885439568493087,-28.035254505842744,10.344649519606765,3.989410400390625,11.529601458114449,4.886768341064453,13.5,6.251613616943359,,,44.5,16.834026336669922,44.96484375,16.834026336669922
2017_03_MIA_NYJ,2017,3,False,False,14.0,26.0,RECONSTRUCTED_STARTER_IDENTITY_NOT_AS_ISSUED_T60,MARKET_TOTAL_RESIDUAL_SHAPE_AT_PRIOR_256_GAME_LEAGUE_MEAN,00-0021206,00-0024226,19.751047659634914,-26.33683243034055,-1.3617219187748832,10.020660400390625,0.48179328482413525,9.300830841064453,-5.5,13.85708236694336,,,43.0,10.834026336669922,44.96484375,12.533245086669922
2017_03_NO_CAR,2017,3,False,False,-21.0,47.0,RECONSTRUCTED_STARTER_IDENTITY_NOT_AS_ISSUED_T60,MARKET_TOTAL_RESIDUAL_SHAPE_AT_PRIOR_256_GAME_LEAGUE_MEAN,00-0027939,00-0020531,3.5900532132623786,-3.69718309859155,6.597001102880058,20.747222900390625,6.888490555354215,20.789112091064453,5.5,20.08755111694336,,,46.5,3.084026336669922,44.96484375,3.169963836669922
2017_03_NYG_PHI,2017,3,False,False,3.0,51.0,RECONSTRUCTED_STARTER_IDENTITY_NOT_AS_ISSUED_T60,MARKET_TOTAL_RESIDUAL_SHAPE_AT_PRIOR_256_GAME_LEAGUE_MEAN,00-0032950,00-0022803,-0.6374344609638705,0.0,4.7243881442964994,2.817535400390625,4.698890765857945,2.785205841064453,5.0,2.8531761169433594,,,42.0,5.501995086669922,44.96484375,4.162151336669922
2017_03_PIT_CHI,2017,3,False,False,6.0,40.0,RECONSTRUCTED_STARTER_IDENTITY_NOT_AS_ISSUED_T60,MARKET_TOTAL_RESIDUAL_SHAPE_AT_PRIOR_256_GAME_LEAGUE_MEAN,00-0030520,00-0022924,12.709947776280316,12.502460566743423,-7.8365912701671006,9.251129150390625,-7.828291781785624,9.300830841064453,-7.0,8.31801986694336,,,43.5,3.517620086669922,44.96484375,3.775432586669922
2017_03_TB_MIN,2017,3,False,False,17.0,51.0,RECONSTRUCTED_STARTER_IDENTITY_NOT_AS_ISSUED_T60,MARKET_TOTAL_RESIDUAL_SHAPE_AT_PRIOR_256_GAME_LEAGUE_MEAN,00-0028986,00-0031503,-28.41233314694538,-1.1689512576494643,1.8685141356219084,10.020660400390625,0.7787788600500717,10.859424591064453,-0.0,11.34145736694336,,,41.0,6.048870086669922,44.96484375,4.162151336669922
2017_03_SEA_TEN,2017,3,False,False,6.0,60.0,RECONSTRUCTED_STARTER_IDENTITY_NOT_AS_ISSUED_T60,MARKET_TOTAL_RESIDUAL_SHAPE_AT_PRIOR_256_GAME_LEAGUE_MEAN,00-0032268,00-0029263,25.34692273781456,-1.5149359886201808,-0.7985911433053571,4.801910400390625,0.27588320575203257,4.375049591064453,2.0,3.4938011169433594,,,42.0,11.623088836669922,44.96484375,9.255901336669922
2017_03_CIN_GB,2017,3,False,False,3.0,51.0,RECONSTRUCTED_STARTER_IDENTITY_NOT_AS_ISSUED_T60,MARKET_TOTAL_RESIDUAL_SHAPE_AT_PRIOR_256_GAME_LEAGUE_MEAN,00-0023459,00-0027973,1.3815367816364832,0.0,7.800806156897043,3.317535400390625,7.856067628162501,3.296924591064453,7.0,3.2320823669433594,,,47.5,3.302776336669922,44.96484375,4.162151336669922
2017_03_KC_LAC,2017,3,False,False,-14.0,34.0,RECONSTRUCTED_STARTER_IDENTITY_NOT_AS_ISSUED_T60,MARKET_TOTAL_RESIDUAL_SHAPE_AT_PRIOR_256_GAME_LEAGUE_MEAN,00-0022942,00-0023436,0.0,-1.1117404829979582,-7.173002277932883,3.989410400390625,-7.128532658612965,3.957080841064453,-3.0,6.251613616943359,,,47.5,8.498088836669922,44.96484375,6.486370086669922
2017_03_OAK_WAS,2017,3,False,False,17.0,37.0,RECONSTRUCTED_STARTER_IDENTITY_NOT_AS_ISSUED_T60,MARKET_TOTAL_RESIDUAL_SHAPE_AT_PRIOR_256_GAME_LEAGUE_MEAN,00-0029604,00-0031280,0.0,35.06466645920776,-0.3201476579565133,11.649566650390625,-1.7227343163248237,13.406299591064453,-3.5,14.73598861694336,,,53.0,10.025432586669922,44.96484375,4.916057586669922
2017_03_BAL_JAX,2017,3,False,False,37.0,51.0,RECONSTRUCTED_STARTER_IDENTITY_NOT_AS_ISSUED_T60,MARKET_TOTAL_RESIDUAL_SHAPE_AT_PRIOR_256_GAME_LEAGUE_MEAN,00-0031407,00-0026158,-2.379729307187195,3.493103196613623,-5.757517628679325,36.520660400390625,-5.992430928831357,36.55473709106445,-3.0,33.09926986694336,,,38.0,7.849651336669922,44.96484375,4.162151336669922
2017_03_DAL_ARI,2017,3,False,False,-11.0,45.0,RECONSTRUCTED_STARTER_IDENTITY_NOT_AS_ISSUED_T60,MARKET_TOTAL_RESIDUAL_SHAPE_AT_PRIOR_256_GAME_LEAGUE_MEAN,00-0021429,00-0033077,3.8739495798319368,8.289962990640909,1.3341235868823424,6.751129150390625,1.1574830504499836,6.687549591064453,-3.0,4.579738616943359,,,46.5,3.173870086669922,44.96484375,3.084026336669922
2017_04_CHI_GB,2017,4,False,False,21.0,49.0,RECONSTRUCTED_STARTER_IDENTITY_NOT_AS_ISSUED_T60,MARKET_TOTAL_RESIDUAL_SHAPE_AT_PRIOR_256_GAME_LEAGUE_MEAN,00-0023459,00-0030520,1.2964148527528918,6.1106905881595175,10.56855032225615,6.493316650390625,10.375979292839887,7.195362091064453,7.5,8.31801986694336,,,44.0,3.818401336669922,45.28515625,3.533245086669922
2017_04_BUF_ATL,2017,4,False,False,-6.0,40.0,RECONSTRUCTED_STARTER_IDENTITY_NOT_AS_ISSUED_T60,MARKET_TOTAL_RESIDUAL_SHAPE_AT_PRIOR_256_GAME_LEAGUE_MEAN,00-0026143,00-0028118,0.9406261660654724,5.749137756137168,8.415233775981223,8.200347900390625,8.222893312378355,8.117237091064453,8.0,8.41958236694336,,,48.0,4.916057586669922,45.28515625,3.775432586669922
2017_04_CAR_NE,2017,4,False,False,-3.0,63.0,RECONSTRUCTED_STARTER_IDENTITY_NOT_AS_ISSUED_T60,MARKET_TOTAL_RESIDUAL_SHAPE_AT_PRIOR_256_GAME_LEAGUE_MEAN,00-0019596,00-0027939,1.7305080141265972,4.7767208181377585,8.94965966453169,6.751129150390625,8.827811152371245,6.687549591064453,9.0,6.935207366943359,,,48.0,9.255901336669922,45.28515625,11.623088836669922
2017_04_CIN_CLE,2017,4,False,False,-24.0,38.0,RECONSTRUCTED_STARTER_IDENTITY_NOT_AS_ISSUED_T60,MARKET_TOTAL_RESIDUAL_SHAPE_AT_PRIOR_256_GAME_LEAGUE_MEAN,00-0033899,00-0027973,-17.321207110376193,0.0,-2.7593532998079993,14.118316650390625,-3.452201584223047,14.136768341064453,-3.0,14.40786361694336,,,41.5,3.517620086669922,45.28515625,4.494182586669922
2017_04_DET_MIN,2017,4,False,False,-7.0,21.0,RECONSTRUCTED_STARTER_IDENTITY_NOT_AS_ISSUED_T60,MARKET_TOTAL_RESIDUAL_SHAPE_AT_PRIOR_256_GAME_LEAGUE_MEAN,00-0028986,00-0026498,-26.995971299182496,0.0,1.9926546964431144,4.934722900390625,0.9128158444758147,4.394580841064453,2.5,5.638332366943359,,,43.0,15.244182586669922,45.28515625,17.103557586669922
2017_04_JAX_NYJ,2017,4,False,False,3.0,43.0,RECONSTRUCTED_STARTER_IDENTITY_NOT_AS_ISSUED_T60,MARKET_TOTAL_RESIDUAL_SHAPE_AT_PRIOR_256_GAME_LEAGUE_MEAN,00-0021206,00-0031407,11.793604651162791,-1.6628848733789336,2.619178342326886,2.809722900390625,3.157437923308555,2.789112091064453,-4.0,4.669582366943359,,,38.5,3.533245086669922,45.28515625,3.173870086669922
2017_04_LA_DAL,2017,4,False,False,-5.0,65.0,RECONSTRUCTED_STARTER_IDENTITY_NOT_AS_ISSUED_T60,MARKET_TOTAL_RESIDUAL_SHAPE_AT_PRIOR_256_GAME_LEAGUE_MEAN,00-0033077,00-0033106,8.576751117734727,6.753139066571889,8.980569281779507,8.200347900390625,9.053513763826022,8.117237091064453,5.0,5.638332366943359,,,51.0,8.533245086669922,45.28515625,13.298870086669922
2017_04_PIT_BAL,2017,4,False,False,-17.0,35.0,RECONSTRUCTED_STARTER_IDENTITY_NOT_AS_ISSUED_T60,MARKET_TOTAL_RESIDUAL_SHAPE_AT_PRIOR_256_GAME_LEAGUE_MEAN,00-0026158,00-0022924,2.93848517232167,1.9814113378107345,-1.5327964820606668,8.969879150390625,-1.4945135286802291,9.707080841064453,-3.5,7.661769866943359,,,42.0,4.494182586669922,45.28515625,5.904338836669922
2017_04_TEN_HOU,2017,4,False,False,43.0,71.0,RECONSTRUCTED_STARTER_IDENTITY_NOT_AS_ISSUED_T60,MARKET_TOTAL_RESIDUAL_SHAPE_AT_PRIOR_256_GAME_LEAGUE_MEAN,00-0033537,00-0023662,1.8019927920288392,-60.17184035476717,1.534580101119991,34.520660400390625,4.013533426991831,32.56254959106445,-2.5,39.09926986694336,,,43.0,20.591838836669922,45.28515625,18.693401336669922
2017_04_NYG_TB,2017,4,False,False,2.0,48.0,RECONSTRUCTED_STARTER_IDENTITY_NOT_AS_ISSUED_T60,MARKET_TOTAL_RESIDUAL_SHAPE_AT_PRIOR_256_GAME_LEAGUE_MEAN,00-0031503,00-0022803,0.4390130054082064,0.0,3.582661012724584,2.817535400390625,3.6002215329409126,2.785205841064453,2.5,2.7750511169433594,,,46.0,3.169963836669922,45.28515625,3.302776336669922
2017_04_PHI_LAC,2017,4,False,False,-2.0,50.0,RECONSTRUCTED_STARTER_IDENTITY_NOT_AS_ISSUED_T60,MARKET_TOTAL_RESIDUAL_SHAPE_AT_PRIOR_256_GAME_LEAGUE_MEAN,00-0022942,00-0032950,0.0,-0.6460090070321778,-2.781772078671329,2.887847900390625,-2.755931718390042,2.902393341064453,1.5,3.2320823669433594,,,48.0,3.169963836669922,45.28515625,3.818401336669922
2017_04_SF_ARI,2017,4,False,False,3.0,33.0,RECONSTRUCTED_STARTER_IDENTITY_NOT_AS_ISSUED_T60,MARKET_TOTAL_RESIDUAL_SHAPE_AT_PRIOR_256_GAME_LEAGUE_MEAN,00-0021429,00-0026625,3.855554450851728,9.129568106312291,9.869561271696721,3.989410400390625,9.6586007254783,3.957080841064453,6.5,3.2320823669433594,,,43.0,5.904338836669922,45.28515625,7.111370086669922
2017_04_OAK_DEN,2017,4,False,False,6.0,26.0,RECONSTRUCTED_STARTER_IDENTITY_NOT_AS_ISSUED_T60,MARKET_TOTAL_RESIDUAL_SHAPE_AT_PRIOR_256_GAME_LEAGUE_MEAN,00-0032156,00-0031280,4.762996108699968,30.531858171154358,3.569602339261237,3.048004150390625,2.5388478567630615,3.300830841064453,3.5,3.0172386169433594,,,44.0,11.677776336669922,45.28515625,12.533245086669922
2017_04_IND_SEA,2017,4,False,False,28.0,64.0,RECONSTRUCTED_STARTER_IDENTITY_NOT_AS_ISSUED_T60,MARKET_TOTAL_RESIDUAL_SHAPE_AT_PRIOR_256_GAME_LEAGUE_MEAN,00-0029263,00-0033119,-0.8701357982425995,-11.198680351906166,5.615218617641003,16.067535400390625,6.028360399787547,16.074268341064453,12.5,9.77505111694336,,,41.5,15.033245086669922,45.28515625,12.447307586669922
2017_04_NO_MIA,2017,4,False,False,-20.0,20.0,RECONSTRUCTED_STARTER_IDENTITY_NOT_AS_ISSUED_T60,MARKET_TOTAL_RESIDUAL_SHAPE_AT_PRIOR_256_GAME_LEAGUE_MEAN,00-0024226,00-0020531,-21.99591209706817,-3.6958022645678046,-0.7716260426781173,12.321441650390625,-1.503630435978132,11.410205841064453,-4.0,10.01333236694336,,,51.5,24.884807586669922,45.28515625,18.041057586669922
2017_04_WAS_KC,2017,4,False,False,9.0,49.0,RECONSTRUCTED_STARTER_IDENTITY_NOT_AS_ISSUED_T60,MARKET_TOTAL_RESIDUAL_SHAPE_AT_PRIOR_256_GAME_LEAGUE_MEAN,00-0023436,00-0029604,-1.137500926681012,0.0,8.670055183374625,2.809722900390625,8.624555146307385,2.789112091064453,6.5,3.0172386169433594,,,48.0,3.091838836669922,45.28515625,3.533245086669922
2017_05_NE_TB,2017,5,False,False,-5.0,33.0,RECONSTRUCTED_STARTER_IDENTITY_NOT_AS_ISSUED_T60,MARKET_TOTAL_RESIDUAL_SHAPE_AT_PRIOR_256_GAME_LEAGUE_MEAN,00-0031503,00-0019596,0.4555582080050913,1.6006749416360488,-3.1302521098666514,2.817535400390625,-3.1760567792118892,2.785205841064453,-3.5,2.7750511169433594,,,54.5,15.244182586669922,45.13671875,7.111370086669922
2017_05_ARI_PHI,2017,5,False,False,27.0,41.0,RECONSTRUCTED_STARTER_IDENTITY_NOT_AS_ISSUED_T60,MARKET_TOTAL_RESIDUAL_SHAPE_AT_PRIOR_256_GAME_LEAGUE_MEAN,00-0032950,00-0021429,-0.6429755862548125,3.789413195625513,4.365701489481407,16.981597900390625,4.188405938206195,16.996143341064453,6.0,14.73598861694336,,,45.0,3.517620086669922,45.13671875,3.517620086669922
2017_05_BUF_CIN,2017,5,False,False,4.0,36.0,RECONSTRUCTED_STARTER_IDENTITY_NOT_AS_ISSUED_T60,MARKET_TOTAL_RESIDUAL_SHAPE_AT_PRIOR_256_GAME_LEAGUE_MEAN,00-0027973,00-0028118,0.0,2.935689685623455,-0.3450250140589651,3.575347900390625,-0.46245260148390327,3.601612091064453,3.0,2.8727073669433594,,,39.0,3.318401336669922,45.13671875,5.376995086669922
2017_05_CAR_DET,2017,5,False,False,-3.0,51.0,RECONSTRUCTED_STARTER_IDENTITY_NOT_AS_ISSUED_T60,MARKET_TOTAL_RESIDUAL_SHAPE_AT_PRIOR_256_GAME_LEAGUE_MEAN,00-0026498,00-0027939,0.0,5.085070275444936,3.7780243349671854,3.989410400390625,3.574621523949388,3.957080841064453,2.0,3.4859886169433594,,,42.0,5.501995086669922,45.13671875,4.162151336669922
2017_05_JAX_PIT,2017,5,False,False,-21.0,39.0,RECONSTRUCTED_STARTER_IDENTITY_NOT_AS_ISSUED_T60,MARKET_TOTAL_RESIDUAL_SHAPE_AT_PRIOR_256_GAME_LEAGUE_MEAN,00-0022924,00-0031407,-7.730402026368766,-1.6869081926718765,9.605300082158237,23.657379150390625,9.36356032881036,22.722705841064453,7.5,22.01333236694336,,,41.0,3.173870086669922,45.13671875,4.115276336669922
2017_05_LAC_NYG,2017,5,False,False,-5.0,49.0,RECONSTRUCTED_STARTER_IDENTITY_NOT_AS_ISSUED_T60,MARKET_TOTAL_RESIDUAL_SHAPE_AT_PRIOR_256_GAME_LEAGUE_MEAN,00-0022803,00-0022942,0.0,0.0,5.175569793642417,5.497222900390625,5.175569793642417,5.437549591064453,3.0,4.579738616943359,,,45.5,3.302776336669922,45.13671875,3.533245086669922
2017_05_NYJ_CLE,2017,5,False,False,-3.0,31.0,RECONSTRUCTED_STARTER_IDENTITY_NOT_AS_ISSUED_T60,MARKET_TOTAL_RESIDUAL_SHAPE_AT_PRIOR_256_GAME_LEAGUE_MEAN,00-0032784,00-0021206,-13.254347084896011,4.407972295903351,-4.252051288938082,2.887847900390625,-4.958544064170057,3.078174591064453,-1.5,2.7750511169433594,,,41.5,6.486370086669922,45.13671875,8.498088836669922
2017_05_SF_IND,2017,5,False,False,3.0,49.0,RECONSTRUCTED_STARTER_IDENTITY_NOT_AS_ISSUED_T60,MARKET_TOTAL_RESIDUAL_SHAPE_AT_PRIOR_256_GAME_LEAGUE_MEAN,00-0033119,00-0026625,-13.280861124937783,29.09346184495123,7.742479122701152,3.317535400390625,6.047506203905591,2.898487091064453,-1.0,3.4938011169433594,,,43.5,3.818401336669922,45.13671875,3.533245086669922
2017_05_TEN_MIA,2017,5,False,False,6.0,26.0,RECONSTRUCTED_STARTER_IDENTITY_NOT_AS_ISSUED_T60,MARKET_TOTAL_RESIDUAL_SHAPE_AT_PRIOR_256_GAME_LEAGUE_MEAN,00-0024226,00-0023662,-25.27476780185758,-39.09908471690081,2.564980382325366,3.274566650390625,3.117953058927095,3.300830841064453,-0.0,4.216457366943359,,,41.5,10.025432586669922,45.13671875,12.533245086669922
2017_05_BAL_OAK,2017,5,False,False,-13.0,47.0,RECONSTRUCTED_STARTER_IDENTITY_NOT_AS_ISSUED_T60,MARKET_TOTAL_RESIDUAL_SHAPE_AT_PRIOR_256_GAME_LEAGUE_MEAN,00-0030526,00-0026158,-18.34841489689134,2.299484577151012,5.213056353732681,11.450347900390625,4.387140374770988,10.539112091064453,3.0,10.01333236694336,,,40.5,4.162151336669922,45.13671875,3.169963836669922
2017_05_SEA_LA,2017,5,False,False,-6.0,26.0,RECONSTRUCTED_STARTER_IDENTITY_NOT_AS_ISSUED_T60,MARKET_TOTAL_RESIDUAL_SHAPE_AT_PRIOR_256_GAME_LEAGUE_MEAN,00-0033106,00-0029263,7.274816176470589,0.47419387042029193,-1.3060345575453811,3.317535400390625,-1.0340096653033695,3.296924591064453,2.0,4.579738616943359,,,46.5,14.326213836669922,45.13671875,12.533245086669922
2017_05_GB_DAL,2017,5,False,False,-4.0,66.0,RECONSTRUCTED_STARTER_IDENTITY_NOT_AS_ISSUED_T60,MARKET_TOTAL_RESIDUAL_SHAPE_AT_PRIOR_256_GAME_LEAGUE_MEAN,00-0033077,00-0023459,8.089232997781327,0.8373708010335879,0.8068673334700998,3.317535400390625,1.0969418213400093,3.296924591064453,2.5,4.146144866943359,,,52.0,8.533245086669922,45.13671875,14.162151336669922
2017_05_KC_HOU,2017,5,False,False,-8.0,76.0,RECONSTRUCTED_STARTER_IDENTITY_NOT_AS_ISSUED_T60,MARKET_TOTAL_RESIDUAL_SHAPE_AT_PRIOR_256_GAME_LEAGUE_MEAN,00-0033537,00-0023436,28.008936355710535,-1.1366085423197614,-4.8394617928186925,2.915191650390625,-3.6736399968974807,3.062549591064453,-2.0,3.7867698669433594,,,45.0,23.521526336669922,45.13671875,23.521526336669922
2017_05_MIN_CHI,2017,5,False,False,-3.0,37.0,RECONSTRUCTED_STARTER_IDENTITY_NOT_AS_ISSUED_T60,MARKET_TOTAL_RESIDUAL_SHAPE_AT_PRIOR_256_GAME_LEAGUE_MEAN,00-0033869,00-0028986,27.980780317134425,-28.90264478541762,-2.168202257349194,2.778472900390625,0.1071347467528878,2.898487091064453,-3.5,2.8727073669433594,,,41.0,3.517620086669922,45.13671875,4.916057586669922
2017_06_PHI_CAR,2017,6,False,False,-5.0,51.0,RECONSTRUCTED_STARTER_IDENTITY_NOT_AS_ISSUED_T60,MARKET_TOTAL_RESIDUAL_SHAPE_AT_PRIOR_256_GAME_LEAGUE_MEAN,00-0027939,00-0032950,5.255240027045316,-0.6259430817278977,1.8897779919217372,3.989410400390625,2.1250253162726658,3.957080841064453,3.0,4.579738616943359,,,44.0,4.556682586669922,45.06640625,4.162151336669922
2017_06_CHI_BAL,2017,6,False,False,-3.0,51.0,RECONSTRUCTED_STARTER_IDENTITY_NOT_AS_ISSUED_T60,MARKET_TOTAL_RESIDUAL_SHAPE_AT_PRIOR_256_GAME_LEAGUE_MEAN,00-0026158,00-0033869,2.5609478241057193,-29.99769691386458,7.687982804690819,6.102691650390625,8.99032859420963,6.687549591064453,5.5,5.075832366943359,,,39.5,6.611370086669922,45.06640625,4.162151336669922
2017_06_CLE_HOU,2017,6,False,False,16.0,50.0,RECONSTRUCTED_STARTER_IDENTITY_NOT_AS_ISSUED_T60,MARKET_TOTAL_RESIDUAL_SHAPE_AT_PRIOR_256_GAME_LEAGUE_MEAN,00-0033537,00-0032784,37.33842341437279,26.778616852146264,10.85556848769178,3.926910400390625,11.277960750180842,3.957080841064453,7.5,5.177394866943359,,,46.0,3.533245086669922,45.06640625,3.818401336669922
2017_06_DET_NO,2017,6,False,False,14.0,90.0,RECONSTRUCTED_STARTER_IDENTITY_NOT_AS_ISSUED_T60,MARKET_TOTAL_RESIDUAL_SHAPE_AT_PRIOR_256_GAME_LEAGUE_MEAN,00-0020531,00-0026498,-3.7287919918561174,0.0,2.1854525232344533,7.805816650390625,2.036300843560208,7.855518341064453,6.0,5.177394866943359,,,50.5,31.423870086669922,45.06640625,37.39262008666992
2017_06_GB_MIN,2017,6,False,False,13.0,33.0,RECONSTRUCTED_STARTER_IDENTITY_NOT_AS_ISSUED_T60,MARKET_TOTAL_RESIDUAL_SHAPE_AT_PRIOR_256_GAME_LEAGUE_MEAN,00-0028986,00-0031589,-32.72928745718697,-245.49682875264273,-1.6221155219929186,10.020660400390625,6.888586129825312,4.375049591064453,-3.0,10.54848861694336,,,46.0,7.779338836669922,45.06640625,7.111370086669922
2017_06_MIA_ATL,2017,6,False,False,-3.0,37.0,RECONSTRUCTED_STARTER_IDENTITY_NOT_AS_ISSUED_T60,MARKET_TOTAL_RESIDUAL_SHAPE_AT_PRIOR_256_GAME_LEAGUE_MEAN,00-0026143,00-0024226,-0.5107406671304382,-15.90644409937887,8.636367543284123,6.751129150390625,9.25219568057406,6.687549591064453,14.0,10.83364486694336,,,46.0,5.376995086669922,45.06640625,4.916057586669922
2017_06_NE_NYJ,2017,6,False,False,-7.0,41.0,RECONSTRUCTED_STARTER_IDENTITY_NOT_AS_ISSUED_T60,MARKET_TOTAL_RESIDUAL_SHAPE_AT_PRIOR_256_GAME_LEAGUE_MEAN,00-0021206,00-0019596,12.459395302348831,1.5742909185532117,-4.97076465645493,2.817535400390625,-4.535360481103106,2.785205841064453,-9.0,3.0172386169433594,,,48.5,4.916057586669922,45.06640625,3.517620086669922
2017_06_SF_WAS,2017,6,False,False,2.0,50.0,RECONSTRUCTED_STARTER_IDENTITY_NOT_AS_ISSUED_T60,MARKET_TOTAL_RESIDUAL_SHAPE_AT_PRIOR_256_GAME_LEAGUE_MEAN,00-0029604,00-0033936,0.0,25.84537550823145,10.932723554211753,4.934722900390625,9.898908533882494,4.394580841064453,12.0,5.638332366943359,,,46.0,3.533245086669922,45.06640625,3.818401336669922
2017_06_LA_JAX,2017,6,False,False,-10.0,44.0,RECONSTRUCTED_STARTER_IDENTITY_NOT_AS_ISSUED_T60,MARKET_TOTAL_RESIDUAL_SHAPE_AT_PRIOR_256_GAME_LEAGUE_MEAN,00-0031407,00-0033106,-1.7835379316435418,6.6456070909029386,4.679367864639071,8.969879150390625,4.342202063737211,8.117237091064453,1.0,6.251613616943359,,,42.0,3.169963836669922,45.06640625,3.099651336669922
2017_06_TB_ARI,2017,6,False,False,5.0,71.0,RECONSTRUCTED_STARTER_IDENTITY_NOT_AS_ISSUED_T60,MARKET_TOTAL_RESIDUAL_SHAPE_AT_PRIOR_256_GAME_LEAGUE_MEAN,00-0021429,00-0023682,3.8193617527982893,-20.181855409128136,2.3652055982783624,3.274566650390625,3.325254284755419,3.078174591064453,-2.5,5.177394866943359,,,46.5,16.834026336669922,45.06640625,18.693401336669922
2017_06_LAC_OAK,2017,6,False,False,-1.0,33.0,RECONSTRUCTED_STARTER_IDENTITY_NOT_AS_ISSUED_T60,MARKET_TOTAL_RESIDUAL_SHAPE_AT_PRIOR_256_GAME_LEAGUE_MEAN,00-0031280,00-0022942,49.04156647200275,0.0,5.125991691916942,3.614410400390625,7.087654350797053,4.394580841064453,3.0,3.2320823669433594,,,48.5,10.025432586669922,45.06640625,7.111370086669922
2017_06_PIT_KC,2017,6,False,False,-6.0,32.0,RECONSTRUCTED_STARTER_IDENTITY_NOT_AS_ISSUED_T60,MARKET_TOTAL_RESIDUAL_SHAPE_AT_PRIOR_256_GAME_LEAGUE_MEAN,00-0023436,00-0022924,-1.0938011866195918,4.674988560970039,8.288451597065995,8.200347900390625,8.05770000716241,8.117237091064453,3.5,5.638332366943359,,,46.5,9.240276336669922,45.06640625,7.779338836669922
2017_06_NYG_DEN,2017,6,False,False,-13.0,33.0,RECONSTRUCTED_STARTER_IDENTITY_NOT_AS_ISSUED_T60,MARKET_TOTAL_RESIDUAL_SHAPE_AT_PRIOR_256_GAME_LEAGUE_MEAN,00-0032156,00-0022803,-2.7753460633583193,0.0,8.229661396776628,14.118316650390625,8.118647554242296,14.136768341064453,14.0,20.08755111694336,,,37.5,3.775432586669922,45.06640625,7.111370086669922
2017_06_IND_TEN,2017,6,False,False,14.0,58.0,RECONSTRUCTED_STARTER_IDENTITY_NOT_AS_ISSUED_T60,MARKET_TOTAL_RESIDUAL_SHAPE_AT_PRIOR_256_GAME_LEAGUE_MEAN,00-0032268,00-0033119,50.83769952479591,-17.588049127493388,2.4641975149536575,7.805816650390625,5.201227461045229,5.968799591064453,7.0,4.669582366943359,,,46.0,7.209026336669922,45.06640625,7.849651336669922
2017_07_KC_OAK,2017,7,False,False,1.0,61.0,RECONSTRUCTED_STARTER_IDENTITY_NOT_AS_ISSUED_T60,MARKET_TOTAL_RESIDUAL_SHAPE_AT_PRIOR_256_GAME_LEAGUE_MEAN,00-0031280,00-0023436,29.78055870674985,-1.075697552777366,-5.016425905207188,4.333160400390625,-3.7821756548260996,3.957080841064453,-3.0,3.4938011169433594,,,46.5,8.533245086669922,44.984375,10.017620086669922
2017_07_ARI_LA,2017,7,False,False,33.0,33.0,RECONSTRUCTED_STARTER_IDENTITY_NOT_AS_ISSUED_T60,MARKET_TOTAL_RESIDUAL_SHAPE_AT_PRIOR_256_GAME_LEAGUE_MEAN,00-0033106,00-0021429,7.471123460825968,4.105651262207899,-0.894683613206771,27.548004150390625,-0.7600647252620483,27.582080841064453,3.0,23.17739486694336,,,45.5,7.779338836669922,44.984375,7.111370086669922
2017_07_BAL_MIN,2017,7,False,False,8.0,40.0,RECONSTRUCTED_STARTER_IDENTITY_NOT_AS_ISSUED_T60,MARKET_TOTAL_RESIDUAL_SHAPE_AT_PRIOR_256_GAME_LEAGUE_MEAN,00-0028986,00-0026158,-32.689945370200824,1.3835045228674403,5.308653385408179,3.274566650390625,3.945715389685448,3.601612091064453,5.0,3.2203636169433594,,,37.5,3.169963836669922,44.984375,3.775432586669922
2017_07_CAR_CHI,2017,7,False,False,14.0,20.0,RECONSTRUCTED_STARTER_IDENTITY_NOT_AS_ISSUED_T60,MARKET_TOTAL_RESIDUAL_SHAPE_AT_PRIOR_256_GAME_LEAGUE_MEAN,00-0033869,00-0027939,-7.16550207039337,1.2417838266780334,-2.98798437410509,11.649566650390625,-3.324275809987946,11.687549591064453,-2.5,11.34145736694336,,,39.5,13.416057586669922,44.984375,18.041057586669922
2017_07_JAX_IND,2017,7,False,False,-27.0,27.0,RECONSTRUCTED_STARTER_IDENTITY_NOT_AS_ISSUED_T60,MARKET_TOTAL_RESIDUAL_SHAPE_AT_PRIOR_256_GAME_LEAGUE_MEAN,00-0033119,00-0031407,-3.31363419293218,-1.7173170293112605,1.2700320334173194,20.747222900390625,1.2061793468724824,20.789112091064453,-3.0,17.23208236694336,,,41.0,8.498088836669922,44.984375,11.677776336669922
2017_07_NO_GB,2017,7,False,False,-9.0,43.0,RECONSTRUCTED_STARTER_IDENTITY_NOT_AS_ISSUED_T60,MARKET_TOTAL_RESIDUAL_SHAPE_AT_PRIOR_256_GAME_LEAGUE_MEAN,00-0031589,00-0020531,-165.50817757009347,0.0,3.7828721135131946,7.458160400390625,-2.837454989290544,3.593799591064453,-3.5,3.4859886169433594,,,45.5,3.318401336669922,44.984375,3.173870086669922
2017_07_NYJ_MIA,2017,7,False,False,3.0,59.0,RECONSTRUCTED_STARTER_IDENTITY_NOT_AS_ISSUED_T60,MARKET_TOTAL_RESIDUAL_SHAPE_AT_PRIOR_256_GAME_LEAGUE_MEAN,00-0025708,00-0021206,48.720274772924355,4.907663896583547,4.285631423742252,2.778472900390625,6.038135858795885,2.898487091064453,3.0,2.7984886169433594,,,40.0,12.447307586669922,44.984375,8.533245086669922
2017_07_TB_BUF,2017,7,False,False,3.0,57.0,RECONSTRUCTED_STARTER_IDENTITY_NOT_AS_ISSUED_T60,MARKET_TOTAL_RESIDUAL_SHAPE_AT_PRIOR_256_GAME_LEAGUE_MEAN,00-0028118,00-0031503,9.870607787274466,-2.400173344787393,4.842817906936325,2.817535400390625,5.3336491522188,2.785205841064453,3.0,2.7984886169433594,,,46.5,6.048870086669922,44.984375,7.209026336669922
2017_07_TEN_CLE,2017,7,False,False,-3.0,21.0,RECONSTRUCTED_STARTER_IDENTITY_NOT_AS_ISSUED_T60,MARKET_TOTAL_RESIDUAL_SHAPE_AT_PRIOR_256_GAME_LEAGUE_MEAN,00-0033899,00-0032268,-17.727620899435827,42.845836707649276,-5.227142434855122,3.048004150390625,-7.650080739138527,3.957080841064453,-5.5,3.2203636169433594,,,42.5,15.244182586669922,44.984375,17.103557586669922
2017_07_DAL_SF,2017,7,False,False,-30.0,50.0,RECONSTRUCTED_STARTER_IDENTITY_NOT_AS_ISSUED_T60,MARKET_TOTAL_RESIDUAL_SHAPE_AT_PRIOR_256_GAME_LEAGUE_MEAN,00-0033936,00-0033077,1.852226720647776,7.7996513935916445,-6.787524015061481,15.973785400390625,-7.025421001979236,16.000049591064453,-6.5,16.28676986694336,,,48.0,3.169963836669922,44.984375,3.818401336669922
2017_07_CIN_PIT,2017,7,False,False,15.0,43.0,RECONSTRUCTED_STARTER_IDENTITY_NOT_AS_ISSUED_T60,MARKET_TOTAL_RESIDUAL_SHAPE_AT_PRIOR_256_GAME_LEAGUE_MEAN,00-0022924,00-0027973,2.517660218153428,0.0,6.632309392852758,5.325347900390625,6.733015801578895,5.394580841064453,4.0,6.958644866943359,,,40.0,3.302776336669922,44.984375,3.173870086669922
2017_07_DEN_LAC,2017,7,False,False,21.0,21.0,RECONSTRUCTED_STARTER_IDENTITY_NOT_AS_ISSUED_T60,MARKET_TOTAL_RESIDUAL_SHAPE_AT_PRIOR_256_GAME_LEAGUE_MEAN,00-0022942,00-0032156,0.0,13.890306122448992,-1.3581675469432322,16.067535400390625,-1.9137797918411916,16.996143341064453,-1.0,15.63442611694336,,,41.0,13.416057586669922,44.984375,17.103557586669922
2017_07_SEA_NYG,2017,7,False,False,-17.0,31.0,RECONSTRUCTED_STARTER_IDENTITY_NOT_AS_ISSUED_T60,MARKET_TOTAL_RESIDUAL_SHAPE_AT_PRIOR_256_GAME_LEAGUE_MEAN,00-0022803,00-0029263,0.0,4.0988261341499355,-1.1298992356401505,9.766754150390625,-1.293852281006148,9.707080841064453,-4.0,7.661769866943359,,,39.0,4.916057586669922,44.984375,8.498088836669922
2017_07_ATL_NE,2017,7,False,False,16.0,30.0,RECONSTRUCTED_STARTER_IDENTITY_NOT_AS_ISSUED_T60,MARKET_TOTAL_RESIDUAL_SHAPE_AT_PRIOR_256_GAME_LEAGUE_MEAN,00-0019596,00-0026143,0.9198056860715065,0.0,5.3917087406297926,7.130035400390625,5.428500968072652,7.195362091064453,3.0,8.31801986694336,,,56.5,19.966838836669922,44.984375,9.240276336669922
2017_07_WAS_PHI,2017,7,False,False,10.0,58.0,RECONSTRUCTED_STARTER_IDENTITY_NOT_AS_ISSUED_T60,MARKET_TOTAL_RESIDUAL_SHAPE_AT_PRIOR_256_GAME_LEAGUE_MEAN,00-0032950,00-0029604,-0.6316869658838487,0.0,5.523274940951805,3.575347900390625,5.498007462316451,3.957080841064453,5.0,3.8336448669433594,,,48.5,5.501995086669922,44.984375,7.849651336669922
2017_08_MIA_BAL,2017,8,False,False,40.0,40.0,RECONSTRUCTED_STARTER_IDENTITY_NOT_AS_ISSUED_T60,MARKET_TOTAL_RESIDUAL_SHAPE_AT_PRIOR_256_GAME_LEAGUE_MEAN,00-0026158,00-0025708,1.2337165557707919,52.266617790811345,0.7270472955408149,32.524566650390625,-1.3142687538608073,34.55473709106445,3.0,30.09926986694336,,,38.0,3.169963836669922,44.84765625,3.775432586669922
2017_08_ATL_NYJ,2017,8,False,False,-5.0,45.0,RECONSTRUCTED_STARTER_IDENTITY_NOT_AS_ISSUED_T60,MARKET_TOTAL_RESIDUAL_SHAPE_AT_PRIOR_256_GAME_LEAGUE_MEAN,00-0021206,00-0026143,0.06302521008403339,0.0,-2.910829026540896,2.817535400390625,-2.9083080181375345,2.785205841064453,-6.5,3.0172386169433594,,,43.5,3.091838836669922,44.84765625,3.084026336669922
2017_08_CAR_TB,2017,8,False,False,-14.0,20.0,RECONSTRUCTED_STARTER_IDENTITY_NOT_AS_ISSUED_T60,MARKET_TOTAL_RESIDUAL_SHAPE_AT_PRIOR_256_GAME_LEAGUE_MEAN,00-0031503,00-0027939,-1.920657597338904,1.11410190938237,1.2724776579286936,8.969879150390625,1.1510872776598426,8.902393341064453,1.5,10.01333236694336,,,46.0,19.001995086669922,44.84765625,18.041057586669922
2017_08_CHI_NO,2017,8,False,False,8.0,32.0,RECONSTRUCTED_STARTER_IDENTITY_NOT_AS_ISSUED_T60,MARKET_TOTAL_RESIDUAL_SHAPE_AT_PRIOR_256_GAME_LEAGUE_MEAN,00-0020531,00-0033869,0.0,11.23030506201812,9.068090857192129,2.778472900390625,8.618878654711404,2.746143341064453,7.5,2.7984886169433594,,,46.0,8.498088836669922,44.84765625,7.779338836669922
2017_08_IND_CIN,2017,8,False,False,1.0,47.0,RECONSTRUCTED_STARTER_IDENTITY_NOT_AS_ISSUED_T60,MARKET_TOTAL_RESIDUAL_SHAPE_AT_PRIOR_256_GAME_LEAGUE_MEAN,00-0027973,00-0033119,0.0,-9.313588850174215,6.027824152921021,3.317535400390625,6.40036770692799,3.296924591064453,11.0,5.638332366943359,,,44.0,3.302776336669922,44.84765625,3.169963836669922
2017_08_LAC_NE,2017,8,False,False,8.0,34.0,RECONSTRUCTED_STARTER_IDENTITY_NOT_AS_ISSUED_T60,MARKET_TOTAL_RESIDUAL_SHAPE_AT_PRIOR_256_GAME_LEAGUE_MEAN,00-0019596,00-0022942,0.4578607029303239,0.0,11.43994732749119,2.915191650390625,11.458261755608403,2.898487091064453,6.5,2.8727073669433594,,,49.5,10.025432586669922,44.84765625,6.486370086669922
2017_08_OAK_BUF,2017,8,False,False,20.0,48.0,RECONSTRUCTED_STARTER_IDENTITY_NOT_AS_ISSUED_T60,MARKET_TOTAL_RESIDUAL_SHAPE_AT_PRIOR_256_GAME_LEAGUE_MEAN,00-0028118,00-0031280,-1.34514785950679,22.608842770133087,4.70689097175904,10.020660400390625,3.748731346573444,10.859424591064453,2.5,11.34145736694336,,,47.0,3.091838836669922,44.84765625,3.302776336669922
2017_08_SF_PHI,2017,8,False,False,23.0,43.0,RECONSTRUCTED_STARTER_IDENTITY_NOT_AS_ISSUED_T60,MARKET_TOTAL_RESIDUAL_SHAPE_AT_PRIOR_256_GAME_LEAGUE_MEAN,00-0032950,00-0033936,-0.6408364362909813,-8.950617283950614,15.383729943987072,5.325347900390625,15.716121177893461,4.863330841064453,13.0,6.329738616943359,,,45.0,3.173870086669922,44.84765625,3.173870086669922
2017_08_HOU_SEA,2017,8,False,False,3.0,79.0,RECONSTRUCTED_STARTER_IDENTITY_NOT_AS_ISSUED_T60,MARKET_TOTAL_RESIDUAL_SHAPE_AT_PRIOR_256_GAME_LEAGUE_MEAN,00-0029263,00-0033537,4.05103603694783,34.34866210879943,6.807869228347163,3.079254150390625,5.595964185473099,2.898487091064453,6.0,3.0172386169433594,,,45.0,26.478557586669922,44.84765625,26.478557586669922
2017_08_DAL_WAS,2017,8,False,False,-14.0,52.0,RECONSTRUCTED_STARTER_IDENTITY_NOT_AS_ISSUED_T60,MARKET_TOTAL_RESIDUAL_SHAPE_AT_PRIOR_256_GAME_LEAGUE_MEAN,00-0029604,00-0033077,0.0,10.766122456375605,0.5545105244357456,8.969879150390625,0.12386562618072133,8.117237091064453,-3.0,6.251613616943359,,,46.5,3.818401336669922,44.84765625,4.556682586669922
2017_08_PIT_DET,2017,8,False,False,-5.0,35.0,RECONSTRUCTED_STARTER_IDENTITY_NOT_AS_ISSUED_T60,MARKET_TOTAL_RESIDUAL_SHAPE_AT_PRIOR_256_GAME_LEAGUE_MEAN,00-0026498,00-0022924,0.0,-2.6940348956992155,-0.6403807051414515,3.079254150390625,-0.5326193093134829,3.062549591064453,-3.0,2.8531761169433594,,,44.5,5.904338836669922,44.84765625,5.904338836669922
2017_08_MIN_CLE,2017,8,False,False,-17.0,49.0,RECONSTRUCTED_STARTER_IDENTITY_NOT_AS_ISSUED_T60,MARKET_TOTAL_RESIDUAL_SHAPE_AT_PRIOR_256_GAME_LEAGUE_MEAN,00-0033899,00-0028986,-21.982453657846325,-35.45669729880257,-11.709594708655823,3.317535400390625,-11.170624963017573,3.593799591064453,-11.0,3.7867698669433594,,,38.5,6.048870086669922,44.84765625,3.533245086669922
2017_08_DEN_KC,2017,8,False,False,10.0,48.0,RECONSTRUCTED_STARTER_IDENTITY_NOT_AS_ISSUED_T60,MARKET_TOTAL_RESIDUAL_SHAPE_AT_PRIOR_256_GAME_LEAGUE_MEAN,00-0023436,00-0032156,-1.0063446582071034,-0.5219402233332948,8.969961301204794,2.887847900390625,8.950585123809843,2.902393341064453,7.0,3.2203636169433594,,,42.0,4.162151336669922,44.84765625,3.302776336669922
2017_09_BUF_NYJ,2017,9,False,False,13.0,55.0,RECONSTRUCTED_STARTER_IDENTITY_NOT_AS_ISSUED_T60,MARKET_TOTAL_RESIDUAL_SHAPE_AT_PRIOR_256_GAME_LEAGUE_MEAN,00-0021206,00-0028118,0.9903560830860414,9.464670926777652,-2.392107108680357,10.020660400390625,-2.7310797024280213,10.859424591064453,-3.0,10.54848861694336,,,42.0,7.849651336669922,44.49609375,6.611370086669922
2017_09_ATL_CAR,2017,9,False,False,3.0,37.0,RECONSTRUCTED_STARTER_IDENTITY_NOT_AS_ISSUED_T60,MARKET_TOTAL_RESIDUAL_SHAPE_AT_PRIOR_256_GAME_LEAGUE_MEAN,00-0027939,00-0026143,0.9196862571807296,0.0,-0.21341780523772286,3.274566650390625,-0.17663035495049367,3.300830841064453,-3.0,4.216457366943359,,,42.0,3.775432586669922,44.49609375,4.494182586669922
2017_09_BAL_TEN,2017,9,False,False,3.0,43.0,RECONSTRUCTED_STARTER_IDENTITY_NOT_AS_ISSUED_T60,MARKET_TOTAL_RESIDUAL_SHAPE_AT_PRIOR_256_GAME_LEAGUE_MEAN,00-0032268,00-0026158,33.90879681473184,0.3929743028977639,1.7542551372774688,2.887847900390625,3.094888037750832,2.789112091064453,3.0,2.7984886169433594,,,41.0,3.169963836669922,44.49609375,3.099651336669922
2017_09_CIN_JAX,2017,9,False,False,16.0,30.0,RECONSTRUCTED_STARTER_IDENTITY_NOT_AS_ISSUED_T60,MARKET_TOTAL_RESIDUAL_SHAPE_AT_PRIOR_256_GAME_LEAGUE_MEAN,00-0031407,00-0027973,-1.1719207781553997,0.0,3.2999381127676406,8.505035400390625,3.2530612816414246,8.562549591064453,6.0,6.329738616943359,,,38.0,4.916057586669922,44.49609375,8.498088836669922
2017_09_DEN_PHI,2017,9,False,False,28.0,74.0,RECONSTRUCTED_STARTER_IDENTITY_NOT_AS_ISSUED_T60,MARKET_TOTAL_RESIDUAL_SHAPE_AT_PRIOR_256_GAME_LEAGUE_MEAN,00-0032950,00-0029682,-0.6302421269188008,-11.438409563409557,7.519720238407881,14.270660400390625,7.952046935867511,14.289112091064453,7.0,14.73598861694336,,,41.0,25.490276336669922,44.49609375,22.541057586669922
2017_09_IND_HOU,2017,9,False,False,-6.0,34.0,RECONSTRUCTED_STARTER_IDENTITY_NOT_AS_ISSUED_T60,MARKET_TOTAL_RESIDUAL_SHAPE_AT_PRIOR_256_GAME_LEAGUE_MEAN,00-0031064,00-0033119,-36.577835364430115,-0.4032292695495432,6.6778498480003785,7.458160400390625,5.230865604205155,6.039112091064453,6.0,6.935207366943359,,,45.0,6.486370086669922,44.49609375,5.904338836669922
2017_09_LA_NYG,2017,9,False,False,-34.0,68.0,RECONSTRUCTED_STARTER_IDENTITY_NOT_AS_ISSUED_T60,MARKET_TOTAL_RESIDUAL_SHAPE_AT_PRIOR_256_GAME_LEAGUE_MEAN,00-0022803,00-0033106,0.0,8.156268836648572,0.2590404273997956,26.602691650390625,-0.06721032606614727,26.640674591064453,-5.5,21.04848861694336,,,42.5,17.763713836669922,44.49609375,16.834026336669922
2017_09_TB_NO,2017,9,False,False,20.0,40.0,RECONSTRUCTED_STARTER_IDENTITY_NOT_AS_ISSUED_T60,MARKET_TOTAL_RESIDUAL_SHAPE_AT_PRIOR_256_GAME_LEAGUE_MEAN,00-0020531,00-0023682,0.0,-3.0935960591133016,9.064498739967075,7.130035400390625,9.188242582331608,7.195362091064453,7.0,8.31801986694336,,,54.0,8.498088836669922,44.49609375,3.517620086669922
2017_09_ARI_SF,2017,9,False,False,-10.0,30.0,RECONSTRUCTED_STARTER_IDENTITY_NOT_AS_ISSUED_T60,MARKET_TOTAL_RESIDUAL_SHAPE_AT_PRIOR_256_GAME_LEAGUE_MEAN,00-0033936,00-0025430,-23.69179600886917,-126.44702419882275,-4.534677582645282,3.317535400390625,-0.4244684550471385,5.437549591064453,-2.5,4.146144866943359,,,39.0,5.376995086669922,44.49609375,8.498088836669922
2017_09_WAS_SEA,2017,9,False,False,-3.0,31.0,RECONSTRUCTED_STARTER_IDENTITY_NOT_AS_ISSUED_T60,MARKET_TOTAL_RESIDUAL_SHAPE_AT_PRIOR_256_GAME_LEAGUE_MEAN,00-0029263,00-0029604,4.33739348265112,0.0,7.824071831086549,6.102691650390625,7.997567570392594,6.039112091064453,8.0,6.251613616943359,,,44.5,8.498088836669922,44.49609375,7.779338836669922
2017_09_KC_DAL,2017,9,False,False,11.0,45.0,RECONSTRUCTED_STARTER_IDENTITY_NOT_AS_ISSUED_T60,MARKET_TOTAL_RESIDUAL_SHAPE_AT_PRIOR_256_GAME_LEAGUE_MEAN,00-0033077,00-0023436,11.154148115757678,3.8292703359303015,-0.6818534256515886,7.805816650390625,-0.38885831445849356,7.195362091064453,2.0,5.739894866943359,,,53.0,4.916057586669922,44.49609375,3.091838836669922
2017_09_OAK_MIA,2017,9,False,False,-3.0,51.0,RECONSTRUCTED_STARTER_IDENTITY_NOT_AS_ISSUED_T60,MARKET_TOTAL_RESIDUAL_SHAPE_AT_PRIOR_256_GAME_LEAGUE_MEAN,00-0024226,00-0031280,4.878700229309985,22.000521648408977,2.853625216089158,3.614410400390625,2.1687523593251985,3.296924591064453,-3.0,2.7984886169433594,,,44.5,4.162151336669922,44.49609375,4.556682586669922
2017_09_DET_GB,2017,9,False,False,-13.0,47.0,RECONSTRUCTED_STARTER_IDENTITY_NOT_AS_ISSUED_T60,MARKET_TOTAL_RESIDUAL_SHAPE_AT_PRIOR_256_GAME_LEAGUE_MEAN,00-0031589,00-0026498,-137.82314923619273,0.0,4.613224440038584,11.450347900390625,-0.899701529409125,6.687549591064453,-2.5,5.638332366943359,,,42.5,3.533245086669922,44.49609375,3.302776336669922
2017_10_SEA_ARI,2017,10,False,False,-6.0,38.0,RECONSTRUCTED_STARTER_IDENTITY_NOT_AS_ISSUED_T60,MARKET_TOTAL_RESIDUAL_SHAPE_AT_PRIOR_256_GAME_LEAGUE_MEAN,00-0025430,00-0029263,-87.6647299061092,3.345021177974905,-1.7624945778097845,3.079254150390625,-5.402884621173148,2.746143341064453,-6.0,2.7984886169433594,,,40.0,3.173870086669922,44.33984375,4.115276336669922
2017_10_CIN_TEN,2017,10,False,False,4.0,44.0,RECONSTRUCTED_STARTER_IDENTITY_NOT_AS_ISSUED_T60,MARKET_TOTAL_RESIDUAL_SHAPE_AT_PRIOR_256_GAME_LEAGUE_MEAN,00-0032268,00-0027973,22.09897263757503,0.0,3.7446137771478605,2.809722900390625,4.628572682650862,2.746143341064453,4.5,2.7750511169433594,,,40.5,3.302776336669922,44.33984375,3.084026336669922
2017_10_CLE_DET,2017,10,False,False,14.0,62.0,RECONSTRUCTED_STARTER_IDENTITY_NOT_AS_ISSUED_T60,MARKET_TOTAL_RESIDUAL_SHAPE_AT_PRIOR_256_GAME_LEAGUE_MEAN,00-0026498,00-0033899,0.0,-13.378793699577407,14.162787887020858,2.809722900390625,14.697939635003955,2.746143341064453,10.5,3.2203636169433594,,,42.5,12.447307586669922,44.33984375,11.623088836669922
2017_10_GB_CHI,2017,10,False,False,-7.0,39.0,RECONSTRUCTED_STARTER_IDENTITY_NOT_AS_ISSUED_T60,MARKET_TOTAL_RESIDUAL_SHAPE_AT_PRIOR_256_GAME_LEAGUE_MEAN,00-0033869,00-0031589,1.2254193175245787,-81.12672322375397,-1.4839225149543835,3.614410400390625,1.8101631866967582,4.886768341064453,4.5,6.935207366943359,,,37.5,3.091838836669922,44.33984375,3.775432586669922
2017_10_LAC_JAX,2017,10,False,False,3.0,37.0,RECONSTRUCTED_STARTER_IDENTITY_NOT_AS_ISSUED_T60,MARKET_TOTAL_RESIDUAL_SHAPE_AT_PRIOR_256_GAME_LEAGUE_MEAN,00-0031407,00-0022942,-0.9657928983082265,0.0,4.8531854512227435,2.817535400390625,4.814553735290414,2.785205841064453,5.0,2.8531761169433594,,,40.5,3.517620086669922,44.33984375,4.494182586669922
2017_10_MIN_WAS,2017,10,False,False,-8.0,68.0,RECONSTRUCTED_STARTER_IDENTITY_NOT_AS_ISSUED_T60,MARKET_TOTAL_RESIDUAL_SHAPE_AT_PRIOR_256_GAME_LEAGUE_MEAN,00-0029604,00-0028986,0.0,-24.233333333333352,0.04545308247997127,4.419097900390625,1.0147864158133053,4.886768341064453,-1.0,4.146144866943359,,,43.0,17.763713836669922,44.33984375,16.834026336669922
2017_10_NO_BUF,2017,10,False,False,-37.0,57.0,RECONSTRUCTED_STARTER_IDENTITY_NOT_AS_ISSUED_T60,MARKET_TOTAL_RESIDUAL_SHAPE_AT_PRIOR_256_GAME_LEAGUE_MEAN,00-0028118,00-0020531,9.912833827893186,0.0,-0.6857336510186542,28.590972900390625,-0.28922029790292675,29.625049591064453,-2.0,27.90395736694336,,,48.5,5.005901336669922,44.33984375,7.849651336669922
2017_10_NYJ_TB,2017,10,False,False,5.0,25.0,RECONSTRUCTED_STARTER_IDENTITY_NOT_AS_ISSUED_T60,MARKET_TOTAL_RESIDUAL_SHAPE_AT_PRIOR_256_GAME_LEAGUE_MEAN,00-0023682,00-0021206,-11.234753550543019,-5.5408777969018885,0.9307008585383119,3.575347900390625,0.7029458283926666,3.601612091064453,1.0,3.4938011169433594,,,44.5,13.416057586669922,44.33984375,12.533245086669922
2017_10_PIT_IND,2017,10,False,False,-3.0,37.0,RECONSTRUCTED_STARTER_IDENTITY_NOT_AS_ISSUED_T60,MARKET_TOTAL_RESIDUAL_SHAPE_AT_PRIOR_256_GAME_LEAGUE_MEAN,00-0033119,00-0022924,7.104229927841432,-2.5899443022730617,-5.6206747851238745,3.274566650390625,-5.232907815919294,3.078174591064453,-10.5,5.177394866943359,,,47.0,5.904338836669922,44.33984375,4.494182586669922
2017_10_HOU_LA,2017,10,False,False,26.0,40.0,RECONSTRUCTED_STARTER_IDENTITY_NOT_AS_ISSUED_T60,MARKET_TOTAL_RESIDUAL_SHAPE_AT_PRIOR_256_GAME_LEAGUE_MEAN,00-0033106,00-0031064,7.43702508851487,-34.08101045296166,6.273526868505323,14.270660400390625,7.934248290164385,12.535205841064453,12.0,9.02505111694336,,,45.0,3.775432586669922,44.33984375,3.517620086669922
2017_10_DAL_ATL,2017,10,False,False,20.0,34.0,RECONSTRUCTED_STARTER_IDENTITY_NOT_AS_ISSUED_T60,MARKET_TOTAL_RESIDUAL_SHAPE_AT_PRIOR_256_GAME_LEAGUE_MEAN,00-0026143,00-0033077,0.0,11.97979417093562,1.571679296162938,12.505035400390625,1.0924875293255132,13.406299591064453,3.5,10.54848861694336,,,49.0,9.240276336669922,44.33984375,5.904338836669922
2017_10_NYG_SF,2017,10,False,False,10.0,52.0,RECONSTRUCTED_STARTER_IDENTITY_NOT_AS_ISSUED_T60,MARKET_TOTAL_RESIDUAL_SHAPE_AT_PRIOR_256_GAME_LEAGUE_MEAN,00-0033936,00-0022803,-16.884014622798272,0.693955910295263,-3.5040589779308084,9.251129150390625,-4.207177799254549,9.300830841064453,-3.0,8.31801986694336,,,41.5,6.048870086669922,44.33984375,5.005901336669922
2017_10_NE_DEN,2017,10,False,False,-25.0,57.0,RECONSTRUCTED_STARTER_IDENTITY_NOT_AS_ISSUED_T60,MARKET_TOTAL_RESIDUAL_SHAPE_AT_PRIOR_256_GAME_LEAGUE_MEAN,00-0029682,00-0019596,-12.11459822884523,0.4512061234750231,-6.293069956433292,12.321441650390625,-6.795702130526102,11.410205841064453,-7.0,11.68520736694336,,,45.0,7.209026336669922,44.33984375,7.849651336669922
2017_10_MIA_CAR,2017,10,False,False,24.0,66.0,RECONSTRUCTED_STARTER_IDENTITY_NOT_AS_ISSUED_T60,MARKET_TOTAL_RESIDUAL_SHAPE_AT_PRIOR_256_GAME_LEAGUE_MEAN,00-0027939,00-0024226,1.1213356389986773,11.713292177854196,6.0707500934799645,12.505035400390625,5.647071831925745,12.535205841064453,8.0,10.54848861694336,,,38.5,19.638713836669922,44.33984375,15.033245086669922
2017_11_TEN_PIT,2017,11,False,False,23.0,57.0,RECONSTRUCTED_STARTER_IDENTITY_NOT_AS_ISSUED_T60,MARKET_TOTAL_RESIDUAL_SHAPE_AT_PRIOR_256_GAME_LEAGUE_MEAN,00-0022924,00-0032268,-2.5805359024537067,20.25595681310497,7.863621627054199,10.020660400390625,6.950161918431852,10.859424591064453,7.0,10.54848861694336,,,44.5,7.209026336669922,44.3359375,7.849651336669922
2017_11_ARI_HOU,2017,11,False,False,10.0,52.0,RECONSTRUCTED_STARTER_IDENTITY_NOT_AS_ISSUED_T60,MARKET_TOTAL_RESIDUAL_SHAPE_AT_PRIOR_256_GAME_LEAGUE_MEAN,00-0031064,00-0027948,-30.55581373733618,-25.138603450747965,1.8501883866695061,5.325347900390625,1.6334999752059776,5.394580841064453,2.5,4.669582366943359,,,38.0,8.533245086669922,44.3359375,5.005901336669922
2017_11_BAL_GB,2017,11,False,False,-23.0,23.0,RECONSTRUCTED_STARTER_IDENTITY_NOT_AS_ISSUED_T60,MARKET_TOTAL_RESIDUAL_SHAPE_AT_PRIOR_256_GAME_LEAGUE_MEAN,00-0031589,00-0026158,-55.663086913086914,-0.5860196342860391,4.778001701486473,20.747222900390625,2.574919010334438,18.863330841064453,-2.5,13.47817611694336,,,38.5,10.025432586669922,44.3359375,14.326213836669922
2017_11_DET_CHI,2017,11,False,False,-3.0,51.0,RECONSTRUCTED_STARTER_IDENTITY_NOT_AS_ISSUED_T60,MARKET_TOTAL_RESIDUAL_SHAPE_AT_PRIOR_256_GAME_LEAGUE_MEAN,00-0033869,00-0026498,9.824780187942462,0.0,-3.358365073648729,2.809722900390625,-2.96537386613103,2.789112091064453,-3.0,2.7984886169433594,,,41.0,6.048870086669922,44.3359375,4.556682586669922
2017_11_JAX_CLE,2017,11,False,False,-12.0,26.0,RECONSTRUCTED_STARTER_IDENTITY_NOT_AS_ISSUED_T60,MARKET_TOTAL_RESIDUAL_SHAPE_AT_PRIOR_256_GAME_LEAGUE_MEAN,00-0033899,00-0031407,-6.254272043745734,1.3396072714800367,-8.487399225827458,3.079254150390625,-8.79115439843649,2.898487091064453,-7.5,3.2320823669433594,,,37.0,6.486370086669922,44.3359375,11.677776336669922
2017_11_KC_NYG,2017,11,False,False,3.0,21.0,RECONSTRUCTED_STARTER_IDENTITY_NOT_AS_ISSUED_T60,MARKET_TOTAL_RESIDUAL_SHAPE_AT_PRIOR_256_GAME_LEAGUE_MEAN,00-0022803,00-0023436,0.6930564407839013,3.740664434715435,-7.5267268242957925,7.130035400390625,-7.648631144053054,7.195362091064453,-10.0,8.31801986694336,,,44.5,17.103557586669922,44.3359375,16.169963836669922
2017_11_LA_MIN,2017,11,False,False,17.0,31.0,RECONSTRUCTED_STARTER_IDENTITY_NOT_AS_ISSUED_T60,MARKET_TOTAL_RESIDUAL_SHAPE_AT_PRIOR_256_GAME_LEAGUE_MEAN,00-0028986,00-0033106,-14.837725381414701,7.988496040235704,3.336629624059624,9.251129150390625,2.4235807671936076,10.070362091064453,1.0,10.54848861694336,,,46.0,9.240276336669922,44.3359375,7.779338836669922
2017_11_TB_MIA,2017,11,False,False,-10.0,50.0,RECONSTRUCTED_STARTER_IDENTITY_NOT_AS_ISSUED_T60,MARKET_TOTAL_RESIDUAL_SHAPE_AT_PRIOR_256_GAME_LEAGUE_MEAN,00-0025708,00-0023682,35.53963278101209,-17.571518531845975,2.5201660631407505,7.458160400390625,4.644612115655073,8.902393341064453,-1.0,5.075832366943359,,,44.0,4.162151336669922,44.3359375,4.162151336669922
2017_11_WAS_NO,2017,11,False,False,3.0,65.0,RECONSTRUCTED_STARTER_IDENTITY_NOT_AS_ISSUED_T60,MARKET_TOTAL_RESIDUAL_SHAPE_AT_PRIOR_256_GAME_LEAGUE_MEAN,00-0020531,00-0029604,0.0,0.0,9.231062361988206,3.614410400390625,9.231062361988206,3.593799591064453,9.5,4.146144866943359,,,52.5,7.209026336669922,44.3359375,14.162151336669922
2017_11_BUF_LAC,2017,11,False,False,30.0,78.0,RECONSTRUCTED_STARTER_IDENTITY_NOT_AS_ISSUED_T60,MARKET_TOTAL_RESIDUAL_SHAPE_AT_PRIOR_256_GAME_LEAGUE_MEAN,00-0022942,00-0028118,0.0,13.761894812816955,1.0095339187061199,22.661285400390625,0.4590581261934418,23.652393341064453,7.0,16.54458236694336,,,41.5,28.455120086669922,44.3359375,26.478557586669922
2017_11_CIN_DEN,2017,11,False,False,-3.0,37.0,RECONSTRUCTED_STARTER_IDENTITY_NOT_AS_ISSUED_T60,MARKET_TOTAL_RESIDUAL_SHAPE_AT_PRIOR_256_GAME_LEAGUE_MEAN,00-0029682,00-0027973,-17.024374983476818,0.0,2.926563610925568,3.614410400390625,2.245588611586496,3.296924591064453,2.5,3.7867698669433594,,,37.5,3.099651336669922,44.3359375,4.494182586669922
2017_11_NE_OAK,2017,11,False,False,-25.0,41.0,RECONSTRUCTED_STARTER_IDENTITY_NOT_AS_ISSUED_T60,MARKET_TOTAL_RESIDUAL_SHAPE_AT_PRIOR_256_GAME_LEAGUE_MEAN,00-0031280,00-0019596,28.757170542635645,-0.31430513081889266,-9.134291548396085,9.766754150390625,-7.9714325214579045,10.539112091064453,-7.0,11.68520736694336,,,55.0,8.498088836669922,44.3359375,3.318401336669922
2017_11_PHI_DAL,2017,11,False,False,-28.0,46.0,RECONSTRUCTED_STARTER_IDENTITY_NOT_AS_ISSUED_T60,MARKET_TOTAL_RESIDUAL_SHAPE_AT_PRIOR_256_GAME_LEAGUE_MEAN,00-0033077,00-0032950,0.826569118849263,-0.8505081057724295,0.8804142944942851,21.715972900390625,0.9474973834791528,21.753955841064453,-6.0,15.34536361694336,,,48.0,3.173870086669922,44.3359375,3.169963836669922
2017_11_ATL_SEA,2017,11,False,False,-3.0,65.0,RECONSTRUCTED_STARTER_IDENTITY_NOT_AS_ISSUED_T60,MARKET_TOTAL_RESIDUAL_SHAPE_AT_PRIOR_256_GAME_LEAGUE_MEAN,00-0029263,00-0026143,3.3067031160290083,0.0,2.1749136735512002,3.317535400390625,2.3071817981923606,3.296924591064453,1.0,3.2320823669433594,,,46.0,12.447307586669922,44.3359375,14.162151336669922
2017_12_MIN_DET,2017,12,False,False,-7.0,53.0,RECONSTRUCTED_STARTER_IDENTITY_NOT_AS_ISSUED_T60,MARKET_TOTAL_RESIDUAL_SHAPE_AT_PRIOR_256_GAME_LEAGUE_MEAN,00-0026498,00-0028986,0.0,-6.364928568858175,0.7036525177192471,4.419097900390625,0.9582496604735741,4.394580841064453,-2.5,3.2320823669433594,,,46.0,4.556682586669922,44.578125,5.005901336669922
2017_12_LAC_DAL,2017,12,False,False,-22.0,34.0,RECONSTRUCTED_STARTER_IDENTITY_NOT_AS_ISSUED_T60,MARKET_TOTAL_RESIDUAL_SHAPE_AT_PRIOR_256_GAME_LEAGUE_MEAN,00-0033077,00-0022942,1.1397152301042546,0.03552488939673193,5.149002610883554,19.782379150390625,5.193170224511855,19.824268341064453,-1.0,14.40786361694336,,,46.5,7.779338836669922,44.578125,6.486370086669922
2017_12_NYG_WAS,2017,12,False,False,10.0,30.0,RECONSTRUCTED_STARTER_IDENTITY_NOT_AS_ISSUED_T60,MARKET_TOTAL_RESIDUAL_SHAPE_AT_PRIOR_256_GAME_LEAGUE_MEAN,00-0029604,00-0022803,0.0,3.926893716970037,5.103773936298267,3.926910400390625,4.9466981876194644,3.957080841064453,7.0,3.2203636169433594,,,44.0,8.498088836669922,44.578125,9.240276336669922
2017_12_BUF_KC,2017,12,False,False,-6.0,26.0,RECONSTRUCTED_STARTER_IDENTITY_NOT_AS_ISSUED_T60,MARKET_TOTAL_RESIDUAL_SHAPE_AT_PRIOR_256_GAME_LEAGUE_MEAN,00-0023436,00-0028118,7.3168839230291605,14.985917696761074,8.860066357082406,8.969879150390625,8.55330500613313,8.902393341064453,8.5,9.21255111694336,,,47.5,15.244182586669922,44.578125,12.533245086669922
2017_12_CAR_NYJ,2017,12,False,False,-8.0,62.0,RECONSTRUCTED_STARTER_IDENTITY_NOT_AS_ISSUED_T60,MARKET_TOTAL_RESIDUAL_SHAPE_AT_PRIOR_256_GAME_LEAGUE_MEAN,00-0021206,00-0027939,-1.833165787048685,1.4700675230566507,-1.8640055031730662,3.614410400390625,-1.9961348355772797,3.593799591064453,-5.5,2.8531761169433594,,,39.5,15.033245086669922,44.578125,10.810588836669922
2017_12_CHI_PHI,2017,12,False,False,28.0,34.0,RECONSTRUCTED_STARTER_IDENTITY_NOT_AS_ISSUED_T60,MARKET_TOTAL_RESIDUAL_SHAPE_AT_PRIOR_256_GAME_LEAGUE_MEAN,00-0032950,00-0033869,-0.8658721134033653,8.478751187084521,13.53025435021038,9.251129150390625,13.156469418190863,10.070362091064453,14.0,9.02505111694336,,,43.5,5.904338836669922,44.578125,6.486370086669922
2017_12_CLE_CIN,2017,12,False,False,14.0,46.0,RECONSTRUCTED_STARTER_IDENTITY_NOT_AS_ISSUED_T60,MARKET_TOTAL_RESIDUAL_SHAPE_AT_PRIOR_256_GAME_LEAGUE_MEAN,00-0027973,00-0033899,0.0,-3.627351786273525,11.626600015684152,3.048004150390625,11.771694087135096,3.078174591064453,7.5,4.216457366943359,,,39.0,4.556682586669922,44.578125,3.091838836669922
2017_12_MIA_NE,2017,12,False,False,18.0,52.0,RECONSTRUCTED_STARTER_IDENTITY_NOT_AS_ISSUED_T60,MARKET_TOTAL_RESIDUAL_SHAPE_AT_PRIOR_256_GAME_LEAGUE_MEAN,00-0019596,00-0025708,-0.7386106663081371,46.205217196596514,15.232922066763786,3.274566650390625,13.3551689522476,3.957080841064453,17.0,2.8727073669433594,,,49.0,3.302776336669922,44.578125,4.556682586669922
2017_12_TB_ATL,2017,12,False,False,14.0,54.0,RECONSTRUCTED_STARTER_IDENTITY_NOT_AS_ISSUED_T60,MARKET_TOTAL_RESIDUAL_SHAPE_AT_PRIOR_256_GAME_LEAGUE_MEAN,00-0026143,00-0023682,0.0,-9.153239815860337,8.938922392633676,3.926910400390625,9.30505198526809,3.957080841064453,10.5,3.2203636169433594,,,47.0,4.556682586669922,44.578125,5.501995086669922
2017_12_TEN_IND,2017,12,False,False,-4.0,36.0,RECONSTRUCTED_STARTER_IDENTITY_NOT_AS_ISSUED_T60,MARKET_TOTAL_RESIDUAL_SHAPE_AT_PRIOR_256_GAME_LEAGUE_MEAN,00-0033119,00-0032268,8.432052580988758,14.804799426934112,-0.43034590901901537,3.079254150390625,-0.6852557828568295,2.898487091064453,-3.0,2.7750511169433594,,,46.5,6.486370086669922,44.578125,5.376995086669922
2017_12_SEA_SF,2017,12,False,False,-11.0,37.0,RECONSTRUCTED_STARTER_IDENTITY_NOT_AS_ISSUED_T60,MARKET_TOTAL_RESIDUAL_SHAPE_AT_PRIOR_256_GAME_LEAGUE_MEAN,00-0033936,00-0029263,1.4102474077194893,3.864994026284352,-8.910871679817646,2.817535400390625,-9.009061544560241,2.785205841064453,-7.0,3.2320823669433594,,,45.0,4.916057586669922,44.578125,4.916057586669922
2017_12_DEN_OAK,2017,12,False,False,7.0,35.0,RECONSTRUCTED_STARTER_IDENTITY_NOT_AS_ISSUED_T60,MARKET_TOTAL_RESIDUAL_SHAPE_AT_PRIOR_256_GAME_LEAGUE_MEAN,00-0031280,00-0032156,11.259653853481266,3.0138715812946915,3.9520403085292855,3.274566650390625,4.281871599416749,3.300830841064453,3.5,3.2203636169433594,,,41.0,4.115276336669922,44.578125,5.904338836669922
2017_12_JAX_ARI,2017,12,False,False,3.0,51.0,RECONSTRUCTED_STARTER_IDENTITY_NOT_AS_ISSUED_T60,MARKET_TOTAL_RESIDUAL_SHAPE_AT_PRIOR_256_GAME_LEAGUE_MEAN,00-0027948,00-0031407,-22.982456140350884,1.3160989199847872,-1.3635913674663425,3.575347900390625,-2.3355335698797695,3.957080841064453,-6.5,6.329738616943359,,,37.5,7.849651336669922,44.578125,4.162151336669922
2017_12_NO_LA,2017,12,False,False,6.0,46.0,RECONSTRUCTED_STARTER_IDENTITY_NOT_AS_ISSUED_T60,MARKET_TOTAL_RESIDUAL_SHAPE_AT_PRIOR_256_GAME_LEAGUE_MEAN,00-0033106,00-0020531,-1.6503110253110354,0.0,-1.5104008970061022,5.325347900390625,-1.5764133380185437,5.394580841064453,2.5,3.2203636169433594,,,54.0,4.916057586669922,44.578125,3.091838836669922
2017_12_GB_PIT,2017,12,False,False,3.0,59.0,RECONSTRUCTED_STARTER_IDENTITY_NOT_AS_ISSUED_T60,MARKET_TOTAL_RESIDUAL_SHAPE_AT_PRIOR_256_GAME_LEAGUE_MEAN,00-0022924,00-0031589,-2.553379193281824,-53.64341085271318,8.603822273203159,3.614410400390625,10.647423539580414,4.394580841064453,14.0,6.251613616943359,,,43.0,10.017620086669922,44.578125,8.533245086669922
2017_12_HOU_BAL,2017,12,False,False,7.0,39.0,RECONSTRUCTED_STARTER_IDENTITY_NOT_AS_ISSUED_T60,MARKET_TOTAL_RESIDUAL_SHAPE_AT_PRIOR_256_GAME_LEAGUE_MEAN,00-0026158,00-0031064,-3.417282393224008,-36.66868162824546,5.361143205118306,3.048004150390625,6.691199174519163,2.789112091064453,7.5,2.7750511169433594,,,39.5,3.099651336669922,44.578125,4.115276336669922
2017_13_WAS_DAL,2017,13,False,False,24.0,52.0,RECONSTRUCTED_STARTER_IDENTITY_NOT_AS_ISSUED_T60,MARKET_TOTAL_RESIDUAL_SHAPE_AT_PRIOR_256_GAME_LEAGUE_MEAN,00-0033077,00-0029604,1.082276534544202,0.0,3.236263429918681,15.165191650390625,3.2795544913004493,15.179737091064453,-1.5,19.33364486694336,,,47.0,3.818401336669922,44.4140625,5.005901336669922
2017_13_DEN_MIA,2017,13,False,False,26.0,44.0,RECONSTRUCTED_STARTER_IDENTITY_NOT_AS_ISSUED_T60,MARKET_TOTAL_RESIDUAL_SHAPE_AT_PRIOR_256_GAME_LEAGUE_MEAN,00-0024226,00-0032156,14.037252056119986,11.890730237504421,1.8272166609535816,17.907379150390625,1.913077533698204,17.929737091064453,-1.0,20.29067611694336,,,41.0,3.302776336669922,44.4140625,3.084026336669922
2017_13_DET_BAL,2017,13,False,False,24.0,64.0,RECONSTRUCTED_STARTER_IDENTITY_NOT_AS_ISSUED_T60,MARKET_TOTAL_RESIDUAL_SHAPE_AT_PRIOR_256_GAME_LEAGUE_MEAN,00-0026158,00-0026498,-4.522922550021025,0.0,2.767576744481603,15.165191650390625,2.586659842480762,15.179737091064453,2.5,14.73598861694336,,,43.0,14.162151336669922,44.4140625,13.298870086669922
2017_13_HOU_TEN,2017,13,False,False,11.0,37.0,RECONSTRUCTED_STARTER_IDENTITY_NOT_AS_ISSUED_T60,MARKET_TOTAL_RESIDUAL_SHAPE_AT_PRIOR_256_GAME_LEAGUE_MEAN,00-0032268,00-0031064,18.290965720467,-46.878787878787875,4.679703279165851,4.333160400390625,7.286493423136046,3.601612091064453,7.0,3.4938011169433594,,,42.5,4.115276336669922,44.4140625,4.494182586669922
2017_13_IND_JAX,2017,13,False,False,20.0,40.0,RECONSTRUCTED_STARTER_IDENTITY_NOT_AS_ISSUED_T60,MARKET_TOTAL_RESIDUAL_SHAPE_AT_PRIOR_256_GAME_LEAGUE_MEAN,00-0031407,00-0033119,1.1664209881246057,0.0,7.752909728105269,7.805816650390625,7.7995665676302535,7.855518341064453,10.0,6.329738616943359,,,41.0,3.099651336669922,44.4140625,3.517620086669922
2017_13_KC_NYJ,2017,13,False,False,7.0,69.0,RECONSTRUCTED_STARTER_IDENTITY_NOT_AS_ISSUED_T60,MARKET_TOTAL_RESIDUAL_SHAPE_AT_PRIOR_256_GAME_LEAGUE_MEAN,00-0021206,00-0023436,-1.7833670374115096,7.209807572936078,-3.5345993940857987,7.130035400390625,-3.894326378499702,7.195362091064453,-3.5,6.958644866943359,,,44.0,17.763713836669922,44.4140625,17.763713836669922
2017_13_MIN_ATL,2017,13,False,False,-5.0,23.0,RECONSTRUCTED_STARTER_IDENTITY_NOT_AS_ISSUED_T60,MARKET_TOTAL_RESIDUAL_SHAPE_AT_PRIOR_256_GAME_LEAGUE_MEAN,00-0026143,00-0028986,-4.626790650917312,8.257958490597762,2.991055054565204,4.419097900390625,2.4756650889046012,3.957080841064453,2.0,4.146144866943359,,,48.5,19.001995086669922,44.4140625,14.326213836669922
2017_13_NE_BUF,2017,13,False,False,-20.0,26.0,RECONSTRUCTED_STARTER_IDENTITY_NOT_AS_ISSUED_T60,MARKET_TOTAL_RESIDUAL_SHAPE_AT_PRIOR_256_GAME_LEAGUE_MEAN,00-0028118,00-0019596,14.738039009883664,-0.7127573444367208,-6.80992439410783,7.458160400390625,-6.191892539935014,8.117237091064453,-7.5,6.935207366943359,,,48.5,16.169963836669922,44.4140625,11.677776336669922
2017_13_SF_CHI,2017,13,False,False,-1.0,29.0,RECONSTRUCTED_STARTER_IDENTITY_NOT_AS_ISSUED_T60,MARKET_TOTAL_RESIDUAL_SHAPE_AT_PRIOR_256_GAME_LEAGUE_MEAN,00-0033869,00-0031345,-1.3054731869125868,60.5038788056206,6.434072673298406,3.989410400390625,3.961698593597078,3.296924591064453,2.5,3.2320823669433594,,,42.0,7.779338836669922,44.4140625,9.240276336669922
2017_13_TB_GB,2017,13,False,False,6.0,46.0,RECONSTRUCTED_STARTER_IDENTITY_NOT_AS_ISSUED_T60,MARKET_TOTAL_RESIDUAL_SHAPE_AT_PRIOR_256_GAME_LEAGUE_MEAN,00-0031589,00-0031503,-36.29648318238142,-6.363133530153675,3.7859999280643843,3.048004150390625,2.5886659419752744,3.300830841064453,3.0,3.2203636169433594,,,45.0,3.091838836669922,44.4140625,3.169963836669922
2017_13_CLE_LAC,2017,13,False,False,9.0,29.0,RECONSTRUCTED_STARTER_IDENTITY_NOT_AS_ISSUED_T60,MARKET_TOTAL_RESIDUAL_SHAPE_AT_PRIOR_256_GAME_LEAGUE_MEAN,00-0022942,00-0033899,0.31244016319798007,1.9609900846783046,14.528248894217322,3.614410400390625,14.46230689735811,3.296924591064453,13.5,3.4859886169433594,,,45.0,10.025432586669922,44.4140625,9.240276336669922
2017_13_CAR_NO,2017,13,False,False,10.0,52.0,RECONSTRUCTED_STARTER_IDENTITY_NOT_AS_ISSUED_T60,MARKET_TOTAL_RESIDUAL_SHAPE_AT_PRIOR_256_GAME_LEAGUE_MEAN,00-0020531,00-0027939,0.0,1.3837161183529956,4.494665791037224,4.333160400390625,4.439317146303104,4.375049591064453,5.5,3.4938011169433594,,,48.0,3.533245086669922,44.4140625,5.005901336669922
2017_13_LA_ARI,2017,13,False,False,-16.0,48.0,RECONSTRUCTED_STARTER_IDENTITY_NOT_AS_ISSUED_T60,MARKET_TOTAL_RESIDUAL_SHAPE_AT_PRIOR_256_GAME_LEAGUE_MEAN,00-0027948,00-0033106,-19.691019616618167,-0.8004856333468258,-1.9666155928549687,8.200347900390625,-2.7222369521858223,7.378955841064453,-7.5,4.579738616943359,,,43.0,3.818401336669922,44.4140625,3.533245086669922
2017_13_NYG_OAK,2017,13,False,False,7.0,41.0,RECONSTRUCTED_STARTER_IDENTITY_NOT_AS_ISSUED_T60,MARKET_TOTAL_RESIDUAL_SHAPE_AT_PRIOR_256_GAME_LEAGUE_MEAN,00-0031280,00-0030565,11.131664687433386,32.71931773301739,6.244924912876677,2.887847900390625,5.381418791053317,3.078174591064453,10.0,3.0172386169433594,,,43.0,3.173870086669922,44.4140625,3.318401336669922
2017_13_PHI_SEA,2017,13,False,False,14.0,34.0,RECONSTRUCTED_STARTER_IDENTITY_NOT_AS_ISSUED_T60,MARKET_TOTAL_RESIDUAL_SHAPE_AT_PRIOR_256_GAME_LEAGUE_MEAN,00-0029263,00-0032950,3.8454491388476786,-0.7236191368629186,-0.4525730903188469,9.251129150390625,-0.269810359290423,9.300830841064453,-3.5,12.16176986694336,,,46.5,7.779338836669922,44.4140625,5.904338836669922
2017_13_PIT_CIN,2017,13,False,False,-3.0,43.0,RECONSTRUCTED_STARTER_IDENTITY_NOT_AS_ISSUED_T60,MARKET_TOTAL_RESIDUAL_SHAPE_AT_PRIOR_256_GAME_LEAGUE_MEAN,00-0027973,00-0022924,0.0,-2.488297872340439,-4.519503815857815,3.048004150390625,-4.419971900964198,2.902393341064453,-4.5,3.0172386169433594,,,42.5,3.084026336669922,44.4140625,3.099651336669922
2017_14_NO_ATL,2017,14,False,False,3.0,37.0,RECONSTRUCTED_STARTER_IDENTITY_NOT_AS_ISSUED_T60,MARKET_TOTAL_RESIDUAL_SHAPE_AT_PRIOR_256_GAME_LEAGUE_MEAN,00-0026143,00-0020531,-4.6655705471557285,0.0,1.5523960576668652,2.887847900390625,1.3657732357806358,3.078174591064453,2.5,2.7984886169433594,,,51.5,9.240276336669922,44.3515625,4.494182586669922
2017_14_CHI_CIN,2017,14,False,False,-26.0,40.0,RECONSTRUCTED_STARTER_IDENTITY_NOT_AS_ISSUED_T60,MARKET_TOTAL_RESIDUAL_SHAPE_AT_PRIOR_256_GAME_LEAGUE_MEAN,00-0027973,00-0033869,0.0,-0.4101575823726167,6.234123989248746,24.633941650390625,6.250530292543651,24.671924591064453,6.0,24.93130111694336,,,40.5,3.099651336669922,44.3515625,3.517620086669922
2017_14_DAL_NYG,2017,14,False,False,-20.0,40.0,RECONSTRUCTED_STARTER_IDENTITY_NOT_AS_ISSUED_T60,MARKET_TOTAL_RESIDUAL_SHAPE_AT_PRIOR_256_GAME_LEAGUE_MEAN,00-0022803,00-0033077,1.5783915682414662,1.278091412441662,-3.1229242204818273,10.594879150390625,-3.110912214249835,10.539112091064453,-4.0,10.01333236694336,,,42.0,3.173870086669922,44.3515625,3.517620086669922
2017_14_DET_TB,2017,14,False,False,-3.0,45.0,RECONSTRUCTED_STARTER_IDENTITY_NOT_AS_ISSUED_T60,MARKET_TOTAL_RESIDUAL_SHAPE_AT_PRIOR_256_GAME_LEAGUE_MEAN,00-0031503,00-0026498,-7.155031264556033,3.442641953958181,-0.08603914070863539,2.915191650390625,-0.509946069449204,2.785205841064453,-0.0,3.0172386169433594,,,47.5,3.318401336669922,44.3515625,3.091838836669922
2017_14_GB_CLE,2017,14,False,False,-6.0,48.0,RECONSTRUCTED_STARTER_IDENTITY_NOT_AS_ISSUED_T60,MARKET_TOTAL_RESIDUAL_SHAPE_AT_PRIOR_256_GAME_LEAGUE_MEAN,00-0033899,00-0031589,-0.7089552238805918,-28.79171708005647,-8.414611276610804,3.048004150390625,-7.291300802363769,2.902393341064453,-2.5,3.0172386169433594,,,38.5,5.501995086669922,44.3515625,3.533245086669922
2017_14_IND_BUF,2017,14,False,False,6.0,20.0,RECONSTRUCTED_STARTER_IDENTITY_NOT_AS_ISSUED_T60,MARKET_TOTAL_RESIDUAL_SHAPE_AT_PRIOR_256_GAME_LEAGUE_MEAN,00-0033958,00-0033119,-128.0338921282799,0.0,6.613147888909043,2.778472900390625,1.4917922037778475,3.957080841064453,3.5,3.0172386169433594,,,36.5,10.834026336669922,44.3515625,17.103557586669922
2017_14_MIN_CAR,2017,14,False,False,7.0,55.0,RECONSTRUCTED_STARTER_IDENTITY_NOT_AS_ISSUED_T60,MARKET_TOTAL_RESIDUAL_SHAPE_AT_PRIOR_256_GAME_LEAGUE_MEAN,00-0027939,00-0028986,1.9185463659147972,8.418972332015828,-0.9089499953327868,5.325347900390625,-1.168967033976828,5.394580841064453,-2.5,6.329738616943359,,,40.5,8.533245086669922,44.3515625,6.611370086669922
2017_14_OAK_KC,2017,14,False,False,11.0,41.0,RECONSTRUCTED_STARTER_IDENTITY_NOT_AS_ISSUED_T60,MARKET_TOTAL_RESIDUAL_SHAPE_AT_PRIOR_256_GAME_LEAGUE_MEAN,00-0023436,00-0031280,7.214807353311503,13.443611737483607,4.972817824394287,4.333160400390625,4.723665649027403,4.375049591064453,4.5,4.216457366943359,,,48.5,4.916057586669922,44.3515625,3.318401336669922
2017_14_SF_HOU,2017,14,False,False,-10.0,42.0,RECONSTRUCTED_STARTER_IDENTITY_NOT_AS_ISSUED_T60,MARKET_TOTAL_RESIDUAL_SHAPE_AT_PRIOR_256_GAME_LEAGUE_MEAN,00-0028090,00-0031345,-20.65390749601277,46.58628399741471,7.967109591229992,11.450347900390625,5.277501931492892,8.902393341064453,1.0,6.251613616943359,,,45.5,3.517620086669922,44.3515625,3.173870086669922
2017_14_NYJ_DEN,2017,14,False,False,23.0,23.0,RECONSTRUCTED_STARTER_IDENTITY_NOT_AS_ISSUED_T60,MARKET_TOTAL_RESIDUAL_SHAPE_AT_PRIOR_256_GAME_LEAGUE_MEAN,00-0032156,00-0021206,19.348900461043485,-1.7198364666495047,0.12181304440438907,16.981597900390625,0.9645625215121086,16.074268341064453,-1.0,17.46255111694336,,,40.5,11.677776336669922,44.3515625,14.326213836669922
2017_14_TEN_ARI,2017,14,False,False,5.0,19.0,RECONSTRUCTED_STARTER_IDENTITY_NOT_AS_ISSUED_T60,MARKET_TOTAL_RESIDUAL_SHAPE_AT_PRIOR_256_GAME_LEAGUE_MEAN,00-0027948,00-0032268,-20.623842335333787,19.143472992033693,-0.836134146536906,4.333160400390625,-2.4268267596316053,4.863330841064453,-2.5,5.177394866943359,,,42.0,16.169963836669922,44.3515625,18.041057586669922
2017_14_WAS_LAC,2017,14,False,False,17.0,43.0,RECONSTRUCTED_STARTER_IDENTITY_NOT_AS_ISSUED_T60,MARKET_TOTAL_RESIDUAL_SHAPE_AT_PRIOR_256_GAME_LEAGUE_MEAN,00-0022942,00-0029604,0.29279279279279535,0.0,5.427559530877152,7.805816650390625,5.439271242588863,7.855518341064453,6.0,6.958644866943359,,,46.5,3.517620086669922,44.3515625,3.099651336669922
2017_14_PHI_LA,2017,14,False,False,-8.0,78.0,RECONSTRUCTED_STARTER_IDENTITY_NOT_AS_ISSUED_T60,MARKET_TOTAL_RESIDUAL_SHAPE_AT_PRIOR_256_GAME_LEAGUE_MEAN,00-0033106,00-0032950,0.6300608875776881,-0.6894468432929957,0.5629667198232527,4.934722900390625,0.6157470290580801,4.886768341064453,-1.0,4.146144866943359,,,47.5,22.541057586669922,44.3515625,26.478557586669922
2017_14_SEA_JAX,2017,14,False,False,6.0,54.0,RECONSTRUCTED_STARTER_IDENTITY_NOT_AS_ISSUED_T60,MARKET_TOTAL_RESIDUAL_SHAPE_AT_PRIOR_256_GAME_LEAGUE_MEAN,00-0031407,00-0029263,-0.35549132947976236,3.972989949748751,-0.8729195584257105,4.801910400390625,-1.0460588095948509,4.863330841064453,3.0,3.2203636169433594,,,41.0,7.849651336669922,44.3515625,6.048870086669922
2017_14_BAL_PIT,2017,14,False,False,1.0,77.0,RECONSTRUCTED_STARTER_IDENTITY_NOT_AS_ISSUED_T60,MARKET_TOTAL_RESIDUAL_SHAPE_AT_PRIOR_256_GAME_LEAGUE_MEAN,00-0022924,00-0026158,-2.4659769476461646,-4.141005227422934,6.2939975722609685,3.317535400390625,6.360998703452039,3.296924591064453,6.0,3.4859886169433594,,,43.0,26.478557586669922,44.3515625,25.490276336669922
2017_14_NE_MIA,2017,14,False,False,7.0,47.0,RECONSTRUCTED_STARTER_IDENTITY_NOT_AS_ISSUED_T60,MARKET_TOTAL_RESIDUAL_SHAPE_AT_PRIOR_256_GAME_LEAGUE_MEAN,00-0024226,00-0019596,5.286428619370431,-0.842147543178462,-9.93056287759756,11.649566650390625,-9.685419831095603,11.687549591064453,-10.0,11.34145736694336,,,48.0,3.099651336669922,44.3515625,3.302776336669922
2017_15_DEN_IND,2017,15,False,False,-12.0,38.0,RECONSTRUCTED_STARTER_IDENTITY_NOT_AS_ISSUED_T60,MARKET_TOTAL_RESIDUAL_SHAPE_AT_PRIOR_256_GAME_LEAGUE_MEAN,00-0033119,00-0029682,0.0,7.505196416486736,0.2846146462306842,6.751129150390625,-0.015593210428785228,6.687549591064453,-3.0,5.075832366943359,,,40.5,3.318401336669922,44.6328125,4.494182586669922
2017_15_CHI_DET,2017,15,False,False,10.0,30.0,RECONSTRUCTED_STARTER_IDENTITY_NOT_AS_ISSUED_T60,MARKET_TOTAL_RESIDUAL_SHAPE_AT_PRIOR_256_GAME_LEAGUE_MEAN,00-0026498,00-0033869,3.515133010190441,-3.999602453430251,6.74433673377016,3.274566650390625,7.044926152314988,3.300830841064453,5.0,3.8336448669433594,,,43.5,8.498088836669922,44.6328125,9.240276336669922
2017_15_LAC_KC,2017,15,False,False,17.0,43.0,RECONSTRUCTED_STARTER_IDENTITY_NOT_AS_ISSUED_T60,MARKET_TOTAL_RESIDUAL_SHAPE_AT_PRIOR_256_GAME_LEAGUE_MEAN,00-0023436,00-0022942,6.96514745308312,5.154494065716264,3.4516822231081368,9.251129150390625,3.524108358602811,8.562549591064453,1.0,10.54848861694336,,,47.0,3.517620086669922,44.6328125,3.173870086669922
2017_15_ARI_WAS,2017,15,False,False,5.0,35.0,RECONSTRUCTED_STARTER_IDENTITY_NOT_AS_ISSUED_T60,MARKET_TOTAL_RESIDUAL_SHAPE_AT_PRIOR_256_GAME_LEAGUE_MEAN,00-0029604,00-0027948,0.0,-26.67780096864396,2.4794650030935284,3.274566650390625,3.546577041839287,2.902393341064453,4.0,2.8727073669433594,,,40.0,3.775432586669922,44.6328125,5.904338836669922
2017_15_BAL_CLE,2017,15,False,False,-17.0,37.0,RECONSTRUCTED_STARTER_IDENTITY_NOT_AS_ISSUED_T60,MARKET_TOTAL_RESIDUAL_SHAPE_AT_PRIOR_256_GAME_LEAGUE_MEAN,00-0033899,00-0026158,3.7161735949031716,-2.332042164084336,-11.16957821340866,3.614410400390625,-10.927649583049158,3.593799591064453,-6.5,5.638332366943359,,,42.0,3.775432586669922,44.6328125,4.916057586669922
2017_15_CIN_MIN,2017,15,False,False,27.0,41.0,RECONSTRUCTED_STARTER_IDENTITY_NOT_AS_ISSUED_T60,MARKET_TOTAL_RESIDUAL_SHAPE_AT_PRIOR_256_GAME_LEAGUE_MEAN,00-0028986,00-0027973,6.961405575811619,1.747353447775346,11.256189464333811,10.817535400390625,11.464751549455261,10.859424591064453,12.5,9.02505111694336,,,42.5,3.173870086669922,44.6328125,3.517620086669922
2017_15_GB_CAR,2017,15,False,False,7.0,55.0,RECONSTRUCTED_STARTER_IDENTITY_NOT_AS_ISSUED_T60,MARKET_TOTAL_RESIDUAL_SHAPE_AT_PRIOR_256_GAME_LEAGUE_MEAN,00-0027939,00-0023459,0.42837931632830895,52.894578539739825,5.6248812524040295,2.887847900390625,3.5262332834675694,3.300830841064453,3.0,3.4938011169433594,,,46.5,5.005901336669922,44.6328125,6.048870086669922
2017_15_HOU_JAX,2017,15,False,False,38.0,52.0,RECONSTRUCTED_STARTER_IDENTITY_NOT_AS_ISSUED_T60,MARKET_TOTAL_RESIDUAL_SHAPE_AT_PRIOR_256_GAME_LEAGUE_MEAN,00-0031407,00-0028090,-1.2312151502787971,-4.2641651345478815,9.186732631771447,22.661285400390625,9.30805063114221,22.687549591064453,10.5,20.29067611694336,,,39.0,7.849651336669922,44.6328125,4.556682586669922
2017_15_MIA_BUF,2017,15,False,False,8.0,40.0,RECONSTRUCTED_STARTER_IDENTITY_NOT_AS_ISSUED_T60,MARKET_TOTAL_RESIDUAL_SHAPE_AT_PRIOR_256_GAME_LEAGUE_MEAN,00-0028118,00-0024226,26.482494750444197,-4.014217779503104,3.377315931778103,3.926910400390625,4.597184432975995,3.300830841064453,3.5,3.4938011169433594,,,39.5,3.084026336669922,44.6328125,3.775432586669922
2017_15_NYJ_NO,2017,15,False,False,12.0,50.0,RECONSTRUCTED_STARTER_IDENTITY_NOT_AS_ISSUED_T60,MARKET_TOTAL_RESIDUAL_SHAPE_AT_PRIOR_256_GAME_LEAGUE_MEAN,00-0020531,00-0031568,0.0,-72.54546285296536,10.769478077230215,2.887847900390625,13.671296591348828,2.785205841064453,16.5,3.4859886169433594,,,47.0,3.302776336669922,44.6328125,3.818401336669922
2017_15_PHI_NYG,2017,15,False,False,-5.0,63.0,RECONSTRUCTED_STARTER_IDENTITY_NOT_AS_ISSUED_T60,MARKET_TOTAL_RESIDUAL_SHAPE_AT_PRIOR_256_GAME_LEAGUE_MEAN,00-0022803,00-0029567,8.121443395594842,-73.94511589496355,-9.586001083843549,3.926910400390625,-6.303338712221213,2.902393341064453,-7.5,3.2203636169433594,,,40.5,15.033245086669922,44.6328125,11.623088836669922
2017_15_LA_SEA,2017,15,False,False,-35.0,49.0,RECONSTRUCTED_STARTER_IDENTITY_NOT_AS_ISSUED_T60,MARKET_TOTAL_RESIDUAL_SHAPE_AT_PRIOR_256_GAME_LEAGUE_MEAN,00-0029263,00-0033106,4.103020085935727,0.5853367647981944,3.9178732141847377,31.583160400390625,4.058580547030239,31.621143341064453,-1.0,26.91176986694336,,,47.5,3.091838836669922,44.6328125,3.533245086669922
2017_15_NE_PIT,2017,15,False,False,-3.0,51.0,RECONSTRUCTED_STARTER_IDENTITY_NOT_AS_ISSUED_T60,MARKET_TOTAL_RESIDUAL_SHAPE_AT_PRIOR_256_GAME_LEAGUE_MEAN,00-0022924,00-0019596,-2.284528146597098,-0.9899197494617207,0.7991437166732976,3.079254150390625,0.7473593807878826,3.062549591064453,-2.5,2.7984886169433594,,,53.0,3.173870086669922,44.6328125,4.162151336669922
2017_15_TEN_SF,2017,15,False,False,2.0,48.0,RECONSTRUCTED_STARTER_IDENTITY_NOT_AS_ISSUED_T60,MARKET_TOTAL_RESIDUAL_SHAPE_AT_PRIOR_256_GAME_LEAGUE_MEAN,00-0031345,00-0032268,65.00452912945364,22.530550391199956,-3.7539899831428647,4.333160400390625,-2.055030833612717,3.601612091064453,2.5,2.7750511169433594,,,44.5,3.302776336669922,44.6328125,3.302776336669922
2017_15_DAL_OAK,2017,15,False,False,-3.0,37.0,RECONSTRUCTED_STARTER_IDENTITY_NOT_AS_ISSUED_T60,MARKET_TOTAL_RESIDUAL_SHAPE_AT_PRIOR_256_GAME_LEAGUE_MEAN,00-0031280,00-0033077,-7.432041343669238,1.3196606947870837,-0.11318520050112056,2.915191650390625,-0.4632532820393734,2.898487091064453,-3.0,2.7984886169433594,,,46.0,5.376995086669922,44.6328125,4.916057586669922
2017_15_ATL_TB,2017,15,False,False,-3.0,45.0,RECONSTRUCTED_STARTER_IDENTITY_NOT_AS_ISSUED_T60,MARKET_TOTAL_RESIDUAL_SHAPE_AT_PRIOR_256_GAME_LEAGUE_MEAN,00-0031503,00-0026143,6.31545231729056,-4.796451872374652,-5.273833238360194,3.048004150390625,-4.829357070773585,3.078174591064453,-7.0,3.4938011169433594,,,49.5,3.775432586669922,44.6328125,3.084026336669922
2017_16_IND_BAL,2017,16,False,False,7.0,39.0,RECONSTRUCTED_STARTER_IDENTITY_NOT_AS_ISSUED_T60,MARKET_TOTAL_RESIDUAL_SHAPE_AT_PRIOR_256_GAME_LEAGUE_MEAN,00-0026158,00-0033119,-2.0427841729832696,0.0,11.747518179385487,3.317535400390625,11.665806812466158,3.296924591064453,13.5,4.146144866943359,,,41.0,3.173870086669922,44.6953125,4.115276336669922
2017_16_MIN_GB,2017,16,False,False,-16.0,16.0,RECONSTRUCTED_STARTER_IDENTITY_NOT_AS_ISSUED_T60,MARKET_TOTAL_RESIDUAL_SHAPE_AT_PRIOR_256_GAME_LEAGUE_MEAN,00-0031589,00-0028986,-6.605996791014834,11.554621848739476,-3.0152128095853095,7.458160400390625,-3.7416375551754815,6.687549591064453,-8.5,4.146144866943359,,,41.0,18.041057586669922,44.6953125,21.912151336669922
2017_16_ATL_NO,2017,16,False,False,10.0,36.0,RECONSTRUCTED_STARTER_IDENTITY_NOT_AS_ISSUED_T60,MARKET_TOTAL_RESIDUAL_SHAPE_AT_PRIOR_256_GAME_LEAGUE_MEAN,00-0020531,00-0026143,0.0,-4.9279994648931735,2.6655173384324553,4.801910400390625,2.8626373170281822,4.863330841064453,5.5,3.4938011169433594,,,52.0,10.025432586669922,44.6953125,5.376995086669922
2017_16_BUF_NE,2017,16,False,False,21.0,53.0,RECONSTRUCTED_STARTER_IDENTITY_NOT_AS_ISSUED_T60,MARKET_TOTAL_RESIDUAL_SHAPE_AT_PRIOR_256_GAME_LEAGUE_MEAN,00-0019596,00-0028118,-1.016556382875855,24.657443422913737,11.274693958887864,6.493316650390625,10.24773396665628,7.195362091064453,11.0,6.329738616943359,,,47.5,3.818401336669922,44.6953125,5.005901336669922
2017_16_CLE_CHI,2017,16,False,False,17.0,23.0,RECONSTRUCTED_STARTER_IDENTITY_NOT_AS_ISSUED_T60,MARKET_TOTAL_RESIDUAL_SHAPE_AT_PRIOR_256_GAME_LEAGUE_MEAN,00-0033869,00-0033899,-7.460774532922176,3.1579768582010503,10.604292606069494,4.333160400390625,10.179542550424564,4.863330841064453,5.5,6.958644866943359,,,37.0,8.498088836669922,44.6953125,15.244182586669922
2017_16_DEN_WAS,2017,16,False,False,16.0,38.0,RECONSTRUCTED_STARTER_IDENTITY_NOT_AS_ISSUED_T60,MARKET_TOTAL_RESIDUAL_SHAPE_AT_PRIOR_256_GAME_LEAGUE_MEAN,00-0029604,00-0029682,0.0,10.853725062344143,2.883808138934246,8.505035400390625,2.4496591364404803,9.300830841064453,3.0,8.31801986694336,,,39.5,3.173870086669922,44.6953125,4.494182586669922
2017_16_DET_CIN,2017,16,False,False,9.0,43.0,RECONSTRUCTED_STARTER_IDENTITY_NOT_AS_ISSUED_T60,MARKET_TOTAL_RESIDUAL_SHAPE_AT_PRIOR_256_GAME_LEAGUE_MEAN,00-0027973,00-0026498,2.355267889248469,3.5851048942152186,-2.8218727157804824,7.805816650390625,-2.8710661959791524,7.855518341064453,-3.0,7.626613616943359,,,43.5,3.099651336669922,44.6953125,3.173870086669922
2017_16_LAC_NYJ,2017,16,False,False,-7.0,21.0,RECONSTRUCTED_STARTER_IDENTITY_NOT_AS_ISSUED_T60,MARKET_TOTAL_RESIDUAL_SHAPE_AT_PRIOR_256_GAME_LEAGUE_MEAN,00-0031568,00-0022942,-69.71189858830309,4.7708591075725115,-1.8727660482505235,3.317535400390625,-4.852076356085547,2.785205841064453,-7.5,2.8727073669433594,,,42.5,15.244182586669922,44.6953125,17.103557586669922
2017_16_LA_TEN,2017,16,False,False,-4.0,50.0,RECONSTRUCTED_STARTER_IDENTITY_NOT_AS_ISSUED_T60,MARKET_TOTAL_RESIDUAL_SHAPE_AT_PRIOR_256_GAME_LEAGUE_MEAN,00-0032268,00-0033106,0.9284878646636185,1.2845215157353929,-2.7749082150560387,2.778472900390625,-2.7891495610989097,2.746143341064453,-5.5,3.0172386169433594,,,46.0,3.533245086669922,44.6953125,3.818401336669922
2017_16_MIA_KC,2017,16,False,False,16.0,42.0,RECONSTRUCTED_STARTER_IDENTITY_NOT_AS_ISSUED_T60,MARKET_TOTAL_RESIDUAL_SHAPE_AT_PRIOR_256_GAME_LEAGUE_MEAN,00-0023436,00-0024226,7.176497226310419,-6.419769742759485,8.166926204819738,5.325347900390625,8.710776883582534,4.863330841064453,11.0,3.8336448669433594,,,43.5,3.173870086669922,44.6953125,3.318401336669922
2017_16_TB_CAR,2017,16,False,False,3.0,41.0,RECONSTRUCTED_STARTER_IDENTITY_NOT_AS_ISSUED_T60,MARKET_TOTAL_RESIDUAL_SHAPE_AT_PRIOR_256_GAME_LEAGUE_MEAN,00-0027939,00-0031503,0.42521994134896435,8.627909602128003,9.598482647668442,3.989410400390625,9.270375061237281,3.593799591064453,10.0,4.146144866943359,,,46.5,4.115276336669922,44.6953125,3.517620086669922
2017_16_JAX_SF,2017,16,False,False,11.0,77.0,RECONSTRUCTED_STARTER_IDENTITY_NOT_AS_ISSUED_T60,MARKET_TOTAL_RESIDUAL_SHAPE_AT_PRIOR_256_GAME_LEAGUE_MEAN,00-0031345,00-0031407,57.15081351689611,-1.116071428571419,-6.130917676506178,11.649566650390625,-3.8002422786874774,10.070362091064453,-4.0,9.77505111694336,,,43.0,26.478557586669922,44.6953125,24.505901336669922
2017_16_NYG_ARI,2017,16,False,False,23.0,23.0,RECONSTRUCTED_STARTER_IDENTITY_NOT_AS_ISSUED_T60,MARKET_TOTAL_RESIDUAL_SHAPE_AT_PRIOR_256_GAME_LEAGUE_MEAN,00-0025430,00-0022803,-41.42496392496392,6.685931854038363,5.809597900711287,11.649566650390625,3.885162069551196,13.406299591064453,3.0,13.85708236694336,,,39.0,10.025432586669922,44.6953125,15.244182586669922
2017_16_SEA_DAL,2017,16,False,False,-9.0,33.0,RECONSTRUCTED_STARTER_IDENTITY_NOT_AS_ISSUED_T60,MARKET_TOTAL_RESIDUAL_SHAPE_AT_PRIOR_256_GAME_LEAGUE_MEAN,00-0033077,00-0029263,1.2812339276530027,3.954168008994152,2.9906755942275502,6.751129150390625,2.8837582309739047,6.687549591064453,4.5,8.41958236694336,,,47.0,8.498088836669922,44.6953125,7.111370086669922
2017_16_PIT_HOU,2017,16,False,False,-28.0,40.0,RECONSTRUCTED_STARTER_IDENTITY_NOT_AS_ISSUED_T60,MARKET_TOTAL_RESIDUAL_SHAPE_AT_PRIOR_256_GAME_LEAGUE_MEAN,00-0028090,00-0022924,-17.655742694805188,-2.2676085176084992,-8.203479208042436,13.215972900390625,-8.819004575130304,12.296924591064453,-8.0,13.47817611694336,,,45.5,4.115276336669922,44.6953125,3.775432586669922
2017_16_OAK_PHI,2017,16,False,False,9.0,29.0,RECONSTRUCTED_STARTER_IDENTITY_NOT_AS_ISSUED_T60,MARKET_TOTAL_RESIDUAL_SHAPE_AT_PRIOR_256_GAME_LEAGUE_MEAN,00-0029567,00-0031280,-71.56567683253077,3.259197735941921,10.753168490270491,2.817535400390625,7.760173507531585,2.902393341064453,10.0,2.7750511169433594,,,46.0,10.834026336669922,44.6953125,10.025432586669922
2017_17_CHI_MIN,2017,17,False,False,13.0,33.0,RECONSTRUCTED_STARTER_IDENTITY_NOT_AS_ISSUED_T60,MARKET_TOTAL_RESIDUAL_SHAPE_AT_PRIOR_256_GAME_LEAGUE_MEAN,00-0028986,00-0033869,4.216039239325209,-2.991795919283513,12.231925488558218,2.887847900390625,12.520238894902565,2.789112091064453,13.5,2.7750511169433594,,,38.0,3.775432586669922,43.83203125,6.486370086669922
2017_17_CLE_PIT,2017,17,False,False,4.0,52.0,RECONSTRUCTED_STARTER_IDENTITY_NOT_AS_ISSUED_T60,MARKET_TOTAL_RESIDUAL_SHAPE_AT_PRIOR_256_GAME_LEAGUE_MEAN,00-0030524,00-0033899,-89.95185020886476,13.62599469496022,21.059764655447896,10.594879150390625,16.916650859294897,7.378955841064453,5.0,2.7750511169433594,,,38.5,7.849651336669922,43.83203125,5.005901336669922
2017_17_DAL_PHI,2017,17,False,False,-6.0,6.0,RECONSTRUCTED_STARTER_IDENTITY_NOT_AS_ISSUED_T60,MARKET_TOTAL_RESIDUAL_SHAPE_AT_PRIOR_256_GAME_LEAGUE_MEAN,00-0032792,00-0033077,-27.6148814815836,1.115871833084947,8.384889646840838,8.200347900390625,7.235659514254096,7.378955841064453,-3.5,2.8531761169433594,,,41.0,27.884807586669922,43.83203125,30.884807586669922
2017_17_GB_DET,2017,17,False,False,24.0,46.0,RECONSTRUCTED_STARTER_IDENTITY_NOT_AS_ISSUED_T60,MARKET_TOTAL_RESIDUAL_SHAPE_AT_PRIOR_256_GAME_LEAGUE_MEAN,00-0026498,00-0031589,3.589743589743599,-0.7612124537100473,3.919442529252192,14.270660400390625,4.093480770990338,14.289112091064453,7.5,10.54848861694336,,,45.0,3.091838836669922,43.83203125,3.169963836669922
2017_17_HOU_IND,2017,17,False,False,9.0,35.0,RECONSTRUCTED_STARTER_IDENTITY_NOT_AS_ISSUED_T60,MARKET_TOTAL_RESIDUAL_SHAPE_AT_PRIOR_256_GAME_LEAGUE_MEAN,00-0033119,00-0028090,0.0,-13.43333333333334,1.5487515127544338,4.801910400390625,2.0860848460877675,4.863330841064453,5.5,3.2203636169433594,,,42.0,4.494182586669922,43.83203125,5.376995086669922
2017_17_NYJ_NE,2017,17,False,False,20.0,32.0,RECONSTRUCTED_STARTER_IDENTITY_NOT_AS_ISSUED_T60,MARKET_TOTAL_RESIDUAL_SHAPE_AT_PRIOR_256_GAME_LEAGUE_MEAN,00-0019596,00-0031568,-1.0290328313119046,-66.55292235388231,15.849067427738774,3.575347900390625,18.47002300864159,3.078174591064453,17.0,3.2203636169433594,,,43.5,7.111370086669922,43.83203125,7.111370086669922
2017_17_WAS_NYG,2017,17,False,False,8.0,28.0,RECONSTRUCTED_STARTER_IDENTITY_NOT_AS_ISSUED_T60,MARKET_TOTAL_RESIDUAL_SHAPE_AT_PRIOR_256_GAME_LEAGUE_MEAN,00-0022803,00-0029604,-0.1229518519917816,0.0,-3.2310369727656054,7.130035400390625,-3.2359550468452767,7.195362091064453,-5.0,8.31801986694336,,,41.0,7.779338836669922,43.83203125,10.025432586669922
2017_17_ARI_SEA,2017,17,False,False,-2.0,50.0,RECONSTRUCTED_STARTER_IDENTITY_NOT_AS_ISSUED_T60,MARKET_TOTAL_RESIDUAL_SHAPE_AT_PRIOR_256_GAME_LEAGUE_MEAN,00-0029263,00-0025430,0.7053662313085018,-33.15921409214092,7.798545458418684,5.497222900390625,9.153128671356662,6.039112091064453,8.0,5.638332366943359,,,38.0,7.209026336669922,43.83203125,4.162151336669922
2017_17_BUF_MIA,2017,17,False,False,-6.0,38.0,RECONSTRUCTED_STARTER_IDENTITY_NOT_AS_ISSUED_T60,MARKET_TOTAL_RESIDUAL_SHAPE_AT_PRIOR_256_GAME_LEAGUE_MEAN,00-0031076,00-0028118,-71.24697336561744,11.205443821665394,0.4054311933561803,3.614410400390625,-2.892665494135133,2.898487091064453,-2.5,3.0172386169433594,,,41.5,3.517620086669922,43.83203125,4.115276336669922
2017_17_CAR_ATL,2017,17,False,False,12.0,32.0,RECONSTRUCTED_STARTER_IDENTITY_NOT_AS_ISSUED_T60,MARKET_TOTAL_RESIDUAL_SHAPE_AT_PRIOR_256_GAME_LEAGUE_MEAN,00-0026143,00-0027939,-4.868725292757525,0.7589160157135844,3.1872904837075478,5.895660400390625,2.962184831368703,5.968799591064453,5.0,4.669582366943359,,,44.5,7.779338836669922,43.83203125,7.111370086669922
2017_17_CIN_BAL,2017,17,False,False,-4.0,58.0,RECONSTRUCTED_STARTER_IDENTITY_NOT_AS_ISSUED_T60,MARKET_TOTAL_RESIDUAL_SHAPE_AT_PRIOR_256_GAME_LEAGUE_MEAN,00-0026158,00-0027973,-2.021874999999995,1.9582488814103627,8.435152770933792,6.751129150390625,8.275947815677377,6.687549591064453,8.0,6.935207366943359,,,40.0,11.623088836669922,43.83203125,8.533245086669922
2017_17_JAX_TEN,2017,17,False,False,5.0,25.0,RECONSTRUCTED_STARTER_IDENTITY_NOT_AS_ISSUED_T60,MARKET_TOTAL_RESIDUAL_SHAPE_AT_PRIOR_256_GAME_LEAGUE_MEAN,00-0032268,00-0031407,0.3783282777216179,-1.0096977229862025,0.07313847905830699,3.926910400390625,0.1286595190866198,3.957080841064453,2.5,3.0172386169433594,,,40.0,9.240276336669922,43.83203125,12.533245086669922
2017_17_KC_DEN,2017,17,False,False,-3.0,51.0,RECONSTRUCTED_STARTER_IDENTITY_NOT_AS_ISSUED_T60,MARKET_TOTAL_RESIDUAL_SHAPE_AT_PRIOR_256_GAME_LEAGUE_MEAN,00-0033108,00-0033873,-1.1363636363636465,-23.818795544597226,-4.361029811940052,2.887847900390625,-3.453732535610709,2.789112091064453,3.0,3.7867698669433594,,,37.5,7.849651336669922,43.83203125,4.556682586669922
2017_17_NO_TB,2017,17,False,False,7.0,55.0,RECONSTRUCTED_STARTER_IDENTITY_NOT_AS_ISSUED_T60,MARKET_TOTAL_RESIDUAL_SHAPE_AT_PRIOR_256_GAME_LEAGUE_MEAN,00-0031503,00-0020531,15.339690905842396,0.0,-6.961986188073734,9.251129150390625,-6.348398551840038,8.562549591064453,-6.0,8.31801986694336,,,49.0,4.162151336669922,43.83203125,6.611370086669922
2017_17_OAK_LAC,2017,17,False,False,20.0,40.0,RECONSTRUCTED_STARTER_IDENTITY_NOT_AS_ISSUED_T60,MARKET_TOTAL_RESIDUAL_SHAPE_AT_PRIOR_256_GAME_LEAGUE_MEAN,00-0022942,00-0031280,4.928219454467864,0.0,6.0576871521080555,9.251129150390625,6.25481593028677,9.300830841064453,7.0,8.31801986694336,,,43.0,3.318401336669922,43.83203125,3.517620086669922
2017_17_SF_LA,2017,17,False,False,-21.0,47.0,RECONSTRUCTED_STARTER_IDENTITY_NOT_AS_ISSUED_T60,MARKET_TOTAL_RESIDUAL_SHAPE_AT_PRIOR_256_GAME_LEAGUE_MEAN,00-0032245,00-0031345,-157.54358308605342,58.314684569479965,12.158475574562853,25.614410400390625,3.5241448683415184,17.906299591064453,-6.5,8.41958236694336,,,44.5,3.169963836669922,43.83203125,3.302776336669922
2018_01_ATL_PHI,2018,1,True,False,6.0,30.0,RECONSTRUCTED_STARTER_IDENTITY_NOT_AS_ISSUED_T60,MARKET_TOTAL_RESIDUAL_SHAPE_AT_PRIOR_256_GAME_LEAGUE_MEAN,00-0029567,00-0026143,-1.7167908274318577,-4.70408670748228,4.445835876874208,3.069807264539933,4.565327712076225,2.9219529893663196,1.0,3.746663411458333,,,44.5,8.849082099066843,43.4375,7.463665432400178
2018_01_BUF_BAL,2018,1,True,False,44.0,50.0,RECONSTRUCTED_STARTER_IDENTITY_NOT_AS_ISSUED_T60,MARKET_TOTAL_RESIDUAL_SHAPE_AT_PRIOR_256_GAME_LEAGUE_MEAN,00-0026158,00-0033958,-1.860056306612634,-95.1923076923077,3.922141533383956,33.173973931206596,7.655431588811759,29.26830715603299,7.5,28.793538411458332,,,39.0,6.888144599066844,43.4375,4.807415432400178
2018_01_CIN_IND,2018,1,True,False,-11.0,57.0,RECONSTRUCTED_STARTER_IDENTITY_NOT_AS_ISSUED_T60,MARKET_TOTAL_RESIDUAL_SHAPE_AT_PRIOR_256_GAME_LEAGUE_MEAN,00-0029668,00-0027973,56.448137888581094,2.412280701754388,-0.10843521442217025,6.252098931206598,2.052999073050898,7.502682156032987,-1.0,5.816975911458333,,,47.5,5.776165432400178,43.4375,8.815227932400177
2018_01_HOU_NE,2018,1,True,False,7.0,47.0,RECONSTRUCTED_STARTER_IDENTITY_NOT_AS_ISSUED_T60,MARKET_TOTAL_RESIDUAL_SHAPE_AT_PRIOR_256_GAME_LEAGUE_MEAN,00-0019596,00-0033537,0.790364235461749,61.04275198530211,12.739010652093675,3.746890597873267,10.328915142100062,2.9766404893663196,6.0,2.876871744791667,,,49.5,3.3100195990668464,43.4375,3.71106126573351
2018_01_JAX_NYG,2018,1,True,False,-5.0,35.0,RECONSTRUCTED_STARTER_IDENTITY_NOT_AS_ISSUED_T60,MARKET_TOTAL_RESIDUAL_SHAPE_AT_PRIOR_256_GAME_LEAGUE_MEAN,00-0022803,00-0031407,3.1378548575491383,-1.648601001902561,-2.3256365364685916,3.0203280978732643,-2.1341783020905236,2.9766404893663196,-2.5,2.949788411458333,,,43.0,4.763144599066844,43.4375,4.763144599066844
2018_01_PIT_CLE,2018,1,True,False,0.0,42.0,RECONSTRUCTED_STARTER_IDENTITY_NOT_AS_ISSUED_T60,MARKET_TOTAL_RESIDUAL_SHAPE_AT_PRIOR_256_GAME_LEAGUE_MEAN,00-0028118,00-0022924,24.68454258675079,7.231638418079078,-9.155710378796703,5.80418226453993,-8.457594212049834,5.302161322699654,-3.5,3.415934244791667,,,41.0,3.1876237657335116,43.4375,3.1459570990668437
2018_01_SF_MIN,2018,1,True,False,8.0,40.0,RECONSTRUCTED_STARTER_IDENTITY_NOT_AS_ISSUED_T60,MARKET_TOTAL_RESIDUAL_SHAPE_AT_PRIOR_256_GAME_LEAGUE_MEAN,00-0029604,00-0031345,-27.49363791052417,37.258472703900594,7.909803748561753,2.866682264539935,5.319719323984763,3.2839321560329875,6.0,2.991455078124999,,,46.5,4.380332099066846,43.4375,3.3100195990668437
2018_01_TB_NO,2018,1,True,False,-8.0,88.0,RECONSTRUCTED_STARTER_IDENTITY_NOT_AS_ISSUED_T60,MARKET_TOTAL_RESIDUAL_SHAPE_AT_PRIOR_256_GAME_LEAGUE_MEAN,00-0020531,00-0023682,0.5450266066311826,-9.973371057668313,7.200348325710429,9.038557264539932,7.621084232282409,9.794348822699654,10.0,11.850830078125,,,50.0,30.502727932400184,43.4375,37.46626959906684
2018_01_TEN_MIA,2018,1,True,False,7.0,47.0,RECONSTRUCTED_STARTER_IDENTITY_NOT_AS_ISSUED_T60,MARKET_TOTAL_RESIDUAL_SHAPE_AT_PRIOR_256_GAME_LEAGUE_MEAN,00-0029701,00-0027948,27.732393464658923,-25.062695924764878,0.7611723673279903,4.293765597873264,2.8729759429049424,3.5703904893663196,-1.0,5.038330078124999,,,43.5,3.4584570990668464,43.4375,3.71106126573351
2018_01_KC_LAC,2018,1,True,False,-10.0,66.0,RECONSTRUCTED_STARTER_IDENTITY_NOT_AS_ISSUED_T60,MARKET_TOTAL_RESIDUAL_SHAPE_AT_PRIOR_256_GAME_LEAGUE_MEAN,00-0022942,00-0033873,5.1449252994197,-12.779083431257332,1.5611947769980907,6.879703097873264,2.278155126225172,6.817786322699653,3.5,8.595621744791668,,,48.0,11.903769599066845,43.4375,16.156373765733512
2018_01_DAL_CAR,2018,1,True,False,8.0,24.0,RECONSTRUCTED_STARTER_IDENTITY_NOT_AS_ISSUED_T60,MARKET_TOTAL_RESIDUAL_SHAPE_AT_PRIOR_256_GAME_LEAGUE_MEAN,00-0027939,00-0033077,1.366602010227469,0.3862127957787065,2.7088669547919015,3.9005364312066,2.748082523369852,3.9089321560329875,2.5,3.746663411458333,,,42.5,12.073040432400177,43.4375,12.073040432400177
2018_01_SEA_DEN,2018,1,True,False,3.0,51.0,RECONSTRUCTED_STARTER_IDENTITY_NOT_AS_ISSUED_T60,MARKET_TOTAL_RESIDUAL_SHAPE_AT_PRIOR_256_GAME_LEAGUE_MEAN,00-0028986,00-0029263,70.56552095313928,0.7032712029343635,-1.1927415078416015,3.5672030978732634,1.6017484821665955,2.9219529893663188,3.0,2.832600911458333,,,42.5,5.276165432400178,43.4375,5.276165432400178
2018_01_WAS_ARI,2018,1,True,False,-18.0,30.0,RECONSTRUCTED_STARTER_IDENTITY_NOT_AS_ISSUED_T60,MARKET_TOTAL_RESIDUAL_SHAPE_AT_PRIOR_256_GAME_LEAGUE_MEAN,00-0027854,00-0023436,58.77328206575421,43.25739393715615,3.046080672194867,14.1114739312066,3.666716197338789,15.067786322699654,2.0,13.619059244791664,,,43.5,8.13554043240018,43.4375,7.463665432400178
2018_01_CHI_GB,2018,1,True,False,1.0,47.0,RECONSTRUCTED_STARTER_IDENTITY_NOT_AS_ISSUED_T60,MARKET_TOTAL_RESIDUAL_SHAPE_AT_PRIOR_256_GAME_LEAGUE_MEAN,00-0023459,00-0033869,60.52473109348395,0.40586698814548683,3.714300569133893,3.020328097873265,6.119055133347432,3.4115363226996536,6.5,3.944580078124999,,,45.0,3.289186265733509,43.4375,3.71106126573351
2018_01_NYJ_DET,2018,1,True,False,-31.0,65.0,RECONSTRUCTED_STARTER_IDENTITY_NOT_AS_ISSUED_T60,MARKET_TOTAL_RESIDUAL_SHAPE_AT_PRIOR_256_GAME_LEAGUE_MEAN,00-0026498,00-0034869,4.163502486673232,11.30849961573286,6.241308402440682,29.426578097873264,5.955508517278296,29.505286322699654,7.0,30.973225911458332,,,44.0,14.414186265733514,43.4375,15.276165432400177
2018_01_LA_OAK,2018,1,True,False,-20.0,46.0,RECONSTRUCTED_STARTER_IDENTITY_NOT_AS_ISSUED_T60,MARKET_TOTAL_RESIDUAL_SHAPE_AT_PRIOR_256_GAME_LEAGUE_MEAN,00-0031280,00-0033106,0.0,5.158395755305856,-0.002132462906802175,13.223453097873266,-0.2084682931190364,13.252682156032986,-6.0,8.595621744791668,,,47.5,3.18762376573351,43.4375,3.4584570990668437
2018_02_BAL_CIN,2018,2,False,False,11.0,57.0,RECONSTRUCTED_STARTER_IDENTITY_NOT_AS_ISSUED_T60,MARKET_TOTAL_RESIDUAL_SHAPE_AT_PRIOR_256_GAME_LEAGUE_MEAN,00-0027973,00-0026158,2.3518099547511495,-0.6978462837837762,0.10191082214931158,6.981265597873264,0.2238970716907086,7.0417446560329875,1.0,6.142496744791667,,,43.0,8.815227932400177,43.97265625,8.130332099066846
2018_02_CAR_ATL,2018,2,False,False,7.0,55.0,RECONSTRUCTED_STARTER_IDENTITY_NOT_AS_ISSUED_T60,MARKET_TOTAL_RESIDUAL_SHAPE_AT_PRIOR_256_GAME_LEAGUE_MEAN,00-0026143,00-0027939,-4.507010472915152,1.4053608864929679,3.4269665584071847,3.567203097873266,3.1904717040308594,3.5703904893663196,5.5,2.876871744791667,,,44.0,6.888144599066846,43.97265625,6.888144599066846
2018_02_CLE_NO,2018,2,False,False,3.0,39.0,RECONSTRUCTED_STARTER_IDENTITY_NOT_AS_ISSUED_T60,MARKET_TOTAL_RESIDUAL_SHAPE_AT_PRIOR_256_GAME_LEAGUE_MEAN,00-0020531,00-0028118,0.5410869090114456,11.64335170269888,12.13783640802475,5.101057264539935,11.69374581627725,5.049557156032987,10.0,4.319580078124998,,,51.0,6.843873765733505,43.97265625,3.7214779324001803
2018_02_HOU_TEN,2018,2,False,False,3.0,37.0,RECONSTRUCTED_STARTER_IDENTITY_NOT_AS_ISSUED_T60,MARKET_TOTAL_RESIDUAL_SHAPE_AT_PRIOR_256_GAME_LEAGUE_MEAN,00-0027948,00-0033537,-23.52966117664794,60.8909053413075,5.950307725703797,3.020328097873266,2.5734850649855785,2.8282029893663196,-3.5,4.551350911458333,,,41.0,3.4844987657335116,43.97265625,4.380332099066846
2018_02_IND_WAS,2018,2,False,False,-12.0,30.0,RECONSTRUCTED_STARTER_IDENTITY_NOT_AS_ISSUED_T60,MARKET_TOTAL_RESIDUAL_SHAPE_AT_PRIOR_256_GAME_LEAGUE_MEAN,00-0023436,00-0029668,28.947368421052634,44.27746531683538,7.652122924999894,13.223453097873268,7.038919049168584,12.354244656032986,6.0,11.850830078125,,,48.0,11.231894599066845,43.97265625,8.13554043240018
2018_02_KC_PIT,2018,2,False,False,-5.0,79.0,RECONSTRUCTED_STARTER_IDENTITY_NOT_AS_ISSUED_T60,MARKET_TOTAL_RESIDUAL_SHAPE_AT_PRIOR_256_GAME_LEAGUE_MEAN,00-0022924,00-0033873,5.35714285714286,37.698664971392226,2.158393726466875,4.137515597873264,0.8647328418969003,3.7318488226996536,4.5,5.816975911458333,,,52.0,19.820436265733512,43.97265625,27.546998765733512
2018_02_LAC_BUF,2018,2,False,False,-11.0,51.0,RECONSTRUCTED_STARTER_IDENTITY_NOT_AS_ISSUED_T60,MARKET_TOTAL_RESIDUAL_SHAPE_AT_PRIOR_256_GAME_LEAGUE_MEAN,00-0034857,00-0022942,0.49690452916260064,4.895754501510119,0.920589869633086,6.879703097873264,0.7446358707391851,6.817786322699654,-7.5,3.126871744791667,,,41.5,5.776165432400178,43.97265625,4.80741543240018
2018_02_MIA_NYJ,2018,2,False,False,-8.0,32.0,RECONSTRUCTED_STARTER_IDENTITY_NOT_AS_ISSUED_T60,MARKET_TOTAL_RESIDUAL_SHAPE_AT_PRIOR_256_GAME_LEAGUE_MEAN,00-0034869,00-0029701,52.49417701863355,18.701761744966426,3.245225430447945,6.2520989312066,4.596922041394629,7.5026821560329875,3.0,6.426350911458333,,,43.0,6.255332099066844,43.97265625,6.8438737657335125
2018_02_MIN_GB,2018,2,False,False,0.0,58.0,RECONSTRUCTED_STARTER_IDENTITY_NOT_AS_ISSUED_T60,MARKET_TOTAL_RESIDUAL_SHAPE_AT_PRIOR_256_GAME_LEAGUE_MEAN,00-0023459,00-0029604,45.88383838383838,-15.774012261580372,-2.8147371255368308,3.2807447645399312,-0.3484230997200806,2.8282029893663196,-2.0,2.991455078124999,,,45.0,8.130332099066843,43.97265625,8.815227932400179
2018_02_PHI_TB,2018,2,False,False,6.0,48.0,RECONSTRUCTED_STARTER_IDENTITY_NOT_AS_ISSUED_T60,MARKET_TOTAL_RESIDUAL_SHAPE_AT_PRIOR_256_GAME_LEAGUE_MEAN,00-0023682,00-0029567,-5.3389359983848195,-2.7588089330024657,-3.59079028945971,6.377098931206597,-3.693995372075004,6.440182156032987,-3.0,5.577392578124999,,,46.5,3.1876237657335125,43.97265625,3.7110612657335125
2018_02_ARI_LA,2018,2,False,False,34.0,34.0,RECONSTRUCTED_STARTER_IDENTITY_NOT_AS_ISSUED_T60,MARKET_TOTAL_RESIDUAL_SHAPE_AT_PRIOR_256_GAME_LEAGUE_MEAN,00-0033106,00-0027854,26.11879887585531,48.746288886020395,7.192570894838736,20.473453097873268,6.287471294432132,21.471432156032986,13.5,13.598225911458332,,,43.5,5.708457099066846,43.97265625,5.708457099066846
2018_02_DET_SF,2018,2,False,False,3.0,57.0,RECONSTRUCTED_STARTER_IDENTITY_NOT_AS_ISSUED_T60,MARKET_TOTAL_RESIDUAL_SHAPE_AT_PRIOR_256_GAME_LEAGUE_MEAN,00-0031345,00-0026498,23.58326419616519,8.864041484362328,2.1678621759454106,2.9265780978732643,2.756631084417525,2.8282029893663196,6.0,3.126871744791667,,,48.5,5.276165432400178,43.97265625,8.130332099066846
2018_02_NE_JAX,2018,2,False,False,11.0,51.0,RECONSTRUCTED_STARTER_IDENTITY_NOT_AS_ISSUED_T60,MARKET_TOTAL_RESIDUAL_SHAPE_AT_PRIOR_256_GAME_LEAGUE_MEAN,00-0031407,00-0019596,-1.6465413144730157,0.6806333571437451,-1.6682453744904797,8.314598931206598,-1.7613323613551501,8.385494656032987,-2.0,8.064371744791668,,,44.5,4.390748765733509,43.97265625,4.80741543240018
2018_02_OAK_DEN,2018,2,False,False,1.0,39.0,RECONSTRUCTED_STARTER_IDENTITY_NOT_AS_ISSUED_T60,MARKET_TOTAL_RESIDUAL_SHAPE_AT_PRIOR_256_GAME_LEAGUE_MEAN,00-0028986,00-0031280,51.04248398647589,0.0,3.8411473979272976,3.020328097873265,5.882846757386333,3.4115363226996536,5.5,3.624267578124999,,,44.5,4.031373765733509,43.97265625,3.7214779324001803
2018_02_NYG_DAL,2018,2,False,False,7.0,33.0,RECONSTRUCTED_STARTER_IDENTITY_NOT_AS_ISSUED_T60,MARKET_TOTAL_RESIDUAL_SHAPE_AT_PRIOR_256_GAME_LEAGUE_MEAN,00-0033077,00-0022803,0.36031575101436175,-1.4814814814814836,7.91645213698338,2.853661431206601,7.9901240262832145,2.8047654893663196,3.0,3.415934244791667,,,42.0,5.208457099066844,43.97265625,6.255332099066846
2018_02_SEA_CHI,2018,2,False,False,7.0,41.0,RECONSTRUCTED_STARTER_IDENTITY_NOT_AS_ISSUED_T60,MARKET_TOTAL_RESIDUAL_SHAPE_AT_PRIOR_256_GAME_LEAGUE_MEAN,00-0033869,00-0029263,0.35722760865142256,0.6643990756186824,-1.0336715071747222,5.252098931206597,-1.0459583658534126,5.302161322699653,5.0,2.991455078124999,,,42.5,3.18762376573351,43.97265625,3.3100195990668464
2018_03_NYJ_CLE,2018,3,False,False,4.0,38.0,RECONSTRUCTED_STARTER_IDENTITY_NOT_AS_ISSUED_T60,MARKET_TOTAL_RESIDUAL_SHAPE_AT_PRIOR_256_GAME_LEAGUE_MEAN,00-0034855,00-0034869,43.650952315795124,25.951275598750435,-3.4137058561895084,4.746890597873263,-2.7057187875077204,4.783932156032987,3.0,2.876871744791667,,,41.0,3.3100195990668455,44.12890625,4.0313737657335125
2018_03_BUF_MIN,2018,3,False,False,-21.0,33.0,RECONSTRUCTED_STARTER_IDENTITY_NOT_AS_ISSUED_T60,MARKET_TOTAL_RESIDUAL_SHAPE_AT_PRIOR_256_GAME_LEAGUE_MEAN,00-0029604,00-0034857,-8.618421052631575,-2.8983803552769083,8.997357447965815,22.551578097873268,8.76855582007163,22.62507798936632,16.5,30.973225911458332,,,41.0,4.7631445990668455,44.12890625,6.255332099066846
2018_03_CIN_CAR,2018,3,False,False,10.0,52.0,RECONSTRUCTED_STARTER_IDENTITY_NOT_AS_ISSUED_T60,MARKET_TOTAL_RESIDUAL_SHAPE_AT_PRIOR_256_GAME_LEAGUE_MEAN,00-0027939,00-0027973,1.3621487170536017,2.4939497189803816,3.724755273370265,4.293765597873265,3.6794832332931935,4.317786322699653,2.5,4.551350911458333,,,44.0,5.27616543240018,44.12890625,5.27616543240018
2018_03_DEN_BAL,2018,3,False,False,13.0,41.0,RECONSTRUCTED_STARTER_IDENTITY_NOT_AS_ISSUED_T60,MARKET_TOTAL_RESIDUAL_SHAPE_AT_PRIOR_256_GAME_LEAGUE_MEAN,00-0026158,00-0028986,-0.8079738832088124,38.30002543512228,5.26874237154867,5.2520989312066,3.704422398815426,5.859452989366319,5.5,4.551350911458333,,,46.0,3.7214779324001777,44.12890625,3.3100195990668464
2018_03_GB_WAS,2018,3,False,False,14.0,48.0,RECONSTRUCTED_STARTER_IDENTITY_NOT_AS_ISSUED_T60,MARKET_TOTAL_RESIDUAL_SHAPE_AT_PRIOR_256_GAME_LEAGUE_MEAN,00-0023436,00-0023459,24.08382626211043,41.66610152249839,2.0694243797968284,7.629703097873264,1.3661333693813102,8.385494656032987,-2.5,11.066975911458332,,,46.5,3.1876237657335125,44.12890625,3.7110612657335125
2018_03_IND_PHI,2018,3,False,False,4.0,36.0,RECONSTRUCTED_STARTER_IDENTITY_NOT_AS_ISSUED_T60,MARKET_TOTAL_RESIDUAL_SHAPE_AT_PRIOR_256_GAME_LEAGUE_MEAN,00-0032950,00-0029668,38.66912462634764,32.03623084974785,10.988705993114355,4.137515597873267,11.254021744178344,4.1120571560329875,6.5,3.126871744791667,,,45.5,5.708457099066844,44.12890625,4.763144599066846
2018_03_NO_ATL,2018,3,False,False,-6.0,80.0,RECONSTRUCTED_STARTER_IDENTITY_NOT_AS_ISSUED_T60,MARKET_TOTAL_RESIDUAL_SHAPE_AT_PRIOR_256_GAME_LEAGUE_MEAN,00-0026143,00-0020531,-4.499813261542784,0.5340968635376697,4.60980268795116,6.2520989312066,4.408446282947942,5.596432156032987,1.5,4.762288411458332,,,54.0,18.88554043240017,44.12890625,28.531373765733512
2018_03_NYG_HOU,2018,3,False,False,-5.0,49.0,RECONSTRUCTED_STARTER_IDENTITY_NOT_AS_ISSUED_T60,MARKET_TOTAL_RESIDUAL_SHAPE_AT_PRIOR_256_GAME_LEAGUE_MEAN,00-0033537,00-0022803,56.83400342491252,1.6867469879518149,2.479573358874368,4.137515597873264,4.685463616352795,5.5964321560329875,6.5,7.113850911458333,,,44.0,4.0235612657335125,44.12890625,4.0235612657335125
2018_03_OAK_MIA,2018,3,False,False,8.0,48.0,RECONSTRUCTED_STARTER_IDENTITY_NOT_AS_ISSUED_T60,MARKET_TOTAL_RESIDUAL_SHAPE_AT_PRIOR_256_GAME_LEAGUE_MEAN,00-0029701,00-0031280,33.334198504983384,0.0,5.3120145402370875,3.280744764539934,6.645382480436423,2.9219529893663188,3.0,3.746663411458333,,,46.0,3.28918626573351,44.12890625,3.7110612657335125
2018_03_SF_KC,2018,3,False,False,11.0,65.0,RECONSTRUCTED_STARTER_IDENTITY_NOT_AS_ISSUED_T60,MARKET_TOTAL_RESIDUAL_SHAPE_AT_PRIOR_256_GAME_LEAGUE_MEAN,00-0033873,00-0031345,71.82644035381304,11.675997599138999,8.524245064268998,3.069807264539934,10.93026277445596,2.8282029893663196,6.0,3.746663411458333,,,53.0,7.489707099066845,44.12890625,14.414186265733514
2018_03_TEN_JAX,2018,3,False,False,-3.0,15.0,RECONSTRUCTED_STARTER_IDENTITY_NOT_AS_ISSUED_T60,MARKET_TOTAL_RESIDUAL_SHAPE_AT_PRIOR_256_GAME_LEAGUE_MEAN,00-0031407,00-0032268,-1.5491199345067708,-12.196342305037966,6.345627021992587,5.101057264539934,6.771515916813835,5.596432156032987,10.0,7.840413411458332,,,39.0,16.567832099066845,44.12890625,21.377727932400177
2018_03_LAC_LA,2018,3,False,False,12.0,58.0,RECONSTRUCTED_STARTER_IDENTITY_NOT_AS_ISSUED_T60,MARKET_TOTAL_RESIDUAL_SHAPE_AT_PRIOR_256_GAME_LEAGUE_MEAN,00-0033106,00-0022942,16.94321089869033,5.127458748148417,3.9225949701944773,5.252098931206599,4.3952250562161534,5.302161322699653,7.5,3.415934244791667,,,49.0,5.776165432400178,44.12890625,8.815227932400179
2018_03_CHI_ARI,2018,3,False,False,-2.0,30.0,RECONSTRUCTED_STARTER_IDENTITY_NOT_AS_ISSUED_T60,MARKET_TOTAL_RESIDUAL_SHAPE_AT_PRIOR_256_GAME_LEAGUE_MEAN,00-0027854,00-0033869,50.73719156832613,0.35938678059812545,1.271755911025839,3.0203280978732643,3.286868102534959,3.4115363226996536,-6.0,3.415934244791667,,,39.0,5.208457099066844,44.12890625,8.13554043240018
2018_03_DAL_SEA,2018,3,False,False,11.0,37.0,RECONSTRUCTED_STARTER_IDENTITY_NOT_AS_ISSUED_T60,MARKET_TOTAL_RESIDUAL_SHAPE_AT_PRIOR_256_GAME_LEAGUE_MEAN,00-0029263,00-0033077,0.6709706354451894,0.3548462587249057,1.31631558294398,6.377098931206598,1.3289605580127914,6.4401821560329875,1.0,6.142496744791667,,,40.0,3.310019599066843,44.12890625,4.380332099066846
2018_03_NE_DET,2018,3,False,False,16.0,36.0,RECONSTRUCTED_STARTER_IDENTITY_NOT_AS_ISSUED_T60,MARKET_TOTAL_RESIDUAL_SHAPE_AT_PRIOR_256_GAME_LEAGUE_MEAN,00-0026498,00-0019596,8.106540084388204,0.6270701595904926,-4.146899901171046,14.009911431206596,-3.8477211041791373,14.046952989366321,-7.0,16.285725911458332,,,55.5,12.93241543240018,44.12890625,4.763144599066846
2018_03_PIT_TB,2018,3,False,False,-3.0,57.0,RECONSTRUCTED_STARTER_IDENTITY_NOT_AS_ISSUED_T60,MARKET_TOTAL_RESIDUAL_SHAPE_AT_PRIOR_256_GAME_LEAGUE_MEAN,00-0023682,00-0022924,0.09320175438594092,0.8912778357041962,1.1770412444540943,3.1922030978732643,1.145118201201364,3.1641404893663196,1.0,3.350830078124999,,,55.0,3.28918626573351,44.12890625,8.130332099066846
2018_04_MIN_LA,2018,4,False,False,7.0,69.0,RECONSTRUCTED_STARTER_IDENTITY_NOT_AS_ISSUED_T60,MARKET_TOTAL_RESIDUAL_SHAPE_AT_PRIOR_256_GAME_LEAGUE_MEAN,00-0033106,00-0029604,4.869775569851131,-1.4302817737932072,4.220720410556678,3.280744764539933,4.472722704302452,3.2839321560329866,7.5,2.843017578124999,,,48.5,13.562623765733512,43.953125,17.963665432400177
2018_04_BUF_GB,2018,4,False,False,22.0,22.0,RECONSTRUCTED_STARTER_IDENTITY_NOT_AS_ISSUED_T60,MARKET_TOTAL_RESIDUAL_SHAPE_AT_PRIOR_256_GAME_LEAGUE_MEAN,00-0023459,00-0034857,42.304609346945064,14.642454954954964,0.7623394158767042,14.900536431206598,1.8688255915563081,14.046952989366321,8.5,8.064371744791666,,,44.0,14.718873765733514,43.953125,14.718873765733514
2018_04_CIN_ATL,2018,4,False,False,-1.0,73.0,RECONSTRUCTED_STARTER_IDENTITY_NOT_AS_ISSUED_T60,MARKET_TOTAL_RESIDUAL_SHAPE_AT_PRIOR_256_GAME_LEAGUE_MEAN,00-0026143,00-0027973,0.0,1.912621214603849,5.360932587320067,3.746890597873266,5.284427738735912,3.7318488226996536,3.5,3.624267578124999,,,52.0,14.414186265733512,43.953125,21.716269599066848
2018_04_DET_DAL,2018,4,False,False,2.0,50.0,RECONSTRUCTED_STARTER_IDENTITY_NOT_AS_ISSUED_T60,MARKET_TOTAL_RESIDUAL_SHAPE_AT_PRIOR_256_GAME_LEAGUE_MEAN,00-0033077,00-0026498,0.33768071984632275,7.870175974348204,3.387880605150776,2.8536614312066,3.086580794970701,2.8047654893663196,2.5,2.843017578124999,,,44.0,4.3907487657335125,43.953125,4.3907487657335125
2018_04_HOU_IND,2018,4,False,False,-3.0,71.0,RECONSTRUCTED_STARTER_IDENTITY_NOT_AS_ISSUED_T60,MARKET_TOTAL_RESIDUAL_SHAPE_AT_PRIOR_256_GAME_LEAGUE_MEAN,00-0029668,00-0033537,46.25644315047974,46.922749230385904,4.8560943198648605,4.582828097873266,4.829442076668614,4.55476548936632,-1.0,2.949788411458333,,,48.0,16.156373765733512,43.953125,19.820436265733512
2018_04_MIA_NE,2018,4,False,False,31.0,45.0,RECONSTRUCTED_STARTER_IDENTITY_NOT_AS_ISSUED_T60,MARKET_TOTAL_RESIDUAL_SHAPE_AT_PRIOR_256_GAME_LEAGUE_MEAN,00-0019596,00-0029701,0.5817901234567824,27.389078498293507,5.752399042608631,18.582828097873268,4.680107507615162,19.565182156032986,6.5,17.204996744791664,,,50.5,4.031373765733505,43.953125,3.1876237657335125
2018_04_NYJ_JAX,2018,4,False,False,19.0,43.0,RECONSTRUCTED_STARTER_IDENTITY_NOT_AS_ISSUED_T60,MARKET_TOTAL_RESIDUAL_SHAPE_AT_PRIOR_256_GAME_LEAGUE_MEAN,00-0031407,00-0034869,0.0,1.8792134831460583,7.389764341360688,7.629703097873266,7.314595802034845,7.692786322699653,7.5,6.751871744791667,,,40.5,3.2891862657335116,43.953125,3.1459570990668464
2018_04_PHI_TEN,2018,4,False,False,3.0,49.0,RECONSTRUCTED_STARTER_IDENTITY_NOT_AS_ISSUED_T60,MARKET_TOTAL_RESIDUAL_SHAPE_AT_PRIOR_256_GAME_LEAGUE_MEAN,00-0032268,00-0032950,-3.436789593331646,32.64883945031003,-2.745016556062037,4.293765597873263,-4.188441717807703,4.783932156032987,-3.0,4.121663411458333,,,41.5,4.807415432400178,43.953125,4.0235612657335125
2018_04_TB_CHI,2018,4,False,False,38.0,58.0,RECONSTRUCTED_STARTER_IDENTITY_NOT_AS_ISSUED_T60,MARKET_TOTAL_RESIDUAL_SHAPE_AT_PRIOR_256_GAME_LEAGUE_MEAN,00-0033869,00-0031503,0.33413282256422594,-38.29505785987188,0.9492274872333837,30.20782809787326,2.494395114530828,29.26830715603299,3.0,27.801350911458332,,,46.0,7.489707099066844,43.953125,8.815227932400179
2018_04_CLE_OAK,2018,4,False,False,3.0,87.0,RECONSTRUCTED_STARTER_IDENTITY_NOT_AS_ISSUED_T60,MARKET_TOTAL_RESIDUAL_SHAPE_AT_PRIOR_256_GAME_LEAGUE_MEAN,00-0031280,00-0034855,0.0,94.50527852650492,6.142487592215221,3.020328097873266,2.3622764511550236,2.9219529893663188,2.5,2.832600911458333,,,44.5,34.47408209906684,43.953125,35.471477932400184
2018_04_SEA_ARI,2018,4,False,False,-3.0,37.0,RECONSTRUCTED_STARTER_IDENTITY_NOT_AS_ISSUED_T60,MARKET_TOTAL_RESIDUAL_SHAPE_AT_PRIOR_256_GAME_LEAGUE_MEAN,00-0034343,00-0029263,-138.95833333333334,0.6925121733081685,-1.9270282165144363,2.853661431206598,-7.513062036780096,3.9089321560329875,-3.5,2.876871744791667,,,40.0,3.310019599066843,43.953125,4.380332099066846
2018_04_NO_NYG,2018,4,False,False,-15.0,51.0,RECONSTRUCTED_STARTER_IDENTITY_NOT_AS_ISSUED_T60,MARKET_TOTAL_RESIDUAL_SHAPE_AT_PRIOR_256_GAME_LEAGUE_MEAN,00-0022803,00-0020531,7.027439024390247,0.5287332504489317,-4.213247558662597,6.252098931206597,-3.9532993277049444,6.187577989366319,-3.5,6.426350911458333,,,51.5,3.1459570990668455,43.953125,4.80741543240018
2018_04_SF_LAC,2018,4,False,False,2.0,56.0,RECONSTRUCTED_STARTER_IDENTITY_NOT_AS_ISSUED_T60,MARKET_TOTAL_RESIDUAL_SHAPE_AT_PRIOR_256_GAME_LEAGUE_MEAN,00-0022942,00-0033936,6.365619236771192,-57.83811118086071,5.235846454695975,3.020328097873266,7.803995671401251,3.7318488226996536,10.0,4.762288411458332,,,46.0,6.32043626573351,43.953125,7.489707099066846
2018_04_BAL_PIT,2018,4,False,False,-12.0,40.0,RECONSTRUCTED_STARTER_IDENTITY_NOT_AS_ISSUED_T60,MARKET_TOTAL_RESIDUAL_SHAPE_AT_PRIOR_256_GAME_LEAGUE_MEAN,00-0022924,00-0026158,1.9697744116348836,-0.06767632426105674,3.7237538014195253,9.825015597873268,3.805251830855363,9.794348822699654,3.0,9.382080078125,,,51.0,6.255332099066839,43.953125,3.4844987657335125
2018_04_KC_DEN,2018,4,False,False,-4.0,50.0,RECONSTRUCTED_STARTER_IDENTITY_NOT_AS_ISSUED_T60,MARKET_TOTAL_RESIDUAL_SHAPE_AT_PRIOR_256_GAME_LEAGUE_MEAN,00-0028986,00-0033873,29.459104774065416,40.36807487983811,-4.402393104102093,2.8666822645399312,-4.838751908333,2.9219529893663196,-3.5,2.832600911458333,,,53.5,3.4844987657335054,43.953125,4.3907487657335125
2018_05_IND_NE,2018,5,False,False,14.0,62.0,RECONSTRUCTED_STARTER_IDENTITY_NOT_AS_ISSUED_T60,MARKET_TOTAL_RESIDUAL_SHAPE_AT_PRIOR_256_GAME_LEAGUE_MEAN,00-0019596,00-0029668,0.7262252515417122,45.328367226264234,10.968096582393546,3.280744764539935,9.184010903404646,3.9089321560329866,10.5,3.163330078124999,,,49.5,7.489707099066846,44.48046875,11.903769599066846
2018_05_ATL_PIT,2018,5,False,False,24.0,58.0,RECONSTRUCTED_STARTER_IDENTITY_NOT_AS_ISSUED_T60,MARKET_TOTAL_RESIDUAL_SHAPE_AT_PRIOR_256_GAME_LEAGUE_MEAN,00-0022924,00-0026143,1.1849571635203837,0.0,1.8567797274570421,15.801578097873266,1.9041780139978572,15.830807156032986,3.5,13.598225911458332,,,57.0,3.1876237657335054,44.48046875,8.815227932400179
2018_05_BAL_CLE,2018,5,False,False,3.0,21.0,RECONSTRUCTED_STARTER_IDENTITY_NOT_AS_ISSUED_T60,MARKET_TOTAL_RESIDUAL_SHAPE_AT_PRIOR_256_GAME_LEAGUE_MEAN,00-0034855,00-0026158,41.680193198463925,0.08814354806399027,-8.057364571155686,6.981265597873263,-6.393682585139687,5.859452989366319,-3.0,4.121663411458333,,,44.5,16.56783209906684,44.48046875,15.638144599066846
2018_05_DEN_NYJ,2018,5,False,False,18.0,50.0,RECONSTRUCTED_STARTER_IDENTITY_NOT_AS_ISSUED_T60,MARKET_TOTAL_RESIDUAL_SHAPE_AT_PRIOR_256_GAME_LEAGUE_MEAN,00-0034869,00-0028986,-2.3350323013675567,22.3349419124218,1.7464751628013346,10.590640597873266,0.7596761942497604,11.466223822699654,-1.0,12.744059244791664,,,42.0,5.276165432400178,44.48046875,4.3907487657335125
2018_05_GB_DET,2018,5,False,False,8.0,54.0,RECONSTRUCTED_STARTER_IDENTITY_NOT_AS_ISSUED_T60,MARKET_TOTAL_RESIDUAL_SHAPE_AT_PRIOR_256_GAME_LEAGUE_MEAN,00-0026498,00-0023459,7.899961634375585,31.1955704732777,2.7137743855446024,3.9005364312066,1.781950031988518,4.317786322699653,1.0,4.551350911458333,,,50.0,3.7110612657335125,44.48046875,6.3204362657335125
2018_05_JAX_KC,2018,5,False,False,16.0,44.0,RECONSTRUCTED_STARTER_IDENTITY_NOT_AS_ISSUED_T60,MARKET_TOTAL_RESIDUAL_SHAPE_AT_PRIOR_256_GAME_LEAGUE_MEAN,00-0033873,00-0031407,13.2466236955187,0.0,5.38156557140498,6.981265597873266,5.911430519225729,6.4401821560329875,3.0,8.064371744791668,,,48.0,3.48449876573351,44.48046875,3.1589779324001803
2018_05_MIA_CIN,2018,5,False,False,10.0,44.0,RECONSTRUCTED_STARTER_IDENTITY_NOT_AS_ISSUED_T60,MARKET_TOTAL_RESIDUAL_SHAPE_AT_PRIOR_256_GAME_LEAGUE_MEAN,00-0027973,00-0029701,1.8931612885672244,20.73442423305174,3.6482359270647886,4.293765597873265,2.894585409285408,4.7839321560329875,6.0,3.415934244791667,,,47.5,3.48449876573351,44.48046875,3.1589779324001803
2018_05_NYG_CAR,2018,5,False,False,2.0,64.0,RECONSTRUCTED_STARTER_IDENTITY_NOT_AS_ISSUED_T60,MARKET_TOTAL_RESIDUAL_SHAPE_AT_PRIOR_256_GAME_LEAGUE_MEAN,00-0027939,00-0022803,1.344175701973871,-0.30106140839836204,9.723935085312778,4.582828097873267,9.789744569727668,4.55476548936632,7.0,3.624267578124999,,,43.5,13.562623765733514,44.48046875,13.562623765733514
2018_05_TEN_BUF,2018,5,False,False,1.0,25.0,RECONSTRUCTED_STARTER_IDENTITY_NOT_AS_ISSUED_T60,MARKET_TOTAL_RESIDUAL_SHAPE_AT_PRIOR_256_GAME_LEAGUE_MEAN,00-0034857,00-0032268,-6.374269005847955,1.1552935967679367,0.6469637921947379,2.866682264539932,0.34578128809010217,2.9219529893663196,-6.0,4.551350911458333,,,38.0,7.463665432400177,44.48046875,12.073040432400179
2018_05_OAK_LAC,2018,5,False,False,16.0,36.0,RECONSTRUCTED_STARTER_IDENTITY_NOT_AS_ISSUED_T60,MARKET_TOTAL_RESIDUAL_SHAPE_AT_PRIOR_256_GAME_LEAGUE_MEAN,00-0022942,00-0031280,5.4894179894179995,0.0,6.974863948546281,5.804182264539934,7.194440668123001,5.859452989366319,5.5,6.142496744791667,,,52.0,9.606894599066845,44.48046875,4.763144599066846
2018_05_ARI_SF,2018,5,False,False,-10.0,46.0,RECONSTRUCTED_STARTER_IDENTITY_NOT_AS_ISSUED_T60,MARKET_TOTAL_RESIDUAL_SHAPE_AT_PRIOR_256_GAME_LEAGUE_MEAN,00-0033936,00-0034343,-42.834563208471096,32.181186868686865,4.589278830459371,9.038557264539932,1.5886488273730521,6.817786322699653,3.0,7.840413411458333,,,40.5,4.023561265733512,44.48046875,3.2891862657335125
2018_05_LA_SEA,2018,5,False,False,-2.0,64.0,RECONSTRUCTED_STARTER_IDENTITY_NOT_AS_ISSUED_T60,MARKET_TOTAL_RESIDUAL_SHAPE_AT_PRIOR_256_GAME_LEAGUE_MEAN,00-0029263,00-0033106,0.0,8.457463884430183,-0.13446040658670427,2.905744764539932,-0.4727589619639116,2.8516404893663196,-7.5,4.121663411458333,,,50.5,8.13033209906684,44.48046875,13.562623765733514
2018_05_MIN_PHI,2018,5,False,False,-2.0,44.0,RECONSTRUCTED_STARTER_IDENTITY_NOT_AS_ISSUED_T60,MARKET_TOTAL_RESIDUAL_SHAPE_AT_PRIOR_256_GAME_LEAGUE_MEAN,00-0032950,00-0029604,22.703411215564252,-7.307381883653075,5.84154454354436,4.582828097873266,7.041976267513053,5.049557156032987,3.5,3.944580078124999,,,48.0,3.48449876573351,44.48046875,3.1589779324001803
2018_05_DAL_HOU,2018,5,False,False,3.0,35.0,RECONSTRUCTED_STARTER_IDENTITY_NOT_AS_ISSUED_T60,MARKET_TOTAL_RESIDUAL_SHAPE_AT_PRIOR_256_GAME_LEAGUE_MEAN,00-0033537,00-0033077,53.30637987024729,0.0,-3.0957951656698333,4.293765597873263,-0.9635399708599417,3.5703904893663188,3.5,2.843017578124999,,,45.0,5.708457099066843,44.48046875,5.208457099066846
2018_05_WAS_NO,2018,5,False,False,24.0,62.0,RECONSTRUCTED_STARTER_IDENTITY_NOT_AS_ISSUED_T60,MARKET_TOTAL_RESIDUAL_SHAPE_AT_PRIOR_256_GAME_LEAGUE_MEAN,00-0020531,00-0023436,0.9121527293033838,23.403840336268257,6.983929903139088,11.410953097873268,6.084262398860493,12.307369656032986,5.5,11.895100911458332,,,51.5,6.320436265733512,44.48046875,11.903769599066846
2018_06_PHI_NYG,2018,6,False,False,-21.0,47.0,RECONSTRUCTED_STARTER_IDENTITY_NOT_AS_ISSUED_T60,MARKET_TOTAL_RESIDUAL_SHAPE_AT_PRIOR_256_GAME_LEAGUE_MEAN,00-0022803,00-0032950,-13.339067626686107,22.91003802576439,-6.141525150172974,9.038557264539929,-7.591489376270994,7.5026821560329875,-1.5,12.725830078125,,,45.5,3.18762376573351,44.6796875,3.289186265733509
2018_06_ARI_MIN,2018,6,False,False,10.0,44.0,RECONSTRUCTED_STARTER_IDENTITY_NOT_AS_ISSUED_T60,MARKET_TOTAL_RESIDUAL_SHAPE_AT_PRIOR_256_GAME_LEAGUE_MEAN,00-0029604,00-0034343,-11.476036562054714,55.45127985536207,7.380101770928167,3.280744764539934,4.703009114231497,3.9089321560329875,10.0,2.832600911458332,,,43.5,3.1589779324001803,44.6796875,3.145957099066843
2018_06_BUF_HOU,2018,6,False,False,7.0,33.0,RECONSTRUCTED_STARTER_IDENTITY_NOT_AS_ISSUED_T60,MARKET_TOTAL_RESIDUAL_SHAPE_AT_PRIOR_256_GAME_LEAGUE_MEAN,00-0033537,00-0034857,50.13141740882177,-14.324175824175821,-0.5989815382649067,5.252098931206597,1.9792421910549967,3.9089321560329866,10.5,3.350830078124999,,,40.5,4.7631445990668455,44.6796875,6.843873765733509
2018_06_CAR_WAS,2018,6,False,False,6.0,40.0,RECONSTRUCTED_STARTER_IDENTITY_NOT_AS_ISSUED_T60,MARKET_TOTAL_RESIDUAL_SHAPE_AT_PRIOR_256_GAME_LEAGUE_MEAN,00-0023436,00-0027939,41.87929228262135,1.3230534076604794,-1.3965410606203112,4.746890597873263,0.2257084943781235,4.317786322699654,-1.0,4.551350911458333,,,44.5,3.7214779324001768,44.6796875,3.7214779324001768
2018_06_CHI_MIA,2018,6,False,False,3.0,59.0,RECONSTRUCTED_STARTER_IDENTITY_NOT_AS_ISSUED_T60,MARKET_TOTAL_RESIDUAL_SHAPE_AT_PRIOR_256_GAME_LEAGUE_MEAN,00-0029682,00-0033869,-23.15058134039134,0.4001821967725139,1.2472186565970604,3.069807264539932,0.30518811511050636,3.2839321560329875,-7.5,6.751871744791667,,,40.5,11.903769599066845,44.6796875,8.815227932400175
2018_06_IND_NYJ,2018,6,False,False,8.0,76.0,RECONSTRUCTED_STARTER_IDENTITY_NOT_AS_ISSUED_T60,MARKET_TOTAL_RESIDUAL_SHAPE_AT_PRIOR_256_GAME_LEAGUE_MEAN,00-0034869,00-0029668,16.701807228915676,35.3194630266285,4.84065682986512,3.280744764539934,4.095950597956607,3.5703904893663188,2.5,3.746663411458333,,,47.5,20.760540432400177,44.6796875,23.643352932400177
2018_06_LAC_CLE,2018,6,False,False,-24.0,52.0,RECONSTRUCTED_STARTER_IDENTITY_NOT_AS_ISSUED_T60,MARKET_TOTAL_RESIDUAL_SHAPE_AT_PRIOR_256_GAME_LEAGUE_MEAN,00-0034855,00-0022942,37.41701128870012,5.507178870865648,-5.557414774148965,11.483869764539929,-4.281021477435586,13.252682156032986,1.0,18.267496744791664,,,47.0,4.0235612657335125,44.6796875,4.807415432400177
2018_06_PIT_CIN,2018,6,False,False,-7.0,49.0,RECONSTRUCTED_STARTER_IDENTITY_NOT_AS_ISSUED_T60,MARKET_TOTAL_RESIDUAL_SHAPE_AT_PRIOR_256_GAME_LEAGUE_MEAN,00-0027973,00-0022924,1.7222385920737215,0.17656500802567532,0.9810398784370591,4.582828097873264,1.042866821798981,4.55476548936632,1.0,4.762288411458333,,,49.5,3.1459570990668464,44.6796875,3.711061265733509
2018_06_SEA_OAK,2018,6,False,False,-24.0,30.0,RECONSTRUCTED_STARTER_IDENTITY_NOT_AS_ISSUED_T60,MARKET_TOTAL_RESIDUAL_SHAPE_AT_PRIOR_256_GAME_LEAGUE_MEAN,00-0031280,00-0029263,0.0,0.0,-4.810235486878228,12.34324476453993,-4.810235486878228,12.354244656032986,-3.0,14.530517578125,,,47.5,11.231894599066845,44.6796875,8.849082099066843
2018_06_TB_ATL,2018,6,False,False,5.0,63.0,RECONSTRUCTED_STARTER_IDENTITY_NOT_AS_ISSUED_T60,MARKET_TOTAL_RESIDUAL_SHAPE_AT_PRIOR_256_GAME_LEAGUE_MEAN,00-0026143,00-0031503,1.9765226377316925,-33.546284893267654,4.890983100522253,2.866682264539934,6.311895401762226,2.8047654893663196,3.0,2.991455078124999,,,57.5,4.02356126573351,44.6796875,11.903769599066843
2018_06_LA_DEN,2018,6,False,False,-3.0,43.0,RECONSTRUCTED_STARTER_IDENTITY_NOT_AS_ISSUED_T60,MARKET_TOTAL_RESIDUAL_SHAPE_AT_PRIOR_256_GAME_LEAGUE_MEAN,00-0028986,00-0033106,21.79666304937602,9.396086369770584,-5.4688277472349816,3.069807264539932,-4.972804680050764,3.0755988226996536,-7.0,3.415934244791667,,,50.0,4.380332099066846,44.6796875,3.187623765733509
2018_06_BAL_TEN,2018,6,False,False,-21.0,21.0,RECONSTRUCTED_STARTER_IDENTITY_NOT_AS_ISSUED_T60,MARKET_TOTAL_RESIDUAL_SHAPE_AT_PRIOR_256_GAME_LEAGUE_MEAN,00-0032268,00-0026158,-11.562500000000009,1.2793008560945784,0.6983208843739976,15.020328097873266,0.18464885013021412,14.153723822699654,-2.5,11.850830078125,,,43.5,15.638144599066846,44.6796875,16.56783209906684
2018_06_JAX_DAL,2018,6,False,False,33.0,47.0,RECONSTRUCTED_STARTER_IDENTITY_NOT_AS_ISSUED_T60,MARKET_TOTAL_RESIDUAL_SHAPE_AT_PRIOR_256_GAME_LEAGUE_MEAN,00-0033077,00-0031407,0.0,0.0,0.7556335033508913,25.29376559787326,0.7556335033508913,25.33080715603299,-3.0,28.793538411458332,,,39.5,4.807415432400177,44.6796875,3.289186265733509
2018_06_KC_NE,2018,6,False,False,3.0,83.0,RECONSTRUCTED_STARTER_IDENTITY_NOT_AS_ISSUED_T60,MARKET_TOTAL_RESIDUAL_SHAPE_AT_PRIOR_256_GAME_LEAGUE_MEAN,00-0019596,00-0033873,0.7150958056067136,13.525525862714316,1.0167002279625286,3.069807264539932,0.5042830256782245,3.0755988226996536,4.0,2.843017578124999,,,59.5,16.156373765733505,44.6796875,30.502727932400177
2018_06_SF_GB,2018,6,False,False,3.0,63.0,RECONSTRUCTED_STARTER_IDENTITY_NOT_AS_ISSUED_T60,MARKET_TOTAL_RESIDUAL_SHAPE_AT_PRIOR_256_GAME_LEAGUE_MEAN,00-0023459,00-0033936,37.989278163696774,-43.56669601074918,4.538253114710033,2.905744764539934,7.800492081687871,3.4115363226996536,9.0,3.9445800781249982,,,46.5,10.310019599066846,44.6796875,11.903769599066843
2018_07_DEN_ARI,2018,7,False,False,-35.0,55.0,RECONSTRUCTED_STARTER_IDENTITY_NOT_AS_ISSUED_T60,MARKET_TOTAL_RESIDUAL_SHAPE_AT_PRIOR_256_GAME_LEAGUE_MEAN,00-0034343,00-0028986,40.73011232497308,0.17578201082935063,3.2434361599697694,30.421369764539936,4.865609372535519,32.497473822699654,-1.0,26.983642578124996,,,42.5,7.489707099066844,44.80859375,6.320436265733509
2018_07_BUF_IND,2018,7,False,False,32.0,42.0,RECONSTRUCTED_STARTER_IDENTITY_NOT_AS_ISSUED_T60,MARKET_TOTAL_RESIDUAL_SHAPE_AT_PRIOR_256_GAME_LEAGUE_MEAN,00-0029668,00-0023645,15.134750040709989,61.767786293403006,-0.621604042340914,26.27032809787326,-2.4869254924486346,27.29174465603299,7.0,18.132080078125,,,43.5,3.1876237657335125,44.80859375,3.310019599066843
2018_07_CAR_PHI,2018,7,False,False,-4.0,38.0,RECONSTRUCTED_STARTER_IDENTITY_NOT_AS_ISSUED_T60,MARKET_TOTAL_RESIDUAL_SHAPE_AT_PRIOR_256_GAME_LEAGUE_MEAN,00-0032950,00-0027939,7.462453862797513,0.8481482726172995,5.45029401774611,5.101057264539934,5.7148662413533176,5.5964321560329875,5.0,5.262288411458333,,,45.0,4.380332099066843,44.80859375,4.380332099066843
2018_07_CLE_TB,2018,7,False,False,3.0,49.0,RECONSTRUCTED_STARTER_IDENTITY_NOT_AS_ISSUED_T60,MARKET_TOTAL_RESIDUAL_SHAPE_AT_PRIOR_256_GAME_LEAGUE_MEAN,00-0031503,00-0034855,-33.025604389707254,18.86397441618326,8.4087879211189,3.434390597873267,6.33320476888328,2.9766404893663196,3.5,2.843017578124999,,,52.5,3.4844987657335107,44.80859375,3.711061265733509
2018_07_DET_MIA,2018,7,False,False,-11.0,53.0,RECONSTRUCTED_STARTER_IDENTITY_NOT_AS_ISSUED_T60,MARKET_TOTAL_RESIDUAL_SHAPE_AT_PRIOR_256_GAME_LEAGUE_MEAN,00-0029682,00-0026498,-23.651669950061848,8.155230596175489,1.782001841225474,7.564598931206598,0.5097258193759805,6.817786322699654,-3.0,4.762288411458333,,,47.0,4.3907487657335125,44.80859375,5.276165432400177
2018_07_HOU_JAX,2018,7,False,False,-13.0,27.0,RECONSTRUCTED_STARTER_IDENTITY_NOT_AS_ISSUED_T60,MARKET_TOTAL_RESIDUAL_SHAPE_AT_PRIOR_256_GAME_LEAGUE_MEAN,00-0033104,00-0033537,-7.97492737147909,48.4961511849161,6.5426653107854875,13.223453097873268,4.28382216852968,10.619869656032986,4.0,11.001871744791664,,,43.0,9.606894599066845,44.80859375,11.231894599066843
2018_07_MIN_NYJ,2018,7,False,False,-20.0,54.0,RECONSTRUCTED_STARTER_IDENTITY_NOT_AS_ISSUED_T60,MARKET_TOTAL_RESIDUAL_SHAPE_AT_PRIOR_256_GAME_LEAGUE_MEAN,00-0034869,00-0029604,33.65726626016259,-3.518884871637451,-1.684794567594481,11.48386976453993,-0.19774852232247964,13.252682156032986,-3.5,10.178955078125,,,45.0,5.776165432400177,44.80859375,5.776165432400177
2018_07_NE_CHI,2018,7,False,False,-7.0,69.0,RECONSTRUCTED_STARTER_IDENTITY_NOT_AS_ISSUED_T60,MARKET_TOTAL_RESIDUAL_SHAPE_AT_PRIOR_256_GAME_LEAGUE_MEAN,00-0033869,00-0019596,0.4650764665601548,0.7655716671911561,-2.802488449313896,3.1922030978732634,-2.8145082573391362,3.1641404893663188,-1.0,3.944580078124999,,,49.0,13.562623765733512,44.80859375,17.05220709906684
2018_07_NO_BAL,2018,7,False,False,-1.0,47.0,RECONSTRUCTED_STARTER_IDENTITY_NOT_AS_ISSUED_T60,MARKET_TOTAL_RESIDUAL_SHAPE_AT_PRIOR_256_GAME_LEAGUE_MEAN,00-0026158,00-0020531,1.1984659635666306,1.0379880940369013,1.86714033121998,3.0203280978732643,1.873559446001169,2.9766404893663188,2.5,3.350830078124999,,,49.0,3.18762376573351,44.80859375,3.289186265733509
2018_07_DAL_WAS,2018,7,False,False,3.0,37.0,RECONSTRUCTED_STARTER_IDENTITY_NOT_AS_ISSUED_T60,MARKET_TOTAL_RESIDUAL_SHAPE_AT_PRIOR_256_GAME_LEAGUE_MEAN,00-0023436,00-0033077,44.91219564748978,0.0,0.7612736153525657,3.069807264539932,2.5577614412521568,2.8282029893663196,-1.5,3.746663411458333,,,40.5,3.4844987657335116,44.80859375,4.763144599066843
2018_07_LA_SF,2018,7,False,False,-29.0,49.0,RECONSTRUCTED_STARTER_IDENTITY_NOT_AS_ISSUED_T60,MARKET_TOTAL_RESIDUAL_SHAPE_AT_PRIOR_256_GAME_LEAGUE_MEAN,00-0033936,00-0033106,-41.72016841853798,13.538629737609309,-6.064550126053418,15.936994764539929,-8.27490205229931,14.153723822699654,-8.0,14.530517578125,,,52.0,3.3100195990668455,44.80859375,3.711061265733509
2018_07_CIN_KC,2018,7,False,False,35.0,55.0,RECONSTRUCTED_STARTER_IDENTITY_NOT_AS_ISSUED_T60,MARKET_TOTAL_RESIDUAL_SHAPE_AT_PRIOR_256_GAME_LEAGUE_MEAN,00-0033873,00-0027973,5.410202542555487,1.572816663005705,7.907404501076344,20.473453097873268,8.060899936258334,20.513098822699654,6.5,20.975830078125,,,56.0,3.1459570990668473,44.80859375,6.320436265733509
2018_07_TEN_LAC,2018,7,False,False,1.0,39.0,RECONSTRUCTED_STARTER_IDENTITY_NOT_AS_ISSUED_T60,MARKET_TOTAL_RESIDUAL_SHAPE_AT_PRIOR_256_GAME_LEAGUE_MEAN,00-0022942,00-0032268,5.915492957746471,5.777048155096942,3.3203398920989455,2.905744764539934,3.325877684204927,2.8516404893663196,6.5,3.944580078124999,,,46.0,4.380332099066844,44.80859375,4.031373765733509
2018_07_NYG_ATL,2018,7,False,False,3.0,43.0,RECONSTRUCTED_STARTER_IDENTITY_NOT_AS_ISSUED_T60,MARKET_TOTAL_RESIDUAL_SHAPE_AT_PRIOR_256_GAME_LEAGUE_MEAN,00-0026143,00-0022803,2.0403869778869765,-4.146391896536894,9.786103339505699,4.137515597873267,10.033574494482654,4.1120571560329875,4.5,2.949788411458333,,,52.0,5.2084570990668455,44.80859375,3.187623765733509
2018_08_MIA_HOU,2018,8,False,False,19.0,65.0,RECONSTRUCTED_STARTER_IDENTITY_NOT_AS_ISSUED_T60,MARKET_TOTAL_RESIDUAL_SHAPE_AT_PRIOR_256_GAME_LEAGUE_MEAN,00-0033537,00-0029682,43.99061904983051,-21.316747572815544,2.824860618291532,10.590640597873268,5.437155283197374,9.106848822699654,7.5,6.751871744791667,,,45.0,13.56262376573351,45.265625,13.56262376573351
2018_08_BAL_CAR,2018,8,False,False,15.0,57.0,RECONSTRUCTED_STARTER_IDENTITY_NOT_AS_ISSUED_T60,MARKET_TOTAL_RESIDUAL_SHAPE_AT_PRIOR_256_GAME_LEAGUE_MEAN,00-0027939,00-0026158,0.8554469273742926,1.2780898876404434,2.060358304213787,8.314598931206598,2.0434525858031414,8.385494656032986,-2.5,11.895100911458332,,,44.0,8.130332099066846,45.265625,7.489707099066843
2018_08_CLE_PIT,2018,8,False,False,15.0,51.0,RECONSTRUCTED_STARTER_IDENTITY_NOT_AS_ISSUED_T60,MARKET_TOTAL_RESIDUAL_SHAPE_AT_PRIOR_256_GAME_LEAGUE_MEAN,00-0022924,00-0034855,2.155367813723452,21.732944503358077,13.725845855280603,2.926578097873267,12.94274278769522,3.0755988226996527,8.5,4.121663411458332,,,47.5,3.4584570990668437,45.265625,4.390748765733509
2018_08_DEN_KC,2018,8,False,False,7.0,53.0,RECONSTRUCTED_STARTER_IDENTITY_NOT_AS_ISSUED_T60,MARKET_TOTAL_RESIDUAL_SHAPE_AT_PRIOR_256_GAME_LEAGUE_MEAN,00-0033873,00-0028986,5.10053837259723,-0.16660608263661114,10.764495457395714,3.192203097873267,10.975181235605069,3.1641404893663196,8.5,2.949788411458332,,,53.0,3.1589779324001785,45.265625,5.276165432400177
2018_08_NYJ_CHI,2018,8,False,False,14.0,34.0,RECONSTRUCTED_STARTER_IDENTITY_NOT_AS_ISSUED_T60,MARKET_TOTAL_RESIDUAL_SHAPE_AT_PRIOR_256_GAME_LEAGUE_MEAN,00-0033869,00-0034869,0.411333563953975,14.614251418594515,4.3429468332163195,6.377098931206599,3.774830119030698,6.440182156032987,8.5,3.746663411458332,,,42.5,5.208457099066844,45.265625,6.255332099066843
2018_08_SEA_DET,2018,8,False,False,-14.0,42.0,RECONSTRUCTED_STARTER_IDENTITY_NOT_AS_ISSUED_T60,MARKET_TOTAL_RESIDUAL_SHAPE_AT_PRIOR_256_GAME_LEAGUE_MEAN,00-0026498,00-0029263,4.857910906297991,0.0,1.9845113770498575,9.825015597873266,2.178827813301777,9.794348822699654,3.0,11.001871744791664,,,47.5,4.03137376573351,45.265625,3.310019599066843
2018_08_TB_CIN,2018,8,False,False,3.0,71.0,RECONSTRUCTED_STARTER_IDENTITY_NOT_AS_ISSUED_T60,MARKET_TOTAL_RESIDUAL_SHAPE_AT_PRIOR_256_GAME_LEAGUE_MEAN,00-0027973,00-0031503,-0.18612288690009748,-38.03506688336042,3.393824418862332,2.866682264539934,4.907782178720745,2.8516404893663196,3.5,2.843017578124999,,,55.0,10.310019599066845,45.265625,18.885540432400177
2018_08_WAS_NYG,2018,8,False,False,-7.0,33.0,RECONSTRUCTED_STARTER_IDENTITY_NOT_AS_ISSUED_T60,MARKET_TOTAL_RESIDUAL_SHAPE_AT_PRIOR_256_GAME_LEAGUE_MEAN,00-0022803,00-0023436,-4.150205738799273,24.538341158059463,-3.1024321283797054,3.1922030978732634,-4.249974004254055,2.9766404893663188,-1.0,3.944580078124999,,,43.0,5.708457099066844,45.265625,6.843873765733509
2018_08_IND_OAK,2018,8,False,False,-14.0,70.0,RECONSTRUCTED_STARTER_IDENTITY_NOT_AS_ISSUED_T60,MARKET_TOTAL_RESIDUAL_SHAPE_AT_PRIOR_256_GAME_LEAGUE_MEAN,00-0031280,00-0029668,0.0,15.479543008906305,1.5964939368826707,9.825015597873266,0.9773122165264186,8.997473822699654,-3.5,5.816975911458333,,,51.0,12.721477932400171,45.265625,17.963665432400177
2018_08_GB_LA,2018,8,False,False,2.0,56.0,RECONSTRUCTED_STARTER_IDENTITY_NOT_AS_ISSUED_T60,MARKET_TOTAL_RESIDUAL_SHAPE_AT_PRIOR_256_GAME_LEAGUE_MEAN,00-0033106,00-0023459,5.87078651685391,31.807920059215377,9.354426604764612,4.137515597873266,8.316941263070154,3.7318488226996536,7.5,3.944580078124999,,,57.0,3.1459570990668393,45.265625,6.888144599066843
2018_08_SF_ARI,2018,8,False,False,3.0,33.0,RECONSTRUCTED_STARTER_IDENTITY_NOT_AS_ISSUED_T60,MARKET_TOTAL_RESIDUAL_SHAPE_AT_PRIOR_256_GAME_LEAGUE_MEAN,00-0034343,00-0033936,14.157779044207441,-33.37018881875318,2.1066190306393584,2.9265780978732643,4.007737745157783,2.8047654893663188,-2.5,4.121663411458333,,,40.0,4.380332099066843,45.265625,6.843873765733509
2018_08_NO_MIN,2018,8,False,False,-10.0,50.0,RECONSTRUCTED_STARTER_IDENTITY_NOT_AS_ISSUED_T60,MARKET_TOTAL_RESIDUAL_SHAPE_AT_PRIOR_256_GAME_LEAGUE_MEAN,00-0029604,00-0020531,-0.991460413952816,1.058465502687822,1.4965601722394422,6.252098931206598,1.4145631355738166,6.18757798936632,-2.5,4.319580078124999,,,53.5,3.4844987657335054,45.265625,4.023561265733509
2018_08_PHI_JAX,2018,8,False,False,-6.0,42.0,RECONSTRUCTED_STARTER_IDENTITY_NOT_AS_ISSUED_T60,MARKET_TOTAL_RESIDUAL_SHAPE_AT_PRIOR_256_GAME_LEAGUE_MEAN,00-0031407,00-0032950,6.468549384749411,1.658278827895221,-4.76705699172062,2.853661431206598,-4.574646169446452,2.8047654893663196,-4.0,2.949788411458333,,,44.5,3.310019599066843,45.265625,3.310019599066843
2018_08_NE_BUF,2018,8,False,False,-19.0,31.0,RECONSTRUCTED_STARTER_IDENTITY_NOT_AS_ISSUED_T60,MARKET_TOTAL_RESIDUAL_SHAPE_AT_PRIOR_256_GAME_LEAGUE_MEAN,00-0023645,00-0019596,46.981798671849695,-0.282621545736661,-6.384839948139652,7.564598931206597,-4.494263139436197,8.997473822699654,-13.5,3.6242675781249982,,,44.0,7.46366543240018,45.265625,8.135540432400177
2018_09_OAK_SF,2018,9,False,False,31.0,37.0,RECONSTRUCTED_STARTER_IDENTITY_NOT_AS_ISSUED_T60,MARKET_TOTAL_RESIDUAL_SHAPE_AT_PRIOR_256_GAME_LEAGUE_MEAN,00-0033319,00-0031280,22.779808667560243,0.0,3.5093994754310462,20.473453097873268,4.420591822133456,20.513098822699654,-1.5,25.829996744791668,,,44.0,4.380332099066846,45.515625,5.208457099066844
2018_09_ATL_WAS,2018,9,False,False,-24.0,52.0,RECONSTRUCTED_STARTER_IDENTITY_NOT_AS_ISSUED_T60,MARKET_TOTAL_RESIDUAL_SHAPE_AT_PRIOR_256_GAME_LEAGUE_MEAN,00-0023436,00-0026143,22.467090237116395,2.173793457532658,1.3511137823299668,17.798973931206596,2.1628456535133163,18.802161322699654,1.5,19.215413411458332,,,46.5,4.0235612657335125,45.515625,4.39074876573351
2018_09_CHI_BUF,2018,9,False,False,-32.0,50.0,RECONSTRUCTED_STARTER_IDENTITY_NOT_AS_ISSUED_T60,MARKET_TOTAL_RESIDUAL_SHAPE_AT_PRIOR_256_GAME_LEAGUE_MEAN,00-0033958,00-0033869,-80.16738715190509,0.4154764520618137,-1.0479621873435645,23.517723931206596,-4.27127673150224,20.70320298936632,-10.5,14.530517578125,,,38.0,7.489707099066843,45.515625,3.71106126573351
2018_09_DET_MIN,2018,9,False,False,15.0,33.0,RECONSTRUCTED_STARTER_IDENTITY_NOT_AS_ISSUED_T60,MARKET_TOTAL_RESIDUAL_SHAPE_AT_PRIOR_256_GAME_LEAGUE_MEAN,00-0029604,00-0026498,-3.885400313971732,4.858007964709321,5.177889622158991,6.3770989312066,4.828153291011749,6.4401821560329875,4.5,6.142496744791667,,,47.0,8.13554043240018,45.515625,7.463665432400178
2018_09_KC_CLE,2018,9,False,False,-16.0,58.0,RECONSTRUCTED_STARTER_IDENTITY_NOT_AS_ISSUED_T60,MARKET_TOTAL_RESIDUAL_SHAPE_AT_PRIOR_256_GAME_LEAGUE_MEAN,00-0034855,00-0033873,10.520232365806748,2.8683653533051245,-11.545268249620003,3.1922030978732634,-11.239193569119939,3.4115363226996527,-7.5,4.762288411458333,,,51.0,4.807415432400173,45.515625,7.489707099066844
2018_09_NYJ_MIA,2018,9,False,False,7.0,19.0,RECONSTRUCTED_STARTER_IDENTITY_NOT_AS_ISSUED_T60,MARKET_TOTAL_RESIDUAL_SHAPE_AT_PRIOR_256_GAME_LEAGUE_MEAN,00-0029682,00-0034869,-23.61268136423591,7.774028765817875,3.2792306648221894,3.567203097873266,2.023762259620038,3.9089321560329866,3.0,3.415934244791667,,,43.5,17.505332099066848,45.515625,19.429811265733512
2018_09_PIT_BAL,2018,9,False,False,-7.0,39.0,RECONSTRUCTED_STARTER_IDENTITY_NOT_AS_ISSUED_T60,MARKET_TOTAL_RESIDUAL_SHAPE_AT_PRIOR_256_GAME_LEAGUE_MEAN,00-0026158,00-0022924,-0.8911517376528622,3.4209547155770625,1.086234331373471,4.582828097873264,0.913750073244274,4.55476548936632,1.5,5.262288411458332,,,47.0,4.763144599066846,45.515625,4.380332099066844
2018_09_TB_CAR,2018,9,False,False,14.0,70.0,RECONSTRUCTED_STARTER_IDENTITY_NOT_AS_ISSUED_T60,MARKET_TOTAL_RESIDUAL_SHAPE_AT_PRIOR_256_GAME_LEAGUE_MEAN,00-0027939,00-0023682,0.3597844047525278,17.049644173883195,7.886799903513093,4.293765597873267,7.219205512747866,4.783932156032987,6.0,5.038330078124999,,,55.5,8.81522793240018,45.515625,17.052207099066845
2018_09_HOU_DEN,2018,9,False,False,-2.0,36.0,RECONSTRUCTED_STARTER_IDENTITY_NOT_AS_ISSUED_T60,MARKET_TOTAL_RESIDUAL_SHAPE_AT_PRIOR_256_GAME_LEAGUE_MEAN,00-0028986,00-0033537,3.9070062632621694,24.889473507261982,1.1315967436174832,3.0203280978732643,0.29229805385749075,2.8516404893663196,1.0,3.126871744791667,,,46.5,6.255332099066846,45.515625,5.708457099066844
2018_09_LAC_SEA,2018,9,False,False,-8.0,42.0,RECONSTRUCTED_STARTER_IDENTITY_NOT_AS_ISSUED_T60,MARKET_TOTAL_RESIDUAL_SHAPE_AT_PRIOR_256_GAME_LEAGUE_MEAN,00-0029263,00-0022942,0.0,1.1792590736332098,3.0330491741782954,6.2520989312066,2.985878811232967,6.18757798936632,1.0,5.262288411458333,,,48.5,4.380332099066844,45.515625,3.48449876573351
2018_09_LA_NO,2018,9,False,False,10.0,80.0,RECONSTRUCTED_STARTER_IDENTITY_NOT_AS_ISSUED_T60,MARKET_TOTAL_RESIDUAL_SHAPE_AT_PRIOR_256_GAME_LEAGUE_MEAN,00-0020531,00-0033106,-1.4064407814407431,14.355742296918761,2.53135991023918,4.746890597873266,1.9008725871047998,5.302161322699653,-2.5,8.064371744791668,,,57.5,15.276165432400177,45.515625,26.56262376573351
2018_09_GB_NE,2018,9,False,False,14.0,48.0,RECONSTRUCTED_STARTER_IDENTITY_NOT_AS_ISSUED_T60,MARKET_TOTAL_RESIDUAL_SHAPE_AT_PRIOR_256_GAME_LEAGUE_MEAN,00-0019596,00-0023459,-0.29947718389931044,28.820513712731465,10.117790985259099,3.567203097873267,8.952991349393868,3.9089321560329866,5.0,5.577392578124999,,,56.0,4.763144599066847,45.515625,3.28918626573351
2018_09_TEN_DAL,2018,9,False,False,-14.0,42.0,RECONSTRUCTED_STARTER_IDENTITY_NOT_AS_ISSUED_T60,MARKET_TOTAL_RESIDUAL_SHAPE_AT_PRIOR_256_GAME_LEAGUE_MEAN,00-0033077,00-0032268,0.0,-0.939142379359792,4.583565842173812,12.343244764539932,4.621131537348203,12.354244656032986,4.5,12.725830078125,,,40.0,3.289186265733509,45.515625,3.48449876573351
2018_10_CAR_PIT,2018,10,False,False,31.0,73.0,RECONSTRUCTED_STARTER_IDENTITY_NOT_AS_ISSUED_T60,MARKET_TOTAL_RESIDUAL_SHAPE_AT_PRIOR_256_GAME_LEAGUE_MEAN,00-0022924,00-0027939,3.3493414939603117,0.005326074091605015,3.2293064554681767,21.4317864312066,3.3630670722629254,21.471432156032986,3.5,20.022705078125,,,51.0,15.276165432400171,45.63671875,19.820436265733512
2018_10_ARI_KC,2018,10,False,False,12.0,40.0,RECONSTRUCTED_STARTER_IDENTITY_NOT_AS_ISSUED_T60,MARKET_TOTAL_RESIDUAL_SHAPE_AT_PRIOR_256_GAME_LEAGUE_MEAN,00-0033873,00-0034343,-4.918032786885229,11.942321330076444,13.899240052385721,2.905744764539935,13.224825887707254,2.8047654893663188,16.5,3.624267578124999,,,49.5,5.708457099066846,45.63671875,4.03137376573351
2018_10_ATL_CLE,2018,10,False,False,12.0,44.0,RECONSTRUCTED_STARTER_IDENTITY_NOT_AS_ISSUED_T60,MARKET_TOTAL_RESIDUAL_SHAPE_AT_PRIOR_256_GAME_LEAGUE_MEAN,00-0034855,00-0026143,5.396765623577515,2.3038289564834447,-8.815034430157903,14.900536431206596,-8.69131696347414,14.934973822699654,-5.5,11.895100911458332,,,49.5,4.0313737657335125,45.63671875,3.18762376573351
2018_10_BUF_NYJ,2018,10,False,False,-31.0,51.0,RECONSTRUCTED_STARTER_IDENTITY_NOT_AS_ISSUED_T60,MARKET_TOTAL_RESIDUAL_SHAPE_AT_PRIOR_256_GAME_LEAGUE_MEAN,00-0021206,00-0030533,38.12244897959183,74.3270471159162,3.7274264647204745,27.4395989312066,2.2792425392675,25.546952989366318,6.5,30.973225911458332,,,38.0,8.130332099066843,45.63671875,4.02356126573351
2018_10_DET_CHI,2018,10,False,False,12.0,56.0,RECONSTRUCTED_STARTER_IDENTITY_NOT_AS_ISSUED_T60,MARKET_TOTAL_RESIDUAL_SHAPE_AT_PRIOR_256_GAME_LEAGUE_MEAN,00-0033869,00-0026498,0.4643837484868518,4.578674665939464,4.2871009154290185,5.252098931206599,4.122529278730914,5.302161322699653,7.5,3.415934244791667,,,44.5,6.888144599066843,45.63671875,6.32043626573351
2018_10_JAX_IND,2018,10,False,False,3.0,55.0,RECONSTRUCTED_STARTER_IDENTITY_NOT_AS_ISSUED_T60,MARKET_TOTAL_RESIDUAL_SHAPE_AT_PRIOR_256_GAME_LEAGUE_MEAN,00-0029668,00-0031407,6.354930377948276,6.545474306868426,1.7239806565583786,2.9265780978732643,1.7163588994015726,2.9219529893663188,3.0,2.832600911458333,,,48.0,4.807415432400178,45.63671875,5.776165432400178
2018_10_NE_TEN,2018,10,False,False,24.0,44.0,RECONSTRUCTED_STARTER_IDENTITY_NOT_AS_ISSUED_T60,MARKET_TOTAL_RESIDUAL_SHAPE_AT_PRIOR_256_GAME_LEAGUE_MEAN,00-0032268,00-0019596,-1.104947748997076,-1.3794286750233198,-3.6230994510246366,21.431786431206596,-3.612120213983587,21.471432156032986,-6.0,22.902913411458332,,,47.0,3.3100195990668464,45.63671875,3.18762376573351
2018_10_NO_CIN,2018,10,False,False,-37.0,65.0,RECONSTRUCTED_STARTER_IDENTITY_NOT_AS_ISSUED_T60,MARKET_TOTAL_RESIDUAL_SHAPE_AT_PRIOR_256_GAME_LEAGUE_MEAN,00-0027973,00-0020531,-0.9094078406000072,-1.285535117056824,-3.916156686080267,25.46564059787326,-3.901111595021994,25.546952989366318,-5.5,24.027913411458332,,,53.0,7.489707099066845,45.63671875,12.721477932400177
2018_10_WAS_TB,2018,10,False,False,-13.0,19.0,RECONSTRUCTED_STARTER_IDENTITY_NOT_AS_ISSUED_T60,MARKET_TOTAL_RESIDUAL_SHAPE_AT_PRIOR_256_GAME_LEAGUE_MEAN,00-0023682,00-0023436,19.00506190573912,20.572207084468673,1.2401313284610842,8.285953097873264,1.177445521311902,8.22664048936632,3.5,11.001871744791664,,,51.0,24.33866543240017,45.63671875,19.429811265733512
2018_10_LAC_OAK,2018,10,False,False,-14.0,26.0,RECONSTRUCTED_STARTER_IDENTITY_NOT_AS_ISSUED_T60,MARKET_TOTAL_RESIDUAL_SHAPE_AT_PRIOR_256_GAME_LEAGUE_MEAN,00-0031280,00-0022942,1.5437158469945311,1.3240178927321988,-8.010022520550365,3.7468905978732634,-8.001234602379872,3.7318488226996536,-10.5,3.126871744791667,,,50.0,16.567832099066848,45.63671875,12.932415432400177
2018_10_MIA_GB,2018,10,False,False,19.0,43.0,RECONSTRUCTED_STARTER_IDENTITY_NOT_AS_ISSUED_T60,MARKET_TOTAL_RESIDUAL_SHAPE_AT_PRIOR_256_GAME_LEAGUE_MEAN,00-0023459,00-0029682,19.784231018818943,-17.45921835938202,3.2134110214841805,10.590640597873268,4.703148996612219,9.106848822699654,13.0,4.121663411458332,,,48.5,4.03137376573351,45.63671875,3.3100195990668437
2018_10_SEA_LA,2018,10,False,False,5.0,67.0,RECONSTRUCTED_STARTER_IDENTITY_NOT_AS_ISSUED_T60,MARKET_TOTAL_RESIDUAL_SHAPE_AT_PRIOR_256_GAME_LEAGUE_MEAN,00-0033106,00-0029263,0.3728274363749229,0.0,5.705996728313367,2.8536614312066,5.720909825768364,2.8047654893663196,10.0,3.6242675781249982,,,51.0,10.31001959906684,45.63671875,14.414186265733512
2018_10_DAL_PHI,2018,10,False,False,-7.0,47.0,RECONSTRUCTED_STARTER_IDENTITY_NOT_AS_ISSUED_T60,MARKET_TOTAL_RESIDUAL_SHAPE_AT_PRIOR_256_GAME_LEAGUE_MEAN,00-0032950,00-0033077,-2.024878640776695,0.3883278219680042,7.446221692088684,8.285953097873266,7.349693433578896,8.226640489366318,7.5,9.382080078125,,,45.5,3.18762376573351,45.63671875,3.18762376573351
2018_10_NYG_SF,2018,10,False,False,-4.0,50.0,RECONSTRUCTED_STARTER_IDENTITY_NOT_AS_ISSUED_T60,MARKET_TOTAL_RESIDUAL_SHAPE_AT_PRIOR_256_GAME_LEAGUE_MEAN,00-0033319,00-0022803,213.94688160676534,-4.22061086578347,4.886786559277798,5.101057264539934,13.613486258179751,11.479244656032986,3.0,4.319580078124999,,,45.0,4.023561265733509,45.63671875,3.71106126573351
2018_11_GB_SEA,2018,11,False,False,3.0,51.0,RECONSTRUCTED_STARTER_IDENTITY_NOT_AS_ISSUED_T60,MARKET_TOTAL_RESIDUAL_SHAPE_AT_PRIOR_256_GAME_LEAGUE_MEAN,00-0029263,00-0023459,0.0,6.032809003554029,4.874823939360567,2.905744764539934,4.633511579218406,2.8516404893663196,3.0,2.832600911458333,,,49.0,3.28918626573351,45.625,4.02356126573351
2018_11_CAR_DET,2018,11,False,False,1.0,39.0,RECONSTRUCTED_STARTER_IDENTITY_NOT_AS_ISSUED_T60,MARKET_TOTAL_RESIDUAL_SHAPE_AT_PRIOR_256_GAME_LEAGUE_MEAN,00-0026498,00-0027939,4.395981369220547,0.04887683038743429,-1.9828938590757297,3.280744764539932,-1.8090096775224052,3.2839321560329875,-4.0,3.746663411458333,,,48.0,5.208457099066844,45.625,4.380332099066844
2018_11_CIN_BAL,2018,11,False,False,3.0,45.0,RECONSTRUCTED_STARTER_IDENTITY_NOT_AS_ISSUED_T60,MARKET_TOTAL_RESIDUAL_SHAPE_AT_PRIOR_256_GAME_LEAGUE_MEAN,00-0034796,00-0027973,45.428475033738195,-2.706571894341292,5.07483603189773,2.905744764539934,7.00023790902091,3.1641404893663188,6.5,3.350830078124999,,,44.0,3.1876237657335125,45.625,3.1459570990668437
2018_11_DAL_ATL,2018,11,False,False,-3.0,41.0,RECONSTRUCTED_STARTER_IDENTITY_NOT_AS_ISSUED_T60,MARKET_TOTAL_RESIDUAL_SHAPE_AT_PRIOR_256_GAME_LEAGUE_MEAN,00-0026143,00-0033077,2.1515275504637277,0.42677864914513197,3.4838452570835763,3.746890597873266,3.5528352131363197,4.112057156032987,3.5,4.319580078124999,,,50.0,5.208457099066846,45.625,3.7214779324001777
2018_11_HOU_WAS,2018,11,False,False,-2.0,44.0,RECONSTRUCTED_STARTER_IDENTITY_NOT_AS_ISSUED_T60,MARKET_TOTAL_RESIDUAL_SHAPE_AT_PRIOR_256_GAME_LEAGUE_MEAN,00-0023436,00-0033537,21.832399626517287,12.726399331662485,3.3326246724511113,3.434390597873266,3.696864684245303,3.7318488226996527,-3.0,2.876871744791667,,,40.5,3.4584570990668455,45.625,3.18762376573351
2018_11_PIT_JAX,2018,11,False,False,-4.0,36.0,RECONSTRUCTED_STARTER_IDENTITY_NOT_AS_ISSUED_T60,MARKET_TOTAL_RESIDUAL_SHAPE_AT_PRIOR_256_GAME_LEAGUE_MEAN,00-0031407,00-0022924,6.7532467532467555,0.24437703009132505,-5.242005028048161,2.9265780978732643,-4.981650239121944,2.9219529893663196,-4.0,2.832600911458333,,,47.0,6.255332099066846,45.625,5.708457099066844
2018_11_TB_NYG,2018,11,False,False,3.0,73.0,RECONSTRUCTED_STARTER_IDENTITY_NOT_AS_ISSUED_T60,MARKET_TOTAL_RESIDUAL_SHAPE_AT_PRIOR_256_GAME_LEAGUE_MEAN,00-0022803,00-0023682,-4.351239273215413,26.881960463328134,0.5156692554998245,3.069807264539932,-0.7336587339619175,3.5703904893663188,3.0,2.832600911458333,,,54.5,11.903769599066845,45.625,19.820436265733512
2018_11_TEN_IND,2018,11,False,False,28.0,48.0,RECONSTRUCTED_STARTER_IDENTITY_NOT_AS_ISSUED_T60,MARKET_TOTAL_RESIDUAL_SHAPE_AT_PRIOR_256_GAME_LEAGUE_MEAN,00-0029668,00-0027948,3.012254901960798,-48.220459952418715,-1.42398034553642,22.39011976453993,0.6253282486387607,20.513098822699654,2.0,19.072184244791664,,,50.0,3.1876237657335125,45.625,3.28918626573351
2018_11_DEN_LAC,2018,11,False,False,-1.0,45.0,RECONSTRUCTED_STARTER_IDENTITY_NOT_AS_ISSUED_T60,MARKET_TOTAL_RESIDUAL_SHAPE_AT_PRIOR_256_GAME_LEAGUE_MEAN,00-0022942,00-0028986,1.3912851775170765,-6.149689350332843,9.532629795336588,6.252098931206601,9.834268776450585,6.18757798936632,7.5,5.262288411458333,,,47.0,3.1876237657335125,45.625,3.1459570990668437
2018_11_OAK_ARI,2018,11,False,False,-2.0,44.0,RECONSTRUCTED_STARTER_IDENTITY_NOT_AS_ISSUED_T60,MARKET_TOTAL_RESIDUAL_SHAPE_AT_PRIOR_256_GAME_LEAGUE_MEAN,00-0034343,00-0031280,8.758577666874611,1.548173520750229,5.205013911828765,4.137515597873266,5.4934300776737395,4.1120571560329875,4.5,4.319580078124999,,,41.0,3.4584570990668455,45.625,3.18762376573351
2018_11_PHI_NO,2018,11,False,False,41.0,55.0,RECONSTRUCTED_STARTER_IDENTITY_NOT_AS_ISSUED_T60,MARKET_TOTAL_RESIDUAL_SHAPE_AT_PRIOR_256_GAME_LEAGUE_MEAN,00-0020531,00-0032950,-0.04915922125552363,6.691724456252546,7.263766562633473,27.249494764539936,6.994131215533149,27.29174465603299,7.0,26.811767578124996,,,56.5,3.1876237657335054,45.625,5.776165432400178
2018_11_MIN_CHI,2018,11,False,False,5.0,45.0,RECONSTRUCTED_STARTER_IDENTITY_NOT_AS_ISSUED_T60,MARKET_TOTAL_RESIDUAL_SHAPE_AT_PRIOR_256_GAME_LEAGUE_MEAN,00-0033869,00-0029604,0.5080841082349075,-7.794405173710328,1.0464137447467146,3.5672030978732643,1.378513316024524,3.5703904893663196,2.5,2.991455078124999,,,44.0,3.1876237657335125,45.625,3.1459570990668437
2018_11_KC_LA,2018,11,False,False,3.0,105.0,RECONSTRUCTED_STARTER_IDENTITY_NOT_AS_ISSUED_T60,MARKET_TOTAL_RESIDUAL_SHAPE_AT_PRIOR_256_GAME_LEAGUE_MEAN,00-0033106,00-0033873,0.4374389643511556,0.0,1.098593820954693,3.069807264539932,1.1160913795287393,3.0755988226996536,3.0,2.832600911458333,,,63.5,33.476686265733505,45.625,51.453248765733505
2018_12_CHI_DET,2018,12,False,False,-7.0,39.0,RECONSTRUCTED_STARTER_IDENTITY_NOT_AS_ISSUED_T60,MARKET_TOTAL_RESIDUAL_SHAPE_AT_PRIOR_256_GAME_LEAGUE_MEAN,00-0026498,00-0026544,4.156301308522825,-58.14075630252103,-0.7897983556805229,3.7468905978732634,1.7020839487612311,5.049557156032987,-3.0,3.350830078124999,,,43.0,3.48449876573351,45.953125,4.380332099066844
2018_12_WAS_DAL,2018,12,False,False,8.0,54.0,RECONSTRUCTED_STARTER_IDENTITY_NOT_AS_ISSUED_T60,MARKET_TOTAL_RESIDUAL_SHAPE_AT_PRIOR_256_GAME_LEAGUE_MEAN,00-0033077,00-0027688,0.41905257678291896,14.15357303515199,4.171279201606913,3.567203097873265,3.6218983832721494,3.5703904893663188,7.0,2.876871744791667,,,40.0,8.815227932400175,45.953125,5.276165432400178
2018_12_ATL_NO,2018,12,False,False,14.0,48.0,RECONSTRUCTED_STARTER_IDENTITY_NOT_AS_ISSUED_T60,MARKET_TOTAL_RESIDUAL_SHAPE_AT_PRIOR_256_GAME_LEAGUE_MEAN,00-0020531,00-0026143,0.30903790087464245,2.212066967308113,9.956331549129319,3.567203097873267,9.88021038647198,3.5703904893663196,11.5,2.9914550781249982,,,61.0,7.463665432400178,45.953125,3.28918626573351
2018_12_CLE_CIN,2018,12,False,False,-15.0,55.0,RECONSTRUCTED_STARTER_IDENTITY_NOT_AS_ISSUED_T60,MARKET_TOTAL_RESIDUAL_SHAPE_AT_PRIOR_256_GAME_LEAGUE_MEAN,00-0032436,00-0034855,144.6286472148541,16.95776704481635,7.495828667631376,15.020328097873268,12.602663874432887,20.70320298936632,-1.0,8.595621744791668,,,46.5,5.27616543240018,45.953125,5.776165432400178
2018_12_JAX_BUF,2018,12,False,False,3.0,45.0,RECONSTRUCTED_STARTER_IDENTITY_NOT_AS_ISSUED_T60,MARKET_TOTAL_RESIDUAL_SHAPE_AT_PRIOR_256_GAME_LEAGUE_MEAN,00-0034857,00-0031407,3.040431266846355,6.217884551217878,1.550031074606295,2.9265780978732643,1.4229329432314342,3.0755988226996536,-3.0,4.121663411458333,,,36.5,5.276165432400177,45.953125,3.1459570990668437
2018_12_NE_NYJ,2018,12,False,False,-14.0,40.0,RECONSTRUCTED_STARTER_IDENTITY_NOT_AS_ISSUED_T60,MARKET_TOTAL_RESIDUAL_SHAPE_AT_PRIOR_256_GAME_LEAGUE_MEAN,00-0021206,00-0019596,41.51782722337644,-1.8823295567481635,-8.319029807740908,3.7468905978732634,-6.583023536535922,4.112057156032987,-13.0,2.8430175781249982,,,46.5,4.380332099066846,45.953125,4.03137376573351
2018_12_NYG_PHI,2018,12,False,False,3.0,47.0,RECONSTRUCTED_STARTER_IDENTITY_NOT_AS_ISSUED_T60,MARKET_TOTAL_RESIDUAL_SHAPE_AT_PRIOR_256_GAME_LEAGUE_MEAN,00-0032950,00-0022803,11.400729205005522,-4.408977556109717,9.553544199501758,4.137515597873267,10.185932469946366,4.1120571560329875,4.5,2.949788411458333,,,49.0,3.18762376573351,45.953125,3.18762376573351
2018_12_OAK_BAL,2018,12,False,False,17.0,51.0,RECONSTRUCTED_STARTER_IDENTITY_NOT_AS_ISSUED_T60,MARKET_TOTAL_RESIDUAL_SHAPE_AT_PRIOR_256_GAME_LEAGUE_MEAN,00-0034796,00-0031280,-12.30897009966776,1.512017470091953,11.128825473955676,4.293765597873267,10.575985971165288,4.317786322699654,13.0,3.415934244791666,,,42.0,5.776165432400178,45.953125,4.02356126573351
2018_12_SEA_CAR,2018,12,False,False,-3.0,57.0,RECONSTRUCTED_STARTER_IDENTITY_NOT_AS_ISSUED_T60,MARKET_TOTAL_RESIDUAL_SHAPE_AT_PRIOR_256_GAME_LEAGUE_MEAN,00-0027939,00-0029263,0.06061273969582004,0.0,3.5215244209325918,4.137515597873265,3.5239489305204246,4.112057156032987,3.0,3.944580078124999,,,46.5,6.3204362657335125,45.953125,6.888144599066844
2018_12_SF_TB,2018,12,False,False,18.0,36.0,RECONSTRUCTED_STARTER_IDENTITY_NOT_AS_ISSUED_T60,MARKET_TOTAL_RESIDUAL_SHAPE_AT_PRIOR_256_GAME_LEAGUE_MEAN,00-0031503,00-0033319,-17.816330209084352,60.809133489461374,3.690495386613684,9.035953097873268,0.5454768386718547,11.466223822699654,1.5,10.270100911458332,,,54.5,12.073040432400177,45.953125,5.708457099066844
2018_12_ARI_LAC,2018,12,False,False,35.0,55.0,RECONSTRUCTED_STARTER_IDENTITY_NOT_AS_ISSUED_T60,MARKET_TOTAL_RESIDUAL_SHAPE_AT_PRIOR_256_GAME_LEAGUE_MEAN,00-0022942,00-0034343,1.2746440306681261,8.270238095238092,11.696297339437088,16.715640597873268,11.416473576854289,17.682369656032986,14.0,14.475830078125,,,43.5,6.888144599066846,45.953125,5.776165432400178
2018_12_MIA_IND,2018,12,False,False,3.0,51.0,RECONSTRUCTED_STARTER_IDENTITY_NOT_AS_ISSUED_T60,MARKET_TOTAL_RESIDUAL_SHAPE_AT_PRIOR_256_GAME_LEAGUE_MEAN,00-0029668,00-0029701,1.8104159302462675,6.064237775647174,5.306351502466778,2.905744764539934,5.136198628650742,2.8516404893663196,9.0,3.9445800781249982,,,52.5,3.1876237657335107,45.953125,4.02356126573351
2018_12_PIT_DEN,2018,12,False,False,7.0,41.0,RECONSTRUCTED_STARTER_IDENTITY_NOT_AS_ISSUED_T60,MARKET_TOTAL_RESIDUAL_SHAPE_AT_PRIOR_256_GAME_LEAGUE_MEAN,00-0028986,00-0022924,-3.131176219219056,0.15817176003007916,-5.845773552704722,8.314598931206596,-5.977347471874688,8.385494656032986,-3.0,6.142496744791667,,,47.5,4.380332099066844,45.953125,3.7214779324001777
2018_12_GB_MIN,2018,12,False,False,7.0,41.0,RECONSTRUCTED_STARTER_IDENTITY_NOT_AS_ISSUED_T60,MARKET_TOTAL_RESIDUAL_SHAPE_AT_PRIOR_256_GAME_LEAGUE_MEAN,00-0029604,00-0023459,0.0,5.184266477675403,6.1910680629679975,2.926578097873266,5.983697403860981,2.9219529893663196,4.0,3.163330078124999,,,48.5,4.763144599066844,45.953125,3.7214779324001777
2018_12_TEN_HOU,2018,12,False,False,17.0,51.0,RECONSTRUCTED_STARTER_IDENTITY_NOT_AS_ISSUED_T60,MARKET_TOTAL_RESIDUAL_SHAPE_AT_PRIOR_256_GAME_LEAGUE_MEAN,00-0033537,00-0032268,0.5063679607181237,-1.9010133614395741,2.2915745982183853,9.79636976453993,2.387869851104693,9.864661322699654,3.5,8.064371744791668,,,42.5,5.276165432400178,45.953125,4.02356126573351
2018_13_NO_DAL,2018,13,False,False,3.0,23.0,RECONSTRUCTED_STARTER_IDENTITY_NOT_AS_ISSUED_T60,MARKET_TOTAL_RESIDUAL_SHAPE_AT_PRIOR_256_GAME_LEAGUE_MEAN,00-0033077,00-0020531,0.4537567239285112,1.1737804878048763,-3.9822666483867035,4.746890597873263,-4.011067598941758,4.783932156032987,-7.0,6.142496744791667,,,51.5,21.377727932400177,46.2265625,15.638144599066845
2018_13_ARI_GB,2018,13,False,False,-3.0,37.0,RECONSTRUCTED_STARTER_IDENTITY_NOT_AS_ISSUED_T60,MARKET_TOTAL_RESIDUAL_SHAPE_AT_PRIOR_256_GAME_LEAGUE_MEAN,00-0023459,00-0034343,0.4439874884152095,5.124955455162028,6.847109416991798,5.6583489312066,6.659870698321925,5.596432156032987,13.5,11.001871744791664,,,41.0,3.4844987657335116,46.2265625,5.208457099066844
2018_13_BAL_ATL,2018,13,False,False,-10.0,42.0,RECONSTRUCTED_STARTER_IDENTITY_NOT_AS_ISSUED_T60,MARKET_TOTAL_RESIDUAL_SHAPE_AT_PRIOR_256_GAME_LEAGUE_MEAN,00-0026143,00-0034796,2.2843481654956754,-20.01300441361917,0.9643739510838714,6.252098931206598,1.856268054248465,6.817786322699653,2.5,7.840413411458333,,,46.5,3.7214779324001803,46.2265625,3.48449876573351
2018_13_BUF_MIA,2018,13,False,False,4.0,38.0,RECONSTRUCTED_STARTER_IDENTITY_NOT_AS_ISSUED_T60,MARKET_TOTAL_RESIDUAL_SHAPE_AT_PRIOR_256_GAME_LEAGUE_MEAN,00-0029701,00-0034857,-3.4755491277230544,1.5134490977187554,2.101774509730185,3.069807264539932,1.9022145807125126,3.0755988226996527,3.5,2.832600911458333,,,40.0,3.187623765733509,46.2265625,4.763144599066844
2018_13_CAR_TB,2018,13,False,False,7.0,41.0,RECONSTRUCTED_STARTER_IDENTITY_NOT_AS_ISSUED_T60,MARKET_TOTAL_RESIDUAL_SHAPE_AT_PRIOR_256_GAME_LEAGUE_MEAN,00-0031503,00-0027939,-0.1290880318837173,0.10024350649349145,-2.437056732668034,5.804182264539932,-2.4462299942031223,5.85945298936632,-3.5,6.751871744791667,,,52.0,6.2553320990668455,46.2265625,3.7214779324001777
2018_13_CHI_NYG,2018,13,False,False,3.0,57.0,RECONSTRUCTED_STARTER_IDENTITY_NOT_AS_ISSUED_T60,MARKET_TOTAL_RESIDUAL_SHAPE_AT_PRIOR_256_GAME_LEAGUE_MEAN,00-0022803,00-0026544,-4.395573566084776,-41.50874635568513,-5.451815975570798,5.252098931206598,-3.9672890639867844,4.783932156032987,-3.5,4.551350911458333,,,44.0,8.130332099066846,46.2265625,6.888144599066844
2018_13_CLE_HOU,2018,13,False,False,16.0,42.0,RECONSTRUCTED_STARTER_IDENTITY_NOT_AS_ISSUED_T60,MARKET_TOTAL_RESIDUAL_SHAPE_AT_PRIOR_256_GAME_LEAGUE_MEAN,00-0033537,00-0034855,0.5538472604340816,10.257010257010247,8.248490930322369,5.252098931206601,7.860364410459322,5.302161322699654,5.0,6.751871744791667,,,47.5,4.03137376573351,46.2265625,3.48449876573351
2018_13_DEN_CIN,2018,13,False,False,-14.0,34.0,RECONSTRUCTED_STARTER_IDENTITY_NOT_AS_ISSUED_T60,MARKET_TOTAL_RESIDUAL_SHAPE_AT_PRIOR_256_GAME_LEAGUE_MEAN,00-0032436,00-0028986,17.33605432844012,-3.2027468197680875,0.42541301708214635,8.285953097873264,1.2469650630104747,8.997473822699654,-3.5,5.816975911458333,,,45.0,6.255332099066843,46.2265625,6.84387376573351
2018_13_IND_JAX,2018,13,False,False,6.0,6.0,RECONSTRUCTED_STARTER_IDENTITY_NOT_AS_ISSUED_T60,MARKET_TOTAL_RESIDUAL_SHAPE_AT_PRIOR_256_GAME_LEAGUE_MEAN,00-0033104,00-0029668,-21.726414604378185,2.1687636656565257,-0.1918746639154415,4.293765597873264,-1.14768179471683,4.783932156032987,-4.0,6.142496744791667,,,45.5,32.33085293240018,46.2265625,32.33085293240018
2018_13_LA_DET,2018,13,False,False,-14.0,46.0,RECONSTRUCTED_STARTER_IDENTITY_NOT_AS_ISSUED_T60,MARKET_TOTAL_RESIDUAL_SHAPE_AT_PRIOR_256_GAME_LEAGUE_MEAN,00-0026498,00-0033106,0.0,0.41840399471033685,-5.2759344955787215,5.101057264539932,-5.292670655367135,5.0495571560329875,-10.5,3.126871744791667,,,54.0,4.763144599066839,46.2265625,3.1589779324001777
2018_13_KC_OAK,2018,13,False,False,-7.0,73.0,RECONSTRUCTED_STARTER_IDENTITY_NOT_AS_ISSUED_T60,MARKET_TOTAL_RESIDUAL_SHAPE_AT_PRIOR_256_GAME_LEAGUE_MEAN,00-0031280,00-0033873,1.5703343582924578,0.0,-10.932260728467627,3.5672030978732634,-10.869447354135927,3.5703904893663188,-14.0,4.551350911458332,,,53.5,12.721477932400171,46.2265625,19.820436265733512
2018_13_NYJ_TEN,2018,13,False,False,4.0,48.0,RECONSTRUCTED_STARTER_IDENTITY_NOT_AS_ISSUED_T60,MARKET_TOTAL_RESIDUAL_SHAPE_AT_PRIOR_256_GAME_LEAGUE_MEAN,00-0032268,00-0021206,-10.975316941990009,42.8097095273231,8.673941028669432,3.434390597873266,6.522539969896909,2.9766404893663188,10.5,4.319580078124999,,,40.5,4.807415432400179,46.2265625,3.28918626573351
2018_13_MIN_NE,2018,13,False,False,14.0,34.0,RECONSTRUCTED_STARTER_IDENTITY_NOT_AS_ISSUED_T60,MARKET_TOTAL_RESIDUAL_SHAPE_AT_PRIOR_256_GAME_LEAGUE_MEAN,00-0019596,00-0029604,-1.874389222392847,0.0,5.038166326426672,5.804182264539934,4.963190757530958,5.85945298936632,6.0,5.038330078124999,,,50.0,9.606894599066846,46.2265625,6.84387376573351
2018_13_SF_SEA,2018,13,False,False,27.0,59.0,RECONSTRUCTED_STARTER_IDENTITY_NOT_AS_ISSUED_T60,MARKET_TOTAL_RESIDUAL_SHAPE_AT_PRIOR_256_GAME_LEAGUE_MEAN,00-0029263,00-0033319,0.0,16.26877761413845,10.922043512773062,10.590640597873268,10.271292408207524,11.466223822699654,10.0,11.066975911458332,,,45.5,8.130332099066845,46.2265625,8.130332099066845
2018_13_LAC_PIT,2018,13,False,False,-3.0,63.0,RECONSTRUCTED_STARTER_IDENTITY_NOT_AS_ISSUED_T60,MARKET_TOTAL_RESIDUAL_SHAPE_AT_PRIOR_256_GAME_LEAGUE_MEAN,00-0022924,00-0022942,-0.21074351015801795,3.508995075094612,3.463735231196333,3.746890597873266,3.3149456877862282,3.7318488226996536,3.5,4.319580078124999,,,53.5,5.776165432400173,46.2265625,11.099082099066845
2018_13_WAS_PHI,2018,13,False,False,15.0,41.0,RECONSTRUCTED_STARTER_IDENTITY_NOT_AS_ISSUED_T60,MARKET_TOTAL_RESIDUAL_SHAPE_AT_PRIOR_256_GAME_LEAGUE_MEAN,00-0032950,00-0026898,2.1843257709385,-7.6581436328981844,5.668873561242217,5.804182264539934,6.062572337395684,5.85945298936632,5.5,5.577392578124999,,,45.0,3.484498765733509,46.2265625,3.7214779324001777
2018_14_JAX_TEN,2018,14,False,False,21.0,39.0,RECONSTRUCTED_STARTER_IDENTITY_NOT_AS_ISSUED_T60,MARKET_TOTAL_RESIDUAL_SHAPE_AT_PRIOR_256_GAME_LEAGUE_MEAN,00-0032268,00-0033104,3.602897568414809,-26.37347223485882,4.593517872017682,10.590640597873268,5.7925726641486275,9.864661322699654,5.5,9.504475911458332,,,36.5,3.289186265733509,46.25390625,4.380332099066844
2018_14_ATL_GB,2018,14,False,False,14.0,54.0,RECONSTRUCTED_STARTER_IDENTITY_NOT_AS_ISSUED_T60,MARKET_TOTAL_RESIDUAL_SHAPE_AT_PRIOR_256_GAME_LEAGUE_MEAN,00-0023459,00-0026143,0.42981563171586856,2.589571948241809,0.710859587383411,8.314598931206598,0.6244693347223734,8.385494656032987,4.0,6.142496744791667,,,51.0,3.4584570990668393,46.25390625,5.276165432400178
2018_14_BAL_KC,2018,14,False,False,3.0,51.0,RECONSTRUCTED_STARTER_IDENTITY_NOT_AS_ISSUED_T60,MARKET_TOTAL_RESIDUAL_SHAPE_AT_PRIOR_256_GAME_LEAGUE_MEAN,00-0033873,00-0034796,0.0,-19.756493506493488,6.131869182002629,3.020328097873266,6.9221289222623685,3.1641404893663188,6.5,3.350830078124999,,,49.0,3.28918626573351,46.25390625,4.02356126573351
2018_14_CAR_CLE,2018,14,False,False,6.0,46.0,RECONSTRUCTED_STARTER_IDENTITY_NOT_AS_ISSUED_T60,MARKET_TOTAL_RESIDUAL_SHAPE_AT_PRIOR_256_GAME_LEAGUE_MEAN,00-0034855,00-0027939,10.001514947481827,0.5016455447490076,-3.4061457378675457,5.804182264539931,-3.0261509617582334,5.859452989366319,-1.0,4.551350911458333,,,48.0,3.18762376573351,46.25390625,3.1589779324001777
2018_14_IND_HOU,2018,14,False,False,-3.0,45.0,RECONSTRUCTED_STARTER_IDENTITY_NOT_AS_ISSUED_T60,MARKET_TOTAL_RESIDUAL_SHAPE_AT_PRIOR_256_GAME_LEAGUE_MEAN,00-0033537,00-0029668,0.5420329968522708,1.9674709939703883,5.183349076035029,4.582828097873266,5.126331556150304,4.55476548936632,4.0,4.319580078124999,,,49.5,3.7214779324001803,46.25390625,3.1459570990668437
2018_14_NE_MIA,2018,14,False,False,1.0,67.0,RECONSTRUCTED_STARTER_IDENTITY_NOT_AS_ISSUED_T60,MARKET_TOTAL_RESIDUAL_SHAPE_AT_PRIOR_256_GAME_LEAGUE_MEAN,00-0029701,00-0019596,4.096283783783794,-1.8661290322580681,-6.3999942259073395,4.746890597873263,-6.161497713265664,4.783932156032987,-8.5,6.142496744791666,,,49.5,11.099082099066846,46.25390625,14.414186265733512
2018_14_NO_TB,2018,14,False,False,-14.0,42.0,RECONSTRUCTED_STARTER_IDENTITY_NOT_AS_ISSUED_T60,MARKET_TOTAL_RESIDUAL_SHAPE_AT_PRIOR_256_GAME_LEAGUE_MEAN,00-0031503,00-0020531,14.815623803140543,1.0216346153846256,-7.222760734689318,4.137515597873263,-6.671001167179082,4.112057156032987,-8.5,3.6242675781249982,,,55.0,7.463665432400178,46.25390625,3.48449876573351
2018_14_NYG_WAS,2018,14,False,False,-24.0,56.0,RECONSTRUCTED_STARTER_IDENTITY_NOT_AS_ISSUED_T60,MARKET_TOTAL_RESIDUAL_SHAPE_AT_PRIOR_256_GAME_LEAGUE_MEAN,00-0026300,00-0022803,34.861565383643025,-8.539188474755477,5.437667933846851,21.5880364312066,7.173698088182792,23.59382798936632,-3.0,14.530517578125,,,40.5,9.544394599066845,46.25390625,6.32043626573351
2018_14_NYJ_BUF,2018,14,False,False,-4.0,50.0,RECONSTRUCTED_STARTER_IDENTITY_NOT_AS_ISSUED_T60,MARKET_TOTAL_RESIDUAL_SHAPE_AT_PRIOR_256_GAME_LEAGUE_MEAN,00-0034857,00-0034869,1.6238692316500658,20.995821727019504,5.796739595758417,5.6583489312066,5.02186149594364,5.0495571560329875,4.5,5.262288411458333,,,37.0,8.130332099066843,46.25390625,3.71106126573351
2018_14_CIN_LAC,2018,14,False,False,5.0,47.0,RECONSTRUCTED_STARTER_IDENTITY_NOT_AS_ISSUED_T60,MARKET_TOTAL_RESIDUAL_SHAPE_AT_PRIOR_256_GAME_LEAGUE_MEAN,00-0022942,00-0032436,3.344951923076911,-3.3519279702485694,11.706434424361314,4.137515597873267,11.974309620094335,4.112057156032987,17.0,7.113850911458333,,,48.5,3.18762376573351,46.25390625,3.18762376573351
2018_14_DEN_SF,2018,14,False,False,6.0,34.0,RECONSTRUCTED_STARTER_IDENTITY_NOT_AS_ISSUED_T60,MARKET_TOTAL_RESIDUAL_SHAPE_AT_PRIOR_256_GAME_LEAGUE_MEAN,00-0033319,00-0028986,19.965849996337816,-3.291822332918226,-3.657304775366065,6.377098931206597,-2.726997882195823,5.859452989366319,-3.0,5.577392578124999,,,45.5,6.84387376573351,46.25390625,6.84387376573351
2018_14_DET_ARI,2018,14,False,False,-14.0,20.0,RECONSTRUCTED_STARTER_IDENTITY_NOT_AS_ISSUED_T60,MARKET_TOTAL_RESIDUAL_SHAPE_AT_PRIOR_256_GAME_LEAGUE_MEAN,00-0034343,00-0026498,-0.1810291834672184,0.3919786096256761,0.24786039982274816,8.285953097873264,0.22494008809903235,8.22664048936632,-2.5,6.426350911458333,,,40.0,12.932415432400175,46.25390625,18.463665432400177
2018_14_PHI_DAL,2018,14,False,False,6.0,52.0,RECONSTRUCTED_STARTER_IDENTITY_NOT_AS_ISSUED_T60,MARKET_TOTAL_RESIDUAL_SHAPE_AT_PRIOR_256_GAME_LEAGUE_MEAN,00-0033077,00-0032950,0.4381907490790038,0.0,2.3953242814259554,3.5672030978732643,2.412851911389116,3.5703904893663188,3.5,2.991455078124999,,,46.0,4.39074876573351,46.25390625,4.39074876573351
2018_14_PIT_OAK,2018,14,False,False,3.0,45.0,RECONSTRUCTED_STARTER_IDENTITY_NOT_AS_ISSUED_T60,MARKET_TOTAL_RESIDUAL_SHAPE_AT_PRIOR_256_GAME_LEAGUE_MEAN,00-0031280,00-0022924,1.5248438953102017,-0.30190369299174513,-8.973284426852734,7.6297030978732625,-8.900214523320656,7.692786322699654,-10.5,8.764892578125,,,51.0,4.031373765733505,46.25390625,3.1459570990668437
2018_14_LA_CHI,2018,14,False,False,9.0,21.0,RECONSTRUCTED_STARTER_IDENTITY_NOT_AS_ISSUED_T60,MARKET_TOTAL_RESIDUAL_SHAPE_AT_PRIOR_256_GAME_LEAGUE_MEAN,00-0033869,00-0033106,-7.1900066844919674,0.3611781956184057,-1.7944177933470018,6.981265597873264,-2.096465188551417,7.0417446560329875,-3.0,7.397705078124999,,,50.5,22.359498765733505,46.25390625,17.505332099066845
2018_14_MIN_SEA,2018,14,False,False,14.0,28.0,RECONSTRUCTED_STARTER_IDENTITY_NOT_AS_ISSUED_T60,MARKET_TOTAL_RESIDUAL_SHAPE_AT_PRIOR_256_GAME_LEAGUE_MEAN,00-0029263,00-0029604,0.0,0.0,3.3255820795826003,6.981265597873266,3.3255820795826003,7.0417446560329875,3.0,6.751871744791667,,,45.5,11.231894599066845,46.25390625,11.231894599066845
2018_15_LAC_KC,2018,15,False,False,-1.0,57.0,RECONSTRUCTED_STARTER_IDENTITY_NOT_AS_ISSUED_T60,MARKET_TOTAL_RESIDUAL_SHAPE_AT_PRIOR_256_GAME_LEAGUE_MEAN,00-0033873,00-0022942,0.0,2.0910493827160703,4.600076268721896,3.746890597873266,4.516434293413253,3.7318488226996536,3.5,3.624267578124999,,,54.0,3.4584570990668393,46.20703125,6.888144599066844
2018_15_HOU_NYJ,2018,15,False,False,-7.0,51.0,RECONSTRUCTED_STARTER_IDENTITY_NOT_AS_ISSUED_T60,MARKET_TOTAL_RESIDUAL_SHAPE_AT_PRIOR_256_GAME_LEAGUE_MEAN,00-0034869,00-0033537,16.409062217445445,0.5155758167806335,-4.036317613508472,3.0203280978732634,-3.4005781574818803,3.1641404893663188,-7.0,2.832600911458333,,,44.0,4.80741543240018,46.20703125,4.02356126573351
2018_15_CLE_DEN,2018,15,False,False,-1.0,33.0,RECONSTRUCTED_STARTER_IDENTITY_NOT_AS_ISSUED_T60,MARKET_TOTAL_RESIDUAL_SHAPE_AT_PRIOR_256_GAME_LEAGUE_MEAN,00-0028986,00-0034855,-3.222173786689919,3.547089947089943,5.632641523243965,4.137515597873266,5.361870973892771,3.7318488226996536,1.0,2.949788411458333,,,47.0,8.13554043240018,46.20703125,7.463665432400178
2018_15_ARI_ATL,2018,15,False,False,26.0,54.0,RECONSTRUCTED_STARTER_IDENTITY_NOT_AS_ISSUED_T60,MARKET_TOTAL_RESIDUAL_SHAPE_AT_PRIOR_256_GAME_LEAGUE_MEAN,00-0026143,00-0034343,2.2789307922151503,0.0,7.070860510395123,13.129703097873268,7.16201774208373,13.169348822699654,10.0,10.270100911458332,,,43.5,6.3204362657335125,46.20703125,5.276165432400178
2018_15_DAL_IND,2018,15,False,False,23.0,23.0,RECONSTRUCTED_STARTER_IDENTITY_NOT_AS_ISSUED_T60,MARKET_TOTAL_RESIDUAL_SHAPE_AT_PRIOR_256_GAME_LEAGUE_MEAN,00-0029668,00-0033077,1.6715368797598495,0.4586986139083038,-0.898120819158803,17.645328097873264,-0.8496072885247412,17.682369656032986,3.0,13.598225911458332,,,47.0,16.567832099066848,46.20703125,15.638144599066845
2018_15_DET_BUF,2018,15,False,False,1.0,27.0,RECONSTRUCTED_STARTER_IDENTITY_NOT_AS_ISSUED_T60,MARKET_TOTAL_RESIDUAL_SHAPE_AT_PRIOR_256_GAME_LEAGUE_MEAN,00-0034857,00-0026498,7.262309685779078,0.39121684700265114,-0.415878339141982,2.9265780978732643,-0.14103462559092492,2.9219529893663196,2.5,2.949788411458333,,,40.0,7.463665432400177,46.20703125,12.073040432400177
2018_15_GB_CHI,2018,15,False,False,7.0,41.0,RECONSTRUCTED_STARTER_IDENTITY_NOT_AS_ISSUED_T60,MARKET_TOTAL_RESIDUAL_SHAPE_AT_PRIOR_256_GAME_LEAGUE_MEAN,00-0033869,00-0023459,-7.596691112275189,0.0,7.282484491671148,2.866682264539934,6.978616847180141,2.8282029893663188,6.0,2.876871744791667,,,46.5,4.0313737657335125,46.20703125,3.7214779324001777
2018_15_MIA_MIN,2018,15,False,False,24.0,58.0,RECONSTRUCTED_STARTER_IDENTITY_NOT_AS_ISSUED_T60,MARKET_TOTAL_RESIDUAL_SHAPE_AT_PRIOR_256_GAME_LEAGUE_MEAN,00-0029604,00-0029701,0.0,15.350649911473857,6.598250655277289,11.410953097873268,5.984224658818334,12.307369656032986,7.5,10.270100911458332,,,45.0,8.130332099066843,46.20703125,7.489707099066844
2018_15_OAK_CIN,2018,15,False,False,14.0,46.0,RECONSTRUCTED_STARTER_IDENTITY_NOT_AS_ISSUED_T60,MARKET_TOTAL_RESIDUAL_SHAPE_AT_PRIOR_256_GAME_LEAGUE_MEAN,00-0032436,00-0031280,-6.935185185185189,1.614423676857557,4.4728783250602735,6.377098931206599,4.130893970578564,6.440182156032987,3.0,6.751871744791667,,,46.0,3.1589779324001777,46.20703125,3.1589779324001777
2018_15_TB_BAL,2018,15,False,False,8.0,32.0,RECONSTRUCTED_STARTER_IDENTITY_NOT_AS_ISSUED_T60,MARKET_TOTAL_RESIDUAL_SHAPE_AT_PRIOR_256_GAME_LEAGUE_MEAN,00-0034796,00-0031503,-8.124234256309727,5.280411172859689,7.951558068107524,2.866682264539935,7.415372250940748,2.9219529893663188,8.5,2.8430175781249982,,,44.5,7.463665432400177,46.20703125,8.135540432400177
2018_15_TEN_NYG,2018,15,False,False,-17.0,17.0,RECONSTRUCTED_STARTER_IDENTITY_NOT_AS_ISSUED_T60,MARKET_TOTAL_RESIDUAL_SHAPE_AT_PRIOR_256_GAME_LEAGUE_MEAN,00-0022803,00-0032268,-3.6573612041505443,0.4030422185430593,-0.4109034669725861,10.642723931206598,-0.5733196038803302,9.794348822699654,-2.5,8.595621744791668,,,42.0,17.505332099066845,46.20703125,21.377727932400177
2018_15_WAS_JAX,2018,15,False,False,-3.0,29.0,RECONSTRUCTED_STARTER_IDENTITY_NOT_AS_ISSUED_T60,MARKET_TOTAL_RESIDUAL_SHAPE_AT_PRIOR_256_GAME_LEAGUE_MEAN,00-0033104,00-0026300,-28.953972334435065,152.57855191256832,2.946233672473636,3.746890597873266,-4.315067297406499,2.9219529893663188,7.5,6.426350911458333,,,36.0,4.380332099066847,46.20703125,10.403769599066845
2018_15_SEA_SF,2018,15,False,False,3.0,49.0,RECONSTRUCTED_STARTER_IDENTITY_NOT_AS_ISSUED_T60,MARKET_TOTAL_RESIDUAL_SHAPE_AT_PRIOR_256_GAME_LEAGUE_MEAN,00-0033319,00-0029263,26.09904195476387,0.0,-6.31525240298909,5.804182264539931,-5.271290724798535,5.302161322699654,-3.5,4.551350911458333,,,44.0,4.0235612657335125,46.20703125,3.4584570990668437
2018_15_NE_PIT,2018,15,False,False,7.0,27.0,RECONSTRUCTED_STARTER_IDENTITY_NOT_AS_ISSUED_T60,MARKET_TOTAL_RESIDUAL_SHAPE_AT_PRIOR_256_GAME_LEAGUE_MEAN,00-0022924,00-0019596,4.736628330746084,-1.6945595719007445,0.24456637125264932,4.746890597873264,0.5018138873585225,4.317786322699654,-2.5,6.142496744791667,,,55.0,20.401165432400177,46.20703125,12.073040432400177
2018_15_PHI_LA,2018,15,False,False,-7.0,53.0,RECONSTRUCTED_STARTER_IDENTITY_NOT_AS_ISSUED_T60,MARKET_TOTAL_RESIDUAL_SHAPE_AT_PRIOR_256_GAME_LEAGUE_MEAN,00-0033106,00-0029567,0.2180934248997124,-18.35284280936453,5.805484214155895,7.5645989312066,6.5483216635264645,8.226640489366318,13.5,14.530517578125,,,52.5,3.1589779324001785,46.20703125,4.807415432400178
2018_15_NO_CAR,2018,15,False,False,-3.0,21.0,RECONSTRUCTED_STARTER_IDENTITY_NOT_AS_ISSUED_T60,MARKET_TOTAL_RESIDUAL_SHAPE_AT_PRIOR_256_GAME_LEAGUE_MEAN,00-0027939,00-0020531,-1.3675971053020097,0.8317565436770646,-5.720976609672926,3.2807447645399312,-5.808950755632088,3.2839321560329866,-6.0,3.163330078124999,,,50.5,22.359498765733505,46.20703125,17.505332099066845
2018_16_WAS_TEN,2018,16,False,False,9.0,41.0,RECONSTRUCTED_STARTER_IDENTITY_NOT_AS_ISSUED_T60,MARKET_TOTAL_RESIDUAL_SHAPE_AT_PRIOR_256_GAME_LEAGUE_MEAN,00-0032268,00-0026300,-0.05701775783004681,70.73863636363637,6.963411148886935,3.069807264539934,4.131584984028279,3.9089321560329866,12.5,3.3508300781249982,,,38.0,3.458457099066843,45.83203125,3.7214779324001777
2018_16_BAL_LAC,2018,16,False,False,-12.0,32.0,RECONSTRUCTED_STARTER_IDENTITY_NOT_AS_ISSUED_T60,MARKET_TOTAL_RESIDUAL_SHAPE_AT_PRIOR_256_GAME_LEAGUE_MEAN,00-0022942,00-0034796,2.0289525757188454,4.970012626262643,4.735299319906808,10.6427239312066,4.617656917885056,10.619869656032986,4.0,10.178955078125,,,42.5,6.255332099066844,45.83203125,8.135540432400177
2018_16_ATL_CAR,2018,16,False,False,-14.0,34.0,RECONSTRUCTED_STARTER_IDENTITY_NOT_AS_ISSUED_T60,MARKET_TOTAL_RESIDUAL_SHAPE_AT_PRIOR_256_GAME_LEAGUE_MEAN,00-0031800,00-0026143,7.359601449275366,2.1101073428663852,3.256482549841812,10.6427239312066,3.4664623140981714,10.619869656032986,-2.5,6.426350911458333,,,46.5,7.46366543240018,45.83203125,6.84387376573351
2018_16_BUF_NE,2018,16,False,False,12.0,36.0,RECONSTRUCTED_STARTER_IDENTITY_NOT_AS_ISSUED_T60,MARKET_TOTAL_RESIDUAL_SHAPE_AT_PRIOR_256_GAME_LEAGUE_MEAN,00-0019596,00-0034857,-1.692101470912788,-1.845878136200707,11.602073953320069,2.866682264539935,11.608225019931586,2.8282029893663188,14.0,2.949788411458333,,,46.0,5.708457099066844,45.83203125,5.708457099066844
2018_16_CIN_CLE,2018,16,False,False,8.0,44.0,RECONSTRUCTED_STARTER_IDENTITY_NOT_AS_ISSUED_T60,MARKET_TOTAL_RESIDUAL_SHAPE_AT_PRIOR_256_GAME_LEAGUE_MEAN,00-0034855,00-0032436,3.647074151280516,-11.212135828670666,2.8625049387291983,3.9005364312066,3.456873337927246,3.9089321560329875,10.0,2.949788411458332,,,44.0,3.1589779324001803,45.83203125,3.18762376573351
2018_16_GB_NYJ,2018,16,False,False,-6.0,82.0,RECONSTRUCTED_STARTER_IDENTITY_NOT_AS_ISSUED_T60,MARKET_TOTAL_RESIDUAL_SHAPE_AT_PRIOR_256_GAME_LEAGUE_MEAN,00-0034869,00-0023459,10.909691101152386,0.0,-1.9197961661347926,3.1922030978732643,-1.483408522088697,3.4115363226996527,-3.0,3.126871744791667,,,47.5,26.56262376573351,45.83203125,28.53137376573351
2018_16_HOU_PHI,2018,16,False,False,2.0,62.0,RECONSTRUCTED_STARTER_IDENTITY_NOT_AS_ISSUED_T60,MARKET_TOTAL_RESIDUAL_SHAPE_AT_PRIOR_256_GAME_LEAGUE_MEAN,00-0029567,00-0033537,-18.70922180836436,0.5498184631867131,4.732993387921806,3.020328097873266,3.962631777059763,2.8516404893663188,1.0,2.876871744791667,,,47.0,9.544394599066846,45.83203125,10.310019599066845
2018_16_JAX_MIA,2018,16,False,False,-10.0,24.0,RECONSTRUCTED_STARTER_IDENTITY_NOT_AS_ISSUED_T60,MARKET_TOTAL_RESIDUAL_SHAPE_AT_PRIOR_256_GAME_LEAGUE_MEAN,00-0029701,00-0033104,21.33190883190883,-31.674518258277452,3.0173949184411324,7.5645989312066,5.137652002048584,8.997473822699654,3.0,7.840413411458333,,,39.5,9.606894599066843,45.83203125,14.718873765733512
2018_16_MIN_DET,2018,16,False,False,-18.0,36.0,RECONSTRUCTED_STARTER_IDENTITY_NOT_AS_ISSUED_T60,MARKET_TOTAL_RESIDUAL_SHAPE_AT_PRIOR_256_GAME_LEAGUE_MEAN,00-0026498,00-0029604,0.38085066428805714,0.0,-1.2968764335122343,10.642723931206596,-1.281642406940712,10.619869656032986,-6.5,6.426350911458333,,,41.5,4.03137376573351,45.83203125,5.708457099066844
2018_16_NYG_IND,2018,16,False,False,1.0,55.0,RECONSTRUCTED_STARTER_IDENTITY_NOT_AS_ISSUED_T60,MARKET_TOTAL_RESIDUAL_SHAPE_AT_PRIOR_256_GAME_LEAGUE_MEAN,00-0029668,00-0022803,1.8206875536718403,-3.7529105371539417,7.310668355423713,3.746890597873266,7.533612279056745,4.1120571560329875,10.0,5.262288411458332,,,48.5,4.39074876573351,45.83203125,5.776165432400178
2018_16_TB_DAL,2018,16,False,False,7.0,47.0,RECONSTRUCTED_STARTER_IDENTITY_NOT_AS_ISSUED_T60,MARKET_TOTAL_RESIDUAL_SHAPE_AT_PRIOR_256_GAME_LEAGUE_MEAN,00-0033077,00-0031503,0.4065407582280356,-11.82398473663655,7.499768268059779,2.866682264539934,7.988989287854363,2.8047654893663196,7.0,2.832600911458333,,,48.0,3.1459570990668437,45.83203125,3.18762376573351
2018_16_CHI_SF,2018,16,False,False,-5.0,23.0,RECONSTRUCTED_STARTER_IDENTITY_NOT_AS_ISSUED_T60,MARKET_TOTAL_RESIDUAL_SHAPE_AT_PRIOR_256_GAME_LEAGUE_MEAN,00-0033319,00-0033869,26.689497716894973,21.289957880735976,-5.337920794189077,2.866682264539932,-5.121939200742717,2.8282029893663196,-3.5,2.843017578124999,,,44.0,13.820436265733514,45.83203125,15.638144599066845
2018_16_LA_ARI,2018,16,False,False,-22.0,40.0,RECONSTRUCTED_STARTER_IDENTITY_NOT_AS_ISSUED_T60,MARKET_TOTAL_RESIDUAL_SHAPE_AT_PRIOR_256_GAME_LEAGUE_MEAN,00-0034343,00-0033106,-5.024520255863541,0.008556515786772856,-8.381668809821976,8.285953097873264,-8.58299188068799,7.5026821560329875,-14.5,4.319580078124998,,,43.0,3.3100195990668437,45.83203125,4.03137376573351
2018_16_PIT_NO,2018,16,False,False,3.0,59.0,RECONSTRUCTED_STARTER_IDENTITY_NOT_AS_ISSUED_T60,MARKET_TOTAL_RESIDUAL_SHAPE_AT_PRIOR_256_GAME_LEAGUE_MEAN,00-0020531,00-0022924,0.024836630166014118,4.903503344235238,7.220765015158413,3.192203097873266,7.025618346595644,3.1641404893663188,6.5,3.350830078124999,,,53.0,4.390748765733511,45.83203125,8.130332099066845
2018_16_KC_SEA,2018,16,False,False,7.0,69.0,RECONSTRUCTED_STARTER_IDENTITY_NOT_AS_ISSUED_T60,MARKET_TOTAL_RESIDUAL_SHAPE_AT_PRIOR_256_GAME_LEAGUE_MEAN,00-0029263,00-0033873,0.0,0.0,-1.0729117124849745,5.252098931206597,-1.0729117124849745,5.302161322699653,-1.0,5.038330078124999,,,54.0,9.54439459906684,45.83203125,16.156373765733512
2018_16_DEN_OAK,2018,16,False,False,13.0,41.0,RECONSTRUCTED_STARTER_IDENTITY_NOT_AS_ISSUED_T60,MARKET_TOTAL_RESIDUAL_SHAPE_AT_PRIOR_256_GAME_LEAGUE_MEAN,00-0031280,00-0028986,1.6558170090778646,-3.1511308534807103,-3.167918175192144,10.590640597873264,-2.975640260689801,10.645911322699654,-2.5,10.270100911458332,,,42.5,3.18762376573351,45.83203125,3.7214779324001777
2018_17_ATL_TB,2018,17,False,False,-2.0,66.0,RECONSTRUCTED_STARTER_IDENTITY_NOT_AS_ISSUED_T60,MARKET_TOTAL_RESIDUAL_SHAPE_AT_PRIOR_256_GAME_LEAGUE_MEAN,00-0031503,00-0026143,1.5260484772679828,0.45569528328148756,-1.1356442837566192,2.8536614312065973,-1.0928301559971592,2.8047654893663188,-2.5,2.876871744791667,,,52.0,8.815227932400177,46.3046875,13.562623765733512
2018_17_CAR_NO,2018,17,False,False,-19.0,47.0,RECONSTRUCTED_STARTER_IDENTITY_NOT_AS_ISSUED_T60,MARKET_TOTAL_RESIDUAL_SHAPE_AT_PRIOR_256_GAME_LEAGUE_MEAN,00-0031237,00-0034577,-54.69135802469134,91.0621761658031,13.207849836104833,24.489078097873268,7.377708468485056,18.802161322699654,8.0,20.163330078125,,,42.0,4.02356126573351,46.3046875,3.18762376573351
2018_17_DAL_NYG,2018,17,False,False,-1.0,71.0,RECONSTRUCTED_STARTER_IDENTITY_NOT_AS_ISSUED_T60,MARKET_TOTAL_RESIDUAL_SHAPE_AT_PRIOR_256_GAME_LEAGUE_MEAN,00-0022803,00-0033077,0.8494543650793718,0.42602495543673236,-3.395679960654279,3.0698072645399312,-3.3787427842685736,3.0755988226996527,7.5,5.262288411458333,,,38.5,24.614707099066845,46.3046875,17.963665432400177
2018_17_DET_GB,2018,17,False,False,-31.0,31.0,RECONSTRUCTED_STARTER_IDENTITY_NOT_AS_ISSUED_T60,MARKET_TOTAL_RESIDUAL_SHAPE_AT_PRIOR_256_GAME_LEAGUE_MEAN,00-0033899,00-0026498,-65.24776992585728,2.276611418047869,4.255435489720785,27.4395989312066,1.5544602359645787,25.546952989366318,7.5,31.973225911458332,,,44.5,8.135540432400177,46.3046875,8.849082099066845
2018_17_JAX_HOU,2018,17,False,False,17.0,23.0,RECONSTRUCTED_STARTER_IDENTITY_NOT_AS_ISSUED_T60,MARKET_TOTAL_RESIDUAL_SHAPE_AT_PRIOR_256_GAME_LEAGUE_MEAN,00-0033537,00-0031407,0.5532983268777603,22.87257495590831,6.172840078969448,6.981265597873266,5.280069013808226,7.692786322699654,7.0,6.142496744791667,,,39.5,10.403769599066843,46.3046875,15.638144599066845
2018_17_MIA_BUF,2018,17,False,False,25.0,59.0,RECONSTRUCTED_STARTER_IDENTITY_NOT_AS_ISSUED_T60,MARKET_TOTAL_RESIDUAL_SHAPE_AT_PRIOR_256_GAME_LEAGUE_MEAN,00-0034857,00-0029701,-4.3424787133396485,4.398652442448081,2.5141050629848176,15.801578097873268,2.164459816753309,16.75007798936632,5.5,12.744059244791664,,,39.5,12.721477932400175,46.3046875,8.130332099066845
2018_17_NYJ_NE,2018,17,False,False,35.0,41.0,RECONSTRUCTED_STARTER_IDENTITY_NOT_AS_ISSUED_T60,MARKET_TOTAL_RESIDUAL_SHAPE_AT_PRIOR_256_GAME_LEAGUE_MEAN,00-0019596,00-0034869,-1.3390814458933864,14.759632378932498,14.678704378274434,14.0099114312066,14.034755825281398,14.934973822699654,14.0,14.475830078125,,,47.0,4.0313737657335125,46.3046875,3.7214779324001777
2018_17_ARI_SEA,2018,17,False,False,3.0,51.0,RECONSTRUCTED_STARTER_IDENTITY_NOT_AS_ISSUED_T60,MARKET_TOTAL_RESIDUAL_SHAPE_AT_PRIOR_256_GAME_LEAGUE_MEAN,00-0029263,00-0034343,0.0,-11.539992041384806,13.658955094282092,6.252098931206601,14.120554775937485,6.18757798936632,15.5,7.840413411458332,,,39.5,6.888144599066843,46.3046875,4.02356126573351
2018_17_CHI_MIN,2018,17,False,False,-14.0,34.0,RECONSTRUCTED_STARTER_IDENTITY_NOT_AS_ISSUED_T60,MARKET_TOTAL_RESIDUAL_SHAPE_AT_PRIOR_256_GAME_LEAGUE_MEAN,00-0029604,00-0033869,0.0,37.04178520303696,1.6955429404818734,9.825015597873266,0.21387153236039494,8.22664048936632,6.0,13.619059244791664,,,39.5,4.031373765733509,46.3046875,6.84387376573351
2018_17_CIN_PIT,2018,17,False,False,3.0,29.0,RECONSTRUCTED_STARTER_IDENTITY_NOT_AS_ISSUED_T60,MARKET_TOTAL_RESIDUAL_SHAPE_AT_PRIOR_256_GAME_LEAGUE_MEAN,00-0022924,00-0032436,4.6080706351586675,-4.908965991068359,10.87835724764499,4.582828097873267,11.259038712694071,4.55476548936632,14.0,6.426350911458333,,,45.5,10.403769599066845,46.3046875,10.403769599066845
2018_17_CLE_BAL,2018,17,False,False,2.0,50.0,RECONSTRUCTED_STARTER_IDENTITY_NOT_AS_ISSUED_T60,MARKET_TOTAL_RESIDUAL_SHAPE_AT_PRIOR_256_GAME_LEAGUE_MEAN,00-0034796,00-0034855,9.127612091702165,-0.08403560268912535,10.142306412721291,4.582828097873267,10.510772320496944,5.0495571560329875,7.0,3.624267578124999,,,41.0,5.776165432400179,46.3046875,3.71106126573351
2018_17_LAC_DEN,2018,17,False,False,-14.0,32.0,RECONSTRUCTED_STARTER_IDENTITY_NOT_AS_ISSUED_T60,MARKET_TOTAL_RESIDUAL_SHAPE_AT_PRIOR_256_GAME_LEAGUE_MEAN,00-0028986,00-0022942,-3.3306604894274283,1.5765056022408963,-4.003659867293518,5.658348931206597,-4.199946510960251,5.596432156032987,-7.0,4.319580078124999,,,43.5,6.8438737657335125,46.3046875,8.135540432400177
2018_17_OAK_KC,2018,17,False,False,32.0,38.0,RECONSTRUCTED_STARTER_IDENTITY_NOT_AS_ISSUED_T60,MARKET_TOTAL_RESIDUAL_SHAPE_AT_PRIOR_256_GAME_LEAGUE_MEAN,00-0033873,00-0031280,0.0,1.6919063125269806,14.052017790404598,12.2599114312066,13.98434153790352,12.307369656032986,14.5,11.066975911458332,,,54.0,9.60689459906684,46.3046875,4.763144599066844
2018_17_PHI_WAS,2018,17,False,False,-24.0,24.0,RECONSTRUCTED_STARTER_IDENTITY_NOT_AS_ISSUED_T60,MARKET_TOTAL_RESIDUAL_SHAPE_AT_PRIOR_256_GAME_LEAGUE_MEAN,00-0026300,00-0029567,30.971829174170317,-9.640854184641935,-4.289326384957167,13.223453097873264,-2.664819050604676,14.153723822699654,-6.0,11.850830078125,,,43.0,12.073040432400177,46.3046875,14.718873765733512
2018_17_SF_LA,2018,17,False,False,16.0,80.0,RECONSTRUCTED_STARTER_IDENTITY_NOT_AS_ISSUED_T60,MARKET_TOTAL_RESIDUAL_SHAPE_AT_PRIOR_256_GAME_LEAGUE_MEAN,00-0033106,00-0033319,0.01518948887371252,12.933809361895054,12.125148751969727,3.567203097873267,11.608403957048875,3.5703904893663188,10.5,3.746663411458333,,,50.5,21.71626959906684,46.3046875,26.56262376573351
2018_17_IND_TEN,2018,17,False,False,-16.0,50.0,RECONSTRUCTED_STARTER_IDENTITY_NOT_AS_ISSUED_T60,MARKET_TOTAL_RESIDUAL_SHAPE_AT_PRIOR_256_GAME_LEAGUE_MEAN,00-0027948,00-0029668,-49.0753091652538,1.962782454585743,3.459613905463566,12.343244764539932,1.4180902406699842,10.619869656032986,-5.0,6.426350911458333,,,42.5,4.807415432400178,46.3046875,3.71106126573351
2019_01_GB_CHI,2019,1,True,False,-7.0,13.0,RECONSTRUCTED_STARTER_IDENTITY_NOT_AS_ISSUED_T60,MARKET_TOTAL_RESIDUAL_SHAPE_AT_PRIOR_256_GAME_LEAGUE_MEAN,00-0033869,00-0023459,5.731718381418971,10.45380239325182,7.950662484700124,9.038844108581543,7.761779124226809,8.986471176147461,3.5,6.433994293212891,,,47.0,26.389811515808105,46.6875,26.389811515808105
2019_01_ATL_MIN,2019,1,True,False,16.0,40.0,RECONSTRUCTED_STARTER_IDENTITY_NOT_AS_ISSUED_T60,MARKET_TOTAL_RESIDUAL_SHAPE_AT_PRIOR_256_GAME_LEAGUE_MEAN,00-0029604,00-0026143,0.0,-0.635786054646359,3.324325268435623,8.335719108581543,3.3497567106214774,8.388814926147461,3.5,7.414463043212891,,,47.0,4.3624677658081055,46.6875,4.3624677658081055
2019_01_BAL_MIA,2019,1,True,False,-49.0,69.0,RECONSTRUCTED_STARTER_IDENTITY_NOT_AS_ISSUED_T60,MARKET_TOTAL_RESIDUAL_SHAPE_AT_PRIOR_256_GAME_LEAGUE_MEAN,00-0023682,00-0034796,72.95573479504465,12.823810257200075,-3.614419529250081,37.32985973358154,-1.2091425477362978,40.37514305114746,-7.0,34.84219741821289,,,41.0,20.725749015808105,46.6875,15.219889640808105
2019_01_BUF_NYJ,2019,1,True,False,-1.0,33.0,RECONSTRUCTED_STARTER_IDENTITY_NOT_AS_ISSUED_T60,MARKET_TOTAL_RESIDUAL_SHAPE_AT_PRIOR_256_GAME_LEAGUE_MEAN,00-0034869,00-0034857,28.387139976050936,-4.129384749386333,0.06171042927318922,2.861109733581543,1.36237141829068,2.892721176147461,2.5,3.3265724182128906,,,41.0,4.7609052658081055,46.6875,8.212077140808105
2019_01_KC_JAX,2019,1,True,False,-14.0,66.0,RECONSTRUCTED_STARTER_IDENTITY_NOT_AS_ISSUED_T60,MARKET_TOTAL_RESIDUAL_SHAPE_AT_PRIOR_256_GAME_LEAGUE_MEAN,00-0035289,00-0033873,48.556982729590615,-0.27490360522932633,-3.2731341562617398,6.263453483581543,-1.3198587028689424,7.511861801147461,-3.5,5.826572418212891,,,49.0,11.034342765808105,46.6875,12.653483390808105
2019_01_LA_CAR,2019,1,True,False,-3.0,57.0,RECONSTRUCTED_STARTER_IDENTITY_NOT_AS_ISSUED_T60,MARKET_TOTAL_RESIDUAL_SHAPE_AT_PRIOR_256_GAME_LEAGUE_MEAN,00-0027939,00-0033106,2.315588183576578,-0.41667981943873666,-0.5454758242994648,2.915797233581543,-0.4361851041788523,3.021627426147461,-1.5,2.8441505432128906,,,49.5,4.7823896408081055,46.6875,6.2569990158081055
2019_01_TEN_CLE,2019,1,True,False,-30.0,56.0,RECONSTRUCTED_STARTER_IDENTITY_NOT_AS_ISSUED_T60,MARKET_TOTAL_RESIDUAL_SHAPE_AT_PRIOR_256_GAME_LEAGUE_MEAN,00-0034855,00-0032268,0.09613388148330682,-4.624632613763047,0.07916801202989518,22.490015983581543,0.26799867183974935,22.52358055114746,5.5,28.85977554321289,,,44.0,7.4171552658081055,46.6875,5.7198896408081055
2019_01_WAS_PHI,2019,1,True,False,5.0,59.0,RECONSTRUCTED_STARTER_IDENTITY_NOT_AS_ISSUED_T60,MARKET_TOTAL_RESIDUAL_SHAPE_AT_PRIOR_256_GAME_LEAGUE_MEAN,00-0032950,00-0028986,13.95888594164456,38.15719554888724,8.219670647667963,3.031031608581543,7.251738263378255,2.892721176147461,10.5,3.9222755432128906,,,44.0,9.479655265808105,46.6875,7.4171552658081055
2019_01_CIN_SEA,2019,1,True,False,1.0,41.0,RECONSTRUCTED_STARTER_IDENTITY_NOT_AS_ISSUED_T60,MARKET_TOTAL_RESIDUAL_SHAPE_AT_PRIOR_256_GAME_LEAGUE_MEAN,00-0029263,00-0027973,0.0,21.99072535070805,8.07512521905628,4.152125358581543,7.1954962050279585,3.767721176147461,9.5,5.264072418212891,,,44.0,3.2941083908081055,46.6875,4.0089521408081055
2019_01_IND_LAC,2019,1,True,False,6.0,54.0,RECONSTRUCTED_STARTER_IDENTITY_NOT_AS_ISSUED_T60,MARKET_TOTAL_RESIDUAL_SHAPE_AT_PRIOR_256_GAME_LEAGUE_MEAN,00-0022942,00-0033119,2.730370467243537,-67.28021005428369,3.587094129965608,3.066187858581543,6.387517350826697,2.849752426147461,6.0,2.8363380432128906,,,44.5,5.7198896408081055,46.6875,4.7823896408081055
2019_01_DET_ARI,2019,1,True,False,0.0,54.0,RECONSTRUCTED_STARTER_IDENTITY_NOT_AS_ISSUED_T60,MARKET_TOTAL_RESIDUAL_SHAPE_AT_PRIOR_256_GAME_LEAGUE_MEAN,00-0035228,00-0026498,65.14616278030911,0.7378544765725081,-1.6711594908679672,3.066187858581543,0.905172841281497,2.836080551147461,-2.5,3.1859474182128906,,,45.5,5.2335615158081055,46.6875,4.7823896408081055
2019_01_NYG_DAL,2019,1,True,False,18.0,52.0,RECONSTRUCTED_STARTER_IDENTITY_NOT_AS_ISSUED_T60,MARKET_TOTAL_RESIDUAL_SHAPE_AT_PRIOR_256_GAME_LEAGUE_MEAN,00-0033077,00-0022803,0.0,0.9825489682882216,6.756482785699681,6.982203483581543,6.7171808269681526,7.031393051147461,7.0,6.756259918212891,,,44.0,5.2335615158081055,46.6875,4.0284833908081055
2019_01_SF_TB,2019,1,True,False,-14.0,48.0,RECONSTRUCTED_STARTER_IDENTITY_NOT_AS_ISSUED_T60,MARKET_TOTAL_RESIDUAL_SHAPE_AT_PRIOR_256_GAME_LEAGUE_MEAN,00-0031503,00-0031345,1.5977005624110197,19.92502883506342,3.4856335855491034,10.628687858581543,2.7525404546430075,10.589986801147461,1.0,9.35977554321289,,,51.0,3.2941083908081055,46.6875,3.2023115158081055
2019_01_PIT_NE,2019,1,True,False,30.0,36.0,RECONSTRUCTED_STARTER_IDENTITY_NOT_AS_ISSUED_T60,MARKET_TOTAL_RESIDUAL_SHAPE_AT_PRIOR_256_GAME_LEAGUE_MEAN,00-0019596,00-0022924,0.5799727655711573,4.357606276342163,5.346530712216026,18.542750358581543,5.195425371785188,18.56459617614746,5.5,17.24649429321289,,,49.0,7.5265302658081055,46.6875,6.2902021408081055
2019_01_HOU_NO,2019,1,True,False,2.0,58.0,RECONSTRUCTED_STARTER_IDENTITY_NOT_AS_ISSUED_T60,MARKET_TOTAL_RESIDUAL_SHAPE_AT_PRIOR_256_GAME_LEAGUE_MEAN,00-0020531,00-0033537,25.650311106315637,0.0,6.421922681719297,3.212672233581543,7.447935125971923,3.455221176147461,6.5,3.6000099182128906,,,52.0,4.3800458908081055,46.6875,6.8194990158081055
2019_01_DEN_OAK,2019,1,True,False,8.0,40.0,RECONSTRUCTED_STARTER_IDENTITY_NOT_AS_ISSUED_T60,MARKET_TOTAL_RESIDUAL_SHAPE_AT_PRIOR_256_GAME_LEAGUE_MEAN,00-0031280,00-0026158,1.6771612536691682,7.326233386849501,0.8510568764518394,4.736109733581543,0.625093991124626,4.756002426147461,-3.0,6.756259918212891,,,42.5,3.2941083908081055,46.6875,4.3624677658081055
2019_02_TB_CAR,2019,2,False,False,-6.0,34.0,RECONSTRUCTED_STARTER_IDENTITY_NOT_AS_ISSUED_T60,MARKET_TOTAL_RESIDUAL_SHAPE_AT_PRIOR_256_GAME_LEAGUE_MEAN,00-0027939,00-0031503,6.7327610139449545,-7.557650368854674,6.459760494164202,6.896265983581543,7.031376949476186,7.511861801147461,6.5,7.830478668212891,,,48.0,8.212077140808105,46.73046875,7.5265302658081055
2019_02_ARI_BAL,2019,2,False,False,6.0,40.0,RECONSTRUCTED_STARTER_IDENTITY_NOT_AS_ISSUED_T60,MARKET_TOTAL_RESIDUAL_SHAPE_AT_PRIOR_256_GAME_LEAGUE_MEAN,00-0034796,00-0035228,4.222308904287719,15.531118285355582,11.119694571218643,3.460719108581543,10.667342195975927,3.455221176147461,13.0,4.307041168212891,,,46.0,4.0089521408081055,46.73046875,4.3624677658081055
2019_02_BUF_NYG,2019,2,False,False,-14.0,42.0,RECONSTRUCTED_STARTER_IDENTITY_NOT_AS_ISSUED_T60,MARKET_TOTAL_RESIDUAL_SHAPE_AT_PRIOR_256_GAME_LEAGUE_MEAN,00-0022803,00-0034857,1.389042001984353,-18.171267105693346,1.4930803498991372,9.038844108581543,2.275492714206245,9.773580551147461,-1.0,7.830478668212891,,,44.5,3.2941083908081055,46.73046875,3.7062177658081055
2019_02_DAL_WAS,2019,2,False,False,-10.0,52.0,RECONSTRUCTED_STARTER_IDENTITY_NOT_AS_ISSUED_T60,MARKET_TOTAL_RESIDUAL_SHAPE_AT_PRIOR_256_GAME_LEAGUE_MEAN,00-0028986,00-0033077,37.2908046467318,0.0,-2.532399814883693,4.152125358581543,-1.0407676290144208,5.076314926147461,-6.0,3.3265724182128906,,,46.5,4.0284833908081055,46.73046875,4.0284833908081055
2019_02_IND_TEN,2019,2,False,False,-2.0,36.0,RECONSTRUCTED_STARTER_IDENTITY_NOT_AS_ISSUED_T60,MARKET_TOTAL_RESIDUAL_SHAPE_AT_PRIOR_256_GAME_LEAGUE_MEAN,00-0032268,00-0033119,5.674702969026657,-60.13450292397662,2.8549867093504147,3.460719108581543,5.487354945070546,4.142721176147461,3.0,3.6000099182128906,,,43.5,4.7609052658081055,46.73046875,6.2902021408081055
2019_02_JAX_HOU,2019,2,False,False,1.0,25.0,RECONSTRUCTED_STARTER_IDENTITY_NOT_AS_ISSUED_T60,MARKET_TOTAL_RESIDUAL_SHAPE_AT_PRIOR_256_GAME_LEAGUE_MEAN,00-0033537,00-0035289,0.0,134.33813119395944,5.575715953483905,3.460719108581543,0.2021907057255271,2.931783676147461,7.5,4.307041168212891,,,43.0,11.321452140808105,46.73046875,14.807780265808105
2019_02_LAC_DET,2019,2,False,False,3.0,23.0,RECONSTRUCTED_STARTER_IDENTITY_NOT_AS_ISSUED_T60,MARKET_TOTAL_RESIDUAL_SHAPE_AT_PRIOR_256_GAME_LEAGUE_MEAN,00-0026498,00-0022942,0.9741735467108104,2.6795504385964897,-1.8413152622818416,3.898219108581543,-1.9095303379572686,3.894674301147461,-1.0,3.4320411682128906,,,47.0,16.645670890808105,46.73046875,16.645670890808105
2019_02_MIN_GB,2019,2,False,False,5.0,37.0,RECONSTRUCTED_STARTER_IDENTITY_NOT_AS_ISSUED_T60,MARKET_TOTAL_RESIDUAL_SHAPE_AT_PRIOR_256_GAME_LEAGUE_MEAN,00-0023459,00-0029604,9.804045307443365,0.0,-0.1803514060362977,3.898219108581543,0.2118104062614369,3.894674301147461,3.0,3.0101661682128906,,,43.0,4.0089521408081055,46.73046875,5.7316083908081055
2019_02_NE_MIA,2019,2,False,False,-43.0,43.0,RECONSTRUCTED_STARTER_IDENTITY_NOT_AS_ISSUED_T60,MARKET_TOTAL_RESIDUAL_SHAPE_AT_PRIOR_256_GAME_LEAGUE_MEAN,00-0023682,00-0019596,77.15093135045817,-1.1069020771951488,-8.367798827513624,27.355250358581543,-5.237485490407493,30.38100242614746,-18.0,18.20352554321289,,,48.5,4.0089521408081055,46.73046875,3.4659833908081055
2019_02_SEA_PIT,2019,2,False,False,-2.0,54.0,RECONSTRUCTED_STARTER_IDENTITY_NOT_AS_ISSUED_T60,MARKET_TOTAL_RESIDUAL_SHAPE_AT_PRIOR_256_GAME_LEAGUE_MEAN,00-0034771,00-0029263,-11.507037690409927,0.0,1.9302840099606238,3.212672233581543,1.4700025023442265,3.021627426147461,4.0,3.9222755432128906,,,47.0,4.7823896408081055,46.73046875,4.7823896408081055
2019_02_SF_CIN,2019,2,False,False,-24.0,58.0,RECONSTRUCTED_STARTER_IDENTITY_NOT_AS_ISSUED_T60,MARKET_TOTAL_RESIDUAL_SHAPE_AT_PRIOR_256_GAME_LEAGUE_MEAN,00-0027973,00-0031345,9.929985696002408,7.171868801615644,1.3100418891921526,17.761500358581543,1.4203665649676231,17.78334617614746,1.0,18.20352554321289,,,46.0,7.4171552658081055,46.73046875,6.8194990158081055
2019_02_KC_OAK,2019,2,False,False,-18.0,38.0,RECONSTRUCTED_STARTER_IDENTITY_NOT_AS_ISSUED_T60,MARKET_TOTAL_RESIDUAL_SHAPE_AT_PRIOR_256_GAME_LEAGUE_MEAN,00-0031280,00-0033873,1.6766151685393194,0.2931797474944986,-5.25109281109967,7.575953483581543,-5.195755394257877,7.511861801147461,-7.0,6.433994293212891,,,53.5,9.696452140808105,46.73046875,5.2198896408081055
2019_02_CHI_DEN,2019,2,False,False,-2.0,30.0,RECONSTRUCTED_STARTER_IDENTITY_NOT_AS_ISSUED_T60,MARKET_TOTAL_RESIDUAL_SHAPE_AT_PRIOR_256_GAME_LEAGUE_MEAN,00-0026158,00-0033869,13.974632138694654,6.669522273735118,-2.4195449630478105,2.866969108581543,-2.127340568449429,2.849752426147461,-3.0,2.8871192932128906,,,41.0,6.2902021408081055,46.73046875,10.495280265808105
2019_02_NO_LA,2019,2,False,False,18.0,36.0,RECONSTRUCTED_STARTER_IDENTITY_NOT_AS_ISSUED_T60,MARKET_TOTAL_RESIDUAL_SHAPE_AT_PRIOR_256_GAME_LEAGUE_MEAN,00-0033106,00-0031237,-0.5920050761421436,-31.63613505747127,2.379930129223567,10.611109733581543,3.6216953284767315,9.117330551147461,2.0,10.31680679321289,,,52.5,10.495280265808105,46.73046875,6.2902021408081055
2019_02_PHI_ATL,2019,2,False,False,4.0,44.0,RECONSTRUCTED_STARTER_IDENTITY_NOT_AS_ISSUED_T60,MARKET_TOTAL_RESIDUAL_SHAPE_AT_PRIOR_256_GAME_LEAGUE_MEAN,00-0026143,00-0032950,-0.6843689726023561,17.24117537420429,-0.9910524653154243,3.898219108581543,-1.7080742391876902,4.298971176147461,-1.0,3.7523536682128906,,,53.0,5.2198896408081055,46.73046875,3.2941083908081055
2019_02_CLE_NYJ,2019,2,False,False,-20.0,26.0,RECONSTRUCTED_STARTER_IDENTITY_NOT_AS_ISSUED_T60,MARKET_TOTAL_RESIDUAL_SHAPE_AT_PRIOR_256_GAME_LEAGUE_MEAN,00-0034412,00-0034855,41.45339830161519,-0.008320007792406159,0.8671796116401947,14.081812858581543,2.5256483440164983,15.920064926147461,-6.5,7.830478668212891,,,45.5,13.024577140808105,46.73046875,13.911295890808105
2019_03_TEN_JAX,2019,3,False,False,13.0,27.0,RECONSTRUCTED_STARTER_IDENTITY_NOT_AS_ISSUED_T60,MARKET_TOTAL_RESIDUAL_SHAPE_AT_PRIOR_256_GAME_LEAGUE_MEAN,00-0035289,00-0032268,65.89173405211142,10.482824823578252,-1.7470506320490131,9.824000358581543,0.46930573709231355,8.388814926147461,-1.5,9.55118179321289,,,38.0,6.290200233459473,46.25,12.163249015808105
2019_03_ATL_IND,2019,3,False,False,3.0,51.0,RECONSTRUCTED_STARTER_IDENTITY_NOT_AS_ISSUED_T60,MARKET_TOTAL_RESIDUAL_SHAPE_AT_PRIOR_256_GAME_LEAGUE_MEAN,00-0033119,00-0026143,-46.274743677787015,-0.7239601758730396,4.355747642483366,2.861109733581543,2.533716302406807,2.849752426147461,1.0,3.0101661682128906,,,48.0,3.4796552658081055,46.25,4.0284833908081055
2019_03_BAL_KC,2019,3,False,False,5.0,61.0,RECONSTRUCTED_STARTER_IDENTITY_NOT_AS_ISSUED_T60,MARKET_TOTAL_RESIDUAL_SHAPE_AT_PRIOR_256_GAME_LEAGUE_MEAN,00-0033873,00-0034796,0.3781527975076582,-2.356376387460779,4.021925484474796,2.927515983581543,4.131306651873533,2.931783676147461,4.5,2.8363380432128906,,,52.0,5.7198896408081055,46.25,9.479655265808105
2019_03_CIN_BUF,2019,3,False,False,4.0,38.0,RECONSTRUCTED_STARTER_IDENTITY_NOT_AS_ISSUED_T60,MARKET_TOTAL_RESIDUAL_SHAPE_AT_PRIOR_256_GAME_LEAGUE_MEAN,00-0034857,00-0027973,0.9968416896960042,22.238423471191226,6.445016618291302,2.915797233581543,5.595353347031493,2.892721176147461,5.5,2.9418067932128906,,,43.5,4.0089521408081055,46.25,4.7609052658081055
2019_03_DEN_GB,2019,3,False,False,11.0,43.0,RECONSTRUCTED_STARTER_IDENTITY_NOT_AS_ISSUED_T60,MARKET_TOTAL_RESIDUAL_SHAPE_AT_PRIOR_256_GAME_LEAGUE_MEAN,00-0023459,00-0026158,9.942469042544566,7.990421434299844,6.124418531327073,3.898219108581543,6.202500435656862,3.894674301147461,7.0,3.4320411682128906,,,42.0,3.2023115158081055,46.25,3.2941083908081055
2019_03_DET_PHI,2019,3,False,False,-3.0,51.0,RECONSTRUCTED_STARTER_IDENTITY_NOT_AS_ISSUED_T60,MARKET_TOTAL_RESIDUAL_SHAPE_AT_PRIOR_256_GAME_LEAGUE_MEAN,00-0032950,00-0026498,-2.4216726036269343,1.372483841181893,5.281788408893489,4.599390983581543,5.130022151101136,4.584127426147461,4.0,4.307041168212891,,,45.0,4.3800458908081055,46.25,4.0284833908081055
2019_03_MIA_DAL,2019,3,False,False,25.0,37.0,RECONSTRUCTED_STARTER_IDENTITY_NOT_AS_ISSUED_T60,MARKET_TOTAL_RESIDUAL_SHAPE_AT_PRIOR_256_GAME_LEAGUE_MEAN,00-0033077,00-0034343,0.0,-21.01922177428337,10.981529108366285,9.064234733581543,11.82229797933762,8.388814926147461,22.0,3.1859474182128906,,,46.5,5.7316083908081055,46.25,5.2198896408081055
2019_03_NYJ_NE,2019,3,False,False,16.0,44.0,RECONSTRUCTED_STARTER_IDENTITY_NOT_AS_ISSUED_T60,MARKET_TOTAL_RESIDUAL_SHAPE_AT_PRIOR_256_GAME_LEAGUE_MEAN,00-0019596,00-0034412,-1.1173972440009505,59.75193107546048,15.878648404399282,2.866969108581543,13.443875271620826,3.287252426147461,20.5,3.6000099182128906,,,43.0,3.2023115158081055,46.25,3.1769208908081055
2019_03_OAK_MIN,2019,3,False,False,20.0,48.0,RECONSTRUCTED_STARTER_IDENTITY_NOT_AS_ISSUED_T60,MARKET_TOTAL_RESIDUAL_SHAPE_AT_PRIOR_256_GAME_LEAGUE_MEAN,00-0029604,00-0031280,0.0,0.0,7.9206919553236,7.642359733581543,7.9206919553236,7.691549301147461,8.5,6.756259918212891,,,43.0,4.0284833908081055,46.25,3.3058271408081055
2019_03_CAR_ARI,2019,3,False,False,-18.0,58.0,RECONSTRUCTED_STARTER_IDENTITY_NOT_AS_ISSUED_T60,MARKET_TOTAL_RESIDUAL_SHAPE_AT_PRIOR_256_GAME_LEAGUE_MEAN,00-0035228,00-0034577,41.258169934640506,112.83699548075425,-1.250570194495949,10.628687858581543,-4.1137232163404995,8.226705551147461,2.5,14.47305679321289,,,46.0,7.4171552658081055,46.25,7.4171552658081055
2019_03_NYG_TB,2019,3,False,False,-1.0,63.0,RECONSTRUCTED_STARTER_IDENTITY_NOT_AS_ISSUED_T60,MARKET_TOTAL_RESIDUAL_SHAPE_AT_PRIOR_256_GAME_LEAGUE_MEAN,00-0031503,00-0035710,-5.538317572892049,-50.09920634920635,4.301644221053684,3.460719108581543,6.084079772106256,4.142721176147461,5.0,3.9222755432128906,,,48.0,9.479655265808105,46.25,11.034342765808105
2019_03_HOU_LAC,2019,3,False,False,-7.0,47.0,RECONSTRUCTED_STARTER_IDENTITY_NOT_AS_ISSUED_T60,MARKET_TOTAL_RESIDUAL_SHAPE_AT_PRIOR_256_GAME_LEAGUE_MEAN,00-0022942,00-0033537,2.7184186882299954,0.0,5.403892826772125,6.896265983581543,5.512629574301326,7.511861801147461,3.0,5.826572418212891,,,49.0,3.1769208908081055,46.25,3.2023115158081055
2019_03_NO_SEA,2019,3,False,False,-6.0,60.0,RECONSTRUCTED_STARTER_IDENTITY_NOT_AS_ISSUED_T60,MARKET_TOTAL_RESIDUAL_SHAPE_AT_PRIOR_256_GAME_LEAGUE_MEAN,00-0029263,00-0031237,0.0,-7.421040206749163,2.130899372117319,4.599390983581543,2.4277409803872856,4.584127426147461,5.0,6.433994293212891,,,44.0,10.245280265808105,46.25,8.747233390808105
2019_03_PIT_SF,2019,3,False,False,4.0,44.0,RECONSTRUCTED_STARTER_IDENTITY_NOT_AS_ISSUED_T60,MARKET_TOTAL_RESIDUAL_SHAPE_AT_PRIOR_256_GAME_LEAGUE_MEAN,00-0031345,00-0034771,2.3662947287418135,-20.290071770334926,0.783650598823233,3.277125358581543,1.6899052587863026,3.082174301147461,6.0,2.9418067932128906,,,44.5,3.1456708908081055,46.25,3.1769208908081055
2019_03_LA_CLE,2019,3,False,False,-7.0,33.0,RECONSTRUCTED_STARTER_IDENTITY_NOT_AS_ISSUED_T60,MARKET_TOTAL_RESIDUAL_SHAPE_AT_PRIOR_256_GAME_LEAGUE_MEAN,00-0034855,00-0033106,0.09070837763907047,-0.6810040967490494,-4.643017015633022,2.915797233581543,-4.612148516657498,2.892721176147461,-4.0,3.1117286682128906,,,48.0,8.936686515808105,46.25,7.5265302658081055
2019_03_CHI_WAS,2019,3,False,False,-16.0,46.0,RECONSTRUCTED_STARTER_IDENTITY_NOT_AS_ISSUED_T60,MARKET_TOTAL_RESIDUAL_SHAPE_AT_PRIOR_256_GAME_LEAGUE_MEAN,00-0028986,00-0033869,37.221278442100925,16.489562914818244,-3.35373179338847,7.575953483581543,-2.524463172297162,7.511861801147461,-5.0,6.433994293212891,,,41.0,4.0284833908081055,46.25,3.1652021408081055
2019_04_PHI_GB,2019,4,False,False,-7.0,61.0,RECONSTRUCTED_STARTER_IDENTITY_NOT_AS_ISSUED_T60,MARKET_TOTAL_RESIDUAL_SHAPE_AT_PRIOR_256_GAME_LEAGUE_MEAN,00-0023459,00-0032950,10.213189331380757,-6.013781857394607,1.397533661435691,4.599390983581543,2.0466125089867058,5.076314926147461,3.5,6.433994293212891,,,46.0,9.479655265808105,46.359375,9.479655265808105
2019_04_CAR_HOU,2019,4,False,False,-6.0,26.0,RECONSTRUCTED_STARTER_IDENTITY_NOT_AS_ISSUED_T60,MARKET_TOTAL_RESIDUAL_SHAPE_AT_PRIOR_256_GAME_LEAGUE_MEAN,00-0033537,00-0034577,0.0,118.44051179793954,4.260514152099822,5.673609733581543,-0.4771063198177592,3.767721176147461,5.5,7.111728668212891,,,47.5,14.807780265808105,46.359375,13.024577140808105
2019_04_CLE_BAL,2019,4,False,False,-15.0,65.0,RECONSTRUCTED_STARTER_IDENTITY_NOT_AS_ISSUED_T60,MARKET_TOTAL_RESIDUAL_SHAPE_AT_PRIOR_256_GAME_LEAGUE_MEAN,00-0034796,00-0034855,-2.2039304914229563,0.28776556531064923,8.658197574822735,16.827906608581543,8.558529732553389,16.85170555114746,7.5,16.32657241821289,,,47.0,11.837077140808105,46.359375,12.653483390808105
2019_04_KC_DET,2019,4,False,False,-4.0,64.0,RECONSTRUCTED_STARTER_IDENTITY_NOT_AS_ISSUED_T60,MARKET_TOTAL_RESIDUAL_SHAPE_AT_PRIOR_256_GAME_LEAGUE_MEAN,00-0026498,00-0033873,1.8126034475798303,0.4444959802102577,-2.496062976841913,2.915797233581543,-2.44133867814713,2.892721176147461,-7.5,3.4320411682128906,,,54.5,5.7198896408081055,46.359375,11.837077140808105
2019_04_LAC_MIA,2019,4,False,False,-20.0,40.0,RECONSTRUCTED_STARTER_IDENTITY_NOT_AS_ISSUED_T60,MARKET_TOTAL_RESIDUAL_SHAPE_AT_PRIOR_256_GAME_LEAGUE_MEAN,00-0034343,00-0022942,-16.485507246376805,1.4104211983389403,-5.080799375611114,9.038844108581543,-5.796636513399744,8.226705551147461,-15.0,3.6000099182128906,,,43.5,3.4659833908081055,46.359375,4.0089521408081055
2019_04_NE_BUF,2019,4,False,False,-6.0,26.0,RECONSTRUCTED_STARTER_IDENTITY_NOT_AS_ISSUED_T60,MARKET_TOTAL_RESIDUAL_SHAPE_AT_PRIOR_256_GAME_LEAGUE_MEAN,00-0034857,00-0019596,-12.414021164021172,3.4275091901526222,-4.893884217711038,2.861109733581543,-5.527545431877989,2.849752426147461,-7.0,2.8871192932128906,,,41.5,9.696452140808105,46.359375,13.024577140808105
2019_04_OAK_IND,2019,4,False,False,-7.0,55.0,RECONSTRUCTED_STARTER_IDENTITY_NOT_AS_ISSUED_T60,MARKET_TOTAL_RESIDUAL_SHAPE_AT_PRIOR_256_GAME_LEAGUE_MEAN,00-0033119,00-0031280,-17.74620242362177,0.0,9.615197729716364,10.628687858581543,8.905349632771493,9.773580551147461,5.5,7.830478668212891,,,46.0,5.7198896408081055,46.359375,5.7198896408081055
2019_04_TEN_ATL,2019,4,False,False,-14.0,34.0,RECONSTRUCTED_STARTER_IDENTITY_NOT_AS_ISSUED_T60,MARKET_TOTAL_RESIDUAL_SHAPE_AT_PRIOR_256_GAME_LEAGUE_MEAN,00-0026143,00-0032268,-0.7303391644957191,13.491242038216566,2.525355404276588,10.628687858581543,1.9564921561680968,9.773580551147461,3.5,11.81094741821289,,,46.0,6.8937177658081055,46.359375,6.8937177658081055
2019_04_WAS_NYG,2019,4,False,False,21.0,27.0,RECONSTRUCTED_STARTER_IDENTITY_NOT_AS_ISSUED_T60,MARKET_TOTAL_RESIDUAL_SHAPE_AT_PRIOR_256_GAME_LEAGUE_MEAN,00-0035710,00-0035232,45.05167958656329,48.285800687068246,3.1319437024064247,12.273219108581543,3.0025788583862267,12.304830551147461,3.0,11.93790054321289,,,48.0,13.911295890808105,46.359375,12.163249015808105
2019_04_SEA_ARI,2019,4,False,False,-17.0,37.0,RECONSTRUCTED_STARTER_IDENTITY_NOT_AS_ISSUED_T60,MARKET_TOTAL_RESIDUAL_SHAPE_AT_PRIOR_256_GAME_LEAGUE_MEAN,00-0035228,00-0029263,8.054918937271882,0.0,-5.5963208062609375,6.263453483581543,-5.274124048770062,6.834127426147461,-5.5,6.433994293212891,,,49.0,6.8937177658081055,46.359375,5.2198896408081055
2019_04_TB_LA,2019,4,False,False,-15.0,95.0,RECONSTRUCTED_STARTER_IDENTITY_NOT_AS_ISSUED_T60,MARKET_TOTAL_RESIDUAL_SHAPE_AT_PRIOR_256_GAME_LEAGUE_MEAN,00-0033106,00-0031503,-0.6641973933385392,8.48930481283423,11.326367943388878,18.699000358581543,10.960227855141966,18.71889305114746,9.0,17.26211929321289,,,48.5,38.397624015808105,46.359375,41.391764640808105
2019_04_JAX_DEN,2019,4,False,False,-2.0,50.0,RECONSTRUCTED_STARTER_IDENTITY_NOT_AS_ISSUED_T60,MARKET_TOTAL_RESIDUAL_SHAPE_AT_PRIOR_256_GAME_LEAGUE_MEAN,00-0026158,00-0035289,13.028289441540043,78.21275707276334,0.3936083552310447,2.915797233581543,-2.2137703500178874,2.849752426147461,2.5,3.6000099182128906,,,37.0,8.057777404785156,46.359375,3.7277021408081055
2019_04_MIN_CHI,2019,4,False,False,10.0,22.0,RECONSTRUCTED_STARTER_IDENTITY_NOT_AS_ISSUED_T60,MARKET_TOTAL_RESIDUAL_SHAPE_AT_PRIOR_256_GAME_LEAGUE_MEAN,00-0026544,00-0029604,-10.10791782086795,0.0,3.769423127653772,4.286890983581543,3.365106414819054,4.756002426147461,-1.0,6.756259918212891,,,38.0,9.696450233459473,46.359375,16.645670890808105
2019_04_DAL_NO,2019,4,False,False,2.0,22.0,RECONSTRUCTED_STARTER_IDENTITY_NOT_AS_ISSUED_T60,MARKET_TOTAL_RESIDUAL_SHAPE_AT_PRIOR_256_GAME_LEAGUE_MEAN,00-0031237,00-0033077,14.187597621806836,0.0,3.6111703274203593,2.915797233581543,4.178674232292632,2.892721176147461,-2.5,3.7523536682128906,,,47.0,17.583170890808105,46.359375,16.645670890808105
2019_04_CIN_PIT,2019,4,False,False,24.0,30.0,RECONSTRUCTED_STARTER_IDENTITY_NOT_AS_ISSUED_T60,MARKET_TOTAL_RESIDUAL_SHAPE_AT_PRIOR_256_GAME_LEAGUE_MEAN,00-0034771,00-0027973,-9.289965986394556,13.78671125327131,8.303882423293853,10.611109733581543,7.380815333707219,11.470846176147461,3.5,13.64102554321289,,,45.5,9.696452140808105,46.359375,9.696452140808105
2019_05_LA_SEA,2019,5,False,False,1.0,59.0,RECONSTRUCTED_STARTER_IDENTITY_NOT_AS_ISSUED_T60,MARKET_TOTAL_RESIDUAL_SHAPE_AT_PRIOR_256_GAME_LEAGUE_MEAN,00-0029263,00-0033106,0.0,-0.2923459639197157,1.7920183034943784,2.861109733581543,1.803712142051167,2.836080551147461,1.5,2.8441505432128906,,,49.0,6.2569990158081055,45.78515625,8.057780265808105
2019_05_ARI_CIN,2019,5,False,False,-3.0,49.0,RECONSTRUCTED_STARTER_IDENTITY_NOT_AS_ISSUED_T60,MARKET_TOTAL_RESIDUAL_SHAPE_AT_PRIOR_256_GAME_LEAGUE_MEAN,00-0027973,00-0035228,13.557622739018083,8.21428571428573,3.841745824778727,4.152125358581543,4.055479305768022,4.142721176147461,3.0,3.9222755432128906,,,45.0,3.7277021408081055,45.78515625,3.4796552658081055
2019_05_ATL_HOU,2019,5,False,False,21.0,85.0,RECONSTRUCTED_STARTER_IDENTITY_NOT_AS_ISSUED_T60,MARKET_TOTAL_RESIDUAL_SHAPE_AT_PRIOR_256_GAME_LEAGUE_MEAN,00-0033537,00-0026143,3.243144624843408,-0.7008405615666513,4.30672671078627,11.429469108581543,4.4644861182426725,11.470846176147461,4.0,11.11172866821289,,,49.0,28.477702140808105,45.78515625,31.432780265808105
2019_05_BAL_PIT,2019,5,False,False,-3.0,49.0,RECONSTRUCTED_STARTER_IDENTITY_NOT_AS_ISSUED_T60,MARKET_TOTAL_RESIDUAL_SHAPE_AT_PRIOR_256_GAME_LEAGUE_MEAN,00-0034771,00-0034796,16.928735846708953,-2.1043406536756404,2.329594266498698,3.460719108581543,3.0909173265140812,3.767721176147461,-3.5,2.8871192932128906,,,44.0,4.0284833908081055,45.78515625,3.4796552658081055
2019_05_BUF_TEN,2019,5,False,False,-7.0,21.0,RECONSTRUCTED_STARTER_IDENTITY_NOT_AS_ISSUED_T60,MARKET_TOTAL_RESIDUAL_SHAPE_AT_PRIOR_256_GAME_LEAGUE_MEAN,00-0032268,00-0034857,-2.2386891858995783,1.3591745382771636,5.009167551947612,6.896265983581543,4.865253002980543,6.834127426147461,3.5,6.433994293212891,,,39.5,12.163249015808105,45.78515625,17.583170890808105
2019_05_CHI_OAK,2019,5,False,False,3.0,45.0,RECONSTRUCTED_STARTER_IDENTITY_NOT_AS_ISSUED_T60,MARKET_TOTAL_RESIDUAL_SHAPE_AT_PRIOR_256_GAME_LEAGUE_MEAN,00-0031280,00-0026544,0.0,-1.162223514623939,-6.756048826879205,6.366969108581543,-6.709559886294247,6.414205551147461,-6.5,6.139072418212891,,,39.5,4.0284833908081055,45.78515625,3.1456708908081055
2019_05_JAX_CAR,2019,5,False,False,7.0,61.0,RECONSTRUCTED_STARTER_IDENTITY_NOT_AS_ISSUED_T60,MARKET_TOTAL_RESIDUAL_SHAPE_AT_PRIOR_256_GAME_LEAGUE_MEAN,00-0034577,00-0035289,76.46709983498347,58.38867487533381,4.847967571544887,3.066187858581543,5.571104569930872,2.931783676147461,3.0,3.4320411682128906,,,41.0,13.493327140808105,45.78515625,9.479655265808105
2019_05_MIN_NYG,2019,5,False,False,-18.0,38.0,RECONSTRUCTED_STARTER_IDENTITY_NOT_AS_ISSUED_T60,MARKET_TOTAL_RESIDUAL_SHAPE_AT_PRIOR_256_GAME_LEAGUE_MEAN,00-0035710,00-0029604,21.16892610313663,0.0,-1.7132722086367813,9.818140983581543,-0.8665151645113159,10.589986801147461,-5.5,7.111728668212891,,,44.0,4.0089521408081055,45.78515625,4.7609052658081055
2019_05_NE_WAS,2019,5,False,False,-26.0,40.0,RECONSTRUCTED_STARTER_IDENTITY_NOT_AS_ISSUED_T60,MARKET_TOTAL_RESIDUAL_SHAPE_AT_PRIOR_256_GAME_LEAGUE_MEAN,00-0027688,00-0019596,48.86635944700461,3.209818861414604,-10.350759654871199,9.818140983581543,-8.5244980314476,10.589986801147461,-15.5,5.826572418212891,,,42.0,3.1769208908081055,45.78515625,4.0089521408081055
2019_05_NYJ_PHI,2019,5,False,False,25.0,37.0,RECONSTRUCTED_STARTER_IDENTITY_NOT_AS_ISSUED_T60,MARKET_TOTAL_RESIDUAL_SHAPE_AT_PRIOR_256_GAME_LEAGUE_MEAN,00-0032950,00-0034412,-6.8562461295952115,-18.90130353817504,11.960473551988235,8.335719108581543,12.442275848331429,8.388814926147461,14.0,6.756259918212891,,,43.0,4.0089521408081055,45.78515625,5.2198896408081055
2019_05_TB_NO,2019,5,False,False,7.0,55.0,RECONSTRUCTED_STARTER_IDENTITY_NOT_AS_ISSUED_T60,MARKET_TOTAL_RESIDUAL_SHAPE_AT_PRIOR_256_GAME_LEAGUE_MEAN,00-0031237,00-0031503,-8.867111903768077,0.0,8.211575347181988,2.861109733581543,7.856890871031265,2.836080551147461,3.0,3.4320411682128906,,,46.0,5.7198896408081055,45.78515625,5.7198896408081055
2019_05_DEN_LAC,2019,5,False,False,-7.0,33.0,RECONSTRUCTED_STARTER_IDENTITY_NOT_AS_ISSUED_T60,MARKET_TOTAL_RESIDUAL_SHAPE_AT_PRIOR_256_GAME_LEAGUE_MEAN,00-0022942,00-0026158,1.3879799301919737,11.571520751914477,9.684845442712676,10.628687858581543,9.277503809843775,9.773580551147461,4.0,6.433994293212891,,,46.0,7.5265302658081055,45.78515625,7.5265302658081055
2019_05_GB_DAL,2019,5,False,False,-10.0,58.0,RECONSTRUCTED_STARTER_IDENTITY_NOT_AS_ISSUED_T60,MARKET_TOTAL_RESIDUAL_SHAPE_AT_PRIOR_256_GAME_LEAGUE_MEAN,00-0033077,00-0023459,0.0,9.397581091893903,5.976687899255967,9.818140983581543,5.6007846555802105,9.773580551147461,3.5,8.58047866821289,,,46.5,6.8194990158081055,45.78515625,7.4171552658081055
2019_05_IND_KC,2019,5,False,False,-6.0,32.0,RECONSTRUCTED_STARTER_IDENTITY_NOT_AS_ISSUED_T60,MARKET_TOTAL_RESIDUAL_SHAPE_AT_PRIOR_256_GAME_LEAGUE_MEAN,00-0033873,00-0033119,0.3794191919192169,-22.334010840108398,7.898702534584727,8.290797233581543,8.807239735865831,8.986471176147461,10.5,10.96719741821289,,,55.5,16.645670890808105,45.78515625,8.212077140808105
2019_05_CLE_SF,2019,5,False,False,28.0,34.0,RECONSTRUCTED_STARTER_IDENTITY_NOT_AS_ISSUED_T60,MARKET_TOTAL_RESIDUAL_SHAPE_AT_PRIOR_256_GAME_LEAGUE_MEAN,00-0031345,00-0034855,17.067348247123526,-2.8898811865607055,3.407880245626484,18.542750358581543,4.206169422973853,17.63295555114746,5.0,16.32852554321289,,,47.5,8.212077140808105,45.78515625,6.8937177658081055
2019_06_NYG_NE,2019,6,False,False,21.0,49.0,RECONSTRUCTED_STARTER_IDENTITY_NOT_AS_ISSUED_T60,MARKET_TOTAL_RESIDUAL_SHAPE_AT_PRIOR_256_GAME_LEAGUE_MEAN,00-0019596,00-0035710,3.602847690267552,-5.11554309502571,14.60779190342081,4.286890983581543,14.956527534832542,4.298971176147461,16.5,3.4320411682128906,,,43.0,4.3800458908081055,45.734375,3.4796552658081055
2019_06_CAR_TB,2019,6,False,False,-11.0,63.0,RECONSTRUCTED_STARTER_IDENTITY_NOT_AS_ISSUED_T60,MARKET_TOTAL_RESIDUAL_SHAPE_AT_PRIOR_256_GAME_LEAGUE_MEAN,00-0031503,00-0034577,0.0,61.84165526675787,-2.7002253207078777,4.599390983581543,-5.173891531378192,3.767721176147461,-2.0,5.264072418212891,,,48.5,8.747233390808105,45.734375,11.034342765808105
2019_06_CIN_BAL,2019,6,False,False,6.0,40.0,RECONSTRUCTED_STARTER_IDENTITY_NOT_AS_ISSUED_T60,MARKET_TOTAL_RESIDUAL_SHAPE_AT_PRIOR_256_GAME_LEAGUE_MEAN,00-0034796,00-0027973,-1.8263796746768923,12.296837348320722,11.068156865826769,3.460719108581543,10.503228184906863,3.455221176147461,10.5,3.6000099182128906,,,47.0,4.3624677658081055,45.734375,4.0089521408081055
2019_06_HOU_KC,2019,6,False,False,-7.0,55.0,RECONSTRUCTED_STARTER_IDENTITY_NOT_AS_ISSUED_T60,MARKET_TOTAL_RESIDUAL_SHAPE_AT_PRIOR_256_GAME_LEAGUE_MEAN,00-0033873,00-0033537,0.44544970010997886,3.3120857038467566,6.386545761022626,7.575953483581543,6.271880320873155,7.511861801147461,3.5,6.433994293212891,,,54.5,3.1652021408081055,45.734375,5.7198896408081055
2019_06_NO_JAX,2019,6,False,False,-7.0,19.0,RECONSTRUCTED_STARTER_IDENTITY_NOT_AS_ISSUED_T60,MARKET_TOTAL_RESIDUAL_SHAPE_AT_PRIOR_256_GAME_LEAGUE_MEAN,00-0035289,00-0031237,48.91823557510171,-23.703353802550776,-4.3216177731100744,3.031031608581543,-1.4167541980039748,3.767721176147461,2.5,5.826572418212891,,,42.5,16.645670890808105,45.734375,19.503092765808105
2019_06_PHI_MIN,2019,6,False,False,18.0,58.0,RECONSTRUCTED_STARTER_IDENTITY_NOT_AS_ISSUED_T60,MARKET_TOTAL_RESIDUAL_SHAPE_AT_PRIOR_256_GAME_LEAGUE_MEAN,00-0029604,00-0032950,0.0,-6.687083045778697,1.7793635484987227,10.611109733581543,2.046846870329871,10.658346176147461,3.5,8.80508804321289,,,44.0,8.747233390808105,45.734375,7.4171552658081055
2019_06_SEA_CLE,2019,6,False,False,-4.0,60.0,RECONSTRUCTED_STARTER_IDENTITY_NOT_AS_ISSUED_T60,MARKET_TOTAL_RESIDUAL_SHAPE_AT_PRIOR_256_GAME_LEAGUE_MEAN,00-0034855,00-0029263,-3.6238262910798236,0.0,-2.0887164758851484,2.915797233581543,-2.2336695275283414,2.892721176147461,1.0,3.6000099182128906,,,45.5,8.747233390808105,45.734375,8.747233390808105
2019_06_WAS_MIA,2019,6,False,False,-1.0,33.0,RECONSTRUCTED_STARTER_IDENTITY_NOT_AS_ISSUED_T60,MARKET_TOTAL_RESIDUAL_SHAPE_AT_PRIOR_256_GAME_LEAGUE_MEAN,00-0034343,00-0028986,-20.233215547703175,40.880070299863135,1.9321847352661643,3.031031608581543,-0.5123466986364881,2.849752426147461,-6.0,3.7523536682128906,,,42.0,5.2198896408081055,45.734375,7.5265302658081055
2019_06_ATL_ARI,2019,6,False,False,1.0,67.0,RECONSTRUCTED_STARTER_IDENTITY_NOT_AS_ISSUED_T60,MARKET_TOTAL_RESIDUAL_SHAPE_AT_PRIOR_256_GAME_LEAGUE_MEAN,00-0035228,00-0026143,11.38371381089829,-0.7009666729623554,-1.3679583302851188,3.066187858581543,-0.884571110930693,3.082174301147461,-3.0,3.4320411682128906,,,52.5,8.747233390808105,45.734375,14.348795890808105
2019_06_SF_LA,2019,6,False,False,-13.0,27.0,RECONSTRUCTED_STARTER_IDENTITY_NOT_AS_ISSUED_T60,MARKET_TOTAL_RESIDUAL_SHAPE_AT_PRIOR_256_GAME_LEAGUE_MEAN,00-0033106,00-0031345,-0.5978361887182038,7.374532718443216,4.84515098457382,11.464625358581543,4.526256228287363,11.441549301147461,3.0,10.15274429321289,,,49.5,15.721842765808105,45.734375,12.163249015808105
2019_06_DAL_NYJ,2019,6,False,False,2.0,46.0,RECONSTRUCTED_STARTER_IDENTITY_NOT_AS_ISSUED_T60,MARKET_TOTAL_RESIDUAL_SHAPE_AT_PRIOR_256_GAME_LEAGUE_MEAN,00-0034869,00-0033077,19.548359116373824,0.0,-5.9768027533358055,5.236109733581543,-5.194868388680852,4.756002426147461,-7.0,5.574619293212891,,,43.5,3.3058271408081055,45.734375,3.1652021408081055
2019_06_TEN_DEN,2019,6,False,False,16.0,16.0,RECONSTRUCTED_STARTER_IDENTITY_NOT_AS_ISSUED_T60,MARKET_TOTAL_RESIDUAL_SHAPE_AT_PRIOR_256_GAME_LEAGUE_MEAN,00-0026158,00-0032268,6.218432283577613,14.45439693538393,-0.6152180169548683,11.429469108581543,-0.944656603027121,11.470846176147461,1.0,9.55118179321289,,,41.0,17.583170890808105,45.734375,22.421061515808105
2019_06_PIT_LAC,2019,6,False,False,-7.0,41.0,RECONSTRUCTED_STARTER_IDENTITY_NOT_AS_ISSUED_T60,MARKET_TOTAL_RESIDUAL_SHAPE_AT_PRIOR_256_GAME_LEAGUE_MEAN,00-0022942,00-0035577,1.2645391533697037,34.83825597749648,3.147393302141727,5.673609733581543,1.8044446291766556,5.076314926147461,6.0,7.830478668212891,,,42.5,3.1769208908081055,45.734375,3.7062177658081055
2019_06_DET_GB,2019,6,False,False,1.0,45.0,RECONSTRUCTED_STARTER_IDENTITY_NOT_AS_ISSUED_T60,MARKET_TOTAL_RESIDUAL_SHAPE_AT_PRIOR_256_GAME_LEAGUE_MEAN,00-0023459,00-0026498,9.299757413374854,2.0556295668321845,3.502534190931601,3.031031608581543,3.792299304793308,3.021627426147461,3.5,3.1117286682128906,,,47.0,3.1769208908081055,45.734375,3.1456708908081055
2019_07_KC_DEN,2019,7,False,False,-24.0,36.0,RECONSTRUCTED_STARTER_IDENTITY_NOT_AS_ISSUED_T60,MARKET_TOTAL_RESIDUAL_SHAPE_AT_PRIOR_256_GAME_LEAGUE_MEAN,00-0026158,00-0025708,12.94088287488908,-75.47380959242287,-2.939983566987703,14.081812858581543,0.5966041317047751,17.78334617614746,-3.0,14.47305679321289,,,49.5,8.212077140808105,45.46875,5.2198896408081055
2019_07_ARI_NYG,2019,7,False,False,-6.0,48.0,RECONSTRUCTED_STARTER_IDENTITY_NOT_AS_ISSUED_T60,MARKET_TOTAL_RESIDUAL_SHAPE_AT_PRIOR_256_GAME_LEAGUE_MEAN,00-0035710,00-0035228,-19.870748299319718,19.052357413402543,4.045307788678901,5.673609733581543,2.488383560170011,4.584127426147461,3.5,5.826572418212891,,,49.5,3.1769208908081055,45.46875,3.4796552658081055
2019_07_HOU_IND,2019,7,False,False,7.0,53.0,RECONSTRUCTED_STARTER_IDENTITY_NOT_AS_ISSUED_T60,MARKET_TOTAL_RESIDUAL_SHAPE_AT_PRIOR_256_GAME_LEAGUE_MEAN,00-0033119,00-0033537,-14.082139898212809,3.315791199422913,2.395135081671151,3.898219108581543,1.6992178377657223,3.894674301147461,1.5,3.7523536682128906,,,46.5,4.3800458908081055,45.46875,5.2335615158081055
2019_07_JAX_CIN,2019,7,False,False,-10.0,44.0,RECONSTRUCTED_STARTER_IDENTITY_NOT_AS_ISSUED_T60,MARKET_TOTAL_RESIDUAL_SHAPE_AT_PRIOR_256_GAME_LEAGUE_MEAN,00-0027973,00-0035289,13.060686015831147,37.07776823320772,-1.4995419877775475,5.116969108581543,-2.4602252764726105,4.584127426147461,-4.0,3.9222755432128906,,,44.5,3.1456708908081055,45.46875,3.1456708908081055
2019_07_LA_ATL,2019,7,False,False,-27.0,47.0,RECONSTRUCTED_STARTER_IDENTITY_NOT_AS_ISSUED_T60,MARKET_TOTAL_RESIDUAL_SHAPE_AT_PRIOR_256_GAME_LEAGUE_MEAN,00-0026143,00-0033106,-1.0421820540730709,-0.7069889914660177,-1.6240453885897113,17.761500358581543,-1.6374531110939936,17.78334617614746,-3.0,17.26211929321289,,,54.5,4.7609052658081055,45.46875,3.3058271408081055
2019_07_MIA_BUF,2019,7,False,False,10.0,52.0,RECONSTRUCTED_STARTER_IDENTITY_NOT_AS_ISSUED_T60,MARKET_TOTAL_RESIDUAL_SHAPE_AT_PRIOR_256_GAME_LEAGUE_MEAN,00-0034857,00-0023682,1.0522218229728209,49.21910462256284,9.692320503084884,2.866969108581543,7.765645191101283,3.082174301147461,17.0,4.307041168212891,,,42.5,5.7198896408081055,45.46875,4.7823896408081055
2019_07_MIN_DET,2019,7,False,False,-12.0,72.0,RECONSTRUCTED_STARTER_IDENTITY_NOT_AS_ISSUED_T60,MARKET_TOTAL_RESIDUAL_SHAPE_AT_PRIOR_256_GAME_LEAGUE_MEAN,00-0026498,00-0029604,2.500415420405444,0.0,-0.654360910621981,6.263453483581543,-0.5543442938057632,6.207174301147461,-2.5,5.264072418212891,,,43.5,20.725749015808105,45.46875,19.784342765808105
2019_07_OAK_GB,2019,7,False,False,18.0,66.0,RECONSTRUCTED_STARTER_IDENTITY_NOT_AS_ISSUED_T60,MARKET_TOTAL_RESIDUAL_SHAPE_AT_PRIOR_256_GAME_LEAGUE_MEAN,00-0023459,00-0031280,10.094186268885075,0.0,6.033394656784995,7.642359733581543,6.437162107540397,7.691549301147461,5.5,7.414463043212891,,,48.0,11.837077140808105,45.46875,14.348795890808105
2019_07_SF_WAS,2019,7,False,False,-9.0,9.0,RECONSTRUCTED_STARTER_IDENTITY_NOT_AS_ISSUED_T60,MARKET_TOTAL_RESIDUAL_SHAPE_AT_PRIOR_256_GAME_LEAGUE_MEAN,00-0028986,00-0031345,31.79440084599545,-7.017245754263857,-5.5236211163216105,3.031031608581543,-3.971155252311238,3.455221176147461,-10.0,2.8871192932128906,,,39.0,22.42106056213379,45.46875,28.383952140808105
2019_07_LAC_TEN,2019,7,False,False,3.0,43.0,RECONSTRUCTED_STARTER_IDENTITY_NOT_AS_ISSUED_T60,MARKET_TOTAL_RESIDUAL_SHAPE_AT_PRIOR_256_GAME_LEAGUE_MEAN,00-0029701,00-0022942,-8.198051948051944,1.2634357035451238,1.5886372024306912,2.927515983581543,1.2101776963668085,3.082174301147461,3.0,2.8363380432128906,,,42.5,3.1652021408081055,45.46875,3.1769208908081055
2019_07_BAL_SEA,2019,7,False,False,-14.0,46.0,RECONSTRUCTED_STARTER_IDENTITY_NOT_AS_ISSUED_T60,MARKET_TOTAL_RESIDUAL_SHAPE_AT_PRIOR_256_GAME_LEAGUE_MEAN,00-0029263,00-0034796,0.0,-2.756029623495526,3.703842778064245,11.464625358581543,3.814083963004066,11.441549301147461,3.0,10.96719741821289,,,49.0,3.2941083908081055,45.46875,3.2023115158081055
2019_07_NO_CHI,2019,7,False,False,-11.0,61.0,RECONSTRUCTED_STARTER_IDENTITY_NOT_AS_ISSUED_T60,MARKET_TOTAL_RESIDUAL_SHAPE_AT_PRIOR_256_GAME_LEAGUE_MEAN,00-0033869,00-0031237,-6.731533526372568,-27.855148518182116,-0.1021816495901112,6.263453483581543,0.7427629500822707,6.834127426147461,4.0,9.35977554321289,,,37.0,17.008949279785156,45.46875,10.245280265808105
2019_07_PHI_DAL,2019,7,False,False,27.0,47.0,RECONSTRUCTED_STARTER_IDENTITY_NOT_AS_ISSUED_T60,MARKET_TOTAL_RESIDUAL_SHAPE_AT_PRIOR_256_GAME_LEAGUE_MEAN,00-0033077,00-0032950,0.0,-4.780219780219763,1.4649386609511656,19.478297233581543,1.6561474521599564,18.56459617614746,3.0,17.24649429321289,,,50.0,3.2941083908081055,45.46875,3.3058271408081055
2019_07_NE_NYJ,2019,7,False,False,-33.0,33.0,RECONSTRUCTED_STARTER_IDENTITY_NOT_AS_ISSUED_T60,MARKET_TOTAL_RESIDUAL_SHAPE_AT_PRIOR_256_GAME_LEAGUE_MEAN,00-0034869,00-0019596,13.482205778717393,3.084108662122498,-11.871757249753363,14.081812858581543,-11.455833365089568,15.004049301147461,-9.5,16.32657241821289,,,43.0,5.7316083908081055,45.46875,6.8937177658081055
2019_08_WAS_MIN,2019,8,False,False,10.0,28.0,RECONSTRUCTED_STARTER_IDENTITY_NOT_AS_ISSUED_T60,MARKET_TOTAL_RESIDUAL_SHAPE_AT_PRIOR_256_GAME_LEAGUE_MEAN,00-0029604,00-0028986,0.0,23.634463759855606,12.946010274507135,3.031031608581543,12.000631724112909,2.892721176147461,16.5,4.307041168212891,,,42.0,8.212077140808105,45.390625,10.495280265808105
2019_08_ARI_NO,2019,8,False,False,22.0,40.0,RECONSTRUCTED_STARTER_IDENTITY_NOT_AS_ISSUED_T60,MARKET_TOTAL_RESIDUAL_SHAPE_AT_PRIOR_256_GAME_LEAGUE_MEAN,00-0020531,00-0035228,11.557963641296976,13.976507092198576,13.894185914860428,5.236109733581543,13.797444176824364,5.267721176147461,12.5,5.574619293212891,,,47.5,4.7609052658081055,45.390625,3.7062177658081055
2019_08_CIN_LA,2019,8,False,False,14.0,34.0,RECONSTRUCTED_STARTER_IDENTITY_NOT_AS_ISSUED_T60,MARKET_TOTAL_RESIDUAL_SHAPE_AT_PRIOR_256_GAME_LEAGUE_MEAN,00-0033106,00-0027973,-1.4289336424224919,6.033806059971747,10.345177373882562,3.560328483581543,10.046667785786793,3.560689926147461,12.0,3.0101661682128906,,,48.5,8.936686515808105,45.390625,6.2902021408081055
2019_08_DEN_IND,2019,8,False,False,2.0,28.0,RECONSTRUCTED_STARTER_IDENTITY_NOT_AS_ISSUED_T60,MARKET_TOTAL_RESIDUAL_SHAPE_AT_PRIOR_256_GAME_LEAGUE_MEAN,00-0033119,00-0026158,-6.797651309846442,9.58273623005561,8.370865332364637,3.767359733581543,7.715649830768556,3.767721176147461,6.0,3.3265724182128906,,,41.0,7.5265302658081055,45.390625,10.495280265808105
2019_08_LAC_CHI,2019,8,False,False,-1.0,33.0,RECONSTRUCTED_STARTER_IDENTITY_NOT_AS_ISSUED_T60,MARKET_TOTAL_RESIDUAL_SHAPE_AT_PRIOR_256_GAME_LEAGUE_MEAN,00-0033869,00-0022942,-12.647593097184394,1.3698523115769357,4.928335254727617,3.767359733581543,4.367637438377164,3.455221176147461,3.5,3.6000099182128906,,,41.0,4.7609052658081055,45.390625,6.8937177658081055
2019_08_NYG_DET,2019,8,False,False,5.0,57.0,RECONSTRUCTED_STARTER_IDENTITY_NOT_AS_ISSUED_T60,MARKET_TOTAL_RESIDUAL_SHAPE_AT_PRIOR_256_GAME_LEAGUE_MEAN,00-0026498,00-0035710,2.316607634789447,-20.302649378493577,7.000781666696394,2.915797233581543,7.905551947227715,3.021627426147461,6.5,2.9418067932128906,,,49.0,5.2335615158081055,45.390625,7.4171552658081055
2019_08_NYJ_JAX,2019,8,False,False,14.0,44.0,RECONSTRUCTED_STARTER_IDENTITY_NOT_AS_ISSUED_T60,MARKET_TOTAL_RESIDUAL_SHAPE_AT_PRIOR_256_GAME_LEAGUE_MEAN,00-0035289,00-0034869,31.09442272479832,1.5983835005574099,7.705803410113349,4.286890983581543,8.885644979082986,3.894674301147461,7.0,4.547275543212891,,,39.5,3.7277021408081055,45.390625,3.1456708908081055
2019_08_PHI_BUF,2019,8,False,False,-18.0,44.0,RECONSTRUCTED_STARTER_IDENTITY_NOT_AS_ISSUED_T60,MARKET_TOTAL_RESIDUAL_SHAPE_AT_PRIOR_256_GAME_LEAGUE_MEAN,00-0034857,00-0032950,1.4294262349577869,22.357774631591766,2.2537708303744783,13.193140983581543,1.4166368945091192,12.306783676147461,1.0,12.68008804321289,,,39.5,3.7277021408081055,45.390625,3.1456708908081055
2019_08_SEA_ATL,2019,8,False,False,-7.0,47.0,RECONSTRUCTED_STARTER_IDENTITY_NOT_AS_ISSUED_T60,MARKET_TOTAL_RESIDUAL_SHAPE_AT_PRIOR_256_GAME_LEAGUE_MEAN,00-0022787,00-0029263,-76.19772225992534,0.0,-3.047651245547231,3.212672233581543,-6.095560135944245,2.836080551147461,-7.5,2.8871192932128906,,,48.5,3.1769208908081055,45.390625,3.3058271408081055
2019_08_TB_TEN,2019,8,False,False,4.0,50.0,RECONSTRUCTED_STARTER_IDENTITY_NOT_AS_ISSUED_T60,MARKET_TOTAL_RESIDUAL_SHAPE_AT_PRIOR_256_GAME_LEAGUE_MEAN,00-0029701,00-0031503,-27.430555555555557,0.0,4.197177561865665,2.866969108581543,3.0999553396434423,2.931783676147461,2.0,3.0101661682128906,,,45.5,3.7277021408081055,45.390625,4.0284833908081055
2019_08_CAR_SF,2019,8,False,False,38.0,64.0,RECONSTRUCTED_STARTER_IDENTITY_NOT_AS_ISSUED_T60,MARKET_TOTAL_RESIDUAL_SHAPE_AT_PRIOR_256_GAME_LEAGUE_MEAN,00-0031345,00-0034577,-6.570178986752961,48.05842163970997,3.4954465791485565,28.163844108581543,1.310302554090039,30.16811180114746,4.5,25.84024429321289,,,41.0,16.106608390808105,45.390625,12.653483390808105
2019_08_CLE_NE,2019,8,False,False,14.0,40.0,RECONSTRUCTED_STARTER_IDENTITY_NOT_AS_ISSUED_T60,MARKET_TOTAL_RESIDUAL_SHAPE_AT_PRIOR_256_GAME_LEAGUE_MEAN,00-0019596,00-0034855,2.842961086399387,-3.797573373480323,13.389099164104245,2.927515983581543,13.654720542499433,2.849752426147461,9.5,3.4320411682128906,,,43.0,3.2941083908081055,45.390625,3.7062177658081055
2019_08_OAK_HOU,2019,8,False,False,3.0,51.0,RECONSTRUCTED_STARTER_IDENTITY_NOT_AS_ISSUED_T60,MARKET_TOTAL_RESIDUAL_SHAPE_AT_PRIOR_256_GAME_LEAGUE_MEAN,00-0033537,00-0031280,3.2778574288629736,-2.68618290936371,7.23668742200236,3.212672233581543,7.475249035531427,3.209127426147461,5.0,2.9418067932128906,,,52.0,3.1456708908081055,45.390625,4.3800458908081055
2019_08_GB_KC,2019,8,False,False,-7.0,55.0,RECONSTRUCTED_STARTER_IDENTITY_NOT_AS_ISSUED_T60,MARKET_TOTAL_RESIDUAL_SHAPE_AT_PRIOR_256_GAME_LEAGUE_MEAN,00-0025708,00-0023459,-75.25707961295625,12.266612019724942,5.379765792898898,6.896265983581543,1.8788181275916498,5.076314926147461,-5.0,2.9418067932128906,,,48.0,4.7823896408081055,45.390625,6.2569990158081055
2019_08_MIA_PIT,2019,8,False,False,13.0,41.0,RECONSTRUCTED_STARTER_IDENTITY_NOT_AS_ISSUED_T60,MARKET_TOTAL_RESIDUAL_SHAPE_AT_PRIOR_256_GAME_LEAGUE_MEAN,00-0034771,00-0023682,18.805353001983626,46.44800616875965,11.452797100616516,3.066187858581543,10.347090973945477,3.287252426147461,14.0,2.8441505432128906,,,44.0,3.2941083908081055,45.390625,3.4659833908081055
2019_09_SF_ARI,2019,9,False,False,-3.0,53.0,RECONSTRUCTED_STARTER_IDENTITY_NOT_AS_ISSUED_T60,MARKET_TOTAL_RESIDUAL_SHAPE_AT_PRIOR_256_GAME_LEAGUE_MEAN,00-0035228,00-0031345,7.708582119258023,-3.7085017631375283,-6.524375153223282,3.560328483581543,-6.067691797927461,3.287252426147461,-10.5,5.035556793212891,,,43.5,5.7198896408081055,45.09765625,5.2335615158081055
2019_09_HOU_JAX,2019,9,False,False,-23.0,29.0,RECONSTRUCTED_STARTER_IDENTITY_NOT_AS_ISSUED_T60,MARKET_TOTAL_RESIDUAL_SHAPE_AT_PRIOR_256_GAME_LEAGUE_MEAN,00-0035289,00-0033537,17.98120581344722,3.291697113628067,-3.2309766728412797,13.193140983581543,-2.6433963248485135,13.195455551147461,1.0,17.26211929321289,,,46.0,10.495280265808105,45.09765625,9.696452140808105
2019_09_CHI_PHI,2019,9,False,False,8.0,36.0,RECONSTRUCTED_STARTER_IDENTITY_NOT_AS_ISSUED_T60,MARKET_TOTAL_RESIDUAL_SHAPE_AT_PRIOR_256_GAME_LEAGUE_MEAN,00-0032950,00-0033869,20.88839476474591,8.500509501621845,3.385398542023677,3.898219108581543,3.880913952548639,3.560689926147461,5.0,3.1859474182128906,,,41.0,3.7062177658081055,45.09765625,5.2198896408081055
2019_09_IND_PIT,2019,9,False,False,2.0,50.0,RECONSTRUCTED_STARTER_IDENTITY_NOT_AS_ISSUED_T60,MARKET_TOTAL_RESIDUAL_SHAPE_AT_PRIOR_256_GAME_LEAGUE_MEAN,00-0034771,00-0026625,16.83323268921093,-51.592014971927625,1.3367903669432781,2.927515983581543,4.07380027338882,2.892721176147461,1.0,2.8871192932128906,,,39.5,6.2569990158081055,45.09765625,4.0284833908081055
2019_09_MIN_KC,2019,9,False,False,3.0,49.0,RECONSTRUCTED_STARTER_IDENTITY_NOT_AS_ISSUED_T60,MARKET_TOTAL_RESIDUAL_SHAPE_AT_PRIOR_256_GAME_LEAGUE_MEAN,00-0025708,00-0029604,-75.69727977952437,0.0,1.6733756180338606,2.927515983581543,-1.3545155731471141,3.560689926147461,-5.5,5.574619293212891,,,46.0,3.4796552658081055,45.09765625,3.7277021408081055
2019_09_NYJ_MIA,2019,9,False,False,8.0,44.0,RECONSTRUCTED_STARTER_IDENTITY_NOT_AS_ISSUED_T60,MARKET_TOTAL_RESIDUAL_SHAPE_AT_PRIOR_256_GAME_LEAGUE_MEAN,00-0023682,00-0034869,56.320413820413826,12.390850194826541,2.262223929880374,4.286890983581543,4.019406474903866,3.560689926147461,-3.5,7.414463043212891,,,42.5,3.2023115158081055,45.09765625,3.1456708908081055
2019_09_TEN_CAR,2019,9,False,False,10.0,50.0,RECONSTRUCTED_STARTER_IDENTITY_NOT_AS_ISSUED_T60,MARKET_TOTAL_RESIDUAL_SHAPE_AT_PRIOR_256_GAME_LEAGUE_MEAN,00-0034577,00-0029701,20.93763724198505,-21.267549573020705,3.765120151095798,4.286890983581543,5.453327623696029,3.894674301147461,3.5,4.119541168212891,,,43.0,4.7823896408081055,45.09765625,4.0284833908081055
2019_09_WAS_BUF,2019,9,False,False,15.0,33.0,RECONSTRUCTED_STARTER_IDENTITY_NOT_AS_ISSUED_T60,MARKET_TOTAL_RESIDUAL_SHAPE_AT_PRIOR_256_GAME_LEAGUE_MEAN,00-0034857,00-0035232,1.4210213079850487,-176.43622200584227,8.083315971037782,4.736109733581543,15.197605703590876,2.849752426147461,10.5,3.4320411682128906,,,37.0,3.4659805297851562,45.09765625,6.8937177658081055
2019_09_DET_OAK,2019,9,False,False,7.0,55.0,RECONSTRUCTED_STARTER_IDENTITY_NOT_AS_ISSUED_T60,MARKET_TOTAL_RESIDUAL_SHAPE_AT_PRIOR_256_GAME_LEAGUE_MEAN,00-0031280,00-0026498,-2.7120870870870784,2.5981583793738494,0.16716565518906465,4.736109733581543,-0.045244163469372475,4.756002426147461,2.5,3.4320411682128906,,,51.5,3.4796552658081055,45.09765625,6.2569990158081055
2019_09_TB_SEA,2019,9,False,False,6.0,74.0,RECONSTRUCTED_STARTER_IDENTITY_NOT_AS_ISSUED_T60,MARKET_TOTAL_RESIDUAL_SHAPE_AT_PRIOR_256_GAME_LEAGUE_MEAN,00-0029263,00-0031503,0.0,0.0,7.808971623268589,2.915797233581543,7.808971623268589,2.892721176147461,4.0,3.0101661682128906,,,51.0,16.106608390808105,45.09765625,21.678874015808105
2019_09_CLE_DEN,2019,9,False,False,5.0,43.0,RECONSTRUCTED_STARTER_IDENTITY_NOT_AS_ISSUED_T60,MARKET_TOTAL_RESIDUAL_SHAPE_AT_PRIOR_256_GAME_LEAGUE_MEAN,00-0032434,00-0034855,29.372248716067496,-4.224783383147668,2.1397654009245253,3.277125358581543,3.4836466848931322,3.082174301147461,-4.0,5.574619293212891,,,39.0,3.727701187133789,45.09765625,3.1769208908081055
2019_09_GB_LAC,2019,9,False,False,15.0,37.0,RECONSTRUCTED_STARTER_IDENTITY_NOT_AS_ISSUED_T60,MARKET_TOTAL_RESIDUAL_SHAPE_AT_PRIOR_256_GAME_LEAGUE_MEAN,00-0022942,00-0023459,-0.02782338989235633,13.752129762148147,-0.605068016527066,10.611109733581543,-1.1562661426086862,10.658346176147461,-4.0,12.78555679321289,,,50.0,7.5265302658081055,45.09765625,4.7609052658081055
2019_09_NE_BAL,2019,9,False,False,17.0,57.0,RECONSTRUCTED_STARTER_IDENTITY_NOT_AS_ISSUED_T60,MARKET_TOTAL_RESIDUAL_SHAPE_AT_PRIOR_256_GAME_LEAGUE_MEAN,00-0034796,00-0019596,-2.7627200385821116,2.832649118570396,-2.3478814580416927,13.134547233581543,-2.571696224327793,14.029439926147461,-3.0,13.64102554321289,,,44.5,7.4171552658081055,45.09765625,7.4171552658081055
2019_09_DAL_NYG,2019,9,False,False,-19.0,55.0,RECONSTRUCTED_STARTER_IDENTITY_NOT_AS_ISSUED_T60,MARKET_TOTAL_RESIDUAL_SHAPE_AT_PRIOR_256_GAME_LEAGUE_MEAN,00-0035710,00-0033077,-14.5407335280753,0.0,-5.2248625398463995,8.290797233581543,-5.806491880969411,7.511861801147461,-6.5,7.111728668212891,,,48.5,4.3800458908081055,45.09765625,6.2569990158081055
2019_10_LAC_OAK,2019,10,False,False,2.0,50.0,RECONSTRUCTED_STARTER_IDENTITY_NOT_AS_ISSUED_T60,MARKET_TOTAL_RESIDUAL_SHAPE_AT_PRIOR_256_GAME_LEAGUE_MEAN,00-0031280,00-0022942,-2.702341137123754,-0.0050924039850297476,-0.7567811419557438,3.277125358581543,-0.8646710912812927,3.287252426147461,-1.0,3.1859474182128906,,,49.0,3.2023115158081055,45.04296875,4.0284833908081055
2019_10_ARI_TB,2019,10,False,False,3.0,57.0,RECONSTRUCTED_STARTER_IDENTITY_NOT_AS_ISSUED_T60,MARKET_TOTAL_RESIDUAL_SHAPE_AT_PRIOR_256_GAME_LEAGUE_MEAN,00-0031503,00-0035228,0.0,7.544657903606344,5.0129929814423395,2.915797233581543,4.711206665298086,2.892721176147461,5.5,3.1117286682128906,,,51.0,4.3800458908081055,45.04296875,7.4171552658081055
2019_10_ATL_NO,2019,10,False,False,-17.0,35.0,RECONSTRUCTED_STARTER_IDENTITY_NOT_AS_ISSUED_T60,MARKET_TOTAL_RESIDUAL_SHAPE_AT_PRIOR_256_GAME_LEAGUE_MEAN,00-0020531,00-0026143,-10.96160252884073,-6.029112636664125,13.636868157601775,23.450953483581543,13.439568561914712,22.52358055114746,14.0,23.94766616821289,,,51.5,10.495280265808105,45.04296875,5.7316083908081055
2019_10_BAL_CIN,2019,10,False,False,-36.0,62.0,RECONSTRUCTED_STARTER_IDENTITY_NOT_AS_ISSUED_T60,MARKET_TOTAL_RESIDUAL_SHAPE_AT_PRIOR_256_GAME_LEAGUE_MEAN,00-0035652,00-0034796,32.53874729608206,-2.819997670626617,-10.346003322302613,18.699000358581543,-8.931653523634267,19.66225242614746,-10.5,18.20352554321289,,,44.0,11.837077140808105,45.04296875,11.034342765808105
2019_10_BUF_CLE,2019,10,False,False,3.0,35.0,RECONSTRUCTED_STARTER_IDENTITY_NOT_AS_ISSUED_T60,MARKET_TOTAL_RESIDUAL_SHAPE_AT_PRIOR_256_GAME_LEAGUE_MEAN,00-0034855,00-0034857,-4.063937818675734,1.3621103324472639,-0.11559651128768564,3.277125358581543,-0.33263843733260556,3.287252426147461,3.0,2.8363380432128906,,,42.0,4.3624677658081055,45.04296875,5.7316083908081055
2019_10_DET_CHI,2019,10,False,False,7.0,33.0,RECONSTRUCTED_STARTER_IDENTITY_NOT_AS_ISSUED_T60,MARKET_TOTAL_RESIDUAL_SHAPE_AT_PRIOR_256_GAME_LEAGUE_MEAN,00-0033869,00-0032436,5.4188443670150965,-73.282521958012,4.8958465662722395,3.066187858581543,8.043901219273323,2.836080551147461,6.0,2.8871192932128906,,,38.0,3.7062158584594727,45.04296875,6.8937177658081055
2019_10_KC_TEN,2019,10,False,False,3.0,67.0,RECONSTRUCTED_STARTER_IDENTITY_NOT_AS_ISSUED_T60,MARKET_TOTAL_RESIDUAL_SHAPE_AT_PRIOR_256_GAME_LEAGUE_MEAN,00-0029701,00-0033873,-7.127197246636063,8.314595522156187,-2.1202273423112366,3.898219108581543,-2.7378990530629266,4.298971176147461,-5.0,5.035556793212891,,,49.0,11.837077140808105,45.04296875,15.219889640808105
2019_10_NYG_NYJ,2019,10,False,False,7.0,61.0,RECONSTRUCTED_STARTER_IDENTITY_NOT_AS_ISSUED_T60,MARKET_TOTAL_RESIDUAL_SHAPE_AT_PRIOR_256_GAME_LEAGUE_MEAN,00-0034869,00-0035710,15.801382944191555,-9.418107841804835,1.1307397478441634,4.286890983581543,2.1395193792840193,3.894674301147461,-3.0,6.139072418212891,,,43.0,11.837077140808105,45.04296875,10.245280265808105
2019_10_MIA_IND,2019,10,False,False,-4.0,28.0,RECONSTRUCTED_STARTER_IDENTITY_NOT_AS_ISSUED_T60,MARKET_TOTAL_RESIDUAL_SHAPE_AT_PRIOR_256_GAME_LEAGUE_MEAN,00-0026625,00-0023682,-37.22077922077922,35.760790933204724,12.20890168293814,9.818140983581543,9.289638876778783,7.511861801147461,11.0,9.35977554321289,,,44.5,10.495280265808105,45.04296875,10.495280265808105
2019_10_CAR_GB,2019,10,False,False,8.0,40.0,RECONSTRUCTED_STARTER_IDENTITY_NOT_AS_ISSUED_T60,MARKET_TOTAL_RESIDUAL_SHAPE_AT_PRIOR_256_GAME_LEAGUE_MEAN,00-0023459,00-0034577,13.6013703228957,16.132876740845603,2.8034652208170154,3.898219108581543,2.7022049640990193,3.894674301147461,5.0,3.1859474182128906,,,49.0,5.2198896408081055,45.04296875,3.7062177658081055
2019_10_LA_PIT,2019,10,False,False,5.0,29.0,RECONSTRUCTED_STARTER_IDENTITY_NOT_AS_ISSUED_T60,MARKET_TOTAL_RESIDUAL_SHAPE_AT_PRIOR_256_GAME_LEAGUE_MEAN,00-0034771,00-0033106,5.446303712179001,-1.3564923051297306,1.5901973561260456,3.277125358581543,1.8623091968183951,3.287252426147461,-4.0,5.574619293212891,,,43.0,8.212077140808105,45.04296875,9.696452140808105
2019_10_MIN_DAL,2019,10,False,False,-4.0,52.0,RECONSTRUCTED_STARTER_IDENTITY_NOT_AS_ISSUED_T60,MARKET_TOTAL_RESIDUAL_SHAPE_AT_PRIOR_256_GAME_LEAGUE_MEAN,00-0033077,00-0029604,0.0,0.0,1.452733589667123,3.460719108581543,1.452733589667123,3.455221176147461,3.5,4.758213043212891,,,48.5,3.4796552658081055,45.04296875,4.7823896408081055
2019_10_SEA_SF,2019,10,False,False,-3.0,51.0,RECONSTRUCTED_STARTER_IDENTITY_NOT_AS_ISSUED_T60,MARKET_TOTAL_RESIDUAL_SHAPE_AT_PRIOR_256_GAME_LEAGUE_MEAN,00-0031345,00-0029263,11.352874622862895,0.0,3.98140516152248,4.152125358581543,4.435520146436996,4.142721176147461,6.5,5.826572418212891,,,47.0,3.7277021408081055,45.04296875,4.3800458908081055
2019_11_PIT_CLE,2019,11,False,False,14.0,28.0,RECONSTRUCTED_STARTER_IDENTITY_NOT_AS_ISSUED_T60,MARKET_TOTAL_RESIDUAL_SHAPE_AT_PRIOR_256_GAME_LEAGUE_MEAN,00-0034855,00-0034771,-0.29718464043113624,12.183326266694916,-2.865708591592802,11.429469108581543,-3.364929027877844,11.470846176147461,3.0,6.756259918212891,,,41.5,8.212077140808105,45.015625,10.495280265808105
2019_11_ATL_CAR,2019,11,False,False,-26.0,32.0,RECONSTRUCTED_STARTER_IDENTITY_NOT_AS_ISSUED_T60,MARKET_TOTAL_RESIDUAL_SHAPE_AT_PRIOR_256_GAME_LEAGUE_MEAN,00-0034577,00-0026143,5.316840277777768,-0.10829814097261803,5.525542153469105,24.417750358581543,5.74254769021912,24.45912742614746,3.5,22.98086929321289,,,49.0,10.495280265808105,45.015625,7.5265302658081055
2019_11_BUF_MIA,2019,11,False,False,-17.0,57.0,RECONSTRUCTED_STARTER_IDENTITY_NOT_AS_ISSUED_T60,MARKET_TOTAL_RESIDUAL_SHAPE_AT_PRIOR_256_GAME_LEAGUE_MEAN,00-0023682,00-0034857,32.07785282616423,1.7505362505362498,-2.0073982744213845,9.038844108581543,-0.7943056113962652,9.773580551147461,-7.0,5.826572418212891,,,41.5,9.479655265808105,45.015625,7.4171552658081055
2019_11_DAL_DET,2019,11,False,False,-8.0,62.0,RECONSTRUCTED_STARTER_IDENTITY_NOT_AS_ISSUED_T60,MARKET_TOTAL_RESIDUAL_SHAPE_AT_PRIOR_256_GAME_LEAGUE_MEAN,00-0032436,00-0033077,-77.85192881500427,0.5536130536130557,-1.4573931658467245,4.152125358581543,-4.5936148405914174,3.021627426147461,-7.5,2.8363380432128906,,,46.5,9.479655265808105,45.015625,11.034342765808105
2019_11_DEN_MIN,2019,11,False,False,4.0,50.0,RECONSTRUCTED_STARTER_IDENTITY_NOT_AS_ISSUED_T60,MARKET_TOTAL_RESIDUAL_SHAPE_AT_PRIOR_256_GAME_LEAGUE_MEAN,00-0029604,00-0032434,0.0,95.60700951463326,9.662408076427473,3.767359733581543,5.838127695842143,2.892721176147461,10.0,3.9222755432128906,,,40.5,5.7198896408081055,45.015625,4.0284833908081055
2019_11_HOU_BAL,2019,11,False,False,34.0,48.0,RECONSTRUCTED_STARTER_IDENTITY_NOT_AS_ISSUED_T60,MARKET_TOTAL_RESIDUAL_SHAPE_AT_PRIOR_256_GAME_LEAGUE_MEAN,00-0034796,00-0033537,2.6207543175150283,3.413935564504933,5.210680036627045,22.327906608581543,5.17895278674745,22.34975242614746,4.0,22.92422866821289,,,51.0,3.2941083908081055,45.015625,3.4796552658081055
2019_11_JAX_IND,2019,11,False,False,20.0,46.0,RECONSTRUCTED_STARTER_IDENTITY_NOT_AS_ISSUED_T60,MARKET_TOTAL_RESIDUAL_SHAPE_AT_PRIOR_256_GAME_LEAGUE_MEAN,00-0033119,00-0029567,21.852812214827843,15.728501746356738,6.1668270768595175,9.064234733581543,6.411799495598363,9.117330551147461,2.5,11.11172866821289,,,41.5,3.7277021408081055,45.015625,3.2023115158081055
2019_11_NO_TB,2019,11,False,False,-17.0,51.0,RECONSTRUCTED_STARTER_IDENTITY_NOT_AS_ISSUED_T60,MARKET_TOTAL_RESIDUAL_SHAPE_AT_PRIOR_256_GAME_LEAGUE_MEAN,00-0031503,00-0020531,0.0,-14.085312987688582,-4.345707662032546,7.575953483581543,-3.782295142525003,7.511861801147461,-5.0,7.111728668212891,,,50.5,3.1652021408081055,45.015625,4.3800458908081055
2019_11_NYJ_WAS,2019,11,False,False,-17.0,51.0,RECONSTRUCTED_STARTER_IDENTITY_NOT_AS_ISSUED_T60,MARKET_TOTAL_RESIDUAL_SHAPE_AT_PRIOR_256_GAME_LEAGUE_MEAN,00-0035232,00-0034869,-86.70680660033972,43.178518448379265,2.936501247623655,13.193140983581543,-2.258911754325104,8.986471176147461,1.0,11.81094741821289,,,37.5,8.057778358459473,45.015625,4.3800458908081055
2019_11_ARI_SF,2019,11,False,False,10.0,62.0,RECONSTRUCTED_STARTER_IDENTITY_NOT_AS_ISSUED_T60,MARKET_TOTAL_RESIDUAL_SHAPE_AT_PRIOR_256_GAME_LEAGUE_MEAN,00-0031345,00-0035228,6.355533818306136,-0.25185973749464186,11.90528703772805,2.915797233581543,12.16958277996008,2.892721176147461,10.0,2.8363380432128906,,,44.0,11.837077140808105,45.015625,11.034342765808105
2019_11_CIN_OAK,2019,11,False,False,7.0,27.0,RECONSTRUCTED_STARTER_IDENTITY_NOT_AS_ISSUED_T60,MARKET_TOTAL_RESIDUAL_SHAPE_AT_PRIOR_256_GAME_LEAGUE_MEAN,00-0031280,00-0035652,-2.636915442926724,-24.006513466042144,9.057067219423061,2.915797233581543,9.911851140347679,3.021627426147461,13.0,3.9222755432128906,,,48.0,13.911295890808105,45.015625,11.321452140808105
2019_11_NE_PHI,2019,11,False,False,-7.0,27.0,RECONSTRUCTED_STARTER_IDENTITY_NOT_AS_ISSUED_T60,MARKET_TOTAL_RESIDUAL_SHAPE_AT_PRIOR_256_GAME_LEAGUE_MEAN,00-0032950,00-0019596,13.318744164332387,2.7754196757377114,-1.8448068530629735,3.460719108581543,-1.4230738735191863,3.767721176147461,-4.5,2.9418067932128906,,,45.0,11.321452140808105,45.015625,11.321452140808105
2019_11_CHI_LA,2019,11,False,False,10.0,24.0,RECONSTRUCTED_STARTER_IDENTITY_NOT_AS_ISSUED_T60,MARKET_TOTAL_RESIDUAL_SHAPE_AT_PRIOR_256_GAME_LEAGUE_MEAN,00-0033106,00-0033869,2.043233466553862,1.132562595395048,3.9117638414061187,4.286890983581543,3.948190676252471,4.298971176147461,5.0,3.7523536682128906,,,40.0,9.696452140808105,45.015625,13.911295890808105
2019_11_KC_LAC,2019,11,False,False,-7.0,41.0,RECONSTRUCTED_STARTER_IDENTITY_NOT_AS_ISSUED_T60,MARKET_TOTAL_RESIDUAL_SHAPE_AT_PRIOR_256_GAME_LEAGUE_MEAN,00-0022942,00-0033873,-0.028766570217353404,4.2164928885136455,-2.6861829333927654,3.212672233581543,-2.8559933117420053,3.209127426147461,-5.5,2.8441505432128906,,,52.5,6.8937177658081055,45.015625,3.4659833908081055
2019_12_IND_HOU,2019,12,False,False,3.0,37.0,RECONSTRUCTED_STARTER_IDENTITY_NOT_AS_ISSUED_T60,MARKET_TOTAL_RESIDUAL_SHAPE_AT_PRIOR_256_GAME_LEAGUE_MEAN,00-0033537,00-0033119,5.183342163021276,17.493926447181018,2.631103228540242,2.866969108581543,2.138679857173852,2.931783676147461,3.5,2.8441505432128906,,,46.0,5.2198896408081055,44.609375,4.7609052658081055
2019_12_CAR_NO,2019,12,False,False,3.0,65.0,RECONSTRUCTED_STARTER_IDENTITY_NOT_AS_ISSUED_T60,MARKET_TOTAL_RESIDUAL_SHAPE_AT_PRIOR_256_GAME_LEAGUE_MEAN,00-0020531,00-0034577,-8.220952911674573,9.738895558223293,8.619130561512002,3.767359733581543,7.900736622716087,3.455221176147461,10.0,4.307041168212891,,,46.0,12.653483390808105,44.609375,13.493327140808105
2019_12_DEN_BUF,2019,12,False,False,17.0,23.0,RECONSTRUCTED_STARTER_IDENTITY_NOT_AS_ISSUED_T60,MARKET_TOTAL_RESIDUAL_SHAPE_AT_PRIOR_256_GAME_LEAGUE_MEAN,00-0034857,00-0032434,1.9026962977693795,25.29572740112995,5.229821450103291,7.642359733581543,4.294100205968868,8.388814926147461,3.5,8.09415054321289,,,37.0,8.212074279785156,44.609375,14.807780265808105
2019_12_DET_WAS,2019,12,False,False,3.0,35.0,RECONSTRUCTED_STARTER_IDENTITY_NOT_AS_ISSUED_T60,MARKET_TOTAL_RESIDUAL_SHAPE_AT_PRIOR_256_GAME_LEAGUE_MEAN,00-0035232,00-0032436,-58.006794643446135,-65.25367413371343,-2.9434470655705898,4.286890983581543,-2.6535718859598982,4.298971176147461,-4.0,4.547275543212891,,,39.0,3.465982437133789,44.609375,5.7316083908081055
2019_12_MIA_CLE,2019,12,False,False,17.0,65.0,RECONSTRUCTED_STARTER_IDENTITY_NOT_AS_ISSUED_T60,MARKET_TOTAL_RESIDUAL_SHAPE_AT_PRIOR_256_GAME_LEAGUE_MEAN,00-0034855,00-0023682,-0.31850651741658353,15.765836617106533,7.927096298335073,5.786890983581543,7.283722572954148,6.414205551147461,11.0,4.119541168212891,,,45.5,12.653483390808105,44.609375,13.493327140808105
2019_12_NYG_CHI,2019,12,False,False,5.0,33.0,RECONSTRUCTED_STARTER_IDENTITY_NOT_AS_ISSUED_T60,MARKET_TOTAL_RESIDUAL_SHAPE_AT_PRIOR_256_GAME_LEAGUE_MEAN,00-0033869,00-0035710,5.594984802431591,-1.7350557244174336,10.520925151478314,3.767359733581543,10.814126772552275,3.767721176147461,6.0,2.8441505432128906,,,41.0,4.7609052658081055,44.609375,6.8937177658081055
2019_12_OAK_NYJ,2019,12,False,False,31.0,37.0,RECONSTRUCTED_STARTER_IDENTITY_NOT_AS_ISSUED_T60,MARKET_TOTAL_RESIDUAL_SHAPE_AT_PRIOR_256_GAME_LEAGUE_MEAN,00-0034869,00-0031280,39.53167089971523,-2.527673545966236,-1.6824303674991643,26.200953483581543,-5.658967190562692e-05,24.27748680114746,-3.5,27.80508804321289,,,45.0,4.7609052658081055,44.609375,4.7609052658081055
2019_12_PIT_CIN,2019,12,False,False,-6.0,26.0,RECONSTRUCTED_STARTER_IDENTITY_NOT_AS_ISSUED_T60,MARKET_TOTAL_RESIDUAL_SHAPE_AT_PRIOR_256_GAME_LEAGUE_MEAN,00-0035652,00-0034771,-60.70402298850575,2.578964331757616,-7.523585549535974,3.066187858581543,-10.054905042346508,3.560689926147461,-5.5,2.8363380432128906,,,37.5,6.893715858459473,44.609375,12.163249015808105
2019_12_SEA_PHI,2019,12,False,False,-8.0,26.0,RECONSTRUCTED_STARTER_IDENTITY_NOT_AS_ISSUED_T60,MARKET_TOTAL_RESIDUAL_SHAPE_AT_PRIOR_256_GAME_LEAGUE_MEAN,00-0032950,00-0029263,3.8744623343408557,0.0,1.0319907970636997,5.116969108581543,1.1869692904373337,5.076314926147461,-1.0,4.307041168212891,,,45.5,13.024577140808105,44.609375,12.163249015808105
2019_12_TB_ATL,2019,12,False,False,-13.0,57.0,RECONSTRUCTED_STARTER_IDENTITY_NOT_AS_ISSUED_T60,MARKET_TOTAL_RESIDUAL_SHAPE_AT_PRIOR_256_GAME_LEAGUE_MEAN,00-0026143,00-0031503,-1.5145529860368212,0.0,6.013544779771682,12.318140983581543,5.9529626603302095,12.306783676147461,3.5,10.96719741821289,,,51.5,4.0284833908081055,44.609375,7.4171552658081055
2019_12_JAX_TEN,2019,12,False,False,22.0,62.0,RECONSTRUCTED_STARTER_IDENTITY_NOT_AS_ISSUED_T60,MARKET_TOTAL_RESIDUAL_SHAPE_AT_PRIOR_256_GAME_LEAGUE_MEAN,00-0029701,00-0029567,-19.68305213497521,-7.486082019622975,5.253599626728082,11.429469108581543,4.765720822113993,11.470846176147461,4.5,11.11172866821289,,,42.0,13.493327140808105,44.609375,11.034342765808105
2019_12_DAL_NE,2019,12,False,False,4.0,22.0,RECONSTRUCTED_STARTER_IDENTITY_NOT_AS_ISSUED_T60,MARKET_TOTAL_RESIDUAL_SHAPE_AT_PRIOR_256_GAME_LEAGUE_MEAN,00-0019596,00-0033077,0.9439909935266,0.5512048615496923,7.811203241316143,3.212672233581543,7.826914686595219,3.209127426147461,5.5,2.9418067932128906,,,44.5,15.721842765808105,44.609375,15.721842765808105
2019_12_GB_SF,2019,12,False,False,29.0,45.0,RECONSTRUCTED_STARTER_IDENTITY_NOT_AS_ISSUED_T60,MARKET_TOTAL_RESIDUAL_SHAPE_AT_PRIOR_256_GAME_LEAGUE_MEAN,00-0031345,00-0023459,-0.6857602091281612,0.0,3.8632376380595996,18.542750358581543,3.835807229694473,18.56459617614746,3.0,19.10782241821289,,,48.0,3.2941083908081055,44.609375,3.1652021408081055
2019_12_BAL_LA,2019,12,False,False,-39.0,51.0,RECONSTRUCTED_STARTER_IDENTITY_NOT_AS_ISSUED_T60,MARKET_TOTAL_RESIDUAL_SHAPE_AT_PRIOR_256_GAME_LEAGUE_MEAN,00-0033106,00-0034796,2.2074438359226622,4.3487762237762295,-0.5817519488114613,30.331812858581543,-0.6674052443256039,30.38100242614746,-3.5,27.86954116821289,,,47.0,3.7277021408081055,44.609375,4.3800458908081055
2019_13_CHI_DET,2019,13,False,False,-4.0,44.0,RECONSTRUCTED_STARTER_IDENTITY_NOT_AS_ISSUED_T60,MARKET_TOTAL_RESIDUAL_SHAPE_AT_PRIOR_256_GAME_LEAGUE_MEAN,00-0035040,00-0033869,-23.905003235901546,-6.434562190449489,-1.7705410062352984,2.915797233581543,-2.469358648053381,2.892721176147461,-5.5,3.0101661682128906,,,37.5,4.380043983459473,44.265625,3.1652021408081055
2019_13_BUF_DAL,2019,13,False,False,-11.0,41.0,RECONSTRUCTED_STARTER_IDENTITY_NOT_AS_ISSUED_T60,MARKET_TOTAL_RESIDUAL_SHAPE_AT_PRIOR_256_GAME_LEAGUE_MEAN,00-0033077,00-0034857,0.49280339517805416,2.2473508285328236,4.4562936732852725,9.038844108581543,4.386111775951082,8.986471176147461,6.5,11.81094741821289,,,46.5,4.0089521408081055,44.265625,3.2941083908081055
2019_13_NO_ATL,2019,13,False,False,-8.0,44.0,RECONSTRUCTED_STARTER_IDENTITY_NOT_AS_ISSUED_T60,MARKET_TOTAL_RESIDUAL_SHAPE_AT_PRIOR_256_GAME_LEAGUE_MEAN,00-0026143,00-0020531,-13.092644055664326,-1.377856971524527,-4.289729233908575,3.212672233581543,-4.758320717274167,3.021627426147461,-7.0,2.8441505432128906,,,48.0,3.4659833908081055,44.265625,3.1652021408081055
2019_13_CLE_PIT,2019,13,False,False,7.0,33.0,RECONSTRUCTED_STARTER_IDENTITY_NOT_AS_ISSUED_T60,MARKET_TOTAL_RESIDUAL_SHAPE_AT_PRIOR_256_GAME_LEAGUE_MEAN,00-0035577,00-0034855,53.585434173669476,-0.1831360901214385,5.220127137459048,3.066187858581543,7.370869948010686,2.849752426147461,-1.0,5.035556793212891,,,40.0,4.3624677658081055,44.265625,6.2902021408081055
2019_13_GB_NYG,2019,13,False,False,-18.0,44.0,RECONSTRUCTED_STARTER_IDENTITY_NOT_AS_ISSUED_T60,MARKET_TOTAL_RESIDUAL_SHAPE_AT_PRIOR_256_GAME_LEAGUE_MEAN,00-0035710,00-0023459,3.5790340726454595,0.9251315488446599,-6.572164019558504,6.263453483581543,-6.466007918606472,6.834127426147461,-6.5,6.433994293212891,,,43.5,3.1652021408081055,44.265625,3.1652021408081055
2019_13_NYJ_CIN,2019,13,False,False,16.0,28.0,RECONSTRUCTED_STARTER_IDENTITY_NOT_AS_ISSUED_T60,MARKET_TOTAL_RESIDUAL_SHAPE_AT_PRIOR_256_GAME_LEAGUE_MEAN,00-0027973,00-0034869,22.19915325601518,32.3632974316487,-2.1653581779723936,12.273219108581543,-2.571923944997734,13.160299301147461,-2.5,12.78555679321289,,,43.0,8.936686515808105,44.265625,9.696452140808105
2019_13_PHI_MIA,2019,13,False,False,6.0,68.0,RECONSTRUCTED_STARTER_IDENTITY_NOT_AS_ISSUED_T60,MARKET_TOTAL_RESIDUAL_SHAPE_AT_PRIOR_256_GAME_LEAGUE_MEAN,00-0023682,00-0032950,17.231492718446596,3.527765400467864,-5.699615624263378,7.642359733581543,-5.15146653154423,7.031393051147461,-10.5,11.11172866821289,,,45.0,16.106608390808105,44.265625,17.008952140808105
2019_13_SF_BAL,2019,13,False,False,3.0,37.0,RECONSTRUCTED_STARTER_IDENTITY_NOT_AS_ISSUED_T60,MARKET_TOTAL_RESIDUAL_SHAPE_AT_PRIOR_256_GAME_LEAGUE_MEAN,00-0034796,00-0031345,5.722231813375345,-0.6579186837986306,5.647329205432579,3.031031608581543,5.9025352253195384,3.021627426147461,5.5,3.1117286682128906,,,45.0,4.7609052658081055,44.265625,4.3624677658081055
2019_13_TB_JAX,2019,13,False,False,-17.0,39.0,RECONSTRUCTED_STARTER_IDENTITY_NOT_AS_ISSUED_T60,MARKET_TOTAL_RESIDUAL_SHAPE_AT_PRIOR_256_GAME_LEAGUE_MEAN,00-0035289,00-0031503,17.05577074381166,0.0,0.8143858779042421,11.464625358581543,1.4966167076567087,11.441549301147461,-3.0,8.58047866821289,,,46.5,4.7609052658081055,44.265625,3.7062177658081055
2019_13_TEN_IND,2019,13,False,False,-14.0,48.0,RECONSTRUCTED_STARTER_IDENTITY_NOT_AS_ISSUED_T60,MARKET_TOTAL_RESIDUAL_SHAPE_AT_PRIOR_256_GAME_LEAGUE_MEAN,00-0033119,00-0029701,18.88602617126587,-7.317787487335359,3.646820194312959,11.464625358581543,4.6949727406570085,12.306783676147461,-1.0,7.830478668212891,,,41.5,4.3800458908081055,44.265625,3.7277021408081055
2019_13_WAS_CAR,2019,13,False,False,-8.0,50.0,RECONSTRUCTED_STARTER_IDENTITY_NOT_AS_ISSUED_T60,MARKET_TOTAL_RESIDUAL_SHAPE_AT_PRIOR_256_GAME_LEAGUE_MEAN,00-0034577,00-0035232,6.448010735609677,-30.125477707006375,9.133842325256602,10.628687858581543,10.596781862961244,12.306783676147461,10.5,12.68008804321289,,,38.5,6.819498062133789,44.265625,4.3800458908081055
2019_13_LA_ARI,2019,13,False,False,-27.0,41.0,RECONSTRUCTED_STARTER_IDENTITY_NOT_AS_ISSUED_T60,MARKET_TOTAL_RESIDUAL_SHAPE_AT_PRIOR_256_GAME_LEAGUE_MEAN,00-0035228,00-0033106,-0.24860127633534734,2.198982289188489,-5.227984426760659,14.988062858581543,-5.325887769381612,15.004049301147461,-2.5,17.26211929321289,,,47.0,4.0089521408081055,44.265625,3.2941083908081055
2019_13_LAC_DEN,2019,13,False,False,3.0,43.0,RECONSTRUCTED_STARTER_IDENTITY_NOT_AS_ISSUED_T60,MARKET_TOTAL_RESIDUAL_SHAPE_AT_PRIOR_256_GAME_LEAGUE_MEAN,00-0035704,00-0022942,28.265274860668434,-0.0656009230654675,-0.707709879852191,3.560328483581543,0.42552515149716497,3.287252426147461,-4.5,5.035556793212891,,,39.0,3.727701187133789,44.265625,3.1456708908081055
2019_13_OAK_KC,2019,13,False,False,31.0,49.0,RECONSTRUCTED_STARTER_IDENTITY_NOT_AS_ISSUED_T60,MARKET_TOTAL_RESIDUAL_SHAPE_AT_PRIOR_256_GAME_LEAGUE_MEAN,00-0033873,00-0031280,22.015752032520332,-0.4882076969845439,9.622685959601677,14.888453483581543,10.52284434878187,14.029439926147461,11.5,12.78555679321289,,,49.5,3.1456708908081055,44.265625,4.0284833908081055
2019_13_NE_HOU,2019,13,False,False,6.0,50.0,RECONSTRUCTED_STARTER_IDENTITY_NOT_AS_ISSUED_T60,MARKET_TOTAL_RESIDUAL_SHAPE_AT_PRIOR_256_GAME_LEAGUE_MEAN,00-0033537,00-0019596,5.300536881419227,2.269450033534537,-3.130554866246266,5.786890983581543,-3.0093113923308787,5.824361801147461,-3.5,6.139072418212891,,,47.0,3.4796552658081055,44.265625,4.3800458908081055
2019_13_MIN_SEA,2019,13,False,False,7.0,67.0,RECONSTRUCTED_STARTER_IDENTITY_NOT_AS_ISSUED_T60,MARKET_TOTAL_RESIDUAL_SHAPE_AT_PRIOR_256_GAME_LEAGUE_MEAN,00-0029263,00-0029604,0.0,0.0,2.425485663976624,3.898219108581543,2.425485663976624,3.894674301147461,2.5,3.4320411682128906,,,48.0,12.653483390808105,44.265625,16.106608390808105
2019_14_DAL_CHI,2019,14,False,False,7.0,55.0,RECONSTRUCTED_STARTER_IDENTITY_NOT_AS_ISSUED_T60,MARKET_TOTAL_RESIDUAL_SHAPE_AT_PRIOR_256_GAME_LEAGUE_MEAN,00-0033869,00-0033077,0.0753522278557961,0.44669576059850336,2.884027946310116,3.560328483581543,2.869174205000408,3.560689926147461,-3.0,6.139072418212891,,,43.0,7.4171552658081055,44.4296875,6.8194990158081055
2019_14_BAL_BUF,2019,14,False,False,-7.0,41.0,RECONSTRUCTED_STARTER_IDENTITY_NOT_AS_ISSUED_T60,MARKET_TOTAL_RESIDUAL_SHAPE_AT_PRIOR_256_GAME_LEAGUE_MEAN,00-0034857,00-0034796,-0.8161308001461531,5.762642059020151,-3.5662705149645535,3.031031608581543,-3.8294214293312057,3.021627426147461,-6.5,2.8363380432128906,,,44.0,3.2941083908081055,44.4296875,3.2941083908081055
2019_14_CAR_ATL,2019,14,False,False,20.0,60.0,RECONSTRUCTED_STARTER_IDENTITY_NOT_AS_ISSUED_T60,MARKET_TOTAL_RESIDUAL_SHAPE_AT_PRIOR_256_GAME_LEAGUE_MEAN,00-0026143,00-0034577,-10.175779789064254,0.2995195523931127,3.1414528091128706,11.429469108581543,2.722440835454576,11.470846176147461,3.5,10.31680679321289,,,48.0,7.4171552658081055,44.4296875,10.245280265808105
2019_14_CIN_CLE,2019,14,False,False,8.0,46.0,RECONSTRUCTED_STARTER_IDENTITY_NOT_AS_ISSUED_T60,MARKET_TOTAL_RESIDUAL_SHAPE_AT_PRIOR_256_GAME_LEAGUE_MEAN,00-0034855,00-0027973,0.4924819551533677,22.133646925340678,8.98424231889795,2.861109733581543,8.118595720090457,2.849752426147461,6.5,2.8871192932128906,,,43.0,3.4796552658081055,44.4296875,3.3058271408081055
2019_14_DEN_HOU,2019,14,False,False,-14.0,62.0,RECONSTRUCTED_STARTER_IDENTITY_NOT_AS_ISSUED_T60,MARKET_TOTAL_RESIDUAL_SHAPE_AT_PRIOR_256_GAME_LEAGUE_MEAN,00-0033537,00-0035704,4.174380745658834,-6.590659340659344,8.943160038889454,15.904078483581543,9.373761642342181,15.920064926147461,8.0,15.39688491821289,,,42.5,12.653483390808105,44.4296875,11.837077140808105
2019_14_DET_MIN,2019,14,False,False,13.0,27.0,RECONSTRUCTED_STARTER_IDENTITY_NOT_AS_ISSUED_T60,MARKET_TOTAL_RESIDUAL_SHAPE_AT_PRIOR_256_GAME_LEAGUE_MEAN,00-0029604,00-0035040,0.0,-15.281007751937992,10.830593682641638,3.066187858581543,11.441833992719157,3.082174301147461,12.0,2.8871192932128906,,,43.5,10.495280265808105,44.4296875,10.495280265808105
2019_14_IND_TB,2019,14,False,False,3.0,73.0,RECONSTRUCTED_STARTER_IDENTITY_NOT_AS_ISSUED_T60,MARKET_TOTAL_RESIDUAL_SHAPE_AT_PRIOR_256_GAME_LEAGUE_MEAN,00-0031503,00-0033119,0.0,11.34026380505253,1.827828336917255,2.927515983581543,1.3742177847151538,3.082174301147461,3.0,2.8363380432128906,,,46.5,18.848795890808105,44.4296875,21.678874015808105
2019_14_MIA_NYJ,2019,14,False,False,1.0,43.0,RECONSTRUCTED_STARTER_IDENTITY_NOT_AS_ISSUED_T60,MARKET_TOTAL_RESIDUAL_SHAPE_AT_PRIOR_256_GAME_LEAGUE_MEAN,00-0034869,00-0023682,17.31262775380422,2.5290111464850495,2.9936436621017584,2.915797233581543,3.5849883263945252,3.021627426147461,5.0,3.3265724182128906,,,47.0,3.4659833908081055,44.4296875,3.1456708908081055
2019_14_SF_NO,2019,14,False,False,-2.0,94.0,RECONSTRUCTED_STARTER_IDENTITY_NOT_AS_ISSUED_T60,MARKET_TOTAL_RESIDUAL_SHAPE_AT_PRIOR_256_GAME_LEAGUE_MEAN,00-0020531,00-0031345,-1.0841348199846612,0.0,4.033894957631974,3.767359733581543,3.9905295648325874,3.767721176147461,1.0,3.1117286682128906,,,45.0,41.391764640808105,44.4296875,42.389811515808105
2019_14_WAS_GB,2019,14,False,False,5.0,35.0,RECONSTRUCTED_STARTER_IDENTITY_NOT_AS_ISSUED_T60,MARKET_TOTAL_RESIDUAL_SHAPE_AT_PRIOR_256_GAME_LEAGUE_MEAN,00-0023459,00-0035232,1.0151703393709521,-14.84767025089605,10.983650909390809,3.767359733581543,11.618164533001488,4.142721176147461,13.0,4.758213043212891,,,42.5,4.7609052658081055,44.4296875,5.2198896408081055
2019_14_LAC_JAX,2019,14,False,False,-35.0,55.0,RECONSTRUCTED_STARTER_IDENTITY_NOT_AS_ISSUED_T60,MARKET_TOTAL_RESIDUAL_SHAPE_AT_PRIOR_256_GAME_LEAGUE_MEAN,00-0035289,00-0022942,17.903204971308906,-0.06217718749204071,-1.5302301633535536,25.390406608581543,-0.8116148770015157,26.41811180114746,-3.5,23.94766616821289,,,42.0,8.057780265808105,44.4296875,6.8194990158081055
2019_14_KC_NE,2019,14,False,False,-7.0,39.0,RECONSTRUCTED_STARTER_IDENTITY_NOT_AS_ISSUED_T60,MARKET_TOTAL_RESIDUAL_SHAPE_AT_PRIOR_256_GAME_LEAGUE_MEAN,00-0019596,00-0033873,2.0943742356298367,29.668898809523835,5.4890105213416245,6.896265983581543,4.3860295383858645,6.207174301147461,3.0,5.826572418212891,,,49.5,6.2902021408081055,44.4296875,3.7062177658081055
2019_14_PIT_ARI,2019,14,False,False,-6.0,40.0,RECONSTRUCTED_STARTER_IDENTITY_NOT_AS_ISSUED_T60,MARKET_TOTAL_RESIDUAL_SHAPE_AT_PRIOR_256_GAME_LEAGUE_MEAN,00-0035228,00-0035577,-0.3792927273534863,54.82129204892967,-6.528651309815604,2.927515983581543,-8.736674700866931,3.287252426147461,-2.5,3.1117286682128906,,,43.5,3.4659833908081055,44.4296875,3.4659833908081055
2019_14_TEN_OAK,2019,14,False,False,-21.0,63.0,RECONSTRUCTED_STARTER_IDENTITY_NOT_AS_ISSUED_T60,MARKET_TOTAL_RESIDUAL_SHAPE_AT_PRIOR_256_GAME_LEAGUE_MEAN,00-0031280,00-0029701,-0.27515723270439274,-24.36886321869258,-3.034576362893431,11.464625358581543,-2.070828123453903,12.306783676147461,-3.0,11.81094741821289,,,47.0,10.245280265808105,44.4296875,12.653483390808105
2019_14_SEA_LA,2019,14,False,False,16.0,40.0,RECONSTRUCTED_STARTER_IDENTITY_NOT_AS_ISSUED_T60,MARKET_TOTAL_RESIDUAL_SHAPE_AT_PRIOR_256_GAME_LEAGUE_MEAN,00-0033106,00-0029263,2.74668267602598,0.0,-0.058398098463749194,10.611109733581543,0.05146920857729,10.658346176147461,1.0,9.55118179321289,,,47.5,4.7609052658081055,44.4296875,3.4659833908081055
2019_14_NYG_PHI,2019,14,False,False,6.0,40.0,RECONSTRUCTED_STARTER_IDENTITY_NOT_AS_ISSUED_T60,MARKET_TOTAL_RESIDUAL_SHAPE_AT_PRIOR_256_GAME_LEAGUE_MEAN,00-0032950,00-0022803,3.3571358769247883,35.06813909774436,10.765712885125268,3.460719108581543,9.497272756292485,3.021627426147461,9.5,3.3265724182128906,,,45.5,4.0089521408081055,44.4296875,3.4659833908081055
2019_15_NYJ_BAL,2019,15,False,False,21.0,63.0,RECONSTRUCTED_STARTER_IDENTITY_NOT_AS_ISSUED_T60,MARKET_TOTAL_RESIDUAL_SHAPE_AT_PRIOR_256_GAME_LEAGUE_MEAN,00-0034796,00-0034869,6.3832864936353095,10.915894641235235,16.73249198110973,3.560328483581543,16.551187655205737,3.560689926147461,17.0,3.4320411682128906,,,44.0,12.653483390808105,44.8828125,11.837077140808105
2019_15_CHI_GB,2019,15,False,False,8.0,34.0,RECONSTRUCTED_STARTER_IDENTITY_NOT_AS_ISSUED_T60,MARKET_TOTAL_RESIDUAL_SHAPE_AT_PRIOR_256_GAME_LEAGUE_MEAN,00-0023459,00-0033869,0.9422900938000467,5.023016725487195,3.0284006762550324,3.898219108581543,2.8651716109875465,3.894674301147461,4.0,3.4320411682128906,,,40.0,4.0089521408081055,44.8828125,6.2902021408081055
2019_15_DEN_KC,2019,15,False,False,20.0,26.0,RECONSTRUCTED_STARTER_IDENTITY_NOT_AS_ISSUED_T60,MARKET_TOTAL_RESIDUAL_SHAPE_AT_PRIOR_256_GAME_LEAGUE_MEAN,00-0033873,00-0035704,24.948945569725755,58.48775831087152,9.143547156459444,6.982203483581543,7.801994646813614,7.691549301147461,10.0,6.139072418212891,,,43.0,10.495280265808105,44.8828125,12.163249015808105
2019_15_HOU_TEN,2019,15,False,False,-3.0,45.0,RECONSTRUCTED_STARTER_IDENTITY_NOT_AS_ISSUED_T60,MARKET_TOTAL_RESIDUAL_SHAPE_AT_PRIOR_256_GAME_LEAGUE_MEAN,00-0029701,00-0033537,-14.227929761617265,3.75425939245988,3.9088652411191744,4.152125358581543,3.1895776749560882,3.767721176147461,3.0,3.9222755432128906,,,50.0,3.7062177658081055,44.8828125,3.1652021408081055
2019_15_MIA_NYG,2019,15,False,False,16.0,56.0,RECONSTRUCTED_STARTER_IDENTITY_NOT_AS_ISSUED_T60,MARKET_TOTAL_RESIDUAL_SHAPE_AT_PRIOR_256_GAME_LEAGUE_MEAN,00-0022803,00-0023682,39.34608416945373,15.817369780456293,0.3908328235238241,10.611109733581543,1.331981399083722,9.877096176147461,3.5,7.414463043212891,,,47.0,5.7198896408081055,44.8828125,6.8194990158081055
2019_15_NE_CIN,2019,15,False,False,-21.0,47.0,RECONSTRUCTED_STARTER_IDENTITY_NOT_AS_ISSUED_T60,MARKET_TOTAL_RESIDUAL_SHAPE_AT_PRIOR_256_GAME_LEAGUE_MEAN,00-0027973,00-0019596,19.726054066080767,-3.080923653006029,-11.474461319965759,5.673609733581543,-10.562182211202284,5.619283676147461,-10.5,5.826572418212891,,,42.0,4.0284833908081055,44.8828125,3.3058271408081055
2019_15_PHI_WAS,2019,15,False,False,-10.0,64.0,RECONSTRUCTED_STARTER_IDENTITY_NOT_AS_ISSUED_T60,MARKET_TOTAL_RESIDUAL_SHAPE_AT_PRIOR_256_GAME_LEAGUE_MEAN,00-0035232,00-0032950,-8.408416759362247,3.232915303525985,-4.0114740039017125,3.767359733581543,-4.477127286417241,3.767721176147461,-7.0,3.1117286682128906,,,38.0,18.848793983459473,44.8828125,12.653483390808105
2019_15_SEA_CAR,2019,15,False,False,-6.0,54.0,RECONSTRUCTED_STARTER_IDENTITY_NOT_AS_ISSUED_T60,MARKET_TOTAL_RESIDUAL_SHAPE_AT_PRIOR_256_GAME_LEAGUE_MEAN,00-0034577,00-0029263,0.2543880190909453,0.0,-5.188658396298361,2.861109733581543,-5.178482875534723,2.836080551147461,-6.0,2.8363380432128906,,,48.5,4.0284833908081055,44.8828125,5.7198896408081055
2019_15_TB_DET,2019,15,False,False,-21.0,55.0,RECONSTRUCTED_STARTER_IDENTITY_NOT_AS_ISSUED_T60,MARKET_TOTAL_RESIDUAL_SHAPE_AT_PRIOR_256_GAME_LEAGUE_MEAN,00-0035040,00-0031503,-58.77941176470589,0.35209329095868824,-1.721469815674027,12.318140983581543,-4.08673001790061,10.589986801147461,-5.5,9.35977554321289,,,46.0,5.7198896408081055,44.8828125,6.2569990158081055
2019_15_CLE_ARI,2019,15,False,False,14.0,62.0,RECONSTRUCTED_STARTER_IDENTITY_NOT_AS_ISSUED_T60,MARKET_TOTAL_RESIDUAL_SHAPE_AT_PRIOR_256_GAME_LEAGUE_MEAN,00-0035228,00-0034855,-0.34763253743421707,0.536208102885305,-3.65243406412671,12.273219108581543,-3.6877876897394914,12.304830551147461,-3.0,11.11172866821289,,,49.0,8.057780265808105,44.8828125,11.034342765808105
2019_15_JAX_OAK,2019,15,False,False,-4.0,36.0,RECONSTRUCTED_STARTER_IDENTITY_NOT_AS_ISSUED_T60,MARKET_TOTAL_RESIDUAL_SHAPE_AT_PRIOR_256_GAME_LEAGUE_MEAN,00-0031280,00-0035289,-0.025724159353890386,12.934866145766621,4.10292633266291,4.599390983581543,3.5845027204580897,4.584127426147461,7.0,6.433994293212891,,,47.0,6.2902021408081055,44.8828125,5.2198896408081055
2019_15_MIN_LAC,2019,15,False,False,-29.0,49.0,RECONSTRUCTED_STARTER_IDENTITY_NOT_AS_ISSUED_T60,MARKET_TOTAL_RESIDUAL_SHAPE_AT_PRIOR_256_GAME_LEAGUE_MEAN,00-0022942,00-0029604,-0.9140316205533683,0.0,-1.306410076067541,20.581812858581543,-1.3429713408896757,20.60951805114746,-1.0,21.05313491821289,,,45.0,3.7277021408081055,44.8828125,3.7277021408081055
2019_15_ATL_SF,2019,15,False,False,-7.0,51.0,RECONSTRUCTED_STARTER_IDENTITY_NOT_AS_ISSUED_T60,MARKET_TOTAL_RESIDUAL_SHAPE_AT_PRIOR_256_GAME_LEAGUE_MEAN,00-0031345,00-0026143,-3.5624273840378917,-1.6172794341808405,8.90651141256236,9.818140983581543,8.828705494568077,9.773580551147461,10.5,11.81094741821289,,,50.0,3.2023115158081055,44.8828125,4.3800458908081055
2019_15_LA_DAL,2019,15,False,False,23.0,65.0,RECONSTRUCTED_STARTER_IDENTITY_NOT_AS_ISSUED_T60,MARKET_TOTAL_RESIDUAL_SHAPE_AT_PRIOR_256_GAME_LEAGUE_MEAN,00-0033077,00-0033106,0.4247981637756748,3.2808242944533106,-0.7275736120803412,17.613062858581543,-0.8418146573074466,17.63295555114746,-1.0,17.24649429321289,,,48.5,10.245280265808105,44.8828125,13.493327140808105
2019_15_BUF_PIT,2019,15,False,False,-7.0,27.0,RECONSTRUCTED_STARTER_IDENTITY_NOT_AS_ISSUED_T60,MARKET_TOTAL_RESIDUAL_SHAPE_AT_PRIOR_256_GAME_LEAGUE_MEAN,00-0035577,00-0034857,49.44585755813953,-1.3453500522466078,3.9557228468061476,6.263453483581543,5.987371151221592,7.511861801147461,1.0,4.758213043212891,,,37.0,5.731605529785156,44.8828125,11.321452140808105
2019_15_IND_NO,2019,15,False,False,27.0,41.0,RECONSTRUCTED_STARTER_IDENTITY_NOT_AS_ISSUED_T60,MARKET_TOTAL_RESIDUAL_SHAPE_AT_PRIOR_256_GAME_LEAGUE_MEAN,00-0020531,00-0033119,-1.2040218651193646,23.483948466128112,8.174986358819378,13.134547233581543,7.187467545569479,14.029439926147461,8.0,12.78555679321289,,,48.5,4.7609052658081055,44.8828125,3.4659833908081055
2019_16_HOU_TB,2019,16,False,False,-3.0,43.0,RECONSTRUCTED_STARTER_IDENTITY_NOT_AS_ISSUED_T60,MARKET_TOTAL_RESIDUAL_SHAPE_AT_PRIOR_256_GAME_LEAGUE_MEAN,00-0031503,00-0033537,0.3831589436970706,0.3706340240486661,1.2013934717548818,3.212672233581543,1.201894468540818,3.209127426147461,-3.0,2.8363380432128906,,,50.0,4.3624677658081055,45.49609375,3.1769208908081055
2019_16_BUF_NE,2019,16,False,False,7.0,41.0,RECONSTRUCTED_STARTER_IDENTITY_NOT_AS_ISSUED_T60,MARKET_TOTAL_RESIDUAL_SHAPE_AT_PRIOR_256_GAME_LEAGUE_MEAN,00-0019596,00-0034857,-3.1003140378140337,-3.218898385565039,6.508043638268091,2.866969108581543,6.512787012178132,2.849752426147461,7.0,2.8363380432128906,,,39.5,3.2023115158081055,45.49609375,3.4659833908081055
2019_16_LA_SF,2019,16,False,False,3.0,65.0,RECONSTRUCTED_STARTER_IDENTITY_NOT_AS_ISSUED_T60,MARKET_TOTAL_RESIDUAL_SHAPE_AT_PRIOR_256_GAME_LEAGUE_MEAN,00-0031345,00-0033106,-3.526295578712202,3.4981627296587936,3.7691458363675885,2.861109733581543,3.4881675040327487,2.849752426147461,7.0,3.3265724182128906,,,45.5,12.653483390808105,45.49609375,13.493327140808105
2019_16_BAL_CLE,2019,16,False,False,-16.0,46.0,RECONSTRUCTED_STARTER_IDENTITY_NOT_AS_ISSUED_T60,MARKET_TOTAL_RESIDUAL_SHAPE_AT_PRIOR_256_GAME_LEAGUE_MEAN,00-0034855,00-0034796,0.023278009264648958,8.561622917525602,-8.690503798811132,4.152125358581543,-9.03203759514157,4.142721176147461,-9.5,3.9222755432128906,,,48.5,3.2941083908081055,45.49609375,3.2023115158081055
2019_16_CAR_IND,2019,16,False,False,32.0,44.0,RECONSTRUCTED_STARTER_IDENTITY_NOT_AS_ISSUED_T60,MARKET_TOTAL_RESIDUAL_SHAPE_AT_PRIOR_256_GAME_LEAGUE_MEAN,00-0033119,00-0035251,15.096402442378555,50.68768531137196,5.8524139193086375,19.478297233581543,4.4287626045489015,21.39076805114746,7.5,17.24649429321289,,,46.0,3.1769208908081055,45.49609375,3.1456708908081055
2019_16_CIN_MIA,2019,16,False,False,3.0,73.0,RECONSTRUCTED_STARTER_IDENTITY_NOT_AS_ISSUED_T60,MARKET_TOTAL_RESIDUAL_SHAPE_AT_PRIOR_256_GAME_LEAGUE_MEAN,00-0023682,00-0027973,12.547408928604465,1.3369963369963322,3.6765309962457287,2.861109733581543,4.1249474999100535,2.836080551147461,-1.5,3.7523536682128906,,,46.0,19.784342765808105,45.49609375,20.725749015808105
2019_16_JAX_ATL,2019,16,False,False,12.0,36.0,RECONSTRUCTED_STARTER_IDENTITY_NOT_AS_ISSUED_T60,MARKET_TOTAL_RESIDUAL_SHAPE_AT_PRIOR_256_GAME_LEAGUE_MEAN,00-0026143,00-0035289,-7.960531437319962,15.009102343439684,8.006043368615574,3.560328483581543,7.087258017385189,3.894674301147461,7.5,3.4320411682128906,,,48.0,6.8937177658081055,45.49609375,5.2198896408081055
2019_16_NO_TEN,2019,16,False,False,-10.0,66.0,RECONSTRUCTED_STARTER_IDENTITY_NOT_AS_ISSUED_T60,MARKET_TOTAL_RESIDUAL_SHAPE_AT_PRIOR_256_GAME_LEAGUE_MEAN,00-0029701,00-0020531,1.2182539682539684,-9.160372104977576,-1.0856094502855558,5.116969108581543,-0.670464407356294,5.076314926147461,-3.5,3.9222755432128906,,,49.0,11.034342765808105,45.49609375,14.348795890808105
2019_16_NYG_WAS,2019,16,False,False,-6.0,76.0,RECONSTRUCTED_STARTER_IDENTITY_NOT_AS_ISSUED_T60,MARKET_TOTAL_RESIDUAL_SHAPE_AT_PRIOR_256_GAME_LEAGUE_MEAN,00-0028986,00-0035710,22.16117499175734,3.6569573032839253,2.883997524763336,5.116969108581543,3.624166232302272,5.619283676147461,-1.0,3.6000099182128906,,,42.0,26.514811515808105,45.49609375,23.602702140808105
2019_16_PIT_NYJ,2019,16,False,False,6.0,26.0,RECONSTRUCTED_STARTER_IDENTITY_NOT_AS_ISSUED_T60,MARKET_TOTAL_RESIDUAL_SHAPE_AT_PRIOR_256_GAME_LEAGUE_MEAN,00-0034869,00-0034771,0.39316743862198855,14.15004308135288,-4.58388317384025,6.982203483581543,-5.134158199549486,7.031393051147461,-3.0,5.574619293212891,,,36.5,6.290199279785156,45.49609375,12.163249015808105
2019_16_DET_DEN,2019,16,False,False,10.0,44.0,RECONSTRUCTED_STARTER_IDENTITY_NOT_AS_ISSUED_T60,MARKET_TOTAL_RESIDUAL_SHAPE_AT_PRIOR_256_GAME_LEAGUE_MEAN,00-0035704,00-0035040,27.10736468500443,-50.489037989037996,6.6769314808368385,3.277125358581543,9.780787587798535,2.849752426147461,9.5,2.8363380432128906,,,40.0,3.7277021408081055,45.49609375,3.1456708908081055
2019_16_OAK_LAC,2019,16,False,False,-7.0,41.0,RECONSTRUCTED_STARTER_IDENTITY_NOT_AS_ISSUED_T60,MARKET_TOTAL_RESIDUAL_SHAPE_AT_PRIOR_256_GAME_LEAGUE_MEAN,00-0022942,00-0031280,-1.074304639401924,-0.10257263251276516,7.3901909861606505,8.290797233581543,7.351321705885084,8.226705551147461,7.5,9.35977554321289,,,45.0,3.4659833908081055,45.49609375,3.4659833908081055
2019_16_ARI_SEA,2019,16,False,False,-14.0,40.0,RECONSTRUCTED_STARTER_IDENTITY_NOT_AS_ISSUED_T60,MARKET_TOTAL_RESIDUAL_SHAPE_AT_PRIOR_256_GAME_LEAGUE_MEAN,00-0029263,00-0035228,3.8222682556732,-0.2969259431765181,13.01894447370546,19.638453483581543,13.183712241659448,19.66225242614746,8.0,15.39688491821289,,,51.0,6.2902021408081055,45.49609375,3.7062177658081055
2019_16_DAL_PHI,2019,16,False,False,8.0,26.0,RECONSTRUCTED_STARTER_IDENTITY_NOT_AS_ISSUED_T60,MARKET_TOTAL_RESIDUAL_SHAPE_AT_PRIOR_256_GAME_LEAGUE_MEAN,00-0032950,00-0033077,3.0903210491958877,0.4608385123090919,1.6972028003632296,4.286890983581543,1.8023821018387014,4.298971176147461,-2.0,6.139072418212891,,,47.0,13.911295890808105,45.49609375,12.163249015808105
2019_16_KC_CHI,2019,16,False,False,-23.0,29.0,RECONSTRUCTED_STARTER_IDENTITY_NOT_AS_ISSUED_T60,MARKET_TOTAL_RESIDUAL_SHAPE_AT_PRIOR_256_GAME_LEAGUE_MEAN,00-0033869,00-0033873,3.7504259524296257,13.820979908557241,-2.1177747298431497,14.081812858581543,-2.5205968880882543,13.195455551147461,-6.5,10.15274429321289,,,45.5,10.495280265808105,45.49609375,9.696452140808105
2019_16_GB_MIN,2019,16,False,False,-13.0,33.0,RECONSTRUCTED_STARTER_IDENTITY_NOT_AS_ISSUED_T60,MARKET_TOTAL_RESIDUAL_SHAPE_AT_PRIOR_256_GAME_LEAGUE_MEAN,00-0029604,00-0023459,0.0,0.9544177732379922,5.163175040093556,11.464625358581543,5.124998329164036,11.441549301147461,4.0,10.96719741821289,,,47.0,8.212077140808105,45.49609375,6.8937177658081055
2019_17_ATL_TB,2019,17,False,False,-6.0,50.0,RECONSTRUCTED_STARTER_IDENTITY_NOT_AS_ISSUED_T60,MARKET_TOTAL_RESIDUAL_SHAPE_AT_PRIOR_256_GAME_LEAGUE_MEAN,00-0031503,00-0026143,0.30347406424990897,-6.345742427735757,2.3086424034971333,4.599390983581543,2.57461106317656,5.076314926147461,1.0,4.307041168212891,,,48.0,3.3058271408081055,45.51171875,3.7277021408081055
2019_17_CHI_MIN,2019,17,False,False,-2.0,40.0,RECONSTRUCTED_STARTER_IDENTITY_NOT_AS_ISSUED_T60,MARKET_TOTAL_RESIDUAL_SHAPE_AT_PRIOR_256_GAME_LEAGUE_MEAN,00-0032245,00-0033869,-113.39285714285711,1.6406757634827907,6.460083365046757,4.599390983581543,1.8587420487931616,3.209127426147461,-5.5,3.4320411682128906,,,36.5,3.4796524047851562,45.51171875,4.0089521408081055
2019_17_CLE_CIN,2019,17,False,False,10.0,56.0,RECONSTRUCTED_STARTER_IDENTITY_NOT_AS_ISSUED_T60,MARKET_TOTAL_RESIDUAL_SHAPE_AT_PRIOR_256_GAME_LEAGUE_MEAN,00-0027973,00-0034855,3.831416013544575,1.6869030152408815,-3.3382767738040093,8.335719108581543,-3.252496253871862,8.388814926147461,-2.5,8.09415054321289,,,44.0,7.4171552658081055,45.51171875,6.2569990158081055
2019_17_GB_DET,2019,17,False,False,-3.0,43.0,RECONSTRUCTED_STARTER_IDENTITY_NOT_AS_ISSUED_T60,MARKET_TOTAL_RESIDUAL_SHAPE_AT_PRIOR_256_GAME_LEAGUE_MEAN,00-0035040,00-0023459,-44.08623417721519,0.8508099480497577,-8.012435982133075,3.898219108581543,-9.809917747143672,4.756002426147461,-13.5,6.756259918212891,,,44.0,3.1456708908081055,45.51171875,3.2941083908081055
2019_17_LAC_KC,2019,17,False,False,10.0,52.0,RECONSTRUCTED_STARTER_IDENTITY_NOT_AS_ISSUED_T60,MARKET_TOTAL_RESIDUAL_SHAPE_AT_PRIOR_256_GAME_LEAGUE_MEAN,00-0033873,00-0022942,3.5683347397820864,-0.9258329987956504,11.73134288388561,2.915797233581543,11.91110959342872,2.892721176147461,10.0,2.8363380432128906,,,46.0,4.3800458908081055,45.51171875,4.3800458908081055
2019_17_MIA_NE,2019,17,False,False,-3.0,51.0,RECONSTRUCTED_STARTER_IDENTITY_NOT_AS_ISSUED_T60,MARKET_TOTAL_RESIDUAL_SHAPE_AT_PRIOR_256_GAME_LEAGUE_MEAN,00-0019596,00-0023682,-3.5215195988222314,0.05993603115004298,16.34356011679487,12.318140983581543,16.20030189159598,12.306783676147461,17.5,14.47305679321289,,,46.0,4.0284833908081055,45.51171875,4.0284833908081055
2019_17_NO_CAR,2019,17,False,False,-32.0,52.0,RECONSTRUCTED_STARTER_IDENTITY_NOT_AS_ISSUED_T60,MARKET_TOTAL_RESIDUAL_SHAPE_AT_PRIOR_256_GAME_LEAGUE_MEAN,00-0034577,00-0020531,10.688990402749255,3.3254219409282637,-9.04039497496924,15.904078483581543,-8.7458522364964,15.920064926147461,-13.5,11.81094741821289,,,45.0,4.7823896408081055,45.51171875,4.3800458908081055
2019_17_NYJ_BUF,2019,17,False,False,-7.0,19.0,RECONSTRUCTED_STARTER_IDENTITY_NOT_AS_ISSUED_T60,MARKET_TOTAL_RESIDUAL_SHAPE_AT_PRIOR_256_GAME_LEAGUE_MEAN,00-0030533,00-0034869,-26.495215311004785,0.38163310016743335,9.13408928196406,9.818140983581543,8.059015345517173,8.986471176147461,-1.5,3.6000099182128906,,,37.0,11.321449279785156,45.51171875,19.503092765808105
2019_17_ARI_LA,2019,17,False,False,7.0,55.0,RECONSTRUCTED_STARTER_IDENTITY_NOT_AS_ISSUED_T60,MARKET_TOTAL_RESIDUAL_SHAPE_AT_PRIOR_256_GAME_LEAGUE_MEAN,00-0033106,00-0035228,3.4914234511008724,0.9349112426035422,8.221539322635962,2.861109733581543,8.323799810975856,2.836080551147461,7.0,2.8363380432128906,,,46.0,5.7198896408081055,45.51171875,5.7198896408081055
2019_17_IND_JAX,2019,17,False,False,18.0,58.0,RECONSTRUCTED_STARTER_IDENTITY_NOT_AS_ISSUED_T60,MARKET_TOTAL_RESIDUAL_SHAPE_AT_PRIOR_256_GAME_LEAGUE_MEAN,00-0035289,00-0033119,18.184325226000865,9.150238718620063,-3.0078047896942643,14.888453483581543,-2.6464413293990323,14.910299301147461,-5.0,16.32852554321289,,,41.5,10.245280265808105,45.51171875,7.4171552658081055
2019_17_OAK_DEN,2019,17,False,False,1.0,31.0,RECONSTRUCTED_STARTER_IDENTITY_NOT_AS_ISSUED_T60,MARKET_TOTAL_RESIDUAL_SHAPE_AT_PRIOR_256_GAME_LEAGUE_MEAN,00-0035704,00-0031280,26.918139513559346,0.013777267508618962,5.78439095570895,3.460719108581543,6.860565445550979,3.767721176147461,5.5,3.6000099182128906,,,41.5,6.2902021408081055,45.51171875,8.936686515808105
2019_17_PHI_NYG,2019,17,False,False,-17.0,51.0,RECONSTRUCTED_STARTER_IDENTITY_NOT_AS_ISSUED_T60,MARKET_TOTAL_RESIDUAL_SHAPE_AT_PRIOR_256_GAME_LEAGUE_MEAN,00-0035710,00-0032950,-11.558763348040157,3.0193569812340337,-5.4029066611340655,6.896265983581543,-5.986031474305033,6.207174301147461,-4.0,7.830478668212891,,,44.0,4.7823896408081055,45.51171875,4.0284833908081055
2019_17_PIT_BAL,2019,17,False,False,18.0,38.0,RECONSTRUCTED_STARTER_IDENTITY_NOT_AS_ISSUED_T60,MARKET_TOTAL_RESIDUAL_SHAPE_AT_PRIOR_256_GAME_LEAGUE_MEAN,00-0029665,00-0035577,-107.08025962143306,3.8612877583465766,11.433434815684523,4.736109733581543,6.995772920493336,7.031393051147461,-2.0,13.64102554321289,,,35.0,3.4796504974365234,45.51171875,4.7609052658081055
2019_17_TEN_HOU,2019,17,False,False,-21.0,49.0,RECONSTRUCTED_STARTER_IDENTITY_NOT_AS_ISSUED_T60,MARKET_TOTAL_RESIDUAL_SHAPE_AT_PRIOR_256_GAME_LEAGUE_MEAN,00-0031288,00-0029701,-15.611169652265545,16.692182239057217,4.254091005365126,17.761500358581543,2.9619569297122155,16.85170555114746,-10.0,6.433994293212891,,,43.0,4.3800458908081055,45.51171875,3.4796552658081055
2019_17_WAS_DAL,2019,17,False,False,31.0,63.0,RECONSTRUCTED_STARTER_IDENTITY_NOT_AS_ISSUED_T60,MARKET_TOTAL_RESIDUAL_SHAPE_AT_PRIOR_256_GAME_LEAGUE_MEAN,00-0033077,00-0028986,0.44964355309182746,12.26078901482126,11.645510512347018,13.134547233581543,11.17306469387784,14.029439926147461,13.0,11.93790054321289,,,47.5,9.479655265808105,45.51171875,11.034342765808105
2019_17_SF_SEA,2019,17,False,False,-5.0,47.0,RECONSTRUCTED_STARTER_IDENTITY_NOT_AS_ISSUED_T60,MARKET_TOTAL_RESIDUAL_SHAPE_AT_PRIOR_256_GAME_LEAGUE_MEAN,00-0029263,00-0031345,3.6377019177210146,-3.5533241486505496,1.0381209375448543,3.767359733581543,1.325761980199717,3.767721176147461,-3.5,2.8441505432128906,,,47.0,3.1652021408081055,45.51171875,3.2023115158081055
2020_01_HOU_KC,2020,1,True,False,14.0,54.0,RECONSTRUCTED_STARTER_IDENTITY_NOT_AS_ISSUED_T60,MARKET_TOTAL_RESIDUAL_SHAPE_AT_PRIOR_256_GAME_LEAGUE_MEAN,00-0033873,00-0033537,1.361522813135707,12.175447851253395,8.076688160179328,4.489959106445313,7.64413115865462,4.495416259765624,9.5,3.556364135742183,,,53.5,3.206777954101555,45.625,5.173965454101558
2020_01_CHI_DET,2020,1,True,False,-4.0,50.0,RECONSTRUCTED_STARTER_IDENTITY_NOT_AS_ISSUED_T60,MARKET_TOTAL_RESIDUAL_SHAPE_AT_PRIOR_256_GAME_LEAGUE_MEAN,00-0026498,00-0033869,64.53485150709221,1.6866987179487092,-2.1998284341603083,2.877459106445313,0.3140976774054317,3.1313537597656236,2.5,4.178239135742186,,,42.5,4.727090454101558,45.625,3.713027954101558
2020_01_CLE_BAL,2020,1,True,False,32.0,44.0,RECONSTRUCTED_STARTER_IDENTITY_NOT_AS_ISSUED_T60,MARKET_TOTAL_RESIDUAL_SHAPE_AT_PRIOR_256_GAME_LEAGUE_MEAN,00-0034796,00-0034855,19.252361873670655,1.7355371900826366,10.515901671089214,15.255584106445312,11.216574658432735,15.262603759765625,7.0,18.470426635742182,,,47.0,3.3411529541015534,45.625,3.2270904541015577
2020_01_GB_MIN,2020,1,True,False,-9.0,77.0,RECONSTRUCTED_STARTER_IDENTITY_NOT_AS_ISSUED_T60,MARKET_TOTAL_RESIDUAL_SHAPE_AT_PRIOR_256_GAME_LEAGUE_MEAN,00-0029604,00-0023459,15.244226527412374,0.534714445688711,2.147256821459723,6.016521606445313,2.73563730472867,6.589166259765623,1.0,5.631364135742184,,,45.0,24.489590454101563,45.625,23.52084045410156
2020_01_IND_JAX,2020,1,True,False,7.0,47.0,RECONSTRUCTED_STARTER_IDENTITY_NOT_AS_ISSUED_T60,MARKET_TOTAL_RESIDUAL_SHAPE_AT_PRIOR_256_GAME_LEAGUE_MEAN,00-0035289,00-0022942,13.378999870449547,32.29244712990938,0.8339122839279116,4.489959106445313,0.07737439354951846,4.981353759765623,-7.0,9.056364135742186,,,44.0,3.488027954101555,45.625,3.236465454101558
2020_01_LV_CAR,2020,1,True,False,-4.0,64.0,RECONSTRUCTED_STARTER_IDENTITY_NOT_AS_ISSUED_T60,MARKET_TOTAL_RESIDUAL_SHAPE_AT_PRIOR_256_GAME_LEAGUE_MEAN,00-0031237,00-0031280,64.71669500482514,2.3089591567852397,1.8163782387499487,3.643084106445313,4.312687672671545,4.432916259765623,-3.0,2.853239135742185,,,48.0,10.133340454101553,45.625,11.71615295410156
2020_01_MIA_NE,2020,1,True,False,10.0,32.0,RECONSTRUCTED_STARTER_IDENTITY_NOT_AS_ISSUED_T60,MARKET_TOTAL_RESIDUAL_SHAPE_AT_PRIOR_256_GAME_LEAGUE_MEAN,00-0027939,00-0023682,0.4318450462067469,-0.9636770941675366,9.304470531607713,2.9930841064453135,9.360291417222683,2.984478759765624,7.5,3.0891766357421835,,,41.5,5.7833404541015545,45.625,8.253652954101558
2020_01_NYJ_BUF,2020,1,True,False,10.0,44.0,RECONSTRUCTED_STARTER_IDENTITY_NOT_AS_ISSUED_T60,MARKET_TOTAL_RESIDUAL_SHAPE_AT_PRIOR_256_GAME_LEAGUE_MEAN,00-0034857,00-0034869,0.5967604433077645,0.4219746434713789,4.731655381145884,4.071209106445313,4.738646813139339,4.0610412597656245,6.5,3.290739135742183,,,39.5,3.7130279541015607,45.625,3.2270904541015577
2020_01_PHI_WAS,2020,1,True,False,10.0,44.0,RECONSTRUCTED_STARTER_IDENTITY_NOT_AS_ISSUED_T60,MARKET_TOTAL_RESIDUAL_SHAPE_AT_PRIOR_256_GAME_LEAGUE_MEAN,00-0035232,00-0032950,-17.701612903225804,1.2048299900412562,-3.802803263308433,9.402459106445313,-4.559060979039116,10.200103759765625,-5.5,10.578239135742187,,,41.5,3.331777954101553,45.625,3.2270904541015577
2020_01_SEA_ATL,2020,1,True,False,-13.0,63.0,RECONSTRUCTED_STARTER_IDENTITY_NOT_AS_ISSUED_T60,MARKET_TOTAL_RESIDUAL_SHAPE_AT_PRIOR_256_GAME_LEAGUE_MEAN,00-0026143,00-0029263,1.7955300513440076,3.5730864648493954,2.1046598319451006,8.682146606445311,2.033557575404885,8.656353759765624,1.0,8.295426635742185,,,49.5,7.973965454101555,45.625,10.916152954101559
2020_01_LAC_CIN,2020,1,True,False,-3.0,29.0,RECONSTRUCTED_STARTER_IDENTITY_NOT_AS_ISSUED_T60,MARKET_TOTAL_RESIDUAL_SHAPE_AT_PRIOR_256_GAME_LEAGUE_MEAN,00-0036442,00-0028118,32.4033444481223,-40.428027901078,-0.9105195449073381,2.877459106445313,2.002735349060674,3.3579162597656236,-2.5,2.865739135742186,,,41.5,7.5724029541015545,45.625,10.533340454101559
2020_01_ARI_SF,2020,1,True,False,-4.0,44.0,RECONSTRUCTED_STARTER_IDENTITY_NOT_AS_ISSUED_T60,MARKET_TOTAL_RESIDUAL_SHAPE_AT_PRIOR_256_GAME_LEAGUE_MEAN,00-0031345,00-0035228,-4.154398233345602,0.842418669819156,9.045401691168227,7.275896606445314,8.845529015041636,7.234478759765624,7.0,6.2110516357421846,,,48.5,3.759902954101558,45.625,3.2270904541015577
2020_01_TB_NO,2020,1,True,False,11.0,57.0,RECONSTRUCTED_STARTER_IDENTITY_NOT_AS_ISSUED_T60,MARKET_TOTAL_RESIDUAL_SHAPE_AT_PRIOR_256_GAME_LEAGUE_MEAN,00-0020531,00-0019596,-1.0453745825373506,-19.624224478285377,7.047055821679305,3.7102716064453123,7.790209817509226,3.398541259765625,4.0,4.7344891357421846,,,48.5,5.173965454101558,45.625,6.745840454101558
2020_01_DAL_LA,2020,1,True,False,3.0,37.0,RECONSTRUCTED_STARTER_IDENTITY_NOT_AS_ISSUED_T60,MARKET_TOTAL_RESIDUAL_SHAPE_AT_PRIOR_256_GAME_LEAGUE_MEAN,00-0033106,00-0033077,3.533411033411027,0.4770412277763203,3.244747321797422,2.8977716064453123,3.36700211402281,2.867291259765624,1.0,3.0891766357421835,,,52.0,8.978652954101555,45.625,5.270840454101557
2020_01_PIT_NYG,2020,1,True,False,-10.0,42.0,RECONSTRUCTED_STARTER_IDENTITY_NOT_AS_ISSUED_T60,MARKET_TOTAL_RESIDUAL_SHAPE_AT_PRIOR_256_GAME_LEAGUE_MEAN,00-0035710,00-0022924,-17.984453129990886,69.94511781657909,-2.225272957930283,4.432146606445313,-5.742455795793083,3.1313537597656245,-6.0,3.259489135742186,,,44.0,3.227090454101556,45.625,3.517715454101558
2020_01_TEN_DEN,2020,1,True,False,-2.0,30.0,RECONSTRUCTED_STARTER_IDENTITY_NOT_AS_ISSUED_T60,MARKET_TOTAL_RESIDUAL_SHAPE_AT_PRIOR_256_GAME_LEAGUE_MEAN,00-0035704,00-0029701,22.714043961765906,-3.330554011487852,-1.538044983858017,2.8977716064453123,-0.49626106492786676,2.851666259765624,-3.0,2.9407391357421853,,,41.0,6.338027954101559,45.625,9.736465454101559
2020_02_CIN_CLE,2020,2,False,False,5.0,65.0,RECONSTRUCTED_STARTER_IDENTITY_NOT_AS_ISSUED_T60,MARKET_TOTAL_RESIDUAL_SHAPE_AT_PRIOR_256_GAME_LEAGUE_MEAN,00-0034855,00-0036442,1.7054422275163628,-35.95126247798004,4.978316381193826,2.8977716064453123,6.484584569413682,2.8251037597656232,6.0,2.853239135742185,,,44.5,13.380215454101563,45.5546875,12.53646545410156
2020_02_ATL_DAL,2020,2,False,False,1.0,79.0,RECONSTRUCTED_STARTER_IDENTITY_NOT_AS_ISSUED_T60,MARKET_TOTAL_RESIDUAL_SHAPE_AT_PRIOR_256_GAME_LEAGUE_MEAN,00-0033077,00-0026143,0.4608672257898405,-12.183779761904745,3.3358677283599354,2.877459106445313,3.841653607867719,2.9594787597656236,3.0,2.9251141357421853,,,53.0,18.75990295410156,45.5546875,25.45834045410156
2020_02_BUF_MIA,2020,2,False,False,-3.0,59.0,RECONSTRUCTED_STARTER_IDENTITY_NOT_AS_ISSUED_T60,MARKET_TOTAL_RESIDUAL_SHAPE_AT_PRIOR_256_GAME_LEAGUE_MEAN,00-0023682,00-0034857,-0.9962969493916507,0.699287997675091,-2.269454515289153,2.8555841064453134,-2.337277913171823,2.825103759765624,-5.5,3.290739135742186,,,42.5,10.133340454101557,45.5546875,7.973965454101557
2020_02_CAR_TB,2020,2,False,False,14.0,48.0,RECONSTRUCTED_STARTER_IDENTITY_NOT_AS_ISSUED_T60,MARKET_TOTAL_RESIDUAL_SHAPE_AT_PRIOR_256_GAME_LEAGUE_MEAN,00-0019596,00-0031237,-25.435353836966268,57.26091459004537,6.088625986878233,5.499334106445313,2.7807752497977676,7.325103759765623,7.5,4.2891766357421846,,,47.0,3.2364654541015545,45.5546875,3.3317779541015566
2020_02_DEN_PIT,2020,2,False,False,5.0,47.0,RECONSTRUCTED_STARTER_IDENTITY_NOT_AS_ISSUED_T60,MARKET_TOTAL_RESIDUAL_SHAPE_AT_PRIOR_256_GAME_LEAGUE_MEAN,00-0022924,00-0032436,53.641511549674824,-28.33109974009098,4.413123734957189,2.9930841064453126,7.692028186547821,2.9594787597656245,6.0,2.853239135742185,,,41.0,4.333340454101558,45.5546875,3.236465454101558
2020_02_DET_GB,2020,2,False,False,21.0,63.0,RECONSTRUCTED_STARTER_IDENTITY_NOT_AS_ISSUED_T60,MARKET_TOTAL_RESIDUAL_SHAPE_AT_PRIOR_256_GAME_LEAGUE_MEAN,00-0023459,00-0026498,0.6961587499660915,76.92214435181188,11.33385091245147,6.669646606445312,8.28481148837764,8.696978759765624,7.0,9.056364135742182,,,51.0,7.3364654541015595,45.5546875,10.916152954101559
2020_02_JAX_TEN,2020,2,False,False,3.0,63.0,RECONSTRUCTED_STARTER_IDENTITY_NOT_AS_ISSUED_T60,MARKET_TOTAL_RESIDUAL_SHAPE_AT_PRIOR_256_GAME_LEAGUE_MEAN,00-0029701,00-0035289,-3.222257358948033,9.518518518518526,8.633917088232092,3.643084106445314,8.12428605313343,3.3579162597656245,7.0,3.259489135742183,,,44.5,11.716152954101563,45.5546875,10.916152954101559
2020_02_LA_PHI,2020,2,False,False,-18.0,56.0,RECONSTRUCTED_STARTER_IDENTITY_NOT_AS_ISSUED_T60,MARKET_TOTAL_RESIDUAL_SHAPE_AT_PRIOR_256_GAME_LEAGUE_MEAN,00-0032950,00-0033106,0.5315445088794446,4.572927072927069,0.1307757586336811,11.035271606445313,-0.03087954392822386,11.042291259765623,2.0,13.196989135742182,,,46.0,6.184902954101557,45.5546875,6.184902954101557
2020_02_MIN_IND,2020,2,False,False,17.0,39.0,RECONSTRUCTED_STARTER_IDENTITY_NOT_AS_ISSUED_T60,MARKET_TOTAL_RESIDUAL_SHAPE_AT_PRIOR_256_GAME_LEAGUE_MEAN,00-0022942,00-0029604,24.119961295548986,10.612699557207183,-0.625209425308276,12.619646606445311,-0.08491895577460383,11.798541259765624,3.5,8.336051635742184,,,49.0,5.783340454101558,45.5546875,4.409902954101557
2020_02_NYG_CHI,2020,2,False,False,4.0,30.0,RECONSTRUCTED_STARTER_IDENTITY_NOT_AS_ISSUED_T60,MARKET_TOTAL_RESIDUAL_SHAPE_AT_PRIOR_256_GAME_LEAGUE_MEAN,00-0033869,00-0035710,1.800075565391035,-17.852447673412897,9.256187583417669,3.3555841064453142,10.042288512969826,3.648541259765625,4.5,2.853239135742185,,,42.5,7.572402954101558,45.5546875,9.736465454101559
2020_02_SF_NYJ,2020,2,False,False,-18.0,44.0,RECONSTRUCTED_STARTER_IDENTITY_NOT_AS_ISSUED_T60,MARKET_TOTAL_RESIDUAL_SHAPE_AT_PRIOR_256_GAME_LEAGUE_MEAN,00-0034869,00-0031345,0.4419509002632882,-4.33145321831454,-2.7125052726948797,8.682146606445311,-2.521569107951766,8.656353759765624,-7.0,6.211051635742187,,,41.5,3.331777954101553,45.5546875,3.2270904541015577
2020_02_WAS_ARI,2020,2,False,False,15.0,45.0,RECONSTRUCTED_STARTER_IDENTITY_NOT_AS_ISSUED_T60,MARKET_TOTAL_RESIDUAL_SHAPE_AT_PRIOR_256_GAME_LEAGUE_MEAN,00-0035228,00-0035232,0.8186813186813025,-17.103263477843544,5.424372443500224,6.669646606445312,6.141250235361218,6.093853759765624,7.5,4.7344891357421846,,,46.5,3.227090454101554,45.5546875,3.192715454101557
2020_02_BAL_HOU,2020,2,False,False,-17.0,49.0,RECONSTRUCTED_STARTER_IDENTITY_NOT_AS_ISSUED_T60,MARKET_TOTAL_RESIDUAL_SHAPE_AT_PRIOR_256_GAME_LEAGUE_MEAN,00-0033537,00-0034796,11.667267483777955,20.843183609141036,-2.743640879602135,7.963396606445313,-3.110677524616658,7.925103759765623,-7.5,5.098551635742186,,,49.5,3.192715454101555,45.5546875,3.4880279541015566
2020_02_KC_LAC,2020,2,False,False,-3.0,43.0,RECONSTRUCTED_STARTER_IDENTITY_NOT_AS_ISSUED_T60,MARKET_TOTAL_RESIDUAL_SHAPE_AT_PRIOR_256_GAME_LEAGUE_MEAN,00-0036355,00-0033873,3.497967382061562,0.8797915047914939,-5.1380972872505115,3.161834106445313,-5.03337025215971,3.164166259765624,-8.5,4.289176635742191,,,47.0,3.5177154541015545,45.5546875,3.341152954101557
2020_02_NE_SEA,2020,2,False,False,5.0,65.0,RECONSTRUCTED_STARTER_IDENTITY_NOT_AS_ISSUED_T60,MARKET_TOTAL_RESIDUAL_SHAPE_AT_PRIOR_256_GAME_LEAGUE_MEAN,00-0029263,00-0027939,3.6510304766451895,-2.1537842190016088,2.098464531653035,3.4024591064453134,2.3306571194789067,3.398541259765624,4.0,2.9407391357421835,,,45.0,13.380215454101563,45.5546875,12.53646545410156
2020_02_NO_LV,2020,2,False,False,10.0,58.0,RECONSTRUCTED_STARTER_IDENTITY_NOT_AS_ISSUED_T60,MARKET_TOTAL_RESIDUAL_SHAPE_AT_PRIOR_256_GAME_LEAGUE_MEAN,00-0031280,00-0020531,2.1850296442687656,-3.2520547945205536,-4.046300107884317,9.402459106445313,-3.8288167303327443,9.434478759765625,-4.0,9.056364135742186,,,47.5,6.184902954101555,45.5546875,7.336465454101558
2020_03_MIA_JAX,2020,3,False,False,-18.0,44.0,RECONSTRUCTED_STARTER_IDENTITY_NOT_AS_ISSUED_T60,MARKET_TOTAL_RESIDUAL_SHAPE_AT_PRIOR_256_GAME_LEAGUE_MEAN,00-0035289,00-0023682,22.07039459857083,-0.9918881383750966,4.945051451758582,15.414959106445313,5.867542761236418,16.368853759765624,3.0,14.089176635742188,,,49.0,3.759902954101558,46.47265625,3.2270904541015577
2020_03_CHI_ATL,2020,3,False,False,-4.0,56.0,RECONSTRUCTED_STARTER_IDENTITY_NOT_AS_ISSUED_T60,MARKET_TOTAL_RESIDUAL_SHAPE_AT_PRIOR_256_GAME_LEAGUE_MEAN,00-0026143,00-0029567,-0.4764691329831816,20.47132281721322,0.7770380541571194,3.3555841064453142,-0.06087362385073675,3.1313537597656236,2.5,4.178239135742186,,,46.0,6.184902954101557,46.47265625,6.184902954101557
2020_03_CIN_PHI,2020,3,False,False,0.0,46.0,RECONSTRUCTED_STARTER_IDENTITY_NOT_AS_ISSUED_T60,MARKET_TOTAL_RESIDUAL_SHAPE_AT_PRIOR_256_GAME_LEAGUE_MEAN,00-0032950,00-0036442,0.15281904630284338,-2.881674757281538,6.934728865807501,4.007146606445312,7.056108617950876,4.009478759765625,5.5,3.811051635742186,,,46.5,3.1927154541015534,46.47265625,3.2067779541015566
2020_03_HOU_PIT,2020,3,False,False,7.0,49.0,RECONSTRUCTED_STARTER_IDENTITY_NOT_AS_ISSUED_T60,MARKET_TOTAL_RESIDUAL_SHAPE_AT_PRIOR_256_GAME_LEAGUE_MEAN,00-0022924,00-0033537,53.89061306842464,-2.759742514304775,4.586088484285528,3.161834106445312,6.852102707594705,2.867291259765625,4.0,3.290739135742183,,,46.5,3.331777954101553,46.47265625,3.4880279541015566
2020_03_LA_BUF,2020,3,False,False,3.0,67.0,RECONSTRUCTED_STARTER_IDENTITY_NOT_AS_ISSUED_T60,MARKET_TOTAL_RESIDUAL_SHAPE_AT_PRIOR_256_GAME_LEAGUE_MEAN,00-0034857,00-0033106,2.887652278538133,4.546315461937045,0.5868753431965889,3.161834106445313,0.5205288158606324,3.164166259765624,1.5,2.9407391357421835,,,46.5,13.380215454101556,46.47265625,14.244277954101559
2020_03_LV_NE,2020,3,False,False,16.0,56.0,RECONSTRUCTED_STARTER_IDENTITY_NOT_AS_ISSUED_T60,MARKET_TOTAL_RESIDUAL_SHAPE_AT_PRIOR_256_GAME_LEAGUE_MEAN,00-0027939,00-0031280,-11.60656303972365,2.043914424777382,6.100496480103348,6.669646606445313,5.554477381523307,6.696978759765624,7.0,5.778239135742184,,,47.0,5.653652954101553,46.47265625,6.184902954101557
2020_03_SF_NYG,2020,3,False,False,-27.0,45.0,RECONSTRUCTED_STARTER_IDENTITY_NOT_AS_ISSUED_T60,MARKET_TOTAL_RESIDUAL_SHAPE_AT_PRIOR_256_GAME_LEAGUE_MEAN,00-0035710,00-0033319,-2.197224558452482,-13.164310377006338,-6.733012303321957,12.735271606445313,-6.294328870579803,13.648541259765622,-3.0,16.843864135742187,,,44.0,3.2364654541015563,46.47265625,3.192715454101557
2020_03_TEN_MIN,2020,3,False,False,-1.0,61.0,RECONSTRUCTED_STARTER_IDENTITY_NOT_AS_ISSUED_T60,MARKET_TOTAL_RESIDUAL_SHAPE_AT_PRIOR_256_GAME_LEAGUE_MEAN,00-0029604,00-0029701,12.810513317705174,-3.20592912312585,-1.434787406389014,2.8977716064453123,-0.7941297087557732,2.867291259765625,-3.0,3.0891766357421853,,,49.5,6.745840454101557,46.47265625,9.377090454101559
2020_03_WAS_CLE,2020,3,False,False,14.0,54.0,RECONSTRUCTED_STARTER_IDENTITY_NOT_AS_ISSUED_T60,MARKET_TOTAL_RESIDUAL_SHAPE_AT_PRIOR_256_GAME_LEAGUE_MEAN,00-0034855,00-0035232,1.8417833925340243,-5.747129403989915,4.86234792750648,6.071209106445313,5.165904439367438,6.093853759765625,7.5,4.2891766357421846,,,45.0,5.6536529541015605,46.47265625,5.173965454101558
2020_03_CAR_LAC,2020,3,False,False,-5.0,37.0,RECONSTRUCTED_STARTER_IDENTITY_NOT_AS_ISSUED_T60,MARKET_TOTAL_RESIDUAL_SHAPE_AT_PRIOR_256_GAME_LEAGUE_MEAN,00-0036355,00-0031237,40.793650793650805,53.79124408846121,6.21894002674735,6.0165216064453135,5.699036294954934,5.990728759765624,6.0,6.211051635742186,,,43.5,4.409902954101555,46.47265625,5.270840454101557
2020_03_NYJ_IND,2020,3,False,False,29.0,43.0,RECONSTRUCTED_STARTER_IDENTITY_NOT_AS_ISSUED_T60,MARKET_TOTAL_RESIDUAL_SHAPE_AT_PRIOR_256_GAME_LEAGUE_MEAN,00-0022942,00-0034869,24.466863262455373,0.46074006497973663,5.559949240780452,17.069646606445314,6.5201941686794775,16.161041259765625,12.5,10.578239135742184,,,44.0,3.192715454101555,46.47265625,3.341152954101557
2020_03_DAL_SEA,2020,3,False,False,7.0,69.0,RECONSTRUCTED_STARTER_IDENTITY_NOT_AS_ISSUED_T60,MARKET_TOTAL_RESIDUAL_SHAPE_AT_PRIOR_256_GAME_LEAGUE_MEAN,00-0029263,00-0033077,3.7936667504397947,1.372746971338512,5.238427155385225,3.161834106445312,5.335263946549277,3.164166259765625,5.5,2.9407391357421853,,,58.0,6.745840454101557,46.47265625,16.00990295410156
2020_03_DET_ARI,2020,3,False,False,-3.0,49.0,RECONSTRUCTED_STARTER_IDENTITY_NOT_AS_ISSUED_T60,MARKET_TOTAL_RESIDUAL_SHAPE_AT_PRIOR_256_GAME_LEAGUE_MEAN,00-0035228,00-0026498,-0.1419963925240797,79.10543184322106,6.795869454874346,5.454021606445313,3.6259723254445406,4.009478759765624,4.5,4.614176635742186,,,55.5,4.409902954101554,46.47265625,3.4880279541015566
2020_03_TB_DEN,2020,3,False,False,-18.0,38.0,RECONSTRUCTED_STARTER_IDENTITY_NOT_AS_ISSUED_T60,MARKET_TOTAL_RESIDUAL_SHAPE_AT_PRIOR_256_GAME_LEAGUE_MEAN,00-0032436,00-0019596,-28.247691162953558,-18.37080147590249,1.5183030402245823,12.735271606445313,1.1232274527425394,11.889166259765624,-6.0,6.867301635742187,,,42.5,3.759902954101558,46.47265625,4.806777954101558
2020_03_GB_NO,2020,3,False,False,-7.0,67.0,RECONSTRUCTED_STARTER_IDENTITY_NOT_AS_ISSUED_T60,MARKET_TOTAL_RESIDUAL_SHAPE_AT_PRIOR_256_GAME_LEAGUE_MEAN,00-0020531,00-0023459,-2.4810737219843837,0.7259989691560609,1.4462968764478956,4.432146606445314,1.3180139688022776,4.432916259765623,3.5,6.2110516357421846,,,52.0,9.377090454101555,46.47265625,14.244277954101559
2020_03_KC_BAL,2020,3,False,False,-14.0,54.0,RECONSTRUCTED_STARTER_IDENTITY_NOT_AS_ISSUED_T60,MARKET_TOTAL_RESIDUAL_SHAPE_AT_PRIOR_256_GAME_LEAGUE_MEAN,00-0034796,00-0033873,27.431343490946112,0.8555932758594897,2.085533173973281,9.433709106445313,3.148563182576746,10.212603759765624,3.5,11.462614135742182,,,55.0,3.192715454101555,46.47265625,5.173965454101558
2020_04_DEN_NYJ,2020,4,False,False,-9.0,65.0,RECONSTRUCTED_STARTER_IDENTITY_NOT_AS_ISSUED_T60,MARKET_TOTAL_RESIDUAL_SHAPE_AT_PRIOR_256_GAME_LEAGUE_MEAN,00-0034869,00-0034955,0.4227160056657242,-107.03081232492997,0.9547167368293412,5.4540216064453135,5.25285787005317,7.925103759765624,1.0,5.631364135742184,,,41.0,16.91615295410156,46.80078125,11.716152954101556
2020_04_ARI_CAR,2020,4,False,False,10.0,52.0,RECONSTRUCTED_STARTER_IDENTITY_NOT_AS_ISSUED_T60,MARKET_TOTAL_RESIDUAL_SHAPE_AT_PRIOR_256_GAME_LEAGUE_MEAN,00-0031237,00-0035228,60.081597222222214,-0.4025894318447465,0.4488242454942519,6.669646606445312,2.86819171165693,4.981353759765623,-3.0,8.336051635742187,,,52.5,3.192715454101558,46.80078125,3.995840454101553
2020_04_BAL_WAS,2020,4,False,False,-14.0,48.0,RECONSTRUCTED_STARTER_IDENTITY_NOT_AS_ISSUED_T60,MARKET_TOTAL_RESIDUAL_SHAPE_AT_PRIOR_256_GAME_LEAGUE_MEAN,00-0035232,00-0034796,-2.2055360554494197,21.866849913967545,-8.34396104491013,3.643084106445313,-9.306856483686808,3.3579162597656245,-14.5,2.940739135742188,,,45.0,3.48802795410156,46.80078125,3.2364654541015545
2020_04_CLE_DAL,2020,4,False,False,-11.0,87.0,RECONSTRUCTED_STARTER_IDENTITY_NOT_AS_ISSUED_T60,MARKET_TOTAL_RESIDUAL_SHAPE_AT_PRIOR_256_GAME_LEAGUE_MEAN,00-0033077,00-0034855,0.8738065587380772,1.9310524773867632,4.877249189464392,9.433709106445313,4.834959352718445,9.417291259765623,3.5,9.056364135742182,,,56.5,22.556777954101555,46.80078125,32.33490295410155
2020_04_JAX_CIN,2020,4,False,False,8.0,58.0,RECONSTRUCTED_STARTER_IDENTITY_NOT_AS_ISSUED_T60,MARKET_TOTAL_RESIDUAL_SHAPE_AT_PRIOR_256_GAME_LEAGUE_MEAN,00-0036442,00-0035289,1.7703533026113494,10.747113119375884,0.8139640012580276,4.971209106445314,0.4548936085874461,5.518853759765623,1.0,4.7344891357421846,,,50.0,5.173965454101556,46.80078125,6.745840454101555
2020_04_LAC_TB,2020,4,False,False,7.0,69.0,RECONSTRUCTED_STARTER_IDENTITY_NOT_AS_ISSUED_T60,MARKET_TOTAL_RESIDUAL_SHAPE_AT_PRIOR_256_GAME_LEAGUE_MEAN,00-0019596,00-0036355,-15.655636028970443,18.818120883604372,6.084808320638522,2.9930841064453135,4.70585804413553,3.164166259765625,7.5,2.853239135742183,,,42.5,18.75990295410156,46.80078125,15.120840454101554
2020_04_MIN_HOU,2020,4,False,False,-8.0,54.0,RECONSTRUCTED_STARTER_IDENTITY_NOT_AS_ISSUED_T60,MARKET_TOTAL_RESIDUAL_SHAPE_AT_PRIOR_256_GAME_LEAGUE_MEAN,00-0033537,00-0029604,13.251403317694365,17.604059167526675,1.5077084780697987,5.454021606445313,1.3336022440765065,4.904791259765624,3.5,6.8673016357421846,,,52.5,3.236465454101559,46.80078125,4.727090454101554
2020_04_NO_DET,2020,4,False,False,-6.0,64.0,RECONSTRUCTED_STARTER_IDENTITY_NOT_AS_ISSUED_T60,MARKET_TOTAL_RESIDUAL_SHAPE_AT_PRIOR_256_GAME_LEAGUE_MEAN,00-0026498,00-0020531,69.33768016472203,-3.6202615139875327,-3.890540206069718,2.877459106445313,-0.9722225389213354,3.3579162597656245,-3.0,3.068864135742186,,,51.5,7.336465454101556,46.80078125,10.916152954101555
2020_04_SEA_MIA,2020,4,False,False,-8.0,54.0,RECONSTRUCTED_STARTER_IDENTITY_NOT_AS_ISSUED_T60,MARKET_TOTAL_RESIDUAL_SHAPE_AT_PRIOR_256_GAME_LEAGUE_MEAN,00-0023682,00-0029263,-0.9308158003125788,3.6851667418807743,-4.199987991267799,3.130584106445312,-4.384627292955533,3.1313537597656245,-4.5,3.0688641357421877,,,55.0,3.192715454101555,46.80078125,4.727090454101554
2020_04_NYG_LA,2020,4,False,False,8.0,26.0,RECONSTRUCTED_STARTER_IDENTITY_NOT_AS_ISSUED_T60,MARKET_TOTAL_RESIDUAL_SHAPE_AT_PRIOR_256_GAME_LEAGUE_MEAN,00-0033106,00-0035710,1.4274932614555258,-2.503420860169392,11.673144995949997,3.130584106445312,11.830381560814994,3.1313537597656245,13.5,3.811051635742184,,,49.5,16.714590454101554,46.80078125,13.967715454101555
2020_04_BUF_LV,2020,4,False,False,-7.0,53.0,RECONSTRUCTED_STARTER_IDENTITY_NOT_AS_ISSUED_T60,MARKET_TOTAL_RESIDUAL_SHAPE_AT_PRIOR_256_GAME_LEAGUE_MEAN,00-0031280,00-0034857,2.1384024289090364,2.5824691761247687,-0.5430285147250561,3.643084106445313,-0.5607911846136854,3.648541259765625,-3.0,3.259489135742185,,,53.0,3.2067779541015575,46.80078125,4.333340454101553
2020_04_IND_CHI,2020,4,False,False,-8.0,30.0,RECONSTRUCTED_STARTER_IDENTITY_NOT_AS_ISSUED_T60,MARKET_TOTAL_RESIDUAL_SHAPE_AT_PRIOR_256_GAME_LEAGUE_MEAN,00-0029567,00-0022942,22.787095835959082,5.545738045738036,4.499391688006636,6.622771606445312,5.189045999615478,7.234478759765625,-3.5,3.259489135742185,,,43.5,8.253652954101554,46.80078125,10.533340454101555
2020_04_PHI_SF,2020,4,False,False,-5.0,45.0,RECONSTRUCTED_STARTER_IDENTITY_NOT_AS_ISSUED_T60,MARKET_TOTAL_RESIDUAL_SHAPE_AT_PRIOR_256_GAME_LEAGUE_MEAN,00-0033319,00-0032950,-11.257309941520477,-0.1805232316515637,8.826545660938782,7.963396606445314,8.383474192544025,7.234478759765625,8.5,8.295426635742185,,,45.5,3.192715454101557,46.80078125,3.227090454101554
2020_04_NE_KC,2020,4,False,False,16.0,36.0,RECONSTRUCTED_STARTER_IDENTITY_NOT_AS_ISSUED_T60,MARKET_TOTAL_RESIDUAL_SHAPE_AT_PRIOR_256_GAME_LEAGUE_MEAN,00-0033873,00-0026625,0.8618824252069945,-26.96872415973539,7.631252423392953,5.499334106445313,8.744476686790648,4.981353759765623,7.0,5.778239135742184,,,52.5,10.533340454101559,46.80078125,6.3380279541015545
2020_04_ATL_GB,2020,4,False,False,14.0,46.0,RECONSTRUCTED_STARTER_IDENTITY_NOT_AS_ISSUED_T60,MARKET_TOTAL_RESIDUAL_SHAPE_AT_PRIOR_256_GAME_LEAGUE_MEAN,00-0023459,00-0026143,0.0,-0.4623005853859219,9.032489530417951,4.0712091064453135,9.050981553833388,4.061041259765624,5.0,5.778239135742186,,,56.5,6.3380279541015545,46.80078125,3.1927154541015534
2020_05_TB_CHI,2020,5,False,False,1.0,39.0,RECONSTRUCTED_STARTER_IDENTITY_NOT_AS_ISSUED_T60,MARKET_TOTAL_RESIDUAL_SHAPE_AT_PRIOR_256_GAME_LEAGUE_MEAN,00-0029567,00-0019596,11.826393141457437,-23.371085942704852,1.9877035145674835,2.8555841064453134,3.3956026779339754,2.851666259765624,-3.5,3.8954266357421856,,,44.0,3.7599029541015563,47.3203125,4.8067779541015545
2020_05_ARI_NYJ,2020,5,False,False,-20.0,40.0,RECONSTRUCTED_STARTER_IDENTITY_NOT_AS_ISSUED_T60,MARKET_TOTAL_RESIDUAL_SHAPE_AT_PRIOR_256_GAME_LEAGUE_MEAN,00-0026158,00-0035228,-1.7758564035159852,0.8806885635140427,-0.09362311506522929,12.735271606445313,-0.1998849137464304,12.764166259765624,-7.0,7.562614135742187,,,48.5,5.270840454101557,47.3203125,4.409902954101553
2020_05_CAR_ATL,2020,5,False,False,-7.0,39.0,RECONSTRUCTED_STARTER_IDENTITY_NOT_AS_ISSUED_T60,MARKET_TOTAL_RESIDUAL_SHAPE_AT_PRIOR_256_GAME_LEAGUE_MEAN,00-0026143,00-0031237,-0.763019800194753,51.88995726495727,4.036285232369791,6.016521606445313,1.9301661497637108,4.904791259765624,2.5,5.631364135742186,,,53.5,8.978652954101555,47.3203125,4.8067779541015545
2020_05_CIN_BAL,2020,5,False,False,24.0,30.0,RECONSTRUCTED_STARTER_IDENTITY_NOT_AS_ISSUED_T60,MARKET_TOTAL_RESIDUAL_SHAPE_AT_PRIOR_256_GAME_LEAGUE_MEAN,00-0034796,00-0036442,23.73019354131256,-0.7014548693586642,13.225538337303632,7.297771606445313,14.202804273730482,6.696978759765624,12.5,6.978239135742183,,,49.0,12.213027954101559,47.3203125,10.533340454101555
2020_05_JAX_HOU,2020,5,False,False,16.0,44.0,RECONSTRUCTED_STARTER_IDENTITY_NOT_AS_ISSUED_T60,MARKET_TOTAL_RESIDUAL_SHAPE_AT_PRIOR_256_GAME_LEAGUE_MEAN,00-0033537,00-0035289,14.614541468761422,2.0795254128587404,5.217686857458557,7.297771606445313,5.7190874996946635,6.696978759765624,6.5,5.778239135742184,,,55.0,6.338027954101556,47.3203125,3.3411529541015534
2020_05_LA_WAS,2020,5,False,False,-20.0,40.0,RECONSTRUCTED_STARTER_IDENTITY_NOT_AS_ISSUED_T60,MARKET_TOTAL_RESIDUAL_SHAPE_AT_PRIOR_256_GAME_LEAGUE_MEAN,00-0023436,00-0033106,13.932123125493302,1.3402327563988292,-6.434105824131675,7.963396606445313,-5.930430209367896,7.925103759765624,-7.0,7.562614135742187,,,45.0,3.7599029541015616,47.3203125,4.409902954101553
2020_05_LV_KC,2020,5,False,False,-8.0,72.0,RECONSTRUCTED_STARTER_IDENTITY_NOT_AS_ISSUED_T60,MARKET_TOTAL_RESIDUAL_SHAPE_AT_PRIOR_256_GAME_LEAGUE_MEAN,00-0033873,00-0031280,0.9083269162421193,2.0423913043478237,13.69238993556588,14.508709106445313,13.647027360041653,14.545416259765624,11.0,12.320426635742184,,,54.5,10.916152954101555,47.3203125,17.834902954101555
2020_05_PHI_PIT,2020,5,False,False,9.0,67.0,RECONSTRUCTED_STARTER_IDENTITY_NOT_AS_ISSUED_T60,MARKET_TOTAL_RESIDUAL_SHAPE_AT_PRIOR_256_GAME_LEAGUE_MEAN,00-0022924,00-0032950,52.98731741385203,0.10682619378272751,5.222401631258717,3.7102716064453123,7.337621280061489,3.164166259765625,7.5,2.9407391357421835,,,44.0,16.009902954101555,47.3203125,13.380215454101556
2020_05_MIA_SF,2020,5,False,False,-26.0,60.0,RECONSTRUCTED_STARTER_IDENTITY_NOT_AS_ISSUED_T60,MARKET_TOTAL_RESIDUAL_SHAPE_AT_PRIOR_256_GAME_LEAGUE_MEAN,00-0033936,00-0023682,-38.99513426952452,-0.9558938805372064,9.158142197453854,26.83214660644531,7.636572581894361,25.904791259765624,8.5,27.43136413574219,,,50.5,5.653652954101559,47.3203125,7.973965454101553
2020_05_IND_CLE,2020,5,False,False,9.0,55.0,RECONSTRUCTED_STARTER_IDENTITY_NOT_AS_ISSUED_T60,MARKET_TOTAL_RESIDUAL_SHAPE_AT_PRIOR_256_GAME_LEAGUE_MEAN,00-0034855,00-0022942,-1.9357919482809294,10.3105735727687,0.5463524874792983,5.499334106445313,0.056497866637313196,6.093853759765624,1.0,5.232926635742184,,,48.5,4.333340454101557,47.3203125,5.1739654541015545
2020_05_NYG_DAL,2020,5,False,False,3.0,71.0,RECONSTRUCTED_STARTER_IDENTITY_NOT_AS_ISSUED_T60,MARKET_TOTAL_RESIDUAL_SHAPE_AT_PRIOR_256_GAME_LEAGUE_MEAN,00-0033077,00-0035710,0.825991189427322,-4.194412863407515,8.079566995730875,3.3555841064453142,8.280383157844268,3.3579162597656245,7.5,3.5079266357421846,,,52.0,12.536465454101556,47.3203125,16.916152954101555
2020_05_MIN_SEA,2020,5,False,False,1.0,53.0,RECONSTRUCTED_STARTER_IDENTITY_NOT_AS_ISSUED_T60,MARKET_TOTAL_RESIDUAL_SHAPE_AT_PRIOR_256_GAME_LEAGUE_MEAN,00-0029263,00-0029604,3.6724644557016184,13.10003989184878,6.124141450302741,3.3555841064453142,5.747038432856855,3.3579162597656236,6.5,3.811051635742184,,,54.0,3.192715454101555,47.3203125,4.333340454101553
2020_05_LAC_NO,2020,5,False,False,3.0,57.0,RECONSTRUCTED_STARTER_IDENTITY_NOT_AS_ISSUED_T60,MARKET_TOTAL_RESIDUAL_SHAPE_AT_PRIOR_256_GAME_LEAGUE_MEAN,00-0020531,00-0036355,-3.72471829861607,27.0024960290447,8.363256157610968,3.3555841064453142,7.134167584504537,3.1313537597656245,7.0,3.259489135742183,,,49.5,4.727090454101556,47.3203125,6.184902954101553
2020_05_BUF_TEN,2020,5,False,False,26.0,58.0,RECONSTRUCTED_STARTER_IDENTITY_NOT_AS_ISSUED_T60,MARKET_TOTAL_RESIDUAL_SHAPE_AT_PRIOR_256_GAME_LEAGUE_MEAN,00-0029701,00-0034857,-2.361445076535107,3.11326245537793,4.578570445442956,15.255584106445312,4.359582144166435,16.161041259765625,-3.0,22.282926635742186,,,52.0,4.333340454101555,47.3203125,6.745840454101555
2020_06_ATL_MIN,2020,6,False,False,-17.0,63.0,RECONSTRUCTED_STARTER_IDENTITY_NOT_AS_ISSUED_T60,MARKET_TOTAL_RESIDUAL_SHAPE_AT_PRIOR_256_GAME_LEAGUE_MEAN,00-0029604,00-0026143,14.692982456140369,0.3403642870340562,6.026592039657235,15.414959106445313,6.600696766421487,16.368853759765624,3.5,14.089176635742184,,,53.0,6.184902954101558,47.56640625,9.377090454101555
2020_06_BAL_PHI,2020,6,False,False,-2.0,58.0,RECONSTRUCTED_STARTER_IDENTITY_NOT_AS_ISSUED_T60,MARKET_TOTAL_RESIDUAL_SHAPE_AT_PRIOR_256_GAME_LEAGUE_MEAN,00-0032950,00-0034796,-1.0390802587864956,10.73443797581728,-4.677240871666354,3.4024591064453142,-5.1481816010505055,3.398541259765624,-10.5,5.778239135742188,,,46.5,6.745840454101555,47.56640625,6.184902954101555
2020_06_CHI_CAR,2020,6,False,False,-7.0,39.0,RECONSTRUCTED_STARTER_IDENTITY_NOT_AS_ISSUED_T60,MARKET_TOTAL_RESIDUAL_SHAPE_AT_PRIOR_256_GAME_LEAGUE_MEAN,00-0031237,00-0029567,52.51797806256646,-6.80700549450548,-0.35013026712855205,4.007146606445312,2.022869075154326,4.904791259765624,2.0,5.098551635742184,,,45.0,4.056777954101562,47.56640625,5.270840454101555
2020_06_CIN_IND,2020,6,False,False,4.0,58.0,RECONSTRUCTED_STARTER_IDENTITY_NOT_AS_ISSUED_T60,MARKET_TOTAL_RESIDUAL_SHAPE_AT_PRIOR_256_GAME_LEAGUE_MEAN,00-0022942,00-0036442,18.551010520487267,-5.464892054034198,8.32063351030466,3.130584106445313,9.28126961328552,3.3579162597656236,7.5,3.259489135742183,,,46.0,7.336465454101558,47.56640625,6.184902954101555
2020_06_CLE_PIT,2020,6,False,False,31.0,45.0,RECONSTRUCTED_STARTER_IDENTITY_NOT_AS_ISSUED_T60,MARKET_TOTAL_RESIDUAL_SHAPE_AT_PRIOR_256_GAME_LEAGUE_MEAN,00-0022924,00-0034855,34.586372086372094,-2.9979948928211764,4.840356649654359,19.864959106445312,6.343731328822089,18.932916259765623,3.0,21.321989135742186,,,50.0,3.7599029541015563,47.56640625,3.341152954101555
2020_06_DEN_NE,2020,6,False,False,-6.0,30.0,RECONSTRUCTED_STARTER_IDENTITY_NOT_AS_ISSUED_T60,MARKET_TOTAL_RESIDUAL_SHAPE_AT_PRIOR_256_GAME_LEAGUE_MEAN,00-0027939,00-0035704,-0.8551973645508637,31.88656069364162,7.0918285144744,7.275896606445313,5.782158192146701,6.589166259765623,7.0,7.5626141357421846,,,43.5,8.253652954101554,47.56640625,11.364590454101556
2020_06_DET_JAX,2020,6,False,False,-18.0,50.0,RECONSTRUCTED_STARTER_IDENTITY_NOT_AS_ISSUED_T60,MARKET_TOTAL_RESIDUAL_SHAPE_AT_PRIOR_256_GAME_LEAGUE_MEAN,00-0035289,00-0026498,5.183989486315066,71.31701102889852,1.8823495505029768,12.735271606445313,-0.7629713112003614,10.212603759765624,-3.0,9.056364135742186,,,52.5,3.341152954101558,47.56640625,3.331777954101555
2020_06_HOU_TEN,2020,6,False,False,6.0,78.0,RECONSTRUCTED_STARTER_IDENTITY_NOT_AS_ISSUED_T60,MARKET_TOTAL_RESIDUAL_SHAPE_AT_PRIOR_256_GAME_LEAGUE_MEAN,00-0029701,00-0033537,-2.6322227399813825,-0.004502507550374624,9.375962261987624,2.971209106445314,9.270853452690384,2.9594787597656236,4.0,3.0891766357421835,,,52.0,18.759902954101555,47.56640625,22.556777954101555
2020_06_WAS_NYG,2020,6,False,False,1.0,39.0,RECONSTRUCTED_STARTER_IDENTITY_NOT_AS_ISSUED_T60,MARKET_TOTAL_RESIDUAL_SHAPE_AT_PRIOR_256_GAME_LEAGUE_MEAN,00-0035710,00-0034577,0.041435949643675585,-28.48568504491351,2.475411341375793,2.8555841064453134,3.6164961811580802,2.9594787597656236,2.0,2.853239135742183,,,42.5,3.517715454101558,47.56640625,5.270840454101555
2020_06_NYJ_MIA,2020,6,False,False,24.0,24.0,RECONSTRUCTED_STARTER_IDENTITY_NOT_AS_ISSUED_T60,MARKET_TOTAL_RESIDUAL_SHAPE_AT_PRIOR_256_GAME_LEAGUE_MEAN,00-0023682,00-0026158,-0.7753712871287233,13.801554828150575,7.95449230894289,10.950896606445312,7.371415264331717,11.798541259765624,9.5,9.056364135742182,,,46.0,14.869277954101559,47.56640625,16.714590454101554
2020_06_GB_TB,2020,6,False,False,28.0,48.0,RECONSTRUCTED_STARTER_IDENTITY_NOT_AS_ISSUED_T60,MARKET_TOTAL_RESIDUAL_SHAPE_AT_PRIOR_256_GAME_LEAGUE_MEAN,00-0019596,00-0023459,-16.30154052330952,0.0,-1.8951691187847428,23.69777160644531,-2.5472307397171234,24.673541259765624,-3.0,24.220426635742186,,,55.0,4.409902954101555,47.56640625,3.206777954101555
2020_06_LA_SF,2020,6,False,False,8.0,40.0,RECONSTRUCTED_STARTER_IDENTITY_NOT_AS_ISSUED_T60,MARKET_TOTAL_RESIDUAL_SHAPE_AT_PRIOR_256_GAME_LEAGUE_MEAN,00-0031345,00-0033106,15.46024474049068,1.5362676274654374,-0.23103724651440644,5.499334106445312,0.32592183800660324,5.518853759765623,-2.0,6.351676635742187,,,51.0,6.33802795410156,47.56640625,4.806777954101556
2020_06_KC_BUF,2020,6,False,False,-9.0,43.0,RECONSTRUCTED_STARTER_IDENTITY_NOT_AS_ISSUED_T60,MARKET_TOTAL_RESIDUAL_SHAPE_AT_PRIOR_256_GAME_LEAGUE_MEAN,00-0034857,00-0033873,5.459377534901599,0.8744144703425327,-2.7881655039542785,3.643084106445313,-2.6047669813719154,3.648541259765624,-5.5,3.068864135742187,,,55.0,6.939590454101556,47.56640625,3.7599029541015563
2020_06_ARI_DAL,2020,6,False,False,-28.0,48.0,RECONSTRUCTED_STARTER_IDENTITY_NOT_AS_ISSUED_T60,MARKET_TOTAL_RESIDUAL_SHAPE_AT_PRIOR_256_GAME_LEAGUE_MEAN,00-0027973,00-0035228,-63.97747546833183,1.2419133966095286,3.10706814672817,22.93214660644531,0.4982925921305157,20.107916259765624,1.0,21.58448913574218,,,55.5,4.806777954101555,47.56640625,3.206777954101555
2020_07_NYG_PHI,2020,7,False,False,1.0,43.0,RECONSTRUCTED_STARTER_IDENTITY_NOT_AS_ISSUED_T60,MARKET_TOTAL_RESIDUAL_SHAPE_AT_PRIOR_256_GAME_LEAGUE_MEAN,00-0032950,00-0035710,-1.4948798668403596,-10.787315397190444,7.737243489258954,4.007146606445313,8.108940910472956,4.009478759765625,5.0,3.259489135742185,,,44.5,3.2270904541015613,47.78125,3.7599029541015563
2020_07_BUF_NYJ,2020,7,False,False,-8.0,28.0,RECONSTRUCTED_STARTER_IDENTITY_NOT_AS_ISSUED_T60,MARKET_TOTAL_RESIDUAL_SHAPE_AT_PRIOR_256_GAME_LEAGUE_MEAN,00-0034869,00-0034857,18.662655279503106,6.660698580223645,-5.44887088446556,2.971209106445314,-4.968792616494381,2.9594787597656236,-9.5,3.089176635742187,,,47.0,12.213027954101555,47.78125,13.078652954101553
2020_07_CAR_NO,2020,7,False,False,3.0,51.0,RECONSTRUCTED_STARTER_IDENTITY_NOT_AS_ISSUED_T60,MARKET_TOTAL_RESIDUAL_SHAPE_AT_PRIOR_256_GAME_LEAGUE_MEAN,00-0020531,00-0031237,-3.645833333333348,53.65727616347744,8.334520282208132,3.3555841064453142,6.042395902335701,2.9594787597656236,7.0,3.259489135742183,,,49.5,3.2364654541015563,47.78125,3.488027954101555
2020_07_CLE_CIN,2020,7,False,False,-3.0,71.0,RECONSTRUCTED_STARTER_IDENTITY_NOT_AS_ISSUED_T60,MARKET_TOTAL_RESIDUAL_SHAPE_AT_PRIOR_256_GAME_LEAGUE_MEAN,00-0036442,00-0034855,0.13083268883733457,-3.431716748105118,-2.2245751416817257,2.8555841064453134,-2.0820731642040275,2.825103759765624,-4.5,3.089176635742187,,,50.0,14.244277954101555,47.78125,16.009902954101555
2020_07_DAL_WAS,2020,7,False,False,22.0,28.0,RECONSTRUCTED_STARTER_IDENTITY_NOT_AS_ISSUED_T60,MARKET_TOTAL_RESIDUAL_SHAPE_AT_PRIOR_256_GAME_LEAGUE_MEAN,00-0034577,00-0027973,-15.584819253020775,-59.78995299647474,-1.7577006260491452,17.993084106445313,0.010504723689013246,16.161041259765625,-1.0,16.618864135742186,,,44.5,10.533340454101562,47.78125,13.078652954101553
2020_07_DET_ATL,2020,7,False,False,-1.0,45.0,RECONSTRUCTED_STARTER_IDENTITY_NOT_AS_ISSUED_T60,MARKET_TOTAL_RESIDUAL_SHAPE_AT_PRIOR_256_GAME_LEAGUE_MEAN,00-0026143,00-0026498,0.39809585791363844,59.36836347255292,5.0640682107505475,3.643084106445313,2.7052575061649757,3.1313537597656236,1.0,2.9251141357421835,,,54.0,5.270840454101555,47.78125,3.341152954101555
2020_07_GB_HOU,2020,7,False,False,-15.0,55.0,RECONSTRUCTED_STARTER_IDENTITY_NOT_AS_ISSUED_T60,MARKET_TOTAL_RESIDUAL_SHAPE_AT_PRIOR_256_GAME_LEAGUE_MEAN,00-0033537,00-0023459,9.808694077664493,1.1600834398761695,-3.3283446718808136,6.622771606445312,-2.9824002463692807,6.589166259765623,-2.5,6.867301635742186,,,55.5,3.1927154541015543,47.78125,4.727090454101556
2020_07_PIT_TEN,2020,7,False,False,-3.0,51.0,RECONSTRUCTED_STARTER_IDENTITY_NOT_AS_ISSUED_T60,MARKET_TOTAL_RESIDUAL_SHAPE_AT_PRIOR_256_GAME_LEAGUE_MEAN,00-0029701,00-0022924,-3.1553672316384063,23.84769210595332,4.866055052328939,4.432146606445313,3.785932678825269,4.009478759765624,1.0,3.259489135742183,,,51.0,3.2067779541015584,47.78125,3.488027954101555
2020_07_TB_LV,2020,7,False,False,-25.0,65.0,RECONSTRUCTED_STARTER_IDENTITY_NOT_AS_ISSUED_T60,MARKET_TOTAL_RESIDUAL_SHAPE_AT_PRIOR_256_GAME_LEAGUE_MEAN,00-0031280,00-0019596,0.0,-7.147274676342041,-0.6316501406340558,16.33058410644531,-0.3457591535803741,17.292291259765623,-3.5,14.089176635742188,,,51.5,7.973965454101555,47.78125,10.916152954101555
2020_07_JAX_LAC,2020,7,False,False,10.0,68.0,RECONSTRUCTED_STARTER_IDENTITY_NOT_AS_ISSUED_T60,MARKET_TOTAL_RESIDUAL_SHAPE_AT_PRIOR_256_GAME_LEAGUE_MEAN,00-0036355,00-0035289,16.944146559428063,0.3873351342761788,6.260723668585288,3.710271606445313,6.9229961255913635,3.398541259765625,8.0,3.0891766357421835,,,48.0,13.380215454101556,47.78125,13.380215454101556
2020_07_KC_DEN,2020,7,False,False,-27.0,59.0,RECONSTRUCTED_STARTER_IDENTITY_NOT_AS_ISSUED_T60,MARKET_TOTAL_RESIDUAL_SHAPE_AT_PRIOR_256_GAME_LEAGUE_MEAN,00-0035704,00-0033873,15.953391470368183,0.8972387021167538,-5.610587776515968,13.611834106445311,-5.00834166578591,14.545416259765624,-7.0,13.196989135742186,,,46.0,7.973965454101557,47.78125,6.745840454101557
2020_07_SF_NE,2020,7,False,False,-27.0,39.0,RECONSTRUCTED_STARTER_IDENTITY_NOT_AS_ISSUED_T60,MARKET_TOTAL_RESIDUAL_SHAPE_AT_PRIOR_256_GAME_LEAGUE_MEAN,00-0027939,00-0031345,-7.47098626696634,1.424182845908084,2.5253459583532094,21.972771606445313,2.1695391938382325,21.061041259765624,3.0,22.548551635742186,,,44.0,3.7599029541015563,47.78125,5.270840454101555
2020_07_SEA_ARI,2020,7,False,False,3.0,71.0,RECONSTRUCTED_STARTER_IDENTITY_NOT_AS_ISSUED_T60,MARKET_TOTAL_RESIDUAL_SHAPE_AT_PRIOR_256_GAME_LEAGUE_MEAN,00-0035228,00-0029263,1.8140181144503886,3.7413841941270842,-1.7568561837032122,4.071209106445313,-1.8339508268902798,4.0610412597656245,-3.5,4.734489135742186,,,55.5,9.377090454101555,47.78125,16.009902954101555
2020_07_CHI_LA,2020,7,False,False,14.0,34.0,RECONSTRUCTED_STARTER_IDENTITY_NOT_AS_ISSUED_T60,MARKET_TOTAL_RESIDUAL_SHAPE_AT_PRIOR_256_GAME_LEAGUE_MEAN,00-0033106,00-0029567,0.6414655942806213,0.3069500435824768,3.331248429985326,7.297771606445313,3.344629052013252,7.325103759765623,6.5,4.7344891357421846,,,44.0,5.783340454101556,47.78125,8.253652954101554
2020_08_ATL_CAR,2020,8,False,False,-8.0,42.0,RECONSTRUCTED_STARTER_IDENTITY_NOT_AS_ISSUED_T60,MARKET_TOTAL_RESIDUAL_SHAPE_AT_PRIOR_256_GAME_LEAGUE_MEAN,00-0031237,00-0026143,38.96110498447485,0.38217362825614387,1.0065171432587794,4.924334106445314,2.549674397507528,5.990728759765624,1.5,5.631364135742184,,,52.0,5.783340454101556,47.93359375,4.056777954101556
2020_08_IND_DET,2020,8,False,False,-20.0,62.0,RECONSTRUCTED_STARTER_IDENTITY_NOT_AS_ISSUED_T60,MARKET_TOTAL_RESIDUAL_SHAPE_AT_PRIOR_256_GAME_LEAGUE_MEAN,00-0026498,00-0022942,54.06454674210781,12.747169873866726,-1.1627479413235142,11.874334106445314,0.4899471334061291,12.764166259765624,-3.5,9.834489135742185,,,49.0,7.973965454101557,47.93359375,8.656777954101553
2020_08_LA_MIA,2020,8,False,False,11.0,45.0,RECONSTRUCTED_STARTER_IDENTITY_NOT_AS_ISSUED_T60,MARKET_TOTAL_RESIDUAL_SHAPE_AT_PRIOR_256_GAME_LEAGUE_MEAN,00-0036212,00-0033106,-57.39795918367348,0.15079152322365896,-1.4782919893476447,7.966521606445312,-3.78024201762353,10.200103759765625,-3.5,9.806364135742186,,,46.5,3.227090454101554,47.93359375,3.341152954101555
2020_08_LV_CLE,2020,8,False,False,-10.0,22.0,RECONSTRUCTED_STARTER_IDENTITY_NOT_AS_ISSUED_T60,MARKET_TOTAL_RESIDUAL_SHAPE_AT_PRIOR_256_GAME_LEAGUE_MEAN,00-0034855,00-0031280,-3.636551912413988,0.0,4.063508224584184,7.963396606445313,3.9180461480876243,7.925103759765623,1.0,6.2110516357421846,,,48.0,18.620840454101554,47.93359375,18.620840454101554
2020_08_MIN_GB,2020,8,False,False,-6.0,50.0,RECONSTRUCTED_STARTER_IDENTITY_NOT_AS_ISSUED_T60,MARKET_TOTAL_RESIDUAL_SHAPE_AT_PRIOR_256_GAME_LEAGUE_MEAN,00-0023459,00-0029604,1.1854854989570063,11.143619138603622,8.567946908354307,8.682146606445311,8.169621562768443,7.925103759765624,5.5,6.867301635742186,,,47.0,3.488027954101553,47.93359375,3.331777954101555
2020_08_NE_BUF,2020,8,False,False,3.0,45.0,RECONSTRUCTED_STARTER_IDENTITY_NOT_AS_ISSUED_T60,MARKET_TOTAL_RESIDUAL_SHAPE_AT_PRIOR_256_GAME_LEAGUE_MEAN,00-0034857,00-0027939,6.779849953995343,-13.796166614794082,4.125575187567056,2.8555841064453134,4.948615850318633,2.851666259765625,4.0,2.853239135742183,,,41.0,3.713027954101559,47.93359375,3.341152954101555
2020_08_NYJ_KC,2020,8,False,False,26.0,44.0,RECONSTRUCTED_STARTER_IDENTITY_NOT_AS_ISSUED_T60,MARKET_TOTAL_RESIDUAL_SHAPE_AT_PRIOR_256_GAME_LEAGUE_MEAN,00-0033873,00-0034869,1.9067061714120648,10.158871349111621,18.760800943164085,4.971209106445314,18.430714336056102,5.518853759765624,20.0,4.2891766357421846,,,49.0,3.759902954101558,47.93359375,3.5177154541015563
2020_08_PIT_BAL,2020,8,False,False,-4.0,52.0,RECONSTRUCTED_STARTER_IDENTITY_NOT_AS_ISSUED_T60,MARKET_TOTAL_RESIDUAL_SHAPE_AT_PRIOR_256_GAME_LEAGUE_MEAN,00-0034796,00-0022924,11.815582110857136,29.30400585330164,4.763696004381436,4.924334106445313,4.064159054683655,4.432916259765623,4.0,4.614176635742184,,,44.0,5.173965454101556,47.93359375,3.7130279541015563
2020_08_TEN_CIN,2020,8,False,False,11.0,51.0,RECONSTRUCTED_STARTER_IDENTITY_NOT_AS_ISSUED_T60,MARKET_TOTAL_RESIDUAL_SHAPE_AT_PRIOR_256_GAME_LEAGUE_MEAN,00-0036442,00-0029701,3.058879914294965,-2.559547271805851,-8.149510950382064,13.486834106445311,-7.92477386293803,13.500103759765622,-7.5,13.054801635742187,,,49.5,3.2364654541015563,47.93359375,3.488027954101555
2020_08_LAC_DEN,2020,8,False,False,1.0,61.0,RECONSTRUCTED_STARTER_IDENTITY_NOT_AS_ISSUED_T60,MARKET_TOTAL_RESIDUAL_SHAPE_AT_PRIOR_256_GAME_LEAGUE_MEAN,00-0035704,00-0036355,10.384259932296303,19.66908818973343,3.986138879853688,2.971209106445313,3.614745749556203,2.9594787597656236,-3.0,3.556364135742185,,,44.5,10.13334045410156,47.93359375,7.973965454101555
2020_08_NO_CHI,2020,8,False,False,-3.0,49.0,RECONSTRUCTED_STARTER_IDENTITY_NOT_AS_ISSUED_T60,MARKET_TOTAL_RESIDUAL_SHAPE_AT_PRIOR_256_GAME_LEAGUE_MEAN,00-0029567,00-0020531,3.8904823303423264,-3.840796592609652,0.39801365278188316,2.971209106445313,0.7072648096999623,3.1313537597656236,-5.5,3.290739135742186,,,41.0,5.173965454101559,47.93359375,3.2364654541015563
2020_08_SF_SEA,2020,8,False,False,10.0,64.0,RECONSTRUCTED_STARTER_IDENTITY_NOT_AS_ISSUED_T60,MARKET_TOTAL_RESIDUAL_SHAPE_AT_PRIOR_256_GAME_LEAGUE_MEAN,00-0029263,00-0033319,0.0,-1.4761904761904754,3.3490621147024466,4.971209106445313,3.408109733750066,4.981353759765623,1.0,5.778239135742184,,,54.5,5.653652954101555,47.93359375,10.133340454101553
2020_08_DAL_PHI,2020,8,False,False,14.0,32.0,RECONSTRUCTED_STARTER_IDENTITY_NOT_AS_ISSUED_T60,MARKET_TOTAL_RESIDUAL_SHAPE_AT_PRIOR_256_GAME_LEAGUE_MEAN,00-0032950,00-0036384,-1.4072927168851113,-113.34858886346302,5.266007056182361,6.071209106445313,9.743658902045478,3.700103759765624,10.0,3.556364135742183,,,43.0,6.338027954101558,47.93359375,9.736465454101555
2020_08_TB_NYG,2020,8,False,False,-2.0,48.0,RECONSTRUCTED_STARTER_IDENTITY_NOT_AS_ISSUED_T60,MARKET_TOTAL_RESIDUAL_SHAPE_AT_PRIOR_256_GAME_LEAGUE_MEAN,00-0035710,00-0019596,-5.916230366492159,1.5967495578541158,-8.261255230102842,4.489959106445312,-8.561774427076694,4.981353759765624,-13.0,6.978239135742187,,,47.0,3.2364654541015545,47.93359375,3.206777954101555
2020_09_GB_SF,2020,9,False,False,-17.0,51.0,RECONSTRUCTED_STARTER_IDENTITY_NOT_AS_ISSUED_T60,MARKET_TOTAL_RESIDUAL_SHAPE_AT_PRIOR_256_GAME_LEAGUE_MEAN,00-0033319,00-0023459,7.77067483798255,1.223112824675332,1.4517983707553412,11.035271606445313,1.7137008512876297,11.889166259765624,-6.0,6.211051635742187,,,48.5,3.3317779541015566,48.22265625,3.488027954101555
2020_09_BAL_IND,2020,9,False,False,-14.0,34.0,RECONSTRUCTED_STARTER_IDENTITY_NOT_AS_ISSUED_T60,MARKET_TOTAL_RESIDUAL_SHAPE_AT_PRIOR_256_GAME_LEAGUE_MEAN,00-0022942,00-0034796,1.0417923170329635,24.015151515151523,-0.8880530581110907,7.275896606445313,-1.806987426035833,6.589166259765624,1.0,9.056364135742182,,,48.0,8.253652954101554,48.22265625,8.253652954101554
2020_09_CAR_KC,2020,9,False,False,2.0,64.0,RECONSTRUCTED_STARTER_IDENTITY_NOT_AS_ISSUED_T60,MARKET_TOTAL_RESIDUAL_SHAPE_AT_PRIOR_256_GAME_LEAGUE_MEAN,00-0033873,00-0031237,1.806469392676302,34.01703568901022,15.088410699652758,7.275896606445313,13.799988047799403,6.589166259765623,10.0,4.614176635742184,,,51.5,7.336465454101556,48.22265625,10.133340454101553
2020_09_CHI_TEN,2020,9,False,False,7.0,41.0,RECONSTRUCTED_STARTER_IDENTITY_NOT_AS_ISSUED_T60,MARKET_TOTAL_RESIDUAL_SHAPE_AT_PRIOR_256_GAME_LEAGUE_MEAN,00-0029701,00-0029567,-1.3358237185549404,4.125702133710818,5.212365952759082,3.161834106445312,4.993904918668452,3.164166259765625,6.5,2.865739135742184,,,46.5,4.0567779541015545,48.22265625,4.409902954101555
2020_09_DEN_ATL,2020,9,False,False,7.0,61.0,RECONSTRUCTED_STARTER_IDENTITY_NOT_AS_ISSUED_T60,MARKET_TOTAL_RESIDUAL_SHAPE_AT_PRIOR_256_GAME_LEAGUE_MEAN,00-0026143,00-0035704,0.3959964730333887,21.237841135629342,3.3139112548406957,3.7102716064453123,2.480237468336858,4.061041259765624,4.5,3.0891766357421853,,,50.0,6.745840454101557,48.22265625,7.973965454101555
2020_09_DET_MIN,2020,9,False,False,14.0,54.0,RECONSTRUCTED_STARTER_IDENTITY_NOT_AS_ISSUED_T60,MARKET_TOTAL_RESIDUAL_SHAPE_AT_PRIOR_256_GAME_LEAGUE_MEAN,00-0029604,00-0026498,-4.510667903525056,38.454660761441374,7.034875492739547,4.971209106445313,5.316262346140891,6.093853759765625,3.0,6.978239135742185,,,51.5,3.331777954101555,48.22265625,4.333340454101555
2020_09_HOU_JAX,2020,9,False,False,-2.0,52.0,RECONSTRUCTED_STARTER_IDENTITY_NOT_AS_ISSUED_T60,MARKET_TOTAL_RESIDUAL_SHAPE_AT_PRIOR_256_GAME_LEAGUE_MEAN,00-0036312,00-0033537,5.371127069917736,1.2411711699773509,-2.1653656369033434,2.8977716064453123,-2.000167400905728,2.867291259765625,-7.0,3.8954266357421865,,,49.0,3.4880279541015566,48.22265625,3.7130279541015563
2020_09_NYG_WAS,2020,9,False,False,-3.0,43.0,RECONSTRUCTED_STARTER_IDENTITY_NOT_AS_ISSUED_T60,MARKET_TOTAL_RESIDUAL_SHAPE_AT_PRIOR_256_GAME_LEAGUE_MEAN,00-0023436,00-0035710,-11.18230625583565,-0.8310263001779727,4.034653940621902,4.007146606445312,3.620602742395594,4.009478759765624,3.0,3.811051635742186,,,43.0,3.2067779541015566,48.22265625,3.7599029541015563
2020_09_SEA_BUF,2020,9,False,False,10.0,78.0,RECONSTRUCTED_STARTER_IDENTITY_NOT_AS_ISSUED_T60,MARKET_TOTAL_RESIDUAL_SHAPE_AT_PRIOR_256_GAME_LEAGUE_MEAN,00-0034857,00-0029263,6.702196382428927,0.0,-0.26459574114209317,6.669646606445312,0.003492114155063888,6.696978759765624,-3.0,8.336051635742187,,,55.0,16.009902954101555,48.22265625,22.556777954101555
2020_09_LV_LAC,2020,9,False,False,-5.0,57.0,RECONSTRUCTED_STARTER_IDENTITY_NOT_AS_ISSUED_T60,MARKET_TOTAL_RESIDUAL_SHAPE_AT_PRIOR_256_GAME_LEAGUE_MEAN,00-0036355,00-0031280,25.32908364058164,0.0,0.13717116799200993,3.3555841064453134,1.1503345136152756,3.648541259765624,-1.0,3.259489135742185,,,52.5,3.713027954101559,48.22265625,5.653652954101555
2020_09_MIA_ARI,2020,9,False,False,-3.0,65.0,RECONSTRUCTED_STARTER_IDENTITY_NOT_AS_ISSUED_T60,MARKET_TOTAL_RESIDUAL_SHAPE_AT_PRIOR_256_GAME_LEAGUE_MEAN,00-0035228,00-0036212,2.2423193250557194,-52.47606382978724,3.007709391752487,3.643084106445313,5.196444717946206,4.432916259765624,6.0,5.098551635742186,,,49.0,10.133340454101557,48.22265625,10.916152954101555
2020_09_PIT_DAL,2020,9,False,False,-5.0,43.0,RECONSTRUCTED_STARTER_IDENTITY_NOT_AS_ISSUED_T60,MARKET_TOTAL_RESIDUAL_SHAPE_AT_PRIOR_256_GAME_LEAGUE_MEAN,00-0031395,00-0022924,-32.259825327510924,23.300166763449013,-7.174855732722063,3.161834106445312,-9.39725541636046,3.700103759765624,-14.0,5.77823913574219,,,44.0,3.192715454101555,48.22265625,3.7599029541015563
2020_09_NO_TB,2020,9,False,False,-35.0,41.0,RECONSTRUCTED_STARTER_IDENTITY_NOT_AS_ISSUED_T60,MARKET_TOTAL_RESIDUAL_SHAPE_AT_PRIOR_256_GAME_LEAGUE_MEAN,00-0019596,00-0020531,8.52539865198092,-3.962066808997,2.9485747062771317,29.804021606445314,3.448073324716248,29.856353759765625,3.0,30.403239135742187,,,51.0,5.78334045410156,48.22265625,4.409902954101555
2020_09_NE_NYJ,2020,9,False,False,-3.0,57.0,RECONSTRUCTED_STARTER_IDENTITY_NOT_AS_ISSUED_T60,MARKET_TOTAL_RESIDUAL_SHAPE_AT_PRIOR_256_GAME_LEAGUE_MEAN,00-0026158,00-0027939,21.599886901932507,-8.15449852507375,-4.720881849445987,3.161834106445313,-3.5307064323657364,2.984478759765625,-9.5,4.734489135742188,,,41.5,9.377090454101555,48.22265625,5.653652954101555
2020_10_IND_TEN,2020,10,False,False,-17.0,51.0,RECONSTRUCTED_STARTER_IDENTITY_NOT_AS_ISSUED_T60,MARKET_TOTAL_RESIDUAL_SHAPE_AT_PRIOR_256_GAME_LEAGUE_MEAN,00-0029701,00-0022942,-1.5227536754396587,4.085689735978759,5.361381686169225,14.508709106445313,5.137043949712489,14.545416259765624,-1.0,9.834489135742185,,,49.0,3.3317779541015566,48.58203125,3.3317779541015566
2020_10_HOU_CLE,2020,10,False,False,3.0,17.0,RECONSTRUCTED_STARTER_IDENTITY_NOT_AS_ISSUED_T60,MARKET_TOTAL_RESIDUAL_SHAPE_AT_PRIOR_256_GAME_LEAGUE_MEAN,00-0034855,00-0033537,-3.8588110403396936,1.92702858499203,3.319465664605377,2.8977716064453123,3.0880320795921086,2.867291259765624,4.5,2.9251141357421853,,,46.0,21.53334045410156,48.58203125,24.49115295410156
2020_10_JAX_GB,2020,10,False,False,4.0,44.0,RECONSTRUCTED_STARTER_IDENTITY_NOT_AS_ISSUED_T60,MARKET_TOTAL_RESIDUAL_SHAPE_AT_PRIOR_256_GAME_LEAGUE_MEAN,00-0023459,00-0036312,1.3534933825792628,9.768120393120405,15.253686017946801,6.016521606445313,14.917100937525156,5.9907287597656245,13.5,5.631364135742184,,,47.0,3.3411529541015534,48.58203125,3.759902954101558
2020_10_PHI_NYG,2020,10,False,False,10.0,44.0,RECONSTRUCTED_STARTER_IDENTITY_NOT_AS_ISSUED_T60,MARKET_TOTAL_RESIDUAL_SHAPE_AT_PRIOR_256_GAME_LEAGUE_MEAN,00-0035710,00-0032950,-0.8769598277370338,-2.8848029192487967,-2.883849367932262,8.668084106445313,-2.8035356442717916,8.696978759765624,-4.5,9.806364135742186,,,45.0,3.1927154541015605,48.58203125,3.759902954101558
2020_10_TB_CAR,2020,10,False,False,-23.0,69.0,RECONSTRUCTED_STARTER_IDENTITY_NOT_AS_ISSUED_T60,MARKET_TOTAL_RESIDUAL_SHAPE_AT_PRIOR_256_GAME_LEAGUE_MEAN,00-0031237,00-0019596,10.33015821762997,-3.2557720057720063,-3.7622886641955757,11.874334106445314,-3.2188514552594967,12.764166259765624,-6.0,10.632926635742187,,,49.5,12.536465454101556,48.58203125,13.38021545410156
2020_10_WAS_DET,2020,10,False,False,3.0,57.0,RECONSTRUCTED_STARTER_IDENTITY_NOT_AS_ISSUED_T60,MARKET_TOTAL_RESIDUAL_SHAPE_AT_PRIOR_256_GAME_LEAGUE_MEAN,00-0026498,00-0023436,26.05695317959469,-4.525641025641014,4.3086937825938,2.8555841064453134,5.531997550803229,2.9594787597656236,2.5,2.865739135742186,,,46.0,6.745840454101558,48.58203125,5.173965454101558
2020_10_BUF_ARI,2020,10,False,False,2.0,62.0,RECONSTRUCTED_STARTER_IDENTITY_NOT_AS_ISSUED_T60,MARKET_TOTAL_RESIDUAL_SHAPE_AT_PRIOR_256_GAME_LEAGUE_MEAN,00-0035228,00-0034857,2.482056004155453,-0.3714767156862697,-0.0007307991172456241,3.161834106445312,0.11341050967642329,3.164166259765624,3.0,2.853239135742185,,,55.5,4.333340454101554,48.58203125,7.973965454101557
2020_10_DEN_LV,2020,10,False,False,25.0,49.0,RECONSTRUCTED_STARTER_IDENTITY_NOT_AS_ISSUED_T60,MARKET_TOTAL_RESIDUAL_SHAPE_AT_PRIOR_256_GAME_LEAGUE_MEAN,00-0031280,00-0035704,0.0,17.888019598545913,4.633216560690744,14.366521606445314,3.9176957767489076,15.262603759765625,3.5,14.801676635742183,,,50.5,3.2270904541015595,48.58203125,3.2067779541015566
2020_10_LAC_MIA,2020,10,False,False,8.0,50.0,RECONSTRUCTED_STARTER_IDENTITY_NOT_AS_ISSUED_T60,MARKET_TOTAL_RESIDUAL_SHAPE_AT_PRIOR_256_GAME_LEAGUE_MEAN,00-0036212,00-0036355,-5.150531286894933,16.19806262946264,7.326211285393302,2.9930841064453126,6.472267528738999,3.164166259765624,1.0,4.7344891357421846,,,48.5,3.236465454101558,48.58203125,3.236465454101558
2020_10_CIN_PIT,2020,10,False,False,26.0,46.0,RECONSTRUCTED_STARTER_IDENTITY_NOT_AS_ISSUED_T60,MARKET_TOTAL_RESIDUAL_SHAPE_AT_PRIOR_256_GAME_LEAGUE_MEAN,00-0022924,00-0036442,10.094818575481558,-5.865921787709505,12.23263810671333,9.402459106445313,12.871067721240973,8.696978759765624,6.5,13.054801635742184,,,45.5,3.2067779541015566,48.58203125,3.341152954101557
2020_10_SEA_LA,2020,10,False,False,7.0,39.0,RECONSTRUCTED_STARTER_IDENTITY_NOT_AS_ISSUED_T60,MARKET_TOTAL_RESIDUAL_SHAPE_AT_PRIOR_256_GAME_LEAGUE_MEAN,00-0033106,00-0029263,0.0,0.0,1.2263250870622506,4.489959106445313,1.2263250870622506,4.495416259765623,3.0,3.556364135742185,,,55.0,9.736465454101555,48.58203125,5.783340454101558
2020_10_SF_NO,2020,10,False,False,14.0,40.0,RECONSTRUCTED_STARTER_IDENTITY_NOT_AS_ISSUED_T60,MARKET_TOTAL_RESIDUAL_SHAPE_AT_PRIOR_256_GAME_LEAGUE_MEAN,00-0020531,00-0033319,-6.161376057497936,16.290565883887798,7.062499901855927,4.971209106445313,6.1644222242004965,5.518853759765623,9.5,3.556364135742183,,,49.5,5.783340454101556,48.58203125,5.270840454101557
2020_10_BAL_NE,2020,10,False,False,6.0,40.0,RECONSTRUCTED_STARTER_IDENTITY_NOT_AS_ISSUED_T60,MARKET_TOTAL_RESIDUAL_SHAPE_AT_PRIOR_256_GAME_LEAGUE_MEAN,00-0027939,00-0034796,0.8629505920324299,19.931872929840424,-3.9040581185179506,6.669646606445312,-4.666815012030271,7.325103759765623,-7.0,8.336051635742187,,,44.0,3.5177154541015563,48.58203125,5.270840454101557
2020_10_MIN_CHI,2020,10,False,False,-6.0,32.0,RECONSTRUCTED_STARTER_IDENTITY_NOT_AS_ISSUED_T60,MARKET_TOTAL_RESIDUAL_SHAPE_AT_PRIOR_256_GAME_LEAGUE_MEAN,00-0029567,00-0029604,-1.810619809712355,1.0836757911355743,1.7338505407616684,4.432146606445313,1.6180787167277513,4.432916259765623,-3.5,2.9251141357421853,,,44.0,6.939590454101556,48.58203125,10.533340454101559
2020_11_ARI_SEA,2020,11,False,False,7.0,49.0,RECONSTRUCTED_STARTER_IDENTITY_NOT_AS_ISSUED_T60,MARKET_TOTAL_RESIDUAL_SHAPE_AT_PRIOR_256_GAME_LEAGUE_MEAN,00-0029263,00-0035228,0.0,0.47406261106504033,4.916980594266652,3.161834106445312,4.89801808982405,3.164166259765625,3.0,3.556364135742185,,,56.5,4.8067779541015545,48.5,3.2067779541015566
2020_11_ATL_NO,2020,11,False,False,15.0,33.0,RECONSTRUCTED_STARTER_IDENTITY_NOT_AS_ISSUED_T60,MARKET_TOTAL_RESIDUAL_SHAPE_AT_PRIOR_256_GAME_LEAGUE_MEAN,00-0033357,00-0026143,110.53113553113553,0.4091520935016968,8.54196528778105,4.489959106445313,12.946844625286403,3.164166259765625,3.5,6.978239135742183,,,49.5,10.533340454101555,48.5,9.736465454101559
2020_11_CIN_WAS,2020,11,False,False,11.0,29.0,RECONSTRUCTED_STARTER_IDENTITY_NOT_AS_ISSUED_T60,MARKET_TOTAL_RESIDUAL_SHAPE_AT_PRIOR_256_GAME_LEAGUE_MEAN,00-0023436,00-0036442,-3.46834771248945,-0.21247927031509128,0.5104767304628604,6.669646606445313,0.380241992775886,7.325103759765623,2.0,5.778239135742184,,,48.0,12.213027954101555,48.5,13.078652954101557
2020_11_DET_CAR,2020,11,False,False,20.0,20.0,RECONSTRUCTED_STARTER_IDENTITY_NOT_AS_ISSUED_T60,MARKET_TOTAL_RESIDUAL_SHAPE_AT_PRIOR_256_GAME_LEAGUE_MEAN,00-0033275,00-0026498,-169.51388888888889,15.057812235453461,2.0162411738476838,12.619646606445311,-5.366626871126011,18.932916259765623,-3.0,16.618864135742186,,,47.0,19.588027954101555,48.5,21.53334045410156
2020_11_NE_HOU,2020,11,False,False,7.0,47.0,RECONSTRUCTED_STARTER_IDENTITY_NOT_AS_ISSUED_T60,MARKET_TOTAL_RESIDUAL_SHAPE_AT_PRIOR_256_GAME_LEAGUE_MEAN,00-0033537,00-0027939,1.9046488759282498,11.434378688591295,-0.9338253721678393,5.499334106445312,-1.3150145646743612,5.518853759765624,-2.5,6.351676635742186,,,49.5,3.341152954101555,48.5,3.2270904541015577
2020_11_PHI_CLE,2020,11,False,False,5.0,39.0,RECONSTRUCTED_STARTER_IDENTITY_NOT_AS_ISSUED_T60,MARKET_TOTAL_RESIDUAL_SHAPE_AT_PRIOR_256_GAME_LEAGUE_MEAN,00-0034855,00-0032950,-5.149501661129574,-3.4211624554215003,3.4932903382728817,3.161834106445312,3.4241567700445588,3.164166259765624,2.5,3.0891766357421853,,,45.5,4.409902954101557,48.5,5.783340454101558
2020_11_PIT_JAX,2020,11,False,False,-24.0,30.0,RECONSTRUCTED_STARTER_IDENTITY_NOT_AS_ISSUED_T60,MARKET_TOTAL_RESIDUAL_SHAPE_AT_PRIOR_256_GAME_LEAGUE_MEAN,00-0036312,00-0022924,-24.710756722951842,5.7666666666666755,-10.922243861434673,7.275896606445313,-12.141340797019412,6.589166259765624,-11.0,7.562614135742189,,,47.0,10.533340454101555,48.5,12.213027954101559
2020_11_TEN_BAL,2020,11,False,False,-6.0,54.0,RECONSTRUCTED_STARTER_IDENTITY_NOT_AS_ISSUED_T60,MARKET_TOTAL_RESIDUAL_SHAPE_AT_PRIOR_256_GAME_LEAGUE_MEAN,00-0034796,00-0029701,2.878324753324746,-0.369752571587445,5.981003183468775,6.622771606445313,6.110926276465261,6.589166259765623,6.0,6.867301635742186,,,50.5,3.4880279541015584,48.5,3.9958404541015566
2020_11_MIA_DEN,2020,11,False,False,7.0,33.0,RECONSTRUCTED_STARTER_IDENTITY_NOT_AS_ISSUED_T60,MARKET_TOTAL_RESIDUAL_SHAPE_AT_PRIOR_256_GAME_LEAGUE_MEAN,00-0035704,00-0036212,6.2969319888436015,9.185333037628451,-1.50602347835842,6.071209106445313,-1.621559520309814,6.093853759765625,-4.0,6.978239135742185,,,46.0,7.572402954101558,48.5,9.736465454101559
2020_11_NYJ_LAC,2020,11,False,False,6.0,62.0,RECONSTRUCTED_STARTER_IDENTITY_NOT_AS_ISSUED_T60,MARKET_TOTAL_RESIDUAL_SHAPE_AT_PRIOR_256_GAME_LEAGUE_MEAN,00-0036355,00-0026158,12.236001577287059,26.52623026926648,6.773755421542983,2.8555841064453134,6.202146273863806,2.867291259765624,10.0,3.259489135742183,,,47.0,9.377090454101555,48.5,7.973965454101557
2020_11_DAL_MIN,2020,11,False,False,-3.0,59.0,RECONSTRUCTED_STARTER_IDENTITY_NOT_AS_ISSUED_T60,MARKET_TOTAL_RESIDUAL_SHAPE_AT_PRIOR_256_GAME_LEAGUE_MEAN,00-0029604,00-0027973,0.0,-36.82592257274744,9.484263984354847,6.622771606445313,10.957300887264745,7.925103759765623,7.0,5.631364135742184,,,50.0,5.653652954101555,48.5,6.184902954101557
2020_11_GB_IND,2020,11,False,False,3.0,65.0,RECONSTRUCTED_STARTER_IDENTITY_NOT_AS_ISSUED_T60,MARKET_TOTAL_RESIDUAL_SHAPE_AT_PRIOR_256_GAME_LEAGUE_MEAN,00-0022942,00-0023459,-2.7550865472213637,1.3283378746594021,0.10615180831843646,3.4024591064453134,-0.05718516855679418,3.398541259765624,1.5,2.9407391357421835,,,52.0,7.973965454101555,48.5,10.133340454101557
2020_11_KC_LV,2020,11,False,False,-4.0,66.0,RECONSTRUCTED_STARTER_IDENTITY_NOT_AS_ISSUED_T60,MARKET_TOTAL_RESIDUAL_SHAPE_AT_PRIOR_256_GAME_LEAGUE_MEAN,00-0031280,00-0033873,0.0,1.7662643508978615,-4.919781792676622,2.9930841064453135,-4.990432366712536,2.984478759765624,-7.5,3.556364135742185,,,56.5,5.653652954101553,48.5,10.916152954101559
2020_11_LA_TB,2020,11,False,False,-3.0,51.0,RECONSTRUCTED_STARTER_IDENTITY_NOT_AS_ISSUED_T60,MARKET_TOTAL_RESIDUAL_SHAPE_AT_PRIOR_256_GAME_LEAGUE_MEAN,00-0019596,00-0033106,0.43718671679198184,0.0,2.8695765172078245,3.643084106445313,2.8870639858795037,3.648541259765624,4.0,4.178239135742184,,,47.5,3.488027954101555,48.5,3.3317779541015566
2020_12_HOU_DET,2020,12,False,False,-16.0,66.0,RECONSTRUCTED_STARTER_IDENTITY_NOT_AS_ISSUED_T60,MARKET_TOTAL_RESIDUAL_SHAPE_AT_PRIOR_256_GAME_LEAGUE_MEAN,00-0026498,00-0033537,0.9965675539083563,0.5490742134577786,-0.9385126098068759,8.682146606445311,-0.9206128761888528,8.656353759765626,-3.0,7.562614135742186,,,52.5,7.973965454101558,48.58203125,10.916152954101559
2020_12_WAS_DAL,2020,12,False,False,-25.0,57.0,RECONSTRUCTED_STARTER_IDENTITY_NOT_AS_ISSUED_T60,MARKET_TOTAL_RESIDUAL_SHAPE_AT_PRIOR_256_GAME_LEAGUE_MEAN,00-0027973,00-0023436,-28.147344977142176,-5.101193697976858,4.2291081382728954,21.01808410644531,3.3072620871062823,20.107916259765624,2.5,20.625114135742187,,,46.0,6.745840454101558,48.58203125,5.173965454101558
2020_12_ARI_NE,2020,12,False,False,3.0,37.0,RECONSTRUCTED_STARTER_IDENTITY_NOT_AS_ISSUED_T60,MARKET_TOTAL_RESIDUAL_SHAPE_AT_PRIOR_256_GAME_LEAGUE_MEAN,00-0027939,00-0035228,12.345016571497025,0.0,2.516081828552533,2.8977716064453123,3.009882491412414,2.867291259765624,-1.0,3.556364135742185,,,51.0,8.253652954101558,48.58203125,6.939590454101558
2020_12_CAR_MIN,2020,12,False,False,1.0,55.0,RECONSTRUCTED_STARTER_IDENTITY_NOT_AS_ISSUED_T60,MARKET_TOTAL_RESIDUAL_SHAPE_AT_PRIOR_256_GAME_LEAGUE_MEAN,00-0029604,00-0031237,0.0,10.443173610394574,7.201546256666452,3.643084106445313,6.783819312250668,3.648541259765625,3.0,2.9251141357421853,,,50.0,3.995840454101555,48.58203125,4.333340454101557
2020_12_CLE_JAX,2020,12,False,False,-2.0,52.0,RECONSTRUCTED_STARTER_IDENTITY_NOT_AS_ISSUED_T60,MARKET_TOTAL_RESIDUAL_SHAPE_AT_PRIOR_256_GAME_LEAGUE_MEAN,00-0030520,00-0034855,0.19868017655628734,-5.00883715260847,-5.04260366032865,3.4024591064453142,-4.834302967162061,3.398541259765624,-7.5,4.289176635742186,,,48.5,3.4880279541015566,48.58203125,3.4880279541015566
2020_12_LAC_BUF,2020,12,False,False,10.0,44.0,RECONSTRUCTED_STARTER_IDENTITY_NOT_AS_ISSUED_T60,MARKET_TOTAL_RESIDUAL_SHAPE_AT_PRIOR_256_GAME_LEAGUE_MEAN,00-0034857,00-0036355,-0.5969551282051233,2.6580793103216482,8.525545025819538,2.9930841064453135,8.395343648278468,3.164166259765625,4.5,3.8954266357421856,,,51.0,4.409902954101558,48.58203125,3.759902954101558
2020_12_LV_ATL,2020,12,False,False,37.0,49.0,RECONSTRUCTED_STARTER_IDENTITY_NOT_AS_ISSUED_T60,MARKET_TOTAL_RESIDUAL_SHAPE_AT_PRIOR_256_GAME_LEAGUE_MEAN,00-0026143,00-0031280,0.4041647358665523,0.0,1.6136197481037835,28.583709106445315,1.6297863375384454,28.59541625976562,-3.5,34.11417663574218,,,53.0,3.517715454101559,48.58203125,3.2067779541015566
2020_12_MIA_NYJ,2020,12,False,False,-17.0,23.0,RECONSTRUCTED_STARTER_IDENTITY_NOT_AS_ISSUED_T60,MARKET_TOTAL_RESIDUAL_SHAPE_AT_PRIOR_256_GAME_LEAGUE_MEAN,00-0034869,00-0023682,5.357084209143448,13.30156692343143,-6.596889086858328,5.454021606445313,-6.914668395429848,5.4282287597656245,-7.5,5.098551635742186,,,46.0,15.78646545410156,48.58203125,18.620840454101558
2020_12_NYG_CIN,2020,12,False,False,-2.0,36.0,RECONSTRUCTED_STARTER_IDENTITY_NOT_AS_ISSUED_T60,MARKET_TOTAL_RESIDUAL_SHAPE_AT_PRIOR_256_GAME_LEAGUE_MEAN,00-0032434,00-0035710,-21.958372076389377,-0.9117448910846759,2.1173063608178473,3.130584106445312,1.2754412734056593,2.9594787597656236,-6.5,3.8954266357421865,,,45.0,5.2708404541015605,48.58203125,7.572402954101558
2020_12_TEN_IND,2020,12,False,False,-19.0,71.0,RECONSTRUCTED_STARTER_IDENTITY_NOT_AS_ISSUED_T60,MARKET_TOTAL_RESIDUAL_SHAPE_AT_PRIOR_256_GAME_LEAGUE_MEAN,00-0022942,00-0029701,2.663006045764149,1.2414455404926805,2.582115108752587,14.508709106445313,2.6389775289634456,14.545416259765624,3.0,15.000114135742187,,,51.5,12.536465454101556,48.58203125,15.120840454101558
2020_12_NO_DEN,2020,12,False,False,-28.0,34.0,RECONSTRUCTED_STARTER_IDENTITY_NOT_AS_ISSUED_T60,MARKET_TOTAL_RESIDUAL_SHAPE_AT_PRIOR_256_GAME_LEAGUE_MEAN,00-0035864,00-0033357,46.45414040569884,52.275859428833925,-5.6437412134055105,14.508709106445313,-5.876609974330913,14.545416259765624,-17.0,6.211051635742188,,,36.5,3.3411511230468687,48.58203125,8.978652954101559
2020_12_SF_LA,2020,12,False,False,-3.0,43.0,RECONSTRUCTED_STARTER_IDENTITY_NOT_AS_ISSUED_T60,MARKET_TOTAL_RESIDUAL_SHAPE_AT_PRIOR_256_GAME_LEAGUE_MEAN,00-0033106,00-0033319,0.0,7.608391608391618,5.674982305128387,4.924334106445314,5.370646640792723,4.432916259765624,5.0,4.614176635742186,,,44.5,3.2270904541015613,48.58203125,4.056777954101558
2020_12_KC_TB,2020,12,False,False,-3.0,51.0,RECONSTRUCTED_STARTER_IDENTITY_NOT_AS_ISSUED_T60,MARKET_TOTAL_RESIDUAL_SHAPE_AT_PRIOR_256_GAME_LEAGUE_MEAN,00-0019596,00-0033873,0.41385890631522315,2.2473273430838603,-3.8751504109781307,2.9930841064453126,-3.9484891484488767,2.984478759765625,-3.5,2.9407391357421853,,,56.0,3.7599029541015554,48.58203125,3.3317779541015566
2020_12_CHI_GB,2020,12,False,False,16.0,66.0,RECONSTRUCTED_STARTER_IDENTITY_NOT_AS_ISSUED_T60,MARKET_TOTAL_RESIDUAL_SHAPE_AT_PRIOR_256_GAME_LEAGUE_MEAN,00-0023459,00-0033869,1.3573547664456953,9.587464052128958,7.979283546794831,5.499334106445313,7.650079175367502,5.518853759765624,7.5,5.232926635742184,,,44.0,15.120840454101554,48.58203125,10.916152954101559
2020_12_SEA_PHI,2020,12,False,False,-6.0,40.0,RECONSTRUCTED_STARTER_IDENTITY_NOT_AS_ISSUED_T60,MARKET_TOTAL_RESIDUAL_SHAPE_AT_PRIOR_256_GAME_LEAGUE_MEAN,00-0032950,00-0029263,-1.1207740251712561,0.0,-3.353116275241764,2.971209106445313,-3.3979472362486143,2.9594787597656236,-6.5,2.940739135742186,,,50.0,5.783340454101556,48.58203125,5.270840454101557
2020_12_BAL_PIT,2020,12,False,False,5.0,33.0,RECONSTRUCTED_STARTER_IDENTITY_NOT_AS_ISSUED_T60,MARKET_TOTAL_RESIDUAL_SHAPE_AT_PRIOR_256_GAME_LEAGUE_MEAN,00-0022924,00-0029665,1.1873617076662901,-90.768782760629,4.535685164221741,2.8977716064453123,8.213930942953553,2.9594787597656245,10.5,3.811051635742184,,,41.5,5.270840454101553,48.58203125,9.736465454101559
2020_13_CIN_MIA,2020,13,False,False,12.0,26.0,RECONSTRUCTED_STARTER_IDENTITY_NOT_AS_ISSUED_T60,MARKET_TOTAL_RESIDUAL_SHAPE_AT_PRIOR_256_GAME_LEAGUE_MEAN,00-0036212,00-0032434,-15.795479243642685,-32.762324328260405,9.919883840370685,3.161834106445312,10.598557643755393,2.984478759765624,10.5,2.9407391357421835,,,43.0,10.533340454101559,48.92578125,15.78646545410156
2020_13_CLE_TEN,2020,13,False,False,-6.0,76.0,RECONSTRUCTED_STARTER_IDENTITY_NOT_AS_ISSUED_T60,MARKET_TOTAL_RESIDUAL_SHAPE_AT_PRIOR_256_GAME_LEAGUE_MEAN,00-0029701,00-0034855,1.4189908452203692,-4.286088208349681,7.4886964592290495,7.275896606445313,7.7168996213718515,7.925103759765624,4.0,5.631364135742184,,,54.0,15.120840454101554,48.92578125,19.695840454101557
2020_13_DET_CHI,2020,13,False,False,-4.0,64.0,RECONSTRUCTED_STARTER_IDENTITY_NOT_AS_ISSUED_T60,MARKET_TOTAL_RESIDUAL_SHAPE_AT_PRIOR_256_GAME_LEAGUE_MEAN,00-0033869,00-0026498,17.785422577469134,1.335520149953151,7.539966013854037,6.622771606445313,8.197962110954677,6.589166259765624,3.0,4.178239135742186,,,44.0,13.380215454101556,48.92578125,9.377090454101559
2020_13_IND_HOU,2020,13,False,False,-6.0,46.0,RECONSTRUCTED_STARTER_IDENTITY_NOT_AS_ISSUED_T60,MARKET_TOTAL_RESIDUAL_SHAPE_AT_PRIOR_256_GAME_LEAGUE_MEAN,00-0033537,00-0022942,0.6108561481247055,3.8767218696796224,0.26617877780097843,3.643084106445313,0.13554414893878175,3.648541259765624,-3.5,2.9251141357421853,,,50.0,3.5177154541015563,48.92578125,3.341152954101557
2020_13_JAX_MIN,2020,13,False,False,3.0,51.0,RECONSTRUCTED_STARTER_IDENTITY_NOT_AS_ISSUED_T60,MARKET_TOTAL_RESIDUAL_SHAPE_AT_PRIOR_256_GAME_LEAGUE_MEAN,00-0029604,00-0030520,0.0,7.784117373078714,12.005036735067488,4.924334106445313,11.69367204014434,4.9047912597656245,10.5,4.614176635742184,,,51.0,3.2067779541015584,48.92578125,3.3317779541015566
2020_13_LV_NYJ,2020,13,False,False,-3.0,59.0,RECONSTRUCTED_STARTER_IDENTITY_NOT_AS_ISSUED_T60,MARKET_TOTAL_RESIDUAL_SHAPE_AT_PRIOR_256_GAME_LEAGUE_MEAN,00-0034869,00-0031280,-0.8058499691294574,3.1408745744959443,-6.0756317921529535,3.4024591064453134,-6.23350077389797,3.398541259765625,-7.5,3.8954266357421856,,,48.0,6.745840454101557,48.92578125,6.184902954101557
2020_13_NO_ATL,2020,13,False,False,-5.0,37.0,RECONSTRUCTED_STARTER_IDENTITY_NOT_AS_ISSUED_T60,MARKET_TOTAL_RESIDUAL_SHAPE_AT_PRIOR_256_GAME_LEAGUE_MEAN,00-0026143,00-0033357,0.3972431077694294,-11.183155080213902,-3.771623397383364,2.8555841064453134,-3.3084074698640307,2.851666259765624,-2.5,2.9251141357421853,,,46.0,5.270840454101557,48.92578125,6.939590454101558
2020_13_LA_ARI,2020,13,False,False,-10.0,66.0,RECONSTRUCTED_STARTER_IDENTITY_NOT_AS_ISSUED_T60,MARKET_TOTAL_RESIDUAL_SHAPE_AT_PRIOR_256_GAME_LEAGUE_MEAN,00-0035228,00-0033106,0.0,0.0,-0.6700072334175274,4.924334106445313,-0.6700072334175274,4.9047912597656245,-2.5,4.178239135742186,,,49.0,10.916152954101559,48.92578125,10.916152954101559
2020_13_NYG_SEA,2020,13,False,False,-5.0,29.0,RECONSTRUCTED_STARTER_IDENTITY_NOT_AS_ISSUED_T60,MARKET_TOTAL_RESIDUAL_SHAPE_AT_PRIOR_256_GAME_LEAGUE_MEAN,00-0029263,00-0027688,0.0,1.070460704607057,11.182243952514364,9.433709106445313,11.13942552433008,9.417291259765623,11.0,9.834489135742182,,,48.5,13.078652954101557,48.92578125,13.078652954101557
2020_13_NE_LAC,2020,13,False,False,-45.0,45.0,RECONSTRUCTED_STARTER_IDENTITY_NOT_AS_ISSUED_T60,MARKET_TOTAL_RESIDUAL_SHAPE_AT_PRIOR_256_GAME_LEAGUE_MEAN,00-0036355,00-0027939,0.6015258215962493,12.991397753610268,-1.838777502770572,34.79464660644531,-2.334372380051133,34.84385375976562,2.5,40.39542663574218,,,47.0,3.227090454101554,48.92578125,3.517715454101558
2020_13_PHI_GB,2020,13,False,False,14.0,46.0,RECONSTRUCTED_STARTER_IDENTITY_NOT_AS_ISSUED_T60,MARKET_TOTAL_RESIDUAL_SHAPE_AT_PRIOR_256_GAME_LEAGUE_MEAN,00-0023459,00-0032950,1.4112571221552628,-1.224869017718122,10.680512907448765,3.4024591064453134,10.785957953043699,3.398541259765624,8.0,4.2891766357421846,,,50.0,3.5177154541015563,48.92578125,3.341152954101557
2020_13_DEN_KC,2020,13,False,False,6.0,38.0,RECONSTRUCTED_STARTER_IDENTITY_NOT_AS_ISSUED_T60,MARKET_TOTAL_RESIDUAL_SHAPE_AT_PRIOR_256_GAME_LEAGUE_MEAN,00-0033873,00-0035704,2.818135074377004,27.353329560460292,14.462706796925131,4.432146606445314,13.481299017481799,4.009478759765625,13.0,4.178239135742184,,,51.0,7.57240295410156,48.92578125,6.338027954101558
2020_13_WAS_PIT,2020,13,False,False,-6.0,40.0,RECONSTRUCTED_STARTER_IDENTITY_NOT_AS_ISSUED_T60,MARKET_TOTAL_RESIDUAL_SHAPE_AT_PRIOR_256_GAME_LEAGUE_MEAN,00-0022924,00-0023436,1.0516986794359084,-6.500989119683487,13.136952803706436,11.874334106445314,13.439060315671211,11.889166259765624,5.5,6.867301635742186,,,43.5,3.5177154541015563,48.92578125,5.270840454101557
2020_13_BUF_SF,2020,13,False,False,-10.0,58.0,RECONSTRUCTED_STARTER_IDENTITY_NOT_AS_ISSUED_T60,MARKET_TOTAL_RESIDUAL_SHAPE_AT_PRIOR_256_GAME_LEAGUE_MEAN,00-0033319,00-0034857,5.267484662576694,-1.9366183966548878,-1.2415948809369184,4.924334106445313,-0.9534307585676552,4.9047912597656245,1.5,6.8673016357421846,,,48.0,6.184902954101555,48.92578125,5.653652954101557
2020_13_DAL_BAL,2020,13,False,False,17.0,51.0,RECONSTRUCTED_STARTER_IDENTITY_NOT_AS_ISSUED_T60,MARKET_TOTAL_RESIDUAL_SHAPE_AT_PRIOR_256_GAME_LEAGUE_MEAN,00-0034796,00-0027973,22.083333333333343,-30.15833900234628,12.185227892951652,4.071209106445313,14.27489478637884,3.398541259765624,8.5,5.232926635742186,,,46.0,3.9958404541015566,48.92578125,3.3317779541015566
2020_14_NE_LA,2020,14,False,False,21.0,27.0,RECONSTRUCTED_STARTER_IDENTITY_NOT_AS_ISSUED_T60,MARKET_TOTAL_RESIDUAL_SHAPE_AT_PRIOR_256_GAME_LEAGUE_MEAN,00-0033106,00-0027939,0.0,16.86257541886014,4.672091259180243,10.950896606445312,3.997588242425837,11.798541259765624,5.0,10.578239135742187,,,43.5,10.533340454101555,49.12109375,14.869277954101559
2020_14_ARI_NYG,2020,14,False,False,-19.0,33.0,RECONSTRUCTED_STARTER_IDENTITY_NOT_AS_ISSUED_T60,MARKET_TOTAL_RESIDUAL_SHAPE_AT_PRIOR_256_GAME_LEAGUE_MEAN,00-0035710,00-0035228,0.8781271129141288,0.0,0.6642524415298249,12.735271606445313,0.69937752604639,12.764166259765624,-3.0,9.834489135742185,,,47.0,8.253652954101554,49.12109375,9.736465454101559
2020_14_DAL_CIN,2020,14,False,False,-23.0,37.0,RECONSTRUCTED_STARTER_IDENTITY_NOT_AS_ISSUED_T60,MARKET_TOTAL_RESIDUAL_SHAPE_AT_PRIOR_256_GAME_LEAGUE_MEAN,00-0032434,00-0027973,-27.65514300708476,-17.354304859889,2.3543951657573507,17.255584106445312,1.9423616398695203,17.292291259765623,-3.0,13.196989135742186,,,44.0,4.409902954101555,49.12109375,6.939590454101558
2020_14_DEN_CAR,2020,14,False,False,-5.0,59.0,RECONSTRUCTED_STARTER_IDENTITY_NOT_AS_ISSUED_T60,MARKET_TOTAL_RESIDUAL_SHAPE_AT_PRIOR_256_GAME_LEAGUE_MEAN,00-0031237,00-0035704,2.857142857142847,23.64561853509698,1.167725622587559,3.643084106445314,0.33618659546939367,3.3579162597656236,4.0,5.098551635742184,,,46.0,7.973965454101557,49.12109375,6.184902954101557
2020_14_HOU_CHI,2020,14,False,False,29.0,43.0,RECONSTRUCTED_STARTER_IDENTITY_NOT_AS_ISSUED_T60,MARKET_TOTAL_RESIDUAL_SHAPE_AT_PRIOR_256_GAME_LEAGUE_MEAN,00-0033869,00-0033537,17.20572328818659,0.6074835436734816,1.6531244304845678,20.811834106445314,2.317054020265092,20.818853759765624,-1.0,23.24855163574219,,,46.0,3.341152954101557,49.12109375,4.056777954101558
2020_14_KC_MIA,2020,14,False,False,-6.0,60.0,RECONSTRUCTED_STARTER_IDENTITY_NOT_AS_ISSUED_T60,MARKET_TOTAL_RESIDUAL_SHAPE_AT_PRIOR_256_GAME_LEAGUE_MEAN,00-0036212,00-0033873,-5.795692953227194,2.9709925175920304,-5.445018985426368,2.8555841064453142,-5.795686404259137,2.867291259765625,-7.5,3.0891766357421853,,,51.5,5.173965454101556,49.12109375,6.745840454101558
2020_14_MIN_TB,2020,14,False,False,12.0,40.0,RECONSTRUCTED_STARTER_IDENTITY_NOT_AS_ISSUED_T60,MARKET_TOTAL_RESIDUAL_SHAPE_AT_PRIOR_256_GAME_LEAGUE_MEAN,00-0019596,00-0029604,0.4173584209555381,0.0,3.777401735432359,5.499334106445312,3.7940960722705803,5.518853759765623,7.0,3.895426635742184,,,52.5,7.572402954101559,49.12109375,5.270840454101557
2020_14_TEN_JAX,2020,14,False,False,-21.0,41.0,RECONSTRUCTED_STARTER_IDENTITY_NOT_AS_ISSUED_T60,MARKET_TOTAL_RESIDUAL_SHAPE_AT_PRIOR_256_GAME_LEAGUE_MEAN,00-0035289,00-0029701,31.13240842156506,1.2411576155036297,-9.35132426789507,6.622771606445313,-8.155674235652613,7.234478759765624,-7.5,7.562614135742186,,,53.0,6.939590454101559,49.12109375,4.806777954101558
2020_14_IND_LV,2020,14,False,False,-17.0,71.0,RECONSTRUCTED_STARTER_IDENTITY_NOT_AS_ISSUED_T60,MARKET_TOTAL_RESIDUAL_SHAPE_AT_PRIOR_256_GAME_LEAGUE_MEAN,00-0031280,00-0022942,3.0728862973760984,3.8371584699453676,-0.020126410526199835,10.219646606445313,-0.0506972974289706,10.212603759765624,-2.5,8.295426635742185,,,51.5,12.536465454101556,49.12109375,15.120840454101558
2020_14_NYJ_SEA,2020,14,False,False,37.0,43.0,RECONSTRUCTED_STARTER_IDENTITY_NOT_AS_ISSUED_T60,MARKET_TOTAL_RESIDUAL_SHAPE_AT_PRIOR_256_GAME_LEAGUE_MEAN,00-0029263,00-0034869,0.0,-1.500437953594802,14.715998941078114,16.157146606445313,14.776016459221907,16.161041259765625,16.5,13.917301635742184,,,49.5,4.409902954101555,49.12109375,4.056777954101558
2020_14_ATL_LAC,2020,14,False,False,3.0,37.0,RECONSTRUCTED_STARTER_IDENTITY_NOT_AS_ISSUED_T60,MARKET_TOTAL_RESIDUAL_SHAPE_AT_PRIOR_256_GAME_LEAGUE_MEAN,00-0036355,00-0026143,0.4921700223713632,0.0,-3.244898310129001,4.489959106445312,-3.2252115092341467,4.495416259765623,1.0,3.0891766357421835,,,49.0,6.939590454101558,49.12109375,6.939590454101558
2020_14_GB_DET,2020,14,False,False,-7.0,55.0,RECONSTRUCTED_STARTER_IDENTITY_NOT_AS_ISSUED_T60,MARKET_TOTAL_RESIDUAL_SHAPE_AT_PRIOR_256_GAME_LEAGUE_MEAN,00-0026498,00-0023459,1.6772982491112698,1.398425121236846,-8.009386979868195,2.9930841064453126,-7.998232054753219,2.984478759765624,-9.5,3.2907391357421867,,,55.5,3.1927154541015543,49.12109375,4.333340454101557
2020_14_NO_PHI,2020,14,False,False,3.0,45.0,RECONSTRUCTED_STARTER_IDENTITY_NOT_AS_ISSUED_T60,MARKET_TOTAL_RESIDUAL_SHAPE_AT_PRIOR_256_GAME_LEAGUE_MEAN,00-0036389,00-0033357,49.91235167206041,-9.750733137829904,-8.754064220467043,7.966521606445313,-6.36754082807143,6.093853759765625,-7.5,6.978239135742185,,,43.0,3.3317779541015566,49.12109375,3.517715454101558
2020_14_WAS_SF,2020,14,False,False,-8.0,38.0,RECONSTRUCTED_STARTER_IDENTITY_NOT_AS_ISSUED_T60,MARKET_TOTAL_RESIDUAL_SHAPE_AT_PRIOR_256_GAME_LEAGUE_MEAN,00-0033319,00-0023436,-1.2322869744744835,-8.33540630182421,3.0115675204663783,6.016521606445313,3.295692293560368,5.990728759765624,3.0,6.211051635742186,,,43.5,4.056777954101556,49.12109375,6.338027954101558
2020_14_PIT_BUF,2020,14,False,False,11.0,41.0,RECONSTRUCTED_STARTER_IDENTITY_NOT_AS_ISSUED_T60,MARKET_TOTAL_RESIDUAL_SHAPE_AT_PRIOR_256_GAME_LEAGUE_MEAN,00-0034857,00-0022924,-2.0268986879401485,0.9855665661352875,1.2189963221214475,6.669646606445313,1.0984977119584303,6.696978759765624,2.0,5.778239135742184,,,48.5,4.806777954101558,49.12109375,4.806777954101558
2020_14_BAL_CLE,2020,14,False,False,-5.0,89.0,RECONSTRUCTED_STARTER_IDENTITY_NOT_AS_ISSUED_T60,MARKET_TOTAL_RESIDUAL_SHAPE_AT_PRIOR_256_GAME_LEAGUE_MEAN,00-0034855,00-0034796,-3.486394557823136,11.75892316999394,-0.4242940024624568,3.3555841064453134,-1.0341067115751397,3.1313537597656245,-3.0,2.9251141357421853,,,45.5,35.31146545410156,49.12109375,32.33490295410156
2020_15_LAC_LV,2020,15,False,False,-3.0,57.0,RECONSTRUCTED_STARTER_IDENTITY_NOT_AS_ISSUED_T60,MARKET_TOTAL_RESIDUAL_SHAPE_AT_PRIOR_256_GAME_LEAGUE_MEAN,00-0032268,00-0036355,-34.05380518640189,0.49354593773729416,5.852475579344773,4.924334106445314,4.470581534379206,4.009478759765624,3.5,4.178239135742184,,,52.0,3.995840454101555,48.91015625,5.173965454101558
2020_15_BUF_DEN,2020,15,False,False,-29.0,67.0,RECONSTRUCTED_STARTER_IDENTITY_NOT_AS_ISSUED_T60,MARKET_TOTAL_RESIDUAL_SHAPE_AT_PRIOR_256_GAME_LEAGUE_MEAN,00-0035704,00-0034857,14.068603569688666,-2.1776684750867137,-3.617063663727722,17.255584106445312,-2.967212781936707,18.223541259765625,-5.5,15.918864135742187,,,49.0,11.71615295410156,48.91015625,11.71615295410156
2020_15_CAR_GB,2020,15,False,False,8.0,40.0,RECONSTRUCTED_STARTER_IDENTITY_NOT_AS_ISSUED_T60,MARKET_TOTAL_RESIDUAL_SHAPE_AT_PRIOR_256_GAME_LEAGUE_MEAN,00-0023459,00-0031237,1.4022262767881433,9.99263704595117,13.049381376087421,3.3555841064453134,12.705764945320903,3.3579162597656245,9.5,2.9251141357421835,,,53.0,7.572402954101559,48.91015625,5.270840454101557
2020_15_CHI_MIN,2020,15,False,False,-6.0,60.0,RECONSTRUCTED_STARTER_IDENTITY_NOT_AS_ISSUED_T60,MARKET_TOTAL_RESIDUAL_SHAPE_AT_PRIOR_256_GAME_LEAGUE_MEAN,00-0029604,00-0033869,0.0,10.308768622232067,4.195550006951152,5.454021606445313,3.78319926206187,5.428228759765624,2.5,5.098551635742186,,,47.5,7.336465454101556,48.91015625,6.745840454101558
2020_15_DET_TEN,2020,15,False,False,21.0,71.0,RECONSTRUCTED_STARTER_IDENTITY_NOT_AS_ISSUED_T60,MARKET_TOTAL_RESIDUAL_SHAPE_AT_PRIOR_256_GAME_LEAGUE_MEAN,00-0029701,00-0026498,0.7207951529717871,2.186468646864692,12.009893573385407,6.071209106445313,11.951266633629691,6.093853759765625,9.5,6.978239135742183,,,54.5,10.133340454101553,48.91015625,15.120840454101558
2020_15_HOU_IND,2020,15,False,False,7.0,47.0,RECONSTRUCTED_STARTER_IDENTITY_NOT_AS_ISSUED_T60,MARKET_TOTAL_RESIDUAL_SHAPE_AT_PRIOR_256_GAME_LEAGUE_MEAN,00-0022942,00-0033537,3.0004822900265182,1.994414425353641,8.856676144236326,2.877459106445314,8.896918858823241,2.851666259765624,7.5,2.853239135742183,,,52.5,4.056777954101559,48.91015625,3.2270904541015577
2020_15_JAX_BAL,2020,15,False,False,26.0,54.0,RECONSTRUCTED_STARTER_IDENTITY_NOT_AS_ISSUED_T60,MARKET_TOTAL_RESIDUAL_SHAPE_AT_PRIOR_256_GAME_LEAGUE_MEAN,00-0034796,00-0035289,1.258675038767576,29.608585858585855,16.37903136767929,6.669646606445311,15.24503493488656,7.325103759765624,13.0,8.336051635742184,,,49.5,3.7130279541015563,48.91015625,3.9958404541015566
2020_15_NE_MIA,2020,15,False,False,10.0,34.0,RECONSTRUCTED_STARTER_IDENTITY_NOT_AS_ISSUED_T60,MARKET_TOTAL_RESIDUAL_SHAPE_AT_PRIOR_256_GAME_LEAGUE_MEAN,00-0036212,00-0027939,-4.781029472810294,3.772455485885118,2.7770893496334246,4.971209106445313,2.4349499512856085,5.518853759765623,-1.5,7.646989135742187,,,40.0,4.056777954101561,48.91015625,8.978652954101559
2020_15_SEA_WAS,2020,15,False,False,-5.0,35.0,RECONSTRUCTED_STARTER_IDENTITY_NOT_AS_ISSUED_T60,MARKET_TOTAL_RESIDUAL_SHAPE_AT_PRIOR_256_GAME_LEAGUE_MEAN,00-0035232,00-0029263,-0.330881158855445,0.5363113375894679,-1.6009832031655242,2.971209106445313,-1.6356709030233207,2.9594787597656245,-6.0,2.940739135742186,,,44.5,5.783340454101562,48.91015625,8.253652954101558
2020_15_SF_DAL,2020,15,False,False,8.0,74.0,RECONSTRUCTED_STARTER_IDENTITY_NOT_AS_ISSUED_T60,MARKET_TOTAL_RESIDUAL_SHAPE_AT_PRIOR_256_GAME_LEAGUE_MEAN,00-0027973,00-0033319,4.04799755198304,8.96224674318189,-1.589002634681101,6.669646606445312,-1.785572602329055,6.696978759765625,-4.0,7.646989135742186,,,46.0,20.63959045410156,48.91015625,17.83490295410156
2020_15_TB_ATL,2020,15,False,False,-4.0,58.0,RECONSTRUCTED_STARTER_IDENTITY_NOT_AS_ISSUED_T60,MARKET_TOTAL_RESIDUAL_SHAPE_AT_PRIOR_256_GAME_LEAGUE_MEAN,00-0026143,00-0019596,-3.3245802949585013,0.436560150375942,-0.5211977582948202,2.971209106445313,-0.671643376108198,2.9594787597656245,-6.0,3.089176635742186,,,49.5,5.173965454101556,48.91015625,5.653652954101557
2020_15_NYJ_LA,2020,15,False,False,-3.0,43.0,RECONSTRUCTED_STARTER_IDENTITY_NOT_AS_ISSUED_T60,MARKET_TOTAL_RESIDUAL_SHAPE_AT_PRIOR_256_GAME_LEAGUE_MEAN,00-0033106,00-0034869,0.0,-14.222580789744976,16.94962310648446,12.735271606445313,17.51852633807426,13.648541259765622,17.5,14.089176635742184,,,44.5,3.2270904541015613,48.91015625,4.056777954101558
2020_15_PHI_ARI,2020,15,False,False,7.0,59.0,RECONSTRUCTED_STARTER_IDENTITY_NOT_AS_ISSUED_T60,MARKET_TOTAL_RESIDUAL_SHAPE_AT_PRIOR_256_GAME_LEAGUE_MEAN,00-0035228,00-0036389,0.0,41.443452380952394,5.067195550649258,3.161834106445312,3.409457455411162,3.7001037597656232,6.5,2.865739135742184,,,49.5,5.653652954101555,48.91015625,6.184902954101557
2020_15_KC_NO,2020,15,False,False,-3.0,61.0,RECONSTRUCTED_STARTER_IDENTITY_NOT_AS_ISSUED_T60,MARKET_TOTAL_RESIDUAL_SHAPE_AT_PRIOR_256_GAME_LEAGUE_MEAN,00-0020531,00-0033873,9.432971501545918,2.7544040004061188,-0.5246458166513548,2.877459106445313,-0.25750311660576286,2.9594787597656236,-2.5,2.865739135742186,,,53.5,4.727090454101556,48.91015625,7.336465454101558
2020_15_CLE_NYG,2020,15,False,False,-14.0,26.0,RECONSTRUCTED_STARTER_IDENTITY_NOT_AS_ISSUED_T60,MARKET_TOTAL_RESIDUAL_SHAPE_AT_PRIOR_256_GAME_LEAGUE_MEAN,00-0027688,00-0034855,-33.823690554459795,-3.6235820084818293,-2.1351296146663663,6.622771606445312,-3.343133956505485,5.990728759765624,-6.0,4.6141766357421865,,,44.5,12.213027954101562,48.91015625,15.78646545410156
2020_15_PIT_CIN,2020,15,False,False,10.0,44.0,RECONSTRUCTED_STARTER_IDENTITY_NOT_AS_ISSUED_T60,MARKET_TOTAL_RESIDUAL_SHAPE_AT_PRIOR_256_GAME_LEAGUE_MEAN,00-0035652,00-0022924,-77.83669354838709,0.9113018435792153,-9.440592602207872,13.486834106445311,-12.590512417886522,17.075103759765625,-14.5,18.470426635742186,,,40.5,3.4880279541015575,48.91015625,3.759902954101558
2020_16_MIN_NO,2020,16,False,False,19.0,85.0,RECONSTRUCTED_STARTER_IDENTITY_NOT_AS_ISSUED_T60,MARKET_TOTAL_RESIDUAL_SHAPE_AT_PRIOR_256_GAME_LEAGUE_MEAN,00-0020531,00-0029604,19.074385202022693,0.0,9.75854817539367,6.071209106445313,10.521523583474579,5.518853759765623,6.5,7.646989135742184,,,49.0,28.392715454101555,49.125,28.392715454101555
2020_16_TB_DET,2020,16,False,False,-40.0,54.0,RECONSTRUCTED_STARTER_IDENTITY_NOT_AS_ISSUED_T60,MARKET_TOTAL_RESIDUAL_SHAPE_AT_PRIOR_256_GAME_LEAGUE_MEAN,00-0026544,00-0019596,-41.16581415174767,0.4292750710289006,-6.940646092293464,24.86964660644531,-8.604449661204526,22.981353759765625,-12.0,20.625114135742187,,,55.0,3.192715454101555,49.125,3.9958404541015566
2020_16_SF_ARI,2020,16,False,False,-8.0,32.0,RECONSTRUCTED_STARTER_IDENTITY_NOT_AS_ISSUED_T60,MARKET_TOTAL_RESIDUAL_SHAPE_AT_PRIOR_256_GAME_LEAGUE_MEAN,00-0035228,00-0033936,-1.264249734888656,-15.36649944258639,4.594127569603415,7.275896606445313,5.158217557911326,7.234478759765625,6.0,8.295426635742185,,,49.0,10.533340454101559,49.125,10.533340454101559
2020_16_MIA_LV,2020,16,False,False,-1.0,51.0,RECONSTRUCTED_STARTER_IDENTITY_NOT_AS_ISSUED_T60,MARKET_TOTAL_RESIDUAL_SHAPE_AT_PRIOR_256_GAME_LEAGUE_MEAN,00-0031280,00-0036212,1.264331210191072,-13.536698885516829,-1.4443792456669597,2.8977716064453123,-0.8523380418386438,2.867291259765625,-2.0,2.940739135742186,,,50.0,3.2364654541015563,49.125,3.3317779541015566
2020_16_ATL_KC,2020,16,False,False,3.0,31.0,RECONSTRUCTED_STARTER_IDENTITY_NOT_AS_ISSUED_T60,MARKET_TOTAL_RESIDUAL_SHAPE_AT_PRIOR_256_GAME_LEAGUE_MEAN,00-0033873,00-0026143,2.3852454793673594,-3.2377631642337423,14.00148416887866,6.0165216064453135,14.226404514622704,5.990728759765624,11.0,4.614176635742184,,,54.0,15.786465454101556,49.125,11.36459045410156
2020_16_CHI_JAX,2020,16,False,False,-24.0,58.0,RECONSTRUCTED_STARTER_IDENTITY_NOT_AS_ISSUED_T60,MARKET_TOTAL_RESIDUAL_SHAPE_AT_PRIOR_256_GAME_LEAGUE_MEAN,00-0030520,00-0033869,2.40226525392766,5.570570570570554,-6.492092707578104,11.035271606445313,-6.618824920243821,10.212603759765624,-9.5,8.295426635742189,,,47.0,6.745840454101555,49.125,5.653652954101557
2020_16_CIN_HOU,2020,16,False,False,-6.0,68.0,RECONSTRUCTED_STARTER_IDENTITY_NOT_AS_ISSUED_T60,MARKET_TOTAL_RESIDUAL_SHAPE_AT_PRIOR_256_GAME_LEAGUE_MEAN,00-0033537,00-0032434,1.9291587602782823,-11.359126984126977,5.86376647323591,6.622771606445313,6.39529790301212,6.589166259765623,7.5,8.295426635742185,,,46.0,15.120840454101558,49.125,12.53646545410156
2020_16_CLE_NYJ,2020,16,False,False,7.0,39.0,RECONSTRUCTED_STARTER_IDENTITY_NOT_AS_ISSUED_T60,MARKET_TOTAL_RESIDUAL_SHAPE_AT_PRIOR_256_GAME_LEAGUE_MEAN,00-0034869,00-0034855,-16.144634913330258,0.6998886008474647,-7.0411621414916405,9.402459106445313,-7.71494308205875,10.200103759765625,-6.5,9.056364135742186,,,45.0,4.056777954101562,49.125,5.783340454101558
2020_16_IND_PIT,2020,16,False,False,4.0,52.0,RECONSTRUCTED_STARTER_IDENTITY_NOT_AS_ISSUED_T60,MARKET_TOTAL_RESIDUAL_SHAPE_AT_PRIOR_256_GAME_LEAGUE_MEAN,00-0022924,00-0022942,0.8012927485926635,3.550093872674509,1.0407750447968829,3.4024591064453142,0.9308229998336092,3.398541259765624,-1.0,3.8954266357421856,,,43.0,5.653652954101557,49.125,3.4880279541015566
2020_16_NYG_BAL,2020,16,False,False,14.0,40.0,RECONSTRUCTED_STARTER_IDENTITY_NOT_AS_ISSUED_T60,MARKET_TOTAL_RESIDUAL_SHAPE_AT_PRIOR_256_GAME_LEAGUE_MEAN,00-0034796,00-0035710,12.970166506481018,-8.699304220452264,12.83104730855299,2.9930841064453126,13.69782613763032,2.867291259765624,10.0,3.556364135742183,,,43.5,3.5177154541015563,49.125,5.270840454101557
2020_16_CAR_WAS,2020,16,False,False,-7.0,33.0,RECONSTRUCTED_STARTER_IDENTITY_NOT_AS_ISSUED_T60,MARKET_TOTAL_RESIDUAL_SHAPE_AT_PRIOR_256_GAME_LEAGUE_MEAN,00-0035232,00-0031237,4.8451288835904105,8.702488906038974,5.637007872086624,7.275896606445314,5.482713471188681,6.589166259765624,-1.0,3.811051635742186,,,41.0,4.806777954101559,49.125,9.736465454101559
2020_16_DEN_LAC,2020,16,False,False,3.0,35.0,RECONSTRUCTED_STARTER_IDENTITY_NOT_AS_ISSUED_T60,MARKET_TOTAL_RESIDUAL_SHAPE_AT_PRIOR_256_GAME_LEAGUE_MEAN,00-0036355,00-0035704,0.4906618404846297,8.06190554922248,1.551867255922416,2.9930841064453126,1.249017507572902,3.164166259765624,2.5,2.865739135742186,,,47.5,7.572402954101556,49.125,8.253652954101558
2020_16_LA_SEA,2020,16,False,False,11.0,29.0,RECONSTRUCTED_STARTER_IDENTITY_NOT_AS_ISSUED_T60,MARKET_TOTAL_RESIDUAL_SHAPE_AT_PRIOR_256_GAME_LEAGUE_MEAN,00-0029263,00-0033106,0.3623090624493841,0.0,2.788364606346331,5.499334106445312,2.8028569688443064,5.518853759765623,1.5,5.778239135742184,,,48.0,12.213027954101555,49.125,13.078652954101557
2020_16_PHI_DAL,2020,16,False,False,20.0,54.0,RECONSTRUCTED_STARTER_IDENTITY_NOT_AS_ISSUED_T60,MARKET_TOTAL_RESIDUAL_SHAPE_AT_PRIOR_256_GAME_LEAGUE_MEAN,00-0027973,00-0036389,6.193302119016053,47.246635880629626,1.9015395777629691,12.619646606445311,0.25940622729842633,14.373541259765624,-3.0,16.618864135742186,,,50.0,3.7130279541015563,49.125,3.9958404541015566
2020_16_TEN_GB,2020,16,False,False,26.0,54.0,RECONSTRUCTED_STARTER_IDENTITY_NOT_AS_ISSUED_T60,MARKET_TOTAL_RESIDUAL_SHAPE_AT_PRIOR_256_GAME_LEAGUE_MEAN,00-0023459,00-0029701,1.3464093084297524,0.7573481548245109,4.406307108681613,16.157146606445313,4.429869554825823,16.161041259765625,3.0,16.618864135742186,,,52.5,3.236465454101559,49.125,3.9958404541015566
2020_16_BUF_NE,2020,16,False,False,-29.0,47.0,RECONSTRUCTED_STARTER_IDENTITY_NOT_AS_ISSUED_T60,MARKET_TOTAL_RESIDUAL_SHAPE_AT_PRIOR_256_GAME_LEAGUE_MEAN,00-0035264,00-0034857,-88.94280316042597,-2.0925800931323346,-2.647330339324808,18.188396606445313,-6.121339262016553,15.448541259765623,-7.0,15.000114135742187,,,47.0,3.206777954101553,49.125,3.2270904541015577
2020_17_ATL_TB,2020,17,False,False,17.0,71.0,RECONSTRUCTED_STARTER_IDENTITY_NOT_AS_ISSUED_T60,MARKET_TOTAL_RESIDUAL_SHAPE_AT_PRIOR_256_GAME_LEAGUE_MEAN,00-0019596,00-0026143,-2.8829876591070613,-3.2144276629570756,7.806949652854537,6.0712091064453135,7.820207253008537,6.093853759765625,7.5,5.778239135742184,,,51.0,13.38021545410156,49.25390625,15.120840454101558
2020_17_BAL_CIN,2020,17,False,False,-35.0,41.0,RECONSTRUCTED_STARTER_IDENTITY_NOT_AS_ISSUED_T60,MARKET_TOTAL_RESIDUAL_SHAPE_AT_PRIOR_256_GAME_LEAGUE_MEAN,00-0032434,00-0034796,-5.063038001886366,2.142226739054842,-7.621407139810872,19.125896606445313,-7.90961772944852,19.162603759765624,-13.5,14.089176635742191,,,46.0,3.759902954101558,49.25390625,4.806777954101558
2020_17_DAL_NYG,2020,17,False,False,4.0,42.0,RECONSTRUCTED_STARTER_IDENTITY_NOT_AS_ISSUED_T60,MARKET_TOTAL_RESIDUAL_SHAPE_AT_PRIOR_256_GAME_LEAGUE_MEAN,00-0035710,00-0027973,-2.1173330613355024,13.857015253538552,-0.3724245161251201,3.7102716064453123,-1.0113984487200824,4.0610412597656245,-1.5,4.289176635742187,,,44.5,3.3411529541015605,49.25390625,4.409902954101557
2020_17_MIA_BUF,2020,17,False,False,30.0,82.0,RECONSTRUCTED_STARTER_IDENTITY_NOT_AS_ISSUED_T60,MARKET_TOTAL_RESIDUAL_SHAPE_AT_PRIOR_256_GAME_LEAGUE_MEAN,00-0034857,00-0036212,-2.417983632002274,-7.9580270467425995,7.0049712647325215,17.069646606445314,7.2265730013221345,17.075103759765625,-3.5,27.151676635742188,,,42.5,31.34740295410156,49.25390625,25.45834045410156
2020_17_MIN_DET,2020,17,False,False,-2.0,72.0,RECONSTRUCTED_STARTER_IDENTITY_NOT_AS_ISSUED_T60,MARKET_TOTAL_RESIDUAL_SHAPE_AT_PRIOR_256_GAME_LEAGUE_MEAN,00-0026498,00-0029604,14.659782787559639,0.0,-2.9608261527152173,2.9930841064453126,-2.3744348412128318,2.867291259765625,-3.0,2.9407391357421853,,,54.0,11.716152954101556,49.25390625,16.00990295410156
2020_17_NYJ_NE,2020,17,False,False,14.0,42.0,RECONSTRUCTED_STARTER_IDENTITY_NOT_AS_ISSUED_T60,MARKET_TOTAL_RESIDUAL_SHAPE_AT_PRIOR_256_GAME_LEAGUE_MEAN,00-0027939,00-0034869,-1.2365744416315883,-19.902782645947738,8.881680841461074,4.0712091064453135,9.628329169633721,3.700103759765624,3.0,6.978239135742185,,,41.0,3.236465454101559,49.25390625,4.409902954101557
2020_17_PIT_CLE,2020,17,False,False,2.0,46.0,RECONSTRUCTED_STARTER_IDENTITY_NOT_AS_ISSUED_T60,MARKET_TOTAL_RESIDUAL_SHAPE_AT_PRIOR_256_GAME_LEAGUE_MEAN,00-0034855,00-0034771,1.1543988133864813,-23.056593397000547,-0.5101546533863984,3.4024591064453134,0.45828503502908274,3.164166259765624,10.5,5.098551635742184,,,45.0,3.2364654541015616,49.25390625,3.341152954101557
2020_17_ARI_LA,2020,17,False,False,11.0,25.0,RECONSTRUCTED_STARTER_IDENTITY_NOT_AS_ISSUED_T60,MARKET_TOTAL_RESIDUAL_SHAPE_AT_PRIOR_256_GAME_LEAGUE_MEAN,00-0034899,00-0035752,23.944864841770872,-7.365231312075271,5.885907900393013,4.0712091064453135,7.138311746546859,3.700103759765624,1.0,6.3516766357421846,,,42.0,10.533340454101555,49.25390625,16.714590454101558
2020_17_GB_CHI,2020,17,False,False,-19.0,51.0,RECONSTRUCTED_STARTER_IDENTITY_NOT_AS_ISSUED_T60,MARKET_TOTAL_RESIDUAL_SHAPE_AT_PRIOR_256_GAME_LEAGUE_MEAN,00-0033869,00-0023459,6.57664627563872,0.0,-3.703219010926032,8.682146606445311,-3.440153159900483,9.417291259765623,-4.5,8.295426635742189,,,48.5,3.3317779541015566,49.25390625,3.3317779541015566
2020_17_JAX_IND,2020,17,False,False,14.0,42.0,RECONSTRUCTED_STARTER_IDENTITY_NOT_AS_ISSUED_T60,MARKET_TOTAL_RESIDUAL_SHAPE_AT_PRIOR_256_GAME_LEAGUE_MEAN,00-0022942,00-0030520,3.5305178300586437,5.887000108968077,15.902156553395498,2.877459106445312,15.807897262239122,2.851666259765625,15.5,2.9251141357421835,,,48.0,4.056777954101556,49.25390625,4.409902954101557
2020_17_LAC_KC,2020,17,False,False,-17.0,59.0,RECONSTRUCTED_STARTER_IDENTITY_NOT_AS_ISSUED_T60,MARKET_TOTAL_RESIDUAL_SHAPE_AT_PRIOR_256_GAME_LEAGUE_MEAN,00-0026197,00-0036355,-95.06170079585085,0.4778451315088583,16.612688005836773,25.849334106445315,12.791106168742383,22.017291259765624,-7.0,5.631364135742187,,,43.0,10.133340454101557,49.25390625,6.184902954101557
2020_17_LV_DEN,2020,17,False,False,-1.0,63.0,RECONSTRUCTED_STARTER_IDENTITY_NOT_AS_ISSUED_T60,MARKET_TOTAL_RESIDUAL_SHAPE_AT_PRIOR_256_GAME_LEAGUE_MEAN,00-0035704,00-0031280,5.109890109890092,0.7485981721047308,1.8166164446919266,2.971209106445313,1.9910681222033408,2.9594787597656236,-2.5,3.0891766357421853,,,50.5,7.3364654541015595,49.25390625,8.656777954101557
2020_17_NO_CAR,2020,17,False,False,-26.0,40.0,RECONSTRUCTED_STARTER_IDENTITY_NOT_AS_ISSUED_T60,MARKET_TOTAL_RESIDUAL_SHAPE_AT_PRIOR_256_GAME_LEAGUE_MEAN,00-0031237,00-0020531,14.726157499010695,17.279621444357307,-7.9810570463077966,11.035271606445313,-8.083195604121661,11.042291259765623,-6.0,13.196989135742186,,,47.0,4.409902954101553,49.25390625,5.270840454101557
2020_17_SEA_SF,2020,17,False,False,-3.0,49.0,RECONSTRUCTED_STARTER_IDENTITY_NOT_AS_ISSUED_T60,MARKET_TOTAL_RESIDUAL_SHAPE_AT_PRIOR_256_GAME_LEAGUE_MEAN,00-0033936,00-0029263,-15.326923076923094,0.36748172659359923,-4.567484535424292,3.161834106445313,-5.19526072756496,3.164166259765624,-7.0,3.556364135742186,,,45.0,3.7130279541015616,49.25390625,3.2067779541015566
2020_17_TEN_HOU,2020,17,False,False,-3.0,79.0,RECONSTRUCTED_STARTER_IDENTITY_NOT_AS_ISSUED_T60,MARKET_TOTAL_RESIDUAL_SHAPE_AT_PRIOR_256_GAME_LEAGUE_MEAN,00-0033537,00-0029701,1.9656349898285352,1.9428641272945635,-4.793924359625171,3.161834106445313,-4.793013525123812,3.164166259765624,-7.0,3.556364135742186,,,55.5,16.009902954101555,49.25390625,22.55677795410156
2020_17_WAS_PHI,2020,17,False,False,-6.0,34.0,RECONSTRUCTED_STARTER_IDENTITY_NOT_AS_ISSUED_T60,MARKET_TOTAL_RESIDUAL_SHAPE_AT_PRIOR_256_GAME_LEAGUE_MEAN,00-0036389,00-0023436,38.55755894590844,-12.591384796861727,1.73339336451073,4.432146606445313,3.779351114221537,5.428228759765624,-6.5,2.940739135742186,,,43.5,5.783340454101556,49.25390625,8.978652954101559
2021_01_DAL_TB,2021,1,True,False,2.0,60.0,RECONSTRUCTED_STARTER_IDENTITY_NOT_AS_ISSUED_T60,MARKET_TOTAL_RESIDUAL_SHAPE_AT_PRIOR_256_GAME_LEAGUE_MEAN,00-0019596,00-0033077,-2.9526704298740825,59.093179928083806,10.912112788571012,4.823340945773651,8.430278774252695,3.5803858439127616,10.0,4.593045128716365,4.5,,52.5,4.65943993462457,49.578125,6.066992017957902
2021_01_ARI_TEN,2021,1,True,False,-25.0,51.0,RECONSTRUCTED_STARTER_IDENTITY_NOT_AS_ISSUED_T60,MARKET_TOTAL_RESIDUAL_SHAPE_AT_PRIOR_256_GAME_LEAGUE_MEAN,00-0029701,00-0035228,1.2974261869696413,1.7119358628792547,5.261799489653713,21.716570112440316,5.2452191026173285,21.74314626057943,2.5,20.54877429538303,3.0,,54.0,3.349544101291232,49.578125,3.2037107679579018
2021_01_JAX_HOU,2021,1,True,False,16.0,58.0,RECONSTRUCTED_STARTER_IDENTITY_NOT_AS_ISSUED_T60,MARKET_TOTAL_RESIDUAL_SHAPE_AT_PRIOR_256_GAME_LEAGUE_MEAN,00-0028118,00-0036971,-97.37393617021274,37.7455415469879,6.350042309697001,6.797299279106985,0.945263201008975,10.426740010579428,-3.5,14.026638878716366,-2.5,,45.5,7.202408684624568,49.578125,5.087825351291236
2021_01_LAC_WAS,2021,1,True,False,-4.0,36.0,RECONSTRUCTED_STARTER_IDENTITY_NOT_AS_ISSUED_T60,MARKET_TOTAL_RESIDUAL_SHAPE_AT_PRIOR_256_GAME_LEAGUE_MEAN,00-0031800,00-0036355,0.4419935241739559,0.3599897829950516,1.1603655247050302,3.3142263624403183,1.1636456743521864,3.2991358439127616,2.5,4.168565962049699,2.0,,45.5,5.888606601291236,49.578125,8.4185545179579
2021_01_MIN_CIN,2021,1,True,False,3.0,51.0,RECONSTRUCTED_STARTER_IDENTITY_NOT_AS_ISSUED_T60,MARKET_TOTAL_RESIDUAL_SHAPE_AT_PRIOR_256_GAME_LEAGUE_MEAN,00-0036442,00-0029604,7.5138636886356025,0.0,-0.6968013002131557,3.763445112440319,-0.3962467526677315,3.4475733439127634,-3.0,4.292263878716364,-2.5,,47.0,3.667252434624567,49.578125,3.2037107679579018
2021_01_NYJ_CAR,2021,1,True,False,5.0,33.0,RECONSTRUCTED_STARTER_IDENTITY_NOT_AS_ISSUED_T60,MARKET_TOTAL_RESIDUAL_SHAPE_AT_PRIOR_256_GAME_LEAGUE_MEAN,00-0034869,00-0037013,-37.147070519618254,26.175743955142572,4.785041233242027,2.8975596957736514,2.252128654251594,3.4475733439127607,3.5,2.9354930453830326,3.5,,44.5,7.074804517957902,49.578125,10.7310545179579
2021_01_PHI_ATL,2021,1,True,False,-26.0,38.0,RECONSTRUCTED_STARTER_IDENTITY_NOT_AS_ISSUED_T60,MARKET_TOTAL_RESIDUAL_SHAPE_AT_PRIOR_256_GAME_LEAGUE_MEAN,00-0026143,00-0036389,-3.215387810812431,29.979759587157375,4.926349368909942,22.67490344577365,3.598543472991149,21.74314626057943,3.5,22.473253462049698,3.0,,49.0,6.458919101291236,49.578125,7.074804517957902
2021_01_PIT_BUF,2021,1,True,False,-7.0,39.0,RECONSTRUCTED_STARTER_IDENTITY_NOT_AS_ISSUED_T60,MARKET_TOTAL_RESIDUAL_SHAPE_AT_PRIOR_256_GAME_LEAGUE_MEAN,00-0034857,00-0022924,-5.072774904947686,-0.4480761440076142,6.834344422990271,7.79469511244032,6.649356472552667,7.7509587605794295,6.5,8.229763878716366,3.5,,48.0,5.365169101291234,49.578125,6.458919101291236
2021_01_SEA_IND,2021,1,True,False,-12.0,44.0,RECONSTRUCTED_STARTER_IDENTITY_NOT_AS_ISSUED_T60,MARKET_TOTAL_RESIDUAL_SHAPE_AT_PRIOR_256_GAME_LEAGUE_MEAN,00-0032950,00-0029263,-71.23705583756346,0.2026783569541335,2.487650970217692,7.79469511244032,-0.369938397563012,6.435854593912763,-3.0,5.068305545383032,-1.5,,49.0,3.792252434624568,49.578125,4.104752434624568
2021_01_SF_DET,2021,1,True,False,-8.0,74.0,RECONSTRUCTED_STARTER_IDENTITY_NOT_AS_ISSUED_T60,MARKET_TOTAL_RESIDUAL_SHAPE_AT_PRIOR_256_GAME_LEAGUE_MEAN,00-0033106,00-0031345,-22.526683087027898,5.552333929794329,-1.682514965933733,3.5889659457736505,-2.805675646606622,3.2991358439127616,-9.5,3.077420128716364,-3.5,,46.0,20.447200351291233,49.578125,16.71803368462457
2021_01_CLE_KC,2021,1,True,False,4.0,62.0,RECONSTRUCTED_STARTER_IDENTITY_NOT_AS_ISSUED_T60,MARKET_TOTAL_RESIDUAL_SHAPE_AT_PRIOR_256_GAME_LEAGUE_MEAN,00-0033873,00-0034855,11.208869249585728,-0.21672077922079147,6.879113029021755,2.9522471957736522,7.336136630174016,2.9241358439127616,5.5,2.9328888787163647,4.0,,54.5,4.659439934624567,49.578125,7.202408684624568
2021_01_DEN_NYG,2021,1,True,False,-14.0,40.0,RECONSTRUCTED_STARTER_IDENTITY_NOT_AS_ISSUED_T60,MARKET_TOTAL_RESIDUAL_SHAPE_AT_PRIOR_256_GAME_LEAGUE_MEAN,00-0035710,00-0031237,3.8668924199010135,12.167159763313617,1.6408192383763163,9.250424279106987,1.3088085446398123,8.47361501057943,-3.0,6.164659712049698,-1.5,,41.5,3.221939934624566,49.578125,5.888606601291236
2021_01_GB_NO,2021,1,True,False,35.0,41.0,RECONSTRUCTED_STARTER_IDENTITY_NOT_AS_ISSUED_T60,MARKET_TOTAL_RESIDUAL_SHAPE_AT_PRIOR_256_GAME_LEAGUE_MEAN,00-0031503,00-0023459,14.540268456375838,0.0,-0.5754285046581572,29.88584094577365,0.00618223359687633,28.899396260579433,-4.0,32.23627429538303,-3.0,,49.0,4.888606601291236,49.578125,5.365169101291236
2021_01_MIA_NE,2021,1,True,False,-1.0,33.0,RECONSTRUCTED_STARTER_IDENTITY_NOT_AS_ISSUED_T60,MARKET_TOTAL_RESIDUAL_SHAPE_AT_PRIOR_256_GAME_LEAGUE_MEAN,00-0036972,00-0036212,2.487851125854146,-11.630124327957002,1.348237043386962,2.8663096957736505,1.9129560615394081,2.9241358439127607,3.5,3.5110138787163647,1.0,,43.5,6.458919101291236,49.578125,10.7310545179579
2021_01_CHI_LA,2021,1,True,False,20.0,48.0,RECONSTRUCTED_STARTER_IDENTITY_NOT_AS_ISSUED_T60,MARKET_TOTAL_RESIDUAL_SHAPE_AT_PRIOR_256_GAME_LEAGUE_MEAN,00-0026498,00-0027973,35.87114337568058,-12.404915367418635,5.618108971914971,9.608497195773653,7.54915132163894,8.18064626057943,9.5,6.371690962049699,,,46.0,3.2948566012912357,49.578125,3.221939934624568
2021_01_BAL_LV,2021,1,True,False,6.0,60.0,RECONSTRUCTED_STARTER_IDENTITY_NOT_AS_ISSUED_T60,MARKET_TOTAL_RESIDUAL_SHAPE_AT_PRIOR_256_GAME_LEAGUE_MEAN,00-0031280,00-0034796,0.9731930155239654,12.352105663913783,-2.7013438287889495,6.182715945773652,-3.156500334724542,6.2197087605794295,-3.0,5.789659712049698,,,50.5,5.5513670179579,49.578125,6.066992017957902
2021_02_NYG_WAS,2021,2,False,False,1.0,59.0,RECONSTRUCTED_STARTER_IDENTITY_NOT_AS_ISSUED_T60,MARKET_TOTAL_RESIDUAL_SHAPE_AT_PRIOR_256_GAME_LEAGUE_MEAN,00-0031800,00-0035710,13.548159371879187,1.1628152146411441,4.547477056248044,3.103288862440319,5.042890822537567,3.0829900105794295,4.0,3.0748159620496986,-0.5,,42.0,10.7388670179579,49.6171875,5.551367017957902
2021_02_BUF_MIA,2021,2,False,False,-35.0,35.0,RECONSTRUCTED_STARTER_IDENTITY_NOT_AS_ISSUED_T60,MARKET_TOTAL_RESIDUAL_SHAPE_AT_PRIOR_256_GAME_LEAGUE_MEAN,00-0033119,00-0034857,-20.1775956284153,-3.52059754168188,0.21938197997259523,26.56943469577365,-0.4468979434967416,26.618146260579433,-3.5,23.440701378716366,-1.0,,48.0,7.721939934624566,49.6171875,9.158137851291233
2021_02_CIN_CHI,2021,2,False,False,3.0,37.0,RECONSTRUCTED_STARTER_IDENTITY_NOT_AS_ISSUED_T60,MARKET_TOTAL_RESIDUAL_SHAPE_AT_PRIOR_256_GAME_LEAGUE_MEAN,00-0036945,00-0036442,-16.861979166666675,20.069311219753704,4.669983580384205,2.8663096957736514,3.19273196492739,2.8785629272460955,2.0,2.9354930453830317,1.0,,44.5,4.888606601291236,49.6171875,7.721939934624568
2021_02_DEN_JAX,2021,2,False,False,-10.0,36.0,RECONSTRUCTED_STARTER_IDENTITY_NOT_AS_ISSUED_T60,MARKET_TOTAL_RESIDUAL_SHAPE_AT_PRIOR_256_GAME_LEAGUE_MEAN,00-0036971,00-0031237,1.0162231133795219,19.81187620292846,-3.653822020438038,3.5889659457736514,-4.405648144019995,3.5803858439127607,-6.0,3.2610138787163647,-5.0,,45.0,5.365169101291236,49.6171875,8.4185545179579
2021_02_HOU_CLE,2021,2,False,False,10.0,52.0,RECONSTRUCTED_STARTER_IDENTITY_NOT_AS_ISSUED_T60,MARKET_TOTAL_RESIDUAL_SHAPE_AT_PRIOR_256_GAME_LEAGUE_MEAN,00-0034855,00-0036898,-0.1855724195402697,-55.5230486488917,5.627250863171812,3.763445112440319,7.840749912345868,3.1936670939127616,13.5,3.2610138787163647,9.0,,48.5,3.4458982679579018,49.6171875,3.2948566012912357
2021_02_LA_IND,2021,2,False,False,-3.0,51.0,RECONSTRUCTED_STARTER_IDENTITY_NOT_AS_ISSUED_T60,MARKET_TOTAL_RESIDUAL_SHAPE_AT_PRIOR_256_GAME_LEAGUE_MEAN,00-0032950,00-0026498,-67.42563887725177,40.069033694424135,0.2426921443648098,2.9522471957736522,-4.057094758502227,3.0061670939127607,-4.0,2.9354930453830317,,,48.0,3.4458982679579,49.6171875,3.2037107679579018
2021_02_LV_PIT,2021,2,False,False,-9.0,43.0,RECONSTRUCTED_STARTER_IDENTITY_NOT_AS_ISSUED_T60,MARKET_TOTAL_RESIDUAL_SHAPE_AT_PRIOR_256_GAME_LEAGUE_MEAN,00-0022924,00-0031280,4.265570185429857,1.2309865275967002,5.078797850621049,7.794695112440319,5.200181196934375,7.7509587605794295,5.5,8.987576378716366,,,46.5,3.538346184624567,49.6171875,4.473242017957902
2021_02_NE_NYJ,2021,2,False,False,-19.0,31.0,RECONSTRUCTED_STARTER_IDENTITY_NOT_AS_ISSUED_T60,MARKET_TOTAL_RESIDUAL_SHAPE_AT_PRIOR_256_GAME_LEAGUE_MEAN,00-0037013,00-0036972,-23.056581902484965,21.83501683501683,-2.3051303982859097,10.027768029106984,-4.100794347785982,8.47361501057943,-5.5,7.501899295383033,-5.5,,43.0,7.074804517957902,49.6171875,12.4302732679579
2021_02_NO_CAR,2021,2,False,False,19.0,33.0,RECONSTRUCTED_STARTER_IDENTITY_NOT_AS_ISSUED_T60,MARKET_TOTAL_RESIDUAL_SHAPE_AT_PRIOR_256_GAME_LEAGUE_MEAN,00-0034869,00-0031503,-17.292492492492496,33.175117924528294,-5.5911178010084495,19.202247195773655,-7.609822217689282,21.101219177246094,-3.0,15.815701378716366,-4.0,,45.0,7.074804517957902,49.6171875,10.7310545179579
2021_02_SF_PHI,2021,2,False,False,-6.0,28.0,RECONSTRUCTED_STARTER_IDENTITY_NOT_AS_ISSUED_T60,MARKET_TOTAL_RESIDUAL_SHAPE_AT_PRIOR_256_GAME_LEAGUE_MEAN,00-0036389,00-0031345,42.294493939707856,-0.6833302380458095,0.8583756132753934,3.9418305291069844,2.57748858038554,4.7978337605794295,-3.0,3.0748159620496978,-3.5,,49.0,14.206314934624569,49.6171875,15.115169101291233
2021_02_ATL_TB,2021,2,False,False,23.0,73.0,RECONSTRUCTED_STARTER_IDENTITY_NOT_AS_ISSUED_T60,MARKET_TOTAL_RESIDUAL_SHAPE_AT_PRIOR_256_GAME_LEAGUE_MEAN,00-0019596,00-0026143,-2.40009179203704,-3.2888705537220453,11.652286513378685,7.449643029106985,11.687837663846087,7.490542093912762,13.5,5.789659712049699,9.5,,52.0,14.0435545179579,49.6171875,15.810481601291233
2021_02_MIN_ARI,2021,2,False,False,1.0,67.0,RECONSTRUCTED_STARTER_IDENTITY_NOT_AS_ISSUED_T60,MARKET_TOTAL_RESIDUAL_SHAPE_AT_PRIOR_256_GAME_LEAGUE_MEAN,00-0035228,00-0029604,1.8833065140950067,-0.19884897919071332,4.767328507092734,3.103288862440319,4.850614726824163,3.0829900105794295,4.0,3.0748159620496986,2.5,,51.0,9.9654295179579,49.6171875,10.7388670179579
2021_02_DAL_LAC,2021,2,False,False,-3.0,37.0,RECONSTRUCTED_STARTER_IDENTITY_NOT_AS_ISSUED_T60,MARKET_TOTAL_RESIDUAL_SHAPE_AT_PRIOR_256_GAME_LEAGUE_MEAN,00-0036355,00-0033077,0.0,47.40846837998583,5.205145831460977,4.350684695773651,3.308807096261544,3.5803858439127616,3.0,3.8091909620496986,-0.0,,55.0,11.573502434624569,49.6171875,7.721939934624568
2021_02_TEN_SEA,2021,2,False,False,-3.0,63.0,RECONSTRUCTED_STARTER_IDENTITY_NOT_AS_ISSUED_T60,MARKET_TOTAL_RESIDUAL_SHAPE_AT_PRIOR_256_GAME_LEAGUE_MEAN,00-0029263,00-0029701,0.3642367412784786,1.15821678321677,6.162423329919011,4.823340945773651,6.13066412824148,4.7978337605794295,6.5,5.590440962049699,5.0,,53.5,5.551367017957898,49.6171875,7.831314934624568
2021_02_KC_BAL,2021,2,False,False,1.0,71.0,RECONSTRUCTED_STARTER_IDENTITY_NOT_AS_ISSUED_T60,MARKET_TOTAL_RESIDUAL_SHAPE_AT_PRIOR_256_GAME_LEAGUE_MEAN,00-0034796,00-0033873,13.493111366245692,6.352048633150198,-0.0003160069341356575,3.00172636244032,0.2853265023896841,3.0061670939127634,-3.5,3.893826378716364,-1.0,,53.5,10.738867017957897,49.6171875,14.0435545179579
2021_02_DET_GB,2021,2,False,False,18.0,52.0,RECONSTRUCTED_STARTER_IDENTITY_NOT_AS_ISSUED_T60,MARKET_TOTAL_RESIDUAL_SHAPE_AT_PRIOR_256_GAME_LEAGUE_MEAN,00-0023459,00-0033106,-0.0608519269776675,-13.853716895309942,11.402984914059388,5.060320112440319,11.954699512792681,4.596010843912762,11.5,4.292263878716365,9.5,,49.5,3.2948566012912357,49.6171875,3.2948566012912357
2021_03_CAR_HOU,2021,3,False,False,-15.0,33.0,RECONSTRUCTED_STARTER_IDENTITY_NOT_AS_ISSUED_T60,MARKET_TOTAL_RESIDUAL_SHAPE_AT_PRIOR_256_GAME_LEAGUE_MEAN,00-0036898,00-0034869,-118.47165991902835,-12.485514485514493,0.2836852127933707,8.50563261244032,-3.9557606045471836,5.852521260579429,-8.0,4.168565962049698,-7.5,,43.0,5.888606601291236,49.28515625,9.927669101291233
2021_03_ARI_JAX,2021,3,False,False,-12.0,50.0,RECONSTRUCTED_STARTER_IDENTITY_NOT_AS_ISSUED_T60,MARKET_TOTAL_RESIDUAL_SHAPE_AT_PRIOR_256_GAME_LEAGUE_MEAN,00-0036971,00-0035228,-21.086762075134168,1.6209524208644188,-6.665820278737346,3.314226362440319,-7.574128858577291,3.0829900105794295,-8.0,3.261013878716364,-6.5,,51.5,3.221939934624568,49.28515625,3.2037107679579018
2021_03_ATL_NYG,2021,3,False,False,-3.0,31.0,RECONSTRUCTED_STARTER_IDENTITY_NOT_AS_ISSUED_T60,MARKET_TOTAL_RESIDUAL_SHAPE_AT_PRIOR_256_GAME_LEAGUE_MEAN,00-0035710,00-0026143,-0.09000825763831877,-2.526467893540252,1.048832667414399,3.1032888624403183,1.1462910528504764,3.0829900105794295,3.0,3.8091909620496986,3.0,,48.0,10.7310545179579,49.28515625,11.573502434624569
2021_03_BAL_DET,2021,3,False,False,-2.0,36.0,RECONSTRUCTED_STARTER_IDENTITY_NOT_AS_ISSUED_T60,MARKET_TOTAL_RESIDUAL_SHAPE_AT_PRIOR_256_GAME_LEAGUE_MEAN,00-0033106,00-0034796,-21.9534825402796,9.258437946327902,-6.417596327084138,3.76344511244032,-7.666073146548438,4.596010843912762,-7.5,4.292263878716364,-7.0,,51.0,9.158137851291233,49.28515625,7.721939934624568
2021_03_CHI_CLE,2021,3,False,False,20.0,32.0,RECONSTRUCTED_STARTER_IDENTITY_NOT_AS_ISSUED_T60,MARKET_TOTAL_RESIDUAL_SHAPE_AT_PRIOR_256_GAME_LEAGUE_MEAN,00-0034855,00-0036945,-0.18570102135559985,-131.88202247191012,4.601448922505333,10.385840945773653,9.869301780527515,6.8408025105794295,7.5,7.681586795383033,5.5,,45.0,7.721939934624568,49.28515625,10.7310545179579
2021_03_CIN_PIT,2021,3,False,False,-14.0,34.0,RECONSTRUCTED_STARTER_IDENTITY_NOT_AS_ISSUED_T60,MARKET_TOTAL_RESIDUAL_SHAPE_AT_PRIOR_256_GAME_LEAGUE_MEAN,00-0022924,00-0036442,5.533677661265868,29.250741839762618,6.926311859589314,13.38063261244032,5.9776292924494445,12.523094177246096,2.5,10.56830554538303,3.5,,42.5,5.365169101291236,49.28515625,9.158137851291233
2021_03_IND_TEN,2021,3,False,False,9.0,41.0,RECONSTRUCTED_STARTER_IDENTITY_NOT_AS_ISSUED_T60,MARKET_TOTAL_RESIDUAL_SHAPE_AT_PRIOR_256_GAME_LEAGUE_MEAN,00-0029701,00-0032950,1.1619374934908722,-56.2637202323061,3.045948814743542,4.569434695773651,5.34297512377542,3.7704900105794295,4.5,3.5513784620496986,5.0,,47.0,4.104752434624567,49.28515625,4.888606601291236
2021_03_LAC_KC,2021,3,False,False,-6.0,54.0,RECONSTRUCTED_STARTER_IDENTITY_NOT_AS_ISSUED_T60,MARKET_TOTAL_RESIDUAL_SHAPE_AT_PRIOR_256_GAME_LEAGUE_MEAN,00-0033873,00-0036355,13.954629827943176,0.0,8.408515662950348,7.794695112440319,8.966700856068076,8.47361501057943,6.5,7.501899295383033,6.0,,55.0,3.171158684624567,49.28515625,3.9458982679579018
2021_03_NO_NE,2021,3,False,False,-15.0,41.0,RECONSTRUCTED_STARTER_IDENTITY_NOT_AS_ISSUED_T60,MARKET_TOTAL_RESIDUAL_SHAPE_AT_PRIOR_256_GAME_LEAGUE_MEAN,00-0036972,00-0031503,3.5906663570931086,24.016753802281364,-1.0360072216749814,7.794695112440319,-1.8530507194825117,7.071271260579429,3.0,11.397732628716366,0.5,,44.0,3.3495441012912357,49.28515625,4.888606601291236
2021_03_WAS_BUF,2021,3,False,False,22.0,64.0,RECONSTRUCTED_STARTER_IDENTITY_NOT_AS_ISSUED_T60,MARKET_TOTAL_RESIDUAL_SHAPE_AT_PRIOR_256_GAME_LEAGUE_MEAN,00-0034857,00-0031800,-2.4054290821005964,23.74686716791978,10.118272806579562,8.139747195773651,9.072180956578746,8.899396260579428,7.5,9.112576378716366,9.0,,45.5,11.5318357679579,49.28515625,9.220637851291233
2021_03_MIA_LV,2021,3,False,False,3.0,59.0,RECONSTRUCTED_STARTER_IDENTITY_NOT_AS_ISSUED_T60,MARKET_TOTAL_RESIDUAL_SHAPE_AT_PRIOR_256_GAME_LEAGUE_MEAN,00-0031280,00-0033119,1.820234869015347,-23.06228074837886,3.6721030587191854,2.84938261244032,4.667403683414953,2.8381983439127616,4.0,2.8599722120496986,,,45.0,8.5083982679579,49.28515625,6.066992017957902
2021_03_NYJ_DEN,2021,3,False,False,26.0,26.0,RECONSTRUCTED_STARTER_IDENTITY_NOT_AS_ISSUED_T60,MARKET_TOTAL_RESIDUAL_SHAPE_AT_PRIOR_256_GAME_LEAGUE_MEAN,00-0031237,00-0037013,12.323784658078596,-64.06536697247707,8.654946742330758,12.010840945773653,11.710512807552984,9.650698343912763,10.5,9.875597212049698,11.5,,42.0,9.927669101291233,49.28515625,16.03834618462457
2021_03_SEA_MIN,2021,3,False,False,13.0,47.0,RECONSTRUCTED_STARTER_IDENTITY_NOT_AS_ISSUED_T60,MARKET_TOTAL_RESIDUAL_SHAPE_AT_PRIOR_256_GAME_LEAGUE_MEAN,00-0029604,00-0029263,-0.2022995829471741,0.7494219883600328,-1.3486939831675226,9.608497195773653,-1.3867628460198111,9.650698343912763,-2.0,9.875597212049698,-0.5,,53.5,4.473242017957898,49.28515625,3.221939934624568
2021_03_TB_LA,2021,3,False,False,10.0,58.0,RECONSTRUCTED_STARTER_IDENTITY_NOT_AS_ISSUED_T60,MARKET_TOTAL_RESIDUAL_SHAPE_AT_PRIOR_256_GAME_LEAGUE_MEAN,00-0026498,00-0019596,49.65440035468851,-2.218565747977541,-0.17769108622695057,6.797299279106986,1.8972275578796916,5.632469177246095,-1.0,7.005805545383033,,,55.0,3.445898267957901,49.28515625,5.551367017957902
2021_03_GB_SF,2021,3,False,False,-2.0,58.0,RECONSTRUCTED_STARTER_IDENTITY_NOT_AS_ISSUED_T60,MARKET_TOTAL_RESIDUAL_SHAPE_AT_PRIOR_256_GAME_LEAGUE_MEAN,00-0031345,00-0023459,4.180326077454333,0.04812448199342789,0.09254509990320912,2.8663096957736522,0.25783316372164533,2.8381983439127634,3.5,3.8091909620496986,0.5,,50.5,4.659439934624566,49.28515625,5.551367017957902
2021_03_PHI_DAL,2021,3,False,False,20.0,62.0,RECONSTRUCTED_STARTER_IDENTITY_NOT_AS_ISSUED_T60,MARKET_TOTAL_RESIDUAL_SHAPE_AT_PRIOR_256_GAME_LEAGUE_MEAN,00-0033077,00-0036389,39.065524944154895,34.31242122951967,3.288544739069239,12.010840945773653,3.478668887654648,12.042625427246096,3.5,10.660753462049698,4.0,,51.5,6.066992017957902,49.28515625,7.831314934624568
2021_04_JAX_CIN,2021,4,False,False,3.0,45.0,RECONSTRUCTED_STARTER_IDENTITY_NOT_AS_ISSUED_T60,MARKET_TOTAL_RESIDUAL_SHAPE_AT_PRIOR_256_GAME_LEAGUE_MEAN,00-0036442,00-0036971,27.06872770720221,-20.05583308845137,9.289431523861204,3.5889659457736514,11.174413955687346,4.3395004272460955,7.5,3.5110138787163647,7.5,,46.0,3.171158684624568,48.859375,3.538346184624568
2021_04_CAR_DAL,2021,4,False,False,8.0,64.0,RECONSTRUCTED_STARTER_IDENTITY_NOT_AS_ISSUED_T60,MARKET_TOTAL_RESIDUAL_SHAPE_AT_PRIOR_256_GAME_LEAGUE_MEAN,00-0033077,00-0034869,28.105309042809058,5.953453453453439,1.467966983375718,5.060320112440318,2.3540412069499426,4.596010843912761,4.5,3.2831492953830326,3.5,,51.5,7.202408684624568,48.859375,9.220637851291233
2021_04_CLE_MIN,2021,4,False,False,-7.0,21.0,RECONSTRUCTED_STARTER_IDENTITY_NOT_AS_ISSUED_T60,MARKET_TOTAL_RESIDUAL_SHAPE_AT_PRIOR_256_GAME_LEAGUE_MEAN,00-0029604,00-0034855,-0.190326207933178,-0.22387833161314763,0.5075492297487927,4.3506846957736505,0.5088913146959914,4.3395004272460955,-1.0,3.8091909620496986,-2.0,,52.0,23.78053368462457,48.859375,20.83131493462457
2021_04_DET_CHI,2021,4,False,False,10.0,38.0,RECONSTRUCTED_STARTER_IDENTITY_NOT_AS_ISSUED_T60,MARKET_TOTAL_RESIDUAL_SHAPE_AT_PRIOR_256_GAME_LEAGUE_MEAN,00-0036945,00-0033106,-128.43379446640319,-17.385940225146655,7.013531631341093,3.43922636244032,2.571617461690832,5.0895004272460955,3.0,4.741482628716365,3.0,,42.0,3.538346184624566,48.859375,6.458919101291236
2021_04_HOU_BUF,2021,4,False,False,40.0,40.0,RECONSTRUCTED_STARTER_IDENTITY_NOT_AS_ISSUED_T60,MARKET_TOTAL_RESIDUAL_SHAPE_AT_PRIOR_256_GAME_LEAGUE_MEAN,00-0034857,00-0036898,-2.086334696533121,-92.30230553759966,12.229363722354982,22.06162219577365,15.838002555997646,18.265281677246094,19.0,14.91205554538303,15.0,,47.5,4.888606601291234,48.859375,5.365169101291236
2021_04_IND_MIA,2021,4,False,False,-10.0,44.0,RECONSTRUCTED_STARTER_IDENTITY_NOT_AS_ISSUED_T60,MARKET_TOTAL_RESIDUAL_SHAPE_AT_PRIOR_256_GAME_LEAGUE_MEAN,00-0033119,00-0032950,-33.03117380703588,-46.93923145665772,2.3855776814413456,6.47438261244032,2.9418999874262193,7.0712712605794295,2.5,7.501899295383033,1.5,,41.5,3.294856601291234,48.859375,3.792252434624568
2021_04_KC_PHI,2021,4,False,False,-12.0,72.0,RECONSTRUCTED_STARTER_IDENTITY_NOT_AS_ISSUED_T60,MARKET_TOTAL_RESIDUAL_SHAPE_AT_PRIOR_256_GAME_LEAGUE_MEAN,00-0036389,00-0033873,28.239096987987455,7.32009113677059,-4.476868710098606,4.350684695773651,-3.6401084760499316,4.339500427246095,-7.5,3.261013878716364,-4.0,,53.5,11.531835767957897,48.859375,15.810481601291233
2021_04_NYG_NO,2021,4,False,False,-6.0,48.0,RECONSTRUCTED_STARTER_IDENTITY_NOT_AS_ISSUED_T60,MARKET_TOTAL_RESIDUAL_SHAPE_AT_PRIOR_256_GAME_LEAGUE_MEAN,00-0031503,00-0035710,15.96153846153847,0.4442583103402953,12.946567067930173,11.659278445773653,13.5672582739781,12.523094177246097,7.5,8.229763878716366,7.5,,43.0,3.9458982679579018,48.859375,3.171158684624568
2021_04_TEN_NYJ,2021,4,False,False,3.0,51.0,RECONSTRUCTED_STARTER_IDENTITY_NOT_AS_ISSUED_T60,MARKET_TOTAL_RESIDUAL_SHAPE_AT_PRIOR_256_GAME_LEAGUE_MEAN,00-0037013,00-0029701,-56.39357282502444,1.1469170634220704,-5.888944798518114,6.182715945773652,-8.190564394055976,7.490542093912762,-5.5,5.789659712049699,-7.5,,44.5,4.277929517957902,48.859375,3.2948566012912357
2021_04_WAS_ATL,2021,4,False,False,-4.0,64.0,RECONSTRUCTED_STARTER_IDENTITY_NOT_AS_ISSUED_T60,MARKET_TOTAL_RESIDUAL_SHAPE_AT_PRIOR_256_GAME_LEAGUE_MEAN,00-0026143,00-0031800,-2.527114238336381,26.22766265861889,2.8718570727860153,3.9418305291069853,1.7216659969078043,3.5803858439127607,-1.0,3.0748159620496986,-0.0,,47.5,9.9654295179579,48.859375,9.220637851291233
2021_04_ARI_LA,2021,4,False,False,-17.0,57.0,RECONSTRUCTED_STARTER_IDENTITY_NOT_AS_ISSUED_T60,MARKET_TOTAL_RESIDUAL_SHAPE_AT_PRIOR_256_GAME_LEAGUE_MEAN,00-0026498,00-0035228,32.951540904798705,1.8465270756094831,5.643678328062679,15.172299279106985,6.887878881230248,16.101219177246094,3.5,14.012315962049698,,,53.5,3.445898267957898,48.859375,5.087825351291236
2021_04_SEA_SF,2021,4,False,False,-7.0,49.0,RECONSTRUCTED_STARTER_IDENTITY_NOT_AS_ISSUED_T60,MARKET_TOTAL_RESIDUAL_SHAPE_AT_PRIOR_256_GAME_LEAGUE_MEAN,00-0031345,00-0029263,2.6860278748910282,0.8223684210526327,1.8677841155600436,4.823340945773652,1.9423304937135795,4.797833760579429,2.5,5.590440962049699,2.5,,52.0,3.3495441012912357,48.859375,3.1776691012912357
2021_04_BAL_DEN,2021,4,False,False,-16.0,30.0,RECONSTRUCTED_STARTER_IDENTITY_NOT_AS_ISSUED_T60,MARKET_TOTAL_RESIDUAL_SHAPE_AT_PRIOR_256_GAME_LEAGUE_MEAN,00-0035704,00-0034796,-29.44933152489828,6.742831541218641,-0.7488545080285803,8.50563261244032,-2.1965410306732576,7.750958760579429,1.0,10.56830554538303,1.5,,44.0,8.4185545179579,48.859375,12.4302732679579
2021_04_PIT_GB,2021,4,False,False,10.0,44.0,RECONSTRUCTED_STARTER_IDENTITY_NOT_AS_ISSUED_T60,MARKET_TOTAL_RESIDUAL_SHAPE_AT_PRIOR_256_GAME_LEAGUE_MEAN,00-0023459,00-0022924,-0.019033776301213834,-2.451934228499253,7.727882173302923,3.181413862440319,7.825198191390845,3.1936670939127616,6.5,3.2831492953830326,6.5,,45.0,3.171158684624568,48.859375,3.792252434624568
2021_04_TB_NE,2021,4,False,False,-2.0,36.0,RECONSTRUCTED_STARTER_IDENTITY_NOT_AS_ISSUED_T60,MARKET_TOTAL_RESIDUAL_SHAPE_AT_PRIOR_256_GAME_LEAGUE_MEAN,00-0036972,00-0019596,-15.404424181019905,-2.2988637997986228,-3.6593794755725138,3.181413862440319,-4.1836018908213655,3.1936670939127607,-6.0,3.5513784620496986,-6.5,,49.5,8.4185545179579,48.859375,7.721939934624568
2021_04_LV_LAC,2021,4,False,False,14.0,42.0,RECONSTRUCTED_STARTER_IDENTITY_NOT_AS_ISSUED_T60,MARKET_TOTAL_RESIDUAL_SHAPE_AT_PRIOR_256_GAME_LEAGUE_MEAN,00-0036355,00-0031280,0.0,1.9546767786204455,2.113007415967495,8.139747195773651,2.0348203448226774,8.18064626057943,3.0,7.005805545383033,,,52.0,5.888606601291236,48.859375,4.473242017957902
2021_05_LA_SEA,2021,5,False,False,-9.0,43.0,RECONSTRUCTED_STARTER_IDENTITY_NOT_AS_ISSUED_T60,MARKET_TOTAL_RESIDUAL_SHAPE_AT_PRIOR_256_GAME_LEAGUE_MEAN,00-0030565,00-0026498,8.0375297425914,43.85642868301829,1.9557039492692638,5.883236779106986,0.5229479916521885,5.306948343912762,-2.5,3.8091909620496978,,,53.5,6.458919101291232,48.54296875,4.104752434624568
2021_05_NYJ_ATL,2021,5,False,False,7.0,47.0,RECONSTRUCTED_STARTER_IDENTITY_NOT_AS_ISSUED_T60,MARKET_TOTAL_RESIDUAL_SHAPE_AT_PRIOR_256_GAME_LEAGUE_MEAN,00-0026143,00-0037013,-2.4289099526066282,-27.159887798036475,2.822142778858488,3.763445112440319,3.8113818926756817,3.4475733439127616,3.0,3.5513784620496986,3.0,,45.5,3.2037107679579018,48.54296875,3.221939934624568
2021_05_DEN_PIT,2021,5,False,False,8.0,46.0,RECONSTRUCTED_STARTER_IDENTITY_NOT_AS_ISSUED_T60,MARKET_TOTAL_RESIDUAL_SHAPE_AT_PRIOR_256_GAME_LEAGUE_MEAN,00-0022924,00-0031237,-4.971708148141607,7.152591090481186,2.1201990088100318,4.569434695773652,1.63522703926512,4.596010843912761,-2.0,6.371690962049699,1.0,,40.0,4.277929517957902,48.54296875,3.3495441012912357
2021_05_DET_MIN,2021,5,False,False,2.0,36.0,RECONSTRUCTED_STARTER_IDENTITY_NOT_AS_ISSUED_T60,MARKET_TOTAL_RESIDUAL_SHAPE_AT_PRIOR_256_GAME_LEAGUE_MEAN,00-0029604,00-0033106,-0.2230046948356712,-14.814767501277458,8.105024426434802,3.5889659457736514,8.688694938692473,3.9293441772460955,10.0,4.593045128716365,8.0,,49.5,8.4185545179579,48.54296875,7.721939934624568
2021_05_GB_CIN,2021,5,False,False,-3.0,47.0,RECONSTRUCTED_STARTER_IDENTITY_NOT_AS_ISSUED_T60,MARKET_TOTAL_RESIDUAL_SHAPE_AT_PRIOR_256_GAME_LEAGUE_MEAN,00-0036442,00-0023459,12.423006570106022,-0.18192173964788338,-3.646700927655047,3.001726362440319,-3.1425037952648904,2.8785629272460955,-2.0,2.8599722120496986,-4.0,,50.0,3.3495441012912357,48.54296875,3.221939934624568
2021_05_MIA_TB,2021,5,False,False,28.0,62.0,RECONSTRUCTED_STARTER_IDENTITY_NOT_AS_ISSUED_T60,MARKET_TOTAL_RESIDUAL_SHAPE_AT_PRIOR_256_GAME_LEAGUE_MEAN,00-0019596,00-0033119,-2.578223512506961,-32.934636118598384,10.272510380299408,12.862403445773653,11.486766884543067,12.042625427246096,11.0,11.469347212049698,10.0,,48.0,8.5083982679579,48.54296875,7.831314934624568
2021_05_NE_HOU,2021,5,False,False,-3.0,47.0,RECONSTRUCTED_STARTER_IDENTITY_NOT_AS_ISSUED_T60,MARKET_TOTAL_RESIDUAL_SHAPE_AT_PRIOR_256_GAME_LEAGUE_MEAN,00-0036898,00-0036972,-141.74074074074073,-1.8088676912206392,-0.9251763070225206,2.8663096957736514,-6.522451229003325,3.7704900105794286,-8.0,3.893826378716364,-9.0,,39.5,4.659439934624568,48.54296875,3.221939934624568
2021_05_NO_WAS,2021,5,False,False,-11.0,55.0,RECONSTRUCTED_STARTER_IDENTITY_NOT_AS_ISSUED_T60,MARKET_TOTAL_RESIDUAL_SHAPE_AT_PRIOR_256_GAME_LEAGUE_MEAN,00-0031800,00-0031503,28.74268410606138,14.323887382808076,-2.879141359288105,4.350684695773652,-2.302389490357973,4.797833760579429,-2.5,4.593045128716364,-2.5,,43.5,6.617773267957902,48.54296875,4.277929517957902
2021_05_PHI_CAR,2021,5,False,False,-3.0,39.0,RECONSTRUCTED_STARTER_IDENTITY_NOT_AS_ISSUED_T60,MARKET_TOTAL_RESIDUAL_SHAPE_AT_PRIOR_256_GAME_LEAGUE_MEAN,00-0034869,00-0036389,5.117606664754959,22.419791264012368,6.121777211530661,4.823340945773651,5.429689827560366,4.3395004272460955,2.5,3.8091909620496986,4.5,,46.0,4.473242017957902,48.54296875,5.888606601291236
2021_05_TEN_JAX,2021,5,False,False,-18.0,56.0,RECONSTRUCTED_STARTER_IDENTITY_NOT_AS_ISSUED_T60,MARKET_TOTAL_RESIDUAL_SHAPE_AT_PRIOR_256_GAME_LEAGUE_MEAN,00-0036971,00-0029701,-19.558367594527205,0.9223043121348251,-6.824854778432918,5.883236779106985,-7.6440816546993995,5.306948343912762,-4.0,8.229763878716364,-5.5,,49.0,4.659439934624568,48.54296875,4.659439934624568
2021_05_CHI_LV,2021,5,False,False,-11.0,29.0,RECONSTRUCTED_STARTER_IDENTITY_NOT_AS_ISSUED_T60,MARKET_TOTAL_RESIDUAL_SHAPE_AT_PRIOR_256_GAME_LEAGUE_MEAN,00-0031280,00-0036945,0.9652358043292342,-81.7598812305296,4.114215957263614,8.50563261244032,7.423220638657967,10.826479593912763,5.5,10.56830554538303,,,46.0,10.7310545179579,48.54296875,13.307877434624569
2021_05_CLE_LAC,2021,5,False,False,5.0,89.0,RECONSTRUCTED_STARTER_IDENTITY_NOT_AS_ISSUED_T60,MARKET_TOTAL_RESIDUAL_SHAPE_AT_PRIOR_256_GAME_LEAGUE_MEAN,00-0036355,00-0034855,0.3675394373068741,-0.37109813608802167,1.4545846716402957,3.7634451124403183,1.4841301745760915,3.7704900105794295,2.5,3.0774201287163647,-0.0,,46.5,34.1255857679579,48.54296875,32.14251285129124
2021_05_NYG_DAL,2021,5,False,False,24.0,64.0,RECONSTRUCTED_STARTER_IDENTITY_NOT_AS_ISSUED_T60,MARKET_TOTAL_RESIDUAL_SHAPE_AT_PRIOR_256_GAME_LEAGUE_MEAN,00-0033077,00-0030520,31.383689839572206,-26.21985902612034,6.474213783982532,12.862403445773653,8.778355738610234,10.426740010579428,7.5,10.660753462049698,7.0,,53.0,6.6177732679579035,48.54296875,9.220637851291233
2021_05_SF_ARI,2021,5,False,False,7.0,27.0,RECONSTRUCTED_STARTER_IDENTITY_NOT_AS_ISSUED_T60,MARKET_TOTAL_RESIDUAL_SHAPE_AT_PRIOR_256_GAME_LEAGUE_MEAN,00-0035228,00-0037012,2.098121008253928,106.65897097625331,6.281891704262826,3.001726362440319,2.0994577055428505,4.149396260579429,6.0,2.9354930453830326,3.0,,48.5,15.115169101291233,48.54296875,15.115169101291233
2021_05_BUF_KC,2021,5,False,False,-18.0,58.0,RECONSTRUCTED_STARTER_IDENTITY_NOT_AS_ISSUED_T60,MARKET_TOTAL_RESIDUAL_SHAPE_AT_PRIOR_256_GAME_LEAGUE_MEAN,00-0033873,00-0034857,4.691358024691361,-1.888324810395492,1.3008111248947989,11.659278445773651,1.5639984382982732,12.523094177246094,2.5,14.012315962049698,-0.5,,57.0,3.2037107679579018,48.54296875,5.551367017957902
2021_05_IND_BAL,2021,5,False,False,6.0,56.0,RECONSTRUCTED_STARTER_IDENTITY_NOT_AS_ISSUED_T60,MARKET_TOTAL_RESIDUAL_SHAPE_AT_PRIOR_256_GAME_LEAGUE_MEAN,00-0034796,00-0032950,6.684825179804887,-44.24635272391506,6.339827104322858,2.8975596957736514,8.377074220471656,2.8381983439127616,7.5,2.9328888787163647,6.5,,46.5,5.551367017957901,48.54296875,4.659439934624568
2021_06_TB_PHI,2021,6,False,False,-6.0,50.0,RECONSTRUCTED_STARTER_IDENTITY_NOT_AS_ISSUED_T60,MARKET_TOTAL_RESIDUAL_SHAPE_AT_PRIOR_256_GAME_LEAGUE_MEAN,00-0036389,00-0019596,11.46103896103896,-0.9747551502870433,-6.741722361031197,3.001726362440319,-6.244290596578157,2.8785629272460946,-7.0,2.9354930453830326,-8.0,,53.0,3.3495441012912375,48.3671875,3.294856601291234
2021_06_MIA_JAX,2021,6,False,False,3.0,43.0,RECONSTRUCTED_STARTER_IDENTITY_NOT_AS_ISSUED_T60,MARKET_TOTAL_RESIDUAL_SHAPE_AT_PRIOR_256_GAME_LEAGUE_MEAN,00-0036971,00-0036212,-5.352738372647625,5.65565898345155,-7.194410015062304,6.797299279106985,-7.634745909306271,7.490542093912762,-2.5,4.292263878716364,-3.5,,47.5,3.792252434624566,48.3671875,3.792252434624566
2021_06_CIN_DET,2021,6,False,False,-23.0,45.0,RECONSTRUCTED_STARTER_IDENTITY_NOT_AS_ISSUED_T60,MARKET_TOTAL_RESIDUAL_SHAPE_AT_PRIOR_256_GAME_LEAGUE_MEAN,00-0033106,00-0036442,-22.52842197966427,13.898264223722268,-2.0152266247269655,13.380632612440316,-3.472294072862427,12.523094177246096,-3.5,12.25189929538303,-3.0,,46.5,3.221939934624567,48.3671875,3.349544101291234
2021_06_GB_CHI,2021,6,False,False,-10.0,38.0,RECONSTRUCTED_STARTER_IDENTITY_NOT_AS_ISSUED_T60,MARKET_TOTAL_RESIDUAL_SHAPE_AT_PRIOR_256_GAME_LEAGUE_MEAN,00-0036945,00-0023459,-55.087209302325576,-0.3133498396720391,-2.1571279617301387,4.3506846957736505,-4.34808234023628,3.5803858439127607,-5.5,3.2610138787163647,-6.0,,44.0,4.104752434624568,48.3671875,5.888606601291234
2021_06_HOU_IND,2021,6,False,False,28.0,34.0,RECONSTRUCTED_STARTER_IDENTITY_NOT_AS_ISSUED_T60,MARKET_TOTAL_RESIDUAL_SHAPE_AT_PRIOR_256_GAME_LEAGUE_MEAN,00-0032950,00-0036898,-44.49453551912568,-66.47655675732436,7.956250528573237,14.617611779106985,8.835531378101184,13.752260843912763,10.5,11.469347212049698,9.5,,43.5,5.888606601291236,48.3671875,8.4185545179579
2021_06_KC_WAS,2021,6,False,False,-18.0,44.0,RECONSTRUCTED_STARTER_IDENTITY_NOT_AS_ISSUED_T60,MARKET_TOTAL_RESIDUAL_SHAPE_AT_PRIOR_256_GAME_LEAGUE_MEAN,00-0031800,00-0033873,25.663564592246303,0.5919593884934127,-3.51041961662997,7.794695112440319,-2.5075554084798544,8.47361501057943,-6.0,6.813097212049699,-4.5,,54.0,5.888606601291232,48.3671875,3.538346184624566
2021_06_LAC_BAL,2021,6,False,False,28.0,40.0,RECONSTRUCTED_STARTER_IDENTITY_NOT_AS_ISSUED_T60,MARKET_TOTAL_RESIDUAL_SHAPE_AT_PRIOR_256_GAME_LEAGUE_MEAN,00-0034796,00-0036355,6.024895967857646,0.41297306512102505,5.2192484174479885,17.33505969577365,5.443725333557453,17.335594177246094,3.0,18.582628462049698,2.5,,50.5,6.458919101291234,48.3671875,4.888606601291234
2021_06_LA_NYG,2021,6,False,False,-27.0,49.0,RECONSTRUCTED_STARTER_IDENTITY_NOT_AS_ISSUED_T60,MARKET_TOTAL_RESIDUAL_SHAPE_AT_PRIOR_256_GAME_LEAGUE_MEAN,00-0035710,00-0026498,16.16054613935969,44.97593467984531,-5.9700906383418895,13.38063261244032,-7.122706179961315,12.523094177246094,-7.5,12.25189929538303,,,49.5,3.171158684624568,48.3671875,3.2037107679579
2021_06_MIN_CAR,2021,6,False,False,-6.0,62.0,RECONSTRUCTED_STARTER_IDENTITY_NOT_AS_ISSUED_T60,MARKET_TOTAL_RESIDUAL_SHAPE_AT_PRIOR_256_GAME_LEAGUE_MEAN,00-0034869,00-0029604,9.014712713758954,-0.23368837669519582,2.278683557788372,4.350684695773652,2.6486196014065384,4.7978337605794295,-2.5,3.0748159620496978,-1.5,,45.5,9.9654295179579,48.3671875,8.5083982679579
2021_06_ARI_CLE,2021,6,False,False,-23.0,51.0,RECONSTRUCTED_STARTER_IDENTITY_NOT_AS_ISSUED_T60,MARKET_TOTAL_RESIDUAL_SHAPE_AT_PRIOR_256_GAME_LEAGUE_MEAN,00-0034855,00-0035228,0.0,2.598478571966556,0.8970516693049467,16.08505969577365,0.7931125264262845,16.101219177246094,3.0,18.649034712049698,2.5,,48.0,3.4458982679579,48.3671875,3.4458982679579
2021_06_DAL_NE,2021,6,False,False,-6.0,64.0,RECONSTRUCTED_STARTER_IDENTITY_NOT_AS_ISSUED_T60,MARKET_TOTAL_RESIDUAL_SHAPE_AT_PRIOR_256_GAME_LEAGUE_MEAN,00-0036972,00-0033077,-8.166528871676594,15.125815470643044,1.348310096882051,3.9418305291069844,0.41661632318926534,3.5803858439127634,-3.5,2.932888878716364,-4.0,,50.5,7.831314934624566,48.3671875,9.9654295179579
2021_06_LV_DEN,2021,6,False,False,-10.0,58.0,RECONSTRUCTED_STARTER_IDENTITY_NOT_AS_ISSUED_T60,MARKET_TOTAL_RESIDUAL_SHAPE_AT_PRIOR_256_GAME_LEAGUE_MEAN,00-0031237,00-0031280,-0.6043090929856998,-1.4613465453732433,1.8832373990391351,6.47438261244032,1.917518897134637,6.435854593912761,5.0,8.987576378716366,,,45.5,7.202408684624568,48.3671875,6.0669920179579
2021_06_SEA_PIT,2021,6,False,False,3.0,43.0,RECONSTRUCTED_STARTER_IDENTITY_NOT_AS_ISSUED_T60,MARKET_TOTAL_RESIDUAL_SHAPE_AT_PRIOR_256_GAME_LEAGUE_MEAN,00-0022924,00-0030565,-2.71626400110625,-47.36807260821416,0.5352252985089035,3.1814138624403183,2.32129764279322,3.0061670939127607,5.5,3.0748159620496986,3.0,,43.0,3.1776691012912357,48.3671875,3.792252434624566
2021_06_BUF_TEN,2021,6,False,False,3.0,65.0,RECONSTRUCTED_STARTER_IDENTITY_NOT_AS_ISSUED_T60,MARKET_TOTAL_RESIDUAL_SHAPE_AT_PRIOR_256_GAME_LEAGUE_MEAN,00-0029701,00-0034857,0.9629909365558964,-1.661435634987285,-3.3897783767086183,4.569434695773652,-3.284801313846891,4.596010843912762,-6.0,5.789659712049699,-6.0,,53.5,6.617773267957898,48.3671875,10.7388670179579
2021_07_DEN_CLE,2021,7,False,False,3.0,31.0,RECONSTRUCTED_STARTER_IDENTITY_NOT_AS_ISSUED_T60,MARKET_TOTAL_RESIDUAL_SHAPE_AT_PRIOR_256_GAME_LEAGUE_MEAN,00-0028986,00-0031237,-33.28850405305821,-7.179078475595646,6.227821016868793,2.9522471957736514,5.1834439937702905,2.8381983439127616,2.0,2.9354930453830317,3.5,,40.5,5.888606601291237,48.60546875,11.573502434624569
2021_07_ATL_MIA,2021,7,False,False,-2.0,58.0,RECONSTRUCTED_STARTER_IDENTITY_NOT_AS_ISSUED_T60,MARKET_TOTAL_RESIDUAL_SHAPE_AT_PRIOR_256_GAME_LEAGUE_MEAN,00-0036212,00-0026143,4.728835978835977,-1.946305766178802,2.2408889569571695,3.10328886244032,2.50789462675776,3.2991358439127616,-1.5,2.8716909620496986,-1.0,,48.5,5.551367017957902,48.60546875,5.551367017957902
2021_07_CAR_NYG,2021,7,False,False,22.0,28.0,RECONSTRUCTED_STARTER_IDENTITY_NOT_AS_ISSUED_T60,MARKET_TOTAL_RESIDUAL_SHAPE_AT_PRIOR_256_GAME_LEAGUE_MEAN,00-0035710,00-0034869,5.572100313479633,9.753535353535337,-0.5081148361297528,17.33505969577365,-0.675372237731981,17.335594177246094,-3.0,18.582628462049698,-2.5,,42.5,9.158137851291233,48.60546875,14.206314934624569
2021_07_CIN_BAL,2021,7,False,False,-24.0,58.0,RECONSTRUCTED_STARTER_IDENTITY_NOT_AS_ISSUED_T60,MARKET_TOTAL_RESIDUAL_SHAPE_AT_PRIOR_256_GAME_LEAGUE_MEAN,00-0034796,00-0036442,3.2679900744416734,1.9789556087677296,9.364457651863686,24.609799279106987,9.416019030490643,24.652000427246094,6.5,23.440701378716366,6.5,,45.5,7.202408684624568,48.60546875,5.551367017957902
2021_07_KC_TEN,2021,7,False,False,24.0,30.0,RECONSTRUCTED_STARTER_IDENTITY_NOT_AS_ISSUED_T60,MARKET_TOTAL_RESIDUAL_SHAPE_AT_PRIOR_256_GAME_LEAGUE_MEAN,00-0029701,00-0033873,0.8847329616975541,-0.7883331888705936,0.38568401605914004,18.264747195773655,0.452606662081866,18.265281677246097,-4.0,21.43549304538303,-3.0,,57.5,20.831314934624572,48.60546875,12.4302732679579
2021_07_NYJ_NE,2021,7,False,False,41.0,67.0,RECONSTRUCTED_STARTER_IDENTITY_NOT_AS_ISSUED_T60,MARKET_TOTAL_RESIDUAL_SHAPE_AT_PRIOR_256_GAME_LEAGUE_MEAN,00-0036972,00-0034401,-1.0773505830903751,51.02943208924282,8.123048997027182,26.92490344577365,6.038777690133853,28.89939626057943,7.0,27.270128462049698,6.5,,43.0,16.71803368462457,48.60546875,11.5318357679579
2021_07_WAS_GB,2021,7,False,False,14.0,34.0,RECONSTRUCTED_STARTER_IDENTITY_NOT_AS_ISSUED_T60,MARKET_TOTAL_RESIDUAL_SHAPE_AT_PRIOR_256_GAME_LEAGUE_MEAN,00-0023459,00-0031800,-0.06120731427405879,15.177884615384606,12.007245856937889,3.181413862440319,11.397682179751543,3.4475733439127616,8.5,3.8938263787163647,9.0,,48.0,8.4185545179579,48.60546875,9.158137851291233
2021_07_DET_LA,2021,7,False,False,9.0,47.0,RECONSTRUCTED_STARTER_IDENTITY_NOT_AS_ISSUED_T60,MARKET_TOTAL_RESIDUAL_SHAPE_AT_PRIOR_256_GAME_LEAGUE_MEAN,00-0026498,00-0033106,37.91661732690852,-9.552390575835856,15.248280808537084,3.5889659457736514,17.147041124646858,4.3395004272460955,17.0,4.593045128716365,,,51.0,3.538346184624566,48.60546875,3.221939934624568
2021_07_PHI_LV,2021,7,False,False,11.0,55.0,RECONSTRUCTED_STARTER_IDENTITY_NOT_AS_ISSUED_T60,MARKET_TOTAL_RESIDUAL_SHAPE_AT_PRIOR_256_GAME_LEAGUE_MEAN,00-0031280,00-0036389,-0.880913380913384,7.331530706440748,6.105211179106564,4.138445112440319,5.776713415612397,4.1493962605794295,1.0,6.371690962049699,,,48.0,4.659439934624566,48.60546875,4.277929517957902
2021_07_CHI_TB,2021,7,False,False,35.0,41.0,RECONSTRUCTED_STARTER_IDENTITY_NOT_AS_ISSUED_T60,MARKET_TOTAL_RESIDUAL_SHAPE_AT_PRIOR_256_GAME_LEAGUE_MEAN,00-0019596,00-0036945,-1.0313238770685684,-37.907252263687894,9.964354853369278,19.20224719577365,11.43939198883405,18.265281677246094,12.5,15.815701378716366,12.5,,47.0,4.104752434624567,48.60546875,4.888606601291236
2021_07_HOU_ARI,2021,7,False,False,26.0,36.0,RECONSTRUCTED_STARTER_IDENTITY_NOT_AS_ISSUED_T60,MARKET_TOTAL_RESIDUAL_SHAPE_AT_PRIOR_256_GAME_LEAGUE_MEAN,00-0035228,00-0036898,3.403080212210008,-66.82042046456924,13.457729610479337,8.859799279106985,16.266669637550507,6.8408025105794295,20.5,3.8938263787163647,15.0,,47.0,6.458919101291235,48.60546875,7.721939934624568
2021_07_IND_SF,2021,7,False,False,-12.0,48.0,RECONSTRUCTED_STARTER_IDENTITY_NOT_AS_ISSUED_T60,MARKET_TOTAL_RESIDUAL_SHAPE_AT_PRIOR_256_GAME_LEAGUE_MEAN,00-0031345,00-0032950,-2.98708262247136,-27.332288847742483,0.9646716067659327,7.115007612440318,1.9384798557767777,7.750958760579429,3.5,9.76752429538303,3.5,,41.5,4.2779295179579,48.60546875,3.171158684624568
2021_07_NO_SEA,2021,7,False,False,-3.0,23.0,RECONSTRUCTED_STARTER_IDENTITY_NOT_AS_ISSUED_T60,MARKET_TOTAL_RESIDUAL_SHAPE_AT_PRIOR_256_GAME_LEAGUE_MEAN,00-0030565,00-0031503,-41.56885362267404,-6.245847176079722,-0.7815885968813018,2.8663096957736514,-2.1945088547450746,2.8277816772460946,-6.0,3.2831492953830326,-3.5,,42.0,12.4302732679579,48.60546875,18.8873045179579
2021_08_GB_ARI,2021,8,False,False,-3.0,45.0,RECONSTRUCTED_STARTER_IDENTITY_NOT_AS_ISSUED_T60,MARKET_TOTAL_RESIDUAL_SHAPE_AT_PRIOR_256_GAME_LEAGUE_MEAN,00-0035228,00-0023459,3.5164666051092697,-0.11745192803687132,2.1163383267898825,3.31422636244032,2.261695068115728,3.2991358439127607,6.5,5.590440962049699,3.5,,51.0,4.104752434624566,48.08203125,3.349544101291234
2021_08_CAR_ATL,2021,8,False,False,-6.0,32.0,RECONSTRUCTED_STARTER_IDENTITY_NOT_AS_ISSUED_T60,MARKET_TOTAL_RESIDUAL_SHAPE_AT_PRIOR_256_GAME_LEAGUE_MEAN,00-0026143,00-0034869,-1.9262710316076292,17.234876547367286,3.7644514620245992,5.336361779106986,2.9980055588656023,4.7978337605794295,2.5,5.068305545383033,1.5,,47.0,9.158137851291233,48.08203125,9.927669101291233
2021_08_CIN_NYJ,2021,8,False,False,3.0,65.0,RECONSTRUCTED_STARTER_IDENTITY_NOT_AS_ISSUED_T60,MARKET_TOTAL_RESIDUAL_SHAPE_AT_PRIOR_256_GAME_LEAGUE_MEAN,00-0034401,00-0036442,-13.008834943439851,-5.844553243574047,-6.155474810912483,6.182715945773652,-6.442046078907116,6.219708760579429,-11.5,9.875597212049698,-6.5,,43.5,14.0435545179579,48.08203125,10.7388670179579
2021_08_LA_HOU,2021,8,False,False,-16.0,60.0,RECONSTRUCTED_STARTER_IDENTITY_NOT_AS_ISSUED_T60,MARKET_TOTAL_RESIDUAL_SHAPE_AT_PRIOR_256_GAME_LEAGUE_MEAN,00-0036898,00-0026498,-66.82417083144026,29.75985809796695,-8.326360023140987,4.350684695773651,-12.189721180317276,3.082990010579427,-17.0,2.935493045383031,,,47.0,7.831314934624567,48.08203125,7.202408684624566
2021_08_MIA_BUF,2021,8,False,False,15.0,37.0,RECONSTRUCTED_STARTER_IDENTITY_NOT_AS_ISSUED_T60,MARKET_TOTAL_RESIDUAL_SHAPE_AT_PRIOR_256_GAME_LEAGUE_MEAN,00-0034857,00-0036212,-2.399181417038565,0.13460497835497964,12.711042233791504,3.181413862440319,12.609690777975764,3.1936670939127616,15.0,2.8716909620496986,13.5,,48.5,7.074804517957902,48.08203125,6.458919101291234
2021_08_PHI_DET,2021,8,False,False,-38.0,50.0,RECONSTRUCTED_STARTER_IDENTITY_NOT_AS_ISSUED_T60,MARKET_TOTAL_RESIDUAL_SHAPE_AT_PRIOR_256_GAME_LEAGUE_MEAN,00-0033106,00-0036389,-7.798310317655099,7.328687572589998,-1.4079582151597605,28.547299279106987,-2.0130381307695644,27.605125427246094,-3.0,27.356065962049698,-3.0,,48.5,3.2037107679579018,48.08203125,3.294856601291234
2021_08_PIT_CLE,2021,8,False,False,-5.0,25.0,RECONSTRUCTED_STARTER_IDENTITY_NOT_AS_ISSUED_T60,MARKET_TOTAL_RESIDUAL_SHAPE_AT_PRIOR_256_GAME_LEAGUE_MEAN,00-0034855,00-0022924,-7.244299842487156,-7.678072942385805,3.9091268595981363,4.823340945773652,3.9264777835940827,4.7978337605794295,5.5,6.164659712049699,2.5,,43.0,11.573502434624569,48.08203125,16.03834618462457
2021_08_SF_CHI,2021,8,False,False,-11.0,55.0,RECONSTRUCTED_STARTER_IDENTITY_NOT_AS_ISSUED_T60,MARKET_TOTAL_RESIDUAL_SHAPE_AT_PRIOR_256_GAME_LEAGUE_MEAN,00-0036945,00-0031345,-35.07401909238984,-7.592204267916625,3.300656206656704,7.794695112440319,2.201383613677775,7.071271260579429,-4.5,3.8091909620496978,-3.5,,40.0,9.220637851291233,48.08203125,4.659439934624566
2021_08_TEN_IND,2021,8,False,False,-3.0,65.0,RECONSTRUCTED_STARTER_IDENTITY_NOT_AS_ISSUED_T60,MARKET_TOTAL_RESIDUAL_SHAPE_AT_PRIOR_256_GAME_LEAGUE_MEAN,00-0032950,00-0029701,-17.978118995560855,-0.6176491681009644,1.4761545222810946,3.1032888624403183,0.781735729182699,3.0829900105794295,3.0,3.8091909620496986,-1.5,,51.0,8.5083982679579,48.08203125,10.7388670179579
2021_08_JAX_SEA,2021,8,False,False,24.0,38.0,RECONSTRUCTED_STARTER_IDENTITY_NOT_AS_ISSUED_T60,MARKET_TOTAL_RESIDUAL_SHAPE_AT_PRIOR_256_GAME_LEAGUE_MEAN,00-0030565,00-0036971,-33.33768437540792,0.3965707964601828,11.40147204394354,8.859799279106985,10.052101837068816,9.650698343912763,4.0,14.026638878716366,4.0,,44.0,4.104752434624568,48.08203125,5.888606601291234
2021_08_NE_LAC,2021,8,False,False,-3.0,51.0,RECONSTRUCTED_STARTER_IDENTITY_NOT_AS_ISSUED_T60,MARKET_TOTAL_RESIDUAL_SHAPE_AT_PRIOR_256_GAME_LEAGUE_MEAN,00-0036355,00-0036972,0.4531842073096204,-10.859001678935808,4.762028755774563,4.350684695773651,5.21451619122438,4.3395004272460955,3.5,4.168565962049699,3.5,,50.5,3.177669101291234,48.08203125,3.4458982679579
2021_08_TB_NO,2021,8,False,False,9.0,63.0,RECONSTRUCTED_STARTER_IDENTITY_NOT_AS_ISSUED_T60,MARKET_TOTAL_RESIDUAL_SHAPE_AT_PRIOR_256_GAME_LEAGUE_MEAN,00-0032156,00-0019596,-69.8753208654199,-0.5822117690569506,0.0560513509843804,6.182715945773652,-2.715673012870137,8.18064626057943,-4.0,8.380805545383032,-5.0,,48.5,8.5083982679579,48.08203125,9.220637851291233
2021_08_WAS_DEN,2021,8,False,False,7.0,27.0,RECONSTRUCTED_STARTER_IDENTITY_NOT_AS_ISSUED_T60,MARKET_TOTAL_RESIDUAL_SHAPE_AT_PRIOR_256_GAME_LEAGUE_MEAN,00-0031237,00-0031800,5.385021865889228,4.790575916230355,3.4453918331498152,3.763445112440319,3.46916967113617,3.7704900105794295,4.0,3.2831492953830326,3.0,,45.0,11.573502434624569,48.08203125,14.206314934624569
2021_08_DAL_MIN,2021,8,False,False,-4.0,36.0,RECONSTRUCTED_STARTER_IDENTITY_NOT_AS_ISSUED_T60,MARKET_TOTAL_RESIDUAL_SHAPE_AT_PRIOR_256_GAME_LEAGUE_MEAN,00-0029604,00-0033662,-0.21344995366079367,-178.56182795698925,1.0477996196283312,3.3142263624403183,8.18173473976147,6.435854593912762,4.5,5.068305545383033,-2.5,,49.5,8.4185545179579,48.08203125,7.0748045179579
2021_08_NYG_KC,2021,8,False,False,3.0,37.0,RECONSTRUCTED_STARTER_IDENTITY_NOT_AS_ISSUED_T60,MARKET_TOTAL_RESIDUAL_SHAPE_AT_PRIOR_256_GAME_LEAGUE_MEAN,00-0033873,00-0035710,4.149818933149674,-5.85843851997343,9.370841388738318,3.5889659457736514,9.77117168686324,3.9293441772460955,10.5,4.593045128716365,9.0,,53.0,9.927669101291237,48.08203125,6.458919101291234
2021_09_NYJ_IND,2021,9,False,False,15.0,75.0,RECONSTRUCTED_STARTER_IDENTITY_NOT_AS_ISSUED_T60,MARKET_TOTAL_RESIDUAL_SHAPE_AT_PRIOR_256_GAME_LEAGUE_MEAN,00-0032950,00-0026300,-13.260896406963841,-17.16185485465691,10.683058360158512,3.763445112440319,10.839096698066236,3.7704900105794295,10.5,3.5513784620496986,9.0,,46.0,21.4029295179579,47.98046875,19.501887851291233
2021_09_ATL_NO,2021,9,False,False,-2.0,52.0,RECONSTRUCTED_STARTER_IDENTITY_NOT_AS_ISSUED_T60,MARKET_TOTAL_RESIDUAL_SHAPE_AT_PRIOR_256_GAME_LEAGUE_MEAN,00-0032156,00-0026143,-60.46394120349105,1.1562736825436293,11.471518148280984,7.115007612440319,9.006709552839597,5.8525212605794295,7.0,5.068305545383033,6.0,,43.0,5.551367017957902,47.98046875,3.667252434624566
2021_09_BUF_JAX,2021,9,False,False,3.0,15.0,RECONSTRUCTED_STARTER_IDENTITY_NOT_AS_ISSUED_T60,MARKET_TOTAL_RESIDUAL_SHAPE_AT_PRIOR_256_GAME_LEAGUE_MEAN,00-0036971,00-0034857,-4.718630470088114,0.7531844854730352,-13.038092032460845,11.182715945773651,-13.25696463068329,11.222312927246096,-14.5,12.305284712049698,-13.5,,48.0,25.7701170179579,47.98046875,25.7701170179579
2021_09_CLE_CIN,2021,9,False,False,-25.0,57.0,RECONSTRUCTED_STARTER_IDENTITY_NOT_AS_ISSUED_T60,MARKET_TOTAL_RESIDUAL_SHAPE_AT_PRIOR_256_GAME_LEAGUE_MEAN,00-0036442,00-0034855,-10.462893819785224,0.5058295150387915,2.853274121558643,19.81552844577365,2.4145251881656824,18.88897959391276,2.5,20.54877429538303,-1.5,,47.5,5.5513670179579,47.98046875,5.5513670179579
2021_09_DEN_DAL,2021,9,False,False,-14.0,46.0,RECONSTRUCTED_STARTER_IDENTITY_NOT_AS_ISSUED_T60,MARKET_TOTAL_RESIDUAL_SHAPE_AT_PRIOR_256_GAME_LEAGUE_MEAN,00-0033077,00-0031237,12.47080393183988,-0.5101076894010959,7.466730928492352,13.38063261244032,7.9859673933419915,14.286115010579428,10.5,17.70502429538303,7.0,,50.0,3.538346184624568,47.98046875,3.221939934624566
2021_09_HOU_MIA,2021,9,False,False,8.0,26.0,RECONSTRUCTED_STARTER_IDENTITY_NOT_AS_ISSUED_T60,MARKET_TOTAL_RESIDUAL_SHAPE_AT_PRIOR_256_GAME_LEAGUE_MEAN,00-0033119,00-0028118,-21.10293085628978,-27.816765387586905,5.085137961610208,3.439226362440319,5.353691342862093,3.4475733439127616,4.0,3.5513784620496986,6.0,,45.0,12.4302732679579,47.98046875,15.115169101291233
2021_09_LV_NYG,2021,9,False,False,7.0,39.0,RECONSTRUCTED_STARTER_IDENTITY_NOT_AS_ISSUED_T60,MARKET_TOTAL_RESIDUAL_SHAPE_AT_PRIOR_256_GAME_LEAGUE_MEAN,00-0035710,00-0031280,0.4120879120879106,1.103197323491889,-2.1530821693196867,6.1827159457736505,-2.180726545775846,6.219708760579429,-3.0,6.371690962049698,,,47.0,4.888606601291235,47.98046875,5.365169101291234
2021_09_MIN_BAL,2021,9,False,False,3.0,65.0,RECONSTRUCTED_STARTER_IDENTITY_NOT_AS_ISSUED_T60,MARKET_TOTAL_RESIDUAL_SHAPE_AT_PRIOR_256_GAME_LEAGUE_MEAN,00-0034796,00-0029604,5.4922326589595505,0.2543639406982434,6.6404583291871315,3.10328886244032,6.849973077917583,3.0829900105794295,7.5,3.5110138787163647,6.0,,51.0,8.5083982679579,47.98046875,10.7388670179579
2021_09_NE_CAR,2021,9,False,False,-18.0,30.0,RECONSTRUCTED_STARTER_IDENTITY_NOT_AS_ISSUED_T60,MARKET_TOTAL_RESIDUAL_SHAPE_AT_PRIOR_256_GAME_LEAGUE_MEAN,00-0034869,00-0036972,18.485480878995443,-10.475612478374918,0.1463158018089598,10.831153445773655,1.3047595361037743,11.661115010579428,-3.5,8.229763878716364,-4.0,,41.5,7.0748045179579,47.98046875,11.573502434624569
2021_09_LAC_PHI,2021,9,False,False,-3.0,51.0,RECONSTRUCTED_STARTER_IDENTITY_NOT_AS_ISSUED_T60,MARKET_TOTAL_RESIDUAL_SHAPE_AT_PRIOR_256_GAME_LEAGUE_MEAN,00-0036389,00-0036355,7.982982982982989,0.45678645114741734,-0.7306829586691401,2.8663096957736514,-0.42963509739571726,2.9241358439127634,-1.0,2.9328888787163647,-2.5,,49.5,3.2037107679579018,47.98046875,3.4458982679579
2021_09_ARI_SF,2021,9,False,False,-14.0,48.0,RECONSTRUCTED_STARTER_IDENTITY_NOT_AS_ISSUED_T60,MARKET_TOTAL_RESIDUAL_SHAPE_AT_PRIOR_256_GAME_LEAGUE_MEAN,00-0031345,00-0027688,-17.388228636106405,-64.01608816436182,-2.813958533003843,5.883236779106986,-0.948844151873626,7.0712712605794295,5.5,13.12299304538303,-2.5,,44.5,3.4458982679579018,47.98046875,3.177669101291234
2021_09_GB_KC,2021,9,False,False,6.0,20.0,RECONSTRUCTED_STARTER_IDENTITY_NOT_AS_ISSUED_T60,MARKET_TOTAL_RESIDUAL_SHAPE_AT_PRIOR_256_GAME_LEAGUE_MEAN,00-0033873,00-0036264,1.1181382275132323,18.212365591397848,-0.9733372904897715,5.060320112440319,-1.657106385045156,5.632469177246095,7.0,2.8599722120496986,-1.0,,48.0,20.83131493462457,47.98046875,20.83131493462457
2021_09_TEN_LA,2021,9,False,False,-12.0,44.0,RECONSTRUCTED_STARTER_IDENTITY_NOT_AS_ISSUED_T60,MARKET_TOTAL_RESIDUAL_SHAPE_AT_PRIOR_256_GAME_LEAGUE_MEAN,00-0026498,00-0029701,20.851328903654487,-0.9324942791761881,4.312369915493291,9.250424279106987,5.183722842806518,10.008771260579428,7.0,12.25189929538303,,,53.5,5.888606601291232,47.98046875,3.538346184624566
2021_09_CHI_PIT,2021,9,False,False,2.0,56.0,RECONSTRUCTED_STARTER_IDENTITY_NOT_AS_ISSUED_T60,MARKET_TOTAL_RESIDUAL_SHAPE_AT_PRIOR_256_GAME_LEAGUE_MEAN,00-0022924,00-0036945,-7.235229814927813,-20.67401789458968,5.735582709240353,3.103288862440319,6.273134232426828,3.0829900105794295,7.0,3.5110138787163647,6.0,,40.0,9.9654295179579,47.98046875,5.087825351291234
2021_10_BAL_MIA,2021,10,False,False,12.0,32.0,RECONSTRUCTED_STARTER_IDENTITY_NOT_AS_ISSUED_T60,MARKET_TOTAL_RESIDUAL_SHAPE_AT_PRIOR_256_GAME_LEAGUE_MEAN,00-0033119,00-0034796,-15.536856897960805,4.818059299191368,-4.482084140625029,11.182715945773653,-5.296280788511115,12.042625427246096,-8.5,14.91205554538303,-7.0,,46.5,9.158137851291233,47.66796875,9.927669101291233
2021_10_ATL_DAL,2021,10,False,False,40.0,46.0,RECONSTRUCTED_STARTER_IDENTITY_NOT_AS_ISSUED_T60,MARKET_TOTAL_RESIDUAL_SHAPE_AT_PRIOR_256_GAME_LEAGUE_MEAN,00-0033077,00-0026143,4.981803327391576,1.2652900908989073,5.590541151935176,27.907976362440323,5.739201681394884,27.91111501057943,8.0,25.311795128716362,9.0,,55.0,5.365169101291235,47.66796875,3.221939934624566
2021_10_BUF_NYJ,2021,10,False,False,-28.0,62.0,RECONSTRUCTED_STARTER_IDENTITY_NOT_AS_ISSUED_T60,MARKET_TOTAL_RESIDUAL_SHAPE_AT_PRIOR_256_GAME_LEAGUE_MEAN,00-0034401,00-0034857,41.178638434736015,0.6021745190967209,-10.03360617226922,10.831153445773653,-8.410547615643647,12.523094177246096,-13.0,8.987576378716366,-13.0,,47.0,9.220637851291233,47.66796875,8.5083982679579
2021_10_CLE_NE,2021,10,False,False,38.0,52.0,RECONSTRUCTED_STARTER_IDENTITY_NOT_AS_ISSUED_T60,MARKET_TOTAL_RESIDUAL_SHAPE_AT_PRIOR_256_GAME_LEAGUE_MEAN,00-0036972,00-0034855,-16.983152106867806,9.604678666205135,2.1150291076617393,29.88584094577365,1.051515876738822,30.88377126057943,2.5,28.258409712049698,-0.0,,45.5,4.277929517957902,47.66796875,3.667252434624566
2021_10_DET_PIT,2021,10,False,False,0.0,32.0,RECONSTRUCTED_STARTER_IDENTITY_NOT_AS_ISSUED_T60,MARKET_TOTAL_RESIDUAL_SHAPE_AT_PRIOR_256_GAME_LEAGUE_MEAN,00-0034771,00-0033106,-31.525303979205543,2.606348167539263,12.840189039892103,7.115007612440319,11.474922954022311,5.8525212605794295,9.0,5.068305545383033,7.5,,43.0,6.458919101291236,47.66796875,9.927669101291233
2021_10_JAX_IND,2021,10,False,False,6.0,40.0,RECONSTRUCTED_STARTER_IDENTITY_NOT_AS_ISSUED_T60,MARKET_TOTAL_RESIDUAL_SHAPE_AT_PRIOR_256_GAME_LEAGUE_MEAN,00-0032950,00-0036971,-3.3385093167701774,-1.9401172222086371,12.129349164577906,3.5889659457736514,12.073413480795445,3.5803858439127616,10.5,3.5110138787163647,9.0,,47.5,4.888606601291234,47.66796875,4.888606601291234
2021_10_NO_TEN,2021,10,False,False,2.0,44.0,RECONSTRUCTED_STARTER_IDENTITY_NOT_AS_ISSUED_T60,MARKET_TOTAL_RESIDUAL_SHAPE_AT_PRIOR_256_GAME_LEAGUE_MEAN,00-0029701,00-0032156,-1.0119820017189252,-55.89306977851871,3.023371804064736,2.849382612440319,5.218615315136728,2.9241358439127616,3.0,2.8599722120496986,3.0,,44.0,3.1776691012912357,47.66796875,3.538346184624566
2021_10_TB_WAS,2021,10,False,False,10.0,48.0,RECONSTRUCTED_STARTER_IDENTITY_NOT_AS_ISSUED_T60,MARKET_TOTAL_RESIDUAL_SHAPE_AT_PRIOR_256_GAME_LEAGUE_MEAN,00-0031800,00-0019596,11.445937011660057,-0.07926512665850094,-8.302840961826314,12.862403445773653,-7.841832876293572,12.888979593912763,-10.0,14.026638878716366,-10.0,,51.0,3.349544101291234,47.66796875,3.177669101291234
2021_10_CAR_ARI,2021,10,False,False,-24.0,44.0,RECONSTRUCTED_STARTER_IDENTITY_NOT_AS_ISSUED_T60,MARKET_TOTAL_RESIDUAL_SHAPE_AT_PRIOR_256_GAME_LEAGUE_MEAN,00-0027688,00-0033275,-68.52911823412,-51.98452238607678,11.870018481331417,27.55771594577365,11.208234647409688,26.61814626057943,7.0,23.440701378716366,10.0,,42.0,3.294856601291234,47.66796875,3.538346184624566
2021_10_MIN_LAC,2021,10,False,False,-7.0,47.0,RECONSTRUCTED_STARTER_IDENTITY_NOT_AS_ISSUED_T60,MARKET_TOTAL_RESIDUAL_SHAPE_AT_PRIOR_256_GAME_LEAGUE_MEAN,00-0036355,00-0029604,0.4532239546683581,0.27920854271357154,4.705997146070959,6.474382612440319,4.712957762549149,6.435854593912762,3.0,5.590440962049699,3.0,,53.5,4.473242017957898,47.66796875,3.171158684624566
2021_10_PHI_DEN,2021,10,False,False,-17.0,43.0,RECONSTRUCTED_STARTER_IDENTITY_NOT_AS_ISSUED_T60,MARKET_TOTAL_RESIDUAL_SHAPE_AT_PRIOR_256_GAME_LEAGUE_MEAN,00-0031237,00-0036389,-4.496169943931139,8.855883138861675,5.0045632902107355,14.269955529106985,4.470481166899023,13.398094177246096,1.0,11.397732628716366,2.5,,44.5,3.221939934624568,47.66796875,3.792252434624566
2021_10_SEA_GB,2021,10,False,False,17.0,17.0,RECONSTRUCTED_STARTER_IDENTITY_NOT_AS_ISSUED_T60,MARKET_TOTAL_RESIDUAL_SHAPE_AT_PRIOR_256_GAME_LEAGUE_MEAN,00-0023459,00-0029263,11.373885548413853,2.86265399432708,7.773621859249816,6.182715945773651,8.114071121413286,6.2197087605794295,3.0,9.112576378716366,2.5,,49.5,25.7701170179579,47.66796875,23.78053368462457
2021_10_KC_LV,2021,10,False,False,-27.0,55.0,RECONSTRUCTED_STARTER_IDENTITY_NOT_AS_ISSUED_T60,MARKET_TOTAL_RESIDUAL_SHAPE_AT_PRIOR_256_GAME_LEAGUE_MEAN,00-0031280,00-0033873,0.0,0.7082535282912028,-1.6567077388626148,17.00693469577365,-1.685037879994263,17.02179209391276,-2.5,16.76752429538303,,,53.5,3.203710767957898,47.66796875,4.659439934624566
2021_10_LA_SF,2021,10,False,False,21.0,41.0,RECONSTRUCTED_STARTER_IDENTITY_NOT_AS_ISSUED_T60,MARKET_TOTAL_RESIDUAL_SHAPE_AT_PRIOR_256_GAME_LEAGUE_MEAN,00-0031345,00-0026498,-4.714912280701755,14.74681664624864,-2.8769437228085555,18.264747195773655,-3.6554128798865713,19.204083760579426,-3.5,18.582628462049698,,,50.0,5.365169101291236,47.66796875,4.4732420179579
2021_11_NE_ATL,2021,11,False,False,-25.0,25.0,RECONSTRUCTED_STARTER_IDENTITY_NOT_AS_ISSUED_T60,MARKET_TOTAL_RESIDUAL_SHAPE_AT_PRIOR_256_GAME_LEAGUE_MEAN,00-0026143,00-0036972,5.567785208078013,-15.04103535353536,-3.1680313854534417,14.269955529106987,-2.3436785629889068,15.185854593912762,-7.0,11.397732628716366,-7.0,,47.5,16.03834618462457,47.52734375,16.03834618462457
2021_11_BAL_CHI,2021,11,False,False,-3.0,29.0,RECONSTRUCTED_STARTER_IDENTITY_NOT_AS_ISSUED_T60,MARKET_TOTAL_RESIDUAL_SHAPE_AT_PRIOR_256_GAME_LEAGUE_MEAN,00-0027973,00-0035993,43.323667711598745,-66.22964867180805,-2.340447105579806,2.8493826124403183,2.041685549756466,3.2991358439127607,-5.0,3.077420128716364,-4.5,,43.0,8.4185545179579,47.52734375,12.4302732679579
2021_11_DET_CLE,2021,11,False,False,3.0,23.0,RECONSTRUCTED_STARTER_IDENTITY_NOT_AS_ISSUED_T60,MARKET_TOTAL_RESIDUAL_SHAPE_AT_PRIOR_256_GAME_LEAGUE_MEAN,00-0034855,00-0034177,-1.574571883711684,-112.86802030456853,11.947588392070347,4.823340945773651,16.39932632890462,7.0712712605794295,13.0,5.590440962049699,10.0,,42.5,13.307877434624569,47.52734375,17.9224607679579
2021_11_GB_MIN,2021,11,False,False,3.0,65.0,RECONSTRUCTED_STARTER_IDENTITY_NOT_AS_ISSUED_T60,MARKET_TOTAL_RESIDUAL_SHAPE_AT_PRIOR_256_GAME_LEAGUE_MEAN,00-0029604,00-0023459,0.28681484899757415,2.907994105728484,-3.47368973663617,4.569434695773652,-3.578536906905406,5.089500427246095,-1.0,3.5513784620496986,-3.0,,48.0,10.7388670179579,47.52734375,10.7388670179579
2021_11_HOU_TEN,2021,11,False,False,-9.0,35.0,RECONSTRUCTED_STARTER_IDENTITY_NOT_AS_ISSUED_T60,MARKET_TOTAL_RESIDUAL_SHAPE_AT_PRIOR_256_GAME_LEAGUE_MEAN,00-0029701,00-0028118,-0.9601449275362439,-5.980634137079943,15.050737522493337,16.08505969577365,15.251557090875085,16.101219177246094,10.5,13.12299304538303,10.5,,44.5,5.888606601291236,47.52734375,7.721939934624566
2021_11_IND_BUF,2021,11,False,False,-26.0,56.0,RECONSTRUCTED_STARTER_IDENTITY_NOT_AS_ISSUED_T60,MARKET_TOTAL_RESIDUAL_SHAPE_AT_PRIOR_256_GAME_LEAGUE_MEAN,00-0034857,00-0032950,0.7002002235052984,3.8386093073593086,6.709087526055855,24.609799279106987,6.583551162701695,24.652000427246094,7.5,26.372993045383033,7.0,,49.5,4.277929517957902,47.52734375,5.087825351291234
2021_11_MIA_NYJ,2021,11,False,False,-7.0,41.0,RECONSTRUCTED_STARTER_IDENTITY_NOT_AS_ISSUED_T60,MARKET_TOTAL_RESIDUAL_SHAPE_AT_PRIOR_256_GAME_LEAGUE_MEAN,00-0026158,00-0036212,15.113786922297567,2.2685069704276417,-2.934918546163235,3.10328886244032,-2.421107348088438,3.2991358439127607,-3.5,3.0748159620496978,-4.0,,44.5,3.538346184624568,47.52734375,4.4732420179579
2021_11_NO_PHI,2021,11,False,False,11.0,69.0,RECONSTRUCTED_STARTER_IDENTITY_NOT_AS_ISSUED_T60,MARKET_TOTAL_RESIDUAL_SHAPE_AT_PRIOR_256_GAME_LEAGUE_MEAN,00-0036389,00-0032156,0.706970113640959,-49.25582560761714,-3.3439208636313196,9.608497195773655,-1.3454090347809955,8.18064626057943,2.5,5.244086795383033,1.0,,42.5,18.564387851291233,47.52734375,14.0435545179579
2021_11_SF_JAX,2021,11,False,False,-20.0,40.0,RECONSTRUCTED_STARTER_IDENTITY_NOT_AS_ISSUED_T60,MARKET_TOTAL_RESIDUAL_SHAPE_AT_PRIOR_256_GAME_LEAGUE_MEAN,00-0036971,00-0031345,-4.154175044824648,-8.027674956917208,-5.52516054794778,7.79469511244032,-5.370220551464079,8.47361501057943,-6.5,7.501899295383033,-7.0,,45.0,3.792252434624568,47.52734375,4.888606601291234
2021_11_WAS_CAR,2021,11,False,False,-6.0,48.0,RECONSTRUCTED_STARTER_IDENTITY_NOT_AS_ISSUED_T60,MARKET_TOTAL_RESIDUAL_SHAPE_AT_PRIOR_256_GAME_LEAGUE_MEAN,00-0027939,00-0031800,38.631055970358744,1.9654088050314433,4.5146736185133705,5.883236779106985,5.981299505126462,6.435854593912762,3.5,5.590440962049699,1.0,,43.0,3.9458982679579018,47.52734375,3.177669101291234
2021_11_CIN_LV,2021,11,False,False,-19.0,45.0,RECONSTRUCTED_STARTER_IDENTITY_NOT_AS_ISSUED_T60,MARKET_TOTAL_RESIDUAL_SHAPE_AT_PRIOR_256_GAME_LEAGUE_MEAN,00-0031280,00-0036442,0.0,9.087732919254666,2.3438194819092133,13.38063261244032,1.9803101651390267,13.398094177246094,-1.0,11.397732628716366,,,50.5,4.104752434624566,47.52734375,3.349544101291234
2021_11_ARI_SEA,2021,11,False,False,-10.0,36.0,RECONSTRUCTED_STARTER_IDENTITY_NOT_AS_ISSUED_T60,MARKET_TOTAL_RESIDUAL_SHAPE_AT_PRIOR_256_GAME_LEAGUE_MEAN,00-0029263,00-0027688,-7.074618009197442,-78.19523253226524,-0.46712689899320137,5.336361779106986,2.37769768192951,6.435854593912761,2.5,7.501899295383033,-2.5,,46.0,5.888606601291236,47.52734375,7.0748045179579
2021_11_DAL_KC,2021,11,False,False,10.0,28.0,RECONSTRUCTED_STARTER_IDENTITY_NOT_AS_ISSUED_T60,MARKET_TOTAL_RESIDUAL_SHAPE_AT_PRIOR_256_GAME_LEAGUE_MEAN,00-0033873,00-0033077,0.955005383256502,15.69548872180453,6.24154482757157,3.763445112440319,5.651925494029648,3.7704900105794295,2.5,4.741482628716365,-1.5,,56.0,20.831314934624572,47.52734375,13.307877434624569
2021_11_PIT_LAC,2021,11,False,False,4.0,78.0,RECONSTRUCTED_STARTER_IDENTITY_NOT_AS_ISSUED_T60,MARKET_TOTAL_RESIDUAL_SHAPE_AT_PRIOR_256_GAME_LEAGUE_MEAN,00-0036355,00-0022924,0.4354715868609249,10.390171886533794,2.091392814181354,3.18141386244032,1.6932048021944395,3.1936670939127607,5.5,2.9328888787163647,3.5,,47.5,22.365169101291233,47.52734375,22.365169101291233
2021_11_NYG_TB,2021,11,False,False,20.0,40.0,RECONSTRUCTED_STARTER_IDENTITY_NOT_AS_ISSUED_T60,MARKET_TOTAL_RESIDUAL_SHAPE_AT_PRIOR_256_GAME_LEAGUE_MEAN,00-0019596,00-0035710,-0.08627740988491617,1.4767298319866784,10.408181676340773,6.797299279106985,10.345661386665908,6.8408025105794295,11.5,5.244086795383033,10.5,,49.5,5.888606601291236,47.52734375,4.888606601291234
2021_12_CHI_DET,2021,12,False,False,-2.0,30.0,RECONSTRUCTED_STARTER_IDENTITY_NOT_AS_ISSUED_T60,MARKET_TOTAL_RESIDUAL_SHAPE_AT_PRIOR_256_GAME_LEAGUE_MEAN,00-0033106,00-0027973,9.417249417249419,43.416517810234325,-3.256355259451757,3.00172636244032,-4.616325995171153,3.4475733439127616,-2.0,2.8716909620496986,-2.0,,41.5,7.0748045179579,47.203125,10.7310545179579
2021_12_LV_DAL,2021,12,False,False,-3.0,69.0,RECONSTRUCTED_STARTER_IDENTITY_NOT_AS_ISSUED_T60,MARKET_TOTAL_RESIDUAL_SHAPE_AT_PRIOR_256_GAME_LEAGUE_MEAN,00-0033077,00-0031280,-4.406872847480603,0.0,6.439564862092193,4.823340945773651,6.263289948192969,4.7978337605794295,7.0,5.590440962049699,,,51.0,11.5318357679579,47.203125,14.919856601291233
2021_12_BUF_NO,2021,12,False,False,-25.0,37.0,RECONSTRUCTED_STARTER_IDENTITY_NOT_AS_ISSUED_T60,MARKET_TOTAL_RESIDUAL_SHAPE_AT_PRIOR_256_GAME_LEAGUE_MEAN,00-0032156,00-0034857,-49.70585332148849,4.488758279690286,1.7448711363024267,18.874122195773655,-0.4229133277447243,17.021792093912765,-7.0,11.397732628716366,-5.5,,45.0,4.888606601291236,47.203125,5.888606601291235
2021_12_ATL_JAX,2021,12,False,False,-7.0,35.0,RECONSTRUCTED_STARTER_IDENTITY_NOT_AS_ISSUED_T60,MARKET_TOTAL_RESIDUAL_SHAPE_AT_PRIOR_256_GAME_LEAGUE_MEAN,00-0036971,00-0026143,-1.5549071618037091,12.45219109448874,-1.8316658048745285,3.3142263624403183,-2.3919497351262264,3.2991358439127607,-1.5,3.5110138787163647,-0.5,,46.0,6.458919101291236,47.203125,7.074804517957901
2021_12_CAR_MIA,2021,12,False,False,23.0,43.0,RECONSTRUCTED_STARTER_IDENTITY_NOT_AS_ISSUED_T60,MARKET_TOTAL_RESIDUAL_SHAPE_AT_PRIOR_256_GAME_LEAGUE_MEAN,00-0036212,00-0027939,3.8786696732187265,39.87267697545753,3.4084198683175964,14.617611779106985,1.968659576228044,15.516583760579426,-1.0,17.651638878716366,-2.0,,41.0,3.2948566012912366,47.203125,3.538346184624567
2021_12_NYJ_HOU,2021,12,False,False,-7.0,35.0,RECONSTRUCTED_STARTER_IDENTITY_NOT_AS_ISSUED_T60,MARKET_TOTAL_RESIDUAL_SHAPE_AT_PRIOR_256_GAME_LEAGUE_MEAN,00-0028118,00-0037013,17.55872670460885,-36.28776346604214,5.783234675591248,7.115007612440319,7.937094282417288,8.47361501057943,3.0,5.590440962049699,2.5,,44.5,5.888606601291236,47.203125,7.074804517957901
2021_12_PHI_NYG,2021,12,False,False,6.0,20.0,RECONSTRUCTED_STARTER_IDENTITY_NOT_AS_ISSUED_T60,MARKET_TOTAL_RESIDUAL_SHAPE_AT_PRIOR_256_GAME_LEAGUE_MEAN,00-0035710,00-0036389,0.6711833650642651,0.6286966398079796,-0.6730908107628147,5.060320112440319,-0.6713913417525633,5.0895004272460955,-4.0,6.371690962049698,-5.0,,45.5,18.8873045179579,47.203125,19.857356601291233
2021_12_PIT_CIN,2021,12,False,False,31.0,51.0,RECONSTRUCTED_STARTER_IDENTITY_NOT_AS_ISSUED_T60,MARKET_TOTAL_RESIDUAL_SHAPE_AT_PRIOR_256_GAME_LEAGUE_MEAN,00-0036442,00-0022924,-3.697036657396602,4.892347166443556,2.7958142570853397,22.06162219577365,2.452238904131733,23.028302510579426,3.5,20.481065962049698,1.0,,43.5,4.659439934624568,47.203125,3.667252434624567
2021_12_TB_IND,2021,12,False,False,-7.0,69.0,RECONSTRUCTED_STARTER_IDENTITY_NOT_AS_ISSUED_T60,MARKET_TOTAL_RESIDUAL_SHAPE_AT_PRIOR_256_GAME_LEAGUE_MEAN,00-0032950,00-0019596,4.088890087757147,1.073873175771678,1.5388186928291907,4.823340945773652,1.6594193693086094,4.797833760579429,-3.0,3.261013878716364,-3.5,,53.0,9.965429517957904,47.203125,14.919856601291233
2021_12_TEN_NE,2021,12,False,False,23.0,49.0,RECONSTRUCTED_STARTER_IDENTITY_NOT_AS_ISSUED_T60,MARKET_TOTAL_RESIDUAL_SHAPE_AT_PRIOR_256_GAME_LEAGUE_MEAN,00-0036972,00-0029701,-15.682504806371877,-0.9392458100558665,2.541478251967319,14.617611779106985,1.9517478921146785,15.516583760579426,7.5,9.875597212049698,4.0,,43.0,4.277929517957902,47.203125,3.294856601291235
2021_12_LAC_DEN,2021,12,False,False,15.0,41.0,RECONSTRUCTED_STARTER_IDENTITY_NOT_AS_ISSUED_T60,MARKET_TOTAL_RESIDUAL_SHAPE_AT_PRIOR_256_GAME_LEAGUE_MEAN,00-0031237,00-0036355,6.926677790137203,0.4237288135593209,-0.3868498683945381,10.385840945773655,-0.12673190933142284,10.42674001057943,-2.5,12.305284712049698,-3.0,,47.5,4.4732420179579,47.203125,4.104752434624567
2021_12_LA_GB,2021,12,False,False,8.0,64.0,RECONSTRUCTED_STARTER_IDENTITY_NOT_AS_ISSUED_T60,MARKET_TOTAL_RESIDUAL_SHAPE_AT_PRIOR_256_GAME_LEAGUE_MEAN,00-0023459,00-0026498,-5.364796415351636,6.158098473877671,5.670245049853857,3.181413862440319,5.209329254284685,3.4475733439127616,-2.0,6.371690962049699,,,47.0,10.7388670179579,47.203125,10.7388670179579
2021_12_MIN_SF,2021,12,False,False,8.0,60.0,RECONSTRUCTED_STARTER_IDENTITY_NOT_AS_ISSUED_T60,MARKET_TOTAL_RESIDUAL_SHAPE_AT_PRIOR_256_GAME_LEAGUE_MEAN,00-0031345,00-0029604,-9.311839084176832,0.285157282579962,2.4802231124412812,4.569434695773652,2.0963432577710095,4.596010843912761,3.5,3.5513784620496986,3.0,,49.0,6.617773267957902,47.203125,7.831314934624567
2021_12_CLE_BAL,2021,12,False,False,6.0,26.0,RECONSTRUCTED_STARTER_IDENTITY_NOT_AS_ISSUED_T60,MARKET_TOTAL_RESIDUAL_SHAPE_AT_PRIOR_256_GAME_LEAGUE_MEAN,00-0034796,00-0034855,5.659340659340639,9.07376747608537,4.652540758459809,3.001726362440319,4.51596368579002,3.0061670939127616,3.0,3.2831492953830326,5.5,,47.0,14.206314934624569,47.203125,14.206314934624569
2021_12_SEA_WAS,2021,12,False,False,2.0,32.0,RECONSTRUCTED_STARTER_IDENTITY_NOT_AS_ISSUED_T60,MARKET_TOTAL_RESIDUAL_SHAPE_AT_PRIOR_256_GAME_LEAGUE_MEAN,00-0031800,00-0029263,2.2170868347338946,-6.316663709311721,1.5224898668900277,2.8975596957736522,1.8638398886518521,2.8785629272460946,-1.0,3.2831492953830326,-0.0,,47.0,9.158137851291233,47.203125,9.158137851291233
2021_13_DAL_NO,2021,13,False,False,-10.0,44.0,RECONSTRUCTED_STARTER_IDENTITY_NOT_AS_ISSUED_T60,MARKET_TOTAL_RESIDUAL_SHAPE_AT_PRIOR_256_GAME_LEAGUE_MEAN,00-0033357,00-0033077,-14.733945344043509,-3.148938007826252,4.190810247437976,7.79469511244032,3.7274099539892855,7.7509587605794295,-6.0,3.2610138787163647,-5.0,,46.0,3.221939934624568,47.01953125,3.349544101291235
2021_13_ARI_CHI,2021,13,False,False,-11.0,55.0,RECONSTRUCTED_STARTER_IDENTITY_NOT_AS_ISSUED_T60,MARKET_TOTAL_RESIDUAL_SHAPE_AT_PRIOR_256_GAME_LEAGUE_MEAN,00-0027973,00-0035228,39.28179824561404,-6.000676132521976,-4.277338218515024,3.9418305291069853,-2.4660392433895835,4.797833760579429,-7.5,3.0748159620496978,-10.0,,43.5,6.617773267957902,47.01953125,5.087825351291235
2021_13_IND_HOU,2021,13,False,False,-31.0,31.0,RECONSTRUCTED_STARTER_IDENTITY_NOT_AS_ISSUED_T60,MARKET_TOTAL_RESIDUAL_SHAPE_AT_PRIOR_256_GAME_LEAGUE_MEAN,00-0036898,00-0032950,6.709385481931518,0.0,-6.670079615706727,16.08505969577365,-6.401704196429466,17.02179209391276,-10.0,14.012315962049698,-10.0,,45.5,9.158137851291233,47.01953125,9.927669101291233
2021_13_LAC_CIN,2021,13,False,False,-19.0,63.0,RECONSTRUCTED_STARTER_IDENTITY_NOT_AS_ISSUED_T60,MARKET_TOTAL_RESIDUAL_SHAPE_AT_PRIOR_256_GAME_LEAGUE_MEAN,00-0036442,00-0036355,-3.3194075693685265,0.41688920538840435,4.456434442970794,15.172299279106987,4.306982571980518,15.185854593912763,2.5,14.921170128716366,2.0,,49.5,7.831314934624568,47.01953125,9.9654295179579
2021_13_MIN_DET,2021,13,False,False,2.0,56.0,RECONSTRUCTED_STARTER_IDENTITY_NOT_AS_ISSUED_T60,MARKET_TOTAL_RESIDUAL_SHAPE_AT_PRIOR_256_GAME_LEAGUE_MEAN,00-0033106,00-0029604,11.102416102416113,-0.5730502048955755,-6.958161049407891,6.182715945773651,-6.491142397115424,5.632469177246095,-7.0,5.789659712049699,-7.0,,47.5,5.087825351291234,47.01953125,5.551367017957901
2021_13_NYG_MIA,2021,13,False,False,11.0,29.0,RECONSTRUCTED_STARTER_IDENTITY_NOT_AS_ISSUED_T60,MARKET_TOTAL_RESIDUAL_SHAPE_AT_PRIOR_256_GAME_LEAGUE_MEAN,00-0036212,00-0030520,-0.7926829268292579,-1.0646076612463196,4.9075497697893296,4.569434695773651,4.918426759166012,4.596010843912762,6.5,3.5513784620496986,2.5,,40.0,6.458919101291236,47.01953125,11.573502434624569
2021_13_PHI_NYJ,2021,13,False,False,-15.0,51.0,RECONSTRUCTED_STARTER_IDENTITY_NOT_AS_ISSUED_T60,MARKET_TOTAL_RESIDUAL_SHAPE_AT_PRIOR_256_GAME_LEAGUE_MEAN,00-0037013,00-0035289,-35.81055186509965,18.378235273001398,-3.219448257420936,6.47438261244032,-5.386999742944978,5.306948343912762,-5.0,5.590440962049698,-8.0,,44.0,4.659439934624568,47.01953125,3.667252434624567
2021_13_TB_ATL,2021,13,False,False,-13.0,47.0,RECONSTRUCTED_STARTER_IDENTITY_NOT_AS_ISSUED_T60,MARKET_TOTAL_RESIDUAL_SHAPE_AT_PRIOR_256_GAME_LEAGUE_MEAN,00-0026143,00-0019596,12.880662983425406,1.0117056395390511,-6.977420764100734,3.5889659457736514,-6.502662470345281,3.5803858439127607,-11.0,2.932888878716364,-12.5,,51.0,3.538346184624566,47.01953125,3.177669101291235
2021_13_JAX_LA,2021,13,False,False,30.0,44.0,RECONSTRUCTED_STARTER_IDENTITY_NOT_AS_ISSUED_T60,MARKET_TOTAL_RESIDUAL_SHAPE_AT_PRIOR_256_GAME_LEAGUE_MEAN,00-0026498,00-0036971,6.246267300251884,-1.5966530054644767,14.03851344410372,11.182715945773653,14.352230256332373,11.222312927246097,14.0,10.660753462049698,,,48.0,3.538346184624566,47.01953125,3.349544101291235
2021_13_WAS_LV,2021,13,False,False,-2.0,32.0,RECONSTRUCTED_STARTER_IDENTITY_NOT_AS_ISSUED_T60,MARKET_TOTAL_RESIDUAL_SHAPE_AT_PRIOR_256_GAME_LEAGUE_MEAN,00-0031280,00-0031800,0.0,0.0,2.033147422030379,3.10328886244032,2.033147422030379,3.0829900105794286,1.0,3.0748159620496986,,,47.5,9.927669101291233,47.01953125,9.158137851291233
2021_13_BAL_PIT,2021,13,False,False,1.0,39.0,RECONSTRUCTED_STARTER_IDENTITY_NOT_AS_ISSUED_T60,MARKET_TOTAL_RESIDUAL_SHAPE_AT_PRIOR_256_GAME_LEAGUE_MEAN,00-0022924,00-0034796,4.683823529411768,11.92205348094939,-1.708559394322192,3.4392263624403183,-1.9980885923836968,3.4475733439127607,-4.0,3.893826378716364,-5.0,,44.0,3.792252434624568,47.01953125,4.888606601291235
2021_13_SF_SEA,2021,13,False,False,7.0,53.0,RECONSTRUCTED_STARTER_IDENTITY_NOT_AS_ISSUED_T60,MARKET_TOTAL_RESIDUAL_SHAPE_AT_PRIOR_256_GAME_LEAGUE_MEAN,00-0029263,00-0031345,7.431811965143997,13.021072158072444,-0.1559184207375074,5.06032011244032,-0.37948882845464527,5.089500427246097,-3.0,6.371690962049698,-3.5,,44.5,5.087825351291236,47.01953125,4.277929517957901
2021_13_DEN_KC,2021,13,False,False,13.0,31.0,RECONSTRUCTED_STARTER_IDENTITY_NOT_AS_ISSUED_T60,MARKET_TOTAL_RESIDUAL_SHAPE_AT_PRIOR_256_GAME_LEAGUE_MEAN,00-0033873,00-0031237,0.513755386145176,11.981707317073177,9.464772741524365,3.763445112440319,9.006054664287245,3.7704900105794295,8.5,3.5513784620496986,8.5,,46.5,9.927669101291233,47.01953125,9.927669101291233
2021_13_NE_BUF,2021,13,False,False,-4.0,24.0,RECONSTRUCTED_STARTER_IDENTITY_NOT_AS_ISSUED_T60,MARKET_TOTAL_RESIDUAL_SHAPE_AT_PRIOR_256_GAME_LEAGUE_MEAN,00-0034857,00-0036972,4.956091279474784,-15.275575988163181,3.6225966954390243,4.350684695773652,4.431863386144543,4.3395004272460955,3.0,4.168565962049699,2.0,,40.0,9.927669101291233,47.01953125,16.03834618462457
2021_14_PIT_MIN,2021,14,False,False,8.0,64.0,RECONSTRUCTED_STARTER_IDENTITY_NOT_AS_ISSUED_T60,MARKET_TOTAL_RESIDUAL_SHAPE_AT_PRIOR_256_GAME_LEAGUE_MEAN,00-0029604,00-0022924,-0.05646576137259274,6.310463528992827,2.927686499356669,4.138445112440319,2.673009327742052,4.1493962605794295,3.5,3.5513784620496986,3.0,,45.0,12.345637851291233,46.9140625,10.7388670179579
2021_14_ATL_CAR,2021,14,False,False,-8.0,50.0,RECONSTRUCTED_STARTER_IDENTITY_NOT_AS_ISSUED_T60,MARKET_TOTAL_RESIDUAL_SHAPE_AT_PRIOR_256_GAME_LEAGUE_MEAN,00-0027939,00-0026143,40.48699849666447,12.323332737616543,3.6201141351255957,6.47438261244032,4.746660765487512,7.0712712605794295,2.5,6.164659712049699,3.0,,41.0,5.551367017957903,46.9140625,3.445898267957901
2021_14_BAL_CLE,2021,14,False,False,2.0,46.0,RECONSTRUCTED_STARTER_IDENTITY_NOT_AS_ISSUED_T60,MARKET_TOTAL_RESIDUAL_SHAPE_AT_PRIOR_256_GAME_LEAGUE_MEAN,00-0034855,00-0035993,5.691365475101606,-51.47058823529412,-0.13647384391573725,3.18141386244032,2.150004304500092,2.8785629272460946,3.0,2.8599722120496986,-1.5,,44.0,3.2948566012912357,46.9140625,3.171158684624567
2021_14_DAL_WAS,2021,14,False,False,-7.0,47.0,RECONSTRUCTED_STARTER_IDENTITY_NOT_AS_ISSUED_T60,MARKET_TOTAL_RESIDUAL_SHAPE_AT_PRIOR_256_GAME_LEAGUE_MEAN,00-0031800,00-0033077,0.0,-3.5417721518987255,0.2550455442126258,3.941830529106986,0.3967164302885749,3.9293441772460973,-6.5,2.8716909620496986,-4.0,,48.0,3.171158684624566,46.9140625,3.177669101291235
2021_14_JAX_TEN,2021,14,False,False,20.0,20.0,RECONSTRUCTED_STARTER_IDENTITY_NOT_AS_ISSUED_T60,MARKET_TOTAL_RESIDUAL_SHAPE_AT_PRIOR_256_GAME_LEAGUE_MEAN,00-0029701,00-0036971,-1.057692307692304,-1.5720812336834422,14.783707245670321,4.138445112440319,14.804282802709965,4.1493962605794295,8.5,7.005805545383033,9.0,,44.5,17.9224607679579,46.9140625,19.857356601291233
2021_14_LV_KC,2021,14,False,False,39.0,57.0,RECONSTRUCTED_STARTER_IDENTITY_NOT_AS_ISSUED_T60,MARKET_TOTAL_RESIDUAL_SHAPE_AT_PRIOR_256_GAME_LEAGUE_MEAN,00-0033873,00-0031280,0.03134592372926459,0.0,11.164552648433164,22.06162219577365,11.165806485382333,22.062156677246094,10.0,22.39643054538303,,,48.0,5.5513670179579,46.9140625,6.066992017957901
2021_14_NO_NYJ,2021,14,False,False,-21.0,39.0,RECONSTRUCTED_STARTER_IDENTITY_NOT_AS_ISSUED_T60,MARKET_TOTAL_RESIDUAL_SHAPE_AT_PRIOR_256_GAME_LEAGUE_MEAN,00-0037013,00-0033357,-40.13689084696996,-46.90034240403678,-5.460185072251907,9.250424279106984,-5.1896470099692324,9.224917093912763,-4.5,9.76752429538303,-5.0,,42.0,3.349544101291234,46.9140625,4.888606601291235
2021_14_SEA_HOU,2021,14,False,False,-20.0,46.0,RECONSTRUCTED_STARTER_IDENTITY_NOT_AS_ISSUED_T60,MARKET_TOTAL_RESIDUAL_SHAPE_AT_PRIOR_256_GAME_LEAGUE_MEAN,00-0036898,00-0029263,18.176241594903864,21.199590757950393,-3.949093772866563,9.250424279106985,-4.070027739388424,9.224917093912762,-10.0,5.590440962049698,-9.5,,40.5,3.9458982679579027,46.9140625,3.171158684624567
2021_14_DET_DEN,2021,14,False,False,28.0,48.0,RECONSTRUCTED_STARTER_IDENTITY_NOT_AS_ISSUED_T60,MARKET_TOTAL_RESIDUAL_SHAPE_AT_PRIOR_256_GAME_LEAGUE_MEAN,00-0031237,00-0033106,10.606712564543885,12.230322023890627,9.524760541820115,12.862403445773653,9.459816163446245,13.752260843912763,13.0,9.875597212049698,6.0,,42.0,4.2779295179579,46.9140625,3.203710767957901
2021_14_NYG_LAC,2021,14,False,False,16.0,58.0,RECONSTRUCTED_STARTER_IDENTITY_NOT_AS_ISSUED_T60,MARKET_TOTAL_RESIDUAL_SHAPE_AT_PRIOR_256_GAME_LEAGUE_MEAN,00-0036355,00-0030520,0.43360646808923153,-4.874818322471763,6.997580970870121,6.182715945773652,7.209917962492561,6.2197087605794295,9.5,4.292263878716365,8.0,,44.0,8.5083982679579,46.9140625,6.617773267957901
2021_14_BUF_TB,2021,14,False,False,6.0,60.0,RECONSTRUCTED_STARTER_IDENTITY_NOT_AS_ISSUED_T60,MARKET_TOTAL_RESIDUAL_SHAPE_AT_PRIOR_256_GAME_LEAGUE_MEAN,00-0019596,00-0034857,0.9252211720423897,4.981722364855723,4.4977156366456255,3.18141386244032,4.335455588933092,3.1936670939127616,3.5,3.0774201287163647,3.0,,52.5,4.65943993462457,46.9140625,7.831314934624567
2021_14_SF_CIN,2021,14,False,False,-3.0,49.0,RECONSTRUCTED_STARTER_IDENTITY_NOT_AS_ISSUED_T60,MARKET_TOTAL_RESIDUAL_SHAPE_AT_PRIOR_256_GAME_LEAGUE_MEAN,00-0036442,00-0031345,-3.183305655953883,1.010534489981496,1.507693737533973,3.31422636244032,1.339940131696558,3.0829900105794295,-2.5,2.8716909620496978,-1.0,,49.0,3.1776691012912357,46.9140625,3.294856601291235
2021_14_CHI_GB,2021,14,False,False,15.0,75.0,RECONSTRUCTED_STARTER_IDENTITY_NOT_AS_ISSUED_T60,MARKET_TOTAL_RESIDUAL_SHAPE_AT_PRIOR_256_GAME_LEAGUE_MEAN,00-0023459,00-0036945,13.100703443169204,-19.244242201635164,12.16084983748814,3.439226362440319,13.454647663280316,3.1936670939127616,11.5,3.2831492953830326,12.5,,43.0,24.2974607679579,46.9140625,20.447200351291233
2021_14_LA_ARI,2021,14,False,False,-7.0,53.0,RECONSTRUCTED_STARTER_IDENTITY_NOT_AS_ISSUED_T60,MARKET_TOTAL_RESIDUAL_SHAPE_AT_PRIOR_256_GAME_LEAGUE_MEAN,00-0035228,00-0026498,14.495557248032508,6.14930668129785,5.05203251279856,6.474382612440319,5.385882535467946,6.435854593912762,3.0,5.590440962049699,,,51.0,3.294856601291234,46.9140625,4.277929517957901
2021_15_KC_LAC,2021,15,False,False,-6.0,62.0,RECONSTRUCTED_STARTER_IDENTITY_NOT_AS_ISSUED_T60,MARKET_TOTAL_RESIDUAL_SHAPE_AT_PRIOR_256_GAME_LEAGUE_MEAN,00-0036355,00-0033873,0.4429551122194564,0.441423926143214,-2.178524383304648,3.1032888624403183,-2.1784631358615982,3.0829900105794286,-3.0,3.0748159620496978,-4.0,,54.0,5.087825351291232,46.96484375,9.220637851291233
2021_15_NE_IND,2021,15,False,False,10.0,44.0,RECONSTRUCTED_STARTER_IDENTITY_NOT_AS_ISSUED_T60,MARKET_TOTAL_RESIDUAL_SHAPE_AT_PRIOR_256_GAME_LEAGUE_MEAN,00-0032950,00-0036972,0.0,-17.25930243855047,1.083244540363621,6.1827159457736505,1.77361663790564,5.632469177246095,-1.0,7.005805545383033,-2.5,,46.0,3.221939934624568,46.96484375,3.349544101291235
2021_15_ARI_DET,2021,15,False,False,18.0,42.0,RECONSTRUCTED_STARTER_IDENTITY_NOT_AS_ISSUED_T60,MARKET_TOTAL_RESIDUAL_SHAPE_AT_PRIOR_256_GAME_LEAGUE_MEAN,00-0033106,00-0035228,10.837581857337476,16.23966031595363,-10.05570525053392,22.06162219577365,-10.271788388878566,22.062156677246094,-13.0,24.335232628716366,-12.0,,48.0,4.104752434624566,46.96484375,3.792252434624567
2021_15_CAR_BUF,2021,15,False,False,17.0,45.0,RECONSTRUCTED_STARTER_IDENTITY_NOT_AS_ISSUED_T60,MARKET_TOTAL_RESIDUAL_SHAPE_AT_PRIOR_256_GAME_LEAGUE_MEAN,00-0034857,00-0027939,4.12105751391465,30.435754047290754,10.949805432120337,4.569434695773651,9.897217570785294,5.0895004272460955,14.0,3.2831492953830326,11.0,,43.0,3.2948566012912357,46.96484375,3.221939934624567
2021_15_DAL_NYG,2021,15,False,False,-15.0,27.0,RECONSTRUCTED_STARTER_IDENTITY_NOT_AS_ISSUED_T60,MARKET_TOTAL_RESIDUAL_SHAPE_AT_PRIOR_256_GAME_LEAGUE_MEAN,00-0030520,00-0033077,-2.4703010168126482,2.0504120671404724,-3.489306332232727,6.47438261244032,-3.6701348555908515,5.852521260579429,-11.5,3.0748159620496978,-8.0,,43.0,9.927669101291233,46.96484375,13.307877434624569
2021_15_HOU_JAX,2021,15,False,False,-14.0,46.0,RECONSTRUCTED_STARTER_IDENTITY_NOT_AS_ISSUED_T60,MARKET_TOTAL_RESIDUAL_SHAPE_AT_PRIOR_256_GAME_LEAGUE_MEAN,00-0036971,00-0036898,-1.604729729729737,21.538087745279533,0.44316761070282157,7.79469511244032,-0.4825450882975493,7.750958760579431,6.0,13.12299304538303,2.5,,40.0,4.277929517957902,46.96484375,3.171158684624567
2021_15_NYJ_MIA,2021,15,False,False,7.0,55.0,RECONSTRUCTED_STARTER_IDENTITY_NOT_AS_ISSUED_T60,MARKET_TOTAL_RESIDUAL_SHAPE_AT_PRIOR_256_GAME_LEAGUE_MEAN,00-0036212,00-0037013,-2.7089983607971657,-46.033584360261685,11.276057481928147,3.103288862440319,13.009040921906726,3.5803858439127616,10.5,3.2610138787163647,11.5,,42.0,7.831314934624566,46.96484375,5.087825351291235
2021_15_TEN_PIT,2021,15,False,False,6.0,32.0,RECONSTRUCTED_STARTER_IDENTITY_NOT_AS_ISSUED_T60,MARKET_TOTAL_RESIDUAL_SHAPE_AT_PRIOR_256_GAME_LEAGUE_MEAN,00-0022924,00-0029701,-3.5733373468811003,-1.050620223029708,-1.5530109949114013,5.598080529106984,-1.653919679865457,5.632469177246095,1.0,3.8938263787163647,-1.5,,44.0,7.074804517957902,46.96484375,9.158137851291233
2021_15_ATL_SF,2021,15,False,False,18.0,44.0,RECONSTRUCTED_STARTER_IDENTITY_NOT_AS_ISSUED_T60,MARKET_TOTAL_RESIDUAL_SHAPE_AT_PRIOR_256_GAME_LEAGUE_MEAN,00-0031345,00-0026143,-5.322160598022663,12.72140878512069,6.872011270760449,7.449643029106986,6.150268495434715,8.18064626057943,9.5,5.244086795383033,8.5,,48.0,3.538346184624566,46.96484375,3.349544101291235
2021_15_CIN_DEN,2021,15,False,False,-5.0,25.0,RECONSTRUCTED_STARTER_IDENTITY_NOT_AS_ISSUED_T60,MARKET_TOTAL_RESIDUAL_SHAPE_AT_PRIOR_256_GAME_LEAGUE_MEAN,00-0031237,00-0036442,10.615215600109874,-2.9855585989014832,2.428920283072066,3.941830529106986,2.9729512510325202,4.3395004272460955,3.0,4.593045128716365,1.5,,45.0,13.307877434624569,46.96484375,15.115169101291233
2021_15_GB_BAL,2021,15,False,False,-1.0,61.0,RECONSTRUCTED_STARTER_IDENTITY_NOT_AS_ISSUED_T60,MARKET_TOTAL_RESIDUAL_SHAPE_AT_PRIOR_256_GAME_LEAGUE_MEAN,00-0035993,00-0023459,-19.882463514055804,9.787765957446815,-1.3311937239564942,2.8975596957736514,-2.518002902816599,3.1936670939127616,-9.5,5.789659712049698,-4.5,,45.5,9.220637851291233,46.96484375,8.5083982679579
2021_15_NO_TB,2021,15,False,False,-9.0,9.0,RECONSTRUCTED_STARTER_IDENTITY_NOT_AS_ISSUED_T60,MARKET_TOTAL_RESIDUAL_SHAPE_AT_PRIOR_256_GAME_LEAGUE_MEAN,00-0019596,00-0033357,0.9921707369007216,-30.379713687150844,8.583481316219986,10.831153445773653,9.83835669318205,11.661115010579428,11.5,14.012315962049698,10.5,,45.5,29.761002434624565,46.96484375,30.759700351291237
2021_15_LV_CLE,2021,15,False,False,-2.0,30.0,RECONSTRUCTED_STARTER_IDENTITY_NOT_AS_ISSUED_T60,MARKET_TOTAL_RESIDUAL_SHAPE_AT_PRIOR_256_GAME_LEAGUE_MEAN,00-0033319,00-0031280,-2.3242162301638336,0.0,6.251583031961181,4.350684695773651,6.158614382754628,4.3395004272460955,-3.0,2.9354930453830317,,,41.0,6.458919101291237,46.96484375,10.7310545179579
2021_15_MIN_CHI,2021,15,False,False,-8.0,26.0,RECONSTRUCTED_STARTER_IDENTITY_NOT_AS_ISSUED_T60,MARKET_TOTAL_RESIDUAL_SHAPE_AT_PRIOR_256_GAME_LEAGUE_MEAN,00-0036945,00-0029604,-26.848577164600705,-0.13621228937543695,-1.3788876777929273,3.9418305291069853,-2.447382272801938,3.5803858439127607,-7.0,2.8599722120496986,-6.5,,48.0,15.115169101291233,46.96484375,14.206314934624569
2021_15_SEA_LA,2021,15,False,False,10.0,30.0,RECONSTRUCTED_STARTER_IDENTITY_NOT_AS_ISSUED_T60,MARKET_TOTAL_RESIDUAL_SHAPE_AT_PRIOR_256_GAME_LEAGUE_MEAN,00-0026498,00-0029263,6.198993689676002,33.92883313304218,5.613277307654525,3.763445112440319,4.504083729919878,4.1493962605794295,7.5,3.0774201287163647,,,47.0,10.7310545179579,46.96484375,10.7310545179579
2021_15_WAS_PHI,2021,15,False,False,10.0,44.0,RECONSTRUCTED_STARTER_IDENTITY_NOT_AS_ISSUED_T60,MARKET_TOTAL_RESIDUAL_SHAPE_AT_PRIOR_256_GAME_LEAGUE_MEAN,00-0036389,00-0031395,-8.105528610910962,-12.347921351553959,4.193424456544044,4.569434695773652,4.363120166169764,4.596010843912762,10.0,2.8716909620496986,5.0,,39.5,3.667252434624568,46.96484375,3.349544101291235
2021_16_SF_TEN,2021,16,False,False,3.0,37.0,RECONSTRUCTED_STARTER_IDENTITY_NOT_AS_ISSUED_T60,MARKET_TOTAL_RESIDUAL_SHAPE_AT_PRIOR_256_GAME_LEAGUE_MEAN,00-0029701,00-0031345,-1.1604328393319374,4.285651620827302,2.5100185723572483,2.8975596957736514,2.2921751939508788,3.0061670939127607,-3.5,4.741482628716364,-3.5,,45.5,5.365169101291236,46.15234375,5.365169101291236
2021_16_CLE_GB,2021,16,False,False,2.0,46.0,RECONSTRUCTED_STARTER_IDENTITY_NOT_AS_ISSUED_T60,MARKET_TOTAL_RESIDUAL_SHAPE_AT_PRIOR_256_GAME_LEAGUE_MEAN,00-0023459,00-0034855,5.99640610961365,-1.1954777190332333,9.298380853229764,3.9418305291069853,9.58605620637564,4.3395004272460955,7.5,3.8091909620496986,6.5,,46.5,3.171158684624567,46.15234375,3.1776691012912357
2021_16_IND_ARI,2021,16,False,False,-6.0,38.0,RECONSTRUCTED_STARTER_IDENTITY_NOT_AS_ISSUED_T60,MARKET_TOTAL_RESIDUAL_SHAPE_AT_PRIOR_256_GAME_LEAGUE_MEAN,00-0035228,00-0032950,13.626723432384802,0.0,-0.6463561143932475,3.314226362440319,-0.10128717709785541,3.5803858439127634,3.0,5.068305545383033,-2.0,,48.0,5.888606601291234,46.15234375,4.888606601291236
2021_16_BAL_CIN,2021,16,False,False,20.0,62.0,RECONSTRUCTED_STARTER_IDENTITY_NOT_AS_ISSUED_T60,MARKET_TOTAL_RESIDUAL_SHAPE_AT_PRIOR_256_GAME_LEAGUE_MEAN,00-0036442,00-0026300,-3.212653073581273,-2.7636054421768863,0.2356560086349873,14.617611779106987,0.21769410337881184,14.627260843912765,7.5,7.681586795383033,7.5,,43.0,12.345637851291233,46.15234375,9.9654295179579
2021_16_BUF_NE,2021,16,False,False,-12.0,54.0,RECONSTRUCTED_STARTER_IDENTITY_NOT_AS_ISSUED_T60,MARKET_TOTAL_RESIDUAL_SHAPE_AT_PRIOR_256_GAME_LEAGUE_MEAN,00-0036972,00-0034857,-14.707939417325889,4.069454414931806,2.545192395857512,8.50563261244032,1.7940966425672038,7.750958760579429,1.0,7.501899295383033,-2.0,,43.5,6.066992017957902,46.15234375,5.087825351291236
2021_16_DET_ATL,2021,16,False,False,4.0,36.0,RECONSTRUCTED_STARTER_IDENTITY_NOT_AS_ISSUED_T60,MARKET_TOTAL_RESIDUAL_SHAPE_AT_PRIOR_256_GAME_LEAGUE_MEAN,00-0026143,00-0034177,12.84396070440501,-125.93344155844154,6.005561729068577,2.8663096957736514,11.55665781958244,4.3395004272460955,7.5,3.2610138787163647,7.5,,42.5,4.473242017957902,46.15234375,5.888606601291236
2021_16_JAX_NYJ,2021,16,False,False,5.0,47.0,RECONSTRUCTED_STARTER_IDENTITY_NOT_AS_ISSUED_T60,MARKET_TOTAL_RESIDUAL_SHAPE_AT_PRIOR_256_GAME_LEAGUE_MEAN,00-0037013,00-0036971,-36.608010991333764,-1.5675599093264214,4.9367300074107785,2.8975596957736514,3.535111964130485,3.0061670939127616,2.5,3.0774201287163647,3.0,,42.5,3.667252434624568,46.15234375,3.2037107679579018
2021_16_LAC_HOU,2021,16,False,False,12.0,70.0,RECONSTRUCTED_STARTER_IDENTITY_NOT_AS_ISSUED_T60,MARKET_TOTAL_RESIDUAL_SHAPE_AT_PRIOR_256_GAME_LEAGUE_MEAN,00-0036898,00-0036355,6.144569399230537,0.4409579224442961,-5.018201056862699,12.010840945773651,-4.79005659779125,12.042625427246096,-13.5,19.527940962049698,-11.5,,46.0,16.71803368462457,46.15234375,16.71803368462457
2021_16_LA_MIN,2021,16,False,False,-7.0,53.0,RECONSTRUCTED_STARTER_IDENTITY_NOT_AS_ISSUED_T60,MARKET_TOTAL_RESIDUAL_SHAPE_AT_PRIOR_256_GAME_LEAGUE_MEAN,00-0029604,00-0026498,-0.15293402483880225,6.313516770435834,-0.4310580681655665,3.941830529106986,-0.689716099976552,3.5803858439127616,-3.5,3.0748159620496978,,,48.5,3.667252434624568,46.15234375,4.659439934624568
2021_16_NYG_PHI,2021,16,False,False,24.0,44.0,RECONSTRUCTED_STARTER_IDENTITY_NOT_AS_ISSUED_T60,MARKET_TOTAL_RESIDUAL_SHAPE_AT_PRIOR_256_GAME_LEAGUE_MEAN,00-0036389,00-0030520,-1.080014005771357,5.274031155015191,7.690535434493877,11.182715945773653,7.436373628062415,12.042625427246096,11.0,8.380805545383033,12.0,,41.0,3.4458982679579027,46.15234375,3.221939934624568
2021_16_TB_CAR,2021,16,False,False,-26.0,38.0,RECONSTRUCTED_STARTER_IDENTITY_NOT_AS_ISSUED_T60,MARKET_TOTAL_RESIDUAL_SHAPE_AT_PRIOR_256_GAME_LEAGUE_MEAN,00-0034869,00-0019596,40.207549300015046,0.7356461532795677,-7.436383176919225,11.659278445773653,-5.857507051049806,12.523094177246094,-11.5,8.229763878716364,-12.0,,44.5,4.473242017957902,46.15234375,4.888606601291236
2021_16_CHI_SEA,2021,16,False,False,-1.0,49.0,RECONSTRUCTED_STARTER_IDENTITY_NOT_AS_ISSUED_T60,MARKET_TOTAL_RESIDUAL_SHAPE_AT_PRIOR_256_GAME_LEAGUE_MEAN,00-0029263,00-0029567,20.834611986794993,-11.244940351568577,7.044066041421465,4.350684695773652,8.327248134956008,4.7978337605794295,7.0,4.593045128716365,5.5,,41.0,5.087825351291237,46.15234375,3.4458982679579018
2021_16_DEN_LV,2021,16,False,False,4.0,30.0,RECONSTRUCTED_STARTER_IDENTITY_NOT_AS_ISSUED_T60,MARKET_TOTAL_RESIDUAL_SHAPE_AT_PRIOR_256_GAME_LEAGUE_MEAN,00-0031280,00-0035704,0.0,-14.572907757538257,2.285015531219824,3.18141386244032,2.8679318415213544,3.0061670939127616,-1.0,3.8938263787163647,,,42.0,7.0748045179579,46.15234375,9.927669101291233
2021_16_PIT_KC,2021,16,False,False,26.0,46.0,RECONSTRUCTED_STARTER_IDENTITY_NOT_AS_ISSUED_T60,MARKET_TOTAL_RESIDUAL_SHAPE_AT_PRIOR_256_GAME_LEAGUE_MEAN,00-0033873,00-0022924,0.4099285939304975,2.306770833333327,10.204713108022688,11.182715945773653,10.128839418446574,11.222312927246096,10.5,9.875597212049698,10.0,,44.0,3.2948566012912357,46.15234375,3.1776691012912357
2021_16_WAS_DAL,2021,16,False,False,42.0,70.0,RECONSTRUCTED_STARTER_IDENTITY_NOT_AS_ISSUED_T60,MARKET_TOTAL_RESIDUAL_SHAPE_AT_PRIOR_256_GAME_LEAGUE_MEAN,00-0033077,00-0031800,4.029439796674783,11.999666949255182,8.095720491044295,27.907976362440323,7.776911404941078,27.91111501057943,10.5,24.335232628716366,10.5,,45.5,16.71803368462457,46.15234375,16.71803368462457
2021_16_MIA_NO,2021,16,False,False,-17.0,23.0,RECONSTRUCTED_STARTER_IDENTITY_NOT_AS_ISSUED_T60,MARKET_TOTAL_RESIDUAL_SHAPE_AT_PRIOR_256_GAME_LEAGUE_MEAN,00-0036929,00-0036212,-3.898291737680193,6.67526288433089,4.780346374912524,14.269955529106985,4.357404190032081,13.398094177246096,-3.0,8.229763878716364,-2.5,,37.5,9.158137003580729,46.15234375,16.03834618462457
2021_17_ATL_BUF,2021,17,False,False,14.0,44.0,RECONSTRUCTED_STARTER_IDENTITY_NOT_AS_ISSUED_T60,MARKET_TOTAL_RESIDUAL_SHAPE_AT_PRIOR_256_GAME_LEAGUE_MEAN,00-0034857,00-0026143,3.7469589186752694,13.018869668071265,11.505130440124084,3.181413862440319,11.134254010148245,3.4475733439127616,14.0,2.8716909620496986,,,46.5,3.349544101291235,46.078125,3.221939934624568
2021_17_JAX_NE,2021,17,False,False,40.0,60.0,RECONSTRUCTED_STARTER_IDENTITY_NOT_AS_ISSUED_T60,MARKET_TOTAL_RESIDUAL_SHAPE_AT_PRIOR_256_GAME_LEAGUE_MEAN,00-0036972,00-0036971,-15.003448932020369,-1.5478405512199256,17.262820852108597,17.33505969577365,16.72459651687658,17.335594177246094,17.5,15.815701378716366,,,42.0,11.5318357679579,46.078125,8.5083982679579
2021_17_KC_CIN,2021,17,False,False,3.0,65.0,RECONSTRUCTED_STARTER_IDENTITY_NOT_AS_ISSUED_T60,MARKET_TOTAL_RESIDUAL_SHAPE_AT_PRIOR_256_GAME_LEAGUE_MEAN,00-0036442,00-0033873,-2.86056403344781,1.0346358270031386,-3.8414153162536606,5.060320112440319,-3.9972233106716986,5.089500427246095,-3.5,4.741482628716364,,,51.0,8.5083982679579,46.078125,12.345637851291233
2021_17_LA_BAL,2021,17,False,False,-1.0,39.0,RECONSTRUCTED_STARTER_IDENTITY_NOT_AS_ISSUED_T60,MARKET_TOTAL_RESIDUAL_SHAPE_AT_PRIOR_256_GAME_LEAGUE_MEAN,00-0035993,00-0026498,7.835914085914086,6.042981735958763,-1.2261325092193511,2.8975596957736514,-1.1544152152211382,2.8785629272460955,-7.0,4.292263878716365,,,47.0,4.888606601291235,46.078125,4.473242017957902
2021_17_LV_IND,2021,17,False,False,-3.0,43.0,RECONSTRUCTED_STARTER_IDENTITY_NOT_AS_ISSUED_T60,MARKET_TOTAL_RESIDUAL_SHAPE_AT_PRIOR_256_GAME_LEAGUE_MEAN,00-0032950,00-0031280,0.0,0.0,9.830964155674156,7.115007612440319,9.830964155674156,7.0712712605794295,8.5,6.813097212049699,,,46.5,3.538346184624567,46.078125,3.3495441012912357
2021_17_MIA_TEN,2021,17,False,False,31.0,37.0,RECONSTRUCTED_STARTER_IDENTITY_NOT_AS_ISSUED_T60,MARKET_TOTAL_RESIDUAL_SHAPE_AT_PRIOR_256_GAME_LEAGUE_MEAN,00-0029701,00-0036212,-0.7876179751179713,8.264082404458595,2.787209890971517,22.06162219577365,2.4251418757884546,23.028302510579426,3.0,21.43549304538303,,,41.0,3.5383461846245687,46.078125,5.365169101291236
2021_17_NYG_CHI,2021,17,False,False,26.0,32.0,RECONSTRUCTED_STARTER_IDENTITY_NOT_AS_ISSUED_T60,MARKET_TOTAL_RESIDUAL_SHAPE_AT_PRIOR_256_GAME_LEAGUE_MEAN,00-0027973,00-0030520,16.725984964808415,16.516316256164853,3.8080366678274276,16.417090945773655,3.81642341617317,16.416323343912765,7.0,13.160753462049698,,,36.5,3.7922511630588103,46.078125,8.4185545179579
2021_17_PHI_WAS,2021,17,False,False,-4.0,36.0,RECONSTRUCTED_STARTER_IDENTITY_NOT_AS_ISSUED_T60,MARKET_TOTAL_RESIDUAL_SHAPE_AT_PRIOR_256_GAME_LEAGUE_MEAN,00-0031800,00-0036389,-7.325557601800692,-18.907038548265874,-1.5316906955018386,2.8663096957736505,-1.0684314576432312,2.9241358439127616,-6.5,3.2831492953830326,,,44.5,5.365169101291236,46.078125,5.888606601291236
2021_17_TB_NYJ,2021,17,False,False,-4.0,52.0,RECONSTRUCTED_STARTER_IDENTITY_NOT_AS_ISSUED_T60,MARKET_TOTAL_RESIDUAL_SHAPE_AT_PRIOR_256_GAME_LEAGUE_MEAN,00-0037013,00-0019596,-40.70398499477278,2.1744502100321306,-11.736895439944146,5.598080529106986,-13.452032848136344,6.2197087605794295,-14.5,7.005805545383031,,,48.0,3.667252434624566,46.078125,4.277929517957902
2021_17_DEN_LAC,2021,17,False,False,21.0,47.0,RECONSTRUCTED_STARTER_IDENTITY_NOT_AS_ISSUED_T60,MARKET_TOTAL_RESIDUAL_SHAPE_AT_PRIOR_256_GAME_LEAGUE_MEAN,00-0036355,00-0035704,0.4281194384021969,3.777839990046039,4.692517214444961,11.182715945773653,4.558528392379207,11.222312927246096,8.0,8.380805545383033,,,45.5,3.2037107679579018,46.078125,3.2037107679579018
2021_17_HOU_SF,2021,17,False,False,16.0,30.0,RECONSTRUCTED_STARTER_IDENTITY_NOT_AS_ISSUED_T60,MARKET_TOTAL_RESIDUAL_SHAPE_AT_PRIOR_256_GAME_LEAGUE_MEAN,00-0037012,00-0036898,-11.25094268476623,22.29878364389235,9.249396626436447,5.060320112440319,7.907407573290102,5.6324691772460955,14.0,3.0774201287163647,,,44.0,8.4185545179579,46.078125,9.927669101291233
2021_17_ARI_DAL,2021,17,False,False,-3.0,47.0,RECONSTRUCTED_STARTER_IDENTITY_NOT_AS_ISSUED_T60,MARKET_TOTAL_RESIDUAL_SHAPE_AT_PRIOR_256_GAME_LEAGUE_MEAN,00-0033077,00-0035228,-1.5461124126907588,8.304498924861448,5.57979191954214,4.823340945773651,5.185767466040051,4.3395004272460955,6.5,5.590440962049699,,,53.0,4.10475243462457,46.078125,3.2037107679579018
2021_17_CAR_NO,2021,17,False,False,8.0,28.0,RECONSTRUCTED_STARTER_IDENTITY_NOT_AS_ISSUED_T60,MARKET_TOTAL_RESIDUAL_SHAPE_AT_PRIOR_256_GAME_LEAGUE_MEAN,00-0033357,00-0034869,-14.127450980392142,35.04573883563245,8.809238891774166,2.849382612440319,6.842311299133183,3.0061670939127616,7.0,2.9354930453830326,,,37.0,5.365167829725478,46.078125,11.573502434624569
2021_17_DET_SEA,2021,17,False,False,22.0,80.0,RECONSTRUCTED_STARTER_IDENTITY_NOT_AS_ISSUED_T60,MARKET_TOTAL_RESIDUAL_SHAPE_AT_PRIOR_256_GAME_LEAGUE_MEAN,00-0029263,00-0034177,9.095456119425949,-61.007601038190586,9.37600014251405,8.859799279106985,12.180122428818711,6.8408025105794295,8.5,8.380805545383033,,,41.5,30.1685545179579,46.078125,26.241471184624565
2021_17_MIN_GB,2021,17,False,False,27.0,47.0,RECONSTRUCTED_STARTER_IDENTITY_NOT_AS_ISSUED_T60,MARKET_TOTAL_RESIDUAL_SHAPE_AT_PRIOR_256_GAME_LEAGUE_MEAN,00-0023459,00-0032245,8.519082269082269,-106.98450051311087,9.19347812869476,12.862403445773653,13.813621439982485,8.89939626057943,13.0,9.112576378716366,,,42.0,3.9458982679579,46.078125,3.2037107679579018
2021_17_CLE_PIT,2021,17,False,False,12.0,40.0,RECONSTRUCTED_STARTER_IDENTITY_NOT_AS_ISSUED_T60,MARKET_TOTAL_RESIDUAL_SHAPE_AT_PRIOR_256_GAME_LEAGUE_MEAN,00-0022924,00-0034855,14.771477432767766,8.217381438620365,1.8202146161935162,6.797299279106986,2.0823784559594123,6.840802510579429,-1.0,8.380805545383033,,,43.5,3.538346184624568,46.078125,4.104752434624568
2021_18_KC_DEN,2021,18,False,True,-4.0,52.0,RECONSTRUCTED_STARTER_IDENTITY_NOT_AS_ISSUED_T60,MARKET_TOTAL_RESIDUAL_SHAPE_AT_PRIOR_256_GAME_LEAGUE_MEAN,00-0035704,00-0033873,-4.221228695277213,1.2365925006648348,-7.51657142432643,3.763445112440319,-7.734884272164112,3.7704900105794295,-11.5,5.244086795383032,-10.0,,44.5,4.659439934624568,45.64453125,4.277929517957902
2021_18_DAL_PHI,2021,18,False,True,-25.0,77.0,RECONSTRUCTED_STARTER_IDENTITY_NOT_AS_ISSUED_T60,MARKET_TOTAL_RESIDUAL_SHAPE_AT_PRIOR_256_GAME_LEAGUE_MEAN,00-0035289,00-0033077,-11.474340917863813,-0.6753607103218595,1.3068311861127404,17.937924279106984,0.8748719778110623,17.951479593912765,-6.5,11.397732628716366,-4.0,,46.0,23.3287107679579,45.64453125,23.3287107679579
2021_18_CHI_MIN,2021,18,False,True,14.0,48.0,RECONSTRUCTED_STARTER_IDENTITY_NOT_AS_ISSUED_T60,MARKET_TOTAL_RESIDUAL_SHAPE_AT_PRIOR_256_GAME_LEAGUE_MEAN,00-0029604,00-0027973,12.57020757020757,9.229208924949294,5.460637920854825,6.182715945773651,5.594277866665156,5.6324691772460955,3.5,6.371690962049699,3.5,,45.5,3.2948566012912357,45.64453125,3.2948566012912357
2021_18_CIN_CLE,2021,18,False,True,5.0,37.0,RECONSTRUCTED_STARTER_IDENTITY_NOT_AS_ISSUED_T60,MARKET_TOTAL_RESIDUAL_SHAPE_AT_PRIOR_256_GAME_LEAGUE_MEAN,00-0028986,00-0032434,17.08468335787923,-77.86142019875986,-0.2783298032951279,4.13844511244032,3.5195143389704358,3.0061670939127616,6.5,2.9328888787163647,2.0,,38.0,3.1711578369140625,45.64453125,5.365169101291236
2021_18_GB_DET,2021,18,False,True,7.0,67.0,RECONSTRUCTED_STARTER_IDENTITY_NOT_AS_ISSUED_T60,MARKET_TOTAL_RESIDUAL_SHAPE_AT_PRIOR_256_GAME_LEAGUE_MEAN,00-0033106,00-0023459,6.678790472115259,9.548436827764206,-12.478576523197743,13.733497195773655,-12.5933623774237,14.627260843912763,-4.0,7.005805545383032,-10.0,,45.0,14.919856601291233,45.64453125,14.0435545179579
2021_18_IND_JAX,2021,18,False,True,15.0,37.0,RECONSTRUCTED_STARTER_IDENTITY_NOT_AS_ISSUED_T60,MARKET_TOTAL_RESIDUAL_SHAPE_AT_PRIOR_256_GAME_LEAGUE_MEAN,00-0036971,00-0032950,-1.6804597701149393,0.0,-13.465021764201019,22.06162219577365,-13.532240155005617,23.02830251057943,-14.0,22.39643054538303,-15.0,,43.0,4.104752434624568,45.64453125,5.365169101291236
2021_18_PIT_BAL,2021,18,False,True,-3.0,29.0,RECONSTRUCTED_STARTER_IDENTITY_NOT_AS_ISSUED_T60,MARKET_TOTAL_RESIDUAL_SHAPE_AT_PRIOR_256_GAME_LEAGUE_MEAN,00-0035993,00-0022924,-1.673412300570587,5.544736187157806,3.5004443827872365,3.941830529106986,3.2117184432781003,3.5803858439127616,3.0,3.8091909620496986,3.0,,41.0,7.074804517957903,45.64453125,10.7310545179579
2021_18_TEN_HOU,2021,18,False,True,-3.0,53.0,RECONSTRUCTED_STARTER_IDENTITY_NOT_AS_ISSUED_T60,MARKET_TOTAL_RESIDUAL_SHAPE_AT_PRIOR_256_GAME_LEAGUE_MEAN,00-0036898,00-0029701,15.531426640958458,-0.7925126783034919,-6.35144727020237,3.43922636244032,-5.698489697431893,3.4475733439127607,-10.5,5.244086795383032,-10.5,,43.0,6.066992017957902,45.64453125,4.659439934624568
2021_18_WAS_NYG,2021,18,False,True,-15.0,29.0,RECONSTRUCTED_STARTER_IDENTITY_NOT_AS_ISSUED_T60,MARKET_TOTAL_RESIDUAL_SHAPE_AT_PRIOR_256_GAME_LEAGUE_MEAN,00-0036197,00-0031800,-42.06063034188035,-5.583374464629731,0.101793506526692,8.50563261244032,-1.3572967285633326,7.7509587605794295,-6.0,5.068305545383033,-6.5,,36.0,4.473240322536893,45.64453125,10.7310545179579
2021_18_CAR_TB,2021,18,False,True,24.0,58.0,RECONSTRUCTED_STARTER_IDENTITY_NOT_AS_ISSUED_T60,MARKET_TOTAL_RESIDUAL_SHAPE_AT_PRIOR_256_GAME_LEAGUE_MEAN,00-0019596,00-0034869,2.2030202697246315,24.50895710937262,14.40615364664859,6.797299279106985,13.513916173062672,6.84080251057943,11.0,8.380805545383033,13.0,,43.0,9.220637851291233,45.64453125,7.202408684624568
2021_18_NE_MIA,2021,18,False,True,9.0,57.0,RECONSTRUCTED_STARTER_IDENTITY_NOT_AS_ISSUED_T60,MARKET_TOTAL_RESIDUAL_SHAPE_AT_PRIOR_256_GAME_LEAGUE_MEAN,00-0036212,00-0036972,14.116471918582718,-17.368097129748783,0.24159085220343512,6.182715945773652,1.5009736141366952,5.089500427246095,-6.0,9.875597212049698,-6.5,,41.0,9.965429517957903,45.64453125,6.617773267957902
2021_18_NO_ATL,2021,18,False,True,-10.0,50.0,RECONSTRUCTED_STARTER_IDENTITY_NOT_AS_ISSUED_T60,MARKET_TOTAL_RESIDUAL_SHAPE_AT_PRIOR_256_GAME_LEAGUE_MEAN,00-0026143,00-0032156,13.356572607707019,-4.787386526516979,-2.2490553584139343,4.3506846957736505,-1.523296993044974,4.339500427246095,-4.5,3.511013878716364,-4.0,,40.0,6.066992017957902,45.64453125,3.667252434624568
2021_18_NYJ_BUF,2021,18,False,True,17.0,37.0,RECONSTRUCTED_STARTER_IDENTITY_NOT_AS_ISSUED_T60,MARKET_TOTAL_RESIDUAL_SHAPE_AT_PRIOR_256_GAME_LEAGUE_MEAN,00-0034857,00-0037013,4.230609436264965,-29.27155769138965,17.066563051891237,2.8975596957736514,18.40664973699742,2.8277816772460955,16.0,2.9354930453830326,15.0,,43.0,4.104752434624568,45.64453125,5.365169101291236
2021_18_SEA_ARI,2021,18,False,True,-8.0,68.0,RECONSTRUCTED_STARTER_IDENTITY_NOT_AS_ISSUED_T60,MARKET_TOTAL_RESIDUAL_SHAPE_AT_PRIOR_256_GAME_LEAGUE_MEAN,00-0035228,00-0029263,9.005145484179833,-1.1441909539735562,4.1451263442497295,6.47438261244032,4.551099801775865,7.0712712605794295,5.5,8.229763878716366,3.5,,48.0,13.181575351291233,45.64453125,14.919856601291233
2021_18_SF_LA,2021,18,False,True,-3.0,51.0,RECONSTRUCTED_STARTER_IDENTITY_NOT_AS_ISSUED_T60,MARKET_TOTAL_RESIDUAL_SHAPE_AT_PRIOR_256_GAME_LEAGUE_MEAN,00-0026498,00-0031345,2.1966239080821737,-13.622914419179487,5.789683485422638,4.823340945773651,6.422465018513106,4.7978337605794295,3.0,3.8091909620496986,,,46.5,3.667252434624567,45.64453125,3.9458982679579018
2021_18_LAC_LV,2021,18,False,True,3.0,67.0,RECONSTRUCTED_STARTER_IDENTITY_NOT_AS_ISSUED_T60,MARKET_TOTAL_RESIDUAL_SHAPE_AT_PRIOR_256_GAME_LEAGUE_MEAN,00-0031280,00-0036355,0.407121218466866,0.47180947090681435,1.4555313617869252,3.1814138624403183,1.4529438316893275,3.1936670939127616,-3.5,4.741482628716364,,,48.0,12.345637851291233,45.64453125,14.0435545179579
2022_01_BUF_LA,2022,1,True,False,-21.0,41.0,RECONSTRUCTED_STARTER_IDENTITY_NOT_AS_ISSUED_T60,MARKET_TOTAL_RESIDUAL_SHAPE_AT_PRIOR_256_GAME_LEAGUE_MEAN,00-0026498,00-0034857,-1.7701566389411783,3.8743455497382007,2.7239124469467244,16.008997315275277,2.4981323593995493,15.099602185958176,-1.0,13.102816758360092,,,51.5,6.357356561790269,45.8359375,3.765542402498234
2022_01_BAL_NYJ,2022,1,True,False,-15.0,33.0,RECONSTRUCTED_STARTER_IDENTITY_NOT_AS_ISSUED_T60,MARKET_TOTAL_RESIDUAL_SHAPE_AT_PRIOR_256_GAME_LEAGUE_MEAN,00-0026158,00-0034796,12.613623766766446,36.41017842660179,-3.1582061742256338,6.442625633859349,-4.110068360619048,5.827478292152868,-6.5,4.619409678714074,-3.5,6.560626594387754,44.0,6.357356561790269,45.8359375,7.61952470338319
2022_01_CLE_CAR,2022,1,True,False,-2.0,50.0,RECONSTRUCTED_STARTER_IDENTITY_NOT_AS_ISSUED_T60,MARKET_TOTAL_RESIDUAL_SHAPE_AT_PRIOR_256_GAME_LEAGUE_MEAN,00-0034855,00-0033119,43.09180402930403,-6.140029325513208,-1.020468598125035,2.9138645719124456,0.9488047360676545,2.987876522241363,2.5,3.539763661014958,-0.5,3.0784837372448974,42.5,4.7124450573654935,45.8359375,3.7224008095778807
2022_01_IND_HOU,2022,1,True,False,0.0,40.0,RECONSTRUCTED_STARTER_IDENTITY_NOT_AS_ISSUED_T60,MARKET_TOTAL_RESIDUAL_SHAPE_AT_PRIOR_256_GAME_LEAGUE_MEAN,00-0036898,00-0026143,29.159172304019098,1.0855150796680757,-2.729246260398704,3.494616784301826,-1.6062999714246635,3.2533632479050834,-7.0,4.74551587340434,-3.5,3.6320551658163254,46.0,4.062002579489384,45.8359375,4.062002579489384
2022_01_JAX_WAS,2022,1,True,False,6.0,50.0,RECONSTRUCTED_STARTER_IDENTITY_NOT_AS_ISSUED_T60,MARKET_TOTAL_RESIDUAL_SHAPE_AT_PRIOR_256_GAME_LEAGUE_MEAN,00-0032950,00-0036971,20.31185979811525,-1.7290428121134571,7.12632362754457,2.913864571912444,8.007959731953719,2.9126552833033124,3.0,3.3196309176521277,3.0,3.417769451530612,43.5,4.33302027860443,45.8359375,3.7224008095778807
2022_01_NE_MIA,2022,1,True,False,13.0,27.0,RECONSTRUCTED_STARTER_IDENTITY_NOT_AS_ISSUED_T60,MARKET_TOTAL_RESIDUAL_SHAPE_AT_PRIOR_256_GAME_LEAGUE_MEAN,00-0036212,00-0036972,13.198893666196486,-10.430318543799789,2.721577356657144,6.804351297576161,3.666745845056995,6.223495991267912,3.0,6.345073395528233,2.0,6.730269451530613,47.0,13.208020278604426,45.8359375,12.329701694533632
2022_01_NO_ATL,2022,1,True,False,-1.0,53.0,RECONSTRUCTED_STARTER_IDENTITY_NOT_AS_ISSUED_T60,MARKET_TOTAL_RESIDUAL_SHAPE_AT_PRIOR_256_GAME_LEAGUE_MEAN,00-0032268,00-0031503,4.748194417333584,52.335098700048135,-1.6796478846332956,3.0654132444788154,-3.583124055941878,3.5000446638342844,-6.0,3.9125512716344257,-3.0,3.230269451530612,43.5,5.606250367100005,45.8359375,4.712445057365491
2022_01_PHI_DET,2022,1,True,False,-3.0,73.0,RECONSTRUCTED_STARTER_IDENTITY_NOT_AS_ISSUED_T60,MARKET_TOTAL_RESIDUAL_SHAPE_AT_PRIOR_256_GAME_LEAGUE_MEAN,00-0033106,00-0036389,-5.336775073157751,1.3926068696386684,-1.2368754798951613,2.926032713505365,-1.5060507576070181,2.9060181151617197,-6.0,3.319630917652125,-2.0,3.0784837372448965,49.0,16.820852137011506,45.8359375,19.6095689511708
2022_01_PIT_CIN,2022,1,True,False,-3.0,43.0,RECONSTRUCTED_STARTER_IDENTITY_NOT_AS_ISSUED_T60,MARKET_TOTAL_RESIDUAL_SHAPE_AT_PRIOR_256_GAME_LEAGUE_MEAN,00-0036442,00-0033869,4.081622766790249,46.60310812300232,4.459827130220965,3.947050412620407,2.758967715972482,3.6007083806484435,7.5,6.1913123335813305,3.5,4.364198022959184,44.5,3.2378875352415974,45.8359375,3.350719393648676
2022_01_SF_CHI,2022,1,True,False,9.0,29.0,RECONSTRUCTED_STARTER_IDENTITY_NOT_AS_ISSUED_T60,MARKET_TOTAL_RESIDUAL_SHAPE_AT_PRIOR_256_GAME_LEAGUE_MEAN,00-0036945,00-0037012,-15.815482007800874,23.757675438596504,-2.704393904033177,8.137315899346074,-4.287320201889073,8.881681831975877,-6.5,10.585117643315845,-3.0,7.355269451530612,38.0,5.28213471101887,45.8359375,10.628374260905314
2022_01_GB_MIN,2022,1,True,False,16.0,30.0,RECONSTRUCTED_STARTER_IDENTITY_NOT_AS_ISSUED_T60,MARKET_TOTAL_RESIDUAL_SHAPE_AT_PRIOR_256_GAME_LEAGUE_MEAN,00-0029604,00-0023459,1.8071426163750903,9.983810737519105,-0.4280694147915801,11.139528288726602,-0.7551361396373407,11.99340749569269,2.5,8.327374280483987,1.0,9.364198022959183,47.0,10.62837426090531,45.8359375,9.821958331701772
2022_01_KC_ARI,2022,1,True,False,-23.0,65.0,RECONSTRUCTED_STARTER_IDENTITY_NOT_AS_ISSUED_T60,MARKET_TOTAL_RESIDUAL_SHAPE_AT_PRIOR_256_GAME_LEAGUE_MEAN,00-0035228,00-0033873,1.0099783881380775,-0.9159754061431657,-2.420813490055416,13.31430704978855,-2.343775338284166,13.318628734630746,-6.0,10.56078136013,-1.5,14.265983737244897,54.0,6.677046827277001,45.8359375,12.424834437896465
2022_01_LV_LAC,2022,1,True,False,5.0,43.0,RECONSTRUCTED_STARTER_IDENTITY_NOT_AS_ISSUED_T60,MARKET_TOTAL_RESIDUAL_SHAPE_AT_PRIOR_256_GAME_LEAGUE_MEAN,00-0036355,00-0031280,0.43925883311759506,0.47605243662833807,3.0936245035864887,3.240192005540762,3.092152759446059,3.2533632479050816,3.5,2.9844539265016854,,,52.5,5.79319726975487,45.8359375,3.350719393648676
2022_01_NYG_TEN,2022,1,True,False,-1.0,41.0,RECONSTRUCTED_STARTER_IDENTITY_NOT_AS_ISSUED_T60,MARKET_TOTAL_RESIDUAL_SHAPE_AT_PRIOR_256_GAME_LEAGUE_MEAN,00-0029701,00-0035710,0.39308176100629755,70.50938728593323,9.405863061818927,5.318731828549612,6.60121084082185,4.333009265604196,5.5,4.1968433070326565,5.5,4.364198022959183,43.5,3.350719393648676,45.8359375,3.765542402498234
2022_01_TB_DAL,2022,1,True,False,-16.0,22.0,RECONSTRUCTED_STARTER_IDENTITY_NOT_AS_ISSUED_T60,MARKET_TOTAL_RESIDUAL_SHAPE_AT_PRIOR_256_GAME_LEAGUE_MEAN,00-0033077,00-0019596,-6.119241955155275,2.1739766081871448,0.6351537609337357,9.980236253328371,0.3034250184000388,9.178142008967026,-2.5,7.517639767209648,1.0,10.899912308673471,49.5,20.71908222550708,45.8359375,16.87394948214425
2022_01_DEN_SEA,2022,1,True,False,1.0,33.0,RECONSTRUCTED_STARTER_IDENTITY_NOT_AS_ISSUED_T60,MARKET_TOTAL_RESIDUAL_SHAPE_AT_PRIOR_256_GAME_LEAGUE_MEAN,00-0030565,00-0029263,-17.120056608223912,-3.0628915812621837,5.800629939668234,3.345280501115984,5.238343338589765,3.1305756372856113,-6.0,4.745515873404337,-2.5,3.6320551658163254,44.0,6.357356561790269,45.8359375,7.61952470338319
2022_02_LAC_KC,2022,2,False,False,3.0,51.0,RECONSTRUCTED_STARTER_IDENTITY_NOT_AS_ISSUED_T60,MARKET_TOTAL_RESIDUAL_SHAPE_AT_PRIOR_256_GAME_LEAGUE_MEAN,00-0033873,00-0036355,-0.8735914648764886,0.4392800391150198,7.981851400482465,3.345280501115984,7.929336540322804,3.3341154602944627,4.0,2.909232687563631,4.0,3.0784837372448974,52.5,3.2378875352415957,45.46484375,4.33302027860443
2022_02_CAR_NYG,2022,2,False,False,3.0,35.0,RECONSTRUCTED_STARTER_IDENTITY_NOT_AS_ISSUED_T60,MARKET_TOTAL_RESIDUAL_SHAPE_AT_PRIOR_256_GAME_LEAGUE_MEAN,00-0035710,00-0034855,70.69886775122322,29.7143550736365,2.4696822919224997,3.0654132444788145,4.109062799025969,2.906018115161716,-1.0,3.5806928645547806,1.5,3.1409837372448974,44.0,5.282135322852216,45.46484375,5.793197269754872
2022_02_IND_JAX,2022,2,False,False,24.0,24.0,RECONSTRUCTED_STARTER_IDENTITY_NOT_AS_ISSUED_T60,MARKET_TOTAL_RESIDUAL_SHAPE_AT_PRIOR_256_GAME_LEAGUE_MEAN,00-0036971,00-0026143,0.0,-21.3652214179062,-5.319733508367644,22.90280262500979,-4.465124651651396,21.94915970808207,-3.0,20.339542422076907,-2.5,19.382055165816325,43.5,13.20802027860443,45.46484375,14.106250367100003
2022_02_MIA_BAL,2022,2,False,False,-4.0,80.0,RECONSTRUCTED_STARTER_IDENTITY_NOT_AS_ISSUED_T60,MARKET_TOTAL_RESIDUAL_SHAPE_AT_PRIOR_256_GAME_LEAGUE_MEAN,00-0034796,00-0036212,32.86156567890315,4.969547411529973,1.3656413872342636,3.3452805011159823,2.4813221179291904,3.6007083806484417,3.0,4.196843307032657,3.5,4.828483737244897,44.0,28.316427358250444,45.46484375,27.33523266798496
2022_02_NE_PIT,2022,2,False,False,-3.0,31.0,RECONSTRUCTED_STARTER_IDENTITY_NOT_AS_ISSUED_T60,MARKET_TOTAL_RESIDUAL_SHAPE_AT_PRIOR_256_GAME_LEAGUE_MEAN,00-0033869,00-0036972,34.723864117948835,-10.03362757461117,3.1135547530824805,3.6085548373991694,4.903854420784881,4.333009265604195,-3.0,2.9225070238468156,2.0,3.6677694515306127,40.0,5.2821353228522145,45.46484375,8.31310877417965
2022_02_NYJ_CLE,2022,2,False,False,-1.0,61.0,RECONSTRUCTED_STARTER_IDENTITY_NOT_AS_ISSUED_T60,MARKET_TOTAL_RESIDUAL_SHAPE_AT_PRIOR_256_GAME_LEAGUE_MEAN,00-0033119,00-0026158,0.3479786342689639,23.44948018193631,9.314923461650242,5.318731828549612,8.390863399743548,4.782124309851984,6.5,4.6194096787140735,4.0,3.6677694515306127,38.5,15.016648291271828,45.46484375,10.029922933471685
2022_02_TB_NO,2022,2,False,False,-10.0,30.0,RECONSTRUCTED_STARTER_IDENTITY_NOT_AS_ISSUED_T60,MARKET_TOTAL_RESIDUAL_SHAPE_AT_PRIOR_256_GAME_LEAGUE_MEAN,00-0031503,00-0019596,50.862785721100764,1.1588395448863364,-1.038102256399179,4.808776076337224,0.9500555906493979,5.8274782921528665,-2.5,4.1968433070326565,-2.5,4.364198022959183,44.0,8.31310877417965,45.46484375,9.05094063258673
2022_02_WAS_DET,2022,2,False,False,9.0,63.0,RECONSTRUCTED_STARTER_IDENTITY_NOT_AS_ISSUED_T60,MARKET_TOTAL_RESIDUAL_SHAPE_AT_PRIOR_256_GAME_LEAGUE_MEAN,00-0033106,00-0032950,-3.417534678542089,22.6905959752322,-0.6142481388329543,6.804351297576162,-1.6585733649839258,7.484557938170569,-1.0,6.345073395528232,1.0,5.149912308673469,48.5,8.568639747630979,45.46484375,11.605144172409737
2022_02_ATL_LA,2022,2,False,False,4.0,58.0,RECONSTRUCTED_STARTER_IDENTITY_NOT_AS_ISSUED_T60,MARKET_TOTAL_RESIDUAL_SHAPE_AT_PRIOR_256_GAME_LEAGUE_MEAN,00-0026498,00-0032268,-1.8495768988965322,26.447767453865033,8.515527737547073,3.345280501115984,7.383633963436609,2.987876522241364,10.5,4.196843307032657,,,46.5,6.677046827276992,45.46484375,7.892754791878765
2022_02_SEA_SF,2022,2,False,False,20.0,34.0,RECONSTRUCTED_STARTER_IDENTITY_NOT_AS_ISSUED_T60,MARKET_TOTAL_RESIDUAL_SHAPE_AT_PRIOR_256_GAME_LEAGUE_MEAN,00-0031345,00-0030565,2.389300090897284,-8.823407775020687,3.3282443751181745,11.958112359523064,3.776752689754893,11.180354398347557,8.5,6.970073395528233,4.0,10.087412308673471,40.0,4.062002579489382,45.46484375,6.357356561790269
2022_02_ARI_LV,2022,2,False,False,-6.0,52.0,RECONSTRUCTED_STARTER_IDENTITY_NOT_AS_ISSUED_T60,MARKET_TOTAL_RESIDUAL_SHAPE_AT_PRIOR_256_GAME_LEAGUE_MEAN,00-0031280,00-0035228,1.4036830035464076,3.4893111327047865,2.7115303546645464,4.808776076337222,2.6281052294982112,4.782124309851984,5.5,6.836223838006108,,,51.5,3.212445057365491,45.46484375,4.712445057365491
2022_02_CIN_DAL,2022,2,False,False,3.0,37.0,RECONSTRUCTED_STARTER_IDENTITY_NOT_AS_ISSUED_T60,MARKET_TOTAL_RESIDUAL_SHAPE_AT_PRIOR_256_GAME_LEAGUE_MEAN,00-0033662,00-0036442,20.907034142328264,-2.099256351993395,2.38837980936426,3.0654132444788145,3.308631429137126,2.953584486843134,-7.5,6.970073395528233,-6.0,5.6409837372448965,42.0,3.765542402498231,45.46484375,4.8197459423212425
2022_02_HOU_DEN,2022,2,False,False,7.0,25.0,RECONSTRUCTED_STARTER_IDENTITY_NOT_AS_ISSUED_T60,MARKET_TOTAL_RESIDUAL_SHAPE_AT_PRIOR_256_GAME_LEAGUE_MEAN,00-0029263,00-0036898,-0.9099195661335102,18.681446219214727,3.8101272188473647,3.4946167843018214,3.0264725874334353,3.8164163452502144,10.5,3.2919760503954896,7.5,3.078483737244899,46.0,14.106250367100003,45.46484375,13.20802027860443
2022_02_CHI_GB,2022,2,False,False,17.0,37.0,RECONSTRUCTED_STARTER_IDENTITY_NOT_AS_ISSUED_T60,MARKET_TOTAL_RESIDUAL_SHAPE_AT_PRIOR_256_GAME_LEAGUE_MEAN,00-0023459,00-0036945,4.739171443082046,-5.44619422572179,6.079886167192326,7.4536875807620016,6.48730079394448,7.484557938170566,10.5,4.304144191988411,6.5,6.167769451530613,42.0,3.765542402498231,45.46484375,4.8197459423212425
2022_02_TEN_BUF,2022,2,False,False,34.0,48.0,RECONSTRUCTED_STARTER_IDENTITY_NOT_AS_ISSUED_T60,MARKET_TOTAL_RESIDUAL_SHAPE_AT_PRIOR_256_GAME_LEAGUE_MEAN,00-0034857,00-0029701,0.060376056580979665,0.433186277355313,6.9278952844339345,20.982448642708906,6.912982875602962,20.99340749569269,10.0,17.526489324731774,10.0,16.667769451530614,47.5,3.2124450573654917,45.46484375,3.4978432874539855
2022_02_MIN_PHI,2022,2,False,False,17.0,31.0,RECONSTRUCTED_STARTER_IDENTITY_NOT_AS_ISSUED_T60,MARKET_TOTAL_RESIDUAL_SHAPE_AT_PRIOR_256_GAME_LEAGUE_MEAN,00-0036389,00-0029604,2.930402930402942,8.467572958747493,1.4639353017070242,11.139528288726599,1.2424485005732422,11.180354398347557,2.5,9.051931802607879,1.5,9.364198022959183,49.5,12.32970169453363,45.46484375,8.31310877417965
2022_03_PIT_CLE,2022,3,False,False,12.0,46.0,RECONSTRUCTED_STARTER_IDENTITY_NOT_AS_ISSUED_T60,MARKET_TOTAL_RESIDUAL_SHAPE_AT_PRIOR_256_GAME_LEAGUE_MEAN,00-0033119,00-0033869,11.996102502306494,21.96891607110134,2.129463901699119,6.804351297576161,1.730551358947325,6.838540239055522,4.5,4.745515873404339,2.5,5.6409837372448965,38.0,5.139435595974621,45.3515625,3.2478432874539873
2022_03_BAL_NE,2022,3,False,False,-11.0,63.0,RECONSTRUCTED_STARTER_IDENTITY_NOT_AS_ISSUED_T60,MARKET_TOTAL_RESIDUAL_SHAPE_AT_PRIOR_256_GAME_LEAGUE_MEAN,00-0036972,00-0034796,-3.0982236154650122,23.476779997875987,3.480380530484763,7.749041563062886,2.4173803859511227,7.032124309851982,-2.5,4.619409678714073,-2.5,4.8284837372448965,45.5,10.806471606038055,45.3515625,11.605144172409737
2022_03_BUF_MIA,2022,3,False,False,2.0,40.0,RECONSTRUCTED_STARTER_IDENTITY_NOT_AS_ISSUED_T60,MARKET_TOTAL_RESIDUAL_SHAPE_AT_PRIOR_256_GAME_LEAGUE_MEAN,00-0036212,00-0034857,3.923716012084588,1.024474213450599,-1.043206351073286,3.494616784301825,-0.9272366791279264,3.5000446638342826,-4.0,4.30414419198841,-4.0,4.2659837372448965,54.0,8.313108774179657,45.3515625,3.765542402498234
2022_03_CIN_NYJ,2022,3,False,False,-15.0,39.0,RECONSTRUCTED_STARTER_IDENTITY_NOT_AS_ISSUED_T60,MARKET_TOTAL_RESIDUAL_SHAPE_AT_PRIOR_256_GAME_LEAGUE_MEAN,00-0026158,00-0036442,22.433272733123122,10.499755585588177,-4.184998180978555,5.859661032089435,-3.7076574950771573,5.827478292152868,-6.5,4.619409678714074,-2.5,7.2034837372448965,46.0,4.417091075064606,45.3515625,4.062002579489384
2022_03_DET_MIN,2022,3,False,False,4.0,52.0,RECONSTRUCTED_STARTER_IDENTITY_NOT_AS_ISSUED_T60,MARKET_TOTAL_RESIDUAL_SHAPE_AT_PRIOR_256_GAME_LEAGUE_MEAN,00-0029604,00-0033106,8.462066730454643,-3.10578797420904,6.583170374313977,3.005678731204479,7.045884562500524,2.987876522241364,6.5,3.111666315882215,5.0,3.0784837372448974,52.0,3.212445057365491,45.3515625,4.712445057365491
2022_03_HOU_CHI,2022,3,False,False,3.0,43.0,RECONSTRUCTED_STARTER_IDENTITY_NOT_AS_ISSUED_T60,MARKET_TOTAL_RESIDUAL_SHAPE_AT_PRIOR_256_GAME_LEAGUE_MEAN,00-0036945,00-0036898,-5.3333333333333455,11.951106335173156,4.962821031723679,2.9260327135053634,4.2714434449834195,2.906018115161716,3.0,2.9225070238468165,2.5,3.0963408801020407,40.0,3.4978432874539838,45.3515625,3.2378875352415974
2022_03_KC_IND,2022,3,False,False,3.0,37.0,RECONSTRUCTED_STARTER_IDENTITY_NOT_AS_ISSUED_T60,MARKET_TOTAL_RESIDUAL_SHAPE_AT_PRIOR_256_GAME_LEAGUE_MEAN,00-0026143,00-0033873,1.4241048097889841,-0.8469924180777522,-4.03834758639212,5.089749527664655,-3.94750369727745,5.109557938170568,-4.5,5.238878705262746,-5.5,5.6409837372448965,51.0,8.31310877417965,45.3515625,4.8197459423212425
2022_03_LV_TEN,2022,3,False,False,2.0,46.0,RECONSTRUCTED_STARTER_IDENTITY_NOT_AS_ISSUED_T60,MARKET_TOTAL_RESIDUAL_SHAPE_AT_PRIOR_256_GAME_LEAGUE_MEAN,00-0029701,00-0031280,1.5064992113092313,1.385097443444816,5.423705794430416,3.005678731204479,5.428561865144993,2.987876522241363,-1.5,3.5806928645547815,,,45.5,3.212445057365491,45.3515625,3.2478432874539873
2022_03_NO_CAR,2022,3,False,False,8.0,36.0,RECONSTRUCTED_STARTER_IDENTITY_NOT_AS_ISSUED_T60,MARKET_TOTAL_RESIDUAL_SHAPE_AT_PRIOR_256_GAME_LEAGUE_MEAN,00-0034855,00-0031503,17.106915400019695,50.26976014867297,-2.9048627842828045,7.453687580762004,-4.2313765742289355,8.16818625675464,-2.0,6.345073395528233,-3.0,6.730269451530612,41.0,3.7655424024982356,45.3515625,5.282135322852216
2022_03_PHI_WAS,2022,3,False,False,-16.0,32.0,RECONSTRUCTED_STARTER_IDENTITY_NOT_AS_ISSUED_T60,MARKET_TOTAL_RESIDUAL_SHAPE_AT_PRIOR_256_GAME_LEAGUE_MEAN,00-0032950,00-0036389,12.186126804770868,2.928348909657319,-1.0055638621449543,8.45921855421333,-0.6352527463404124,8.427035814276762,-6.0,5.612772510572478,-4.0,7.2034837372448965,47.0,9.050940632586727,45.3515625,7.61952470338319
2022_03_JAX_LAC,2022,3,False,False,-28.0,48.0,RECONSTRUCTED_STARTER_IDENTITY_NOT_AS_ISSUED_T60,MARKET_TOTAL_RESIDUAL_SHAPE_AT_PRIOR_256_GAME_LEAGUE_MEAN,00-0036355,00-0036971,0.4382158477121534,0.0,7.545164811216055,27.476917669257574,7.56269344512454,27.510000416046672,6.5,27.32848047517425,7.0,27.50705516581633,46.0,3.340763641436288,45.3515625,3.4978432874539855
2022_03_ATL_SEA,2022,3,False,False,-4.0,50.0,RECONSTRUCTED_STARTER_IDENTITY_NOT_AS_ISSUED_T60,MARKET_TOTAL_RESIDUAL_SHAPE_AT_PRIOR_256_GAME_LEAGUE_MEAN,00-0030565,00-0032268,-25.182846619310695,13.680274931447546,5.968726001693203,5.318731828549612,4.4142011396628735,4.333009265604195,1.0,3.539763661014958,1.0,3.6677694515306127,43.0,4.7124450573654935,45.3515625,4.001161871524783
2022_03_GB_TB,2022,3,False,False,-2.0,26.0,RECONSTRUCTED_STARTER_IDENTITY_NOT_AS_ISSUED_T60,MARKET_TOTAL_RESIDUAL_SHAPE_AT_PRIOR_256_GAME_LEAGUE_MEAN,00-0019596,00-0023459,1.1705779054917098,5.320114942528753,6.068000399128295,4.344174306425718,5.902018917646814,4.333009265604195,1.0,3.111666315882215,2.0,3.426698022959184,41.5,9.821958331701769,45.3515625,12.329701694533632
2022_03_LA_ARI,2022,3,False,False,-8.0,32.0,RECONSTRUCTED_STARTER_IDENTITY_NOT_AS_ISSUED_T60,MARKET_TOTAL_RESIDUAL_SHAPE_AT_PRIOR_256_GAME_LEAGUE_MEAN,00-0035228,00-0026498,-8.083676598815348,-1.868788682581779,-0.8028034531843241,3.9470504126204107,-1.0513989698336668,3.939203955869681,-3.5,3.2919760503954887,,,49.0,10.628374260905314,45.3515625,7.61952470338319
2022_03_SF_DEN,2022,3,False,False,1.0,21.0,RECONSTRUCTED_STARTER_IDENTITY_NOT_AS_ISSUED_T60,MARKET_TOTAL_RESIDUAL_SHAPE_AT_PRIOR_256_GAME_LEAGUE_MEAN,00-0029263,00-0031345,19.225589225589236,1.1666666666666714,-1.9574154661236844,3.494616784301824,-1.235058563766782,3.25336324790508,-1.0,3.12272826278487,-2.0,3.417769451530612,44.0,15.939214968869916,45.3515625,16.87394948214425
2022_03_DAL_NYG,2022,3,False,False,-7.0,39.0,RECONSTRUCTED_STARTER_IDENTITY_NOT_AS_ISSUED_T60,MARKET_TOTAL_RESIDUAL_SHAPE_AT_PRIOR_256_GAME_LEAGUE_MEAN,00-0035710,00-0033662,63.861936184288645,13.127118644067792,-2.757352331198326,3.143953067487667,-0.7279596295894922,3.6007083806484417,1.0,4.6194096787140735,2.5,5.9534837372448965,38.5,3.21244475144882,45.3515625,4.062002579489384
2022_04_MIA_CIN,2022,4,False,False,12.0,42.0,RECONSTRUCTED_STARTER_IDENTITY_NOT_AS_ISSUED_T60,MARKET_TOTAL_RESIDUAL_SHAPE_AT_PRIOR_256_GAME_LEAGUE_MEAN,00-0036442,00-0031237,4.422204087108161,-24.714912280701775,0.7742908768735469,7.453687580762,1.9397755315859444,6.838540239055522,4.0,5.238878705262747,2.5,5.6409837372448965,48.5,4.417091075064605,44.98046875,3.350719393648676
2022_04_MIN_NO,2022,4,False,False,-3.0,53.0,RECONSTRUCTED_STARTER_IDENTITY_NOT_AS_ISSUED_T60,MARKET_TOTAL_RESIDUAL_SHAPE_AT_PRIOR_256_GAME_LEAGUE_MEAN,00-0027973,00-0029604,2.3900807926962697,13.316589552182489,-1.0210323886714832,2.926032713505365,-1.458092739050932,2.9126552833033106,-4.0,2.9844539265016845,-2.5,3.0963408801020407,42.0,6.677046827276992,44.98046875,5.139436207807968
2022_04_BUF_BAL,2022,4,False,False,-3.0,43.0,RECONSTRUCTED_STARTER_IDENTITY_NOT_AS_ISSUED_T60,MARKET_TOTAL_RESIDUAL_SHAPE_AT_PRIOR_256_GAME_LEAGUE_MEAN,00-0034796,00-0034857,-2.2563743480780385,0.9500915750915606,-1.9467003700703025,2.9138645719124447,-2.0749590069970867,2.9060181151617197,-3.0,2.9225070238468156,-2.5,3.0963408801020407,50.0,4.417091075064604,44.98046875,3.2378875352415974
2022_04_CHI_NYG,2022,4,False,False,8.0,32.0,RECONSTRUCTED_STARTER_IDENTITY_NOT_AS_ISSUED_T60,MARKET_TOTAL_RESIDUAL_SHAPE_AT_PRIOR_256_GAME_LEAGUE_MEAN,00-0035710,00-0036945,39.78889225181598,-0.021682340647855014,-0.31181568361754214,5.620722978992091,1.2806073000810114,5.109557938170566,3.0,3.9125512716344284,3.0,3.9088408801020407,39.0,4.4170907691479355,44.98046875,7.61952470338319
2022_04_CLE_ATL,2022,4,False,False,3.0,43.0,RECONSTRUCTED_STARTER_IDENTITY_NOT_AS_ISSUED_T60,MARKET_TOTAL_RESIDUAL_SHAPE_AT_PRIOR_256_GAME_LEAGUE_MEAN,00-0032268,00-0033119,-22.92207792207792,15.885808829357217,-0.3004253419176894,3.494616784301825,-1.8527408119750948,4.189203955869685,-1.0,3.5806928645547806,1.0,3.2302694515306127,48.0,3.7655424024982347,44.98046875,3.2378875352415974
2022_04_JAX_PHI,2022,4,False,False,8.0,50.0,RECONSTRUCTED_STARTER_IDENTITY_NOT_AS_ISSUED_T60,MARKET_TOTAL_RESIDUAL_SHAPE_AT_PRIOR_256_GAME_LEAGUE_MEAN,00-0036389,00-0036971,-3.9542545180722755,0.0,7.489653970826976,3.0654132444788145,7.331483790104085,3.073053513391806,6.5,2.9844539265016854,7.0,3.1409837372448974,44.0,4.33302027860443,44.98046875,4.001161871524783
2022_04_LAC_HOU,2022,4,False,False,-10.0,58.0,RECONSTRUCTED_STARTER_IDENTITY_NOT_AS_ISSUED_T60,MARKET_TOTAL_RESIDUAL_SHAPE_AT_PRIOR_256_GAME_LEAGUE_MEAN,00-0036898,00-0036355,15.134720056020633,0.41398835991939276,-0.11516339628350579,5.3187318285496135,0.4736658715605438,5.2876552833033115,-5.5,3.291976050395487,-3.0,4.364198022959183,45.0,7.892754791878765,44.98046875,7.892754791878765
2022_04_NYJ_PIT,2022,4,False,False,-4.0,44.0,RECONSTRUCTED_STARTER_IDENTITY_NOT_AS_ISSUED_T60,MARKET_TOTAL_RESIDUAL_SHAPE_AT_PRIOR_256_GAME_LEAGUE_MEAN,00-0033869,00-0037013,13.933949062412543,1.8217067081135685,8.702150744156352,7.07647519138147,9.186640438328311,7.032124309851984,3.0,4.196843307032657,5.5,5.9534837372448965,41.0,3.4978432874539873,44.98046875,3.196958331701774
2022_04_SEA_DET,2022,4,False,False,-3.0,93.0,RECONSTRUCTED_STARTER_IDENTITY_NOT_AS_ISSUED_T60,MARKET_TOTAL_RESIDUAL_SHAPE_AT_PRIOR_256_GAME_LEAGUE_MEAN,00-0033106,00-0030565,-10.645009416195862,-21.739900542737224,-0.3787073264302762,3.0056787312044806,0.06508831863137829,2.987876522241364,3.0,3.8362238380061084,5.5,5.382055165816325,48.5,36.2312503671,44.98046875,40.21908222550708
2022_04_TEN_IND,2022,4,False,False,-7.0,41.0,RECONSTRUCTED_STARTER_IDENTITY_NOT_AS_ISSUED_T60,MARKET_TOTAL_RESIDUAL_SHAPE_AT_PRIOR_256_GAME_LEAGUE_MEAN,00-0026143,00-0029701,9.832011999142921,1.93816363291619,1.7828739321191096,4.808776076337222,2.098627866768179,4.782124309851982,4.5,6.8362238380061084,3.0,5.9534837372448965,43.0,3.2378875352416,44.98046875,3.524391960020358
2022_04_WAS_DAL,2022,4,False,False,15.0,35.0,RECONSTRUCTED_STARTER_IDENTITY_NOT_AS_ISSUED_T60,MARKET_TOTAL_RESIDUAL_SHAPE_AT_PRIOR_256_GAME_LEAGUE_MEAN,00-0033662,00-0032950,19.31288071555246,18.939971213275776,8.015033466971417,5.089749527664655,8.029949847062484,5.109557938170568,3.0,7.6382149884485875,3.0,7.355269451530612,40.5,4.062002579489386,44.98046875,5.793197269754872
2022_04_ARI_CAR,2022,4,False,False,-10.0,42.0,RECONSTRUCTED_STARTER_IDENTITY_NOT_AS_ISSUED_T60,MARKET_TOTAL_RESIDUAL_SHAPE_AT_PRIOR_256_GAME_LEAGUE_MEAN,00-0034855,00-0035228,13.730981725456859,-0.30788177339899914,0.11383700111613507,5.3187318285496135,0.6753915410703694,5.8274782921528665,1.0,6.1913123335813305,1.0,6.560626594387755,44.0,3.2378875352415974,44.98046875,3.350719393648676
2022_04_DEN_LV,2022,4,False,False,9.0,55.0,RECONSTRUCTED_STARTER_IDENTITY_NOT_AS_ISSUED_T60,MARKET_TOTAL_RESIDUAL_SHAPE_AT_PRIOR_256_GAME_LEAGUE_MEAN,00-0031280,00-0029263,1.4032160194174859,18.133402938051812,1.9232318797828156,5.089749527664655,1.2540244030374426,5.643849973568797,2.5,4.304144191988411,,,45.5,5.606250367100005,44.98046875,6.1228432874539855
2022_04_NE_GB,2022,4,False,False,3.0,51.0,RECONSTRUCTED_STARTER_IDENTITY_NOT_AS_ISSUED_T60,MARKET_TOTAL_RESIDUAL_SHAPE_AT_PRIOR_256_GAME_LEAGUE_MEAN,00-0023459,00-0038108,4.1890203011644145,0.6125116636927608,6.245589318909106,3.005678731204479,6.388649664407971,2.987876522241363,10.0,4.196843307032657,8.5,3.9802694515306127,40.5,6.122843287453987,44.98046875,4.33302027860443
2022_04_KC_TB,2022,4,False,False,-10.0,72.0,RECONSTRUCTED_STARTER_IDENTITY_NOT_AS_ISSUED_T60,MARKET_TOTAL_RESIDUAL_SHAPE_AT_PRIOR_256_GAME_LEAGUE_MEAN,00-0019596,00-0033873,1.1494960438622526,-0.32941727008521937,2.8187101650909883,7.07647519138147,2.877866697648887,7.032124309851984,1.0,6.1913123335813305,1.0,6.560626594387755,46.5,17.74341850869292,44.98046875,19.6095689511708
2022_04_LA_SF,2022,4,False,False,15.0,33.0,RECONSTRUCTED_STARTER_IDENTITY_NOT_AS_ISSUED_T60,MARKET_TOTAL_RESIDUAL_SHAPE_AT_PRIOR_256_GAME_LEAGUE_MEAN,00-0031345,00-0026498,0.12023761923800613,-1.8761016451233958,0.8999208655199982,9.587537138284123,0.9797744360944541,9.625044663834284,1.0,9.051931802607879,,,42.0,5.282135322852214,44.98046875,6.970188420197349
2022_05_IND_DEN,2022,5,False,False,-3.0,21.0,RECONSTRUCTED_STARTER_IDENTITY_NOT_AS_ISSUED_T60,MARKET_TOTAL_RESIDUAL_SHAPE_AT_PRIOR_256_GAME_LEAGUE_MEAN,00-0029263,00-0026143,10.668748614088264,10.441852244609407,0.9298543840433467,3.1439530674876623,0.938930238822501,3.1305756372856113,3.5,4.196843307032657,4.0,4.364198022959184,42.0,14.1062503671,44.92578125,16.87394948214425
2022_05_NYG_GB,2022,5,False,False,-5.0,49.0,RECONSTRUCTED_STARTER_IDENTITY_NOT_AS_ISSUED_T60,MARKET_TOTAL_RESIDUAL_SHAPE_AT_PRIOR_256_GAME_LEAGUE_MEAN,00-0023459,00-0035710,4.124957686541908,47.685678128818296,7.383060881368074,6.442625633859346,5.640632063677018,5.8274782921528665,8.5,8.236666315882214,9.5,9.337412308673471,42.0,4.712445057365488,44.92578125,3.7224008095778807
2022_05_ATL_TB,2022,5,False,False,6.0,36.0,RECONSTRUCTED_STARTER_IDENTITY_NOT_AS_ISSUED_T60,MARKET_TOTAL_RESIDUAL_SHAPE_AT_PRIOR_256_GAME_LEAGUE_MEAN,00-0019596,00-0032268,1.1399114694152335,-26.385660925503206,8.746433122411545,3.005678731204479,9.847456018208282,3.130575637285613,10.5,3.539763661014958,8.0,3.123126594387757,46.0,5.793197269754872,44.92578125,5.282135322852216
2022_05_CHI_MIN,2022,5,False,False,7.0,51.0,RECONSTRUCTED_STARTER_IDENTITY_NOT_AS_ISSUED_T60,MARKET_TOTAL_RESIDUAL_SHAPE_AT_PRIOR_256_GAME_LEAGUE_MEAN,00-0029604,00-0036945,5.169863013698639,11.068802521008402,6.417512083019383,3.0654132444788145,6.181554502726993,3.0730535133918053,10.0,3.111666315882215,7.0,3.0963408801020416,44.0,4.712445057365491,44.92578125,4.33302027860443
2022_05_DET_NE,2022,5,False,False,29.0,29.0,RECONSTRUCTED_STARTER_IDENTITY_NOT_AS_ISSUED_T60,MARKET_TOTAL_RESIDUAL_SHAPE_AT_PRIOR_256_GAME_LEAGUE_MEAN,00-0038108,00-0033106,-4.447960618846691,-2.190610328638498,6.510248986120196,16.327581386071735,6.419954974511868,17.246726079763487,3.0,19.391533572519382,3.0,18.46241230867347,46.5,11.471294614887611,44.92578125,9.821958331701772
2022_05_HOU_JAX,2022,5,False,False,-7.0,19.0,RECONSTRUCTED_STARTER_IDENTITY_NOT_AS_ISSUED_T60,MARKET_TOTAL_RESIDUAL_SHAPE_AT_PRIOR_256_GAME_LEAGUE_MEAN,00-0036971,00-0036898,0.0,7.7588242702856025,5.3141897225055255,6.442625633859346,5.003836751694101,6.4038057257811865,7.0,8.236666315882214,7.0,8.587412308673471,44.0,17.820852137011506,44.92578125,18.782135322852216
2022_05_LAC_CLE,2022,5,False,False,-2.0,58.0,RECONSTRUCTED_STARTER_IDENTITY_NOT_AS_ISSUED_T60,MARKET_TOTAL_RESIDUAL_SHAPE_AT_PRIOR_256_GAME_LEAGUE_MEAN,00-0033119,00-0036355,17.36285600008205,0.4488970374250556,3.6253866864140125,3.6085548373991676,4.301945044920292,3.6007083806484417,-1.0,2.9092326875636303,-1.5,3.0963408801020407,47.0,6.677046827276992,44.92578125,7.892754791878765
2022_05_MIA_NYJ,2022,5,False,False,23.0,57.0,RECONSTRUCTED_STARTER_IDENTITY_NOT_AS_ISSUED_T60,MARKET_TOTAL_RESIDUAL_SHAPE_AT_PRIOR_256_GAME_LEAGUE_MEAN,00-0037013,00-0037327,-13.110400845909842,-10.36013024700777,-5.4374198490473376,21.938200855098284,-5.547430673003421,22.911549088613043,-3.0,19.391533572519382,-3.5,19.382055165816325,46.0,6.677046827276994,44.92578125,7.264436207807968
2022_05_PIT_BUF,2022,5,False,False,35.0,41.0,RECONSTRUCTED_STARTER_IDENTITY_NOT_AS_ISSUED_T60,MARKET_TOTAL_RESIDUAL_SHAPE_AT_PRIOR_256_GAME_LEAGUE_MEAN,00-0034857,00-0038102,1.0183080808080947,-132.97051932838735,10.872284454965001,18.16165218253191,16.23183755133282,13.690310150559945,14.0,14.806356581368942,14.0,14.087412308673471,44.0,3.350719393648676,44.92578125,3.524391960020358
2022_05_SEA_NO,2022,5,False,False,7.0,71.0,RECONSTRUCTED_STARTER_IDENTITY_NOT_AS_ISSUED_T60,MARKET_TOTAL_RESIDUAL_SHAPE_AT_PRIOR_256_GAME_LEAGUE_MEAN,00-0027973,00-0030565,-16.64688427299703,-9.774173334618741,2.207801620336986,4.182669881646956,1.9328931828018545,4.189203955869681,5.5,2.9844539265016845,6.0,3.1409837372448965,45.5,17.743418508692923,44.92578125,18.671515853825667
2022_05_TEN_WAS,2022,5,False,False,-4.0,38.0,RECONSTRUCTED_STARTER_IDENTITY_NOT_AS_ISSUED_T60,MARKET_TOTAL_RESIDUAL_SHAPE_AT_PRIOR_256_GAME_LEAGUE_MEAN,00-0032950,00-0029701,16.515829136880654,2.064355153826236,-3.177967030986238,2.9138645719124465,-2.599908071664061,2.9060181151617197,-1.0,3.111666315882214,-1.5,3.123126594387754,43.0,3.7655424024982365,44.92578125,4.417091075064606
2022_05_SF_CAR,2022,5,False,False,-22.0,52.0,RECONSTRUCTED_STARTER_IDENTITY_NOT_AS_ISSUED_T60,MARKET_TOTAL_RESIDUAL_SHAPE_AT_PRIOR_256_GAME_LEAGUE_MEAN,00-0034855,00-0031345,9.102624920936119,4.8808569137358315,-5.22535251995514,9.980236253328375,-5.056481799667129,9.959115460294463,-6.0,9.765427377829115,-6.0,10.105269451530612,40.0,7.264436207807966,44.92578125,4.712445057365491
2022_05_DAL_LA,2022,5,False,False,-12.0,32.0,RECONSTRUCTED_STARTER_IDENTITY_NOT_AS_ISSUED_T60,MARKET_TOTAL_RESIDUAL_SHAPE_AT_PRIOR_256_GAME_LEAGUE_MEAN,00-0026498,00-0033662,-1.8014529138400626,18.687291656403417,2.9474242787750518,8.45921855421333,2.1278744959653126,7.7069030709139295,5.5,11.384896404377791,,,42.0,5.793197269754869,44.92578125,7.61952470338319
2022_05_PHI_ARI,2022,5,False,False,-3.0,37.0,RECONSTRUCTED_STARTER_IDENTITY_NOT_AS_ISSUED_T60,MARKET_TOTAL_RESIDUAL_SHAPE_AT_PRIOR_256_GAME_LEAGUE_MEAN,00-0035228,00-0036389,-0.38552277191632456,-21.008794423234,-0.29500444461856207,3.0056787312044806,0.529926421434145,3.1305756372856113,-5.5,3.319630917652125,-5.0,3.230269451530612,48.5,6.970188420197348,44.92578125,4.8197459423212425
2022_05_CIN_BAL,2022,5,False,False,2.0,36.0,RECONSTRUCTED_STARTER_IDENTITY_NOT_AS_ISSUED_T60,MARKET_TOTAL_RESIDUAL_SHAPE_AT_PRIOR_256_GAME_LEAGUE_MEAN,00-0034796,00-0036442,-8.884844072321329,18.999000571102222,1.1386994360343305,3.0654132444788127,0.023345650297388543,3.2533632479050807,3.0,2.909232687563631,3.0,3.0784837372448965,47.5,6.97018842019735,44.92578125,5.282135322852216
2022_05_LV_KC,2022,5,False,False,1.0,59.0,RECONSTRUCTED_STARTER_IDENTITY_NOT_AS_ISSUED_T60,MARKET_TOTAL_RESIDUAL_SHAPE_AT_PRIOR_256_GAME_LEAGUE_MEAN,00-0033873,00-0031280,-0.37301953545609834,1.3932514753474123,10.685989142636718,5.318731828549611,10.615338302204577,5.287655283303311,7.5,4.196843307032657,,,51.5,4.712445057365491,44.92578125,8.568639747630979
2022_06_WAS_CHI,2022,6,False,False,-5.0,19.0,RECONSTRUCTED_STARTER_IDENTITY_NOT_AS_ISSUED_T60,MARKET_TOTAL_RESIDUAL_SHAPE_AT_PRIOR_256_GAME_LEAGUE_MEAN,00-0036945,00-0032950,16.613041613041624,17.302657758602624,3.8991733417610703,4.80877607633722,3.8715886959386303,4.782124309851982,-1.0,3.2919760503954887,-0.0,3.667769451530612,38.5,13.208019972687758,44.578125,18.782135322852216
2022_06_BAL_NYG,2022,6,False,False,4.0,44.0,RECONSTRUCTED_STARTER_IDENTITY_NOT_AS_ISSUED_T60,MARKET_TOTAL_RESIDUAL_SHAPE_AT_PRIOR_256_GAME_LEAGUE_MEAN,00-0035710,00-0034796,57.565571299366894,-17.204852931278182,-1.3035963557940886,4.182669881646958,1.6872206134317145,3.25336324790508,-5.5,6.34507339552823,-4.5,5.6409837372448965,46.0,3.2378875352415974,44.578125,3.196958331701774
2022_06_CIN_NO,2022,6,False,False,-4.0,56.0,RECONSTRUCTED_STARTER_IDENTITY_NOT_AS_ISSUED_T60,MARKET_TOTAL_RESIDUAL_SHAPE_AT_PRIOR_256_GAME_LEAGUE_MEAN,00-0027973,00-0036442,-19.92428405690909,17.87697253068381,0.44137271757822416,3.143953067487666,-1.0706775459254918,2.987876522241363,-3.0,2.9092326875636303,-1.0,3.239198022959184,42.5,7.892754791878768,44.578125,6.677046827276994
2022_06_JAX_IND,2022,6,False,False,7.0,61.0,RECONSTRUCTED_STARTER_IDENTITY_NOT_AS_ISSUED_T60,MARKET_TOTAL_RESIDUAL_SHAPE_AT_PRIOR_256_GAME_LEAGUE_MEAN,00-0026143,00-0036971,10.487661574618112,0.0,6.580975528681056,2.96143094359386,7.00048199166578,2.953584486843133,1.0,4.304144191988411,2.0,3.9088408801020416,41.0,13.268860986569033,44.578125,10.029922933471685
2022_06_MIN_MIA,2022,6,False,False,-8.0,40.0,RECONSTRUCTED_STARTER_IDENTITY_NOT_AS_ISSUED_T60,MARKET_TOTAL_RESIDUAL_SHAPE_AT_PRIOR_256_GAME_LEAGUE_MEAN,00-0031237,00-0029604,2.7595561787477907,8.756684491978618,1.4082114494258804,4.80877607633722,1.1683263168966473,4.782124309851982,-3.0,3.539763661014957,-3.0,3.667769451530612,45.0,3.765542402498234,44.578125,3.765542402498234
2022_06_NE_CLE,2022,6,False,False,-23.0,53.0,RECONSTRUCTED_STARTER_IDENTITY_NOT_AS_ISSUED_T60,MARKET_TOTAL_RESIDUAL_SHAPE_AT_PRIOR_256_GAME_LEAGUE_MEAN,00-0033119,00-0038108,17.192082111436946,25.564256103178252,1.8207910265675764,16.930457492266427,1.4859040668979242,16.011106610736938,2.5,18.622728262784868,3.0,18.882055165816325,43.0,6.122843287453988,44.578125,5.139436207807968
2022_06_NYJ_GB,2022,6,False,False,-17.0,37.0,RECONSTRUCTED_STARTER_IDENTITY_NOT_AS_ISSUED_T60,MARKET_TOTAL_RESIDUAL_SHAPE_AT_PRIOR_256_GAME_LEAGUE_MEAN,00-0023459,00-0037013,3.2459128065395193,-7.664360161628769,8.963866035788623,17.8607672267797,9.400276954515355,17.860664132860833,7.5,17.680250386678676,8.5,18.88205516581633,44.5,4.8197459423212425,44.578125,4.8197459423212425
2022_06_SF_ATL,2022,6,False,False,14.0,42.0,RECONSTRUCTED_STARTER_IDENTITY_NOT_AS_ISSUED_T60,MARKET_TOTAL_RESIDUAL_SHAPE_AT_PRIOR_256_GAME_LEAGUE_MEAN,00-0032268,00-0031345,-6.018067670886618,5.007335411699998,-3.5290076544385647,12.799926518815099,-3.9700237777420297,12.834115460294461,-3.5,12.2178610061477,-3.0,10.83741230867347,46.0,3.524391960020358,44.578125,3.350719393648676
2022_06_TB_PIT,2022,6,False,False,2.0,38.0,RECONSTRUCTED_STARTER_IDENTITY_NOT_AS_ISSUED_T60,MARKET_TOTAL_RESIDUAL_SHAPE_AT_PRIOR_256_GAME_LEAGUE_MEAN,00-0038102,00-0019596,-8.459522422830512,1.2329327360013576,-4.30859062399124,4.606342448018638,-4.696288830344515,5.109557938170569,-10.0,7.638214988448588,-8.5,6.730269451530612,47.0,5.282135322852214,44.578125,4.417091075064606
2022_06_ARI_SEA,2022,6,False,False,10.0,28.0,RECONSTRUCTED_STARTER_IDENTITY_NOT_AS_ISSUED_T60,MARKET_TOTAL_RESIDUAL_SHAPE_AT_PRIOR_256_GAME_LEAGUE_MEAN,00-0030565,00-0035228,-14.46428571428573,-0.3730117519895604,2.1997192324787647,5.620722978992089,1.636068273986918,5.643849973568797,-2.5,8.327374280483985,-0.5,6.730269451530613,50.0,15.015542402498232,44.578125,10.628374260905314
2022_06_CAR_LA,2022,6,False,False,14.0,34.0,RECONSTRUCTED_STARTER_IDENTITY_NOT_AS_ISSUED_T60,MARKET_TOTAL_RESIDUAL_SHAPE_AT_PRIOR_256_GAME_LEAGUE_MEAN,00-0026498,00-0033275,-1.7833250626582142,-30.03102836879432,9.547052996758866,3.8109884657177515,10.67696112900431,3.5000446638342826,10.0,3.5806928645547815,,,41.5,4.81974594232124,44.578125,6.357356561790269
2022_06_BUF_KC,2022,6,False,False,-4.0,44.0,RECONSTRUCTED_STARTER_IDENTITY_NOT_AS_ISSUED_T60,MARKET_TOTAL_RESIDUAL_SHAPE_AT_PRIOR_256_GAME_LEAGUE_MEAN,00-0033873,00-0034857,-0.38468436154950325,3.26019557943964,2.2874116371785203,3.6085548373991694,2.1416164395389545,3.6007083806484417,-2.5,2.9092326875636303,-2.5,3.0784837372448965,54.0,5.793197269754879,44.578125,3.196958331701774
2022_06_DAL_PHI,2022,6,False,False,9.0,43.0,RECONSTRUCTED_STARTER_IDENTITY_NOT_AS_ISSUED_T60,MARKET_TOTAL_RESIDUAL_SHAPE_AT_PRIOR_256_GAME_LEAGUE_MEAN,00-0036389,00-0033662,-10.3297084066315,3.0798936439605074,2.050916636491111,5.089749527664655,1.5145325544674304,5.109557938170566,6.5,3.1227282627848707,5.5,3.417769451530612,42.5,3.2124450573654935,44.578125,3.2378875352415974
2022_06_DEN_LAC,2022,6,False,False,3.0,35.0,RECONSTRUCTED_STARTER_IDENTITY_NOT_AS_ISSUED_T60,MARKET_TOTAL_RESIDUAL_SHAPE_AT_PRIOR_256_GAME_LEAGUE_MEAN,00-0036355,00-0029263,0.4499732953533897,10.949138308748374,5.169239551866367,2.9260327135053634,4.7492729513305685,2.9126552833033106,3.5,2.909232687563631,5.0,3.123126594387755,45.5,6.357356561790269,44.578125,5.793197269754872
2022_07_NO_ARI,2022,7,False,False,8.0,76.0,RECONSTRUCTED_STARTER_IDENTITY_NOT_AS_ISSUED_T60,MARKET_TOTAL_RESIDUAL_SHAPE_AT_PRIOR_256_GAME_LEAGUE_MEAN,00-0035228,00-0027973,0.13589087624601426,-11.278116248958646,1.9039906656184848,4.606342448018638,2.3605509506266715,4.625044663834283,2.5,3.9125512716344284,0.5,4.685626594387755,44.0,24.407135322852216,44.44140625,24.407135322852216
2022_07_ATL_CIN,2022,7,False,False,18.0,52.0,RECONSTRUCTED_STARTER_IDENTITY_NOT_AS_ISSUED_T60,MARKET_TOTAL_RESIDUAL_SHAPE_AT_PRIOR_256_GAME_LEAGUE_MEAN,00-0036442,00-0032268,-1.1439201559085843,-1.2397349942476321,6.0186616918935485,8.13731589934607,6.022494285427111,8.168186256754637,6.5,6.970073395528233,6.0,7.355269451530612,47.5,3.7224008095778816,44.44140625,5.139436207807968
2022_07_CLE_BAL,2022,7,False,False,3.0,43.0,RECONSTRUCTED_STARTER_IDENTITY_NOT_AS_ISSUED_T60,MARKET_TOTAL_RESIDUAL_SHAPE_AT_PRIOR_256_GAME_LEAGUE_MEAN,00-0034796,00-0033119,-13.62914228269847,13.396222767779475,5.346666214343977,2.9260327135053634,4.265651612324859,2.906018115161716,6.5,3.2919760503954896,7.0,3.426698022959184,46.0,3.350719393648676,44.44140625,3.196958331701774
2022_07_DET_DAL,2022,7,False,False,18.0,30.0,RECONSTRUCTED_STARTER_IDENTITY_NOT_AS_ISSUED_T60,MARKET_TOTAL_RESIDUAL_SHAPE_AT_PRIOR_256_GAME_LEAGUE_MEAN,00-0033077,00-0033106,-21.603641456582622,5.027173913043481,10.840626736050126,5.0897495276646545,9.775394121265082,5.643849973568798,7.0,6.970073395528233,5.5,7.355269451530612,49.5,13.208020278604428,44.44140625,8.31310877417965
2022_07_GB_WAS,2022,7,False,False,2.0,44.0,RECONSTRUCTED_STARTER_IDENTITY_NOT_AS_ISSUED_T60,MARKET_TOTAL_RESIDUAL_SHAPE_AT_PRIOR_256_GAME_LEAGUE_MEAN,00-0031800,00-0023459,0.7336280740535939,3.5099789680941518,-1.2780860694823242,3.494616784301825,-1.3891401052439463,3.5000446638342826,-4.0,4.30414419198841,-3.5,4.2659837372448965,41.5,3.3407636414362853,44.44140625,3.212445057365491
2022_07_IND_TEN,2022,7,False,False,9.0,29.0,RECONSTRUCTED_STARTER_IDENTITY_NOT_AS_ISSUED_T60,MARKET_TOTAL_RESIDUAL_SHAPE_AT_PRIOR_256_GAME_LEAGUE_MEAN,00-0029701,00-0026143,2.1385666942833614,8.483552631578938,4.782948761625239,3.8109884657177533,4.529149324133416,3.8164163452502127,2.5,4.304144191988411,2.5,4.2659837372448965,43.0,8.313108774179653,44.44140625,9.05094063258673
2022_07_NYG_JAX,2022,7,False,False,-6.0,40.0,RECONSTRUCTED_STARTER_IDENTITY_NOT_AS_ISSUED_T60,MARKET_TOTAL_RESIDUAL_SHAPE_AT_PRIOR_256_GAME_LEAGUE_MEAN,00-0036971,00-0035710,0.0,55.30079976612583,-0.1967912732201239,3.608554837399171,-2.408823263865157,3.130575637285615,3.0,5.091754811457437,3.5,5.953483737244897,44.0,3.524391960020358,44.44140625,3.524391960020358
2022_07_TB_CAR,2022,7,False,False,18.0,24.0,RECONSTRUCTED_STARTER_IDENTITY_NOT_AS_ISSUED_T60,MARKET_TOTAL_RESIDUAL_SHAPE_AT_PRIOR_256_GAME_LEAGUE_MEAN,00-0033275,00-0019596,-24.44352664985654,0.7791614883201792,-7.180287721159975,19.094174306425717,-8.189195246687044,20.0476110355157,-13.0,24.18135658136894,-8.5,19.382055165816325,39.5,9.82195833170177,44.44140625,13.20802027860443
2022_07_HOU_LV,2022,7,False,False,18.0,58.0,RECONSTRUCTED_STARTER_IDENTITY_NOT_AS_ISSUED_T60,MARKET_TOTAL_RESIDUAL_SHAPE_AT_PRIOR_256_GAME_LEAGUE_MEAN,00-0031280,00-0036898,1.5380879924892232,0.0,5.401407860722629,8.84859908518678,5.462931380422198,8.881681831975875,7.0,6.970073395528233,,,46.0,7.264436207807968,44.44140625,8.568639747630979
2022_07_NYJ_DEN,2022,7,False,False,-7.0,25.0,RECONSTRUCTED_STARTER_IDENTITY_NOT_AS_ISSUED_T60,MARKET_TOTAL_RESIDUAL_SHAPE_AT_PRIOR_256_GAME_LEAGUE_MEAN,00-0034955,00-0037013,-61.6801281158613,-9.517339428077797,1.0155902806382802,4.344174306425717,-1.07092126687306,3.6007083806484417,-2.0,3.539763661014958,4.0,6.560626594387755,37.0,6.970187502447334,44.44140625,12.329701694533632
2022_07_KC_SF,2022,7,False,False,-21.0,67.0,RECONSTRUCTED_STARTER_IDENTITY_NOT_AS_ISSUED_T60,MARKET_TOTAL_RESIDUAL_SHAPE_AT_PRIOR_256_GAME_LEAGUE_MEAN,00-0031345,00-0033873,2.6859190098794894,-0.40399567537725556,-0.617952909705973,12.450368996691207,-0.4943563222957033,13.318628734630742,-1.0,13.102816758360092,0.5,15.185626594387756,49.0,11.605144172409737,44.44140625,15.91156010161328
2022_07_SEA_LAC,2022,7,False,False,-14.0,60.0,RECONSTRUCTED_STARTER_IDENTITY_NOT_AS_ISSUED_T60,MARKET_TOTAL_RESIDUAL_SHAPE_AT_PRIOR_256_GAME_LEAGUE_MEAN,00-0036355,00-0030565,0.37802048999642235,-5.580245680615192,2.7486653896880124,9.980236253328375,2.986996036512477,9.959115460294461,5.5,13.102816758360092,7.0,14.265983737244898,51.5,5.139436207807968,44.44140625,10.029922933471685
2022_07_PIT_MIA,2022,7,False,False,6.0,26.0,RECONSTRUCTED_STARTER_IDENTITY_NOT_AS_ISSUED_T60,MARKET_TOTAL_RESIDUAL_SHAPE_AT_PRIOR_256_GAME_LEAGUE_MEAN,00-0036212,00-0038102,10.433419176258285,-12.123901284651794,3.7552231609211866,3.2401920055407603,4.65751597935759,3.0730535133918053,7.5,2.977816758360091,7.0,3.0784837372448974,44.5,12.329701694533632,44.44140625,11.471294614887615
2022_07_CHI_NE,2022,7,False,False,-19.0,47.0,RECONSTRUCTED_STARTER_IDENTITY_NOT_AS_ISSUED_T60,MARKET_TOTAL_RESIDUAL_SHAPE_AT_PRIOR_256_GAME_LEAGUE_MEAN,00-0038108,00-0036945,47.27469135802469,18.07692307692308,8.206232938841522,18.7966079347443,9.374143670085587,19.743407495692693,9.5,21.478922953050358,7.5,19.819555165816325,40.0,4.712445057365489,44.44140625,3.4978432874539855
2022_08_BAL_TB,2022,8,False,False,-5.0,49.0,RECONSTRUCTED_STARTER_IDENTITY_NOT_AS_ISSUED_T60,MARKET_TOTAL_RESIDUAL_SHAPE_AT_PRIOR_256_GAME_LEAGUE_MEAN,00-0019596,00-0034796,0.7459948636419078,-6.750755857898705,3.7682477656310858,4.80877607633722,4.068117794492711,4.782124309851982,2.0,4.196843307032657,2.5,4.8284837372448965,46.0,3.4978432874539855,44.24609375,4.001161871524783
2022_08_DEN_JAX,2022,8,False,False,-4.0,38.0,RECONSTRUCTED_STARTER_IDENTITY_NOT_AS_ISSUED_T60,MARKET_TOTAL_RESIDUAL_SHAPE_AT_PRIOR_256_GAME_LEAGUE_MEAN,00-0036971,00-0029263,0.428720374721836,10.228171872849877,-1.0729405226597828,3.0056787312044806,-1.4649185825849045,2.987876522241363,1.0,3.539763661014958,1.5,3.9802694515306127,41.0,3.350719393648678,44.24609375,4.062002579489384
2022_08_ARI_MIN,2022,8,False,False,8.0,60.0,RECONSTRUCTED_STARTER_IDENTITY_NOT_AS_ISSUED_T60,MARKET_TOTAL_RESIDUAL_SHAPE_AT_PRIOR_256_GAME_LEAGUE_MEAN,00-0029604,00-0035228,0.12494154781390598,0.14208854420054706,5.9978631557654625,3.240192005540762,5.997177275909996,3.25336324790508,4.0,3.5806928645547815,6.5,3.1409837372448974,48.5,6.677046827276993,44.24609375,10.029922933471685
2022_08_CAR_ATL,2022,8,False,False,3.0,71.0,RECONSTRUCTED_STARTER_IDENTITY_NOT_AS_ISSUED_T60,MARKET_TOTAL_RESIDUAL_SHAPE_AT_PRIOR_256_GAME_LEAGUE_MEAN,00-0032268,00-0033275,1.8346909062290973,-13.553845901208605,5.07291822125343,2.9260327135053634,5.688459693550938,2.987876522241363,4.5,2.977816758360091,4.5,3.123126594387755,41.0,22.47350700426815,44.24609375,19.6095689511708
2022_08_CHI_DAL,2022,8,False,False,20.0,78.0,RECONSTRUCTED_STARTER_IDENTITY_NOT_AS_ISSUED_T60,MARKET_TOTAL_RESIDUAL_SHAPE_AT_PRIOR_256_GAME_LEAGUE_MEAN,00-0033077,00-0036945,4.835814410829853,15.228110135995166,7.984796155355853,8.13731589934607,7.5691043263492395,8.16818625675464,10.5,5.772064545970712,9.5,6.167769451530613,43.0,27.335232667984965,44.24609375,26.355144172409737
2022_08_LV_NO,2022,8,False,False,24.0,24.0,RECONSTRUCTED_STARTER_IDENTITY_NOT_AS_ISSUED_T60,MARKET_TOTAL_RESIDUAL_SHAPE_AT_PRIOR_256_GAME_LEAGUE_MEAN,00-0027973,00-0031280,-13.546754171754172,1.6675048395874859,2.046106791000784,16.327581386071735,1.4375364305471177,17.246726079763487,-1.0,18.451268085793718,,,48.5,17.820852137011506,44.24609375,13.20802027860443
2022_08_MIA_DET,2022,8,False,False,-4.0,58.0,RECONSTRUCTED_STARTER_IDENTITY_NOT_AS_ISSUED_T60,MARKET_TOTAL_RESIDUAL_SHAPE_AT_PRIOR_256_GAME_LEAGUE_MEAN,00-0033106,00-0036212,-4.007393126062664,7.54482581967213,-2.990151082766215,2.9138645719124465,-3.452239840595607,2.9060181151617197,-3.5,2.9225070238468156,-3.0,3.0784837372448965,52.0,4.33302027860443,44.24609375,8.568639747630979
2022_08_NE_NYJ,2022,8,False,False,-5.0,39.0,RECONSTRUCTED_STARTER_IDENTITY_NOT_AS_ISSUED_T60,MARKET_TOTAL_RESIDUAL_SHAPE_AT_PRIOR_256_GAME_LEAGUE_MEAN,00-0037013,00-0036972,-5.462145195524681,-27.91515571672354,2.081573269105929,3.947050412620409,2.979693689953883,4.333009265604197,-3.0,2.97781675836009,-2.5,3.123126594387754,40.0,3.1969583317017722,44.24609375,3.765542402498234
2022_08_PIT_PHI,2022,8,False,False,22.0,48.0,RECONSTRUCTED_STARTER_IDENTITY_NOT_AS_ISSUED_T60,MARKET_TOTAL_RESIDUAL_SHAPE_AT_PRIOR_256_GAME_LEAGUE_MEAN,00-0036389,00-0038102,11.217052178590636,-18.50331819769474,8.856262304674301,8.84859908518678,10.045077119725716,8.16818625675464,11.0,6.970073395528233,10.5,6.730269451530613,43.0,4.001161871524785,44.24609375,3.7224008095778807
2022_08_TEN_HOU,2022,8,False,False,-7.0,27.0,RECONSTRUCTED_STARTER_IDENTITY_NOT_AS_ISSUED_T60,MARKET_TOTAL_RESIDUAL_SHAPE_AT_PRIOR_256_GAME_LEAGUE_MEAN,00-0036898,00-0038128,0.0,-125.68181818181819,-5.577488914262876,2.9138645719124447,-0.5502161869901488,3.6007083806484417,-1.0,3.8362238380061076,-1.5,3.667769451530612,39.0,6.9701881142806785,44.24609375,10.628374260905314
2022_08_NYG_SEA,2022,8,False,False,14.0,40.0,RECONSTRUCTED_STARTER_IDENTITY_NOT_AS_ISSUED_T60,MARKET_TOTAL_RESIDUAL_SHAPE_AT_PRIOR_256_GAME_LEAGUE_MEAN,00-0030565,00-0035710,-16.142232118442124,42.496818172012865,4.679694435181191,6.193731828549612,2.334132423562991,8.168186256754637,3.0,6.970073395528233,3.0,6.730269451530612,44.5,3.765542402498234,44.24609375,3.524391960020358
2022_08_SF_LA,2022,8,False,False,-17.0,45.0,RECONSTRUCTED_STARTER_IDENTITY_NOT_AS_ISSUED_T60,MARKET_TOTAL_RESIDUAL_SHAPE_AT_PRIOR_256_GAME_LEAGUE_MEAN,00-0026498,00-0031345,-1.7517792005713906,8.257352192937839,3.1814971103552305,12.450368996691207,2.7811318546148613,12.448053513391807,-1.0,9.765427377829116,,,42.0,3.497843287453983,44.24609375,3.2478432874539873
2022_08_WAS_IND,2022,8,False,False,-1.0,33.0,RECONSTRUCTED_STARTER_IDENTITY_NOT_AS_ISSUED_T60,MARKET_TOTAL_RESIDUAL_SHAPE_AT_PRIOR_256_GAME_LEAGUE_MEAN,00-0036879,00-0031800,21.206305204700303,1.1171274096482442,5.132329872530627,3.6085548373991694,5.935896984332709,3.939203955869681,3.0,3.2919760503954896,3.0,3.426698022959183,40.5,4.819745942321244,44.24609375,6.357356561790269
2022_08_GB_BUF,2022,8,False,False,10.0,44.0,RECONSTRUCTED_STARTER_IDENTITY_NOT_AS_ISSUED_T60,MARKET_TOTAL_RESIDUAL_SHAPE_AT_PRIOR_256_GAME_LEAGUE_MEAN,00-0034857,00-0023459,3.388927372515571,3.3024640992167065,10.244336538342122,2.961430943593858,10.247795069274078,2.953584486843134,10.5,2.909232687563631,10.5,3.0784837372448974,47.0,3.3507193936486734,44.24609375,3.212445057365491
2022_08_CIN_CLE,2022,8,False,False,19.0,45.0,RECONSTRUCTED_STARTER_IDENTITY_NOT_AS_ISSUED_T60,MARKET_TOTAL_RESIDUAL_SHAPE_AT_PRIOR_256_GAME_LEAGUE_MEAN,00-0033119,00-0036442,13.194444444444443,-1.0348211154972864,-3.1771097132988415,16.327581386071735,-2.607939090901173,16.33522165498473,-3.0,15.70348047517425,-4.0,15.792769451530612,45.0,3.212445057365491,44.24609375,3.2478432874539873
2022_09_PHI_HOU,2022,9,False,False,-12.0,46.0,RECONSTRUCTED_STARTER_IDENTITY_NOT_AS_ISSUED_T60,MARKET_TOTAL_RESIDUAL_SHAPE_AT_PRIOR_256_GAME_LEAGUE_MEAN,00-0036898,00-0036389,0.4094424094424065,8.49114934812565,-7.6083572914667,3.143953067487666,-7.931625569014029,3.130575637285613,-14.0,3.12272826278487,-9.5,3.123126594387754,45.5,3.212445057365491,44.48828125,3.340763641436288
2022_09_BUF_NYJ,2022,9,False,False,3.0,37.0,RECONSTRUCTED_STARTER_IDENTITY_NOT_AS_ISSUED_T60,MARKET_TOTAL_RESIDUAL_SHAPE_AT_PRIOR_256_GAME_LEAGUE_MEAN,00-0037013,00-0034857,-5.185625912516567,2.9655612244897878,-7.144171647819666,6.804351297576161,-7.4702191332999215,6.838540239055522,-11.0,9.05193180260788,-10.5,8.667769451530612,46.0,5.282135322852216,44.48828125,4.417091075064606
2022_09_CAR_CIN,2022,9,False,False,21.0,63.0,RECONSTRUCTED_STARTER_IDENTITY_NOT_AS_ISSUED_T60,MARKET_TOTAL_RESIDUAL_SHAPE_AT_PRIOR_256_GAME_LEAGUE_MEAN,00-0036442,00-0034855,-1.0532105606258169,-20.013049730277864,8.61549275165753,8.13731589934607,9.373886318443612,8.16818625675464,7.0,9.051931802607879,10.0,6.730269451530613,43.0,13.268860986569035,44.48828125,12.424834437896465
2022_09_GB_DET,2022,9,False,False,6.0,24.0,RECONSTRUCTED_STARTER_IDENTITY_NOT_AS_ISSUED_T60,MARKET_TOTAL_RESIDUAL_SHAPE_AT_PRIOR_256_GAME_LEAGUE_MEAN,00-0033106,00-0023459,2.3927306029305706,2.4000836833051764,-3.1345087203962705,6.193731828549614,-3.1348028436112543,6.2234959912679155,-4.0,6.345073395528232,-3.0,5.6409837372448965,49.5,18.782135322852213,44.48828125,13.20802027860443
2022_09_IND_NE,2022,9,False,False,23.0,29.0,RECONSTRUCTED_STARTER_IDENTITY_NOT_AS_ISSUED_T60,MARKET_TOTAL_RESIDUAL_SHAPE_AT_PRIOR_256_GAME_LEAGUE_MEAN,00-0036972,00-0036879,-14.113242236943012,62.960880195599024,3.79570254467666,13.663864571912441,0.7127376473749788,16.335221654984725,5.0,12.2178610061477,6.0,10.83741230867347,40.0,6.357356561790267,44.48828125,9.05094063258673
2022_09_LAC_ATL,2022,9,False,False,-3.0,37.0,RECONSTRUCTED_STARTER_IDENTITY_NOT_AS_ISSUED_T60,MARKET_TOTAL_RESIDUAL_SHAPE_AT_PRIOR_256_GAME_LEAGUE_MEAN,00-0032268,00-0036355,4.767612006392108,0.0,3.0696717416103274,3.6085548373991694,3.260376221866012,3.6007083806484435,-2.5,2.9225070238468156,-2.0,3.0784837372448965,49.5,7.619524703383188,44.48828125,4.417091075064606
2022_09_LV_JAX,2022,9,False,False,7.0,47.0,RECONSTRUCTED_STARTER_IDENTITY_NOT_AS_ISSUED_T60,MARKET_TOTAL_RESIDUAL_SHAPE_AT_PRIOR_256_GAME_LEAGUE_MEAN,00-0036971,00-0031280,0.4038785288785096,2.361218005644039,-1.3132265542321875,5.620722978992091,-1.3915201333028089,5.643849973568797,-2.5,6.345073395528232,,,47.5,3.196958331701775,44.48828125,3.4978432874539855
2022_09_MIA_CHI,2022,9,False,False,-3.0,67.0,RECONSTRUCTED_STARTER_IDENTITY_NOT_AS_ISSUED_T60,MARKET_TOTAL_RESIDUAL_SHAPE_AT_PRIOR_256_GAME_LEAGUE_MEAN,00-0036945,00-0036212,19.87029857044891,7.904761904761903,-0.4340974823540546,3.0056787312044806,0.04452398427342565,2.987876522241364,-4.0,2.9844539265016845,-5.0,3.230269451530612,46.0,14.13611762373717,44.48828125,15.91156010161328
2022_09_MIN_WAS,2022,9,False,False,-3.0,37.0,RECONSTRUCTED_STARTER_IDENTITY_NOT_AS_ISSUED_T60,MARKET_TOTAL_RESIDUAL_SHAPE_AT_PRIOR_256_GAME_LEAGUE_MEAN,00-0031800,00-0029604,2.889050689382344,-5.7493540051679615,-3.029407089777369,2.9614309435938626,-2.683870901995357,2.953584486843136,-3.0,2.9225070238468156,-3.0,3.0963408801020407,43.5,4.417091075064606,44.48828125,4.417091075064606
2022_09_SEA_ARI,2022,9,False,False,-10.0,52.0,RECONSTRUCTED_STARTER_IDENTITY_NOT_AS_ISSUED_T60,MARKET_TOTAL_RESIDUAL_SHAPE_AT_PRIOR_256_GAME_LEAGUE_MEAN,00-0035228,00-0030565,1.1488707833047451,-10.28464733452732,-0.35371035155511893,5.3187318285496135,0.10363037315816367,5.2876552833033115,1.5,6.8362238380061084,1.0,6.560626594387755,49.5,3.3407636414362862,44.48828125,5.139436207807968
2022_09_LA_TB,2022,9,False,False,3.0,29.0,RECONSTRUCTED_STARTER_IDENTITY_NOT_AS_ISSUED_T60,MARKET_TOTAL_RESIDUAL_SHAPE_AT_PRIOR_256_GAME_LEAGUE_MEAN,00-0019596,00-0026498,0.0,0.3010508127931244,3.2744559667177966,2.96143094359386,3.2624139342060716,2.953584486843134,3.0,2.9225070238468165,,,43.0,8.313108774179653,44.48828125,9.05094063258673
2022_09_TEN_KC,2022,9,False,False,3.0,37.0,RECONSTRUCTED_STARTER_IDENTITY_NOT_AS_ISSUED_T60,MARKET_TOTAL_RESIDUAL_SHAPE_AT_PRIOR_256_GAME_LEAGUE_MEAN,00-0033873,00-0038128,0.6458007929833087,-154.2380731820287,6.104014663995067,3.005678731204479,12.299369622995549,4.782124309851982,14.0,6.1913123335813305,11.0,4.828483737244897,45.0,4.8197459423212425,44.48828125,4.417091075064606
2022_09_BAL_NO,2022,9,False,False,-14.0,40.0,RECONSTRUCTED_STARTER_IDENTITY_NOT_AS_ISSUED_T60,MARKET_TOTAL_RESIDUAL_SHAPE_AT_PRIOR_256_GAME_LEAGUE_MEAN,00-0027973,00-0034796,-24.887973067100088,14.57205405848816,0.20620128961282716,7.749041563062888,-1.3721997954107028,7.032124309851982,-1.0,7.517639767209648,-1.0,7.882055165816326,46.0,4.062002579489384,44.48828125,3.524391960020358
2022_10_ATL_CAR,2022,10,False,False,10.0,40.0,RECONSTRUCTED_STARTER_IDENTITY_NOT_AS_ISSUED_T60,MARKET_TOTAL_RESIDUAL_SHAPE_AT_PRIOR_256_GAME_LEAGUE_MEAN,00-0033275,00-0032268,-21.091397087481823,4.430858275106897,-0.3609940971724882,6.804351297576162,-1.381884311676037,7.484557938170566,-2.5,8.327374280483985,-3.0,7.998126594387754,41.5,3.237887535241595,44.59765625,3.765542402498234
2022_10_SEA_TB,2022,10,False,False,5.0,37.0,RECONSTRUCTED_STARTER_IDENTITY_NOT_AS_ISSUED_T60,MARKET_TOTAL_RESIDUAL_SHAPE_AT_PRIOR_256_GAME_LEAGUE_MEAN,00-0019596,00-0030565,0.0,0.6108269937757038,-1.03335586806189,4.60634244801864,-1.0577889478129179,4.625044663834283,2.5,3.1227282627848707,2.5,3.230269451530612,45.0,4.8197459423212425,44.59765625,4.8197459423212425
2022_10_CLE_MIA,2022,10,False,False,22.0,56.0,RECONSTRUCTED_STARTER_IDENTITY_NOT_AS_ISSUED_T60,MARKET_TOTAL_RESIDUAL_SHAPE_AT_PRIOR_256_GAME_LEAGUE_MEAN,00-0036212,00-0033119,2.074873207034189,15.80582961396917,4.569367950812429,11.958112359523064,4.02012969453503,12.83411546029446,3.0,13.067418528271595,3.5,11.614198022959183,49.0,4.71244505736549,44.59765625,6.677046827276994
2022_10_DEN_TEN,2022,10,False,False,7.0,27.0,RECONSTRUCTED_STARTER_IDENTITY_NOT_AS_ISSUED_T60,MARKET_TOTAL_RESIDUAL_SHAPE_AT_PRIOR_256_GAME_LEAGUE_MEAN,00-0029701,00-0029263,19.093030037911916,18.44512066979935,9.498705203582476,2.9260327135053634,9.52462157830698,2.987876522241365,2.5,3.5806928645547815,3.0,3.6320551658163254,40.0,7.619524703383188,44.59765625,11.471294614887615
2022_10_DET_CHI,2022,10,False,False,-1.0,61.0,RECONSTRUCTED_STARTER_IDENTITY_NOT_AS_ISSUED_T60,MARKET_TOTAL_RESIDUAL_SHAPE_AT_PRIOR_256_GAME_LEAGUE_MEAN,00-0036945,00-0033106,13.145121141719219,6.16907355526477,4.616733029273928,3.6085548373991694,4.895774932732106,3.6007083806484417,3.0,3.2919760503954896,2.5,3.426698022959183,48.5,7.264436207807967,44.59765625,10.029922933471685
2022_10_HOU_NYG,2022,10,False,False,8.0,40.0,RECONSTRUCTED_STARTER_IDENTITY_NOT_AS_ISSUED_T60,MARKET_TOTAL_RESIDUAL_SHAPE_AT_PRIOR_256_GAME_LEAGUE_MEAN,00-0035710,00-0036898,26.48984571452925,0.3745155520222587,6.989478146114061,3.0654132444788145,8.034091352614341,2.953584486843134,5.5,3.12272826278487,7.0,3.1409837372448974,41.5,3.237887535241595,44.59765625,3.765542402498234
2022_10_JAX_KC,2022,10,False,False,10.0,44.0,RECONSTRUCTED_STARTER_IDENTITY_NOT_AS_ISSUED_T60,MARKET_TOTAL_RESIDUAL_SHAPE_AT_PRIOR_256_GAME_LEAGUE_MEAN,00-0033873,00-0036971,1.2852395979185527,0.43873337494597653,14.934539440759682,3.3452805011159814,14.968399689678586,3.3341154602944627,10.0,2.9225070238468165,10.0,3.0963408801020416,51.5,4.8197459423212425,44.59765625,3.196958331701774
2022_10_MIN_BUF,2022,10,False,False,-3.0,63.0,RECONSTRUCTED_STARTER_IDENTITY_NOT_AS_ISSUED_T60,MARKET_TOTAL_RESIDUAL_SHAPE_AT_PRIOR_256_GAME_LEAGUE_MEAN,00-0034857,00-0029604,3.268398268398265,3.6504189032593226,6.130946698356129,4.808776076337222,6.115665872961687,4.782124309851982,6.5,5.612772510572481,6.0,5.382055165816325,47.0,10.029922933471681,44.59765625,11.605144172409737
2022_10_NO_PIT,2022,10,False,False,10.0,30.0,RECONSTRUCTED_STARTER_IDENTITY_NOT_AS_ISSUED_T60,MARKET_TOTAL_RESIDUAL_SHAPE_AT_PRIOR_256_GAME_LEAGUE_MEAN,00-0038102,00-0027973,-28.078540790405203,-26.86979057748036,1.454390011261503,6.19373182854961,1.4060400027445092,6.223495991267912,1.0,5.772064545970712,-2.0,7.355269451530612,39.5,5.79319726975487,44.59765625,9.05094063258673
2022_10_IND_LV,2022,10,False,False,-5.0,45.0,RECONSTRUCTED_STARTER_IDENTITY_NOT_AS_ISSUED_T60,MARKET_TOTAL_RESIDUAL_SHAPE_AT_PRIOR_256_GAME_LEAGUE_MEAN,00-0031280,00-0026143,2.2382326849149425,18.006204092036036,1.2671113672454248,3.6085548373991676,0.636392510960581,3.6007083806484417,4.5,5.612772510572481,,,41.0,3.7224008095778824,44.59765625,3.212445057365491
2022_10_ARI_LA,2022,10,False,False,-10.0,44.0,RECONSTRUCTED_STARTER_IDENTITY_NOT_AS_ISSUED_T60,MARKET_TOTAL_RESIDUAL_SHAPE_AT_PRIOR_256_GAME_LEAGUE_MEAN,00-0034899,00-0027688,-53.31077872744541,13.666300164925783,4.886039428208296,8.45921855421333,2.206956272513448,6.4038057257811865,3.5,8.236666315882214,,,38.0,4.333019666771083,44.59765625,3.196958331701774
2022_10_DAL_GB,2022,10,False,False,3.0,59.0,RECONSTRUCTED_STARTER_IDENTITY_NOT_AS_ISSUED_T60,MARKET_TOTAL_RESIDUAL_SHAPE_AT_PRIOR_256_GAME_LEAGUE_MEAN,00-0023459,00-0033077,-1.4243773390114844,1.9694356256614087,-2.648600076715893,4.606342448018641,-2.7843525953028085,4.625044663834286,-3.5,4.745515873404338,-4.5,5.149912308673468,44.5,8.568639747630979,44.59765625,8.568639747630979
2022_10_LAC_SF,2022,10,False,False,6.0,38.0,RECONSTRUCTED_STARTER_IDENTITY_NOT_AS_ISSUED_T60,MARKET_TOTAL_RESIDUAL_SHAPE_AT_PRIOR_256_GAME_LEAGUE_MEAN,00-0031345,00-0036355,2.709663489713443,0.0,6.289109541323914,2.96143094359386,6.397496080912452,2.9535844868431322,8.5,3.111666315882215,6.5,3.0784837372448974,45.5,4.8197459423212425,44.59765625,4.417091075064606
2022_10_WAS_PHI,2022,10,False,False,-11.0,53.0,RECONSTRUCTED_STARTER_IDENTITY_NOT_AS_ISSUED_T60,MARKET_TOTAL_RESIDUAL_SHAPE_AT_PRIOR_256_GAME_LEAGUE_MEAN,00-0036389,00-0031800,8.429298864081481,-4.047295520294547,10.526546569967714,14.19926280200094,11.025610345342754,14.203584486843134,11.0,14.900383130041508,10.5,15.185626594387756,43.0,6.122843287453988,44.59765625,5.139436207807968
2022_11_TEN_GB,2022,11,False,False,-10.0,44.0,RECONSTRUCTED_STARTER_IDENTITY_NOT_AS_ISSUED_T60,MARKET_TOTAL_RESIDUAL_SHAPE_AT_PRIOR_256_GAME_LEAGUE_MEAN,00-0023459,00-0029701,-1.228934196629483,33.34252815028576,-1.4908493908102265,4.808776076337224,-2.873707884686836,3.9392039558696847,3.0,7.517639767209649,2.5,7.882055165816325,40.5,3.4978432874539873,44.609375,3.196958331701774
2022_11_CAR_BAL,2022,11,False,False,10.0,16.0,RECONSTRUCTED_STARTER_IDENTITY_NOT_AS_ISSUED_T60,MARKET_TOTAL_RESIDUAL_SHAPE_AT_PRIOR_256_GAME_LEAGUE_MEAN,00-0034796,00-0034855,12.897231314784507,-19.45009511970015,9.335860991428344,3.0654132444788145,10.629754048807731,2.906018115161716,13.0,3.111666315882215,12.0,3.123126594387756,42.0,18.782135322852213,44.609375,21.69585213701151
2022_11_CHI_ATL,2022,11,False,False,3.0,51.0,RECONSTRUCTED_STARTER_IDENTITY_NOT_AS_ISSUED_T60,MARKET_TOTAL_RESIDUAL_SHAPE_AT_PRIOR_256_GAME_LEAGUE_MEAN,00-0032268,00-0036945,0.0,-0.00590298859879379,3.3041270348441047,2.96143094359386,3.3043631543880565,2.953584486843134,3.0,2.9225070238468165,2.5,3.0963408801020407,48.5,3.340763641436287,44.609375,4.33302027860443
2022_11_CLE_BUF,2022,11,False,False,8.0,54.0,RECONSTRUCTED_STARTER_IDENTITY_NOT_AS_ISSUED_T60,MARKET_TOTAL_RESIDUAL_SHAPE_AT_PRIOR_256_GAME_LEAGUE_MEAN,00-0034857,00-0033119,2.744742229666852,2.3387096774193594,7.963941867690109,2.96143094359386,7.980183169780009,2.953584486843134,7.5,2.9225070238468165,9.0,3.0784837372448974,50.5,3.4978432874539855,44.609375,5.606250367100005
2022_11_DET_NYG,2022,11,False,False,-13.0,49.0,RECONSTRUCTED_STARTER_IDENTITY_NOT_AS_ISSUED_T60,MARKET_TOTAL_RESIDUAL_SHAPE_AT_PRIOR_256_GAME_LEAGUE_MEAN,00-0035710,00-0033106,22.343162699122953,-5.718608480856302,5.951891344275082,11.604130058638109,7.074362191474251,12.448053513391805,3.0,9.765427377829116,3.0,10.105269451530612,44.0,4.001161871524783,44.609375,3.7224008095778807
2022_11_LA_NO,2022,11,False,False,7.0,47.0,RECONSTRUCTED_STARTER_IDENTITY_NOT_AS_ISSUED_T60,MARKET_TOTAL_RESIDUAL_SHAPE_AT_PRIOR_256_GAME_LEAGUE_MEAN,00-0027973,00-0026498,-24.10468319559229,7.7389434735868345,1.4287867254291178,4.606342448018636,0.1550416586619527,5.109557938170567,2.5,3.5806928645547815,,,39.5,4.712445057365489,44.609375,3.340763641436288
2022_11_NYJ_NE,2022,11,False,False,7.0,13.0,RECONSTRUCTED_STARTER_IDENTITY_NOT_AS_ISSUED_T60,MARKET_TOTAL_RESIDUAL_SHAPE_AT_PRIOR_256_GAME_LEAGUE_MEAN,00-0036972,00-0037013,-9.931063067526757,3.893887682283581,4.809643027834963,3.240192005540762,4.25664499784255,3.5000446638342826,3.5,3.3196309176521277,3.5,3.4177694515306127,38.5,18.782135016935545,44.609375,24.653816738781423
2022_11_PHI_IND,2022,11,False,False,-1.0,33.0,RECONSTRUCTED_STARTER_IDENTITY_NOT_AS_ISSUED_T60,MARKET_TOTAL_RESIDUAL_SHAPE_AT_PRIOR_256_GAME_LEAGUE_MEAN,00-0026143,00-0036389,8.884268519493288,-0.6389225045941416,-1.41960164624742,2.9614309435938617,-1.0386740052839227,2.9535844868431322,-6.5,4.304144191988412,-4.0,3.417769451530612,45.5,7.61952470338319,44.609375,6.970188420197349
2022_11_WAS_HOU,2022,11,False,False,-13.0,33.0,RECONSTRUCTED_STARTER_IDENTITY_NOT_AS_ISSUED_T60,MARKET_TOTAL_RESIDUAL_SHAPE_AT_PRIOR_256_GAME_LEAGUE_MEAN,00-0036898,00-0031800,0.39191914341960565,-13.865093240093241,-2.9159333088703443,5.318731828549614,-2.3456528135298305,5.82747829215287,-3.0,5.61277251057248,-2.5,5.9534837372448965,41.0,4.819745942321244,44.609375,6.970188420197349
2022_11_LV_DEN,2022,11,False,False,-6.0,38.0,RECONSTRUCTED_STARTER_IDENTITY_NOT_AS_ISSUED_T60,MARKET_TOTAL_RESIDUAL_SHAPE_AT_PRIOR_256_GAME_LEAGUE_MEAN,00-0029263,00-0031280,20.883925335266397,2.2778130430043397,2.34599895956002,4.344174306425718,3.0902434512505024,4.782124309851984,2.5,5.091754811457437,,,41.5,3.5243919600203553,44.609375,4.417091075064606
2022_11_CIN_PIT,2022,11,False,False,-7.0,67.0,RECONSTRUCTED_STARTER_IDENTITY_NOT_AS_ISSUED_T60,MARKET_TOTAL_RESIDUAL_SHAPE_AT_PRIOR_256_GAME_LEAGUE_MEAN,00-0038102,00-0036442,-21.949536414466706,-0.7760394601464604,-1.6005964288242467,3.345280501115985,-2.4475363069970566,3.3341154602944645,-3.5,3.111666315882214,-6.5,3.0963408801020407,39.0,20.55536510543112,44.609375,15.0166485971885
2022_11_DAL_MIN,2022,11,False,False,-37.0,43.0,RECONSTRUCTED_STARTER_IDENTITY_NOT_AS_ISSUED_T60,MARKET_TOTAL_RESIDUAL_SHAPE_AT_PRIOR_256_GAME_LEAGUE_MEAN,00-0029604,00-0033077,-0.9239516702203243,21.823900343111504,3.724640728715567,32.45147519138147,2.8147266481822943,31.482345548790036,-1.5,27.32848047517425,-1.0,28.50705516581633,48.5,4.062002579489383,44.609375,3.2378875352415974
2022_11_KC_LAC,2022,11,False,False,-3.0,57.0,RECONSTRUCTED_STARTER_IDENTITY_NOT_AS_ISSUED_T60,MARKET_TOTAL_RESIDUAL_SHAPE_AT_PRIOR_256_GAME_LEAGUE_MEAN,00-0036355,00-0033873,1.0077198786876185,1.3260032985156656,-6.078170704971081,3.494616784301824,-6.090902041764203,3.5000446638342826,-5.5,3.319630917652125,-4.0,3.1409837372448965,52.5,3.722400809577879,44.609375,7.264436207807968
2022_11_SF_ARI,2022,11,False,False,-28.0,48.0,RECONSTRUCTED_STARTER_IDENTITY_NOT_AS_ISSUED_T60,MARKET_TOTAL_RESIDUAL_SHAPE_AT_PRIOR_256_GAME_LEAGUE_MEAN,00-0027688,00-0031345,4.188649381971676,-0.9657432587235837,-4.114193578274726,16.008997315275277,-3.908017872646916,16.011106610736938,-10.0,11.384896404377793,-7.0,14.265983737244897,43.5,3.7224008095778807,44.609375,3.4978432874539855
2022_12_BUF_DET,2022,12,False,False,-3.0,53.0,RECONSTRUCTED_STARTER_IDENTITY_NOT_AS_ISSUED_T60,MARKET_TOTAL_RESIDUAL_SHAPE_AT_PRIOR_256_GAME_LEAGUE_MEAN,00-0033106,00-0034857,0.05647622457503054,2.686284744877998,-7.113655844368059,3.8109884657177533,-7.218848185180178,3.8164163452502127,-10.0,4.74551587340434,-8.5,4.2659837372448965,54.0,3.196958331701781,44.4609375,5.606250367100005
2022_12_NYG_DAL,2022,12,False,False,8.0,48.0,RECONSTRUCTED_STARTER_IDENTITY_NOT_AS_ISSUED_T60,MARKET_TOTAL_RESIDUAL_SHAPE_AT_PRIOR_256_GAME_LEAGUE_MEAN,00-0033077,00-0035710,24.028880184173463,4.0602535482417546,10.699714127823263,3.005678731204478,11.498459193260533,2.987876522241363,10.5,3.111666315882215,10.0,3.123126594387755,45.5,3.340763641436288,44.4609375,3.7224008095778807
2022_12_NE_MIN,2022,12,False,False,7.0,59.0,RECONSTRUCTED_STARTER_IDENTITY_NOT_AS_ISSUED_T60,MARKET_TOTAL_RESIDUAL_SHAPE_AT_PRIOR_256_GAME_LEAGUE_MEAN,00-0029604,00-0036972,-1.9921557373128618,-4.003457065010396,3.2254819263836363,3.8109884657177533,3.3059339794915377,3.8164163452502144,2.5,3.5806928645547815,2.5,3.6320551658163254,42.5,10.029922933471688,44.4609375,9.283241517542482
2022_12_ATL_WAS,2022,12,False,False,6.0,32.0,RECONSTRUCTED_STARTER_IDENTITY_NOT_AS_ISSUED_T60,MARKET_TOTAL_RESIDUAL_SHAPE_AT_PRIOR_256_GAME_LEAGUE_MEAN,00-0031800,00-0032268,-8.881678708411389,0.0,4.658856365812962,3.0654132444788145,4.303589217476507,3.25336324790508,3.5,3.1227282627848707,3.5,3.2302694515306127,40.5,5.282135322852218,44.4609375,6.970188420197349
2022_12_BAL_JAX,2022,12,False,False,1.0,55.0,RECONSTRUCTED_STARTER_IDENTITY_NOT_AS_ISSUED_T60,MARKET_TOTAL_RESIDUAL_SHAPE_AT_PRIOR_256_GAME_LEAGUE_MEAN,00-0036971,00-0034796,0.414701699228992,0.0,-6.00989976115884,5.089749527664656,-5.99331169318968,5.109557938170566,-3.5,3.9125512716344275,-4.0,3.9088408801020407,43.0,7.264436207807971,44.4609375,6.677046827276994
2022_12_CHI_NYJ,2022,12,False,False,21.0,41.0,RECONSTRUCTED_STARTER_IDENTITY_NOT_AS_ISSUED_T60,MARKET_TOTAL_RESIDUAL_SHAPE_AT_PRIOR_256_GAME_LEAGUE_MEAN,00-0034401,00-0032156,-0.9191176470588314,17.799999999999994,5.031050796419431,11.139528288726602,4.282286090537078,11.99340749569269,8.5,7.6382149884485875,3.5,10.837412308673471,36.5,3.722399891827865,44.4609375,3.350719393648676
2022_12_CIN_TEN,2022,12,False,False,-4.0,36.0,RECONSTRUCTED_STARTER_IDENTITY_NOT_AS_ISSUED_T60,MARKET_TOTAL_RESIDUAL_SHAPE_AT_PRIOR_256_GAME_LEAGUE_MEAN,00-0029701,00-0036442,22.153260509764984,0.4872011591402936,3.8634299419612854,4.344174306425717,4.7300723159862725,4.782124309851982,-1.0,3.111666315882214,-1.0,3.239198022959184,43.0,4.417091075064609,44.4609375,4.8197459423212425
2022_12_DEN_CAR,2022,12,False,False,13.0,33.0,RECONSTRUCTED_STARTER_IDENTITY_NOT_AS_ISSUED_T60,MARKET_TOTAL_RESIDUAL_SHAPE_AT_PRIOR_256_GAME_LEAGUE_MEAN,00-0034869,00-0029263,-26.797286617492087,12.565789473684209,3.5003927420567105,6.19373182854961,1.9258696984096588,7.484557938170566,-1.0,9.051931802607879,-0.0,7.998126594387754,36.5,3.5243910422703424,44.4609375,6.357356561790269
2022_12_HOU_MIA,2022,12,False,False,15.0,45.0,RECONSTRUCTED_STARTER_IDENTITY_NOT_AS_ISSUED_T60,MARKET_TOTAL_RESIDUAL_SHAPE_AT_PRIOR_256_GAME_LEAGUE_MEAN,00-0036212,00-0034577,5.079844320279259,12.096751452258768,11.867602382910546,3.4946167843018214,11.586926097631364,3.5000446638342826,14.0,2.9844539265016854,14.0,3.140983737244899,47.0,3.237887535241595,44.4609375,3.2478432874539873
2022_12_TB_CLE,2022,12,False,False,6.0,40.0,RECONSTRUCTED_STARTER_IDENTITY_NOT_AS_ISSUED_T60,MARKET_TOTAL_RESIDUAL_SHAPE_AT_PRIOR_256_GAME_LEAGUE_MEAN,00-0033119,00-0019596,3.6543317793317875,2.9105231836324297,-1.900031713231383,5.62072297899209,-1.8702793694034088,5.6438499735688,-3.0,5.772064545970711,-2.5,5.6409837372448965,42.0,3.237887535241595,44.4609375,3.524391960020358
2022_12_LAC_ARI,2022,12,False,False,-1.0,49.0,RECONSTRUCTED_STARTER_IDENTITY_NOT_AS_ISSUED_T60,MARKET_TOTAL_RESIDUAL_SHAPE_AT_PRIOR_256_GAME_LEAGUE_MEAN,00-0035228,00-0036355,-4.8310291858678855,1.1077240078818384,2.4005032968593785,3.005678731204479,2.16295316910939,2.987876522241363,-2.5,3.12272826278487,-2.5,3.230269451530612,48.5,3.21244505736549,44.4609375,4.001161871524783
2022_12_LV_SEA,2022,12,False,False,-6.0,74.0,RECONSTRUCTED_STARTER_IDENTITY_NOT_AS_ISSUED_T60,MARKET_TOTAL_RESIDUAL_SHAPE_AT_PRIOR_256_GAME_LEAGUE_MEAN,00-0030565,00-0031280,3.8248231844057345,2.9381793478260976,7.312023708146525,7.07647519138147,7.347489461609712,7.032124309851983,4.0,5.612772510572481,,,47.5,18.671515853825667,44.4609375,22.473507004268146
2022_12_LA_KC,2022,12,False,False,16.0,36.0,RECONSTRUCTED_STARTER_IDENTITY_NOT_AS_ISSUED_T60,MARKET_TOTAL_RESIDUAL_SHAPE_AT_PRIOR_256_GAME_LEAGUE_MEAN,00-0033873,00-0035939,1.4525522439191363,-62.43540051679586,12.337371780040622,3.8109884657177515,14.89288989046922,3.073053513391807,16.5,2.909232687563631,,,42.0,4.0620025794893815,44.4609375,4.8197459423212425
2022_12_NO_SF,2022,12,False,False,13.0,13.0,RECONSTRUCTED_STARTER_IDENTITY_NOT_AS_ISSUED_T60,MARKET_TOTAL_RESIDUAL_SHAPE_AT_PRIOR_256_GAME_LEAGUE_MEAN,00-0031345,00-0027973,8.618602873439318,-7.131959412006861,8.498451299943326,4.182669881646956,9.128473791361174,3.8164163452502144,9.5,3.3196309176521277,9.5,3.4177694515306127,44.0,23.662666296303545,44.4609375,23.662666296303545
2022_12_GB_PHI,2022,12,False,False,7.0,73.0,RECONSTRUCTED_STARTER_IDENTITY_NOT_AS_ISSUED_T60,MARKET_TOTAL_RESIDUAL_SHAPE_AT_PRIOR_256_GAME_LEAGUE_MEAN,00-0036389,00-0023459,-0.6025595095932035,1.2293100669904966,7.462756962173607,2.96143094359386,7.389482179110259,2.953584486843133,6.5,2.9225070238468165,6.5,3.0963408801020416,46.0,19.6095689511708,44.4609375,21.51111762373717
2022_12_PIT_IND,2022,12,False,False,-7.0,41.0,RECONSTRUCTED_STARTER_IDENTITY_NOT_AS_ISSUED_T60,MARKET_TOTAL_RESIDUAL_SHAPE_AT_PRIOR_256_GAME_LEAGUE_MEAN,00-0026143,00-0038102,10.625604354936913,-12.679813701214481,4.087888340941054,5.859661032089433,5.02010506318711,6.4038057257811865,2.5,5.612772510572481,4.0,6.560626594387755,40.0,3.2478432874539855,44.4609375,3.350719393648676
2022_13_BUF_NE,2022,13,False,False,-14.0,34.0,RECONSTRUCTED_STARTER_IDENTITY_NOT_AS_ISSUED_T60,MARKET_TOTAL_RESIDUAL_SHAPE_AT_PRIOR_256_GAME_LEAGUE_MEAN,00-0036972,00-0034857,-13.67069486404835,2.4818796068796,-3.0665654289226314,5.859661032089438,-3.71266840775975,5.287655283303312,-3.5,5.61277251057248,-4.0,5.9534837372448965,43.5,5.793197269754872,44.51953125,6.357356561790269
2022_13_CLE_HOU,2022,13,False,False,-13.0,41.0,RECONSTRUCTED_STARTER_IDENTITY_NOT_AS_ISSUED_T60,MARKET_TOTAL_RESIDUAL_SHAPE_AT_PRIOR_256_GAME_LEAGUE_MEAN,00-0034577,00-0033537,19.288500800352715,55.682191617124246,-3.8853393397050695,4.808776076337222,-5.341086972375931,4.333009265604199,-7.5,3.539763661014958,-9.5,3.239198022959183,47.0,4.0620025794893815,44.51953125,3.524391960020358
2022_13_DEN_BAL,2022,13,False,False,1.0,19.0,RECONSTRUCTED_STARTER_IDENTITY_NOT_AS_ISSUED_T60,MARKET_TOTAL_RESIDUAL_SHAPE_AT_PRIOR_256_GAME_LEAGUE_MEAN,00-0035993,00-0029263,-51.01061571125265,12.888457269700337,11.30001138145849,5.318731828549611,8.74404846222037,4.333009265604197,9.5,5.091754811457437,8.5,4.828483737244897,40.5,15.015542402498236,44.51953125,18.782135322852216
2022_13_GB_CHI,2022,13,False,False,-9.0,47.0,RECONSTRUCTED_STARTER_IDENTITY_NOT_AS_ISSUED_T60,MARKET_TOTAL_RESIDUAL_SHAPE_AT_PRIOR_256_GAME_LEAGUE_MEAN,00-0036945,00-0023459,-7.063233924290313,-4.231404958677687,-0.15186506922053014,4.808776076337224,-0.26513822784503516,4.782124309851983,-4.0,3.539763661014957,-3.0,3.980269451530612,45.0,3.340763641436288,44.51953125,3.340763641436288
2022_13_JAX_DET,2022,13,False,False,26.0,54.0,RECONSTRUCTED_STARTER_IDENTITY_NOT_AS_ISSUED_T60,MARKET_TOTAL_RESIDUAL_SHAPE_AT_PRIOR_256_GAME_LEAGUE_MEAN,00-0033106,00-0036971,0.06970811580446767,0.44423390103951466,4.051298142124097,16.32758138607173,4.036317110714695,16.335221654984725,1.0,18.451268085793718,1.0,17.551698022959183,51.5,3.340763641436288,44.51953125,5.606250367100005
2022_13_NYJ_MIN,2022,13,False,False,5.0,49.0,RECONSTRUCTED_STARTER_IDENTITY_NOT_AS_ISSUED_T60,MARKET_TOTAL_RESIDUAL_SHAPE_AT_PRIOR_256_GAME_LEAGUE_MEAN,00-0029604,00-0034401,-2.3466061241122382,14.151246983105391,6.343060539418357,2.913864571912444,5.683146415129652,2.906018115161716,3.0,3.1227282627848707,3.0,3.230269451530612,44.0,4.001161871524783,44.51953125,3.7224008095778807
2022_13_PIT_ATL,2022,13,False,False,-3.0,35.0,RECONSTRUCTED_STARTER_IDENTITY_NOT_AS_ISSUED_T60,MARKET_TOTAL_RESIDUAL_SHAPE_AT_PRIOR_256_GAME_LEAGUE_MEAN,00-0032268,00-0038102,0.0,-8.317225085910652,1.257812298951294,3.1439530674876623,1.59050130238772,3.334115460294461,-1.0,2.97781675836009,2.0,3.6677694515306127,43.0,4.819745942321245,44.51953125,5.793197269754872
2022_13_TEN_PHI,2022,13,False,False,25.0,45.0,RECONSTRUCTED_STARTER_IDENTITY_NOT_AS_ISSUED_T60,MARKET_TOTAL_RESIDUAL_SHAPE_AT_PRIOR_256_GAME_LEAGUE_MEAN,00-0036389,00-0029701,-0.6280744459658205,16.880616174582784,2.9334831407908406,16.327581386071735,2.2331355159688964,17.246726079763487,5.0,13.926931802607879,5.5,12.408840880102039,44.5,3.212445057365491,44.51953125,3.212445057365491
2022_13_WAS_NYG,2022,13,False,False,0.0,40.0,RECONSTRUCTED_STARTER_IDENTITY_NOT_AS_ISSUED_T60,MARKET_TOTAL_RESIDUAL_SHAPE_AT_PRIOR_256_GAME_LEAGUE_MEAN,00-0035710,00-0031800,3.9186404300176614,-6.1936267221726515,-0.8312508869413068,3.0654132444788162,-0.4267602008536943,2.953584486843133,-2.5,3.319630917652127,-1.0,3.1409837372448974,40.0,3.212445057365489,44.51953125,3.765542402498234
2022_13_MIA_SF,2022,13,False,False,16.0,50.0,RECONSTRUCTED_STARTER_IDENTITY_NOT_AS_ISSUED_T60,MARKET_TOTAL_RESIDUAL_SHAPE_AT_PRIOR_256_GAME_LEAGUE_MEAN,00-0037834,00-0036212,-131.4870259481038,21.917791401000166,5.080097293260496,7.4536875807620016,-1.056095400703662,11.99340749569269,4.5,6.970073395528233,3.5,7.355269451530613,46.0,3.7224008095778807,44.51953125,4.001161871524783
2022_13_SEA_LA,2022,13,False,False,-4.0,50.0,RECONSTRUCTED_STARTER_IDENTITY_NOT_AS_ISSUED_T60,MARKET_TOTAL_RESIDUAL_SHAPE_AT_PRIOR_256_GAME_LEAGUE_MEAN,00-0034899,00-0030565,-37.897075601993635,3.7185592185592142,-0.2733815873459662,3.143953067487666,-1.9380069801680802,2.912655283303314,-7.0,3.3196309176521286,,,41.0,5.606250367100007,44.51953125,4.001161871524783
2022_13_KC_CIN,2022,13,False,False,3.0,51.0,RECONSTRUCTED_STARTER_IDENTITY_NOT_AS_ISSUED_T60,MARKET_TOTAL_RESIDUAL_SHAPE_AT_PRIOR_256_GAME_LEAGUE_MEAN,00-0036442,00-0033873,0.7954606790090191,1.3622931442080377,-1.5374861158298063,4.182669881646957,-1.560159414437767,4.189203955869685,-2.5,4.30414419198841,-0.5,3.6320551658163263,53.0,3.2378875352415957,44.51953125,4.33302027860443
2022_13_LAC_LV,2022,13,False,False,7.0,47.0,RECONSTRUCTED_STARTER_IDENTITY_NOT_AS_ISSUED_T60,MARKET_TOTAL_RESIDUAL_SHAPE_AT_PRIOR_256_GAME_LEAGUE_MEAN,00-0031280,00-0036355,2.236652236652237,1.0158204562178197,2.2078203431776,4.182669881646956,2.2566536143949767,4.189203955869681,2.5,3.5806928645547815,,,49.0,3.2378875352415966,44.51953125,3.340763641436288
2022_13_IND_DAL,2022,13,False,False,35.0,73.0,RECONSTRUCTED_STARTER_IDENTITY_NOT_AS_ISSUED_T60,MARKET_TOTAL_RESIDUAL_SHAPE_AT_PRIOR_256_GAME_LEAGUE_MEAN,00-0033077,00-0026143,13.669776778246568,2.133436427949298,10.29472658423826,19.094174306425714,10.756180198250151,18.17039864613517,11.0,17.526489324731774,10.0,17.551698022959183,44.5,20.555365411347793,44.51953125,20.555365411347793
2022_13_NO_TB,2022,13,False,False,1.0,33.0,RECONSTRUCTED_STARTER_IDENTITY_NOT_AS_ISSUED_T60,MARKET_TOTAL_RESIDUAL_SHAPE_AT_PRIOR_256_GAME_LEAGUE_MEAN,00-0019596,00-0027973,2.801443236197909,-14.0187478500172,6.204718656569521,3.345280501115984,6.8775263000181255,3.6007083806484426,3.5,3.111666315882215,4.0,3.239198022959184,41.0,4.819745942321244,44.51953125,6.970188420197349
2022_14_LV_LA,2022,14,False,False,1.0,33.0,RECONSTRUCTED_STARTER_IDENTITY_NOT_AS_ISSUED_T60,MARKET_TOTAL_RESIDUAL_SHAPE_AT_PRIOR_256_GAME_LEAGUE_MEAN,00-0034855,00-0031280,-18.858746114407975,2.3807965882497673,0.6090328662177217,2.961430943593858,-0.240548841888588,3.073053513391806,-6.5,5.2388787052627475,,,42.5,5.793197269754875,44.21484375,6.357356561790269
2022_14_BAL_PIT,2022,14,False,False,-2.0,30.0,RECONSTRUCTED_STARTER_IDENTITY_NOT_AS_ISSUED_T60,MARKET_TOTAL_RESIDUAL_SHAPE_AT_PRIOR_256_GAME_LEAGUE_MEAN,00-0033869,00-0035993,15.870300751879697,-23.739844138617162,-1.3069985815853307,2.9138645719124456,0.2774072140345437,2.9126552833033115,1.5,3.2919760503954896,3.0,3.667769451530612,37.0,4.417090157314591,44.21484375,8.31310877417965
2022_14_CLE_CIN,2022,14,False,False,13.0,33.0,RECONSTRUCTED_STARTER_IDENTITY_NOT_AS_ISSUED_T60,MARKET_TOTAL_RESIDUAL_SHAPE_AT_PRIOR_256_GAME_LEAGUE_MEAN,00-0036442,00-0033537,1.0400665642601226,55.639388740374265,7.606746396187455,4.182669881646956,5.422773509142888,5.643849973568797,4.5,5.238878705262747,4.0,5.640983737244897,47.0,8.313108774179646,44.21484375,6.357356561790269
2022_14_HOU_DAL,2022,14,False,False,4.0,50.0,RECONSTRUCTED_STARTER_IDENTITY_NOT_AS_ISSUED_T60,MARKET_TOTAL_RESIDUAL_SHAPE_AT_PRIOR_256_GAME_LEAGUE_MEAN,00-0033077,00-0036898,8.471352912855078,13.570975869299872,16.96976197149341,7.076475191381467,16.765777053235617,7.032124309851982,17.0,7.517639767209649,17.5,8.587412308673471,44.5,4.001161871524783,44.21484375,4.33302027860443
2022_14_JAX_TEN,2022,14,False,False,-14.0,58.0,RECONSTRUCTED_STARTER_IDENTITY_NOT_AS_ISSUED_T60,MARKET_TOTAL_RESIDUAL_SHAPE_AT_PRIOR_256_GAME_LEAGUE_MEAN,00-0029701,00-0036971,9.418737322515213,1.2603482199205596,10.769775270873788,16.930457492266427,11.096110834977573,16.930354398347557,3.0,10.560781360130001,4.0,11.703483737244898,42.0,10.029922933471681,44.21484375,8.568639747630979
2022_14_MIN_DET,2022,14,False,False,11.0,57.0,RECONSTRUCTED_STARTER_IDENTITY_NOT_AS_ISSUED_T60,MARKET_TOTAL_RESIDUAL_SHAPE_AT_PRIOR_256_GAME_LEAGUE_MEAN,00-0033106,00-0029604,0.07286123618501783,-2.155336585126122,-3.3337711626801503,9.587537138284128,-3.2446432498277047,9.625044663834288,2.5,5.238878705262747,-1.0,7.355269451530613,51.5,4.001161871524783,44.21484375,7.892754791878765
2022_14_NYJ_BUF,2022,14,False,False,8.0,32.0,RECONSTRUCTED_STARTER_IDENTITY_NOT_AS_ISSUED_T60,MARKET_TOTAL_RESIDUAL_SHAPE_AT_PRIOR_256_GAME_LEAGUE_MEAN,00-0034857,00-0034401,1.5762361772336808,16.958274245269767,11.347710600519912,3.005678731204478,10.73242907779847,2.987876522241363,10.0,2.977816758360091,9.0,3.0784837372448974,43.5,6.970188420197349,44.21484375,6.970188420197349
2022_14_PHI_NYG,2022,14,False,False,-26.0,70.0,RECONSTRUCTED_STARTER_IDENTITY_NOT_AS_ISSUED_T60,MARKET_TOTAL_RESIDUAL_SHAPE_AT_PRIOR_256_GAME_LEAGUE_MEAN,00-0035710,00-0036389,3.9654724818276144,-0.21412037037036313,-5.342836804749531,13.31430704978855,-5.175653090661613,13.318628734630746,-7.5,11.384896404377791,-7.0,12.542769451530612,44.5,17.743418508692923,44.21484375,18.671515853825667
2022_14_KC_DEN,2022,14,False,False,-6.0,62.0,RECONSTRUCTED_STARTER_IDENTITY_NOT_AS_ISSUED_T60,MARKET_TOTAL_RESIDUAL_SHAPE_AT_PRIOR_256_GAME_LEAGUE_MEAN,00-0029263,00-0033873,5.003561253561251,1.3934159061277596,-10.633333026595274,4.182669881646959,-10.488927212697934,3.8164163452502153,-8.5,3.3196309176521277,-7.0,3.1409837372448965,44.5,10.806471606038055,44.21484375,11.605144172409737
2022_14_CAR_SEA,2022,14,False,False,-6.0,54.0,RECONSTRUCTED_STARTER_IDENTITY_NOT_AS_ISSUED_T60,MARKET_TOTAL_RESIDUAL_SHAPE_AT_PRIOR_256_GAME_LEAGUE_MEAN,00-0030565,00-0034869,0.0,-37.33381364073007,7.138372781366306,7.07647519138147,8.63172532699551,8.427035814276763,3.5,5.612772510572481,6.0,7.2034837372448965,44.5,5.606250367100005,44.21484375,6.1228432874539855
2022_14_TB_SF,2022,14,False,False,28.0,42.0,RECONSTRUCTED_STARTER_IDENTITY_NOT_AS_ISSUED_T60,MARKET_TOTAL_RESIDUAL_SHAPE_AT_PRIOR_256_GAME_LEAGUE_MEAN,00-0037834,00-0019596,-78.53827971866714,2.677081786497326,6.315240354507405,16.327581386071735,3.066625894300826,19.105133159409505,3.5,17.526489324731774,2.5,17.55169802295918,38.0,3.722400197744534,44.21484375,3.2378875352415974
2022_14_MIA_LAC,2022,14,False,False,6.0,40.0,RECONSTRUCTED_STARTER_IDENTITY_NOT_AS_ISSUED_T60,MARKET_TOTAL_RESIDUAL_SHAPE_AT_PRIOR_256_GAME_LEAGUE_MEAN,00-0036355,00-0036212,1.0045706505883434,34.34102262709371,-0.7590446087697091,5.089749527664657,-2.0925026878299238,5.6438499735688,-3.0,5.772064545970711,-0.5,4.685626594387755,54.5,9.050940632586732,44.21484375,3.524391960020358
2022_14_NE_ARI,2022,14,False,False,-14.0,40.0,RECONSTRUCTED_STARTER_IDENTITY_NOT_AS_ISSUED_T60,MARKET_TOTAL_RESIDUAL_SHAPE_AT_PRIOR_256_GAME_LEAGUE_MEAN,00-0027688,00-0036972,16.33022774327122,-14.262253324753328,0.12011083605569184,7.749041563062888,1.3438100787766738,8.427035814276762,-2.0,6.8362238380061084,-0.5,7.882055165816326,44.0,3.524391960020358,44.21484375,3.524391960020358
2022_15_SF_SEA,2022,15,False,False,-8.0,34.0,RECONSTRUCTED_STARTER_IDENTITY_NOT_AS_ISSUED_T60,MARKET_TOTAL_RESIDUAL_SHAPE_AT_PRIOR_256_GAME_LEAGUE_MEAN,00-0030565,00-0037834,0.0,-39.929401993355484,-3.48561737467282,3.3452805011159867,-1.8884412949386007,3.6007083806484452,-3.0,3.539763661014957,-3.0,3.667769451530612,43.0,5.282135322852219,44.7109375,6.357356561790269
2022_15_IND_MIN,2022,15,False,False,3.0,75.0,RECONSTRUCTED_STARTER_IDENTITY_NOT_AS_ISSUED_T60,MARKET_TOTAL_RESIDUAL_SHAPE_AT_PRIOR_256_GAME_LEAGUE_MEAN,00-0029604,00-0026143,-1.2396844660194084,-0.48891626370526353,7.5099405195881355,3.345280501115984,7.47990979149557,3.130575637285612,3.5,2.909232687563631,4.5,3.123126594387755,46.5,20.55536541134779,44.7109375,22.473507004268146
2022_15_BAL_CLE,2022,15,False,False,10.0,16.0,RECONSTRUCTED_STARTER_IDENTITY_NOT_AS_ISSUED_T60,MARKET_TOTAL_RESIDUAL_SHAPE_AT_PRIOR_256_GAME_LEAGUE_MEAN,00-0033537,00-0035993,50.68493150684932,-14.03439533103712,-1.7989700589861513,8.137315899346072,0.789803014529306,6.223495991267912,2.5,4.745515873404339,4.0,4.265983737244897,39.5,16.873949482144248,44.7109375,21.69585213701151
2022_15_MIA_BUF,2022,15,False,False,3.0,61.0,RECONSTRUCTED_STARTER_IDENTITY_NOT_AS_ISSUED_T60,MARKET_TOTAL_RESIDUAL_SHAPE_AT_PRIOR_256_GAME_LEAGUE_MEAN,00-0034857,00-0036212,1.7118675196669653,36.48943873980897,9.925236497649648,3.947050412620407,8.534133648843968,3.6007083806484435,7.0,3.2919760503954896,7.0,3.426698022959184,44.0,10.806471606038055,44.7109375,10.029922933471685
2022_15_ATL_NO,2022,15,False,False,3.0,39.0,RECONSTRUCTED_STARTER_IDENTITY_NOT_AS_ISSUED_T60,MARKET_TOTAL_RESIDUAL_SHAPE_AT_PRIOR_256_GAME_LEAGUE_MEAN,00-0027973,00-0038122,-3.147508751738348,6.970319532835512,3.7586253483019574,2.913864571912442,3.353912216919003,2.953584486843134,5.0,2.977816758360091,4.0,3.0784837372448974,43.5,3.765542402498234,44.7109375,4.062002579489384
2022_15_DAL_JAX,2022,15,False,False,6.0,74.0,RECONSTRUCTED_STARTER_IDENTITY_NOT_AS_ISSUED_T60,MARKET_TOTAL_RESIDUAL_SHAPE_AT_PRIOR_256_GAME_LEAGUE_MEAN,00-0036971,00-0033077,1.314136278634881,9.01323891625616,-7.100236278101456,8.84859908518678,-7.4082003836063075,8.881681831975875,-4.0,6.345073395528232,-4.0,6.167769451530612,48.5,17.743418508692923,44.7109375,21.51111762373717
2022_15_DET_NYJ,2022,15,False,False,-3.0,37.0,RECONSTRUCTED_STARTER_IDENTITY_NOT_AS_ISSUED_T60,MARKET_TOTAL_RESIDUAL_SHAPE_AT_PRIOR_256_GAME_LEAGUE_MEAN,00-0037013,00-0033106,-17.07145704604347,0.10475669946008459,2.4940977634795036,3.345280501115984,1.8070492136593614,3.334115460294461,2.0,3.539763661014958,1.0,3.426698022959184,44.0,4.417091075064606,44.7109375,4.8197459423212425
2022_15_KC_HOU,2022,15,False,False,-6.0,54.0,RECONSTRUCTED_STARTER_IDENTITY_NOT_AS_ISSUED_T60,MARKET_TOTAL_RESIDUAL_SHAPE_AT_PRIOR_256_GAME_LEAGUE_MEAN,00-0036898,00-0033873,7.077109304730134,0.9060381956728092,-13.580943904100359,5.62072297899209,-13.334101059738066,5.109557938170569,-14.5,5.772064545970711,-12.5,4.685626594387754,48.5,4.001161871524782,44.7109375,5.606250367100005
2022_15_PHI_CHI,2022,15,False,False,-5.0,45.0,RECONSTRUCTED_STARTER_IDENTITY_NOT_AS_ISSUED_T60,MARKET_TOTAL_RESIDUAL_SHAPE_AT_PRIOR_256_GAME_LEAGUE_MEAN,00-0036945,00-0036389,-11.419172932330834,-0.35427538154622074,-8.49117712537175,3.494616784301825,-8.933773027403136,3.8164163452502127,-8.5,3.5806928645547815,-8.5,3.6320551658163254,48.0,3.350719393648677,44.7109375,3.212445057365491
2022_15_PIT_CAR,2022,15,False,False,-8.0,40.0,RECONSTRUCTED_STARTER_IDENTITY_NOT_AS_ISSUED_T60,MARKET_TOTAL_RESIDUAL_SHAPE_AT_PRIOR_256_GAME_LEAGUE_MEAN,00-0034869,00-0033869,-36.62792476693662,10.927033492822957,1.7961878993056417,5.318731828549612,-0.10601043108474158,4.333009265604196,2.5,6.1913123335813305,2.5,6.560626594387754,36.5,3.4978423697039718,44.7109375,3.765542402498234
2022_15_ARI_DEN,2022,15,False,False,9.0,39.0,RECONSTRUCTED_STARTER_IDENTITY_NOT_AS_ISSUED_T60,MARKET_TOTAL_RESIDUAL_SHAPE_AT_PRIOR_256_GAME_LEAGUE_MEAN,00-0034955,00-0027688,-48.00925675309911,13.576518772513158,-0.30301808043140227,6.1937318285496135,-2.7664491014558927,8.168186256754641,1.5,4.745515873404339,3.0,4.2659837372448965,37.5,3.2478426756206407,44.7109375,4.062002579489384
2022_15_NE_LV,2022,15,False,False,6.0,54.0,RECONSTRUCTED_STARTER_IDENTITY_NOT_AS_ISSUED_T60,MARKET_TOTAL_RESIDUAL_SHAPE_AT_PRIOR_256_GAME_LEAGUE_MEAN,00-0031280,00-0036972,2.126568963058051,-11.725943882627487,-0.07878642423120255,4.60634244801864,0.475314089596219,4.6250446638342835,1.0,3.9125512716344284,,,45.0,5.606250367100005,44.7109375,5.606250367100005
2022_15_CIN_TB,2022,15,False,False,-11.0,57.0,RECONSTRUCTED_STARTER_IDENTITY_NOT_AS_ISSUED_T60,MARKET_TOTAL_RESIDUAL_SHAPE_AT_PRIOR_256_GAME_LEAGUE_MEAN,00-0019596,00-0036442,2.606523852626652,2.116847826086965,-1.5081896197164952,4.808776076337223,-1.4886025786549077,5.287655283303311,-3.5,4.1968433070326565,-3.5,4.364198022959183,47.0,6.122843287453983,44.7109375,7.264436207807968
2022_15_TEN_LAC,2022,15,False,False,3.0,31.0,RECONSTRUCTED_STARTER_IDENTITY_NOT_AS_ISSUED_T60,MARKET_TOTAL_RESIDUAL_SHAPE_AT_PRIOR_256_GAME_LEAGUE_MEAN,00-0036355,00-0029701,1.005123793851448,6.109494532313331,1.1224038816337634,3.2401920055407603,0.9182290520952879,3.25336324790508,3.0,2.9225070238468165,3.0,3.0963408801020407,46.5,9.821958331701769,44.7109375,8.31310877417965
2022_15_NYG_WAS,2022,15,False,False,-8.0,32.0,RECONSTRUCTED_STARTER_IDENTITY_NOT_AS_ISSUED_T60,MARKET_TOTAL_RESIDUAL_SHAPE_AT_PRIOR_256_GAME_LEAGUE_MEAN,00-0031800,00-0035710,-5.769230769230771,4.1073761431011935,6.745650735973359,8.45921855421333,6.3505864594800805,7.7069030709139295,4.5,7.517639767209649,4.5,7.882055165816326,40.5,5.282135322852218,44.7109375,7.61952470338319
2022_15_LA_GB,2022,15,False,False,12.0,36.0,RECONSTRUCTED_STARTER_IDENTITY_NOT_AS_ISSUED_T60,MARKET_TOTAL_RESIDUAL_SHAPE_AT_PRIOR_256_GAME_LEAGUE_MEAN,00-0023459,00-0034855,-4.317868998461649,-12.910862658846533,4.292542748295719,5.620722978992087,4.636262494711113,5.109557938170566,8.0,3.5806928645547815,,,39.5,3.524391960020356,44.7109375,5.282135322852216
2022_16_JAX_NYJ,2022,16,False,False,-16.0,22.0,RECONSTRUCTED_STARTER_IDENTITY_NOT_AS_ISSUED_T60,MARKET_TOTAL_RESIDUAL_SHAPE_AT_PRIOR_256_GAME_LEAGUE_MEAN,00-0037013,00-0036971,-15.666026256804354,1.32758805841926,3.0741365089404282,11.604130058638109,2.394391936331483,10.76995616825906,2.5,12.235560121191948,-0.0,10.105269451530612,36.5,9.050939714836716,44.63671875,15.939214968869916
2022_16_ATL_BAL,2022,16,False,False,8.0,26.0,RECONSTRUCTED_STARTER_IDENTITY_NOT_AS_ISSUED_T60,MARKET_TOTAL_RESIDUAL_SHAPE_AT_PRIOR_256_GAME_LEAGUE_MEAN,00-0035993,00-0038122,-19.806263269639057,-64.56851119894597,8.754426467541535,2.913864571912444,10.54491638471381,2.987876522241363,6.5,2.9844539265016854,8.5,3.0784837372448974,35.0,5.282131957768812,44.63671875,12.329701694533632
2022_16_BUF_CHI,2022,16,False,False,-22.0,48.0,RECONSTRUCTED_STARTER_IDENTITY_NOT_AS_ISSUED_T60,MARKET_TOTAL_RESIDUAL_SHAPE_AT_PRIOR_256_GAME_LEAGUE_MEAN,00-0036945,00-0034857,1.4732586182437224,1.8441585514756165,-11.377330887029602,5.859661032089438,-11.392166884358879,5.82747829215287,-8.0,8.236666315882214,-7.5,8.58741230867347,40.0,5.139436207807966,44.63671875,3.4978432874539855
2022_16_CIN_NE,2022,16,False,False,-4.0,40.0,RECONSTRUCTED_STARTER_IDENTITY_NOT_AS_ISSUED_T60,MARKET_TOTAL_RESIDUAL_SHAPE_AT_PRIOR_256_GAME_LEAGUE_MEAN,00-0036972,00-0036442,-12.063279857397502,2.873620932052545,-2.567379140111216,2.9138645719124465,-3.1648551716892177,2.9060181151617197,-3.0,2.9092326875636303,-3.5,3.0963408801020407,42.0,3.237887535241595,44.63671875,3.765542402498234
2022_16_DET_CAR,2022,16,False,False,14.0,60.0,RECONSTRUCTED_STARTER_IDENTITY_NOT_AS_ISSUED_T60,MARKET_TOTAL_RESIDUAL_SHAPE_AT_PRIOR_256_GAME_LEAGUE_MEAN,00-0034869,00-0033106,-33.2705751334186,0.0,0.03472853097206098,9.587537138284127,-1.2960944743646832,10.392743778878533,-2.5,11.388214988448588,-2.5,10.83741230867347,43.5,10.029922933471685,44.63671875,9.283241517542482
2022_16_NO_CLE,2022,16,False,False,-7.0,27.0,RECONSTRUCTED_STARTER_IDENTITY_NOT_AS_ISSUED_T60,MARKET_TOTAL_RESIDUAL_SHAPE_AT_PRIOR_256_GAME_LEAGUE_MEAN,00-0033537,00-0027973,49.78174603174603,-9.95423340961099,4.624512515766692,6.442625633859346,7.013951693420973,7.70690307091393,3.0,5.612772510572481,4.0,6.560626594387755,32.0,3.765520376497765,44.63671875,11.471294614887615
2022_16_NYG_MIN,2022,16,False,False,3.0,51.0,RECONSTRUCTED_STARTER_IDENTITY_NOT_AS_ISSUED_T60,MARKET_TOTAL_RESIDUAL_SHAPE_AT_PRIOR_256_GAME_LEAGUE_MEAN,00-0029604,00-0035710,-0.31415343915344174,0.0,7.622057604551083,3.345280501115984,7.609491466984945,3.3341154602944627,4.5,2.977816758360091,4.5,3.123126594387755,48.0,3.4978432874539864,44.63671875,4.33302027860443
2022_16_SEA_KC,2022,16,False,False,14.0,34.0,RECONSTRUCTED_STARTER_IDENTITY_NOT_AS_ISSUED_T60,MARKET_TOTAL_RESIDUAL_SHAPE_AT_PRIOR_256_GAME_LEAGUE_MEAN,00-0033873,00-0030565,0.9237421383647915,0.0,11.08394688284493,3.4946167843018223,11.120896568379521,3.5000446638342826,10.5,3.3196309176521277,10.0,3.6320551658163263,50.5,10.628374260905314,44.63671875,6.357356561790269
2022_16_HOU_TEN,2022,16,False,False,-5.0,33.0,RECONSTRUCTED_STARTER_IDENTITY_NOT_AS_ISSUED_T60,MARKET_TOTAL_RESIDUAL_SHAPE_AT_PRIOR_256_GAME_LEAGUE_MEAN,00-0038128,00-0036898,-92.13885429638854,10.839389534883704,11.203338279033652,9.203687580761999,7.08420852578276,6.403805725781187,3.0,4.6194096787140735,8.5,8.587412308673471,34.0,3.196952213368312,44.63671875,6.970188420197349
2022_16_WAS_SF,2022,16,False,False,17.0,57.0,RECONSTRUCTED_STARTER_IDENTITY_NOT_AS_ISSUED_T60,MARKET_TOTAL_RESIDUAL_SHAPE_AT_PRIOR_256_GAME_LEAGUE_MEAN,00-0037834,00-0031800,-16.90691680652121,-9.004484043792216,10.48357272372723,5.089749527664654,10.16747541321807,5.109557938170568,6.5,6.345073395528233,7.0,6.167769451530613,37.5,12.424833826063118,44.63671875,7.264436207807968
2022_16_PHI_DAL,2022,16,False,False,6.0,74.0,RECONSTRUCTED_STARTER_IDENTITY_NOT_AS_ISSUED_T60,MARKET_TOTAL_RESIDUAL_SHAPE_AT_PRIOR_256_GAME_LEAGUE_MEAN,00-0033077,00-0035289,-0.8716194200065086,-26.680963397315516,1.505582978897455,3.8109884657177533,2.5379567379898154,3.5000446638342844,4.0,3.1227282627848707,4.0,3.2302694515306127,48.0,18.671515853825667,44.63671875,21.51111762373717
2022_16_LV_PIT,2022,16,False,False,3.0,23.0,RECONSTRUCTED_STARTER_IDENTITY_NOT_AS_ISSUED_T60,MARKET_TOTAL_RESIDUAL_SHAPE_AT_PRIOR_256_GAME_LEAGUE_MEAN,00-0038102,00-0031280,-18.997830693169206,2.155758063539026,2.746067702320279,2.96143094359386,1.8999241520519496,3.0730535133918053,2.5,2.9225070238468165,,,38.5,9.821958025785104,44.63671875,15.015542402498234
2022_16_GB_MIA,2022,16,False,False,-6.0,46.0,RECONSTRUCTED_STARTER_IDENTITY_NOT_AS_ISSUED_T60,MARKET_TOTAL_RESIDUAL_SHAPE_AT_PRIOR_256_GAME_LEAGUE_MEAN,00-0036212,00-0023459,25.64422241147706,-4.458034758257146,3.3131448281219855,4.808776076337222,4.517235114911354,5.8274782921528665,3.5,5.612772510572481,3.5,5.953483737244897,49.0,3.350719393648675,44.63671875,3.2478432874539873
2022_16_DEN_LA,2022,16,False,False,37.0,65.0,RECONSTRUCTED_STARTER_IDENTITY_NOT_AS_ISSUED_T60,MARKET_TOTAL_RESIDUAL_SHAPE_AT_PRIOR_256_GAME_LEAGUE_MEAN,00-0034855,00-0029263,-10.261612063222913,15.898583908180065,4.39816863835711,26.794395545363766,3.3517607995009917,27.78433669923251,-3.0,33.07405569641318,,,36.5,20.55536449359778,44.63671875,13.268860986569031
2022_16_TB_ARI,2022,16,False,False,-3.0,35.0,RECONSTRUCTED_STARTER_IDENTITY_NOT_AS_ISSUED_T60,MARKET_TOTAL_RESIDUAL_SHAPE_AT_PRIOR_256_GAME_LEAGUE_MEAN,00-0035146,00-0019596,-28.844309941870904,2.637842169092175,-1.544957914059105,2.9138645719124447,-2.804243998497628,2.953584486843136,-7.5,3.9125512716344284,-4.5,3.230269451530612,41.5,4.4170910750646035,44.63671875,5.793197269754872
2022_16_LAC_IND,2022,16,False,False,-17.0,23.0,RECONSTRUCTED_STARTER_IDENTITY_NOT_AS_ISSUED_T60,MARKET_TOTAL_RESIDUAL_SHAPE_AT_PRIOR_256_GAME_LEAGUE_MEAN,00-0029567,00-0036355,9.148410186391942,0.9235703761999225,0.18663221727086238,9.980236253328375,0.5156258096785432,10.76995616825906,-3.5,7.517639767209648,-3.5,7.882055165816325,44.5,15.015542402498234,44.63671875,15.015542402498234
2022_17_DAL_TEN,2022,17,False,False,-14.0,40.0,RECONSTRUCTED_STARTER_IDENTITY_NOT_AS_ISSUED_T60,MARKET_TOTAL_RESIDUAL_SHAPE_AT_PRIOR_256_GAME_LEAGUE_MEAN,00-0033949,00-0033077,-133.3910034602076,4.198971998200118,-4.313415688408423,5.318731828549612,-9.81701470674473,3.130575637285614,-14.0,2.9225070238468156,-8.0,3.980269451530612,41.0,3.196958331701776,44.390625,3.524391960020358
2022_17_ARI_ATL,2022,17,False,False,1.0,39.0,RECONSTRUCTED_STARTER_IDENTITY_NOT_AS_ISSUED_T60,MARKET_TOTAL_RESIDUAL_SHAPE_AT_PRIOR_256_GAME_LEAGUE_MEAN,00-0038122,00-0035040,-28.223017292784714,-19.568734793187335,3.014112906298751,2.9260327135053634,2.6679416063148556,2.9126552833033124,7.0,3.8362238380061084,4.5,3.426698022959184,41.0,3.2378875352415992,44.390625,3.765542402498234
2022_17_CAR_TB,2022,17,False,False,6.0,54.0,RECONSTRUCTED_STARTER_IDENTITY_NOT_AS_ISSUED_T60,MARKET_TOTAL_RESIDUAL_SHAPE_AT_PRIOR_256_GAME_LEAGUE_MEAN,00-0019596,00-0034869,2.6448787061994716,-36.43965844154145,5.115179747178927,3.0654132444788145,6.678561233088564,2.906018115161717,3.5,3.1227282627848707,2.5,3.417769451530612,40.5,7.892754791878767,44.390625,6.1228432874539855
2022_17_CHI_DET,2022,17,False,False,31.0,51.0,RECONSTRUCTED_STARTER_IDENTITY_NOT_AS_ISSUED_T60,MARKET_TOTAL_RESIDUAL_SHAPE_AT_PRIOR_256_GAME_LEAGUE_MEAN,00-0033106,00-0036945,0.0,13.721933283001997,7.187575104603593,18.161652182531913,6.638697773283513,18.17039864613517,4.5,19.391533572519382,6.0,17.55169802295918,52.5,3.2378875352415957,44.390625,4.712445057365491
2022_17_CLE_WAS,2022,17,False,False,-14.0,34.0,RECONSTRUCTED_STARTER_IDENTITY_NOT_AS_ISSUED_T60,MARKET_TOTAL_RESIDUAL_SHAPE_AT_PRIOR_256_GAME_LEAGUE_MEAN,00-0032950,00-0033537,-15.894450377209001,39.13455586505725,2.0665965131344364,9.203687580762,-0.13456373655621348,7.70690307091393,1.0,8.988878705262746,-0.0,8.58741230867347,41.5,4.81974594232124,44.390625,5.793197269754872
2022_17_DEN_KC,2022,17,False,False,3.0,51.0,RECONSTRUCTED_STARTER_IDENTITY_NOT_AS_ISSUED_T60,MARKET_TOTAL_RESIDUAL_SHAPE_AT_PRIOR_256_GAME_LEAGUE_MEAN,00-0033873,00-0029263,0.976793641830298,16.329688658265383,16.83643412974805,7.7490415630628835,16.222318329090644,7.032124309851982,13.5,6.1913123335813305,13.5,6.560626594387757,46.0,4.001161871524783,44.390625,4.712445057365491
2022_17_IND_NYG,2022,17,False,False,28.0,48.0,RECONSTRUCTED_STARTER_IDENTITY_NOT_AS_ISSUED_T60,MARKET_TOTAL_RESIDUAL_SHAPE_AT_PRIOR_256_GAME_LEAGUE_MEAN,00-0035710,00-0036879,-0.03797676232704106,-32.40359843762985,3.924345692148663,18.16165218253191,5.218970559160775,17.246726079763487,5.5,15.70348047517425,3.5,16.667769451530614,38.5,5.606250061183334,44.390625,3.7224008095778807
2022_17_JAX_HOU,2022,17,False,False,-28.0,34.0,RECONSTRUCTED_STARTER_IDENTITY_NOT_AS_ISSUED_T60,MARKET_TOTAL_RESIDUAL_SHAPE_AT_PRIOR_256_GAME_LEAGUE_MEAN,00-0036898,00-0036971,9.336342059838888,1.4694449893560613,-3.7152430330208244,16.008997315275277,-3.400567150201512,16.93035439834756,-3.5,16.74551587340434,-5.5,15.185626594387754,43.0,5.282135322852219,44.390625,5.793197269754872
2022_17_MIA_NE,2022,17,False,False,2.0,44.0,RECONSTRUCTED_STARTER_IDENTITY_NOT_AS_ISSUED_T60,MARKET_TOTAL_RESIDUAL_SHAPE_AT_PRIOR_256_GAME_LEAGUE_MEAN,00-0036972,00-0037327,-10.676695546229853,-121.87530289812929,3.35544245330585,2.913864571912444,7.803386747381828,3.6007083806484435,3.0,2.909232687563631,2.5,3.0784837372448965,41.5,3.3407636414362853,44.390625,3.212445057365491
2022_17_NO_PHI,2022,17,False,False,-10.0,30.0,RECONSTRUCTED_STARTER_IDENTITY_NOT_AS_ISSUED_T60,MARKET_TOTAL_RESIDUAL_SHAPE_AT_PRIOR_256_GAME_LEAGUE_MEAN,00-0035289,00-0027973,-27.368967244793296,-7.664271496379915,8.513202069286045,11.604130058638109,7.725014239349509,10.769956168259062,5.5,9.765427377829116,7.0,10.899912308673471,41.5,6.9701884201973465,44.390625,8.31310877417965
2022_17_NYJ_SEA,2022,17,False,False,17.0,29.0,RECONSTRUCTED_STARTER_IDENTITY_NOT_AS_ISSUED_T60,MARKET_TOTAL_RESIDUAL_SHAPE_AT_PRIOR_256_GAME_LEAGUE_MEAN,00-0030565,00-0034401,0.0,10.83333333333334,5.008133489169549,8.13731589934607,4.574800155836216,8.168186256754637,-1.0,12.2178610061477,0.5,10.087412308673471,43.0,8.313108774179653,44.390625,9.05094063258673
2022_17_SF_LV,2022,17,False,False,-3.0,71.0,RECONSTRUCTED_STARTER_IDENTITY_NOT_AS_ISSUED_T60,MARKET_TOTAL_RESIDUAL_SHAPE_AT_PRIOR_256_GAME_LEAGUE_MEAN,00-0035264,00-0037834,-86.26372448104306,-7.664664104684538,-5.303397078966173,3.240192005540762,-8.447359494020514,4.189203955869683,-10.0,4.74551587340434,,,41.5,21.511117623737167,44.390625,19.6095689511708
2022_17_LA_LAC,2022,17,False,False,21.0,41.0,RECONSTRUCTED_STARTER_IDENTITY_NOT_AS_ISSUED_T60,MARKET_TOTAL_RESIDUAL_SHAPE_AT_PRIOR_256_GAME_LEAGUE_MEAN,00-0036355,00-0034855,0.896460371349872,1.947829993359118,5.582297069490505,10.354130058638109,5.540242284610136,10.392743778878533,6.5,9.051931802607879,,,41.5,3.1969583317017713,44.390625,3.350719393648676
2022_17_MIN_GB,2022,17,False,False,24.0,58.0,RECONSTRUCTED_STARTER_IDENTITY_NOT_AS_ISSUED_T60,MARKET_TOTAL_RESIDUAL_SHAPE_AT_PRIOR_256_GAME_LEAGUE_MEAN,00-0023459,00-0029604,-4.589152873734603,0.6494225597215575,0.6220575504725275,17.237979616160228,0.4125145331342811,18.17039864613517,3.0,14.806356581368942,3.5,13.239198022959183,47.5,6.122843287453986,44.390625,8.568639747630979
2022_17_PIT_BAL,2022,17,False,False,-3.0,29.0,RECONSTRUCTED_STARTER_IDENTITY_NOT_AS_ISSUED_T60,MARKET_TOTAL_RESIDUAL_SHAPE_AT_PRIOR_256_GAME_LEAGUE_MEAN,00-0035993,00-0038102,-19.568299111790367,-12.450467714694046,5.094546265658537,4.344174306425718,4.8098330097746835,4.333009265604195,1.0,3.2919760503954896,3.0,3.980269451530612,35.5,4.417088933647899,44.390625,9.05094063258673
2022_18_KC_LV,2022,18,False,True,-18.0,44.0,RECONSTRUCTED_STARTER_IDENTITY_NOT_AS_ISSUED_T60,MARKET_TOTAL_RESIDUAL_SHAPE_AT_PRIOR_256_GAME_LEAGUE_MEAN,00-0035264,00-0033873,-27.261285450578953,1.0039360571814981,-6.784989241753265,5.859661032089435,-7.915598102063683,5.287655283303312,-9.0,5.091754811457437,,,51.5,4.8197459423212425,44.01171875,3.212445057365491
2022_18_TEN_JAX,2022,18,False,True,4.0,36.0,RECONSTRUCTED_STARTER_IDENTITY_NOT_AS_ISSUED_T60,MARKET_TOTAL_RESIDUAL_SHAPE_AT_PRIOR_256_GAME_LEAGUE_MEAN,00-0036971,00-0033949,6.92578096687686,-47.52295118674429,4.727622915547135,2.913864571912444,6.905572201691981,2.987876522241364,6.0,2.97781675836009,6.5,3.239198022959184,39.5,3.524391960020356,44.01171875,4.8197459423212425
2022_18_BAL_CIN,2022,18,False,True,11.0,43.0,RECONSTRUCTED_STARTER_IDENTITY_NOT_AS_ISSUED_T60,MARKET_TOTAL_RESIDUAL_SHAPE_AT_PRIOR_256_GAME_LEAGUE_MEAN,00-0036442,00-0037175,1.5637125809447427,-74.56293706293707,7.112203162331088,3.8109884657177533,10.157269148086362,3.073053513391807,11.0,2.9225070238468165,9.5,3.1409837372448974,39.0,3.72240050366121,44.01171875,3.196958331701774
2022_18_CAR_NO,2022,18,False,True,-3.0,17.0,RECONSTRUCTED_STARTER_IDENTITY_NOT_AS_ISSUED_T60,MARKET_TOTAL_RESIDUAL_SHAPE_AT_PRIOR_256_GAME_LEAGUE_MEAN,00-0027973,00-0034869,-8.526859152532772,-33.1215561466844,5.987586449510518,4.808776076337222,6.971374329276582,5.2876552833033115,3.5,4.196843307032657,3.5,4.364198022959184,41.5,17.820852137011503,44.01171875,19.74894948214425
2022_18_CLE_PIT,2022,18,False,True,14.0,42.0,RECONSTRUCTED_STARTER_IDENTITY_NOT_AS_ISSUED_T60,MARKET_TOTAL_RESIDUAL_SHAPE_AT_PRIOR_256_GAME_LEAGUE_MEAN,00-0038102,00-0033537,-7.091859332093198,16.34063839120019,3.3291862229316758,7.4536875807620016,2.3918863139999407,8.168186256754637,2.5,6.970073395528233,2.5,6.730269451530612,40.0,3.3407636414362862,44.01171875,3.2378875352415974
2022_18_HOU_IND,2022,18,False,True,-1.0,63.0,RECONSTRUCTED_STARTER_IDENTITY_NOT_AS_ISSUED_T60,MARKET_TOTAL_RESIDUAL_SHAPE_AT_PRIOR_256_GAME_LEAGUE_MEAN,00-0036879,00-0036898,-7.567916031088828,18.903699385202465,5.79579183884869,3.947050412620409,4.736927222197039,3.6007083806484417,3.0,3.2919760503954896,2.0,3.239198022959184,38.0,17.743417896859576,44.01171875,12.424834437896465
2022_18_MIN_CHI,2022,18,False,True,-16.0,42.0,RECONSTRUCTED_STARTER_IDENTITY_NOT_AS_ISSUED_T60,MARKET_TOTAL_RESIDUAL_SHAPE_AT_PRIOR_256_GAME_LEAGUE_MEAN,00-0033958,00-0029604,-112.15454886026339,-2.526783381238551,-5.742079016671687,5.318731828549613,-10.12718963583268,3.6007083806484443,-6.5,5.091754811457438,-8.0,4.8284837372448965,42.5,3.1969583317017767,44.01171875,3.2378875352415974
2022_18_NE_BUF,2022,18,False,True,12.0,58.0,RECONSTRUCTED_STARTER_IDENTITY_NOT_AS_ISSUED_T60,MARKET_TOTAL_RESIDUAL_SHAPE_AT_PRIOR_256_GAME_LEAGUE_MEAN,00-0034857,00-0036972,0.0,1.3621064885109835,10.591902762053842,3.0654132444788136,10.537418502513404,3.0730535133918053,8.0,3.5806928645547815,7.5,3.632055165816328,44.0,8.568639747630979,44.01171875,8.568639747630979
2022_18_NYJ_MIA,2022,18,False,True,5.0,17.0,RECONSTRUCTED_STARTER_IDENTITY_NOT_AS_ISSUED_T60,MARKET_TOTAL_RESIDUAL_SHAPE_AT_PRIOR_256_GAME_LEAGUE_MEAN,00-0037327,00-0026158,-115.32150456201089,14.850427350427342,5.835379808048311,2.913864571912444,0.6285025315507811,3.8164163452502127,3.5,2.9844539265016854,-2.5,5.149912308673468,37.5,14.106249755266656,44.01171875,19.74894948214425
2022_18_TB_ATL,2022,18,False,True,13.0,47.0,RECONSTRUCTED_STARTER_IDENTITY_NOT_AS_ISSUED_T60,MARKET_TOTAL_RESIDUAL_SHAPE_AT_PRIOR_256_GAME_LEAGUE_MEAN,00-0038122,00-0019596,-11.666599321157257,2.6323419499497236,-2.3657012737459717,10.354130058638109,-2.937658924590251,11.18035439834756,6.0,4.745515873404338,2.5,6.167769451530612,40.5,4.333020278604431,44.01171875,3.4978432874539855
2022_18_ARI_SF,2022,18,False,True,25.0,51.0,RECONSTRUCTED_STARTER_IDENTITY_NOT_AS_ISSUED_T60,MARKET_TOTAL_RESIDUAL_SHAPE_AT_PRIOR_256_GAME_LEAGUE_MEAN,00-0037834,00-0035040,-9.783131602747886,-16.985990727675883,14.815668336312665,6.804351297576158,15.103782701309786,6.838540239055524,14.0,6.970073395528233,15.0,6.167769451530613,40.0,6.6770468272769925,44.01171875,4.712445057365491
2022_18_DAL_WAS,2022,18,False,True,20.0,32.0,RECONSTRUCTED_STARTER_IDENTITY_NOT_AS_ISSUED_T60,MARKET_TOTAL_RESIDUAL_SHAPE_AT_PRIOR_256_GAME_LEAGUE_MEAN,00-0037077,00-0033077,8.854647330257093,0.2184265010352071,-6.4075314708087445,20.035545987841648,-6.062082637639869,20.0476110355157,-7.5,21.288657466324693,-7.0,19.382055165816325,40.5,5.282135322852218,44.01171875,6.970188420197349
2022_18_LAC_DEN,2022,18,False,True,3.0,59.0,RECONSTRUCTED_STARTER_IDENTITY_NOT_AS_ISSUED_T60,MARKET_TOTAL_RESIDUAL_SHAPE_AT_PRIOR_256_GAME_LEAGUE_MEAN,00-0029263,00-0036355,9.241192411924114,0.5043396669012434,-4.89810327022944,5.620722978992089,-4.548629160428525,5.6438499735688,6.0,3.111666315882214,-1.5,3.9088408801020407,38.5,13.26886068065236,44.01171875,9.283241517542482
2022_18_LA_SEA,2022,18,False,True,3.0,35.0,RECONSTRUCTED_STARTER_IDENTITY_NOT_AS_ISSUED_T60,MARKET_TOTAL_RESIDUAL_SHAPE_AT_PRIOR_256_GAME_LEAGUE_MEAN,00-0030565,00-0034855,0.0,4.188589623133954,5.41783419060036,2.9260327135053634,5.250290605675002,2.9126552833033106,5.5,3.111666315882214,,,41.5,4.4170910750646035,44.01171875,5.282135322852216
2022_18_NYG_PHI,2022,18,False,True,6.0,38.0,RECONSTRUCTED_STARTER_IDENTITY_NOT_AS_ISSUED_T60,MARKET_TOTAL_RESIDUAL_SHAPE_AT_PRIOR_256_GAME_LEAGUE_MEAN,00-0036389,00-0033550,-4.367622484533884,-7.2869711668527515,8.030706647864372,2.9260327135053634,8.147480595157127,2.9126552833033124,16.5,6.1913123335813305,13.5,4.828483737244899,42.5,3.7655424024982365,44.01171875,4.062002579489384
2022_18_DET_GB,2022,18,False,True,-4.0,36.0,RECONSTRUCTED_STARTER_IDENTITY_NOT_AS_ISSUED_T60,MARKET_TOTAL_RESIDUAL_SHAPE_AT_PRIOR_256_GAME_LEAGUE_MEAN,00-0023459,00-0033106,-5.252448710392632,1.081326081326095,5.474862077739081,4.808776076337222,5.221511086070332,4.782124309851982,5.5,5.61277251057248,3.5,4.828483737244897,49.0,7.619524703383189,44.01171875,4.8197459423212425
2023_01_DET_KC,2023,1,True,False,-1.0,41.0,RECONSTRUCTED_STARTER_IDENTITY_NOT_AS_ISSUED_T60,MARKET_TOTAL_RESIDUAL_SHAPE_AT_PRIOR_256_GAME_LEAGUE_MEAN,00-0033873,00-0033106,0.7557523463518123,1.0726459835984636,9.190578208173665,5.32380586829841,9.177902462683798,5.297061871376444,4.0,3.5249295446505675,6.5,4.765142145012278,53.0,6.894700457471026,43.828125,3.307879870650437
2023_01_ARI_WAS,2023,1,True,False,4.0,36.0,RECONSTRUCTED_STARTER_IDENTITY_NOT_AS_ISSUED_T60,MARKET_TOTAL_RESIDUAL_SHAPE_AT_PRIOR_256_GAME_LEAGUE_MEAN,00-0037077,00-0033949,10.561283764159167,-11.390015852118552,5.3293254160185,2.853868398360941,6.207377400669609,2.8612754355900094,7.0,3.0747130944341174,7.0,2.9859213657914987,38.0,3.2025403025884076,43.828125,4.7350082977788635
2023_01_CAR_ATL,2023,1,True,False,14.0,34.0,RECONSTRUCTED_STARTER_IDENTITY_NOT_AS_ISSUED_T60,MARKET_TOTAL_RESIDUAL_SHAPE_AT_PRIOR_256_GAME_LEAGUE_MEAN,00-0038122,00-0039150,2.7497170345218036,-5.491775143455402,1.8889836659230788,8.120342664835206,2.2186433530421668,8.14362271793729,3.5,6.290201309922332,3.5,6.146094525964659,40.5,4.337220899991464,43.828125,5.711439274209839
2023_01_CIN_CLE,2023,1,True,False,21.0,27.0,RECONSTRUCTED_STARTER_IDENTITY_NOT_AS_ISSUED_T60,MARKET_TOTAL_RESIDUAL_SHAPE_AT_PRIOR_256_GAME_LEAGUE_MEAN,00-0033537,00-0036442,18.823174308962454,0.9566248188094262,-3.3664046442872677,18.170366714859256,-2.651742664681147,18.16286273717731,-1.0,15.700494720215744,-1.0,15.379860759730892,46.5,13.133276696047265,43.828125,10.561367124137691
2023_01_HOU_BAL,2023,1,True,False,16.0,34.0,RECONSTRUCTED_STARTER_IDENTITY_NOT_AS_ISSUED_T60,MARKET_TOTAL_RESIDUAL_SHAPE_AT_PRIOR_256_GAME_LEAGUE_MEAN,00-0034796,00-0039163,13.48543744014421,34.9306022946047,8.531555765901912,5.0539645984571395,7.673749171723493,5.6116361859507595,9.5,4.239215258936281,10.0,4.154752534622667,43.5,5.711439274209839,43.828125,5.711439274209839
2023_01_JAX_IND,2023,1,True,False,-10.0,52.0,RECONSTRUCTED_STARTER_IDENTITY_NOT_AS_ISSUED_T60,MARKET_TOTAL_RESIDUAL_SHAPE_AT_PRIOR_256_GAME_LEAGUE_MEAN,00-0039164,00-0036971,53.6806022946047,5.9350644146580755,-1.2801325796884158,4.804806349298891,0.6296889355094492,5.851655425969999,-4.0,3.8370988568198783,-4.0,3.8647092445793776,45.5,4.38099194376251,43.828125,5.2073507701213355
2023_01_SF_PIT,2023,1,True,False,-23.0,37.0,RECONSTRUCTED_STARTER_IDENTITY_NOT_AS_ISSUED_T60,MARKET_TOTAL_RESIDUAL_SHAPE_AT_PRIOR_256_GAME_LEAGUE_MEAN,00-0038102,00-0037834,-12.492266724049816,6.5268817204301,-0.9461907624875857,14.329096873589416,-1.7069567002667823,13.450501024815598,-1.5,14.150230169951193,-2.0,14.60929798916812,41.5,3.7032622660328354,43.828125,4.3372208999914665
2023_01_TB_MIN,2023,1,True,False,-3.0,37.0,RECONSTRUCTED_STARTER_IDENTITY_NOT_AS_ISSUED_T60,MARKET_TOTAL_RESIDUAL_SHAPE_AT_PRIOR_256_GAME_LEAGUE_MEAN,00-0029604,00-0034855,-1.5060037776578605,-19.679094381664797,3.973988722536951,3.9361194806120228,4.700912346697228,4.321592895907467,4.0,4.208912228633252,6.0,5.327912707782839,45.0,4.735008297778864,43.828125,4.3372208999914665
2023_01_TEN_NO,2023,1,True,False,1.0,31.0,RECONSTRUCTED_STARTER_IDENTITY_NOT_AS_ISSUED_T60,MARKET_TOTAL_RESIDUAL_SHAPE_AT_PRIOR_256_GAME_LEAGUE_MEAN,00-0031280,00-0029701,-19.96645007856628,28.558593119043785,4.37805157733087,2.957764502257044,2.437049849426468,2.8521364264509987,3.0,2.934741954462975,3.0,2.8257482056183383,41.0,5.7114392742098365,43.828125,7.547418110188676
2023_01_GB_CHI,2023,1,True,False,-18.0,58.0,RECONSTRUCTED_STARTER_IDENTITY_NOT_AS_ISSUED_T60,MARKET_TOTAL_RESIDUAL_SHAPE_AT_PRIOR_256_GAME_LEAGUE_MEAN,00-0036945,00-0036264,7.232457589777486,-5.077874973330498,-3.07383501384551,8.534484078976622,-2.5814217113211906,8.51255008686466,1.0,12.379186398907422,-2.5,9.475098854968987,41.0,10.928851491622055,43.828125,8.686908249678813
2023_01_LA_SEA,2023,1,True,False,-17.0,43.0,RECONSTRUCTED_STARTER_IDENTITY_NOT_AS_ISSUED_T60,MARKET_TOTAL_RESIDUAL_SHAPE_AT_PRIOR_256_GAME_LEAGUE_MEAN,00-0030565,00-0026498,0.0,19.021093285799175,4.652437901029771,14.329096873589416,3.891594169597804,13.450501024815598,4.5,15.064612084333106,,,45.0,3.2025407653113325,43.828125,3.173199735970302
2023_01_LV_DEN,2023,1,True,False,-1.0,33.0,RECONSTRUCTED_STARTER_IDENTITY_NOT_AS_ISSUED_T60,MARKET_TOTAL_RESIDUAL_SHAPE_AT_PRIOR_256_GAME_LEAGUE_MEAN,00-0029263,00-0031345,10.084264905149043,33.7965465185627,0.18751064899141967,2.853868398360941,-0.7609806155451266,2.9007174750320477,3.0,3.265670285391307,,,43.0,5.711439274209843,43.828125,6.279500842271409
2023_01_MIA_LAC,2023,1,True,False,-2.0,70.0,RECONSTRUCTED_STARTER_IDENTITY_NOT_AS_ISSUED_T60,MARKET_TOTAL_RESIDUAL_SHAPE_AT_PRIOR_256_GAME_LEAGUE_MEAN,00-0036355,00-0036212,0.558097728386997,48.91387009771408,3.2277375954834677,3.315628860121402,1.2935067007103844,2.937754512069085,3.0,3.5249295446505666,3.0,3.5054018852720175,50.5,12.545975108745676,43.828125,18.755210317980882
2023_01_PHI_NE,2023,1,True,False,-5.0,45.0,RECONSTRUCTED_STARTER_IDENTITY_NOT_AS_ISSUED_T60,MARKET_TOTAL_RESIDUAL_SHAPE_AT_PRIOR_256_GAME_LEAGUE_MEAN,00-0036972,00-0036389,0.0,-0.7691045394873308,-0.9857922930485711,3.1063936508861936,-0.9550281114690778,3.0883076626222365,-3.5,2.8601868799079018,-2.5,2.8257482056183374,44.5,3.1996547624253298,43.828125,3.246311809082375
2023_01_DAL_NYG,2023,1,True,False,-40.0,40.0,RECONSTRUCTED_STARTER_IDENTITY_NOT_AS_ISSUED_T60,MARKET_TOTAL_RESIDUAL_SHAPE_AT_PRIOR_256_GAME_LEAGUE_MEAN,00-0035710,00-0033077,12.13570361470544,0.5443753174199983,-1.6254956362017037,29.636456180948723,-1.161842504310286,30.666470240784815,-3.5,28.51530953503056,-3.5,29.024882404752535,44.5,3.7032622660328327,43.828125,3.472863035633601
2023_01_BUF_NYJ,2023,1,True,False,6.0,38.0,RECONSTRUCTED_STARTER_IDENTITY_NOT_AS_ISSUED_T60,MARKET_TOTAL_RESIDUAL_SHAPE_AT_PRIOR_256_GAME_LEAGUE_MEAN,00-0037013,00-0034857,-10.724649607595138,0.0,-5.350312283764742,7.432030976523519,-5.779298268068548,8.143622717937287,-2.5,5.713481733202755,-1.5,5.081159461029593,44.5,4.337220899991467,43.828125,3.9913815541521203
2023_02_MIN_PHI,2023,2,False,False,6.0,62.0,RECONSTRUCTED_STARTER_IDENTITY_NOT_AS_ISSUED_T60,MARKET_TOTAL_RESIDUAL_SHAPE_AT_PRIOR_256_GAME_LEAGUE_MEAN,00-0036389,00-0029604,-1.5599299075076623,-1.0829439252336481,7.176948196694675,2.853868398360941,7.1578687574037145,2.8521364264509987,6.0,2.868363888084911,6.0,2.769471149341281,49.0,8.005330568101133,43.66015625,11.726831289601856
2023_02_BAL_CIN,2023,2,False,False,-3.0,51.0,RECONSTRUCTED_STARTER_IDENTITY_NOT_AS_ISSUED_T60,MARKET_TOTAL_RESIDUAL_SHAPE_AT_PRIOR_256_GAME_LEAGUE_MEAN,00-0036442,00-0034796,1.3109396422536168,8.974270459357436,5.451952451216039,4.338716883209425,5.145419218531887,4.321592895907467,3.5,4.208912228633252,3.0,3.8647092445793776,45.5,4.039000601771168,43.66015625,4.7701213328918985
2023_02_CHI_TB,2023,2,False,False,10.0,44.0,RECONSTRUCTED_STARTER_IDENTITY_NOT_AS_ISSUED_T60,MARKET_TOTAL_RESIDUAL_SHAPE_AT_PRIOR_256_GAME_LEAGUE_MEAN,00-0034855,00-0036945,-21.677897206460052,12.227307398932098,8.402719013525884,3.192011736504278,7.046510829310198,3.4610830353976088,2.5,4.681254700975723,3.0,4.600639980510112,41.0,3.516634079404642,43.66015625,3.199654762425329
2023_02_GB_ATL,2023,2,False,False,1.0,49.0,RECONSTRUCTED_STARTER_IDENTITY_NOT_AS_ISSUED_T60,MARKET_TOTAL_RESIDUAL_SHAPE_AT_PRIOR_256_GAME_LEAGUE_MEAN,00-0038122,00-0036264,4.795756886405211,13.222394220846233,0.15034064271334502,3.010674555167098,-0.18672485066429587,3.0252965996111723,3.0,2.934741954462975,1.5,2.7391681190382515,40.5,5.207350770121333,43.66015625,4.039000601771168
2023_02_IND_HOU,2023,2,False,False,-11.0,51.0,RECONSTRUCTED_STARTER_IDENTITY_NOT_AS_ISSUED_T60,MARKET_TOTAL_RESIDUAL_SHAPE_AT_PRIOR_256_GAME_LEAGUE_MEAN,00-0039163,00-0035289,-11.855670103092786,80.62883475289306,1.4117289941768194,6.480131024623566,-2.287651200062614,4.779024353338926,-1.0,5.6572046769257,-1.0,5.912328292198424,40.0,6.769159331929899,43.66015625,4.7701213328918985
2023_02_KC_JAX,2023,2,False,False,-8.0,26.0,RECONSTRUCTED_STARTER_IDENTITY_NOT_AS_ISSUED_T60,MARKET_TOTAL_RESIDUAL_SHAPE_AT_PRIOR_256_GAME_LEAGUE_MEAN,00-0036971,00-0033873,6.156431300410348,0.6935466494289999,-2.441768154667943,3.589318133810674,-2.2232527686286896,3.571232145546718,-3.5,3.265670285391307,-3.0,3.5054018852720166,50.5,17.742704305474874,43.66015625,11.40263696540753
2023_02_LAC_TEN,2023,2,False,False,3.0,51.0,RECONSTRUCTED_STARTER_IDENTITY_NOT_AS_ISSUED_T60,MARKET_TOTAL_RESIDUAL_SHAPE_AT_PRIOR_256_GAME_LEAGUE_MEAN,00-0029701,00-0036355,17.084316859654656,-0.48801053728002586,1.0331498694179573,3.192011736504278,1.7360429652953444,3.0252965996111723,-2.5,4.23921525893628,-2.5,4.154752534622666,45.5,4.039000601771168,43.66015625,4.7701213328918985
2023_02_LV_BUF,2023,2,False,False,28.0,48.0,RECONSTRUCTED_STARTER_IDENTITY_NOT_AS_ISSUED_T60,MARKET_TOTAL_RESIDUAL_SHAPE_AT_PRIOR_256_GAME_LEAGUE_MEAN,00-0034857,00-0031345,0.0,43.05419789290757,7.299156114694906,15.438764983257526,5.576988198978604,16.329288903603477,7.5,13.923678943399967,,,47.0,3.2463118090823766,43.66015625,3.7508813136518793
2023_02_SEA_DET,2023,2,False,False,-6.0,68.0,RECONSTRUCTED_STARTER_IDENTITY_NOT_AS_ISSUED_T60,MARKET_TOTAL_RESIDUAL_SHAPE_AT_PRIOR_256_GAME_LEAGUE_MEAN,00-0033106,00-0030565,1.0540996872130837,0.0,4.943158611090994,5.881285425777968,4.9853225985795175,5.851655425969999,4.5,6.249316269037291,5.5,7.224016603886736,47.5,13.386282949053516,43.66015625,16.918750481521045
2023_02_NYG_ARI,2023,2,False,False,-3.0,59.0,RECONSTRUCTED_STARTER_IDENTITY_NOT_AS_ISSUED_T60,MARKET_TOTAL_RESIDUAL_SHAPE_AT_PRIOR_256_GAME_LEAGUE_MEAN,00-0033949,00-0035710,-7.128090715572288,3.8561518405860085,1.183308452450974,3.1063936508861927,0.7439387502046422,3.0883076626222357,-5.0,3.0607640804851,-2.0,2.7391681190382506,40.0,12.545975108745676,43.66015625,9.405041967812535
2023_02_SF_LA,2023,2,False,False,-7.0,53.0,RECONSTRUCTED_STARTER_IDENTITY_NOT_AS_ISSUED_T60,MARKET_TOTAL_RESIDUAL_SHAPE_AT_PRIOR_256_GAME_LEAGUE_MEAN,00-0026498,00-0037834,15.23378810120024,5.9988201922835716,-3.9650640868562643,2.957764502257044,-3.595665370499597,2.9377545120690858,-7.5,2.928488948209969,,,45.0,5.207350770121336,43.66015625,5.6840222467928125
2023_02_NYJ_DAL,2023,2,False,False,20.0,40.0,RECONSTRUCTED_STARTER_IDENTITY_NOT_AS_ISSUED_T60,MARKET_TOTAL_RESIDUAL_SHAPE_AT_PRIOR_256_GAME_LEAGUE_MEAN,00-0033077,00-0037013,0.8486477325004183,1.588356973995264,8.948027693726253,7.432030976523518,8.918439324066458,7.4591590334736075,8.5,6.919830939551963,8.0,7.401505781375914,38.5,3.2463115777209115,43.66015625,3.472863035633601
2023_02_WAS_DEN,2023,2,False,False,-2.0,68.0,RECONSTRUCTED_STARTER_IDENTITY_NOT_AS_ISSUED_T60,MARKET_TOTAL_RESIDUAL_SHAPE_AT_PRIOR_256_GAME_LEAGUE_MEAN,00-0029263,00-0037077,11.337894164552376,-18.261776185638666,-1.0182412974291128,2.853868398360941,0.16574551657852887,2.8612754355900094,4.0,3.837098856819879,4.0,3.8647092445793776,38.5,21.58589791730725,43.66015625,16.918750481521045
2023_02_MIA_NE,2023,2,False,False,-7.0,41.0,RECONSTRUCTED_STARTER_IDENTITY_NOT_AS_ISSUED_T60,MARKET_TOTAL_RESIDUAL_SHAPE_AT_PRIOR_256_GAME_LEAGUE_MEAN,00-0036972,00-0036212,0.0,60.300124002170044,1.92622616331907,4.804806349298891,-0.48577879676773167,3.9209194952340685,-2.0,3.5249295446505675,-3.0,3.215358595228727,46.5,3.991381554152122,43.66015625,3.307879870650437
2023_02_NO_CAR,2023,2,False,False,-3.0,37.0,RECONSTRUCTED_STARTER_IDENTITY_NOT_AS_ISSUED_T60,MARKET_TOTAL_RESIDUAL_SHAPE_AT_PRIOR_256_GAME_LEAGUE_MEAN,00-0039150,00-0031280,-94.02828467153286,-19.071155247813422,0.3563001043133045,2.957764502257044,-2.6419850726354728,2.900717475032047,-3.0,2.868363888084909,-3.0,2.76947114934128,39.5,3.3078798706504386,43.66015625,4.3372208999914665
2023_02_CLE_PIT,2023,2,False,False,4.0,48.0,RECONSTRUCTED_STARTER_IDENTITY_NOT_AS_ISSUED_T60,MARKET_TOTAL_RESIDUAL_SHAPE_AT_PRIOR_256_GAME_LEAGUE_MEAN,00-0038102,00-0033537,-12.225839019635142,27.59942703067071,1.3873684284559296,3.4483849928775347,-0.20564221355630466,3.780948355262929,-2.5,4.681254700975723,-2.5,4.6006399805101115,39.0,5.684022015431349,43.66015625,3.7508813136518793
2023_03_NYG_SF,2023,3,False,False,18.0,42.0,RECONSTRUCTED_STARTER_IDENTITY_NOT_AS_ISSUED_T60,MARKET_TOTAL_RESIDUAL_SHAPE_AT_PRIOR_256_GAME_LEAGUE_MEAN,00-0037834,00-0035710,7.803325079589651,5.335164835164852,10.799378846784766,5.05396459845714,10.898105256561758,5.076282650597223,10.5,4.681254700975725,11.0,4.600639980510113,43.5,3.2025407653113316,44.26171875,3.2025407653113316
2023_03_ATL_DET,2023,3,False,False,14.0,26.0,RECONSTRUCTED_STARTER_IDENTITY_NOT_AS_ISSUED_T60,MARKET_TOTAL_RESIDUAL_SHAPE_AT_PRIOR_256_GAME_LEAGUE_MEAN,00-0033106,00-0038122,1.0301282430991598,3.4646672547290036,2.6099580214278286,7.432030976523519,2.512576460962635,7.459159033473607,3.0,6.919830939551961,3.0,6.7391681190382515,47.5,14.937990500761067,44.26171875,11.40263696540753
2023_03_BUF_WAS,2023,3,False,False,-34.0,40.0,RECONSTRUCTED_STARTER_IDENTITY_NOT_AS_ISSUED_T60,MARKET_TOTAL_RESIDUAL_SHAPE_AT_PRIOR_256_GAME_LEAGUE_MEAN,00-0037077,00-0034857,0.26819238333630757,0.0,-1.69857560701711,23.73458027907282,-1.6878479116836578,23.763632337946913,-5.5,20.706747726468745,-4.0,23.146094525964656,44.0,3.472863035633601,44.26171875,3.472863035633601
2023_03_DEN_MIA,2023,3,False,False,50.0,90.0,RECONSTRUCTED_STARTER_IDENTITY_NOT_AS_ISSUED_T60,MARKET_TOTAL_RESIDUAL_SHAPE_AT_PRIOR_256_GAME_LEAGUE_MEAN,00-0036212,00-0029263,66.2659768715764,7.335281493995716,7.986002866548315,35.76536430985686,10.343230681651544,33.76555633987091,6.0,37.085776105497125,6.5,35.71752309739323,47.5,34.32230988508045,44.26171875,38.30403186680243
2023_03_HOU_JAX,2023,3,False,False,-20.0,54.0,RECONSTRUCTED_STARTER_IDENTITY_NOT_AS_ISSUED_T60,MARKET_TOTAL_RESIDUAL_SHAPE_AT_PRIOR_256_GAME_LEAGUE_MEAN,00-0036971,00-0039163,6.15767801130318,24.69117647058823,9.791531351784469,21.80576835026089,9.050191413413067,20.865604439919014,7.5,20.70674772646875,9.0,22.176397556267688,43.5,6.206869769640335,44.26171875,6.206869769640335
2023_03_IND_BAL,2023,3,False,False,-3.0,41.0,RECONSTRUCTED_STARTER_IDENTITY_NOT_AS_ISSUED_T60,MARKET_TOTAL_RESIDUAL_SHAPE_AT_PRIOR_256_GAME_LEAGUE_MEAN,00-0034796,00-0035289,14.929666043527412,67.61345041998472,7.978985677259552,5.881285425777967,5.87163430220126,4.779024353338926,7.5,6.249316269037292,8.5,7.224016603886736,43.5,3.307879870650437,44.26171875,3.307879870650437
2023_03_LAC_MIN,2023,3,False,False,-4.0,52.0,RECONSTRUCTED_STARTER_IDENTITY_NOT_AS_ISSUED_T60,MARKET_TOTAL_RESIDUAL_SHAPE_AT_PRIOR_256_GAME_LEAGUE_MEAN,00-0029604,00-0036355,0.1067153670128329,-0.453224101479921,2.8745401794820555,3.9361194806120228,2.8969377582217657,3.9209194952340676,1.0,3.5249295446505675,1.0,3.5054018852720166,54.0,3.202540765311336,44.26171875,5.2073507701213355
2023_03_NE_NYJ,2023,3,False,False,-5.0,25.0,RECONSTRUCTED_STARTER_IDENTITY_NOT_AS_ISSUED_T60,MARKET_TOTAL_RESIDUAL_SHAPE_AT_PRIOR_256_GAME_LEAGUE_MEAN,00-0037013,00-0036972,0.9042338425713004,0.0,1.7377584928330816,3.9361194806120228,1.7739278465359336,3.9209194952340685,-2.5,2.934741954462975,-2.5,2.8257482056183374,35.5,6.2794992227411655,44.26171875,12.258336821107386
2023_03_NO_GB,2023,3,False,False,1.0,35.0,RECONSTRUCTED_STARTER_IDENTITY_NOT_AS_ISSUED_T60,MARKET_TOTAL_RESIDUAL_SHAPE_AT_PRIOR_256_GAME_LEAGUE_MEAN,00-0036264,00-0031280,3.890515222482449,-10.677966101694913,3.0845019120305097,2.871665416157958,3.6672411649976038,2.9377545120690858,-1.5,3.2536452733662964,1.0,2.76947114934128,41.5,4.33722089999147,44.26171875,5.196287759058325
2023_03_TEN_CLE,2023,3,False,False,24.0,30.0,RECONSTRUCTED_STARTER_IDENTITY_NOT_AS_ISSUED_T60,MARKET_TOTAL_RESIDUAL_SHAPE_AT_PRIOR_256_GAME_LEAGUE_MEAN,00-0033537,00-0029701,17.65810276679842,21.603250692832,4.657662884000056,13.676379220871764,4.499856966958713,14.556321130635702,3.5,13.923678943399967,3.0,14.505401885272018,38.0,4.7350078350559395,44.26171875,8.24246380523437
2023_03_CAR_SEA,2023,3,False,False,10.0,64.0,RECONSTRUCTED_STARTER_IDENTITY_NOT_AS_ISSUED_T60,MARKET_TOTAL_RESIDUAL_SHAPE_AT_PRIOR_256_GAME_LEAGUE_MEAN,00-0030565,00-0027973,0.0,33.09907313963987,4.4475053202455275,4.569597114089657,3.1235423946599328,5.076282650597222,5.0,3.846237865958888,6.5,3.1763975562676885,42.5,14.24967881244938,44.26171875,13.386282949053514
2023_03_CHI_KC,2023,3,False,False,31.0,51.0,RECONSTRUCTED_STARTER_IDENTITY_NOT_AS_ISSUED_T60,MARKET_TOTAL_RESIDUAL_SHAPE_AT_PRIOR_256_GAME_LEAGUE_MEAN,00-0033873,00-0036945,0.6237006237006293,14.556908608632746,15.716496522041616,10.35555190004444,15.159168202644333,11.172001746316319,13.0,12.210355230076253,13.0,11.955618335488467,48.0,3.5166340794046462,44.26171875,4.7701213328918985
2023_03_DAL_ARI,2023,3,False,False,12.0,44.0,RECONSTRUCTED_STARTER_IDENTITY_NOT_AS_ISSUED_T60,MARKET_TOTAL_RESIDUAL_SHAPE_AT_PRIOR_256_GAME_LEAGUE_MEAN,00-0033949,00-0033077,8.068705488060335,0.8364027010435704,-6.7074124906469565,13.676379220871764,-6.418120379166286,12.829529403843974,-11.5,17.522524542245563,-9.5,15.379860759730892,43.5,3.199654762425329,44.26171875,3.199654762425329
2023_03_PIT_LV,2023,3,False,False,-5.0,41.0,RECONSTRUCTED_STARTER_IDENTITY_NOT_AS_ISSUED_T60,MARKET_TOTAL_RESIDUAL_SHAPE_AT_PRIOR_256_GAME_LEAGUE_MEAN,00-0031345,00-0038102,37.305599162742034,-5.014157837047861,0.4809677853744688,3.315628860121402,2.1737580653660644,3.9209194952340685,3.0,4.643255662976685,,,43.5,3.307879870650437,44.26171875,3.307879870650437
2023_03_PHI_TB,2023,3,False,False,-14.0,36.0,RECONSTRUCTED_STARTER_IDENTITY_NOT_AS_ISSUED_T60,MARKET_TOTAL_RESIDUAL_SHAPE_AT_PRIOR_256_GAME_LEAGUE_MEAN,00-0034855,00-0036389,-7.6655982905982745,9.560252672497583,-1.84149614629574,6.480131024623566,-2.530530184819574,5.851655425969999,-6.0,4.643255662976684,-4.0,5.912328292198425,44.0,4.7350082977788635,44.26171875,4.7350082977788635
2023_03_LA_CIN,2023,3,False,False,3.0,35.0,RECONSTRUCTED_STARTER_IDENTITY_NOT_AS_ISSUED_T60,MARKET_TOTAL_RESIDUAL_SHAPE_AT_PRIOR_256_GAME_LEAGUE_MEAN,00-0036442,00-0026498,1.2670391689948213,23.57874591917146,7.034350295810955,3.1063936508861936,6.141882025803889,2.9377545120690858,3.0,2.868363888084909,,,45.5,6.279500842271409,44.26171875,5.196287759058325
2023_04_DET_GB,2023,4,False,False,-14.0,54.0,RECONSTRUCTED_STARTER_IDENTITY_NOT_AS_ISSUED_T60,MARKET_TOTAL_RESIDUAL_SHAPE_AT_PRIOR_256_GAME_LEAGUE_MEAN,00-0036264,00-0033106,4.3793923108722765,1.0101604278074827,3.8447532529581077,10.885133429625972,3.9795225282806994,10.884363458678031,-2.5,6.2493162690372905,-2.0,7.224016603886735,45.0,5.684022246792813,43.921875,6.206869769640335
2023_04_ATL_JAX,2023,4,False,False,16.0,30.0,RECONSTRUCTED_STARTER_IDENTITY_NOT_AS_ISSUED_T60,MARKET_TOTAL_RESIDUAL_SHAPE_AT_PRIOR_256_GAME_LEAGUE_MEAN,00-0036971,00-0038122,5.53735649456033,-4.539573244552053,-0.36490351802907756,11.145835690328232,0.038173671535417814,11.172001746316319,3.5,7.5937126134336355,2.0,8.834406214276346,42.5,7.54741811018868,43.921875,8.24246380523437
2023_04_BAL_CLE,2023,4,False,False,-25.0,31.0,RECONSTRUCTED_STARTER_IDENTITY_NOT_AS_ISSUED_T60,MARKET_TOTAL_RESIDUAL_SHAPE_AT_PRIOR_256_GAME_LEAGUE_MEAN,00-0038583,00-0034796,20.93866104946558,25.428051001821483,3.0387196643291463,19.896196440688982,2.85914406623491,19.908894483209057,-2.0,15.989576009297032,2.5,21.211029590899724,38.5,4.7350080664174,43.921875,7.547418110188676
2023_04_CIN_TEN,2023,4,False,False,24.0,30.0,RECONSTRUCTED_STARTER_IDENTITY_NOT_AS_ISSUED_T60,MARKET_TOTAL_RESIDUAL_SHAPE_AT_PRIOR_256_GAME_LEAGUE_MEAN,00-0029701,00-0036442,33.76280892103676,1.1443381180223255,-3.102228226864936,20.99913054362309,-1.7974893947443586,20.043574617889192,-2.5,20.33878235850338,-2.0,18.981592361462493,41.5,6.894700457471027,43.921875,8.24246380523437
2023_04_DEN_CHI,2023,4,False,False,-3.0,59.0,RECONSTRUCTED_STARTER_IDENTITY_NOT_AS_ISSUED_T60,MARKET_TOTAL_RESIDUAL_SHAPE_AT_PRIOR_256_GAME_LEAGUE_MEAN,00-0036945,00-0029263,13.959097048041668,12.954181549451892,1.0483565440283655,3.1063936508861927,1.0885531639719566,3.0883076626222357,-3.0,2.868363888084909,-3.0,2.76947114934128,47.0,7.367042929813497,43.921875,9.405041967812535
2023_04_LA_IND,2023,4,False,False,-6.0,52.0,RECONSTRUCTED_STARTER_IDENTITY_NOT_AS_ISSUED_T60,MARKET_TOTAL_RESIDUAL_SHAPE_AT_PRIOR_256_GAME_LEAGUE_MEAN,00-0039164,00-0026498,20.58823529411764,25.099467418546382,1.6267239899142896,4.338716883209425,1.4462747049371398,3.9209194952340676,-1.0,3.5249295446505684,,,44.5,4.770121332891899,43.921875,5.2073507701213355
2023_04_MIA_BUF,2023,4,False,False,28.0,68.0,RECONSTRUCTED_STARTER_IDENTITY_NOT_AS_ISSUED_T60,MARKET_TOTAL_RESIDUAL_SHAPE_AT_PRIOR_256_GAME_LEAGUE_MEAN,00-0034857,00-0036212,0.0,50.519214376124744,6.467740472219048,16.33486887936142,4.446971897174057,18.16286273717731,2.5,18.44748846720949,2.5,18.05085643072656,53.0,9.405041967812537,43.921875,16.918750481521045
2023_04_MIN_CAR,2023,4,False,False,-8.0,34.0,RECONSTRUCTED_STARTER_IDENTITY_NOT_AS_ISSUED_T60,MARKET_TOTAL_RESIDUAL_SHAPE_AT_PRIOR_256_GAME_LEAGUE_MEAN,00-0039150,00-0029604,-63.639360639360646,0.1469804981973022,0.7672831550097726,4.80480634929889,-1.7841704904925453,3.571232145546718,-4.5,3.074713094434115,-2.5,3.5054018852720166,46.5,7.547418110188678,43.921875,5.711439274209839
2023_04_PIT_HOU,2023,4,False,False,24.0,36.0,RECONSTRUCTED_STARTER_IDENTITY_NOT_AS_ISSUED_T60,MARKET_TOTAL_RESIDUAL_SHAPE_AT_PRIOR_256_GAME_LEAGUE_MEAN,00-0039163,00-0038102,32.96807359307361,0.09279609279608803,-3.34923100419679,20.99913054362309,-2.034219904185689,20.043574617889192,-3.0,20.33878235850338,-3.0,19.925315305185435,41.5,3.991381554152124,43.921875,4.7350082977788635
2023_04_TB_NO,2023,4,False,False,-17.0,35.0,RECONSTRUCTED_STARTER_IDENTITY_NOT_AS_ISSUED_T60,MARKET_TOTAL_RESIDUAL_SHAPE_AT_PRIOR_256_GAME_LEAGUE_MEAN,00-0031280,00-0034855,-21.610551262841415,-2.7113392079016085,3.8029096995277087,13.438764983257526,3.0469412173301165,12.575561149875721,4.0,14.150230169951193,3.0,13.713194093064224,41.0,3.9913815541521176,43.921875,5.196287759058325
2023_04_WAS_PHI,2023,4,False,False,3.0,65.0,RECONSTRUCTED_STARTER_IDENTITY_NOT_AS_ISSUED_T60,MARKET_TOTAL_RESIDUAL_SHAPE_AT_PRIOR_256_GAME_LEAGUE_MEAN,00-0036389,00-0037077,10.530649280817306,-30.94616204690831,9.348769914536215,3.589318133810674,11.007842367645239,4.321592895907468,9.5,4.208912228633252,8.0,3.5054018852720175,43.0,15.12654268931326,43.921875,14.249678812449377
2023_04_LV_LAC,2023,4,False,False,7.0,41.0,RECONSTRUCTED_STARTER_IDENTITY_NOT_AS_ISSUED_T60,MARKET_TOTAL_RESIDUAL_SHAPE_AT_PRIOR_256_GAME_LEAGUE_MEAN,00-0036355,00-0038579,-3.7794210430635244,6.824909000462043,4.8313922700823335,3.192011736504279,4.407219068341311,3.4610830353976088,7.0,2.86836388808491,,,49.0,4.735008297778863,43.921875,3.307879870650437
2023_04_ARI_SF,2023,4,False,False,19.0,51.0,RECONSTRUCTED_STARTER_IDENTITY_NOT_AS_ISSUED_T60,MARKET_TOTAL_RESIDUAL_SHAPE_AT_PRIOR_256_GAME_LEAGUE_MEAN,00-0037834,00-0033949,6.541705716963486,19.67243689290825,12.193206288914935,5.0539645984571395,11.667977041877144,5.076282650597222,15.0,3.5138665335875565,13.5,3.7608131406832728,44.0,4.7701213328918985,43.921875,4.7701213328918985
2023_04_NE_DAL,2023,4,False,False,35.0,41.0,RECONSTRUCTED_STARTER_IDENTITY_NOT_AS_ISSUED_T60,MARKET_TOTAL_RESIDUAL_SHAPE_AT_PRIOR_256_GAME_LEAGUE_MEAN,00-0033077,00-0036972,0.7970632230837715,0.0,6.611232297230999,21.957764502257042,6.64311482615435,21.951222525537098,6.5,21.291644311365335,6.5,20.890683270553403,43.0,3.202540765311335,43.921875,3.307879870650437
2023_04_KC_NYJ,2023,4,False,False,-3.0,43.0,RECONSTRUCTED_STARTER_IDENTITY_NOT_AS_ISSUED_T60,MARKET_TOTAL_RESIDUAL_SHAPE_AT_PRIOR_256_GAME_LEAGUE_MEAN,00-0037013,00-0033873,-11.701839826839834,7.4638295955371525,-7.621930652027222,4.142949687442229,-8.388557428922303,4.157571731886303,-9.5,4.681254700975723,-9.5,4.6006399805101115,41.5,3.2463118090823784,43.921875,3.173199735970302
2023_04_SEA_NYG,2023,4,False,False,-21.0,27.0,RECONSTRUCTED_STARTER_IDENTITY_NOT_AS_ISSUED_T60,MARKET_TOTAL_RESIDUAL_SHAPE_AT_PRIOR_256_GAME_LEAGUE_MEAN,00-0035710,00-0030565,4.465476719811989,0.0,0.6147473627650561,14.329096873589414,0.7933664315575356,14.340832915147487,-2.5,11.520600540321562,-0.0,14.60929798916812,46.5,13.133276696047265,43.921875,10.561367124137691
2023_05_CHI_WAS,2023,5,False,False,-20.0,60.0,RECONSTRUCTED_STARTER_IDENTITY_NOT_AS_ISSUED_T60,MARKET_TOTAL_RESIDUAL_SHAPE_AT_PRIOR_256_GAME_LEAGUE_MEAN,00-0037077,00-0036945,-15.871605613267725,9.485210466439131,8.439853310689559,19.896196440688982,7.425580667501285,18.959880534195108,6.0,18.801985821706843,6.0,19.293280673150804,45.5,8.686908249678813,44.06640625,10.152997715768281
2023_05_JAX_BUF,2023,5,False,False,-5.0,45.0,RECONSTRUCTED_STARTER_IDENTITY_NOT_AS_ISSUED_T60,MARKET_TOTAL_RESIDUAL_SHAPE_AT_PRIOR_256_GAME_LEAGUE_MEAN,00-0034857,00-0036971,0.0,5.362509060967113,7.053469650887928,6.480131024623567,6.838969288449244,6.445691020005594,5.5,6.249316269037292,5.5,6.540033919904052,48.5,3.4728630356336003,44.06640625,3.246311809082375
2023_05_BAL_PIT,2023,5,False,False,7.0,27.0,RECONSTRUCTED_STARTER_IDENTITY_NOT_AS_ISSUED_T60,MARKET_TOTAL_RESIDUAL_SHAPE_AT_PRIOR_256_GAME_LEAGUE_MEAN,00-0038102,00-0034796,-3.3038073038073046,17.094228235532594,-0.40992726010831576,5.05396459845714,-1.2258486816819116,5.6116361859507595,-4.5,7.593712613433633,-4.0,6.7391681190382515,38.5,6.89470022610956,44.06640625,10.561367124137691
2023_05_CAR_DET,2023,5,False,False,18.0,66.0,RECONSTRUCTED_STARTER_IDENTITY_NOT_AS_ISSUED_T60,MARKET_TOTAL_RESIDUAL_SHAPE_AT_PRIOR_256_GAME_LEAGUE_MEAN,00-0033106,00-0039150,1.0290815180777013,-59.10998650472335,8.439158959114593,6.778351322843863,10.844721680026634,5.076282650597223,9.5,5.177166196887218,10.5,4.600639980510113,43.5,15.126542689313256,44.06640625,15.126542689313256
2023_05_HOU_ATL,2023,5,False,False,2.0,40.0,RECONSTRUCTED_STARTER_IDENTITY_NOT_AS_ISSUED_T60,MARKET_TOTAL_RESIDUAL_SHAPE_AT_PRIOR_256_GAME_LEAGUE_MEAN,00-0038122,00-0039163,-2.089301282849676,32.69446887520766,2.928836296426425,2.853868398360941,1.5374854901041317,2.9007174750320477,2.5,2.8601868799079018,1.5,2.769471149341281,42.0,3.202540765311335,44.06640625,3.472863035633601
2023_05_NO_NE,2023,5,False,False,-34.0,34.0,RECONSTRUCTED_STARTER_IDENTITY_NOT_AS_ISSUED_T60,MARKET_TOTAL_RESIDUAL_SHAPE_AT_PRIOR_256_GAME_LEAGUE_MEAN,00-0036972,00-0031280,0.09196963587099205,-10.4344952837365,2.1217389794715746,27.65377219826474,2.5427975762558743,28.67993825425283,2.5,29.508575528296554,1.0,28.029211409081544,38.5,3.7032620346713685,44.06640625,5.711439274209839
2023_05_NYG_MIA,2023,5,False,False,15.0,47.0,RECONSTRUCTED_STARTER_IDENTITY_NOT_AS_ISSUED_T60,MARKET_TOTAL_RESIDUAL_SHAPE_AT_PRIOR_256_GAME_LEAGUE_MEAN,00-0036212,00-0035710,32.31456788065672,4.614579368100502,7.088523742870384,5.587394131886674,8.196523283372633,5.076282650597223,12.5,3.0607640804851037,11.5,3.1763975562676885,47.5,3.1731997359703037,44.06640625,3.5166340794046445
2023_05_TEN_IND,2023,5,False,False,7.0,39.0,RECONSTRUCTED_STARTER_IDENTITY_NOT_AS_ISSUED_T60,MARKET_TOTAL_RESIDUAL_SHAPE_AT_PRIOR_256_GAME_LEAGUE_MEAN,00-0035289,00-0029701,52.67085455016212,40.22444946357988,-0.16589922511928307,5.05396459845714,0.33195697834400645,5.076282650597223,-2.5,6.290201309922331,-2.5,6.146094525964658,43.5,3.703262266032832,44.06640625,3.703262266032832
2023_05_CIN_ARI,2023,5,False,False,-14.0,54.0,RECONSTRUCTED_STARTER_IDENTITY_NOT_AS_ISSUED_T60,MARKET_TOTAL_RESIDUAL_SHAPE_AT_PRIOR_256_GAME_LEAGUE_MEAN,00-0033949,00-0036442,18.352897102897092,0.29330602503643277,-2.3032237943608562,6.480131024623566,-1.5808401512464298,6.445691020005594,-3.0,6.2493162690372905,-3.0,6.540033919904051,45.5,5.2073507701213355,44.06640625,6.206869769640335
2023_05_PHI_LA,2023,5,False,False,-9.0,37.0,RECONSTRUCTED_STARTER_IDENTITY_NOT_AS_ISSUED_T60,MARKET_TOTAL_RESIDUAL_SHAPE_AT_PRIOR_256_GAME_LEAGUE_MEAN,00-0026498,00-0036389,7.8671328671328755,-3.755110418551677,-3.909447181436135,3.315628860121402,-3.4445574500087526,3.571232145546717,-3.5,3.5249295446505666,,,50.5,8.242463805234372,44.06640625,4.3372208999914665
2023_05_KC_MIN,2023,5,False,False,-7.0,47.0,RECONSTRUCTED_STARTER_IDENTITY_NOT_AS_ISSUED_T60,MARKET_TOTAL_RESIDUAL_SHAPE_AT_PRIOR_256_GAME_LEAGUE_MEAN,00-0029604,00-0033873,0.19627734650669026,7.397269071147039,-5.143180162444069,2.871665416157958,-5.431219831429683,2.8612754355900094,-3.5,3.0747130944341166,-3.5,2.9859213657914987,52.5,3.991381554152123,44.06640625,3.5166340794046445
2023_05_NYJ_DEN,2023,5,False,False,-10.0,52.0,RECONSTRUCTED_STARTER_IDENTITY_NOT_AS_ISSUED_T60,MARKET_TOTAL_RESIDUAL_SHAPE_AT_PRIOR_256_GAME_LEAGUE_MEAN,00-0029263,00-0037013,6.197771587743728,4.115556283845989,1.6721758887334637,6.480131024623567,1.7554645008893732,6.445691020005594,2.5,7.599965619686641,3.0,7.938302318172451,42.5,5.684022246792816,44.06640625,5.2073507701213355
2023_05_DAL_SF,2023,5,False,False,32.0,52.0,RECONSTRUCTED_STARTER_IDENTITY_NOT_AS_ISSUED_T60,MARKET_TOTAL_RESIDUAL_SHAPE_AT_PRIOR_256_GAME_LEAGUE_MEAN,00-0037834,00-0033077,7.08365708365708,0.3009583917718661,5.6704674149529275,20.049154593647135,5.941775362628335,20.043574617889192,3.5,21.291644311365335,4.5,19.925315305185435,45.0,4.770121332891899,44.06640625,5.2073507701213355
2023_05_GB_LV,2023,5,False,False,4.0,30.0,RECONSTRUCTED_STARTER_IDENTITY_NOT_AS_ISSUED_T60,MARKET_TOTAL_RESIDUAL_SHAPE_AT_PRIOR_256_GAME_LEAGUE_MEAN,00-0031345,00-0036264,47.88212678169543,5.889680601923364,-0.26739901305107194,3.768250312742854,1.4122988341398106,3.461083035397608,1.0,3.2536452733662964,,,45.0,8.982723545494114,44.06640625,8.24246380523437
2023_06_DEN_KC,2023,6,False,False,11.0,27.0,RECONSTRUCTED_STARTER_IDENTITY_NOT_AS_ISSUED_T60,MARKET_TOTAL_RESIDUAL_SHAPE_AT_PRIOR_256_GAME_LEAGUE_MEAN,00-0033873,00-0029263,6.987590324760684,14.725812769291036,15.863158789394648,3.315628860121401,15.553629891613433,3.299466873781446,10.5,2.868363888084911,9.5,2.8300772099473415,47.5,14.02938059215116,44.19140625,10.561367124137691
2023_06_BAL_TEN,2023,6,False,False,-8.0,40.0,RECONSTRUCTED_STARTER_IDENTITY_NOT_AS_ISSUED_T60,MARKET_TOTAL_RESIDUAL_SHAPE_AT_PRIOR_256_GAME_LEAGUE_MEAN,00-0029701,00-0034796,31.502619760479035,15.63085148986374,-3.270025639893138,3.315628860121402,-2.6351549090685262,3.299466873781445,-5.5,2.9347419544629743,-4.0,3.215358595228728,42.5,3.3078798706504404,44.19140625,3.472863035633601
2023_06_CAR_MIA,2023,6,False,False,21.0,63.0,RECONSTRUCTED_STARTER_IDENTITY_NOT_AS_ISSUED_T60,MARKET_TOTAL_RESIDUAL_SHAPE_AT_PRIOR_256_GAME_LEAGUE_MEAN,00-0036212,00-0039150,19.13071383322775,-39.41202475685235,8.88295999353586,8.120342664835206,11.224669537139064,6.811251385565958,14.0,4.681254700975725,13.5,4.600639980510112,47.5,9.405041967812537,44.19140625,12.545975108745674
2023_06_IND_JAX,2023,6,False,False,17.0,57.0,RECONSTRUCTED_STARTER_IDENTITY_NOT_AS_ISSUED_T60,MARKET_TOTAL_RESIDUAL_SHAPE_AT_PRIOR_256_GAME_LEAGUE_MEAN,00-0036971,00-0035289,5.2868968444884645,51.31400199564806,5.603918873168332,7.432030976523518,3.762834667121948,8.86271843703301,4.0,8.291644311365335,4.0,8.102804482674614,44.0,8.005330568101133,44.19140625,8.005330568101133
2023_06_MIN_CHI,2023,6,False,False,-6.0,32.0,RECONSTRUCTED_STARTER_IDENTITY_NOT_AS_ISSUED_T60,MARKET_TOTAL_RESIDUAL_SHAPE_AT_PRIOR_256_GAME_LEAGUE_MEAN,00-0038416,00-0029604,24.747989790710957,-0.9666741894230002,-1.4911398558406928,3.315628860121402,-0.46255329663533445,3.571232145546718,-3.0,3.0747130944341166,-3.0,2.985921365791498,44.5,7.547418110188677,44.19140625,6.894700457471023
2023_06_NO_HOU,2023,6,False,False,7.0,33.0,RECONSTRUCTED_STARTER_IDENTITY_NOT_AS_ISSUED_T60,MARKET_TOTAL_RESIDUAL_SHAPE_AT_PRIOR_256_GAME_LEAGUE_MEAN,00-0039163,00-0031280,21.970558375634532,-18.61567385711458,-1.4456499477593934,5.587394131886674,0.17779934155057106,5.076282650597223,-2.0,5.713481733202756,-1.5,5.591981971852103,42.5,5.711439274209843,44.19140625,6.279500842271409
2023_06_SEA_CIN,2023,6,False,False,4.0,30.0,RECONSTRUCTED_STARTER_IDENTITY_NOT_AS_ISSUED_T60,MARKET_TOTAL_RESIDUAL_SHAPE_AT_PRIOR_256_GAME_LEAGUE_MEAN,00-0036442,00-0030565,0.29384148025406454,-2.033080248157848,4.128021750918351,2.902449446941988,4.2210986200548275,2.9007174750320477,3.0,2.928488948209969,2.5,2.8300772099473415,45.5,9.754729317499882,44.19140625,8.24246380523437
2023_06_SF_CLE,2023,6,False,False,2.0,36.0,RECONSTRUCTED_STARTER_IDENTITY_NOT_AS_ISSUED_T60,MARKET_TOTAL_RESIDUAL_SHAPE_AT_PRIOR_256_GAME_LEAGUE_MEAN,00-0033275,00-0037834,11.80044593088072,8.381404052135766,-5.518355462051641,5.587394131886675,-5.381593786901842,5.076282650597223,-9.5,7.593712613433635,-7.0,5.591981971852103,36.0,3.1996531428950856,44.19140625,4.7350082977788635
2023_06_WAS_ATL,2023,6,False,False,-8.0,40.0,RECONSTRUCTED_STARTER_IDENTITY_NOT_AS_ISSUED_T60,MARKET_TOTAL_RESIDUAL_SHAPE_AT_PRIOR_256_GAME_LEAGUE_MEAN,00-0038122,00-0037077,-1.1824324324324342,-7.800254126892603,3.6563600100929943,6.480131024623567,3.921072877871401,6.445691020005594,1.5,5.657204676925699,3.0,6.540033919904052,42.0,3.202540765311335,44.19140625,3.472863035633601
2023_06_NE_LV,2023,6,False,False,4.0,38.0,RECONSTRUCTED_STARTER_IDENTITY_NOT_AS_ISSUED_T60,MARKET_TOTAL_RESIDUAL_SHAPE_AT_PRIOR_256_GAME_LEAGUE_MEAN,00-0031345,00-0036972,52.87856865915819,1.222530118696552,3.543015771605242,2.902449446941988,5.609257313223708,2.8612754355900094,3.0,2.928488948209969,,,41.5,3.4728630356336048,44.19140625,3.9913815541521203
2023_06_ARI_LA,2023,6,False,False,17.0,35.0,RECONSTRUCTED_STARTER_IDENTITY_NOT_AS_ISSUED_T60,MARKET_TOTAL_RESIDUAL_SHAPE_AT_PRIOR_256_GAME_LEAGUE_MEAN,00-0026498,00-0033949,9.747331578490638,14.96649809017776,5.276652551613833,8.120342664835206,5.067885891146349,8.14362271793729,7.0,6.290201309922332,,,48.0,7.547418110188678,44.19140625,5.196287759058325
2023_06_DET_TB,2023,6,False,False,-14.0,26.0,RECONSTRUCTED_STARTER_IDENTITY_NOT_AS_ISSUED_T60,MARKET_TOTAL_RESIDUAL_SHAPE_AT_PRIOR_256_GAME_LEAGUE_MEAN,00-0034855,00-0033106,-9.962856458183577,1.068157674478476,1.3392722763564506,8.534484078976622,0.8980317110499686,8.51255008686466,-3.0,6.2493162690372905,-3.0,6.540033919904051,43.5,11.40263696540753,44.19140625,11.40263696540753
2023_06_PHI_NYJ,2023,6,False,False,6.0,34.0,RECONSTRUCTED_STARTER_IDENTITY_NOT_AS_ISSUED_T60,MARKET_TOTAL_RESIDUAL_SHAPE_AT_PRIOR_256_GAME_LEAGUE_MEAN,00-0037013,00-0036389,7.295316245620498,-0.14409221902016434,-6.26184435881526,8.120342664835206,-5.9642680202296345,8.143622717937287,-6.5,8.291644311365335,-5.5,7.401505781375913,43.0,5.196287759058329,44.19140625,5.711439274209839
2023_06_NYG_BUF,2023,6,False,False,5.0,23.0,RECONSTRUCTED_STARTER_IDENTITY_NOT_AS_ISSUED_T60,MARKET_TOTAL_RESIDUAL_SHAPE_AT_PRIOR_256_GAME_LEAGUE_MEAN,00-0034857,00-0028118,0.0,-30.697391688771003,11.775571384000168,3.936119480612022,13.003467051551008,4.321592895907468,15.5,6.249316269037292,14.5,5.912328292198425,43.5,14.029380592151158,44.19140625,14.029380592151158
2023_06_DAL_LAC,2023,6,False,False,-3.0,37.0,RECONSTRUCTED_STARTER_IDENTITY_NOT_AS_ISSUED_T60,MARKET_TOTAL_RESIDUAL_SHAPE_AT_PRIOR_256_GAME_LEAGUE_MEAN,00-0036355,00-0033077,-4.071586809674854,1.3490245399691458,-0.20325329715441512,2.957764502257044,-0.4200777511401752,2.9377545120690858,-1.5,2.8601868799079027,-0.5,2.8257482056183374,49.5,7.547418110188675,44.19140625,4.3372208999914665
2023_07_JAX_NO,2023,7,False,False,-7.0,55.0,RECONSTRUCTED_STARTER_IDENTITY_NOT_AS_ISSUED_T60,MARKET_TOTAL_RESIDUAL_SHAPE_AT_PRIOR_256_GAME_LEAGUE_MEAN,00-0031280,00-0036971,-15.795366215595518,5.102819984094942,1.2609054168642706,4.3387168832094245,0.4249779688766522,3.9209194952340685,2.5,5.657204676925698,2.0,5.327912707782839,41.0,8.686908249678812,43.78125,6.769159331929897
2023_07_ATL_TB,2023,7,False,False,-3.0,29.0,RECONSTRUCTED_STARTER_IDENTITY_NOT_AS_ISSUED_T60,MARKET_TOTAL_RESIDUAL_SHAPE_AT_PRIOR_256_GAME_LEAGUE_MEAN,00-0034855,00-0038122,-8.704321261164605,-1.20708467291899,5.77115058076758,4.80480634929889,5.471261117237756,4.321592895907467,3.0,3.8370988568198783,2.5,3.8647092445793776,37.5,5.196287296335401,43.78125,8.982723545494112
2023_07_BUF_NE,2023,7,False,False,4.0,54.0,RECONSTRUCTED_STARTER_IDENTITY_NOT_AS_ISSUED_T60,MARKET_TOTAL_RESIDUAL_SHAPE_AT_PRIOR_256_GAME_LEAGUE_MEAN,00-0036972,00-0034857,1.702210989920494,0.0,-6.3955939736760685,6.778351322843865,-6.327505534079248,6.8112513855659556,-7.5,7.593712613433635,-8.5,8.10280448267461,41.0,8.00533056810113,43.78125,6.206869769640335
2023_07_CLE_IND,2023,7,False,False,-1.0,77.0,RECONSTRUCTED_STARTER_IDENTITY_NOT_AS_ISSUED_T60,MARKET_TOTAL_RESIDUAL_SHAPE_AT_PRIOR_256_GAME_LEAGUE_MEAN,00-0035289,00-0033275,24.14848484848484,5.869344944681787,-1.084355652417762,2.902449446941988,-0.3531900562656399,2.8521364264509987,-3.5,3.2536452733662955,-2.5,2.9556183354884666,40.0,29.377143939914504,43.78125,25.455066017836586
2023_07_DET_BAL,2023,7,False,False,32.0,44.0,RECONSTRUCTED_STARTER_IDENTITY_NOT_AS_ISSUED_T60,MARKET_TOTAL_RESIDUAL_SHAPE_AT_PRIOR_256_GAME_LEAGUE_MEAN,00-0034796,00-0033106,4.815267743426155,1.030124653739617,1.684413972666016,23.897158441650987,1.8358196962534774,23.887730462045035,3.0,22.253164272885293,3.0,21.856051235921367,43.5,3.199654762425329,43.78125,3.199654762425329
2023_07_LV_CHI,2023,7,False,False,18.0,42.0,RECONSTRUCTED_STARTER_IDENTITY_NOT_AS_ISSUED_T60,MARKET_TOTAL_RESIDUAL_SHAPE_AT_PRIOR_256_GAME_LEAGUE_MEAN,00-0038416,00-0026625,-60.238095238095234,10.225673833707072,-1.4410291260888335,13.676379220871764,-4.259579888960926,16.329288903603477,-2.5,14.803428823149845,,,38.5,3.516633848043181,43.78125,3.2025407653113316
2023_07_WAS_NYG,2023,7,False,False,7.0,21.0,RECONSTRUCTED_STARTER_IDENTITY_NOT_AS_ISSUED_T60,MARKET_TOTAL_RESIDUAL_SHAPE_AT_PRIOR_256_GAME_LEAGUE_MEAN,00-0028118,00-0037077,-31.82241005508026,-2.3757904245709227,0.6753279261443549,4.569597114089656,-0.5025368590760186,5.6116361859507595,-3.0,6.290201309922331,-2.5,6.146094525964658,37.0,9.754728623415494,43.78125,15.86199242476299
2023_07_ARI_SEA,2023,7,False,False,10.0,30.0,RECONSTRUCTED_STARTER_IDENTITY_NOT_AS_ISSUED_T60,MARKET_TOTAL_RESIDUAL_SHAPE_AT_PRIOR_256_GAME_LEAGUE_MEAN,00-0030565,00-0033949,-2.0406504065040743,10.676805200835847,7.997626819547504,3.192011736504278,7.488928595253907,3.4610830353976088,9.5,2.86836388808491,8.5,2.8300772099473415,43.5,8.24246380523437,43.78125,8.24246380523437
2023_07_PIT_LA,2023,7,False,False,-7.0,41.0,RECONSTRUCTED_STARTER_IDENTITY_NOT_AS_ISSUED_T60,MARKET_TOTAL_RESIDUAL_SHAPE_AT_PRIOR_256_GAME_LEAGUE_MEAN,00-0026498,00-0038102,11.988555643251765,3.3237601569066966,1.4960988452994388,4.3387168832094245,1.8426906647532417,4.779024353338926,3.5,6.249316269037291,,,44.0,3.307879870650437,43.78125,3.307879870650437
2023_07_GB_DEN,2023,7,False,False,2.0,36.0,RECONSTRUCTED_STARTER_IDENTITY_NOT_AS_ISSUED_T60,MARKET_TOTAL_RESIDUAL_SHAPE_AT_PRIOR_256_GAME_LEAGUE_MEAN,00-0029263,00-0036264,5.512568506271753,1.973656120575562,-2.413609729837526,3.768250312742853,-2.2720532344096784,3.780948355262929,1.5,2.86836388808491,-1.0,3.1763975562676876,44.0,4.7350082977788635,43.78125,4.7350082977788635
2023_07_LAC_KC,2023,7,False,False,14.0,48.0,RECONSTRUCTED_STARTER_IDENTITY_NOT_AS_ISSUED_T60,MARKET_TOTAL_RESIDUAL_SHAPE_AT_PRIOR_256_GAME_LEAGUE_MEAN,00-0033873,00-0036355,7.279985779252529,-4.322587025316449,10.634496767937708,3.4483849928775356,11.098599680120467,3.4610830353976088,5.5,5.177166196887219,5.5,5.081159461029594,48.5,3.173199735970301,43.78125,3.7508813136518793
2023_07_MIA_PHI,2023,7,False,False,14.0,48.0,RECONSTRUCTED_STARTER_IDENTITY_NOT_AS_ISSUED_T60,MARKET_TOTAL_RESIDUAL_SHAPE_AT_PRIOR_256_GAME_LEAGUE_MEAN,00-0036389,00-0036212,0.0,25.367395176760766,5.79854228495572,5.587394131886673,4.783846477885289,6.19412776844234,3.0,6.919830939551961,-0.0,8.834406214276346,52.0,3.4728630356336048,43.78125,3.7508813136518793
2023_07_SF_MIN,2023,7,False,False,5.0,39.0,RECONSTRUCTED_STARTER_IDENTITY_NOT_AS_ISSUED_T60,MARKET_TOTAL_RESIDUAL_SHAPE_AT_PRIOR_256_GAME_LEAGUE_MEAN,00-0029604,00-0037834,-1.5351633729239644,7.672621437173843,-4.980689025966385,6.778351322843864,-5.349000418370297,6.811251385565958,-7.0,7.593712613433636,-6.5,7.4015057813759135,44.5,3.991381554152121,43.78125,3.703262266032832
2023_08_TB_BUF,2023,8,False,False,6.0,42.0,RECONSTRUCTED_STARTER_IDENTITY_NOT_AS_ISSUED_T60,MARKET_TOTAL_RESIDUAL_SHAPE_AT_PRIOR_256_GAME_LEAGUE_MEAN,00-0034857,00-0034855,0.0,-8.818425889908399,8.155081968459935,2.871665416157957,8.507819004056271,2.9377545120690858,10.0,3.265670285391308,11.0,3.5054018852720183,43.0,3.1731997359703055,43.6015625,3.2025407653113316
2023_08_ATL_TEN,2023,8,False,False,5.0,51.0,RECONSTRUCTED_STARTER_IDENTITY_NOT_AS_ISSUED_T60,MARKET_TOTAL_RESIDUAL_SHAPE_AT_PRIOR_256_GAME_LEAGUE_MEAN,00-0039152,00-0031800,44.32633232175369,4.15232504850962,3.1276981031371633,3.192011736504279,4.734658394066925,2.900717475032047,-2.5,5.177166196887217,-2.5,5.081159461029593,35.0,10.152995170792188,43.6015625,4.7701213328918985
2023_08_HOU_CAR,2023,8,False,False,2.0,28.0,RECONSTRUCTED_STARTER_IDENTITY_NOT_AS_ISSUED_T60,MARKET_TOTAL_RESIDUAL_SHAPE_AT_PRIOR_256_GAME_LEAGUE_MEAN,00-0039150,00-0039163,-33.21675660716756,18.40038966221451,-0.15833508172358052,3.192011736504279,-2.2230209324988635,3.780948355262929,-3.0,3.846237865958887,-3.0,3.760813140683272,43.0,8.982723545494116,43.6015625,9.754729317499882
2023_08_JAX_PIT,2023,8,False,False,-10.0,30.0,RECONSTRUCTED_STARTER_IDENTITY_NOT_AS_ISSUED_T60,MARKET_TOTAL_RESIDUAL_SHAPE_AT_PRIOR_256_GAME_LEAGUE_MEAN,00-0033869,00-0036971,-11.87891028366639,0.10768996371091077,2.0018444871052634,6.480131024623567,1.5223804772101714,6.445691020005594,-2.5,4.208912228633251,-2.0,4.765142145012277,41.0,6.279500842271406,43.6015625,8.24246380523437
2023_08_LA_DAL,2023,8,False,False,23.0,63.0,RECONSTRUCTED_STARTER_IDENTITY_NOT_AS_ISSUED_T60,MARKET_TOTAL_RESIDUAL_SHAPE_AT_PRIOR_256_GAME_LEAGUE_MEAN,00-0033077,00-0026498,1.3458770545083265,3.6439248303189675,7.929978053559344,10.35555190004444,7.838056142526917,10.381717956032528,6.5,10.571105590826615,,,44.5,11.726831289601858,43.6015625,12.545975108745674
2023_08_MIN_GB,2023,8,False,False,-14.0,34.0,RECONSTRUCTED_STARTER_IDENTITY_NOT_AS_ISSUED_T60,MARKET_TOTAL_RESIDUAL_SHAPE_AT_PRIOR_256_GAME_LEAGUE_MEAN,00-0036264,00-0029604,8.650556030795563,-1.3034740166523173,0.7189668790064843,8.534484078976622,1.1171280809043995,8.51255008686466,-1.0,7.5999656196866425,-2.0,7.224016603886735,41.5,4.735008297778867,43.6015625,5.711439274209839
2023_08_NE_MIA,2023,8,False,False,14.0,48.0,RECONSTRUCTED_STARTER_IDENTITY_NOT_AS_ISSUED_T60,MARKET_TOTAL_RESIDUAL_SHAPE_AT_PRIOR_256_GAME_LEAGUE_MEAN,00-0036212,00-0036972,27.41778727326045,2.4263988649463553,6.681445312480873,5.05396459845714,7.681100848813437,4.593839168153741,7.5,4.239215258936282,9.0,3.7608131406832728,46.5,3.2463118090823766,43.6015625,3.7508813136518793
2023_08_NO_IND,2023,8,False,False,-11.0,65.0,RECONSTRUCTED_STARTER_IDENTITY_NOT_AS_ISSUED_T60,MARKET_TOTAL_RESIDUAL_SHAPE_AT_PRIOR_256_GAME_LEAGUE_MEAN,00-0035289,00-0031280,32.03471552555448,-9.26430517711172,0.26094280039668777,5.881285425777968,1.9129036285033356,7.0887886631032355,-2.0,5.125699145420168,-0.0,6.540033919904051,43.5,14.249678812449377,43.6015625,14.249678812449377
2023_08_NYJ_NYG,2023,8,False,False,-3.0,23.0,RECONSTRUCTED_STARTER_IDENTITY_NOT_AS_ISSUED_T60,MARKET_TOTAL_RESIDUAL_SHAPE_AT_PRIOR_256_GAME_LEAGUE_MEAN,00-0028118,00-0037013,5.764559327312346,3.8834094959154575,0.4028699409118235,2.957764502257044,0.4781159341676991,2.9377545120690858,-3.0,2.868363888084909,-3.0,2.76947114934128,35.0,6.894697912494931,43.6015625,14.029380592151158
2023_08_PHI_WAS,2023,8,False,False,-7.0,69.0,RECONSTRUCTED_STARTER_IDENTITY_NOT_AS_ISSUED_T60,MARKET_TOTAL_RESIDUAL_SHAPE_AT_PRIOR_256_GAME_LEAGUE_MEAN,00-0037077,00-0036389,2.4560973617577364,0.0,-6.336389540153223,2.853868398360942,-6.238145645682913,2.852136426450996,-7.0,2.868363888084911,-7.0,2.76947114934128,42.5,18.75521031798089,43.6015625,17.834094396864963
2023_08_CLE_SEA,2023,8,False,False,4.0,44.0,RECONSTRUCTED_STARTER_IDENTITY_NOT_AS_ISSUED_T60,MARKET_TOTAL_RESIDUAL_SHAPE_AT_PRIOR_256_GAME_LEAGUE_MEAN,00-0030565,00-0033275,-2.058981102669022,13.06444377990431,3.0428908697805492,3.010674555167098,2.437953874477616,3.2104817847963574,4.0,2.86836388808491,4.0,2.769471149341281,39.5,3.750881313651881,43.6015625,3.199654762425329
2023_08_BAL_ARI,2023,8,False,False,-7.0,55.0,RECONSTRUCTED_STARTER_IDENTITY_NOT_AS_ISSUED_T60,MARKET_TOTAL_RESIDUAL_SHAPE_AT_PRIOR_256_GAME_LEAGUE_MEAN,00-0033949,00-0034796,4.331388425815663,9.416942229138293,-6.141718799336759,2.853868398360942,-6.345140951469664,2.852136426450996,-9.5,3.2536452733662955,-9.5,3.1763975562676876,44.5,6.206869769640336,43.6015625,6.769159331929897
2023_08_CIN_SF,2023,8,False,False,-14.0,48.0,RECONSTRUCTED_STARTER_IDENTITY_NOT_AS_ISSUED_T60,MARKET_TOTAL_RESIDUAL_SHAPE_AT_PRIOR_256_GAME_LEAGUE_MEAN,00-0037834,00-0036442,7.093425605536341,0.291013179080446,5.73005318398471,12.568635113127652,6.002149681042946,12.575561149875721,4.0,11.520600540321563,3.0,11.12012049999063,44.0,3.7508813136518793,43.6015625,3.7508813136518793
2023_08_KC_DEN,2023,8,False,False,15.0,33.0,RECONSTRUCTED_STARTER_IDENTITY_NOT_AS_ISSUED_T60,MARKET_TOTAL_RESIDUAL_SHAPE_AT_PRIOR_256_GAME_LEAGUE_MEAN,00-0029263,00-0033873,3.4480657934815584,7.3143425586610356,-10.789309299815805,20.04915459364714,-10.943960370422985,20.043574617889192,-7.0,15.700494720215744,-7.5,16.25864863851877,45.5,7.547418110188676,43.6015625,6.279500842271409
2023_08_CHI_LAC,2023,8,False,False,17.0,43.0,RECONSTRUCTED_STARTER_IDENTITY_NOT_AS_ISSUED_T60,MARKET_TOTAL_RESIDUAL_SHAPE_AT_PRIOR_256_GAME_LEAGUE_MEAN,00-0036355,00-0038416,-4.407944996180291,3.815513626834388,6.589492481468487,6.778351322843864,6.260554136547901,7.4591590334736075,9.5,4.681254700975724,9.0,5.081159461029594,46.0,3.307879870650437,43.6015625,3.173199735970302
2023_08_LV_DET,2023,8,False,False,12.0,40.0,RECONSTRUCTED_STARTER_IDENTITY_NOT_AS_ISSUED_T60,MARKET_TOTAL_RESIDUAL_SHAPE_AT_PRIOR_256_GAME_LEAGUE_MEAN,00-0033106,00-0031345,0.9378021826219163,54.902826855123664,7.788639336350888,3.768250312742853,5.630038349450818,4.593839168153741,7.0,3.846237865958888,,,46.0,3.9913815541521203,43.6015625,3.472863035633601
2023_09_TEN_PIT,2023,9,False,False,4.0,36.0,RECONSTRUCTED_STARTER_IDENTITY_NOT_AS_ISSUED_T60,MARKET_TOTAL_RESIDUAL_SHAPE_AT_PRIOR_256_GAME_LEAGUE_MEAN,00-0038102,00-0039152,8.243734934279345,132.0866935483871,4.5084225867322765,2.853868398360941,-0.4452957578320337,3.780948355262929,3.5,2.86836388808491,3.0,2.8300772099473415,37.0,3.173199041885912,43.765625,4.7350082977788635
2023_09_MIA_KC,2023,9,False,False,7.0,35.0,RECONSTRUCTED_STARTER_IDENTITY_NOT_AS_ISSUED_T60,MARKET_TOTAL_RESIDUAL_SHAPE_AT_PRIOR_256_GAME_LEAGUE_MEAN,00-0033873,00-0036212,6.431840148332246,24.062303582652422,4.146098730260191,3.4483849928775356,3.4408801928873847,3.780948355262928,1.0,4.239215258936281,0.5,4.154752534622666,51.0,9.754729317499883,43.765625,5.196287759058325
2023_09_ARI_CLE,2023,9,False,False,27.0,27.0,RECONSTRUCTED_STARTER_IDENTITY_NOT_AS_ISSUED_T60,MARKET_TOTAL_RESIDUAL_SHAPE_AT_PRIOR_256_GAME_LEAGUE_MEAN,00-0033537,00-0038582,29.480973419148405,-18.96067415730338,8.366430605228533,13.676379220871762,10.304096508286605,11.987297561612134,13.0,9.023246042967067,8.0,12.786787166657298,38.0,6.279500379548485,43.765625,10.561367124137691
2023_09_CHI_NO,2023,9,False,False,7.0,41.0,RECONSTRUCTED_STARTER_IDENTITY_NOT_AS_ISSUED_T60,MARKET_TOTAL_RESIDUAL_SHAPE_AT_PRIOR_256_GAME_LEAGUE_MEAN,00-0031280,00-0038416,-9.312390924956372,-7.531968364254582,7.50961765559794,2.85386839836094,7.438400753169869,2.9007174750320477,9.0,2.934741954462977,8.5,2.8257482056183383,42.0,3.1731997359703055,43.765625,3.307879870650437
2023_09_LA_GB,2023,9,False,False,17.0,23.0,RECONSTRUCTED_STARTER_IDENTITY_NOT_AS_ISSUED_T60,MARKET_TOTAL_RESIDUAL_SHAPE_AT_PRIOR_256_GAME_LEAGUE_MEAN,00-0036264,00-0034955,2.4927745664739875,-57.08864265927978,2.3961231473943005,10.355551900044441,4.779379836424451,8.14362271793729,3.5,8.291644311365335,,,38.0,8.982723082771187,43.765625,14.029380592151158
2023_09_MIN_ATL,2023,9,False,False,-3.0,59.0,RECONSTRUCTED_STARTER_IDENTITY_NOT_AS_ISSUED_T60,MARKET_TOTAL_RESIDUAL_SHAPE_AT_PRIOR_256_GAME_LEAGUE_MEAN,00-0031800,00-0033949,12.356321839080465,-65.14053897421037,-2.467850679883295,2.85386839836094,0.6320237526483384,3.0883076626222357,3.5,4.208912228633252,4.5,4.765142145012277,38.5,13.386282717692053,43.765625,9.405041967812535
2023_09_SEA_BAL,2023,9,False,False,34.0,40.0,RECONSTRUCTED_STARTER_IDENTITY_NOT_AS_ISSUED_T60,MARKET_TOTAL_RESIDUAL_SHAPE_AT_PRIOR_256_GAME_LEAGUE_MEAN,00-0034796,00-0030565,12.832274758880269,-2.025747508305642,5.065407976848719,22.925056469549013,5.659728867536155,21.951222525537098,6.0,21.291644311365335,6.0,20.890683270553403,44.5,3.7032622660328327,43.765625,3.472863035633601
2023_09_TB_HOU,2023,9,False,False,2.0,76.0,RECONSTRUCTED_STARTER_IDENTITY_NOT_AS_ISSUED_T60,MARKET_TOTAL_RESIDUAL_SHAPE_AT_PRIOR_256_GAME_LEAGUE_MEAN,00-0039163,00-0034855,12.319407208817413,-6.0197673744053715,1.2301188806372192,3.010674555167097,1.9636858639661303,2.9007174750320477,2.5,2.8601868799079018,2.5,2.7391681190382515,39.5,28.39253595530652,43.765625,24.482002044772614
2023_09_WAS_NE,2023,9,False,False,-3.0,37.0,RECONSTRUCTED_STARTER_IDENTITY_NOT_AS_ISSUED_T60,MARKET_TOTAL_RESIDUAL_SHAPE_AT_PRIOR_256_GAME_LEAGUE_MEAN,00-0036972,00-0037077,2.0712924074763217,10.572809805420324,2.9138049193959614,3.589318133810675,2.5737442234782013,3.571232145546717,2.5,3.8370988568198783,3.0,3.8647092445793776,40.5,3.4728630356335985,43.765625,4.3372208999914665
2023_09_IND_CAR,2023,9,False,False,-14.0,40.0,RECONSTRUCTED_STARTER_IDENTITY_NOT_AS_ISSUED_T60,MARKET_TOTAL_RESIDUAL_SHAPE_AT_PRIOR_256_GAME_LEAGUE_MEAN,00-0039150,00-0035289,-23.384397163120575,12.31228715310484,2.382826220388124,9.290135834628378,0.9549588477391074,8.51255008686466,-1.5,6.906843926564949,-0.0,8.682891062761195,45.0,3.7032622660328327,43.765625,3.472863035633601
2023_09_DAL_PHI,2023,9,False,False,5.0,51.0,RECONSTRUCTED_STARTER_IDENTITY_NOT_AS_ISSUED_T60,MARKET_TOTAL_RESIDUAL_SHAPE_AT_PRIOR_256_GAME_LEAGUE_MEAN,00-0036389,00-0033077,0.0,2.6159057342836967,4.6046440450901995,2.902449446941988,4.500007815718851,2.900717475032047,3.5,2.92848894820997,3.0,2.9556183354884675,46.5,3.750881313651881,43.765625,4.7701213328918985
2023_09_NYG_LV,2023,9,False,False,24.0,36.0,RECONSTRUCTED_STARTER_IDENTITY_NOT_AS_ISSUED_T60,MARKET_TOTAL_RESIDUAL_SHAPE_AT_PRIOR_256_GAME_LEAGUE_MEAN,00-0038579,00-0038476,-32.87311676082862,-129.18227215980025,3.047463547125844,15.438764983257526,6.89982976308471,11.987297561612134,1.0,16.60525662497765,,,38.5,3.3078796392889736,43.765625,4.7350082977788635
2023_09_BUF_CIN,2023,9,False,False,6.0,42.0,RECONSTRUCTED_STARTER_IDENTITY_NOT_AS_ISSUED_T60,MARKET_TOTAL_RESIDUAL_SHAPE_AT_PRIOR_256_GAME_LEAGUE_MEAN,00-0036442,00-0034857,0.32044887780546816,0.0,2.590739262583493,3.4483849928775356,2.603557217695711,3.461083035397608,1.5,3.5138665335875556,1.0,3.760813140683272,51.0,5.196287759058326,43.765625,3.2025407653113316
2023_09_LAC_NYJ,2023,9,False,False,-21.0,33.0,RECONSTRUCTED_STARTER_IDENTITY_NOT_AS_ISSUED_T60,MARKET_TOTAL_RESIDUAL_SHAPE_AT_PRIOR_256_GAME_LEAGUE_MEAN,00-0037013,00-0036355,9.078429384831121,-4.059772681144724,1.8413055154811628,15.23289677738932,2.3668335981201967,15.24174681606139,-3.0,11.520600540321562,-3.5,11.12012049999063,41.0,4.735008297778861,43.765625,6.279500842271409
2023_10_CAR_CHI,2023,10,False,False,3.0,29.0,RECONSTRUCTED_STARTER_IDENTITY_NOT_AS_ISSUED_T60,MARKET_TOTAL_RESIDUAL_SHAPE_AT_PRIOR_256_GAME_LEAGUE_MEAN,00-0038416,00-0039150,-17.34519104084321,-15.095650752125566,3.191944673662474,2.902449446941988,3.1019630621137684,2.900717475032047,3.0,2.868363888084909,3.0,2.769471149341281,38.0,5.196287296335401,43.51171875,8.982723545494112
2023_10_IND_NE,2023,10,False,False,-4.0,16.0,RECONSTRUCTED_STARTER_IDENTITY_NOT_AS_ISSUED_T60,MARKET_TOTAL_RESIDUAL_SHAPE_AT_PRIOR_256_GAME_LEAGUE_MEAN,00-0036972,00-0035289,1.8200027628125337,7.206883811539089,-0.6489416846883977,2.957764502257044,-0.86441692663746,2.9377545120690858,-1.0,3.0747130944341183,-0.5,2.985921365791498,42.0,18.704224266994835,43.51171875,20.645542208312776
2023_10_CLE_BAL,2023,10,False,False,-2.0,64.0,RECONSTRUCTED_STARTER_IDENTITY_NOT_AS_ISSUED_T60,MARKET_TOTAL_RESIDUAL_SHAPE_AT_PRIOR_256_GAME_LEAGUE_MEAN,00-0034796,00-0033537,-3.092765860337754,26.98586679498831,6.798061312336849,4.804806349298891,5.594916006123807,4.321592895907468,6.0,4.643255662976687,4.0,3.8647092445793776,38.5,17.8340941655035,43.51171875,13.386282949053514
2023_10_GB_PIT,2023,10,False,False,4.0,42.0,RECONSTRUCTED_STARTER_IDENTITY_NOT_AS_ISSUED_T60,MARKET_TOTAL_RESIDUAL_SHAPE_AT_PRIOR_256_GAME_LEAGUE_MEAN,00-0038102,00-0036264,8.54575163398692,3.5406403940886566,4.711402054573373,2.853868398360941,4.9116065041693036,2.852136426450998,3.0,2.928488948209969,3.5,2.769471149341281,38.5,3.516633848043181,43.51171875,3.2025407653113316
2023_10_HOU_CIN,2023,10,False,False,-3.0,57.0,RECONSTRUCTED_STARTER_IDENTITY_NOT_AS_ISSUED_T60,MARKET_TOTAL_RESIDUAL_SHAPE_AT_PRIOR_256_GAME_LEAGUE_MEAN,00-0036442,00-0039163,0.33335321128271644,13.241943241943254,10.410375613393716,7.127076671569212,9.894032012167294,7.0887886631032355,5.5,5.125699145420169,7.0,5.912328292198425,46.0,6.769159331929897,43.51171875,8.005330568101133
2023_10_NO_MIN,2023,10,False,False,8.0,46.0,RECONSTRUCTED_STARTER_IDENTITY_NOT_AS_ISSUED_T60,MARKET_TOTAL_RESIDUAL_SHAPE_AT_PRIOR_256_GAME_LEAGUE_MEAN,00-0033949,00-0031503,-56.3267932591909,5.713874496257909,4.653994570555069,3.4483849928775356,2.1723678603371166,4.593839168153741,-3.0,6.919830939551961,-1.5,6.146094525964658,41.0,4.039000601771165,43.51171875,3.35165091442148
2023_10_SF_JAX,2023,10,False,False,-31.0,37.0,RECONSTRUCTED_STARTER_IDENTITY_NOT_AS_ISSUED_T60,MARKET_TOTAL_RESIDUAL_SHAPE_AT_PRIOR_256_GAME_LEAGUE_MEAN,00-0036971,00-0037834,0.11513157894735837,6.384666516166249,1.1087692117327606,23.73458027907282,0.857987814244005,23.763632337946913,-3.0,20.70674772646875,-3.0,21.211029590899724,44.5,4.735008297778864,43.51171875,4.3372208999914665
2023_10_TEN_TB,2023,10,False,False,14.0,26.0,RECONSTRUCTED_STARTER_IDENTITY_NOT_AS_ISSUED_T60,MARKET_TOTAL_RESIDUAL_SHAPE_AT_PRIOR_256_GAME_LEAGUE_MEAN,00-0034855,00-0039152,-1.1043233082706827,44.0556628056628,2.740072609057779,7.432030976523519,0.93367316450044,8.86271843703301,2.5,6.919830939551961,2.0,7.401505781375914,39.5,8.242463805234372,43.51171875,11.40263696540753
2023_10_ATL_ARI,2023,10,False,False,2.0,48.0,RECONSTRUCTED_STARTER_IDENTITY_NOT_AS_ISSUED_T60,MARKET_TOTAL_RESIDUAL_SHAPE_AT_PRIOR_256_GAME_LEAGUE_MEAN,00-0035228,00-0031800,25.285324089477633,13.24225865209472,0.1331619164640506,3.192011736504279,0.6148845339593672,3.0252965996111714,-2.0,3.5138665335875556,1.5,2.769471149341281,43.5,3.7508813136518793,43.51171875,3.7508813136518793
2023_10_DET_LAC,2023,10,False,False,-3.0,79.0,RECONSTRUCTED_STARTER_IDENTITY_NOT_AS_ISSUED_T60,MARKET_TOTAL_RESIDUAL_SHAPE_AT_PRIOR_256_GAME_LEAGUE_MEAN,00-0036355,00-0033106,-3.905078772257431,1.9372654155495939,1.5684252699461012,3.315628860121402,1.33473150243382,3.0883076626222357,-2.5,2.868363888084909,-2.5,2.76947114934128,48.5,22.547418110188673,43.51171875,27.41081397358454
2023_10_NYG_DAL,2023,10,False,False,32.0,66.0,RECONSTRUCTED_STARTER_IDENTITY_NOT_AS_ISSUED_T60,MARKET_TOTAL_RESIDUAL_SHAPE_AT_PRIOR_256_GAME_LEAGUE_MEAN,00-0033077,00-0038476,2.531753360784794,-37.29376257545272,11.416219457129728,15.438764983257526,13.00924009457923,13.687153261467834,17.5,9.023246042967067,14.0,11.955618335488467,38.5,19.689794021203355,43.51171875,15.126542689313256
2023_10_WAS_SEA,2023,10,False,False,3.0,55.0,RECONSTRUCTED_STARTER_IDENTITY_NOT_AS_ISSUED_T60,MARKET_TOTAL_RESIDUAL_SHAPE_AT_PRIOR_256_GAME_LEAGUE_MEAN,00-0030565,00-0037077,-2.1621542599848054,0.0,6.137228206292902,2.957764502257043,6.05074203589351,2.9377545120690858,6.0,3.0747130944341183,4.5,2.8257482056183374,44.0,6.769159331929897,43.51171875,6.769159331929897
2023_10_NYJ_LV,2023,10,False,False,4.0,28.0,RECONSTRUCTED_STARTER_IDENTITY_NOT_AS_ISSUED_T60,MARKET_TOTAL_RESIDUAL_SHAPE_AT_PRIOR_256_GAME_LEAGUE_MEAN,00-0038579,00-0037013,11.024623524623522,10.650808816021707,2.1089529825333013,3.192011736504279,2.1239055708773735,3.2104817847963574,-1.0,3.846237865958889,,,35.5,4.735006678248622,43.51171875,9.754729317499882
2023_10_DEN_BUF,2023,10,False,False,-2.0,46.0,RECONSTRUCTED_STARTER_IDENTITY_NOT_AS_ISSUED_T60,MARKET_TOTAL_RESIDUAL_SHAPE_AT_PRIOR_256_GAME_LEAGUE_MEAN,00-0034857,00-0029263,0.0,0.0,9.761609912808353,6.480131024623566,9.761609912808353,6.445691020005594,7.5,5.6572046769257,7.0,5.327912707782839,47.5,3.2025407653113334,43.51171875,3.35165091442148
2023_11_CIN_BAL,2023,11,False,False,14.0,54.0,RECONSTRUCTED_STARTER_IDENTITY_NOT_AS_ISSUED_T60,MARKET_TOTAL_RESIDUAL_SHAPE_AT_PRIOR_256_GAME_LEAGUE_MEAN,00-0034796,00-0036442,-0.34632034632033903,0.3199363586054327,2.5564067351506763,7.432030976523519,2.5297564669536454,7.459159033473607,4.0,6.290201309922332,4.0,6.146094525964659,46.5,4.7701213328919,43.65625,6.206869769640335
2023_11_ARI_HOU,2023,11,False,False,5.0,37.0,RECONSTRUCTED_STARTER_IDENTITY_NOT_AS_ISSUED_T60,MARKET_TOTAL_RESIDUAL_SHAPE_AT_PRIOR_256_GAME_LEAGUE_MEAN,00-0039163,00-0035228,2.383478308527054,20.251527128997495,6.850456720057582,2.871665416157958,6.135734767238764,2.8521364264509987,5.5,2.8601868799079035,5.0,2.76947114934128,48.0,6.2795008422714105,43.65625,4.3372208999914665
2023_11_CHI_DET,2023,11,False,False,5.0,57.0,RECONSTRUCTED_STARTER_IDENTITY_NOT_AS_ISSUED_T60,MARKET_TOTAL_RESIDUAL_SHAPE_AT_PRIOR_256_GAME_LEAGUE_MEAN,00-0033106,00-0036945,1.0047477284271134,2.352413191773106,10.853661446177494,3.589318133810675,10.799754827643653,3.571232145546718,8.0,3.0747130944341183,9.0,3.215358595228728,48.0,5.684022246792814,43.65625,8.005330568101133
2023_11_DAL_CAR,2023,11,False,False,-23.0,43.0,RECONSTRUCTED_STARTER_IDENTITY_NOT_AS_ISSUED_T60,MARKET_TOTAL_RESIDUAL_SHAPE_AT_PRIOR_256_GAME_LEAGUE_MEAN,00-0039150,00-0033077,-2.073061230919482,5.112433862433852,-8.124850954708009,8.534484078976622,-8.41227075844214,8.512550086864657,-11.0,6.906843926564946,-13.0,5.912328292198422,43.0,3.1996547624253324,43.65625,3.173199735970302
2023_11_LAC_GB,2023,11,False,False,3.0,43.0,RECONSTRUCTED_STARTER_IDENTITY_NOT_AS_ISSUED_T60,MARKET_TOTAL_RESIDUAL_SHAPE_AT_PRIOR_256_GAME_LEAGUE_MEAN,00-0036264,00-0036355,-1.7932780437452278,-4.006936898735836,-0.1409967402373877,3.4483849928775356,-0.0524503860377634,3.4610830353976088,-3.0,4.23921525893628,-2.5,4.154752534622666,44.0,3.173199735970302,43.65625,3.173199735970302
2023_11_LV_MIA,2023,11,False,False,7.0,33.0,RECONSTRUCTED_STARTER_IDENTITY_NOT_AS_ISSUED_T60,MARKET_TOTAL_RESIDUAL_SHAPE_AT_PRIOR_256_GAME_LEAGUE_MEAN,00-0036212,00-0038579,15.42903533906399,1.8261915851575994,6.069912924319787,3.010674555167097,6.614026674476044,2.9007174750320477,14.0,4.2089122286332525,,,44.5,6.894700457471024,43.65625,6.279500842271409
2023_11_NYG_WAS,2023,11,False,False,-12.0,50.0,RECONSTRUCTED_STARTER_IDENTITY_NOT_AS_ISSUED_T60,MARKET_TOTAL_RESIDUAL_SHAPE_AT_PRIOR_256_GAME_LEAGUE_MEAN,00-0037077,00-0038476,0.0,-38.35085137691823,4.848286663357885,10.075609620102162,6.382320718434614,10.884363458678031,7.5,13.254126273847298,9.0,14.60929798916812,39.0,6.769159100568434,43.65625,4.38099194376251
2023_11_PIT_CLE,2023,11,False,False,3.0,23.0,RECONSTRUCTED_STARTER_IDENTITY_NOT_AS_ISSUED_T60,MARKET_TOTAL_RESIDUAL_SHAPE_AT_PRIOR_256_GAME_LEAGUE_MEAN,00-0038583,00-0038102,-127.65491100856954,8.45019090593544,2.9248358275286317,2.902449446941988,-2.5193682490515674,4.59383916815374,2.5,2.868363888084909,1.5,2.8300772099473415,34.0,6.27949621504215,43.65625,14.029380592151158
2023_11_TEN_JAX,2023,11,False,False,20.0,48.0,RECONSTRUCTED_STARTER_IDENTITY_NOT_AS_ISSUED_T60,MARKET_TOTAL_RESIDUAL_SHAPE_AT_PRIOR_256_GAME_LEAGUE_MEAN,00-0036971,00-0039152,0.9038518191191613,14.669625246548312,7.101054853400501,8.838476382968926,6.550423916303334,8.86271843703301,6.5,8.291644311365335,6.5,8.102804482674614,40.0,5.207350770121337,43.65625,3.7508813136518793
2023_11_TB_SF,2023,11,False,False,13.0,41.0,RECONSTRUCTED_STARTER_IDENTITY_NOT_AS_ISSUED_T60,MARKET_TOTAL_RESIDUAL_SHAPE_AT_PRIOR_256_GAME_LEAGUE_MEAN,00-0037834,00-0034855,8.300674386054219,-0.9345862470862443,9.79167321763951,3.4483849928775347,10.161083642965128,3.4610830353976088,13.5,2.8601868799079035,11.5,2.8300772099473415,41.5,3.1731997359703055,43.65625,3.307879870650437
2023_11_NYJ_BUF,2023,11,False,False,26.0,38.0,RECONSTRUCTED_STARTER_IDENTITY_NOT_AS_ISSUED_T60,MARKET_TOTAL_RESIDUAL_SHAPE_AT_PRIOR_256_GAME_LEAGUE_MEAN,00-0034857,00-0037013,0.0,-3.424999999999989,8.508498382383104,11.967865512358053,8.645498382383103,11.987297561612134,8.0,12.210355230076253,7.0,12.786787166657298,39.5,3.2025407653113334,43.65625,3.9913815541521203
2023_11_SEA_LA,2023,11,False,False,1.0,33.0,RECONSTRUCTED_STARTER_IDENTITY_NOT_AS_ISSUED_T60,MARKET_TOTAL_RESIDUAL_SHAPE_AT_PRIOR_256_GAME_LEAGUE_MEAN,00-0026498,00-0030565,19.64529037714573,-1.8502442299233701,-1.5038126110485246,3.4483849928775347,-0.6439912267657606,3.2104817847963574,2.5,2.934741954462975,,,45.0,6.894700457471024,43.65625,6.279500842271409
2023_11_MIN_DEN,2023,11,False,False,1.0,41.0,RECONSTRUCTED_STARTER_IDENTITY_NOT_AS_ISSUED_T60,MARKET_TOTAL_RESIDUAL_SHAPE_AT_PRIOR_256_GAME_LEAGUE_MEAN,00-0029263,00-0033949,0.0,-47.30758756494051,-2.513846637501565,3.768250312742854,-0.6215431349039445,3.2104817847963574,2.5,2.934741954462975,2.5,2.8257482056183383,43.5,3.307879870650437,43.65625,3.307879870650437
2023_11_PHI_KC,2023,11,False,False,-4.0,38.0,RECONSTRUCTED_STARTER_IDENTITY_NOT_AS_ISSUED_T60,MARKET_TOTAL_RESIDUAL_SHAPE_AT_PRIOR_256_GAME_LEAGUE_MEAN,00-0033873,00-0036389,6.624070681276395,0.0,2.5300316946463317,3.9361194806120228,2.7949945218973875,3.9209194952340676,2.5,4.208912228633251,1.5,3.8647092445793776,46.0,4.7350082977788635,43.65625,3.9913815541521203
2023_12_GB_DET,2023,12,False,False,-7.0,51.0,RECONSTRUCTED_STARTER_IDENTITY_NOT_AS_ISSUED_T60,MARKET_TOTAL_RESIDUAL_SHAPE_AT_PRIOR_256_GAME_LEAGUE_MEAN,00-0033106,00-0036264,0.9810696486158177,-0.5777894464484179,7.288803008075156,7.8125023569949,7.351157371877726,7.779024353338926,8.5,9.880388900109924,8.5,10.284622664492797,47.0,3.750881313651881,43.44140625,5.207350770121339
2023_12_WAS_DAL,2023,12,False,False,35.0,55.0,RECONSTRUCTED_STARTER_IDENTITY_NOT_AS_ISSUED_T60,MARKET_TOTAL_RESIDUAL_SHAPE_AT_PRIOR_256_GAME_LEAGUE_MEAN,00-0033077,00-0037077,5.79232283464568,0.0,11.972032872001256,17.24636479085733,12.203725785387082,17.238860813175386,13.0,15.700494720215744,13.5,14.505401885272018,48.0,4.7701213328919,43.44140625,7.367042929813499
2023_12_SF_SEA,2023,12,False,False,-18.0,44.0,RECONSTRUCTED_STARTER_IDENTITY_NOT_AS_ISSUED_T60,MARKET_TOTAL_RESIDUAL_SHAPE_AT_PRIOR_256_GAME_LEAGUE_MEAN,00-0030565,00-0037834,3.559312276931359,1.691502673188472,-3.18448101870832,8.534484078976622,-3.109768634558604,8.51255008686466,-7.0,6.249316269037292,-7.0,6.540033919904051,43.5,3.199654762425329,43.44140625,3.2463118090823784
2023_12_MIA_NYJ,2023,12,False,False,-21.0,47.0,RECONSTRUCTED_STARTER_IDENTITY_NOT_AS_ISSUED_T60,MARKET_TOTAL_RESIDUAL_SHAPE_AT_PRIOR_256_GAME_LEAGUE_MEAN,00-0034177,00-0036212,-47.50628848989505,-0.19435135706307172,-2.4513723608266718,11.715821260313803,-4.343849846139951,10.066181640496215,-9.5,6.2493162690372905,-7.5,7.9383023181724495,40.0,4.7701213328919,43.44140625,3.750881313651883
2023_12_CAR_TEN,2023,12,False,False,7.0,27.0,RECONSTRUCTED_STARTER_IDENTITY_NOT_AS_ISSUED_T60,MARKET_TOTAL_RESIDUAL_SHAPE_AT_PRIOR_256_GAME_LEAGUE_MEAN,00-0039152,00-0039150,21.47104212055193,-10.036308980984233,6.128358684100085,3.010674555167097,7.388652728161532,2.9007174750320477,3.5,3.2536452733662964,5.0,2.9556183354884666,36.0,5.196286139528082,43.44140625,9.754729317499885
2023_12_JAX_HOU,2023,12,False,False,-3.0,45.0,RECONSTRUCTED_STARTER_IDENTITY_NOT_AS_ISSUED_T60,MARKET_TOTAL_RESIDUAL_SHAPE_AT_PRIOR_256_GAME_LEAGUE_MEAN,00-0039163,00-0036971,-0.26595002094094156,1.1473820297349668,-0.7016417908867516,2.871665416157958,-0.7581750729137879,2.8612754355900094,-1.0,2.934741954462977,-1.0,2.8257482056183374,48.0,3.3078798706504386,43.44140625,3.3516509144214837
2023_12_NE_NYG,2023,12,False,False,3.0,17.0,RECONSTRUCTED_STARTER_IDENTITY_NOT_AS_ISSUED_T60,MARKET_TOTAL_RESIDUAL_SHAPE_AT_PRIOR_256_GAME_LEAGUE_MEAN,00-0038476,00-0036972,-10.872493473310008,5.540556334735869,3.177878178168921,2.902449446941988,2.521356185847086,2.900717475032047,-4.5,5.177166196887216,-3.0,4.154752534622666,36.5,13.133276001962871,43.44140625,18.704224266994835
2023_12_NO_ATL,2023,12,False,False,9.0,39.0,RECONSTRUCTED_STARTER_IDENTITY_NOT_AS_ISSUED_T60,MARKET_TOTAL_RESIDUAL_SHAPE_AT_PRIOR_256_GAME_LEAGUE_MEAN,00-0038122,00-0031280,1.6037541254125376,6.14809546936792,-1.172433434656423,6.778351322843864,-1.354207088414638,6.811251385565958,-2.0,6.919830939551962,-1.5,6.739168119038251,42.0,3.3078798706504404,43.44140625,3.4728630356336048
2023_12_PIT_CIN,2023,12,False,False,-6.0,26.0,RECONSTRUCTED_STARTER_IDENTITY_NOT_AS_ISSUED_T60,MARKET_TOTAL_RESIDUAL_SHAPE_AT_PRIOR_256_GAME_LEAGUE_MEAN,00-0035100,00-0038102,-41.02170352170352,7.273927783033751,5.346235695831865,5.881285425777968,3.4144104436423737,4.779024353338925,-2.0,3.265670285391308,0.5,4.284622664492796,36.0,5.711437654679598,43.44140625,10.561367124137695
2023_12_TB_IND,2023,12,False,False,7.0,47.0,RECONSTRUCTED_STARTER_IDENTITY_NOT_AS_ISSUED_T60,MARKET_TOTAL_RESIDUAL_SHAPE_AT_PRIOR_256_GAME_LEAGUE_MEAN,00-0035289,00-0034855,-2.960449856067515,0.42033947694326557,1.4132904210848756,4.569597114089656,1.2780588477644443,4.59383916815374,2.5,3.5138665335875547,2.5,3.431808811678944,45.0,3.351650914421481,43.44140625,3.750881313651883
2023_12_CLE_DEN,2023,12,False,False,17.0,41.0,RECONSTRUCTED_STARTER_IDENTITY_NOT_AS_ISSUED_T60,MARKET_TOTAL_RESIDUAL_SHAPE_AT_PRIOR_256_GAME_LEAGUE_MEAN,00-0029263,00-0038583,0.0,-73.87177093059447,-1.195784303632472,12.812021356513897,1.7590865335913066,10.381717956032528,1.5,9.785631805352828,2.5,8.834406214276346,37.5,3.5166336166817223,43.44140625,3.202540765311335
2023_12_LA_ARI,2023,12,False,False,-23.0,51.0,RECONSTRUCTED_STARTER_IDENTITY_NOT_AS_ISSUED_T60,MARKET_TOTAL_RESIDUAL_SHAPE_AT_PRIOR_256_GAME_LEAGUE_MEAN,00-0035228,00-0026498,17.22179089026914,14.155219138398278,-0.7108752688394634,14.329096873589416,-0.5882123987646289,14.340832915147487,-3.0,13.254126273847296,,,45.0,4.380991943762511,43.44140625,5.207350770121339
2023_12_BUF_PHI,2023,12,False,False,3.0,71.0,RECONSTRUCTED_STARTER_IDENTITY_NOT_AS_ISSUED_T60,MARKET_TOTAL_RESIDUAL_SHAPE_AT_PRIOR_256_GAME_LEAGUE_MEAN,00-0036389,00-0034857,0.0,0.0,6.31886786367335,2.957764502257043,6.31886786367335,2.9377545120690858,2.5,2.868363888084909,3.0,2.769471149341281,49.0,15.126542689313254,43.44140625,20.633036195806767
2023_12_KC_LV,2023,12,False,False,-14.0,48.0,RECONSTRUCTED_STARTER_IDENTITY_NOT_AS_ISSUED_T60,MARKET_TOTAL_RESIDUAL_SHAPE_AT_PRIOR_256_GAME_LEAGUE_MEAN,00-0038579,00-0033873,3.3953875330995476,6.148989898989909,-5.82047611979443,4.338716883209426,-5.930620214430044,4.321592895907465,-9.0,3.5249295446505666,,,42.5,4.039000601771171,43.44140625,4.039000601771171
2023_12_BAL_LAC,2023,12,False,False,-10.0,30.0,RECONSTRUCTED_STARTER_IDENTITY_NOT_AS_ISSUED_T60,MARKET_TOTAL_RESIDUAL_SHAPE_AT_PRIOR_256_GAME_LEAGUE_MEAN,00-0036355,00-0034796,-4.0799834231247445,-0.007958995256429624,-2.1540294417828862,4.3387168832094245,-2.316910418897619,4.321592895907468,-3.0,4.208912228633251,-1.5,4.765142145012277,49.0,12.258336821107385,43.44140625,7.54741811018868
2023_12_CHI_MIN,2023,12,False,False,-2.0,22.0,RECONSTRUCTED_STARTER_IDENTITY_NOT_AS_ISSUED_T60,MARKET_TOTAL_RESIDUAL_SHAPE_AT_PRIOR_256_GAME_LEAGUE_MEAN,00-0033949,00-0036945,-39.34659090909089,-3.647297719462661,10.375935544650883,6.480131024623566,8.947963817065755,5.85165542597,3.0,3.5249295446505666,3.0,3.5054018852720175,43.5,14.937990500761066,43.44140625,14.029380592151162
2023_13_SEA_DAL,2023,13,False,False,6.0,76.0,RECONSTRUCTED_STARTER_IDENTITY_NOT_AS_ISSUED_T60,MARKET_TOTAL_RESIDUAL_SHAPE_AT_PRIOR_256_GAME_LEAGUE_MEAN,00-0033077,00-0030565,5.969156207978488,3.3803763440860113,7.953791368685097,2.871665416157957,8.057342563240796,2.8612754355900094,9.5,3.265670285391308,12.0,3.8647092445793776,47.5,20.633036195806763,43.25390625,25.455066017836586
2023_13_ARI_PIT,2023,13,False,False,-14.0,34.0,RECONSTRUCTED_STARTER_IDENTITY_NOT_AS_ISSUED_T60,MARKET_TOTAL_RESIDUAL_SHAPE_AT_PRIOR_256_GAME_LEAGUE_MEAN,00-0033869,00-0035228,-9.146847345132736,20.222107438016536,11.687984676435335,18.00778855228109,10.513226485109362,17.08109265540723,6.0,13.254126273847298,7.0,14.60929798916812,41.0,4.337220899991464,43.25390625,5.196287759058329
2023_13_ATL_NYJ,2023,13,False,False,-5.0,21.0,RECONSTRUCTED_STARTER_IDENTITY_NOT_AS_ISSUED_T60,MARKET_TOTAL_RESIDUAL_SHAPE_AT_PRIOR_256_GAME_LEAGUE_MEAN,00-0034177,00-0038122,-44.95268257454939,-5.5187234125590345,1.5575490594817074,3.9361194806120228,-0.019809306997906867,3.299466873781446,-2.0,3.0747130944341174,-2.0,2.985921365791498,33.0,6.894692128458364,43.25390625,14.93799050076107
2023_13_DEN_HOU,2023,13,False,False,5.0,39.0,RECONSTRUCTED_STARTER_IDENTITY_NOT_AS_ISSUED_T60,MARKET_TOTAL_RESIDUAL_SHAPE_AT_PRIOR_256_GAME_LEAGUE_MEAN,00-0039163,00-0029263,-0.1768867924528461,0.0,1.6396111269863831,3.4483849928775356,1.6325356552882693,3.4610830353976088,3.5,2.92848894820997,3.5,2.8300772099473415,47.5,5.196287759058327,43.25390625,3.4728630356336048
2023_13_DET_NO,2023,13,False,False,-5.0,61.0,RECONSTRUCTED_STARTER_IDENTITY_NOT_AS_ISSUED_T60,MARKET_TOTAL_RESIDUAL_SHAPE_AT_PRIOR_256_GAME_LEAGUE_MEAN,00-0031280,00-0033106,5.961134453781525,0.9564300309801599,-0.8368788871510969,3.1063936508861936,-0.6366907102390423,3.0883076626222365,-4.0,2.8601868799079018,-4.0,2.7391681190382515,47.5,8.005330568101135,43.25390625,11.72683128960186
2023_13_IND_TEN,2023,13,False,False,-3.0,59.0,RECONSTRUCTED_STARTER_IDENTITY_NOT_AS_ISSUED_T60,MARKET_TOTAL_RESIDUAL_SHAPE_AT_PRIOR_256_GAME_LEAGUE_MEAN,00-0039152,00-0035289,9.369006520905266,-7.6331949185346915,1.4508619990377065,3.1063936508861927,2.130950056615305,3.299466873781446,-1.5,2.8601868799079027,-1.0,2.8257482056183374,42.0,10.92885149162206,43.25390625,10.152997715768285
2023_13_LAC_NE,2023,13,False,False,-6.0,6.0,RECONSTRUCTED_STARTER_IDENTITY_NOT_AS_ISSUED_T60,MARKET_TOTAL_RESIDUAL_SHAPE_AT_PRIOR_256_GAME_LEAGUE_MEAN,00-0038108,00-0036355,38.886114904110705,-3.986214050837722,-1.8700570569124466,3.1063936508861927,-0.15516389871450947,3.571232145546718,-4.5,2.8601868799079,-3.0,2.985921365791498,38.5,25.58012591153524,43.25390625,29.569544132314697
2023_13_MIA_WAS,2023,13,False,False,-30.0,60.0,RECONSTRUCTED_STARTER_IDENTITY_NOT_AS_ISSUED_T60,MARKET_TOTAL_RESIDUAL_SHAPE_AT_PRIOR_256_GAME_LEAGUE_MEAN,00-0037077,00-0036212,0.0,-0.3788647450830851,-5.23959044254214,17.07224261673516,-5.224435852738816,17.08109265540723,-8.5,14.150230169951191,-9.5,13.713194093064224,50.0,6.206869769640333,43.25390625,10.92885149162206
2023_13_CAR_TB,2023,13,False,False,3.0,39.0,RECONSTRUCTED_STARTER_IDENTITY_NOT_AS_ISSUED_T60,MARKET_TOTAL_RESIDUAL_SHAPE_AT_PRIOR_256_GAME_LEAGUE_MEAN,00-0034855,00-0039150,0.8191035025978621,-14.91940502862834,7.903551708993164,3.315628860121401,8.533092050242212,3.571232145546718,4.0,2.8601868799079027,6.0,2.9859213657914987,37.0,3.35165022033709,43.25390625,3.4728630356336048
2023_13_CLE_LA,2023,13,False,False,17.0,55.0,RECONSTRUCTED_STARTER_IDENTITY_NOT_AS_ISSUED_T60,MARKET_TOTAL_RESIDUAL_SHAPE_AT_PRIOR_256_GAME_LEAGUE_MEAN,00-0026498,00-0026158,16.285820533058093,42.48856061049061,0.4458275221534768,11.967865512358054,-0.6022820809438238,12.829529403843978,3.5,8.291644311365335,,,39.5,9.405041967812537,43.25390625,7.367042929813499
2023_13_SF_PHI,2023,13,False,False,-23.0,61.0,RECONSTRUCTED_STARTER_IDENTITY_NOT_AS_ISSUED_T60,MARKET_TOTAL_RESIDUAL_SHAPE_AT_PRIOR_256_GAME_LEAGUE_MEAN,00-0036389,00-0037834,0.0,2.39293704058805,3.0833891798337936,18.00778855228109,2.9876716982102716,18.016638590953164,-3.0,13.254126273847296,-3.0,13.713194093064224,46.5,8.686908249678815,43.25390625,11.72683128960186
2023_13_KC_GB,2023,13,False,False,8.0,46.0,RECONSTRUCTED_STARTER_IDENTITY_NOT_AS_ISSUED_T60,MARKET_TOTAL_RESIDUAL_SHAPE_AT_PRIOR_256_GAME_LEAGUE_MEAN,00-0036264,00-0033873,-0.569899197450896,6.346158929893209,-3.866542681673418,8.120342664835206,-4.143185006767182,8.14362271793729,-5.5,9.023246042967063,-5.5,8.834406214276346,43.5,3.35165091442148,43.25390625,3.516634079404648
2023_13_CIN_JAX,2023,13,False,False,-3.0,65.0,RECONSTRUCTED_STARTER_IDENTITY_NOT_AS_ISSUED_T60,MARKET_TOTAL_RESIDUAL_SHAPE_AT_PRIOR_256_GAME_LEAGUE_MEAN,00-0036971,00-0035100,1.2437146212212369,-19.20621381306866,3.0249071862670007,3.589318133810675,3.8429043236385967,3.9209194952340685,10.0,7.599965619686642,9.0,7.224016603886736,41.0,16.918750481521045,43.25390625,15.12654268931326
2023_14_NE_PIT,2023,14,False,False,-3.0,39.0,RECONSTRUCTED_STARTER_IDENTITY_NOT_AS_ISSUED_T60,MARKET_TOTAL_RESIDUAL_SHAPE_AT_PRIOR_256_GAME_LEAGUE_MEAN,00-0033869,00-0038108,-9.431654204381479,30.99836707460537,7.877818307322086,5.881285425777967,6.260617456162612,4.779024353338926,6.0,5.125699145420169,6.5,5.912328292198425,30.0,5.683945434787187,43.3359375,3.4728630356336048
2023_14_CAR_NO,2023,14,False,False,22.0,34.0,RECONSTRUCTED_STARTER_IDENTITY_NOT_AS_ISSUED_T60,MARKET_TOTAL_RESIDUAL_SHAPE_AT_PRIOR_256_GAME_LEAGUE_MEAN,00-0031280,00-0039150,7.561450949763482,-7.866645549572382,8.302117335140384,9.58354612803867,8.919241195113818,8.86271843703301,5.5,10.571105590826615,5.0,11.13743651730665,39.0,3.7032620346713685,43.3359375,5.196287759058329
2023_14_DET_CHI,2023,14,False,False,15.0,41.0,RECONSTRUCTED_STARTER_IDENTITY_NOT_AS_ISSUED_T60,MARKET_TOTAL_RESIDUAL_SHAPE_AT_PRIOR_256_GAME_LEAGUE_MEAN,00-0036945,00-0033106,-9.093770305393111,0.9824656922282182,-4.606514226129848,14.552281096773639,-5.009563666034701,14.556321130635702,-3.0,12.210355230076251,-3.0,11.955618335488467,44.5,3.472863035633602,43.3359375,3.202540765311335
2023_14_HOU_NYJ,2023,14,False,False,24.0,36.0,RECONSTRUCTED_STARTER_IDENTITY_NOT_AS_ISSUED_T60,MARKET_TOTAL_RESIDUAL_SHAPE_AT_PRIOR_256_GAME_LEAGUE_MEAN,00-0037013,00-0039163,8.543209457164213,-0.8413589825693624,-1.35419330928401,19.10495064944319,-0.9788105716946669,19.099370673685247,-3.5,21.29164431136533,-3.0,19.925315305185435,33.5,3.3516462871922217,43.3359375,4.33722089999147
2023_14_IND_CIN,2023,14,False,False,20.0,48.0,RECONSTRUCTED_STARTER_IDENTITY_NOT_AS_ISSUED_T60,MARKET_TOTAL_RESIDUAL_SHAPE_AT_PRIOR_256_GAME_LEAGUE_MEAN,00-0035100,00-0035289,22.032080974438163,-1.8748408454290821,6.861828149274142,8.838476382968926,7.818105022068832,8.14362271793729,3.0,11.37870539842642,3.0,11.13743651730665,45.0,3.5166340794046453,43.3359375,4.039000601771171
2023_14_JAX_CLE,2023,14,False,False,4.0,58.0,RECONSTRUCTED_STARTER_IDENTITY_NOT_AS_ISSUED_T60,MARKET_TOTAL_RESIDUAL_SHAPE_AT_PRIOR_256_GAME_LEAGUE_MEAN,00-0026158,00-0036971,49.17385057471264,2.39666811416841,0.048298075673028504,3.768250312742854,1.9193853740947975,3.2104817847963574,2.5,2.928488948209969,3.0,2.8300772099473415,37.5,13.38628248633059,43.3359375,9.405041967812538
2023_14_LA_BAL,2023,14,False,False,6.0,68.0,RECONSTRUCTED_STARTER_IDENTITY_NOT_AS_ISSUED_T60,MARKET_TOTAL_RESIDUAL_SHAPE_AT_PRIOR_256_GAME_LEAGUE_MEAN,00-0034796,00-0026498,-0.21929824561404132,1.4882171102814201,8.955092941087123,2.957764502257043,8.886792326851305,2.9377545120690858,7.5,2.934741954462977,,,42.0,18.75521031798089,43.3359375,17.834094396864963
2023_14_TB_ATL,2023,14,False,False,-4.0,54.0,RECONSTRUCTED_STARTER_IDENTITY_NOT_AS_ISSUED_T60,MARKET_TOTAL_RESIDUAL_SHAPE_AT_PRIOR_256_GAME_LEAGUE_MEAN,00-0038122,00-0034855,-2.8879310344827713,0.7749791394371597,2.234346380703937,3.589318133810675,2.08782997374714,3.571232145546718,1.5,3.837098856819879,2.5,4.2846226644927965,41.5,7.367042929813499,43.3359375,6.769159331929901
2023_14_MIN_LV,2023,14,False,False,-3.0,3.0,RECONSTRUCTED_STARTER_IDENTITY_NOT_AS_ISSUED_T60,MARKET_TOTAL_RESIDUAL_SHAPE_AT_PRIOR_256_GAME_LEAGUE_MEAN,00-0038579,00-0033949,11.858567413726684,-35.66681338028168,-2.1932272589504644,2.85386839836094,-0.29221202719013006,2.9377545120690858,-3.0,2.868363888084909,,,40.5,30.568582131352695,43.3359375,32.566658129428696
2023_14_SEA_SF,2023,14,False,False,12.0,44.0,RECONSTRUCTED_STARTER_IDENTITY_NOT_AS_ISSUED_T60,MARKET_TOTAL_RESIDUAL_SHAPE_AT_PRIOR_256_GAME_LEAGUE_MEAN,00-0037834,00-0035704,2.545107777665878,-6.29920314900152,12.095496160005496,2.9024494469419873,12.44926859707219,2.900717475032047,14.5,3.0747130944341183,10.5,2.8300772099473424,44.5,3.173199735970303,43.3359375,3.2463118090823784
2023_14_BUF_KC,2023,14,False,False,-3.0,37.0,RECONSTRUCTED_STARTER_IDENTITY_NOT_AS_ISSUED_T60,MARKET_TOTAL_RESIDUAL_SHAPE_AT_PRIOR_256_GAME_LEAGUE_MEAN,00-0033873,00-0034857,6.354308699209166,0.0,4.426735083701815,3.9361194806120228,4.680907431670182,4.321592895907467,2.0,3.5249295446505675,2.0,3.5054018852720175,49.5,7.547418110188675,43.3359375,3.991381554152124
2023_14_DEN_LAC,2023,14,False,False,-17.0,31.0,RECONSTRUCTED_STARTER_IDENTITY_NOT_AS_ISSUED_T60,MARKET_TOTAL_RESIDUAL_SHAPE_AT_PRIOR_256_GAME_LEAGUE_MEAN,00-0035282,00-0029263,-62.33766233766234,0.0,4.107385420111841,13.438764983257526,1.6138789266053477,11.718899293213866,3.0,13.254126273847296,3.0,13.713194093064224,45.0,8.242463805234372,43.3359375,6.894700457471027
2023_14_PHI_DAL,2023,14,False,False,20.0,46.0,RECONSTRUCTED_STARTER_IDENTITY_NOT_AS_ISSUED_T60,MARKET_TOTAL_RESIDUAL_SHAPE_AT_PRIOR_256_GAME_LEAGUE_MEAN,00-0033077,00-0036389,5.881334998235577,0.23548387096774537,1.8743136701876666,12.812021356513897,2.1001477152783794,12.829529403843978,3.5,10.571105590826615,4.5,9.583323963194093,52.5,4.337220899991469,43.3359375,3.516634079404648
2023_14_GB_NYG,2023,14,False,False,2.0,46.0,RECONSTRUCTED_STARTER_IDENTITY_NOT_AS_ISSUED_T60,MARKET_TOTAL_RESIDUAL_SHAPE_AT_PRIOR_256_GAME_LEAGUE_MEAN,00-0038476,00-0036264,7.801844728099317,-0.5439334924822958,-2.147626879765621,3.768250312742853,-1.8137957509423566,3.780948355262929,-6.0,5.1771661968872165,-6.0,5.081159461029592,37.5,5.2073503073984115,43.3359375,3.516634079404648
2023_14_TEN_MIA,2023,14,False,False,-1.0,55.0,RECONSTRUCTED_STARTER_IDENTITY_NOT_AS_ISSUED_T60,MARKET_TOTAL_RESIDUAL_SHAPE_AT_PRIOR_256_GAME_LEAGUE_MEAN,00-0036212,00-0039152,0.09353354567975813,12.272194153735128,9.98162640775503,5.881285425777967,9.494479983432814,5.297061871376444,14.0,9.093953113674136,13.0,8.682891062761197,45.0,6.206869769640336,43.3359375,7.367042929813499
2023_15_LAC_LV,2023,15,False,False,42.0,84.0,RECONSTRUCTED_STARTER_IDENTITY_NOT_AS_ISSUED_T60,MARKET_TOTAL_RESIDUAL_SHAPE_AT_PRIOR_256_GAME_LEAGUE_MEAN,00-0038579,00-0035282,7.474095675373826,1.61313657407407,0.3797088851216358,35.76536430985686,0.6141472491736261,34.762670336984904,3.0,32.094434114155135,,,36.0,40.29922024246219,43.1484375,33.33000589277646
2023_15_MIN_CIN,2023,15,False,False,3.0,51.0,RECONSTRUCTED_STARTER_IDENTITY_NOT_AS_ISSUED_T60,MARKET_TOTAL_RESIDUAL_SHAPE_AT_PRIOR_256_GAME_LEAGUE_MEAN,00-0035100,00-0033319,30.132259919493954,-1.8847504696561268,4.0606875581517485,2.853868398360941,5.341367973717752,2.8612754355900085,3.0,2.868363888084909,3.5,2.7391681190382515,41.5,5.684022246792816,43.1484375,5.207350770121339
2023_15_PIT_IND,2023,15,False,False,17.0,43.0,RECONSTRUCTED_STARTER_IDENTITY_NOT_AS_ISSUED_T60,MARKET_TOTAL_RESIDUAL_SHAPE_AT_PRIOR_256_GAME_LEAGUE_MEAN,00-0035289,00-0033869,-10.795372195489584,-1.6820987654321051,1.9311369762724007,10.355551900044441,1.5666060390701018,10.381717956032528,1.5,9.785631805352828,0.5,10.349557729427861,41.5,3.2463118090823784,43.1484375,3.1996547624253324
2023_15_DEN_DET,2023,15,False,False,25.0,59.0,RECONSTRUCTED_STARTER_IDENTITY_NOT_AS_ISSUED_T60,MARKET_TOTAL_RESIDUAL_SHAPE_AT_PRIOR_256_GAME_LEAGUE_MEAN,00-0033106,00-0029263,0.9329342532467422,0.0,3.527646395057418,15.438764983257526,3.564963765187288,15.437995012309585,5.5,13.062207081928104,4.5,13.63960101947115,49.0,6.206869769640334,43.1484375,10.152997715768285
2023_15_ATL_CAR,2023,15,False,False,2.0,16.0,RECONSTRUCTED_STARTER_IDENTITY_NOT_AS_ISSUED_T60,MARKET_TOTAL_RESIDUAL_SHAPE_AT_PRIOR_256_GAME_LEAGUE_MEAN,00-0039150,00-0038122,-0.22261680756897606,-12.020324445273168,-2.5989257023437493,4.142949687442229,-2.127017396835582,3.780948355262929,-3.0,3.846237865958887,-3.5,4.154752534622667,32.0,9.754712659474567,43.1484375,19.67344023621081
2023_15_CHI_CLE,2023,15,False,False,3.0,37.0,RECONSTRUCTED_STARTER_IDENTITY_NOT_AS_ISSUED_T60,MARKET_TOTAL_RESIDUAL_SHAPE_AT_PRIOR_256_GAME_LEAGUE_MEAN,00-0026158,00-0036945,45.861386004758806,-13.253968253968251,5.627719985212198,2.957764502257043,7.99233415556128,3.299466873781446,3.0,2.868363888084909,4.0,2.7391681190382515,38.0,3.173199273247378,43.1484375,3.991381554152124
2023_15_HOU_TEN,2023,15,False,False,-3.0,35.0,RECONSTRUCTED_STARTER_IDENTITY_NOT_AS_ISSUED_T60,MARKET_TOTAL_RESIDUAL_SHAPE_AT_PRIOR_256_GAME_LEAGUE_MEAN,00-0039152,00-0028986,5.553405810453915,-52.22335865965324,1.8819614415665273,3.315628860121402,4.193032020370814,3.9209194952340685,3.0,3.8370988568198783,2.0,3.5054018852720175,38.0,3.307879407927513,43.1484375,4.735008297778867
2023_15_KC_NE,2023,15,False,False,-10.0,44.0,RECONSTRUCTED_STARTER_IDENTITY_NOT_AS_ISSUED_T60,MARKET_TOTAL_RESIDUAL_SHAPE_AT_PRIOR_256_GAME_LEAGUE_MEAN,00-0038108,00-0033873,40.497978055960274,0.3888511926509741,-6.659450972759705,2.957764502257044,-5.0550858982273335,3.299466873781446,-10.0,2.868363888084909,-7.0,2.985921365791498,39.5,3.750881313651881,43.1484375,3.2463118090823784
2023_15_NYG_NO,2023,15,False,False,18.0,30.0,RECONSTRUCTED_STARTER_IDENTITY_NOT_AS_ISSUED_T60,MARKET_TOTAL_RESIDUAL_SHAPE_AT_PRIOR_256_GAME_LEAGUE_MEAN,00-0031280,00-0038476,6.640901339648053,10.313852813852819,4.090395714695642,9.583546128038671,3.943477655727451,9.610674184988756,6.0,7.593712613433636,4.0,8.834406214276346,39.5,5.711439274209841,43.1484375,7.54741811018868
2023_15_NYJ_MIA,2023,15,False,False,30.0,30.0,RECONSTRUCTED_STARTER_IDENTITY_NOT_AS_ISSUED_T60,MARKET_TOTAL_RESIDUAL_SHAPE_AT_PRIOR_256_GAME_LEAGUE_MEAN,00-0036212,00-0032156,4.919171058253791,31.68000469029404,9.337761077543355,15.438764983257524,8.267327732261744,16.329288903603477,7.5,15.700494720215744,9.0,14.505401885272018,36.0,3.991379934621879,43.1484375,7.54741811018868
2023_15_TB_GB,2023,15,False,False,-14.0,54.0,RECONSTRUCTED_STARTER_IDENTITY_NOT_AS_ISSUED_T60,MARKET_TOTAL_RESIDUAL_SHAPE_AT_PRIOR_256_GAME_LEAGUE_MEAN,00-0036264,00-0034855,-0.553119429590021,0.7893780877651801,4.489517548574732,10.885133429625972,4.435817647880523,10.884363458678031,4.0,11.520600540321563,3.0,11.12012049999063,41.5,7.367042929813499,43.1484375,6.769159331929901
2023_15_SF_ARI,2023,15,False,False,-16.0,74.0,RECONSTRUCTED_STARTER_IDENTITY_NOT_AS_ISSUED_T60,MARKET_TOTAL_RESIDUAL_SHAPE_AT_PRIOR_256_GAME_LEAGUE_MEAN,00-0035228,00-0037834,26.127060946599954,2.734969558599687,-11.819147685581347,3.1063936508861936,-10.883464030061337,3.299466873781445,-12.5,3.0747130944341166,-13.5,2.8257482056183365,48.0,18.755210317980886,43.1484375,23.511824074594642
2023_15_WAS_LA,2023,15,False,False,8.0,48.0,RECONSTRUCTED_STARTER_IDENTITY_NOT_AS_ISSUED_T60,MARKET_TOTAL_RESIDUAL_SHAPE_AT_PRIOR_256_GAME_LEAGUE_MEAN,00-0026498,00-0037077,3.484915851529813,0.0,7.618933893112416,2.9024494469419873,7.75833052717361,2.9007174750320477,6.5,2.92848894820997,,,48.5,3.173199735970301,43.1484375,4.039000601771171
2023_15_DAL_BUF,2023,15,False,False,21.0,41.0,RECONSTRUCTED_STARTER_IDENTITY_NOT_AS_ISSUED_T60,MARKET_TOTAL_RESIDUAL_SHAPE_AT_PRIOR_256_GAME_LEAGUE_MEAN,00-0034857,00-0033077,0.0,6.186717880507064,0.3488386528437695,15.438764983257526,0.10136993762348695,15.437995012309585,2.0,13.062207081928104,-2.0,16.25864863851877,49.5,5.196287759058324,43.1484375,3.202540765311335
2023_15_BAL_JAX,2023,15,False,False,-16.0,30.0,RECONSTRUCTED_STARTER_IDENTITY_NOT_AS_ISSUED_T60,MARKET_TOTAL_RESIDUAL_SHAPE_AT_PRIOR_256_GAME_LEAGUE_MEAN,00-0036971,00-0034796,1.4535588587551551,-0.058353443842240615,-2.2225562691848975,7.812502356994899,-2.162079777081001,7.779024353338926,-4.0,6.906843926564948,-3.0,7.93830231817245,42.5,7.54741811018868,43.1484375,7.54741811018868
2023_15_PHI_SEA,2023,15,False,False,3.0,37.0,RECONSTRUCTED_STARTER_IDENTITY_NOT_AS_ISSUED_T60,MARKET_TOTAL_RESIDUAL_SHAPE_AT_PRIOR_256_GAME_LEAGUE_MEAN,00-0035704,00-0036389,8.848238482384808,-1.1857319687226253,-3.4056050986358968,4.569597114089657,-3.0042462805916,4.59383916815374,-5.0,5.177166196887216,-3.0,4.154752534622666,46.0,5.196287759058325,43.1484375,3.991381554152124
2023_16_NO_LA,2023,16,False,False,8.0,52.0,RECONSTRUCTED_STARTER_IDENTITY_NOT_AS_ISSUED_T60,MARKET_TOTAL_RESIDUAL_SHAPE_AT_PRIOR_256_GAME_LEAGUE_MEAN,00-0026498,00-0031280,11.281742510668868,5.303857566765591,2.932325834092735,4.142949687442229,3.171441231848866,4.157571731886304,4.0,3.5138665335875556,,,45.5,4.38099194376251,43.2890625,5.684022246792816
2023_16_CIN_PIT,2023,16,False,False,23.0,45.0,RECONSTRUCTED_STARTER_IDENTITY_NOT_AS_ISSUED_T60,MARKET_TOTAL_RESIDUAL_SHAPE_AT_PRIOR_256_GAME_LEAGUE_MEAN,00-0034771,00-0035100,-20.372314274704696,15.921117099461046,-3.5739833905526757,20.99913054362309,-5.025720645519305,21.951222525537098,-3.0,19.38880640852743,-2.5,18.981592361462493,39.5,4.0390006017711695,43.2890625,3.3516509144214837
2023_16_BUF_LAC,2023,16,False,False,-2.0,46.0,RECONSTRUCTED_STARTER_IDENTITY_NOT_AS_ISSUED_T60,MARKET_TOTAL_RESIDUAL_SHAPE_AT_PRIOR_256_GAME_LEAGUE_MEAN,00-0035282,00-0034857,17.86403184765657,0.0,-5.710202342005187,3.768250312742855,-4.995641068098923,3.4610830353976088,-13.0,6.919830939551961,-12.5,6.739168119038249,44.5,3.2463118090823757,43.2890625,3.516634079404648
2023_16_CLE_HOU,2023,16,False,False,-14.0,58.0,RECONSTRUCTED_STARTER_IDENTITY_NOT_AS_ISSUED_T60,MARKET_TOTAL_RESIDUAL_SHAPE_AT_PRIOR_256_GAME_LEAGUE_MEAN,00-0036898,00-0026158,-52.02397105382182,26.24814358390999,0.3696417515219946,7.8125023569949,-2.7612428339872777,5.851655425969999,-3.0,6.2493162690372905,-2.0,7.224016603886735,40.0,11.726831289601858,43.2890625,9.405041967812538
2023_16_DET_MIN,2023,16,False,False,-6.0,54.0,RECONSTRUCTED_STARTER_IDENTITY_NOT_AS_ISSUED_T60,MARKET_TOTAL_RESIDUAL_SHAPE_AT_PRIOR_256_GAME_LEAGUE_MEAN,00-0033319,00-0033106,-0.4985394899449602,0.94481605351171,2.222125989946571,4.338716883209425,2.1643917682083047,4.321592895907468,-2.5,3.0747130944341166,-3.0,2.985921365791498,47.5,4.3809919437625116,43.2890625,6.769159331929901
2023_16_GB_CAR,2023,16,False,False,-3.0,63.0,RECONSTRUCTED_STARTER_IDENTITY_NOT_AS_ISSUED_T60,MARKET_TOTAL_RESIDUAL_SHAPE_AT_PRIOR_256_GAME_LEAGUE_MEAN,00-0039150,00-0036264,-0.2214474180173398,-0.5231729055258372,-4.3513680075016055,3.010674555167098,-4.339298988001265,3.0252965996111723,-3.5,2.928488948209969,-4.5,2.9556183354884666,39.5,16.015912578683146,43.2890625,13.386282949053518
2023_16_IND_ATL,2023,16,False,False,19.0,39.0,RECONSTRUCTED_STARTER_IDENTITY_NOT_AS_ISSUED_T60,MARKET_TOTAL_RESIDUAL_SHAPE_AT_PRIOR_256_GAME_LEAGUE_MEAN,00-0031800,00-0035289,-4.141837691426198,-0.26822418648073665,-0.08991707671064432,13.676379220871764,-0.24486161690846278,13.687153261467834,3.0,10.571105590826614,2.5,10.349557729427861,44.0,3.703262266032832,43.2890625,3.4728630356336048
2023_16_SEA_TEN,2023,16,False,False,-3.0,37.0,RECONSTRUCTED_STARTER_IDENTITY_NOT_AS_ISSUED_T60,MARKET_TOTAL_RESIDUAL_SHAPE_AT_PRIOR_256_GAME_LEAGUE_MEAN,00-0029701,00-0030565,-17.45105926521855,6.196475137794111,-1.1344050851155498,2.871665416157958,-2.0803064612360562,2.8521364264509987,-3.0,2.868363888084909,-3.0,2.76947114934128,42.0,3.7032622660328354,43.2890625,3.991381554152124
2023_16_WAS_NYJ,2023,16,False,False,2.0,58.0,RECONSTRUCTED_STARTER_IDENTITY_NOT_AS_ISSUED_T60,MARKET_TOTAL_RESIDUAL_SHAPE_AT_PRIOR_256_GAME_LEAGUE_MEAN,00-0032156,00-0037077,40.25783774539365,-6.397991543340376,4.746871513521391,2.957764502257044,6.613104685070753,3.299466873781446,3.0,2.8601868799079018,3.0,2.7391681190382515,36.5,14.249678118364988,43.2890625,9.405041967812538
2023_16_JAX_TB,2023,16,False,False,18.0,42.0,RECONSTRUCTED_STARTER_IDENTITY_NOT_AS_ISSUED_T60,MARKET_TOTAL_RESIDUAL_SHAPE_AT_PRIOR_256_GAME_LEAGUE_MEAN,00-0034855,00-0036971,0.42835288118305836,1.3737361902727008,2.4828781628154504,11.145835690328232,2.4450628304518647,11.172001746316319,-2.0,13.923678943399967,0.5,11.13743651730665,43.0,3.1731997359703055,43.2890625,3.1731997359703055
2023_16_ARI_CHI,2023,16,False,False,11.0,43.0,RECONSTRUCTED_STARTER_IDENTITY_NOT_AS_ISSUED_T60,MARKET_TOTAL_RESIDUAL_SHAPE_AT_PRIOR_256_GAME_LEAGUE_MEAN,00-0036945,00-0035228,7.1198712791633145,38.265045867785595,4.839247480505137,4.569597114089657,3.593440496960245,5.076282650597223,4.5,4.239215258936281,4.0,4.600639980510112,42.0,3.2463118090823784,43.2890625,3.1996547624253324
2023_16_DAL_MIA,2023,16,False,False,2.0,42.0,RECONSTRUCTED_STARTER_IDENTITY_NOT_AS_ISSUED_T60,MARKET_TOTAL_RESIDUAL_SHAPE_AT_PRIOR_256_GAME_LEAGUE_MEAN,00-0036212,00-0033077,5.885872221379573,5.8936074429772,0.9643404250253389,3.010674555167097,0.9640310161614337,3.0252965996111714,1.5,2.86836388808491,2.5,2.7391681190382515,48.5,4.337220899991466,43.2890625,3.1731997359703055
2023_16_NE_DEN,2023,16,False,False,-3.0,49.0,RECONSTRUCTED_STARTER_IDENTITY_NOT_AS_ISSUED_T60,MARKET_TOTAL_RESIDUAL_SHAPE_AT_PRIOR_256_GAME_LEAGUE_MEAN,00-0029263,00-0038108,0.0,32.97083740632127,7.075457177330272,5.323805868298411,5.756623681077421,4.779024353338926,7.0,5.657204676925699,7.0,5.912328292198425,37.5,6.769158869206975,43.2890625,4.380991943762513
2023_16_LV_KC,2023,16,False,False,-6.0,34.0,RECONSTRUCTED_STARTER_IDENTITY_NOT_AS_ISSUED_T60,MARKET_TOTAL_RESIDUAL_SHAPE_AT_PRIOR_256_GAME_LEAGUE_MEAN,00-0033873,00-0038579,-0.7195273631840804,5.500705996558275,9.80909867842185,9.290135834628376,9.560289344032157,9.275897850212424,11.0,10.68702670674773,,,40.5,4.337220899991464,43.2890625,5.196287759058329
2023_16_NYG_PHI,2023,16,False,False,8.0,58.0,RECONSTRUCTED_STARTER_IDENTITY_NOT_AS_ISSUED_T60,MARKET_TOTAL_RESIDUAL_SHAPE_AT_PRIOR_256_GAME_LEAGUE_MEAN,00-0036389,00-0028118,-1.4045278167924335,-4.886065378191362,10.894224291285028,2.957764502257044,11.033485793740983,2.9377545120690858,14.0,3.83709885681988,13.5,3.8647092445793776,41.0,10.928851491622055,43.2890625,9.405041967812538
2023_16_BAL_SF,2023,16,False,False,-14.0,52.0,RECONSTRUCTED_STARTER_IDENTITY_NOT_AS_ISSUED_T60,MARKET_TOTAL_RESIDUAL_SHAPE_AT_PRIOR_256_GAME_LEAGUE_MEAN,00-0037834,00-0034796,3.4560298899882103,-0.2890339650858609,5.026078225668471,11.715821260313804,5.175880779871433,11.718899293213866,6.5,14.150230169951193,6.0,13.713194093064224,47.5,3.750881313651881,43.2890625,5.684022246792816
2023_17_NYJ_CLE,2023,17,False,False,17.0,57.0,RECONSTRUCTED_STARTER_IDENTITY_NOT_AS_ISSUED_T60,MARKET_TOTAL_RESIDUAL_SHAPE_AT_PRIOR_256_GAME_LEAGUE_MEAN,00-0026158,00-0032156,16.97944743935309,33.62268518518518,7.908779555045749,6.1641137086062505,7.243050045212465,6.811251385565958,6.5,6.290201309922332,7.5,5.591981971852104,33.5,16.015907951453887,43.6640625,8.005330568101133
2023_17_DET_DAL,2023,17,False,False,1.0,39.0,RECONSTRUCTED_STARTER_IDENTITY_NOT_AS_ISSUED_T60,MARKET_TOTAL_RESIDUAL_SHAPE_AT_PRIOR_256_GAME_LEAGUE_MEAN,00-0033077,00-0033106,4.876208719839403,0.9055408741826865,4.48923868394375,2.957764502257044,4.648065397770018,3.0883076626222357,5.5,3.5249295446505684,5.5,3.5054018852720175,53.0,8.242463805234372,43.6640625,3.703262266032832
2023_17_ARI_PHI,2023,17,False,False,-4.0,66.0,RECONSTRUCTED_STARTER_IDENTITY_NOT_AS_ISSUED_T60,MARKET_TOTAL_RESIDUAL_SHAPE_AT_PRIOR_256_GAME_LEAGUE_MEAN,00-0036389,00-0035228,-1.4045278167924335,29.104630946736208,13.480417311257789,10.07560962010216,12.260050960716642,9.275897850212424,12.0,9.880388900109924,13.0,11.12012049999063,48.0,11.726831289601858,43.6640625,15.126542689313256
2023_17_ATL_CHI,2023,17,False,False,20.0,54.0,RECONSTRUCTED_STARTER_IDENTITY_NOT_AS_ISSUED_T60,MARKET_TOTAL_RESIDUAL_SHAPE_AT_PRIOR_256_GAME_LEAGUE_MEAN,00-0036945,00-0031800,24.906539855925413,12.710701276471381,2.3803866034345535,12.812021356513897,2.8682201466127153,11.987297561612134,3.0,11.37870539842642,3.0,11.13743651730665,39.0,9.40504173645107,43.6640625,6.206869769640335
2023_17_CAR_JAX,2023,17,False,False,26.0,26.0,RECONSTRUCTED_STARTER_IDENTITY_NOT_AS_ISSUED_T60,MARKET_TOTAL_RESIDUAL_SHAPE_AT_PRIOR_256_GAME_LEAGUE_MEAN,00-0033936,00-0039150,23.784059214760788,-0.1989304812834325,10.199927136418529,11.14583569032823,11.159246724260294,10.381717956032528,3.5,15.700494720215744,6.5,12.786787166657298,38.0,6.894699994748099,43.6640625,11.40263696540753
2023_17_LA_NYG,2023,17,False,False,-1.0,51.0,RECONSTRUCTED_STARTER_IDENTITY_NOT_AS_ISSUED_T60,MARKET_TOTAL_RESIDUAL_SHAPE_AT_PRIOR_256_GAME_LEAGUE_MEAN,00-0028118,00-0026498,19.552951388888886,8.789923270064781,-1.7731885013708415,3.010674555167097,-1.3426673766178774,2.9007174750320477,-6.0,3.8462378659588863,,,43.5,4.7701213328918985,43.6640625,4.7701213328918985
2023_17_LV_IND,2023,17,False,False,3.0,43.0,RECONSTRUCTED_STARTER_IDENTITY_NOT_AS_ISSUED_T60,MARKET_TOTAL_RESIDUAL_SHAPE_AT_PRIOR_256_GAME_LEAGUE_MEAN,00-0035289,00-0038579,0.0,3.385597226599435,1.180413596539147,3.192011736504278,1.0449897074751695,3.2104817847963565,3.5,2.8601868799079027,,,42.5,3.1996547624253324,43.6640625,3.173199735970302
2023_17_MIA_BAL,2023,17,False,False,37.0,75.0,RECONSTRUCTED_STARTER_IDENTITY_NOT_AS_ISSUED_T60,MARKET_TOTAL_RESIDUAL_SHAPE_AT_PRIOR_256_GAME_LEAGUE_MEAN,00-0034796,00-0036212,0.0029671242631534867,5.7701180127240015,7.150022966734387,23.897158441650987,6.919336931195954,23.887730462045035,3.0,27.13099015071117,2.5,26.75648413635427,47.0,20.633036195806763,43.6640625,23.511824074594642
2023_17_NE_BUF,2023,17,False,False,6.0,48.0,RECONSTRUCTED_STARTER_IDENTITY_NOT_AS_ISSUED_T60,MARKET_TOTAL_RESIDUAL_SHAPE_AT_PRIOR_256_GAME_LEAGUE_MEAN,00-0034857,00-0038108,0.0,18.998288756496386,12.621444794239641,3.936119480612022,11.861513243979786,3.571232145546717,15.0,5.125699145420169,13.0,4.2846226644927965,40.0,5.207350770121337,43.6640625,3.7508813136518793
2023_17_NO_TB,2023,17,False,False,-10.0,36.0,RECONSTRUCTED_STARTER_IDENTITY_NOT_AS_ISSUED_T60,MARKET_TOTAL_RESIDUAL_SHAPE_AT_PRIOR_256_GAME_LEAGUE_MEAN,00-0034855,00-0031280,0.457225518201132,5.222500530983809,5.239813804648647,8.534484078976622,5.049202804137341,8.51255008686466,2.5,7.599965619686641,2.5,7.938302318172451,42.5,4.33722089999147,43.6640625,4.7350082977788635
2023_17_SF_WAS,2023,17,False,False,-17.0,37.0,RECONSTRUCTED_STARTER_IDENTITY_NOT_AS_ISSUED_T60,MARKET_TOTAL_RESIDUAL_SHAPE_AT_PRIOR_256_GAME_LEAGUE_MEAN,00-0037077,00-0037834,-10.666456759026023,9.830227743271225,-11.878576121277447,3.315628860121402,-12.698443501369336,3.0883076626222383,-14.0,3.0747130944341166,-10.5,3.864709244579376,49.0,6.894700457471022,43.6640625,4.3372208999914665
2023_17_TEN_HOU,2023,17,False,False,23.0,29.0,RECONSTRUCTED_STARTER_IDENTITY_NOT_AS_ISSUED_T60,MARKET_TOTAL_RESIDUAL_SHAPE_AT_PRIOR_256_GAME_LEAGUE_MEAN,00-0039163,00-0029701,37.720318237454094,-26.134123731459802,3.9900007510863817,13.676379220871764,6.544178429842937,11.172001746316319,5.0,12.210355230076253,5.0,11.955618335488467,44.0,8.982723545494112,43.6640625,8.982723545494112
2023_17_PIT_SEA,2023,17,False,False,-7.0,53.0,RECONSTRUCTED_STARTER_IDENTITY_NOT_AS_ISSUED_T60,MARKET_TOTAL_RESIDUAL_SHAPE_AT_PRIOR_256_GAME_LEAGUE_MEAN,00-0030565,00-0034771,0.2965465465465611,-16.670023014959725,3.566639604308075,5.881285425777968,4.245302386768326,5.85165542597,4.5,6.906843926564949,3.5,6.540033919904052,40.5,7.3670429298134925,43.6640625,5.6840222467928125
2023_17_CIN_KC,2023,17,False,False,8.0,42.0,RECONSTRUCTED_STARTER_IDENTITY_NOT_AS_ISSUED_T60,MARKET_TOTAL_RESIDUAL_SHAPE_AT_PRIOR_256_GAME_LEAGUE_MEAN,00-0033873,00-0035100,-1.0702614379085151,3.656440773611025,3.9699411285436237,3.768250312742854,3.780873040082842,3.780948355262929,7.5,2.868363888084911,7.0,2.8300772099473415,46.0,3.472863035633601,43.6640625,3.2025407653113316
2023_17_LAC_DEN,2023,17,False,False,7.0,25.0,RECONSTRUCTED_STARTER_IDENTITY_NOT_AS_ISSUED_T60,MARKET_TOTAL_RESIDUAL_SHAPE_AT_PRIOR_256_GAME_LEAGUE_MEAN,00-0035264,00-0035282,-22.416596142710787,2.651399491094142,4.096382661439484,3.4483849928775356,3.0936628360872866,3.780948355262928,3.5,3.2536452733662964,3.0,3.431808811678944,39.5,8.982723545494114,43.6640625,12.258336821107386
2023_17_GB_MIN,2023,17,False,False,-23.0,43.0,RECONSTRUCTED_STARTER_IDENTITY_NOT_AS_ISSUED_T60,MARKET_TOTAL_RESIDUAL_SHAPE_AT_PRIOR_256_GAME_LEAGUE_MEAN,00-0033319,00-0036264,-6.348249451697718,-0.48655189403818966,3.8441724466801226,18.949106493599032,3.6097045443737414,18.959880534195108,1.0,16.91838793810896,-0.0,16.466440846310977,42.5,3.1996547624253324,43.6640625,3.173199735970302
2023_18_PIT_BAL,2023,18,False,True,-7.0,27.0,RECONSTRUCTED_STARTER_IDENTITY_NOT_AS_ISSUED_T60,MARKET_TOTAL_RESIDUAL_SHAPE_AT_PRIOR_256_GAME_LEAGUE_MEAN,00-0035993,00-0034771,-93.33644104154976,23.90192052766014,11.435638685668037,10.885133429625972,6.746104222899641,7.779024353338926,-3.0,3.265670285391307,2.5,5.912328292198425,34.0,4.337216272762208,43.9140625,10.561367124137691
2023_18_HOU_IND,2023,18,False,True,-4.0,42.0,RECONSTRUCTED_STARTER_IDENTITY_NOT_AS_ISSUED_T60,MARKET_TOTAL_RESIDUAL_SHAPE_AT_PRIOR_256_GAME_LEAGUE_MEAN,00-0035289,00-0039163,0.0,25.46773685158501,3.023719472393614,3.9361194806120228,2.0050099983302134,3.571232145546718,-1.5,2.934741954462976,-1.5,2.8257482056183374,47.5,3.991381554152122,43.9140625,3.2025407653113316
2023_18_ATL_NO,2023,18,False,True,31.0,65.0,RECONSTRUCTED_STARTER_IDENTITY_NOT_AS_ISSUED_T60,MARKET_TOTAL_RESIDUAL_SHAPE_AT_PRIOR_256_GAME_LEAGUE_MEAN,00-0031280,00-0038122,5.854617932647033,10.433070866141737,5.999389902799948,19.10495064944319,5.81625178546016,19.099370673685247,3.5,20.33878235850338,3.5,19.925315305185435,41.5,16.01591257868315,43.9140625,14.249678812449377
2023_18_CLE_CIN,2023,18,False,True,17.0,45.0,RECONSTRUCTED_STARTER_IDENTITY_NOT_AS_ISSUED_T60,MARKET_TOTAL_RESIDUAL_SHAPE_AT_PRIOR_256_GAME_LEAGUE_MEAN,00-0035100,00-0032436,-5.700033237908353,-30.07693362119188,2.254872050315771,10.355551900044441,3.229948065647112,9.610674184988756,7.5,5.713481733202757,4.0,8.102804482674614,37.0,5.2073500760369456,43.9140625,3.246311809082375
2023_18_JAX_TEN,2023,18,False,True,8.0,48.0,RECONSTRUCTED_STARTER_IDENTITY_NOT_AS_ISSUED_T60,MARKET_TOTAL_RESIDUAL_SHAPE_AT_PRIOR_256_GAME_LEAGUE_MEAN,00-0029701,00-0036971,-28.430696626594944,-3.126438491009642,-2.531094121042934,7.432030976523519,-3.543264446466346,8.14362271793729,-3.5,7.593712613433635,-3.5,7.401505781375914,41.5,4.380991943762513,43.9140625,3.7508813136518793
2023_18_MIN_DET,2023,18,False,True,10.0,50.0,RECONSTRUCTED_STARTER_IDENTITY_NOT_AS_ISSUED_T60,MARKET_TOTAL_RESIDUAL_SHAPE_AT_PRIOR_256_GAME_LEAGUE_MEAN,00-0033106,00-0033319,-0.6668354164064194,6.840500641848513,6.33459113470396,3.768250312742853,6.034297692373762,3.780948355262929,3.5,4.239215258936281,8.0,2.9556183354884675,47.5,3.351650914421482,43.9140625,4.38099194376251
2023_18_NYJ_NE,2023,18,False,True,-14.0,20.0,RECONSTRUCTED_STARTER_IDENTITY_NOT_AS_ISSUED_T60,MARKET_TOTAL_RESIDUAL_SHAPE_AT_PRIOR_256_GAME_LEAGUE_MEAN,00-0038108,00-0032156,-5.883809651295113,25.277835821473072,2.42634578611367,9.290135834628378,1.179879967202943,8.51255008686466,2.5,10.687026706747728,2.5,11.12012049999063,28.5,5.196135985938775,43.9140625,16.796576359346922
2023_18_TB_CAR,2023,18,False,True,-9.0,9.0,RECONSTRUCTED_STARTER_IDENTITY_NOT_AS_ISSUED_T60,MARKET_TOTAL_RESIDUAL_SHAPE_AT_PRIOR_256_GAME_LEAGUE_MEAN,00-0039150,00-0034855,0.0,0.4851439182915529,-5.824021176400838,2.957764502257045,-5.8434269331325,2.937754512069083,-5.0,3.2656702853913053,-5.5,2.985921365791497,36.5,20.645541514228384,43.9140625,27.573392136162703
2023_18_CHI_GB,2023,18,False,True,8.0,26.0,RECONSTRUCTED_STARTER_IDENTITY_NOT_AS_ISSUED_T60,MARKET_TOTAL_RESIDUAL_SHAPE_AT_PRIOR_256_GAME_LEAGUE_MEAN,00-0036264,00-0036945,-1.9985376553741219,22.081093832391275,5.509260532076769,3.192011736504278,4.546075272566153,3.461083035397608,2.5,3.846237865958887,3.0,3.7608131406832728,45.5,13.133276696047263,43.9140625,11.40263696540753
2023_18_DAL_WAS,2023,18,False,True,-28.0,48.0,RECONSTRUCTED_STARTER_IDENTITY_NOT_AS_ISSUED_T60,MARKET_TOTAL_RESIDUAL_SHAPE_AT_PRIOR_256_GAME_LEAGUE_MEAN,00-0037077,00-0033077,-10.958742644338093,4.8146427753315235,-9.316819820338305,11.715821260313804,-9.94775523712509,10.884363458678028,-13.0,9.093953113674134,-12.5,9.475098854968985,47.5,3.1996547624253306,43.9140625,3.7508813136518793
2023_18_DEN_LV,2023,18,False,True,13.0,41.0,RECONSTRUCTED_STARTER_IDENTITY_NOT_AS_ISSUED_T60,MARKET_TOTAL_RESIDUAL_SHAPE_AT_PRIOR_256_GAME_LEAGUE_MEAN,00-0038579,00-0035264,9.581691318218265,-16.961368613793848,2.3903555242933727,7.432030976523519,3.4520779215738573,6.811251385565957,3.5,5.713481733202756,,,37.5,3.5166336166817223,43.9140625,3.307879870650437
2023_18_KC_LAC,2023,18,False,True,-1.0,25.0,RECONSTRUCTED_STARTER_IDENTITY_NOT_AS_ISSUED_T60,MARKET_TOTAL_RESIDUAL_SHAPE_AT_PRIOR_256_GAME_LEAGUE_MEAN,00-0035282,00-0027948,-1.8144174836453253,-39.22766396357944,-5.32050420885581,3.768250312742854,-3.8239743496584446,3.4610830353976088,3.5,3.5249295446505675,0.5,2.8257482056183374,35.0,5.711436729233747,43.9140625,12.258336821107386
2023_18_LA_SF,2023,18,False,True,-1.0,41.0,RECONSTRUCTED_STARTER_IDENTITY_NOT_AS_ISSUED_T60,MARKET_TOTAL_RESIDUAL_SHAPE_AT_PRIOR_256_GAME_LEAGUE_MEAN,00-0034869,00-0032950,-66.23022616013267,-57.4338686820973,10.370831102740722,5.881285425777967,10.018976803619307,5.85165542597,5.5,4.2089122286332525,,,40.0,3.2463118090823766,43.9140625,3.307879870650437
2023_18_PHI_NYG,2023,18,False,True,17.0,37.0,RECONSTRUCTED_STARTER_IDENTITY_NOT_AS_ISSUED_T60,MARKET_TOTAL_RESIDUAL_SHAPE_AT_PRIOR_256_GAME_LEAGUE_MEAN,00-0028118,00-0032268,24.37132249929952,-17.660696306502043,-5.1418181470473066,16.334868879361423,-3.4605373948152436,14.556321130635702,-4.5,15.70049472021574,-5.5,16.25864863851877,43.0,3.991381554152124,43.9140625,4.3372208999914665
2023_18_SEA_ARI,2023,18,False,True,-1.0,41.0,RECONSTRUCTED_STARTER_IDENTITY_NOT_AS_ISSUED_T60,MARKET_TOTAL_RESIDUAL_SHAPE_AT_PRIOR_256_GAME_LEAGUE_MEAN,00-0035228,00-0030565,25.455423210349124,4.196535244922339,-1.524635554384713,3.010674555167097,-0.6742800357676415,2.9007174750320477,-2.5,3.060764080485102,-3.0,2.9556183354884666,48.0,4.337220899991468,43.9140625,3.307879870650437
2023_18_BUF_MIA,2023,18,False,True,-7.0,35.0,RECONSTRUCTED_STARTER_IDENTITY_NOT_AS_ISSUED_T60,MARKET_TOTAL_RESIDUAL_SHAPE_AT_PRIOR_256_GAME_LEAGUE_MEAN,00-0036212,00-0034857,1.8501039772247596,0.0,0.06773614184595317,3.9361194806120228,0.14174030093494355,3.9209194952340685,-2.5,3.265670285391307,-3.0,3.215358595228727,47.5,7.547418110188678,43.9140625,5.196287759058325
2024_01_BAL_KC,2024,1,True,False,7.0,47.0,RECONSTRUCTED_STARTER_IDENTITY_NOT_AS_ISSUED_T60,MARKET_TOTAL_RESIDUAL_SHAPE_AT_PRIOR_256_GAME_LEAGUE_MEAN,00-0033873,00-0034796,11.853667004967683,3.630053982593373,3.1100588682247507,3.752753880309397,3.4390033891197236,3.7631023369694727,3.0,3.5003123642509095,3.0,3.4776428571428557,46.0,3.2387447100259275,43.6953125,3.5211777172568928
2024_01_GB_PHI,2024,1,True,False,5.0,63.0,RECONSTRUCTED_STARTER_IDENTITY_NOT_AS_ISSUED_T60,MARKET_TOTAL_RESIDUAL_SHAPE_AT_PRIOR_256_GAME_LEAGUE_MEAN,00-0036389,00-0036264,-1.2451507649698046,-2.0782022283655888,-1.7534493137423761,5.031784080224332,-1.7201272552065447,5.044684642371426,2.0,3.2429750609757075,-0.5,4.157642857142854,49.5,8.02394249820117,43.6953125,12.550526930357702
2024_01_ARI_BUF,2024,1,True,False,6.0,62.0,RECONSTRUCTED_STARTER_IDENTITY_NOT_AS_ISSUED_T60,MARKET_TOTAL_RESIDUAL_SHAPE_AT_PRIOR_256_GAME_LEAGUE_MEAN,00-0034857,00-0035228,0.0,23.76393568970463,10.303169585232354,3.1189810176977453,9.352612157644169,2.943451124719367,6.5,2.8525029214606086,9.5,3.274785714285713,46.0,10.167285756389177,43.6953125,11.735129227252642
2024_01_CAR_NO,2024,1,True,False,37.0,57.0,RECONSTRUCTED_STARTER_IDENTITY_NOT_AS_ISSUED_T60,MARKET_TOTAL_RESIDUAL_SHAPE_AT_PRIOR_256_GAME_LEAGUE_MEAN,00-0031280,00-0039150,9.112074502247914,0.0,9.166770496475474,21.8003931827339,9.53125347656539,20.841366905238292,3.5,25.97883214306843,5.0,24.477642857142854,41.5,9.421645603262846,43.6953125,8.023942498201173
2024_01_HOU_IND,2024,1,True,False,-2.0,56.0,RECONSTRUCTED_STARTER_IDENTITY_NOT_AS_ISSUED_T60,MARKET_TOTAL_RESIDUAL_SHAPE_AT_PRIOR_256_GAME_LEAGUE_MEAN,00-0039164,00-0039163,13.573463573463584,48.42004739650658,1.184360503431226,2.9611758284165894,-0.20950284949049405,2.8639105037070296,-3.0,2.9146041549782593,-3.0,2.871928571428569,49.0,4.778515020532095,43.6953125,7.385490775529969
2024_01_JAX_MIA,2024,1,True,False,3.0,37.0,RECONSTRUCTED_STARTER_IDENTITY_NOT_AS_ISSUED_T60,MARKET_TOTAL_RESIDUAL_SHAPE_AT_PRIOR_256_GAME_LEAGUE_MEAN,00-0036212,00-0036971,1.7297869689796963,4.061628853053767,4.545691761658109,2.871426785456145,4.452418086295146,2.849873923528386,3.5,2.852502921460607,3.5,2.791928571428568,49.5,7.544146666640132,43.6953125,4.306375505432137
2024_01_MIN_NYG,2024,1,True,False,-22.0,34.0,RECONSTRUCTED_STARTER_IDENTITY_NOT_AS_ISSUED_T60,MARKET_TOTAL_RESIDUAL_SHAPE_AT_PRIOR_256_GAME_LEAGUE_MEAN,00-0035710,00-0034869,-10.759424760695001,27.558996191648234,1.7531611296215215,16.232549711870437,0.2204242915277922,14.439410291031574,-1.0,14.264667957615435,-1.5,13.789071428571427,42.5,5.170688563705209,43.6953125,5.690892732144175
2024_01_NE_CIN,2024,1,True,False,-6.0,26.0,RECONSTRUCTED_STARTER_IDENTITY_NOT_AS_ISSUED_T60,MARKET_TOTAL_RESIDUAL_SHAPE_AT_PRIOR_256_GAME_LEAGUE_MEAN,00-0036442,00-0033119,-17.904750078865938,84.36609392424931,8.212917176135006,7.889716874779839,4.122083416010397,5.356466862703205,8.0,8.439487183476773,8.5,9.57478571428571,40.5,8.999697496074413,43.6953125,11.445039903560595
2024_01_PIT_ATL,2024,1,True,False,-8.0,28.0,RECONSTRUCTED_STARTER_IDENTITY_NOT_AS_ISSUED_T60,MARKET_TOTAL_RESIDUAL_SHAPE_AT_PRIOR_256_GAME_LEAGUE_MEAN,00-0029604,00-0036945,53.35192832476032,-5.114474647872358,-1.2529526704660021,3.974361706766225,1.085703448439305,4.82945707963217,4.0,7.003502496109693,3.5,7.309071428571426,43.0,8.999697496074413,43.6953125,9.781917827848133
2024_01_TEN_CHI,2024,1,True,False,7.0,41.0,RECONSTRUCTED_STARTER_IDENTITY_NOT_AS_ISSUED_T60,MARKET_TOTAL_RESIDUAL_SHAPE_AT_PRIOR_256_GAME_LEAGUE_MEAN,00-0039918,00-0039152,29.138042645171282,14.98535497253406,3.914453935371357,3.4341660453455543,4.480561442276846,3.4462159056636468,4.0,3.2429750609757075,3.5,3.2233571428571404,43.0,3.1821730383968294,43.6953125,3.2838319069634005
2024_01_DEN_SEA,2024,1,True,False,6.0,46.0,RECONSTRUCTED_STARTER_IDENTITY_NOT_AS_ISSUED_T60,MARKET_TOTAL_RESIDUAL_SHAPE_AT_PRIOR_256_GAME_LEAGUE_MEAN,00-0030565,00-0039732,6.98618340477648,3.0051121315761264,3.5555867457761816,3.180231549386388,3.7148295967041958,3.2007884279945698,6.5,2.8525029214606086,6.0,2.806214285714283,42.0,3.758098176635878,43.6953125,3.350612000540603
2024_01_LV_LAC,2024,1,True,False,12.0,32.0,RECONSTRUCTED_STARTER_IDENTITY_NOT_AS_ISSUED_T60,MARKET_TOTAL_RESIDUAL_SHAPE_AT_PRIOR_256_GAME_LEAGUE_MEAN,00-0036355,00-0035289,6.300456300456303,5.7292190380425545,0.30698909303408073,8.05560373143658,0.3298385835306307,8.068504293583679,3.0,5.658117553532067,,,41.0,5.170688563705209,43.6953125,6.883576696414699
2024_01_DAL_CLE,2024,1,True,False,-16.0,50.0,RECONSTRUCTED_STARTER_IDENTITY_NOT_AS_ISSUED_T60,MARKET_TOTAL_RESIDUAL_SHAPE_AT_PRIOR_256_GAME_LEAGUE_MEAN,00-0033537,00-0033077,-4.733285809622023,3.0735647748231454,-0.1535157750392318,9.371639460913396,-0.46578979841703855,9.365824582822299,2.5,12.493506749618836,-0.0,10.377642857142853,42.0,5.216201111557188,43.6953125,4.390169635589518
2024_01_WAS_TB,2024,1,True,False,17.0,57.0,RECONSTRUCTED_STARTER_IDENTITY_NOT_AS_ISSUED_T60,MARKET_TOTAL_RESIDUAL_SHAPE_AT_PRIOR_256_GAME_LEAGUE_MEAN,00-0034855,00-0039910,0.44911488307715075,31.519900837704196,8.113751957933964,6.129189439645853,6.870920519748882,6.755871371422897,4.0,8.200014618610757,4.0,7.9719285714285695,42.0,9.421645603262846,43.6953125,8.023942498201173
2024_01_LA_DET,2024,1,True,False,6.0,46.0,RECONSTRUCTED_STARTER_IDENTITY_NOT_AS_ISSUED_T60,MARKET_TOTAL_RESIDUAL_SHAPE_AT_PRIOR_256_GAME_LEAGUE_MEAN,00-0033106,00-0026498,-1.5803191489361712,8.053755559627529,4.571034279047299,3.0011588143800063,4.18567129070475,3.2007884279945698,5.0,2.91460415497826,,,54.0,4.705780014151825,43.6953125,3.350612000540603
2024_01_NYJ_SF,2024,1,True,False,13.0,51.0,RECONSTRUCTED_STARTER_IDENTITY_NOT_AS_ISSUED_T60,MARKET_TOTAL_RESIDUAL_SHAPE_AT_PRIOR_256_GAME_LEAGUE_MEAN,00-0037834,00-0023459,19.6198668146504,60.45293922008813,9.758892961612064,3.4341660453455543,8.125570065394554,4.138687194476917,3.5,5.658117553532067,7.0,4.157642857142855,43.0,5.2162011115571865,43.6953125,4.778515020532095
2024_02_BUF_MIA,2024,2,False,False,-21.0,41.0,RECONSTRUCTED_STARTER_IDENTITY_NOT_AS_ISSUED_T60,MARKET_TOTAL_RESIDUAL_SHAPE_AT_PRIOR_256_GAME_LEAGUE_MEAN,00-0036212,00-0034857,1.817202194357348,0.0,-0.45538183381772795,13.524340439220502,-0.38269374604343404,13.548300125144717,2.5,17.037530569270046,2.5,17.483357142857137,48.5,4.705780014151832,43.44921875,3.1821730383968294
2024_02_CLE_JAX,2024,2,False,False,-5.0,31.0,RECONSTRUCTED_STARTER_IDENTITY_NOT_AS_ISSUED_T60,MARKET_TOTAL_RESIDUAL_SHAPE_AT_PRIOR_256_GAME_LEAGUE_MEAN,00-0036971,00-0033537,3.136988491048598,-9.868101942958507,2.7723869267539523,4.385676041092044,3.292590544114236,4.361145722762753,3.0,4.706607557785576,3.0,4.866214285714284,41.5,6.263840413981688,43.44921875,6.8835766964146945
2024_02_IND_GB,2024,2,False,False,6.0,26.0,RECONSTRUCTED_STARTER_IDENTITY_NOT_AS_ISSUED_T60,MARKET_TOTAL_RESIDUAL_SHAPE_AT_PRIOR_256_GAME_LEAGUE_MEAN,00-0038128,00-0039164,-164.90315638450502,19.04920212765957,6.057698480609369,2.8943957348393887,-1.300395859877214,5.04468464237143,-3.0,5.658117553532066,-1.0,4.580499999999997,41.5,9.78191782784813,43.44921875,10.598166232782196
2024_02_LAC_CAR,2024,2,False,False,-23.0,29.0,RECONSTRUCTED_STARTER_IDENTITY_NOT_AS_ISSUED_T60,MARKET_TOTAL_RESIDUAL_SHAPE_AT_PRIOR_256_GAME_LEAGUE_MEAN,00-0039150,00-0036355,0.25425148697326705,2.3683510452107814,-2.4709302107179156,13.524340439220504,-2.555494193047416,12.67250259218002,-5.0,11.635573955063332,-3.0,13.789071428571427,39.0,5.690892551220763,43.44921875,8.249803833803039
2024_02_LV_BAL,2024,2,False,False,-3.0,49.0,RECONSTRUCTED_STARTER_IDENTITY_NOT_AS_ISSUED_T60,MARKET_TOTAL_RESIDUAL_SHAPE_AT_PRIOR_256_GAME_LEAGUE_MEAN,00-0034796,00-0035289,0.34674190025481,-0.0942028985507326,7.898708377801077,5.943736440921906,7.9163461697532975,5.917504718934595,9.0,7.003502496109695,,,41.0,5.2162011115571865,43.44921875,4.390169635589514
2024_02_NO_DAL,2024,2,False,False,-25.0,63.0,RECONSTRUCTED_STARTER_IDENTITY_NOT_AS_ISSUED_T60,MARKET_TOTAL_RESIDUAL_SHAPE_AT_PRIOR_256_GAME_LEAGUE_MEAN,00-0033077,00-0031280,0.18368539701092423,11.37213299411548,5.2276955960641045,21.892268980266866,4.780157692179922,21.927287789968194,6.5,24.710861066930622,6.0,24.19192857142857,47.0,10.167285756389173,43.44921875,13.386341477358974
2024_02_NYG_WAS,2024,2,False,False,3.0,39.0,RECONSTRUCTED_STARTER_IDENTITY_NOT_AS_ISSUED_T60,MARKET_TOTAL_RESIDUAL_SHAPE_AT_PRIOR_256_GAME_LEAGUE_MEAN,00-0039910,00-0035710,45.61457061457062,-24.283099830682907,0.4365764094181759,3.4341660453455534,3.232483227228317,2.8936850677223447,1.5,2.91460415497826,1.5,2.871928571428569,42.5,3.447592009047616,43.44921875,3.447592009047616
2024_02_NYJ_TEN,2024,2,False,False,-7.0,41.0,RECONSTRUCTED_STARTER_IDENTITY_NOT_AS_ISSUED_T60,MARKET_TOTAL_RESIDUAL_SHAPE_AT_PRIOR_256_GAME_LEAGUE_MEAN,00-0039152,00-0023459,10.794666438655497,64.68980122250566,1.6335245690651208,4.8590916089355165,-0.5222808222888858,3.595514076654715,-3.5,3.077088204318967,-3.0,3.274785714285713,41.5,3.15537593078305,43.44921875,3.1821730383968294
2024_02_SEA_NE,2024,2,False,False,-3.0,43.0,RECONSTRUCTED_STARTER_IDENTITY_NOT_AS_ISSUED_T60,MARKET_TOTAL_RESIDUAL_SHAPE_AT_PRIOR_256_GAME_LEAGUE_MEAN,00-0033119,00-0030565,81.59580838323353,-4.007451945398821,-0.2122774820275572,2.9611758284165868,3.211852931117737,3.5955140766547142,-3.5,2.914604154978262,-2.5,2.806214285714283,39.0,3.7580979957124683,43.44921875,3.187277249370883
2024_02_SF_MIN,2024,2,False,False,6.0,40.0,RECONSTRUCTED_STARTER_IDENTITY_NOT_AS_ISSUED_T60,MARKET_TOTAL_RESIDUAL_SHAPE_AT_PRIOR_256_GAME_LEAGUE_MEAN,00-0034869,00-0037834,31.654315605928506,4.554227941176481,-2.422043039179316,5.559644565124374,-1.3380395325892351,5.04468464237143,-4.5,6.84399590317052,-4.0,6.080499999999999,46.5,4.306375505432135,43.44921875,3.283831906963396
2024_02_TB_DET,2024,2,False,False,-4.0,36.0,RECONSTRUCTED_STARTER_IDENTITY_NOT_AS_ISSUED_T60,MARKET_TOTAL_RESIDUAL_SHAPE_AT_PRIOR_256_GAME_LEAGUE_MEAN,00-0033106,00-0034855,-1.6680023653537823,0.5291494978109768,4.511512719751272,4.859091608935516,4.423626645224681,4.361145722762754,7.5,7.003502496109695,7.5,7.309071428571427,51.5,9.781917827848126,43.44921875,4.306375505432133
2024_02_LA_ARI,2024,2,False,False,31.0,51.0,RECONSTRUCTED_STARTER_IDENTITY_NOT_AS_ISSUED_T60,MARKET_TOTAL_RESIDUAL_SHAPE_AT_PRIOR_256_GAME_LEAGUE_MEAN,00-0035228,00-0026498,16.506032697936735,0.4592607401483928,-1.0931391516352233,25.692354050449765,-0.4512682733236895,24.711209525399926,-1.0,24.999248986964645,,,47.5,3.521177717256891,43.44921875,5.2162011115571865
2024_02_CIN_KC,2024,2,False,False,1.0,51.0,RECONSTRUCTED_STARTER_IDENTITY_NOT_AS_ISSUED_T60,MARKET_TOTAL_RESIDUAL_SHAPE_AT_PRIOR_256_GAME_LEAGUE_MEAN,00-0033873,00-0036442,0.6489624845403164,-1.9726943438283628,7.970090882947379,3.974361706766227,8.074957156082126,3.9515327920949517,6.5,3.872919765356823,6.0,3.57192857142857,47.5,3.521177717256891,43.44921875,5.2162011115571865
2024_02_PIT_DEN,2024,2,False,False,-7.0,19.0,RECONSTRUCTED_STARTER_IDENTITY_NOT_AS_ISSUED_T60,MARKET_TOTAL_RESIDUAL_SHAPE_AT_PRIOR_256_GAME_LEAGUE_MEAN,00-0039732,00-0036945,-107.27922077922076,-15.670059137522419,-1.065278843044316,3.6208950968130145,-4.72964530871225,2.8639105037070314,-3.0,3.277428485050568,-2.5,3.274785714285713,36.5,11.445038818020187,43.44921875,16.864010554347487
2024_02_CHI_HOU,2024,2,False,False,6.0,32.0,RECONSTRUCTED_STARTER_IDENTITY_NOT_AS_ISSUED_T60,MARKET_TOTAL_RESIDUAL_SHAPE_AT_PRIOR_256_GAME_LEAGUE_MEAN,00-0039163,00-0039918,26.41774891774893,-66.21117084826761,3.7325385023380386,3.180231549386388,7.4376952929787,2.849873923528385,6.0,2.854629676033129,6.5,2.791928571428569,45.5,8.249803833803043,43.44921875,6.263840413981686
2024_02_ATL_PHI,2024,2,False,False,-1.0,43.0,RECONSTRUCTED_STARTER_IDENTITY_NOT_AS_ISSUED_T60,MARKET_TOTAL_RESIDUAL_SHAPE_AT_PRIOR_256_GAME_LEAGUE_MEAN,00-0036389,00-0029604,-1.6015942300654284,45.57556019827127,7.403174962924231,4.385676041092046,5.516088785790764,3.951532792094951,5.5,4.258713044812373,6.5,4.866214285714284,46.5,3.447592009047619,43.44921875,3.187277249370883
2024_03_NE_NYJ,2024,3,False,False,21.0,27.0,RECONSTRUCTED_STARTER_IDENTITY_NOT_AS_ISSUED_T60,MARKET_TOTAL_RESIDUAL_SHAPE_AT_PRIOR_256_GAME_LEAGUE_MEAN,00-0023459,00-0033119,51.32867132867133,89.9609375,4.260517588160192,11.85951695985002,2.715226941307045,12.710784174485424,6.5,8.924387226011863,6.0,9.409071428571428,39.0,6.883576515491287,43.16796875,9.781917827848128
2024_03_CHI_IND,2024,3,False,False,5.0,37.0,RECONSTRUCTED_STARTER_IDENTITY_NOT_AS_ISSUED_T60,MARKET_TOTAL_RESIDUAL_SHAPE_AT_PRIOR_256_GAME_LEAGUE_MEAN,00-0039164,00-0039918,0.7206443408223961,-72.18452380952381,1.4716234038420952,3.7527538803094007,4.387830129855944,3.0183128856721533,1.5,3.2429750609757075,1.5,3.2233571428571413,43.0,3.9614159137690113,43.16796875,3.9614159137690113
2024_03_DEN_TB,2024,3,False,False,-19.0,33.0,RECONSTRUCTED_STARTER_IDENTITY_NOT_AS_ISSUED_T60,MARKET_TOTAL_RESIDUAL_SHAPE_AT_PRIOR_256_GAME_LEAGUE_MEAN,00-0034855,00-0039732,0.0,-67.74168236032644,7.198099630279421,18.092183910083964,9.907766924692478,20.966420074102608,6.0,17.977130739410413,7.5,20.32335714285714,40.5,4.705780014151827,43.16796875,5.690892732144171
2024_03_GB_TEN,2024,3,False,False,-16.0,44.0,RECONSTRUCTED_STARTER_IDENTITY_NOT_AS_ISSUED_T60,MARKET_TOTAL_RESIDUAL_SHAPE_AT_PRIOR_256_GAME_LEAGUE_MEAN,00-0039152,00-0038128,-8.076018808777441,-130.81974637681162,-3.4541853174202335,7.201073744197107,1.4555637853011343,10.15910403837313,3.0,12.493506749618836,2.5,12.920499999999999,37.0,4.778513934991689,43.16796875,3.238744710025923
2024_03_HOU_MIN,2024,3,False,False,27.0,41.0,RECONSTRUCTED_STARTER_IDENTITY_NOT_AS_ISSUED_T60,MARKET_TOTAL_RESIDUAL_SHAPE_AT_PRIOR_256_GAME_LEAGUE_MEAN,00-0034869,00-0039163,18.796296296296312,24.045470776251744,3.23763117589192,18.02157565827622,3.0276641966937023,18.018312885672152,-2.0,22.08091636254951,-0.0,19.620499999999996,46.0,3.67515474830751,43.16796875,3.1821730383968294
2024_03_LAC_PIT,2024,3,False,False,10.0,30.0,RECONSTRUCTED_STARTER_IDENTITY_NOT_AS_ISSUED_T60,MARKET_TOTAL_RESIDUAL_SHAPE_AT_PRIOR_256_GAME_LEAGUE_MEAN,00-0036945,00-0036355,-39.42333809653154,11.270064824818649,5.740548972606712,3.7527538803094007,3.7128128557527043,4.568716969040934,3.0,4.64408097335342,3.0,4.580499999999999,36.0,3.9614131999180033,43.16796875,7.544146666640129
2024_03_NYG_CLE,2024,3,False,False,-6.0,36.0,RECONSTRUCTED_STARTER_IDENTITY_NOT_AS_ISSUED_T60,MARKET_TOTAL_RESIDUAL_SHAPE_AT_PRIOR_256_GAME_LEAGUE_MEAN,00-0033537,00-0035710,-9.403506071968227,-37.55684858212949,5.936518251251036,6.547309388603745,7.062651951657488,7.169737811235743,6.5,7.703204750469542,6.5,8.031928571428569,38.0,3.182172676550029,43.16796875,4.306375505432133
2024_03_PHI_NO,2024,3,False,False,-3.0,27.0,RECONSTRUCTED_STARTER_IDENTITY_NOT_AS_ISSUED_T60,MARKET_TOTAL_RESIDUAL_SHAPE_AT_PRIOR_256_GAME_LEAGUE_MEAN,00-0031280,00-0036389,14.385964912280702,-1.2571366310743182,4.768051571853339,4.385676041092045,5.39377563358754,4.361145722762752,2.5,3.872919765356821,2.5,3.9404999999999983,49.0,14.997570741501896,43.16796875,9.781917827848128
2024_03_CAR_LV,2024,3,False,False,-14.0,58.0,RECONSTRUCTED_STARTER_IDENTITY_NOT_AS_ISSUED_T60,MARKET_TOTAL_RESIDUAL_SHAPE_AT_PRIOR_256_GAME_LEAGUE_MEAN,00-0035289,00-0027973,5.345959291822244,79.08948274116814,9.905638449456646,16.232549711870437,6.95589751148281,13.548300125144719,5.5,13.367602878925515,,,40.0,11.73512922725264,43.16796875,9.421645603262844
2024_03_MIA_SEA,2024,3,False,False,21.0,27.0,RECONSTRUCTED_STARTER_IDENTITY_NOT_AS_ISSUED_T60,MARKET_TOTAL_RESIDUAL_SHAPE_AT_PRIOR_256_GAME_LEAGUE_MEAN,00-0030565,00-0037327,6.088889729811542,-66.65803318494538,3.0631114572983553,12.693630103193277,5.972988373888631,10.283306505408433,4.0,11.25658629023985,4.5,10.154785714285714,41.5,8.999697496074415,43.16796875,9.781917827848128
2024_03_BAL_DAL,2024,3,False,False,-3.0,53.0,RECONSTRUCTED_STARTER_IDENTITY_NOT_AS_ISSUED_T60,MARKET_TOTAL_RESIDUAL_SHAPE_AT_PRIOR_256_GAME_LEAGUE_MEAN,00-0033077,00-0034796,0.6729250745744819,10.274144434063448,1.282360562594622,3.118981017697747,0.8983117882150633,3.1004056121715147,-1.5,2.852502921460607,1.5,3.57192857142857,47.5,4.04776214941342,43.16796875,6.220029269787727
2024_03_DET_ARI,2024,3,False,False,-7.0,33.0,RECONSTRUCTED_STARTER_IDENTITY_NOT_AS_ISSUED_T60,MARKET_TOTAL_RESIDUAL_SHAPE_AT_PRIOR_256_GAME_LEAGUE_MEAN,00-0035228,00-0033106,0.0,-2.2561660123685767,-1.6687750842372224,3.3371860368385384,-1.5785284437424796,3.3177599294832953,-3.0,3.277428485050568,0.5,4.866214285714284,51.5,12.305524803603124,43.16796875,5.690892732144171
2024_03_SF_LA,2024,3,False,False,3.0,51.0,RECONSTRUCTED_STARTER_IDENTITY_NOT_AS_ISSUED_T60,MARKET_TOTAL_RESIDUAL_SHAPE_AT_PRIOR_256_GAME_LEAGUE_MEAN,00-0026498,00-0037834,-1.997831978319775,20.17450767268898,-3.439311790622587,4.552413599577797,-4.326205376662937,5.044684642371429,-6.0,5.658117553532067,,,44.5,4.390169635589516,43.16796875,5.2162011115571865
2024_03_KC_ATL,2024,3,False,False,-5.0,39.0,RECONSTRUCTED_STARTER_IDENTITY_NOT_AS_ISSUED_T60,MARKET_TOTAL_RESIDUAL_SHAPE_AT_PRIOR_256_GAME_LEAGUE_MEAN,00-0029604,00-0033873,40.02806563039722,2.369956246961591,-6.45715599542059,3.0011588143800054,-4.950831620083164,2.893685067722344,-3.0,2.9311928406439334,-3.0,2.880499999999998,46.0,4.306375505432137,43.16796875,3.447592009047616
2024_03_JAX_BUF,2024,3,False,False,37.0,57.0,RECONSTRUCTED_STARTER_IDENTITY_NOT_AS_ISSUED_T60,MARKET_TOTAL_RESIDUAL_SHAPE_AT_PRIOR_256_GAME_LEAGUE_MEAN,00-0034857,00-0036971,0.0,-8.974971207056392,10.39797258919316,20.842077572355336,10.756971437475416,19.892409014978828,4.0,25.97883214306843,5.5,23.49478571428571,46.5,6.220029269787729,43.16796875,8.705780014151829
2024_03_WAS_CIN,2024,3,False,False,-5.0,71.0,RECONSTRUCTED_STARTER_IDENTITY_NOT_AS_ISSUED_T60,MARKET_TOTAL_RESIDUAL_SHAPE_AT_PRIOR_256_GAME_LEAGUE_MEAN,00-0036442,00-0039910,0.5088062622309097,46.20421245421247,7.7635398432731835,7.2010737441971076,5.935723595593921,5.917504718934594,7.5,7.703204750469542,8.5,8.783357142857138,46.0,17.815520550093986,43.16796875,20.610501409302827
2024_04_DAL_NYG,2024,4,False,False,-5.0,35.0,RECONSTRUCTED_STARTER_IDENTITY_NOT_AS_ISSUED_T60,MARKET_TOTAL_RESIDUAL_SHAPE_AT_PRIOR_256_GAME_LEAGUE_MEAN,00-0035710,00-0033077,-54.51859439016702,0.4930186450687657,-1.1729785104779331,3.1189810176977444,-3.373443031887364,2.8639105037070314,-5.5,2.91460415497826,-4.0,2.791928571428569,45.0,5.690892732144174,43.0390625,4.705780014151827
2024_04_CIN_CAR,2024,4,False,False,-10.0,58.0,RECONSTRUCTED_STARTER_IDENTITY_NOT_AS_ISSUED_T60,MARKET_TOTAL_RESIDUAL_SHAPE_AT_PRIOR_256_GAME_LEAGUE_MEAN,00-0027973,00-0036442,75.87298005844939,4.98855122241062,-2.199730377958631,4.385676041092047,0.6356467754829197,5.917504718934594,-4.5,3.5466756139318987,-3.5,3.9404999999999983,47.0,6.7844699333351555,43.0390625,9.421645603262844
2024_04_DEN_NYJ,2024,4,False,False,-1.0,19.0,RECONSTRUCTED_STARTER_IDENTITY_NOT_AS_ISSUED_T60,MARKET_TOTAL_RESIDUAL_SHAPE_AT_PRIOR_256_GAME_LEAGUE_MEAN,00-0023459,00-0039732,39.51688735367493,-35.56511948863225,2.6419527580053,3.1189810176977435,5.645233031697587,3.951532792094951,7.5,5.200439969525263,7.5,5.417642857142855,39.5,14.084342328060805,43.0390625,16.864010554347487
2024_04_JAX_HOU,2024,4,False,False,4.0,44.0,RECONSTRUCTED_STARTER_IDENTITY_NOT_AS_ISSUED_T60,MARKET_TOTAL_RESIDUAL_SHAPE_AT_PRIOR_256_GAME_LEAGUE_MEAN,00-0039163,00-0036971,31.72628107559614,9.111165845648618,4.910012107517987,2.8480324851583996,5.8146167167158875,2.8639105037070314,5.5,2.9311928406439343,6.5,3.0376428571428544,44.5,3.155375930783051,43.0390625,3.238744710025923
2024_04_LA_CHI,2024,4,False,False,6.0,42.0,RECONSTRUCTED_STARTER_IDENTITY_NOT_AS_ISSUED_T60,MARKET_TOTAL_RESIDUAL_SHAPE_AT_PRIOR_256_GAME_LEAGUE_MEAN,00-0039918,00-0026498,-35.18254693912268,5.005723147361807,1.2748242943634067,4.128338737816845,-0.33270650909597266,4.56871696904093,3.0,3.2429750609757075,,,40.0,3.350612000540602,43.0390625,3.1553759307830482
2024_04_MIN_GB,2024,4,False,False,-2.0,60.0,RECONSTRUCTED_STARTER_IDENTITY_NOT_AS_ISSUED_T60,MARKET_TOTAL_RESIDUAL_SHAPE_AT_PRIOR_256_GAME_LEAGUE_MEAN,00-0036264,00-0034869,0.19515719245166707,10.891840607210623,2.749967384920483,3.337186036838535,2.322100048330124,3.1004056121715164,2.5,3.546675613931896,2.5,3.57192857142857,44.0,10.167285756389177,43.0390625,10.940148368043788
2024_04_NO_ATL,2024,4,False,False,2.0,50.0,RECONSTRUCTED_STARTER_IDENTITY_NOT_AS_ISSUED_T60,MARKET_TOTAL_RESIDUAL_SHAPE_AT_PRIOR_256_GAME_LEAGUE_MEAN,00-0029604,00-0031280,32.85424550251543,3.569970399101763,-3.06877984208536,4.1283387378168435,-1.8974088379488128,3.76310233696947,2.5,2.852502921460607,1.5,2.806214285714283,41.5,5.216201111557188,43.0390625,4.77851502053209
2024_04_PHI_TB,2024,4,False,False,17.0,49.0,RECONSTRUCTED_STARTER_IDENTITY_NOT_AS_ISSUED_T60,MARKET_TOTAL_RESIDUAL_SHAPE_AT_PRIOR_256_GAME_LEAGUE_MEAN,00-0034855,00-0036389,0.0,-1.3121546961325947,1.1449242596037492,11.046671362231988,1.197410447449053,11.066377539011157,-1.0,12.081341713464012,-1.0,11.71478571428571,42.0,4.778515020532092,43.0390625,4.390169635589514
2024_04_PIT_IND,2024,4,False,False,3.0,51.0,RECONSTRUCTED_STARTER_IDENTITY_NOT_AS_ISSUED_T60,MARKET_TOTAL_RESIDUAL_SHAPE_AT_PRIOR_256_GAME_LEAGUE_MEAN,00-0026158,00-0036945,6.709929721151653,-25.684654430997035,-2.4835977487328726,4.128338737816845,-1.1878143826469252,3.7631023369694736,-2.5,4.211499093302376,-2.0,3.789071428571427,40.0,6.784469933335156,43.0390625,5.2162011115571865
2024_04_NE_SF,2024,4,False,False,17.0,43.0,RECONSTRUCTED_STARTER_IDENTITY_NOT_AS_ISSUED_T60,MARKET_TOTAL_RESIDUAL_SHAPE_AT_PRIOR_256_GAME_LEAGUE_MEAN,00-0037834,00-0033119,16.39563292105666,81.01580334733312,10.39513863428736,5.03178408022433,7.8103318172363,6.149746318254033,10.5,4.211499093302377,12.0,3.789071428571427,41.5,3.238744710025925,43.0390625,3.187277249370883
2024_04_WAS_ARI,2024,4,False,False,-28.0,56.0,RECONSTRUCTED_STARTER_IDENTITY_NOT_AS_ISSUED_T60,MARKET_TOTAL_RESIDUAL_SHAPE_AT_PRIOR_256_GAME_LEAGUE_MEAN,00-0035228,00-0039910,0.0,82.85861713106296,3.432003589291944,22.85483809979047,0.11765890404942582,20.008955165553054,3.5,24.71086106693062,3.5,25.169071428571424,49.0,4.778515020532095,43.0390625,8.023942498201167
2024_04_CLE_LV,2024,4,False,False,4.0,36.0,RECONSTRUCTED_STARTER_IDENTITY_NOT_AS_ISSUED_T60,MARKET_TOTAL_RESIDUAL_SHAPE_AT_PRIOR_256_GAME_LEAGUE_MEAN,00-0035289,00-0033537,0.26843235504654395,-19.19585295897692,1.8885935302770214,3.180231549386388,2.6671649428379602,3.0183128856721524,-2.5,4.644080973353419,,,36.5,3.1553748452426467,43.0390625,4.306375505432133
2024_04_KC_LAC,2024,4,False,False,-7.0,27.0,RECONSTRUCTED_STARTER_IDENTITY_NOT_AS_ISSUED_T60,MARKET_TOTAL_RESIDUAL_SHAPE_AT_PRIOR_256_GAME_LEAGUE_MEAN,00-0036355,00-0033873,22.468907239932467,4.659970422418924,-4.785125538705288,2.871426785456144,-4.0727680660047465,2.943451124719367,-7.5,2.9146041549782593,-7.0,2.8062142857142813,41.5,8.999697496074415,43.0390625,9.781917827848128
2024_04_BUF_BAL,2024,4,False,False,25.0,45.0,RECONSTRUCTED_STARTER_IDENTITY_NOT_AS_ISSUED_T60,MARKET_TOTAL_RESIDUAL_SHAPE_AT_PRIOR_256_GAME_LEAGUE_MEAN,00-0034796,00-0034857,-0.03416083782439294,0.33693244739756434,0.07898794199926669,18.9526688101265,0.0641442105903884,18.951107441180447,2.5,15.547100964846402,2.5,15.09192857142857,46.5,3.182173038396832,43.0390625,3.3506120005405986
2024_04_TEN_MIA,2024,4,False,False,-19.0,43.0,RECONSTRUCTED_STARTER_IDENTITY_NOT_AS_ISSUED_T60,MARKET_TOTAL_RESIDUAL_SHAPE_AT_PRIOR_256_GAME_LEAGUE_MEAN,00-0035993,00-0034771,-17.797036561711565,56.93207785044518,7.127162739044807,18.092183910083964,4.137998162558537,15.341579580695548,2.5,15.179597774714543,3.0,15.609071428571427,37.0,4.390168550049112,43.0390625,3.187277249370883
2024_04_SEA_DET,2024,4,False,False,13.0,71.0,RECONSTRUCTED_STARTER_IDENTITY_NOT_AS_ISSUED_T60,MARKET_TOTAL_RESIDUAL_SHAPE_AT_PRIOR_256_GAME_LEAGUE_MEAN,00-0033106,00-0030565,-2.2638069705093855,9.729161935044296,3.7289843391421345,6.129189439645852,3.2492655829199872,6.755871371422897,3.5,5.658117553532067,3.5,5.543357142857141,46.5,16.901441434823884,43.0390625,20.610501409302827
2024_05_TB_ATL,2024,5,False,False,6.0,66.0,RECONSTRUCTED_STARTER_IDENTITY_NOT_AS_ISSUED_T60,MARKET_TOTAL_RESIDUAL_SHAPE_AT_PRIOR_256_GAME_LEAGUE_MEAN,00-0029604,00-0034855,20.80422738769121,0.0,-1.4986644172931665,5.031784080224329,-0.6664953217855181,5.04468464237143,2.5,3.2429750609757075,1.0,3.789071428571427,44.0,15.114967593905128,43.1640625,16.001824250646933
2024_05_NYJ_MIN,2024,5,False,False,6.0,40.0,RECONSTRUCTED_STARTER_IDENTITY_NOT_AS_ISSUED_T60,MARKET_TOTAL_RESIDUAL_SHAPE_AT_PRIOR_256_GAME_LEAGUE_MEAN,00-0034869,00-0023459,41.14983812221773,27.331263405521344,3.9223616297294575,3.180231549386388,4.475104618397313,3.2007884279945698,2.5,3.2429750609757075,2.0,3.4776428571428557,42.0,3.182173038396831,43.1640625,3.283831906963396
2024_05_BAL_CIN,2024,5,False,False,-3.0,79.0,RECONSTRUCTED_STARTER_IDENTITY_NOT_AS_ISSUED_T60,MARKET_TOTAL_RESIDUAL_SHAPE_AT_PRIOR_256_GAME_LEAGUE_MEAN,00-0036442,00-0034796,8.520778843359489,5.09898785864773,-2.511932082520452,2.894395734839387,-2.375060443131982,2.8498739235283823,-2.5,2.8546296760331282,-2.5,2.806214285714283,48.5,22.52372982274392,43.1640625,28.365499282548257
2024_05_BUF_HOU,2024,5,False,False,3.0,43.0,RECONSTRUCTED_STARTER_IDENTITY_NOT_AS_ISSUED_T60,MARKET_TOTAL_RESIDUAL_SHAPE_AT_PRIOR_256_GAME_LEAGUE_MEAN,00-0039163,00-0034857,18.2667071290312,1.4486963835155686,-2.1427797006525178,4.128338737816845,-1.4700592708318925,3.7631023369694736,1.0,3.049440394876175,-3.0,4.157642857142855,48.0,3.6751547483075084,43.1640625,3.187277249370883
2024_05_CAR_CHI,2024,5,False,False,26.0,46.0,RECONSTRUCTED_STARTER_IDENTITY_NOT_AS_ISSUED_T60,MARKET_TOTAL_RESIDUAL_SHAPE_AT_PRIOR_256_GAME_LEAGUE_MEAN,00-0039918,00-0027973,-21.59058740268931,60.06773710516198,7.699141595480732,12.693630103193279,4.432808615166681,16.191856058789977,4.0,15.547100964846402,4.0,15.091928571428568,40.0,4.390169635589517,43.1640625,3.5211777172568883
2024_05_CLE_WAS,2024,5,False,False,21.0,47.0,RECONSTRUCTED_STARTER_IDENTITY_NOT_AS_ISSUED_T60,MARKET_TOTAL_RESIDUAL_SHAPE_AT_PRIOR_256_GAME_LEAGUE_MEAN,00-0039910,00-0033537,63.78785839278505,-15.517334777898162,2.8104735819925644,12.693630103193277,5.982681308819893,10.283306505408433,3.0,12.081341713464012,3.5,10.917642857142855,44.0,3.5211777172568928,43.1640625,3.758098176635876
2024_05_IND_JAX,2024,5,False,False,3.0,71.0,RECONSTRUCTED_STARTER_IDENTITY_NOT_AS_ISSUED_T60,MARKET_TOTAL_RESIDUAL_SHAPE_AT_PRIOR_256_GAME_LEAGUE_MEAN,00-0036971,00-0026158,9.279070075156138,-8.419956292919295,0.9562461810664626,3.1802315493863897,1.6642072357894802,3.0183128856721533,3.5,2.852502921460607,2.5,2.806214285714283,45.0,18.734703876338134,43.1640625,20.610501409302827
2024_05_MIA_NE,2024,5,False,False,-5.0,25.0,RECONSTRUCTED_STARTER_IDENTITY_NOT_AS_ISSUED_T60,MARKET_TOTAL_RESIDUAL_SHAPE_AT_PRIOR_256_GAME_LEAGUE_MEAN,00-0033119,00-0035993,47.09549986911307,-2.102688354578852,0.8093706720850241,3.620895096813017,2.7772982010327008,4.361145722762753,-2.0,3.077088204318965,-0.5,3.274785714285711,37.0,6.883575610874293,43.1640625,11.44503990356059
2024_05_ARI_SF,2024,5,False,False,-1.0,47.0,RECONSTRUCTED_STARTER_IDENTITY_NOT_AS_ISSUED_T60,MARKET_TOTAL_RESIDUAL_SHAPE_AT_PRIOR_256_GAME_LEAGUE_MEAN,00-0037834,00-0035228,16.642770580504205,0.0,11.425655399124635,6.547309388603744,12.091366222344803,7.169737811235743,7.0,4.706607557785578,7.5,5.417642857142855,48.5,3.182173038396834,43.1640625,3.758098176635876
2024_05_LV_DEN,2024,5,False,False,16.0,52.0,RECONSTRUCTED_STARTER_IDENTITY_NOT_AS_ISSUED_T60,MARKET_TOTAL_RESIDUAL_SHAPE_AT_PRIOR_256_GAME_LEAGUE_MEAN,00-0039732,00-0038579,-31.23239436619717,-2.1911694224778344,4.0494682990900035,8.05560373143658,2.8878193013412305,8.780116373549651,3.0,8.200014618610757,,,36.0,10.167283042538163,43.1640625,5.694720890374711
2024_05_GB_LA,2024,5,False,False,-5.0,43.0,RECONSTRUCTED_STARTER_IDENTITY_NOT_AS_ISSUED_T60,MARKET_TOTAL_RESIDUAL_SHAPE_AT_PRIOR_256_GAME_LEAGUE_MEAN,00-0026498,00-0036264,8.2957957957958,-15.616319444444438,-0.873406138704322,3.1189810176977444,0.08307847090528746,3.3177599294832953,-3.0,2.9311928406439334,,,49.5,4.306375505432135,43.1640625,3.187277249370883
2024_05_NYG_SEA,2024,5,False,False,-9.0,49.0,RECONSTRUCTED_STARTER_IDENTITY_NOT_AS_ISSUED_T60,MARKET_TOTAL_RESIDUAL_SHAPE_AT_PRIOR_256_GAME_LEAGUE_MEAN,00-0030565,00-0035710,-5.284636417836808,-40.24713817017659,6.828718182294206,9.371639460913396,8.227218252387797,10.159104038373131,7.0,9.9945701269051,6.0,9.574785714285712,42.5,4.390169635589514,43.1640625,4.390169635589514
2024_05_DAL_PIT,2024,5,False,False,-3.0,37.0,RECONSTRUCTED_STARTER_IDENTITY_NOT_AS_ISSUED_T60,MARKET_TOTAL_RESIDUAL_SHAPE_AT_PRIOR_256_GAME_LEAGUE_MEAN,00-0036945,00-0033077,-22.964198593772412,0.5393136527151343,3.251032345057829,3.6208950968130136,2.310891855198327,3.317759929483299,2.5,3.872919765356821,2.5,3.9404999999999983,43.5,4.306375505432137,43.1640625,3.9614159137690113
2024_05_NO_KC,2024,5,False,False,13.0,39.0,RECONSTRUCTED_STARTER_IDENTITY_NOT_AS_ISSUED_T60,MARKET_TOTAL_RESIDUAL_SHAPE_AT_PRIOR_256_GAME_LEAGUE_MEAN,00-0033873,00-0031280,-1.5932004122914512,3.43750359240822,7.826189945584456,4.128338737816844,7.6249617853964695,4.138687194476917,5.5,4.64408097335342,7.0,4.157642857142855,43.0,3.447592009047616,43.1640625,3.447592009047616
2024_06_SF_SEA,2024,6,False,False,-12.0,60.0,RECONSTRUCTED_STARTER_IDENTITY_NOT_AS_ISSUED_T60,MARKET_TOTAL_RESIDUAL_SHAPE_AT_PRIOR_256_GAME_LEAGUE_MEAN,00-0030565,00-0037834,-0.6739164738060355,-12.668749946564283,-1.5739007127357671,5.383549286519525,-1.0941073738254374,5.9175047189345955,-3.5,4.706607557785578,-3.5,4.866214285714284,49.0,6.784469933335157,43.73046875,10.167285756389177
2024_06_JAX_CHI,2024,6,False,False,19.0,51.0,RECONSTRUCTED_STARTER_IDENTITY_NOT_AS_ISSUED_T60,MARKET_TOTAL_RESIDUAL_SHAPE_AT_PRIOR_256_GAME_LEAGUE_MEAN,00-0039918,00-0036971,-3.415202444614218,8.297422638102269,1.6275822863909344,11.85951695985002,1.1590772830822749,12.710784174485422,-1.5,14.655990798959545,1.5,10.917642857142857,44.5,4.390169635589516,43.73046875,4.778515020532095
2024_06_ARI_GB,2024,6,False,False,21.0,47.0,RECONSTRUCTED_STARTER_IDENTITY_NOT_AS_ISSUED_T60,MARKET_TOTAL_RESIDUAL_SHAPE_AT_PRIOR_256_GAME_LEAGUE_MEAN,00-0036264,00-0035228,-18.727547696603054,0.0,9.349284875259855,8.05560373143658,8.600182967395734,8.06850429358368,5.5,9.6802358010863,5.0,10.154785714285714,47.0,3.1872772493708856,43.73046875,3.5211777172568928
2024_06_CLE_PHI,2024,6,False,False,4.0,36.0,RECONSTRUCTED_STARTER_IDENTITY_NOT_AS_ISSUED_T60,MARKET_TOTAL_RESIDUAL_SHAPE_AT_PRIOR_256_GAME_LEAGUE_MEAN,00-0036389,00-0033537,-1.9139205613331711,-8.02487822329856,6.200790727924914,2.8714267854561477,6.44522903440353,2.8639105037070314,8.0,3.277428485050571,9.5,3.9404999999999983,42.0,3.961415913769013,43.73046875,4.705780014151832
2024_06_HOU_NE,2024,6,False,False,-20.0,62.0,RECONSTRUCTED_STARTER_IDENTITY_NOT_AS_ISSUED_T60,MARKET_TOTAL_RESIDUAL_SHAPE_AT_PRIOR_256_GAME_LEAGUE_MEAN,00-0039851,00-0039163,-70.8689024390244,7.801769598016239,-3.3401953966828115,10.158964003661165,-6.487022278164437,7.863485152792526,-6.5,7.703204750469539,-6.0,8.783357142857138,38.5,16.001824069723526,43.73046875,11.735129227252642
2024_06_IND_TEN,2024,6,False,False,-3.0,37.0,RECONSTRUCTED_STARTER_IDENTITY_NOT_AS_ISSUED_T60,MARKET_TOTAL_RESIDUAL_SHAPE_AT_PRIOR_256_GAME_LEAGUE_MEAN,00-0039152,00-0026158,10.058243727598558,5.968421052631578,1.1659405737963606,3.118981017697747,1.3295334807950399,3.1004056121715147,2.5,3.872919765356821,2.5,3.9404999999999983,42.0,3.6751547483075075,43.73046875,4.306375505432137
2024_06_TB_NO,2024,6,False,False,-24.0,78.0,RECONSTRUCTED_STARTER_IDENTITY_NOT_AS_ISSUED_T60,MARKET_TOTAL_RESIDUAL_SHAPE_AT_PRIOR_256_GAME_LEAGUE_MEAN,00-0039376,00-0034855,-29.89104674948859,0.0,3.463783576436699,19.033485483882345,2.2681417064571554,18.116143596008182,-3.5,13.367602878925517,-3.5,13.789071428571427,42.5,27.385065424615462,43.73046875,26.40633297034069
2024_06_WAS_BAL,2024,6,False,False,7.0,53.0,RECONSTRUCTED_STARTER_IDENTITY_NOT_AS_ISSUED_T60,MARKET_TOTAL_RESIDUAL_SHAPE_AT_PRIOR_256_GAME_LEAGUE_MEAN,00-0034796,00-0039910,-0.039419904977311404,56.59079482608893,9.038045797256627,2.871426785456146,6.772837208013978,2.8936850677223447,6.5,2.854629676033131,8.5,2.880499999999997,51.5,3.238744710025922,43.73046875,5.6947208903747155
2024_06_LAC_DEN,2024,6,False,False,-7.0,39.0,RECONSTRUCTED_STARTER_IDENTITY_NOT_AS_ISSUED_T60,MARKET_TOTAL_RESIDUAL_SHAPE_AT_PRIOR_256_GAME_LEAGUE_MEAN,00-0039732,00-0036355,-25.648353801933645,6.264838313548915,4.675452438967768,6.547309388603742,3.3989247543484655,5.356466862703204,-3.0,3.277428485050568,-1.0,3.9404999999999966,37.0,3.350610915000197,43.73046875,3.67515474830751
2024_06_PIT_LV,2024,6,False,False,-19.0,45.0,RECONSTRUCTED_STARTER_IDENTITY_NOT_AS_ISSUED_T60,MARKET_TOTAL_RESIDUAL_SHAPE_AT_PRIOR_256_GAME_LEAGUE_MEAN,00-0038579,00-0036945,-1.025450317594645,-27.304227304227304,-1.7118000910736828,10.158964003661167,-0.6606490116083765,10.977904548794232,-3.5,9.206394882328325,,,36.5,5.216200026016785,43.73046875,3.2387447100259275
2024_06_ATL_CAR,2024,6,False,False,-18.0,58.0,RECONSTRUCTED_STARTER_IDENTITY_NOT_AS_ISSUED_T60,MARKET_TOTAL_RESIDUAL_SHAPE_AT_PRIOR_256_GAME_LEAGUE_MEAN,00-0027973,00-0029604,48.18766194937214,13.36043360433603,-2.3862410758027273,9.371639460913398,-0.9931519420012828,10.159104038373133,-6.0,7.003502496109693,-4.5,8.031928571428569,45.5,7.385490775529969,43.73046875,8.705780014151834
2024_06_DET_DAL,2024,6,False,False,-38.0,56.0,RECONSTRUCTED_STARTER_IDENTITY_NOT_AS_ISSUED_T60,MARKET_TOTAL_RESIDUAL_SHAPE_AT_PRIOR_256_GAME_LEAGUE_MEAN,00-0033077,00-0033106,0.5141170082801683,-3.7071140067163055,1.5241670274554782,31.72127791263607,1.693016268055337,31.76650514428551,-3.5,26.67428088828324,-1.5,29.106214285714287,52.5,3.5211777172568883,43.73046875,7.385490775529969
2024_06_CIN_NYG,2024,6,False,False,-10.0,24.0,RECONSTRUCTED_STARTER_IDENTITY_NOT_AS_ISSUED_T60,MARKET_TOTAL_RESIDUAL_SHAPE_AT_PRIOR_256_GAME_LEAGUE_MEAN,00-0035710,00-0036442,-22.482612581108906,12.972713510320123,1.345806175067619,5.9437364409219064,-0.07240686858954234,5.3564668627032015,-4.5,3.5466756139318987,-3.0,4.377642857142856,46.0,14.997570741501896,43.73046875,13.183874442054854
2024_06_BUF_NYJ,2024,6,False,False,-3.0,43.0,RECONSTRUCTED_STARTER_IDENTITY_NOT_AS_ISSUED_T60,MARKET_TOTAL_RESIDUAL_SHAPE_AT_PRIOR_256_GAME_LEAGUE_MEAN,00-0023459,00-0034857,15.776353276353273,1.3220605797416018,-3.1903196800212665,2.894395734839387,-2.6121479721567993,2.893685067722344,-1.0,2.9311928406439343,-2.5,2.806214285714283,42.0,3.238744710025925,43.73046875,3.1553759307830527
2024_07_DEN_NO,2024,7,False,False,-23.0,43.0,RECONSTRUCTED_STARTER_IDENTITY_NOT_AS_ISSUED_T60,MARKET_TOTAL_RESIDUAL_SHAPE_AT_PRIOR_256_GAME_LEAGUE_MEAN,00-0039376,00-0039732,-90.55555555555556,-17.849291646311684,2.7594738686336586,18.09218391008396,-0.14877668773609629,15.341579580695544,-2.5,13.367602878925513,-0.0,16.54335714285714,37.0,4.390168550049112,44.0703125,3.1553759307830527
2024_07_NE_JAX,2024,7,False,False,16.0,48.0,RECONSTRUCTED_STARTER_IDENTITY_NOT_AS_ISSUED_T60,MARKET_TOTAL_RESIDUAL_SHAPE_AT_PRIOR_256_GAME_LEAGUE_MEAN,00-0036971,00-0039851,-7.12401055408971,12.910447761194032,2.5372468887623563,8.76636510957354,1.7358685561510065,9.52065231570193,6.5,5.658117553532069,5.0,6.657642857142855,42.0,4.3901696355895155,44.0703125,3.7580981766358805
2024_07_CIN_CLE,2024,7,False,False,-7.0,35.0,RECONSTRUCTED_STARTER_IDENTITY_NOT_AS_ISSUED_T60,MARKET_TOTAL_RESIDUAL_SHAPE_AT_PRIOR_256_GAME_LEAGUE_MEAN,00-0038583,00-0036442,-67.74047985912394,26.347806222458026,-1.3869729698315678,3.6208950968130145,-5.150504413094847,2.8639105037070314,-5.5,2.852502921460607,-5.5,2.791928571428568,42.0,4.306375505432134,44.0703125,5.170688563705213
2024_07_DET_MIN,2024,7,False,False,-2.0,60.0,RECONSTRUCTED_STARTER_IDENTITY_NOT_AS_ISSUED_T60,MARKET_TOTAL_RESIDUAL_SHAPE_AT_PRIOR_256_GAME_LEAGUE_MEAN,00-0034869,00-0033106,15.982777855250308,-2.764950166112956,0.8444349452670212,2.9611758284165894,1.5943440661215516,3.1004056121715164,1.0,3.077088204318965,-2.0,2.806214285714283,50.5,5.694720890374709,44.0703125,10.167285756389177
2024_07_HOU_GB,2024,7,False,False,2.0,46.0,RECONSTRUCTED_STARTER_IDENTITY_NOT_AS_ISSUED_T60,MARKET_TOTAL_RESIDUAL_SHAPE_AT_PRIOR_256_GAME_LEAGUE_MEAN,00-0036264,00-0039163,-7.030791788856305,1.8644314263160044,4.000363127231303,2.871426785456146,3.644554198624411,2.863910503707033,3.0,2.852502921460607,3.0,2.791928571428569,48.0,3.182173038396832,44.0703125,3.350612000540603
2024_07_MIA_IND,2024,7,False,False,6.0,26.0,RECONSTRUCTED_STARTER_IDENTITY_NOT_AS_ISSUED_T60,MARKET_TOTAL_RESIDUAL_SHAPE_AT_PRIOR_256_GAME_LEAGUE_MEAN,00-0039164,00-0034177,-11.20735219071225,-67.36878735773357,3.1895351703211965,3.4341660453455525,5.435992577002049,3.0183128856721515,3.0,3.2429750609757075,2.5,3.2233571428571413,44.0,11.445039903560595,44.0703125,11.445039903560595
2024_07_PHI_NYG,2024,7,False,False,-25.0,31.0,RECONSTRUCTED_STARTER_IDENTITY_NOT_AS_ISSUED_T60,MARKET_TOTAL_RESIDUAL_SHAPE_AT_PRIOR_256_GAME_LEAGUE_MEAN,00-0035710,00-0036389,-25.250072748435915,0.3597383720930214,-1.1033035872977053,16.232549711870437,-2.1276960321188625,15.341579580695544,-3.0,15.17959777471454,-3.0,15.609071428571427,42.0,6.263840413981688,44.0703125,7.544146666640134
2024_07_SEA_ATL,2024,7,False,False,-20.0,48.0,RECONSTRUCTED_STARTER_IDENTITY_NOT_AS_ISSUED_T60,MARKET_TOTAL_RESIDUAL_SHAPE_AT_PRIOR_256_GAME_LEAGUE_MEAN,00-0029604,00-0030565,19.343497632971317,5.757090248218466,2.8273615145133406,15.318470596600337,3.370817809903455,15.341579580695546,3.0,16.106437417419777,3.0,16.54335714285714,51.5,3.4475920090476153,44.0703125,3.7580981766358805
2024_07_TEN_BUF,2024,7,False,False,24.0,44.0,RECONSTRUCTED_STARTER_IDENTITY_NOT_AS_ISSUED_T60,MARKET_TOTAL_RESIDUAL_SHAPE_AT_PRIOR_256_GAME_LEAGUE_MEAN,00-0034857,00-0034771,1.3084480403488419,67.28330492277492,11.127781153640163,8.766365109573542,8.488786878343118,11.066377539011159,9.5,8.924387226011863,9.0,9.409071428571426,41.0,3.5211777172568883,44.0703125,3.1872772493708874
2024_07_CAR_WAS,2024,7,False,False,33.0,47.0,RECONSTRUCTED_STARTER_IDENTITY_NOT_AS_ISSUED_T60,MARKET_TOTAL_RESIDUAL_SHAPE_AT_PRIOR_256_GAME_LEAGUE_MEAN,00-0032268,00-0027973,-2.9683397447640036,33.18733416575619,9.324762502772693,18.021575658276223,7.878535546351884,18.951107441180447,10.0,16.448419552681365,8.0,17.76335714285714,51.0,3.4475920090476144,44.0703125,3.5211777172568928
2024_07_LV_LA,2024,7,False,False,5.0,35.0,RECONSTRUCTED_STARTER_IDENTITY_NOT_AS_ISSUED_T60,MARKET_TOTAL_RESIDUAL_SHAPE_AT_PRIOR_256_GAME_LEAGUE_MEAN,00-0026498,00-0035289,5.890410958904102,-5.141627673796778,4.069452561658327,3.001158814380007,4.510734106966362,2.893685067722344,7.0,2.931192840643936,,,43.0,4.705780014151827,44.0703125,5.170688563705213
2024_07_KC_SF,2024,7,False,False,-10.0,46.0,RECONSTRUCTED_STARTER_IDENTITY_NOT_AS_ISSUED_T60,MARKET_TOTAL_RESIDUAL_SHAPE_AT_PRIOR_256_GAME_LEAGUE_MEAN,00-0037834,00-0033873,4.5058038052016025,11.370056497175153,-0.09743359173296084,5.383549286519522,-0.37200369941190287,5.3564668627032015,2.5,7.70320475046954,1.5,7.309071428571427,47.5,3.182173038396832,44.0703125,3.350612000540603
2024_07_NYJ_PIT,2024,7,False,False,22.0,52.0,RECONSTRUCTED_STARTER_IDENTITY_NOT_AS_ISSUED_T60,MARKET_TOTAL_RESIDUAL_SHAPE_AT_PRIOR_256_GAME_LEAGUE_MEAN,00-0029263,00-0023459,-34.655768352861905,22.300252408492447,7.309086199025524,10.264451030458272,5.03084536857135,11.874969627484145,-3.0,18.285935503340657,2.5,12.534785714285713,40.0,7.385490775529968,44.0703125,5.216201111557191
2024_07_BAL_TB,2024,7,False,False,-10.0,72.0,RECONSTRUCTED_STARTER_IDENTITY_NOT_AS_ISSUED_T60,MARKET_TOTAL_RESIDUAL_SHAPE_AT_PRIOR_256_GAME_LEAGUE_MEAN,00-0034855,00-0034796,0.0,6.298967426016633,-1.2582454552476792,4.859091608935516,-1.5102041522883445,4.361145722762751,-4.5,3.5466756139318987,-3.5,3.9404999999999983,51.0,14.243423570085472,44.0703125,20.61050140930283
2024_07_LAC_ARI,2024,7,False,False,2.0,32.0,RECONSTRUCTED_STARTER_IDENTITY_NOT_AS_ISSUED_T60,MARKET_TOTAL_RESIDUAL_SHAPE_AT_PRIOR_256_GAME_LEAGUE_MEAN,00-0035228,00-0036355,0.0,13.888261187891505,-1.4594973801636024,3.4341660453455534,-2.0150278276792624,3.76310233696947,-1.0,3.2429750609757075,-1.0,3.2233571428571395,44.0,6.883576696414699,44.0703125,6.883576696414699
2024_08_MIN_LA,2024,8,False,False,10.0,50.0,RECONSTRUCTED_STARTER_IDENTITY_NOT_AS_ISSUED_T60,MARKET_TOTAL_RESIDUAL_SHAPE_AT_PRIOR_256_GAME_LEAGUE_MEAN,00-0026498,00-0034869,6.001048628175232,5.8065123282514675,-2.052658214766698,8.055603731436582,-2.044876762769747,8.068504293583679,-3.0,8.200014618610755,,,47.5,3.3506120005406013,44.09375,4.390169635589518
2024_08_ARI_MIA,2024,8,False,False,-1.0,55.0,RECONSTRUCTED_STARTER_IDENTITY_NOT_AS_ISSUED_T60,MARKET_TOTAL_RESIDUAL_SHAPE_AT_PRIOR_256_GAME_LEAGUE_MEAN,00-0036212,00-0035228,31.292726162406083,0.0,4.282011707998727,3.3371860368385367,5.53372075449497,3.951532792094951,4.0,3.546675613931896,4.5,3.9404999999999983,46.5,5.216201111557189,44.09375,6.784469933335157
2024_08_ATL_TB,2024,8,False,False,-5.0,57.0,RECONSTRUCTED_STARTER_IDENTITY_NOT_AS_ISSUED_T60,MARKET_TOTAL_RESIDUAL_SHAPE_AT_PRIOR_256_GAME_LEAGUE_MEAN,00-0034855,00-0029604,0.0,20.575246355751318,6.311239685424089,5.9437364409219064,5.488229831194036,5.356466862703203,-1.5,3.077088204318965,1.0,3.9404999999999983,47.0,6.220029269787729,44.09375,8.023942498201173
2024_08_BAL_CLE,2024,8,False,False,5.0,53.0,RECONSTRUCTED_STARTER_IDENTITY_NOT_AS_ISSUED_T60,MARKET_TOTAL_RESIDUAL_SHAPE_AT_PRIOR_256_GAME_LEAGUE_MEAN,00-0031503,00-0034796,20.70707070707072,30.736401905394928,-8.236867600704453,8.766365109573542,-8.638040848637422,9.520652315701927,-7.5,8.200014618610755,-8.5,8.677642857142857,44.5,5.216201111557189,44.09375,5.6947208903747155
2024_08_GB_JAX,2024,8,False,False,-3.0,57.0,RECONSTRUCTED_STARTER_IDENTITY_NOT_AS_ISSUED_T60,MARKET_TOTAL_RESIDUAL_SHAPE_AT_PRIOR_256_GAME_LEAGUE_MEAN,00-0036971,00-0036264,4.94182486221677,2.255036630036633,-3.3964439904147277,2.894395734839387,-3.2889724611275217,2.893685067722344,-3.5,2.914604154978262,-3.5,2.871928571428569,49.0,5.216201111557191,44.09375,8.023942498201173
2024_08_IND_HOU,2024,8,False,False,3.0,43.0,RECONSTRUCTED_STARTER_IDENTITY_NOT_AS_ISSUED_T60,MARKET_TOTAL_RESIDUAL_SHAPE_AT_PRIOR_256_GAME_LEAGUE_MEAN,00-0039163,00-0039164,1.5338638480893563,-4.922161172161155,4.641456719443431,2.871426785456145,4.899697720253451,2.8639105037070314,5.0,2.9311928406439343,5.0,2.880499999999998,45.0,3.182173038396832,44.09375,3.1553759307830527
2024_08_NYJ_NE,2024,8,False,False,3.0,47.0,RECONSTRUCTED_STARTER_IDENTITY_NOT_AS_ISSUED_T60,MARKET_TOTAL_RESIDUAL_SHAPE_AT_PRIOR_256_GAME_LEAGUE_MEAN,00-0033119,00-0023459,36.29770731540643,8.498419147408764,-1.767333948157966,4.128338737816845,-0.6553624214380595,3.7631023369694736,-7.0,6.225110322566519,-7.0,6.080499999999997,41.0,4.390169635589514,44.09375,3.5211777172568928
2024_08_PHI_CIN,2024,8,False,False,-20.0,54.0,RECONSTRUCTED_STARTER_IDENTITY_NOT_AS_ISSUED_T60,MARKET_TOTAL_RESIDUAL_SHAPE_AT_PRIOR_256_GAME_LEAGUE_MEAN,00-0036442,00-0036389,18.998876297796908,2.557687981140755,1.8393468082553408,14.413749201449342,2.4969943409215873,14.439410291031578,2.5,16.106437417419777,2.5,16.54335714285714,47.5,4.390169635589516,44.09375,6.220029269787731
2024_08_TEN_DET,2024,8,False,False,38.0,66.0,RECONSTRUCTED_STARTER_IDENTITY_NOT_AS_ISSUED_T60,MARKET_TOTAL_RESIDUAL_SHAPE_AT_PRIOR_256_GAME_LEAGUE_MEAN,00-0033106,00-0034771,-0.9740455776562573,69.3007474429583,12.535695631733534,18.9526688101265,9.72470391090895,21.798831813787846,12.5,18.28593550334066,11.5,18.68335714285714,45.0,14.243423570085476,44.09375,15.114967593905128
2024_08_BUF_SEA,2024,8,False,False,-21.0,41.0,RECONSTRUCTED_STARTER_IDENTITY_NOT_AS_ISSUED_T60,MARKET_TOTAL_RESIDUAL_SHAPE_AT_PRIOR_256_GAME_LEAGUE_MEAN,00-0030565,00-0034857,-1.7867830423940134,1.4696485623003186,-2.344285455023828,11.800818533648405,-2.4745427192116014,11.814569797624511,-3.0,11.635573955063329,-3.0,12.054785714285712,45.5,3.67515474830751,44.09375,3.2838319069634005
2024_08_NO_LAC,2024,8,False,False,18.0,34.0,RECONSTRUCTED_STARTER_IDENTITY_NOT_AS_ISSUED_T60,MARKET_TOTAL_RESIDUAL_SHAPE_AT_PRIOR_256_GAME_LEAGUE_MEAN,00-0036355,00-0039376,-3.800140745953562,-78.00473348425602,3.767678215523674,9.502647542580775,6.735861925055773,7.394323094094101,7.0,6.843995903170519,7.0,6.657642857142855,41.5,4.705780014151829,44.09375,5.690892732144175
2024_08_CAR_DEN,2024,8,False,False,14.0,42.0,RECONSTRUCTED_STARTER_IDENTITY_NOT_AS_ISSUED_T60,MARKET_TOTAL_RESIDUAL_SHAPE_AT_PRIOR_256_GAME_LEAGUE_MEAN,00-0039732,00-0039150,-10.980588032164174,-18.12689566064799,12.017574244194757,3.180231549386388,12.303426549334109,3.200788427994569,13.0,2.91460415497826,12.0,2.9976428571428553,40.5,3.238744710025923,44.09375,3.182173038396834
2024_08_CHI_WAS,2024,8,False,False,3.0,33.0,RECONSTRUCTED_STARTER_IDENTITY_NOT_AS_ISSUED_T60,MARKET_TOTAL_RESIDUAL_SHAPE_AT_PRIOR_256_GAME_LEAGUE_MEAN,00-0039910,00-0039918,37.287072141827295,4.204938369361533,1.5592866228734328,3.001158814380007,2.8825719737720634,2.8936850677223447,1.5,2.91460415497826,-0.0,3.2233571428571395,46.5,8.249803833803043,44.09375,6.263840413981691
2024_08_KC_LV,2024,8,False,False,-7.0,47.0,RECONSTRUCTED_STARTER_IDENTITY_NOT_AS_ISSUED_T60,MARKET_TOTAL_RESIDUAL_SHAPE_AT_PRIOR_256_GAME_LEAGUE_MEAN,00-0035289,00-0033873,4.52553591325604,0.0,-9.714354145031239,3.4341660453455525,-9.533332708500996,3.446215905663645,-9.0,3.049440394876176,,,42.0,4.047762149413419,44.09375,3.5211777172568928
2024_08_DAL_SF,2024,8,False,False,6.0,54.0,RECONSTRUCTED_STARTER_IDENTITY_NOT_AS_ISSUED_T60,MARKET_TOTAL_RESIDUAL_SHAPE_AT_PRIOR_256_GAME_LEAGUE_MEAN,00-0037834,00-0033077,-1.6627052999666603,4.484825932357572,5.370030041573982,3.0011588143800063,5.124128792281012,3.0183128856721515,5.5,2.854629676033129,5.0,2.871928571428569,48.0,4.390169635589516,44.09375,6.220029269787731
2024_08_NYG_PIT,2024,8,False,False,8.0,44.0,RECONSTRUCTED_STARTER_IDENTITY_NOT_AS_ISSUED_T60,MARKET_TOTAL_RESIDUAL_SHAPE_AT_PRIOR_256_GAME_LEAGUE_MEAN,00-0029263,00-0035710,-10.540454109369989,-22.69821841425268,10.042371375562544,2.871426785456146,10.52868194775785,2.943451124719366,6.0,3.049440394876175,7.0,2.871928571428569,37.5,4.390169273742713,44.09375,3.1872772493708874
2024_09_HOU_NYJ,2024,9,False,False,8.0,34.0,RECONSTRUCTED_STARTER_IDENTITY_NOT_AS_ISSUED_T60,MARKET_TOTAL_RESIDUAL_SHAPE_AT_PRIOR_256_GAME_LEAGUE_MEAN,00-0023459,00-0039163,3.1996281996282017,1.2377895390244698,-2.3606280275810967,6.732762387327691,-2.2821544811569474,6.755871371422894,2.5,3.8257058138468256,-0.0,5.04335714285714,43.5,5.690892732144175,44.59375,6.263840413981689
2024_09_DAL_ATL,2024,9,False,False,6.0,48.0,RECONSTRUCTED_STARTER_IDENTITY_NOT_AS_ISSUED_T60,MARKET_TOTAL_RESIDUAL_SHAPE_AT_PRIOR_256_GAME_LEAGUE_MEAN,00-0029604,00-0033662,23.92565535023636,-87.15546697038722,0.6394330626227566,4.128338737816845,5.0826779554477,3.0183128856721515,3.0,3.2429750609757075,3.0,3.2233571428571413,52.0,3.4475920090476153,44.59375,3.521177717256891
2024_09_DEN_BAL,2024,9,False,False,31.0,51.0,RECONSTRUCTED_STARTER_IDENTITY_NOT_AS_ISSUED_T60,MARKET_TOTAL_RESIDUAL_SHAPE_AT_PRIOR_256_GAME_LEAGUE_MEAN,00-0034796,00-0039732,0.592710544939834,-6.660821749449042,6.881419906784222,18.021575658276223,7.171561198559777,18.018312885672152,9.0,15.547100964846404,8.5,15.091928571428568,46.5,3.7580981766358788,44.59375,4.390169635589516
2024_09_LAC_CLE,2024,9,False,False,-17.0,37.0,RECONSTRUCTED_STARTER_IDENTITY_NOT_AS_ISSUED_T60,MARKET_TOTAL_RESIDUAL_SHAPE_AT_PRIOR_256_GAME_LEAGUE_MEAN,00-0031503,00-0036355,35.45285195651944,-4.893299996309564,-0.26428882508031165,10.158964003661165,1.3495572530328486,10.977904548794228,-2.0,9.206394882328324,-0.5,10.377642857142853,42.5,3.9614159137690113,44.59375,4.70578001415183
2024_09_LV_CIN,2024,9,False,False,17.0,65.0,RECONSTRUCTED_STARTER_IDENTITY_NOT_AS_ISSUED_T60,MARKET_TOTAL_RESIDUAL_SHAPE_AT_PRIOR_256_GAME_LEAGUE_MEAN,00-0036442,00-0035289,5.7600461133069825,-7.407252607276482,6.8239832208782625,6.73276238732769,7.350675169701601,6.755871371422897,8.0,5.658117553532069,,,45.0,13.386341477358975,44.59375,13.386341477358975
2024_09_MIA_BUF,2024,9,False,False,3.0,57.0,RECONSTRUCTED_STARTER_IDENTITY_NOT_AS_ISSUED_T60,MARKET_TOTAL_RESIDUAL_SHAPE_AT_PRIOR_256_GAME_LEAGUE_MEAN,00-0034857,00-0036212,1.520711897822724,39.079352850539294,11.412114709434654,4.385676041092046,9.909769071325991,3.951532792094951,6.5,3.277428485050571,8.0,3.57192857142857,49.0,5.216201111557191,44.59375,7.385490775529967
2024_09_NE_TEN,2024,9,False,False,3.0,37.0,RECONSTRUCTED_STARTER_IDENTITY_NOT_AS_ISSUED_T60,MARKET_TOTAL_RESIDUAL_SHAPE_AT_PRIOR_256_GAME_LEAGUE_MEAN,00-0034771,00-0039851,54.08391849394736,45.04848310291858,4.274528138363257,2.8480324851584005,4.635945554004408,2.8639105037070314,3.0,2.854629676033129,5.5,3.0376428571428544,38.5,3.1821728574734216,44.59375,4.70578001415183
2024_09_NO_CAR,2024,9,False,False,1.0,45.0,RECONSTRUCTED_STARTER_IDENTITY_NOT_AS_ISSUED_T60,MARKET_TOTAL_RESIDUAL_SHAPE_AT_PRIOR_256_GAME_LEAGUE_MEAN,00-0039150,00-0031280,-0.4389916867792887,32.276835152665704,-3.294526536186877,3.752753880309399,-4.603159609764677,4.568716969040932,-7.0,5.130257068632022,-7.0,5.04335714285714,43.5,3.2387447100259275,44.59375,3.1872772493708856
2024_09_WAS_NYG,2024,9,False,False,-5.0,49.0,RECONSTRUCTED_STARTER_IDENTITY_NOT_AS_ISSUED_T60,MARKET_TOTAL_RESIDUAL_SHAPE_AT_PRIOR_256_GAME_LEAGUE_MEAN,00-0035710,00-0039910,-11.010101010101025,22.257148212766587,-1.4572635714785793,3.1189810176977444,-2.7879535403932834,2.8639105037070314,-4.5,2.854629676033132,-4.0,2.791928571428569,44.5,3.7580981766358788,44.59375,3.7580981766358788
2024_09_CHI_ARI,2024,9,False,False,20.0,38.0,RECONSTRUCTED_STARTER_IDENTITY_NOT_AS_ISSUED_T60,MARKET_TOTAL_RESIDUAL_SHAPE_AT_PRIOR_256_GAME_LEAGUE_MEAN,00-0035228,00-0039918,0.0,-7.468588322246861,-0.8267179066754489,15.298053752704124,-0.5279743737855744,15.304148700219155,1.5,12.081341713464012,1.5,11.714785714285712,44.5,4.306375505432135,44.59375,4.306375505432135
2024_09_JAX_PHI,2024,9,False,False,5.0,51.0,RECONSTRUCTED_STARTER_IDENTITY_NOT_AS_ISSUED_T60,MARKET_TOTAL_RESIDUAL_SHAPE_AT_PRIOR_256_GAME_LEAGUE_MEAN,00-0036389,00-0036971,3.4263313871196077,-0.9131736526946099,8.977648698610583,3.1189810176977453,9.15122890020315,3.1004056121715156,7.5,3.077088204318967,7.5,3.0376428571428544,46.0,4.047762149413422,44.59375,4.390169635589516
2024_09_DET_GB,2024,9,False,False,-10.0,38.0,RECONSTRUCTED_STARTER_IDENTITY_NOT_AS_ISSUED_T60,MARKET_TOTAL_RESIDUAL_SHAPE_AT_PRIOR_256_GAME_LEAGUE_MEAN,00-0036264,00-0033106,5.821609259130933,-1.0010010010010006,0.37192539366541494,5.383549286519522,0.6448298040706923,5.917504718934594,-2.5,4.258713044812372,-3.5,3.9404999999999983,47.5,5.690892732144174,44.59375,4.306375505432135
2024_09_LA_SEA,2024,9,False,False,-6.0,46.0,RECONSTRUCTED_STARTER_IDENTITY_NOT_AS_ISSUED_T60,MARKET_TOTAL_RESIDUAL_SHAPE_AT_PRIOR_256_GAME_LEAGUE_MEAN,00-0030565,00-0026498,-1.8346469022391565,11.830808080808097,2.2352417008458634,4.3856760410920455,1.6886235015239732,4.361145722762754,-1.5,3.277428485050569,,,48.5,3.2838319069634005,44.59375,3.2387447100259257
2024_09_IND_MIN,2024,9,False,False,8.0,34.0,RECONSTRUCTED_STARTER_IDENTITY_NOT_AS_ISSUED_T60,MARKET_TOTAL_RESIDUAL_SHAPE_AT_PRIOR_256_GAME_LEAGUE_MEAN,00-0034869,00-0026158,6.584821428571419,8.92899947264969,5.452547935214134,3.4341660453455534,5.358780813451003,3.446215905663645,6.5,2.914604154978262,5.0,3.2233571428571413,47.0,7.544146666640132,44.59375,6.263840413981689
2024_09_TB_KC,2024,9,False,False,6.0,54.0,RECONSTRUCTED_STARTER_IDENTITY_NOT_AS_ISSUED_T60,MARKET_TOTAL_RESIDUAL_SHAPE_AT_PRIOR_256_GAME_LEAGUE_MEAN,00-0033873,00-0034855,0.0,0.0,11.180694438509745,3.3371860368385375,11.180694438509745,3.317759929483297,9.0,3.077088204318967,8.5,3.0376428571428535,45.5,5.216201111557191,44.59375,5.694720890374714
2024_10_CIN_BAL,2024,10,False,False,1.0,69.0,RECONSTRUCTED_STARTER_IDENTITY_NOT_AS_ISSUED_T60,MARKET_TOTAL_RESIDUAL_SHAPE_AT_PRIOR_256_GAME_LEAGUE_MEAN,00-0034796,00-0036442,0.656644743710233,2.3624483895890336,8.28305980548771,3.974361706766227,8.214827659652558,3.9515327920949517,6.0,3.546675613931896,6.0,3.57192857142857,53.0,10.167285756389171,44.44921875,17.815520550093986
2024_10_NYG_CAR,2024,10,False,False,3.0,37.0,RECONSTRUCTED_STARTER_IDENTITY_NOT_AS_ISSUED_T60,MARKET_TOTAL_RESIDUAL_SHAPE_AT_PRIOR_256_GAME_LEAGUE_MEAN,00-0039150,00-0035710,-4.102471606777147,-6.797276125769769,-3.509213108469203,5.031784080224329,-3.4014209277094976,4.568716969040932,-6.5,6.225110322566519,-6.5,6.080499999999997,40.5,3.447592009047616,44.44921875,4.306375505432137
2024_10_ATL_NO,2024,10,False,False,3.0,37.0,RECONSTRUCTED_STARTER_IDENTITY_NOT_AS_ISSUED_T60,MARKET_TOTAL_RESIDUAL_SHAPE_AT_PRIOR_256_GAME_LEAGUE_MEAN,00-0031280,00-0029604,39.7937080717401,3.9628752958764224,0.10722203261872892,3.4341660453455534,1.540455343653276,3.0183128856721533,-3.5,4.644080973353422,-3.5,4.580499999999999,46.5,5.690892732144174,44.44921875,4.306375505432137
2024_10_BUF_IND,2024,10,False,False,-10.0,50.0,RECONSTRUCTED_STARTER_IDENTITY_NOT_AS_ISSUED_T60,MARKET_TOTAL_RESIDUAL_SHAPE_AT_PRIOR_256_GAME_LEAGUE_MEAN,00-0026158,00-0034857,20.476111532146014,1.4316239316239487,-5.115515248390775,3.337186036838535,-4.353735744369892,3.5955140766547142,-4.5,3.5466756139318987,-4.0,3.9404999999999983,46.5,3.521177717256891,44.44921875,4.390169635589518
2024_10_DEN_KC,2024,10,False,False,2.0,30.0,RECONSTRUCTED_STARTER_IDENTITY_NOT_AS_ISSUED_T60,MARKET_TOTAL_RESIDUAL_SHAPE_AT_PRIOR_256_GAME_LEAGUE_MEAN,00-0033873,00-0039732,0.0,-4.027328299172961,10.920944274858776,4.859091608935517,11.082037406825693,4.82945707963217,7.5,3.872919765356823,8.0,3.9404999999999983,42.5,7.544146666640129,44.44921875,8.249803833803043
2024_10_MIN_JAX,2024,10,False,False,-5.0,19.0,RECONSTRUCTED_STARTER_IDENTITY_NOT_AS_ISSUED_T60,MARKET_TOTAL_RESIDUAL_SHAPE_AT_PRIOR_256_GAME_LEAGUE_MEAN,00-0036972,00-0034869,-52.92205892677448,8.582089552238802,-3.049825643390568,2.871426785456146,-5.509991582551099,3.0183128856721506,-7.0,3.049440394876174,-3.0,2.880499999999998,42.5,16.864010554347487,44.44921875,17.81211774277795
2024_10_NE_CHI,2024,10,False,False,-16.0,22.0,RECONSTRUCTED_STARTER_IDENTITY_NOT_AS_ISSUED_T60,MARKET_TOTAL_RESIDUAL_SHAPE_AT_PRIOR_256_GAME_LEAGUE_MEAN,00-0039918,00-0039851,-7.674046764524678,21.9244071146245,7.693464510608601,16.232549711870437,6.509526355442634,15.341579580695546,6.5,16.106437417419777,6.5,16.54335714285714,37.5,9.781917466001328,44.44921875,14.997570741501896
2024_10_PIT_WAS,2024,10,False,False,-1.0,55.0,RECONSTRUCTED_STARTER_IDENTITY_NOT_AS_ISSUED_T60,MARKET_TOTAL_RESIDUAL_SHAPE_AT_PRIOR_256_GAME_LEAGUE_MEAN,00-0039910,00-0029263,13.910110096670248,-3.61910182119205,-0.7556088149617244,2.894395734839386,-0.05444033824723249,2.8498739235283823,1.5,3.077088204318965,3.0,3.274785714285713,45.0,6.220029269787729,44.44921875,6.784469933335157
2024_10_SF_TB,2024,10,False,False,-3.0,43.0,RECONSTRUCTED_STARTER_IDENTITY_NOT_AS_ISSUED_T60,MARKET_TOTAL_RESIDUAL_SHAPE_AT_PRIOR_256_GAME_LEAGUE_MEAN,00-0034855,00-0037834,0.0,-1.6834406192894225,-1.7773940116261564,2.8480324851584022,-1.7100563868545797,2.8498739235283823,-6.5,3.5003123642509086,-4.0,2.871928571428569,50.5,4.705780014151825,44.44921875,3.1553759307830527
2024_10_TEN_LAC,2024,10,False,False,10.0,44.0,RECONSTRUCTED_STARTER_IDENTITY_NOT_AS_ISSUED_T60,MARKET_TOTAL_RESIDUAL_SHAPE_AT_PRIOR_256_GAME_LEAGUE_MEAN,00-0036355,00-0039152,1.2647439162976726,3.820011441052562,7.807443810724498,3.180231549386389,7.705233109734303,3.200788427994569,8.0,3.049440394876177,7.5,2.9976428571428553,40.0,3.7580981766358796,44.44921875,3.1872772493708874
2024_10_NYJ_ARI,2024,10,False,False,25.0,37.0,RECONSTRUCTED_STARTER_IDENTITY_NOT_AS_ISSUED_T60,MARKET_TOTAL_RESIDUAL_SHAPE_AT_PRIOR_256_GAME_LEAGUE_MEAN,00-0035228,00-0023459,0.0,1.302180432844291,2.3529611688539354,17.100690928374053,2.3008739515401637,17.098278857598995,-2.0,20.169389352766437,0.5,16.86335714285714,45.5,5.170688563705213,44.44921875,4.306375505432137
2024_10_PHI_DAL,2024,10,False,False,-28.0,40.0,RECONSTRUCTED_STARTER_IDENTITY_NOT_AS_ISSUED_T60,MARKET_TOTAL_RESIDUAL_SHAPE_AT_PRIOR_256_GAME_LEAGUE_MEAN,00-0033662,00-0036389,-51.39013996674058,4.525787563199524,-1.4396037797841654,19.033485483882348,-3.6762408809817697,16.25736009962366,-7.5,13.367602878925513,-5.0,16.54335714285714,44.5,3.6751547483075084,44.44921875,3.4475920090476206
2024_10_DET_HOU,2024,10,False,False,-3.0,49.0,RECONSTRUCTED_STARTER_IDENTITY_NOT_AS_ISSUED_T60,MARKET_TOTAL_RESIDUAL_SHAPE_AT_PRIOR_256_GAME_LEAGUE_MEAN,00-0039163,00-0033106,0.6471680594243301,-1.1614348473999003,-3.7265416804739018,3.0011588143800063,-3.654197564200932,3.0183128856721524,-4.5,3.0494403948761777,-3.5,2.871928571428569,49.0,3.1872772493708874,44.44921875,4.047762149413422
2024_10_MIA_LA,2024,10,False,False,-8.0,38.0,RECONSTRUCTED_STARTER_IDENTITY_NOT_AS_ISSUED_T60,MARKET_TOTAL_RESIDUAL_SHAPE_AT_PRIOR_256_GAME_LEAGUE_MEAN,00-0026498,00-0036212,0.079673282766346,21.95010648007303,5.911606581288006,7.88971687477984,5.036789253395739,7.169737811235742,2.5,6.339529718568221,,,49.5,6.883576696414697,44.44921875,3.9614159137690157
2024_11_WAS_PHI,2024,11,False,False,8.0,44.0,RECONSTRUCTED_STARTER_IDENTITY_NOT_AS_ISSUED_T60,MARKET_TOTAL_RESIDUAL_SHAPE_AT_PRIOR_256_GAME_LEAGUE_MEAN,00-0036389,00-0039910,2.5125004139209928,-2.867864766232864,7.4220856002323945,3.001158814380008,7.637300207438549,2.8936850677223447,4.5,3.2429750609757075,4.0,3.477642857142855,49.5,3.961415913769014,44.390625,3.1872772493708874
2024_11_BAL_PIT,2024,11,False,False,2.0,34.0,RECONSTRUCTED_STARTER_IDENTITY_NOT_AS_ISSUED_T60,MARKET_TOTAL_RESIDUAL_SHAPE_AT_PRIOR_256_GAME_LEAGUE_MEAN,00-0029263,00-0034796,-1.391957469473093,0.7326571472574983,0.3120085416608526,3.180231549386387,0.227023956991629,3.200788427994566,-3.0,3.8257058138468247,-3.0,3.789071428571427,48.0,8.249803833803043,44.390625,5.690892732144175
2024_11_CLE_NO,2024,11,False,False,21.0,49.0,RECONSTRUCTED_STARTER_IDENTITY_NOT_AS_ISSUED_T60,MARKET_TOTAL_RESIDUAL_SHAPE_AT_PRIOR_256_GAME_LEAGUE_MEAN,00-0031280,00-0031503,44.31850282485874,14.60388321995465,3.960845118417037,11.85951695985002,5.1494299026132015,11.066377539011157,-1.0,15.547100964846402,1.5,12.534785714285713,44.0,4.047762149413422,44.390625,4.047762149413422
2024_11_GB_CHI,2024,11,False,False,-1.0,39.0,RECONSTRUCTED_STARTER_IDENTITY_NOT_AS_ISSUED_T60,MARKET_TOTAL_RESIDUAL_SHAPE_AT_PRIOR_256_GAME_LEAGUE_MEAN,00-0039918,00-0036264,-1.651720195228501,14.107921928817468,-3.6628603998167817,3.4341660453455534,-4.2932460847786205,3.446215905663646,-6.0,3.8257058138468256,-5.5,3.789071428571426,41.0,3.1821730383968294,44.390625,3.67515474830751
2024_11_IND_NYJ,2024,11,False,False,-1.0,55.0,RECONSTRUCTED_STARTER_IDENTITY_NOT_AS_ISSUED_T60,MARKET_TOTAL_RESIDUAL_SHAPE_AT_PRIOR_256_GAME_LEAGUE_MEAN,00-0023459,00-0039164,-0.7727412716633353,0.4104241817846743,1.4993184488991118,2.8714267854561477,1.4519918307611914,2.8639105037070314,4.0,3.546675613931896,4.0,3.571928571428569,43.0,7.385490775529965,44.390625,6.784469933335157
2024_11_JAX_DET,2024,11,False,False,46.0,58.0,RECONSTRUCTED_STARTER_IDENTITY_NOT_AS_ISSUED_T60,MARKET_TOTAL_RESIDUAL_SHAPE_AT_PRIOR_256_GAME_LEAGUE_MEAN,00-0033106,00-0036972,-1.5741785737101166,-50.70975609756098,13.841510779712143,25.692354050449765,15.806933880666177,23.73587987844119,14.0,24.999248986964645,14.0,24.477642857142854,47.5,6.220029269787729,44.390625,8.705780014151834
2024_11_LA_NE,2024,11,False,False,-6.0,50.0,RECONSTRUCTED_STARTER_IDENTITY_NOT_AS_ISSUED_T60,MARKET_TOTAL_RESIDUAL_SHAPE_AT_PRIOR_256_GAME_LEAGUE_MEAN,00-0039851,00-0026498,9.630033617051726,0.40761429690396866,-1.259399844669215,3.3371860368385358,-0.8905030718633046,3.317759929483299,-4.0,2.931192840643936,,,42.5,4.77851502053209,44.390625,4.390169635589518
2024_11_LV_MIA,2024,11,False,False,15.0,53.0,RECONSTRUCTED_STARTER_IDENTITY_NOT_AS_ISSUED_T60,MARKET_TOTAL_RESIDUAL_SHAPE_AT_PRIOR_256_GAME_LEAGUE_MEAN,00-0036212,00-0035289,17.98704629985892,8.077805034129693,5.991864318784228,6.129189439645854,6.388233969413397,6.149746318254032,8.0,4.644080973353422,,,43.5,5.6947208903747155,44.390625,5.6947208903747155
2024_11_MIN_TEN,2024,11,False,False,-10.0,36.0,RECONSTRUCTED_STARTER_IDENTITY_NOT_AS_ISSUED_T60,MARKET_TOTAL_RESIDUAL_SHAPE_AT_PRIOR_256_GAME_LEAGUE_MEAN,00-0039152,00-0034869,-0.7366741741741789,-1.2040296606995682,-4.998307451248256,3.337186036838535,-4.9796132317872415,3.317759929483297,-6.0,3.277428485050569,-6.0,3.274785714285712,40.0,3.4475920090476198,44.390625,4.705780014151832
2024_11_ATL_DEN,2024,11,False,False,32.0,44.0,RECONSTRUCTED_STARTER_IDENTITY_NOT_AS_ISSUED_T60,MARKET_TOTAL_RESIDUAL_SHAPE_AT_PRIOR_256_GAME_LEAGUE_MEAN,00-0039732,00-0029604,-2.7245447725567695,-0.0003989945337679046,4.278298044212115,21.8003931827339,4.169332213091195,21.79883181378785,2.0,23.04944039487618,2.5,21.54335714285714,44.5,3.155375930783051,44.390625,3.1872772493708874
2024_11_SEA_SF,2024,11,False,False,-3.0,37.0,RECONSTRUCTED_STARTER_IDENTITY_NOT_AS_ISSUED_T60,MARKET_TOTAL_RESIDUAL_SHAPE_AT_PRIOR_256_GAME_LEAGUE_MEAN,00-0037834,00-0030565,-1.608795783692818,-1.8186168939937852,8.967289979571643,6.547309388603743,8.97568282398368,6.5193762629584135,6.0,5.200439969525261,6.5,5.994785714285712,49.0,6.883576696414699,44.390625,4.306375505432137
2024_11_KC_BUF,2024,11,False,False,9.0,51.0,RECONSTRUCTED_STARTER_IDENTITY_NOT_AS_ISSUED_T60,MARKET_TOTAL_RESIDUAL_SHAPE_AT_PRIOR_256_GAME_LEAGUE_MEAN,00-0034857,00-0033873,1.4194139194139366,0.0,0.53152436494629,5.559644565124374,0.5883009217228475,5.575097232758499,2.5,4.211499093302377,2.0,4.580499999999999,46.5,3.7580981766358788,44.390625,4.778515020532095
2024_11_CIN_LAC,2024,11,False,False,7.0,61.0,RECONSTRUCTED_STARTER_IDENTITY_NOT_AS_ISSUED_T60,MARKET_TOTAL_RESIDUAL_SHAPE_AT_PRIOR_256_GAME_LEAGUE_MEAN,00-0036355,00-0036442,1.4666540335076084,0.0,3.7175737004698113,3.4341660453455543,3.7762398618101156,3.4462159056636468,1.0,4.211499093302377,1.5,3.789071428571427,48.0,8.02394249820117,44.390625,10.940148368043793
2024_11_HOU_DAL,2024,11,False,False,-24.0,44.0,RECONSTRUCTED_STARTER_IDENTITY_NOT_AS_ISSUED_T60,MARKET_TOTAL_RESIDUAL_SHAPE_AT_PRIOR_256_GAME_LEAGUE_MEAN,00-0033662,00-0039163,-48.77857346721674,0.41740261817018176,0.7236773329685456,17.157687950917655,-1.2441617104469311,15.341579580695548,-7.5,9.994570126905096,-4.0,13.789071428571427,41.5,3.3506120005406004,44.390625,3.1872772493708874
2024_12_PIT_CLE,2024,12,False,False,5.0,43.0,RECONSTRUCTED_STARTER_IDENTITY_NOT_AS_ISSUED_T60,MARKET_TOTAL_RESIDUAL_SHAPE_AT_PRIOR_256_GAME_LEAGUE_MEAN,00-0031503,00-0029263,33.232526881720425,-4.767870764655324,-6.754552169675162,8.055603731436578,-5.234536263820132,6.755871371422896,-3.5,5.658117553532069,-4.0,5.5433571428571415,36.5,4.390168550049112,44.70703125,3.182173038396832
2024_12_DAL_WAS,2024,12,False,False,-8.0,60.0,RECONSTRUCTED_STARTER_IDENTITY_NOT_AS_ISSUED_T60,MARKET_TOTAL_RESIDUAL_SHAPE_AT_PRIOR_256_GAME_LEAGUE_MEAN,00-0039910,00-0033662,-3.3910393568047814,-29.73158307210032,5.145582187016171,7.201073744197106,6.199203935627993,7.863485152792527,10.5,12.493506749618836,10.5,12.9205,45.0,9.421645603262846,44.70703125,9.421645603262846
2024_12_DET_IND,2024,12,False,False,-18.0,30.0,RECONSTRUCTED_STARTER_IDENTITY_NOT_AS_ISSUED_T60,MARKET_TOTAL_RESIDUAL_SHAPE_AT_PRIOR_256_GAME_LEAGUE_MEAN,00-0039164,00-0033106,12.890790589232726,-1.193936877076407,-6.932588085862689,5.943736440921903,-6.369198987210325,6.519376262958412,-7.0,6.33952971856822,-7.5,5.99478571428571,50.5,14.0843423280608,44.70703125,8.999697496074415
2024_12_KC_CAR,2024,12,False,False,-3.0,57.0,RECONSTRUCTED_STARTER_IDENTITY_NOT_AS_ISSUED_T60,MARKET_TOTAL_RESIDUAL_SHAPE_AT_PRIOR_256_GAME_LEAGUE_MEAN,00-0039150,00-0033873,-9.014186600393492,0.0,-13.1948882731707,6.732762387327689,-13.55545573718644,7.394323094094099,-11.0,5.130257068632022,-12.0,5.543357142857143,43.0,8.705780014151829,44.70703125,7.385490775529967
2024_12_MIN_CHI,2024,12,False,False,-3.0,57.0,RECONSTRUCTED_STARTER_IDENTITY_NOT_AS_ISSUED_T60,MARKET_TOTAL_RESIDUAL_SHAPE_AT_PRIOR_256_GAME_LEAGUE_MEAN,00-0039918,00-0034869,0.0,-1.9355024806738008,-4.548235217944329,3.180231549386386,-4.470815118717377,3.0183128856721524,-3.0,2.8546296760331282,-3.5,2.871928571428569,39.5,10.940148368043792,44.70703125,7.385490775529967
2024_12_NE_MIA,2024,12,False,False,19.0,49.0,RECONSTRUCTED_STARTER_IDENTITY_NOT_AS_ISSUED_T60,MARKET_TOTAL_RESIDUAL_SHAPE_AT_PRIOR_256_GAME_LEAGUE_MEAN,00-0036212,00-0039851,7.250208855472007,12.084395509030754,7.103145251598253,8.05560373143658,6.909777785455904,8.06850429358368,7.5,6.843995903170519,8.0,6.657642857142855,46.0,3.5211777172568928,44.70703125,3.7580981766358788
2024_12_TB_NYG,2024,12,False,False,-23.0,37.0,RECONSTRUCTED_STARTER_IDENTITY_NOT_AS_ISSUED_T60,MARKET_TOTAL_RESIDUAL_SHAPE_AT_PRIOR_256_GAME_LEAGUE_MEAN,00-0038476,00-0034855,-6.531517747858029,0.0,-2.3567776224091723,13.524340439220504,-2.6180383323234935,12.67250259218002,-6.5,9.994570126905096,-4.0,12.920499999999999,40.5,3.447592009047616,44.70703125,4.70578001415183
2024_12_TEN_HOU,2024,12,False,False,-5.0,59.0,RECONSTRUCTED_STARTER_IDENTITY_NOT_AS_ISSUED_T60,MARKET_TOTAL_RESIDUAL_SHAPE_AT_PRIOR_256_GAME_LEAGUE_MEAN,00-0039163,00-0039152,0.3211874068227649,-2.97729618163054,9.552303080825823,8.613238780351935,9.684242424363955,8.59806618214174,8.0,7.703204750469542,8.5,8.783357142857138,40.5,11.735129227252637,44.70703125,8.70578001415183
2024_12_DEN_LV,2024,12,False,False,-10.0,48.0,RECONSTRUCTED_STARTER_IDENTITY_NOT_AS_ISSUED_T60,MARKET_TOTAL_RESIDUAL_SHAPE_AT_PRIOR_256_GAME_LEAGUE_MEAN,00-0035289,00-0039732,5.175808720112518,-2.545136313475771,-4.219765632445014,3.6208950968130145,-3.9109278311014832,3.5955140766547142,-6.5,3.0770882043189642,,,41.5,4.3901696355895155,44.70703125,3.521177717256891
2024_12_ARI_SEA,2024,12,False,False,10.0,22.0,RECONSTRUCTED_STARTER_IDENTITY_NOT_AS_ISSUED_T60,MARKET_TOTAL_RESIDUAL_SHAPE_AT_PRIOR_256_GAME_LEAGUE_MEAN,00-0030565,00-0035228,-1.8020539572263683,0.0,3.070256350066802,5.0317840802243285,2.9981741917777476,5.044684642371429,-1.0,6.8439959031705175,-1.0,6.657642857142854,46.5,17.812117742777946,44.70703125,15.926111787865143
2024_12_SF_GB,2024,12,False,False,28.0,48.0,RECONSTRUCTED_STARTER_IDENTITY_NOT_AS_ISSUED_T60,MARKET_TOTAL_RESIDUAL_SHAPE_AT_PRIOR_256_GAME_LEAGUE_MEAN,00-0036264,00-0032434,-2.242364482200654,-46.51471712538226,2.0584881332783063,19.893970383924884,3.8293822390055703,18.018312885672156,6.5,14.655990798959547,0.5,19.6205,44.5,3.521177717256891,44.70703125,3.521177717256891
2024_12_PHI_LA,2024,12,False,False,-17.0,57.0,RECONSTRUCTED_STARTER_IDENTITY_NOT_AS_ISSUED_T60,MARKET_TOTAL_RESIDUAL_SHAPE_AT_PRIOR_256_GAME_LEAGUE_MEAN,00-0026498,00-0036389,0.4281707583594363,2.588677267167583,-2.9070202624675585,7.889716874779838,-2.993440522819884,7.863485152792527,-3.0,8.439487183476771,,,49.0,5.216201111557191,44.70703125,7.385490775529967
2024_12_BAL_LAC,2024,12,False,False,-7.0,53.0,RECONSTRUCTED_STARTER_IDENTITY_NOT_AS_ISSUED_T60,MARKET_TOTAL_RESIDUAL_SHAPE_AT_PRIOR_256_GAME_LEAGUE_MEAN,00-0036355,00-0034796,3.4248633879781387,0.7390752911333731,-1.183962948144117,3.6208950968130145,-1.0765314242703263,3.595514076654715,-3.0,3.277428485050568,-2.0,3.57192857142857,51.0,3.350612000540597,44.70703125,5.216201111557189
2024_13_CHI_DET,2024,13,False,False,3.0,43.0,RECONSTRUCTED_STARTER_IDENTITY_NOT_AS_ISSUED_T60,MARKET_TOTAL_RESIDUAL_SHAPE_AT_PRIOR_256_GAME_LEAGUE_MEAN,00-0033106,00-0039918,-1.1420658194851718,0.3346006325281037,14.92757100394966,6.547309388603743,14.868504345869129,6.5193762629584135,9.5,4.2587130448123744,10.5,4.866214285714286,47.5,3.6751547483075084,44.84375,3.182173038396832
2024_13_NYG_DAL,2024,13,False,False,7.0,47.0,RECONSTRUCTED_STARTER_IDENTITY_NOT_AS_ISSUED_T60,MARKET_TOTAL_RESIDUAL_SHAPE_AT_PRIOR_256_GAME_LEAGUE_MEAN,00-0033662,00-0035704,-11.794846705805618,27.83197831978319,7.714435510473404,2.8480324851584014,6.129362509449852,3.0183128856721515,4.5,3.049440394876175,3.5,3.2233571428571404,39.0,5.216200930633779,44.84375,3.3506120005406013
2024_13_MIA_GB,2024,13,False,False,13.0,47.0,RECONSTRUCTED_STARTER_IDENTITY_NOT_AS_ISSUED_T60,MARKET_TOTAL_RESIDUAL_SHAPE_AT_PRIOR_256_GAME_LEAGUE_MEAN,00-0036264,00-0036212,-18.17480359147026,8.759525686506375,7.151125405543462,4.552413599577798,6.073752234424396,5.044684642371428,3.5,5.658117553532067,3.5,5.543357142857141,47.5,3.155375930783051,44.84375,3.3506120005406013
2024_13_LV_KC,2024,13,False,False,2.0,36.0,RECONSTRUCTED_STARTER_IDENTITY_NOT_AS_ISSUED_T60,MARKET_TOTAL_RESIDUAL_SHAPE_AT_PRIOR_256_GAME_LEAGUE_MEAN,00-0033873,00-0038579,0.0,29.920550847457616,16.96466997806434,8.613238780351935,15.767847944166036,7.863485152792528,13.5,7.003502496109693,,,42.0,3.961415913769013,44.84375,5.170688563705212
2024_13_ARI_MIN,2024,13,False,False,1.0,45.0,RECONSTRUCTED_STARTER_IDENTITY_NOT_AS_ISSUED_T60,MARKET_TOTAL_RESIDUAL_SHAPE_AT_PRIOR_256_GAME_LEAGUE_MEAN,00-0034869,00-0035228,-2.3371294142807475,0.0,8.53530037860498,4.3856760410920455,8.44181520203375,3.9515327920949517,3.5,3.077088204318965,6.5,3.9404999999999983,45.5,3.1553759307830527,44.84375,3.1872772493708856
2024_13_HOU_JAX,2024,13,False,False,-3.0,43.0,RECONSTRUCTED_STARTER_IDENTITY_NOT_AS_ISSUED_T60,MARKET_TOTAL_RESIDUAL_SHAPE_AT_PRIOR_256_GAME_LEAGUE_MEAN,00-0036972,00-0039163,-36.36262630988023,0.10490543735224289,-1.9315635878924877,2.8480324851584022,-3.3902648577817867,2.893685067722344,-3.5,2.914604154978262,-2.5,2.806214285714283,44.5,3.182173038396832,44.84375,3.182173038396832
2024_13_IND_NE,2024,13,False,False,-1.0,49.0,RECONSTRUCTED_STARTER_IDENTITY_NOT_AS_ISSUED_T60,MARKET_TOTAL_RESIDUAL_SHAPE_AT_PRIOR_256_GAME_LEAGUE_MEAN,00-0039851,00-0039164,10.175894517999783,4.621212121212115,-1.105012971627666,2.894395734839386,-0.8828256757561593,2.8936850677223456,-2.5,3.049440394876174,-2.5,2.9976428571428553,41.5,4.778515020532092,44.84375,3.7580981766358788
2024_13_LAC_ATL,2024,13,False,False,-4.0,30.0,RECONSTRUCTED_STARTER_IDENTITY_NOT_AS_ISSUED_T60,MARKET_TOTAL_RESIDUAL_SHAPE_AT_PRIOR_256_GAME_LEAGUE_MEAN,00-0029604,00-0036355,0.7937125515524279,3.2142283038961494,-0.9778526206601055,2.9611758284165868,-1.0746732507538543,2.9434511247193678,-1.0,3.077088204318965,1.5,3.9404999999999983,47.0,10.598166232782198,44.84375,8.999697496074415
2024_13_PIT_CIN,2024,13,False,False,-6.0,82.0,RECONSTRUCTED_STARTER_IDENTITY_NOT_AS_ISSUED_T60,MARKET_TOTAL_RESIDUAL_SHAPE_AT_PRIOR_256_GAME_LEAGUE_MEAN,00-0036442,00-0029263,0.0,-9.150164385656389,-0.9222907714756274,3.3371860368385358,-0.556284196049372,3.317759929483299,3.0,5.200439969525261,3.0,5.417642857142855,46.0,28.36549928254826,44.84375,29.348485245968078
2024_13_SEA_NYJ,2024,13,False,False,-5.0,47.0,RECONSTRUCTED_STARTER_IDENTITY_NOT_AS_ISSUED_T60,MARKET_TOTAL_RESIDUAL_SHAPE_AT_PRIOR_256_GAME_LEAGUE_MEAN,00-0023459,00-0030565,0.0,-1.7614689527340133,-0.7737802069349528,3.1189810176977444,-0.7033214488255922,3.1004056121715164,1.0,3.872919765356821,1.5,4.377642857142856,41.5,4.047762149413419,44.84375,3.3506120005406013
2024_13_TEN_WAS,2024,13,False,False,23.0,61.0,RECONSTRUCTED_STARTER_IDENTITY_NOT_AS_ISSUED_T60,MARKET_TOTAL_RESIDUAL_SHAPE_AT_PRIOR_256_GAME_LEAGUE_MEAN,00-0039910,00-0039152,-3.661232738986797,-21.260802009280155,4.9425436060258745,12.693630103193279,5.646526376837609,11.874969627484145,6.0,11.25658629023985,7.5,9.409071428571428,45.0,10.167285756389173,44.84375,10.167285756389173
2024_13_LA_NO,2024,13,False,False,-7.0,35.0,RECONSTRUCTED_STARTER_IDENTITY_NOT_AS_ISSUED_T60,MARKET_TOTAL_RESIDUAL_SHAPE_AT_PRIOR_256_GAME_LEAGUE_MEAN,00-0031280,00-0026498,53.655253023867445,0.4443674976916112,1.7782547082741167,4.8590916089355165,3.90669012932115,5.9175047189345955,-2.5,3.277428485050568,,,48.5,8.249803833803043,44.84375,5.690892732144174
2024_13_TB_CAR,2024,13,False,False,-3.0,49.0,RECONSTRUCTED_STARTER_IDENTITY_NOT_AS_ISSUED_T60,MARKET_TOTAL_RESIDUAL_SHAPE_AT_PRIOR_256_GAME_LEAGUE_MEAN,00-0039150,00-0034855,-31.37772675086108,0.0,-5.580965211852417,3.4341660453455525,-6.8360742818868605,3.763102336969472,-6.5,3.5003123642509086,-8.0,3.7890714285714253,46.0,3.5211777172568928,44.84375,3.7580981766358788
2024_13_PHI_BAL,2024,13,False,False,-5.0,43.0,RECONSTRUCTED_STARTER_IDENTITY_NOT_AS_ISSUED_T60,MARKET_TOTAL_RESIDUAL_SHAPE_AT_PRIOR_256_GAME_LEAGUE_MEAN,00-0034796,00-0036389,0.8161707175487809,2.7852186336037477,2.9613390500107837,4.385676041092044,2.882577133368585,4.361145722762753,3.0,4.706607557785576,3.0,4.866214285714284,50.0,4.306375505432135,44.84375,3.182173038396832
2024_13_SF_BUF,2024,13,False,False,25.0,45.0,RECONSTRUCTED_STARTER_IDENTITY_NOT_AS_ISSUED_T60,MARKET_TOTAL_RESIDUAL_SHAPE_AT_PRIOR_256_GAME_LEAGUE_MEAN,00-0034857,00-0037834,1.257992771754246,4.064417177914104,7.826987414072082,11.85951695985002,7.714730437825688,11.874969627484147,6.5,12.081341713464013,7.0,11.714785714285712,45.0,3.1872772493708856,44.84375,3.1872772493708856
2024_13_CLE_DEN,2024,13,False,False,9.0,73.0,RECONSTRUCTED_STARTER_IDENTITY_NOT_AS_ISSUED_T60,MARKET_TOTAL_RESIDUAL_SHAPE_AT_PRIOR_256_GAME_LEAGUE_MEAN,00-0039732,00-0031503,-2.4197067551055884,18.607245104800118,8.34239654198038,3.001158814380008,7.501318467584151,3.0183128856721524,6.5,3.049440394876177,6.0,3.2233571428571413,41.5,23.488000345925542,44.84375,20.610501409302827
2024_14_GB_DET,2024,14,False,False,3.0,65.0,RECONSTRUCTED_STARTER_IDENTITY_NOT_AS_ISSUED_T60,MARKET_TOTAL_RESIDUAL_SHAPE_AT_PRIOR_256_GAME_LEAGUE_MEAN,00-0033106,00-0036264,1.1312710070957355,-7.057523913527075,6.371347609647219,2.9611758284165894,6.698899406472131,3.1004056121715156,3.0,2.854629676033129,3.5,2.791928571428568,53.0,7.385490775529965,44.9609375,13.386341477358975
2024_14_ATL_MIN,2024,14,False,False,21.0,63.0,RECONSTRUCTED_STARTER_IDENTITY_NOT_AS_ISSUED_T60,MARKET_TOTAL_RESIDUAL_SHAPE_AT_PRIOR_256_GAME_LEAGUE_MEAN,00-0034869,00-0029604,-2.906233922140289,0.3989910148770148,9.527199626074616,7.375467619143938,9.394990628593924,8.06850429358368,6.0,9.6802358010863,5.5,9.409071428571428,46.5,10.167285756389173,44.9609375,11.735129227252639
2024_14_CAR_PHI,2024,14,False,False,6.0,38.0,RECONSTRUCTED_STARTER_IDENTITY_NOT_AS_ISSUED_T60,MARKET_TOTAL_RESIDUAL_SHAPE_AT_PRIOR_256_GAME_LEAGUE_MEAN,00-0036389,00-0039150,2.9548946444249324,-21.351836683258774,17.91957093485119,6.547309388603743,18.89184018795854,7.169737811235742,14.0,4.706607557785576,15.0,5.417642857142855,44.5,4.306375505432135,44.9609375,4.306375505432135
2024_14_CLE_PIT,2024,14,False,False,13.0,41.0,RECONSTRUCTED_STARTER_IDENTITY_NOT_AS_ISSUED_T60,MARKET_TOTAL_RESIDUAL_SHAPE_AT_PRIOR_256_GAME_LEAGUE_MEAN,00-0029263,00-0031503,-9.615103427514725,18.383864337101752,10.810217860468738,3.180231549386389,9.690259149884078,3.446215905663645,6.0,4.64408097335342,7.5,3.789071428571427,43.0,3.1821730383968294,44.9609375,3.447592009047619
2024_14_JAX_TEN,2024,14,False,False,-4.0,16.0,RECONSTRUCTED_STARTER_IDENTITY_NOT_AS_ISSUED_T60,MARKET_TOTAL_RESIDUAL_SHAPE_AT_PRIOR_256_GAME_LEAGUE_MEAN,00-0039152,00-0036972,-14.704021228822217,-23.527568922305765,2.4209212235096946,3.6208950968130154,2.7738631312490365,3.9515327920949517,3.0,4.258713044812373,2.5,4.377642857142856,40.0,16.864010554347495,44.9609375,21.69727299586174
2024_14_LV_TB,2024,14,False,False,15.0,41.0,RECONSTRUCTED_STARTER_IDENTITY_NOT_AS_ISSUED_T60,MARKET_TOTAL_RESIDUAL_SHAPE_AT_PRIOR_256_GAME_LEAGUE_MEAN,00-0034855,00-0038579,0.08357507943086429,26.09468707532814,9.481162031485738,4.552413599577797,8.440717551649845,5.044684642371429,7.0,5.130257068632025,,,47.0,3.961415913769014,44.9609375,3.447592009047619
2024_14_NO_NYG,2024,14,False,False,-3.0,25.0,RECONSTRUCTED_STARTER_IDENTITY_NOT_AS_ISSUED_T60,MARKET_TOTAL_RESIDUAL_SHAPE_AT_PRIOR_256_GAME_LEAGUE_MEAN,00-0035704,00-0031280,19.17634533488193,59.21514312096028,-1.6520800892945409,2.8480324851584022,-3.253632000737675,2.893685067722344,-5.5,3.2429750609757075,-2.5,2.806214285714283,41.0,9.781917827848128,44.9609375,13.18387444205485
2024_14_NYJ_MIA,2024,14,False,False,6.0,58.0,RECONSTRUCTED_STARTER_IDENTITY_NOT_AS_ISSUED_T60,MARKET_TOTAL_RESIDUAL_SHAPE_AT_PRIOR_256_GAME_LEAGUE_MEAN,00-0036212,00-0023459,3.007620910163289,0.0,5.865771503932347,2.8943957348393887,5.986076340338879,2.893685067722344,6.5,2.8525029214606086,5.5,2.806214285714283,45.0,8.02394249820117,44.9609375,8.02394249820117
2024_14_SEA_ARI,2024,14,False,False,-12.0,48.0,RECONSTRUCTED_STARTER_IDENTITY_NOT_AS_ISSUED_T60,MARKET_TOTAL_RESIDUAL_SHAPE_AT_PRIOR_256_GAME_LEAGUE_MEAN,00-0035228,00-0030565,0.0,-1.8280187153562277,-0.10634408425496077,6.547309388603742,-0.03322333564071165,6.519376262958411,3.0,9.206394882328324,2.5,9.574785714285712,45.5,3.350612000540603,44.9609375,3.521177717256891
2024_14_BUF_LA,2024,14,False,False,2.0,86.0,RECONSTRUCTED_STARTER_IDENTITY_NOT_AS_ISSUED_T60,MARKET_TOTAL_RESIDUAL_SHAPE_AT_PRIOR_256_GAME_LEAGUE_MEAN,00-0026498,00-0034857,0.46232195432480694,1.5457096095393918,-5.8263452003414296,5.559644565124371,-5.869680706550013,5.575097232758498,-3.5,4.211499093302379,,,49.5,28.365499282548257,44.9609375,33.29999524171457
2024_14_CHI_SF,2024,14,False,False,25.0,51.0,RECONSTRUCTED_STARTER_IDENTITY_NOT_AS_ISSUED_T60,MARKET_TOTAL_RESIDUAL_SHAPE_AT_PRIOR_256_GAME_LEAGUE_MEAN,00-0037834,00-0039918,1.4408416875522079,0.37480654060964014,8.550663926134439,11.046671362231987,8.593305332012141,11.066377539011159,3.0,15.547100964846402,3.5,14.226214285714281,43.5,4.778515020532095,44.9609375,4.390169635589516
2024_14_LAC_KC,2024,14,False,False,2.0,36.0,RECONSTRUCTED_STARTER_IDENTITY_NOT_AS_ISSUED_T60,MARKET_TOTAL_RESIDUAL_SHAPE_AT_PRIOR_256_GAME_LEAGUE_MEAN,00-0033873,00-0036355,0.0,3.401073619631889,8.938098877308075,3.974361706766226,8.8020559325228,3.9515327920949517,5.0,3.077088204318965,4.0,2.880499999999997,43.5,4.705780014151832,44.9609375,5.170688563705212
2024_14_CIN_DAL,2024,14,False,False,-7.0,47.0,RECONSTRUCTED_STARTER_IDENTITY_NOT_AS_ISSUED_T60,MARKET_TOTAL_RESIDUAL_SHAPE_AT_PRIOR_256_GAME_LEAGUE_MEAN,00-0033662,00-0036442,-7.706876456876466,0.0,2.3473661858375636,4.8590916089355165,2.039091127562505,4.829457079632172,-5.0,2.931192840643937,-4.0,3.0376428571428544,51.0,3.4475920090476144,44.9609375,3.3506120005406013
2024_15_LA_SF,2024,15,False,False,-6.0,18.0,RECONSTRUCTED_STARTER_IDENTITY_NOT_AS_ISSUED_T60,MARKET_TOTAL_RESIDUAL_SHAPE_AT_PRIOR_256_GAME_LEAGUE_MEAN,00-0037834,00-0026498,19.076644370122644,0.0,4.507333238553056,5.943736440921904,5.270399013357961,5.917504718934594,3.0,5.200439969525261,,,48.5,23.66664773001742,45.2734375,19.74491229828624
2024_15_BAL_NYG,2024,15,False,False,-21.0,49.0,RECONSTRUCTED_STARTER_IDENTITY_NOT_AS_ISSUED_T60,MARKET_TOTAL_RESIDUAL_SHAPE_AT_PRIOR_256_GAME_LEAGUE_MEAN,00-0034177,00-0034796,-41.37613378684806,0.698328511732571,-10.658554644829273,5.383549286519522,-12.341533136772501,4.82945707963217,-16.5,3.27742848505057,-14.0,4.377642857142856,43.5,4.047762149413422,45.2734375,3.7580981766358788
2024_15_CIN_TEN,2024,15,False,False,-10.0,64.0,RECONSTRUCTED_STARTER_IDENTITY_NOT_AS_ISSUED_T60,MARKET_TOTAL_RESIDUAL_SHAPE_AT_PRIOR_256_GAME_LEAGUE_MEAN,00-0034771,00-0036442,25.660294017713547,0.0,-2.923341459988242,3.974361706766226,-1.8969296992796998,4.361145722762751,-6.0,3.277428485050569,-5.0,3.57192857142857,46.5,10.94014836804379,45.2734375,12.550526930357698
2024_15_DAL_CAR,2024,15,False,False,-16.0,44.0,RECONSTRUCTED_STARTER_IDENTITY_NOT_AS_ISSUED_T60,MARKET_TOTAL_RESIDUAL_SHAPE_AT_PRIOR_256_GAME_LEAGUE_MEAN,00-0039150,00-0033662,-5.625189298334177,1.9436603460759594,-3.473741702085008,7.201073744197107,-3.7764956878614133,6.5193762629584135,2.5,12.493506749618836,3.0,12.920499999999999,42.0,3.3506120005406004,45.2734375,3.155375930783051
2024_15_KC_CLE,2024,15,False,False,-14.0,28.0,RECONSTRUCTED_STARTER_IDENTITY_NOT_AS_ISSUED_T60,MARKET_TOTAL_RESIDUAL_SHAPE_AT_PRIOR_256_GAME_LEAGUE_MEAN,00-0031503,00-0033873,15.45833243400747,0.0,-10.344785509700314,3.1189810176977435,-9.726452212340014,3.1004056121715147,-4.5,5.200439969525264,-4.0,5.994785714285712,41.5,8.24980383380304,45.2734375,10.598166232782198
2024_15_MIA_HOU,2024,15,False,False,8.0,32.0,RECONSTRUCTED_STARTER_IDENTITY_NOT_AS_ISSUED_T60,MARKET_TOTAL_RESIDUAL_SHAPE_AT_PRIOR_256_GAME_LEAGUE_MEAN,00-0039163,00-0036212,0.7947772868447833,0.009146866391174235,3.9430962023928076,3.752753880309399,3.974521419210952,3.7631023369694736,2.5,3.8257058138468256,3.0,3.789071428571427,46.5,8.999697496074415,45.2734375,7.544146666640132
2024_15_NYJ_JAX,2024,15,False,False,-7.0,57.0,RECONSTRUCTED_STARTER_IDENTITY_NOT_AS_ISSUED_T60,MARKET_TOTAL_RESIDUAL_SHAPE_AT_PRIOR_256_GAME_LEAGUE_MEAN,00-0036972,00-0023459,-49.957782155924576,0.0,3.3957050004029132,5.383549286519521,1.3973937141659303,4.361145722762752,-3.5,3.077088204318967,-3.0,3.274785714285713,41.5,9.421645603262846,45.2734375,7.385490775529967
2024_15_WAS_NO,2024,15,False,False,-1.0,39.0,RECONSTRUCTED_STARTER_IDENTITY_NOT_AS_ISSUED_T60,MARKET_TOTAL_RESIDUAL_SHAPE_AT_PRIOR_256_GAME_LEAGUE_MEAN,00-0039376,00-0039910,-51.097777991535196,-4.422805158099274,1.0284094262113468,2.8714267854561477,-0.8385894871260902,2.8936850677223456,-7.5,4.644080973353419,-7.5,4.580499999999997,44.5,3.961415913769014,45.2734375,3.961415913769014
2024_15_BUF_DET,2024,15,False,False,-6.0,90.0,RECONSTRUCTED_STARTER_IDENTITY_NOT_AS_ISSUED_T60,MARKET_TOTAL_RESIDUAL_SHAPE_AT_PRIOR_256_GAME_LEAGUE_MEAN,00-0033106,00-0034857,0.9370360522058974,1.1996493436432276,3.7284942599126136,5.383549286519523,3.71798972825512,5.356466862703205,2.5,5.200439969525261,2.5,5.417642857142855,55.5,26.406332970340678,45.2734375,37.2744741868443
2024_15_IND_DEN,2024,15,False,False,18.0,44.0,RECONSTRUCTED_STARTER_IDENTITY_NOT_AS_ISSUED_T60,MARKET_TOTAL_RESIDUAL_SHAPE_AT_PRIOR_256_GAME_LEAGUE_MEAN,00-0039732,00-0039164,-2.417167088074157,-10.273348662470006,6.962640051887274,7.375467619143939,7.2768873148631075,7.394323094094101,4.5,8.200014618610757,5.0,7.97192857142857,43.5,3.1872772493708874,45.2734375,3.155375930783051
2024_15_NE_ARI,2024,15,False,False,13.0,47.0,RECONSTRUCTED_STARTER_IDENTITY_NOT_AS_ISSUED_T60,MARKET_TOTAL_RESIDUAL_SHAPE_AT_PRIOR_256_GAME_LEAGUE_MEAN,00-0035228,00-0039851,0.0,4.33377137869182,5.741386739627123,5.031784080224332,5.5680358844794515,5.044684642371428,6.0,4.64408097335342,4.5,5.0433571428571415,46.5,3.1872772493708856,45.2734375,3.3506120005406013
2024_15_PIT_PHI,2024,15,False,False,14.0,40.0,RECONSTRUCTED_STARTER_IDENTITY_NOT_AS_ISSUED_T60,MARKET_TOTAL_RESIDUAL_SHAPE_AT_PRIOR_256_GAME_LEAGUE_MEAN,00-0036389,00-0029263,3.1579564096554824,-0.8225108225108135,5.489592575854613,6.1291894396458515,5.648811265141265,5.575097232758499,5.5,5.130257068632023,5.0,5.5433571428571415,43.0,3.283831906963396,45.2734375,3.6751547483075084
2024_15_TB_LAC,2024,15,False,False,-23.0,57.0,RECONSTRUCTED_STARTER_IDENTITY_NOT_AS_ISSUED_T60,MARKET_TOTAL_RESIDUAL_SHAPE_AT_PRIOR_256_GAME_LEAGUE_MEAN,00-0036355,00-0034855,0.3142363920807023,0.11648578515002228,3.283173414378989,18.09218391008396,3.291083438656216,18.11614359600818,3.0,18.92438722601186,3.0,19.369071428571424,46.0,6.784469933335157,45.2734375,7.385490775529967
2024_15_GB_SEA,2024,15,False,False,-17.0,43.0,RECONSTRUCTED_STARTER_IDENTITY_NOT_AS_ISSUED_T60,MARKET_TOTAL_RESIDUAL_SHAPE_AT_PRIOR_256_GAME_LEAGUE_MEAN,00-0030565,00-0036264,-1.8456719089630536,-2.4331494057724834,-0.21703285056722962,10.158964003661165,-0.19353375069485243,10.15910403837313,-3.0,8.439487183476771,0.5,12.054785714285712,48.0,3.6751547483075084,45.2734375,3.182173038396832
2024_15_CHI_MIN,2024,15,False,False,18.0,42.0,RECONSTRUCTED_STARTER_IDENTITY_NOT_AS_ISSUED_T60,MARKET_TOTAL_RESIDUAL_SHAPE_AT_PRIOR_256_GAME_LEAGUE_MEAN,00-0034869,00-0039918,-2.7891871034127824,0.3846480296915811,11.67184041394863,4.552413599577797,11.544887008624457,4.568716969040933,7.0,6.843995903170519,7.0,6.657642857142855,43.5,3.182173038396834,45.2734375,3.2838319069633988
2024_15_ATL_LV,2024,15,False,False,-6.0,24.0,RECONSTRUCTED_STARTER_IDENTITY_NOT_AS_ISSUED_T60,MARKET_TOTAL_RESIDUAL_SHAPE_AT_PRIOR_256_GAME_LEAGUE_MEAN,00-0038122,00-0029604,24.072931024150535,0.39170000283712536,-0.7385658245735794,3.3371860368385358,0.20868341627895692,3.5955140766547116,-6.5,2.9146041549782593,,,44.5,14.084342328060803,45.2734375,14.084342328060803
2024_16_DEN_LAC,2024,16,False,False,7.0,61.0,RECONSTRUCTED_STARTER_IDENTITY_NOT_AS_ISSUED_T60,MARKET_TOTAL_RESIDUAL_SHAPE_AT_PRIOR_256_GAME_LEAGUE_MEAN,00-0036355,00-0039732,0.5086859305125646,-2.4137931034482696,-0.20037524804311033,5.031784080224329,-0.08347608668467696,5.044684642371426,3.0,3.5003123642509095,2.5,3.4776428571428557,41.5,12.550526930357698,45.0625,10.167285756389173
2024_16_HOU_KC,2024,16,False,False,8.0,46.0,RECONSTRUCTED_STARTER_IDENTITY_NOT_AS_ISSUED_T60,MARKET_TOTAL_RESIDUAL_SHAPE_AT_PRIOR_256_GAME_LEAGUE_MEAN,00-0033873,00-0039163,-0.5309371263362728,0.7563327047567903,9.819512563526805,2.871426785456146,9.768021770283081,2.8639105037070314,3.5,3.5003123642509095,3.5,3.477642857142855,42.5,3.5211777172568883,45.0625,3.2387447100259257
2024_16_PIT_BAL,2024,16,False,False,17.0,51.0,RECONSTRUCTED_STARTER_IDENTITY_NOT_AS_ISSUED_T60,MARKET_TOTAL_RESIDUAL_SHAPE_AT_PRIOR_256_GAME_LEAGUE_MEAN,00-0034796,00-0029263,1.1858733033515811,4.665815159371656,4.99295327476636,8.05560373143658,4.853755600525557,8.068504293583679,7.0,6.225110322566522,6.0,6.657642857142855,44.5,4.390169635589516,45.0625,4.390169635589516
2024_16_ARI_CAR,2024,16,False,False,6.0,66.0,RECONSTRUCTED_STARTER_IDENTITY_NOT_AS_ISSUED_T60,MARKET_TOTAL_RESIDUAL_SHAPE_AT_PRIOR_256_GAME_LEAGUE_MEAN,00-0039150,00-0035228,5.230557644562106,0.3411266251145406,-3.991692267586077,6.732762387327688,-3.7961150268081743,6.755871371422897,-5.5,7.50796868071199,-3.0,5.5433571428571415,47.0,12.550526930357698,45.0625,14.243423570085476
2024_16_CLE_CIN,2024,16,False,False,18.0,30.0,RECONSTRUCTED_STARTER_IDENTITY_NOT_AS_ISSUED_T60,MARKET_TOTAL_RESIDUAL_SHAPE_AT_PRIOR_256_GAME_LEAGUE_MEAN,00-0036442,00-0038583,0.0,-87.19507635243264,8.267439211841383,6.73276238732769,11.755242265938689,4.568716969040933,10.0,5.130257068632025,8.5,5.543357142857141,46.5,10.598166232782198,45.0625,8.999697496074415
2024_16_DET_CHI,2024,16,False,False,-17.0,51.0,RECONSTRUCTED_STARTER_IDENTITY_NOT_AS_ISSUED_T60,MARKET_TOTAL_RESIDUAL_SHAPE_AT_PRIOR_256_GAME_LEAGUE_MEAN,00-0039918,00-0033106,0.4248300679728034,1.9104047485913433,-10.059191099156232,3.9743617067662242,-10.118614086380974,3.951532792094951,-7.0,5.741060981860437,-8.0,5.417642857142853,47.5,3.521177717256891,45.0625,4.390169635589516
2024_16_LA_NYJ,2024,16,False,False,-10.0,28.0,RECONSTRUCTED_STARTER_IDENTITY_NOT_AS_ISSUED_T60,MARKET_TOTAL_RESIDUAL_SHAPE_AT_PRIOR_256_GAME_LEAGUE_MEAN,00-0023459,00-0026498,0.0,0.0,-2.5148429973466593,3.974361706766226,-2.5148429973466593,3.951532792094951,-3.0,4.258713044812372,,,47.0,12.305524803603127,45.0625,10.598166232782198
2024_16_NYG_ATL,2024,16,False,False,27.0,41.0,RECONSTRUCTED_STARTER_IDENTITY_NOT_AS_ISSUED_T60,MARKET_TOTAL_RESIDUAL_SHAPE_AT_PRIOR_256_GAME_LEAGUE_MEAN,00-0039917,00-0035704,2.754820936639102,21.829802010759323,7.9706851518210895,13.548160090432752,7.207685908856281,14.426649763596439,9.5,11.256586290239852,8.5,11.71478571428571,42.5,3.1821730383968294,45.0625,3.447592009047619
2024_16_PHI_WAS,2024,16,False,False,3.0,69.0,RECONSTRUCTED_STARTER_IDENTITY_NOT_AS_ISSUED_T60,MARKET_TOTAL_RESIDUAL_SHAPE_AT_PRIOR_256_GAME_LEAGUE_MEAN,00-0039910,00-0038102,-4.550960735171272,-54.835311079072866,-5.734965369050023,6.129189439645851,-3.7235913552939595,5.044684642371429,-4.0,4.644080973353422,-3.5,4.580499999999999,47.0,15.114967593905124,45.0625,16.901441434823884
2024_16_TEN_IND,2024,16,False,False,8.0,68.0,RECONSTRUCTED_STARTER_IDENTITY_NOT_AS_ISSUED_T60,MARKET_TOTAL_RESIDUAL_SHAPE_AT_PRIOR_256_GAME_LEAGUE_MEAN,00-0039164,00-0034771,-6.798613101669138,30.31527441485069,6.184387842587793,3.1802315493863897,4.699832341927001,3.446215905663645,4.0,3.5003123642509095,3.5,3.477642857142855,42.5,17.81552055009398,45.0625,16.001824250646937
2024_16_MIN_SEA,2024,16,False,False,-3.0,51.0,RECONSTRUCTED_STARTER_IDENTITY_NOT_AS_ISSUED_T60,MARKET_TOTAL_RESIDUAL_SHAPE_AT_PRIOR_256_GAME_LEAGUE_MEAN,00-0030565,00-0034869,7.499481350858739,-2.794494238156209,-1.7548157991724929,2.8480324851584022,-1.343056775611895,2.863910503707033,-2.5,2.8546296760331282,-3.0,2.806214285714283,43.0,5.2162011115571865,45.0625,4.390169635589516
2024_16_JAX_LV,2024,16,False,False,5.0,33.0,RECONSTRUCTED_STARTER_IDENTITY_NOT_AS_ISSUED_T60,MARKET_TOTAL_RESIDUAL_SHAPE_AT_PRIOR_256_GAME_LEAGUE_MEAN,00-0038579,00-0036972,41.0912810854057,-43.27959361521406,0.040737629631439634,4.128338737816843,3.41557261765623,3.200788427994569,2.5,3.049440394876175,,,41.5,5.170688563705211,45.0625,6.883576696414697
2024_16_NE_BUF,2024,16,False,False,3.0,45.0,RECONSTRUCTED_STARTER_IDENTITY_NOT_AS_ISSUED_T60,MARKET_TOTAL_RESIDUAL_SHAPE_AT_PRIOR_256_GAME_LEAGUE_MEAN,00-0034857,00-0039851,0.30297613727765516,0.2492058275824327,18.161262446723303,8.613238780351935,18.163413259111113,8.59806618214174,14.0,6.339529718568221,15.0,7.309071428571427,48.0,3.2838319069633988,45.0625,3.1872772493708856
2024_16_SF_MIA,2024,16,False,False,12.0,46.0,RECONSTRUCTED_STARTER_IDENTITY_NOT_AS_ISSUED_T60,MARKET_TOTAL_RESIDUAL_SHAPE_AT_PRIOR_256_GAME_LEAGUE_MEAN,00-0036212,00-0037834,2.2020725388601115,12.97829286239882,0.195025797200733,8.05560373143658,-0.23602301574081536,8.068504293583679,-2.0,8.924387226011861,2.0,6.080499999999999,44.0,3.350612000540603,45.0625,3.2387447100259257
2024_16_TB_DAL,2024,16,False,False,2.0,50.0,RECONSTRUCTED_STARTER_IDENTITY_NOT_AS_ISSUED_T60,MARKET_TOTAL_RESIDUAL_SHAPE_AT_PRIOR_256_GAME_LEAGUE_MEAN,00-0033662,00-0034855,12.56269885831931,0.14063707185165697,-1.4546664446381328,3.4341660453455534,-0.9577839731794268,3.4462159056636468,-4.5,4.6440809733534225,-4.0,4.157642857142855,47.5,3.3506120005406013,45.0625,4.04776214941342
2024_16_NO_GB,2024,16,False,False,34.0,34.0,RECONSTRUCTED_STARTER_IDENTITY_NOT_AS_ISSUED_T60,MARKET_TOTAL_RESIDUAL_SHAPE_AT_PRIOR_256_GAME_LEAGUE_MEAN,00-0036264,00-0039376,-2.368563058896056,-36.51822852948372,10.82804457563495,17.100690928374053,12.194031194458457,16.191856058789973,14.0,13.782745371481875,15.5,11.714785714285712,44.0,5.690892732144175,45.0625,6.263840413981689
2024_17_KC_PIT,2024,17,False,False,-19.0,39.0,RECONSTRUCTED_STARTER_IDENTITY_NOT_AS_ISSUED_T60,MARKET_TOTAL_RESIDUAL_SHAPE_AT_PRIOR_256_GAME_LEAGUE_MEAN,00-0029263,00-0033873,2.501305799615716,-0.5327965901018361,-3.49934839069997,9.371639460913396,-3.3779842951112675,9.365824582822299,-3.0,9.994570126905096,-2.0,11.206214285714283,43.5,3.67515474830751,45.2421875,3.961415913769014
2024_17_BAL_HOU,2024,17,False,False,-29.0,33.0,RECONSTRUCTED_STARTER_IDENTITY_NOT_AS_ISSUED_T60,MARKET_TOTAL_RESIDUAL_SHAPE_AT_PRIOR_256_GAME_LEAGUE_MEAN,00-0039163,00-0034796,0.6957055115695443,1.2553326415311705,-2.9663433217154123,18.092183910083964,-2.9887284069138773,18.11614359600818,-5.5,16.106437417419777,-5.0,17.483357142857137,46.5,8.249803833803043,45.2421875,6.883576696414697
2024_17_SEA_CHI,2024,17,False,False,-3.0,9.0,RECONSTRUCTED_STARTER_IDENTITY_NOT_AS_ISSUED_T60,MARKET_TOTAL_RESIDUAL_SHAPE_AT_PRIOR_256_GAME_LEAGUE_MEAN,00-0039918,00-0030565,0.3895346415031531,7.6539325842696515,-2.6902470436260773,2.894395734839387,-2.9808229613367376,2.893685067722344,-3.5,2.914604154978262,-3.5,2.871928571428569,43.5,27.64367878063418,45.2421875,28.64112667514715
2024_17_LAC_NE,2024,17,False,False,-33.0,47.0,RECONSTRUCTED_STARTER_IDENTITY_NOT_AS_ISSUED_T60,MARKET_TOTAL_RESIDUAL_SHAPE_AT_PRIOR_256_GAME_LEAGUE_MEAN,00-0039851,00-0036355,1.2737025948103664,0.5340412792335769,-5.269493726289766,19.98074197048379,-5.239907273666693,20.008955165553054,-6.0,19.87589722175835,-3.5,22.24621428571428,42.0,4.047762149413419,45.2421875,3.3506120005406013
2024_17_DEN_CIN,2024,17,False,False,6.0,54.0,RECONSTRUCTED_STARTER_IDENTITY_NOT_AS_ISSUED_T60,MARKET_TOTAL_RESIDUAL_SHAPE_AT_PRIOR_256_GAME_LEAGUE_MEAN,00-0036442,00-0039732,0.0,-2.3406862745098067,1.8237174621716894,3.752753880309399,1.9173449131520817,3.7631023369694736,3.5,3.049440394876175,3.0,3.2233571428571413,50.5,3.5211777172568866,45.2421875,5.694720890374714
2024_17_ARI_LA,2024,17,False,False,4.0,22.0,RECONSTRUCTED_STARTER_IDENTITY_NOT_AS_ISSUED_T60,MARKET_TOTAL_RESIDUAL_SHAPE_AT_PRIOR_256_GAME_LEAGUE_MEAN,00-0026498,00-0035228,0.0,0.32020904380176685,8.561580756351287,3.3371860368385367,8.548772394599217,3.317759929483298,6.5,3.077088204318967,,,48.0,18.774686862301554,45.2421875,15.926111787865143
2024_17_CAR_TB,2024,17,False,False,34.0,62.0,RECONSTRUCTED_STARTER_IDENTITY_NOT_AS_ISSUED_T60,MARKET_TOTAL_RESIDUAL_SHAPE_AT_PRIOR_256_GAME_LEAGUE_MEAN,00-0034855,00-0039150,0.11176470588236675,11.220815886308856,12.838216969559499,15.298053752704124,12.393854922342438,16.191856058789973,9.5,17.363349369780472,8.0,18.68335714285714,47.5,8.70578001415183,45.2421875,10.94014836804379
2024_17_DAL_PHI,2024,17,False,False,34.0,48.0,RECONSTRUCTED_STARTER_IDENTITY_NOT_AS_ISSUED_T60,MARKET_TOTAL_RESIDUAL_SHAPE_AT_PRIOR_256_GAME_LEAGUE_MEAN,00-0038102,00-0033662,-41.791744840525325,17.5528569971787,10.52315266086266,17.100690928374053,8.1493685873545,19.89240901497883,7.5,19.222983567994,9.0,17.76335714285714,37.5,6.220028907940926,45.2421875,3.521177717256891
2024_17_IND_NYG,2024,17,False,False,12.0,78.0,RECONSTRUCTED_STARTER_IDENTITY_NOT_AS_ISSUED_T60,MARKET_TOTAL_RESIDUAL_SHAPE_AT_PRIOR_256_GAME_LEAGUE_MEAN,00-0035704,00-0026158,12.11204789833823,42.21491228070175,-3.7864058872295936,11.046671362231987,-4.990520462524135,11.874969627484145,-7.5,13.782745371481873,-6.0,11.71478571428571,40.5,29.348485245968078,45.2421875,25.431003323381944
2024_17_LV_NO,2024,17,False,False,-15.0,35.0,RECONSTRUCTED_STARTER_IDENTITY_NOT_AS_ISSUED_T60,MARKET_TOTAL_RESIDUAL_SHAPE_AT_PRIOR_256_GAME_LEAGUE_MEAN,00-0039376,00-0038579,-40.783309414229386,23.173807651991616,6.176964434131869,13.524340439220504,3.618679751483029,11.814569797624515,-2.0,7.70320475046954,,,37.5,3.2838315451165956,45.2421875,5.690892732144174
2024_17_NYJ_BUF,2024,17,False,False,26.0,54.0,RECONSTRUCTED_STARTER_IDENTITY_NOT_AS_ISSUED_T60,MARKET_TOTAL_RESIDUAL_SHAPE_AT_PRIOR_256_GAME_LEAGUE_MEAN,00-0034857,00-0023459,0.30142417866967364,0.0,15.603609482028624,6.73276238732769,15.61566644917541,6.755871371422897,10.0,10.457351921885959,8.5,10.917642857142855,44.5,5.694720890374714,45.2421875,5.694720890374714
2024_17_TEN_JAX,2024,17,False,False,7.0,33.0,RECONSTRUCTED_STARTER_IDENTITY_NOT_AS_ISSUED_T60,MARKET_TOTAL_RESIDUAL_SHAPE_AT_PRIOR_256_GAME_LEAGUE_MEAN,00-0036972,00-0034771,-25.664227955333075,24.173935442610706,3.758645634994473,3.4341660453455543,1.7651190990767216,4.138687194476918,-1.0,5.130257068632023,-0.5,5.04335714285714,38.0,3.6751543864607052,45.2421875,6.883576696414697
2024_17_MIA_CLE,2024,17,False,False,-17.0,23.0,RECONSTRUCTED_STARTER_IDENTITY_NOT_AS_ISSUED_T60,MARKET_TOTAL_RESIDUAL_SHAPE_AT_PRIOR_256_GAME_LEAGUE_MEAN,00-0038583,00-0035993,-82.5970643939394,-36.50125199180516,-2.790234117018035,7.889716874779838,-4.634066613103405,6.519376262958413,-3.0,8.439487183476771,-6.5,5.99478571428571,32.5,5.690880972123144,45.2421875,14.997570741501892
2024_17_GB_MIN,2024,17,False,False,2.0,52.0,RECONSTRUCTED_STARTER_IDENTITY_NOT_AS_ISSUED_T60,MARKET_TOTAL_RESIDUAL_SHAPE_AT_PRIOR_256_GAME_LEAGUE_MEAN,00-0034869,00-0036264,-1.5114214699964545,-3.885997142273956,1.9021716959584136,2.894395734839387,1.9971547228495137,2.8936850677223456,-1.0,3.2429750609757075,-0.0,2.9976428571428535,49.0,3.5211777172568928,45.2421875,4.778515020532093
2024_17_ATL_WAS,2024,17,False,False,6.0,54.0,RECONSTRUCTED_STARTER_IDENTITY_NOT_AS_ISSUED_T60,MARKET_TOTAL_RESIDUAL_SHAPE_AT_PRIOR_256_GAME_LEAGUE_MEAN,00-0039910,00-0039917,-6.025379649232843,2.1615234917987225,4.941181884779044,3.0011588143800063,4.6137057591377815,3.0183128856721515,3.5,3.049440394876175,5.0,2.871928571428569,46.5,4.778515020532093,45.2421875,5.694720890374714
2024_17_DET_SF,2024,17,False,False,-6.0,74.0,RECONSTRUCTED_STARTER_IDENTITY_NOT_AS_ISSUED_T60,MARKET_TOTAL_RESIDUAL_SHAPE_AT_PRIOR_256_GAME_LEAGUE_MEAN,00-0037834,00-0033106,0.0285630510393986,0.7582739840804376,-5.189409135181186,2.8480324851583987,-5.218597572502827,2.849873923528384,-4.0,2.931192840643936,-3.5,2.880499999999998,50.5,16.001824250646933,45.2421875,21.562862106878327
2024_18_CLE_BAL,2024,18,False,True,25.0,45.0,RECONSTRUCTED_STARTER_IDENTITY_NOT_AS_ISSUED_T60,MARKET_TOTAL_RESIDUAL_SHAPE_AT_PRIOR_256_GAME_LEAGUE_MEAN,00-0034796,00-0038108,1.6545352743561281,-20.598972665565963,16.73624911393599,5.5596445651243735,17.626389431532875,5.044684642371428,19.5,3.8257058138468256,20.0,3.7890714285714253,42.5,3.3506120005405986,45.69921875,3.1553759307830527
2024_18_CIN_PIT,2024,18,False,True,-2.0,36.0,RECONSTRUCTED_STARTER_IDENTITY_NOT_AS_ISSUED_T60,MARKET_TOTAL_RESIDUAL_SHAPE_AT_PRIOR_256_GAME_LEAGUE_MEAN,00-0029263,00-0036442,0.9886477045908171,0.0,2.767675810316523,3.337186036838535,2.8072217185001556,3.317759929483298,-2.5,2.9146041549782593,-2.0,2.806214285714283,48.5,7.544146666640134,45.69921875,5.690892732144175
2024_18_BUF_NE,2024,18,False,True,7.0,39.0,RECONSTRUCTED_STARTER_IDENTITY_NOT_AS_ISSUED_T60,MARKET_TOTAL_RESIDUAL_SHAPE_AT_PRIOR_256_GAME_LEAGUE_MEAN,00-0039398,00-0033869,23.53304077008427,-78.97624553289889,-14.150285361672195,15.298053752704126,-10.04991390955287,11.874969627484145,-3.0,6.225110322566519,-4.0,6.657642857142855,36.5,3.350610915000197,45.69921875,4.306375505432137
2024_18_CAR_ATL,2024,18,False,True,-6.0,82.0,RECONSTRUCTED_STARTER_IDENTITY_NOT_AS_ISSUED_T60,MARKET_TOTAL_RESIDUAL_SHAPE_AT_PRIOR_256_GAME_LEAGUE_MEAN,00-0039917,00-0039150,-2.027373823780998,7.93102257478886,8.519820775320532,8.613238780351935,8.121484919377737,7.863485152792528,7.5,8.439487183476773,8.0,8.78335714285714,48.5,25.431003323381947,45.69921875,28.36549928254826
2024_18_CHI_GB,2024,18,False,True,-2.0,46.0,RECONSTRUCTED_STARTER_IDENTITY_NOT_AS_ISSUED_T60,MARKET_TOTAL_RESIDUAL_SHAPE_AT_PRIOR_256_GAME_LEAGUE_MEAN,00-0038128,00-0039918,-63.639948495090934,0.2624671916010568,13.957224501240134,9.371639460913396,11.401127873772454,7.169737811235742,10.0,7.003502496109695,10.0,7.309071428571427,41.5,3.758098176635878,45.69921875,3.1872772493708874
2024_18_HOU_TEN,2024,18,False,True,-9.0,37.0,RECONSTRUCTED_STARTER_IDENTITY_NOT_AS_ISSUED_T60,MARKET_TOTAL_RESIDUAL_SHAPE_AT_PRIOR_256_GAME_LEAGUE_MEAN,00-0039152,00-0036898,-19.156366095846767,25.646652621722854,-4.883013103660805,3.1189810176977435,-6.675133852363591,2.8639105037070314,2.5,7.003502496109693,-1.0,4.866214285714282,36.5,3.1872761638304814,45.69921875,5.170688563705213
2024_18_JAX_IND,2024,18,False,True,3.0,49.0,RECONSTRUCTED_STARTER_IDENTITY_NOT_AS_ISSUED_T60,MARKET_TOTAL_RESIDUAL_SHAPE_AT_PRIOR_256_GAME_LEAGUE_MEAN,00-0026158,00-0036972,34.942373896123335,-21.714275785376703,4.0376902844494,2.8480324851584005,6.303956271709402,2.943451124719366,3.5,2.852502921460607,4.5,2.880499999999998,45.5,3.5211777172568928,45.69921875,3.5211777172568928
2024_18_NO_TB,2024,18,False,True,8.0,46.0,RECONSTRUCTED_STARTER_IDENTITY_NOT_AS_ISSUED_T60,MARKET_TOTAL_RESIDUAL_SHAPE_AT_PRIOR_256_GAME_LEAGUE_MEAN,00-0034855,00-0039376,0.15016810132453262,-44.59239572598579,9.897701686832297,2.871426785456146,11.68740423992471,3.1004056121715156,14.5,4.258713044812373,13.5,3.9404999999999983,44.5,3.2387447100259257,45.69921875,3.1872772493708874
2024_18_NYG_PHI,2024,18,False,True,7.0,33.0,RECONSTRUCTED_STARTER_IDENTITY_NOT_AS_ISSUED_T60,MARKET_TOTAL_RESIDUAL_SHAPE_AT_PRIOR_256_GAME_LEAGUE_MEAN,00-0038400,00-0035704,396.476833976834,15.68121864729286,17.276063108210874,5.383549286519524,32.507887721392514,18.116143596008182,3.0,3.5003123642509095,6.0,2.871928571428569,36.5,3.4475909235072146,45.69921875,7.544146666640134
2024_18_WAS_DAL,2024,18,False,True,-4.0,42.0,RECONSTRUCTED_STARTER_IDENTITY_NOT_AS_ISSUED_T60,MARKET_TOTAL_RESIDUAL_SHAPE_AT_PRIOR_256_GAME_LEAGUE_MEAN,00-0037012,00-0032268,17.321012321012308,-14.059612439938762,0.41843968669466447,3.1189810176977444,1.6736646771327073,3.595514076654715,-7.0,3.2429750609757066,-5.5,2.9976428571428544,43.5,3.182173038396834,45.69921875,3.4475920090476206
2024_18_KC_DEN,2024,18,False,True,38.0,38.0,RECONSTRUCTED_STARTER_IDENTITY_NOT_AS_ISSUED_T60,MARKET_TOTAL_RESIDUAL_SHAPE_AT_PRIOR_256_GAME_LEAGUE_MEAN,00-0039732,00-0032950,-2.334369344558973,-37.748326495357375,-5.95338146293323,37.60132895474581,-4.5368231769012946,36.60572249860282,10.5,20.169389352766437,10.5,19.6205,40.5,3.283831906963396,45.69921875,4.705780014151832
2024_18_LAC_LV,2024,18,False,True,-14.0,54.0,RECONSTRUCTED_STARTER_IDENTITY_NOT_AS_ISSUED_T60,MARKET_TOTAL_RESIDUAL_SHAPE_AT_PRIOR_256_GAME_LEAGUE_MEAN,00-0038579,00-0036355,29.336182494310915,1.6252510040160706,-4.173473132154686,5.383549286519522,-3.0650358725428917,5.917504718934594,-7.0,4.258713044812372,,,42.5,6.784469933335153,45.69921875,5.216201111557191
2024_18_MIA_NYJ,2024,18,False,True,12.0,52.0,RECONSTRUCTED_STARTER_IDENTITY_NOT_AS_ISSUED_T60,MARKET_TOTAL_RESIDUAL_SHAPE_AT_PRIOR_256_GAME_LEAGUE_MEAN,00-0023459,00-0035993,-2.5715660705414756,-36.53401279610831,-2.750126952540759,10.264451030458272,-1.3916290835180858,8.780116373549653,1.5,6.22511032256652,-0.5,7.971928571428569,39.5,7.385490775529968,45.69921875,4.390169635589518
2024_18_SEA_LA,2024,18,False,True,-5.0,55.0,RECONSTRUCTED_STARTER_IDENTITY_NOT_AS_ISSUED_T60,MARKET_TOTAL_RESIDUAL_SHAPE_AT_PRIOR_256_GAME_LEAGUE_MEAN,00-0031345,00-0030565,-43.65418894830662,8.49753694581279,4.821969757356274,5.383549286519522,2.735900721591497,4.361145722762753,-7.5,3.2429750609757066,,,38.5,10.167285575465764,45.69921875,5.6947208903747155
2024_18_SF_ARI,2024,18,False,True,23.0,71.0,RECONSTRUCTED_STARTER_IDENTITY_NOT_AS_ISSUED_T60,MARKET_TOTAL_RESIDUAL_SHAPE_AT_PRIOR_256_GAME_LEAGUE_MEAN,00-0035228,00-0033949,0.2453939322207832,-69.29895591205273,-1.1313008945651746,18.021575658276223,1.650473099205766,15.304148700219155,4.5,12.081341713464012,4.0,12.53478571428571,42.5,20.610501409302827,45.69921875,17.815520550093986
2024_18_MIN_DET,2024,18,False,True,22.0,40.0,RECONSTRUCTED_STARTER_IDENTITY_NOT_AS_ISSUED_T60,MARKET_TOTAL_RESIDUAL_SHAPE_AT_PRIOR_256_GAME_LEAGUE_MEAN,00-0033106,00-0034869,0.7455568434270088,-1.4310370152761598,5.554408384280659,11.046671362231988,5.641472138628786,11.066377539011157,3.0,12.927364682413392,3.5,11.71478571428571,56.5,10.598166232782194,45.69921875,3.9614159137690157
2025_01_DAL_PHI,2025,1,True,False,4.0,44.0,RECONSTRUCTED_STARTER_IDENTITY_NOT_AS_ISSUED_T60,MARKET_TOTAL_RESIDUAL_SHAPE_AT_PRIOR_256_GAME_LEAGUE_MEAN,00-0036389,00-0033077,1.0795454545454497,9.11251265581976,10.85428618552225,3.9746420452290927,10.532967497471278,3.9489944156570314,8.5,3.5604124573827,8.5,3.5911359715828457,47.5,3.4654232500582536,45.82421875,3.1733912256587136
2025_01_KC_LAC,2025,1,True,False,6.0,48.0,RECONSTRUCTED_STARTER_IDENTITY_NOT_AS_ISSUED_T60,MARKET_TOTAL_RESIDUAL_SHAPE_AT_PRIOR_256_GAME_LEAGUE_MEAN,00-0036355,00-0033873,1.4351662504242135,-0.6928398231350608,-4.042359283863006,6.735984020067064,-3.9572390409206353,6.759135475512156,-3.0,5.629036170688076,-3.0,5.537887835267618,47.5,3.1550915687772774,45.82421875,3.2915765096846386
2025_01_ARI_NO,2025,1,True,False,-7.0,33.0,RECONSTRUCTED_STARTER_IDENTITY_NOT_AS_ISSUED_T60,MARKET_TOTAL_RESIDUAL_SHAPE_AT_PRIOR_256_GAME_LEAGUE_MEAN,00-0039376,00-0035228,-40.797759103641454,0.2957425088572663,0.8263303167287813,4.386765567913043,-0.8174097477711675,3.594057320727563,-6.0,2.841388439083045,-5.0,2.9084948640216126,44.5,7.001831942395275,45.82421875,7.6693881757159
2025_01_CAR_JAX,2025,1,True,False,16.0,36.0,RECONSTRUCTED_STARTER_IDENTITY_NOT_AS_ISSUED_T60,MARKET_TOTAL_RESIDUAL_SHAPE_AT_PRIOR_256_GAME_LEAGUE_MEAN,00-0036971,00-0039150,23.29484764327747,-0.5337157904636403,3.7566002088356436,8.057371744047238,4.709742746185288,7.398479737807239,4.5,6.8185138679812525,3.5,7.313180700017353,45.5,5.791004645407094,45.82421875,5.791004645407094
2025_01_CIN_CLE,2025,1,True,False,-1.0,33.0,RECONSTRUCTED_STARTER_IDENTITY_NOT_AS_ISSUED_T60,MARKET_TOTAL_RESIDUAL_SHAPE_AT_PRIOR_256_GAME_LEAGUE_MEAN,00-0026158,00-0036442,51.11703373945642,0.0,-3.371618196891195,3.172888328111288,-1.3269368473129384,2.881133188055051,-5.5,3.799070482544729,-5.5,3.765789858696798,47.5,9.135648183340756,45.82421875,7.6693881757159
2025_01_LV_NE,2025,1,True,False,-7.0,33.0,RECONSTRUCTED_STARTER_IDENTITY_NOT_AS_ISSUED_T60,MARKET_TOTAL_RESIDUAL_SHAPE_AT_PRIOR_256_GAME_LEAGUE_MEAN,00-0039851,00-0030565,-7.185671471385757,9.015056368487162,2.394581528876679,4.86065043257183,1.746552415281762,4.8319528601861945,2.5,5.793351839769281,,,44.5,7.001831942395275,45.82421875,7.6693881757159
2025_01_MIA_IND,2025,1,True,False,25.0,41.0,RECONSTRUCTED_STARTER_IDENTITY_NOT_AS_ISSUED_T60,MARKET_TOTAL_RESIDUAL_SHAPE_AT_PRIOR_256_GAME_LEAGUE_MEAN,00-0035710,00-0036212,-3.5374220374220444,-1.270242914979769,0.7583126663204166,18.010097630436867,0.6676255014227256,18.011899486186955,1.5,16.401434188225245,0.5,16.8595065786116,47.5,4.367062594320548,45.82421875,3.706749975182161
2025_01_NYG_WAS,2025,1,True,False,15.0,27.0,RECONSTRUCTED_STARTER_IDENTITY_NOT_AS_ISSUED_T60,MARKET_TOTAL_RESIDUAL_SHAPE_AT_PRIOR_256_GAME_LEAGUE_MEAN,00-0039910,00-0029263,-4.46477764659583,38.14338235294117,9.7935723692789,4.127139185907706,8.089245969297421,5.045448857136254,6.0,5.629036170688076,6.5,5.034160465725551,45.5,12.46161082154129,45.82421875,12.46161082154129
2025_01_PIT_NYJ,2025,1,True,False,-2.0,66.0,RECONSTRUCTED_STARTER_IDENTITY_NOT_AS_ISSUED_T60,MARKET_TOTAL_RESIDUAL_SHAPE_AT_PRIOR_256_GAME_LEAGUE_MEAN,00-0036945,00-0023459,-10.270421745831593,8.598298904421341,-0.29055343174444714,2.8640816182371003,-1.0453022577545645,2.839577717220129,-3.0,2.8924749812103787,-3.0,2.873351094053561,37.5,20.526040572785774,45.82421875,13.303776280938928
2025_01_TB_ATL,2025,1,True,False,-3.0,43.0,RECONSTRUCTED_STARTER_IDENTITY_NOT_AS_ISSUED_T60,MARKET_TOTAL_RESIDUAL_SHAPE_AT_PRIOR_256_GAME_LEAGUE_MEAN,00-0039917,00-0034855,7.1897489424820105,0.20457763095800274,-1.3289459149971754,2.8640816182370994,-1.0495390625362149,2.8544461884362935,-1.5,2.841388439083043,-1.5,2.8137131813805034,47.5,3.7067499751821584,45.82421875,3.2896702954261556
2025_01_SF_SEA,2025,1,True,False,-4.0,30.0,RECONSTRUCTED_STARTER_IDENTITY_NOT_AS_ISSUED_T60,MARKET_TOTAL_RESIDUAL_SHAPE_AT_PRIOR_256_GAME_LEAGUE_MEAN,00-0034869,00-0037834,20.87856024810195,10.25864716227911,4.561257871503076,4.8606504325718305,4.98605439493599,4.831952860186194,-2.5,2.841388439083044,-0.5,3.0693042356936022,43.5,8.380406094129928,45.82421875,9.923677157797487
2025_01_TEN_DEN,2025,1,True,False,8.0,32.0,RECONSTRUCTED_STARTER_IDENTITY_NOT_AS_ISSUED_T60,MARKET_TOTAL_RESIDUAL_SHAPE_AT_PRIOR_256_GAME_LEAGUE_MEAN,00-0039732,00-0040676,-1.6772298981704514,11.205923223901326,9.775604026702275,2.8640816182371003,9.260277901819405,2.839577717220126,8.5,2.841388439083044,8.5,2.8137131813805034,42.5,6.374687451354476,45.82421875,8.38040609412993
2025_01_DET_GB,2025,1,True,False,14.0,40.0,RECONSTRUCTED_STARTER_IDENTITY_NOT_AS_ISSUED_T60,MARKET_TOTAL_RESIDUAL_SHAPE_AT_PRIOR_256_GAME_LEAGUE_MEAN,00-0036264,00-0033106,-1.3277030604680773,3.09008834547555,0.39863279874874935,9.506094580494057,0.2219211425110042,9.524671121718793,1.5,7.483782644191699,0.5,7.989432031220758,48.5,5.259933352993822,45.82421875,4.007550585170723
2025_01_HOU_LA,2025,1,True,False,5.0,23.0,RECONSTRUCTED_STARTER_IDENTITY_NOT_AS_ISSUED_T60,MARKET_TOTAL_RESIDUAL_SHAPE_AT_PRIOR_256_GAME_LEAGUE_MEAN,00-0026498,00-0039163,-11.23456790123456,-0.1309707241910596,3.457097635135069,3.1728883281112905,3.012953748053329,3.1937523264462024,3.5,2.8924749812103787,,,43.5,14.246589853184446,45.82421875,16.094092712505834
2025_01_BAL_BUF,2025,1,True,False,1.0,81.0,RECONSTRUCTED_STARTER_IDENTITY_NOT_AS_ISSUED_T60,MARKET_TOTAL_RESIDUAL_SHAPE_AT_PRIOR_256_GAME_LEAGUE_MEAN,00-0034857,00-0034796,-7.482189017085905,1.4292480606262536,2.441526454463201,2.84082580428361,2.085068971354714,2.839577717220126,-1.5,3.212718976635464,-1.5,3.212009241018416,50.5,22.435305064774234,45.82421875,27.28662035261258
2025_01_MIN_CHI,2025,1,True,False,-3.0,51.0,RECONSTRUCTED_STARTER_IDENTITY_NOT_AS_ISSUED_T60,MARKET_TOTAL_RESIDUAL_SHAPE_AT_PRIOR_256_GAME_LEAGUE_MEAN,00-0039918,00-0039923,3.509584407216493,-4.095542465638968,-2.894011687966331,2.886956189338889,-2.5898066130521125,2.881133188055048,-1.5,2.841388439083043,-1.0,2.908494864021611,43.5,4.674344332787953,45.82421875,3.956082800191691
2025_02_WAS_GB,2025,2,False,False,9.0,45.0,RECONSTRUCTED_STARTER_IDENTITY_NOT_AS_ISSUED_T60,MARKET_TOTAL_RESIDUAL_SHAPE_AT_PRIOR_256_GAME_LEAGUE_MEAN,00-0036264,00-0039910,-0.5561572131221437,-4.098891243499714,3.670355565249074,4.127139185907703,3.8120649264641764,4.140378327208688,3.5,3.799070482544728,3.0,4.137461850177095,48.5,3.465423250058252,45.9296875,3.1356481833407575
2025_02_BUF_NYJ,2025,2,False,False,-20.0,40.0,RECONSTRUCTED_STARTER_IDENTITY_NOT_AS_ISSUED_T60,MARKET_TOTAL_RESIDUAL_SHAPE_AT_PRIOR_256_GAME_LEAGUE_MEAN,00-0028118,00-0034857,-1.504629629629628,-4.457069316053541,-5.404935685438322,8.625042350223374,-5.286838097981365,8.6115944919056,-6.0,8.489501286967148,-5.5,8.78495918777028,47.5,4.7814735741146785,45.9296875,4.007550585170723
2025_02_CHI_DET,2025,2,False,False,31.0,73.0,RECONSTRUCTED_STARTER_IDENTITY_NOT_AS_ISSUED_T60,MARKET_TOTAL_RESIDUAL_SHAPE_AT_PRIOR_256_GAME_LEAGUE_MEAN,00-0033106,00-0039918,3.0140514051405054,3.6711654358713153,10.121422742345084,15.292217340692304,10.095138181115852,15.301644053476323,6.0,18.237499761995736,6.5,16.8595065786116,46.5,18.651088518834467,45.9296875,19.58475226263927
2025_02_CLE_BAL,2025,2,False,False,24.0,58.0,RECONSTRUCTED_STARTER_IDENTITY_NOT_AS_ISSUED_T60,MARKET_TOTAL_RESIDUAL_SHAPE_AT_PRIOR_256_GAME_LEAGUE_MEAN,00-0034796,00-0026158,1.4639293400787956,51.54992779038581,12.28166302050743,8.057371744047241,10.278223082495149,9.524671121718793,12.5,6.818513867981252,12.5,6.666748325150473,46.5,6.68806907544903,45.9296875,7.2931014810914245
2025_02_JAX_CIN,2025,2,False,False,4.0,58.0,RECONSTRUCTED_STARTER_IDENTITY_NOT_AS_ISSUED_T60,MARKET_TOTAL_RESIDUAL_SHAPE_AT_PRIOR_256_GAME_LEAGUE_MEAN,00-0035100,00-0036971,-19.5572679420994,29.06678695191456,7.214200071083342,2.9559611454959605,5.2692378753227835,2.8395777172201253,3.5,2.839482224824561,3.5,2.819037995012028,49.5,5.110867397980481,45.9296875,7.2931014810914245
2025_02_LA_TEN,2025,2,False,False,-14.0,52.0,RECONSTRUCTED_STARTER_IDENTITY_NOT_AS_ISSUED_T60,MARKET_TOTAL_RESIDUAL_SHAPE_AT_PRIOR_256_GAME_LEAGUE_MEAN,00-0040676,00-0026498,-87.67199862401101,14.696340893149396,-5.347445576420496,4.860650432571831,-9.442179157106912,3.3146063104340016,-5.5,4.745696483307216,,,41.5,6.121160954976285,45.9296875,4.291195266832942
2025_02_NE_MIA,2025,2,False,False,-6.0,60.0,RECONSTRUCTED_STARTER_IDENTITY_NOT_AS_ISSUED_T60,MARKET_TOTAL_RESIDUAL_SHAPE_AT_PRIOR_256_GAME_LEAGUE_MEAN,00-0036212,00-0039851,13.95902731512324,-6.8357483855214785,6.144961724554523,6.553749936956124,6.976752752580312,7.17964634093343,1.5,4.745696483307215,2.5,5.439911264447595,43.5,10.078461755586275,45.9296875,8.618301633588564
2025_02_NYG_DAL,2025,2,False,False,3.0,77.0,RECONSTRUCTED_STARTER_IDENTITY_NOT_AS_ISSUED_T60,MARKET_TOTAL_RESIDUAL_SHAPE_AT_PRIOR_256_GAME_LEAGUE_MEAN,00-0033077,00-0029263,1.2349089420912618,33.94898441190364,6.311427885906532,2.955961145495963,5.002864867114038,2.85444618843629,4.5,2.924118137901191,4.5,2.908494864021611,44.5,24.365156380062068,45.9296875,23.397180779604575
2025_02_SEA_PIT,2025,2,False,False,-14.0,48.0,RECONSTRUCTED_STARTER_IDENTITY_NOT_AS_ISSUED_T60,MARKET_TOTAL_RESIDUAL_SHAPE_AT_PRIOR_256_GAME_LEAGUE_MEAN,00-0023459,00-0034869,1.5773082559843665,28.667236670045405,3.7143920562128367,10.985316845076593,2.6307949196503957,10.17087775534441,3.5,11.685078869887468,3.5,12.00540647211533,40.5,4.674344332787951,45.9296875,3.2915765096846386
2025_02_SF_NO,2025,2,False,False,-5.0,47.0,RECONSTRUCTED_STARTER_IDENTITY_NOT_AS_ISSUED_T60,MARKET_TOTAL_RESIDUAL_SHAPE_AT_PRIOR_256_GAME_LEAGUE_MEAN,00-0039376,00-0036972,-36.812805930452996,-39.77362903562629,-1.5883705720814487,2.955961145495963,-1.4699376478745168,3.0961541564118935,-3.0,2.924118137901191,-3.0,2.9084948640216126,40.5,4.291195266832937,45.9296875,3.194359582502024
2025_02_CAR_ARI,2025,2,False,False,5.0,49.0,RECONSTRUCTED_STARTER_IDENTITY_NOT_AS_ISSUED_T60,MARKET_TOTAL_RESIDUAL_SHAPE_AT_PRIOR_256_GAME_LEAGUE_MEAN,00-0035228,00-0039150,0.23488252079411076,-0.9870660313138213,7.381497496335178,2.8640816182370976,7.430375438419495,2.854446188436291,7.0,2.924118137901189,7.5,3.0693042356936022,45.5,3.4490298074353056,45.9296875,3.4490298074353056
2025_02_DEN_IND,2025,2,False,False,1.0,57.0,RECONSTRUCTED_STARTER_IDENTITY_NOT_AS_ISSUED_T60,MARKET_TOTAL_RESIDUAL_SHAPE_AT_PRIOR_256_GAME_LEAGUE_MEAN,00-0035710,00-0039732,0.9242432340941242,-0.5968647520620207,-0.5126041397921562,3.1728883281112896,-0.45175982034591045,3.006562086263207,-2.5,3.471582872937409,-2.5,3.460145556247385,43.5,7.934733200496684,45.9296875,6.688069075449031
2025_02_PHI_KC,2025,2,False,False,-3.0,37.0,RECONSTRUCTED_STARTER_IDENTITY_NOT_AS_ISSUED_T60,MARKET_TOTAL_RESIDUAL_SHAPE_AT_PRIOR_256_GAME_LEAGUE_MEAN,00-0033873,00-0036389,5.1880350304122524,-0.41923698868060466,-0.5838984826510659,2.8640816182370994,-0.35960760188735164,2.9387008586612247,-1.5,2.841388439083043,-1.5,2.8137131813805034,46.5,5.791004645407093,45.9296875,5.259933352993826
2025_02_ATL_MIN,2025,2,False,False,-16.0,28.0,RECONSTRUCTED_STARTER_IDENTITY_NOT_AS_ISSUED_T60,MARKET_TOTAL_RESIDUAL_SHAPE_AT_PRIOR_256_GAME_LEAGUE_MEAN,00-0039923,00-0039917,-29.30767465871287,21.310275327045947,8.362018904587622,16.235030912937823,6.337300905157268,14.441941422900644,3.5,13.414396445182929,3.5,13.717866536013092,44.5,10.74525550320351,45.9296875,11.596570791041861
2025_02_TB_HOU,2025,2,False,False,-1.0,39.0,RECONSTRUCTED_STARTER_IDENTITY_NOT_AS_ISSUED_T60,MARKET_TOTAL_RESIDUAL_SHAPE_AT_PRIOR_256_GAME_LEAGUE_MEAN,00-0039163,00-0034855,-0.03167352182795735,0.2022180273714147,1.2127675068594455,2.8640816182370994,1.2034118448914704,2.85444618843629,2.5,3.28248641849593,2.5,3.302531072754304,42.5,3.46542325005825,45.9296875,4.367062594320551
2025_02_LAC_LV,2025,2,False,False,-11.0,29.0,RECONSTRUCTED_STARTER_IDENTITY_NOT_AS_ISSUED_T60,MARKET_TOTAL_RESIDUAL_SHAPE_AT_PRIOR_256_GAME_LEAGUE_MEAN,00-0030565,00-0036355,13.324666532223217,1.401373283395757,-2.183187721212844,4.860650432571831,-1.7062559912597453,4.831952860186194,-3.5,4.290111275529861,,,46.5,11.59657079104186,45.9296875,10.745255503203511
2025_03_MIA_BUF,2025,3,False,False,10.0,52.0,RECONSTRUCTED_STARTER_IDENTITY_NOT_AS_ISSUED_T60,MARKET_TOTAL_RESIDUAL_SHAPE_AT_PRIOR_256_GAME_LEAGUE_MEAN,00-0034857,00-0036212,5.57986093488303,10.883340590323144,11.425731195883737,2.840825804283611,11.213592009666131,2.839577717220127,12.5,3.075471550024713,11.5,2.9084948640216126,50.5,3.194359582502025,46.44921875,4.291195266832942
2025_03_ATL_CAR,2025,3,False,False,30.0,30.0,RECONSTRUCTED_STARTER_IDENTITY_NOT_AS_ISSUED_T60,MARKET_TOTAL_RESIDUAL_SHAPE_AT_PRIOR_256_GAME_LEAGUE_MEAN,00-0039150,00-0039917,-0.9038306599282286,25.280787526427062,-2.1416696133188178,25.685278720791427,-3.18905434077303,26.670305891066864,-5.5,28.889806281248507,-4.5,27.43565141354238,44.5,9.135648183340756,46.44921875,9.923677157797487
2025_03_CIN_MIN,2025,3,False,False,38.0,58.0,RECONSTRUCTED_STARTER_IDENTITY_NOT_AS_ISSUED_T60,MARKET_TOTAL_RESIDUAL_SHAPE_AT_PRIOR_256_GAME_LEAGUE_MEAN,00-0032950,00-0035100,-46.47405783484706,-18.323746312684364,1.229256673041682,30.622754893113196,0.10324421215517418,31.621506806049712,3.0,27.898193623985826,3.0,27.435651413542377,41.5,10.078461755586272,46.44921875,7.2931014810914245
2025_03_GB_CLE,2025,3,False,False,3.0,23.0,RECONSTRUCTED_STARTER_IDENTITY_NOT_AS_ISSUED_T60,MARKET_TOTAL_RESIDUAL_SHAPE_AT_PRIOR_256_GAME_LEAGUE_MEAN,00-0026158,00-0036264,29.886877828054303,-0.7998871695680254,-6.698442562565988,6.735984020067065,-5.470971962661094,5.578807606659699,-8.5,7.483782644191699,-7.5,6.666748325150473,41.5,12.461610821541285,46.44921875,16.094092712505834
2025_03_HOU_JAX,2025,3,False,False,7.0,27.0,RECONSTRUCTED_STARTER_IDENTITY_NOT_AS_ISSUED_T60,MARKET_TOTAL_RESIDUAL_SHAPE_AT_PRIOR_256_GAME_LEAGUE_MEAN,00-0036971,00-0039163,19.145672271179095,0.17839584211265525,-0.6546116423834882,5.563281008248536,0.10407941477916928,5.045448857136254,1.5,3.799070482544728,1.5,3.765789858696797,43.5,10.74525550320351,46.44921875,12.46161082154129
2025_03_IND_TEN,2025,3,False,False,-21.0,61.0,RECONSTRUCTED_STARTER_IDENTITY_NOT_AS_ISSUED_T60,MARKET_TOTAL_RESIDUAL_SHAPE_AT_PRIOR_256_GAME_LEAGUE_MEAN,00-0040676,00-0035710,-49.66071428571428,-7.939149857274663,-3.0212024876022134,10.985316845076593,-4.690065064739798,9.379036352370719,-6.0,9.256943147432263,-6.0,9.563446940698928,43.5,10.853528473085323,46.44921875,9.333894466222953
2025_03_LA_PHI,2025,3,False,False,7.0,59.0,RECONSTRUCTED_STARTER_IDENTITY_NOT_AS_ISSUED_T60,MARKET_TOTAL_RESIDUAL_SHAPE_AT_PRIOR_256_GAME_LEAGUE_MEAN,00-0036389,00-0026498,-8.966244725738415,-4.1920598142487275,7.195986829540079,2.886956189338889,7.005019433080491,2.881133188055048,3.5,3.2127189766354647,,,45.5,7.9347332004966855,46.44921875,7.9347332004966855
2025_03_LV_WAS,2025,3,False,False,17.0,65.0,RECONSTRUCTED_STARTER_IDENTITY_NOT_AS_ISSUED_T60,MARKET_TOTAL_RESIDUAL_SHAPE_AT_PRIOR_256_GAME_LEAGUE_MEAN,00-0032268,00-0030565,-6.50649794801641,6.819131161236425,8.293140877711949,6.132476585831457,7.760115713341836,6.154103069869764,2.5,8.899718595392612,,,43.5,14.161191454404424,46.44921875,12.46694822146504
2025_03_NYJ_TB,2025,3,False,False,2.0,56.0,RECONSTRUCTED_STARTER_IDENTITY_NOT_AS_ISSUED_T60,MARKET_TOTAL_RESIDUAL_SHAPE_AT_PRIOR_256_GAME_LEAGUE_MEAN,00-0034855,00-0028118,0.20047336441995078,5.563446969696972,8.064624940477724,3.6197049502996226,7.850105996266644,3.5940573207275612,6.5,3.5604124573826983,6.5,3.5911359715828466,43.5,7.293101481091423,46.44921875,6.12116095497629
2025_03_PIT_NE,2025,3,False,False,-7.0,35.0,RECONSTRUCTED_STARTER_IDENTITY_NOT_AS_ISSUED_T60,MARKET_TOTAL_RESIDUAL_SHAPE_AT_PRIOR_256_GAME_LEAGUE_MEAN,00-0039851,00-0023459,-5.471137521222413,-9.25598309499238,-0.9965609439675791,3.6197049502996226,-0.8451671210167804,3.594057320727563,-1.5,3.560412457382699,-1.5,3.5911359715828457,44.5,5.791004645407093,46.44921875,6.3746874513544824
2025_03_DEN_LAC,2025,3,False,False,3.0,43.0,RECONSTRUCTED_STARTER_IDENTITY_NOT_AS_ISSUED_T60,MARKET_TOTAL_RESIDUAL_SHAPE_AT_PRIOR_256_GAME_LEAGUE_MEAN,00-0036355,00-0039732,1.451390428335686,-0.5977213705286033,3.439188527899032,2.8869561893388918,3.5211529998536037,2.839577717220126,2.5,2.839482224824561,2.5,2.8190379950120263,45.5,3.2896702954261556,46.44921875,3.2896702954261556
2025_03_NO_SEA,2025,3,False,False,31.0,57.0,RECONSTRUCTED_STARTER_IDENTITY_NOT_AS_ISSUED_T60,MARKET_TOTAL_RESIDUAL_SHAPE_AT_PRIOR_256_GAME_LEAGUE_MEAN,00-0034869,00-0039376,23.58110761979575,-28.154494335428847,9.011464856247558,16.184706856513884,11.08088893445654,14.42592922312939,7.5,16.401434188225245,7.5,15.963872925789449,41.5,9.333894466222947,46.44921875,6.688069075449031
2025_03_ARI_SF,2025,3,False,False,1.0,31.0,RECONSTRUCTED_STARTER_IDENTITY_NOT_AS_ISSUED_T60,MARKET_TOTAL_RESIDUAL_SHAPE_AT_PRIOR_256_GAME_LEAGUE_MEAN,00-0036972,00-0035228,-21.944983818770236,0.24485834795267003,3.51981948215529,2.9559611454959605,2.6322257954863733,2.854446188436291,1.5,2.841388439083044,1.5,2.8137131813805034,44.5,8.380406094129928,46.44921875,9.135648183340757
2025_03_DAL_CHI,2025,3,False,False,17.0,45.0,RECONSTRUCTED_STARTER_IDENTITY_NOT_AS_ISSUED_T60,MARKET_TOTAL_RESIDUAL_SHAPE_AT_PRIOR_256_GAME_LEAGUE_MEAN,00-0039918,00-0033077,3.1331084587441493,-10.165945165945157,-0.2459599637397878,11.857981732609957,0.2860021812477845,11.875033302427905,-1.5,12.887900066990017,-0.0,10.918079528558351,49.5,3.7067499751821593,46.44921875,3.1356481833407575
2025_03_KC_NYG,2025,3,False,False,-13.0,31.0,RECONSTRUCTED_STARTER_IDENTITY_NOT_AS_ISSUED_T60,MARKET_TOTAL_RESIDUAL_SHAPE_AT_PRIOR_256_GAME_LEAGUE_MEAN,00-0029263,00-0033873,42.97024129086135,1.5637931034482744,-6.348822011188958,3.974642045229092,-4.692564083692435,4.360355452637587,-6.0,4.290111275529861,-6.0,4.3941178672165,44.5,8.380406094129928,46.44921875,9.135648183340757
2025_03_DET_BAL,2025,3,False,False,-8.0,68.0,RECONSTRUCTED_STARTER_IDENTITY_NOT_AS_ISSUED_T60,MARKET_TOTAL_RESIDUAL_SHAPE_AT_PRIOR_256_GAME_LEAGUE_MEAN,00-0034796,00-0033106,1.6131107235769715,3.373782557659988,3.72186195760416,6.553749936956121,3.651435084240839,6.526577335977273,4.5,7.754083826044539,4.5,8.046940018441205,53.5,8.618301633588558,46.44921875,15.03309385623439
2025_04_SEA_ARI,2025,4,False,False,-3.0,43.0,RECONSTRUCTED_STARTER_IDENTITY_NOT_AS_ISSUED_T60,MARKET_TOTAL_RESIDUAL_SHAPE_AT_PRIOR_256_GAME_LEAGUE_MEAN,00-0035228,00-0034869,0.1783603512327092,9.385171398891966,-0.035594805874925445,2.955961145495963,-0.40386724778129574,2.9387008586612247,-1.5,2.841388439083043,,,43.5,3.1356481833407557,46.49609375,3.2896702954261556
2025_04_MIN_PIT,2025,4,False,False,3.0,45.0,RECONSTRUCTED_STARTER_IDENTITY_NOT_AS_ISSUED_T60,MARKET_TOTAL_RESIDUAL_SHAPE_AT_PRIOR_256_GAME_LEAGUE_MEAN,00-0023459,00-0032950,3.046396110758831,-41.7365759406946,-1.5871924951727852,4.127139185907706,0.20412638688535226,3.442703908604038,-2.5,4.182982034203135,-2.5,4.137461850177097,41.5,3.449029807435301,46.49609375,3.1356481833407575
2025_04_CAR_NE,2025,4,False,False,29.0,55.0,RECONSTRUCTED_STARTER_IDENTITY_NOT_AS_ISSUED_T60,MARKET_TOTAL_RESIDUAL_SHAPE_AT_PRIOR_256_GAME_LEAGUE_MEAN,00-0039851,00-0039150,-5.268276382081782,-0.9096633085895922,2.2347276320858693,20.832438461546285,2.0603831091461817,20.835002802999767,5.5,16.401434188225245,5.0,16.8595065786116,42.5,7.293101481091418,46.49609375,5.593139605376594
2025_04_CLE_DET,2025,4,False,False,24.0,44.0,RECONSTRUCTED_STARTER_IDENTITY_NOT_AS_ISSUED_T60,MARKET_TOTAL_RESIDUAL_SHAPE_AT_PRIOR_256_GAME_LEAGUE_MEAN,00-0033106,00-0026158,3.5055573453608213,43.19358420007011,12.107755623420799,8.057371744047241,10.520234549232427,8.784678746575825,10.0,8.89971859539261,11.0,7.989432031220757,44.5,3.1356481833407566,46.49609375,3.1733912256587136
2025_04_LAC_NYG,2025,4,False,False,3.0,39.0,RECONSTRUCTED_STARTER_IDENTITY_NOT_AS_ISSUED_T60,MARKET_TOTAL_RESIDUAL_SHAPE_AT_PRIOR_256_GAME_LEAGUE_MEAN,00-0040691,00-0036355,28.042158369283655,1.3733818304595857,-6.714218811943356,6.735984020067065,-5.647467750390393,6.1541030698697625,-6.0,5.629036170688077,-6.0,5.537887835267617,43.5,3.7067499751821593,46.49609375,4.367062594320551
2025_04_NO_BUF,2025,4,False,False,12.0,50.0,RECONSTRUCTED_STARTER_IDENTITY_NOT_AS_ISSUED_T60,MARKET_TOTAL_RESIDUAL_SHAPE_AT_PRIOR_256_GAME_LEAGUE_MEAN,00-0034857,00-0039376,9.106559987262175,-13.204925241864562,14.493477205994905,2.8640816182370985,15.385936615159974,2.9387008586612247,15.5,3.282486418495929,14.5,3.069304235693603,48.5,3.1943595825020195,46.49609375,3.674344332787955
2025_04_PHI_TB,2025,4,False,False,-6.0,56.0,RECONSTRUCTED_STARTER_IDENTITY_NOT_AS_ISSUED_T60,MARKET_TOTAL_RESIDUAL_SHAPE_AT_PRIOR_256_GAME_LEAGUE_MEAN,00-0034855,00-0036389,0.18965486788184993,-0.627138370071223,-3.0606781109456644,2.9559611454959605,-3.028006381427541,2.9387008586612238,-3.5,2.924118137901192,-3.5,2.908494864021611,44.5,6.68806907544903,46.49609375,6.12116095497629
2025_04_TEN_HOU,2025,4,False,False,26.0,26.0,RECONSTRUCTED_STARTER_IDENTITY_NOT_AS_ISSUED_T60,MARKET_TOTAL_RESIDUAL_SHAPE_AT_PRIOR_256_GAME_LEAGUE_MEAN,00-0039163,00-0040676,-0.21791901136489766,-34.225310467179185,9.05033179000815,11.857981732609955,10.41062744824072,11.067179699682956,7.5,12.045734607592385,7.5,11.705086983297438,39.5,8.380406094129924,46.49609375,13.344188023218761
2025_04_WAS_ATL,2025,4,False,False,7.0,61.0,RECONSTRUCTED_STARTER_IDENTITY_NOT_AS_ISSUED_T60,MARKET_TOTAL_RESIDUAL_SHAPE_AT_PRIOR_256_GAME_LEAGUE_MEAN,00-0039917,00-0032268,18.570045806521996,4.10018871161435,-2.691681550699977,6.735984020067063,-2.1128872669036713,6.1541030698697625,2.5,3.471582872937409,2.0,3.765789858696797,43.5,10.853528473085323,46.49609375,9.333894466222953
2025_04_IND_LA,2025,4,False,False,7.0,47.0,RECONSTRUCTED_STARTER_IDENTITY_NOT_AS_ISSUED_T60,MARKET_TOTAL_RESIDUAL_SHAPE_AT_PRIOR_256_GAME_LEAGUE_MEAN,00-0026498,00-0035710,2.389563482841428,-20.034036379868315,4.876908071385233,3.1728883281112896,5.773852065893623,3.006562086263207,3.5,3.2127189766354647,,,49.5,3.289670295426154,46.49609375,3.194359582502024
2025_04_JAX_SF,2025,4,False,False,-5.0,47.0,RECONSTRUCTED_STARTER_IDENTITY_NOT_AS_ISSUED_T60,MARKET_TOTAL_RESIDUAL_SHAPE_AT_PRIOR_256_GAME_LEAGUE_MEAN,00-0037834,00-0036971,6.647683807904792,17.21826992473452,5.518544416144132,5.947955045610336,5.095720971470943,5.3592117240824955,3.5,5.24626834758476,3.5,5.439911264447597,45.5,3.194359582502024,46.49609375,3.194359582502024
2025_04_BAL_KC,2025,4,False,False,17.0,57.0,RECONSTRUCTED_STARTER_IDENTITY_NOT_AS_ISSUED_T60,MARKET_TOTAL_RESIDUAL_SHAPE_AT_PRIOR_256_GAME_LEAGUE_MEAN,00-0033873,00-0034796,2.003993299513329,2.351914089166618,2.2269174038255186,10.266674069628635,2.213000572239387,10.286013096556765,-2.5,13.74150281193855,-2.5,13.364298910879972,48.5,5.110867397980479,46.49609375,6.688069075449031
2025_04_CHI_LV,2025,4,False,False,-1.0,49.0,RECONSTRUCTED_STARTER_IDENTITY_NOT_AS_ISSUED_T60,MARKET_TOTAL_RESIDUAL_SHAPE_AT_PRIOR_256_GAME_LEAGUE_MEAN,00-0030565,00-0039918,12.769607843137255,3.445015263197093,1.3938896819277125,2.8640816182370994,1.7668733851253189,2.9387008586612238,1.5,3.075471550024714,,,47.5,3.1943595825020212,46.49609375,3.4490298074353056
2025_04_GB_DAL,2025,4,False,False,0.0,80.0,RECONSTRUCTED_STARTER_IDENTITY_NOT_AS_ISSUED_T60,MARKET_TOTAL_RESIDUAL_SHAPE_AT_PRIOR_256_GAME_LEAGUE_MEAN,00-0033077,00-0036264,-10.196103348872665,-1.4322629949613308,-3.40569859561474,3.4271773101928726,-3.7562522097711932,3.7618041754740332,-7.0,4.613405213768518,-4.0,3.460145556247383,47.5,24.365156380062068,46.49609375,26.309494923714375
2025_04_NYJ_MIA,2025,4,False,False,6.0,48.0,RECONSTRUCTED_STARTER_IDENTITY_NOT_AS_ISSUED_T60,MARKET_TOTAL_RESIDUAL_SHAPE_AT_PRIOR_256_GAME_LEAGUE_MEAN,00-0036212,00-0036945,11.118308988431513,-5.196288082792111,3.141088181945761,3.4271773101928753,3.7936720647947055,3.1937523264462024,2.5,3.2127189766354647,2.5,3.212009241018416,44.5,3.4490298074353047,46.49609375,3.2915765096846386
2025_04_CIN_DEN,2025,4,False,False,25.0,31.0,RECONSTRUCTED_STARTER_IDENTITY_NOT_AS_ISSUED_T60,MARKET_TOTAL_RESIDUAL_SHAPE_AT_PRIOR_256_GAME_LEAGUE_MEAN,00-0039732,00-0035100,-0.6451711438096641,-12.55035986694959,3.298778681288177,16.184706856513884,3.774986230213774,15.301644053476323,7.5,11.224918747889754,7.5,10.918079528558351,44.5,8.380406094129928,46.49609375,9.135648183340757
2025_05_SF_LA,2025,5,False,False,-3.0,49.0,RECONSTRUCTED_STARTER_IDENTITY_NOT_AS_ISSUED_T60,MARKET_TOTAL_RESIDUAL_SHAPE_AT_PRIOR_256_GAME_LEAGUE_MEAN,00-0026498,00-0036972,11.590909090909074,-25.227290327576867,6.083634636983479,4.860650432571831,7.556362613722916,5.92154493033488,8.5,7.055265678884798,,,43.5,3.9560828001916892,46.4296875,3.4490298074353056
2025_05_MIN_CLE,2025,5,False,False,-4.0,38.0,RECONSTRUCTED_STARTER_IDENTITY_NOT_AS_ISSUED_T60,MARKET_TOTAL_RESIDUAL_SHAPE_AT_PRIOR_256_GAME_LEAGUE_MEAN,00-0040704,00-0032950,167.67045454545456,-26.98868195248121,-5.805731838735037,3.1728883281112887,1.9806336211823938,3.5940573207275603,-3.5,2.839482224824562,-5.5,3.000081658483805,35.5,3.2915743294929536,46.4296875,4.781473574114681
2025_05_DAL_NYJ,2025,5,False,False,-15.0,59.0,RECONSTRUCTED_STARTER_IDENTITY_NOT_AS_ISSUED_T60,MARKET_TOTAL_RESIDUAL_SHAPE_AT_PRIOR_256_GAME_LEAGUE_MEAN,00-0036945,00-0033077,-0.25386183643063553,-2.6045563738038124,0.8243578321453788,9.384096867951166,0.9183856136403058,9.379036352370717,1.5,10.85282572463394,1.5,11.171540657418841,48.5,6.121160954976285,46.4296875,7.9347332004966855
2025_05_DEN_PHI,2025,5,False,False,-4.0,38.0,RECONSTRUCTED_STARTER_IDENTITY_NOT_AS_ISSUED_T60,MARKET_TOTAL_RESIDUAL_SHAPE_AT_PRIOR_256_GAME_LEAGUE_MEAN,00-0036389,00-0039732,-6.416860490004428,-0.6415377592049465,8.713904937253329,7.209868884725852,8.482892028021348,6.526577335977274,3.5,4.745696483307215,4.5,5.439911264447595,44.5,4.36706259432055,46.4296875,4.781473574114681
2025_05_HOU_BAL,2025,5,False,False,-34.0,54.0,RECONSTRUCTED_STARTER_IDENTITY_NOT_AS_ISSUED_T60,MARKET_TOTAL_RESIDUAL_SHAPE_AT_PRIOR_256_GAME_LEAGUE_MEAN,00-0033662,00-0039163,-84.03551136363635,0.09729853479854,6.163632887170952,31.73865272002894,2.7983204912335564,28.803740889160654,-2.5,23.78915816840062,1.5,29.014991136652068,41.5,7.29310148109142,46.4296875,5.110867397980483
2025_05_LV_IND,2025,5,False,False,34.0,46.0,RECONSTRUCTED_STARTER_IDENTITY_NOT_AS_ISSUED_T60,MARKET_TOTAL_RESIDUAL_SHAPE_AT_PRIOR_256_GAME_LEAGUE_MEAN,00-0035710,00-0030565,-13.157894736842103,9.621397470454074,6.865930830155849,20.832438461546285,5.954759141864002,21.79306608931315,7.0,20.11855199226642,,,46.5,3.1356481833407566,46.4296875,3.15509156877728
2025_05_MIA_CAR,2025,5,False,False,3.0,51.0,RECONSTRUCTED_STARTER_IDENTITY_NOT_AS_ISSUED_T60,MARKET_TOTAL_RESIDUAL_SHAPE_AT_PRIOR_256_GAME_LEAGUE_MEAN,00-0039150,00-0036212,-4.0289194328407385,23.118979477872404,-0.39932132374063256,3.4271773101928753,-1.485237280169158,3.761804175474037,-1.5,3.7990704825447272,-1.5,3.765789858696797,44.5,4.291195266832941,46.4296875,3.956082800191691
2025_05_NYG_NO,2025,5,False,False,12.0,40.0,RECONSTRUCTED_STARTER_IDENTITY_NOT_AS_ISSUED_T60,MARKET_TOTAL_RESIDUAL_SHAPE_AT_PRIOR_256_GAME_LEAGUE_MEAN,00-0039376,00-0040691,1.3486842105263186,-16.275204359673022,2.2040167885773005,6.735984020067064,2.9089723313852742,6.154103069869763,1.5,6.197469262567603,2.5,5.537887835267616,41.5,3.173391225658709,46.4296875,4.007550585170723
2025_05_TB_SEA,2025,5,False,False,-3.0,73.0,RECONSTRUCTED_STARTER_IDENTITY_NOT_AS_ISSUED_T60,MARKET_TOTAL_RESIDUAL_SHAPE_AT_PRIOR_256_GAME_LEAGUE_MEAN,00-0034869,00-0034855,5.128743163480798,0.0,3.4077335913950084,3.6197049502996235,3.61288331793424,3.9489944156570305,3.5,4.29011127552986,3.5,4.394117867216501,44.5,20.526040863478002,46.4296875,19.58475226263927
2025_05_TEN_ARI,2025,5,False,False,-1.0,43.0,RECONSTRUCTED_STARTER_IDENTITY_NOT_AS_ISSUED_T60,MARKET_TOTAL_RESIDUAL_SHAPE_AT_PRIOR_256_GAME_LEAGUE_MEAN,00-0035228,00-0040676,0.13603064629976735,-31.517595602102645,9.10655441591589,5.38485935365456,10.372699465851985,5.92154493033488,7.5,5.24626834758476,8.0,5.439911264447595,41.5,3.1943595825020195,46.4296875,3.2896702954261556
2025_05_DET_CIN,2025,5,False,False,-13.0,61.0,RECONSTRUCTED_STARTER_IDENTITY_NOT_AS_ISSUED_T60,MARKET_TOTAL_RESIDUAL_SHAPE_AT_PRIOR_256_GAME_LEAGUE_MEAN,00-0035100,00-0033106,-5.649786230281584,2.991144108235577,-3.3758701907125213,5.384859353654559,-3.7215074042532077,4.831952860186194,-10.5,2.924118137901192,-8.5,3.302531072754306,49.5,6.688069075449029,46.4296875,9.333894466222953
2025_05_WAS_LAC,2025,5,False,False,-17.0,37.0,RECONSTRUCTED_STARTER_IDENTITY_NOT_AS_ISSUED_T60,MARKET_TOTAL_RESIDUAL_SHAPE_AT_PRIOR_256_GAME_LEAGUE_MEAN,00-0036355,00-0039910,1.0145533979205368,-7.339405024075241,3.392676006895126,12.668885278168478,3.726834343774957,13.553264335596033,2.5,13.414396445182929,3.0,13.71786653601309,47.5,6.37468745135448,46.4296875,5.259933352993826
2025_05_NE_BUF,2025,5,False,False,-3.0,43.0,RECONSTRUCTED_STARTER_IDENTITY_NOT_AS_ISSUED_T60,MARKET_TOTAL_RESIDUAL_SHAPE_AT_PRIOR_256_GAME_LEAGUE_MEAN,00-0034857,00-0039851,11.406506142087668,-4.152663833152115,12.71966304584871,9.384096867951165,13.342029844858303,9.379036352370719,7.5,6.393809331191317,7.5,6.656098697887424,49.5,4.367062594320549,46.4296875,3.2896702954261556
2025_05_KC_JAX,2025,5,False,False,3.0,59.0,RECONSTRUCTED_STARTER_IDENTITY_NOT_AS_ISSUED_T60,MARKET_TOTAL_RESIDUAL_SHAPE_AT_PRIOR_256_GAME_LEAGUE_MEAN,00-0036971,00-0033873,11.411054885169335,1.364968485286444,-3.4449240633989757,4.5545124226595135,-3.04308060740366,4.570039021070678,-3.5,4.613405213768519,-3.5,4.564511903425231,45.5,7.9347332004966855,46.4296875,7.9347332004966855
2025_06_PHI_NYG,2025,6,False,False,17.0,51.0,RECONSTRUCTED_STARTER_IDENTITY_NOT_AS_ISSUED_T60,MARKET_TOTAL_RESIDUAL_SHAPE_AT_PRIOR_256_GAME_LEAGUE_MEAN,00-0040691,00-0036389,-28.94963144963144,-2.5219907992518165,-11.005916645106163,21.791264233563062,-12.06302227112135,22.76027920406725,-7.0,17.316035789445223,-9.0,18.680592840592432,40.5,6.121160954976285,46.515625,3.674344332787954
2025_06_DEN_NYJ,2025,6,False,False,-2.0,24.0,RECONSTRUCTED_STARTER_IDENTITY_NOT_AS_ISSUED_T60,MARKET_TOTAL_RESIDUAL_SHAPE_AT_PRIOR_256_GAME_LEAGUE_MEAN,00-0036945,00-0039732,-7.393991050500737,-0.633305647840543,-8.866865230823741,5.03449717294545,-9.13729264693015,5.045448857136252,-7.5,4.182982034203136,-6.0,3.460145556247384,43.5,13.34418802321876,46.515625,16.094092712505834
2025_06_ARI_IND,2025,6,False,False,4.0,58.0,RECONSTRUCTED_STARTER_IDENTITY_NOT_AS_ISSUED_T60,MARKET_TOTAL_RESIDUAL_SHAPE_AT_PRIOR_256_GAME_LEAGUE_MEAN,00-0035710,00-0033119,-17.187618434018038,-8.880568356374807,4.785316351055708,2.840825804283611,4.453034347949979,2.881133188055048,8.5,3.5604124573827,8.0,3.302531072754304,46.5,6.68806907544903,46.515625,6.68806907544903
2025_06_CLE_PIT,2025,6,False,False,14.0,32.0,RECONSTRUCTED_STARTER_IDENTITY_NOT_AS_ISSUED_T60,MARKET_TOTAL_RESIDUAL_SHAPE_AT_PRIOR_256_GAME_LEAGUE_MEAN,00-0023459,00-0040704,16.671246115364212,98.40672612411744,8.441729316626333,4.554512422659515,5.172310116276205,6.1541030698697625,5.5,5.1002523353849885,6.5,4.564511903425232,37.5,4.007550294478495,46.515625,9.135648183340756
2025_06_DAL_CAR,2025,6,False,False,3.0,57.0,RECONSTRUCTED_STARTER_IDENTITY_NOT_AS_ISSUED_T60,MARKET_TOTAL_RESIDUAL_SHAPE_AT_PRIOR_256_GAME_LEAGUE_MEAN,00-0039150,00-0033077,-4.272705196697446,-7.953175312424654,-1.0776590835271054,3.7493275198764433,-0.930440278898017,3.761804175474037,-3.0,4.182982034203135,-3.0,4.137461850177097,47.5,5.593139605376591,46.515625,6.121160954976289
2025_06_LAC_MIA,2025,6,False,False,-2.0,56.0,RECONSTRUCTED_STARTER_IDENTITY_NOT_AS_ISSUED_T60,MARKET_TOTAL_RESIDUAL_SHAPE_AT_PRIOR_256_GAME_LEAGUE_MEAN,00-0036212,00-0036355,21.303485162180813,0.4182182154156333,-1.1562480165455873,2.840825804283611,-0.32083733867498004,2.8544461884362917,-3.5,3.0224787936388973,-2.5,2.873351094053561,45.5,6.12116095497629,46.515625,5.593139605376593
2025_06_LA_BAL,2025,6,False,False,-14.0,20.0,RECONSTRUCTED_STARTER_IDENTITY_NOT_AS_ISSUED_T60,MARKET_TOTAL_RESIDUAL_SHAPE_AT_PRIOR_256_GAME_LEAGUE_MEAN,00-0033662,00-0026498,-64.22869828074815,-1.3861409459204888,1.5002174751285566,9.384096867951165,-1.01348481826455,7.179646340933433,-7.0,4.29011127552986,,,43.5,17.03385634193778,46.515625,19.920245972132214
2025_06_NE_NO,2025,6,False,False,-6.0,44.0,RECONSTRUCTED_STARTER_IDENTITY_NOT_AS_ISSUED_T60,MARKET_TOTAL_RESIDUAL_SHAPE_AT_PRIOR_256_GAME_LEAGUE_MEAN,00-0039376,00-0039851,6.895238095238088,-3.4636914943243724,0.16308306846698542,3.6197049502996235,0.5774402520494839,3.9489944156570296,-3.5,2.924118137901192,-3.5,2.908494864021611,46.5,3.2896702954261547,46.515625,3.2896702954261547
2025_06_SEA_JAX,2025,6,False,False,-8.0,32.0,RECONSTRUCTED_STARTER_IDENTITY_NOT_AS_ISSUED_T60,MARKET_TOTAL_RESIDUAL_SHAPE_AT_PRIOR_256_GAME_LEAGUE_MEAN,00-0036971,00-0034869,0.2883284285412957,-13.242856373622436,0.2998933172354009,4.386765567913044,0.8411407093219502,4.831952860186194,-1.5,3.8947624383205577,0.5,5.439911264447595,47.5,9.923677157797485,46.515625,9.135648183340756
2025_06_TEN_LV,2025,6,False,False,10.0,30.0,RECONSTRUCTED_STARTER_IDENTITY_NOT_AS_ISSUED_T60,MARKET_TOTAL_RESIDUAL_SHAPE_AT_PRIOR_256_GAME_LEAGUE_MEAN,00-0030565,00-0040676,17.822141046305372,-17.282775275159057,4.620078988981941,4.127139185907705,6.024275641840518,3.761804175474035,3.5,4.182982034203135,,,41.5,7.001831942395271,46.515625,10.74525550320351
2025_06_CIN_GB,2025,6,False,False,9.0,45.0,RECONSTRUCTED_STARTER_IDENTITY_NOT_AS_ISSUED_T60,MARKET_TOTAL_RESIDUAL_SHAPE_AT_PRIOR_256_GAME_LEAGUE_MEAN,00-0036264,00-0026158,-1.6006600660065873,-21.5129346708294,6.919130976076576,3.172888328111288,7.715621960269488,3.006562086263207,14.0,3.560412457382699,14.0,3.5911359715828457,44.5,3.155091568777279,46.515625,3.1733912256587127
2025_06_SF_TB,2025,6,False,False,11.0,49.0,RECONSTRUCTED_STARTER_IDENTITY_NOT_AS_ISSUED_T60,MARKET_TOTAL_RESIDUAL_SHAPE_AT_PRIOR_256_GAME_LEAGUE_MEAN,00-0034855,00-0036972,0.0,-14.99699197860962,4.587771438064765,4.554512422659515,5.18765111720915,4.570039021070677,3.5,4.613405213768518,3.5,4.564511903425233,46.5,3.2915765096846377,46.515625,3.2915765096846377
2025_06_DET_KC,2025,6,False,False,13.0,47.0,RECONSTRUCTED_STARTER_IDENTITY_NOT_AS_ISSUED_T60,MARKET_TOTAL_RESIDUAL_SHAPE_AT_PRIOR_256_GAME_LEAGUE_MEAN,00-0033873,00-0033106,4.324527216969076,2.15895723447046,0.1527020180395266,8.769152148164665,0.23932481733947128,8.784678746575825,2.5,6.197469262567603,2.0,6.666748325150472,51.5,3.70674997518216,46.515625,3.155091568777279
2025_06_BUF_ATL,2025,6,False,False,10.0,38.0,RECONSTRUCTED_STARTER_IDENTITY_NOT_AS_ISSUED_T60,MARKET_TOTAL_RESIDUAL_SHAPE_AT_PRIOR_256_GAME_LEAGUE_MEAN,00-0039917,00-0034857,18.857542521848924,-8.498339294839031,-4.634765933258259,10.266674069628639,-3.5405306605907407,9.524671121718791,-3.5,8.899718595392613,-3.5,8.693372393308085,49.5,7.001831942395274,46.515625,5.2599333529938255
2025_06_CHI_WAS,2025,6,False,False,-1.0,49.0,RECONSTRUCTED_STARTER_IDENTITY_NOT_AS_ISSUED_T60,MARKET_TOTAL_RESIDUAL_SHAPE_AT_PRIOR_256_GAME_LEAGUE_MEAN,00-0039910,00-0039918,-7.33521657250471,3.0016280016280206,8.228559988270671,4.8606504325718305,7.815086205305363,4.831952860186195,5.5,4.29011127552986,4.5,3.9542882612527066,49.5,3.1356481833407557,46.515625,3.2915765096846377
2025_07_PIT_CIN,2025,7,False,False,2.0,64.0,RECONSTRUCTED_STARTER_IDENTITY_NOT_AS_ISSUED_T60,MARKET_TOTAL_RESIDUAL_SHAPE_AT_PRIOR_256_GAME_LEAGUE_MEAN,00-0026158,00-0023459,-21.441566880163386,25.16741558857496,-0.35742940261268813,3.1728883281112905,-2.221788701362222,3.7618041754740332,-5.5,5.100252335384989,-5.0,4.564511903425233,45.5,11.649944790279376,46.33203125,11.649944790279376
2025_07_LA_JAX,2025,7,False,False,-28.0,42.0,RECONSTRUCTED_STARTER_IDENTITY_NOT_AS_ISSUED_T60,MARKET_TOTAL_RESIDUAL_SHAPE_AT_PRIOR_256_GAME_LEAGUE_MEAN,00-0036971,00-0026498,-2.9961993243243334,-2.2939828080229097,-4.858745711579913,15.324241740234815,-4.886834372231971,15.342055795756153,-3.0,18.022478793638896,,,44.5,3.2896702954261547,46.33203125,3.4654232500582562
2025_07_CAR_NYJ,2025,7,False,False,-7.0,19.0,RECONSTRUCTED_STARTER_IDENTITY_NOT_AS_ISSUED_T60,MARKET_TOTAL_RESIDUAL_SHAPE_AT_PRIOR_256_GAME_LEAGUE_MEAN,00-0028118,00-0039150,12.170573699325438,-4.2395604208228965,1.3512356582856047,4.386765567913043,2.007641023091538,4.8319528601861945,1.5,5.24626834758476,2.5,6.026705726641419,39.5,14.246589853184442,46.33203125,19.920245972132214
2025_07_LV_KC,2025,7,False,False,31.0,31.0,RECONSTRUCTED_STARTER_IDENTITY_NOT_AS_ISSUED_T60,MARKET_TOTAL_RESIDUAL_SHAPE_AT_PRIOR_256_GAME_LEAGUE_MEAN,00-0033873,00-0030565,14.182350741617844,7.274809029854579,12.358508636214456,13.545362594218801,12.634810304684986,12.711098876198395,13.5,11.224918747889753,,,44.5,8.380406094129928,46.33203125,9.135648183340757
2025_07_MIA_CLE,2025,7,False,False,25.0,37.0,RECONSTRUCTED_STARTER_IDENTITY_NOT_AS_ISSUED_T60,MARKET_TOTAL_RESIDUAL_SHAPE_AT_PRIOR_256_GAME_LEAGUE_MEAN,00-0040704,00-0036212,45.624578475768374,19.165654418463408,0.7799964024775909,18.010097630436867,1.8383533647697896,17.093485456450015,2.5,15.500557329666345,-0.0,17.75940008233897,34.5,3.291573021377946,46.33203125,5.259933352993826
2025_07_NE_TEN,2025,7,False,False,-18.0,44.0,RECONSTRUCTED_STARTER_IDENTITY_NOT_AS_ISSUED_T60,MARKET_TOTAL_RESIDUAL_SHAPE_AT_PRIOR_256_GAME_LEAGUE_MEAN,00-0040676,00-0039851,-15.901506049683867,-2.065972222222223,-3.610230557987079,7.900299689148269,-4.1636519110855446,7.8754145452795985,-6.5,6.393809331191317,-6.0,7.332350029090834,40.5,3.449029807435301,46.33203125,3.1733912256587136
2025_07_NO_CHI,2025,7,False,False,12.0,40.0,RECONSTRUCTED_STARTER_IDENTITY_NOT_AS_ISSUED_T60,MARKET_TOTAL_RESIDUAL_SHAPE_AT_PRIOR_256_GAME_LEAGUE_MEAN,00-0039918,00-0039376,3.163396178017175,7.604527604527611,6.053774422082816,4.554512422659516,5.876129165022397,4.570039021070679,4.5,4.613405213768518,6.0,4.137461850177095,43.5,3.4654232500582545,46.33203125,4.007550585170723
2025_07_PHI_MIN,2025,7,False,False,-6.0,50.0,RECONSTRUCTED_STARTER_IDENTITY_NOT_AS_ISSUED_T60,MARKET_TOTAL_RESIDUAL_SHAPE_AT_PRIOR_256_GAME_LEAGUE_MEAN,00-0032950,00-0036389,0.6629852680528403,0.5393174218840002,-0.870280967662311,3.332629082972135,-0.8653342538155574,3.314606310434005,-2.5,3.075471550024714,-2.5,3.069304235693604,43.5,4.29119526683294,46.33203125,3.674344332787955
2025_07_IND_LAC,2025,7,False,False,-14.0,62.0,RECONSTRUCTED_STARTER_IDENTITY_NOT_AS_ISSUED_T60,MARKET_TOTAL_RESIDUAL_SHAPE_AT_PRIOR_256_GAME_LEAGUE_MEAN,00-0036355,00-0035710,0.41894617595048533,-14.842412937715132,2.87413242825849,10.172888328111291,3.484586792805114,10.17087775534441,2.5,10.85282572463394,2.5,11.171540657418841,48.5,7.934733200496681,46.33203125,10.078461755586277
2025_07_NYG_DEN,2025,7,False,False,1.0,65.0,RECONSTRUCTED_STARTER_IDENTITY_NOT_AS_ISSUED_T60,MARKET_TOTAL_RESIDUAL_SHAPE_AT_PRIOR_256_GAME_LEAGUE_MEAN,00-0039732,00-0040691,-0.6041918233569143,-11.100523690000319,10.296960812282896,4.860650432571831,10.716814086948633,5.359211724082497,7.5,4.29011127552986,9.5,5.439911264447595,39.5,17.731912003394125,46.33203125,12.46694822146504
2025_07_GB_ARI,2025,7,False,False,-4.0,50.0,RECONSTRUCTED_STARTER_IDENTITY_NOT_AS_ISSUED_T60,MARKET_TOTAL_RESIDUAL_SHAPE_AT_PRIOR_256_GAME_LEAGUE_MEAN,00-0033119,00-0036264,-18.213289499900377,-1.7257198144997155,-3.333883002827006,2.840825804283609,-3.9933857902430328,2.8811331880550473,-7.0,3.2127189766354647,-5.0,2.873351094053561,44.5,3.95608280019169,46.33203125,3.674344332787955
2025_07_WAS_DAL,2025,7,False,False,22.0,66.0,RECONSTRUCTED_STARTER_IDENTITY_NOT_AS_ISSUED_T60,MARKET_TOTAL_RESIDUAL_SHAPE_AT_PRIOR_256_GAME_LEAGUE_MEAN,00-0033077,00-0039910,-16.645372542448598,-9.921470342522976,-1.6563330851833142,18.01009763043687,-1.925289173180339,18.011899486186955,1.5,13.74150281193855,1.0,14.21946398010255,54.5,6.688069075449027,46.33203125,13.303776280938928
2025_07_ATL_SF,2025,7,False,False,10.0,30.0,RECONSTRUCTED_STARTER_IDENTITY_NOT_AS_ISSUED_T60,MARKET_TOTAL_RESIDUAL_SHAPE_AT_PRIOR_256_GAME_LEAGUE_MEAN,00-0036972,00-0039917,0.7698244794037024,5.199093075599093,2.8463611731852687,5.034497172945449,2.669190429337453,5.045448857136253,1.5,5.1002523353849885,1.0,5.537887835267616,46.5,10.74525550320351,46.33203125,9.923677157797487
2025_07_TB_DET,2025,7,False,False,15.0,33.0,RECONSTRUCTED_STARTER_IDENTITY_NOT_AS_ISSUED_T60,MARKET_TOTAL_RESIDUAL_SHAPE_AT_PRIOR_256_GAME_LEAGUE_MEAN,00-0033106,00-0034855,2.2990315543506945,0.0,5.048247722550159,6.735984020067065,5.140208984724187,6.759135475512156,6.0,5.629036170688076,6.0,5.537887835267616,54.5,15.162716425811206,46.33203125,7.6693881757159
2025_07_HOU_SEA,2025,7,False,False,8.0,46.0,RECONSTRUCTED_STARTER_IDENTITY_NOT_AS_ISSUED_T60,MARKET_TOTAL_RESIDUAL_SHAPE_AT_PRIOR_256_GAME_LEAGUE_MEAN,00-0034869,00-0039163,-3.4610575205430427,1.0322112511737647,3.3946156256469022,4.127139185907706,3.21488487477823,4.140378327208688,3.0,3.799070482544728,3.0,3.765789858696797,41.5,3.6743443327879506,46.33203125,3.15509156877728
2025_08_MIN_LAC,2025,8,False,False,27.0,47.0,RECONSTRUCTED_STARTER_IDENTITY_NOT_AS_ISSUED_T60,MARKET_TOTAL_RESIDUAL_SHAPE_AT_PRIOR_256_GAME_LEAGUE_MEAN,00-0036355,00-0032950,0.33025581140750937,-12.913404285245434,1.3573241054599838,19.883525003673626,1.8870705093261018,18.944038258584975,3.0,17.316035789445223,,,45.5,3.194359582502024,46.2265625,3.194359582502024
2025_08_BUF_CAR,2025,8,False,False,-31.0,49.0,RECONSTRUCTED_STARTER_IDENTITY_NOT_AS_ISSUED_T60,MARKET_TOTAL_RESIDUAL_SHAPE_AT_PRIOR_256_GAME_LEAGUE_MEAN,00-0027973,00-0034857,-7.275040980070746,7.530885090539852,-4.824949821679411,18.09168360069993,-5.417186864503834,18.118647484661988,-7.0,17.081190192800165,-7.0,17.37707846359563,47.5,3.1943595825020212,46.2265625,3.4490298074353056
2025_08_CHI_BAL,2025,8,False,False,14.0,46.0,RECONSTRUCTED_STARTER_IDENTITY_NOT_AS_ISSUED_T60,MARKET_TOTAL_RESIDUAL_SHAPE_AT_PRIOR_256_GAME_LEAGUE_MEAN,00-0035993,00-0039918,-63.285938352427706,3.2026776986454397,4.165629165921709,6.735984020067063,1.5060845238787837,8.072135856755008,2.5,6.8185138679812525,2.5,6.666748325150472,45.5,3.15509156877728,46.2265625,3.15509156877728
2025_08_CLE_NE,2025,8,False,False,19.0,45.0,RECONSTRUCTED_STARTER_IDENTITY_NOT_AS_ISSUED_T60,MARKET_TOTAL_RESIDUAL_SHAPE_AT_PRIOR_256_GAME_LEAGUE_MEAN,00-0039851,00-0040704,-1.9245756378776457,35.187449062754695,5.787491136860781,8.769152148164665,4.3030101488354875,10.286013096556765,7.0,7.483782644191697,7.0,7.3131807000173525,40.5,3.6743443327879506,46.2265625,3.1356481833407575
2025_08_MIA_ATL,2025,8,False,False,-24.0,44.0,RECONSTRUCTED_STARTER_IDENTITY_NOT_AS_ISSUED_T60,MARKET_TOTAL_RESIDUAL_SHAPE_AT_PRIOR_256_GAME_LEAGUE_MEAN,00-0029604,00-0036212,-9.016104004615366,1.3916733493718247,6.020410962731594,21.90029968914827,5.604099868572107,21.93793837295783,7.0,23.78915816840062,8.5,26.051199869346423,44.5,3.1356481833407566,46.2265625,3.1733912256587136
2025_08_NYG_PHI,2025,8,False,False,18.0,58.0,RECONSTRUCTED_STARTER_IDENTITY_NOT_AS_ISSUED_T60,MARKET_TOTAL_RESIDUAL_SHAPE_AT_PRIOR_256_GAME_LEAGUE_MEAN,00-0036389,00-0040691,0.5892255892255838,-2.9863595706618895,12.63457838294331,4.127139185907704,12.777601789338808,4.140378327208689,7.0,6.818513867981251,8.5,5.537887835267616,43.5,8.618301633588562,46.2265625,7.2931014810914245
2025_08_NYJ_CIN,2025,8,False,False,-1.0,77.0,RECONSTRUCTED_STARTER_IDENTITY_NOT_AS_ISSUED_T60,MARKET_TOTAL_RESIDUAL_SHAPE_AT_PRIOR_256_GAME_LEAGUE_MEAN,00-0026158,00-0036945,-17.649800656660418,-0.8965003138731831,8.047667495649584,4.8606504325718305,7.377535481938095,4.360355452637587,5.5,4.29011127552986,4.5,3.9542882612527066,43.5,25.33618192333313,46.2265625,23.397180779604575
2025_08_SF_HOU,2025,8,False,False,11.0,41.0,RECONSTRUCTED_STARTER_IDENTITY_NOT_AS_ISSUED_T60,MARKET_TOTAL_RESIDUAL_SHAPE_AT_PRIOR_256_GAME_LEAGUE_MEAN,00-0039163,00-0036972,0.5869565217391237,-12.255265358880774,3.3294556358914904,5.563281008248537,3.8431445111162867,5.045448857136253,2.5,5.1002523353849885,2.5,5.0341604657255505,41.5,3.135648183340753,46.2265625,3.706749975182161
2025_08_TB_NO,2025,8,False,False,-20.0,26.0,RECONSTRUCTED_STARTER_IDENTITY_NOT_AS_ISSUED_T60,MARKET_TOTAL_RESIDUAL_SHAPE_AT_PRIOR_256_GAME_LEAGUE_MEAN,00-0040743,00-0034855,-119.20485175202155,0.0,-6.01848773935496,7.900299689148269,-10.786681809435823,4.831952860186194,-4.5,9.256943147432263,-3.5,10.356844171795839,46.5,14.246589853184446,46.2265625,13.344188023218761
2025_08_DAL_DEN,2025,8,False,False,20.0,68.0,RECONSTRUCTED_STARTER_IDENTITY_NOT_AS_ISSUED_T60,MARKET_TOTAL_RESIDUAL_SHAPE_AT_PRIOR_256_GAME_LEAGUE_MEAN,00-0039732,00-0033077,-0.5966625966626005,-12.530449572624924,6.760622735530032,8.769152148164661,7.237974214568525,8.784678746575825,3.5,10.4285024306957,3.5,10.15876110470319,51.5,10.078461755586275,46.2265625,15.03309385623439
2025_08_TEN_IND,2025,8,False,False,24.0,52.0,RECONSTRUCTED_STARTER_IDENTITY_NOT_AS_ISSUED_T60,MARKET_TOTAL_RESIDUAL_SHAPE_AT_PRIOR_256_GAME_LEAGUE_MEAN,00-0035710,00-0040676,-19.373554319359208,-13.348453779075797,13.53690547608464,6.735984020067064,13.295901454473302,7.398479737807241,15.5,5.100252335384988,14.5,5.537887835267617,47.5,3.6743443327879524,46.2265625,4.291195266832942
2025_08_GB_PIT,2025,8,False,False,-10.0,60.0,RECONSTRUCTED_STARTER_IDENTITY_NOT_AS_ISSUED_T60,MARKET_TOTAL_RESIDUAL_SHAPE_AT_PRIOR_256_GAME_LEAGUE_MEAN,00-0023459,00-0036264,17.671394799054376,-2.2108843537414824,-0.610003984985433,4.8606504325718305,0.1852871811264014,5.359211724082497,-3.0,4.29011127552986,-3.0,4.394117867216501,46.5,7.934733200496685,46.2265625,8.618301633588564
2025_08_WAS_KC,2025,8,False,False,21.0,35.0,RECONSTRUCTED_STARTER_IDENTITY_NOT_AS_ISSUED_T60,MARKET_TOTAL_RESIDUAL_SHAPE_AT_PRIOR_256_GAME_LEAGUE_MEAN,00-0033873,00-0032268,0.0,-12.070898740727976,7.056880026549943,9.506094580494054,7.539715976179062,8.784678746575825,10.5,6.197469262567602,10.0,6.666748325150472,48.5,8.380406094129924,46.2265625,6.3746874513544824
2025_09_BAL_MIA,2025,9,False,False,-22.0,34.0,RECONSTRUCTED_STARTER_IDENTITY_NOT_AS_ISSUED_T60,MARKET_TOTAL_RESIDUAL_SHAPE_AT_PRIOR_256_GAME_LEAGUE_MEAN,00-0036212,00-0034796,-3.557504873294337,63.275193798449635,-0.7204709590005587,13.53545028007469,-3.3937789058703176,11.823946760300569,-7.5,8.489501286967148,-6.5,9.56344694069893,51.5,11.59657079104186,46.4296875,7.001831942395276
2025_09_ATL_NE,2025,9,False,False,1.0,47.0,RECONSTRUCTED_STARTER_IDENTITY_NOT_AS_ISSUED_T60,MARKET_TOTAL_RESIDUAL_SHAPE_AT_PRIOR_256_GAME_LEAGUE_MEAN,00-0039851,00-0039917,-1.3078351908139219,3.058766859344897,5.613233068091376,3.3326290829721357,5.4385689860850235,3.09615415641189,5.5,3.5604124573827,5.5,3.5911359715828457,45.5,3.194359582502024,46.4296875,3.194359582502024
2025_09_CAR_GB,2025,9,False,False,-3.0,29.0,RECONSTRUCTED_STARTER_IDENTITY_NOT_AS_ISSUED_T60,MARKET_TOTAL_RESIDUAL_SHAPE_AT_PRIOR_256_GAME_LEAGUE_MEAN,00-0036264,00-0039150,0.09595787164922154,3.838290446921566,11.99413968914987,8.625042350223374,11.844446386138975,8.6115944919056,12.5,10.04497212188899,13.0,10.356844171795839,43.5,9.135648183340756,46.4296875,10.745255503203511
2025_09_CHI_CIN,2025,9,False,False,-5.0,89.0,RECONSTRUCTED_STARTER_IDENTITY_NOT_AS_ISSUED_T60,MARKET_TOTAL_RESIDUAL_SHAPE_AT_PRIOR_256_GAME_LEAGUE_MEAN,00-0026158,00-0039918,-9.44411695014189,3.0811614778758045,3.5421199276766857,4.860650432571829,3.0411087905559775,4.360355452637587,-3.0,2.924118137901191,-1.0,3.302531072754304,51.5,29.24925855314632,46.4296875,35.19054715398506
2025_09_DEN_HOU,2025,9,False,False,-3.0,33.0,RECONSTRUCTED_STARTER_IDENTITY_NOT_AS_ISSUED_T60,MARKET_TOTAL_RESIDUAL_SHAPE_AT_PRIOR_256_GAME_LEAGUE_MEAN,00-0036898,00-0039732,-23.19277108433735,-0.5853225833319486,0.16403730889684084,2.955961145495963,-0.7402606311433751,2.8544461884362935,1.5,3.5604124573827,2.0,3.5911359715828457,40.5,4.781473574114677,46.4296875,7.6693881757159
2025_09_IND_PIT,2025,9,False,False,7.0,47.0,RECONSTRUCTED_STARTER_IDENTITY_NOT_AS_ISSUED_T60,MARKET_TOTAL_RESIDUAL_SHAPE_AT_PRIOR_256_GAME_LEAGUE_MEAN,00-0023459,00-0035710,3.9394419784400725,-7.746173704591541,0.2589578751000499,5.034497172945449,0.7263825024213145,4.570039021070677,-3.5,6.818513867981253,-3.0,6.07995386295665,51.5,3.70674997518216,46.4296875,3.194359582502024
2025_09_LAC_TEN,2025,9,False,False,-7.0,47.0,RECONSTRUCTED_STARTER_IDENTITY_NOT_AS_ISSUED_T60,MARKET_TOTAL_RESIDUAL_SHAPE_AT_PRIOR_256_GAME_LEAGUE_MEAN,00-0040676,00-0036355,-11.153474903474903,-0.49552429667518716,-7.378049152962831,2.886956189338891,-7.80436717723482,3.006562086263206,-10.0,3.2127189766354647,-9.5,3.212009241018415,44.5,3.2915765096846377,46.4296875,3.194359582502024
2025_09_MIN_DET,2025,9,False,False,-3.0,51.0,RECONSTRUCTED_STARTER_IDENTITY_NOT_AS_ISSUED_T60,MARKET_TOTAL_RESIDUAL_SHAPE_AT_PRIOR_256_GAME_LEAGUE_MEAN,00-0033106,00-0039923,2.1173909471781993,-44.91253263707572,8.934610828014529,6.553749936956123,10.815807771384687,7.8754145452796,9.5,7.754083826044538,9.5,8.046940018441205,47.5,3.449029807435303,46.4296875,3.956082800191691
2025_09_SF_NYG,2025,9,False,False,-10.0,58.0,RECONSTRUCTED_STARTER_IDENTITY_NOT_AS_ISSUED_T60,MARKET_TOTAL_RESIDUAL_SHAPE_AT_PRIOR_256_GAME_LEAGUE_MEAN,00-0040691,00-0036972,-9.994489729996769,-6.698373417884662,-1.5582790936436048,4.386765567913044,-1.6901237461280894,4.360355452637586,-2.5,4.29011127552986,-2.0,4.887195609495519,47.5,6.121160954976287,46.4296875,7.2931014810914245
2025_09_JAX_LV,2025,9,False,False,-1.0,59.0,RECONSTRUCTED_STARTER_IDENTITY_NOT_AS_ISSUED_T60,MARKET_TOTAL_RESIDUAL_SHAPE_AT_PRIOR_256_GAME_LEAGUE_MEAN,00-0030565,00-0036971,2.4373459803784803,-12.099413456868536,-0.10880732130878641,2.840825804283612,0.4726630561810943,2.839577717220127,-2.5,3.0224787936388964,,,43.5,9.33389446622295,46.4296875,7.9347332004966855
2025_09_NO_LA,2025,9,False,False,24.0,44.0,RECONSTRUCTED_STARTER_IDENTITY_NOT_AS_ISSUED_T60,MARKET_TOTAL_RESIDUAL_SHAPE_AT_PRIOR_256_GAME_LEAGUE_MEAN,00-0026498,00-0040743,-1.622486958560465,-67.81501940877874,13.815389712592278,6.735984020067064,16.463091010601012,5.5788076066597,14.0,6.197469262567602,,,44.5,3.1356481833407566,46.4296875,3.1733912256587136
2025_09_KC_BUF,2025,9,False,False,7.0,49.0,RECONSTRUCTED_STARTER_IDENTITY_NOT_AS_ISSUED_T60,MARKET_TOTAL_RESIDUAL_SHAPE_AT_PRIOR_256_GAME_LEAGUE_MEAN,00-0034857,00-0033873,-0.7500662310137907,0.0,1.4670152108770254,4.554512422659515,1.4370125616364737,4.570039021070677,-2.5,6.197469262567603,-2.5,6.07995386295665,53.5,3.706749975182155,46.4296875,3.4490298074353056
2025_09_SEA_WAS,2025,9,False,False,-24.0,52.0,RECONSTRUCTED_STARTER_IDENTITY_NOT_AS_ISSUED_T60,MARKET_TOTAL_RESIDUAL_SHAPE_AT_PRIOR_256_GAME_LEAGUE_MEAN,00-0039910,00-0034869,2.6321985109898804,-19.514520601255047,-0.3063640267516166,16.235030912937827,0.5795047377381805,17.183458769450397,-2.5,14.309173418114687,-3.5,13.71786653601309,47.5,3.6743443327879524,46.4296875,4.291195266832942
2025_09_ARI_DAL,2025,9,False,False,-10.0,44.0,RECONSTRUCTED_STARTER_IDENTITY_NOT_AS_ISSUED_T60,MARKET_TOTAL_RESIDUAL_SHAPE_AT_PRIOR_256_GAME_LEAGUE_MEAN,00-0033077,00-0033119,0.8096276112624867,-15.762040313894454,4.225320724509683,7.900299689148268,4.888187441515962,8.6115944919056,3.5,8.489501286967146,3.5,8.784959187770282,53.5,5.791004645407088,46.4296875,3.1733912256587136
2025_10_LV_DEN,2025,10,False,False,3.0,17.0,RECONSTRUCTED_STARTER_IDENTITY_NOT_AS_ISSUED_T60,MARKET_TOTAL_RESIDUAL_SHAPE_AT_PRIOR_256_GAME_LEAGUE_MEAN,00-0039732,00-0030565,-0.6292530463680945,2.609565119423163,12.82549703409908,5.3848593536545595,12.69594430746743,5.359211724082497,9.5,4.290111275529859,,,42.5,18.948457943157756,46.80859375,22.857722144453984
2025_10_ATL_IND,2025,10,False,False,6.0,56.0,RECONSTRUCTED_STARTER_IDENTITY_NOT_AS_ISSUED_T60,MARKET_TOTAL_RESIDUAL_SHAPE_AT_PRIOR_256_GAME_LEAGUE_MEAN,00-0035710,00-0039917,-9.39550598388017,2.6281817074655933,4.995967888651303,2.9940854306656153,4.5150203809974725,3.006562086263205,6.5,2.841388439083042,5.5,2.8190379950120263,48.5,4.674344332787951,46.80859375,5.593139605376593
2025_10_BAL_MIN,2025,10,False,False,-8.0,46.0,RECONSTRUCTED_STARTER_IDENTITY_NOT_AS_ISSUED_T60,MARKET_TOTAL_RESIDUAL_SHAPE_AT_PRIOR_256_GAME_LEAGUE_MEAN,00-0039923,00-0034796,-26.058604336043366,48.932384341637004,1.601791438465025,5.3848593536545595,-1.39784810864219,3.948994415657033,-4.5,3.075471550024716,-4.5,3.069304235693604,48.5,3.289670295426151,46.80859375,3.1356481833407566
2025_10_BUF_MIA,2025,10,False,False,17.0,43.0,RECONSTRUCTED_STARTER_IDENTITY_NOT_AS_ISSUED_T60,MARKET_TOTAL_RESIDUAL_SHAPE_AT_PRIOR_256_GAME_LEAGUE_MEAN,00-0036212,00-0034857,13.954627346032078,-0.7895169691320758,-6.961409821819434,18.010097630436867,-6.371644049212867,17.09348545645001,-8.5,19.17345096291072,-8.5,18.680592840592432,50.5,4.781473574114682,46.80859375,3.4654232500582554
2025_10_CLE_NYJ,2025,10,False,False,7.0,47.0,RECONSTRUCTED_STARTER_IDENTITY_NOT_AS_ISSUED_T60,MARKET_TOTAL_RESIDUAL_SHAPE_AT_PRIOR_256_GAME_LEAGUE_MEAN,00-0036945,00-0040704,5.4592489865585625,18.96270002253776,1.3205000728482992,4.554512422659515,0.7803620314091313,4.570039021070677,-1.5,5.629036170688075,0.5,4.137461850177095,37.5,5.593139314684365,46.80859375,3.155091568777279
2025_10_JAX_HOU,2025,10,False,False,7.0,65.0,RECONSTRUCTED_STARTER_IDENTITY_NOT_AS_ISSUED_T60,MARKET_TOTAL_RESIDUAL_SHAPE_AT_PRIOR_256_GAME_LEAGUE_MEAN,00-0036898,00-0036971,-29.229408671542622,-17.598491009306947,6.007009184041917,2.994085430665616,5.54177247755249,3.006562086263207,-1.5,5.629036170688075,3.0,3.460145556247383,37.5,19.584751971947043,46.80859375,11.649944790279374
2025_10_NE_TB,2025,10,False,False,-5.0,51.0,RECONSTRUCTED_STARTER_IDENTITY_NOT_AS_ISSUED_T60,MARKET_TOTAL_RESIDUAL_SHAPE_AT_PRIOR_256_GAME_LEAGUE_MEAN,00-0034855,00-0039851,0.0,-2.3049134490192413,5.626142012022164,5.947955045610336,5.718338549982934,5.92154493033488,2.5,4.745696483307215,2.5,4.887195609495519,48.5,3.291576509684634,46.80859375,3.674344332787954
2025_10_NO_CAR,2025,10,False,False,-10.0,24.0,RECONSTRUCTED_STARTER_IDENTITY_NOT_AS_ISSUED_T60,MARKET_TOTAL_RESIDUAL_SHAPE_AT_PRIOR_256_GAME_LEAGUE_MEAN,00-0039150,00-0040743,3.2021690255049418,-33.735504014272976,6.67183820089761,10.172888328111288,8.149345122488725,10.988643672233469,5.5,10.044972121888991,5.5,10.356844171795839,38.5,9.135648037994638,46.80859375,16.094092712505834
2025_10_NYG_CHI,2025,10,False,False,4.0,44.0,RECONSTRUCTED_STARTER_IDENTITY_NOT_AS_ISSUED_T60,MARKET_TOTAL_RESIDUAL_SHAPE_AT_PRIOR_256_GAME_LEAGUE_MEAN,00-0039918,00-0040691,1.4015427599611385,9.244912987286224,6.345940480353829,2.8640816182371003,6.032205671260825,2.8544461884362917,4.5,2.841388439083044,5.5,2.908494864021611,45.5,3.1733912256587136,46.80859375,3.2896702954261547
2025_10_ARI_SEA,2025,10,False,False,22.0,66.0,RECONSTRUCTED_STARTER_IDENTITY_NOT_AS_ISSUED_T60,MARKET_TOTAL_RESIDUAL_SHAPE_AT_PRIOR_256_GAME_LEAGUE_MEAN,00-0034869,00-0033119,-32.82978628871018,-14.574407312196524,8.490012756122042,9.506094580494056,7.759797597061495,9.524671121718793,7.0,9.653435713196654,7.5,8.693372393308085,44.5,14.161191454404424,46.80859375,12.466948221465039
2025_10_DET_WAS,2025,10,False,False,-22.0,66.0,RECONSTRUCTED_STARTER_IDENTITY_NOT_AS_ISSUED_T60,MARKET_TOTAL_RESIDUAL_SHAPE_AT_PRIOR_256_GAME_LEAGUE_MEAN,00-0032268,00-0033106,9.367782008864477,1.9823449126051162,-3.4487210128900823,11.816807504626727,-3.153303529039708,11.823946760300569,-8.5,7.754083826044539,-6.5,9.56344694069893,49.5,10.078461755586275,46.80859375,12.466948221465039
2025_10_LA_SF,2025,10,False,False,-16.0,68.0,RECONSTRUCTED_STARTER_IDENTITY_NOT_AS_ISSUED_T60,MARKET_TOTAL_RESIDUAL_SHAPE_AT_PRIOR_256_GAME_LEAGUE_MEAN,00-0036972,00-0026498,4.726199965837274,0.5552436559622898,-1.3353523047997715,8.625042350223374,-1.1685140524047721,8.611594491905603,-5.5,5.793351839769282,,,49.5,11.649944790279374,46.80859375,14.161191454404424
2025_10_PIT_LAC,2025,10,False,False,15.0,35.0,RECONSTRUCTED_STARTER_IDENTITY_NOT_AS_ISSUED_T60,MARKET_TOTAL_RESIDUAL_SHAPE_AT_PRIOR_256_GAME_LEAGUE_MEAN,00-0036355,00-0023459,-0.6257095507157473,-6.948918545789229,3.0058431025854953,8.057371744047241,3.258771462388434,8.072135856755008,3.0,7.483782644191699,3.0,7.313180700017352,45.5,6.3746874513544824,46.80859375,7.001831942395275
2025_10_PHI_GB,2025,10,False,False,-3.0,17.0,RECONSTRUCTED_STARTER_IDENTITY_NOT_AS_ISSUED_T60,MARKET_TOTAL_RESIDUAL_SHAPE_AT_PRIOR_256_GAME_LEAGUE_MEAN,00-0036264,00-0036389,0.08116883116882079,0.6491410123371288,0.4553536584216545,2.955961145495963,0.43263477117492216,2.9387008586612247,1.5,3.5604124573827,1.0,3.302531072754304,45.5,21.87449682992863,46.80859375,22.857722144453984
2025_11_NYJ_NE,2025,11,False,False,13.0,41.0,RECONSTRUCTED_STARTER_IDENTITY_NOT_AS_ISSUED_T60,MARKET_TOTAL_RESIDUAL_SHAPE_AT_PRIOR_256_GAME_LEAGUE_MEAN,00-0039851,00-0036945,0.3042928927596611,1.773973640357518,8.90847192124692,3.7493275198764433,8.849684691343004,3.761804175474034,12.5,2.83948222482456,,,43.5,3.289670295426154,46.79296875,4.007550585170722
2025_11_WAS_MIA,2025,11,False,False,3.0,29.0,RECONSTRUCTED_STARTER_IDENTITY_NOT_AS_ISSUED_T60,MARKET_TOTAL_RESIDUAL_SHAPE_AT_PRIOR_256_GAME_LEAGUE_MEAN,00-0036212,00-0032268,2.3044965786901184,9.251644736842103,-0.28329026716483896,3.4271773101928753,-0.5611761934909183,3.761804175474037,2.5,2.839482224824561,-0.0,3.212009241018416,47.5,12.461610821541289,46.79296875,11.59657079104186
2025_11_CAR_ATL,2025,11,False,False,-3.0,57.0,RECONSTRUCTED_STARTER_IDENTITY_NOT_AS_ISSUED_T60,MARKET_TOTAL_RESIDUAL_SHAPE_AT_PRIOR_256_GAME_LEAGUE_MEAN,00-0039917,00-0039150,0.1316337276222601,11.67000076940834,3.4221652466518937,3.6197049502996235,2.9606305649804505,3.5940573207275603,4.5,4.745696483307215,4.0,4.394117867216501,42.5,8.618301633588558,46.79296875,6.121160954976289
2025_11_CHI_MIN,2025,11,False,False,-2.0,36.0,RECONSTRUCTED_STARTER_IDENTITY_NOT_AS_ISSUED_T60,MARKET_TOTAL_RESIDUAL_SHAPE_AT_PRIOR_256_GAME_LEAGUE_MEAN,00-0039923,00-0039918,-22.22222222222222,1.7036436408805367,3.538569407461582,3.619704950299621,2.5815347729374714,3.3146063104340024,3.0,3.5604124573827,2.5,3.5911359715828457,47.5,7.001831942395273,46.79296875,6.374687451354482
2025_11_CIN_PIT,2025,11,False,False,22.0,46.0,RECONSTRUCTED_STARTER_IDENTITY_NOT_AS_ISSUED_T60,MARKET_TOTAL_RESIDUAL_SHAPE_AT_PRIOR_256_GAME_LEAGUE_MEAN,00-0034771,00-0026158,-30.058114858467455,2.6774691358024683,5.108907973345122,11.857981732609955,3.7994846135743243,12.711098876198395,5.5,10.4285024306957,5.0,10.918079528558351,48.5,3.289670295426151,46.79296875,3.1356481833407566
2025_11_GB_NYG,2025,11,False,False,-7.0,47.0,RECONSTRUCTED_STARTER_IDENTITY_NOT_AS_ISSUED_T60,MARKET_TOTAL_RESIDUAL_SHAPE_AT_PRIOR_256_GAME_LEAGUE_MEAN,00-0031503,00-0036264,-12.759017818339856,0.0,-6.470654091909937,2.84082580428361,-6.981014804643531,2.881133188055051,-7.5,2.8924749812103796,-7.0,2.819037995012028,41.5,3.9560828001916866,46.79296875,3.155091568777279
2025_11_HOU_TEN,2025,11,False,False,-3.0,29.0,RECONSTRUCTED_STARTER_IDENTITY_NOT_AS_ISSUED_T60,MARKET_TOTAL_RESIDUAL_SHAPE_AT_PRIOR_256_GAME_LEAGUE_MEAN,00-0040676,00-0036898,-9.702985534010466,-13.626472094214037,-8.675787121198745,4.554512422659517,-8.518847658790603,4.570039021070677,-5.5,3.2127189766354656,-7.5,3.765789858696798,37.5,5.259933062301597,46.79296875,11.59657079104186
2025_11_LAC_JAX,2025,11,False,False,29.0,41.0,RECONSTRUCTED_STARTER_IDENTITY_NOT_AS_ISSUED_T60,MARKET_TOTAL_RESIDUAL_SHAPE_AT_PRIOR_256_GAME_LEAGUE_MEAN,00-0036971,00-0036355,-4.49407640232109,-0.49633160246971286,-2.0652566588865464,24.708153291893222,-2.2251664508806015,24.70843017623652,-3.0,24.946230223299587,-3.0,24.467600295331515,43.5,3.289670295426154,46.79296875,4.007550585170722
2025_11_TB_BUF,2025,11,False,False,12.0,76.0,RECONSTRUCTED_STARTER_IDENTITY_NOT_AS_ISSUED_T60,MARKET_TOTAL_RESIDUAL_SHAPE_AT_PRIOR_256_GAME_LEAGUE_MEAN,00-0034857,00-0034855,-0.726308174584056,0.0,4.47649030469468,5.563281008248534,4.447437977711318,5.578807606659699,6.0,4.182982034203135,6.5,3.765789858696798,46.5,21.476479292757453,46.79296875,21.476479292757453
2025_11_SEA_LA,2025,11,False,False,2.0,40.0,RECONSTRUCTED_STARTER_IDENTITY_NOT_AS_ISSUED_T60,MARKET_TOTAL_RESIDUAL_SHAPE_AT_PRIOR_256_GAME_LEAGUE_MEAN,00-0026498,00-0034869,0.5519634127109541,-23.638736387363846,3.0627197485832403,2.840825804283612,4.030347740586233,2.854446188436291,3.0,2.841388439083044,,,49.5,5.791004645407092,46.79296875,4.36706259432055
2025_11_SF_ARI,2025,11,False,False,-19.0,63.0,RECONSTRUCTED_STARTER_IDENTITY_NOT_AS_ISSUED_T60,MARKET_TOTAL_RESIDUAL_SHAPE_AT_PRIOR_256_GAME_LEAGUE_MEAN,00-0033119,00-0037834,-17.11561139725648,15.157736207989858,1.160001077143843,12.668885278168476,-0.13093282706601067,11.823946760300569,-3.5,9.256943147432263,-3.5,9.563446940698928,48.5,8.618301633588558,46.79296875,10.078461755586275
2025_11_BAL_CLE,2025,11,False,False,-7.0,39.0,RECONSTRUCTED_STARTER_IDENTITY_NOT_AS_ISSUED_T60,MARKET_TOTAL_RESIDUAL_SHAPE_AT_PRIOR_256_GAME_LEAGUE_MEAN,00-0040668,00-0034796,64.76667039397665,47.747563327082055,-5.648513356123294,2.84082580428361,-4.96774907344751,2.854446188436291,-7.5,2.8924749812103796,-7.5,2.87335109405356,37.5,3.1943592918097945,46.79296875,4.78147357411468
2025_11_KC_DEN,2025,11,False,False,3.0,41.0,RECONSTRUCTED_STARTER_IDENTITY_NOT_AS_ISSUED_T60,MARKET_TOTAL_RESIDUAL_SHAPE_AT_PRIOR_256_GAME_LEAGUE_MEAN,00-0039732,00-0033873,0.7434979993844237,0.0,2.345114668866754,2.9940854306656144,2.374854588842131,3.006562086263206,-3.5,4.613405213768519,-4.0,4.564511903425231,44.5,3.4654232500582554,46.79296875,4.007550585170722
2025_11_DET_PHI,2025,11,False,False,7.0,25.0,RECONSTRUCTED_STARTER_IDENTITY_NOT_AS_ISSUED_T60,MARKET_TOTAL_RESIDUAL_SHAPE_AT_PRIOR_256_GAME_LEAGUE_MEAN,00-0036389,00-0033106,0.6532172058300922,3.339844269047809,3.2825249212729615,3.749327519876444,3.175059838744253,3.761804175474034,2.5,3.471582872937409,2.0,3.765789858696797,46.5,15.162716425811208,46.79296875,15.162716425811208
2025_11_DAL_LV,2025,11,False,False,-17.0,49.0,RECONSTRUCTED_STARTER_IDENTITY_NOT_AS_ISSUED_T60,MARKET_TOTAL_RESIDUAL_SHAPE_AT_PRIOR_256_GAME_LEAGUE_MEAN,00-0030565,00-0033077,8.440948688626705,-2.426915374967953,-0.4891734376923432,10.172888328111291,-0.054458875148556914,10.17087775534441,-3.5,7.75408382604454,,,48.5,3.1550915687772756,46.79296875,3.2915765096846377
2025_12_BUF_HOU,2025,12,False,False,4.0,42.0,RECONSTRUCTED_STARTER_IDENTITY_NOT_AS_ISSUED_T60,MARKET_TOTAL_RESIDUAL_SHAPE_AT_PRIOR_256_GAME_LEAGUE_MEAN,00-0036898,00-0034857,-9.634736992455807,-0.6429837651606984,0.17263149681368303,3.749327519876444,-0.1870386322781213,3.761804175474035,-5.5,6.197469262567604,-4.0,5.0341604657255505,43.5,3.173391225658712,46.60546875,3.70674997518216
2025_12_IND_KC,2025,12,False,False,3.0,43.0,RECONSTRUCTED_STARTER_IDENTITY_NOT_AS_ISSUED_T60,MARKET_TOTAL_RESIDUAL_SHAPE_AT_PRIOR_256_GAME_LEAGUE_MEAN,00-0033873,00-0035710,0.0,2.0034100596760362,5.354530811516152,2.8640816182370994,5.27439440912911,2.85444618843629,3.5,2.841388439083044,4.5,2.908494864021611,50.5,4.781473574114682,46.60546875,3.4654232500582554
2025_12_MIN_GB,2025,12,False,False,17.0,29.0,RECONSTRUCTED_STARTER_IDENTITY_NOT_AS_ISSUED_T60,MARKET_TOTAL_RESIDUAL_SHAPE_AT_PRIOR_256_GAME_LEAGUE_MEAN,00-0036264,00-0039923,-0.8295301511297426,-29.314057917888558,7.308424434944727,6.735984020067063,8.44780554561508,6.154103069869764,6.5,6.197469262567601,6.5,6.079953862956649,41.5,7.669388175715896,46.60546875,11.59657079104186
2025_12_NE_CIN,2025,12,False,False,-6.0,46.0,RECONSTRUCTED_STARTER_IDENTITY_NOT_AS_ISSUED_T60,MARKET_TOTAL_RESIDUAL_SHAPE_AT_PRIOR_256_GAME_LEAGUE_MEAN,00-0026158,00-0039851,-3.291284671192285,0.40372209489856203,-2.0493091006596753,3.112651957543238,-2.197109371303309,3.09615415641189,-7.5,3.0224787936388973,-7.5,3.000081658483805,50.5,3.706749975182162,46.60546875,3.1356481833407566
2025_12_NYG_DET,2025,12,False,False,7.0,61.0,RECONSTRUCTED_STARTER_IDENTITY_NOT_AS_ISSUED_T60,MARKET_TOTAL_RESIDUAL_SHAPE_AT_PRIOR_256_GAME_LEAGUE_MEAN,00-0033106,00-0031503,0.05118755118753704,-17.882639197668105,14.106225526731887,3.974642045229092,14.823578596686112,4.360355452637588,14.0,4.290111275529859,14.0,4.394117867216499,50.5,6.121160954976291,46.60546875,8.618301633588562
2025_12_NYJ_BAL,2025,12,False,False,13.0,33.0,RECONSTRUCTED_STARTER_IDENTITY_NOT_AS_ISSUED_T60,MARKET_TOTAL_RESIDUAL_SHAPE_AT_PRIOR_256_GAME_LEAGUE_MEAN,00-0034796,00-0028118,40.389864999007344,13.51136171325713,11.541071744164618,2.994085430665616,12.616211875594626,2.881133188055049,14.0,2.841388439083043,13.5,2.8137131813805034,44.5,7.001831942395275,46.60546875,8.380406094129928
2025_12_PIT_CHI,2025,12,False,False,3.0,59.0,RECONSTRUCTED_STARTER_IDENTITY_NOT_AS_ISSUED_T60,MARKET_TOTAL_RESIDUAL_SHAPE_AT_PRIOR_256_GAME_LEAGUE_MEAN,00-0039918,00-0034771,-2.0517295291860638,-23.8787788087399,1.162737692225228,3.1728883281112896,2.035819663407381,3.006562086263206,3.0,2.839482224824561,3.0,2.8190379950120263,46.5,7.293101481091424,46.60546875,7.293101481091424
2025_12_SEA_TEN,2025,12,False,False,-6.0,54.0,RECONSTRUCTED_STARTER_IDENTITY_NOT_AS_ISSUED_T60,MARKET_TOTAL_RESIDUAL_SHAPE_AT_PRIOR_256_GAME_LEAGUE_MEAN,00-0040676,00-0034869,0.0,5.559688538411933,-11.793503645645806,4.554512422659516,-12.015891187182284,4.570039021070679,-12.5,4.613405213768517,-11.5,4.137461850177095,41.5,7.29310148109142,46.60546875,4.674344332787954
2025_12_CLE_LV,2025,12,False,False,-14.0,34.0,RECONSTRUCTED_STARTER_IDENTITY_NOT_AS_ISSUED_T60,MARKET_TOTAL_RESIDUAL_SHAPE_AT_PRIOR_256_GAME_LEAGUE_MEAN,00-0030565,00-0040668,0.3963728348482354,-122.63996001142532,2.02782672670437,9.384096867951165,6.949280040555312,13.553264335596033,3.0,10.85282572463394,,,35.5,3.1733890454670286,46.60546875,7.669388175715899
2025_12_JAX_ARI,2025,12,False,False,-3.0,51.0,RECONSTRUCTED_STARTER_IDENTITY_NOT_AS_ISSUED_T60,MARKET_TOTAL_RESIDUAL_SHAPE_AT_PRIOR_256_GAME_LEAGUE_MEAN,00-0033119,00-0036971,-0.957927062774333,0.0,0.309800623185738,2.955961145495963,0.27148354067476466,2.9387008586612247,-2.5,2.839482224824561,-0.0,3.0693042356936022,47.5,3.449029807435303,46.60546875,3.674344332787954
2025_12_ATL_NO,2025,12,False,False,-14.0,34.0,RECONSTRUCTED_STARTER_IDENTITY_NOT_AS_ISSUED_T60,MARKET_TOTAL_RESIDUAL_SHAPE_AT_PRIOR_256_GAME_LEAGUE_MEAN,00-0040743,00-0029604,15.683991554893195,-17.211375212224112,1.4242973411018012,8.625042350223374,2.7401120117864934,10.17087775534441,1.5,10.044972121888991,-2.5,6.656098697887426,41.5,4.781473574114677,46.60546875,7.669388175715899
2025_12_PHI_DAL,2025,12,False,False,3.0,45.0,RECONSTRUCTED_STARTER_IDENTITY_NOT_AS_ISSUED_T60,MARKET_TOTAL_RESIDUAL_SHAPE_AT_PRIOR_256_GAME_LEAGUE_MEAN,00-0033077,00-0036389,-0.7228989787129381,0.0,-6.009497526109644,6.132476585831456,-6.038413485258162,6.1541030698697625,-3.0,4.182982034203135,-3.0,4.137461850177097,47.5,3.289670295426153,46.60546875,3.1733912256587127
2025_12_TB_LA,2025,12,False,False,27.0,41.0,RECONSTRUCTED_STARTER_IDENTITY_NOT_AS_ISSUED_T60,MARKET_TOTAL_RESIDUAL_SHAPE_AT_PRIOR_256_GAME_LEAGUE_MEAN,00-0026498,00-0034855,0.5872955833118976,0.0,7.189096950652757,14.414215053235193,7.212588773985232,14.42592922312939,7.0,13.741502811938549,,,49.5,5.259933352993825,46.60546875,4.007550585170722
2025_12_CAR_SF,2025,12,False,False,11.0,29.0,RECONSTRUCTED_STARTER_IDENTITY_NOT_AS_ISSUED_T60,MARKET_TOTAL_RESIDUAL_SHAPE_AT_PRIOR_256_GAME_LEAGUE_MEAN,00-0037834,00-0039150,8.1053900212539,-6.853564090406206,7.435185981696459,3.7493275198764415,8.033544146162862,3.442703908604038,7.5,3.2127189766354647,7.5,3.212009241018416,48.5,13.344188023218756,46.60546875,11.59657079104186
2025_13_GB_DET,2025,13,False,False,-7.0,55.0,RECONSTRUCTED_STARTER_IDENTITY_NOT_AS_ISSUED_T60,MARKET_TOTAL_RESIDUAL_SHAPE_AT_PRIOR_256_GAME_LEAGUE_MEAN,00-0033106,00-0036264,0.09215968351017345,-0.8496186622410251,3.7731958828154073,5.947955045610334,3.8108670166454557,5.921544930334879,2.5,5.793351839769281,,,48.5,4.291195266832937,46.37890625,5.593139605376594
2025_13_KC_DAL,2025,13,False,False,3.0,59.0,RECONSTRUCTED_STARTER_IDENTITY_NOT_AS_ISSUED_T60,MARKET_TOTAL_RESIDUAL_SHAPE_AT_PRIOR_256_GAME_LEAGUE_MEAN,00-0033077,00-0033873,-0.5143347466181947,0.0,-2.9892081928783227,4.5545124226595135,-3.0097815827430505,4.570039021070678,-3.5,4.613405213768519,,,53.5,3.956082800191685,46.37890625,7.9347332004966855
2025_13_CIN_BAL,2025,13,False,False,-18.0,46.0,RECONSTRUCTED_STARTER_IDENTITY_NOT_AS_ISSUED_T60,MARKET_TOTAL_RESIDUAL_SHAPE_AT_PRIOR_256_GAME_LEAGUE_MEAN,00-0034796,00-0036442,44.857703010371864,41.0495358024403,9.99633164847738,19.984173116521507,10.148658336794645,20.01494942900053,7.0,18.022478793638893,,,52.5,4.367062594320552,46.37890625,3.15509156877728
2025_13_CHI_PHI,2025,13,False,False,-9.0,39.0,RECONSTRUCTED_STARTER_IDENTITY_NOT_AS_ISSUED_T60,MARKET_TOTAL_RESIDUAL_SHAPE_AT_PRIOR_256_GAME_LEAGUE_MEAN,00-0036389,00-0039918,0.0,-1.9585175110506725,9.237668676549756,10.985316845076595,9.316009376991783,10.988643672233469,7.0,10.04497212188899,,,43.5,3.7067499751821593,46.37890625,4.367062594320551
2025_13_ARI_TB,2025,13,False,False,3.0,37.0,RECONSTRUCTED_STARTER_IDENTITY_NOT_AS_ISSUED_T60,MARKET_TOTAL_RESIDUAL_SHAPE_AT_PRIOR_256_GAME_LEAGUE_MEAN,00-0034855,00-0033119,4.442410643993067,4.938039742319789,6.975775301546246,3.1126519575432354,6.9559501376131765,3.096154156411891,4.5,2.924118137901191,5.0,2.908494864021611,44.5,4.78147357411468,46.37890625,5.259933352993826
2025_13_ATL_NYJ,2025,13,False,False,3.0,51.0,RECONSTRUCTED_STARTER_IDENTITY_NOT_AS_ISSUED_T60,MARKET_TOTAL_RESIDUAL_SHAPE_AT_PRIOR_256_GAME_LEAGUE_MEAN,00-0028118,00-0029604,27.52649649201373,-28.119595732734414,-0.04307580151975344,3.4271773101928753,2.182767887470172,3.006562086263206,-3.0,4.182982034203135,-3.0,4.137461850177097,38.5,7.2931013357453045,46.37890625,3.956082800191691
2025_13_HOU_IND,2025,13,False,False,-4.0,36.0,RECONSTRUCTED_STARTER_IDENTITY_NOT_AS_ISSUED_T60,MARKET_TOTAL_RESIDUAL_SHAPE_AT_PRIOR_256_GAME_LEAGUE_MEAN,00-0035710,00-0039163,1.9252284169308131,-0.7344043966681646,1.6907996020489282,3.6197049502996217,1.797184914592887,3.5940573207275603,3.0,4.29011127552986,3.0,4.394117867216499,44.5,5.2599333529938255,46.37890625,5.791004645407094
2025_13_JAX_TEN,2025,13,False,False,-22.0,28.0,RECONSTRUCTED_STARTER_IDENTITY_NOT_AS_ISSUED_T60,MARKET_TOTAL_RESIDUAL_SHAPE_AT_PRIOR_256_GAME_LEAGUE_MEAN,00-0040676,00-0036971,0.0,0.0,-6.950817774845182,8.625042350223374,-6.950817774845182,8.611594491905603,-6.0,10.044972121888993,-6.0,10.356844171795839,42.5,9.135648183340752,46.37890625,11.596570791041861
2025_13_LA_CAR,2025,13,False,False,3.0,59.0,RECONSTRUCTED_STARTER_IDENTITY_NOT_AS_ISSUED_T60,MARKET_TOTAL_RESIDUAL_SHAPE_AT_PRIOR_256_GAME_LEAGUE_MEAN,00-0039150,00-0026498,2.5701708252985123,0.5897302741320942,-8.320822190305044,7.379140710879111,-8.241604568258388,7.39847973780724,-10.0,8.1757384200209,,,44.5,8.618301633588562,46.37890625,7.9347332004966855
2025_13_NO_MIA,2025,13,False,False,4.0,38.0,RECONSTRUCTED_STARTER_IDENTITY_NOT_AS_ISSUED_T60,MARKET_TOTAL_RESIDUAL_SHAPE_AT_PRIOR_256_GAME_LEAGUE_MEAN,00-0036212,00-0040743,2.0373622782922984,-0.9873664913119695,8.044955290949384,3.112651957543237,8.165944441733554,3.0961541564118917,5.5,2.924118137901191,5.5,2.908494864021611,41.5,3.465423250058252,46.37890625,4.781473574114681
2025_13_SF_CLE,2025,13,False,False,-18.0,34.0,RECONSTRUCTED_STARTER_IDENTITY_NOT_AS_ISSUED_T60,MARKET_TOTAL_RESIDUAL_SHAPE_AT_PRIOR_256_GAME_LEAGUE_MEAN,00-0040668,00-0037834,7.644628099173556,1.3348124209158208,-3.443951478912404,8.625042350223373,-3.1915588517820948,8.6115944919056,-5.5,7.0552656788847985,-4.0,8.78495918777028,35.5,3.1733890454670286,46.37890625,7.001831942395276
2025_13_MIN_SEA,2025,13,False,False,26.0,26.0,RECONSTRUCTED_STARTER_IDENTITY_NOT_AS_ISSUED_T60,MARKET_TOTAL_RESIDUAL_SHAPE_AT_PRIOR_256_GAME_LEAGUE_MEAN,00-0034869,00-0040494,5.63285376069933,29.4086402266289,8.891080750909568,11.857981732609955,7.940049292272386,12.711098876198395,12.5,8.175738420020899,11.0,9.418612009921503,42.5,10.745255503203506,46.37890625,13.344188023218761
2025_13_BUF_PIT,2025,13,False,False,-19.0,33.0,RECONSTRUCTED_STARTER_IDENTITY_NOT_AS_ISSUED_T60,MARKET_TOTAL_RESIDUAL_SHAPE_AT_PRIOR_256_GAME_LEAGUE_MEAN,00-0023459,00-0034857,8.559536735432483,-1.1151666804533056,-0.9100352245546856,10.985316845076595,-0.523047087919254,10.98864367223347,-3.0,10.044972121888991,-3.0,10.35684417179584,44.5,7.001831942395275,46.37890625,7.6693881757159
2025_13_LV_LAC,2025,13,False,False,17.0,45.0,RECONSTRUCTED_STARTER_IDENTITY_NOT_AS_ISSUED_T60,MARKET_TOTAL_RESIDUAL_SHAPE_AT_PRIOR_256_GAME_LEAGUE_MEAN,00-0036355,00-0030565,0.5926456805777747,0.28970141779598446,10.974009040954389,4.554512422659515,10.98612681146566,4.570039021070679,10.0,4.613405213768517,,,40.5,3.6743443327879506,46.37890625,3.1356481833407575
2025_13_DEN_WAS,2025,13,False,False,-1.0,53.0,RECONSTRUCTED_STARTER_IDENTITY_NOT_AS_ISSUED_T60,MARKET_TOTAL_RESIDUAL_SHAPE_AT_PRIOR_256_GAME_LEAGUE_MEAN,00-0032268,00-0039732,10.034617700180615,1.2209031657355762,-5.272975617951606,3.749327519876444,-4.9204270365738045,3.761804175474034,-6.5,4.182982034203135,-6.0,3.765789858696798,43.5,5.593139605376592,46.37890625,4.674344332787955
2025_13_NYG_NE,2025,13,False,False,18.0,48.0,RECONSTRUCTED_STARTER_IDENTITY_NOT_AS_ISSUED_T60,MARKET_TOTAL_RESIDUAL_SHAPE_AT_PRIOR_256_GAME_LEAGUE_MEAN,00-0039851,00-0040691,0.35327601305628065,4.415032679738573,10.900618274200006,5.034497172945448,10.738148007532713,5.045448857136254,7.0,6.818513867981251,7.0,6.666748325150473,46.5,3.194359582502023,46.37890625,3.2915765096846386
2025_14_DAL_DET,2025,14,False,False,14.0,74.0,RECONSTRUCTED_STARTER_IDENTITY_NOT_AS_ISSUED_T60,MARKET_TOTAL_RESIDUAL_SHAPE_AT_PRIOR_256_GAME_LEAGUE_MEAN,00-0033106,00-0033077,0.5402286559556435,-0.38092447439748156,6.829019016143065,5.034497172945446,6.865865141357191,5.045448857136253,3.5,6.197469262567603,3.5,6.07995386295665,55.5,11.649944790279374,46.11328125,20.526040863478002
2025_14_CIN_BUF,2025,14,False,False,5.0,73.0,RECONSTRUCTED_STARTER_IDENTITY_NOT_AS_ISSUED_T60,MARKET_TOTAL_RESIDUAL_SHAPE_AT_PRIOR_256_GAME_LEAGUE_MEAN,00-0034857,00-0036442,0.34643747678921866,29.089584236643073,9.263762012608167,3.112651957543237,8.114036142214013,2.9387008586612247,6.0,2.841388439083044,7.5,3.0693042356936022,54.5,11.649944790279372,46.11328125,19.58475226263927
2025_14_IND_JAX,2025,14,False,False,17.0,55.0,RECONSTRUCTED_STARTER_IDENTITY_NOT_AS_ISSUED_T60,MARKET_TOTAL_RESIDUAL_SHAPE_AT_PRIOR_256_GAME_LEAGUE_MEAN,00-0036971,00-0040206,0.0,-173.23008849557522,1.847952605808996,10.266674069628635,8.777156145632004,5.578807606659699,-2.5,13.74150281193855,-2.5,13.364298910879972,44.5,6.121160954976289,46.11328125,5.593139605376594
2025_14_MIA_NYJ,2025,14,False,False,-24.0,44.0,RECONSTRUCTED_STARTER_IDENTITY_NOT_AS_ISSUED_T60,MARKET_TOTAL_RESIDUAL_SHAPE_AT_PRIOR_256_GAME_LEAGUE_MEAN,00-0040398,00-0036212,38.82695209587397,1.6222091464809907,-1.6108779078881252,14.422602395972518,-0.12268818991240607,16.25894485408631,-2.5,14.309173418114687,-0.5,16.43884630172129,41.5,3.291576509684634,46.11328125,3.1733912256587136
2025_14_NO_TB,2025,14,False,False,-4.0,44.0,RECONSTRUCTED_STARTER_IDENTITY_NOT_AS_ISSUED_T60,MARKET_TOTAL_RESIDUAL_SHAPE_AT_PRIOR_256_GAME_LEAGUE_MEAN,00-0034855,00-0040743,4.764434102252779,2.874331550802145,10.72832135903206,8.625042350223374,10.803925461090087,8.611594491905601,7.5,7.055265678884798,7.5,7.332350029090833,41.5,3.291576509684634,46.11328125,3.1733912256587136
2025_14_PIT_BAL,2025,14,False,False,-5.0,49.0,RECONSTRUCTED_STARTER_IDENTITY_NOT_AS_ISSUED_T60,MARKET_TOTAL_RESIDUAL_SHAPE_AT_PRIOR_256_GAME_LEAGUE_MEAN,00-0034796,00-0023459,43.428013566122914,-1.8997175141242995,4.7639102840657594,5.38485935365456,6.577019527275647,6.526577335977273,5.5,6.393809331191317,5.0,6.026705726641419,43.5,3.9560828001916892,46.11328125,3.4490298074353056
2025_14_SEA_ATL,2025,14,False,False,-28.0,46.0,RECONSTRUCTED_STARTER_IDENTITY_NOT_AS_ISSUED_T60,MARKET_TOTAL_RESIDUAL_SHAPE_AT_PRIOR_256_GAME_LEAGUE_MEAN,00-0029604,00-0034869,-39.52233720343261,5.618712273641835,-6.765657197943001,13.53545028007469,-8.57129917702598,11.823946760300567,-7.0,14.309173418114687,-5.0,16.43884630172129,44.5,3.194359582502023,46.11328125,3.15509156877728
2025_14_TEN_CLE,2025,14,False,False,-2.0,60.0,RECONSTRUCTED_STARTER_IDENTITY_NOT_AS_ISSUED_T60,MARKET_TOTAL_RESIDUAL_SHAPE_AT_PRIOR_256_GAME_LEAGUE_MEAN,00-0040668,00-0040676,15.453434581478565,0.0,7.553724567032023,5.38485935365456,8.171861950291166,5.359211724082497,4.5,4.29011127552986,3.5,3.9542882612527084,33.5,18.65108139687497,46.11328125,8.618301633588564
2025_14_WAS_MIN,2025,14,False,False,31.0,31.0,RECONSTRUCTED_STARTER_IDENTITY_NOT_AS_ISSUED_T60,MARKET_TOTAL_RESIDUAL_SHAPE_AT_PRIOR_256_GAME_LEAGUE_MEAN,00-0039923,00-0039910,-23.92768466790812,5.068853560232878,3.25230706414648,21.791264233563062,2.0924455350208397,22.76027920406725,-1.5,25.926405595011367,1.5,21.537887835267618,43.5,7.669388175715898,46.11328125,9.135648183340757
2025_14_DEN_LV,2025,14,False,False,-7.0,41.0,RECONSTRUCTED_STARTER_IDENTITY_NOT_AS_ISSUED_T60,MARKET_TOTAL_RESIDUAL_SHAPE_AT_PRIOR_256_GAME_LEAGUE_MEAN,00-0030565,00-0039732,0.4207950858074794,1.1576971214017462,-11.236249675348153,3.749327519876444,-11.265725756771923,3.7618041754740332,-8.5,3.0224787936388964,,,40.5,3.1550915687772756,46.11328125,3.706749975182161
2025_14_CHI_GB,2025,14,False,False,7.0,49.0,RECONSTRUCTED_STARTER_IDENTITY_NOT_AS_ISSUED_T60,MARKET_TOTAL_RESIDUAL_SHAPE_AT_PRIOR_256_GAME_LEAGUE_MEAN,00-0036264,00-0039918,-0.8383350111113241,-1.5682595000334976,6.626062888054357,2.886956189338889,6.655259867611244,2.881133188055048,6.5,2.8394822248245593,6.5,2.8190379950120272,44.5,3.674344332787954,46.11328125,3.4490298074353056
2025_14_LA_ARI,2025,14,False,False,-28.0,62.0,RECONSTRUCTED_STARTER_IDENTITY_NOT_AS_ISSUED_T60,MARKET_TOTAL_RESIDUAL_SHAPE_AT_PRIOR_256_GAME_LEAGUE_MEAN,00-0033119,00-0026498,11.663830859879631,0.5814608550090306,-6.991990830247541,13.53545028007469,-6.548696030052717,13.553264335596035,-9.5,11.685078869887468,,,49.5,7.293101481091423,46.11328125,10.078461755586277
2025_14_HOU_KC,2025,14,False,False,-10.0,30.0,RECONSTRUCTED_STARTER_IDENTITY_NOT_AS_ISSUED_T60,MARKET_TOTAL_RESIDUAL_SHAPE_AT_PRIOR_256_GAME_LEAGUE_MEAN,00-0033873,00-0039163,0.0,0.1378941458529237,3.6753135344011936,7.900299689148268,3.6697977685670766,7.875414545279599,4.5,9.256943147432262,4.5,9.563446940698928,41.5,7.001831942395271,46.11328125,9.923677157797487
2025_14_PHI_LAC,2025,14,False,False,3.0,41.0,RECONSTRUCTED_STARTER_IDENTITY_NOT_AS_ISSUED_T60,MARKET_TOTAL_RESIDUAL_SHAPE_AT_PRIOR_256_GAME_LEAGUE_MEAN,00-0036355,00-0036389,0.09152571233965734,0.0,-1.3963036965001265,3.7493275198764433,-1.3926426680065402,3.761804175474037,-1.5,3.7990704825447272,-1.5,3.765789858696797,41.5,3.135648183340753,46.11328125,3.706749975182161
2025_15_ATL_TB,2025,15,False,False,-1.0,57.0,RECONSTRUCTED_STARTER_IDENTITY_NOT_AS_ISSUED_T60,MARKET_TOTAL_RESIDUAL_SHAPE_AT_PRIOR_256_GAME_LEAGUE_MEAN,00-0034855,00-0029604,4.234115742614342,-53.709639126305774,6.877616153273839,4.3867655679130415,9.195366348030642,5.359211724082496,6.0,4.29011127552986,4.0,3.5911359715828475,43.5,7.934733200496684,46.30078125,6.688069075449031
2025_15_ARI_HOU,2025,15,False,False,20.0,60.0,RECONSTRUCTED_STARTER_IDENTITY_NOT_AS_ISSUED_T60,MARKET_TOTAL_RESIDUAL_SHAPE_AT_PRIOR_256_GAME_LEAGUE_MEAN,00-0039163,00-0033119,-5.664186623265888,10.587637404005434,11.989354023782216,5.563281008248537,11.339281062691363,6.154103069869764,10.5,5.629036170688075,10.5,5.5378878352676155,42.5,10.85352847308532,46.30078125,8.618301633588564
2025_15_BAL_CIN,2025,15,False,False,-24.0,24.0,RECONSTRUCTED_STARTER_IDENTITY_NOT_AS_ISSUED_T60,MARKET_TOTAL_RESIDUAL_SHAPE_AT_PRIOR_256_GAME_LEAGUE_MEAN,00-0036442,00-0034796,16.148053424268262,42.86941580756014,0.23648172511158919,16.235030912937827,-0.8323727702200858,15.342055795756155,-2.5,14.309173418114687,-2.5,14.602850561572199,51.5,20.89432145821685,46.30078125,15.16271642581121
2025_15_BUF_NE,2025,15,False,False,-4.0,66.0,RECONSTRUCTED_STARTER_IDENTITY_NOT_AS_ISSUED_T60,MARKET_TOTAL_RESIDUAL_SHAPE_AT_PRIOR_256_GAME_LEAGUE_MEAN,00-0039851,00-0034857,0.43412232928363714,0.37001897533208705,-0.17293645614797243,3.112651957543238,-0.17037232198991042,3.0961541564118917,-2.5,2.841388439083044,-1.5,2.908494864021611,49.5,10.078461755586275,46.30078125,13.303776280938928
2025_15_CLE_CHI,2025,15,False,False,28.0,34.0,RECONSTRUCTED_STARTER_IDENTITY_NOT_AS_ISSUED_T60,MARKET_TOTAL_RESIDUAL_SHAPE_AT_PRIOR_256_GAME_LEAGUE_MEAN,00-0039918,00-0040668,-1.6889404609474967,35.904007455731616,9.97465202543609,12.690997363566876,8.470934108768924,14.42592922312939,7.5,13.74150281193855,7.5,13.36429891087997,38.5,3.706749829836041,46.30078125,7.001831942395276
2025_15_LAC_KC,2025,15,False,False,-3.0,29.0,RECONSTRUCTED_STARTER_IDENTITY_NOT_AS_ISSUED_T60,MARKET_TOTAL_RESIDUAL_SHAPE_AT_PRIOR_256_GAME_LEAGUE_MEAN,00-0033873,00-0036355,0.0,-0.09091910954373006,4.303475274252096,3.974642045229091,4.3071120386338455,3.9489944156570305,5.5,5.24626834758476,5.5,5.439911264447595,41.5,7.669388175715896,46.30078125,10.745255503203511
2025_15_LV_PHI,2025,15,False,False,31.0,31.0,RECONSTRUCTED_STARTER_IDENTITY_NOT_AS_ISSUED_T60,MARKET_TOTAL_RESIDUAL_SHAPE_AT_PRIOR_256_GAME_LEAGUE_MEAN,00-0036389,00-0038102,0.0,59.41595596850222,15.297444652964714,11.047078187051435,12.920806414224625,12.711098876198395,12.5,12.045734607592383,,,37.5,4.367062303628323,46.30078125,9.135648183340757
2025_15_NYJ_JAX,2025,15,False,False,28.0,68.0,RECONSTRUCTED_STARTER_IDENTITY_NOT_AS_ISSUED_T60,MARKET_TOTAL_RESIDUAL_SHAPE_AT_PRIOR_256_GAME_LEAGUE_MEAN,00-0036971,00-0040398,0.20900859186088194,-69.80860433604337,10.433047482840248,12.690997363566876,13.233751999956416,10.286013096556765,13.5,8.89971859539261,13.5,8.693372393308085,40.5,19.584752262639263,46.30078125,15.03309385623439
2025_15_WAS_NYG,2025,15,False,False,-8.0,50.0,RECONSTRUCTED_STARTER_IDENTITY_NOT_AS_ISSUED_T60,MARKET_TOTAL_RESIDUAL_SHAPE_AT_PRIOR_256_GAME_LEAGUE_MEAN,00-0040691,00-0032268,-7.13621417942687,21.111387782204517,-0.41028490504858384,4.386765567913044,-1.5401889835138394,3.5940573207275595,2.5,6.393809331191317,2.5,6.656098697887424,46.5,3.4490298074353047,46.30078125,3.674344332787955
2025_15_CAR_NO,2025,15,False,False,3.0,37.0,RECONSTRUCTED_STARTER_IDENTITY_NOT_AS_ISSUED_T60,MARKET_TOTAL_RESIDUAL_SHAPE_AT_PRIOR_256_GAME_LEAGUE_MEAN,00-0040743,00-0039150,-1.5315372291086815,1.5745682368150549,0.05417311404483371,3.4271773101928753,-0.07007110459211574,3.442703908604038,-2.5,4.182982034203135,-2.5,4.137461850177097,41.5,3.7067499751821567,46.30078125,5.259933352993826
2025_15_DET_LA,2025,15,False,False,7.0,75.0,RECONSTRUCTED_STARTER_IDENTITY_NOT_AS_ISSUED_T60,MARKET_TOTAL_RESIDUAL_SHAPE_AT_PRIOR_256_GAME_LEAGUE_MEAN,00-0026498,00-0033106,0.0,0.5668604651162923,3.7446524947778927,3.4271773101928726,3.721978076173241,3.442703908604037,5.5,2.8924749812103787,,,54.5,13.303776280938925,46.30078125,21.476479292757453
2025_15_GB_DEN,2025,15,False,False,8.0,60.0,RECONSTRUCTED_STARTER_IDENTITY_NOT_AS_ISSUED_T60,MARKET_TOTAL_RESIDUAL_SHAPE_AT_PRIOR_256_GAME_LEAGUE_MEAN,00-0039732,00-0036264,1.0996563573883122,-0.7462178001908182,2.5339365095832,4.127139185907706,2.607771475886365,4.140378327208688,-1.5,6.197469262567602,-1.5,6.079953862956648,42.5,10.85352847308532,46.30078125,8.618301633588564
2025_15_IND_SEA,2025,15,False,False,2.0,34.0,RECONSTRUCTED_STARTER_IDENTITY_NOT_AS_ISSUED_T60,MARKET_TOTAL_RESIDUAL_SHAPE_AT_PRIOR_256_GAME_LEAGUE_MEAN,00-0034869,00-0022942,4.494119681771025,20.37383537383539,8.680271398465193,3.9746420452290927,8.045082770782619,3.5940573207275612,13.5,7.055265678884797,12.0,6.026705726641421,41.5,4.781473574114677,46.30078125,7.001831942395276
2025_15_TEN_SF,2025,15,False,False,13.0,61.0,RECONSTRUCTED_STARTER_IDENTITY_NOT_AS_ISSUED_T60,MARKET_TOTAL_RESIDUAL_SHAPE_AT_PRIOR_256_GAME_LEAGUE_MEAN,00-0037834,00-0040676,6.417548500881831,0.0,14.595011714007615,2.8640816182370994,14.851713654042888,2.8544461884362917,12.5,2.83948222482456,12.5,2.8190379950120272,44.5,10.078461755586275,46.30078125,9.333894466222953
2025_15_MIN_DAL,2025,15,False,False,-8.0,60.0,RECONSTRUCTED_STARTER_IDENTITY_NOT_AS_ISSUED_T60,MARKET_TOTAL_RESIDUAL_SHAPE_AT_PRIOR_256_GAME_LEAGUE_MEAN,00-0033077,00-0039923,-3.131398416886544,-6.402373247033443,3.202710723121736,5.947955045610336,3.333549716327612,5.921544930334879,5.5,8.489501286967146,5.0,8.046940018441205,47.5,7.293101481091422,46.30078125,8.618301633588564
2025_15_MIA_PIT,2025,15,False,False,13.0,43.0,RECONSTRUCTED_STARTER_IDENTITY_NOT_AS_ISSUED_T60,MARKET_TOTAL_RESIDUAL_SHAPE_AT_PRIOR_256_GAME_LEAGUE_MEAN,00-0023459,00-0036212,6.717950338029954,1.8970405812511082,2.947133108286753,6.7359840200670655,3.1399694985579067,6.759135475512157,3.0,6.197469262567603,3.5,5.537887835267618,42.5,3.155091568777274,46.30078125,3.2896702954261556
2025_16_LA_SEA,2025,16,False,False,1.0,75.0,RECONSTRUCTED_STARTER_IDENTITY_NOT_AS_ISSUED_T60,MARKET_TOTAL_RESIDUAL_SHAPE_AT_PRIOR_256_GAME_LEAGUE_MEAN,00-0034869,00-0026498,4.36200904858699,0.0,2.1085217761522834,2.84082580428361,2.283002138095763,2.839577717220126,1.5,2.841388439083044,,,42.5,24.365156380062064,46.375,21.476479292757453
2025_16_PHI_WAS,2025,16,False,False,-11.0,47.0,RECONSTRUCTED_STARTER_IDENTITY_NOT_AS_ISSUED_T60,MARKET_TOTAL_RESIDUAL_SHAPE_AT_PRIOR_256_GAME_LEAGUE_MEAN,00-0032268,00-0036389,10.802207130730057,-0.8935657315185974,-4.639448645564353,3.6197049502996235,-4.171617731074407,3.9489944156570296,-7.0,3.28248641849593,-7.0,3.302531072754306,43.5,3.449029807435304,46.375,3.194359582502024
2025_16_GB_CHI,2025,16,False,False,6.0,38.0,RECONSTRUCTED_STARTER_IDENTITY_NOT_AS_ISSUED_T60,MARKET_TOTAL_RESIDUAL_SHAPE_AT_PRIOR_256_GAME_LEAGUE_MEAN,00-0039918,00-0036264,-1.6454272863568375,-0.8956386292834795,-1.121360729962853,5.034497172945448,-1.1513522762457873,5.045448857136256,1.5,3.471582872937409,-2.0,5.0341604657255505,45.5,4.781473574114681,46.375,4.781473574114681
2025_16_BUF_CLE,2025,16,False,False,-3.0,43.0,RECONSTRUCTED_STARTER_IDENTITY_NOT_AS_ISSUED_T60,MARKET_TOTAL_RESIDUAL_SHAPE_AT_PRIOR_256_GAME_LEAGUE_MEAN,00-0040668,00-0034857,3.719489120151387,0.3863624763946305,-10.000376255854972,5.034497172945446,-9.8670511901047,5.045448857136252,-10.5,5.100252335384989,-10.5,5.0341604657255505,41.5,3.1943595825020195,46.375,3.2896702954261556
2025_16_CIN_MIA,2025,16,False,False,-24.0,66.0,RECONSTRUCTED_STARTER_IDENTITY_NOT_AS_ISSUED_T60,MARKET_TOTAL_RESIDUAL_SHAPE_AT_PRIOR_256_GAME_LEAGUE_MEAN,00-0040234,00-0036442,-44.967105263157904,8.873126658221198,4.972954094041306,20.9407114314281,2.8193448171861424,19.063748514017686,-3.5,13.41439644518293,-2.5,14.602850561572199,48.5,10.85352847308532,46.375,13.303776280938928
2025_16_KC_TEN,2025,16,False,False,17.0,35.0,RECONSTRUCTED_STARTER_IDENTITY_NOT_AS_ISSUED_T60,MARKET_TOTAL_RESIDUAL_SHAPE_AT_PRIOR_256_GAME_LEAGUE_MEAN,00-0040676,00-0037324,0.0,-273.8520408163265,-9.870094111678108,20.832438461546285,1.0839875209749517,11.067179699682955,-3.5,14.612642728065126,-4.0,14.21946398010255,37.5,3.289670004733928,46.375,6.3746874513544824
2025_16_LAC_DAL,2025,16,False,False,-17.0,51.0,RECONSTRUCTED_STARTER_IDENTITY_NOT_AS_ISSUED_T60,MARKET_TOTAL_RESIDUAL_SHAPE_AT_PRIOR_256_GAME_LEAGUE_MEAN,00-0033077,00-0036355,-3.200775259598787,0.253737313134339,-1.0590035265656934,9.384096867951166,-1.1971840294750182,9.37903635237072,1.5,12.540969071946177,1.5,12.856311690432687,50.5,3.155091568777281,46.375,3.956082800191691
2025_16_MIN_NYG,2025,16,False,False,-3.0,29.0,RECONSTRUCTED_STARTER_IDENTITY_NOT_AS_ISSUED_T60,MARKET_TOTAL_RESIDUAL_SHAPE_AT_PRIOR_256_GAME_LEAGUE_MEAN,00-0040691,00-0039923,-10.573574667962426,4.2319277108433635,-5.0894455752887735,3.1728883281112905,-5.681665670441005,3.4427039086040363,-2.5,2.839482224824561,-2.0,2.8137131813805034,41.5,7.669388175715896,46.375,10.745255503203511
2025_16_NYJ_NO,2025,16,False,False,23.0,35.0,RECONSTRUCTED_STARTER_IDENTITY_NOT_AS_ISSUED_T60,MARKET_TOTAL_RESIDUAL_SHAPE_AT_PRIOR_256_GAME_LEAGUE_MEAN,00-0040743,00-0040398,-2.155543657906378,-56.083126036484245,4.1194798798911965,13.545362594218798,6.276583175034311,11.875033302427905,6.5,10.428502430695698,6.5,10.158761104703188,39.5,3.706749975182155,46.375,6.3746874513544824
2025_16_TB_CAR,2025,16,False,False,3.0,43.0,RECONSTRUCTED_STARTER_IDENTITY_NOT_AS_ISSUED_T60,MARKET_TOTAL_RESIDUAL_SHAPE_AT_PRIOR_256_GAME_LEAGUE_MEAN,00-0039150,00-0034855,6.060579940006217,4.255040755040751,-0.6793836137604831,3.7493275198764433,-0.6071620463618644,3.761804175474037,-3.0,4.182982034203135,-3.0,4.137461850177097,44.5,3.1733912256587127,46.375,3.2896702954261556
2025_16_ATL_ARI,2025,16,False,False,-7.0,45.0,RECONSTRUCTED_STARTER_IDENTITY_NOT_AS_ISSUED_T60,MARKET_TOTAL_RESIDUAL_SHAPE_AT_PRIOR_256_GAME_LEAGUE_MEAN,00-0033119,00-0029604,1.8017374180125945,-32.20942982456141,1.7282853504988451,4.86065043257183,3.0887320402018053,5.359211724082496,-2.5,3.28248641849593,-0.5,3.9542882612527066,48.5,3.465423250058252,46.375,3.1356481833407575
2025_16_JAX_DEN,2025,16,False,False,-14.0,54.0,RECONSTRUCTED_STARTER_IDENTITY_NOT_AS_ISSUED_T60,MARKET_TOTAL_RESIDUAL_SHAPE_AT_PRIOR_256_GAME_LEAGUE_MEAN,00-0039732,00-0036971,1.1604436483879876,0.2574463369307667,7.507824261220276,14.422602395972516,7.543944153678565,14.441941422900644,3.5,11.685078869887468,3.5,12.00540647211533,46.5,4.674344332787954,46.375,5.110867397980483
2025_16_LV_HOU,2025,16,False,False,2.0,44.0,RECONSTRUCTED_STARTER_IDENTITY_NOT_AS_ISSUED_T60,MARKET_TOTAL_RESIDUAL_SHAPE_AT_PRIOR_256_GAME_LEAGUE_MEAN,00-0039163,00-0030565,6.920096101681783,0.8720728232923358,16.247765729652894,7.90029968914827,16.489686660788472,7.8754145452796,14.5,7.754083826044537,,,39.5,3.674344332787949,46.375,3.1733912256587136
2025_16_PIT_DET,2025,16,False,False,-5.0,53.0,RECONSTRUCTED_STARTER_IDENTITY_NOT_AS_ISSUED_T60,MARKET_TOTAL_RESIDUAL_SHAPE_AT_PRIOR_256_GAME_LEAGUE_MEAN,00-0033106,00-0023459,0.6275255992781226,11.70212765957448,6.046277697451524,5.947955045610336,5.60329361503967,5.92154493033488,7.5,7.754083826044539,7.5,8.046940018441205,52.5,3.155091568777281,46.375,4.674344332787955
2025_16_NE_BAL,2025,16,False,False,-4.0,52.0,RECONSTRUCTED_STARTER_IDENTITY_NOT_AS_ISSUED_T60,MARKET_TOTAL_RESIDUAL_SHAPE_AT_PRIOR_256_GAME_LEAGUE_MEAN,00-0034796,00-0039851,31.279970029970027,-0.3154574132492094,2.479040713766426,3.6197049502996217,3.7428578114951954,4.360355452637587,3.5,4.745696483307215,3.5,4.887195609495521,48.5,3.449029807435301,46.375,4.291195266832942
2025_16_SF_IND,2025,16,False,False,-21.0,75.0,RECONSTRUCTED_STARTER_IDENTITY_NOT_AS_ISSUED_T60,MARKET_TOTAL_RESIDUAL_SHAPE_AT_PRIOR_256_GAME_LEAGUE_MEAN,00-0022942,00-0037834,24.58770062233868,10.12360301263362,0.08061420566518791,13.535450280074691,0.6591781100533903,14.441941422900642,-4.5,10.044972121888993,-2.5,12.00540647211533,46.5,20.526040863478002,46.375,21.476479292757453
2025_17_DAL_WAS,2025,17,False,False,-7.0,53.0,RECONSTRUCTED_STARTER_IDENTITY_NOT_AS_ISSUED_T60,MARKET_TOTAL_RESIDUAL_SHAPE_AT_PRIOR_256_GAME_LEAGUE_MEAN,00-0026300,00-0033077,-14.525386313465782,-2.973753280839886,1.6687054042128784,4.86065043257183,1.2066400829078427,4.360355452637586,-8.5,3.0224787936388964,-6.5,2.819037995012028,50.5,3.2915765096846394,46.640625,4.291195266832941
2025_17_DET_MIN,2025,17,False,False,13.0,33.0,RECONSTRUCTED_STARTER_IDENTITY_NOT_AS_ISSUED_T60,MARKET_TOTAL_RESIDUAL_SHAPE_AT_PRIOR_256_GAME_LEAGUE_MEAN,00-0040494,00-0033106,-84.72172298106878,1.4776074441023024,-0.19509861959396402,8.769152148164665,-3.6430718366008072,11.875033302427903,-7.0,13.74150281193855,-7.0,13.364298910879972,45.5,7.6693881757159,46.640625,8.380406094129928
2025_17_DEN_KC,2025,17,False,False,-7.0,33.0,RECONSTRUCTED_STARTER_IDENTITY_NOT_AS_ISSUED_T60,MARKET_TOTAL_RESIDUAL_SHAPE_AT_PRIOR_256_GAME_LEAGUE_MEAN,00-0037324,00-0039732,-66.2300540268878,1.1483429983459859,-1.868059617421668,3.3326290829721357,-4.5631954984310195,2.854446188436291,-13.5,4.613405213768519,-10.0,3.212009241018415,37.5,3.7067496844899317,46.640625,8.380406094129928
2025_17_HOU_LAC,2025,17,False,False,-4.0,36.0,RECONSTRUCTED_STARTER_IDENTITY_NOT_AS_ISSUED_T60,MARKET_TOTAL_RESIDUAL_SHAPE_AT_PRIOR_256_GAME_LEAGUE_MEAN,00-0036355,00-0039163,1.645035691109653,12.016313594411066,0.8766700679789665,3.332629082972135,0.46181895184691,3.0961541564118917,1.5,3.8947624383205586,1.5,3.9542882612527066,40.5,3.7067499751821567,46.640625,6.374687451354482
2025_17_BAL_GB,2025,17,False,False,-17.0,65.0,RECONSTRUCTED_STARTER_IDENTITY_NOT_AS_ISSUED_T60,MARKET_TOTAL_RESIDUAL_SHAPE_AT_PRIOR_256_GAME_LEAGUE_MEAN,00-0038128,00-0035993,46.43408764367813,-20.24126139817628,6.116364491310278,15.324241740234815,8.783378452984454,18.118647484661988,2.5,13.414396445182929,2.5,13.71786653601309,38.5,18.651088373488346,46.640625,11.649944790279374
2025_17_ARI_CIN,2025,17,False,False,23.0,51.0,RECONSTRUCTED_STARTER_IDENTITY_NOT_AS_ISSUED_T60,MARKET_TOTAL_RESIDUAL_SHAPE_AT_PRIOR_256_GAME_LEAGUE_MEAN,00-0036442,00-0033119,-1.4541642903252106,0.787905125457411,7.123908982694511,11.047078187051433,7.034226206063206,11.067179699682956,7.0,10.428502430695698,7.5,9.418612009921503,52.5,3.1733912256587145,46.640625,3.674344332787954
2025_17_JAX_IND,2025,17,False,False,-6.0,40.0,RECONSTRUCTED_STARTER_IDENTITY_NOT_AS_ISSUED_T60,MARKET_TOTAL_RESIDUAL_SHAPE_AT_PRIOR_256_GAME_LEAGUE_MEAN,00-0022942,00-0036971,24.78287337662337,0.2589412881785158,-2.2434166632117556,3.112651957543238,-1.2624593796739616,3.314606310434005,-3.5,2.924118137901192,-3.0,3.069304235693604,48.5,5.259933352993822,46.640625,4.36706259432055
2025_17_NE_NYJ,2025,17,False,False,-32.0,52.0,RECONSTRUCTED_STARTER_IDENTITY_NOT_AS_ISSUED_T60,MARKET_TOTAL_RESIDUAL_SHAPE_AT_PRIOR_256_GAME_LEAGUE_MEAN,00-0040398,00-0039851,-36.14412976997739,0.30119652154747545,-7.860149915676866,16.235030912937823,-9.31796296733786,15.342055795756151,-12.5,12.540969071946176,-13.0,12.856311690432689,42.5,5.593139605376588,46.640625,3.95608280019169
2025_17_NO_TEN,2025,17,False,False,-8.0,60.0,RECONSTRUCTED_STARTER_IDENTITY_NOT_AS_ISSUED_T60,MARKET_TOTAL_RESIDUAL_SHAPE_AT_PRIOR_256_GAME_LEAGUE_MEAN,00-0040676,00-0040743,0.0,1.6595955948727203,-0.6767954545878365,3.9746420452290927,-0.7431792783827453,3.948994415657033,-1.5,3.8947624383205577,1.0,5.439911264447595,39.5,13.303776280938923,46.640625,7.934733200496685
2025_17_PIT_CLE,2025,17,False,False,7.0,19.0,RECONSTRUCTED_STARTER_IDENTITY_NOT_AS_ISSUED_T60,MARKET_TOTAL_RESIDUAL_SHAPE_AT_PRIOR_256_GAME_LEAGUE_MEAN,00-0040668,00-0023459,4.800587343690788,13.35434941520468,-6.459682281506985,8.769152148164661,-6.801832764367541,9.524671121718795,-4.5,7.483782644191701,-4.0,6.666748325150472,35.5,10.745253323011823,46.640625,20.89432145821685
2025_17_SEA_CAR,2025,17,False,False,-17.0,37.0,RECONSTRUCTED_STARTER_IDENTITY_NOT_AS_ISSUED_T60,MARKET_TOTAL_RESIDUAL_SHAPE_AT_PRIOR_256_GAME_LEAGUE_MEAN,00-0039150,00-0034869,6.321428571428567,4.2483660130719025,-7.399697766819108,5.38485935365456,-7.316775264484843,5.359211724082499,-6.5,5.793351839769281,-6.5,6.026705726641421,42.5,4.0075505851707165,46.640625,5.791004645407093
2025_17_TB_MIA,2025,17,False,False,3.0,37.0,RECONSTRUCTED_STARTER_IDENTITY_NOT_AS_ISSUED_T60,MARKET_TOTAL_RESIDUAL_SHAPE_AT_PRIOR_256_GAME_LEAGUE_MEAN,00-0040234,00-0034855,5.603813559322046,3.2996852997653203,1.1910025001971098,3.1728883281112896,1.2831676305793789,3.1937523264462016,-5.5,5.629036170688077,-3.5,4.564511903425231,44.5,4.78147357411468,46.640625,5.791004645407093
2025_17_NYG_LV,2025,17,False,False,-24.0,44.0,RECONSTRUCTED_STARTER_IDENTITY_NOT_AS_ISSUED_T60,MARKET_TOTAL_RESIDUAL_SHAPE_AT_PRIOR_256_GAME_LEAGUE_MEAN,00-0030565,00-0040691,1.028328031295378,-20.002042483660134,1.6547647497658,18.091683600699927,2.4959795703640206,18.118647484661988,-3.0,14.309173418114687,,,40.5,3.449029807435301,46.640625,3.2896702954261547
2025_17_PHI_BUF,2025,17,False,False,-1.0,25.0,RECONSTRUCTED_STARTER_IDENTITY_NOT_AS_ISSUED_T60,MARKET_TOTAL_RESIDUAL_SHAPE_AT_PRIOR_256_GAME_LEAGUE_MEAN,00-0034857,00-0036389,0.3223684210526434,-0.9225527172981307,3.4827039731498917,3.112651957543238,3.5325008186839226,3.3146063104340024,3.0,3.28248641849593,3.0,3.302531072754304,45.5,14.246589853184448,46.640625,15.162716425811208
2025_17_CHI_SF,2025,17,False,False,4.0,80.0,RECONSTRUCTED_STARTER_IDENTITY_NOT_AS_ISSUED_T60,MARKET_TOTAL_RESIDUAL_SHAPE_AT_PRIOR_256_GAME_LEAGUE_MEAN,00-0037834,00-0039918,-1.2555231530576139,-1.6228900782214728,3.8297602646563793,2.886956189338889,3.8444549416629337,2.881133188055048,3.5,2.839482224824561,3.5,2.819037995012028,51.5,20.526040863478002,46.640625,25.33618192333313
2025_17_LA_ATL,2025,17,False,False,3.0,51.0,RECONSTRUCTED_STARTER_IDENTITY_NOT_AS_ISSUED_T60,MARKET_TOTAL_RESIDUAL_SHAPE_AT_PRIOR_256_GAME_LEAGUE_MEAN,00-0029604,00-0026498,-12.919669177857829,0.0,-7.185040957112705,6.735984020067065,-7.701827724227019,7.39847973780724,-7.5,6.818513867981253,,,48.5,3.291576509684634,46.640625,3.674344332787954
2025_18_CAR_TB,2025,18,False,True,2.0,30.0,RECONSTRUCTED_STARTER_IDENTITY_NOT_AS_ISSUED_T60,MARKET_TOTAL_RESIDUAL_SHAPE_AT_PRIOR_256_GAME_LEAGUE_MEAN,00-0034855,00-0039150,2.669715842740361,12.409698025551673,4.753615886810748,2.9559611454959622,4.364016599498296,2.854446188436291,3.0,2.841388439083044,3.0,2.8137131813805034,43.5,8.380406094129928,46.44921875,9.923677157797487
2025_18_SEA_SF,2025,18,False,True,-10.0,16.0,RECONSTRUCTED_STARTER_IDENTITY_NOT_AS_ISSUED_T60,MARKET_TOTAL_RESIDUAL_SHAPE_AT_PRIOR_256_GAME_LEAGUE_MEAN,00-0037834,00-0034869,0.947286609061404,4.157735468415069,-0.39842984798056025,5.384859353654561,-0.5268478023547069,4.831952860186197,-2.5,4.29011127552986,-1.0,5.439911264447595,47.5,24.835610059055583,46.44921875,22.857722144453987
2025_18_CLE_CIN,2025,18,False,True,-2.0,38.0,RECONSTRUCTED_STARTER_IDENTITY_NOT_AS_ISSUED_T60,MARKET_TOTAL_RESIDUAL_SHAPE_AT_PRIOR_256_GAME_LEAGUE_MEAN,00-0036442,00-0040668,-2.540096618357479,1.9323671497584627,7.405712975527203,4.860650432571829,7.2268144248025665,4.8319528601861945,9.5,7.055265678884797,8.5,6.656098697887424,47.5,5.791004645407091,46.44921875,4.781473574114681
2025_18_DAL_NYG,2025,18,False,True,17.0,51.0,RECONSTRUCTED_STARTER_IDENTITY_NOT_AS_ISSUED_T60,MARKET_TOTAL_RESIDUAL_SHAPE_AT_PRIOR_256_GAME_LEAGUE_MEAN,00-0040691,00-0039398,-12.630162110992792,36.31410256410257,-2.221181527024255,13.545362594218801,-4.178952114028069,15.301644053476322,-3.0,13.74150281193855,-3.0,13.364298910879972,50.5,3.155091568777281,46.44921875,3.956082800191691
2025_18_GB_MIN,2025,18,False,True,13.0,19.0,RECONSTRUCTED_STARTER_IDENTITY_NOT_AS_ISSUED_T60,MARKET_TOTAL_RESIDUAL_SHAPE_AT_PRIOR_256_GAME_LEAGUE_MEAN,00-0039923,00-0038582,25.208164642375163,-258.5781883731411,1.6054160143868557,7.379140710879111,12.956870135007504,2.881133188055049,12.5,2.83948222482456,12.5,2.8190379950120272,37.5,12.461610530849065,46.44921875,19.920245972132214
2025_18_IND_HOU,2025,18,False,True,8.0,68.0,RECONSTRUCTED_STARTER_IDENTITY_NOT_AS_ISSUED_T60,MARKET_TOTAL_RESIDUAL_SHAPE_AT_PRIOR_256_GAME_LEAGUE_MEAN,00-0039163,00-0040206,12.955966216103864,-106.44635695187165,10.364364692392519,2.8640816182371003,15.140457619111539,3.9489944156570314,9.5,2.92411813790119,9.5,2.908494864021611,37.5,22.435304774082002,46.44921875,15.03309385623439
2025_18_NO_ATL,2025,18,False,True,2.0,36.0,RECONSTRUCTED_STARTER_IDENTITY_NOT_AS_ISSUED_T60,MARKET_TOTAL_RESIDUAL_SHAPE_AT_PRIOR_256_GAME_LEAGUE_MEAN,00-0029604,00-0040743,-14.41450849345587,9.112189692004225,4.07058476844788,2.8640816182370976,3.129516841029476,2.839577717220126,4.5,3.075471550024714,3.5,2.9084948640216126,43.5,4.781473574114679,46.44921875,5.791004645407094
2025_18_TEN_JAX,2025,18,False,True,34.0,48.0,RECONSTRUCTED_STARTER_IDENTITY_NOT_AS_ISSUED_T60,MARKET_TOTAL_RESIDUAL_SHAPE_AT_PRIOR_256_GAME_LEAGUE_MEAN,00-0036971,00-0032434,0.26995895116026514,-3.101909506019096,15.438984698941159,13.5453625942188,15.573859437228332,12.711098876198395,12.5,14.612642728065122,12.5,14.21946398010255,46.5,3.194359582502023,46.44921875,3.2915765096846386
2025_18_ARI_LA,2025,18,False,True,17.0,57.0,RECONSTRUCTED_STARTER_IDENTITY_NOT_AS_ISSUED_T60,MARKET_TOTAL_RESIDUAL_SHAPE_AT_PRIOR_256_GAME_LEAGUE_MEAN,00-0026498,00-0033119,0.0,0.7852583525229218,14.89368195682905,3.1728883281112896,14.862271622728134,3.1937523264462033,14.5,3.0224787936388946,,,49.5,4.674344332787953,46.44921875,6.688069075449031
2025_18_DET_CHI,2025,18,False,True,-3.0,35.0,RECONSTRUCTED_STARTER_IDENTITY_NOT_AS_ISSUED_T60,MARKET_TOTAL_RESIDUAL_SHAPE_AT_PRIOR_256_GAME_LEAGUE_MEAN,00-0039918,00-0033106,-1.4684401725573393,1.37568202088032,2.2330221749811336,3.332629082972134,2.1192572872436273,3.3146063104340024,3.5,4.29011127552986,3.5,4.394117867216501,51.5,10.74525550320351,46.44921875,6.3746874513544824
2025_18_KC_LV,2025,18,False,True,2.0,26.0,RECONSTRUCTED_STARTER_IDENTITY_NOT_AS_ISSUED_T60,MARKET_TOTAL_RESIDUAL_SHAPE_AT_PRIOR_256_GAME_LEAGUE_MEAN,00-0038579,00-0037324,50.392093455677276,-49.54576250307958,-7.251427934191452,6.132476585831457,-3.253913695841178,4.140378327208688,-3.5,4.182982034203136,,,36.5,6.374686579277805,46.44921875,13.344188023218761
2025_18_LAC_DEN,2025,18,False,True,16.0,22.0,RECONSTRUCTED_STARTER_IDENTITY_NOT_AS_ISSUED_T60,MARKET_TOTAL_RESIDUAL_SHAPE_AT_PRIOR_256_GAME_LEAGUE_MEAN,00-0039732,00-0037012,1.0966744252782101,-10.289279804585938,5.49926815861043,7.379140710879112,5.954706327804996,6.759135475512158,14.5,2.892474981210377,14.5,2.87335109405356,37.5,9.923676867105257,46.44921875,17.033856341937785
2025_18_MIA_NE,2025,18,False,True,28.0,48.0,RECONSTRUCTED_STARTER_IDENTITY_NOT_AS_ISSUED_T60,MARKET_TOTAL_RESIDUAL_SHAPE_AT_PRIOR_256_GAME_LEAGUE_MEAN,00-0039851,00-0040234,0.5569584736251354,19.564260563380277,8.076100658232017,14.414215053235194,7.315808574641811,15.301644053476323,14.0,8.89971859539261,14.0,8.693372393308085,44.5,3.4490298074353047,46.44921875,3.2915765096846386
2025_18_NYJ_BUF,2025,18,False,True,27.0,43.0,RECONSTRUCTED_STARTER_IDENTITY_NOT_AS_ISSUED_T60,MARKET_TOTAL_RESIDUAL_SHAPE_AT_PRIOR_256_GAME_LEAGUE_MEAN,00-0033869,00-0040398,-20.38927434030937,-34.759008469159475,16.780502264162568,6.7359840200670655,17.35529162931657,6.759135475512158,12.5,8.89971859539261,12.5,8.693372393308085,39.5,3.4490298074352994,46.44921875,3.2896702954261556
2025_18_WAS_PHI,2025,18,False,True,-7.0,41.0,RECONSTRUCTED_STARTER_IDENTITY_NOT_AS_ISSUED_T60,MARKET_TOTAL_RESIDUAL_SHAPE_AT_PRIOR_256_GAME_LEAGUE_MEAN,00-0038400,00-0026300,32.5769230769231,22.449781761862297,12.428556129347808,11.81680750462673,12.83364178195024,12.679836962359278,3.0,5.793351839769281,6.5,8.78495918777028,38.5,3.2915763643385185,46.44921875,3.706749975182161
2025_18_BAL_PIT,2025,18,False,True,2.0,50.0,RECONSTRUCTED_STARTER_IDENTITY_NOT_AS_ISSUED_T60,MARKET_TOTAL_RESIDUAL_SHAPE_AT_PRIOR_256_GAME_LEAGUE_MEAN,00-0023459,00-0034796,7.908439304356851,1.966312363175482,0.7668878482100172,2.9940854306656153,1.004572925857272,3.006562086263205,-4.5,4.6134052137685195,-4.0,4.137461850177095,41.5,5.110867397980479,46.44921875,3.674344332787955
