quote_id,snapshot_received_at,source_sha256,event_id,week,commence_time,home_team,away_team,market,provider_market,player,canonical_line,side,line,executed_book,book_price,decimal_price,book_fair_probability,devig_power,quote_updated_at,quote_age_seconds,probability_basis,model_probability,probability_source,evidence_label,sharp_reference,consensus_id,consensus_fair_probability,fair_probability,fair_price,price_edge_cents,qualifying_books,coverage_flag,best_price,best_price_books,best_executable_price,filter_pass,board_eligible,consensus_fair_line,fair_line_method
d9a949bf9673d94b72a947cb,2026-09-06T21:09:03.638292+00:00,f6b154b1ff83826321942baec7935c6eac9146e7a89b5c4e72cb75408ba32246,5ad8135dc2b5f27de0b777acd317855a,1,2026-09-15T00:15:00Z,Kansas City Chiefs,Denver Broncos,h2h,h2h,,,Denver Broncos,,betmgm,120,2.2,0.42979876251422733,1.0710004325418399,2026-09-06T21:08:57Z,6.638292,conditional_non_push,,market_consensus_no_model,live_snapshot_not_T60,pinnacle,235d51be1ffbc26bc9751ebe,0.42928583134056353,0.42928583134056353,132.94502799620102,-12.94502799620102,4,OK,129,pinnacle,120,False,False,,not_applicable
2c96758a94183ae649ebf839,2026-09-06T21:09:03.638292+00:00,f6b154b1ff83826321942baec7935c6eac9146e7a89b5c4e72cb75408ba32246,5ad8135dc2b5f27de0b777acd317855a,1,2026-09-15T00:15:00Z,Kansas City Chiefs,Denver Broncos,h2h,h2h,,,Denver Broncos,,draftkings,120,2.2,0.4325634609832266,1.0628681713236303,2026-09-06T21:07:49Z,74.638292,conditional_non_push,,market_consensus_no_model,live_snapshot_not_T60,pinnacle,235d51be1ffbc26bc9751ebe,0.42928583134056353,0.42928583134056353,132.94502799620102,-12.94502799620102,4,OK,129,pinnacle,120,False,False,,not_applicable
6a96d78b4edfc4b4ae8db183,2026-09-06T21:09:03.638292+00:00,f6b154b1ff83826321942baec7935c6eac9146e7a89b5c4e72cb75408ba32246,5ad8135dc2b5f27de0b777acd317855a,1,2026-09-15T00:15:00Z,Kansas City Chiefs,Denver Broncos,h2h,h2h,,,Denver Broncos,,fanduel,122,2.2199999999999998,0.4287729001668997,1.0618435480340365,2026-09-06T21:08:57Z,6.638292,conditional_non_push,,market_consensus_no_model,live_snapshot_not_T60,pinnacle,235d51be1ffbc26bc9751ebe,0.42928583134056353,0.42928583134056353,132.94502799620102,-10.94502799620102,4,OK,129,pinnacle,120,False,False,,not_applicable
1c96dae1925fdde9ed1a9c15,2026-09-06T21:09:03.638292+00:00,f6b154b1ff83826321942baec7935c6eac9146e7a89b5c4e72cb75408ba32246,5ad8135dc2b5f27de0b777acd317855a,1,2026-09-15T00:15:00Z,Kansas City Chiefs,Denver Broncos,h2h,h2h,,,Denver Broncos,,pinnacle,129,2.29,0.4204725367909282,1.0456510916709658,2026-09-06T21:08:57Z,6.638292,conditional_non_push,,market_consensus_no_model,live_snapshot_not_T60,pinnacle,235d51be1ffbc26bc9751ebe,0.42928583134056353,0.42928583134056353,132.94502799620102,-3.94502799620102,4,OK,129,pinnacle,120,False,False,,not_applicable
120752631fd0b9918627996f,2026-09-06T21:09:03.638292+00:00,f6b154b1ff83826321942baec7935c6eac9146e7a89b5c4e72cb75408ba32246,5ad8135dc2b5f27de0b777acd317855a,1,2026-09-15T00:15:00Z,Kansas City Chiefs,Denver Broncos,h2h,h2h,,,Kansas City Chiefs,,betmgm,-145,1.6896551724137931,0.5702012374857727,1.0710004325418399,2026-09-06T21:08:57Z,6.638292,conditional_non_push,,market_consensus_no_model,live_snapshot_not_T60,pinnacle,235d51be1ffbc26bc9751ebe,0.5707141686594366,0.5707141686594366,-132.94502799620108,-12.054972003798923,4,OK,-142,draftkings,-145,False,False,,not_applicable
daedcff8c5d2876dfa525464,2026-09-06T21:09:03.638292+00:00,f6b154b1ff83826321942baec7935c6eac9146e7a89b5c4e72cb75408ba32246,5ad8135dc2b5f27de0b777acd317855a,1,2026-09-15T00:15:00Z,Kansas City Chiefs,Denver Broncos,h2h,h2h,,,Kansas City Chiefs,,draftkings,-142,1.704225352112676,0.5674365390167734,1.0628681713236303,2026-09-06T21:07:49Z,74.638292,conditional_non_push,,market_consensus_no_model,live_snapshot_not_T60,pinnacle,235d51be1ffbc26bc9751ebe,0.5707141686594366,0.5707141686594366,-132.94502799620108,-9.054972003798923,4,OK,-142,draftkings,-145,False,False,,not_applicable
22979a2fc1485e11511f5dfa,2026-09-06T21:09:03.638292+00:00,f6b154b1ff83826321942baec7935c6eac9146e7a89b5c4e72cb75408ba32246,5ad8135dc2b5f27de0b777acd317855a,1,2026-09-15T00:15:00Z,Kansas City Chiefs,Denver Broncos,h2h,h2h,,,Kansas City Chiefs,,fanduel,-144,1.6944444444444444,0.5712270998331004,1.0618435480340365,2026-09-06T21:08:57Z,6.638292,conditional_non_push,,market_consensus_no_model,live_snapshot_not_T60,pinnacle,235d51be1ffbc26bc9751ebe,0.5707141686594366,0.5707141686594366,-132.94502799620108,-11.054972003798923,4,OK,-142,draftkings,-145,False,False,,not_applicable
8b9167748ddab191555856fd,2026-09-06T21:09:03.638292+00:00,f6b154b1ff83826321942baec7935c6eac9146e7a89b5c4e72cb75408ba32246,5ad8135dc2b5f27de0b777acd317855a,1,2026-09-15T00:15:00Z,Kansas City Chiefs,Denver Broncos,h2h,h2h,,,Kansas City Chiefs,,pinnacle,-146,1.6849315068493151,0.579527463209072,1.0456510916709658,2026-09-06T21:08:57Z,6.638292,conditional_non_push,,market_consensus_no_model,live_snapshot_not_T60,pinnacle,235d51be1ffbc26bc9751ebe,0.5707141686594366,0.5707141686594366,-132.94502799620108,-13.054972003798923,4,OK,-142,draftkings,-145,False,False,,not_applicable
0098894b141c67959ffe437c,2026-09-06T21:09:03.638292+00:00,f6b154b1ff83826321942baec7935c6eac9146e7a89b5c4e72cb75408ba32246,5ad8135dc2b5f27de0b777acd317855a,1,2026-09-15T00:15:00Z,Kansas City Chiefs,Denver Broncos,player_pass_tds,player_pass_tds,Bo Nix,1.5,Over,1.5,draftkings,161,2.6100000000000003,0.3501897102590403,1.093740553446949,2026-09-06T21:08:21Z,42.638292,conditional_non_push,,market_consensus_no_model,live_snapshot_not_T60,pinnacle,c09b8eaaf6df8a1e6ba3cdca,0.3501897102590403,0.3501897102590403,185.5595040928775,-24.55950409287749,3,OK,172,pinnacle,,False,False,1.5,closest_offered_consensus_to_50pct_no_interpolation
c29399cd2a7aef8d97f01aa5,2026-09-06T21:09:03.638292+00:00,f6b154b1ff83826321942baec7935c6eac9146e7a89b5c4e72cb75408ba32246,5ad8135dc2b5f27de0b777acd317855a,1,2026-09-15T00:15:00Z,Kansas City Chiefs,Denver Broncos,player_pass_tds,player_pass_tds,Bo Nix,1.5,Over,1.5,fanduel,142,2.42,0.37336020860003377,1.114785929388856,2026-09-06T21:08:54Z,9.638292,conditional_non_push,,market_consensus_no_model,live_snapshot_not_T60,pinnacle,c09b8eaaf6df8a1e6ba3cdca,0.3501897102590403,0.3501897102590403,185.5595040928775,-43.55950409287749,3,OK,172,pinnacle,,False,False,1.5,closest_offered_consensus_to_50pct_no_interpolation
dd2315f5baade602bd41bc8e,2026-09-06T21:09:03.638292+00:00,f6b154b1ff83826321942baec7935c6eac9146e7a89b5c4e72cb75408ba32246,5ad8135dc2b5f27de0b777acd317855a,1,2026-09-15T00:15:00Z,Kansas City Chiefs,Denver Broncos,player_pass_tds,player_pass_tds,Bo Nix,1.5,Over,1.5,pinnacle,172,2.7199999999999998,0.3270188662878634,1.117031584417759,2026-09-06T21:08:58Z,5.638292,conditional_non_push,,market_consensus_no_model,live_snapshot_not_T60,pinnacle,c09b8eaaf6df8a1e6ba3cdca,0.3501897102590403,0.3501897102590403,185.5595040928775,-13.55950409287749,3,OK,172,pinnacle,,False,False,1.5,closest_offered_consensus_to_50pct_no_interpolation
ac65b9646f65e70664961fca,2026-09-06T21:09:03.638292+00:00,f6b154b1ff83826321942baec7935c6eac9146e7a89b5c4e72cb75408ba32246,5ad8135dc2b5f27de0b777acd317855a,1,2026-09-15T00:15:00Z,Kansas City Chiefs,Denver Broncos,player_pass_tds,player_pass_tds,Bo Nix,1.5,Under,1.5,draftkings,-207,1.4830917874396135,0.6498102897409598,1.093740553446949,2026-09-06T21:08:21Z,42.638292,conditional_non_push,,market_consensus_no_model,live_snapshot_not_T60,pinnacle,c09b8eaaf6df8a1e6ba3cdca,0.6498102897409598,0.6498102897409598,-185.55950409287755,-21.440495907122454,3,OK,-192,fanduel,,False,False,1.5,closest_offered_consensus_to_50pct_no_interpolation
e3a7711389b765779ff9a434,2026-09-06T21:09:03.638292+00:00,f6b154b1ff83826321942baec7935c6eac9146e7a89b5c4e72cb75408ba32246,5ad8135dc2b5f27de0b777acd317855a,1,2026-09-15T00:15:00Z,Kansas City Chiefs,Denver Broncos,player_pass_tds,player_pass_tds,Bo Nix,1.5,Under,1.5,fanduel,-192,1.5208333333333335,0.6266397913999663,1.114785929388856,2026-09-06T21:08:54Z,9.638292,conditional_non_push,,market_consensus_no_model,live_snapshot_not_T60,pinnacle,c09b8eaaf6df8a1e6ba3cdca,0.6498102897409598,0.6498102897409598,-185.55950409287755,-6.440495907122454,3,OK,-192,fanduel,,False,False,1.5,closest_offered_consensus_to_50pct_no_interpolation
a5510833f2a23edb0add2700,2026-09-06T21:09:03.638292+00:00,f6b154b1ff83826321942baec7935c6eac9146e7a89b5c4e72cb75408ba32246,5ad8135dc2b5f27de0b777acd317855a,1,2026-09-15T00:15:00Z,Kansas City Chiefs,Denver Broncos,player_pass_tds,player_pass_tds,Bo Nix,1.5,Under,1.5,pinnacle,-235,1.425531914893617,0.6729811337121365,1.117031584417759,2026-09-06T21:08:58Z,5.638292,conditional_non_push,,market_consensus_no_model,live_snapshot_not_T60,pinnacle,c09b8eaaf6df8a1e6ba3cdca,0.6498102897409598,0.6498102897409598,-185.55950409287755,-49.440495907122454,3,OK,-192,fanduel,,False,False,1.5,closest_offered_consensus_to_50pct_no_interpolation
22d81308474a47805fdb5c57,2026-09-06T21:09:03.638292+00:00,f6b154b1ff83826321942baec7935c6eac9146e7a89b5c4e72cb75408ba32246,5ad8135dc2b5f27de0b777acd317855a,1,2026-09-15T00:15:00Z,Kansas City Chiefs,Denver Broncos,player_pass_tds,player_pass_tds,Patrick Mahomes,1.5,Over,1.5,draftkings,120,2.2,0.42266663553647615,1.0922233079377737,2026-09-06T21:08:21Z,42.638292,conditional_non_push,,market_consensus_no_model,live_snapshot_not_T60,pinnacle,87f1836ec4757bef1d793947,0.425792012343204,0.425792012343204,134.8564489260459,-14.856448926045914,3,OK,120,draftkings,,False,False,1.5,closest_offered_consensus_to_50pct_no_interpolation
b9e4778eaaeceb4094557cec,2026-09-06T21:09:03.638292+00:00,f6b154b1ff83826321942baec7935c6eac9146e7a89b5c4e72cb75408ba32246,5ad8135dc2b5f27de0b777acd317855a,1,2026-09-15T00:15:00Z,Kansas City Chiefs,Denver Broncos,player_pass_tds,player_pass_tds,Patrick Mahomes,1.5,Over,1.5,fanduel,116,2.16,0.425792012343204,1.108680912396311,2026-09-06T21:08:54Z,9.638292,conditional_non_push,,market_consensus_no_model,live_snapshot_not_T60,pinnacle,87f1836ec4757bef1d793947,0.425792012343204,0.425792012343204,134.8564489260459,-18.856448926045914,3,OK,120,draftkings,,False,False,1.5,closest_offered_consensus_to_50pct_no_interpolation
1609b3f3ef5b29bf4e2cbb9d,2026-09-06T21:09:03.638292+00:00,f6b154b1ff83826321942baec7935c6eac9146e7a89b5c4e72cb75408ba32246,5ad8135dc2b5f27de0b777acd317855a,1,2026-09-15T00:15:00Z,Kansas City Chiefs,Denver Broncos,player_pass_tds,player_pass_tds,Patrick Mahomes,1.5,Over,1.5,pinnacle,116,2.16,0.425792012343204,1.108680912396311,2026-09-06T21:08:58Z,5.638292,conditional_non_push,,market_consensus_no_model,live_snapshot_not_T60,pinnacle,87f1836ec4757bef1d793947,0.425792012343204,0.425792012343204,134.8564489260459,-18.856448926045914,3,OK,120,draftkings,,False,False,1.5,closest_offered_consensus_to_50pct_no_interpolation
3787b6c514009674f33cf046,2026-09-06T21:09:03.638292+00:00,f6b154b1ff83826321942baec7935c6eac9146e7a89b5c4e72cb75408ba32246,5ad8135dc2b5f27de0b777acd317855a,1,2026-09-15T00:15:00Z,Kansas City Chiefs,Denver Broncos,player_pass_tds,player_pass_tds,Patrick Mahomes,1.5,Under,1.5,draftkings,-153,1.65359477124183,0.577333364463524,1.0922233079377737,2026-09-06T21:08:21Z,42.638292,conditional_non_push,,market_consensus_no_model,live_snapshot_not_T60,pinnacle,87f1836ec4757bef1d793947,0.574207987656796,0.574207987656796,-134.85644892604594,-18.143551073954058,3,OK,-153,draftkings,,False,False,1.5,closest_offered_consensus_to_50pct_no_interpolation
45e44cc57de6730299343273,2026-09-06T21:09:03.638292+00:00,f6b154b1ff83826321942baec7935c6eac9146e7a89b5c4e72cb75408ba32246,5ad8135dc2b5f27de0b777acd317855a,1,2026-09-15T00:15:00Z,Kansas City Chiefs,Denver Broncos,player_pass_tds,player_pass_tds,Patrick Mahomes,1.5,Under,1.5,fanduel,-154,1.6493506493506493,0.574207987656796,1.108680912396311,2026-09-06T21:08:54Z,9.638292,conditional_non_push,,market_consensus_no_model,live_snapshot_not_T60,pinnacle,87f1836ec4757bef1d793947,0.574207987656796,0.574207987656796,-134.85644892604594,-19.143551073954058,3,OK,-153,draftkings,,False,False,1.5,closest_offered_consensus_to_50pct_no_interpolation
e9d84065f425b0e70ef40150,2026-09-06T21:09:03.638292+00:00,f6b154b1ff83826321942baec7935c6eac9146e7a89b5c4e72cb75408ba32246,5ad8135dc2b5f27de0b777acd317855a,1,2026-09-15T00:15:00Z,Kansas City Chiefs,Denver Broncos,player_pass_tds,player_pass_tds,Patrick Mahomes,1.5,Under,1.5,pinnacle,-154,1.6493506493506493,0.574207987656796,1.108680912396311,2026-09-06T21:08:58Z,5.638292,conditional_non_push,,market_consensus_no_model,live_snapshot_not_T60,pinnacle,87f1836ec4757bef1d793947,0.574207987656796,0.574207987656796,-134.85644892604594,-19.143551073954058,3,OK,-153,draftkings,,False,False,1.5,closest_offered_consensus_to_50pct_no_interpolation
42a3a26144cb97b2e4e75dfc,2026-09-06T21:09:03.638292+00:00,f6b154b1ff83826321942baec7935c6eac9146e7a89b5c4e72cb75408ba32246,5ad8135dc2b5f27de0b777acd317855a,1,2026-09-15T00:15:00Z,Kansas City Chiefs,Denver Broncos,player_pass_yds,player_pass_yds,Bo Nix,224.5,Over,224.5,draftkings,-112,1.8928571428571428,0.5,1.086288769989248,2026-09-06T21:08:21Z,42.638292,conditional_non_push,,market_consensus_no_model,live_snapshot_not_T60,pinnacle,635657b160b8be82ce07d349,0.5,0.5,-100.0,-12.0,1,FEWER_THAN_TWO_BOOKS,-112,draftkings,,False,False,224.5,closest_offered_consensus_to_50pct_no_interpolation
66edc63b204807f39d42b65f,2026-09-06T21:09:03.638292+00:00,f6b154b1ff83826321942baec7935c6eac9146e7a89b5c4e72cb75408ba32246,5ad8135dc2b5f27de0b777acd317855a,1,2026-09-15T00:15:00Z,Kansas City Chiefs,Denver Broncos,player_pass_yds,player_pass_yds,Bo Nix,224.5,Under,224.5,draftkings,-112,1.8928571428571428,0.5,1.086288769989248,2026-09-06T21:08:21Z,42.638292,conditional_non_push,,market_consensus_no_model,live_snapshot_not_T60,pinnacle,635657b160b8be82ce07d349,0.5,0.5,-100.0,-12.0,1,FEWER_THAN_TWO_BOOKS,-112,draftkings,,False,False,224.5,closest_offered_consensus_to_50pct_no_interpolation
c1838e445687980001d3ba34,2026-09-06T21:09:03.638292+00:00,f6b154b1ff83826321942baec7935c6eac9146e7a89b5c4e72cb75408ba32246,5ad8135dc2b5f27de0b777acd317855a,1,2026-09-15T00:15:00Z,Kansas City Chiefs,Denver Broncos,player_pass_yds,player_pass_yds,Bo Nix,227.5,Over,227.5,fanduel,-114,1.8771929824561404,0.5000000000000001,1.1006222153512897,2026-09-06T21:08:54Z,9.638292,conditional_non_push,,market_consensus_no_model,live_snapshot_not_T60,pinnacle,c0e26a25f8a962bf8064720f,0.5,0.5,-100.0,-14.0,2,OK,-114,fanduel|pinnacle,,False,False,224.5,closest_offered_consensus_to_50pct_no_interpolation
d8b0c3c62cc0dadf1387b3ca,2026-09-06T21:09:03.638292+00:00,f6b154b1ff83826321942baec7935c6eac9146e7a89b5c4e72cb75408ba32246,5ad8135dc2b5f27de0b777acd317855a,1,2026-09-15T00:15:00Z,Kansas City Chiefs,Denver Broncos,player_pass_yds,player_pass_yds,Bo Nix,227.5,Over,227.5,pinnacle,-114,1.8771929824561404,0.5000000000000001,1.1006222153512897,2026-09-06T21:08:58Z,5.638292,conditional_non_push,,market_consensus_no_model,live_snapshot_not_T60,pinnacle,c0e26a25f8a962bf8064720f,0.5,0.5,-100.0,-14.0,2,OK,-114,fanduel|pinnacle,,False,False,224.5,closest_offered_consensus_to_50pct_no_interpolation
e41ffdd16bac6eef336d1eea,2026-09-06T21:09:03.638292+00:00,f6b154b1ff83826321942baec7935c6eac9146e7a89b5c4e72cb75408ba32246,5ad8135dc2b5f27de0b777acd317855a,1,2026-09-15T00:15:00Z,Kansas City Chiefs,Denver Broncos,player_pass_yds,player_pass_yds,Bo Nix,227.5,Under,227.5,fanduel,-114,1.8771929824561404,0.5000000000000001,1.1006222153512897,2026-09-06T21:08:54Z,9.638292,conditional_non_push,,market_consensus_no_model,live_snapshot_not_T60,pinnacle,c0e26a25f8a962bf8064720f,0.5,0.5,-100.0,-14.0,2,OK,-114,fanduel|pinnacle,,False,False,224.5,closest_offered_consensus_to_50pct_no_interpolation
b18f8456f7fcfebe3892dced,2026-09-06T21:09:03.638292+00:00,f6b154b1ff83826321942baec7935c6eac9146e7a89b5c4e72cb75408ba32246,5ad8135dc2b5f27de0b777acd317855a,1,2026-09-15T00:15:00Z,Kansas City Chiefs,Denver Broncos,player_pass_yds,player_pass_yds,Bo Nix,227.5,Under,227.5,pinnacle,-114,1.8771929824561404,0.5000000000000001,1.1006222153512897,2026-09-06T21:08:58Z,5.638292,conditional_non_push,,market_consensus_no_model,live_snapshot_not_T60,pinnacle,c0e26a25f8a962bf8064720f,0.5,0.5,-100.0,-14.0,2,OK,-114,fanduel|pinnacle,,False,False,224.5,closest_offered_consensus_to_50pct_no_interpolation
feedba4d44c0d507137385df,2026-09-06T21:09:03.638292+00:00,f6b154b1ff83826321942baec7935c6eac9146e7a89b5c4e72cb75408ba32246,5ad8135dc2b5f27de0b777acd317855a,1,2026-09-15T00:15:00Z,Kansas City Chiefs,Denver Broncos,player_pass_yds,player_pass_yds,Patrick Mahomes,225.5,Over,225.5,fanduel,-114,1.8771929824561404,0.5000000000000001,1.1006222153512897,2026-09-06T21:08:54Z,9.638292,conditional_non_push,,market_consensus_no_model,live_snapshot_not_T60,pinnacle,d670c98bac6a33989f50115a,0.5,0.5,-100.0,-14.0,2,OK,-114,fanduel|pinnacle,,False,False,225.5,closest_offered_consensus_to_50pct_no_interpolation
8e029eae1d240fd717f35914,2026-09-06T21:09:03.638292+00:00,f6b154b1ff83826321942baec7935c6eac9146e7a89b5c4e72cb75408ba32246,5ad8135dc2b5f27de0b777acd317855a,1,2026-09-15T00:15:00Z,Kansas City Chiefs,Denver Broncos,player_pass_yds,player_pass_yds,Patrick Mahomes,225.5,Over,225.5,pinnacle,-114,1.8771929824561404,0.5000000000000001,1.1006222153512897,2026-09-06T21:08:58Z,5.638292,conditional_non_push,,market_consensus_no_model,live_snapshot_not_T60,pinnacle,d670c98bac6a33989f50115a,0.5,0.5,-100.0,-14.0,2,OK,-114,fanduel|pinnacle,,False,False,225.5,closest_offered_consensus_to_50pct_no_interpolation
19f1cbd968932275e8e4e8c2,2026-09-06T21:09:03.638292+00:00,f6b154b1ff83826321942baec7935c6eac9146e7a89b5c4e72cb75408ba32246,5ad8135dc2b5f27de0b777acd317855a,1,2026-09-15T00:15:00Z,Kansas City Chiefs,Denver Broncos,player_pass_yds,player_pass_yds,Patrick Mahomes,225.5,Under,225.5,fanduel,-114,1.8771929824561404,0.5000000000000001,1.1006222153512897,2026-09-06T21:08:54Z,9.638292,conditional_non_push,,market_consensus_no_model,live_snapshot_not_T60,pinnacle,d670c98bac6a33989f50115a,0.5,0.5,-100.0,-14.0,2,OK,-114,fanduel|pinnacle,,False,False,225.5,closest_offered_consensus_to_50pct_no_interpolation
8e77f084cd28e88da95832c4,2026-09-06T21:09:03.638292+00:00,f6b154b1ff83826321942baec7935c6eac9146e7a89b5c4e72cb75408ba32246,5ad8135dc2b5f27de0b777acd317855a,1,2026-09-15T00:15:00Z,Kansas City Chiefs,Denver Broncos,player_pass_yds,player_pass_yds,Patrick Mahomes,225.5,Under,225.5,pinnacle,-114,1.8771929824561404,0.5000000000000001,1.1006222153512897,2026-09-06T21:08:58Z,5.638292,conditional_non_push,,market_consensus_no_model,live_snapshot_not_T60,pinnacle,d670c98bac6a33989f50115a,0.5,0.5,-100.0,-14.0,2,OK,-114,fanduel|pinnacle,,False,False,225.5,closest_offered_consensus_to_50pct_no_interpolation
69f3524c00d4ca6d281ef6ca,2026-09-06T21:09:03.638292+00:00,f6b154b1ff83826321942baec7935c6eac9146e7a89b5c4e72cb75408ba32246,5ad8135dc2b5f27de0b777acd317855a,1,2026-09-15T00:15:00Z,Kansas City Chiefs,Denver Broncos,player_pass_yds,player_pass_yds,Patrick Mahomes,229.5,Over,229.5,draftkings,-111,1.900900900900901,0.4977124729471299,1.0862562521695405,2026-09-06T21:08:21Z,42.638292,conditional_non_push,,market_consensus_no_model,live_snapshot_not_T60,pinnacle,a03201051803b53e2fde3028,0.4977124729471298,0.4977124729471298,100.9192162853886,-11.9192162853886,1,FEWER_THAN_TWO_BOOKS,-111,draftkings,,False,False,225.5,closest_offered_consensus_to_50pct_no_interpolation
59626e99af30a34703e51940,2026-09-06T21:09:03.638292+00:00,f6b154b1ff83826321942baec7935c6eac9146e7a89b5c4e72cb75408ba32246,5ad8135dc2b5f27de0b777acd317855a,1,2026-09-15T00:15:00Z,Kansas City Chiefs,Denver Broncos,player_pass_yds,player_pass_yds,Patrick Mahomes,229.5,Under,229.5,draftkings,-113,1.8849557522123894,0.5022875270528703,1.0862562521695405,2026-09-06T21:08:21Z,42.638292,conditional_non_push,,market_consensus_no_model,live_snapshot_not_T60,pinnacle,a03201051803b53e2fde3028,0.5022875270528702,0.5022875270528702,-100.91921628538859,-12.080783714611414,1,FEWER_THAN_TWO_BOOKS,-113,draftkings,,False,False,225.5,closest_offered_consensus_to_50pct_no_interpolation
e733e1bd668e6843f2c1ab12,2026-09-06T21:09:03.638292+00:00,f6b154b1ff83826321942baec7935c6eac9146e7a89b5c4e72cb75408ba32246,5ad8135dc2b5f27de0b777acd317855a,1,2026-09-15T00:15:00Z,Kansas City Chiefs,Denver Broncos,player_reception_yds,player_reception_yds,Courtland Sutton,42.5,Over,42.5,fanduel,-114,1.8771929824561404,0.5000000000000001,1.1006222153512897,2026-09-06T21:08:54Z,9.638292,conditional_non_push,,market_consensus_no_model,live_snapshot_not_T60,pinnacle,c34b3aacfae9b6073e9c98d9,0.5,0.5,-100.0,-14.0,2,OK,-114,fanduel|pinnacle,,False,False,42.5,closest_offered_consensus_to_50pct_no_interpolation
8c39ef8a959d5242d0681970,2026-09-06T21:09:03.638292+00:00,f6b154b1ff83826321942baec7935c6eac9146e7a89b5c4e72cb75408ba32246,5ad8135dc2b5f27de0b777acd317855a,1,2026-09-15T00:15:00Z,Kansas City Chiefs,Denver Broncos,player_reception_yds,player_reception_yds,Courtland Sutton,42.5,Over,42.5,pinnacle,-114,1.8771929824561404,0.5000000000000001,1.1006222153512897,2026-09-06T21:08:58Z,5.638292,conditional_non_push,,market_consensus_no_model,live_snapshot_not_T60,pinnacle,c34b3aacfae9b6073e9c98d9,0.5,0.5,-100.0,-14.0,2,OK,-114,fanduel|pinnacle,,False,False,42.5,closest_offered_consensus_to_50pct_no_interpolation
d64219eb3a2a6c08355b03a9,2026-09-06T21:09:03.638292+00:00,f6b154b1ff83826321942baec7935c6eac9146e7a89b5c4e72cb75408ba32246,5ad8135dc2b5f27de0b777acd317855a,1,2026-09-15T00:15:00Z,Kansas City Chiefs,Denver Broncos,player_reception_yds,player_reception_yds,Courtland Sutton,42.5,Under,42.5,fanduel,-114,1.8771929824561404,0.5000000000000001,1.1006222153512897,2026-09-06T21:08:54Z,9.638292,conditional_non_push,,market_consensus_no_model,live_snapshot_not_T60,pinnacle,c34b3aacfae9b6073e9c98d9,0.5,0.5,-100.0,-14.0,2,OK,-114,fanduel|pinnacle,,False,False,42.5,closest_offered_consensus_to_50pct_no_interpolation
8ad3c1fe3c235ff92912de10,2026-09-06T21:09:03.638292+00:00,f6b154b1ff83826321942baec7935c6eac9146e7a89b5c4e72cb75408ba32246,5ad8135dc2b5f27de0b777acd317855a,1,2026-09-15T00:15:00Z,Kansas City Chiefs,Denver Broncos,player_reception_yds,player_reception_yds,Courtland Sutton,42.5,Under,42.5,pinnacle,-114,1.8771929824561404,0.5000000000000001,1.1006222153512897,2026-09-06T21:08:58Z,5.638292,conditional_non_push,,market_consensus_no_model,live_snapshot_not_T60,pinnacle,c34b3aacfae9b6073e9c98d9,0.5,0.5,-100.0,-14.0,2,OK,-114,fanduel|pinnacle,,False,False,42.5,closest_offered_consensus_to_50pct_no_interpolation
6cdea0b8245bebc2345128d7,2026-09-06T21:09:03.638292+00:00,f6b154b1ff83826321942baec7935c6eac9146e7a89b5c4e72cb75408ba32246,5ad8135dc2b5f27de0b777acd317855a,1,2026-09-15T00:15:00Z,Kansas City Chiefs,Denver Broncos,player_reception_yds,player_reception_yds,Courtland Sutton,43.5,Over,43.5,draftkings,-109,1.9174311926605505,0.4931368083034301,1.0859960740703234,2026-09-06T21:08:21Z,42.638292,conditional_non_push,,market_consensus_no_model,live_snapshot_not_T60,pinnacle,448a2a105b2a13ef6f6a486a,0.4931368083034301,0.4931368083034301,102.78348384505378,-11.78348384505378,1,FEWER_THAN_TWO_BOOKS,-109,draftkings,,False,False,42.5,closest_offered_consensus_to_50pct_no_interpolation
79207a727554f833e0072e4d,2026-09-06T21:09:03.638292+00:00,f6b154b1ff83826321942baec7935c6eac9146e7a89b5c4e72cb75408ba32246,5ad8135dc2b5f27de0b777acd317855a,1,2026-09-15T00:15:00Z,Kansas City Chiefs,Denver Broncos,player_reception_yds,player_reception_yds,Courtland Sutton,43.5,Under,43.5,draftkings,-115,1.8695652173913042,0.50686319169657,1.0859960740703234,2026-09-06T21:08:21Z,42.638292,conditional_non_push,,market_consensus_no_model,live_snapshot_not_T60,pinnacle,448a2a105b2a13ef6f6a486a,0.50686319169657,0.50686319169657,-102.78348384505384,-12.216516154946163,1,FEWER_THAN_TWO_BOOKS,-115,draftkings,,False,False,42.5,closest_offered_consensus_to_50pct_no_interpolation
3003423fe9b8c9a2efbb80d9,2026-09-06T21:09:03.638292+00:00,f6b154b1ff83826321942baec7935c6eac9146e7a89b5c4e72cb75408ba32246,5ad8135dc2b5f27de0b777acd317855a,1,2026-09-15T00:15:00Z,Kansas City Chiefs,Denver Broncos,player_reception_yds,player_reception_yds,Jaylen Waddle,53.5,Over,53.5,fanduel,-114,1.8771929824561404,0.5000000000000001,1.1006222153512897,2026-09-06T21:08:54Z,9.638292,conditional_non_push,,market_consensus_no_model,live_snapshot_not_T60,pinnacle,4ce6923f396e01ce7d84fa19,0.5,0.5,-100.0,-14.0,2,OK,-114,fanduel,,False,False,53.5,closest_offered_consensus_to_50pct_no_interpolation
2bfaa837e8680ad8c204fc6b,2026-09-06T21:09:03.638292+00:00,f6b154b1ff83826321942baec7935c6eac9146e7a89b5c4e72cb75408ba32246,5ad8135dc2b5f27de0b777acd317855a,1,2026-09-15T00:15:00Z,Kansas City Chiefs,Denver Broncos,player_reception_yds,player_reception_yds,Jaylen Waddle,53.5,Over,53.5,pinnacle,-115,1.8695652173913042,0.5,1.1077843133985557,2026-09-06T21:08:58Z,5.638292,conditional_non_push,,market_consensus_no_model,live_snapshot_not_T60,pinnacle,4ce6923f396e01ce7d84fa19,0.5,0.5,-100.0,-15.0,2,OK,-114,fanduel,,False,False,53.5,closest_offered_consensus_to_50pct_no_interpolation
13a2fc9bf09a6ffb19b7be63,2026-09-06T21:09:03.638292+00:00,f6b154b1ff83826321942baec7935c6eac9146e7a89b5c4e72cb75408ba32246,5ad8135dc2b5f27de0b777acd317855a,1,2026-09-15T00:15:00Z,Kansas City Chiefs,Denver Broncos,player_reception_yds,player_reception_yds,Jaylen Waddle,53.5,Under,53.5,fanduel,-114,1.8771929824561404,0.5000000000000001,1.1006222153512897,2026-09-06T21:08:54Z,9.638292,conditional_non_push,,market_consensus_no_model,live_snapshot_not_T60,pinnacle,4ce6923f396e01ce7d84fa19,0.5,0.5,-100.0,-14.0,2,OK,-114,fanduel,,False,False,53.5,closest_offered_consensus_to_50pct_no_interpolation
a82968b04acfd8c96da854a0,2026-09-06T21:09:03.638292+00:00,f6b154b1ff83826321942baec7935c6eac9146e7a89b5c4e72cb75408ba32246,5ad8135dc2b5f27de0b777acd317855a,1,2026-09-15T00:15:00Z,Kansas City Chiefs,Denver Broncos,player_reception_yds,player_reception_yds,Jaylen Waddle,53.5,Under,53.5,pinnacle,-115,1.8695652173913042,0.5,1.1077843133985557,2026-09-06T21:08:58Z,5.638292,conditional_non_push,,market_consensus_no_model,live_snapshot_not_T60,pinnacle,4ce6923f396e01ce7d84fa19,0.5,0.5,-100.0,-15.0,2,OK,-114,fanduel,,False,False,53.5,closest_offered_consensus_to_50pct_no_interpolation
6d5dfbf6085d4589c0d3a864,2026-09-06T21:09:03.638292+00:00,f6b154b1ff83826321942baec7935c6eac9146e7a89b5c4e72cb75408ba32246,5ad8135dc2b5f27de0b777acd317855a,1,2026-09-15T00:15:00Z,Kansas City Chiefs,Denver Broncos,player_reception_yds,player_reception_yds,Jaylen Waddle,55.5,Over,55.5,draftkings,-114,1.8771929824561404,0.5034192951574977,1.0898004370301342,2026-09-06T21:08:21Z,42.638292,conditional_non_push,,market_consensus_no_model,live_snapshot_not_T60,pinnacle,d20a82287680c349925062d3,0.5034192951574977,0.5034192951574977,-101.37713573006515,-12.622864269934851,1,FEWER_THAN_TWO_BOOKS,-114,draftkings,,False,False,53.5,closest_offered_consensus_to_50pct_no_interpolation
fe4477163d45ffe3b5ec211f,2026-09-06T21:09:03.638292+00:00,f6b154b1ff83826321942baec7935c6eac9146e7a89b5c4e72cb75408ba32246,5ad8135dc2b5f27de0b777acd317855a,1,2026-09-15T00:15:00Z,Kansas City Chiefs,Denver Broncos,player_reception_yds,player_reception_yds,Jaylen Waddle,55.5,Under,55.5,draftkings,-111,1.900900900900901,0.4965807048425024,1.0898004370301342,2026-09-06T21:08:21Z,42.638292,conditional_non_push,,market_consensus_no_model,live_snapshot_not_T60,pinnacle,d20a82287680c349925062d3,0.4965807048425024,0.4965807048425024,101.3771357300651,-12.377135730065106,1,FEWER_THAN_TWO_BOOKS,-111,draftkings,,False,False,53.5,closest_offered_consensus_to_50pct_no_interpolation
ce9f69ac6550aed2f7fe3657,2026-09-06T21:09:03.638292+00:00,f6b154b1ff83826321942baec7935c6eac9146e7a89b5c4e72cb75408ba32246,5ad8135dc2b5f27de0b777acd317855a,1,2026-09-15T00:15:00Z,Kansas City Chiefs,Denver Broncos,player_reception_yds,player_reception_yds,Kenneth Walker III,15.5,Over,15.5,draftkings,-111,1.900900900900901,0.4977124729471299,1.0862562521695405,2026-09-06T21:08:21Z,42.638292,conditional_non_push,,market_consensus_no_model,live_snapshot_not_T60,pinnacle,f2bf8a299d24859a8ddad792,0.4977124729471298,0.4977124729471298,100.9192162853886,-11.9192162853886,1,FEWER_THAN_TWO_BOOKS,-111,draftkings,,False,False,15.5,closest_offered_consensus_to_50pct_no_interpolation
533e611c18e7f86a36e5a5dd,2026-09-06T21:09:03.638292+00:00,f6b154b1ff83826321942baec7935c6eac9146e7a89b5c4e72cb75408ba32246,5ad8135dc2b5f27de0b777acd317855a,1,2026-09-15T00:15:00Z,Kansas City Chiefs,Denver Broncos,player_reception_yds,player_reception_yds,Kenneth Walker III,15.5,Under,15.5,draftkings,-113,1.8849557522123894,0.5022875270528703,1.0862562521695405,2026-09-06T21:08:21Z,42.638292,conditional_non_push,,market_consensus_no_model,live_snapshot_not_T60,pinnacle,f2bf8a299d24859a8ddad792,0.5022875270528702,0.5022875270528702,-100.91921628538859,-12.080783714611414,1,FEWER_THAN_TWO_BOOKS,-113,draftkings,,False,False,15.5,closest_offered_consensus_to_50pct_no_interpolation
262652ca65a012594125a7f7,2026-09-06T21:09:03.638292+00:00,f6b154b1ff83826321942baec7935c6eac9146e7a89b5c4e72cb75408ba32246,5ad8135dc2b5f27de0b777acd317855a,1,2026-09-15T00:15:00Z,Kansas City Chiefs,Denver Broncos,player_reception_yds,player_reception_yds,Rashee Rice,59.5,Over,59.5,fanduel,-114,1.8771929824561404,0.5000000000000001,1.1006222153512897,2026-09-06T21:08:54Z,9.638292,conditional_non_push,,market_consensus_no_model,live_snapshot_not_T60,pinnacle,a66d4b01a211b27c82e035e6,0.5,0.5,-100.0,-14.0,2,OK,-114,fanduel|pinnacle,,False,False,59.5,closest_offered_consensus_to_50pct_no_interpolation
fd6b4b28659df77426f89023,2026-09-06T21:09:03.638292+00:00,f6b154b1ff83826321942baec7935c6eac9146e7a89b5c4e72cb75408ba32246,5ad8135dc2b5f27de0b777acd317855a,1,2026-09-15T00:15:00Z,Kansas City Chiefs,Denver Broncos,player_reception_yds,player_reception_yds,Rashee Rice,59.5,Over,59.5,pinnacle,-114,1.8771929824561404,0.5000000000000001,1.1006222153512897,2026-09-06T21:08:58Z,5.638292,conditional_non_push,,market_consensus_no_model,live_snapshot_not_T60,pinnacle,a66d4b01a211b27c82e035e6,0.5,0.5,-100.0,-14.0,2,OK,-114,fanduel|pinnacle,,False,False,59.5,closest_offered_consensus_to_50pct_no_interpolation
ded6d8e8c14bd34a8588c0aa,2026-09-06T21:09:03.638292+00:00,f6b154b1ff83826321942baec7935c6eac9146e7a89b5c4e72cb75408ba32246,5ad8135dc2b5f27de0b777acd317855a,1,2026-09-15T00:15:00Z,Kansas City Chiefs,Denver Broncos,player_reception_yds,player_reception_yds,Rashee Rice,59.5,Under,59.5,fanduel,-114,1.8771929824561404,0.5000000000000001,1.1006222153512897,2026-09-06T21:08:54Z,9.638292,conditional_non_push,,market_consensus_no_model,live_snapshot_not_T60,pinnacle,a66d4b01a211b27c82e035e6,0.5,0.5,-100.0,-14.0,2,OK,-114,fanduel|pinnacle,,False,False,59.5,closest_offered_consensus_to_50pct_no_interpolation
6ce7ca16842b9953a7ea159c,2026-09-06T21:09:03.638292+00:00,f6b154b1ff83826321942baec7935c6eac9146e7a89b5c4e72cb75408ba32246,5ad8135dc2b5f27de0b777acd317855a,1,2026-09-15T00:15:00Z,Kansas City Chiefs,Denver Broncos,player_reception_yds,player_reception_yds,Rashee Rice,59.5,Under,59.5,pinnacle,-114,1.8771929824561404,0.5000000000000001,1.1006222153512897,2026-09-06T21:08:58Z,5.638292,conditional_non_push,,market_consensus_no_model,live_snapshot_not_T60,pinnacle,a66d4b01a211b27c82e035e6,0.5,0.5,-100.0,-14.0,2,OK,-114,fanduel|pinnacle,,False,False,59.5,closest_offered_consensus_to_50pct_no_interpolation
5536e46b8c20555b5aeab68c,2026-09-06T21:09:03.638292+00:00,f6b154b1ff83826321942baec7935c6eac9146e7a89b5c4e72cb75408ba32246,5ad8135dc2b5f27de0b777acd317855a,1,2026-09-15T00:15:00Z,Kansas City Chiefs,Denver Broncos,player_reception_yds,player_reception_yds,Rashee Rice,60.5,Over,60.5,draftkings,-113,1.8849557522123894,0.5022875270528703,1.0862562521695405,2026-09-06T21:08:21Z,42.638292,conditional_non_push,,market_consensus_no_model,live_snapshot_not_T60,pinnacle,ac423436f12925fa856917eb,0.5022875270528702,0.5022875270528702,-100.91921628538859,-12.080783714611414,1,FEWER_THAN_TWO_BOOKS,-113,draftkings,,False,False,59.5,closest_offered_consensus_to_50pct_no_interpolation
bc5b94f9c005bdaab3cfd410,2026-09-06T21:09:03.638292+00:00,f6b154b1ff83826321942baec7935c6eac9146e7a89b5c4e72cb75408ba32246,5ad8135dc2b5f27de0b777acd317855a,1,2026-09-15T00:15:00Z,Kansas City Chiefs,Denver Broncos,player_reception_yds,player_reception_yds,Rashee Rice,60.5,Under,60.5,draftkings,-111,1.900900900900901,0.4977124729471299,1.0862562521695405,2026-09-06T21:08:21Z,42.638292,conditional_non_push,,market_consensus_no_model,live_snapshot_not_T60,pinnacle,ac423436f12925fa856917eb,0.4977124729471298,0.4977124729471298,100.9192162853886,-11.9192162853886,1,FEWER_THAN_TWO_BOOKS,-111,draftkings,,False,False,59.5,closest_offered_consensus_to_50pct_no_interpolation
b2906002b856c3de46555492,2026-09-06T21:09:03.638292+00:00,f6b154b1ff83826321942baec7935c6eac9146e7a89b5c4e72cb75408ba32246,5ad8135dc2b5f27de0b777acd317855a,1,2026-09-15T00:15:00Z,Kansas City Chiefs,Denver Broncos,player_reception_yds,player_reception_yds,Travis Kelce,40.5,Over,40.5,draftkings,-111,1.900900900900901,0.4977124729471299,1.0862562521695405,2026-09-06T21:08:21Z,42.638292,conditional_non_push,,market_consensus_no_model,live_snapshot_not_T60,pinnacle,2f7ab0a193e87e856a2318bf,0.4977124729471298,0.4977124729471298,100.9192162853886,-11.9192162853886,1,FEWER_THAN_TWO_BOOKS,-111,draftkings,,False,False,41.5,closest_offered_consensus_to_50pct_no_interpolation
af661c664f6e14a73f54684c,2026-09-06T21:09:03.638292+00:00,f6b154b1ff83826321942baec7935c6eac9146e7a89b5c4e72cb75408ba32246,5ad8135dc2b5f27de0b777acd317855a,1,2026-09-15T00:15:00Z,Kansas City Chiefs,Denver Broncos,player_reception_yds,player_reception_yds,Travis Kelce,40.5,Under,40.5,draftkings,-113,1.8849557522123894,0.5022875270528703,1.0862562521695405,2026-09-06T21:08:21Z,42.638292,conditional_non_push,,market_consensus_no_model,live_snapshot_not_T60,pinnacle,2f7ab0a193e87e856a2318bf,0.5022875270528702,0.5022875270528702,-100.91921628538859,-12.080783714611414,1,FEWER_THAN_TWO_BOOKS,-113,draftkings,,False,False,41.5,closest_offered_consensus_to_50pct_no_interpolation
6d791e3005a76f2543c68d5e,2026-09-06T21:09:03.638292+00:00,f6b154b1ff83826321942baec7935c6eac9146e7a89b5c4e72cb75408ba32246,5ad8135dc2b5f27de0b777acd317855a,1,2026-09-15T00:15:00Z,Kansas City Chiefs,Denver Broncos,player_reception_yds,player_reception_yds,Travis Kelce,41.5,Over,41.5,fanduel,-114,1.8771929824561404,0.5000000000000001,1.1006222153512897,2026-09-06T21:08:54Z,9.638292,conditional_non_push,,market_consensus_no_model,live_snapshot_not_T60,pinnacle,cdd7d48f4945849e12c42564,0.501120117291621,0.501120117291621,-100.44905290048577,-13.550947099514232,2,OK,-114,fanduel,,False,False,41.5,closest_offered_consensus_to_50pct_no_interpolation
6a441a23144a72a597c9805d,2026-09-06T21:09:03.638292+00:00,f6b154b1ff83826321942baec7935c6eac9146e7a89b5c4e72cb75408ba32246,5ad8135dc2b5f27de0b777acd317855a,1,2026-09-15T00:15:00Z,Kansas City Chiefs,Denver Broncos,player_reception_yds,player_reception_yds,Travis Kelce,41.5,Over,41.5,pinnacle,-116,1.8620689655172413,0.502240234583242,1.1077525686517928,2026-09-06T21:08:58Z,5.638292,conditional_non_push,,market_consensus_no_model,live_snapshot_not_T60,pinnacle,cdd7d48f4945849e12c42564,0.501120117291621,0.501120117291621,-100.44905290048577,-15.550947099514232,2,OK,-114,fanduel,,False,False,41.5,closest_offered_consensus_to_50pct_no_interpolation
80a2102484480603bfb99fce,2026-09-06T21:09:03.638292+00:00,f6b154b1ff83826321942baec7935c6eac9146e7a89b5c4e72cb75408ba32246,5ad8135dc2b5f27de0b777acd317855a,1,2026-09-15T00:15:00Z,Kansas City Chiefs,Denver Broncos,player_reception_yds,player_reception_yds,Travis Kelce,41.5,Under,41.5,fanduel,-114,1.8771929824561404,0.5000000000000001,1.1006222153512897,2026-09-06T21:08:54Z,9.638292,conditional_non_push,,market_consensus_no_model,live_snapshot_not_T60,pinnacle,cdd7d48f4945849e12c42564,0.498879882708379,0.498879882708379,100.44905290048577,-14.449052900485768,2,OK,-114,fanduel|pinnacle,,False,False,41.5,closest_offered_consensus_to_50pct_no_interpolation
5d1e2aa987dcaec48a9da45d,2026-09-06T21:09:03.638292+00:00,f6b154b1ff83826321942baec7935c6eac9146e7a89b5c4e72cb75408ba32246,5ad8135dc2b5f27de0b777acd317855a,1,2026-09-15T00:15:00Z,Kansas City Chiefs,Denver Broncos,player_reception_yds,player_reception_yds,Travis Kelce,41.5,Under,41.5,pinnacle,-114,1.8771929824561404,0.4977597654167582,1.1077525686517928,2026-09-06T21:08:58Z,5.638292,conditional_non_push,,market_consensus_no_model,live_snapshot_not_T60,pinnacle,cdd7d48f4945849e12c42564,0.498879882708379,0.498879882708379,100.44905290048577,-14.449052900485768,2,OK,-114,fanduel|pinnacle,,False,False,41.5,closest_offered_consensus_to_50pct_no_interpolation
192cbe7c70df111f86811d48,2026-09-06T21:09:03.638292+00:00,f6b154b1ff83826321942baec7935c6eac9146e7a89b5c4e72cb75408ba32246,5ad8135dc2b5f27de0b777acd317855a,1,2026-09-15T00:15:00Z,Kansas City Chiefs,Denver Broncos,player_reception_yds,player_reception_yds,Xavier Worthy,35.5,Over,35.5,draftkings,-113,1.8849557522123894,0.5022875270528703,1.0862562521695405,2026-09-06T21:08:21Z,42.638292,conditional_non_push,,market_consensus_no_model,live_snapshot_not_T60,pinnacle,6d0c348b1a9f49b3589e11a7,0.5022875270528702,0.5022875270528702,-100.91921628538859,-12.080783714611414,1,FEWER_THAN_TWO_BOOKS,-113,draftkings,,False,False,36.5,closest_offered_consensus_to_50pct_no_interpolation
f02d36e31834027b39156b3c,2026-09-06T21:09:03.638292+00:00,f6b154b1ff83826321942baec7935c6eac9146e7a89b5c4e72cb75408ba32246,5ad8135dc2b5f27de0b777acd317855a,1,2026-09-15T00:15:00Z,Kansas City Chiefs,Denver Broncos,player_reception_yds,player_reception_yds,Xavier Worthy,35.5,Under,35.5,draftkings,-111,1.900900900900901,0.4977124729471299,1.0862562521695405,2026-09-06T21:08:21Z,42.638292,conditional_non_push,,market_consensus_no_model,live_snapshot_not_T60,pinnacle,6d0c348b1a9f49b3589e11a7,0.4977124729471298,0.4977124729471298,100.9192162853886,-11.9192162853886,1,FEWER_THAN_TWO_BOOKS,-111,draftkings,,False,False,36.5,closest_offered_consensus_to_50pct_no_interpolation
010d6b7b6dbb01d6a9d0c269,2026-09-06T21:09:03.638292+00:00,f6b154b1ff83826321942baec7935c6eac9146e7a89b5c4e72cb75408ba32246,5ad8135dc2b5f27de0b777acd317855a,1,2026-09-15T00:15:00Z,Kansas City Chiefs,Denver Broncos,player_reception_yds,player_reception_yds,Xavier Worthy,36.5,Over,36.5,fanduel,-114,1.8771929824561404,0.5000000000000001,1.1006222153512897,2026-09-06T21:08:54Z,9.638292,conditional_non_push,,market_consensus_no_model,live_snapshot_not_T60,pinnacle,132225182b76e2899361ac40,0.5,0.5,-100.0,-14.0,2,OK,-114,fanduel|pinnacle,,False,False,36.5,closest_offered_consensus_to_50pct_no_interpolation
92abce16b9d9733789721ade,2026-09-06T21:09:03.638292+00:00,f6b154b1ff83826321942baec7935c6eac9146e7a89b5c4e72cb75408ba32246,5ad8135dc2b5f27de0b777acd317855a,1,2026-09-15T00:15:00Z,Kansas City Chiefs,Denver Broncos,player_reception_yds,player_reception_yds,Xavier Worthy,36.5,Over,36.5,pinnacle,-114,1.8771929824561404,0.5000000000000001,1.1006222153512897,2026-09-06T21:08:58Z,5.638292,conditional_non_push,,market_consensus_no_model,live_snapshot_not_T60,pinnacle,132225182b76e2899361ac40,0.5,0.5,-100.0,-14.0,2,OK,-114,fanduel|pinnacle,,False,False,36.5,closest_offered_consensus_to_50pct_no_interpolation
30458bf10b2198e3691b80db,2026-09-06T21:09:03.638292+00:00,f6b154b1ff83826321942baec7935c6eac9146e7a89b5c4e72cb75408ba32246,5ad8135dc2b5f27de0b777acd317855a,1,2026-09-15T00:15:00Z,Kansas City Chiefs,Denver Broncos,player_reception_yds,player_reception_yds,Xavier Worthy,36.5,Under,36.5,fanduel,-114,1.8771929824561404,0.5000000000000001,1.1006222153512897,2026-09-06T21:08:54Z,9.638292,conditional_non_push,,market_consensus_no_model,live_snapshot_not_T60,pinnacle,132225182b76e2899361ac40,0.5,0.5,-100.0,-14.0,2,OK,-114,fanduel|pinnacle,,False,False,36.5,closest_offered_consensus_to_50pct_no_interpolation
16eae80a66c2a51056bd5872,2026-09-06T21:09:03.638292+00:00,f6b154b1ff83826321942baec7935c6eac9146e7a89b5c4e72cb75408ba32246,5ad8135dc2b5f27de0b777acd317855a,1,2026-09-15T00:15:00Z,Kansas City Chiefs,Denver Broncos,player_reception_yds,player_reception_yds,Xavier Worthy,36.5,Under,36.5,pinnacle,-114,1.8771929824561404,0.5000000000000001,1.1006222153512897,2026-09-06T21:08:58Z,5.638292,conditional_non_push,,market_consensus_no_model,live_snapshot_not_T60,pinnacle,132225182b76e2899361ac40,0.5,0.5,-100.0,-14.0,2,OK,-114,fanduel|pinnacle,,False,False,36.5,closest_offered_consensus_to_50pct_no_interpolation
483710b0a0b514caf45b8db5,2026-09-06T21:09:03.638292+00:00,f6b154b1ff83826321942baec7935c6eac9146e7a89b5c4e72cb75408ba32246,5ad8135dc2b5f27de0b777acd317855a,1,2026-09-15T00:15:00Z,Kansas City Chiefs,Denver Broncos,player_receptions,player_receptions,Courtland Sutton,4.5,Over,4.5,draftkings,129,2.29,0.4042427870630318,1.0931599017038631,2026-09-06T21:08:21Z,42.638292,conditional_non_push,,market_consensus_no_model,live_snapshot_not_T60,pinnacle,9b78c410107d361de3af6764,0.4079634229784909,0.4079634229784909,145.12001411771737,-16.120014117717375,3,OK,129,draftkings,,False,False,4.5,closest_offered_consensus_to_50pct_no_interpolation
b5870c4d3b1ce9e35c4d8dc7,2026-09-06T21:09:03.638292+00:00,f6b154b1ff83826321942baec7935c6eac9146e7a89b5c4e72cb75408ba32246,5ad8135dc2b5f27de0b777acd317855a,1,2026-09-15T00:15:00Z,Kansas City Chiefs,Denver Broncos,player_receptions,player_receptions,Courtland Sutton,4.5,Over,4.5,fanduel,124,2.24,0.40796342297849103,1.1117229865216771,2026-09-06T21:08:54Z,9.638292,conditional_non_push,,market_consensus_no_model,live_snapshot_not_T60,pinnacle,9b78c410107d361de3af6764,0.4079634229784909,0.4079634229784909,145.12001411771737,-21.120014117717375,3,OK,129,draftkings,,False,False,4.5,closest_offered_consensus_to_50pct_no_interpolation
06f261932c2aa8c66100509d,2026-09-06T21:09:03.638292+00:00,f6b154b1ff83826321942baec7935c6eac9146e7a89b5c4e72cb75408ba32246,5ad8135dc2b5f27de0b777acd317855a,1,2026-09-15T00:15:00Z,Kansas City Chiefs,Denver Broncos,player_receptions,player_receptions,Courtland Sutton,4.5,Over,4.5,pinnacle,124,2.24,0.40796342297849103,1.1117229865216771,2026-09-06T21:08:58Z,5.638292,conditional_non_push,,market_consensus_no_model,live_snapshot_not_T60,pinnacle,9b78c410107d361de3af6764,0.4079634229784909,0.4079634229784909,145.12001411771737,-21.120014117717375,3,OK,129,draftkings,,False,False,4.5,closest_offered_consensus_to_50pct_no_interpolation
cb96883788e1e5b7ad58cd71,2026-09-06T21:09:03.638292+00:00,f6b154b1ff83826321942baec7935c6eac9146e7a89b5c4e72cb75408ba32246,5ad8135dc2b5f27de0b777acd317855a,1,2026-09-15T00:15:00Z,Kansas City Chiefs,Denver Broncos,player_receptions,player_receptions,Courtland Sutton,4.5,Under,4.5,draftkings,-165,1.606060606060606,0.5957572129369685,1.0931599017038631,2026-09-06T21:08:21Z,42.638292,conditional_non_push,,market_consensus_no_model,live_snapshot_not_T60,pinnacle,9b78c410107d361de3af6764,0.592036577021509,0.592036577021509,-145.12001411771735,-19.879985882282654,3,OK,-165,draftkings,,False,False,4.5,closest_offered_consensus_to_50pct_no_interpolation
8dad96d0402f1aa20a78fb4d,2026-09-06T21:09:03.638292+00:00,f6b154b1ff83826321942baec7935c6eac9146e7a89b5c4e72cb75408ba32246,5ad8135dc2b5f27de0b777acd317855a,1,2026-09-15T00:15:00Z,Kansas City Chiefs,Denver Broncos,player_receptions,player_receptions,Courtland Sutton,4.5,Under,4.5,fanduel,-166,1.6024096385542168,0.5920365770215091,1.1117229865216771,2026-09-06T21:08:54Z,9.638292,conditional_non_push,,market_consensus_no_model,live_snapshot_not_T60,pinnacle,9b78c410107d361de3af6764,0.592036577021509,0.592036577021509,-145.12001411771735,-20.879985882282654,3,OK,-165,draftkings,,False,False,4.5,closest_offered_consensus_to_50pct_no_interpolation
0333f8fbc12c733ae7488d1d,2026-09-06T21:09:03.638292+00:00,f6b154b1ff83826321942baec7935c6eac9146e7a89b5c4e72cb75408ba32246,5ad8135dc2b5f27de0b777acd317855a,1,2026-09-15T00:15:00Z,Kansas City Chiefs,Denver Broncos,player_receptions,player_receptions,Courtland Sutton,4.5,Under,4.5,pinnacle,-166,1.6024096385542168,0.5920365770215091,1.1117229865216771,2026-09-06T21:08:58Z,5.638292,conditional_non_push,,market_consensus_no_model,live_snapshot_not_T60,pinnacle,9b78c410107d361de3af6764,0.592036577021509,0.592036577021509,-145.12001411771735,-20.879985882282654,3,OK,-165,draftkings,,False,False,4.5,closest_offered_consensus_to_50pct_no_interpolation
36052c16dbb0f8f99d44880c,2026-09-06T21:09:03.638292+00:00,f6b154b1ff83826321942baec7935c6eac9146e7a89b5c4e72cb75408ba32246,5ad8135dc2b5f27de0b777acd317855a,1,2026-09-15T00:15:00Z,Kansas City Chiefs,Denver Broncos,player_receptions,player_receptions,Jaylen Waddle,4.5,Over,4.5,draftkings,-119,1.8403361344537816,0.5136343954501117,1.092295246418853,2026-09-06T21:08:21Z,42.638292,conditional_non_push,,market_consensus_no_model,live_snapshot_not_T60,pinnacle,b39f3efb6079dc88270647f8,0.5,0.5,-100.0,-19.0,3,OK,-114,fanduel|pinnacle,,False,False,4.5,closest_offered_consensus_to_50pct_no_interpolation
1f3fcf5cf481e62fa2113385,2026-09-06T21:09:03.638292+00:00,f6b154b1ff83826321942baec7935c6eac9146e7a89b5c4e72cb75408ba32246,5ad8135dc2b5f27de0b777acd317855a,1,2026-09-15T00:15:00Z,Kansas City Chiefs,Denver Broncos,player_receptions,player_receptions,Jaylen Waddle,4.5,Over,4.5,fanduel,-114,1.8771929824561404,0.5000000000000001,1.1006222153512897,2026-09-06T21:08:54Z,9.638292,conditional_non_push,,market_consensus_no_model,live_snapshot_not_T60,pinnacle,b39f3efb6079dc88270647f8,0.5,0.5,-100.0,-14.0,3,OK,-114,fanduel|pinnacle,,False,False,4.5,closest_offered_consensus_to_50pct_no_interpolation
f5e919164f5e0db2de3f9781,2026-09-06T21:09:03.638292+00:00,f6b154b1ff83826321942baec7935c6eac9146e7a89b5c4e72cb75408ba32246,5ad8135dc2b5f27de0b777acd317855a,1,2026-09-15T00:15:00Z,Kansas City Chiefs,Denver Broncos,player_receptions,player_receptions,Jaylen Waddle,4.5,Over,4.5,pinnacle,-114,1.8771929824561404,0.5000000000000001,1.1006222153512897,2026-09-06T21:08:58Z,5.638292,conditional_non_push,,market_consensus_no_model,live_snapshot_not_T60,pinnacle,b39f3efb6079dc88270647f8,0.5,0.5,-100.0,-14.0,3,OK,-114,fanduel|pinnacle,,False,False,4.5,closest_offered_consensus_to_50pct_no_interpolation
b6d6b2202c6738020fe69179,2026-09-06T21:09:03.638292+00:00,f6b154b1ff83826321942baec7935c6eac9146e7a89b5c4e72cb75408ba32246,5ad8135dc2b5f27de0b777acd317855a,1,2026-09-15T00:15:00Z,Kansas City Chiefs,Denver Broncos,player_receptions,player_receptions,Jaylen Waddle,4.5,Under,4.5,draftkings,-107,1.9345794392523366,0.4863656045498883,1.092295246418853,2026-09-06T21:08:21Z,42.638292,conditional_non_push,,market_consensus_no_model,live_snapshot_not_T60,pinnacle,b39f3efb6079dc88270647f8,0.5,0.5,-100.0,-7.0,3,OK,-107,draftkings,,False,False,4.5,closest_offered_consensus_to_50pct_no_interpolation
306708036984fc68eb1ef12a,2026-09-06T21:09:03.638292+00:00,f6b154b1ff83826321942baec7935c6eac9146e7a89b5c4e72cb75408ba32246,5ad8135dc2b5f27de0b777acd317855a,1,2026-09-15T00:15:00Z,Kansas City Chiefs,Denver Broncos,player_receptions,player_receptions,Jaylen Waddle,4.5,Under,4.5,fanduel,-114,1.8771929824561404,0.5000000000000001,1.1006222153512897,2026-09-06T21:08:54Z,9.638292,conditional_non_push,,market_consensus_no_model,live_snapshot_not_T60,pinnacle,b39f3efb6079dc88270647f8,0.5,0.5,-100.0,-14.0,3,OK,-107,draftkings,,False,False,4.5,closest_offered_consensus_to_50pct_no_interpolation
aafdc4537e10e6cce9e116f5,2026-09-06T21:09:03.638292+00:00,f6b154b1ff83826321942baec7935c6eac9146e7a89b5c4e72cb75408ba32246,5ad8135dc2b5f27de0b777acd317855a,1,2026-09-15T00:15:00Z,Kansas City Chiefs,Denver Broncos,player_receptions,player_receptions,Jaylen Waddle,4.5,Under,4.5,pinnacle,-114,1.8771929824561404,0.5000000000000001,1.1006222153512897,2026-09-06T21:08:58Z,5.638292,conditional_non_push,,market_consensus_no_model,live_snapshot_not_T60,pinnacle,b39f3efb6079dc88270647f8,0.5,0.5,-100.0,-14.0,3,OK,-107,draftkings,,False,False,4.5,closest_offered_consensus_to_50pct_no_interpolation
5c6592a4d25d4625d8d22a88,2026-09-06T21:09:03.638292+00:00,f6b154b1ff83826321942baec7935c6eac9146e7a89b5c4e72cb75408ba32246,5ad8135dc2b5f27de0b777acd317855a,1,2026-09-15T00:15:00Z,Kansas City Chiefs,Denver Broncos,player_receptions,player_receptions,Kenneth Walker III,2.5,Over,2.5,draftkings,-133,1.7518796992481203,0.5415430768353384,1.0938903899880863,2026-09-06T21:08:21Z,42.638292,conditional_non_push,,market_consensus_no_model,live_snapshot_not_T60,pinnacle,0b9bad969d6e0510edbf603d,0.5415430768353383,0.5415430768353383,-118.12300119652353,-14.876998803476468,1,FEWER_THAN_TWO_BOOKS,-133,draftkings,,False,False,2.5,closest_offered_consensus_to_50pct_no_interpolation
224c530a40aa86efc81d74bd,2026-09-06T21:09:03.638292+00:00,f6b154b1ff83826321942baec7935c6eac9146e7a89b5c4e72cb75408ba32246,5ad8135dc2b5f27de0b777acd317855a,1,2026-09-15T00:15:00Z,Kansas City Chiefs,Denver Broncos,player_receptions,player_receptions,Kenneth Walker III,2.5,Under,2.5,draftkings,104,2.04,0.45845692316466174,1.0938903899880863,2026-09-06T21:08:21Z,42.638292,conditional_non_push,,market_consensus_no_model,live_snapshot_not_T60,pinnacle,0b9bad969d6e0510edbf603d,0.45845692316466163,0.45845692316466163,118.12300119652357,-14.123001196523575,1,FEWER_THAN_TWO_BOOKS,104,draftkings,,False,False,2.5,closest_offered_consensus_to_50pct_no_interpolation
1e4ba9ae8bec90f37b7c8824,2026-09-06T21:09:03.638292+00:00,f6b154b1ff83826321942baec7935c6eac9146e7a89b5c4e72cb75408ba32246,5ad8135dc2b5f27de0b777acd317855a,1,2026-09-15T00:15:00Z,Kansas City Chiefs,Denver Broncos,player_receptions,player_receptions,Rashee Rice,5.5,Over,5.5,draftkings,-128,1.78125,0.5316472699140797,1.094332620055829,2026-09-06T21:08:21Z,42.638292,conditional_non_push,,market_consensus_no_model,live_snapshot_not_T60,pinnacle,6b91ba3f627bbb09b591dc9f,0.5156895960912057,0.5156895960912057,-106.47914889483165,-21.520851105168347,3,OK,-122,fanduel|pinnacle,,False,False,5.5,closest_offered_consensus_to_50pct_no_interpolation
116f1f91c17a62671303d26b,2026-09-06T21:09:03.638292+00:00,f6b154b1ff83826321942baec7935c6eac9146e7a89b5c4e72cb75408ba32246,5ad8135dc2b5f27de0b777acd317855a,1,2026-09-15T00:15:00Z,Kansas City Chiefs,Denver Broncos,player_receptions,player_receptions,Rashee Rice,5.5,Over,5.5,fanduel,-122,1.819672131147541,0.5156895960912058,1.106227749357557,2026-09-06T21:08:54Z,9.638292,conditional_non_push,,market_consensus_no_model,live_snapshot_not_T60,pinnacle,6b91ba3f627bbb09b591dc9f,0.5156895960912057,0.5156895960912057,-106.47914889483165,-15.520851105168347,3,OK,-122,fanduel|pinnacle,,False,False,5.5,closest_offered_consensus_to_50pct_no_interpolation
d17a564209cbcd17d80727fc,2026-09-06T21:09:03.638292+00:00,f6b154b1ff83826321942baec7935c6eac9146e7a89b5c4e72cb75408ba32246,5ad8135dc2b5f27de0b777acd317855a,1,2026-09-15T00:15:00Z,Kansas City Chiefs,Denver Broncos,player_receptions,player_receptions,Rashee Rice,5.5,Over,5.5,pinnacle,-122,1.819672131147541,0.5156895960912058,1.106227749357557,2026-09-06T21:08:58Z,5.638292,conditional_non_push,,market_consensus_no_model,live_snapshot_not_T60,pinnacle,6b91ba3f627bbb09b591dc9f,0.5156895960912057,0.5156895960912057,-106.47914889483165,-15.520851105168347,3,OK,-122,fanduel|pinnacle,,False,False,5.5,closest_offered_consensus_to_50pct_no_interpolation
8c7fa6d72b933a6281db7283,2026-09-06T21:09:03.638292+00:00,f6b154b1ff83826321942baec7935c6eac9146e7a89b5c4e72cb75408ba32246,5ad8135dc2b5f27de0b777acd317855a,1,2026-09-15T00:15:00Z,Kansas City Chiefs,Denver Broncos,player_receptions,player_receptions,Rashee Rice,5.5,Under,5.5,draftkings,100,2.0,0.4683527300859204,1.094332620055829,2026-09-06T21:08:21Z,42.638292,conditional_non_push,,market_consensus_no_model,live_snapshot_not_T60,pinnacle,6b91ba3f627bbb09b591dc9f,0.4843104039087943,0.4843104039087943,106.47914889483165,-6.479148894831653,3,OK,100,draftkings,,False,False,5.5,closest_offered_consensus_to_50pct_no_interpolation
4f9c0cdbe54bac1b24c6484c,2026-09-06T21:09:03.638292+00:00,f6b154b1ff83826321942baec7935c6eac9146e7a89b5c4e72cb75408ba32246,5ad8135dc2b5f27de0b777acd317855a,1,2026-09-15T00:15:00Z,Kansas City Chiefs,Denver Broncos,player_receptions,player_receptions,Rashee Rice,5.5,Under,5.5,fanduel,-108,1.925925925925926,0.48431040390879443,1.106227749357557,2026-09-06T21:08:54Z,9.638292,conditional_non_push,,market_consensus_no_model,live_snapshot_not_T60,pinnacle,6b91ba3f627bbb09b591dc9f,0.4843104039087943,0.4843104039087943,106.47914889483165,-14.479148894831653,3,OK,100,draftkings,,False,False,5.5,closest_offered_consensus_to_50pct_no_interpolation
6ba41adc1efee0009b08cb6b,2026-09-06T21:09:03.638292+00:00,f6b154b1ff83826321942baec7935c6eac9146e7a89b5c4e72cb75408ba32246,5ad8135dc2b5f27de0b777acd317855a,1,2026-09-15T00:15:00Z,Kansas City Chiefs,Denver Broncos,player_receptions,player_receptions,Rashee Rice,5.5,Under,5.5,pinnacle,-108,1.925925925925926,0.48431040390879443,1.106227749357557,2026-09-06T21:08:58Z,5.638292,conditional_non_push,,market_consensus_no_model,live_snapshot_not_T60,pinnacle,6b91ba3f627bbb09b591dc9f,0.4843104039087943,0.4843104039087943,106.47914889483165,-14.479148894831653,3,OK,100,draftkings,,False,False,5.5,closest_offered_consensus_to_50pct_no_interpolation
ddbe0261fe493e1d757d9f9f,2026-09-06T21:09:03.638292+00:00,f6b154b1ff83826321942baec7935c6eac9146e7a89b5c4e72cb75408ba32246,5ad8135dc2b5f27de0b777acd317855a,1,2026-09-15T00:15:00Z,Kansas City Chiefs,Denver Broncos,player_receptions,player_receptions,Travis Kelce,3.5,Over,3.5,draftkings,-149,1.6711409395973154,0.5698067785616449,1.0953276374364744,2026-09-06T21:08:21Z,42.638292,conditional_non_push,,market_consensus_no_model,live_snapshot_not_T60,pinnacle,e22e7cf5ca707a59016db47d,0.5647227530167998,0.5647227530167998,-129.73863369398572,-19.26136630601428,3,OK,-148,fanduel|pinnacle,,False,False,3.5,closest_offered_consensus_to_50pct_no_interpolation
a08c415927c0fcff41afa6e5,2026-09-06T21:09:03.638292+00:00,f6b154b1ff83826321942baec7935c6eac9146e7a89b5c4e72cb75408ba32246,5ad8135dc2b5f27de0b777acd317855a,1,2026-09-15T00:15:00Z,Kansas City Chiefs,Denver Broncos,player_receptions,player_receptions,Travis Kelce,3.5,Over,3.5,fanduel,-148,1.6756756756756757,0.5647227530167998,1.1069394361577571,2026-09-06T21:08:54Z,9.638292,conditional_non_push,,market_consensus_no_model,live_snapshot_not_T60,pinnacle,e22e7cf5ca707a59016db47d,0.5647227530167998,0.5647227530167998,-129.73863369398572,-18.26136630601428,3,OK,-148,fanduel|pinnacle,,False,False,3.5,closest_offered_consensus_to_50pct_no_interpolation
49822868969bf64c3ada1ff4,2026-09-06T21:09:03.638292+00:00,f6b154b1ff83826321942baec7935c6eac9146e7a89b5c4e72cb75408ba32246,5ad8135dc2b5f27de0b777acd317855a,1,2026-09-15T00:15:00Z,Kansas City Chiefs,Denver Broncos,player_receptions,player_receptions,Travis Kelce,3.5,Over,3.5,pinnacle,-148,1.6756756756756757,0.5647227530167998,1.1069394361577571,2026-09-06T21:08:58Z,5.638292,conditional_non_push,,market_consensus_no_model,live_snapshot_not_T60,pinnacle,e22e7cf5ca707a59016db47d,0.5647227530167998,0.5647227530167998,-129.73863369398572,-18.26136630601428,3,OK,-148,fanduel|pinnacle,,False,False,3.5,closest_offered_consensus_to_50pct_no_interpolation
70c9804aa17850804435d514,2026-09-06T21:09:03.638292+00:00,f6b154b1ff83826321942baec7935c6eac9146e7a89b5c4e72cb75408ba32246,5ad8135dc2b5f27de0b777acd317855a,1,2026-09-15T00:15:00Z,Kansas City Chiefs,Denver Broncos,player_receptions,player_receptions,Travis Kelce,3.5,Under,3.5,draftkings,116,2.16,0.43019322143835537,1.0953276374364744,2026-09-06T21:08:21Z,42.638292,conditional_non_push,,market_consensus_no_model,live_snapshot_not_T60,pinnacle,e22e7cf5ca707a59016db47d,0.43527724698320036,0.43527724698320036,129.7386336939857,-13.73863369398569,3,OK,116,draftkings,,False,False,3.5,closest_offered_consensus_to_50pct_no_interpolation
ef615edb606bc56ad788e6da,2026-09-06T21:09:03.638292+00:00,f6b154b1ff83826321942baec7935c6eac9146e7a89b5c4e72cb75408ba32246,5ad8135dc2b5f27de0b777acd317855a,1,2026-09-15T00:15:00Z,Kansas City Chiefs,Denver Broncos,player_receptions,player_receptions,Travis Kelce,3.5,Under,3.5,fanduel,112,2.12,0.43527724698320036,1.1069394361577571,2026-09-06T21:08:54Z,9.638292,conditional_non_push,,market_consensus_no_model,live_snapshot_not_T60,pinnacle,e22e7cf5ca707a59016db47d,0.43527724698320036,0.43527724698320036,129.7386336939857,-17.73863369398569,3,OK,116,draftkings,,False,False,3.5,closest_offered_consensus_to_50pct_no_interpolation
73bb3c3ba7c8d1ef510c82ee,2026-09-06T21:09:03.638292+00:00,f6b154b1ff83826321942baec7935c6eac9146e7a89b5c4e72cb75408ba32246,5ad8135dc2b5f27de0b777acd317855a,1,2026-09-15T00:15:00Z,Kansas City Chiefs,Denver Broncos,player_receptions,player_receptions,Travis Kelce,3.5,Under,3.5,pinnacle,112,2.12,0.43527724698320036,1.1069394361577571,2026-09-06T21:08:58Z,5.638292,conditional_non_push,,market_consensus_no_model,live_snapshot_not_T60,pinnacle,e22e7cf5ca707a59016db47d,0.43527724698320036,0.43527724698320036,129.7386336939857,-17.73863369398569,3,OK,116,draftkings,,False,False,3.5,closest_offered_consensus_to_50pct_no_interpolation
3e4943dbfe068ad4e1ff3efc,2026-09-06T21:09:03.638292+00:00,f6b154b1ff83826321942baec7935c6eac9146e7a89b5c4e72cb75408ba32246,5ad8135dc2b5f27de0b777acd317855a,1,2026-09-15T00:15:00Z,Kansas City Chiefs,Denver Broncos,player_receptions,player_receptions,Xavier Worthy,3.5,Over,3.5,draftkings,112,2.12,0.43984794960316687,1.0930377899078803,2026-09-06T21:08:21Z,42.638292,conditional_non_push,,market_consensus_no_model,live_snapshot_not_T60,pinnacle,8cab290fa0c17c9448adbab7,0.425792012343204,0.425792012343204,134.8564489260459,-22.856448926045914,3,OK,116,fanduel|pinnacle,,False,False,3.5,closest_offered_consensus_to_50pct_no_interpolation
783014ff3e23c909da11edfb,2026-09-06T21:09:03.638292+00:00,f6b154b1ff83826321942baec7935c6eac9146e7a89b5c4e72cb75408ba32246,5ad8135dc2b5f27de0b777acd317855a,1,2026-09-15T00:15:00Z,Kansas City Chiefs,Denver Broncos,player_receptions,player_receptions,Xavier Worthy,3.5,Over,3.5,fanduel,116,2.16,0.425792012343204,1.108680912396311,2026-09-06T21:08:54Z,9.638292,conditional_non_push,,market_consensus_no_model,live_snapshot_not_T60,pinnacle,8cab290fa0c17c9448adbab7,0.425792012343204,0.425792012343204,134.8564489260459,-18.856448926045914,3,OK,116,fanduel|pinnacle,,False,False,3.5,closest_offered_consensus_to_50pct_no_interpolation
21588fe448b6075428a21e6a,2026-09-06T21:09:03.638292+00:00,f6b154b1ff83826321942baec7935c6eac9146e7a89b5c4e72cb75408ba32246,5ad8135dc2b5f27de0b777acd317855a,1,2026-09-15T00:15:00Z,Kansas City Chiefs,Denver Broncos,player_receptions,player_receptions,Xavier Worthy,3.5,Over,3.5,pinnacle,116,2.16,0.425792012343204,1.108680912396311,2026-09-06T21:08:58Z,5.638292,conditional_non_push,,market_consensus_no_model,live_snapshot_not_T60,pinnacle,8cab290fa0c17c9448adbab7,0.425792012343204,0.425792012343204,134.8564489260459,-18.856448926045914,3,OK,116,fanduel|pinnacle,,False,False,3.5,closest_offered_consensus_to_50pct_no_interpolation
87d014d1b2f34311309d96c4,2026-09-06T21:09:03.638292+00:00,f6b154b1ff83826321942baec7935c6eac9146e7a89b5c4e72cb75408ba32246,5ad8135dc2b5f27de0b777acd317855a,1,2026-09-15T00:15:00Z,Kansas City Chiefs,Denver Broncos,player_receptions,player_receptions,Xavier Worthy,3.5,Under,3.5,draftkings,-143,1.6993006993006992,0.5601520503968331,1.0930377899078803,2026-09-06T21:08:21Z,42.638292,conditional_non_push,,market_consensus_no_model,live_snapshot_not_T60,pinnacle,8cab290fa0c17c9448adbab7,0.574207987656796,0.574207987656796,-134.85644892604594,-8.143551073954058,3,OK,-143,draftkings,,False,False,3.5,closest_offered_consensus_to_50pct_no_interpolation
d4d4eac65c5700699b197844,2026-09-06T21:09:03.638292+00:00,f6b154b1ff83826321942baec7935c6eac9146e7a89b5c4e72cb75408ba32246,5ad8135dc2b5f27de0b777acd317855a,1,2026-09-15T00:15:00Z,Kansas City Chiefs,Denver Broncos,player_receptions,player_receptions,Xavier Worthy,3.5,Under,3.5,fanduel,-154,1.6493506493506493,0.574207987656796,1.108680912396311,2026-09-06T21:08:54Z,9.638292,conditional_non_push,,market_consensus_no_model,live_snapshot_not_T60,pinnacle,8cab290fa0c17c9448adbab7,0.574207987656796,0.574207987656796,-134.85644892604594,-19.143551073954058,3,OK,-143,draftkings,,False,False,3.5,closest_offered_consensus_to_50pct_no_interpolation
549bd6915e5faf225dc923e6,2026-09-06T21:09:03.638292+00:00,f6b154b1ff83826321942baec7935c6eac9146e7a89b5c4e72cb75408ba32246,5ad8135dc2b5f27de0b777acd317855a,1,2026-09-15T00:15:00Z,Kansas City Chiefs,Denver Broncos,player_receptions,player_receptions,Xavier Worthy,3.5,Under,3.5,pinnacle,-154,1.6493506493506493,0.574207987656796,1.108680912396311,2026-09-06T21:08:58Z,5.638292,conditional_non_push,,market_consensus_no_model,live_snapshot_not_T60,pinnacle,8cab290fa0c17c9448adbab7,0.574207987656796,0.574207987656796,-134.85644892604594,-19.143551073954058,3,OK,-143,draftkings,,False,False,3.5,closest_offered_consensus_to_50pct_no_interpolation
25ab95d9ba4f50770092580c,2026-09-06T21:09:03.638292+00:00,f6b154b1ff83826321942baec7935c6eac9146e7a89b5c4e72cb75408ba32246,5ad8135dc2b5f27de0b777acd317855a,1,2026-09-15T00:15:00Z,Kansas City Chiefs,Denver Broncos,player_rush_yds,player_rush_yds,Bo Nix,15.5,Over,15.5,fanduel,-114,1.8771929824561404,0.5000000000000001,1.1006222153512897,2026-09-06T21:08:54Z,9.638292,conditional_non_push,,market_consensus_no_model,live_snapshot_not_T60,pinnacle,319633c6b371f4ae30c9e2a0,0.5,0.5,-100.0,-14.0,2,OK,-114,fanduel|pinnacle,,False,False,15.5,closest_offered_consensus_to_50pct_no_interpolation
f0ab09e416dd3ecd7f7826e4,2026-09-06T21:09:03.638292+00:00,f6b154b1ff83826321942baec7935c6eac9146e7a89b5c4e72cb75408ba32246,5ad8135dc2b5f27de0b777acd317855a,1,2026-09-15T00:15:00Z,Kansas City Chiefs,Denver Broncos,player_rush_yds,player_rush_yds,Bo Nix,15.5,Over,15.5,pinnacle,-114,1.8771929824561404,0.5000000000000001,1.1006222153512897,2026-09-06T21:08:58Z,5.638292,conditional_non_push,,market_consensus_no_model,live_snapshot_not_T60,pinnacle,319633c6b371f4ae30c9e2a0,0.5,0.5,-100.0,-14.0,2,OK,-114,fanduel|pinnacle,,False,False,15.5,closest_offered_consensus_to_50pct_no_interpolation
a3f8c6292e4b36e27640f512,2026-09-06T21:09:03.638292+00:00,f6b154b1ff83826321942baec7935c6eac9146e7a89b5c4e72cb75408ba32246,5ad8135dc2b5f27de0b777acd317855a,1,2026-09-15T00:15:00Z,Kansas City Chiefs,Denver Broncos,player_rush_yds,player_rush_yds,Bo Nix,15.5,Under,15.5,fanduel,-114,1.8771929824561404,0.5000000000000001,1.1006222153512897,2026-09-06T21:08:54Z,9.638292,conditional_non_push,,market_consensus_no_model,live_snapshot_not_T60,pinnacle,319633c6b371f4ae30c9e2a0,0.5,0.5,-100.0,-14.0,2,OK,-114,fanduel|pinnacle,,False,False,15.5,closest_offered_consensus_to_50pct_no_interpolation
e85bd5242b98244a8956c383,2026-09-06T21:09:03.638292+00:00,f6b154b1ff83826321942baec7935c6eac9146e7a89b5c4e72cb75408ba32246,5ad8135dc2b5f27de0b777acd317855a,1,2026-09-15T00:15:00Z,Kansas City Chiefs,Denver Broncos,player_rush_yds,player_rush_yds,Bo Nix,15.5,Under,15.5,pinnacle,-114,1.8771929824561404,0.5000000000000001,1.1006222153512897,2026-09-06T21:08:58Z,5.638292,conditional_non_push,,market_consensus_no_model,live_snapshot_not_T60,pinnacle,319633c6b371f4ae30c9e2a0,0.5,0.5,-100.0,-14.0,2,OK,-114,fanduel|pinnacle,,False,False,15.5,closest_offered_consensus_to_50pct_no_interpolation
bae3be9c2cf578a2a41838b7,2026-09-06T21:09:03.638292+00:00,f6b154b1ff83826321942baec7935c6eac9146e7a89b5c4e72cb75408ba32246,5ad8135dc2b5f27de0b777acd317855a,1,2026-09-15T00:15:00Z,Kansas City Chiefs,Denver Broncos,player_rush_yds,player_rush_yds,Bo Nix,16.5,Over,16.5,draftkings,-110,1.9090909090909092,0.4954247932852784,1.0861586927879965,2026-09-06T21:08:21Z,42.638292,conditional_non_push,,market_consensus_no_model,live_snapshot_not_T60,pinnacle,f0e188de1da23f22d4bb3a94,0.4954247932852783,0.4954247932852783,101.84698334711209,-11.846983347112086,1,FEWER_THAN_TWO_BOOKS,-110,draftkings,,False,False,15.5,closest_offered_consensus_to_50pct_no_interpolation
823368f1527c9f1bf5e26127,2026-09-06T21:09:03.638292+00:00,f6b154b1ff83826321942baec7935c6eac9146e7a89b5c4e72cb75408ba32246,5ad8135dc2b5f27de0b777acd317855a,1,2026-09-15T00:15:00Z,Kansas City Chiefs,Denver Broncos,player_rush_yds,player_rush_yds,Bo Nix,16.5,Under,16.5,draftkings,-114,1.8771929824561404,0.5045752067147218,1.0861586927879965,2026-09-06T21:08:21Z,42.638292,conditional_non_push,,market_consensus_no_model,live_snapshot_not_T60,pinnacle,f0e188de1da23f22d4bb3a94,0.5045752067147217,0.5045752067147217,-101.84698334711204,-12.153016652887956,1,FEWER_THAN_TWO_BOOKS,-114,draftkings,,False,False,15.5,closest_offered_consensus_to_50pct_no_interpolation
937df338f3bbfe19f7f95105,2026-09-06T21:09:03.638292+00:00,f6b154b1ff83826321942baec7935c6eac9146e7a89b5c4e72cb75408ba32246,5ad8135dc2b5f27de0b777acd317855a,1,2026-09-15T00:15:00Z,Kansas City Chiefs,Denver Broncos,player_rush_yds,player_rush_yds,J.K. Dobbins,49.5,Over,49.5,draftkings,-109,1.9174311926605505,0.4931368083034301,1.0859960740703234,2026-09-06T21:08:21Z,42.638292,conditional_non_push,,market_consensus_no_model,live_snapshot_not_T60,pinnacle,ef4ea6c2ee3d6e659eff27d4,0.5,0.5,-100.0,-9.0,3,OK,-109,draftkings,,False,False,49.5,closest_offered_consensus_to_50pct_no_interpolation
3d2871375475a2a2210b0cec,2026-09-06T21:09:03.638292+00:00,f6b154b1ff83826321942baec7935c6eac9146e7a89b5c4e72cb75408ba32246,5ad8135dc2b5f27de0b777acd317855a,1,2026-09-15T00:15:00Z,Kansas City Chiefs,Denver Broncos,player_rush_yds,player_rush_yds,J.K. Dobbins,49.5,Over,49.5,fanduel,-114,1.8771929824561404,0.5000000000000001,1.1006222153512897,2026-09-06T21:08:54Z,9.638292,conditional_non_push,,market_consensus_no_model,live_snapshot_not_T60,pinnacle,ef4ea6c2ee3d6e659eff27d4,0.5,0.5,-100.0,-14.0,3,OK,-109,draftkings,,False,False,49.5,closest_offered_consensus_to_50pct_no_interpolation
af2f5f3c794a2bc82a9e1ac9,2026-09-06T21:09:03.638292+00:00,f6b154b1ff83826321942baec7935c6eac9146e7a89b5c4e72cb75408ba32246,5ad8135dc2b5f27de0b777acd317855a,1,2026-09-15T00:15:00Z,Kansas City Chiefs,Denver Broncos,player_rush_yds,player_rush_yds,J.K. Dobbins,49.5,Over,49.5,pinnacle,-114,1.8771929824561404,0.5000000000000001,1.1006222153512897,2026-09-06T21:08:58Z,5.638292,conditional_non_push,,market_consensus_no_model,live_snapshot_not_T60,pinnacle,ef4ea6c2ee3d6e659eff27d4,0.5,0.5,-100.0,-14.0,3,OK,-109,draftkings,,False,False,49.5,closest_offered_consensus_to_50pct_no_interpolation
a33d1d18af0b6768553b7bc1,2026-09-06T21:09:03.638292+00:00,f6b154b1ff83826321942baec7935c6eac9146e7a89b5c4e72cb75408ba32246,5ad8135dc2b5f27de0b777acd317855a,1,2026-09-15T00:15:00Z,Kansas City Chiefs,Denver Broncos,player_rush_yds,player_rush_yds,J.K. Dobbins,49.5,Under,49.5,draftkings,-115,1.8695652173913042,0.50686319169657,1.0859960740703234,2026-09-06T21:08:21Z,42.638292,conditional_non_push,,market_consensus_no_model,live_snapshot_not_T60,pinnacle,ef4ea6c2ee3d6e659eff27d4,0.5,0.5,-100.0,-15.0,3,OK,-114,fanduel|pinnacle,,False,False,49.5,closest_offered_consensus_to_50pct_no_interpolation
473fc905561cfbb9dfd8ecbe,2026-09-06T21:09:03.638292+00:00,f6b154b1ff83826321942baec7935c6eac9146e7a89b5c4e72cb75408ba32246,5ad8135dc2b5f27de0b777acd317855a,1,2026-09-15T00:15:00Z,Kansas City Chiefs,Denver Broncos,player_rush_yds,player_rush_yds,J.K. Dobbins,49.5,Under,49.5,fanduel,-114,1.8771929824561404,0.5000000000000001,1.1006222153512897,2026-09-06T21:08:54Z,9.638292,conditional_non_push,,market_consensus_no_model,live_snapshot_not_T60,pinnacle,ef4ea6c2ee3d6e659eff27d4,0.5,0.5,-100.0,-14.0,3,OK,-114,fanduel|pinnacle,,False,False,49.5,closest_offered_consensus_to_50pct_no_interpolation
4bade0a1a4df468d59163557,2026-09-06T21:09:03.638292+00:00,f6b154b1ff83826321942baec7935c6eac9146e7a89b5c4e72cb75408ba32246,5ad8135dc2b5f27de0b777acd317855a,1,2026-09-15T00:15:00Z,Kansas City Chiefs,Denver Broncos,player_rush_yds,player_rush_yds,J.K. Dobbins,49.5,Under,49.5,pinnacle,-114,1.8771929824561404,0.5000000000000001,1.1006222153512897,2026-09-06T21:08:58Z,5.638292,conditional_non_push,,market_consensus_no_model,live_snapshot_not_T60,pinnacle,ef4ea6c2ee3d6e659eff27d4,0.5,0.5,-100.0,-14.0,3,OK,-114,fanduel|pinnacle,,False,False,49.5,closest_offered_consensus_to_50pct_no_interpolation
ffb57f0dcb01efbc91cffa41,2026-09-06T21:09:03.638292+00:00,f6b154b1ff83826321942baec7935c6eac9146e7a89b5c4e72cb75408ba32246,5ad8135dc2b5f27de0b777acd317855a,1,2026-09-15T00:15:00Z,Kansas City Chiefs,Denver Broncos,player_rush_yds,player_rush_yds,Kenneth Walker III,59.5,Over,59.5,fanduel,-114,1.8771929824561404,0.5000000000000001,1.1006222153512897,2026-09-06T21:08:54Z,9.638292,conditional_non_push,,market_consensus_no_model,live_snapshot_not_T60,pinnacle,2cbb70388ed59b4927930f33,0.5,0.5,-100.0,-14.0,2,OK,-114,fanduel|pinnacle,,False,False,59.5,closest_offered_consensus_to_50pct_no_interpolation
6738b750e3e549271ca134fd,2026-09-06T21:09:03.638292+00:00,f6b154b1ff83826321942baec7935c6eac9146e7a89b5c4e72cb75408ba32246,5ad8135dc2b5f27de0b777acd317855a,1,2026-09-15T00:15:00Z,Kansas City Chiefs,Denver Broncos,player_rush_yds,player_rush_yds,Kenneth Walker III,59.5,Over,59.5,pinnacle,-114,1.8771929824561404,0.5000000000000001,1.1006222153512897,2026-09-06T21:08:58Z,5.638292,conditional_non_push,,market_consensus_no_model,live_snapshot_not_T60,pinnacle,2cbb70388ed59b4927930f33,0.5,0.5,-100.0,-14.0,2,OK,-114,fanduel|pinnacle,,False,False,59.5,closest_offered_consensus_to_50pct_no_interpolation
3b5b70b08d0f2d52e7f56ddb,2026-09-06T21:09:03.638292+00:00,f6b154b1ff83826321942baec7935c6eac9146e7a89b5c4e72cb75408ba32246,5ad8135dc2b5f27de0b777acd317855a,1,2026-09-15T00:15:00Z,Kansas City Chiefs,Denver Broncos,player_rush_yds,player_rush_yds,Kenneth Walker III,59.5,Under,59.5,fanduel,-114,1.8771929824561404,0.5000000000000001,1.1006222153512897,2026-09-06T21:08:54Z,9.638292,conditional_non_push,,market_consensus_no_model,live_snapshot_not_T60,pinnacle,2cbb70388ed59b4927930f33,0.5,0.5,-100.0,-14.0,2,OK,-114,fanduel|pinnacle,,False,False,59.5,closest_offered_consensus_to_50pct_no_interpolation
d840910430b69a3ef0e54a6a,2026-09-06T21:09:03.638292+00:00,f6b154b1ff83826321942baec7935c6eac9146e7a89b5c4e72cb75408ba32246,5ad8135dc2b5f27de0b777acd317855a,1,2026-09-15T00:15:00Z,Kansas City Chiefs,Denver Broncos,player_rush_yds,player_rush_yds,Kenneth Walker III,59.5,Under,59.5,pinnacle,-114,1.8771929824561404,0.5000000000000001,1.1006222153512897,2026-09-06T21:08:58Z,5.638292,conditional_non_push,,market_consensus_no_model,live_snapshot_not_T60,pinnacle,2cbb70388ed59b4927930f33,0.5,0.5,-100.0,-14.0,2,OK,-114,fanduel|pinnacle,,False,False,59.5,closest_offered_consensus_to_50pct_no_interpolation
5dcea3a11b64c31663afd62d,2026-09-06T21:09:03.638292+00:00,f6b154b1ff83826321942baec7935c6eac9146e7a89b5c4e72cb75408ba32246,5ad8135dc2b5f27de0b777acd317855a,1,2026-09-15T00:15:00Z,Kansas City Chiefs,Denver Broncos,player_rush_yds,player_rush_yds,Kenneth Walker III,61.5,Over,61.5,draftkings,-115,1.8695652173913042,0.50686319169657,1.0859960740703234,2026-09-06T21:08:21Z,42.638292,conditional_non_push,,market_consensus_no_model,live_snapshot_not_T60,pinnacle,262efca4334ff471aef370de,0.50686319169657,0.50686319169657,-102.78348384505384,-12.216516154946163,1,FEWER_THAN_TWO_BOOKS,-115,draftkings,,False,False,59.5,closest_offered_consensus_to_50pct_no_interpolation
e3d510d7f3f1c5d6936176a0,2026-09-06T21:09:03.638292+00:00,f6b154b1ff83826321942baec7935c6eac9146e7a89b5c4e72cb75408ba32246,5ad8135dc2b5f27de0b777acd317855a,1,2026-09-15T00:15:00Z,Kansas City Chiefs,Denver Broncos,player_rush_yds,player_rush_yds,Kenneth Walker III,61.5,Under,61.5,draftkings,-109,1.9174311926605505,0.4931368083034301,1.0859960740703234,2026-09-06T21:08:21Z,42.638292,conditional_non_push,,market_consensus_no_model,live_snapshot_not_T60,pinnacle,262efca4334ff471aef370de,0.4931368083034301,0.4931368083034301,102.78348384505378,-11.78348384505378,1,FEWER_THAN_TWO_BOOKS,-109,draftkings,,False,False,59.5,closest_offered_consensus_to_50pct_no_interpolation
3e9a4b50dad5e4c288682d25,2026-09-06T21:09:03.638292+00:00,f6b154b1ff83826321942baec7935c6eac9146e7a89b5c4e72cb75408ba32246,5ad8135dc2b5f27de0b777acd317855a,1,2026-09-15T00:15:00Z,Kansas City Chiefs,Denver Broncos,player_rush_yds,player_rush_yds,Patrick Mahomes,14.5,Over,14.5,draftkings,-113,1.8849557522123894,0.5022875270528703,1.0862562521695405,2026-09-06T21:08:21Z,42.638292,conditional_non_push,,market_consensus_no_model,live_snapshot_not_T60,pinnacle,9a3506cbe250a1d4611609eb,0.5022875270528702,0.5022875270528702,-100.91921628538859,-12.080783714611414,1,FEWER_THAN_TWO_BOOKS,-113,draftkings,,False,False,15.5,closest_offered_consensus_to_50pct_no_interpolation
2247f9880b065cf226a77369,2026-09-06T21:09:03.638292+00:00,f6b154b1ff83826321942baec7935c6eac9146e7a89b5c4e72cb75408ba32246,5ad8135dc2b5f27de0b777acd317855a,1,2026-09-15T00:15:00Z,Kansas City Chiefs,Denver Broncos,player_rush_yds,player_rush_yds,Patrick Mahomes,14.5,Under,14.5,draftkings,-111,1.900900900900901,0.4977124729471299,1.0862562521695405,2026-09-06T21:08:21Z,42.638292,conditional_non_push,,market_consensus_no_model,live_snapshot_not_T60,pinnacle,9a3506cbe250a1d4611609eb,0.4977124729471298,0.4977124729471298,100.9192162853886,-11.9192162853886,1,FEWER_THAN_TWO_BOOKS,-111,draftkings,,False,False,15.5,closest_offered_consensus_to_50pct_no_interpolation
3f66ef0a93a6a3f2a242bde5,2026-09-06T21:09:03.638292+00:00,f6b154b1ff83826321942baec7935c6eac9146e7a89b5c4e72cb75408ba32246,5ad8135dc2b5f27de0b777acd317855a,1,2026-09-15T00:15:00Z,Kansas City Chiefs,Denver Broncos,player_rush_yds,player_rush_yds,Patrick Mahomes,15.5,Over,15.5,fanduel,-114,1.8771929824561404,0.5000000000000001,1.1006222153512897,2026-09-06T21:08:54Z,9.638292,conditional_non_push,,market_consensus_no_model,live_snapshot_not_T60,pinnacle,5bc296530c7614a604d583a5,0.5,0.5,-100.0,-14.0,2,OK,-114,fanduel|pinnacle,,False,False,15.5,closest_offered_consensus_to_50pct_no_interpolation
9e934ae8867b1be5e4cfdd22,2026-09-06T21:09:03.638292+00:00,f6b154b1ff83826321942baec7935c6eac9146e7a89b5c4e72cb75408ba32246,5ad8135dc2b5f27de0b777acd317855a,1,2026-09-15T00:15:00Z,Kansas City Chiefs,Denver Broncos,player_rush_yds,player_rush_yds,Patrick Mahomes,15.5,Over,15.5,pinnacle,-114,1.8771929824561404,0.5000000000000001,1.1006222153512897,2026-09-06T21:08:58Z,5.638292,conditional_non_push,,market_consensus_no_model,live_snapshot_not_T60,pinnacle,5bc296530c7614a604d583a5,0.5,0.5,-100.0,-14.0,2,OK,-114,fanduel|pinnacle,,False,False,15.5,closest_offered_consensus_to_50pct_no_interpolation
6ca218124f09d27bcba6f9c8,2026-09-06T21:09:03.638292+00:00,f6b154b1ff83826321942baec7935c6eac9146e7a89b5c4e72cb75408ba32246,5ad8135dc2b5f27de0b777acd317855a,1,2026-09-15T00:15:00Z,Kansas City Chiefs,Denver Broncos,player_rush_yds,player_rush_yds,Patrick Mahomes,15.5,Under,15.5,fanduel,-114,1.8771929824561404,0.5000000000000001,1.1006222153512897,2026-09-06T21:08:54Z,9.638292,conditional_non_push,,market_consensus_no_model,live_snapshot_not_T60,pinnacle,5bc296530c7614a604d583a5,0.5,0.5,-100.0,-14.0,2,OK,-114,fanduel|pinnacle,,False,False,15.5,closest_offered_consensus_to_50pct_no_interpolation
bfe2561fbef93a67134baae0,2026-09-06T21:09:03.638292+00:00,f6b154b1ff83826321942baec7935c6eac9146e7a89b5c4e72cb75408ba32246,5ad8135dc2b5f27de0b777acd317855a,1,2026-09-15T00:15:00Z,Kansas City Chiefs,Denver Broncos,player_rush_yds,player_rush_yds,Patrick Mahomes,15.5,Under,15.5,pinnacle,-114,1.8771929824561404,0.5000000000000001,1.1006222153512897,2026-09-06T21:08:58Z,5.638292,conditional_non_push,,market_consensus_no_model,live_snapshot_not_T60,pinnacle,5bc296530c7614a604d583a5,0.5,0.5,-100.0,-14.0,2,OK,-114,fanduel|pinnacle,,False,False,15.5,closest_offered_consensus_to_50pct_no_interpolation
c998f43f945cbee254518e50,2026-09-06T21:09:03.638292+00:00,f6b154b1ff83826321942baec7935c6eac9146e7a89b5c4e72cb75408ba32246,5ad8135dc2b5f27de0b777acd317855a,1,2026-09-15T00:15:00Z,Kansas City Chiefs,Denver Broncos,spreads,alternate_spreads,,1.5,Denver Broncos,-1.5,draftkings,128,2.2800000000000002,0.4003568625763465,1.1106846011737792,2026-09-06T21:08:21Z,42.638292,conditional_non_push,,market_consensus_no_model,live_snapshot_not_T60,pinnacle,d21a68d5033fdbb0e0fda926,0.39738305039172384,0.39738305039172384,151.64636463841154,-23.64636463841154,2,OK,134,fanduel,,False,False,2.5,closest_offered_consensus_to_50pct_no_interpolation
a43fd4ed53e1c8a0d6de148c,2026-09-06T21:09:03.638292+00:00,f6b154b1ff83826321942baec7935c6eac9146e7a89b5c4e72cb75408ba32246,5ad8135dc2b5f27de0b777acd317855a,1,2026-09-15T00:15:00Z,Kansas City Chiefs,Denver Broncos,spreads,alternate_spreads,,1.5,Denver Broncos,-1.5,fanduel,134,2.34,0.3944092382071011,1.0943541916396593,2026-09-06T21:08:54Z,9.638292,conditional_non_push,,market_consensus_no_model,live_snapshot_not_T60,pinnacle,d21a68d5033fdbb0e0fda926,0.39738305039172384,0.39738305039172384,151.64636463841154,-17.64636463841154,2,OK,134,fanduel,,False,False,2.5,closest_offered_consensus_to_50pct_no_interpolation
058c4eb442e02d2404380cd2,2026-09-06T21:09:03.638292+00:00,f6b154b1ff83826321942baec7935c6eac9146e7a89b5c4e72cb75408ba32246,5ad8135dc2b5f27de0b777acd317855a,1,2026-09-15T00:15:00Z,Kansas City Chiefs,Denver Broncos,spreads,alternate_spreads,,-1.5,Kansas City Chiefs,-1.5,draftkings,-137,1.72992700729927,0.5442677948543951,1.1099013907280169,2026-09-06T21:08:21Z,42.638292,conditional_non_push,,market_consensus_no_model,live_snapshot_not_T60,pinnacle,206484ad4487c549d2c85923,0.5442677948543951,0.5442677948543951,-119.4271084442021,-17.572891555797895,3,OK,-132,fanduel,,False,False,-2.5,closest_offered_consensus_to_50pct_no_interpolation
6b5e918fb62efe8b77af4aee,2026-09-06T21:09:03.638292+00:00,f6b154b1ff83826321942baec7935c6eac9146e7a89b5c4e72cb75408ba32246,5ad8135dc2b5f27de0b777acd317855a,1,2026-09-15T00:15:00Z,Kansas City Chiefs,Denver Broncos,spreads,alternate_spreads,,-1.5,Kansas City Chiefs,-1.5,fanduel,-132,1.7575757575757576,0.5405489086250044,1.0908520811334959,2026-09-06T21:08:54Z,9.638292,conditional_non_push,,market_consensus_no_model,live_snapshot_not_T60,pinnacle,206484ad4487c549d2c85923,0.5442677948543951,0.5442677948543951,-119.4271084442021,-12.572891555797895,3,OK,-132,fanduel,,False,False,-2.5,closest_offered_consensus_to_50pct_no_interpolation
73d476d2bfc600c55a768def,2026-09-06T21:09:03.638292+00:00,f6b154b1ff83826321942baec7935c6eac9146e7a89b5c4e72cb75408ba32246,5ad8135dc2b5f27de0b777acd317855a,1,2026-09-15T00:15:00Z,Kansas City Chiefs,Denver Broncos,spreads,alternate_spreads,,-1.5,Kansas City Chiefs,-1.5,pinnacle,-133,1.7518796992481203,0.553756397715534,1.0541138872054372,2026-09-06T21:08:57Z,6.638292,conditional_non_push,,market_consensus_no_model,live_snapshot_not_T60,pinnacle,206484ad4487c549d2c85923,0.5442677948543951,0.5442677948543951,-119.4271084442021,-13.572891555797895,3,OK,-132,fanduel,,False,False,-2.5,closest_offered_consensus_to_50pct_no_interpolation
b1226100edb7c012b9d8ea4b,2026-09-06T21:09:03.638292+00:00,f6b154b1ff83826321942baec7935c6eac9146e7a89b5c4e72cb75408ba32246,5ad8135dc2b5f27de0b777acd317855a,1,2026-09-15T00:15:00Z,Kansas City Chiefs,Denver Broncos,spreads,alternate_spreads,,10.5,Denver Broncos,-10.5,draftkings,423,5.23,0.14101768777009874,1.1840284077189307,2026-09-06T21:08:21Z,42.638292,conditional_non_push,,market_consensus_no_model,live_snapshot_not_T60,pinnacle,0cdf957c889be33a07770c15,0.12627615929322566,0.12627615929322566,691.9151212683794,-268.9151212683794,2,OK,540,fanduel,,False,False,2.5,closest_offered_consensus_to_50pct_no_interpolation
6d3bb04e79f0d35b79394a0a,2026-09-06T21:09:03.638292+00:00,f6b154b1ff83826321942baec7935c6eac9146e7a89b5c4e72cb75408ba32246,5ad8135dc2b5f27de0b777acd317855a,1,2026-09-15T00:15:00Z,Kansas City Chiefs,Denver Broncos,spreads,alternate_spreads,,10.5,Denver Broncos,-10.5,fanduel,540,6.4,0.11153463081635256,1.1816099340774073,2026-09-06T21:08:54Z,9.638292,conditional_non_push,,market_consensus_no_model,live_snapshot_not_T60,pinnacle,0cdf957c889be33a07770c15,0.12627615929322566,0.12627615929322566,691.9151212683794,-151.91512126837938,2,OK,540,fanduel,,False,False,2.5,closest_offered_consensus_to_50pct_no_interpolation
39f833debdd6eeb313613632,2026-09-06T21:09:03.638292+00:00,f6b154b1ff83826321942baec7935c6eac9146e7a89b5c4e72cb75408ba32246,5ad8135dc2b5f27de0b777acd317855a,1,2026-09-15T00:15:00Z,Kansas City Chiefs,Denver Broncos,spreads,alternate_spreads,,-10.5,Kansas City Chiefs,-10.5,draftkings,246,3.46,0.24475601553971532,1.1339152798712866,2026-09-06T21:08:21Z,42.638292,conditional_non_push,,market_consensus_no_model,live_snapshot_not_T60,pinnacle,02d24647bb1b08cd3206a06a,0.22503088692535755,0.22503088692535755,344.3834416080396,-98.38344160803962,2,OK,310,fanduel,,False,False,-2.5,closest_offered_consensus_to_50pct_no_interpolation
4afa97d13b46ca5180beb7d9,2026-09-06T21:09:03.638292+00:00,f6b154b1ff83826321942baec7935c6eac9146e7a89b5c4e72cb75408ba32246,5ad8135dc2b5f27de0b777acd317855a,1,2026-09-15T00:15:00Z,Kansas City Chiefs,Denver Broncos,spreads,alternate_spreads,,-10.5,Kansas City Chiefs,-10.5,fanduel,310,4.1,0.2053057583109998,1.1220903782773077,2026-09-06T21:08:54Z,9.638292,conditional_non_push,,market_consensus_no_model,live_snapshot_not_T60,pinnacle,02d24647bb1b08cd3206a06a,0.22503088692535755,0.22503088692535755,344.3834416080396,-34.38344160803962,2,OK,310,fanduel,,False,False,-2.5,closest_offered_consensus_to_50pct_no_interpolation
33ebf83e72e4cfd7a311926a,2026-09-06T21:09:03.638292+00:00,f6b154b1ff83826321942baec7935c6eac9146e7a89b5c4e72cb75408ba32246,5ad8135dc2b5f27de0b777acd317855a,1,2026-09-15T00:15:00Z,Kansas City Chiefs,Denver Broncos,spreads,alternate_spreads,,11.5,Denver Broncos,-11.5,draftkings,466,5.66,0.1258423203128628,1.1957407481893467,2026-09-06T21:08:21Z,42.638292,conditional_non_push,,market_consensus_no_model,live_snapshot_not_T60,pinnacle,4899fb0fa4a8751a001f7410,0.11633029989407702,0.11633029989407702,759.6212688444339,-293.62126884443387,2,OK,560,fanduel,,False,False,2.5,closest_offered_consensus_to_50pct_no_interpolation
3f915f7eff7e93dea8037aed,2026-09-06T21:09:03.638292+00:00,f6b154b1ff83826321942baec7935c6eac9146e7a89b5c4e72cb75408ba32246,5ad8135dc2b5f27de0b777acd317855a,1,2026-09-15T00:15:00Z,Kansas City Chiefs,Denver Broncos,spreads,alternate_spreads,,11.5,Denver Broncos,-11.5,fanduel,560,6.6,0.10681827947529124,1.1852377638063105,2026-09-06T21:08:54Z,9.638292,conditional_non_push,,market_consensus_no_model,live_snapshot_not_T60,pinnacle,4899fb0fa4a8751a001f7410,0.11633029989407702,0.11633029989407702,759.6212688444339,-199.62126884443387,2,OK,560,fanduel,,False,False,2.5,closest_offered_consensus_to_50pct_no_interpolation
7a5763298725c284b8c52a06,2026-09-06T21:09:03.638292+00:00,f6b154b1ff83826321942baec7935c6eac9146e7a89b5c4e72cb75408ba32246,5ad8135dc2b5f27de0b777acd317855a,1,2026-09-15T00:15:00Z,Kansas City Chiefs,Denver Broncos,spreads,alternate_spreads,,-11.5,Kansas City Chiefs,-11.5,draftkings,268,3.68,0.22668603314689179,1.1391317878282452,2026-09-06T21:08:21Z,42.638292,conditional_non_push,,market_consensus_no_model,live_snapshot_not_T60,pinnacle,1603f83c0b776d527459f358,0.20665732195373226,0.20665732195373226,383.89284761170296,-115.89284761170296,2,OK,340,fanduel,,False,False,-2.5,closest_offered_consensus_to_50pct_no_interpolation
9bd5ab084d07b8f371cef10e,2026-09-06T21:09:03.638292+00:00,f6b154b1ff83826321942baec7935c6eac9146e7a89b5c4e72cb75408ba32246,5ad8135dc2b5f27de0b777acd317855a,1,2026-09-15T00:15:00Z,Kansas City Chiefs,Denver Broncos,spreads,alternate_spreads,,-11.5,Kansas City Chiefs,-11.5,fanduel,340,4.4,0.18662861076057272,1.1329842945702202,2026-09-06T21:08:54Z,9.638292,conditional_non_push,,market_consensus_no_model,live_snapshot_not_T60,pinnacle,1603f83c0b776d527459f358,0.20665732195373226,0.20665732195373226,383.89284761170296,-43.89284761170296,2,OK,340,fanduel,,False,False,-2.5,closest_offered_consensus_to_50pct_no_interpolation
ca97bb6d1c8b9c5d6d6270bd,2026-09-06T21:09:03.638292+00:00,f6b154b1ff83826321942baec7935c6eac9146e7a89b5c4e72cb75408ba32246,5ad8135dc2b5f27de0b777acd317855a,1,2026-09-15T00:15:00Z,Kansas City Chiefs,Denver Broncos,spreads,alternate_spreads,,12.5,Denver Broncos,-12.5,draftkings,507,6.07,0.11367792333993984,1.2057424723175463,2026-09-06T21:08:21Z,42.638292,conditional_non_push,,market_consensus_no_model,live_snapshot_not_T60,pinnacle,2ed5ff421d1ccae8350b32da,0.10269644284654358,0.10269644284654358,873.7435613950835,-366.7435613950835,2,OK,630,fanduel,,False,False,2.5,closest_offered_consensus_to_50pct_no_interpolation
41653697e72ac0b8a8d600e6,2026-09-06T21:09:03.638292+00:00,f6b154b1ff83826321942baec7935c6eac9146e7a89b5c4e72cb75408ba32246,5ad8135dc2b5f27de0b777acd317855a,1,2026-09-15T00:15:00Z,Kansas City Chiefs,Denver Broncos,spreads,alternate_spreads,,12.5,Denver Broncos,-12.5,fanduel,630,7.3,0.09171496235314733,1.2018213067191894,2026-09-06T21:08:54Z,9.638292,conditional_non_push,,market_consensus_no_model,live_snapshot_not_T60,pinnacle,2ed5ff421d1ccae8350b32da,0.10269644284654358,0.10269644284654358,873.7435613950835,-243.74356139508347,2,OK,630,fanduel,,False,False,2.5,closest_offered_consensus_to_50pct_no_interpolation
f4320b44a85da99b1c4fe118,2026-09-06T21:09:03.638292+00:00,f6b154b1ff83826321942baec7935c6eac9146e7a89b5c4e72cb75408ba32246,5ad8135dc2b5f27de0b777acd317855a,1,2026-09-15T00:15:00Z,Kansas City Chiefs,Denver Broncos,spreads,alternate_spreads,,-12.5,Kansas City Chiefs,-12.5,draftkings,290,3.9,0.2105354427293515,1.1448406384607286,2026-09-06T21:08:21Z,42.638292,conditional_non_push,,market_consensus_no_model,live_snapshot_not_T60,pinnacle,97bfcc4a1a47083692486dba,0.19412487474036888,0.19412487474036888,415.13233496605926,-125.13233496605926,2,OK,360,fanduel,,False,False,-2.5,closest_offered_consensus_to_50pct_no_interpolation
06a07cc4b94495d6b824e560,2026-09-06T21:09:03.638292+00:00,f6b154b1ff83826321942baec7935c6eac9146e7a89b5c4e72cb75408ba32246,5ad8135dc2b5f27de0b777acd317855a,1,2026-09-15T00:15:00Z,Kansas City Chiefs,Denver Broncos,spreads,alternate_spreads,,-12.5,Kansas City Chiefs,-12.5,fanduel,360,4.6,0.17771430675138628,1.132053930386304,2026-09-06T21:08:54Z,9.638292,conditional_non_push,,market_consensus_no_model,live_snapshot_not_T60,pinnacle,97bfcc4a1a47083692486dba,0.19412487474036888,0.19412487474036888,415.13233496605926,-55.13233496605926,2,OK,360,fanduel,,False,False,-2.5,closest_offered_consensus_to_50pct_no_interpolation
e845e0b88e9a0ec483315b1e,2026-09-06T21:09:03.638292+00:00,f6b154b1ff83826321942baec7935c6eac9146e7a89b5c4e72cb75408ba32246,5ad8135dc2b5f27de0b777acd317855a,1,2026-09-15T00:15:00Z,Kansas City Chiefs,Denver Broncos,spreads,alternate_spreads,,13.5,Denver Broncos,-13.5,draftkings,558,6.58,0.09946418785192802,1.2250079922373067,2026-09-06T21:08:21Z,42.638292,conditional_non_push,,market_consensus_no_model,live_snapshot_not_T60,pinnacle,b5af59da845e084ad6fdb287,0.08893495181987589,0.08893495181987589,1024.4173179801646,-466.4173179801646,2,OK,700,fanduel,,False,False,2.5,closest_offered_consensus_to_50pct_no_interpolation
07824fcadba18b12bbc29bcd,2026-09-06T21:09:03.638292+00:00,f6b154b1ff83826321942baec7935c6eac9146e7a89b5c4e72cb75408ba32246,5ad8135dc2b5f27de0b777acd317855a,1,2026-09-15T00:15:00Z,Kansas City Chiefs,Denver Broncos,spreads,alternate_spreads,,13.5,Denver Broncos,-13.5,fanduel,700,8.0,0.07840571578782377,1.22429911964233,2026-09-06T21:08:54Z,9.638292,conditional_non_push,,market_consensus_no_model,live_snapshot_not_T60,pinnacle,b5af59da845e084ad6fdb287,0.08893495181987589,0.08893495181987589,1024.4173179801646,-324.4173179801646,2,OK,700,fanduel,,False,False,2.5,closest_offered_consensus_to_50pct_no_interpolation
e11516af1413daeb7ce1f9b4,2026-09-06T21:09:03.638292+00:00,f6b154b1ff83826321942baec7935c6eac9146e7a89b5c4e72cb75408ba32246,5ad8135dc2b5f27de0b777acd317855a,1,2026-09-15T00:15:00Z,Kansas City Chiefs,Denver Broncos,spreads,alternate_spreads,,-13.5,Kansas City Chiefs,-13.5,draftkings,316,4.16,0.19378050809600306,1.1511833102434474,2026-09-06T21:08:21Z,42.638292,conditional_non_push,,market_consensus_no_model,live_snapshot_not_T60,pinnacle,849fffb7ecba04d321cee1f7,0.17250268531419147,0.17250268531419147,479.7011206977031,-163.70112069770312,2,OK,420,fanduel,,False,False,-2.5,closest_offered_consensus_to_50pct_no_interpolation
29a0a861680d03ba7cd5c283,2026-09-06T21:09:03.638292+00:00,f6b154b1ff83826321942baec7935c6eac9146e7a89b5c4e72cb75408ba32246,5ad8135dc2b5f27de0b777acd317855a,1,2026-09-15T00:15:00Z,Kansas City Chiefs,Denver Broncos,spreads,alternate_spreads,,-13.5,Kansas City Chiefs,-13.5,fanduel,420,5.2,0.15122486253237996,1.1457723052543067,2026-09-06T21:08:54Z,9.638292,conditional_non_push,,market_consensus_no_model,live_snapshot_not_T60,pinnacle,849fffb7ecba04d321cee1f7,0.17250268531419147,0.17250268531419147,479.7011206977031,-59.70112069770312,2,OK,420,fanduel,,False,False,-2.5,closest_offered_consensus_to_50pct_no_interpolation
31457457de16ecb3c9dd10ee,2026-09-06T21:09:03.638292+00:00,f6b154b1ff83826321942baec7935c6eac9146e7a89b5c4e72cb75408ba32246,5ad8135dc2b5f27de0b777acd317855a,1,2026-09-15T00:15:00Z,Kansas City Chiefs,Denver Broncos,spreads,alternate_spreads,,14.5,Denver Broncos,-14.5,draftkings,650,7.5,0.07904796090113474,1.259465336464903,2026-09-06T21:08:21Z,42.638292,conditional_non_push,,market_consensus_no_model,live_snapshot_not_T60,pinnacle,2b7f9aa44d78228a2e788f0d,0.06941159849272906,0.06941159849272906,1340.6814159520488,-690.6814159520488,2,OK,830,fanduel,,False,False,2.5,closest_offered_consensus_to_50pct_no_interpolation
c3c2f5f3d21a644dc3c1d7d4,2026-09-06T21:09:03.638292+00:00,f6b154b1ff83826321942baec7935c6eac9146e7a89b5c4e72cb75408ba32246,5ad8135dc2b5f27de0b777acd317855a,1,2026-09-15T00:15:00Z,Kansas City Chiefs,Denver Broncos,spreads,alternate_spreads,,14.5,Denver Broncos,-14.5,fanduel,830,9.3,0.05977523608432342,1.263294002000563,2026-09-06T21:08:54Z,9.638292,conditional_non_push,,market_consensus_no_model,live_snapshot_not_T60,pinnacle,2b7f9aa44d78228a2e788f0d,0.06941159849272906,0.06941159849272906,1340.6814159520488,-510.68141595204884,2,OK,830,fanduel,,False,False,2.5,closest_offered_consensus_to_50pct_no_interpolation
9ed854218e4ece33176ec9da,2026-09-06T21:09:03.638292+00:00,f6b154b1ff83826321942baec7935c6eac9146e7a89b5c4e72cb75408ba32246,5ad8135dc2b5f27de0b777acd317855a,1,2026-09-15T00:15:00Z,Kansas City Chiefs,Denver Broncos,spreads,alternate_spreads,,-14.5,Kansas City Chiefs,-14.5,draftkings,371,4.71,0.164392727333161,1.165071383481692,2026-09-06T21:08:21Z,42.638292,conditional_non_push,,market_consensus_no_model,live_snapshot_not_T60,pinnacle,b8bf16efe45640088b6481c5,0.14642856913057878,0.14642856913057878,582.926839985879,-211.92683998587904,2,OK,480,fanduel,,False,False,-2.5,closest_offered_consensus_to_50pct_no_interpolation
46616cc774ca907766c83d65,2026-09-06T21:09:03.638292+00:00,f6b154b1ff83826321942baec7935c6eac9146e7a89b5c4e72cb75408ba32246,5ad8135dc2b5f27de0b777acd317855a,1,2026-09-15T00:15:00Z,Kansas City Chiefs,Denver Broncos,spreads,alternate_spreads,,-14.5,Kansas City Chiefs,-14.5,fanduel,480,5.8,0.12846441092799663,1.167388644028101,2026-09-06T21:08:54Z,9.638292,conditional_non_push,,market_consensus_no_model,live_snapshot_not_T60,pinnacle,b8bf16efe45640088b6481c5,0.14642856913057878,0.14642856913057878,582.926839985879,-102.92683998587904,2,OK,480,fanduel,,False,False,-2.5,closest_offered_consensus_to_50pct_no_interpolation
d06f094a131921087c4bad94,2026-09-06T21:09:03.638292+00:00,f6b154b1ff83826321942baec7935c6eac9146e7a89b5c4e72cb75408ba32246,5ad8135dc2b5f27de0b777acd317855a,1,2026-09-15T00:15:00Z,Kansas City Chiefs,Denver Broncos,spreads,alternate_spreads,,15.5,Denver Broncos,-15.5,draftkings,690,7.9,0.07123693435874767,1.2781418804719133,2026-09-06T21:08:21Z,42.638292,conditional_non_push,,market_consensus_no_model,live_snapshot_not_T60,pinnacle,b5d99d701cf9ef915fdf0e96,0.06052305834867178,0.06052305834867178,1552.2628354949047,-862.2628354949047,2,OK,900,fanduel,,False,False,2.5,closest_offered_consensus_to_50pct_no_interpolation
df91275db40d89b2c09cfbdd,2026-09-06T21:09:03.638292+00:00,f6b154b1ff83826321942baec7935c6eac9146e7a89b5c4e72cb75408ba32246,5ad8135dc2b5f27de0b777acd317855a,1,2026-09-15T00:15:00Z,Kansas City Chiefs,Denver Broncos,spreads,alternate_spreads,,15.5,Denver Broncos,-15.5,fanduel,900,10.0,0.0498091823385959,1.302690587533839,2026-09-06T21:08:54Z,9.638292,conditional_non_push,,market_consensus_no_model,live_snapshot_not_T60,pinnacle,b5d99d701cf9ef915fdf0e96,0.06052305834867178,0.06052305834867178,1552.2628354949047,-652.2628354949047,2,OK,900,fanduel,,False,False,2.5,closest_offered_consensus_to_50pct_no_interpolation
06302d65c806ce796d69a2d4,2026-09-06T21:09:03.638292+00:00,f6b154b1ff83826321942baec7935c6eac9146e7a89b5c4e72cb75408ba32246,5ad8135dc2b5f27de0b777acd317855a,1,2026-09-15T00:15:00Z,Kansas City Chiefs,Denver Broncos,spreads,alternate_spreads,,-15.5,Kansas City Chiefs,-15.5,draftkings,401,5.01,0.15071756574190115,1.1743238446029358,2026-09-06T21:08:21Z,42.638292,conditional_non_push,,market_consensus_no_model,live_snapshot_not_T60,pinnacle,8358c74fca0411b95da5d23d,0.13369548232368456,0.13369548232368456,647.9684299121953,-246.96842991219535,2,OK,520,fanduel,,False,False,-2.5,closest_offered_consensus_to_50pct_no_interpolation
9246d72605ccdb822aeb311c,2026-09-06T21:09:03.638292+00:00,f6b154b1ff83826321942baec7935c6eac9146e7a89b5c4e72cb75408ba32246,5ad8135dc2b5f27de0b777acd317855a,1,2026-09-15T00:15:00Z,Kansas City Chiefs,Denver Broncos,spreads,alternate_spreads,,-15.5,Kansas City Chiefs,-15.5,fanduel,520,6.2,0.11667339890546793,1.1774835129351686,2026-09-06T21:08:54Z,9.638292,conditional_non_push,,market_consensus_no_model,live_snapshot_not_T60,pinnacle,8358c74fca0411b95da5d23d,0.13369548232368456,0.13369548232368456,647.9684299121953,-127.96842991219535,2,OK,520,fanduel,,False,False,-2.5,closest_offered_consensus_to_50pct_no_interpolation
285c2cbff17b2c5e96c0d39b,2026-09-06T21:09:03.638292+00:00,f6b154b1ff83826321942baec7935c6eac9146e7a89b5c4e72cb75408ba32246,5ad8135dc2b5f27de0b777acd317855a,1,2026-09-15T00:15:00Z,Kansas City Chiefs,Denver Broncos,spreads,alternate_spreads,,16.5,Denver Broncos,-16.5,draftkings,750,8.5,0.06157380755852582,1.3025385609034679,2026-09-06T21:08:21Z,42.638292,conditional_non_push,,market_consensus_no_model,live_snapshot_not_T60,pinnacle,dd1eeea92e96bf9c8cb25074,0.051948256791512284,0.051948256791512284,1824.992409299455,-1074.992409299455,2,OK,1000,fanduel,,False,False,2.5,closest_offered_consensus_to_50pct_no_interpolation
df8aa62927d40d355a826805,2026-09-06T21:09:03.638292+00:00,f6b154b1ff83826321942baec7935c6eac9146e7a89b5c4e72cb75408ba32246,5ad8135dc2b5f27de0b777acd317855a,1,2026-09-15T00:15:00Z,Kansas City Chiefs,Denver Broncos,spreads,alternate_spreads,,16.5,Denver Broncos,-16.5,fanduel,1000,11.0,0.04232270602449879,1.3188363926369235,2026-09-06T21:08:54Z,9.638292,conditional_non_push,,market_consensus_no_model,live_snapshot_not_T60,pinnacle,dd1eeea92e96bf9c8cb25074,0.051948256791512284,0.051948256791512284,1824.992409299455,-824.992409299455,2,OK,1000,fanduel,,False,False,2.5,closest_offered_consensus_to_50pct_no_interpolation
9553ee67413a2c816be2b7cc,2026-09-06T21:09:03.638292+00:00,f6b154b1ff83826321942baec7935c6eac9146e7a89b5c4e72cb75408ba32246,5ad8135dc2b5f27de0b777acd317855a,1,2026-09-15T00:15:00Z,Kansas City Chiefs,Denver Broncos,spreads,alternate_spreads,,-16.5,Kansas City Chiefs,-16.5,draftkings,437,5.37,0.13632050840298918,1.1855743686334894,2026-09-06T21:08:21Z,42.638292,conditional_non_push,,market_consensus_no_model,live_snapshot_not_T60,pinnacle,a3adf73ffbfbc883227e30f9,0.11739127749877368,0.11739127749877368,751.8520466824688,-314.85204668246877,2,OK,600,fanduel,,False,False,-2.5,closest_offered_consensus_to_50pct_no_interpolation
6a73dbe85dc27ae424f7a7cc,2026-09-06T21:09:03.638292+00:00,f6b154b1ff83826321942baec7935c6eac9146e7a89b5c4e72cb75408ba32246,5ad8135dc2b5f27de0b777acd317855a,1,2026-09-15T00:15:00Z,Kansas City Chiefs,Denver Broncos,spreads,alternate_spreads,,-16.5,Kansas City Chiefs,-16.5,fanduel,600,7.0,0.09846204659455823,1.191259586133878,2026-09-06T21:08:54Z,9.638292,conditional_non_push,,market_consensus_no_model,live_snapshot_not_T60,pinnacle,a3adf73ffbfbc883227e30f9,0.11739127749877368,0.11739127749877368,751.8520466824688,-151.85204668246877,2,OK,600,fanduel,,False,False,-2.5,closest_offered_consensus_to_50pct_no_interpolation
ebfe1917822fdcc583ea1420,2026-09-06T21:09:03.638292+00:00,f6b154b1ff83826321942baec7935c6eac9146e7a89b5c4e72cb75408ba32246,5ad8135dc2b5f27de0b777acd317855a,1,2026-09-15T00:15:00Z,Kansas City Chiefs,Denver Broncos,spreads,alternate_spreads,,17.5,Denver Broncos,-17.5,draftkings,860,9.6,0.046492010711362546,1.3566738248933987,2026-09-06T21:08:21Z,42.638292,conditional_non_push,,market_consensus_no_model,live_snapshot_not_T60,pinnacle,6b51eec9959fde3cdc6567a3,0.0398737632846977,0.0398737632846977,2407.9147730802943,-1547.9147730802943,2,OK,1100,fanduel,,False,False,2.5,closest_offered_consensus_to_50pct_no_interpolation
510337681b7a24a768adb7e6,2026-09-06T21:09:03.638292+00:00,f6b154b1ff83826321942baec7935c6eac9146e7a89b5c4e72cb75408ba32246,5ad8135dc2b5f27de0b777acd317855a,1,2026-09-15T00:15:00Z,Kansas City Chiefs,Denver Broncos,spreads,alternate_spreads,,17.5,Denver Broncos,-17.5,fanduel,1100,12.0,0.033255515858032866,1.3696830967319413,2026-09-06T21:08:54Z,9.638292,conditional_non_push,,market_consensus_no_model,live_snapshot_not_T60,pinnacle,6b51eec9959fde3cdc6567a3,0.0398737632846977,0.0398737632846977,2407.9147730802943,-1307.9147730802943,2,OK,1100,fanduel,,False,False,2.5,closest_offered_consensus_to_50pct_no_interpolation
f437501eae8a979a58ae95ff,2026-09-06T21:09:03.638292+00:00,f6b154b1ff83826321942baec7935c6eac9146e7a89b5c4e72cb75408ba32246,5ad8135dc2b5f27de0b777acd317855a,1,2026-09-15T00:15:00Z,Kansas City Chiefs,Denver Broncos,spreads,alternate_spreads,,-17.5,Kansas City Chiefs,-17.5,draftkings,501,6.01,0.11484671717922434,1.2067174469178448,2026-09-06T21:08:21Z,42.638292,conditional_non_push,,market_consensus_no_model,live_snapshot_not_T60,pinnacle,1e049763c37222fbd5bc1654,0.09662621648352403,0.09662621648352403,934.9158193216771,-433.9158193216771,2,OK,700,fanduel,,False,False,-2.5,closest_offered_consensus_to_50pct_no_interpolation
a07d39489b18bba00e4164d9,2026-09-06T21:09:03.638292+00:00,f6b154b1ff83826321942baec7935c6eac9146e7a89b5c4e72cb75408ba32246,5ad8135dc2b5f27de0b777acd317855a,1,2026-09-15T00:15:00Z,Kansas City Chiefs,Denver Broncos,spreads,alternate_spreads,,-17.5,Kansas City Chiefs,-17.5,fanduel,700,8.0,0.07840571578782377,1.22429911964233,2026-09-06T21:08:54Z,9.638292,conditional_non_push,,market_consensus_no_model,live_snapshot_not_T60,pinnacle,1e049763c37222fbd5bc1654,0.09662621648352403,0.09662621648352403,934.9158193216771,-234.91581932167708,2,OK,700,fanduel,,False,False,-2.5,closest_offered_consensus_to_50pct_no_interpolation
0dd53441e8369acf6135fe2f,2026-09-06T21:09:03.638292+00:00,f6b154b1ff83826321942baec7935c6eac9146e7a89b5c4e72cb75408ba32246,5ad8135dc2b5f27de0b777acd317855a,1,2026-09-15T00:15:00Z,Kansas City Chiefs,Denver Broncos,spreads,alternate_spreads,,18.5,Denver Broncos,-18.5,draftkings,930,10.3,0.03776172715018466,1.4049129666648392,2026-09-06T21:08:21Z,42.638292,conditional_non_push,,market_consensus_no_model,live_snapshot_not_T60,pinnacle,7c17cd2084fd73195d32ff3c,0.03372466317709359,0.03372466317709359,2865.1889916552773,-1935.1889916552773,2,OK,1200,fanduel,,False,False,2.5,closest_offered_consensus_to_50pct_no_interpolation
0284ab80fdbe21dad22f95b2,2026-09-06T21:09:03.638292+00:00,f6b154b1ff83826321942baec7935c6eac9146e7a89b5c4e72cb75408ba32246,5ad8135dc2b5f27de0b777acd317855a,1,2026-09-15T00:15:00Z,Kansas City Chiefs,Denver Broncos,spreads,alternate_spreads,,18.5,Denver Broncos,-18.5,fanduel,1200,13.0,0.029687599204002532,1.3711872498976208,2026-09-06T21:08:54Z,9.638292,conditional_non_push,,market_consensus_no_model,live_snapshot_not_T60,pinnacle,7c17cd2084fd73195d32ff3c,0.03372466317709359,0.03372466317709359,2865.1889916552773,-1665.1889916552773,2,OK,1200,fanduel,,False,False,2.5,closest_offered_consensus_to_50pct_no_interpolation
9e6b8e1924ec56e988152b58,2026-09-06T21:09:03.638292+00:00,f6b154b1ff83826321942baec7935c6eac9146e7a89b5c4e72cb75408ba32246,5ad8135dc2b5f27de0b777acd317855a,1,2026-09-15T00:15:00Z,Kansas City Chiefs,Denver Broncos,spreads,alternate_spreads,,-18.5,Kansas City Chiefs,-18.5,draftkings,545,6.45,0.10254402544521589,1.221762422355745,2026-09-06T21:08:21Z,42.638292,conditional_non_push,,market_consensus_no_model,live_snapshot_not_T60,pinnacle,871e462b9ce55829b0d4234e,0.08378975482411466,0.08378975482411466,1093.4633322404716,-548.4633322404716,2,OK,800,fanduel,,False,False,-2.5,closest_offered_consensus_to_50pct_no_interpolation
6249c87d246381f58a44104e,2026-09-06T21:09:03.638292+00:00,f6b154b1ff83826321942baec7935c6eac9146e7a89b5c4e72cb75408ba32246,5ad8135dc2b5f27de0b777acd317855a,1,2026-09-15T00:15:00Z,Kansas City Chiefs,Denver Broncos,spreads,alternate_spreads,,-18.5,Kansas City Chiefs,-18.5,fanduel,800,9.0,0.06503548420301344,1.2437610044118093,2026-09-06T21:08:54Z,9.638292,conditional_non_push,,market_consensus_no_model,live_snapshot_not_T60,pinnacle,871e462b9ce55829b0d4234e,0.08378975482411466,0.08378975482411466,1093.4633322404716,-293.4633322404716,2,OK,800,fanduel,,False,False,-2.5,closest_offered_consensus_to_50pct_no_interpolation
f2fc142ed57e597981c626cc,2026-09-06T21:09:03.638292+00:00,f6b154b1ff83826321942baec7935c6eac9146e7a89b5c4e72cb75408ba32246,5ad8135dc2b5f27de0b777acd317855a,1,2026-09-15T00:15:00Z,Kansas City Chiefs,Denver Broncos,spreads,alternate_spreads,,19.5,Denver Broncos,-19.5,draftkings,1000,11.0,0.03024816853715496,1.4589126056710002,2026-09-06T21:08:21Z,42.638292,conditional_non_push,,market_consensus_no_model,live_snapshot_not_T60,pinnacle,c5786810f9f361c8ad131142,0.026529647346450715,0.026529647346450715,3669.367858309604,-2669.367858309604,2,OK,1400,fanduel,,False,False,2.5,closest_offered_consensus_to_50pct_no_interpolation
ac250127e75219ec99551bdb,2026-09-06T21:09:03.638292+00:00,f6b154b1ff83826321942baec7935c6eac9146e7a89b5c4e72cb75408ba32246,5ad8135dc2b5f27de0b777acd317855a,1,2026-09-15T00:15:00Z,Kansas City Chiefs,Denver Broncos,spreads,alternate_spreads,,19.5,Denver Broncos,-19.5,fanduel,1400,15.0,0.022811126155746486,1.3960254027875676,2026-09-06T21:08:54Z,9.638292,conditional_non_push,,market_consensus_no_model,live_snapshot_not_T60,pinnacle,c5786810f9f361c8ad131142,0.026529647346450715,0.026529647346450715,3669.367858309604,-2269.367858309604,2,OK,1400,fanduel,,False,False,2.5,closest_offered_consensus_to_50pct_no_interpolation
54645bc95ec3823418a50d70,2026-09-06T21:09:03.638292+00:00,f6b154b1ff83826321942baec7935c6eac9146e7a89b5c4e72cb75408ba32246,5ad8135dc2b5f27de0b777acd317855a,1,2026-09-15T00:15:00Z,Kansas City Chiefs,Denver Broncos,spreads,alternate_spreads,,-19.5,Kansas City Chiefs,-19.5,draftkings,593,6.93,0.0914020281849183,1.2358785456702042,2026-09-06T21:08:21Z,42.638292,conditional_non_push,,market_consensus_no_model,live_snapshot_not_T60,pinnacle,110615d8875723abbba6fedf,0.07060560526175709,0.07060560526175709,1316.3181468279847,-723.3181468279847,2,OK,900,fanduel,,False,False,-2.5,closest_offered_consensus_to_50pct_no_interpolation
06a8d080fa4aa721d9445bc9,2026-09-06T21:09:03.638292+00:00,f6b154b1ff83826321942baec7935c6eac9146e7a89b5c4e72cb75408ba32246,5ad8135dc2b5f27de0b777acd317855a,1,2026-09-15T00:15:00Z,Kansas City Chiefs,Denver Broncos,spreads,alternate_spreads,,-19.5,Kansas City Chiefs,-19.5,fanduel,900,10.0,0.0498091823385959,1.302690587533839,2026-09-06T21:08:54Z,9.638292,conditional_non_push,,market_consensus_no_model,live_snapshot_not_T60,pinnacle,110615d8875723abbba6fedf,0.07060560526175709,0.07060560526175709,1316.3181468279847,-416.3181468279847,2,OK,900,fanduel,,False,False,-2.5,closest_offered_consensus_to_50pct_no_interpolation
e81e14862643b6f48ff37ee4,2026-09-06T21:09:03.638292+00:00,f6b154b1ff83826321942baec7935c6eac9146e7a89b5c4e72cb75408ba32246,5ad8135dc2b5f27de0b777acd317855a,1,2026-09-15T00:15:00Z,Kansas City Chiefs,Denver Broncos,spreads,alternate_spreads,,-2.0,Kansas City Chiefs,-2.0,pinnacle,-124,1.8064516129032258,0.5369953253510666,1.0514089095424026,2026-09-06T21:08:57Z,6.638292,conditional_non_push,,market_consensus_no_model,live_snapshot_not_T60,pinnacle,7cdca649107d1d11344ae423,0.5369953253510665,0.5369953253510665,-115.98054074901845,-8.019459250981555,1,FEWER_THAN_TWO_BOOKS,-124,pinnacle,,False,False,-2.5,closest_offered_consensus_to_50pct_no_interpolation
98f04c28ca90cb4f00dfad74,2026-09-06T21:09:03.638292+00:00,f6b154b1ff83826321942baec7935c6eac9146e7a89b5c4e72cb75408ba32246,5ad8135dc2b5f27de0b777acd317855a,1,2026-09-15T00:15:00Z,Kansas City Chiefs,Denver Broncos,spreads,alternate_spreads,,2.5,Denver Broncos,-2.5,draftkings,139,2.3899999999999997,0.37920171489269583,1.1129282330357109,2026-09-06T21:08:21Z,42.638292,conditional_non_push,,market_consensus_no_model,live_snapshot_not_T60,pinnacle,7622bc1dbeae742aa392125c,0.3761821863294138,0.3761821863294138,165.82864270035472,-26.82864270035472,2,OK,146,fanduel,,False,False,2.5,closest_offered_consensus_to_50pct_no_interpolation
936fe2ed72baed4bb1f18212,2026-09-06T21:09:03.638292+00:00,f6b154b1ff83826321942baec7935c6eac9146e7a89b5c4e72cb75408ba32246,5ad8135dc2b5f27de0b777acd317855a,1,2026-09-15T00:15:00Z,Kansas City Chiefs,Denver Broncos,spreads,alternate_spreads,,2.5,Denver Broncos,-2.5,fanduel,146,2.46,0.37316265776613183,1.0950713165506936,2026-09-06T21:08:54Z,9.638292,conditional_non_push,,market_consensus_no_model,live_snapshot_not_T60,pinnacle,7622bc1dbeae742aa392125c,0.3761821863294138,0.3761821863294138,165.82864270035472,-19.82864270035472,2,OK,146,fanduel,,False,False,2.5,closest_offered_consensus_to_50pct_no_interpolation
bfccdd8ffaf7220822a2f860,2026-09-06T21:09:03.638292+00:00,f6b154b1ff83826321942baec7935c6eac9146e7a89b5c4e72cb75408ba32246,5ad8135dc2b5f27de0b777acd317855a,1,2026-09-15T00:15:00Z,Kansas City Chiefs,Denver Broncos,spreads,spreads,,-2.5,Kansas City Chiefs,-2.5,betmgm,-118,1.847457627118644,0.5185754937201552,1.0698248525605822,2026-09-06T21:08:57Z,6.638292,conditional_non_push,,market_consensus_no_model,live_snapshot_not_T60,pinnacle,b7f330e1f3d5e5fc0167a0f2,0.5193866348200964,0.5193866348200964,-108.06745555768703,-9.932544442312974,4,OK,-115,fanduel|pinnacle,-118,False,False,-2.5,closest_offered_consensus_to_50pct_no_interpolation
087a9921ad60e4c6101ce1d4,2026-09-06T21:09:03.638292+00:00,f6b154b1ff83826321942baec7935c6eac9146e7a89b5c4e72cb75408ba32246,5ad8135dc2b5f27de0b777acd317855a,1,2026-09-15T00:15:00Z,Kansas City Chiefs,Denver Broncos,spreads,alternate_spreads,,-2.5,Kansas City Chiefs,-2.5,draftkings,-125,1.8,0.5212291071384377,1.108506925738709,2026-09-06T21:08:21Z,42.638292,conditional_non_push,,market_consensus_no_model,live_snapshot_not_T60,pinnacle,b7f330e1f3d5e5fc0167a0f2,0.5193866348200964,0.5193866348200964,-108.06745555768703,-16.932544442312974,4,OK,-115,fanduel|pinnacle,-118,False,False,-2.5,closest_offered_consensus_to_50pct_no_interpolation
a5164088fec305df0835169f,2026-09-06T21:09:03.638292+00:00,f6b154b1ff83826321942baec7935c6eac9146e7a89b5c4e72cb75408ba32246,5ad8135dc2b5f27de0b777acd317855a,1,2026-09-15T00:15:00Z,Kansas City Chiefs,Denver Broncos,spreads,spreads,,-2.5,Kansas City Chiefs,-2.5,fanduel,-115,1.8695652173913042,0.5116044544982121,1.071115843039896,2026-09-06T21:08:57Z,6.638292,conditional_non_push,,market_consensus_no_model,live_snapshot_not_T60,pinnacle,b7f330e1f3d5e5fc0167a0f2,0.5193866348200964,0.5193866348200964,-108.06745555768703,-6.932544442312974,4,OK,-115,fanduel|pinnacle,-118,False,False,-2.5,closest_offered_consensus_to_50pct_no_interpolation
506762bd0a207a3c8a095580,2026-09-06T21:09:03.638292+00:00,f6b154b1ff83826321942baec7935c6eac9146e7a89b5c4e72cb75408ba32246,5ad8135dc2b5f27de0b777acd317855a,1,2026-09-15T00:15:00Z,Kansas City Chiefs,Denver Broncos,spreads,alternate_spreads,,-2.5,Kansas City Chiefs,-2.5,pinnacle,-115,1.8695652173913042,0.5201977759200377,1.0444942290862986,2026-09-06T21:08:57Z,6.638292,conditional_non_push,,market_consensus_no_model,live_snapshot_not_T60,pinnacle,b7f330e1f3d5e5fc0167a0f2,0.5193866348200964,0.5193866348200964,-108.06745555768703,-6.932544442312974,4,OK,-115,fanduel|pinnacle,-118,False,False,-2.5,closest_offered_consensus_to_50pct_no_interpolation
a47fc363eaee8fe929a20baf,2026-09-06T21:09:03.638292+00:00,f6b154b1ff83826321942baec7935c6eac9146e7a89b5c4e72cb75408ba32246,5ad8135dc2b5f27de0b777acd317855a,1,2026-09-15T00:15:00Z,Kansas City Chiefs,Denver Broncos,spreads,alternate_spreads,,20.5,Denver Broncos,-20.5,draftkings,1100,12.0,0.021171666366044395,1.551402940510056,2026-09-06T21:08:21Z,42.638292,conditional_non_push,,market_consensus_no_model,live_snapshot_not_T60,pinnacle,6c8d4cd1b1a834222c64e799,0.020511954880556123,0.020511954880556123,4775.20573159962,-3675.20573159962,2,OK,1500,fanduel,,False,False,2.5,closest_offered_consensus_to_50pct_no_interpolation
92d0e009dd3649cc61cf8ee5,2026-09-06T21:09:03.638292+00:00,f6b154b1ff83826321942baec7935c6eac9146e7a89b5c4e72cb75408ba32246,5ad8135dc2b5f27de0b777acd317855a,1,2026-09-15T00:15:00Z,Kansas City Chiefs,Denver Broncos,spreads,alternate_spreads,,20.5,Denver Broncos,-20.5,fanduel,1500,16.0,0.019852243395067852,1.4136385355001044,2026-09-06T21:08:54Z,9.638292,conditional_non_push,,market_consensus_no_model,live_snapshot_not_T60,pinnacle,6c8d4cd1b1a834222c64e799,0.020511954880556123,0.020511954880556123,4775.20573159962,-3275.20573159962,2,OK,1500,fanduel,,False,False,2.5,closest_offered_consensus_to_50pct_no_interpolation
2b1ec93155da9805529961fc,2026-09-06T21:09:03.638292+00:00,f6b154b1ff83826321942baec7935c6eac9146e7a89b5c4e72cb75408ba32246,5ad8135dc2b5f27de0b777acd317855a,1,2026-09-15T00:15:00Z,Kansas City Chiefs,Denver Broncos,spreads,alternate_spreads,,-20.5,Kansas City Chiefs,-20.5,draftkings,660,7.6,0.0772833195661089,1.2623717908050192,2026-09-06T21:08:21Z,42.638292,conditional_non_push,,market_consensus_no_model,live_snapshot_not_T60,pinnacle,70ee9719d052e8590c93568d,0.05721235426092364,0.05721235426092364,1647.8742361123316,-987.8742361123316,2,OK,1060,fanduel,,False,False,-2.5,closest_offered_consensus_to_50pct_no_interpolation
fa3769a586dea2d663c6de31,2026-09-06T21:09:03.638292+00:00,f6b154b1ff83826321942baec7935c6eac9146e7a89b5c4e72cb75408ba32246,5ad8135dc2b5f27de0b777acd317855a,1,2026-09-15T00:15:00Z,Kansas City Chiefs,Denver Broncos,spreads,alternate_spreads,,-20.5,Kansas City Chiefs,-20.5,fanduel,1060,11.6,0.037141388955738375,1.3435399740514984,2026-09-06T21:08:54Z,9.638292,conditional_non_push,,market_consensus_no_model,live_snapshot_not_T60,pinnacle,70ee9719d052e8590c93568d,0.05721235426092364,0.05721235426092364,1647.8742361123316,-587.8742361123316,2,OK,1060,fanduel,,False,False,-2.5,closest_offered_consensus_to_50pct_no_interpolation
e3d8edb2b4568a943073d993,2026-09-06T21:09:03.638292+00:00,f6b154b1ff83826321942baec7935c6eac9146e7a89b5c4e72cb75408ba32246,5ad8135dc2b5f27de0b777acd317855a,1,2026-09-15T00:15:00Z,Kansas City Chiefs,Denver Broncos,spreads,alternate_spreads,,21.5,Denver Broncos,-21.5,draftkings,1220,13.2,0.015854921676271384,1.6061732732983645,2026-09-06T21:08:21Z,42.638292,conditional_non_push,,market_consensus_no_model,live_snapshot_not_T60,pinnacle,876fea78c723042212110994,0.01516483217247579,0.01516483217247579,6494.204199733925,-5274.204199733925,2,OK,1700,fanduel,,False,False,2.5,closest_offered_consensus_to_50pct_no_interpolation
3415ec370e4519ff8a697cf8,2026-09-06T21:09:03.638292+00:00,f6b154b1ff83826321942baec7935c6eac9146e7a89b5c4e72cb75408ba32246,5ad8135dc2b5f27de0b777acd317855a,1,2026-09-15T00:15:00Z,Kansas City Chiefs,Denver Broncos,spreads,alternate_spreads,,21.5,Denver Broncos,-21.5,fanduel,1700,18.0,0.014474742668680202,1.4653305484836974,2026-09-06T21:08:54Z,9.638292,conditional_non_push,,market_consensus_no_model,live_snapshot_not_T60,pinnacle,876fea78c723042212110994,0.01516483217247579,0.01516483217247579,6494.204199733925,-4794.204199733925,2,OK,1700,fanduel,,False,False,2.5,closest_offered_consensus_to_50pct_no_interpolation
4037349b61b2dca451c8957f,2026-09-06T21:09:03.638292+00:00,f6b154b1ff83826321942baec7935c6eac9146e7a89b5c4e72cb75408ba32246,5ad8135dc2b5f27de0b777acd317855a,1,2026-09-15T00:15:00Z,Kansas City Chiefs,Denver Broncos,spreads,alternate_spreads,,-21.5,Kansas City Chiefs,-21.5,draftkings,760,8.6,0.05926304132061145,1.3132349904786835,2026-09-06T21:08:21Z,42.638292,conditional_non_push,,market_consensus_no_model,live_snapshot_not_T60,pinnacle,aeaffe388281c298609ab334,0.04586159561916664,0.04586159561916664,2080.473632675084,-1320.473632675084,2,OK,1200,fanduel,,False,False,-2.5,closest_offered_consensus_to_50pct_no_interpolation
2f4f8967b51180f016aee709,2026-09-06T21:09:03.638292+00:00,f6b154b1ff83826321942baec7935c6eac9146e7a89b5c4e72cb75408ba32246,5ad8135dc2b5f27de0b777acd317855a,1,2026-09-15T00:15:00Z,Kansas City Chiefs,Denver Broncos,spreads,alternate_spreads,,-21.5,Kansas City Chiefs,-21.5,fanduel,1200,13.0,0.03246014991772184,1.3363780802913672,2026-09-06T21:08:54Z,9.638292,conditional_non_push,,market_consensus_no_model,live_snapshot_not_T60,pinnacle,aeaffe388281c298609ab334,0.04586159561916664,0.04586159561916664,2080.473632675084,-880.473632675084,2,OK,1200,fanduel,,False,False,-2.5,closest_offered_consensus_to_50pct_no_interpolation
3997b950750c97043e697066,2026-09-06T21:09:03.638292+00:00,f6b154b1ff83826321942baec7935c6eac9146e7a89b5c4e72cb75408ba32246,5ad8135dc2b5f27de0b777acd317855a,1,2026-09-15T00:15:00Z,Kansas City Chiefs,Denver Broncos,spreads,alternate_spreads,,22.5,Denver Broncos,-22.5,draftkings,1300,14.0,0.015571199061907322,1.5772041927059277,2026-09-06T21:08:21Z,42.638292,conditional_non_push,,market_consensus_no_model,live_snapshot_not_T60,pinnacle,53cefca42cd64dedcaa25c51,0.014915858846934317,0.014915858846934317,6604.273687904547,-5304.273687904547,2,OK,1800,fanduel,,False,False,2.5,closest_offered_consensus_to_50pct_no_interpolation
89a9c8fc65cd7213eb88dd02,2026-09-06T21:09:03.638292+00:00,f6b154b1ff83826321942baec7935c6eac9146e7a89b5c4e72cb75408ba32246,5ad8135dc2b5f27de0b777acd317855a,1,2026-09-15T00:15:00Z,Kansas City Chiefs,Denver Broncos,spreads,alternate_spreads,,22.5,Denver Broncos,-22.5,fanduel,1800,19.0,0.014260518631961311,1.4434873757030022,2026-09-06T21:08:54Z,9.638292,conditional_non_push,,market_consensus_no_model,live_snapshot_not_T60,pinnacle,53cefca42cd64dedcaa25c51,0.014915858846934317,0.014915858846934317,6604.273687904547,-4804.273687904547,2,OK,1800,fanduel,,False,False,2.5,closest_offered_consensus_to_50pct_no_interpolation
625a281bafb3ad92eaeb870e,2026-09-06T21:09:03.638292+00:00,f6b154b1ff83826321942baec7935c6eac9146e7a89b5c4e72cb75408ba32246,5ad8135dc2b5f27de0b777acd317855a,1,2026-09-15T00:15:00Z,Kansas City Chiefs,Denver Broncos,spreads,alternate_spreads,,-22.5,Kansas City Chiefs,-22.5,draftkings,810,9.1,0.052890069164107566,1.3311478266500765,2026-09-06T21:08:21Z,42.638292,conditional_non_push,,market_consensus_no_model,live_snapshot_not_T60,pinnacle,1dfd53a062a429d3cd620526,0.03984227439513585,0.03984227439513585,2409.896875069173,-1599.896875069173,2,OK,1300,fanduel,,False,False,-2.5,closest_offered_consensus_to_50pct_no_interpolation
40cc06f7a11a8b13b136968a,2026-09-06T21:09:03.638292+00:00,f6b154b1ff83826321942baec7935c6eac9146e7a89b5c4e72cb75408ba32246,5ad8135dc2b5f27de0b777acd317855a,1,2026-09-15T00:15:00Z,Kansas City Chiefs,Denver Broncos,spreads,alternate_spreads,,-22.5,Kansas City Chiefs,-22.5,fanduel,1300,14.0,0.02679447962616415,1.371534962944137,2026-09-06T21:08:54Z,9.638292,conditional_non_push,,market_consensus_no_model,live_snapshot_not_T60,pinnacle,1dfd53a062a429d3cd620526,0.03984227439513585,0.03984227439513585,2409.896875069173,-1109.896875069173,2,OK,1300,fanduel,,False,False,-2.5,closest_offered_consensus_to_50pct_no_interpolation
05d0d985683c51219f12f62c,2026-09-06T21:09:03.638292+00:00,f6b154b1ff83826321942baec7935c6eac9146e7a89b5c4e72cb75408ba32246,5ad8135dc2b5f27de0b777acd317855a,1,2026-09-15T00:15:00Z,Kansas City Chiefs,Denver Broncos,spreads,alternate_spreads,,23.5,Denver Broncos,-23.5,fanduel,2000,21.0,0.0078991669138625,1.5900680904921125,2026-09-06T21:08:54Z,9.638292,conditional_non_push,,market_consensus_no_model,live_snapshot_not_T60,pinnacle,8a2ee8b983f415c8eed81305,0.007899166913862499,0.007899166913862499,12559.56284890079,-10559.56284890079,1,FEWER_THAN_TWO_BOOKS,2000,fanduel,,False,False,2.5,closest_offered_consensus_to_50pct_no_interpolation
b8280a96d7d801a20713dee1,2026-09-06T21:09:03.638292+00:00,f6b154b1ff83826321942baec7935c6eac9146e7a89b5c4e72cb75408ba32246,5ad8135dc2b5f27de0b777acd317855a,1,2026-09-15T00:15:00Z,Kansas City Chiefs,Denver Broncos,spreads,alternate_spreads,,-23.5,Kansas City Chiefs,-23.5,draftkings,870,9.7,0.04516421870844217,1.3632387830668105,2026-09-06T21:08:21Z,42.638292,conditional_non_push,,market_consensus_no_model,live_snapshot_not_T60,pinnacle,19a1fd0aa10a4c37fb3b0abb,0.03398767243209433,0.03398767243209433,2842.2432559862696,-1972.2432559862696,2,OK,1400,fanduel,,False,False,-2.5,closest_offered_consensus_to_50pct_no_interpolation
4e56b61457dbd7b5d36e5c84,2026-09-06T21:09:03.638292+00:00,f6b154b1ff83826321942baec7935c6eac9146e7a89b5c4e72cb75408ba32246,5ad8135dc2b5f27de0b777acd317855a,1,2026-09-15T00:15:00Z,Kansas City Chiefs,Denver Broncos,spreads,alternate_spreads,,-23.5,Kansas City Chiefs,-23.5,fanduel,1400,15.0,0.022811126155746486,1.3960254027875676,2026-09-06T21:08:54Z,9.638292,conditional_non_push,,market_consensus_no_model,live_snapshot_not_T60,pinnacle,19a1fd0aa10a4c37fb3b0abb,0.03398767243209433,0.03398767243209433,2842.2432559862696,-1442.2432559862696,2,OK,1400,fanduel,,False,False,-2.5,closest_offered_consensus_to_50pct_no_interpolation
579563bbc19233eb1daf2a81,2026-09-06T21:09:03.638292+00:00,f6b154b1ff83826321942baec7935c6eac9146e7a89b5c4e72cb75408ba32246,5ad8135dc2b5f27de0b777acd317855a,1,2026-09-15T00:15:00Z,Kansas City Chiefs,Denver Broncos,spreads,alternate_spreads,,-24.5,Kansas City Chiefs,-24.5,draftkings,990,10.9,0.03189335219869268,1.4423188863541947,2026-09-06T21:08:21Z,42.638292,conditional_non_push,,market_consensus_no_model,live_snapshot_not_T60,pinnacle,01e2029abcfb7cf2b55a96a6,0.02587279779688026,0.02587279779688026,3765.063252342118,-2775.063252342118,2,OK,1500,fanduel,,False,False,-2.5,closest_offered_consensus_to_50pct_no_interpolation
921b65cf10308174205bc437,2026-09-06T21:09:03.638292+00:00,f6b154b1ff83826321942baec7935c6eac9146e7a89b5c4e72cb75408ba32246,5ad8135dc2b5f27de0b777acd317855a,1,2026-09-15T00:15:00Z,Kansas City Chiefs,Denver Broncos,spreads,alternate_spreads,,-24.5,Kansas City Chiefs,-24.5,fanduel,1500,16.0,0.019852243395067852,1.4136385355001044,2026-09-06T21:08:54Z,9.638292,conditional_non_push,,market_consensus_no_model,live_snapshot_not_T60,pinnacle,01e2029abcfb7cf2b55a96a6,0.02587279779688026,0.02587279779688026,3765.063252342118,-2265.063252342118,2,OK,1500,fanduel,,False,False,-2.5,closest_offered_consensus_to_50pct_no_interpolation
caeea86a9dc7b18204de0d1a,2026-09-06T21:09:03.638292+00:00,f6b154b1ff83826321942baec7935c6eac9146e7a89b5c4e72cb75408ba32246,5ad8135dc2b5f27de0b777acd317855a,1,2026-09-15T00:15:00Z,Kansas City Chiefs,Denver Broncos,spreads,alternate_spreads,,-25.5,Kansas City Chiefs,-25.5,draftkings,1080,11.8,0.0225142880898096,1.5370551700724442,2026-09-06T21:08:21Z,42.638292,conditional_non_push,,market_consensus_no_model,live_snapshot_not_T60,pinnacle,b59e14b1c3239f8b9fbf5914,0.018494515379244902,0.018494515379244902,5307.008399485991,-4227.008399485991,2,OK,1700,fanduel,,False,False,-2.5,closest_offered_consensus_to_50pct_no_interpolation
407cea58264b209cf8285564,2026-09-06T21:09:03.638292+00:00,f6b154b1ff83826321942baec7935c6eac9146e7a89b5c4e72cb75408ba32246,5ad8135dc2b5f27de0b777acd317855a,1,2026-09-15T00:15:00Z,Kansas City Chiefs,Denver Broncos,spreads,alternate_spreads,,-25.5,Kansas City Chiefs,-25.5,fanduel,1700,18.0,0.014474742668680202,1.4653305484836974,2026-09-06T21:08:54Z,9.638292,conditional_non_push,,market_consensus_no_model,live_snapshot_not_T60,pinnacle,b59e14b1c3239f8b9fbf5914,0.018494515379244902,0.018494515379244902,5307.008399485991,-3607.0083994859906,2,OK,1700,fanduel,,False,False,-2.5,closest_offered_consensus_to_50pct_no_interpolation
97badce4e734652a6e6e6752,2026-09-06T21:09:03.638292+00:00,f6b154b1ff83826321942baec7935c6eac9146e7a89b5c4e72cb75408ba32246,5ad8135dc2b5f27de0b777acd317855a,1,2026-09-15T00:15:00Z,Kansas City Chiefs,Denver Broncos,spreads,alternate_spreads,,-26.5,Kansas City Chiefs,-26.5,draftkings,1160,12.6,0.016087415708901702,1.6299179613219934,2026-09-06T21:08:21Z,42.638292,conditional_non_push,,market_consensus_no_model,live_snapshot_not_T60,pinnacle,57479edafaae1b7072db3f57,0.0119932913113821,0.0119932913113821,8237.994750873442,-7077.994750873442,2,OK,2000,fanduel,,False,False,-2.5,closest_offered_consensus_to_50pct_no_interpolation
775af18011ab085e78d0323b,2026-09-06T21:09:03.638292+00:00,f6b154b1ff83826321942baec7935c6eac9146e7a89b5c4e72cb75408ba32246,5ad8135dc2b5f27de0b777acd317855a,1,2026-09-15T00:15:00Z,Kansas City Chiefs,Denver Broncos,spreads,alternate_spreads,,-26.5,Kansas City Chiefs,-26.5,fanduel,2000,21.0,0.0078991669138625,1.5900680904921125,2026-09-06T21:08:54Z,9.638292,conditional_non_push,,market_consensus_no_model,live_snapshot_not_T60,pinnacle,57479edafaae1b7072db3f57,0.0119932913113821,0.0119932913113821,8237.994750873442,-6237.994750873442,2,OK,2000,fanduel,,False,False,-2.5,closest_offered_consensus_to_50pct_no_interpolation
fdeca8732261a76fb3fe5781,2026-09-06T21:09:03.638292+00:00,f6b154b1ff83826321942baec7935c6eac9146e7a89b5c4e72cb75408ba32246,5ad8135dc2b5f27de0b777acd317855a,1,2026-09-15T00:15:00Z,Kansas City Chiefs,Denver Broncos,spreads,alternate_spreads,,-27.5,Kansas City Chiefs,-27.5,draftkings,1280,13.8,0.01563954634281762,1.584181927925815,2026-09-06T21:08:21Z,42.638292,conditional_non_push,,market_consensus_no_model,live_snapshot_not_T60,pinnacle,104a5a76a166976136c96a72,0.011554008073461023,0.011554008073461023,8555.005203752191,-7275.005203752191,2,OK,2500,fanduel,,False,False,-2.5,closest_offered_consensus_to_50pct_no_interpolation
74b83f55ced25b6d0a8e9685,2026-09-06T21:09:03.638292+00:00,f6b154b1ff83826321942baec7935c6eac9146e7a89b5c4e72cb75408ba32246,5ad8135dc2b5f27de0b777acd317855a,1,2026-09-15T00:15:00Z,Kansas City Chiefs,Denver Broncos,spreads,alternate_spreads,,-27.5,Kansas City Chiefs,-27.5,fanduel,2500,26.0,0.00746846980410443,1.503044826687773,2026-09-06T21:08:54Z,9.638292,conditional_non_push,,market_consensus_no_model,live_snapshot_not_T60,pinnacle,104a5a76a166976136c96a72,0.011554008073461023,0.011554008073461023,8555.005203752191,-6055.005203752191,2,OK,2500,fanduel,,False,False,-2.5,closest_offered_consensus_to_50pct_no_interpolation
11b86b06aa9674e5b06bd3ae,2026-09-06T21:09:03.638292+00:00,f6b154b1ff83826321942baec7935c6eac9146e7a89b5c4e72cb75408ba32246,5ad8135dc2b5f27de0b777acd317855a,1,2026-09-15T00:15:00Z,Kansas City Chiefs,Denver Broncos,spreads,alternate_spreads,,-28.5,Kansas City Chiefs,-28.5,fanduel,3000,31.0,0.003316139840975339,1.6624854814709127,2026-09-06T21:08:54Z,9.638292,conditional_non_push,,market_consensus_no_model,live_snapshot_not_T60,pinnacle,8ba93e583d7bef420e1ec2cd,0.003316139840975339,0.003316139840975339,30055.543733218477,-27055.543733218477,1,FEWER_THAN_TWO_BOOKS,3000,fanduel,,False,False,-2.5,closest_offered_consensus_to_50pct_no_interpolation
e8ac44ad7e1778a1d38355dc,2026-09-06T21:09:03.638292+00:00,f6b154b1ff83826321942baec7935c6eac9146e7a89b5c4e72cb75408ba32246,5ad8135dc2b5f27de0b777acd317855a,1,2026-09-15T00:15:00Z,Kansas City Chiefs,Denver Broncos,spreads,spreads,,-3.0,Kansas City Chiefs,-3.0,draftkings,100,2.0,0.4767709538481189,1.0686317492209367,2026-09-06T21:07:49Z,74.638292,conditional_non_push,,market_consensus_no_model,live_snapshot_not_T60,pinnacle,fc563d257045fd9f2d0b4d80,0.4725857480309622,0.4725857480309622,111.60181071192257,-11.601810711922568,2,OK,107,pinnacle,,False,False,-2.5,closest_offered_consensus_to_50pct_no_interpolation
896dcef581e17a733e4851b5,2026-09-06T21:09:03.638292+00:00,f6b154b1ff83826321942baec7935c6eac9146e7a89b5c4e72cb75408ba32246,5ad8135dc2b5f27de0b777acd317855a,1,2026-09-15T00:15:00Z,Kansas City Chiefs,Denver Broncos,spreads,spreads,,-3.0,Kansas City Chiefs,-3.0,pinnacle,107,2.0700000000000003,0.46840054221380545,1.0424478613331747,2026-09-06T21:08:57Z,6.638292,conditional_non_push,,market_consensus_no_model,live_snapshot_not_T60,pinnacle,fc563d257045fd9f2d0b4d80,0.4725857480309622,0.4725857480309622,111.60181071192257,-4.6018107119225675,2,OK,107,pinnacle,,False,False,-2.5,closest_offered_consensus_to_50pct_no_interpolation
e49a5f465c7768135dd20f14,2026-09-06T21:09:03.638292+00:00,f6b154b1ff83826321942baec7935c6eac9146e7a89b5c4e72cb75408ba32246,5ad8135dc2b5f27de0b777acd317855a,1,2026-09-15T00:15:00Z,Kansas City Chiefs,Denver Broncos,spreads,alternate_spreads,,3.5,Denver Broncos,-3.5,draftkings,180,2.8,0.3151821864401093,1.1213895332875978,2026-09-06T21:08:21Z,42.638292,conditional_non_push,,market_consensus_no_model,live_snapshot_not_T60,pinnacle,6f6747c5cfe3a4a52abee1dc,0.3032181970708151,0.3032181970708151,229.79551018386107,-49.79551018386107,3,OK,205,pinnacle,,False,False,2.5,closest_offered_consensus_to_50pct_no_interpolation
0ef4a02cab1e1516e06f5d72,2026-09-06T21:09:03.638292+00:00,f6b154b1ff83826321942baec7935c6eac9146e7a89b5c4e72cb75408ba32246,5ad8135dc2b5f27de0b777acd317855a,1,2026-09-15T00:15:00Z,Kansas City Chiefs,Denver Broncos,spreads,alternate_spreads,,3.5,Denver Broncos,-3.5,fanduel,200,3.0,0.29758385879769567,1.1032638428562676,2026-09-06T21:08:54Z,9.638292,conditional_non_push,,market_consensus_no_model,live_snapshot_not_T60,pinnacle,6f6747c5cfe3a4a52abee1dc,0.3032181970708151,0.3032181970708151,229.79551018386107,-29.79551018386107,3,OK,205,pinnacle,,False,False,2.5,closest_offered_consensus_to_50pct_no_interpolation
c7c017987fd6f58888234d96,2026-09-06T21:09:03.638292+00:00,f6b154b1ff83826321942baec7935c6eac9146e7a89b5c4e72cb75408ba32246,5ad8135dc2b5f27de0b777acd317855a,1,2026-09-15T00:15:00Z,Kansas City Chiefs,Denver Broncos,spreads,alternate_spreads,,3.5,Denver Broncos,-3.5,pinnacle,205,3.05,0.30321819707081515,1.0700906686009253,2026-09-06T21:08:57Z,6.638292,conditional_non_push,,market_consensus_no_model,live_snapshot_not_T60,pinnacle,6f6747c5cfe3a4a52abee1dc,0.3032181970708151,0.3032181970708151,229.79551018386107,-24.79551018386107,3,OK,205,pinnacle,,False,False,2.5,closest_offered_consensus_to_50pct_no_interpolation
78fe3afa398726b9eeddd3c1,2026-09-06T21:09:03.638292+00:00,f6b154b1ff83826321942baec7935c6eac9146e7a89b5c4e72cb75408ba32246,5ad8135dc2b5f27de0b777acd317855a,1,2026-09-15T00:15:00Z,Kansas City Chiefs,Denver Broncos,spreads,alternate_spreads,,-3.5,Kansas City Chiefs,-3.5,draftkings,107,2.0700000000000003,0.4463067758207542,1.1088588682346736,2026-09-06T21:08:21Z,42.638292,conditional_non_push,,market_consensus_no_model,live_snapshot_not_T60,pinnacle,30f0798019011967c5a2d9b9,0.43496940825819363,0.43496940825819363,129.90122546880576,-22.901225468805762,3,OK,127,pinnacle,,False,False,-2.5,closest_offered_consensus_to_50pct_no_interpolation
ac531d7d6d9da1fc0cf8d92c,2026-09-06T21:09:03.638292+00:00,f6b154b1ff83826321942baec7935c6eac9146e7a89b5c4e72cb75408ba32246,5ad8135dc2b5f27de0b777acd317855a,1,2026-09-15T00:15:00Z,Kansas City Chiefs,Denver Broncos,spreads,alternate_spreads,,-3.5,Kansas City Chiefs,-3.5,fanduel,114,2.1399999999999997,0.43496940825819363,1.0942076735491515,2026-09-06T21:08:54Z,9.638292,conditional_non_push,,market_consensus_no_model,live_snapshot_not_T60,pinnacle,30f0798019011967c5a2d9b9,0.43496940825819363,0.43496940825819363,129.90122546880576,-15.901225468805762,3,OK,127,pinnacle,,False,False,-2.5,closest_offered_consensus_to_50pct_no_interpolation
16b7ec5701e47e9f5947ff6b,2026-09-06T21:09:03.638292+00:00,f6b154b1ff83826321942baec7935c6eac9146e7a89b5c4e72cb75408ba32246,5ad8135dc2b5f27de0b777acd317855a,1,2026-09-15T00:15:00Z,Kansas City Chiefs,Denver Broncos,spreads,alternate_spreads,,-3.5,Kansas City Chiefs,-3.5,pinnacle,127,2.27,0.4240946556183001,1.0463768091490477,2026-09-06T21:08:57Z,6.638292,conditional_non_push,,market_consensus_no_model,live_snapshot_not_T60,pinnacle,30f0798019011967c5a2d9b9,0.43496940825819363,0.43496940825819363,129.90122546880576,-2.9012254688057624,3,OK,127,pinnacle,,False,False,-2.5,closest_offered_consensus_to_50pct_no_interpolation
2775db36bbe8811b296f7c9f,2026-09-06T21:09:03.638292+00:00,f6b154b1ff83826321942baec7935c6eac9146e7a89b5c4e72cb75408ba32246,5ad8135dc2b5f27de0b777acd317855a,1,2026-09-15T00:15:00Z,Kansas City Chiefs,Denver Broncos,spreads,alternate_spreads,,-4.0,Kansas City Chiefs,-4.0,pinnacle,135,2.35,0.40654147874770885,1.053433016472888,2026-09-06T21:08:57Z,6.638292,conditional_non_push,,market_consensus_no_model,live_snapshot_not_T60,pinnacle,a1e615e34b9f4f5985a6f28b,0.40654147874770885,0.40654147874770885,145.97736080469642,-10.977360804696417,1,FEWER_THAN_TWO_BOOKS,135,pinnacle,,False,False,-2.5,closest_offered_consensus_to_50pct_no_interpolation
5510c7d3cb49e0b0dd89a509,2026-09-06T21:09:03.638292+00:00,f6b154b1ff83826321942baec7935c6eac9146e7a89b5c4e72cb75408ba32246,5ad8135dc2b5f27de0b777acd317855a,1,2026-09-15T00:15:00Z,Kansas City Chiefs,Denver Broncos,spreads,alternate_spreads,,4.5,Denver Broncos,-4.5,draftkings,205,3.05,0.2854419689711948,1.124266678006979,2026-09-06T21:08:21Z,42.638292,conditional_non_push,,market_consensus_no_model,live_snapshot_not_T60,pinnacle,79a5a9d6be349b7e4c8cd579,0.27591272638125436,0.27591272638125436,262.4334452112972,-57.433445211297226,2,OK,230,fanduel,,False,False,2.5,closest_offered_consensus_to_50pct_no_interpolation
97498146e122dab0692417d8,2026-09-06T21:09:03.638292+00:00,f6b154b1ff83826321942baec7935c6eac9146e7a89b5c4e72cb75408ba32246,5ad8135dc2b5f27de0b777acd317855a,1,2026-09-15T00:15:00Z,Kansas City Chiefs,Denver Broncos,spreads,alternate_spreads,,4.5,Denver Broncos,-4.5,fanduel,230,3.3,0.266383483791314,1.107960001549078,2026-09-06T21:08:54Z,9.638292,conditional_non_push,,market_consensus_no_model,live_snapshot_not_T60,pinnacle,79a5a9d6be349b7e4c8cd579,0.27591272638125436,0.27591272638125436,262.4334452112972,-32.433445211297226,2,OK,230,fanduel,,False,False,2.5,closest_offered_consensus_to_50pct_no_interpolation
b1a1c3be782e7e9dcc709420,2026-09-06T21:09:03.638292+00:00,f6b154b1ff83826321942baec7935c6eac9146e7a89b5c4e72cb75408ba32246,5ad8135dc2b5f27de0b777acd317855a,1,2026-09-15T00:15:00Z,Kansas City Chiefs,Denver Broncos,spreads,alternate_spreads,,-4.5,Kansas City Chiefs,-4.5,draftkings,119,2.19,0.41851279667924746,1.1111699152636367,2026-09-06T21:08:21Z,42.638292,conditional_non_push,,market_consensus_no_model,live_snapshot_not_T60,pinnacle,fa427340f3d8e5a4e07fb057,0.4025592895517053,0.4025592895517053,148.4106132822352,-29.410613282235204,3,OK,142,pinnacle,,False,False,-2.5,closest_offered_consensus_to_50pct_no_interpolation
58f13b759049d95d89d2f8ca,2026-09-06T21:09:03.638292+00:00,f6b154b1ff83826321942baec7935c6eac9146e7a89b5c4e72cb75408ba32246,5ad8135dc2b5f27de0b777acd317855a,1,2026-09-15T00:15:00Z,Kansas City Chiefs,Denver Broncos,spreads,alternate_spreads,,-4.5,Kansas City Chiefs,-4.5,fanduel,130,2.3,0.4025592895517053,1.0924515828702486,2026-09-06T21:08:54Z,9.638292,conditional_non_push,,market_consensus_no_model,live_snapshot_not_T60,pinnacle,fa427340f3d8e5a4e07fb057,0.4025592895517053,0.4025592895517053,148.4106132822352,-18.410613282235204,3,OK,142,pinnacle,,False,False,-2.5,closest_offered_consensus_to_50pct_no_interpolation
db875ed7fe3d9d982942a446,2026-09-06T21:09:03.638292+00:00,f6b154b1ff83826321942baec7935c6eac9146e7a89b5c4e72cb75408ba32246,5ad8135dc2b5f27de0b777acd317855a,1,2026-09-15T00:15:00Z,Kansas City Chiefs,Denver Broncos,spreads,alternate_spreads,,-4.5,Kansas City Chiefs,-4.5,pinnacle,142,2.42,0.39268491001389066,1.0576850833448694,2026-09-06T21:08:57Z,6.638292,conditional_non_push,,market_consensus_no_model,live_snapshot_not_T60,pinnacle,fa427340f3d8e5a4e07fb057,0.4025592895517053,0.4025592895517053,148.4106132822352,-6.410613282235204,3,OK,142,pinnacle,,False,False,-2.5,closest_offered_consensus_to_50pct_no_interpolation
febf77f983e0039e90ba5303,2026-09-06T21:09:03.638292+00:00,f6b154b1ff83826321942baec7935c6eac9146e7a89b5c4e72cb75408ba32246,5ad8135dc2b5f27de0b777acd317855a,1,2026-09-15T00:15:00Z,Kansas City Chiefs,Denver Broncos,spreads,alternate_spreads,,5.5,Denver Broncos,-5.5,draftkings,223,3.23,0.2661923559824706,1.1288326250092582,2026-09-06T21:08:21Z,42.638292,conditional_non_push,,market_consensus_no_model,live_snapshot_not_T60,pinnacle,6cc4175c48ebd060f4b8bf0b,0.25754665585769554,0.25754665585769554,288.2791631169688,-65.27916311696879,2,OK,250,fanduel,,False,False,2.5,closest_offered_consensus_to_50pct_no_interpolation
ead2cf213da447698d52772e,2026-09-06T21:09:03.638292+00:00,f6b154b1ff83826321942baec7935c6eac9146e7a89b5c4e72cb75408ba32246,5ad8135dc2b5f27de0b777acd317855a,1,2026-09-15T00:15:00Z,Kansas City Chiefs,Denver Broncos,spreads,alternate_spreads,,5.5,Denver Broncos,-5.5,fanduel,250,3.5,0.24890095573292048,1.1101064325515178,2026-09-06T21:08:54Z,9.638292,conditional_non_push,,market_consensus_no_model,live_snapshot_not_T60,pinnacle,6cc4175c48ebd060f4b8bf0b,0.25754665585769554,0.25754665585769554,288.2791631169688,-38.27916311696879,2,OK,250,fanduel,,False,False,2.5,closest_offered_consensus_to_50pct_no_interpolation
5d3aa62451be3b17b3cc6e9d,2026-09-06T21:09:03.638292+00:00,f6b154b1ff83826321942baec7935c6eac9146e7a89b5c4e72cb75408ba32246,5ad8135dc2b5f27de0b777acd317855a,1,2026-09-15T00:15:00Z,Kansas City Chiefs,Denver Broncos,spreads,alternate_spreads,,-5.5,Kansas City Chiefs,-5.5,draftkings,130,2.3,0.3962729171732011,1.1113482789859415,2026-09-06T21:08:21Z,42.638292,conditional_non_push,,market_consensus_no_model,live_snapshot_not_T60,pinnacle,4e6d89c03999f119ee9e6721,0.3876489514329021,0.3876489514329021,157.96535662062516,-27.96535662062516,2,OK,142,fanduel,,False,False,-2.5,closest_offered_consensus_to_50pct_no_interpolation
79fa6de9ce2ae725c803afbd,2026-09-06T21:09:03.638292+00:00,f6b154b1ff83826321942baec7935c6eac9146e7a89b5c4e72cb75408ba32246,5ad8135dc2b5f27de0b777acd317855a,1,2026-09-15T00:15:00Z,Kansas City Chiefs,Denver Broncos,spreads,alternate_spreads,,-5.5,Kansas City Chiefs,-5.5,fanduel,142,2.42,0.3790249856926033,1.0977469828517519,2026-09-06T21:08:54Z,9.638292,conditional_non_push,,market_consensus_no_model,live_snapshot_not_T60,pinnacle,4e6d89c03999f119ee9e6721,0.3876489514329021,0.3876489514329021,157.96535662062516,-15.965356620625158,2,OK,142,fanduel,,False,False,-2.5,closest_offered_consensus_to_50pct_no_interpolation
352369df09c7962e6d71d5ae,2026-09-06T21:09:03.638292+00:00,f6b154b1ff83826321942baec7935c6eac9146e7a89b5c4e72cb75408ba32246,5ad8135dc2b5f27de0b777acd317855a,1,2026-09-15T00:15:00Z,Kansas City Chiefs,Denver Broncos,spreads,alternate_spreads,,6.5,Denver Broncos,-6.5,draftkings,251,3.51,0.24036634493648576,1.1353718331677145,2026-09-06T21:08:21Z,42.638292,conditional_non_push,,market_consensus_no_model,live_snapshot_not_T60,pinnacle,edbe49eb6d3f6f15cc4caf25,0.22878063959738093,0.22878063959738093,337.099923210219,-86.099923210219,2,OK,290,fanduel,,False,False,2.5,closest_offered_consensus_to_50pct_no_interpolation
5234be6f34f504e07fe165f9,2026-09-06T21:09:03.638292+00:00,f6b154b1ff83826321942baec7935c6eac9146e7a89b5c4e72cb75408ba32246,5ad8135dc2b5f27de0b777acd317855a,1,2026-09-15T00:15:00Z,Kansas City Chiefs,Denver Broncos,spreads,alternate_spreads,,6.5,Denver Broncos,-6.5,fanduel,290,3.9,0.2171949342582762,1.1219590893115963,2026-09-06T21:08:54Z,9.638292,conditional_non_push,,market_consensus_no_model,live_snapshot_not_T60,pinnacle,edbe49eb6d3f6f15cc4caf25,0.22878063959738093,0.22878063959738093,337.099923210219,-47.099923210219,2,OK,290,fanduel,,False,False,2.5,closest_offered_consensus_to_50pct_no_interpolation
9951691fd379453da4e4a087,2026-09-06T21:09:03.638292+00:00,f6b154b1ff83826321942baec7935c6eac9146e7a89b5c4e72cb75408ba32246,5ad8135dc2b5f27de0b777acd317855a,1,2026-09-15T00:15:00Z,Kansas City Chiefs,Denver Broncos,spreads,alternate_spreads,,-6.5,Kansas City Chiefs,-6.5,draftkings,147,2.4699999999999998,0.3655527696937903,1.1129445176191903,2026-09-06T21:08:21Z,42.638292,conditional_non_push,,market_consensus_no_model,live_snapshot_not_T60,pinnacle,b857421bc31e3dfba588ec99,0.34911009568186085,0.34911009568186085,186.44258999352627,-39.44258999352627,2,OK,172,fanduel,,False,False,-2.5,closest_offered_consensus_to_50pct_no_interpolation
7eb1781be5a0d5c2b6e7411c,2026-09-06T21:09:03.638292+00:00,f6b154b1ff83826321942baec7935c6eac9146e7a89b5c4e72cb75408ba32246,5ad8135dc2b5f27de0b777acd317855a,1,2026-09-15T00:15:00Z,Kansas City Chiefs,Denver Broncos,spreads,alternate_spreads,,-6.5,Kansas City Chiefs,-6.5,fanduel,172,2.7199999999999998,0.33266742166993146,1.0999170058961094,2026-09-06T21:08:54Z,9.638292,conditional_non_push,,market_consensus_no_model,live_snapshot_not_T60,pinnacle,b857421bc31e3dfba588ec99,0.34911009568186085,0.34911009568186085,186.44258999352627,-14.44258999352627,2,OK,172,fanduel,,False,False,-2.5,closest_offered_consensus_to_50pct_no_interpolation
81c9172ce6b64b58f065da0a,2026-09-06T21:09:03.638292+00:00,f6b154b1ff83826321942baec7935c6eac9146e7a89b5c4e72cb75408ba32246,5ad8135dc2b5f27de0b777acd317855a,1,2026-09-15T00:15:00Z,Kansas City Chiefs,Denver Broncos,spreads,alternate_spreads,,7.5,Denver Broncos,-7.5,draftkings,308,4.08,0.19856930194052874,1.1497194894380294,2026-09-06T21:08:21Z,42.638292,conditional_non_push,,market_consensus_no_model,live_snapshot_not_T60,pinnacle,2a46acdfb929c8da3bce168f,0.18477615134825368,0.18477615134825368,441.1953830098275,-133.19538300982748,2,OK,370,fanduel,,False,False,2.5,closest_offered_consensus_to_50pct_no_interpolation
9a4fb4677e19686bf04153ee,2026-09-06T21:09:03.638292+00:00,f6b154b1ff83826321942baec7935c6eac9146e7a89b5c4e72cb75408ba32246,5ad8135dc2b5f27de0b777acd317855a,1,2026-09-15T00:15:00Z,Kansas City Chiefs,Denver Broncos,spreads,alternate_spreads,,7.5,Denver Broncos,-7.5,fanduel,370,4.7,0.1709830007559787,1.1412728909219871,2026-09-06T21:08:54Z,9.638292,conditional_non_push,,market_consensus_no_model,live_snapshot_not_T60,pinnacle,2a46acdfb929c8da3bce168f,0.18477615134825368,0.18477615134825368,441.1953830098275,-71.19538300982748,2,OK,370,fanduel,,False,False,2.5,closest_offered_consensus_to_50pct_no_interpolation
547c0e2d387c272ebed846da,2026-09-06T21:09:03.638292+00:00,f6b154b1ff83826321942baec7935c6eac9146e7a89b5c4e72cb75408ba32246,5ad8135dc2b5f27de0b777acd317855a,1,2026-09-15T00:15:00Z,Kansas City Chiefs,Denver Broncos,spreads,alternate_spreads,,-7.5,Kansas City Chiefs,-7.5,draftkings,180,2.8,0.3156993371424099,1.1197972414126194,2026-09-06T21:08:21Z,42.638292,conditional_non_push,,market_consensus_no_model,live_snapshot_not_T60,pinnacle,1356624c9b2ce9cbdd5f7280,0.2899668500847166,0.2899668500847166,244.86700797275287,-64.86700797275287,3,OK,220,fanduel,,False,False,-2.5,closest_offered_consensus_to_50pct_no_interpolation
0e412050736a8a0e631d45d7,2026-09-06T21:09:03.638292+00:00,f6b154b1ff83826321942baec7935c6eac9146e7a89b5c4e72cb75408ba32246,5ad8135dc2b5f27de0b777acd317855a,1,2026-09-15T00:15:00Z,Kansas City Chiefs,Denver Broncos,spreads,alternate_spreads,,-7.5,Kansas City Chiefs,-7.5,fanduel,220,3.2,0.2760512154479574,1.106622508802201,2026-09-06T21:08:54Z,9.638292,conditional_non_push,,market_consensus_no_model,live_snapshot_not_T60,pinnacle,1356624c9b2ce9cbdd5f7280,0.2899668500847166,0.2899668500847166,244.86700797275287,-24.867007972752873,3,OK,220,fanduel,,False,False,-2.5,closest_offered_consensus_to_50pct_no_interpolation
08cb0d1bbf394d54f7cf597f,2026-09-06T21:09:03.638292+00:00,f6b154b1ff83826321942baec7935c6eac9146e7a89b5c4e72cb75408ba32246,5ad8135dc2b5f27de0b777acd317855a,1,2026-09-15T00:15:00Z,Kansas City Chiefs,Denver Broncos,spreads,alternate_spreads,,-7.5,Kansas City Chiefs,-7.5,pinnacle,217,3.17,0.2899668500847167,1.073030057929829,2026-09-06T21:08:57Z,6.638292,conditional_non_push,,market_consensus_no_model,live_snapshot_not_T60,pinnacle,1356624c9b2ce9cbdd5f7280,0.2899668500847166,0.2899668500847166,244.86700797275287,-27.867007972752873,3,OK,220,fanduel,,False,False,-2.5,closest_offered_consensus_to_50pct_no_interpolation
8c16102a80bdb81a2bd01150,2026-09-06T21:09:03.638292+00:00,f6b154b1ff83826321942baec7935c6eac9146e7a89b5c4e72cb75408ba32246,5ad8135dc2b5f27de0b777acd317855a,1,2026-09-15T00:15:00Z,Kansas City Chiefs,Denver Broncos,spreads,alternate_spreads,,8.5,Denver Broncos,-8.5,draftkings,341,4.41,0.1794065335431572,1.1578477100307527,2026-09-06T21:08:21Z,42.638292,conditional_non_push,,market_consensus_no_model,live_snapshot_not_T60,pinnacle,2e728c89fe199c340c30643d,0.16347321233471185,0.16347321233471185,511.72101882508883,-170.72101882508883,2,OK,430,fanduel,,False,False,2.5,closest_offered_consensus_to_50pct_no_interpolation
17122c601316b74e81dbef8c,2026-09-06T21:09:03.638292+00:00,f6b154b1ff83826321942baec7935c6eac9146e7a89b5c4e72cb75408ba32246,5ad8135dc2b5f27de0b777acd317855a,1,2026-09-15T00:15:00Z,Kansas City Chiefs,Denver Broncos,spreads,alternate_spreads,,8.5,Denver Broncos,-8.5,fanduel,430,5.3,0.14753989112626653,1.1474778827208754,2026-09-06T21:08:54Z,9.638292,conditional_non_push,,market_consensus_no_model,live_snapshot_not_T60,pinnacle,2e728c89fe199c340c30643d,0.16347321233471185,0.16347321233471185,511.72101882508883,-81.72101882508883,2,OK,430,fanduel,,False,False,2.5,closest_offered_consensus_to_50pct_no_interpolation
2c39676c9effa014e8543a7c,2026-09-06T21:09:03.638292+00:00,f6b154b1ff83826321942baec7935c6eac9146e7a89b5c4e72cb75408ba32246,5ad8135dc2b5f27de0b777acd317855a,1,2026-09-15T00:15:00Z,Kansas City Chiefs,Denver Broncos,spreads,alternate_spreads,,-8.5,Kansas City Chiefs,-8.5,draftkings,198,2.98,0.2929146058612664,1.124505869079738,2026-09-06T21:08:21Z,42.638292,conditional_non_push,,market_consensus_no_model,live_snapshot_not_T60,pinnacle,cc2714634f676a9e7b46e008,0.2701626011388097,0.2701626011388097,270.14745778458047,-72.14745778458047,2,OK,255,fanduel,,False,False,-2.5,closest_offered_consensus_to_50pct_no_interpolation
308ec49c44d2c5df732e2ced,2026-09-06T21:09:03.638292+00:00,f6b154b1ff83826321942baec7935c6eac9146e7a89b5c4e72cb75408ba32246,5ad8135dc2b5f27de0b777acd317855a,1,2026-09-15T00:15:00Z,Kansas City Chiefs,Denver Broncos,spreads,alternate_spreads,,-8.5,Kansas City Chiefs,-8.5,fanduel,255,3.55,0.24741059641635313,1.102418114993501,2026-09-06T21:08:54Z,9.638292,conditional_non_push,,market_consensus_no_model,live_snapshot_not_T60,pinnacle,cc2714634f676a9e7b46e008,0.2701626011388097,0.2701626011388097,270.14745778458047,-15.147457784580467,2,OK,255,fanduel,,False,False,-2.5,closest_offered_consensus_to_50pct_no_interpolation
b1a22a356d0cc6357c09627e,2026-09-06T21:09:03.638292+00:00,f6b154b1ff83826321942baec7935c6eac9146e7a89b5c4e72cb75408ba32246,5ad8135dc2b5f27de0b777acd317855a,1,2026-09-15T00:15:00Z,Kansas City Chiefs,Denver Broncos,spreads,alternate_spreads,,9.5,Denver Broncos,-9.5,draftkings,364,4.640000000000001,0.16740267253901592,1.1646161627112077,2026-09-06T21:08:21Z,42.638292,conditional_non_push,,market_consensus_no_model,live_snapshot_not_T60,pinnacle,568f41f75a0739e7640d2ed9,0.15345824329971147,0.15345824329971147,551.6430649130727,-187.64306491307275,2,OK,450,fanduel,,False,False,2.5,closest_offered_consensus_to_50pct_no_interpolation
ac528630cb5884f83a9c4625,2026-09-06T21:09:03.638292+00:00,f6b154b1ff83826321942baec7935c6eac9146e7a89b5c4e72cb75408ba32246,5ad8135dc2b5f27de0b777acd317855a,1,2026-09-15T00:15:00Z,Kansas City Chiefs,Denver Broncos,spreads,alternate_spreads,,9.5,Denver Broncos,-9.5,fanduel,450,5.5,0.13951381406040705,1.1553564224932553,2026-09-06T21:08:54Z,9.638292,conditional_non_push,,market_consensus_no_model,live_snapshot_not_T60,pinnacle,568f41f75a0739e7640d2ed9,0.15345824329971147,0.15345824329971147,551.6430649130727,-101.64306491307275,2,OK,450,fanduel,,False,False,2.5,closest_offered_consensus_to_50pct_no_interpolation
bf50117cf58be46d648ba8d0,2026-09-06T21:09:03.638292+00:00,f6b154b1ff83826321942baec7935c6eac9146e7a89b5c4e72cb75408ba32246,5ad8135dc2b5f27de0b777acd317855a,1,2026-09-15T00:15:00Z,Kansas City Chiefs,Denver Broncos,spreads,alternate_spreads,,-9.5,Kansas City Chiefs,-9.5,draftkings,212,3.12,0.27750846422035924,1.1266186184737248,2026-09-06T21:08:21Z,42.638292,conditional_non_push,,market_consensus_no_model,live_snapshot_not_T60,pinnacle,75f30adaea35a314c00288ae,0.25618310537737093,0.25618310537737093,290.3458030641593,-78.34580306415933,2,OK,265,fanduel,,False,False,-2.5,closest_offered_consensus_to_50pct_no_interpolation
51abd9d6802dc6913ecf3995,2026-09-06T21:09:03.638292+00:00,f6b154b1ff83826321942baec7935c6eac9146e7a89b5c4e72cb75408ba32246,5ad8135dc2b5f27de0b777acd317855a,1,2026-09-15T00:15:00Z,Kansas City Chiefs,Denver Broncos,spreads,alternate_spreads,,-9.5,Kansas City Chiefs,-9.5,fanduel,265,3.65,0.23485774653438263,1.1189811400301246,2026-09-06T21:08:54Z,9.638292,conditional_non_push,,market_consensus_no_model,live_snapshot_not_T60,pinnacle,75f30adaea35a314c00288ae,0.25618310537737093,0.25618310537737093,290.3458030641593,-25.345803064159327,2,OK,265,fanduel,,False,False,-2.5,closest_offered_consensus_to_50pct_no_interpolation
2f03dbc8178c0a7008148731,2026-09-06T21:09:03.638292+00:00,f6b154b1ff83826321942baec7935c6eac9146e7a89b5c4e72cb75408ba32246,5ad8135dc2b5f27de0b777acd317855a,1,2026-09-15T00:15:00Z,Kansas City Chiefs,Denver Broncos,spreads,alternate_spreads,,-1.5,Denver Broncos,1.5,draftkings,103,2.0300000000000002,0.455732205145605,1.1099013907280169,2026-09-06T21:08:21Z,42.638292,conditional_non_push,,market_consensus_no_model,live_snapshot_not_T60,pinnacle,206484ad4487c549d2c85923,0.455732205145605,0.455732205145605,119.42710844420206,-16.427108444202062,3,OK,115,pinnacle,,False,False,2.5,closest_offered_consensus_to_50pct_no_interpolation
dee47e76d5d9526d02b91ef3,2026-09-06T21:09:03.638292+00:00,f6b154b1ff83826321942baec7935c6eac9146e7a89b5c4e72cb75408ba32246,5ad8135dc2b5f27de0b777acd317855a,1,2026-09-15T00:15:00Z,Kansas City Chiefs,Denver Broncos,spreads,alternate_spreads,,-1.5,Denver Broncos,1.5,fanduel,104,2.04,0.45945109137499585,1.0908520811334959,2026-09-06T21:08:54Z,9.638292,conditional_non_push,,market_consensus_no_model,live_snapshot_not_T60,pinnacle,206484ad4487c549d2c85923,0.455732205145605,0.455732205145605,119.42710844420206,-15.427108444202062,3,OK,115,pinnacle,,False,False,2.5,closest_offered_consensus_to_50pct_no_interpolation
762de884e5b8df1a78df3f7d,2026-09-06T21:09:03.638292+00:00,f6b154b1ff83826321942baec7935c6eac9146e7a89b5c4e72cb75408ba32246,5ad8135dc2b5f27de0b777acd317855a,1,2026-09-15T00:15:00Z,Kansas City Chiefs,Denver Broncos,spreads,alternate_spreads,,-1.5,Denver Broncos,1.5,pinnacle,115,2.15,0.446243602284466,1.0541138872054372,2026-09-06T21:08:57Z,6.638292,conditional_non_push,,market_consensus_no_model,live_snapshot_not_T60,pinnacle,206484ad4487c549d2c85923,0.455732205145605,0.455732205145605,119.42710844420206,-4.427108444202062,3,OK,115,pinnacle,,False,False,2.5,closest_offered_consensus_to_50pct_no_interpolation
a04707d5717412abe8fc56af,2026-09-06T21:09:03.638292+00:00,f6b154b1ff83826321942baec7935c6eac9146e7a89b5c4e72cb75408ba32246,5ad8135dc2b5f27de0b777acd317855a,1,2026-09-15T00:15:00Z,Kansas City Chiefs,Denver Broncos,spreads,alternate_spreads,,1.5,Kansas City Chiefs,1.5,draftkings,-171,1.5847953216374269,0.5996431374236536,1.1106846011737792,2026-09-06T21:08:21Z,42.638292,conditional_non_push,,market_consensus_no_model,live_snapshot_not_T60,pinnacle,d21a68d5033fdbb0e0fda926,0.6026169496082763,0.6026169496082763,-151.6463646384116,-19.353635361588402,2,OK,-171,draftkings,,False,False,-2.5,closest_offered_consensus_to_50pct_no_interpolation
fc1e7711bcdbb58078121b4a,2026-09-06T21:09:03.638292+00:00,f6b154b1ff83826321942baec7935c6eac9146e7a89b5c4e72cb75408ba32246,5ad8135dc2b5f27de0b777acd317855a,1,2026-09-15T00:15:00Z,Kansas City Chiefs,Denver Broncos,spreads,alternate_spreads,,1.5,Kansas City Chiefs,1.5,fanduel,-172,1.5813953488372094,0.605590761792899,1.0943541916396593,2026-09-06T21:08:54Z,9.638292,conditional_non_push,,market_consensus_no_model,live_snapshot_not_T60,pinnacle,d21a68d5033fdbb0e0fda926,0.6026169496082763,0.6026169496082763,-151.6463646384116,-20.353635361588402,2,OK,-171,draftkings,,False,False,-2.5,closest_offered_consensus_to_50pct_no_interpolation
27296f81a75bf675f5caad4f,2026-09-06T21:09:03.638292+00:00,f6b154b1ff83826321942baec7935c6eac9146e7a89b5c4e72cb75408ba32246,5ad8135dc2b5f27de0b777acd317855a,1,2026-09-15T00:15:00Z,Kansas City Chiefs,Denver Broncos,spreads,alternate_spreads,,-10.5,Denver Broncos,10.5,draftkings,-356,1.2808988764044944,0.7552439844602847,1.1339152798712866,2026-09-06T21:08:21Z,42.638292,conditional_non_push,,market_consensus_no_model,live_snapshot_not_T60,pinnacle,02d24647bb1b08cd3206a06a,0.7749691130746426,0.7749691130746426,-344.3834416080399,-11.616558391960098,2,OK,-356,draftkings,,False,False,2.5,closest_offered_consensus_to_50pct_no_interpolation
e3563333494316c2a42a9eaf,2026-09-06T21:09:03.638292+00:00,f6b154b1ff83826321942baec7935c6eac9146e7a89b5c4e72cb75408ba32246,5ad8135dc2b5f27de0b777acd317855a,1,2026-09-15T00:15:00Z,Kansas City Chiefs,Denver Broncos,spreads,alternate_spreads,,-10.5,Denver Broncos,10.5,fanduel,-440,1.2272727272727273,0.7946942416890005,1.1220903782773077,2026-09-06T21:08:54Z,9.638292,conditional_non_push,,market_consensus_no_model,live_snapshot_not_T60,pinnacle,02d24647bb1b08cd3206a06a,0.7749691130746426,0.7749691130746426,-344.3834416080399,-95.6165583919601,2,OK,-356,draftkings,,False,False,2.5,closest_offered_consensus_to_50pct_no_interpolation
664b5c62849ceb5b18336afa,2026-09-06T21:09:03.638292+00:00,f6b154b1ff83826321942baec7935c6eac9146e7a89b5c4e72cb75408ba32246,5ad8135dc2b5f27de0b777acd317855a,1,2026-09-15T00:15:00Z,Kansas City Chiefs,Denver Broncos,spreads,alternate_spreads,,10.5,Kansas City Chiefs,10.5,draftkings,-730,1.1369863013698631,0.8589823122299014,1.1840284077189307,2026-09-06T21:08:21Z,42.638292,conditional_non_push,,market_consensus_no_model,live_snapshot_not_T60,pinnacle,0cdf957c889be33a07770c15,0.8737238407067744,0.8737238407067744,-691.9151212683801,-38.08487873161994,2,OK,-730,draftkings,,False,False,-2.5,closest_offered_consensus_to_50pct_no_interpolation
99ea6b5255dd5bace4807c38,2026-09-06T21:09:03.638292+00:00,f6b154b1ff83826321942baec7935c6eac9146e7a89b5c4e72cb75408ba32246,5ad8135dc2b5f27de0b777acd317855a,1,2026-09-15T00:15:00Z,Kansas City Chiefs,Denver Broncos,spreads,alternate_spreads,,10.5,Kansas City Chiefs,10.5,fanduel,-950,1.1052631578947367,0.8884653691836476,1.1816099340774073,2026-09-06T21:08:54Z,9.638292,conditional_non_push,,market_consensus_no_model,live_snapshot_not_T60,pinnacle,0cdf957c889be33a07770c15,0.8737238407067744,0.8737238407067744,-691.9151212683801,-258.08487873161994,2,OK,-730,draftkings,,False,False,-2.5,closest_offered_consensus_to_50pct_no_interpolation
840b237670cfc8b418ecd2aa,2026-09-06T21:09:03.638292+00:00,f6b154b1ff83826321942baec7935c6eac9146e7a89b5c4e72cb75408ba32246,5ad8135dc2b5f27de0b777acd317855a,1,2026-09-15T00:15:00Z,Kansas City Chiefs,Denver Broncos,spreads,alternate_spreads,,-11.5,Denver Broncos,11.5,draftkings,-395,1.2531645569620253,0.7733139668531083,1.1391317878282452,2026-09-06T21:08:21Z,42.638292,conditional_non_push,,market_consensus_no_model,live_snapshot_not_T60,pinnacle,1603f83c0b776d527459f358,0.7933426780462678,0.7933426780462678,-383.8928476117031,-11.107152388296925,2,OK,-395,draftkings,,False,False,2.5,closest_offered_consensus_to_50pct_no_interpolation
29f42ef88420de40b9cc0f62,2026-09-06T21:09:03.638292+00:00,f6b154b1ff83826321942baec7935c6eac9146e7a89b5c4e72cb75408ba32246,5ad8135dc2b5f27de0b777acd317855a,1,2026-09-15T00:15:00Z,Kansas City Chiefs,Denver Broncos,spreads,alternate_spreads,,-11.5,Denver Broncos,11.5,fanduel,-500,1.2,0.8133713892394274,1.1329842945702202,2026-09-06T21:08:54Z,9.638292,conditional_non_push,,market_consensus_no_model,live_snapshot_not_T60,pinnacle,1603f83c0b776d527459f358,0.7933426780462678,0.7933426780462678,-383.8928476117031,-116.10715238829692,2,OK,-395,draftkings,,False,False,2.5,closest_offered_consensus_to_50pct_no_interpolation
356aed5d9d522480faae2f70,2026-09-06T21:09:03.638292+00:00,f6b154b1ff83826321942baec7935c6eac9146e7a89b5c4e72cb75408ba32246,5ad8135dc2b5f27de0b777acd317855a,1,2026-09-15T00:15:00Z,Kansas City Chiefs,Denver Broncos,spreads,alternate_spreads,,11.5,Kansas City Chiefs,11.5,draftkings,-840,1.119047619047619,0.8741576796871373,1.1957407481893467,2026-09-06T21:08:21Z,42.638292,conditional_non_push,,market_consensus_no_model,live_snapshot_not_T60,pinnacle,4899fb0fa4a8751a001f7410,0.883669700105923,0.883669700105923,-759.6212688444344,-80.37873115556556,2,OK,-840,draftkings,,False,False,-2.5,closest_offered_consensus_to_50pct_no_interpolation
5070cf9171445634a55f35c5,2026-09-06T21:09:03.638292+00:00,f6b154b1ff83826321942baec7935c6eac9146e7a89b5c4e72cb75408ba32246,5ad8135dc2b5f27de0b777acd317855a,1,2026-09-15T00:15:00Z,Kansas City Chiefs,Denver Broncos,spreads,alternate_spreads,,11.5,Kansas City Chiefs,11.5,fanduel,-1000,1.1,0.8931817205247089,1.1852377638063105,2026-09-06T21:08:54Z,9.638292,conditional_non_push,,market_consensus_no_model,live_snapshot_not_T60,pinnacle,4899fb0fa4a8751a001f7410,0.883669700105923,0.883669700105923,-759.6212688444344,-240.37873115556556,2,OK,-840,draftkings,,False,False,-2.5,closest_offered_consensus_to_50pct_no_interpolation
515037a87c39c59f02985c53,2026-09-06T21:09:03.638292+00:00,f6b154b1ff83826321942baec7935c6eac9146e7a89b5c4e72cb75408ba32246,5ad8135dc2b5f27de0b777acd317855a,1,2026-09-15T00:15:00Z,Kansas City Chiefs,Denver Broncos,spreads,alternate_spreads,,-12.5,Denver Broncos,12.5,draftkings,-436,1.2293577981651376,0.7894645572706486,1.1448406384607286,2026-09-06T21:08:21Z,42.638292,conditional_non_push,,market_consensus_no_model,live_snapshot_not_T60,pinnacle,97bfcc4a1a47083692486dba,0.8058751252596312,0.8058751252596312,-415.13233496605955,-20.867665033940455,2,OK,-436,draftkings,,False,False,2.5,closest_offered_consensus_to_50pct_no_interpolation
8f7c400f3eddbf1212f5e793,2026-09-06T21:09:03.638292+00:00,f6b154b1ff83826321942baec7935c6eac9146e7a89b5c4e72cb75408ba32246,5ad8135dc2b5f27de0b777acd317855a,1,2026-09-15T00:15:00Z,Kansas City Chiefs,Denver Broncos,spreads,alternate_spreads,,-12.5,Denver Broncos,12.5,fanduel,-530,1.1886792452830188,0.8222856932486139,1.132053930386304,2026-09-06T21:08:54Z,9.638292,conditional_non_push,,market_consensus_no_model,live_snapshot_not_T60,pinnacle,97bfcc4a1a47083692486dba,0.8058751252596312,0.8058751252596312,-415.13233496605955,-114.86766503394045,2,OK,-436,draftkings,,False,False,2.5,closest_offered_consensus_to_50pct_no_interpolation
7767edc7985764727c4d817a,2026-09-06T21:09:03.638292+00:00,f6b154b1ff83826321942baec7935c6eac9146e7a89b5c4e72cb75408ba32246,5ad8135dc2b5f27de0b777acd317855a,1,2026-09-15T00:15:00Z,Kansas City Chiefs,Denver Broncos,spreads,alternate_spreads,,12.5,Kansas City Chiefs,12.5,draftkings,-950,1.1052631578947367,0.8863220766600601,1.2057424723175463,2026-09-06T21:08:21Z,42.638292,conditional_non_push,,market_consensus_no_model,live_snapshot_not_T60,pinnacle,2ed5ff421d1ccae8350b32da,0.8973035571534564,0.8973035571534564,-873.7435613950837,-76.2564386049163,2,OK,-950,draftkings,,False,False,-2.5,closest_offered_consensus_to_50pct_no_interpolation
87d7e1d2b6f76851961c2127,2026-09-06T21:09:03.638292+00:00,f6b154b1ff83826321942baec7935c6eac9146e7a89b5c4e72cb75408ba32246,5ad8135dc2b5f27de0b777acd317855a,1,2026-09-15T00:15:00Z,Kansas City Chiefs,Denver Broncos,spreads,alternate_spreads,,12.5,Kansas City Chiefs,12.5,fanduel,-1200,1.0833333333333333,0.9082850376468526,1.2018213067191894,2026-09-06T21:08:54Z,9.638292,conditional_non_push,,market_consensus_no_model,live_snapshot_not_T60,pinnacle,2ed5ff421d1ccae8350b32da,0.8973035571534564,0.8973035571534564,-873.7435613950837,-326.2564386049163,2,OK,-950,draftkings,,False,False,-2.5,closest_offered_consensus_to_50pct_no_interpolation
f45d9fdea50dbe9b8b5bf900,2026-09-06T21:09:03.638292+00:00,f6b154b1ff83826321942baec7935c6eac9146e7a89b5c4e72cb75408ba32246,5ad8135dc2b5f27de0b777acd317855a,1,2026-09-15T00:15:00Z,Kansas City Chiefs,Denver Broncos,spreads,alternate_spreads,,-13.5,Denver Broncos,13.5,draftkings,-486,1.205761316872428,0.8062194919039971,1.1511833102434474,2026-09-06T21:08:21Z,42.638292,conditional_non_push,,market_consensus_no_model,live_snapshot_not_T60,pinnacle,849fffb7ecba04d321cee1f7,0.8274973146858084,0.8274973146858084,-479.70112069770283,-6.298879302297166,2,OK,-486,draftkings,,False,False,2.5,closest_offered_consensus_to_50pct_no_interpolation
1ac5d7642f4ee557475c5214,2026-09-06T21:09:03.638292+00:00,f6b154b1ff83826321942baec7935c6eac9146e7a89b5c4e72cb75408ba32246,5ad8135dc2b5f27de0b777acd317855a,1,2026-09-15T00:15:00Z,Kansas City Chiefs,Denver Broncos,spreads,alternate_spreads,,-13.5,Denver Broncos,13.5,fanduel,-650,1.1538461538461537,0.8487751374676201,1.1457723052543067,2026-09-06T21:08:54Z,9.638292,conditional_non_push,,market_consensus_no_model,live_snapshot_not_T60,pinnacle,849fffb7ecba04d321cee1f7,0.8274973146858084,0.8274973146858084,-479.70112069770283,-170.29887930229717,2,OK,-486,draftkings,,False,False,2.5,closest_offered_consensus_to_50pct_no_interpolation
43ebd18d651e57f0af2f2877,2026-09-06T21:09:03.638292+00:00,f6b154b1ff83826321942baec7935c6eac9146e7a89b5c4e72cb75408ba32246,5ad8135dc2b5f27de0b777acd317855a,1,2026-09-15T00:15:00Z,Kansas City Chiefs,Denver Broncos,spreads,alternate_spreads,,13.5,Kansas City Chiefs,13.5,draftkings,-1120,1.0892857142857142,0.9005358121480721,1.2250079922373067,2026-09-06T21:08:21Z,42.638292,conditional_non_push,,market_consensus_no_model,live_snapshot_not_T60,pinnacle,b5af59da845e084ad6fdb287,0.911065048180124,0.911065048180124,-1024.4173179801633,-95.58268201983674,2,OK,-1120,draftkings,,False,False,-2.5,closest_offered_consensus_to_50pct_no_interpolation
efdbfea1a8d82ff566279c8f,2026-09-06T21:09:03.638292+00:00,f6b154b1ff83826321942baec7935c6eac9146e7a89b5c4e72cb75408ba32246,5ad8135dc2b5f27de0b777acd317855a,1,2026-09-15T00:15:00Z,Kansas City Chiefs,Denver Broncos,spreads,alternate_spreads,,13.5,Kansas City Chiefs,13.5,fanduel,-1450,1.0689655172413792,0.9215942842121764,1.22429911964233,2026-09-06T21:08:54Z,9.638292,conditional_non_push,,market_consensus_no_model,live_snapshot_not_T60,pinnacle,b5af59da845e084ad6fdb287,0.911065048180124,0.911065048180124,-1024.4173179801633,-425.58268201983674,2,OK,-1120,draftkings,,False,False,-2.5,closest_offered_consensus_to_50pct_no_interpolation
017941c33417ccbc804422c5,2026-09-06T21:09:03.638292+00:00,f6b154b1ff83826321942baec7935c6eac9146e7a89b5c4e72cb75408ba32246,5ad8135dc2b5f27de0b777acd317855a,1,2026-09-15T00:15:00Z,Kansas City Chiefs,Denver Broncos,spreads,alternate_spreads,,-14.5,Denver Broncos,14.5,draftkings,-600,1.1666666666666667,0.8356072726668391,1.165071383481692,2026-09-06T21:08:21Z,42.638292,conditional_non_push,,market_consensus_no_model,live_snapshot_not_T60,pinnacle,b8bf16efe45640088b6481c5,0.8535714308694211,0.8535714308694211,-582.9268399858786,-17.073160014121413,2,OK,-600,draftkings,,False,False,2.5,closest_offered_consensus_to_50pct_no_interpolation
0c0c5358fb15ad2c1103d0c8,2026-09-06T21:09:03.638292+00:00,f6b154b1ff83826321942baec7935c6eac9146e7a89b5c4e72cb75408ba32246,5ad8135dc2b5f27de0b777acd317855a,1,2026-09-15T00:15:00Z,Kansas City Chiefs,Denver Broncos,spreads,alternate_spreads,,-14.5,Denver Broncos,14.5,fanduel,-800,1.125,0.8715355890720035,1.167388644028101,2026-09-06T21:08:54Z,9.638292,conditional_non_push,,market_consensus_no_model,live_snapshot_not_T60,pinnacle,b8bf16efe45640088b6481c5,0.8535714308694211,0.8535714308694211,-582.9268399858786,-217.0731600141214,2,OK,-600,draftkings,,False,False,2.5,closest_offered_consensus_to_50pct_no_interpolation
4320f4bdab21bf44b38a0344,2026-09-06T21:09:03.638292+00:00,f6b154b1ff83826321942baec7935c6eac9146e7a89b5c4e72cb75408ba32246,5ad8135dc2b5f27de0b777acd317855a,1,2026-09-15T00:15:00Z,Kansas City Chiefs,Denver Broncos,spreads,alternate_spreads,,14.5,Kansas City Chiefs,14.5,draftkings,-1480,1.0675675675675675,0.9209520390988654,1.259465336464903,2026-09-06T21:08:21Z,42.638292,conditional_non_push,,market_consensus_no_model,live_snapshot_not_T60,pinnacle,2b7f9aa44d78228a2e788f0d,0.9305884015072708,0.9305884015072708,-1340.6814159520468,-139.3185840479532,2,OK,-1480,draftkings,,False,False,-2.5,closest_offered_consensus_to_50pct_no_interpolation
f23c5c3c9192338bb5791fc1,2026-09-06T21:09:03.638292+00:00,f6b154b1ff83826321942baec7935c6eac9146e7a89b5c4e72cb75408ba32246,5ad8135dc2b5f27de0b777acd317855a,1,2026-09-15T00:15:00Z,Kansas City Chiefs,Denver Broncos,spreads,alternate_spreads,,14.5,Kansas City Chiefs,14.5,fanduel,-2000,1.05,0.9402247639156768,1.263294002000563,2026-09-06T21:08:54Z,9.638292,conditional_non_push,,market_consensus_no_model,live_snapshot_not_T60,pinnacle,2b7f9aa44d78228a2e788f0d,0.9305884015072708,0.9305884015072708,-1340.6814159520468,-659.3185840479532,2,OK,-1480,draftkings,,False,False,-2.5,closest_offered_consensus_to_50pct_no_interpolation
a8bb3084340a6f9609aa253b,2026-09-06T21:09:03.638292+00:00,f6b154b1ff83826321942baec7935c6eac9146e7a89b5c4e72cb75408ba32246,5ad8135dc2b5f27de0b777acd317855a,1,2026-09-15T00:15:00Z,Kansas City Chiefs,Denver Broncos,spreads,alternate_spreads,,-15.5,Denver Broncos,15.5,draftkings,-670,1.1492537313432836,0.8492824342580989,1.1743238446029358,2026-09-06T21:08:21Z,42.638292,conditional_non_push,,market_consensus_no_model,live_snapshot_not_T60,pinnacle,8358c74fca0411b95da5d23d,0.8663045176763156,0.8663045176763156,-647.9684299121959,-22.031570087804084,2,OK,-670,draftkings,,False,False,2.5,closest_offered_consensus_to_50pct_no_interpolation
5bed2b3a57bf1f0b7c6348af,2026-09-06T21:09:03.638292+00:00,f6b154b1ff83826321942baec7935c6eac9146e7a89b5c4e72cb75408ba32246,5ad8135dc2b5f27de0b777acd317855a,1,2026-09-15T00:15:00Z,Kansas City Chiefs,Denver Broncos,spreads,alternate_spreads,,-15.5,Denver Broncos,15.5,fanduel,-900,1.1111111111111112,0.8833266010945322,1.1774835129351686,2026-09-06T21:08:54Z,9.638292,conditional_non_push,,market_consensus_no_model,live_snapshot_not_T60,pinnacle,8358c74fca0411b95da5d23d,0.8663045176763156,0.8663045176763156,-647.9684299121959,-252.03157008780408,2,OK,-670,draftkings,,False,False,2.5,closest_offered_consensus_to_50pct_no_interpolation
72cf4f65aa9da0f70992c62c,2026-09-06T21:09:03.638292+00:00,f6b154b1ff83826321942baec7935c6eac9146e7a89b5c4e72cb75408ba32246,5ad8135dc2b5f27de0b777acd317855a,1,2026-09-15T00:15:00Z,Kansas City Chiefs,Denver Broncos,spreads,alternate_spreads,,15.5,Kansas City Chiefs,15.5,draftkings,-1680,1.0595238095238095,0.9287630656412524,1.2781418804719133,2026-09-06T21:08:21Z,42.638292,conditional_non_push,,market_consensus_no_model,live_snapshot_not_T60,pinnacle,b5d99d701cf9ef915fdf0e96,0.9394769416513282,0.9394769416513282,-1552.2628354949047,-127.73716450509528,2,OK,-1680,draftkings,,False,False,-2.5,closest_offered_consensus_to_50pct_no_interpolation
f3e9ceee4aa07750ae6afb92,2026-09-06T21:09:03.638292+00:00,f6b154b1ff83826321942baec7935c6eac9146e7a89b5c4e72cb75408ba32246,5ad8135dc2b5f27de0b777acd317855a,1,2026-09-15T00:15:00Z,Kansas City Chiefs,Denver Broncos,spreads,alternate_spreads,,15.5,Kansas City Chiefs,15.5,fanduel,-2500,1.04,0.9501908176614043,1.302690587533839,2026-09-06T21:08:54Z,9.638292,conditional_non_push,,market_consensus_no_model,live_snapshot_not_T60,pinnacle,b5d99d701cf9ef915fdf0e96,0.9394769416513282,0.9394769416513282,-1552.2628354949047,-947.7371645050953,2,OK,-1680,draftkings,,False,False,-2.5,closest_offered_consensus_to_50pct_no_interpolation
acd50a0d95fb55fcb0c54617,2026-09-06T21:09:03.638292+00:00,f6b154b1ff83826321942baec7935c6eac9146e7a89b5c4e72cb75408ba32246,5ad8135dc2b5f27de0b777acd317855a,1,2026-09-15T00:15:00Z,Kansas City Chiefs,Denver Broncos,spreads,alternate_spreads,,-16.5,Denver Broncos,16.5,draftkings,-760,1.131578947368421,0.8636794915970111,1.1855743686334894,2026-09-06T21:08:21Z,42.638292,conditional_non_push,,market_consensus_no_model,live_snapshot_not_T60,pinnacle,a3adf73ffbfbc883227e30f9,0.8826087225012262,0.8826087225012262,-751.8520466824681,-8.147953317531915,2,OK,-760,draftkings,,False,False,2.5,closest_offered_consensus_to_50pct_no_interpolation
186a94a8c60da53fd6a5261f,2026-09-06T21:09:03.638292+00:00,f6b154b1ff83826321942baec7935c6eac9146e7a89b5c4e72cb75408ba32246,5ad8135dc2b5f27de0b777acd317855a,1,2026-09-15T00:15:00Z,Kansas City Chiefs,Denver Broncos,spreads,alternate_spreads,,-16.5,Denver Broncos,16.5,fanduel,-1100,1.0909090909090908,0.9015379534054418,1.191259586133878,2026-09-06T21:08:54Z,9.638292,conditional_non_push,,market_consensus_no_model,live_snapshot_not_T60,pinnacle,a3adf73ffbfbc883227e30f9,0.8826087225012262,0.8826087225012262,-751.8520466824681,-348.1479533175319,2,OK,-760,draftkings,,False,False,2.5,closest_offered_consensus_to_50pct_no_interpolation
3189207a76be649cc89dbf12,2026-09-06T21:09:03.638292+00:00,f6b154b1ff83826321942baec7935c6eac9146e7a89b5c4e72cb75408ba32246,5ad8135dc2b5f27de0b777acd317855a,1,2026-09-15T00:15:00Z,Kansas City Chiefs,Denver Broncos,spreads,alternate_spreads,,16.5,Kansas City Chiefs,16.5,draftkings,-2000,1.05,0.9384261924414743,1.3025385609034679,2026-09-06T21:08:21Z,42.638292,conditional_non_push,,market_consensus_no_model,live_snapshot_not_T60,pinnacle,dd1eeea92e96bf9c8cb25074,0.9480517432084876,0.9480517432084876,-1824.9924092994513,-175.0075907005487,2,OK,-2000,draftkings,,False,False,-2.5,closest_offered_consensus_to_50pct_no_interpolation
ebe7856d5661b242ce8ceda1,2026-09-06T21:09:03.638292+00:00,f6b154b1ff83826321942baec7935c6eac9146e7a89b5c4e72cb75408ba32246,5ad8135dc2b5f27de0b777acd317855a,1,2026-09-15T00:15:00Z,Kansas City Chiefs,Denver Broncos,spreads,alternate_spreads,,16.5,Kansas City Chiefs,16.5,fanduel,-3000,1.0333333333333334,0.9576772939755013,1.3188363926369235,2026-09-06T21:08:54Z,9.638292,conditional_non_push,,market_consensus_no_model,live_snapshot_not_T60,pinnacle,dd1eeea92e96bf9c8cb25074,0.9480517432084876,0.9480517432084876,-1824.9924092994513,-1175.0075907005487,2,OK,-2000,draftkings,,False,False,-2.5,closest_offered_consensus_to_50pct_no_interpolation
0c49ed46677a3a1415fe90f2,2026-09-06T21:09:03.638292+00:00,f6b154b1ff83826321942baec7935c6eac9146e7a89b5c4e72cb75408ba32246,5ad8135dc2b5f27de0b777acd317855a,1,2026-09-15T00:15:00Z,Kansas City Chiefs,Denver Broncos,spreads,alternate_spreads,,-17.5,Denver Broncos,17.5,draftkings,-940,1.1063829787234043,0.8851532828207758,1.2067174469178448,2026-09-06T21:08:21Z,42.638292,conditional_non_push,,market_consensus_no_model,live_snapshot_not_T60,pinnacle,1e049763c37222fbd5bc1654,0.9033737835164759,0.9033737835164759,-934.9158193216762,-5.084180678323833,2,OK,-940,draftkings,,False,False,2.5,closest_offered_consensus_to_50pct_no_interpolation
86d20492d7e659f783952ed5,2026-09-06T21:09:03.638292+00:00,f6b154b1ff83826321942baec7935c6eac9146e7a89b5c4e72cb75408ba32246,5ad8135dc2b5f27de0b777acd317855a,1,2026-09-15T00:15:00Z,Kansas City Chiefs,Denver Broncos,spreads,alternate_spreads,,-17.5,Denver Broncos,17.5,fanduel,-1450,1.0689655172413792,0.9215942842121764,1.22429911964233,2026-09-06T21:08:54Z,9.638292,conditional_non_push,,market_consensus_no_model,live_snapshot_not_T60,pinnacle,1e049763c37222fbd5bc1654,0.9033737835164759,0.9033737835164759,-934.9158193216762,-515.0841806783238,2,OK,-940,draftkings,,False,False,2.5,closest_offered_consensus_to_50pct_no_interpolation
755fb8800b93089d441e47a5,2026-09-06T21:09:03.638292+00:00,f6b154b1ff83826321942baec7935c6eac9146e7a89b5c4e72cb75408ba32246,5ad8135dc2b5f27de0b777acd317855a,1,2026-09-15T00:15:00Z,Kansas City Chiefs,Denver Broncos,spreads,alternate_spreads,,17.5,Kansas City Chiefs,17.5,draftkings,-2800,1.0357142857142858,0.9535079892886376,1.3566738248933987,2026-09-06T21:08:21Z,42.638292,conditional_non_push,,market_consensus_no_model,live_snapshot_not_T60,pinnacle,6b51eec9959fde3cdc6567a3,0.9601262367153024,0.9601262367153024,-2407.9147730803,-392.08522691969983,2,OK,-2800,draftkings,,False,False,-2.5,closest_offered_consensus_to_50pct_no_interpolation
1f0045efa398af3d3886c271,2026-09-06T21:09:03.638292+00:00,f6b154b1ff83826321942baec7935c6eac9146e7a89b5c4e72cb75408ba32246,5ad8135dc2b5f27de0b777acd317855a,1,2026-09-15T00:15:00Z,Kansas City Chiefs,Denver Broncos,spreads,alternate_spreads,,17.5,Kansas City Chiefs,17.5,fanduel,-4000,1.025,0.9667444841419672,1.3696830967319413,2026-09-06T21:08:54Z,9.638292,conditional_non_push,,market_consensus_no_model,live_snapshot_not_T60,pinnacle,6b51eec9959fde3cdc6567a3,0.9601262367153024,0.9601262367153024,-2407.9147730803,-1592.0852269196998,2,OK,-2800,draftkings,,False,False,-2.5,closest_offered_consensus_to_50pct_no_interpolation
ac9f63bcb168ac8e5dd411ee,2026-09-06T21:09:03.638292+00:00,f6b154b1ff83826321942baec7935c6eac9146e7a89b5c4e72cb75408ba32246,5ad8135dc2b5f27de0b777acd317855a,1,2026-09-15T00:15:00Z,Kansas City Chiefs,Denver Broncos,spreads,alternate_spreads,,-18.5,Denver Broncos,18.5,draftkings,-1080,1.0925925925925926,0.8974559745547842,1.221762422355745,2026-09-06T21:08:21Z,42.638292,conditional_non_push,,market_consensus_no_model,live_snapshot_not_T60,pinnacle,871e462b9ce55829b0d4234e,0.9162102451758855,0.9162102451758855,-1093.4633322404732,13.463332240473164,2,OK,-1080,draftkings,,False,False,2.5,closest_offered_consensus_to_50pct_no_interpolation
45a2258376b6fa1b94a83fa1,2026-09-06T21:09:03.638292+00:00,f6b154b1ff83826321942baec7935c6eac9146e7a89b5c4e72cb75408ba32246,5ad8135dc2b5f27de0b777acd317855a,1,2026-09-15T00:15:00Z,Kansas City Chiefs,Denver Broncos,spreads,alternate_spreads,,-18.5,Denver Broncos,18.5,fanduel,-1800,1.0555555555555556,0.9349645157969867,1.2437610044118093,2026-09-06T21:08:54Z,9.638292,conditional_non_push,,market_consensus_no_model,live_snapshot_not_T60,pinnacle,871e462b9ce55829b0d4234e,0.9162102451758855,0.9162102451758855,-1093.4633322404732,-706.5366677595268,2,OK,-1080,draftkings,,False,False,2.5,closest_offered_consensus_to_50pct_no_interpolation
948a87d9b3c7761a8219335b,2026-09-06T21:09:03.638292+00:00,f6b154b1ff83826321942baec7935c6eac9146e7a89b5c4e72cb75408ba32246,5ad8135dc2b5f27de0b777acd317855a,1,2026-09-15T00:15:00Z,Kansas City Chiefs,Denver Broncos,spreads,alternate_spreads,,18.5,Kansas City Chiefs,18.5,draftkings,-3600,1.0277777777777777,0.9622382728498154,1.4049129666648392,2026-09-06T21:08:21Z,42.638292,conditional_non_push,,market_consensus_no_model,live_snapshot_not_T60,pinnacle,7c17cd2084fd73195d32ff3c,0.9662753368229064,0.9662753368229064,-2865.188991655281,-734.8110083447191,2,OK,-3600,draftkings,,False,False,-2.5,closest_offered_consensus_to_50pct_no_interpolation
b7297b429291669a59fcd53e,2026-09-06T21:09:03.638292+00:00,f6b154b1ff83826321942baec7935c6eac9146e7a89b5c4e72cb75408ba32246,5ad8135dc2b5f27de0b777acd317855a,1,2026-09-15T00:15:00Z,Kansas City Chiefs,Denver Broncos,spreads,alternate_spreads,,18.5,Kansas City Chiefs,18.5,fanduel,-4500,1.0222222222222221,0.9703124007959976,1.3711872498976208,2026-09-06T21:08:54Z,9.638292,conditional_non_push,,market_consensus_no_model,live_snapshot_not_T60,pinnacle,7c17cd2084fd73195d32ff3c,0.9662753368229064,0.9662753368229064,-2865.188991655281,-1634.811008344719,2,OK,-3600,draftkings,,False,False,-2.5,closest_offered_consensus_to_50pct_no_interpolation
59dac25575e745250135ecf2,2026-09-06T21:09:03.638292+00:00,f6b154b1ff83826321942baec7935c6eac9146e7a89b5c4e72cb75408ba32246,5ad8135dc2b5f27de0b777acd317855a,1,2026-09-15T00:15:00Z,Kansas City Chiefs,Denver Broncos,spreads,alternate_spreads,,-19.5,Denver Broncos,19.5,draftkings,-1240,1.0806451612903225,0.9085979718150818,1.2358785456702042,2026-09-06T21:08:21Z,42.638292,conditional_non_push,,market_consensus_no_model,live_snapshot_not_T60,pinnacle,110615d8875723abbba6fedf,0.9293943947382428,0.9293943947382428,-1316.3181468279827,76.31814682798267,2,OK,-1240,draftkings,,False,False,2.5,closest_offered_consensus_to_50pct_no_interpolation
de00617c2be78b6a3d75ef53,2026-09-06T21:09:03.638292+00:00,f6b154b1ff83826321942baec7935c6eac9146e7a89b5c4e72cb75408ba32246,5ad8135dc2b5f27de0b777acd317855a,1,2026-09-15T00:15:00Z,Kansas City Chiefs,Denver Broncos,spreads,alternate_spreads,,-19.5,Denver Broncos,19.5,fanduel,-2500,1.04,0.9501908176614043,1.302690587533839,2026-09-06T21:08:54Z,9.638292,conditional_non_push,,market_consensus_no_model,live_snapshot_not_T60,pinnacle,110615d8875723abbba6fedf,0.9293943947382428,0.9293943947382428,-1316.3181468279827,-1183.6818531720173,2,OK,-1240,draftkings,,False,False,2.5,closest_offered_consensus_to_50pct_no_interpolation
708b777fffafbca64c0dcad1,2026-09-06T21:09:03.638292+00:00,f6b154b1ff83826321942baec7935c6eac9146e7a89b5c4e72cb75408ba32246,5ad8135dc2b5f27de0b777acd317855a,1,2026-09-15T00:15:00Z,Kansas City Chiefs,Denver Broncos,spreads,alternate_spreads,,19.5,Kansas City Chiefs,19.5,draftkings,-4700,1.0212765957446808,0.9697518314628452,1.4589126056710002,2026-09-06T21:08:21Z,42.638292,conditional_non_push,,market_consensus_no_model,live_snapshot_not_T60,pinnacle,c5786810f9f361c8ad131142,0.9734703526535492,0.9734703526535492,-3669.3678583095916,-1030.6321416904084,2,OK,-4700,draftkings,,False,False,-2.5,closest_offered_consensus_to_50pct_no_interpolation
cd96ebe73426c264b71c25d2,2026-09-06T21:09:03.638292+00:00,f6b154b1ff83826321942baec7935c6eac9146e7a89b5c4e72cb75408ba32246,5ad8135dc2b5f27de0b777acd317855a,1,2026-09-15T00:15:00Z,Kansas City Chiefs,Denver Broncos,spreads,alternate_spreads,,19.5,Kansas City Chiefs,19.5,fanduel,-6000,1.0166666666666666,0.9771888738442537,1.3960254027875676,2026-09-06T21:08:54Z,9.638292,conditional_non_push,,market_consensus_no_model,live_snapshot_not_T60,pinnacle,c5786810f9f361c8ad131142,0.9734703526535492,0.9734703526535492,-3669.3678583095916,-2330.6321416904084,2,OK,-4700,draftkings,,False,False,-2.5,closest_offered_consensus_to_50pct_no_interpolation
0f78e0789535d4d5c894be25,2026-09-06T21:09:03.638292+00:00,f6b154b1ff83826321942baec7935c6eac9146e7a89b5c4e72cb75408ba32246,5ad8135dc2b5f27de0b777acd317855a,1,2026-09-15T00:15:00Z,Kansas City Chiefs,Denver Broncos,spreads,alternate_spreads,,-2.0,Denver Broncos,2.0,pinnacle,108,2.08,0.4630046746489335,1.0514089095424026,2026-09-06T21:08:57Z,6.638292,conditional_non_push,,market_consensus_no_model,live_snapshot_not_T60,pinnacle,7cdca649107d1d11344ae423,0.4630046746489334,0.4630046746489334,115.98054074901847,-7.980540749018473,1,FEWER_THAN_TWO_BOOKS,108,pinnacle,,False,False,2.5,closest_offered_consensus_to_50pct_no_interpolation
c528c42162edf3c4c1b79fd0,2026-09-06T21:09:03.638292+00:00,f6b154b1ff83826321942baec7935c6eac9146e7a89b5c4e72cb75408ba32246,5ad8135dc2b5f27de0b777acd317855a,1,2026-09-15T00:15:00Z,Kansas City Chiefs,Denver Broncos,spreads,spreads,,-2.5,Denver Broncos,2.5,betmgm,-102,1.9803921568627452,0.4814245062798449,1.0698248525605822,2026-09-06T21:08:57Z,6.638292,conditional_non_push,,market_consensus_no_model,live_snapshot_not_T60,pinnacle,b7f330e1f3d5e5fc0167a0f2,0.48061336517990366,0.48061336517990366,108.06745555768701,-10.067455557687012,4,OK,102,pinnacle,-102,False,False,2.5,closest_offered_consensus_to_50pct_no_interpolation
f5440fb2b30175dc08ea4369,2026-09-06T21:09:03.638292+00:00,f6b154b1ff83826321942baec7935c6eac9146e7a89b5c4e72cb75408ba32246,5ad8135dc2b5f27de0b777acd317855a,1,2026-09-15T00:15:00Z,Kansas City Chiefs,Denver Broncos,spreads,alternate_spreads,,-2.5,Denver Broncos,2.5,draftkings,-106,1.9433962264150944,0.4787708928615623,1.108506925738709,2026-09-06T21:08:21Z,42.638292,conditional_non_push,,market_consensus_no_model,live_snapshot_not_T60,pinnacle,b7f330e1f3d5e5fc0167a0f2,0.48061336517990366,0.48061336517990366,108.06745555768701,-14.067455557687012,4,OK,102,pinnacle,-102,False,False,2.5,closest_offered_consensus_to_50pct_no_interpolation
c5c26de00bd0c42be4f66878,2026-09-06T21:09:03.638292+00:00,f6b154b1ff83826321942baec7935c6eac9146e7a89b5c4e72cb75408ba32246,5ad8135dc2b5f27de0b777acd317855a,1,2026-09-15T00:15:00Z,Kansas City Chiefs,Denver Broncos,spreads,spreads,,-2.5,Denver Broncos,2.5,fanduel,-105,1.9523809523809523,0.488395545501788,1.071115843039896,2026-09-06T21:08:57Z,6.638292,conditional_non_push,,market_consensus_no_model,live_snapshot_not_T60,pinnacle,b7f330e1f3d5e5fc0167a0f2,0.48061336517990366,0.48061336517990366,108.06745555768701,-13.067455557687012,4,OK,102,pinnacle,-102,False,False,2.5,closest_offered_consensus_to_50pct_no_interpolation
a292737de4edbac69e9a3a0a,2026-09-06T21:09:03.638292+00:00,f6b154b1ff83826321942baec7935c6eac9146e7a89b5c4e72cb75408ba32246,5ad8135dc2b5f27de0b777acd317855a,1,2026-09-15T00:15:00Z,Kansas City Chiefs,Denver Broncos,spreads,alternate_spreads,,-2.5,Denver Broncos,2.5,pinnacle,102,2.02,0.4798022240799624,1.0444942290862986,2026-09-06T21:08:57Z,6.638292,conditional_non_push,,market_consensus_no_model,live_snapshot_not_T60,pinnacle,b7f330e1f3d5e5fc0167a0f2,0.48061336517990366,0.48061336517990366,108.06745555768701,-6.067455557687012,4,OK,102,pinnacle,-102,False,False,2.5,closest_offered_consensus_to_50pct_no_interpolation
9f2a160fefa456c4436f3ba8,2026-09-06T21:09:03.638292+00:00,f6b154b1ff83826321942baec7935c6eac9146e7a89b5c4e72cb75408ba32246,5ad8135dc2b5f27de0b777acd317855a,1,2026-09-15T00:15:00Z,Kansas City Chiefs,Denver Broncos,spreads,alternate_spreads,,2.5,Kansas City Chiefs,2.5,draftkings,-187,1.53475935828877,0.6207982851073042,1.1129282330357109,2026-09-06T21:08:21Z,42.638292,conditional_non_push,,market_consensus_no_model,live_snapshot_not_T60,pinnacle,7622bc1dbeae742aa392125c,0.6238178136705863,0.6238178136705863,-165.82864270035478,-21.171357299645223,2,OK,-187,draftkings,,False,False,-2.5,closest_offered_consensus_to_50pct_no_interpolation
e3c498561e5e531abed65aad,2026-09-06T21:09:03.638292+00:00,f6b154b1ff83826321942baec7935c6eac9146e7a89b5c4e72cb75408ba32246,5ad8135dc2b5f27de0b777acd317855a,1,2026-09-15T00:15:00Z,Kansas City Chiefs,Denver Broncos,spreads,alternate_spreads,,2.5,Kansas City Chiefs,2.5,fanduel,-188,1.5319148936170213,0.6268373422338683,1.0950713165506936,2026-09-06T21:08:54Z,9.638292,conditional_non_push,,market_consensus_no_model,live_snapshot_not_T60,pinnacle,7622bc1dbeae742aa392125c,0.6238178136705863,0.6238178136705863,-165.82864270035478,-22.171357299645223,2,OK,-187,draftkings,,False,False,-2.5,closest_offered_consensus_to_50pct_no_interpolation
c5e30011aa21a8f243bd6990,2026-09-06T21:09:03.638292+00:00,f6b154b1ff83826321942baec7935c6eac9146e7a89b5c4e72cb75408ba32246,5ad8135dc2b5f27de0b777acd317855a,1,2026-09-15T00:15:00Z,Kansas City Chiefs,Denver Broncos,spreads,alternate_spreads,,-20.5,Denver Broncos,20.5,draftkings,-1520,1.0657894736842106,0.9227166804338912,1.2623717908050192,2026-09-06T21:08:21Z,42.638292,conditional_non_push,,market_consensus_no_model,live_snapshot_not_T60,pinnacle,70ee9719d052e8590c93568d,0.9427876457390765,0.9427876457390765,-1647.874236112335,127.87423611233498,2,OK,-1520,draftkings,,False,False,2.5,closest_offered_consensus_to_50pct_no_interpolation
e9412eb463168bd49968d102,2026-09-06T21:09:03.638292+00:00,f6b154b1ff83826321942baec7935c6eac9146e7a89b5c4e72cb75408ba32246,5ad8135dc2b5f27de0b777acd317855a,1,2026-09-15T00:15:00Z,Kansas City Chiefs,Denver Broncos,spreads,alternate_spreads,,-20.5,Denver Broncos,20.5,fanduel,-3500,1.0285714285714285,0.9628586110442617,1.3435399740514984,2026-09-06T21:08:54Z,9.638292,conditional_non_push,,market_consensus_no_model,live_snapshot_not_T60,pinnacle,70ee9719d052e8590c93568d,0.9427876457390765,0.9427876457390765,-1647.874236112335,-1852.125763887665,2,OK,-1520,draftkings,,False,False,2.5,closest_offered_consensus_to_50pct_no_interpolation
c7df420f4fb26608ff4554be,2026-09-06T21:09:03.638292+00:00,f6b154b1ff83826321942baec7935c6eac9146e7a89b5c4e72cb75408ba32246,5ad8135dc2b5f27de0b777acd317855a,1,2026-09-15T00:15:00Z,Kansas City Chiefs,Denver Broncos,spreads,alternate_spreads,,20.5,Kansas City Chiefs,20.5,draftkings,-7200,1.0138888888888888,0.9788283336339557,1.551402940510056,2026-09-06T21:08:21Z,42.638292,conditional_non_push,,market_consensus_no_model,live_snapshot_not_T60,pinnacle,6c8d4cd1b1a834222c64e799,0.979488045119444,0.979488045119444,-4775.205731599645,-2424.7942684003547,2,OK,-7000,fanduel,,False,False,-2.5,closest_offered_consensus_to_50pct_no_interpolation
82950c317bb03f91e5a3330a,2026-09-06T21:09:03.638292+00:00,f6b154b1ff83826321942baec7935c6eac9146e7a89b5c4e72cb75408ba32246,5ad8135dc2b5f27de0b777acd317855a,1,2026-09-15T00:15:00Z,Kansas City Chiefs,Denver Broncos,spreads,alternate_spreads,,20.5,Kansas City Chiefs,20.5,fanduel,-7000,1.0142857142857142,0.9801477566049323,1.4136385355001044,2026-09-06T21:08:54Z,9.638292,conditional_non_push,,market_consensus_no_model,live_snapshot_not_T60,pinnacle,6c8d4cd1b1a834222c64e799,0.979488045119444,0.979488045119444,-4775.205731599645,-2224.7942684003547,2,OK,-7000,fanduel,,False,False,-2.5,closest_offered_consensus_to_50pct_no_interpolation
b0fe87eaa08caa2980c25484,2026-09-06T21:09:03.638292+00:00,f6b154b1ff83826321942baec7935c6eac9146e7a89b5c4e72cb75408ba32246,5ad8135dc2b5f27de0b777acd317855a,1,2026-09-15T00:15:00Z,Kansas City Chiefs,Denver Broncos,spreads,alternate_spreads,,-21.5,Denver Broncos,21.5,draftkings,-2100,1.0476190476190477,0.9407369586793887,1.3132349904786835,2026-09-06T21:08:21Z,42.638292,conditional_non_push,,market_consensus_no_model,live_snapshot_not_T60,pinnacle,aeaffe388281c298609ab334,0.9541384043808334,0.9541384043808334,-2080.4736326750867,-19.52636732491328,2,OK,-2100,draftkings,,False,False,2.5,closest_offered_consensus_to_50pct_no_interpolation
295d6f13e9d892bdb0f12106,2026-09-06T21:09:03.638292+00:00,f6b154b1ff83826321942baec7935c6eac9146e7a89b5c4e72cb75408ba32246,5ad8135dc2b5f27de0b777acd317855a,1,2026-09-15T00:15:00Z,Kansas City Chiefs,Denver Broncos,spreads,alternate_spreads,,-21.5,Denver Broncos,21.5,fanduel,-4000,1.025,0.9675398500822783,1.3363780802913672,2026-09-06T21:08:54Z,9.638292,conditional_non_push,,market_consensus_no_model,live_snapshot_not_T60,pinnacle,aeaffe388281c298609ab334,0.9541384043808334,0.9541384043808334,-2080.4736326750867,-1919.5263673249133,2,OK,-2100,draftkings,,False,False,2.5,closest_offered_consensus_to_50pct_no_interpolation
05f69c60b272a0a750ce29a0,2026-09-06T21:09:03.638292+00:00,f6b154b1ff83826321942baec7935c6eac9146e7a89b5c4e72cb75408ba32246,5ad8135dc2b5f27de0b777acd317855a,1,2026-09-15T00:15:00Z,Kansas City Chiefs,Denver Broncos,spreads,alternate_spreads,,21.5,Kansas City Chiefs,21.5,draftkings,-10000,1.01,0.9841450783237288,1.6061732732983645,2026-09-06T21:08:21Z,42.638292,conditional_non_push,,market_consensus_no_model,live_snapshot_not_T60,pinnacle,876fea78c723042212110994,0.9848351678275241,0.9848351678275241,-6494.204199733885,-3505.7958002661153,2,OK,-10000,draftkings|fanduel,,False,False,-2.5,closest_offered_consensus_to_50pct_no_interpolation
5f5dcd1bc3c4beedef1690e0,2026-09-06T21:09:03.638292+00:00,f6b154b1ff83826321942baec7935c6eac9146e7a89b5c4e72cb75408ba32246,5ad8135dc2b5f27de0b777acd317855a,1,2026-09-15T00:15:00Z,Kansas City Chiefs,Denver Broncos,spreads,alternate_spreads,,21.5,Kansas City Chiefs,21.5,fanduel,-10000,1.01,0.9855252573313199,1.4653305484836974,2026-09-06T21:08:54Z,9.638292,conditional_non_push,,market_consensus_no_model,live_snapshot_not_T60,pinnacle,876fea78c723042212110994,0.9848351678275241,0.9848351678275241,-6494.204199733885,-3505.7958002661153,2,OK,-10000,draftkings|fanduel,,False,False,-2.5,closest_offered_consensus_to_50pct_no_interpolation
4ff42ade754551b863c0ca3f,2026-09-06T21:09:03.638292+00:00,f6b154b1ff83826321942baec7935c6eac9146e7a89b5c4e72cb75408ba32246,5ad8135dc2b5f27de0b777acd317855a,1,2026-09-15T00:15:00Z,Kansas City Chiefs,Denver Broncos,spreads,alternate_spreads,,-22.5,Denver Broncos,22.5,draftkings,-2400,1.0416666666666667,0.9471099308358927,1.3311478266500765,2026-09-06T21:08:21Z,42.638292,conditional_non_push,,market_consensus_no_model,live_snapshot_not_T60,pinnacle,1dfd53a062a429d3cd620526,0.9601577256048641,0.9601577256048641,-2409.896875069171,9.896875069171074,2,OK,-2400,draftkings,,False,False,2.5,closest_offered_consensus_to_50pct_no_interpolation
e4903a66f0280a1ff0042114,2026-09-06T21:09:03.638292+00:00,f6b154b1ff83826321942baec7935c6eac9146e7a89b5c4e72cb75408ba32246,5ad8135dc2b5f27de0b777acd317855a,1,2026-09-15T00:15:00Z,Kansas City Chiefs,Denver Broncos,spreads,alternate_spreads,,-22.5,Denver Broncos,22.5,fanduel,-5000,1.02,0.9732055203738359,1.371534962944137,2026-09-06T21:08:54Z,9.638292,conditional_non_push,,market_consensus_no_model,live_snapshot_not_T60,pinnacle,1dfd53a062a429d3cd620526,0.9601577256048641,0.9601577256048641,-2409.896875069171,-2590.103124930829,2,OK,-2400,draftkings,,False,False,2.5,closest_offered_consensus_to_50pct_no_interpolation
b4d7bfb4469bfd966b737a5a,2026-09-06T21:09:03.638292+00:00,f6b154b1ff83826321942baec7935c6eac9146e7a89b5c4e72cb75408ba32246,5ad8135dc2b5f27de0b777acd317855a,1,2026-09-15T00:15:00Z,Kansas City Chiefs,Denver Broncos,spreads,alternate_spreads,,22.5,Kansas City Chiefs,22.5,draftkings,-10000,1.01,0.9844288009380927,1.5772041927059277,2026-09-06T21:08:21Z,42.638292,conditional_non_push,,market_consensus_no_model,live_snapshot_not_T60,pinnacle,53cefca42cd64dedcaa25c51,0.9850841411530658,0.9850841411530658,-6604.273687904578,-3395.726312095422,2,OK,-10000,draftkings|fanduel,,False,False,-2.5,closest_offered_consensus_to_50pct_no_interpolation
14b09d8f03c9aa7f25ce5304,2026-09-06T21:09:03.638292+00:00,f6b154b1ff83826321942baec7935c6eac9146e7a89b5c4e72cb75408ba32246,5ad8135dc2b5f27de0b777acd317855a,1,2026-09-15T00:15:00Z,Kansas City Chiefs,Denver Broncos,spreads,alternate_spreads,,22.5,Kansas City Chiefs,22.5,fanduel,-10000,1.01,0.9857394813680388,1.4434873757030022,2026-09-06T21:08:54Z,9.638292,conditional_non_push,,market_consensus_no_model,live_snapshot_not_T60,pinnacle,53cefca42cd64dedcaa25c51,0.9850841411530658,0.9850841411530658,-6604.273687904578,-3395.726312095422,2,OK,-10000,draftkings|fanduel,,False,False,-2.5,closest_offered_consensus_to_50pct_no_interpolation
558e9cdcfc8d64c3e0d8a486,2026-09-06T21:09:03.638292+00:00,f6b154b1ff83826321942baec7935c6eac9146e7a89b5c4e72cb75408ba32246,5ad8135dc2b5f27de0b777acd317855a,1,2026-09-15T00:15:00Z,Kansas City Chiefs,Denver Broncos,spreads,alternate_spreads,,-23.5,Denver Broncos,23.5,draftkings,-2900,1.0344827586206897,0.954835781291558,1.3632387830668105,2026-09-06T21:08:21Z,42.638292,conditional_non_push,,market_consensus_no_model,live_snapshot_not_T60,pinnacle,19a1fd0aa10a4c37fb3b0abb,0.9660123275679058,0.9660123275679058,-2842.2432559862796,-57.756744013720436,2,OK,-2900,draftkings,,False,False,2.5,closest_offered_consensus_to_50pct_no_interpolation
9a3c3c6e805ebf909f7af3e7,2026-09-06T21:09:03.638292+00:00,f6b154b1ff83826321942baec7935c6eac9146e7a89b5c4e72cb75408ba32246,5ad8135dc2b5f27de0b777acd317855a,1,2026-09-15T00:15:00Z,Kansas City Chiefs,Denver Broncos,spreads,alternate_spreads,,-23.5,Denver Broncos,23.5,fanduel,-6000,1.0166666666666666,0.9771888738442537,1.3960254027875676,2026-09-06T21:08:54Z,9.638292,conditional_non_push,,market_consensus_no_model,live_snapshot_not_T60,pinnacle,19a1fd0aa10a4c37fb3b0abb,0.9660123275679058,0.9660123275679058,-2842.2432559862796,-3157.7567440137204,2,OK,-2900,draftkings,,False,False,2.5,closest_offered_consensus_to_50pct_no_interpolation
356c1ca28365c9235639aa0f,2026-09-06T21:09:03.638292+00:00,f6b154b1ff83826321942baec7935c6eac9146e7a89b5c4e72cb75408ba32246,5ad8135dc2b5f27de0b777acd317855a,1,2026-09-15T00:15:00Z,Kansas City Chiefs,Denver Broncos,spreads,alternate_spreads,,23.5,Kansas City Chiefs,23.5,fanduel,-20000,1.005,0.9921008330861376,1.5900680904921125,2026-09-06T21:08:54Z,9.638292,conditional_non_push,,market_consensus_no_model,live_snapshot_not_T60,pinnacle,8a2ee8b983f415c8eed81305,0.9921008330861374,0.9921008330861374,-12559.562848900612,-7440.437151099388,1,FEWER_THAN_TWO_BOOKS,-20000,fanduel,,False,False,-2.5,closest_offered_consensus_to_50pct_no_interpolation
319df1715d31410f91390e97,2026-09-06T21:09:03.638292+00:00,f6b154b1ff83826321942baec7935c6eac9146e7a89b5c4e72cb75408ba32246,5ad8135dc2b5f27de0b777acd317855a,1,2026-09-15T00:15:00Z,Kansas City Chiefs,Denver Broncos,spreads,alternate_spreads,,-24.5,Denver Broncos,24.5,draftkings,-4400,1.0227272727272727,0.9681066478013075,1.4423188863541947,2026-09-06T21:08:21Z,42.638292,conditional_non_push,,market_consensus_no_model,live_snapshot_not_T60,pinnacle,01e2029abcfb7cf2b55a96a6,0.9741272022031197,0.9741272022031197,-3765.0632523421054,-634.9367476578946,2,OK,-4400,draftkings,,False,False,2.5,closest_offered_consensus_to_50pct_no_interpolation
cba7e6bb18526fdf2f168316,2026-09-06T21:09:03.638292+00:00,f6b154b1ff83826321942baec7935c6eac9146e7a89b5c4e72cb75408ba32246,5ad8135dc2b5f27de0b777acd317855a,1,2026-09-15T00:15:00Z,Kansas City Chiefs,Denver Broncos,spreads,alternate_spreads,,-24.5,Denver Broncos,24.5,fanduel,-7000,1.0142857142857142,0.9801477566049323,1.4136385355001044,2026-09-06T21:08:54Z,9.638292,conditional_non_push,,market_consensus_no_model,live_snapshot_not_T60,pinnacle,01e2029abcfb7cf2b55a96a6,0.9741272022031197,0.9741272022031197,-3765.0632523421054,-3234.9367476578946,2,OK,-4400,draftkings,,False,False,2.5,closest_offered_consensus_to_50pct_no_interpolation
75d5a1212fe5e6585f4f1470,2026-09-06T21:09:03.638292+00:00,f6b154b1ff83826321942baec7935c6eac9146e7a89b5c4e72cb75408ba32246,5ad8135dc2b5f27de0b777acd317855a,1,2026-09-15T00:15:00Z,Kansas City Chiefs,Denver Broncos,spreads,alternate_spreads,,-25.5,Denver Broncos,25.5,draftkings,-6700,1.0149253731343284,0.9774857119101905,1.5370551700724442,2026-09-06T21:08:21Z,42.638292,conditional_non_push,,market_consensus_no_model,live_snapshot_not_T60,pinnacle,b59e14b1c3239f8b9fbf5914,0.9815054846207552,0.9815054846207552,-5307.008399486006,-1392.991600513994,2,OK,-6700,draftkings,,False,False,2.5,closest_offered_consensus_to_50pct_no_interpolation
32a6f2c6a8d624dbbb4d2d6a,2026-09-06T21:09:03.638292+00:00,f6b154b1ff83826321942baec7935c6eac9146e7a89b5c4e72cb75408ba32246,5ad8135dc2b5f27de0b777acd317855a,1,2026-09-15T00:15:00Z,Kansas City Chiefs,Denver Broncos,spreads,alternate_spreads,,-25.5,Denver Broncos,25.5,fanduel,-10000,1.01,0.9855252573313199,1.4653305484836974,2026-09-06T21:08:54Z,9.638292,conditional_non_push,,market_consensus_no_model,live_snapshot_not_T60,pinnacle,b59e14b1c3239f8b9fbf5914,0.9815054846207552,0.9815054846207552,-5307.008399486006,-4692.991600513994,2,OK,-6700,draftkings,,False,False,2.5,closest_offered_consensus_to_50pct_no_interpolation
ca24694804421c8262cf2f0e,2026-09-06T21:09:03.638292+00:00,f6b154b1ff83826321942baec7935c6eac9146e7a89b5c4e72cb75408ba32246,5ad8135dc2b5f27de0b777acd317855a,1,2026-09-15T00:15:00Z,Kansas City Chiefs,Denver Broncos,spreads,alternate_spreads,,-26.5,Denver Broncos,26.5,draftkings,-10000,1.01,0.9839125842910984,1.6299179613219934,2026-09-06T21:08:21Z,42.638292,conditional_non_push,,market_consensus_no_model,live_snapshot_not_T60,pinnacle,57479edafaae1b7072db3f57,0.988006708688618,0.988006708688618,-8237.994750873477,-1762.0052491265233,2,OK,-10000,draftkings,,False,False,2.5,closest_offered_consensus_to_50pct_no_interpolation
a9bb76f042478083d641eaba,2026-09-06T21:09:03.638292+00:00,f6b154b1ff83826321942baec7935c6eac9146e7a89b5c4e72cb75408ba32246,5ad8135dc2b5f27de0b777acd317855a,1,2026-09-15T00:15:00Z,Kansas City Chiefs,Denver Broncos,spreads,alternate_spreads,,-26.5,Denver Broncos,26.5,fanduel,-20000,1.005,0.9921008330861376,1.5900680904921125,2026-09-06T21:08:54Z,9.638292,conditional_non_push,,market_consensus_no_model,live_snapshot_not_T60,pinnacle,57479edafaae1b7072db3f57,0.988006708688618,0.988006708688618,-8237.994750873477,-11762.005249126523,2,OK,-10000,draftkings,,False,False,2.5,closest_offered_consensus_to_50pct_no_interpolation
580161ae685f760cf7ede702,2026-09-06T21:09:03.638292+00:00,f6b154b1ff83826321942baec7935c6eac9146e7a89b5c4e72cb75408ba32246,5ad8135dc2b5f27de0b777acd317855a,1,2026-09-15T00:15:00Z,Kansas City Chiefs,Denver Broncos,spreads,alternate_spreads,,-27.5,Denver Broncos,27.5,draftkings,-10000,1.01,0.9843604536571825,1.584181927925815,2026-09-06T21:08:21Z,42.638292,conditional_non_push,,market_consensus_no_model,live_snapshot_not_T60,pinnacle,104a5a76a166976136c96a72,0.9884459919265389,0.9884459919265389,-8555.005203752153,-1444.9947962478473,2,OK,-10000,draftkings,,False,False,2.5,closest_offered_consensus_to_50pct_no_interpolation
c103e1cd205395d2b810388e,2026-09-06T21:09:03.638292+00:00,f6b154b1ff83826321942baec7935c6eac9146e7a89b5c4e72cb75408ba32246,5ad8135dc2b5f27de0b777acd317855a,1,2026-09-15T00:15:00Z,Kansas City Chiefs,Denver Broncos,spreads,alternate_spreads,,-27.5,Denver Broncos,27.5,fanduel,-20000,1.005,0.9925315301958958,1.503044826687773,2026-09-06T21:08:54Z,9.638292,conditional_non_push,,market_consensus_no_model,live_snapshot_not_T60,pinnacle,104a5a76a166976136c96a72,0.9884459919265389,0.9884459919265389,-8555.005203752153,-11444.994796247847,2,OK,-10000,draftkings,,False,False,2.5,closest_offered_consensus_to_50pct_no_interpolation
4b89e7c347c577f5e5e8e82e,2026-09-06T21:09:03.638292+00:00,f6b154b1ff83826321942baec7935c6eac9146e7a89b5c4e72cb75408ba32246,5ad8135dc2b5f27de0b777acd317855a,1,2026-09-15T00:15:00Z,Kansas City Chiefs,Denver Broncos,spreads,alternate_spreads,,-28.5,Denver Broncos,28.5,fanduel,-50000,1.002,0.9966838601590248,1.6624854814709127,2026-09-06T21:08:54Z,9.638292,conditional_non_push,,market_consensus_no_model,live_snapshot_not_T60,pinnacle,8ba93e583d7bef420e1ec2cd,0.9966838601590248,0.9966838601590248,-30055.54373321947,-19944.45626678053,1,FEWER_THAN_TWO_BOOKS,-50000,fanduel,,False,False,2.5,closest_offered_consensus_to_50pct_no_interpolation
08a208d1ea2ea6989cc7b458,2026-09-06T21:09:03.638292+00:00,f6b154b1ff83826321942baec7935c6eac9146e7a89b5c4e72cb75408ba32246,5ad8135dc2b5f27de0b777acd317855a,1,2026-09-15T00:15:00Z,Kansas City Chiefs,Denver Broncos,spreads,spreads,,-3.0,Denver Broncos,3.0,draftkings,-120,1.8333333333333335,0.5232290461518813,1.0686317492209367,2026-09-06T21:07:49Z,74.638292,conditional_non_push,,market_consensus_no_model,live_snapshot_not_T60,pinnacle,fc563d257045fd9f2d0b4d80,0.5274142519690379,0.5274142519690379,-111.60181071192262,-8.398189288077376,2,OK,-120,draftkings|pinnacle,,False,False,2.5,closest_offered_consensus_to_50pct_no_interpolation
cba74fd6a886deecaf2b4bcf,2026-09-06T21:09:03.638292+00:00,f6b154b1ff83826321942baec7935c6eac9146e7a89b5c4e72cb75408ba32246,5ad8135dc2b5f27de0b777acd317855a,1,2026-09-15T00:15:00Z,Kansas City Chiefs,Denver Broncos,spreads,spreads,,-3.0,Denver Broncos,3.0,pinnacle,-120,1.8333333333333335,0.5315994577861947,1.0424478613331747,2026-09-06T21:08:57Z,6.638292,conditional_non_push,,market_consensus_no_model,live_snapshot_not_T60,pinnacle,fc563d257045fd9f2d0b4d80,0.5274142519690379,0.5274142519690379,-111.60181071192262,-8.398189288077376,2,OK,-120,draftkings|pinnacle,,False,False,2.5,closest_offered_consensus_to_50pct_no_interpolation
c45c19d683d7beb11d36e6ee,2026-09-06T21:09:03.638292+00:00,f6b154b1ff83826321942baec7935c6eac9146e7a89b5c4e72cb75408ba32246,5ad8135dc2b5f27de0b777acd317855a,1,2026-09-15T00:15:00Z,Kansas City Chiefs,Denver Broncos,spreads,alternate_spreads,,-3.5,Denver Broncos,3.5,draftkings,-142,1.704225352112676,0.5536932241792458,1.1088588682346736,2026-09-06T21:08:21Z,42.638292,conditional_non_push,,market_consensus_no_model,live_snapshot_not_T60,pinnacle,30f0798019011967c5a2d9b9,0.5650305917418065,0.5650305917418065,-129.90122546880582,-12.09877453119418,3,OK,-142,draftkings,,False,False,2.5,closest_offered_consensus_to_50pct_no_interpolation
9df7e9216d43dd8992556ab7,2026-09-06T21:09:03.638292+00:00,f6b154b1ff83826321942baec7935c6eac9146e7a89b5c4e72cb75408ba32246,5ad8135dc2b5f27de0b777acd317855a,1,2026-09-15T00:15:00Z,Kansas City Chiefs,Denver Broncos,spreads,alternate_spreads,,-3.5,Denver Broncos,3.5,fanduel,-146,1.6849315068493151,0.5650305917418065,1.0942076735491515,2026-09-06T21:08:54Z,9.638292,conditional_non_push,,market_consensus_no_model,live_snapshot_not_T60,pinnacle,30f0798019011967c5a2d9b9,0.5650305917418065,0.5650305917418065,-129.90122546880582,-16.09877453119418,3,OK,-142,draftkings,,False,False,2.5,closest_offered_consensus_to_50pct_no_interpolation
44f6c45c6ecb4bfb41108ed6,2026-09-06T21:09:03.638292+00:00,f6b154b1ff83826321942baec7935c6eac9146e7a89b5c4e72cb75408ba32246,5ad8135dc2b5f27de0b777acd317855a,1,2026-09-15T00:15:00Z,Kansas City Chiefs,Denver Broncos,spreads,alternate_spreads,,-3.5,Denver Broncos,3.5,pinnacle,-144,1.6944444444444444,0.5759053443817,1.0463768091490477,2026-09-06T21:08:57Z,6.638292,conditional_non_push,,market_consensus_no_model,live_snapshot_not_T60,pinnacle,30f0798019011967c5a2d9b9,0.5650305917418065,0.5650305917418065,-129.90122546880582,-14.09877453119418,3,OK,-142,draftkings,,False,False,2.5,closest_offered_consensus_to_50pct_no_interpolation
a252c43fb6794b56fa8dbae5,2026-09-06T21:09:03.638292+00:00,f6b154b1ff83826321942baec7935c6eac9146e7a89b5c4e72cb75408ba32246,5ad8135dc2b5f27de0b777acd317855a,1,2026-09-15T00:15:00Z,Kansas City Chiefs,Denver Broncos,spreads,alternate_spreads,,3.5,Kansas City Chiefs,3.5,draftkings,-249,1.4016064257028114,0.6848178135598908,1.1213895332875978,2026-09-06T21:08:21Z,42.638292,conditional_non_push,,market_consensus_no_model,live_snapshot_not_T60,pinnacle,6f6747c5cfe3a4a52abee1dc,0.696781802929185,0.696781802929185,-229.7955101838612,-19.20448981613879,3,OK,-249,draftkings|pinnacle,,False,False,-2.5,closest_offered_consensus_to_50pct_no_interpolation
3577e7305ac295854e9cfffd,2026-09-06T21:09:03.638292+00:00,f6b154b1ff83826321942baec7935c6eac9146e7a89b5c4e72cb75408ba32246,5ad8135dc2b5f27de0b777acd317855a,1,2026-09-15T00:15:00Z,Kansas City Chiefs,Denver Broncos,spreads,alternate_spreads,,3.5,Kansas City Chiefs,3.5,fanduel,-265,1.3773584905660377,0.7024161412023043,1.1032638428562676,2026-09-06T21:08:54Z,9.638292,conditional_non_push,,market_consensus_no_model,live_snapshot_not_T60,pinnacle,6f6747c5cfe3a4a52abee1dc,0.696781802929185,0.696781802929185,-229.7955101838612,-35.20448981613879,3,OK,-249,draftkings|pinnacle,,False,False,-2.5,closest_offered_consensus_to_50pct_no_interpolation
8c73ce21cb29bee6a6aa1c54,2026-09-06T21:09:03.638292+00:00,f6b154b1ff83826321942baec7935c6eac9146e7a89b5c4e72cb75408ba32246,5ad8135dc2b5f27de0b777acd317855a,1,2026-09-15T00:15:00Z,Kansas City Chiefs,Denver Broncos,spreads,alternate_spreads,,3.5,Kansas City Chiefs,3.5,pinnacle,-249,1.4016064257028114,0.6967818029291851,1.0700906686009253,2026-09-06T21:08:57Z,6.638292,conditional_non_push,,market_consensus_no_model,live_snapshot_not_T60,pinnacle,6f6747c5cfe3a4a52abee1dc,0.696781802929185,0.696781802929185,-229.7955101838612,-19.20448981613879,3,OK,-249,draftkings|pinnacle,,False,False,-2.5,closest_offered_consensus_to_50pct_no_interpolation
c17185a6e600053e3a0f3665,2026-09-06T21:09:03.638292+00:00,f6b154b1ff83826321942baec7935c6eac9146e7a89b5c4e72cb75408ba32246,5ad8135dc2b5f27de0b777acd317855a,1,2026-09-15T00:15:00Z,Kansas City Chiefs,Denver Broncos,spreads,alternate_spreads,,-4.0,Denver Broncos,4.0,pinnacle,-156,1.641025641025641,0.5934585212522913,1.053433016472888,2026-09-06T21:08:57Z,6.638292,conditional_non_push,,market_consensus_no_model,live_snapshot_not_T60,pinnacle,a1e615e34b9f4f5985a6f28b,0.5934585212522913,0.5934585212522913,-145.9773608046965,-10.022639195303498,1,FEWER_THAN_TWO_BOOKS,-156,pinnacle,,False,False,2.5,closest_offered_consensus_to_50pct_no_interpolation
eef7269f8d696da55120e98f,2026-09-06T21:09:03.638292+00:00,f6b154b1ff83826321942baec7935c6eac9146e7a89b5c4e72cb75408ba32246,5ad8135dc2b5f27de0b777acd317855a,1,2026-09-15T00:15:00Z,Kansas City Chiefs,Denver Broncos,spreads,alternate_spreads,,-4.5,Denver Broncos,4.5,draftkings,-159,1.6289308176100628,0.5814872033207528,1.1111699152636367,2026-09-06T21:08:21Z,42.638292,conditional_non_push,,market_consensus_no_model,live_snapshot_not_T60,pinnacle,fa427340f3d8e5a4e07fb057,0.5974407104482947,0.5974407104482947,-148.4106132822352,-10.589386717764796,3,OK,-159,draftkings,,False,False,2.5,closest_offered_consensus_to_50pct_no_interpolation
b5cfc61463d9e92b2c13ac54,2026-09-06T21:09:03.638292+00:00,f6b154b1ff83826321942baec7935c6eac9146e7a89b5c4e72cb75408ba32246,5ad8135dc2b5f27de0b777acd317855a,1,2026-09-15T00:15:00Z,Kansas City Chiefs,Denver Broncos,spreads,alternate_spreads,,-4.5,Denver Broncos,4.5,fanduel,-166,1.6024096385542168,0.5974407104482947,1.0924515828702486,2026-09-06T21:08:54Z,9.638292,conditional_non_push,,market_consensus_no_model,live_snapshot_not_T60,pinnacle,fa427340f3d8e5a4e07fb057,0.5974407104482947,0.5974407104482947,-148.4106132822352,-17.589386717764796,3,OK,-159,draftkings,,False,False,2.5,closest_offered_consensus_to_50pct_no_interpolation
474c088960c6ea4f03c607de,2026-09-06T21:09:03.638292+00:00,f6b154b1ff83826321942baec7935c6eac9146e7a89b5c4e72cb75408ba32246,5ad8135dc2b5f27de0b777acd317855a,1,2026-09-15T00:15:00Z,Kansas City Chiefs,Denver Broncos,spreads,alternate_spreads,,-4.5,Denver Broncos,4.5,pinnacle,-166,1.6024096385542168,0.6073150899861094,1.0576850833448694,2026-09-06T21:08:57Z,6.638292,conditional_non_push,,market_consensus_no_model,live_snapshot_not_T60,pinnacle,fa427340f3d8e5a4e07fb057,0.5974407104482947,0.5974407104482947,-148.4106132822352,-17.589386717764796,3,OK,-159,draftkings,,False,False,2.5,closest_offered_consensus_to_50pct_no_interpolation
239a7290e228820bc5ba63f8,2026-09-06T21:09:03.638292+00:00,f6b154b1ff83826321942baec7935c6eac9146e7a89b5c4e72cb75408ba32246,5ad8135dc2b5f27de0b777acd317855a,1,2026-09-15T00:15:00Z,Kansas City Chiefs,Denver Broncos,spreads,alternate_spreads,,4.5,Kansas City Chiefs,4.5,draftkings,-287,1.348432055749129,0.7145580310288053,1.124266678006979,2026-09-06T21:08:21Z,42.638292,conditional_non_push,,market_consensus_no_model,live_snapshot_not_T60,pinnacle,79a5a9d6be349b7e4c8cd579,0.7240872736187457,0.7240872736187457,-262.43344521129734,-24.56655478870266,2,OK,-287,draftkings,,False,False,-2.5,closest_offered_consensus_to_50pct_no_interpolation
c7cfe88fa63970746628183f,2026-09-06T21:09:03.638292+00:00,f6b154b1ff83826321942baec7935c6eac9146e7a89b5c4e72cb75408ba32246,5ad8135dc2b5f27de0b777acd317855a,1,2026-09-15T00:15:00Z,Kansas City Chiefs,Denver Broncos,spreads,alternate_spreads,,4.5,Kansas City Chiefs,4.5,fanduel,-310,1.3225806451612903,0.7336165162086862,1.107960001549078,2026-09-06T21:08:54Z,9.638292,conditional_non_push,,market_consensus_no_model,live_snapshot_not_T60,pinnacle,79a5a9d6be349b7e4c8cd579,0.7240872736187457,0.7240872736187457,-262.43344521129734,-47.56655478870266,2,OK,-287,draftkings,,False,False,-2.5,closest_offered_consensus_to_50pct_no_interpolation
c309324568425ba18525dd5c,2026-09-06T21:09:03.638292+00:00,f6b154b1ff83826321942baec7935c6eac9146e7a89b5c4e72cb75408ba32246,5ad8135dc2b5f27de0b777acd317855a,1,2026-09-15T00:15:00Z,Kansas City Chiefs,Denver Broncos,spreads,alternate_spreads,,-5.5,Denver Broncos,5.5,draftkings,-174,1.5747126436781609,0.603727082826799,1.1113482789859415,2026-09-06T21:08:21Z,42.638292,conditional_non_push,,market_consensus_no_model,live_snapshot_not_T60,pinnacle,4e6d89c03999f119ee9e6721,0.6123510485670979,0.6123510485670979,-157.96535662062516,-16.03464337937484,2,OK,-174,draftkings,,False,False,2.5,closest_offered_consensus_to_50pct_no_interpolation
7b5565b21c40187902328342,2026-09-06T21:09:03.638292+00:00,f6b154b1ff83826321942baec7935c6eac9146e7a89b5c4e72cb75408ba32246,5ad8135dc2b5f27de0b777acd317855a,1,2026-09-15T00:15:00Z,Kansas City Chiefs,Denver Broncos,spreads,alternate_spreads,,-5.5,Denver Broncos,5.5,fanduel,-184,1.5434782608695652,0.6209750143073969,1.0977469828517519,2026-09-06T21:08:54Z,9.638292,conditional_non_push,,market_consensus_no_model,live_snapshot_not_T60,pinnacle,4e6d89c03999f119ee9e6721,0.6123510485670979,0.6123510485670979,-157.96535662062516,-26.03464337937484,2,OK,-174,draftkings,,False,False,2.5,closest_offered_consensus_to_50pct_no_interpolation
8f3204ce7d26e112bdfaf96c,2026-09-06T21:09:03.638292+00:00,f6b154b1ff83826321942baec7935c6eac9146e7a89b5c4e72cb75408ba32246,5ad8135dc2b5f27de0b777acd317855a,1,2026-09-15T00:15:00Z,Kansas City Chiefs,Denver Broncos,spreads,alternate_spreads,,5.5,Kansas City Chiefs,5.5,draftkings,-317,1.3154574132492114,0.7338076440175295,1.1288326250092582,2026-09-06T21:08:21Z,42.638292,conditional_non_push,,market_consensus_no_model,live_snapshot_not_T60,pinnacle,6cc4175c48ebd060f4b8bf0b,0.7424533441423046,0.7424533441423046,-288.27916311696896,-28.72083688303104,2,OK,-317,draftkings,,False,False,-2.5,closest_offered_consensus_to_50pct_no_interpolation
ba7a97db2a907145dfbe2933,2026-09-06T21:09:03.638292+00:00,f6b154b1ff83826321942baec7935c6eac9146e7a89b5c4e72cb75408ba32246,5ad8135dc2b5f27de0b777acd317855a,1,2026-09-15T00:15:00Z,Kansas City Chiefs,Denver Broncos,spreads,alternate_spreads,,5.5,Kansas City Chiefs,5.5,fanduel,-340,1.2941176470588236,0.7510990442670796,1.1101064325515178,2026-09-06T21:08:54Z,9.638292,conditional_non_push,,market_consensus_no_model,live_snapshot_not_T60,pinnacle,6cc4175c48ebd060f4b8bf0b,0.7424533441423046,0.7424533441423046,-288.27916311696896,-51.72083688303104,2,OK,-317,draftkings,,False,False,-2.5,closest_offered_consensus_to_50pct_no_interpolation
5b744af93787f65d52f1e16e,2026-09-06T21:09:03.638292+00:00,f6b154b1ff83826321942baec7935c6eac9146e7a89b5c4e72cb75408ba32246,5ad8135dc2b5f27de0b777acd317855a,1,2026-09-15T00:15:00Z,Kansas City Chiefs,Denver Broncos,spreads,alternate_spreads,,-6.5,Denver Broncos,6.5,draftkings,-198,1.5050505050505052,0.63444723030621,1.1129445176191903,2026-09-06T21:08:21Z,42.638292,conditional_non_push,,market_consensus_no_model,live_snapshot_not_T60,pinnacle,b857421bc31e3dfba588ec99,0.6508899043181392,0.6508899043181392,-186.44258999352635,-11.557410006473646,2,OK,-198,draftkings,,False,False,2.5,closest_offered_consensus_to_50pct_no_interpolation
da831da8327fccd28135ffdc,2026-09-06T21:09:03.638292+00:00,f6b154b1ff83826321942baec7935c6eac9146e7a89b5c4e72cb75408ba32246,5ad8135dc2b5f27de0b777acd317855a,1,2026-09-15T00:15:00Z,Kansas City Chiefs,Denver Broncos,spreads,alternate_spreads,,-6.5,Denver Broncos,6.5,fanduel,-225,1.4444444444444444,0.6673325783300688,1.0999170058961094,2026-09-06T21:08:54Z,9.638292,conditional_non_push,,market_consensus_no_model,live_snapshot_not_T60,pinnacle,b857421bc31e3dfba588ec99,0.6508899043181392,0.6508899043181392,-186.44258999352635,-38.557410006473646,2,OK,-198,draftkings,,False,False,2.5,closest_offered_consensus_to_50pct_no_interpolation
98d9a9247ec3d2234305c6c8,2026-09-06T21:09:03.638292+00:00,f6b154b1ff83826321942baec7935c6eac9146e7a89b5c4e72cb75408ba32246,5ad8135dc2b5f27de0b777acd317855a,1,2026-09-15T00:15:00Z,Kansas City Chiefs,Denver Broncos,spreads,alternate_spreads,,6.5,Kansas City Chiefs,6.5,draftkings,-365,1.273972602739726,0.7596336550635142,1.1353718331677145,2026-09-06T21:08:21Z,42.638292,conditional_non_push,,market_consensus_no_model,live_snapshot_not_T60,pinnacle,edbe49eb6d3f6f15cc4caf25,0.771219360402619,0.771219360402619,-337.09992321021883,-27.900076789781167,2,OK,-365,draftkings,,False,False,-2.5,closest_offered_consensus_to_50pct_no_interpolation
3d59d802dfdc65e62721a887,2026-09-06T21:09:03.638292+00:00,f6b154b1ff83826321942baec7935c6eac9146e7a89b5c4e72cb75408ba32246,5ad8135dc2b5f27de0b777acd317855a,1,2026-09-15T00:15:00Z,Kansas City Chiefs,Denver Broncos,spreads,alternate_spreads,,6.5,Kansas City Chiefs,6.5,fanduel,-410,1.2439024390243902,0.782805065741724,1.1219590893115963,2026-09-06T21:08:54Z,9.638292,conditional_non_push,,market_consensus_no_model,live_snapshot_not_T60,pinnacle,edbe49eb6d3f6f15cc4caf25,0.771219360402619,0.771219360402619,-337.09992321021883,-72.90007678978117,2,OK,-365,draftkings,,False,False,-2.5,closest_offered_consensus_to_50pct_no_interpolation
431a99d152fd4fafc16c22b6,2026-09-06T21:09:03.638292+00:00,f6b154b1ff83826321942baec7935c6eac9146e7a89b5c4e72cb75408ba32246,5ad8135dc2b5f27de0b777acd317855a,1,2026-09-15T00:15:00Z,Kansas City Chiefs,Denver Broncos,spreads,alternate_spreads,,-7.5,Denver Broncos,7.5,draftkings,-248,1.403225806451613,0.6843006628575903,1.1197972414126194,2026-09-06T21:08:21Z,42.638292,conditional_non_push,,market_consensus_no_model,live_snapshot_not_T60,pinnacle,1356624c9b2ce9cbdd5f7280,0.7100331499152834,0.7100331499152834,-244.86700797275293,-3.13299202724707,3,OK,-248,draftkings,,False,False,2.5,closest_offered_consensus_to_50pct_no_interpolation
a9c676b90622f56b97a9365d,2026-09-06T21:09:03.638292+00:00,f6b154b1ff83826321942baec7935c6eac9146e7a89b5c4e72cb75408ba32246,5ad8135dc2b5f27de0b777acd317855a,1,2026-09-15T00:15:00Z,Kansas City Chiefs,Denver Broncos,spreads,alternate_spreads,,-7.5,Denver Broncos,7.5,fanduel,-295,1.3389830508474576,0.7239487845520428,1.106622508802201,2026-09-06T21:08:54Z,9.638292,conditional_non_push,,market_consensus_no_model,live_snapshot_not_T60,pinnacle,1356624c9b2ce9cbdd5f7280,0.7100331499152834,0.7100331499152834,-244.86700797275293,-50.13299202724707,3,OK,-248,draftkings,,False,False,2.5,closest_offered_consensus_to_50pct_no_interpolation
27c9db6d9cf2a396ea0ffc9c,2026-09-06T21:09:03.638292+00:00,f6b154b1ff83826321942baec7935c6eac9146e7a89b5c4e72cb75408ba32246,5ad8135dc2b5f27de0b777acd317855a,1,2026-09-15T00:15:00Z,Kansas City Chiefs,Denver Broncos,spreads,alternate_spreads,,-7.5,Denver Broncos,7.5,pinnacle,-266,1.3759398496240602,0.7100331499152835,1.073030057929829,2026-09-06T21:08:57Z,6.638292,conditional_non_push,,market_consensus_no_model,live_snapshot_not_T60,pinnacle,1356624c9b2ce9cbdd5f7280,0.7100331499152834,0.7100331499152834,-244.86700797275293,-21.13299202724707,3,OK,-248,draftkings,,False,False,2.5,closest_offered_consensus_to_50pct_no_interpolation
dab30e0310c763ae317c0351,2026-09-06T21:09:03.638292+00:00,f6b154b1ff83826321942baec7935c6eac9146e7a89b5c4e72cb75408ba32246,5ad8135dc2b5f27de0b777acd317855a,1,2026-09-15T00:15:00Z,Kansas City Chiefs,Denver Broncos,spreads,alternate_spreads,,7.5,Kansas City Chiefs,7.5,draftkings,-471,1.2123142250530785,0.8014306980594715,1.1497194894380294,2026-09-06T21:08:21Z,42.638292,conditional_non_push,,market_consensus_no_model,live_snapshot_not_T60,pinnacle,2a46acdfb929c8da3bce168f,0.8152238486517462,0.8152238486517462,-441.19538300982725,-29.804616990172747,2,OK,-471,draftkings,,False,False,-2.5,closest_offered_consensus_to_50pct_no_interpolation
e3809ca7cf94aff160ad8b4f,2026-09-06T21:09:03.638292+00:00,f6b154b1ff83826321942baec7935c6eac9146e7a89b5c4e72cb75408ba32246,5ad8135dc2b5f27de0b777acd317855a,1,2026-09-15T00:15:00Z,Kansas City Chiefs,Denver Broncos,spreads,alternate_spreads,,7.5,Kansas City Chiefs,7.5,fanduel,-560,1.1785714285714286,0.8290169992440214,1.1412728909219871,2026-09-06T21:08:54Z,9.638292,conditional_non_push,,market_consensus_no_model,live_snapshot_not_T60,pinnacle,2a46acdfb929c8da3bce168f,0.8152238486517462,0.8152238486517462,-441.19538300982725,-118.80461699017275,2,OK,-471,draftkings,,False,False,-2.5,closest_offered_consensus_to_50pct_no_interpolation
71d44fbb8b9f8690aad506b4,2026-09-06T21:09:03.638292+00:00,f6b154b1ff83826321942baec7935c6eac9146e7a89b5c4e72cb75408ba32246,5ad8135dc2b5f27de0b777acd317855a,1,2026-09-15T00:15:00Z,Kansas City Chiefs,Denver Broncos,spreads,alternate_spreads,,-8.5,Denver Broncos,8.5,draftkings,-277,1.3610108303249098,0.707085394138734,1.124505869079738,2026-09-06T21:08:21Z,42.638292,conditional_non_push,,market_consensus_no_model,live_snapshot_not_T60,pinnacle,cc2714634f676a9e7b46e008,0.7298373988611904,0.7298373988611904,-270.1474577845805,-6.852542215419476,2,OK,-277,draftkings,,False,False,2.5,closest_offered_consensus_to_50pct_no_interpolation
a1147741c1f429b2170e4aef,2026-09-06T21:09:03.638292+00:00,f6b154b1ff83826321942baec7935c6eac9146e7a89b5c4e72cb75408ba32246,5ad8135dc2b5f27de0b777acd317855a,1,2026-09-15T00:15:00Z,Kansas City Chiefs,Denver Broncos,spreads,alternate_spreads,,-8.5,Denver Broncos,8.5,fanduel,-340,1.2941176470588236,0.752589403583647,1.102418114993501,2026-09-06T21:08:54Z,9.638292,conditional_non_push,,market_consensus_no_model,live_snapshot_not_T60,pinnacle,cc2714634f676a9e7b46e008,0.7298373988611904,0.7298373988611904,-270.1474577845805,-69.85254221541948,2,OK,-277,draftkings,,False,False,2.5,closest_offered_consensus_to_50pct_no_interpolation
d5ef0e008fc24e14afdc4fac,2026-09-06T21:09:03.638292+00:00,f6b154b1ff83826321942baec7935c6eac9146e7a89b5c4e72cb75408ba32246,5ad8135dc2b5f27de0b777acd317855a,1,2026-09-15T00:15:00Z,Kansas City Chiefs,Denver Broncos,spreads,alternate_spreads,,8.5,Kansas City Chiefs,8.5,draftkings,-537,1.186219739292365,0.820593466456843,1.1578477100307527,2026-09-06T21:08:21Z,42.638292,conditional_non_push,,market_consensus_no_model,live_snapshot_not_T60,pinnacle,2e728c89fe199c340c30643d,0.8365267876652882,0.8365267876652882,-511.721018825089,-25.278981174910996,2,OK,-537,draftkings,,False,False,-2.5,closest_offered_consensus_to_50pct_no_interpolation
bb890a7f4a207c4997b845f2,2026-09-06T21:09:03.638292+00:00,f6b154b1ff83826321942baec7935c6eac9146e7a89b5c4e72cb75408ba32246,5ad8135dc2b5f27de0b777acd317855a,1,2026-09-15T00:15:00Z,Kansas City Chiefs,Denver Broncos,spreads,alternate_spreads,,8.5,Kansas City Chiefs,8.5,fanduel,-670,1.1492537313432836,0.8524601088737336,1.1474778827208754,2026-09-06T21:08:54Z,9.638292,conditional_non_push,,market_consensus_no_model,live_snapshot_not_T60,pinnacle,2e728c89fe199c340c30643d,0.8365267876652882,0.8365267876652882,-511.721018825089,-158.278981174911,2,OK,-537,draftkings,,False,False,-2.5,closest_offered_consensus_to_50pct_no_interpolation
6ae28dbadb2cc848fa68b033,2026-09-06T21:09:03.638292+00:00,f6b154b1ff83826321942baec7935c6eac9146e7a89b5c4e72cb75408ba32246,5ad8135dc2b5f27de0b777acd317855a,1,2026-09-15T00:15:00Z,Kansas City Chiefs,Denver Broncos,spreads,alternate_spreads,,-9.5,Denver Broncos,9.5,draftkings,-299,1.334448160535117,0.7224915357796409,1.1266186184737248,2026-09-06T21:08:21Z,42.638292,conditional_non_push,,market_consensus_no_model,live_snapshot_not_T60,pinnacle,75f30adaea35a314c00288ae,0.7438168946226291,0.7438168946226291,-290.3458030641594,-8.654196935840616,2,OK,-299,draftkings,,False,False,2.5,closest_offered_consensus_to_50pct_no_interpolation
878349f71c1c4264fb5923e5,2026-09-06T21:09:03.638292+00:00,f6b154b1ff83826321942baec7935c6eac9146e7a89b5c4e72cb75408ba32246,5ad8135dc2b5f27de0b777acd317855a,1,2026-09-15T00:15:00Z,Kansas City Chiefs,Denver Broncos,spreads,alternate_spreads,,-9.5,Denver Broncos,9.5,fanduel,-370,1.2702702702702702,0.7651422534656175,1.1189811400301246,2026-09-06T21:08:54Z,9.638292,conditional_non_push,,market_consensus_no_model,live_snapshot_not_T60,pinnacle,75f30adaea35a314c00288ae,0.7438168946226291,0.7438168946226291,-290.3458030641594,-79.65419693584062,2,OK,-299,draftkings,,False,False,2.5,closest_offered_consensus_to_50pct_no_interpolation
1b5abb74d3227b3d8bd8ee2e,2026-09-06T21:09:03.638292+00:00,f6b154b1ff83826321942baec7935c6eac9146e7a89b5c4e72cb75408ba32246,5ad8135dc2b5f27de0b777acd317855a,1,2026-09-15T00:15:00Z,Kansas City Chiefs,Denver Broncos,spreads,alternate_spreads,,9.5,Kansas City Chiefs,9.5,draftkings,-587,1.170357751277683,0.8325973274609844,1.1646161627112077,2026-09-06T21:08:21Z,42.638292,conditional_non_push,,market_consensus_no_model,live_snapshot_not_T60,pinnacle,568f41f75a0739e7640d2ed9,0.8465417567002886,0.8465417567002886,-551.6430649130732,-35.356935086926796,2,OK,-587,draftkings,,False,False,-2.5,closest_offered_consensus_to_50pct_no_interpolation
d57dd959e9c2d00a36c31b7e,2026-09-06T21:09:03.638292+00:00,f6b154b1ff83826321942baec7935c6eac9146e7a89b5c4e72cb75408ba32246,5ad8135dc2b5f27de0b777acd317855a,1,2026-09-15T00:15:00Z,Kansas City Chiefs,Denver Broncos,spreads,alternate_spreads,,9.5,Kansas City Chiefs,9.5,fanduel,-720,1.1388888888888888,0.860486185939593,1.1553564224932553,2026-09-06T21:08:54Z,9.638292,conditional_non_push,,market_consensus_no_model,live_snapshot_not_T60,pinnacle,568f41f75a0739e7640d2ed9,0.8465417567002886,0.8465417567002886,-551.6430649130732,-168.3569350869268,2,OK,-587,draftkings,,False,False,-2.5,closest_offered_consensus_to_50pct_no_interpolation
c4574376a788c4c1cc81df25,2026-09-06T21:09:03.638292+00:00,f6b154b1ff83826321942baec7935c6eac9146e7a89b5c4e72cb75408ba32246,5ad8135dc2b5f27de0b777acd317855a,1,2026-09-15T00:15:00Z,Kansas City Chiefs,Denver Broncos,totals,alternate_totals,,17.5,Over,17.5,fanduel,-50000,1.002,0.9968018751708067,1.6032259715888264,2026-09-06T21:08:54Z,9.638292,conditional_non_push,,market_consensus_no_model,live_snapshot_not_T60,pinnacle,783d2000533c3f3e32d48ac9,0.9968018751708067,0.9968018751708067,-31168.322951991406,-18831.677048008594,1,FEWER_THAN_TWO_BOOKS,-50000,fanduel,,False,False,43.5,closest_offered_consensus_to_50pct_no_interpolation
80f503c95236d77754c1eef2,2026-09-06T21:09:03.638292+00:00,f6b154b1ff83826321942baec7935c6eac9146e7a89b5c4e72cb75408ba32246,5ad8135dc2b5f27de0b777acd317855a,1,2026-09-15T00:15:00Z,Kansas City Chiefs,Denver Broncos,totals,alternate_totals,,17.5,Under,17.5,fanduel,3500,36.0,0.0031981248291934605,1.6032259715888264,2026-09-06T21:08:54Z,9.638292,conditional_non_push,,market_consensus_no_model,live_snapshot_not_T60,pinnacle,783d2000533c3f3e32d48ac9,0.0031981248291934605,0.0031981248291934605,31168.322951990318,-27668.322951990318,1,FEWER_THAN_TWO_BOOKS,3500,fanduel,,False,False,43.5,closest_offered_consensus_to_50pct_no_interpolation
3bc49bfb46a696d6b2622408,2026-09-06T21:09:03.638292+00:00,f6b154b1ff83826321942baec7935c6eac9146e7a89b5c4e72cb75408ba32246,5ad8135dc2b5f27de0b777acd317855a,1,2026-09-15T00:15:00Z,Kansas City Chiefs,Denver Broncos,totals,alternate_totals,,18.5,Over,18.5,fanduel,-50000,1.002,0.9968018751708067,1.6032259715888264,2026-09-06T21:08:54Z,9.638292,conditional_non_push,,market_consensus_no_model,live_snapshot_not_T60,pinnacle,260f10f549d7332798999b6e,0.9968018751708067,0.9968018751708067,-31168.322951991406,-18831.677048008594,1,FEWER_THAN_TWO_BOOKS,-50000,fanduel,,False,False,43.5,closest_offered_consensus_to_50pct_no_interpolation
5f24ecbe0bf3f06b146adfd8,2026-09-06T21:09:03.638292+00:00,f6b154b1ff83826321942baec7935c6eac9146e7a89b5c4e72cb75408ba32246,5ad8135dc2b5f27de0b777acd317855a,1,2026-09-15T00:15:00Z,Kansas City Chiefs,Denver Broncos,totals,alternate_totals,,18.5,Under,18.5,fanduel,3500,36.0,0.0031981248291934605,1.6032259715888264,2026-09-06T21:08:54Z,9.638292,conditional_non_push,,market_consensus_no_model,live_snapshot_not_T60,pinnacle,260f10f549d7332798999b6e,0.0031981248291934605,0.0031981248291934605,31168.322951990318,-27668.322951990318,1,FEWER_THAN_TWO_BOOKS,3500,fanduel,,False,False,43.5,closest_offered_consensus_to_50pct_no_interpolation
2861b119486496d4ee33b1ad,2026-09-06T21:09:03.638292+00:00,f6b154b1ff83826321942baec7935c6eac9146e7a89b5c4e72cb75408ba32246,5ad8135dc2b5f27de0b777acd317855a,1,2026-09-15T00:15:00Z,Kansas City Chiefs,Denver Broncos,totals,alternate_totals,,19.5,Over,19.5,fanduel,-20000,1.005,0.9922907259594774,1.551695177522936,2026-09-06T21:08:54Z,9.638292,conditional_non_push,,market_consensus_no_model,live_snapshot_not_T60,pinnacle,d422d7dd66d62d7c176ef5ce,0.9922907259594772,0.9922907259594772,-12871.38997451161,-7128.6100254883895,1,FEWER_THAN_TWO_BOOKS,-20000,fanduel,,False,False,43.5,closest_offered_consensus_to_50pct_no_interpolation
ab7d94c9cdc8a95b0965390e,2026-09-06T21:09:03.638292+00:00,f6b154b1ff83826321942baec7935c6eac9146e7a89b5c4e72cb75408ba32246,5ad8135dc2b5f27de0b777acd317855a,1,2026-09-15T00:15:00Z,Kansas City Chiefs,Denver Broncos,totals,alternate_totals,,19.5,Under,19.5,fanduel,2200,23.0,0.00770927404052269,1.551695177522936,2026-09-06T21:08:54Z,9.638292,conditional_non_push,,market_consensus_no_model,live_snapshot_not_T60,pinnacle,d422d7dd66d62d7c176ef5ce,0.007709274040522688,0.007709274040522688,12871.38997451179,-10671.38997451179,1,FEWER_THAN_TWO_BOOKS,2200,fanduel,,False,False,43.5,closest_offered_consensus_to_50pct_no_interpolation
0de9c9c93aa83d8d6b0c4e15,2026-09-06T21:09:03.638292+00:00,f6b154b1ff83826321942baec7935c6eac9146e7a89b5c4e72cb75408ba32246,5ad8135dc2b5f27de0b777acd317855a,1,2026-09-15T00:15:00Z,Kansas City Chiefs,Denver Broncos,totals,alternate_totals,,20.5,Over,20.5,fanduel,-10000,1.01,0.9857394813680388,1.4434873757030022,2026-09-06T21:08:54Z,9.638292,conditional_non_push,,market_consensus_no_model,live_snapshot_not_T60,pinnacle,8d4eff000b33ededc7127d51,0.9857394813680388,0.9857394813680388,-6912.36768316941,-3087.63231683059,1,FEWER_THAN_TWO_BOOKS,-10000,fanduel,,False,False,43.5,closest_offered_consensus_to_50pct_no_interpolation
9324c7ab9d64ef5472e1820b,2026-09-06T21:09:03.638292+00:00,f6b154b1ff83826321942baec7935c6eac9146e7a89b5c4e72cb75408ba32246,5ad8135dc2b5f27de0b777acd317855a,1,2026-09-15T00:15:00Z,Kansas City Chiefs,Denver Broncos,totals,alternate_totals,,20.5,Under,20.5,fanduel,1800,19.0,0.014260518631961311,1.4434873757030022,2026-09-06T21:08:54Z,9.638292,conditional_non_push,,market_consensus_no_model,live_snapshot_not_T60,pinnacle,8d4eff000b33ededc7127d51,0.014260518631961311,0.014260518631961311,6912.367683169357,-5112.367683169357,1,FEWER_THAN_TWO_BOOKS,1800,fanduel,,False,False,43.5,closest_offered_consensus_to_50pct_no_interpolation
b092448c9b94b6c705def918,2026-09-06T21:09:03.638292+00:00,f6b154b1ff83826321942baec7935c6eac9146e7a89b5c4e72cb75408ba32246,5ad8135dc2b5f27de0b777acd317855a,1,2026-09-15T00:15:00Z,Kansas City Chiefs,Denver Broncos,totals,alternate_totals,,21.5,Over,21.5,fanduel,-10000,1.01,0.9855252573313199,1.4653305484836974,2026-09-06T21:08:54Z,9.638292,conditional_non_push,,market_consensus_no_model,live_snapshot_not_T60,pinnacle,1d670006293c81862dfb9f04,0.9855252573313199,0.9855252573313199,-6808.585685352199,-3191.414314647801,1,FEWER_THAN_TWO_BOOKS,-10000,fanduel,,False,False,43.5,closest_offered_consensus_to_50pct_no_interpolation
78ee185522c41a77b36f642a,2026-09-06T21:09:03.638292+00:00,f6b154b1ff83826321942baec7935c6eac9146e7a89b5c4e72cb75408ba32246,5ad8135dc2b5f27de0b777acd317855a,1,2026-09-15T00:15:00Z,Kansas City Chiefs,Denver Broncos,totals,alternate_totals,,21.5,Under,21.5,fanduel,1700,18.0,0.014474742668680202,1.4653305484836974,2026-09-06T21:08:54Z,9.638292,conditional_non_push,,market_consensus_no_model,live_snapshot_not_T60,pinnacle,1d670006293c81862dfb9f04,0.014474742668680202,0.014474742668680202,6808.585685352148,-5108.585685352148,1,FEWER_THAN_TWO_BOOKS,1700,fanduel,,False,False,43.5,closest_offered_consensus_to_50pct_no_interpolation
7127941aa791d679d04cc500,2026-09-06T21:09:03.638292+00:00,f6b154b1ff83826321942baec7935c6eac9146e7a89b5c4e72cb75408ba32246,5ad8135dc2b5f27de0b777acd317855a,1,2026-09-15T00:15:00Z,Kansas City Chiefs,Denver Broncos,totals,alternate_totals,,22.5,Over,22.5,draftkings,-10000,1.01,0.9841450783237288,1.6061732732983645,2026-09-06T21:08:21Z,42.638292,conditional_non_push,,market_consensus_no_model,live_snapshot_not_T60,pinnacle,e73f151b85920dfca92273cc,0.9821464174643303,0.9821464174643303,-5501.116739467264,-4498.883260532736,2,OK,-7000,fanduel,,False,False,43.5,closest_offered_consensus_to_50pct_no_interpolation
b5728a24f31a388123067fc8,2026-09-06T21:09:03.638292+00:00,f6b154b1ff83826321942baec7935c6eac9146e7a89b5c4e72cb75408ba32246,5ad8135dc2b5f27de0b777acd317855a,1,2026-09-15T00:15:00Z,Kansas City Chiefs,Denver Broncos,totals,alternate_totals,,22.5,Over,22.5,fanduel,-7000,1.0142857142857142,0.9801477566049323,1.4136385355001044,2026-09-06T21:08:54Z,9.638292,conditional_non_push,,market_consensus_no_model,live_snapshot_not_T60,pinnacle,e73f151b85920dfca92273cc,0.9821464174643303,0.9821464174643303,-5501.116739467264,-1498.8832605327361,2,OK,-7000,fanduel,,False,False,43.5,closest_offered_consensus_to_50pct_no_interpolation
186c8d6269bc7a039e22456c,2026-09-06T21:09:03.638292+00:00,f6b154b1ff83826321942baec7935c6eac9146e7a89b5c4e72cb75408ba32246,5ad8135dc2b5f27de0b777acd317855a,1,2026-09-15T00:15:00Z,Kansas City Chiefs,Denver Broncos,totals,alternate_totals,,22.5,Under,22.5,draftkings,1220,13.2,0.015854921676271384,1.6061732732983645,2026-09-06T21:08:21Z,42.638292,conditional_non_push,,market_consensus_no_model,live_snapshot_not_T60,pinnacle,e73f151b85920dfca92273cc,0.017853582535669616,0.017853582535669616,5501.116739467293,-4281.116739467293,2,OK,1500,fanduel,,False,False,43.5,closest_offered_consensus_to_50pct_no_interpolation
746b82e35c2183e23685f1ed,2026-09-06T21:09:03.638292+00:00,f6b154b1ff83826321942baec7935c6eac9146e7a89b5c4e72cb75408ba32246,5ad8135dc2b5f27de0b777acd317855a,1,2026-09-15T00:15:00Z,Kansas City Chiefs,Denver Broncos,totals,alternate_totals,,22.5,Under,22.5,fanduel,1500,16.0,0.019852243395067852,1.4136385355001044,2026-09-06T21:08:54Z,9.638292,conditional_non_push,,market_consensus_no_model,live_snapshot_not_T60,pinnacle,e73f151b85920dfca92273cc,0.017853582535669616,0.017853582535669616,5501.116739467293,-4001.116739467293,2,OK,1500,fanduel,,False,False,43.5,closest_offered_consensus_to_50pct_no_interpolation
9e3787c123207ea40070cb31,2026-09-06T21:09:03.638292+00:00,f6b154b1ff83826321942baec7935c6eac9146e7a89b5c4e72cb75408ba32246,5ad8135dc2b5f27de0b777acd317855a,1,2026-09-15T00:15:00Z,Kansas City Chiefs,Denver Broncos,totals,alternate_totals,,23.5,Over,23.5,draftkings,-5600,1.0178571428571428,0.9738469357948161,1.4972751974883534,2026-09-06T21:08:21Z,42.638292,conditional_non_push,,market_consensus_no_model,live_snapshot_not_T60,pinnacle,0df4e35ab96a5bb870fdd26d,0.973526228084326,0.973526228084326,-3677.3234701321185,-1922.6765298678815,2,OK,-5000,fanduel,,False,False,43.5,closest_offered_consensus_to_50pct_no_interpolation
481f246d98b8445c48a63e3f,2026-09-06T21:09:03.638292+00:00,f6b154b1ff83826321942baec7935c6eac9146e7a89b5c4e72cb75408ba32246,5ad8135dc2b5f27de0b777acd317855a,1,2026-09-15T00:15:00Z,Kansas City Chiefs,Denver Broncos,totals,alternate_totals,,23.5,Over,23.5,fanduel,-5000,1.02,0.9732055203738359,1.371534962944137,2026-09-06T21:08:54Z,9.638292,conditional_non_push,,market_consensus_no_model,live_snapshot_not_T60,pinnacle,0df4e35ab96a5bb870fdd26d,0.973526228084326,0.973526228084326,-3677.3234701321185,-1322.6765298678815,2,OK,-5000,fanduel,,False,False,43.5,closest_offered_consensus_to_50pct_no_interpolation
2b1610c6256eb0771e27d671,2026-09-06T21:09:03.638292+00:00,f6b154b1ff83826321942baec7935c6eac9146e7a89b5c4e72cb75408ba32246,5ad8135dc2b5f27de0b777acd317855a,1,2026-09-15T00:15:00Z,Kansas City Chiefs,Denver Broncos,totals,alternate_totals,,23.5,Under,23.5,draftkings,1040,11.4,0.02615306420518404,1.4972751974883534,2026-09-06T21:08:21Z,42.638292,conditional_non_push,,market_consensus_no_model,live_snapshot_not_T60,pinnacle,0df4e35ab96a5bb870fdd26d,0.026473771915674096,0.026473771915674096,3677.323470132107,-2637.323470132107,2,OK,1300,fanduel,,False,False,43.5,closest_offered_consensus_to_50pct_no_interpolation
7d7fa54e6c997e709180748d,2026-09-06T21:09:03.638292+00:00,f6b154b1ff83826321942baec7935c6eac9146e7a89b5c4e72cb75408ba32246,5ad8135dc2b5f27de0b777acd317855a,1,2026-09-15T00:15:00Z,Kansas City Chiefs,Denver Broncos,totals,alternate_totals,,23.5,Under,23.5,fanduel,1300,14.0,0.02679447962616415,1.371534962944137,2026-09-06T21:08:54Z,9.638292,conditional_non_push,,market_consensus_no_model,live_snapshot_not_T60,pinnacle,0df4e35ab96a5bb870fdd26d,0.026473771915674096,0.026473771915674096,3677.323470132107,-2377.323470132107,2,OK,1300,fanduel,,False,False,43.5,closest_offered_consensus_to_50pct_no_interpolation
87d94aab8e0933c23cd99667,2026-09-06T21:09:03.638292+00:00,f6b154b1ff83826321942baec7935c6eac9146e7a89b5c4e72cb75408ba32246,5ad8135dc2b5f27de0b777acd317855a,1,2026-09-15T00:15:00Z,Kansas City Chiefs,Denver Broncos,totals,alternate_totals,,24.5,Over,24.5,draftkings,-4100,1.024390243902439,0.966160189114853,1.4285945675203573,2026-09-06T21:08:21Z,42.638292,conditional_non_push,,market_consensus_no_model,live_snapshot_not_T60,pinnacle,289f9f9a7d4f3e493c66103c,0.9664523366284101,0.9664523366284101,-2880.8335350320062,-1219.1664649679938,2,OK,-4000,fanduel,,False,False,43.5,closest_offered_consensus_to_50pct_no_interpolation
665cc156f1a1fa0d4eaee0e1,2026-09-06T21:09:03.638292+00:00,f6b154b1ff83826321942baec7935c6eac9146e7a89b5c4e72cb75408ba32246,5ad8135dc2b5f27de0b777acd317855a,1,2026-09-15T00:15:00Z,Kansas City Chiefs,Denver Broncos,totals,alternate_totals,,24.5,Over,24.5,fanduel,-4000,1.025,0.9667444841419672,1.3696830967319413,2026-09-06T21:08:54Z,9.638292,conditional_non_push,,market_consensus_no_model,live_snapshot_not_T60,pinnacle,289f9f9a7d4f3e493c66103c,0.9664523366284101,0.9664523366284101,-2880.8335350320062,-1119.1664649679938,2,OK,-4000,fanduel,,False,False,43.5,closest_offered_consensus_to_50pct_no_interpolation
01fc8d6e666838659df16a6c,2026-09-06T21:09:03.638292+00:00,f6b154b1ff83826321942baec7935c6eac9146e7a89b5c4e72cb75408ba32246,5ad8135dc2b5f27de0b777acd317855a,1,2026-09-15T00:15:00Z,Kansas City Chiefs,Denver Broncos,totals,alternate_totals,,24.5,Under,24.5,draftkings,970,10.7,0.0338398108851471,1.4285945675203573,2026-09-06T21:08:21Z,42.638292,conditional_non_push,,market_consensus_no_model,live_snapshot_not_T60,pinnacle,289f9f9a7d4f3e493c66103c,0.033547663371589986,0.033547663371589986,2880.8335350319967,-1910.8335350319967,2,OK,1100,fanduel,,False,False,43.5,closest_offered_consensus_to_50pct_no_interpolation
273d03c2a799100dd39a13ca,2026-09-06T21:09:03.638292+00:00,f6b154b1ff83826321942baec7935c6eac9146e7a89b5c4e72cb75408ba32246,5ad8135dc2b5f27de0b777acd317855a,1,2026-09-15T00:15:00Z,Kansas City Chiefs,Denver Broncos,totals,alternate_totals,,24.5,Under,24.5,fanduel,1100,12.0,0.033255515858032866,1.3696830967319413,2026-09-06T21:08:54Z,9.638292,conditional_non_push,,market_consensus_no_model,live_snapshot_not_T60,pinnacle,289f9f9a7d4f3e493c66103c,0.033547663371589986,0.033547663371589986,2880.8335350319967,-1780.8335350319967,2,OK,1100,fanduel,,False,False,43.5,closest_offered_consensus_to_50pct_no_interpolation
df1402dd030af0ee75d5787f,2026-09-06T21:09:03.638292+00:00,f6b154b1ff83826321942baec7935c6eac9146e7a89b5c4e72cb75408ba32246,5ad8135dc2b5f27de0b777acd317855a,1,2026-09-15T00:15:00Z,Kansas City Chiefs,Denver Broncos,totals,alternate_totals,,25.5,Over,25.5,draftkings,-2800,1.0357142857142858,0.9535079892886376,1.3566738248933987,2026-09-06T21:08:21Z,42.638292,conditional_non_push,,market_consensus_no_model,live_snapshot_not_T60,pinnacle,34729529e486282fe7ac79b4,0.9581833001664495,0.9581833001664495,-2291.3890956973046,-508.6109043026954,2,OK,-2800,draftkings,,False,False,43.5,closest_offered_consensus_to_50pct_no_interpolation
6772b761fc63f93883aafa7f,2026-09-06T21:09:03.638292+00:00,f6b154b1ff83826321942baec7935c6eac9146e7a89b5c4e72cb75408ba32246,5ad8135dc2b5f27de0b777acd317855a,1,2026-09-15T00:15:00Z,Kansas City Chiefs,Denver Broncos,totals,alternate_totals,,25.5,Over,25.5,fanduel,-3500,1.0285714285714285,0.9628586110442617,1.3435399740514984,2026-09-06T21:08:54Z,9.638292,conditional_non_push,,market_consensus_no_model,live_snapshot_not_T60,pinnacle,34729529e486282fe7ac79b4,0.9581833001664495,0.9581833001664495,-2291.3890956973046,-1208.6109043026954,2,OK,-2800,draftkings,,False,False,43.5,closest_offered_consensus_to_50pct_no_interpolation
06cae453697d81baf69ae5f2,2026-09-06T21:09:03.638292+00:00,f6b154b1ff83826321942baec7935c6eac9146e7a89b5c4e72cb75408ba32246,5ad8135dc2b5f27de0b777acd317855a,1,2026-09-15T00:15:00Z,Kansas City Chiefs,Denver Broncos,totals,alternate_totals,,25.5,Under,25.5,draftkings,860,9.6,0.046492010711362546,1.3566738248933987,2026-09-06T21:08:21Z,42.638292,conditional_non_push,,market_consensus_no_model,live_snapshot_not_T60,pinnacle,34729529e486282fe7ac79b4,0.04181669983355046,0.04181669983355046,2291.389095697308,-1431.3890956973082,2,OK,1060,fanduel,,False,False,43.5,closest_offered_consensus_to_50pct_no_interpolation
c2acd2855c3f63d6d2a16869,2026-09-06T21:09:03.638292+00:00,f6b154b1ff83826321942baec7935c6eac9146e7a89b5c4e72cb75408ba32246,5ad8135dc2b5f27de0b777acd317855a,1,2026-09-15T00:15:00Z,Kansas City Chiefs,Denver Broncos,totals,alternate_totals,,25.5,Under,25.5,fanduel,1060,11.6,0.037141388955738375,1.3435399740514984,2026-09-06T21:08:54Z,9.638292,conditional_non_push,,market_consensus_no_model,live_snapshot_not_T60,pinnacle,34729529e486282fe7ac79b4,0.04181669983355046,0.04181669983355046,2291.389095697308,-1231.3890956973082,2,OK,1060,fanduel,,False,False,43.5,closest_offered_consensus_to_50pct_no_interpolation
74c254d1995ccbdf59001a0f,2026-09-06T21:09:03.638292+00:00,f6b154b1ff83826321942baec7935c6eac9146e7a89b5c4e72cb75408ba32246,5ad8135dc2b5f27de0b777acd317855a,1,2026-09-15T00:15:00Z,Kansas City Chiefs,Denver Broncos,totals,alternate_totals,,26.5,Over,26.5,draftkings,-1900,1.0526315789473684,0.9356634816217521,1.2964539736860035,2026-09-06T21:08:21Z,42.638292,conditional_non_push,,market_consensus_no_model,live_snapshot_not_T60,pinnacle,045f40dd0ea59c6031e2548e,0.9402704185203332,0.9402704185203332,-1574.2123002158005,-325.7876997841995,2,OK,-1900,draftkings,,False,False,43.5,closest_offered_consensus_to_50pct_no_interpolation
ac4d4997d2b2e49daee48e44,2026-09-06T21:09:03.638292+00:00,f6b154b1ff83826321942baec7935c6eac9146e7a89b5c4e72cb75408ba32246,5ad8135dc2b5f27de0b777acd317855a,1,2026-09-15T00:15:00Z,Kansas City Chiefs,Denver Broncos,totals,alternate_totals,,26.5,Over,26.5,fanduel,-2200,1.0454545454545454,0.9448773554189145,1.2755431788789866,2026-09-06T21:08:54Z,9.638292,conditional_non_push,,market_consensus_no_model,live_snapshot_not_T60,pinnacle,045f40dd0ea59c6031e2548e,0.9402704185203332,0.9402704185203332,-1574.2123002158005,-625.7876997841995,2,OK,-1900,draftkings,,False,False,43.5,closest_offered_consensus_to_50pct_no_interpolation
199473e0fea098407af291fd,2026-09-06T21:09:03.638292+00:00,f6b154b1ff83826321942baec7935c6eac9146e7a89b5c4e72cb75408ba32246,5ad8135dc2b5f27de0b777acd317855a,1,2026-09-15T00:15:00Z,Kansas City Chiefs,Denver Broncos,totals,alternate_totals,,26.5,Under,26.5,draftkings,730,8.3,0.06433651837824807,1.2964539736860035,2026-09-06T21:08:21Z,42.638292,conditional_non_push,,market_consensus_no_model,live_snapshot_not_T60,pinnacle,045f40dd0ea59c6031e2548e,0.05972958147966685,0.05972958147966685,1574.2123002157985,-844.2123002157985,2,OK,870,fanduel,,False,False,43.5,closest_offered_consensus_to_50pct_no_interpolation
1faaf8b4750f2b1356101f8a,2026-09-06T21:09:03.638292+00:00,f6b154b1ff83826321942baec7935c6eac9146e7a89b5c4e72cb75408ba32246,5ad8135dc2b5f27de0b777acd317855a,1,2026-09-15T00:15:00Z,Kansas City Chiefs,Denver Broncos,totals,alternate_totals,,26.5,Under,26.5,fanduel,870,9.7,0.05512264458108564,1.2755431788789866,2026-09-06T21:08:54Z,9.638292,conditional_non_push,,market_consensus_no_model,live_snapshot_not_T60,pinnacle,045f40dd0ea59c6031e2548e,0.05972958147966685,0.05972958147966685,1574.2123002157985,-704.2123002157985,2,OK,870,fanduel,,False,False,43.5,closest_offered_consensus_to_50pct_no_interpolation
c4c9aee77f62af8289274360,2026-09-06T21:09:03.638292+00:00,f6b154b1ff83826321942baec7935c6eac9146e7a89b5c4e72cb75408ba32246,5ad8135dc2b5f27de0b777acd317855a,1,2026-09-15T00:15:00Z,Kansas City Chiefs,Denver Broncos,totals,alternate_totals,,27.5,Over,27.5,draftkings,-1380,1.0724637681159421,0.9163763826185338,1.2482827682389912,2026-09-06T21:08:21Z,42.638292,conditional_non_push,,market_consensus_no_model,live_snapshot_not_T60,pinnacle,da12c4269d02130e844cd623,0.9222524315749854,0.9222524315749854,-1186.2138588481675,-193.78614115183245,2,OK,-1380,draftkings,,False,False,43.5,closest_offered_consensus_to_50pct_no_interpolation
45cafde5be0a1ae8cffecd22,2026-09-06T21:09:03.638292+00:00,f6b154b1ff83826321942baec7935c6eac9146e7a89b5c4e72cb75408ba32246,5ad8135dc2b5f27de0b777acd317855a,1,2026-09-15T00:15:00Z,Kansas City Chiefs,Denver Broncos,totals,alternate_totals,,27.5,Over,27.5,fanduel,-1600,1.0625,0.928128480531437,1.230277479608839,2026-09-06T21:08:54Z,9.638292,conditional_non_push,,market_consensus_no_model,live_snapshot_not_T60,pinnacle,da12c4269d02130e844cd623,0.9222524315749854,0.9222524315749854,-1186.2138588481675,-413.78614115183245,2,OK,-1380,draftkings,,False,False,43.5,closest_offered_consensus_to_50pct_no_interpolation
946f8b1358b174d450890b83,2026-09-06T21:09:03.638292+00:00,f6b154b1ff83826321942baec7935c6eac9146e7a89b5c4e72cb75408ba32246,5ad8135dc2b5f27de0b777acd317855a,1,2026-09-15T00:15:00Z,Kansas City Chiefs,Denver Broncos,totals,alternate_totals,,27.5,Under,27.5,draftkings,630,7.3,0.08362361738146636,1.2482827682389912,2026-09-06T21:08:21Z,42.638292,conditional_non_push,,market_consensus_no_model,live_snapshot_not_T60,pinnacle,da12c4269d02130e844cd623,0.07774756842501473,0.07774756842501473,1186.2138588481655,-556.2138588481655,2,OK,750,fanduel,,False,False,43.5,closest_offered_consensus_to_50pct_no_interpolation
fb41b2394a14adce179dd61e,2026-09-06T21:09:03.638292+00:00,f6b154b1ff83826321942baec7935c6eac9146e7a89b5c4e72cb75408ba32246,5ad8135dc2b5f27de0b777acd317855a,1,2026-09-15T00:15:00Z,Kansas City Chiefs,Denver Broncos,totals,alternate_totals,,27.5,Under,27.5,fanduel,750,8.5,0.0718715194685631,1.230277479608839,2026-09-06T21:08:54Z,9.638292,conditional_non_push,,market_consensus_no_model,live_snapshot_not_T60,pinnacle,da12c4269d02130e844cd623,0.07774756842501473,0.07774756842501473,1186.2138588481655,-436.2138588481655,2,OK,750,fanduel,,False,False,43.5,closest_offered_consensus_to_50pct_no_interpolation
2ed25808cbed85079a3e1577,2026-09-06T21:09:03.638292+00:00,f6b154b1ff83826321942baec7935c6eac9146e7a89b5c4e72cb75408ba32246,5ad8135dc2b5f27de0b777acd317855a,1,2026-09-15T00:15:00Z,Kansas City Chiefs,Denver Broncos,totals,alternate_totals,,28.5,Over,28.5,draftkings,-1160,1.0862068965517242,0.9034409018694964,1.2279897722255422,2026-09-06T21:08:21Z,42.638292,conditional_non_push,,market_consensus_no_model,live_snapshot_not_T60,pinnacle,d91e22680191cfb8d8cb9599,0.9112382497821896,0.9112382497821896,-1026.6114036126182,-133.38859638738177,2,OK,-1160,draftkings,,False,False,43.5,closest_offered_consensus_to_50pct_no_interpolation
e7c6b678d9fd858b297586d4,2026-09-06T21:09:03.638292+00:00,f6b154b1ff83826321942baec7935c6eac9146e7a89b5c4e72cb75408ba32246,5ad8135dc2b5f27de0b777acd317855a,1,2026-09-15T00:15:00Z,Kansas City Chiefs,Denver Broncos,totals,alternate_totals,,28.5,Over,28.5,fanduel,-1400,1.0714285714285714,0.9190355976948827,1.2237557345683783,2026-09-06T21:08:54Z,9.638292,conditional_non_push,,market_consensus_no_model,live_snapshot_not_T60,pinnacle,d91e22680191cfb8d8cb9599,0.9112382497821896,0.9112382497821896,-1026.6114036126182,-373.38859638738177,2,OK,-1160,draftkings,,False,False,43.5,closest_offered_consensus_to_50pct_no_interpolation
8ca44c1afe4a8104858822b7,2026-09-06T21:09:03.638292+00:00,f6b154b1ff83826321942baec7935c6eac9146e7a89b5c4e72cb75408ba32246,5ad8135dc2b5f27de0b777acd317855a,1,2026-09-15T00:15:00Z,Kansas City Chiefs,Denver Broncos,totals,alternate_totals,,28.5,Under,28.5,draftkings,571,6.71,0.09655909813050367,1.2279897722255422,2026-09-06T21:08:21Z,42.638292,conditional_non_push,,market_consensus_no_model,live_snapshot_not_T60,pinnacle,d91e22680191cfb8d8cb9599,0.08876175021781052,0.08876175021781052,1026.6114036126166,-455.61140361261664,2,OK,680,fanduel,,False,False,43.5,closest_offered_consensus_to_50pct_no_interpolation
284615cfd4a8086a2c77ab0c,2026-09-06T21:09:03.638292+00:00,f6b154b1ff83826321942baec7935c6eac9146e7a89b5c4e72cb75408ba32246,5ad8135dc2b5f27de0b777acd317855a,1,2026-09-15T00:15:00Z,Kansas City Chiefs,Denver Broncos,totals,alternate_totals,,28.5,Under,28.5,fanduel,680,7.8,0.08096440230511735,1.2237557345683783,2026-09-06T21:08:54Z,9.638292,conditional_non_push,,market_consensus_no_model,live_snapshot_not_T60,pinnacle,d91e22680191cfb8d8cb9599,0.08876175021781052,0.08876175021781052,1026.6114036126166,-346.61140361261664,2,OK,680,fanduel,,False,False,43.5,closest_offered_consensus_to_50pct_no_interpolation
1228cc94fdb8bb4e22f60d12,2026-09-06T21:09:03.638292+00:00,f6b154b1ff83826321942baec7935c6eac9146e7a89b5c4e72cb75408ba32246,5ad8135dc2b5f27de0b777acd317855a,1,2026-09-15T00:15:00Z,Kansas City Chiefs,Denver Broncos,totals,alternate_totals,,29.5,Over,29.5,draftkings,-870,1.1149425287356323,0.8777040685464413,1.198918797837127,2026-09-06T21:08:21Z,42.638292,conditional_non_push,,market_consensus_no_model,live_snapshot_not_T60,pinnacle,361d18cc4e72ed04b3647365,0.8854428945355749,0.8854428945355749,-772.9270837857744,-97.07291621422564,2,OK,-870,draftkings,,False,False,43.5,closest_offered_consensus_to_50pct_no_interpolation
216d91878a2e5e149d590d0a,2026-09-06T21:09:03.638292+00:00,f6b154b1ff83826321942baec7935c6eac9146e7a89b5c4e72cb75408ba32246,5ad8135dc2b5f27de0b777acd317855a,1,2026-09-15T00:15:00Z,Kansas City Chiefs,Denver Broncos,totals,alternate_totals,,29.5,Over,29.5,fanduel,-1000,1.1,0.8931817205247089,1.1852377638063105,2026-09-06T21:08:54Z,9.638292,conditional_non_push,,market_consensus_no_model,live_snapshot_not_T60,pinnacle,361d18cc4e72ed04b3647365,0.8854428945355749,0.8854428945355749,-772.9270837857744,-227.07291621422564,2,OK,-870,draftkings,,False,False,43.5,closest_offered_consensus_to_50pct_no_interpolation
781803ef682fc3b1125df43b,2026-09-06T21:09:03.638292+00:00,f6b154b1ff83826321942baec7935c6eac9146e7a89b5c4e72cb75408ba32246,5ad8135dc2b5f27de0b777acd317855a,1,2026-09-15T00:15:00Z,Kansas City Chiefs,Denver Broncos,totals,alternate_totals,,29.5,Under,29.5,draftkings,477,5.77,0.12229593145355877,1.198918797837127,2026-09-06T21:08:21Z,42.638292,conditional_non_push,,market_consensus_no_model,live_snapshot_not_T60,pinnacle,361d18cc4e72ed04b3647365,0.11455710546442498,0.11455710546442498,772.9270837857753,-295.92708378577527,2,OK,560,fanduel,,False,False,43.5,closest_offered_consensus_to_50pct_no_interpolation
29bc9bb12e6ee60b501a8f52,2026-09-06T21:09:03.638292+00:00,f6b154b1ff83826321942baec7935c6eac9146e7a89b5c4e72cb75408ba32246,5ad8135dc2b5f27de0b777acd317855a,1,2026-09-15T00:15:00Z,Kansas City Chiefs,Denver Broncos,totals,alternate_totals,,29.5,Under,29.5,fanduel,560,6.6,0.10681827947529124,1.1852377638063105,2026-09-06T21:08:54Z,9.638292,conditional_non_push,,market_consensus_no_model,live_snapshot_not_T60,pinnacle,361d18cc4e72ed04b3647365,0.11455710546442498,0.11455710546442498,772.9270837857753,-212.92708378577527,2,OK,560,fanduel,,False,False,43.5,closest_offered_consensus_to_50pct_no_interpolation
4d5ffb33d9afe4cb1d3e58a9,2026-09-06T21:09:03.638292+00:00,f6b154b1ff83826321942baec7935c6eac9146e7a89b5c4e72cb75408ba32246,5ad8135dc2b5f27de0b777acd317855a,1,2026-09-15T00:15:00Z,Kansas City Chiefs,Denver Broncos,totals,alternate_totals,,30.5,Over,30.5,draftkings,-690,1.144927536231884,0.8525080139838062,1.1790385703465227,2026-09-06T21:08:21Z,42.638292,conditional_non_push,,market_consensus_no_model,live_snapshot_not_T60,pinnacle,7925065dc493df0cea227703,0.860106255105513,0.860106255105513,-614.828243932019,-75.17175606798105,2,OK,-690,draftkings,,False,False,43.5,closest_offered_consensus_to_50pct_no_interpolation
f407ca740066989866032422,2026-09-06T21:09:03.638292+00:00,f6b154b1ff83826321942baec7935c6eac9146e7a89b5c4e72cb75408ba32246,5ad8135dc2b5f27de0b777acd317855a,1,2026-09-15T00:15:00Z,Kansas City Chiefs,Denver Broncos,totals,alternate_totals,,30.5,Over,30.5,fanduel,-770,1.12987012987013,0.8677044962272199,1.162169781158016,2026-09-06T21:08:54Z,9.638292,conditional_non_push,,market_consensus_no_model,live_snapshot_not_T60,pinnacle,7925065dc493df0cea227703,0.860106255105513,0.860106255105513,-614.828243932019,-155.17175606798105,2,OK,-690,draftkings,,False,False,43.5,closest_offered_consensus_to_50pct_no_interpolation
4d2ad692f21838a3d66132af,2026-09-06T21:09:03.638292+00:00,f6b154b1ff83826321942baec7935c6eac9146e7a89b5c4e72cb75408ba32246,5ad8135dc2b5f27de0b777acd317855a,1,2026-09-15T00:15:00Z,Kansas City Chiefs,Denver Broncos,totals,alternate_totals,,30.5,Under,30.5,draftkings,407,5.07,0.14749198601619393,1.1790385703465227,2026-09-06T21:08:21Z,42.638292,conditional_non_push,,market_consensus_no_model,live_snapshot_not_T60,pinnacle,7925065dc493df0cea227703,0.13989374489448705,0.13989374489448705,614.8282439320187,-207.82824393201872,2,OK,470,fanduel,,False,False,43.5,closest_offered_consensus_to_50pct_no_interpolation
edf53157c7c2153641eed3a6,2026-09-06T21:09:03.638292+00:00,f6b154b1ff83826321942baec7935c6eac9146e7a89b5c4e72cb75408ba32246,5ad8135dc2b5f27de0b777acd317855a,1,2026-09-15T00:15:00Z,Kansas City Chiefs,Denver Broncos,totals,alternate_totals,,30.5,Under,30.5,fanduel,470,5.7,0.13229550377278018,1.162169781158016,2026-09-06T21:08:54Z,9.638292,conditional_non_push,,market_consensus_no_model,live_snapshot_not_T60,pinnacle,7925065dc493df0cea227703,0.13989374489448705,0.13989374489448705,614.8282439320187,-144.82824393201872,2,OK,470,fanduel,,False,False,43.5,closest_offered_consensus_to_50pct_no_interpolation
1ea76265edd95d6ecaa0c319,2026-09-06T21:09:03.638292+00:00,f6b154b1ff83826321942baec7935c6eac9146e7a89b5c4e72cb75408ba32246,5ad8135dc2b5f27de0b777acd317855a,1,2026-09-15T00:15:00Z,Kansas City Chiefs,Denver Broncos,totals,alternate_totals,,31.5,Over,31.5,draftkings,-592,1.1689189189189189,0.8338105750560395,1.1644657972417813,2026-09-06T21:08:21Z,42.638292,conditional_non_push,,market_consensus_no_model,live_snapshot_not_T60,pinnacle,cc68d50cd432ee3676cb6139,0.8431353419648864,0.8431353419648864,-537.4922257989772,-54.50777420102281,2,OK,-592,draftkings,,False,False,43.5,closest_offered_consensus_to_50pct_no_interpolation
51785cb04f60a97abf5dd4f1,2026-09-06T21:09:03.638292+00:00,f6b154b1ff83826321942baec7935c6eac9146e7a89b5c4e72cb75408ba32246,5ad8135dc2b5f27de0b777acd317855a,1,2026-09-15T00:15:00Z,Kansas City Chiefs,Denver Broncos,totals,alternate_totals,,31.5,Over,31.5,fanduel,-670,1.1492537313432836,0.8524601088737336,1.1474778827208754,2026-09-06T21:08:54Z,9.638292,conditional_non_push,,market_consensus_no_model,live_snapshot_not_T60,pinnacle,cc68d50cd432ee3676cb6139,0.8431353419648864,0.8431353419648864,-537.4922257989772,-132.5077742010228,2,OK,-592,draftkings,,False,False,43.5,closest_offered_consensus_to_50pct_no_interpolation
2889d4eba36c61f4a337bf49,2026-09-06T21:09:03.638292+00:00,f6b154b1ff83826321942baec7935c6eac9146e7a89b5c4e72cb75408ba32246,5ad8135dc2b5f27de0b777acd317855a,1,2026-09-15T00:15:00Z,Kansas City Chiefs,Denver Broncos,totals,alternate_totals,,31.5,Under,31.5,draftkings,367,4.67,0.16618942494396058,1.1644657972417813,2026-09-06T21:08:21Z,42.638292,conditional_non_push,,market_consensus_no_model,live_snapshot_not_T60,pinnacle,cc68d50cd432ee3676cb6139,0.15686465803511354,0.15686465803511354,537.4922257989775,-170.49222579897753,2,OK,430,fanduel,,False,False,43.5,closest_offered_consensus_to_50pct_no_interpolation
cb50a9028e6e7c3410eda6bf,2026-09-06T21:09:03.638292+00:00,f6b154b1ff83826321942baec7935c6eac9146e7a89b5c4e72cb75408ba32246,5ad8135dc2b5f27de0b777acd317855a,1,2026-09-15T00:15:00Z,Kansas City Chiefs,Denver Broncos,totals,alternate_totals,,31.5,Under,31.5,fanduel,430,5.3,0.14753989112626653,1.1474778827208754,2026-09-06T21:08:54Z,9.638292,conditional_non_push,,market_consensus_no_model,live_snapshot_not_T60,pinnacle,cc68d50cd432ee3676cb6139,0.15686465803511354,0.15686465803511354,537.4922257989775,-107.49222579897753,2,OK,430,fanduel,,False,False,43.5,closest_offered_consensus_to_50pct_no_interpolation
3e908ce31f62ac19c0e170ea,2026-09-06T21:09:03.638292+00:00,f6b154b1ff83826321942baec7935c6eac9146e7a89b5c4e72cb75408ba32246,5ad8135dc2b5f27de0b777acd317855a,1,2026-09-15T00:15:00Z,Kansas City Chiefs,Denver Broncos,totals,alternate_totals,,32.5,Over,32.5,draftkings,-513,1.1949317738791423,0.8140542555879019,1.1551985652809234,2026-09-06T21:08:21Z,42.638292,conditional_non_push,,market_consensus_no_model,live_snapshot_not_T60,pinnacle,67a9cd90e41b8b854a00456b,0.8215356274159616,0.8215356274159616,-460.33592897041837,-52.664071029581635,2,OK,-513,draftkings,,False,False,43.5,closest_offered_consensus_to_50pct_no_interpolation
092d8c0d38848d54cfab295d,2026-09-06T21:09:03.638292+00:00,f6b154b1ff83826321942baec7935c6eac9146e7a89b5c4e72cb75408ba32246,5ad8135dc2b5f27de0b777acd317855a,1,2026-09-15T00:15:00Z,Kansas City Chiefs,Denver Broncos,totals,alternate_totals,,32.5,Over,32.5,fanduel,-560,1.1785714285714286,0.8290169992440214,1.1412728909219871,2026-09-06T21:08:54Z,9.638292,conditional_non_push,,market_consensus_no_model,live_snapshot_not_T60,pinnacle,67a9cd90e41b8b854a00456b,0.8215356274159616,0.8215356274159616,-460.33592897041837,-99.66407102958163,2,OK,-513,draftkings,,False,False,43.5,closest_offered_consensus_to_50pct_no_interpolation
93a002f658aa6d4cd6ad0926,2026-09-06T21:09:03.638292+00:00,f6b154b1ff83826321942baec7935c6eac9146e7a89b5c4e72cb75408ba32246,5ad8135dc2b5f27de0b777acd317855a,1,2026-09-15T00:15:00Z,Kansas City Chiefs,Denver Broncos,totals,alternate_totals,,32.5,Under,32.5,draftkings,329,4.29,0.1859457444120982,1.1551985652809234,2026-09-06T21:08:21Z,42.638292,conditional_non_push,,market_consensus_no_model,live_snapshot_not_T60,pinnacle,67a9cd90e41b8b854a00456b,0.17846437258403847,0.17846437258403847,460.335928970418,-131.33592897041802,2,OK,370,fanduel,,False,False,43.5,closest_offered_consensus_to_50pct_no_interpolation
4c4671ca3a49d6cc2313c426,2026-09-06T21:09:03.638292+00:00,f6b154b1ff83826321942baec7935c6eac9146e7a89b5c4e72cb75408ba32246,5ad8135dc2b5f27de0b777acd317855a,1,2026-09-15T00:15:00Z,Kansas City Chiefs,Denver Broncos,totals,alternate_totals,,32.5,Under,32.5,fanduel,370,4.7,0.1709830007559787,1.1412728909219871,2026-09-06T21:08:54Z,9.638292,conditional_non_push,,market_consensus_no_model,live_snapshot_not_T60,pinnacle,67a9cd90e41b8b854a00456b,0.17846437258403847,0.17846437258403847,460.335928970418,-90.33592897041802,2,OK,370,fanduel,,False,False,43.5,closest_offered_consensus_to_50pct_no_interpolation
cd802b57bf902c3696096057,2026-09-06T21:09:03.638292+00:00,f6b154b1ff83826321942baec7935c6eac9146e7a89b5c4e72cb75408ba32246,5ad8135dc2b5f27de0b777acd317855a,1,2026-09-15T00:15:00Z,Kansas City Chiefs,Denver Broncos,totals,alternate_totals,,33.5,Over,33.5,draftkings,-400,1.25,0.7754913269853674,1.1394390682675204,2026-09-06T21:08:21Z,42.638292,conditional_non_push,,market_consensus_no_model,live_snapshot_not_T60,pinnacle,8247739f79d2311e069f30f0,0.7828296239235457,0.7828296239235457,-360.467959795747,-39.53204020425301,2,OK,-400,draftkings,,False,False,43.5,closest_offered_consensus_to_50pct_no_interpolation
71a4e136d83f00fa000e95b8,2026-09-06T21:09:03.638292+00:00,f6b154b1ff83826321942baec7935c6eac9146e7a89b5c4e72cb75408ba32246,5ad8135dc2b5f27de0b777acd317855a,1,2026-09-15T00:15:00Z,Kansas City Chiefs,Denver Broncos,totals,alternate_totals,,33.5,Over,33.5,fanduel,-430,1.2325581395348837,0.790167920861724,1.1263464204120908,2026-09-06T21:08:54Z,9.638292,conditional_non_push,,market_consensus_no_model,live_snapshot_not_T60,pinnacle,8247739f79d2311e069f30f0,0.7828296239235457,0.7828296239235457,-360.467959795747,-69.53204020425301,2,OK,-400,draftkings,,False,False,43.5,closest_offered_consensus_to_50pct_no_interpolation
314e57d39b77607562dc767c,2026-09-06T21:09:03.638292+00:00,f6b154b1ff83826321942baec7935c6eac9146e7a89b5c4e72cb75408ba32246,5ad8135dc2b5f27de0b777acd317855a,1,2026-09-15T00:15:00Z,Kansas City Chiefs,Denver Broncos,totals,alternate_totals,,33.5,Under,33.5,draftkings,271,3.71,0.22450867301463276,1.1394390682675204,2026-09-06T21:08:21Z,42.638292,conditional_non_push,,market_consensus_no_model,live_snapshot_not_T60,pinnacle,8247739f79d2311e069f30f0,0.21717037607645434,0.21717037607645434,360.4679597957469,-89.46795979574688,2,OK,300,fanduel,,False,False,43.5,closest_offered_consensus_to_50pct_no_interpolation
00d3686a6f595893cf3049a9,2026-09-06T21:09:03.638292+00:00,f6b154b1ff83826321942baec7935c6eac9146e7a89b5c4e72cb75408ba32246,5ad8135dc2b5f27de0b777acd317855a,1,2026-09-15T00:15:00Z,Kansas City Chiefs,Denver Broncos,totals,alternate_totals,,33.5,Under,33.5,fanduel,300,4.0,0.20983207913827592,1.1263464204120908,2026-09-06T21:08:54Z,9.638292,conditional_non_push,,market_consensus_no_model,live_snapshot_not_T60,pinnacle,8247739f79d2311e069f30f0,0.21717037607645434,0.21717037607645434,360.4679597957469,-60.46795979574688,2,OK,300,fanduel,,False,False,43.5,closest_offered_consensus_to_50pct_no_interpolation
4808b30987897870d0fdfb79,2026-09-06T21:09:03.638292+00:00,f6b154b1ff83826321942baec7935c6eac9146e7a89b5c4e72cb75408ba32246,5ad8135dc2b5f27de0b777acd317855a,1,2026-09-15T00:15:00Z,Kansas City Chiefs,Denver Broncos,totals,alternate_totals,,34.5,Over,34.5,draftkings,-350,1.2857142857142856,0.7520213285006554,1.1340001249274132,2026-09-06T21:08:21Z,42.638292,conditional_non_push,,market_consensus_no_model,live_snapshot_not_T60,pinnacle,e72872135ee71e0ee6ca54f6,0.7634738159385439,0.7634738159385439,-322.7861722658884,-27.21382773411159,2,OK,-350,draftkings,,False,False,43.5,closest_offered_consensus_to_50pct_no_interpolation
804c73db2c1aec96afeb32cd,2026-09-06T21:09:03.638292+00:00,f6b154b1ff83826321942baec7935c6eac9146e7a89b5c4e72cb75408ba32246,5ad8135dc2b5f27de0b777acd317855a,1,2026-09-15T00:15:00Z,Kansas City Chiefs,Denver Broncos,totals,alternate_totals,,34.5,Over,34.5,fanduel,-390,1.2564102564102564,0.7749263033764324,1.1170982758152546,2026-09-06T21:08:54Z,9.638292,conditional_non_push,,market_consensus_no_model,live_snapshot_not_T60,pinnacle,e72872135ee71e0ee6ca54f6,0.7634738159385439,0.7634738159385439,-322.7861722658884,-67.21382773411159,2,OK,-350,draftkings,,False,False,43.5,closest_offered_consensus_to_50pct_no_interpolation
b1f55bc6097b073557a53dae,2026-09-06T21:09:03.638292+00:00,f6b154b1ff83826321942baec7935c6eac9146e7a89b5c4e72cb75408ba32246,5ad8135dc2b5f27de0b777acd317855a,1,2026-09-15T00:15:00Z,Kansas City Chiefs,Denver Broncos,totals,alternate_totals,,34.5,Under,34.5,draftkings,242,3.42,0.2479786714993447,1.1340001249274132,2026-09-06T21:08:21Z,42.638292,conditional_non_push,,market_consensus_no_model,live_snapshot_not_T60,pinnacle,e72872135ee71e0ee6ca54f6,0.23652618406145617,0.23652618406145617,322.78617226588824,-80.78617226588824,2,OK,280,fanduel,,False,False,43.5,closest_offered_consensus_to_50pct_no_interpolation
58978d225b836b2292f7d930,2026-09-06T21:09:03.638292+00:00,f6b154b1ff83826321942baec7935c6eac9146e7a89b5c4e72cb75408ba32246,5ad8135dc2b5f27de0b777acd317855a,1,2026-09-15T00:15:00Z,Kansas City Chiefs,Denver Broncos,totals,alternate_totals,,34.5,Under,34.5,fanduel,280,3.8,0.22507369662356766,1.1170982758152546,2026-09-06T21:08:54Z,9.638292,conditional_non_push,,market_consensus_no_model,live_snapshot_not_T60,pinnacle,e72872135ee71e0ee6ca54f6,0.23652618406145617,0.23652618406145617,322.78617226588824,-42.78617226588824,2,OK,280,fanduel,,False,False,43.5,closest_offered_consensus_to_50pct_no_interpolation
a4e6de750ea30ca59b5438e4,2026-09-06T21:09:03.638292+00:00,f6b154b1ff83826321942baec7935c6eac9146e7a89b5c4e72cb75408ba32246,5ad8135dc2b5f27de0b777acd317855a,1,2026-09-15T00:15:00Z,Kansas City Chiefs,Denver Broncos,totals,alternate_totals,,35.5,Over,35.5,draftkings,-305,1.3278688524590163,0.7264942246374487,1.1267721704910203,2026-09-06T21:08:21Z,42.638292,conditional_non_push,,market_consensus_no_model,live_snapshot_not_T60,pinnacle,4480e0686bf85059ffb50d10,0.7387966344522642,0.7387966344522642,-282.84345911968984,-22.15654088031016,2,OK,-305,draftkings,,False,False,43.5,closest_offered_consensus_to_50pct_no_interpolation
0a9cd5c0f647565fcb2263be,2026-09-06T21:09:03.638292+00:00,f6b154b1ff83826321942baec7935c6eac9146e7a89b5c4e72cb75408ba32246,5ad8135dc2b5f27de0b777acd317855a,1,2026-09-15T00:15:00Z,Kansas City Chiefs,Denver Broncos,totals,alternate_totals,,35.5,Over,35.5,fanduel,-340,1.2941176470588236,0.7510990442670796,1.1101064325515178,2026-09-06T21:08:54Z,9.638292,conditional_non_push,,market_consensus_no_model,live_snapshot_not_T60,pinnacle,4480e0686bf85059ffb50d10,0.7387966344522642,0.7387966344522642,-282.84345911968984,-57.15654088031016,2,OK,-305,draftkings,,False,False,43.5,closest_offered_consensus_to_50pct_no_interpolation
caf994445ab9e21d56aff01c,2026-09-06T21:09:03.638292+00:00,f6b154b1ff83826321942baec7935c6eac9146e7a89b5c4e72cb75408ba32246,5ad8135dc2b5f27de0b777acd317855a,1,2026-09-15T00:15:00Z,Kansas City Chiefs,Denver Broncos,totals,alternate_totals,,35.5,Under,35.5,draftkings,216,3.16,0.2735057753625514,1.1267721704910203,2026-09-06T21:08:21Z,42.638292,conditional_non_push,,market_consensus_no_model,live_snapshot_not_T60,pinnacle,4480e0686bf85059ffb50d10,0.26120336554773593,0.26120336554773593,282.8434591196897,-66.84345911968973,2,OK,250,fanduel,,False,False,43.5,closest_offered_consensus_to_50pct_no_interpolation
8d8acd0962c7bdd7ae9222b7,2026-09-06T21:09:03.638292+00:00,f6b154b1ff83826321942baec7935c6eac9146e7a89b5c4e72cb75408ba32246,5ad8135dc2b5f27de0b777acd317855a,1,2026-09-15T00:15:00Z,Kansas City Chiefs,Denver Broncos,totals,alternate_totals,,35.5,Under,35.5,fanduel,250,3.5,0.24890095573292048,1.1101064325515178,2026-09-06T21:08:54Z,9.638292,conditional_non_push,,market_consensus_no_model,live_snapshot_not_T60,pinnacle,4480e0686bf85059ffb50d10,0.26120336554773593,0.26120336554773593,282.8434591196897,-32.843459119689726,2,OK,250,fanduel,,False,False,43.5,closest_offered_consensus_to_50pct_no_interpolation
3a823246a23b3d868f6f97e9,2026-09-06T21:09:03.638292+00:00,f6b154b1ff83826321942baec7935c6eac9146e7a89b5c4e72cb75408ba32246,5ad8135dc2b5f27de0b777acd317855a,1,2026-09-15T00:15:00Z,Kansas City Chiefs,Denver Broncos,totals,alternate_totals,,36.5,Over,36.5,draftkings,-259,1.3861003861003862,0.6934190352105654,1.1213695432873592,2026-09-06T21:08:21Z,42.638292,conditional_non_push,,market_consensus_no_model,live_snapshot_not_T60,pinnacle,98c3eb158475e93d0e9e25ba,0.7067756237339522,0.7067756237339522,-241.0357667851877,-17.96423321481231,3,OK,-259,draftkings,,False,False,43.5,closest_offered_consensus_to_50pct_no_interpolation
171bc79060b4cf288b80fd61,2026-09-06T21:09:03.638292+00:00,f6b154b1ff83826321942baec7935c6eac9146e7a89b5c4e72cb75408ba32246,5ad8135dc2b5f27de0b777acd317855a,1,2026-09-15T00:15:00Z,Kansas City Chiefs,Denver Broncos,totals,alternate_totals,,36.5,Over,36.5,fanduel,-290,1.3448275862068966,0.7199208632107911,1.1091863026858797,2026-09-06T21:08:54Z,9.638292,conditional_non_push,,market_consensus_no_model,live_snapshot_not_T60,pinnacle,98c3eb158475e93d0e9e25ba,0.7067756237339522,0.7067756237339522,-241.0357667851877,-48.96423321481231,3,OK,-259,draftkings,,False,False,43.5,closest_offered_consensus_to_50pct_no_interpolation
c0b433e3607cdf0e6a6a5f48,2026-09-06T21:09:03.638292+00:00,f6b154b1ff83826321942baec7935c6eac9146e7a89b5c4e72cb75408ba32246,5ad8135dc2b5f27de0b777acd317855a,1,2026-09-15T00:15:00Z,Kansas City Chiefs,Denver Broncos,totals,alternate_totals,,36.5,Over,36.5,pinnacle,-266,1.3759398496240602,0.7067756237339522,1.0874389386622014,2026-09-06T21:08:57Z,6.638292,conditional_non_push,,market_consensus_no_model,live_snapshot_not_T60,pinnacle,98c3eb158475e93d0e9e25ba,0.7067756237339522,0.7067756237339522,-241.0357667851877,-24.96423321481231,3,OK,-259,draftkings,,False,False,43.5,closest_offered_consensus_to_50pct_no_interpolation
4fdd6371282768b27e36975f,2026-09-06T21:09:03.638292+00:00,f6b154b1ff83826321942baec7935c6eac9146e7a89b5c4e72cb75408ba32246,5ad8135dc2b5f27de0b777acd317855a,1,2026-09-15T00:15:00Z,Kansas City Chiefs,Denver Broncos,totals,alternate_totals,,36.5,Under,36.5,draftkings,187,2.87,0.3065809647894349,1.1213695432873592,2026-09-06T21:08:21Z,42.638292,conditional_non_push,,market_consensus_no_model,live_snapshot_not_T60,pinnacle,98c3eb158475e93d0e9e25ba,0.2932243762660479,0.2932243762660479,241.03576678518755,-54.03576678518755,3,OK,215,fanduel,,False,False,43.5,closest_offered_consensus_to_50pct_no_interpolation
82bf42e060c166d77c99767e,2026-09-06T21:09:03.638292+00:00,f6b154b1ff83826321942baec7935c6eac9146e7a89b5c4e72cb75408ba32246,5ad8135dc2b5f27de0b777acd317855a,1,2026-09-15T00:15:00Z,Kansas City Chiefs,Denver Broncos,totals,alternate_totals,,36.5,Under,36.5,fanduel,215,3.15,0.2800791367892091,1.1091863026858797,2026-09-06T21:08:54Z,9.638292,conditional_non_push,,market_consensus_no_model,live_snapshot_not_T60,pinnacle,98c3eb158475e93d0e9e25ba,0.2932243762660479,0.2932243762660479,241.03576678518755,-26.035766785187548,3,OK,215,fanduel,,False,False,43.5,closest_offered_consensus_to_50pct_no_interpolation
11e3ef5f63c2da5e158b690d,2026-09-06T21:09:03.638292+00:00,f6b154b1ff83826321942baec7935c6eac9146e7a89b5c4e72cb75408ba32246,5ad8135dc2b5f27de0b777acd317855a,1,2026-09-15T00:15:00Z,Kansas City Chiefs,Denver Broncos,totals,alternate_totals,,36.5,Under,36.5,pinnacle,209,3.09,0.2932243762660479,1.0874389386622014,2026-09-06T21:08:57Z,6.638292,conditional_non_push,,market_consensus_no_model,live_snapshot_not_T60,pinnacle,98c3eb158475e93d0e9e25ba,0.2932243762660479,0.2932243762660479,241.03576678518755,-32.03576678518755,3,OK,215,fanduel,,False,False,43.5,closest_offered_consensus_to_50pct_no_interpolation
e28bfcf4d4bbe98faa925e2f,2026-09-06T21:09:03.638292+00:00,f6b154b1ff83826321942baec7935c6eac9146e7a89b5c4e72cb75408ba32246,5ad8135dc2b5f27de0b777acd317855a,1,2026-09-15T00:15:00Z,Kansas City Chiefs,Denver Broncos,totals,alternate_totals,,37.5,Over,37.5,draftkings,-215,1.4651162790697674,0.6528730010456971,1.116349872620976,2026-09-06T21:08:21Z,42.638292,conditional_non_push,,market_consensus_no_model,live_snapshot_not_T60,pinnacle,5045715cb89df3269bdf60c0,0.6651208826488841,0.6651208826488841,-198.6152161143911,-16.384783885608897,2,OK,-215,draftkings,,False,False,43.5,closest_offered_consensus_to_50pct_no_interpolation
4b363c0e556ae7baa8e6b5c7,2026-09-06T21:09:03.638292+00:00,f6b154b1ff83826321942baec7935c6eac9146e7a89b5c4e72cb75408ba32246,5ad8135dc2b5f27de0b777acd317855a,1,2026-09-15T00:15:00Z,Kansas City Chiefs,Denver Broncos,totals,alternate_totals,,37.5,Over,37.5,fanduel,-235,1.425531914893617,0.6773687642520713,1.098702369139712,2026-09-06T21:08:54Z,9.638292,conditional_non_push,,market_consensus_no_model,live_snapshot_not_T60,pinnacle,5045715cb89df3269bdf60c0,0.6651208826488841,0.6651208826488841,-198.6152161143911,-36.3847838856089,2,OK,-215,draftkings,,False,False,43.5,closest_offered_consensus_to_50pct_no_interpolation
d65fb1b7a3960eef2e759d0c,2026-09-06T21:09:03.638292+00:00,f6b154b1ff83826321942baec7935c6eac9146e7a89b5c4e72cb75408ba32246,5ad8135dc2b5f27de0b777acd317855a,1,2026-09-15T00:15:00Z,Kansas City Chiefs,Denver Broncos,totals,alternate_totals,,37.5,Under,37.5,draftkings,158,2.58,0.347126998954303,1.116349872620976,2026-09-06T21:08:21Z,42.638292,conditional_non_push,,market_consensus_no_model,live_snapshot_not_T60,pinnacle,5045715cb89df3269bdf60c0,0.334879117351116,0.334879117351116,198.615216114391,-40.61521611439099,2,OK,180,fanduel,,False,False,43.5,closest_offered_consensus_to_50pct_no_interpolation
af9d98e166cf559c47ab3c0a,2026-09-06T21:09:03.638292+00:00,f6b154b1ff83826321942baec7935c6eac9146e7a89b5c4e72cb75408ba32246,5ad8135dc2b5f27de0b777acd317855a,1,2026-09-15T00:15:00Z,Kansas City Chiefs,Denver Broncos,totals,alternate_totals,,37.5,Under,37.5,fanduel,180,2.8,0.32263123574792896,1.098702369139712,2026-09-06T21:08:54Z,9.638292,conditional_non_push,,market_consensus_no_model,live_snapshot_not_T60,pinnacle,5045715cb89df3269bdf60c0,0.334879117351116,0.334879117351116,198.615216114391,-18.61521611439099,2,OK,180,fanduel,,False,False,43.5,closest_offered_consensus_to_50pct_no_interpolation
7ccfb16250893e0bfbfcf625,2026-09-06T21:09:03.638292+00:00,f6b154b1ff83826321942baec7935c6eac9146e7a89b5c4e72cb75408ba32246,5ad8135dc2b5f27de0b777acd317855a,1,2026-09-15T00:15:00Z,Kansas City Chiefs,Denver Broncos,totals,alternate_totals,,38.5,Over,38.5,draftkings,-194,1.5154639175257731,0.6287778946356489,1.1160766823053758,2026-09-06T21:08:21Z,42.638292,conditional_non_push,,market_consensus_no_model,live_snapshot_not_T60,pinnacle,dd2907bdabe9c47d74439f85,0.6427185081035979,0.6427185081035979,-179.89135252770427,-14.10864747229573,2,OK,-194,draftkings,,False,False,43.5,closest_offered_consensus_to_50pct_no_interpolation
fbd2ba1e5eb4dd88b25c0093,2026-09-06T21:09:03.638292+00:00,f6b154b1ff83826321942baec7935c6eac9146e7a89b5c4e72cb75408ba32246,5ad8135dc2b5f27de0b777acd317855a,1,2026-09-15T00:15:00Z,Kansas City Chiefs,Denver Broncos,totals,alternate_totals,,38.5,Over,38.5,fanduel,-215,1.4651162790697674,0.656659121571547,1.101210061083962,2026-09-06T21:08:54Z,9.638292,conditional_non_push,,market_consensus_no_model,live_snapshot_not_T60,pinnacle,dd2907bdabe9c47d74439f85,0.6427185081035979,0.6427185081035979,-179.89135252770427,-35.10864747229573,2,OK,-194,draftkings,,False,False,43.5,closest_offered_consensus_to_50pct_no_interpolation
14a8167689d0a09144c21b91,2026-09-06T21:09:03.638292+00:00,f6b154b1ff83826321942baec7935c6eac9146e7a89b5c4e72cb75408ba32246,5ad8135dc2b5f27de0b777acd317855a,1,2026-09-15T00:15:00Z,Kansas City Chiefs,Denver Broncos,totals,alternate_totals,,38.5,Under,38.5,draftkings,143,2.4299999999999997,0.37122210536435135,1.1160766823053758,2026-09-06T21:08:21Z,42.638292,conditional_non_push,,market_consensus_no_model,live_snapshot_not_T60,pinnacle,dd2907bdabe9c47d74439f85,0.3572814918964022,0.3572814918964022,179.8913525277042,-36.891352527704214,2,OK,164,fanduel,,False,False,43.5,closest_offered_consensus_to_50pct_no_interpolation
b1bf464f6190622a0d996be2,2026-09-06T21:09:03.638292+00:00,f6b154b1ff83826321942baec7935c6eac9146e7a89b5c4e72cb75408ba32246,5ad8135dc2b5f27de0b777acd317855a,1,2026-09-15T00:15:00Z,Kansas City Chiefs,Denver Broncos,totals,alternate_totals,,38.5,Under,38.5,fanduel,164,2.6399999999999997,0.34334087842845307,1.101210061083962,2026-09-06T21:08:54Z,9.638292,conditional_non_push,,market_consensus_no_model,live_snapshot_not_T60,pinnacle,dd2907bdabe9c47d74439f85,0.3572814918964022,0.3572814918964022,179.8913525277042,-15.891352527704214,2,OK,164,fanduel,,False,False,43.5,closest_offered_consensus_to_50pct_no_interpolation
3d72bd907a39d719e85a6741,2026-09-06T21:09:03.638292+00:00,f6b154b1ff83826321942baec7935c6eac9146e7a89b5c4e72cb75408ba32246,5ad8135dc2b5f27de0b777acd317855a,1,2026-09-15T00:15:00Z,Kansas City Chiefs,Denver Broncos,totals,alternate_totals,,39.5,Over,39.5,draftkings,-169,1.5917159763313609,0.5962718537058606,1.1124021026643223,2026-09-06T21:08:21Z,42.638292,conditional_non_push,,market_consensus_no_model,live_snapshot_not_T60,pinnacle,fdee7e379872fa2d000469c1,0.610100847850232,0.610100847850232,-156.47657720883686,-12.523422791163142,2,OK,-169,draftkings,,False,False,43.5,closest_offered_consensus_to_50pct_no_interpolation
41ec0112a35941457608d44b,2026-09-06T21:09:03.638292+00:00,f6b154b1ff83826321942baec7935c6eac9146e7a89b5c4e72cb75408ba32246,5ad8135dc2b5f27de0b777acd317855a,1,2026-09-15T00:15:00Z,Kansas City Chiefs,Denver Broncos,totals,alternate_totals,,39.5,Over,39.5,fanduel,-186,1.5376344086021505,0.6239298419946038,1.0963920540902317,2026-09-06T21:08:54Z,9.638292,conditional_non_push,,market_consensus_no_model,live_snapshot_not_T60,pinnacle,fdee7e379872fa2d000469c1,0.610100847850232,0.610100847850232,-156.47657720883686,-29.523422791163142,2,OK,-169,draftkings,,False,False,43.5,closest_offered_consensus_to_50pct_no_interpolation
c005ef1d95309696bd461a36,2026-09-06T21:09:03.638292+00:00,f6b154b1ff83826321942baec7935c6eac9146e7a89b5c4e72cb75408ba32246,5ad8135dc2b5f27de0b777acd317855a,1,2026-09-15T00:15:00Z,Kansas City Chiefs,Denver Broncos,totals,alternate_totals,,39.5,Under,39.5,draftkings,126,2.26,0.4037281462941397,1.1124021026643223,2026-09-06T21:08:21Z,42.638292,conditional_non_push,,market_consensus_no_model,live_snapshot_not_T60,pinnacle,fdee7e379872fa2d000469c1,0.389899152149768,0.389899152149768,156.47657720883686,-30.476577208836858,2,OK,144,fanduel,,False,False,43.5,closest_offered_consensus_to_50pct_no_interpolation
6b8474dbe1ac8ed3bc5f8a66,2026-09-06T21:09:03.638292+00:00,f6b154b1ff83826321942baec7935c6eac9146e7a89b5c4e72cb75408ba32246,5ad8135dc2b5f27de0b777acd317855a,1,2026-09-15T00:15:00Z,Kansas City Chiefs,Denver Broncos,totals,alternate_totals,,39.5,Under,39.5,fanduel,144,2.44,0.3760701580053965,1.0963920540902317,2026-09-06T21:08:54Z,9.638292,conditional_non_push,,market_consensus_no_model,live_snapshot_not_T60,pinnacle,fdee7e379872fa2d000469c1,0.389899152149768,0.389899152149768,156.47657720883686,-12.476577208836858,2,OK,144,fanduel,,False,False,43.5,closest_offered_consensus_to_50pct_no_interpolation
40e880d96a6d08e7b3d5187e,2026-09-06T21:09:03.638292+00:00,f6b154b1ff83826321942baec7935c6eac9146e7a89b5c4e72cb75408ba32246,5ad8135dc2b5f27de0b777acd317855a,1,2026-09-15T00:15:00Z,Kansas City Chiefs,Denver Broncos,totals,alternate_totals,,40.5,Over,40.5,draftkings,-147,1.6802721088435373,0.561651526421761,1.111604758826422,2026-09-06T21:08:21Z,42.638292,conditional_non_push,,market_consensus_no_model,live_snapshot_not_T60,pinnacle,29fa9e8b86c2f1b3f2043828,0.5854384295928055,0.5854384295928055,-141.21869256182396,-5.781307438176043,3,OK,-147,draftkings,,False,False,43.5,closest_offered_consensus_to_50pct_no_interpolation
b7154176c2248c40145e1ca8,2026-09-06T21:09:03.638292+00:00,f6b154b1ff83826321942baec7935c6eac9146e7a89b5c4e72cb75408ba32246,5ad8135dc2b5f27de0b777acd317855a,1,2026-09-15T00:15:00Z,Kansas City Chiefs,Denver Broncos,totals,alternate_totals,,40.5,Over,40.5,fanduel,-158,1.6329113924050633,0.5854384295928056,1.0918290445045122,2026-09-06T21:08:54Z,9.638292,conditional_non_push,,market_consensus_no_model,live_snapshot_not_T60,pinnacle,29fa9e8b86c2f1b3f2043828,0.5854384295928055,0.5854384295928055,-141.21869256182396,-16.781307438176043,3,OK,-147,draftkings,,False,False,43.5,closest_offered_consensus_to_50pct_no_interpolation
e0990e32060896a587bc0d69,2026-09-06T21:09:03.638292+00:00,f6b154b1ff83826321942baec7935c6eac9146e7a89b5c4e72cb75408ba32246,5ad8135dc2b5f27de0b777acd317855a,1,2026-09-15T00:15:00Z,Kansas City Chiefs,Denver Broncos,totals,alternate_totals,,40.5,Over,40.5,pinnacle,-165,1.606060606060606,0.6025395331444064,1.0692670586573043,2026-09-06T21:08:57Z,6.638292,conditional_non_push,,market_consensus_no_model,live_snapshot_not_T60,pinnacle,29fa9e8b86c2f1b3f2043828,0.5854384295928055,0.5854384295928055,-141.21869256182396,-23.781307438176043,3,OK,-147,draftkings,,False,False,43.5,closest_offered_consensus_to_50pct_no_interpolation
7d923346f836e51ae1324538,2026-09-06T21:09:03.638292+00:00,f6b154b1ff83826321942baec7935c6eac9146e7a89b5c4e72cb75408ba32246,5ad8135dc2b5f27de0b777acd317855a,1,2026-09-15T00:15:00Z,Kansas City Chiefs,Denver Broncos,totals,alternate_totals,,40.5,Under,40.5,draftkings,110,2.1,0.43834847357823925,1.111604758826422,2026-09-06T21:08:21Z,42.638292,conditional_non_push,,market_consensus_no_model,live_snapshot_not_T60,pinnacle,29fa9e8b86c2f1b3f2043828,0.4145615704071945,0.4145615704071945,141.21869256182399,-31.218692561823985,3,OK,137,pinnacle,,False,False,43.5,closest_offered_consensus_to_50pct_no_interpolation
4bd7297723f9b6f009f22fa0,2026-09-06T21:09:03.638292+00:00,f6b154b1ff83826321942baec7935c6eac9146e7a89b5c4e72cb75408ba32246,5ad8135dc2b5f27de0b777acd317855a,1,2026-09-15T00:15:00Z,Kansas City Chiefs,Denver Broncos,totals,alternate_totals,,40.5,Under,40.5,fanduel,124,2.24,0.4145615704071946,1.0918290445045122,2026-09-06T21:08:54Z,9.638292,conditional_non_push,,market_consensus_no_model,live_snapshot_not_T60,pinnacle,29fa9e8b86c2f1b3f2043828,0.4145615704071945,0.4145615704071945,141.21869256182399,-17.218692561823985,3,OK,137,pinnacle,,False,False,43.5,closest_offered_consensus_to_50pct_no_interpolation
78c180c3ab113278fac23a66,2026-09-06T21:09:03.638292+00:00,f6b154b1ff83826321942baec7935c6eac9146e7a89b5c4e72cb75408ba32246,5ad8135dc2b5f27de0b777acd317855a,1,2026-09-15T00:15:00Z,Kansas City Chiefs,Denver Broncos,totals,alternate_totals,,40.5,Under,40.5,pinnacle,137,2.37,0.39746046685559383,1.0692670586573043,2026-09-06T21:08:57Z,6.638292,conditional_non_push,,market_consensus_no_model,live_snapshot_not_T60,pinnacle,29fa9e8b86c2f1b3f2043828,0.4145615704071945,0.4145615704071945,141.21869256182399,-4.218692561823985,3,OK,137,pinnacle,,False,False,43.5,closest_offered_consensus_to_50pct_no_interpolation
9ddf921fcc1d0a08c99d8053,2026-09-06T21:09:03.638292+00:00,f6b154b1ff83826321942baec7935c6eac9146e7a89b5c4e72cb75408ba32246,5ad8135dc2b5f27de0b777acd317855a,1,2026-09-15T00:15:00Z,Kansas City Chiefs,Denver Broncos,totals,alternate_totals,,41.0,Over,41.0,pinnacle,-154,1.6493506493506493,0.5856892435874943,1.069115774919701,2026-09-06T21:08:57Z,6.638292,conditional_non_push,,market_consensus_no_model,live_snapshot_not_T60,pinnacle,19ecbb88d74f208551cac366,0.5856892435874942,0.5856892435874942,-141.36472068911397,-12.635279310886034,1,FEWER_THAN_TWO_BOOKS,-154,pinnacle,,False,False,43.5,closest_offered_consensus_to_50pct_no_interpolation
756384871a9271ad3ee734b4,2026-09-06T21:09:03.638292+00:00,f6b154b1ff83826321942baec7935c6eac9146e7a89b5c4e72cb75408ba32246,5ad8135dc2b5f27de0b777acd317855a,1,2026-09-15T00:15:00Z,Kansas City Chiefs,Denver Broncos,totals,alternate_totals,,41.0,Under,41.0,pinnacle,128,2.2800000000000002,0.4143107564125059,1.069115774919701,2026-09-06T21:08:57Z,6.638292,conditional_non_push,,market_consensus_no_model,live_snapshot_not_T60,pinnacle,19ecbb88d74f208551cac366,0.4143107564125058,0.4143107564125058,141.36472068911397,-13.364720689113966,1,FEWER_THAN_TWO_BOOKS,128,pinnacle,,False,False,43.5,closest_offered_consensus_to_50pct_no_interpolation
3241abdccf2b601956b59719,2026-09-06T21:09:03.638292+00:00,f6b154b1ff83826321942baec7935c6eac9146e7a89b5c4e72cb75408ba32246,5ad8135dc2b5f27de0b777acd317855a,1,2026-09-15T00:15:00Z,Kansas City Chiefs,Denver Broncos,totals,alternate_totals,,41.5,Over,41.5,draftkings,-127,1.7874015748031495,0.5257097514378678,1.1071746965006097,2026-09-06T21:08:21Z,42.638292,conditional_non_push,,market_consensus_no_model,live_snapshot_not_T60,pinnacle,58414038d387efd8a0bc0530,0.5468252532159599,0.5468252532159599,-120.6654291962453,-6.334570803754701,3,OK,-127,draftkings,,False,False,43.5,closest_offered_consensus_to_50pct_no_interpolation
5f4eb37f5bbf64c642baa2cc,2026-09-06T21:09:03.638292+00:00,f6b154b1ff83826321942baec7935c6eac9146e7a89b5c4e72cb75408ba32246,5ad8135dc2b5f27de0b777acd317855a,1,2026-09-15T00:15:00Z,Kansas City Chiefs,Denver Broncos,totals,alternate_totals,,41.5,Over,41.5,fanduel,-136,1.7352941176470589,0.54682525321596,1.0951583247242644,2026-09-06T21:08:54Z,9.638292,conditional_non_push,,market_consensus_no_model,live_snapshot_not_T60,pinnacle,58414038d387efd8a0bc0530,0.5468252532159599,0.5468252532159599,-120.6654291962453,-15.334570803754701,3,OK,-127,draftkings,,False,False,43.5,closest_offered_consensus_to_50pct_no_interpolation
3b286db67f1a057c76be2e31,2026-09-06T21:09:03.638292+00:00,f6b154b1ff83826321942baec7935c6eac9146e7a89b5c4e72cb75408ba32246,5ad8135dc2b5f27de0b777acd317855a,1,2026-09-15T00:15:00Z,Kansas City Chiefs,Denver Broncos,totals,alternate_totals,,41.5,Over,41.5,pinnacle,-143,1.6993006993006992,0.5683637722865167,1.0655897873338405,2026-09-06T21:08:57Z,6.638292,conditional_non_push,,market_consensus_no_model,live_snapshot_not_T60,pinnacle,58414038d387efd8a0bc0530,0.5468252532159599,0.5468252532159599,-120.6654291962453,-22.3345708037547,3,OK,-127,draftkings,,False,False,43.5,closest_offered_consensus_to_50pct_no_interpolation
7fcb70d73d7e142196eb979c,2026-09-06T21:09:03.638292+00:00,f6b154b1ff83826321942baec7935c6eac9146e7a89b5c4e72cb75408ba32246,5ad8135dc2b5f27de0b777acd317855a,1,2026-09-15T00:15:00Z,Kansas City Chiefs,Denver Broncos,totals,alternate_totals,,41.5,Under,41.5,draftkings,-104,1.9615384615384617,0.4742902485621322,1.1071746965006097,2026-09-06T21:08:21Z,42.638292,conditional_non_push,,market_consensus_no_model,live_snapshot_not_T60,pinnacle,58414038d387efd8a0bc0530,0.45317474678404013,0.45317474678404013,120.6654291962453,-24.6654291962453,3,OK,120,pinnacle,,False,False,43.5,closest_offered_consensus_to_50pct_no_interpolation
21c14fd6ab02880a97be5b5a,2026-09-06T21:09:03.638292+00:00,f6b154b1ff83826321942baec7935c6eac9146e7a89b5c4e72cb75408ba32246,5ad8135dc2b5f27de0b777acd317855a,1,2026-09-15T00:15:00Z,Kansas City Chiefs,Denver Broncos,totals,alternate_totals,,41.5,Under,41.5,fanduel,106,2.06,0.45317474678404024,1.0951583247242644,2026-09-06T21:08:54Z,9.638292,conditional_non_push,,market_consensus_no_model,live_snapshot_not_T60,pinnacle,58414038d387efd8a0bc0530,0.45317474678404013,0.45317474678404013,120.6654291962453,-14.665429196245299,3,OK,120,pinnacle,,False,False,43.5,closest_offered_consensus_to_50pct_no_interpolation
01705f6727bdc07c88e686fd,2026-09-06T21:09:03.638292+00:00,f6b154b1ff83826321942baec7935c6eac9146e7a89b5c4e72cb75408ba32246,5ad8135dc2b5f27de0b777acd317855a,1,2026-09-15T00:15:00Z,Kansas City Chiefs,Denver Broncos,totals,alternate_totals,,41.5,Under,41.5,pinnacle,120,2.2,0.43163622771348337,1.0655897873338405,2026-09-06T21:08:57Z,6.638292,conditional_non_push,,market_consensus_no_model,live_snapshot_not_T60,pinnacle,58414038d387efd8a0bc0530,0.45317474678404013,0.45317474678404013,120.6654291962453,-0.6654291962452987,3,OK,120,pinnacle,,False,False,43.5,closest_offered_consensus_to_50pct_no_interpolation
640e4f6e944e904f887817ab,2026-09-06T21:09:03.638292+00:00,f6b154b1ff83826321942baec7935c6eac9146e7a89b5c4e72cb75408ba32246,5ad8135dc2b5f27de0b777acd317855a,1,2026-09-15T00:15:00Z,Kansas City Chiefs,Denver Broncos,totals,alternate_totals,,42.0,Over,42.0,pinnacle,-134,1.7462686567164178,0.5515626820190844,1.0672999667801175,2026-09-06T21:08:57Z,6.638292,conditional_non_push,,market_consensus_no_model,live_snapshot_not_T60,pinnacle,b809daffdea0a9b2f5210fca,0.5515626820190844,0.5515626820190844,-122.99660619292118,-11.003393807078822,1,FEWER_THAN_TWO_BOOKS,-134,pinnacle,,False,False,43.5,closest_offered_consensus_to_50pct_no_interpolation
e9d05068826edaecdd26fff5,2026-09-06T21:09:03.638292+00:00,f6b154b1ff83826321942baec7935c6eac9146e7a89b5c4e72cb75408ba32246,5ad8135dc2b5f27de0b777acd317855a,1,2026-09-15T00:15:00Z,Kansas City Chiefs,Denver Broncos,totals,alternate_totals,,42.0,Under,42.0,pinnacle,112,2.12,0.4484373179809156,1.0672999667801175,2026-09-06T21:08:57Z,6.638292,conditional_non_push,,market_consensus_no_model,live_snapshot_not_T60,pinnacle,b809daffdea0a9b2f5210fca,0.4484373179809156,0.4484373179809156,122.99660619292118,-10.996606192921178,1,FEWER_THAN_TWO_BOOKS,112,pinnacle,,False,False,43.5,closest_offered_consensus_to_50pct_no_interpolation
a1894c7d4429e401517eacd6,2026-09-06T21:09:03.638292+00:00,f6b154b1ff83826321942baec7935c6eac9146e7a89b5c4e72cb75408ba32246,5ad8135dc2b5f27de0b777acd317855a,1,2026-09-15T00:15:00Z,Kansas City Chiefs,Denver Broncos,totals,totals,,42.5,Over,42.5,draftkings,-110,1.9090909090909092,0.5000000000000001,1.0719425631310813,2026-09-06T21:07:49Z,74.638292,conditional_non_push,,market_consensus_no_model,live_snapshot_not_T60,pinnacle,889a87e4a3a9b2868f3b9b20,0.5260687813288252,0.5260687813288252,-111.00108214095611,1.0010821409561146,3,OK,-110,draftkings,,False,False,43.5,closest_offered_consensus_to_50pct_no_interpolation
429d36d6f2cb38d2905127bc,2026-09-06T21:09:03.638292+00:00,f6b154b1ff83826321942baec7935c6eac9146e7a89b5c4e72cb75408ba32246,5ad8135dc2b5f27de0b777acd317855a,1,2026-09-15T00:15:00Z,Kansas City Chiefs,Denver Broncos,totals,alternate_totals,,42.5,Over,42.5,fanduel,-125,1.8,0.5260687813288253,1.0927830625718022,2026-09-06T21:08:54Z,9.638292,conditional_non_push,,market_consensus_no_model,live_snapshot_not_T60,pinnacle,889a87e4a3a9b2868f3b9b20,0.5260687813288252,0.5260687813288252,-111.00108214095611,-13.998917859043885,3,OK,-110,draftkings,,False,False,43.5,closest_offered_consensus_to_50pct_no_interpolation
f35b64c784394c22b5223215,2026-09-06T21:09:03.638292+00:00,f6b154b1ff83826321942baec7935c6eac9146e7a89b5c4e72cb75408ba32246,5ad8135dc2b5f27de0b777acd317855a,1,2026-09-15T00:15:00Z,Kansas City Chiefs,Denver Broncos,totals,alternate_totals,,42.5,Over,42.5,pinnacle,-125,1.8,0.5345862274328823,1.065458397378173,2026-09-06T21:08:57Z,6.638292,conditional_non_push,,market_consensus_no_model,live_snapshot_not_T60,pinnacle,889a87e4a3a9b2868f3b9b20,0.5260687813288252,0.5260687813288252,-111.00108214095611,-13.998917859043885,3,OK,-110,draftkings,,False,False,43.5,closest_offered_consensus_to_50pct_no_interpolation
90acdaba678c0ba801476a01,2026-09-06T21:09:03.638292+00:00,f6b154b1ff83826321942baec7935c6eac9146e7a89b5c4e72cb75408ba32246,5ad8135dc2b5f27de0b777acd317855a,1,2026-09-15T00:15:00Z,Kansas City Chiefs,Denver Broncos,totals,totals,,42.5,Under,42.5,draftkings,-110,1.9090909090909092,0.5000000000000001,1.0719425631310813,2026-09-06T21:07:49Z,74.638292,conditional_non_push,,market_consensus_no_model,live_snapshot_not_T60,pinnacle,889a87e4a3a9b2868f3b9b20,0.47393121867117477,0.47393121867117477,111.00108214095613,-21.00108214095613,3,OK,105,pinnacle,,False,False,43.5,closest_offered_consensus_to_50pct_no_interpolation
c3810ca296b1b00f7361f675,2026-09-06T21:09:03.638292+00:00,f6b154b1ff83826321942baec7935c6eac9146e7a89b5c4e72cb75408ba32246,5ad8135dc2b5f27de0b777acd317855a,1,2026-09-15T00:15:00Z,Kansas City Chiefs,Denver Broncos,totals,alternate_totals,,42.5,Under,42.5,fanduel,-102,1.9803921568627452,0.4739312186711749,1.0927830625718022,2026-09-06T21:08:54Z,9.638292,conditional_non_push,,market_consensus_no_model,live_snapshot_not_T60,pinnacle,889a87e4a3a9b2868f3b9b20,0.47393121867117477,0.47393121867117477,111.00108214095613,-13.001082140956129,3,OK,105,pinnacle,,False,False,43.5,closest_offered_consensus_to_50pct_no_interpolation
283542aa7704608b32ebc172,2026-09-06T21:09:03.638292+00:00,f6b154b1ff83826321942baec7935c6eac9146e7a89b5c4e72cb75408ba32246,5ad8135dc2b5f27de0b777acd317855a,1,2026-09-15T00:15:00Z,Kansas City Chiefs,Denver Broncos,totals,alternate_totals,,42.5,Under,42.5,pinnacle,105,2.05,0.4654137725671179,1.065458397378173,2026-09-06T21:08:57Z,6.638292,conditional_non_push,,market_consensus_no_model,live_snapshot_not_T60,pinnacle,889a87e4a3a9b2868f3b9b20,0.47393121867117477,0.47393121867117477,111.00108214095613,-6.001082140956129,3,OK,105,pinnacle,,False,False,43.5,closest_offered_consensus_to_50pct_no_interpolation
08bdc3d6e2f0cd8c1846451e,2026-09-06T21:09:03.638292+00:00,f6b154b1ff83826321942baec7935c6eac9146e7a89b5c4e72cb75408ba32246,5ad8135dc2b5f27de0b777acd317855a,1,2026-09-15T00:15:00Z,Kansas City Chiefs,Denver Broncos,totals,totals,,43.0,Over,43.0,pinnacle,-114,1.8771929824561404,0.5141297889460398,1.056372238356023,2026-09-06T21:08:57Z,6.638292,conditional_non_push,,market_consensus_no_model,live_snapshot_not_T60,pinnacle,c680829b69cd9e60ef631882,0.5141297889460398,0.5141297889460398,-105.81628123090286,-8.18371876909714,1,FEWER_THAN_TWO_BOOKS,-114,pinnacle,,False,False,43.5,closest_offered_consensus_to_50pct_no_interpolation
eeaeabe817c1abb67da25893,2026-09-06T21:09:03.638292+00:00,f6b154b1ff83826321942baec7935c6eac9146e7a89b5c4e72cb75408ba32246,5ad8135dc2b5f27de0b777acd317855a,1,2026-09-15T00:15:00Z,Kansas City Chiefs,Denver Broncos,totals,totals,,43.0,Under,43.0,pinnacle,-102,1.9803921568627452,0.48587021105396033,1.056372238356023,2026-09-06T21:08:57Z,6.638292,conditional_non_push,,market_consensus_no_model,live_snapshot_not_T60,pinnacle,c680829b69cd9e60ef631882,0.48587021105396033,0.48587021105396033,105.8162812309028,-7.816281230902803,1,FEWER_THAN_TWO_BOOKS,-102,pinnacle,,False,False,43.5,closest_offered_consensus_to_50pct_no_interpolation
5df869ef3e0a904d9e0f302a,2026-09-06T21:09:03.638292+00:00,f6b154b1ff83826321942baec7935c6eac9146e7a89b5c4e72cb75408ba32246,5ad8135dc2b5f27de0b777acd317855a,1,2026-09-15T00:15:00Z,Kansas City Chiefs,Denver Broncos,totals,totals,,43.5,Over,43.5,betmgm,-108,1.925925925925926,0.49766301523402895,1.0647311734675267,2026-09-06T21:08:57Z,6.638292,conditional_non_push,,market_consensus_no_model,live_snapshot_not_T60,pinnacle,2227a1e653881896b4dbabf3,0.4895953688364919,0.4895953688364919,104.25029803212165,-12.250298032121648,4,OK,102,draftkings,-108,False,False,43.5,closest_offered_consensus_to_50pct_no_interpolation
8faff05d41b07412cff9fd4a,2026-09-06T21:09:03.638292+00:00,f6b154b1ff83826321942baec7935c6eac9146e7a89b5c4e72cb75408ba32246,5ad8135dc2b5f27de0b777acd317855a,1,2026-09-15T00:15:00Z,Kansas City Chiefs,Denver Broncos,totals,alternate_totals,,43.5,Over,43.5,draftkings,102,2.02,0.4579067075572801,1.1109267181682543,2026-09-06T21:08:21Z,42.638292,conditional_non_push,,market_consensus_no_model,live_snapshot_not_T60,pinnacle,2227a1e653881896b4dbabf3,0.4895953688364919,0.4895953688364919,104.25029803212165,-2.2502980321216484,4,OK,102,draftkings,-108,False,False,43.5,closest_offered_consensus_to_50pct_no_interpolation
d7b2eab93b8788ac3a35e555,2026-09-06T21:09:03.638292+00:00,f6b154b1ff83826321942baec7935c6eac9146e7a89b5c4e72cb75408ba32246,5ad8135dc2b5f27de0b777acd317855a,1,2026-09-15T00:15:00Z,Kansas City Chiefs,Denver Broncos,totals,totals,,43.5,Over,43.5,fanduel,-104,1.9615384615384617,0.48386487174432585,1.0775096512308782,2026-09-06T21:08:57Z,6.638292,conditional_non_push,,market_consensus_no_model,live_snapshot_not_T60,pinnacle,2227a1e653881896b4dbabf3,0.4895953688364919,0.4895953688364919,104.25029803212165,-8.250298032121648,4,OK,102,draftkings,-108,False,False,43.5,closest_offered_consensus_to_50pct_no_interpolation
c24ee2557c641e8b40d85ad3,2026-09-06T21:09:03.638292+00:00,f6b154b1ff83826321942baec7935c6eac9146e7a89b5c4e72cb75408ba32246,5ad8135dc2b5f27de0b777acd317855a,1,2026-09-15T00:15:00Z,Kansas City Chiefs,Denver Broncos,totals,alternate_totals,,43.5,Over,43.5,pinnacle,-107,1.9345794392523366,0.495325865928658,1.0646311686181722,2026-09-06T21:08:57Z,6.638292,conditional_non_push,,market_consensus_no_model,live_snapshot_not_T60,pinnacle,2227a1e653881896b4dbabf3,0.4895953688364919,0.4895953688364919,104.25029803212165,-11.250298032121648,4,OK,102,draftkings,-108,False,False,43.5,closest_offered_consensus_to_50pct_no_interpolation
03f54895d2b3908bf0114b1b,2026-09-06T21:09:03.638292+00:00,f6b154b1ff83826321942baec7935c6eac9146e7a89b5c4e72cb75408ba32246,5ad8135dc2b5f27de0b777acd317855a,1,2026-09-15T00:15:00Z,Kansas City Chiefs,Denver Broncos,totals,totals,,43.5,Under,43.5,betmgm,-110,1.9090909090909092,0.5023369847659711,1.0647311734675267,2026-09-06T21:08:57Z,6.638292,conditional_non_push,,market_consensus_no_model,live_snapshot_not_T60,pinnacle,2227a1e653881896b4dbabf3,0.5104046311635082,0.5104046311635082,-104.2502980321217,-5.749701967878295,4,OK,-110,betmgm,-110,False,False,43.5,closest_offered_consensus_to_50pct_no_interpolation
ced6773b119f0f0653a87738,2026-09-06T21:09:03.638292+00:00,f6b154b1ff83826321942baec7935c6eac9146e7a89b5c4e72cb75408ba32246,5ad8135dc2b5f27de0b777acd317855a,1,2026-09-15T00:15:00Z,Kansas City Chiefs,Denver Broncos,totals,alternate_totals,,43.5,Under,43.5,draftkings,-136,1.7352941176470589,0.5420932924427202,1.1109267181682543,2026-09-06T21:08:21Z,42.638292,conditional_non_push,,market_consensus_no_model,live_snapshot_not_T60,pinnacle,2227a1e653881896b4dbabf3,0.5104046311635082,0.5104046311635082,-104.2502980321217,-31.749701967878295,4,OK,-110,betmgm,-110,False,False,43.5,closest_offered_consensus_to_50pct_no_interpolation
d3296d2158810e65c7c0a8b2,2026-09-06T21:09:03.638292+00:00,f6b154b1ff83826321942baec7935c6eac9146e7a89b5c4e72cb75408ba32246,5ad8135dc2b5f27de0b777acd317855a,1,2026-09-15T00:15:00Z,Kansas City Chiefs,Denver Broncos,totals,totals,,43.5,Under,43.5,fanduel,-118,1.847457627118644,0.5161351282556743,1.0775096512308782,2026-09-06T21:08:57Z,6.638292,conditional_non_push,,market_consensus_no_model,live_snapshot_not_T60,pinnacle,2227a1e653881896b4dbabf3,0.5104046311635082,0.5104046311635082,-104.2502980321217,-13.749701967878295,4,OK,-110,betmgm,-110,False,False,43.5,closest_offered_consensus_to_50pct_no_interpolation
fea6dbbc395d65dc49ce71aa,2026-09-06T21:09:03.638292+00:00,f6b154b1ff83826321942baec7935c6eac9146e7a89b5c4e72cb75408ba32246,5ad8135dc2b5f27de0b777acd317855a,1,2026-09-15T00:15:00Z,Kansas City Chiefs,Denver Broncos,totals,alternate_totals,,43.5,Under,43.5,pinnacle,-111,1.900900900900901,0.5046741340713421,1.0646311686181722,2026-09-06T21:08:57Z,6.638292,conditional_non_push,,market_consensus_no_model,live_snapshot_not_T60,pinnacle,2227a1e653881896b4dbabf3,0.5104046311635082,0.5104046311635082,-104.2502980321217,-6.749701967878295,4,OK,-110,betmgm,-110,False,False,43.5,closest_offered_consensus_to_50pct_no_interpolation
69a93c392f9d07f781d2c749,2026-09-06T21:09:03.638292+00:00,f6b154b1ff83826321942baec7935c6eac9146e7a89b5c4e72cb75408ba32246,5ad8135dc2b5f27de0b777acd317855a,1,2026-09-15T00:15:00Z,Kansas City Chiefs,Denver Broncos,totals,alternate_totals,,44.0,Over,44.0,pinnacle,101,2.01,0.475531126886115,1.0647270709503167,2026-09-06T21:08:57Z,6.638292,conditional_non_push,,market_consensus_no_model,live_snapshot_not_T60,pinnacle,11f089acffbbea8c71063c6c,0.4755311268861149,0.4755311268861149,110.29117621557724,-9.291176215577238,1,FEWER_THAN_TWO_BOOKS,101,pinnacle,,False,False,43.5,closest_offered_consensus_to_50pct_no_interpolation
8a1baf814c791bc06761cd72,2026-09-06T21:09:03.638292+00:00,f6b154b1ff83826321942baec7935c6eac9146e7a89b5c4e72cb75408ba32246,5ad8135dc2b5f27de0b777acd317855a,1,2026-09-15T00:15:00Z,Kansas City Chiefs,Denver Broncos,totals,alternate_totals,,44.0,Under,44.0,pinnacle,-120,1.8333333333333335,0.5244688731138852,1.0647270709503167,2026-09-06T21:08:57Z,6.638292,conditional_non_push,,market_consensus_no_model,live_snapshot_not_T60,pinnacle,11f089acffbbea8c71063c6c,0.5244688731138851,0.5244688731138851,-110.29117621557724,-9.708823784422762,1,FEWER_THAN_TWO_BOOKS,-120,pinnacle,,False,False,43.5,closest_offered_consensus_to_50pct_no_interpolation
12dd9f5be14e6e29299dae07,2026-09-06T21:09:03.638292+00:00,f6b154b1ff83826321942baec7935c6eac9146e7a89b5c4e72cb75408ba32246,5ad8135dc2b5f27de0b777acd317855a,1,2026-09-15T00:15:00Z,Kansas City Chiefs,Denver Broncos,totals,alternate_totals,,44.5,Over,44.5,draftkings,118,2.1799999999999997,0.42034729080094674,1.1120831020846849,2026-09-06T21:08:21Z,42.638292,conditional_non_push,,market_consensus_no_model,live_snapshot_not_T60,pinnacle,2604f5faf4cfecdbb85007d8,0.4407788160365878,0.4407788160365878,126.87115705601262,-8.87115705601262,3,OK,118,draftkings,,False,False,43.5,closest_offered_consensus_to_50pct_no_interpolation
65eab86a03f94b7f3b0f5f6f,2026-09-06T21:09:03.638292+00:00,f6b154b1ff83826321942baec7935c6eac9146e7a89b5c4e72cb75408ba32246,5ad8135dc2b5f27de0b777acd317855a,1,2026-09-15T00:15:00Z,Kansas City Chiefs,Denver Broncos,totals,alternate_totals,,44.5,Over,44.5,fanduel,112,2.12,0.4407788160365878,1.0902243013272415,2026-09-06T21:08:54Z,9.638292,conditional_non_push,,market_consensus_no_model,live_snapshot_not_T60,pinnacle,2604f5faf4cfecdbb85007d8,0.4407788160365878,0.4407788160365878,126.87115705601262,-14.87115705601262,3,OK,118,draftkings,,False,False,43.5,closest_offered_consensus_to_50pct_no_interpolation
ee9e518b3c1baa5963507c9b,2026-09-06T21:09:03.638292+00:00,f6b154b1ff83826321942baec7935c6eac9146e7a89b5c4e72cb75408ba32246,5ad8135dc2b5f27de0b777acd317855a,1,2026-09-15T00:15:00Z,Kansas City Chiefs,Denver Broncos,totals,alternate_totals,,44.5,Over,44.5,pinnacle,107,2.0700000000000003,0.45999870655478914,1.067326077698639,2026-09-06T21:08:57Z,6.638292,conditional_non_push,,market_consensus_no_model,live_snapshot_not_T60,pinnacle,2604f5faf4cfecdbb85007d8,0.4407788160365878,0.4407788160365878,126.87115705601262,-19.87115705601262,3,OK,118,draftkings,,False,False,43.5,closest_offered_consensus_to_50pct_no_interpolation
ef499d4b2b1a74beac9b99d1,2026-09-06T21:09:03.638292+00:00,f6b154b1ff83826321942baec7935c6eac9146e7a89b5c4e72cb75408ba32246,5ad8135dc2b5f27de0b777acd317855a,1,2026-09-15T00:15:00Z,Kansas City Chiefs,Denver Broncos,totals,alternate_totals,,44.5,Under,44.5,draftkings,-158,1.6329113924050633,0.5796527091990534,1.1120831020846849,2026-09-06T21:08:21Z,42.638292,conditional_non_push,,market_consensus_no_model,live_snapshot_not_T60,pinnacle,2604f5faf4cfecdbb85007d8,0.5592211839634121,0.5592211839634121,-126.87115705601258,-31.128842943987422,3,OK,-128,pinnacle,,False,False,43.5,closest_offered_consensus_to_50pct_no_interpolation
19e4c06c8fb30aefff94a38e,2026-09-06T21:09:03.638292+00:00,f6b154b1ff83826321942baec7935c6eac9146e7a89b5c4e72cb75408ba32246,5ad8135dc2b5f27de0b777acd317855a,1,2026-09-15T00:15:00Z,Kansas City Chiefs,Denver Broncos,totals,alternate_totals,,44.5,Under,44.5,fanduel,-142,1.704225352112676,0.5592211839634121,1.0902243013272415,2026-09-06T21:08:54Z,9.638292,conditional_non_push,,market_consensus_no_model,live_snapshot_not_T60,pinnacle,2604f5faf4cfecdbb85007d8,0.5592211839634121,0.5592211839634121,-126.87115705601258,-15.128842943987422,3,OK,-128,pinnacle,,False,False,43.5,closest_offered_consensus_to_50pct_no_interpolation
f479b974fa20bacefa3599de,2026-09-06T21:09:03.638292+00:00,f6b154b1ff83826321942baec7935c6eac9146e7a89b5c4e72cb75408ba32246,5ad8135dc2b5f27de0b777acd317855a,1,2026-09-15T00:15:00Z,Kansas City Chiefs,Denver Broncos,totals,alternate_totals,,44.5,Under,44.5,pinnacle,-128,1.78125,0.540001293445211,1.067326077698639,2026-09-06T21:08:57Z,6.638292,conditional_non_push,,market_consensus_no_model,live_snapshot_not_T60,pinnacle,2604f5faf4cfecdbb85007d8,0.5592211839634121,0.5592211839634121,-126.87115705601258,-1.1288429439874221,3,OK,-128,pinnacle,,False,False,43.5,closest_offered_consensus_to_50pct_no_interpolation
28d80b36fdef0efc59708005,2026-09-06T21:09:03.638292+00:00,f6b154b1ff83826321942baec7935c6eac9146e7a89b5c4e72cb75408ba32246,5ad8135dc2b5f27de0b777acd317855a,1,2026-09-15T00:15:00Z,Kansas City Chiefs,Denver Broncos,totals,alternate_totals,,45.0,Over,45.0,pinnacle,115,2.15,0.4423467539948745,1.0655721223926151,2026-09-06T21:08:57Z,6.638292,conditional_non_push,,market_consensus_no_model,live_snapshot_not_T60,pinnacle,75135edbd8b552a9a54ee1d3,0.4423467539948745,0.4423467539948745,126.06699178165262,-11.066991781652618,1,FEWER_THAN_TWO_BOOKS,115,pinnacle,,False,False,43.5,closest_offered_consensus_to_50pct_no_interpolation
73696261b33b8eb21c800629,2026-09-06T21:09:03.638292+00:00,f6b154b1ff83826321942baec7935c6eac9146e7a89b5c4e72cb75408ba32246,5ad8135dc2b5f27de0b777acd317855a,1,2026-09-15T00:15:00Z,Kansas City Chiefs,Denver Broncos,totals,alternate_totals,,45.0,Under,45.0,pinnacle,-137,1.72992700729927,0.5576532460051256,1.0655721223926151,2026-09-06T21:08:57Z,6.638292,conditional_non_push,,market_consensus_no_model,live_snapshot_not_T60,pinnacle,75135edbd8b552a9a54ee1d3,0.5576532460051256,0.5576532460051256,-126.06699178165263,-10.933008218347368,1,FEWER_THAN_TWO_BOOKS,-137,pinnacle,,False,False,43.5,closest_offered_consensus_to_50pct_no_interpolation
7c345141e50c4be6c664bb33,2026-09-06T21:09:03.638292+00:00,f6b154b1ff83826321942baec7935c6eac9146e7a89b5c4e72cb75408ba32246,5ad8135dc2b5f27de0b777acd317855a,1,2026-09-15T00:15:00Z,Kansas City Chiefs,Denver Broncos,totals,alternate_totals,,45.5,Over,45.5,draftkings,132,2.3200000000000003,0.39226830509262817,1.1119839716669566,2026-09-06T21:08:21Z,42.638292,conditional_non_push,,market_consensus_no_model,live_snapshot_not_T60,pinnacle,f07fd735ebfd631877197072,0.4145615704071945,0.4145615704071945,141.21869256182399,-9.218692561823985,3,OK,132,draftkings,,False,False,43.5,closest_offered_consensus_to_50pct_no_interpolation
697000ec92cd50c8da2c7029,2026-09-06T21:09:03.638292+00:00,f6b154b1ff83826321942baec7935c6eac9146e7a89b5c4e72cb75408ba32246,5ad8135dc2b5f27de0b777acd317855a,1,2026-09-15T00:15:00Z,Kansas City Chiefs,Denver Broncos,totals,alternate_totals,,45.5,Over,45.5,fanduel,124,2.24,0.4145615704071946,1.0918290445045122,2026-09-06T21:08:54Z,9.638292,conditional_non_push,,market_consensus_no_model,live_snapshot_not_T60,pinnacle,f07fd735ebfd631877197072,0.4145615704071945,0.4145615704071945,141.21869256182399,-17.218692561823985,3,OK,132,draftkings,,False,False,43.5,closest_offered_consensus_to_50pct_no_interpolation
c686ec59ccd881b985886a66,2026-09-06T21:09:03.638292+00:00,f6b154b1ff83826321942baec7935c6eac9146e7a89b5c4e72cb75408ba32246,5ad8135dc2b5f27de0b777acd317855a,1,2026-09-15T00:15:00Z,Kansas City Chiefs,Denver Broncos,totals,alternate_totals,,45.5,Over,45.5,pinnacle,122,2.2199999999999998,0.42604460979330544,1.0698476763268427,2026-09-06T21:08:57Z,6.638292,conditional_non_push,,market_consensus_no_model,live_snapshot_not_T60,pinnacle,f07fd735ebfd631877197072,0.4145615704071945,0.4145615704071945,141.21869256182399,-19.218692561823985,3,OK,132,draftkings,,False,False,43.5,closest_offered_consensus_to_50pct_no_interpolation
205a332761fa63dda5f61ea6,2026-09-06T21:09:03.638292+00:00,f6b154b1ff83826321942baec7935c6eac9146e7a89b5c4e72cb75408ba32246,5ad8135dc2b5f27de0b777acd317855a,1,2026-09-15T00:15:00Z,Kansas City Chiefs,Denver Broncos,totals,alternate_totals,,45.5,Under,45.5,draftkings,-177,1.5649717514124295,0.607731694907372,1.1119839716669566,2026-09-06T21:08:21Z,42.638292,conditional_non_push,,market_consensus_no_model,live_snapshot_not_T60,pinnacle,f07fd735ebfd631877197072,0.5854384295928055,0.5854384295928055,-141.21869256182396,-35.78130743817604,3,OK,-147,pinnacle,,False,False,43.5,closest_offered_consensus_to_50pct_no_interpolation
91353934e7545d78618860ce,2026-09-06T21:09:03.638292+00:00,f6b154b1ff83826321942baec7935c6eac9146e7a89b5c4e72cb75408ba32246,5ad8135dc2b5f27de0b777acd317855a,1,2026-09-15T00:15:00Z,Kansas City Chiefs,Denver Broncos,totals,alternate_totals,,45.5,Under,45.5,fanduel,-158,1.6329113924050633,0.5854384295928056,1.0918290445045122,2026-09-06T21:08:54Z,9.638292,conditional_non_push,,market_consensus_no_model,live_snapshot_not_T60,pinnacle,f07fd735ebfd631877197072,0.5854384295928055,0.5854384295928055,-141.21869256182396,-16.781307438176043,3,OK,-147,pinnacle,,False,False,43.5,closest_offered_consensus_to_50pct_no_interpolation
1a569ed0fa2cc77f7798ae65,2026-09-06T21:09:03.638292+00:00,f6b154b1ff83826321942baec7935c6eac9146e7a89b5c4e72cb75408ba32246,5ad8135dc2b5f27de0b777acd317855a,1,2026-09-15T00:15:00Z,Kansas City Chiefs,Denver Broncos,totals,alternate_totals,,45.5,Under,45.5,pinnacle,-147,1.6802721088435373,0.5739553902066947,1.0698476763268427,2026-09-06T21:08:57Z,6.638292,conditional_non_push,,market_consensus_no_model,live_snapshot_not_T60,pinnacle,f07fd735ebfd631877197072,0.5854384295928055,0.5854384295928055,-141.21869256182396,-5.781307438176043,3,OK,-147,pinnacle,,False,False,43.5,closest_offered_consensus_to_50pct_no_interpolation
ec1170e6873f445fe6f3720e,2026-09-06T21:09:03.638292+00:00,f6b154b1ff83826321942baec7935c6eac9146e7a89b5c4e72cb75408ba32246,5ad8135dc2b5f27de0b777acd317855a,1,2026-09-15T00:15:00Z,Kansas City Chiefs,Denver Broncos,totals,alternate_totals,,46.5,Over,46.5,draftkings,147,2.4699999999999998,0.3648839015941871,1.1149699363011214,2026-09-06T21:08:21Z,42.638292,conditional_non_push,,market_consensus_no_model,live_snapshot_not_T60,pinnacle,206a73601a238a0ca82e6d99,0.3757270113457344,0.3757270113457344,166.15068116032404,-19.15068116032404,2,OK,147,draftkings,,False,False,43.5,closest_offered_consensus_to_50pct_no_interpolation
b950effbba4e1f118707bbdf,2026-09-06T21:09:03.638292+00:00,f6b154b1ff83826321942baec7935c6eac9146e7a89b5c4e72cb75408ba32246,5ad8135dc2b5f27de0b777acd317855a,1,2026-09-15T00:15:00Z,Kansas City Chiefs,Denver Broncos,totals,alternate_totals,,46.5,Over,46.5,fanduel,138,2.38,0.38657012109728167,1.096115173552068,2026-09-06T21:08:54Z,9.638292,conditional_non_push,,market_consensus_no_model,live_snapshot_not_T60,pinnacle,206a73601a238a0ca82e6d99,0.3757270113457344,0.3757270113457344,166.15068116032404,-28.15068116032404,2,OK,147,draftkings,,False,False,43.5,closest_offered_consensus_to_50pct_no_interpolation
af7bfc869eb551f5c7817c8e,2026-09-06T21:09:03.638292+00:00,f6b154b1ff83826321942baec7935c6eac9146e7a89b5c4e72cb75408ba32246,5ad8135dc2b5f27de0b777acd317855a,1,2026-09-15T00:15:00Z,Kansas City Chiefs,Denver Broncos,totals,alternate_totals,,46.5,Under,46.5,draftkings,-199,1.5025125628140703,0.6351160984058131,1.1149699363011214,2026-09-06T21:08:21Z,42.638292,conditional_non_push,,market_consensus_no_model,live_snapshot_not_T60,pinnacle,206a73601a238a0ca82e6d99,0.6242729886542657,0.6242729886542657,-166.1506811603241,-32.8493188396759,2,OK,-178,fanduel,,False,False,43.5,closest_offered_consensus_to_50pct_no_interpolation
5386ec23fd4759235d8589b0,2026-09-06T21:09:03.638292+00:00,f6b154b1ff83826321942baec7935c6eac9146e7a89b5c4e72cb75408ba32246,5ad8135dc2b5f27de0b777acd317855a,1,2026-09-15T00:15:00Z,Kansas City Chiefs,Denver Broncos,totals,alternate_totals,,46.5,Under,46.5,fanduel,-178,1.5617977528089888,0.6134298789027184,1.096115173552068,2026-09-06T21:08:54Z,9.638292,conditional_non_push,,market_consensus_no_model,live_snapshot_not_T60,pinnacle,206a73601a238a0ca82e6d99,0.6242729886542657,0.6242729886542657,-166.1506811603241,-11.849318839675902,2,OK,-178,fanduel,,False,False,43.5,closest_offered_consensus_to_50pct_no_interpolation
2660c1ec11e407a521703d97,2026-09-06T21:09:03.638292+00:00,f6b154b1ff83826321942baec7935c6eac9146e7a89b5c4e72cb75408ba32246,5ad8135dc2b5f27de0b777acd317855a,1,2026-09-15T00:15:00Z,Kansas City Chiefs,Denver Broncos,totals,alternate_totals,,47.5,Over,47.5,draftkings,173,2.73,0.3253561939785268,1.1180254069563458,2026-09-06T21:08:21Z,42.638292,conditional_non_push,,market_consensus_no_model,live_snapshot_not_T60,pinnacle,02cf59f8b33cd907c078dabf,0.3365126184595624,0.3365126184595624,197.1656767516332,-24.165676751633214,2,OK,173,draftkings,,False,False,43.5,closest_offered_consensus_to_50pct_no_interpolation
534fb2d2340cb25acbb04eb6,2026-09-06T21:09:03.638292+00:00,f6b154b1ff83826321942baec7935c6eac9146e7a89b5c4e72cb75408ba32246,5ad8135dc2b5f27de0b777acd317855a,1,2026-09-15T00:15:00Z,Kansas City Chiefs,Denver Broncos,totals,alternate_totals,,47.5,Over,47.5,fanduel,162,2.62,0.3476690429405979,1.0968983062125188,2026-09-06T21:08:54Z,9.638292,conditional_non_push,,market_consensus_no_model,live_snapshot_not_T60,pinnacle,02cf59f8b33cd907c078dabf,0.3365126184595624,0.3365126184595624,197.1656767516332,-35.165676751633214,2,OK,173,draftkings,,False,False,43.5,closest_offered_consensus_to_50pct_no_interpolation
eeca6032813abea7ba71752d,2026-09-06T21:09:03.638292+00:00,f6b154b1ff83826321942baec7935c6eac9146e7a89b5c4e72cb75408ba32246,5ad8135dc2b5f27de0b777acd317855a,1,2026-09-15T00:15:00Z,Kansas City Chiefs,Denver Broncos,totals,alternate_totals,,47.5,Under,47.5,draftkings,-237,1.4219409282700421,0.6746438060214732,1.1180254069563458,2026-09-06T21:08:21Z,42.638292,conditional_non_push,,market_consensus_no_model,live_snapshot_not_T60,pinnacle,02cf59f8b33cd907c078dabf,0.6634873815404376,0.6634873815404376,-197.1656767516332,-39.834323248366786,2,OK,-210,fanduel,,False,False,43.5,closest_offered_consensus_to_50pct_no_interpolation
edd3b810a08e892cdd3ae7cd,2026-09-06T21:09:03.638292+00:00,f6b154b1ff83826321942baec7935c6eac9146e7a89b5c4e72cb75408ba32246,5ad8135dc2b5f27de0b777acd317855a,1,2026-09-15T00:15:00Z,Kansas City Chiefs,Denver Broncos,totals,alternate_totals,,47.5,Under,47.5,fanduel,-210,1.4761904761904763,0.6523309570594021,1.0968983062125188,2026-09-06T21:08:54Z,9.638292,conditional_non_push,,market_consensus_no_model,live_snapshot_not_T60,pinnacle,02cf59f8b33cd907c078dabf,0.6634873815404376,0.6634873815404376,-197.1656767516332,-12.834323248366786,2,OK,-210,fanduel,,False,False,43.5,closest_offered_consensus_to_50pct_no_interpolation
2411eddbf167e4ccd70142e6,2026-09-06T21:09:03.638292+00:00,f6b154b1ff83826321942baec7935c6eac9146e7a89b5c4e72cb75408ba32246,5ad8135dc2b5f27de0b777acd317855a,1,2026-09-15T00:15:00Z,Kansas City Chiefs,Denver Broncos,totals,alternate_totals,,48.5,Over,48.5,draftkings,193,2.9299999999999997,0.2993631172270522,1.121949102348101,2026-09-06T21:08:21Z,42.638292,conditional_non_push,,market_consensus_no_model,live_snapshot_not_T60,pinnacle,211578a15b4d2d43b7dd3278,0.31099717648749053,0.31099717648749053,221.54632762083088,-28.54632762083088,2,OK,193,draftkings,,False,False,43.5,closest_offered_consensus_to_50pct_no_interpolation
750db14414a3464956b9bbc0,2026-09-06T21:09:03.638292+00:00,f6b154b1ff83826321942baec7935c6eac9146e7a89b5c4e72cb75408ba32246,5ad8135dc2b5f27de0b777acd317855a,1,2026-09-15T00:15:00Z,Kansas City Chiefs,Denver Broncos,totals,alternate_totals,,48.5,Over,48.5,fanduel,180,2.8,0.32263123574792896,1.098702369139712,2026-09-06T21:08:54Z,9.638292,conditional_non_push,,market_consensus_no_model,live_snapshot_not_T60,pinnacle,211578a15b4d2d43b7dd3278,0.31099717648749053,0.31099717648749053,221.54632762083088,-41.54632762083088,2,OK,193,draftkings,,False,False,43.5,closest_offered_consensus_to_50pct_no_interpolation
b6f48c97ce199612b27f592b,2026-09-06T21:09:03.638292+00:00,f6b154b1ff83826321942baec7935c6eac9146e7a89b5c4e72cb75408ba32246,5ad8135dc2b5f27de0b777acd317855a,1,2026-09-15T00:15:00Z,Kansas City Chiefs,Denver Broncos,totals,alternate_totals,,48.5,Under,48.5,draftkings,-268,1.373134328358209,0.700636882772948,1.121949102348101,2026-09-06T21:08:21Z,42.638292,conditional_non_push,,market_consensus_no_model,live_snapshot_not_T60,pinnacle,211578a15b4d2d43b7dd3278,0.6890028235125095,0.6890028235125095,-221.54632762083097,-46.453672379169035,2,OK,-235,fanduel,,False,False,43.5,closest_offered_consensus_to_50pct_no_interpolation
59a278a1438bf85167274297,2026-09-06T21:09:03.638292+00:00,f6b154b1ff83826321942baec7935c6eac9146e7a89b5c4e72cb75408ba32246,5ad8135dc2b5f27de0b777acd317855a,1,2026-09-15T00:15:00Z,Kansas City Chiefs,Denver Broncos,totals,alternate_totals,,48.5,Under,48.5,fanduel,-235,1.425531914893617,0.6773687642520713,1.098702369139712,2026-09-06T21:08:54Z,9.638292,conditional_non_push,,market_consensus_no_model,live_snapshot_not_T60,pinnacle,211578a15b4d2d43b7dd3278,0.6890028235125095,0.6890028235125095,-221.54632762083097,-13.453672379169035,2,OK,-235,fanduel,,False,False,43.5,closest_offered_consensus_to_50pct_no_interpolation
2d8bf80b934ba41122114bee,2026-09-06T21:09:03.638292+00:00,f6b154b1ff83826321942baec7935c6eac9146e7a89b5c4e72cb75408ba32246,5ad8135dc2b5f27de0b777acd317855a,1,2026-09-15T00:15:00Z,Kansas City Chiefs,Denver Broncos,totals,alternate_totals,,49.5,Over,49.5,draftkings,219,3.19,0.27038057631697254,1.1275010231301752,2026-09-06T21:08:21Z,42.638292,conditional_non_push,,market_consensus_no_model,live_snapshot_not_T60,pinnacle,00344a32c0441f5d910a1798,0.29758385879769567,0.29758385879769567,236.03973146938154,-17.039731469381536,3,OK,219,draftkings,,False,False,43.5,closest_offered_consensus_to_50pct_no_interpolation
b62c30a7315c8603c9354c97,2026-09-06T21:09:03.638292+00:00,f6b154b1ff83826321942baec7935c6eac9146e7a89b5c4e72cb75408ba32246,5ad8135dc2b5f27de0b777acd317855a,1,2026-09-15T00:15:00Z,Kansas City Chiefs,Denver Broncos,totals,alternate_totals,,49.5,Over,49.5,fanduel,200,3.0,0.29758385879769567,1.1032638428562676,2026-09-06T21:08:54Z,9.638292,conditional_non_push,,market_consensus_no_model,live_snapshot_not_T60,pinnacle,00344a32c0441f5d910a1798,0.29758385879769567,0.29758385879769567,236.03973146938154,-36.039731469381536,3,OK,219,draftkings,,False,False,43.5,closest_offered_consensus_to_50pct_no_interpolation
1537367afdab78a60fa7c659,2026-09-06T21:09:03.638292+00:00,f6b154b1ff83826321942baec7935c6eac9146e7a89b5c4e72cb75408ba32246,5ad8135dc2b5f27de0b777acd317855a,1,2026-09-15T00:15:00Z,Kansas City Chiefs,Denver Broncos,totals,alternate_totals,,49.5,Over,49.5,pinnacle,181,2.81,0.3282856799272679,1.07809504715171,2026-09-06T21:08:57Z,6.638292,conditional_non_push,,market_consensus_no_model,live_snapshot_not_T60,pinnacle,00344a32c0441f5d910a1798,0.29758385879769567,0.29758385879769567,236.03973146938154,-55.039731469381536,3,OK,219,draftkings,,False,False,43.5,closest_offered_consensus_to_50pct_no_interpolation
defe23bc413df6028b18f2ea,2026-09-06T21:09:03.638292+00:00,f6b154b1ff83826321942baec7935c6eac9146e7a89b5c4e72cb75408ba32246,5ad8135dc2b5f27de0b777acd317855a,1,2026-09-15T00:15:00Z,Kansas City Chiefs,Denver Broncos,totals,alternate_totals,,49.5,Under,49.5,draftkings,-310,1.3225806451612903,0.7296194236830277,1.1275010231301752,2026-09-06T21:08:21Z,42.638292,conditional_non_push,,market_consensus_no_model,live_snapshot_not_T60,pinnacle,00344a32c0441f5d910a1798,0.7024161412023043,0.7024161412023043,-236.03973146938154,-73.96026853061846,3,OK,-224,pinnacle,,False,False,43.5,closest_offered_consensus_to_50pct_no_interpolation
00215dc4aa2a44bb9ad0e736,2026-09-06T21:09:03.638292+00:00,f6b154b1ff83826321942baec7935c6eac9146e7a89b5c4e72cb75408ba32246,5ad8135dc2b5f27de0b777acd317855a,1,2026-09-15T00:15:00Z,Kansas City Chiefs,Denver Broncos,totals,alternate_totals,,49.5,Under,49.5,fanduel,-265,1.3773584905660377,0.7024161412023043,1.1032638428562676,2026-09-06T21:08:54Z,9.638292,conditional_non_push,,market_consensus_no_model,live_snapshot_not_T60,pinnacle,00344a32c0441f5d910a1798,0.7024161412023043,0.7024161412023043,-236.03973146938154,-28.960268530618464,3,OK,-224,pinnacle,,False,False,43.5,closest_offered_consensus_to_50pct_no_interpolation
7f756041c8f342dbf06cebc5,2026-09-06T21:09:03.638292+00:00,f6b154b1ff83826321942baec7935c6eac9146e7a89b5c4e72cb75408ba32246,5ad8135dc2b5f27de0b777acd317855a,1,2026-09-15T00:15:00Z,Kansas City Chiefs,Denver Broncos,totals,alternate_totals,,49.5,Under,49.5,pinnacle,-224,1.4464285714285714,0.6717143200727321,1.07809504715171,2026-09-06T21:08:57Z,6.638292,conditional_non_push,,market_consensus_no_model,live_snapshot_not_T60,pinnacle,00344a32c0441f5d910a1798,0.7024161412023043,0.7024161412023043,-236.03973146938154,12.039731469381536,3,OK,-224,pinnacle,,False,False,43.5,closest_offered_consensus_to_50pct_no_interpolation
775e47250fb7ef0eb7010690,2026-09-06T21:09:03.638292+00:00,f6b154b1ff83826321942baec7935c6eac9146e7a89b5c4e72cb75408ba32246,5ad8135dc2b5f27de0b777acd317855a,1,2026-09-15T00:15:00Z,Kansas City Chiefs,Denver Broncos,totals,alternate_totals,,50.5,Over,50.5,draftkings,249,3.49,0.2422319359543292,1.1343768535516507,2026-09-06T21:08:21Z,42.638292,conditional_non_push,,market_consensus_no_model,live_snapshot_not_T60,pinnacle,78278ab09ca44eaba15a5f86,0.2543077098728216,0.2543077098728216,293.2244132512131,-44.22441325121309,2,OK,249,draftkings,,False,False,43.5,closest_offered_consensus_to_50pct_no_interpolation
ff65cad2da4c1303b5189027,2026-09-06T21:09:03.638292+00:00,f6b154b1ff83826321942baec7935c6eac9146e7a89b5c4e72cb75408ba32246,5ad8135dc2b5f27de0b777acd317855a,1,2026-09-15T00:15:00Z,Kansas City Chiefs,Denver Broncos,totals,alternate_totals,,50.5,Over,50.5,fanduel,230,3.3,0.266383483791314,1.107960001549078,2026-09-06T21:08:54Z,9.638292,conditional_non_push,,market_consensus_no_model,live_snapshot_not_T60,pinnacle,78278ab09ca44eaba15a5f86,0.2543077098728216,0.2543077098728216,293.2244132512131,-63.22441325121309,2,OK,249,draftkings,,False,False,43.5,closest_offered_consensus_to_50pct_no_interpolation
d3b0de631d9ad5efc236cb9f,2026-09-06T21:09:03.638292+00:00,f6b154b1ff83826321942baec7935c6eac9146e7a89b5c4e72cb75408ba32246,5ad8135dc2b5f27de0b777acd317855a,1,2026-09-15T00:15:00Z,Kansas City Chiefs,Denver Broncos,totals,alternate_totals,,50.5,Under,50.5,draftkings,-361,1.2770083102493075,0.7577680640456709,1.1343768535516507,2026-09-06T21:08:21Z,42.638292,conditional_non_push,,market_consensus_no_model,live_snapshot_not_T60,pinnacle,78278ab09ca44eaba15a5f86,0.7456922901271785,0.7456922901271785,-293.22441325121326,-67.77558674878674,2,OK,-310,fanduel,,False,False,43.5,closest_offered_consensus_to_50pct_no_interpolation
7282d5a5a9069e02fd77c5d1,2026-09-06T21:09:03.638292+00:00,f6b154b1ff83826321942baec7935c6eac9146e7a89b5c4e72cb75408ba32246,5ad8135dc2b5f27de0b777acd317855a,1,2026-09-15T00:15:00Z,Kansas City Chiefs,Denver Broncos,totals,alternate_totals,,50.5,Under,50.5,fanduel,-310,1.3225806451612903,0.7336165162086862,1.107960001549078,2026-09-06T21:08:54Z,9.638292,conditional_non_push,,market_consensus_no_model,live_snapshot_not_T60,pinnacle,78278ab09ca44eaba15a5f86,0.7456922901271785,0.7456922901271785,-293.22441325121326,-16.775586748786736,2,OK,-310,fanduel,,False,False,43.5,closest_offered_consensus_to_50pct_no_interpolation
8988e0e104d4c85f0355982f,2026-09-06T21:09:03.638292+00:00,f6b154b1ff83826321942baec7935c6eac9146e7a89b5c4e72cb75408ba32246,5ad8135dc2b5f27de0b777acd317855a,1,2026-09-15T00:15:00Z,Kansas City Chiefs,Denver Broncos,totals,alternate_totals,,51.5,Over,51.5,draftkings,290,3.9,0.2105354427293515,1.1448406384607286,2026-09-06T21:08:21Z,42.638292,conditional_non_push,,market_consensus_no_model,live_snapshot_not_T60,pinnacle,2a967e83513733ef24e9b3f0,0.22269659463186708,0.22269659463186708,349.04144208090355,-59.04144208090355,2,OK,290,draftkings,,False,False,43.5,closest_offered_consensus_to_50pct_no_interpolation
cedbebff72bfaf05fee677fb,2026-09-06T21:09:03.638292+00:00,f6b154b1ff83826321942baec7935c6eac9146e7a89b5c4e72cb75408ba32246,5ad8135dc2b5f27de0b777acd317855a,1,2026-09-15T00:15:00Z,Kansas City Chiefs,Denver Broncos,totals,alternate_totals,,51.5,Over,51.5,fanduel,265,3.65,0.23485774653438263,1.1189811400301246,2026-09-06T21:08:54Z,9.638292,conditional_non_push,,market_consensus_no_model,live_snapshot_not_T60,pinnacle,2a967e83513733ef24e9b3f0,0.22269659463186708,0.22269659463186708,349.04144208090355,-84.04144208090355,2,OK,290,draftkings,,False,False,43.5,closest_offered_consensus_to_50pct_no_interpolation
c528eea2224ac2c4d4942730,2026-09-06T21:09:03.638292+00:00,f6b154b1ff83826321942baec7935c6eac9146e7a89b5c4e72cb75408ba32246,5ad8135dc2b5f27de0b777acd317855a,1,2026-09-15T00:15:00Z,Kansas City Chiefs,Denver Broncos,totals,alternate_totals,,51.5,Under,51.5,draftkings,-436,1.2293577981651376,0.7894645572706486,1.1448406384607286,2026-09-06T21:08:21Z,42.638292,conditional_non_push,,market_consensus_no_model,live_snapshot_not_T60,pinnacle,2a967e83513733ef24e9b3f0,0.777303405368133,0.777303405368133,-349.0414420809038,-86.95855791909622,2,OK,-370,fanduel,,False,False,43.5,closest_offered_consensus_to_50pct_no_interpolation
21ca9d6e8b707d9a279236c2,2026-09-06T21:09:03.638292+00:00,f6b154b1ff83826321942baec7935c6eac9146e7a89b5c4e72cb75408ba32246,5ad8135dc2b5f27de0b777acd317855a,1,2026-09-15T00:15:00Z,Kansas City Chiefs,Denver Broncos,totals,alternate_totals,,51.5,Under,51.5,fanduel,-370,1.2702702702702702,0.7651422534656175,1.1189811400301246,2026-09-06T21:08:54Z,9.638292,conditional_non_push,,market_consensus_no_model,live_snapshot_not_T60,pinnacle,2a967e83513733ef24e9b3f0,0.777303405368133,0.777303405368133,-349.0414420809038,-20.958557919096222,2,OK,-370,fanduel,,False,False,43.5,closest_offered_consensus_to_50pct_no_interpolation
bfe50e5c1fd5582422c46d1c,2026-09-06T21:09:03.638292+00:00,f6b154b1ff83826321942baec7935c6eac9146e7a89b5c4e72cb75408ba32246,5ad8135dc2b5f27de0b777acd317855a,1,2026-09-15T00:15:00Z,Kansas City Chiefs,Denver Broncos,totals,alternate_totals,,52.5,Over,52.5,draftkings,321,4.21,0.1909764029073967,1.1517554255833247,2026-09-06T21:08:21Z,42.638292,conditional_non_push,,market_consensus_no_model,live_snapshot_not_T60,pinnacle,bc535e8679f7df0975570180,0.2040856685828364,0.2040856685828364,389.99030992424133,-68.99030992424133,2,OK,321,draftkings,,False,False,43.5,closest_offered_consensus_to_50pct_no_interpolation
3545edade48eda31bd5a6f9c,2026-09-06T21:09:03.638292+00:00,f6b154b1ff83826321942baec7935c6eac9146e7a89b5c4e72cb75408ba32246,5ad8135dc2b5f27de0b777acd317855a,1,2026-09-15T00:15:00Z,Kansas City Chiefs,Denver Broncos,totals,alternate_totals,,52.5,Over,52.5,fanduel,290,3.9,0.2171949342582762,1.1219590893115963,2026-09-06T21:08:54Z,9.638292,conditional_non_push,,market_consensus_no_model,live_snapshot_not_T60,pinnacle,bc535e8679f7df0975570180,0.2040856685828364,0.2040856685828364,389.99030992424133,-99.99030992424133,2,OK,321,draftkings,,False,False,43.5,closest_offered_consensus_to_50pct_no_interpolation
03521546731023e57652ed81,2026-09-06T21:09:03.638292+00:00,f6b154b1ff83826321942baec7935c6eac9146e7a89b5c4e72cb75408ba32246,5ad8135dc2b5f27de0b777acd317855a,1,2026-09-15T00:15:00Z,Kansas City Chiefs,Denver Broncos,totals,alternate_totals,,52.5,Under,52.5,draftkings,-495,1.202020202020202,0.8090235970926034,1.1517554255833247,2026-09-06T21:08:21Z,42.638292,conditional_non_push,,market_consensus_no_model,live_snapshot_not_T60,pinnacle,bc535e8679f7df0975570180,0.7959143314171635,0.7959143314171635,-389.99030992424105,-105.00969007575895,2,OK,-410,fanduel,,False,False,43.5,closest_offered_consensus_to_50pct_no_interpolation
0c18650d3338cb4a9e87fcdf,2026-09-06T21:09:03.638292+00:00,f6b154b1ff83826321942baec7935c6eac9146e7a89b5c4e72cb75408ba32246,5ad8135dc2b5f27de0b777acd317855a,1,2026-09-15T00:15:00Z,Kansas City Chiefs,Denver Broncos,totals,alternate_totals,,52.5,Under,52.5,fanduel,-410,1.2439024390243902,0.782805065741724,1.1219590893115963,2026-09-06T21:08:54Z,9.638292,conditional_non_push,,market_consensus_no_model,live_snapshot_not_T60,pinnacle,bc535e8679f7df0975570180,0.7959143314171635,0.7959143314171635,-389.99030992424105,-20.009690075758954,2,OK,-410,fanduel,,False,False,43.5,closest_offered_consensus_to_50pct_no_interpolation
55fa27ec56fd0c25461c9024,2026-09-06T21:09:03.638292+00:00,f6b154b1ff83826321942baec7935c6eac9146e7a89b5c4e72cb75408ba32246,5ad8135dc2b5f27de0b777acd317855a,1,2026-09-15T00:15:00Z,Kansas City Chiefs,Denver Broncos,totals,alternate_totals,,53.5,Over,53.5,draftkings,364,4.640000000000001,0.16772192116033752,1.163374723957563,2026-09-06T21:08:21Z,42.638292,conditional_non_push,,market_consensus_no_model,live_snapshot_not_T60,pinnacle,1c32b72b3953d7718a29d566,0.18009959375441467,0.18009959375441467,455.24833740802796,-91.24833740802796,2,OK,364,draftkings,,False,False,43.5,closest_offered_consensus_to_50pct_no_interpolation
12e4d595abd6a9add3fdf7d9,2026-09-06T21:09:03.638292+00:00,f6b154b1ff83826321942baec7935c6eac9146e7a89b5c4e72cb75408ba32246,5ad8135dc2b5f27de0b777acd317855a,1,2026-09-15T00:15:00Z,Kansas City Chiefs,Denver Broncos,totals,alternate_totals,,53.5,Over,53.5,fanduel,330,4.3,0.19247726634849185,1.1296861772818092,2026-09-06T21:08:54Z,9.638292,conditional_non_push,,market_consensus_no_model,live_snapshot_not_T60,pinnacle,1c32b72b3953d7718a29d566,0.18009959375441467,0.18009959375441467,455.24833740802796,-125.24833740802796,2,OK,364,draftkings,,False,False,43.5,closest_offered_consensus_to_50pct_no_interpolation
969053cd0fc9f993cf73470e,2026-09-06T21:09:03.638292+00:00,f6b154b1ff83826321942baec7935c6eac9146e7a89b5c4e72cb75408ba32246,5ad8135dc2b5f27de0b777acd317855a,1,2026-09-15T00:15:00Z,Kansas City Chiefs,Denver Broncos,totals,alternate_totals,,53.5,Under,53.5,draftkings,-585,1.170940170940171,0.8322780788396626,1.163374723957563,2026-09-06T21:08:21Z,42.638292,conditional_non_push,,market_consensus_no_model,live_snapshot_not_T60,pinnacle,1c32b72b3953d7718a29d566,0.8199004062455852,0.8199004062455852,-455.24833740802774,-129.75166259197226,2,OK,-480,fanduel,,False,False,43.5,closest_offered_consensus_to_50pct_no_interpolation
0524c1a18faade5fa24a4264,2026-09-06T21:09:03.638292+00:00,f6b154b1ff83826321942baec7935c6eac9146e7a89b5c4e72cb75408ba32246,5ad8135dc2b5f27de0b777acd317855a,1,2026-09-15T00:15:00Z,Kansas City Chiefs,Denver Broncos,totals,alternate_totals,,53.5,Under,53.5,fanduel,-480,1.2083333333333333,0.8075227336515083,1.1296861772818092,2026-09-06T21:08:54Z,9.638292,conditional_non_push,,market_consensus_no_model,live_snapshot_not_T60,pinnacle,1c32b72b3953d7718a29d566,0.8199004062455852,0.8199004062455852,-455.24833740802774,-24.751662591972263,2,OK,-480,fanduel,,False,False,43.5,closest_offered_consensus_to_50pct_no_interpolation
e90ffae306097106ea8a4416,2026-09-06T21:09:03.638292+00:00,f6b154b1ff83826321942baec7935c6eac9146e7a89b5c4e72cb75408ba32246,5ad8135dc2b5f27de0b777acd317855a,1,2026-09-15T00:15:00Z,Kansas City Chiefs,Denver Broncos,totals,alternate_totals,,54.5,Over,54.5,draftkings,407,5.07,0.14749198601619393,1.1790385703465227,2026-09-06T21:08:21Z,42.638292,conditional_non_push,,market_consensus_no_model,live_snapshot_not_T60,pinnacle,a5aea9f543f05fdd943e3c6e,0.1618666940783794,0.1618666940783794,517.7923171247188,-110.7923171247188,2,OK,407,draftkings,,False,False,43.5,closest_offered_consensus_to_50pct_no_interpolation
8eba2929083525f5857a7438,2026-09-06T21:09:03.638292+00:00,f6b154b1ff83826321942baec7935c6eac9146e7a89b5c4e72cb75408ba32246,5ad8135dc2b5f27de0b777acd317855a,1,2026-09-15T00:15:00Z,Kansas City Chiefs,Denver Broncos,totals,alternate_totals,,54.5,Over,54.5,fanduel,370,4.7,0.17624140214056483,1.1216998414500807,2026-09-06T21:08:54Z,9.638292,conditional_non_push,,market_consensus_no_model,live_snapshot_not_T60,pinnacle,a5aea9f543f05fdd943e3c6e,0.1618666940783794,0.1618666940783794,517.7923171247188,-147.7923171247188,2,OK,407,draftkings,,False,False,43.5,closest_offered_consensus_to_50pct_no_interpolation
724fe23f3d9ef45d3edd9058,2026-09-06T21:09:03.638292+00:00,f6b154b1ff83826321942baec7935c6eac9146e7a89b5c4e72cb75408ba32246,5ad8135dc2b5f27de0b777acd317855a,1,2026-09-15T00:15:00Z,Kansas City Chiefs,Denver Broncos,totals,alternate_totals,,54.5,Under,54.5,draftkings,-690,1.144927536231884,0.8525080139838062,1.1790385703465227,2026-09-06T21:08:21Z,42.638292,conditional_non_push,,market_consensus_no_model,live_snapshot_not_T60,pinnacle,a5aea9f543f05fdd943e3c6e,0.8381333059216207,0.8381333059216207,-517.7923171247193,-172.20768287528074,2,OK,-530,fanduel,,False,False,43.5,closest_offered_consensus_to_50pct_no_interpolation
f893ebd464ee0e5de3e56acc,2026-09-06T21:09:03.638292+00:00,f6b154b1ff83826321942baec7935c6eac9146e7a89b5c4e72cb75408ba32246,5ad8135dc2b5f27de0b777acd317855a,1,2026-09-15T00:15:00Z,Kansas City Chiefs,Denver Broncos,totals,alternate_totals,,54.5,Under,54.5,fanduel,-530,1.1886792452830188,0.8237585978594353,1.1216998414500807,2026-09-06T21:08:54Z,9.638292,conditional_non_push,,market_consensus_no_model,live_snapshot_not_T60,pinnacle,a5aea9f543f05fdd943e3c6e,0.8381333059216207,0.8381333059216207,-517.7923171247193,-12.207682875280739,2,OK,-530,fanduel,,False,False,43.5,closest_offered_consensus_to_50pct_no_interpolation
c79303041f153a28d6a6e6e7,2026-09-06T21:09:03.638292+00:00,f6b154b1ff83826321942baec7935c6eac9146e7a89b5c4e72cb75408ba32246,5ad8135dc2b5f27de0b777acd317855a,1,2026-09-15T00:15:00Z,Kansas City Chiefs,Denver Broncos,totals,alternate_totals,,55.5,Over,55.5,draftkings,460,5.6,0.128205522133951,1.1923383375024903,2026-09-06T21:08:21Z,42.638292,conditional_non_push,,market_consensus_no_model,live_snapshot_not_T60,pinnacle,5de4b0eaf1075b7de5c484f3,0.13787270663010875,0.13787270663010875,625.3067154783913,-165.3067154783913,2,OK,460,draftkings,,False,False,43.5,closest_offered_consensus_to_50pct_no_interpolation
d2035fffc799b2d6c2f8d0e5,2026-09-06T21:09:03.638292+00:00,f6b154b1ff83826321942baec7935c6eac9146e7a89b5c4e72cb75408ba32246,5ad8135dc2b5f27de0b777acd317855a,1,2026-09-15T00:15:00Z,Kansas City Chiefs,Denver Broncos,totals,alternate_totals,,55.5,Over,55.5,fanduel,430,5.3,0.14753989112626653,1.1474778827208754,2026-09-06T21:08:54Z,9.638292,conditional_non_push,,market_consensus_no_model,live_snapshot_not_T60,pinnacle,5de4b0eaf1075b7de5c484f3,0.13787270663010875,0.13787270663010875,625.3067154783913,-195.3067154783913,2,OK,460,draftkings,,False,False,43.5,closest_offered_consensus_to_50pct_no_interpolation
534b6ab75a652f0855d1bc60,2026-09-06T21:09:03.638292+00:00,f6b154b1ff83826321942baec7935c6eac9146e7a89b5c4e72cb75408ba32246,5ad8135dc2b5f27de0b777acd317855a,1,2026-09-15T00:15:00Z,Kansas City Chiefs,Denver Broncos,totals,alternate_totals,,55.5,Under,55.5,draftkings,-820,1.1219512195121952,0.8717944778660491,1.1923383375024903,2026-09-06T21:08:21Z,42.638292,conditional_non_push,,market_consensus_no_model,live_snapshot_not_T60,pinnacle,5de4b0eaf1075b7de5c484f3,0.8621272933698914,0.8621272933698914,-625.3067154783919,-194.69328452160812,2,OK,-670,fanduel,,False,False,43.5,closest_offered_consensus_to_50pct_no_interpolation
d5e3fa3a878c51e8d648d68f,2026-09-06T21:09:03.638292+00:00,f6b154b1ff83826321942baec7935c6eac9146e7a89b5c4e72cb75408ba32246,5ad8135dc2b5f27de0b777acd317855a,1,2026-09-15T00:15:00Z,Kansas City Chiefs,Denver Broncos,totals,alternate_totals,,55.5,Under,55.5,fanduel,-670,1.1492537313432836,0.8524601088737336,1.1474778827208754,2026-09-06T21:08:54Z,9.638292,conditional_non_push,,market_consensus_no_model,live_snapshot_not_T60,pinnacle,5de4b0eaf1075b7de5c484f3,0.8621272933698914,0.8621272933698914,-625.3067154783919,-44.69328452160812,2,OK,-670,fanduel,,False,False,43.5,closest_offered_consensus_to_50pct_no_interpolation
29ca417947a7a4743e2b04a6,2026-09-06T21:09:03.638292+00:00,f6b154b1ff83826321942baec7935c6eac9146e7a89b5c4e72cb75408ba32246,5ad8135dc2b5f27de0b777acd317855a,1,2026-09-15T00:15:00Z,Kansas City Chiefs,Denver Broncos,totals,alternate_totals,,56.5,Over,56.5,draftkings,503,6.03,0.11470746433953097,1.2051614205869612,2026-09-06T21:08:21Z,42.638292,conditional_non_push,,market_consensus_no_model,live_snapshot_not_T60,pinnacle,c2d3b956eed1364b3929351e,0.12498929683057428,0.12498929683057428,700.0685061501881,-197.0685061501881,2,OK,503,draftkings,,False,False,43.5,closest_offered_consensus_to_50pct_no_interpolation
fdf743a3a17b2ae02fcce002,2026-09-06T21:09:03.638292+00:00,f6b154b1ff83826321942baec7935c6eac9146e7a89b5c4e72cb75408ba32246,5ad8135dc2b5f27de0b777acd317855a,1,2026-09-15T00:15:00Z,Kansas City Chiefs,Denver Broncos,totals,alternate_totals,,56.5,Over,56.5,fanduel,460,5.6,0.13527112932161764,1.1611985929439843,2026-09-06T21:08:54Z,9.638292,conditional_non_push,,market_consensus_no_model,live_snapshot_not_T60,pinnacle,c2d3b956eed1364b3929351e,0.12498929683057428,0.12498929683057428,700.0685061501881,-240.0685061501881,2,OK,503,draftkings,,False,False,43.5,closest_offered_consensus_to_50pct_no_interpolation
c5892ad737e6f4dc9befd851,2026-09-06T21:09:03.638292+00:00,f6b154b1ff83826321942baec7935c6eac9146e7a89b5c4e72cb75408ba32246,5ad8135dc2b5f27de0b777acd317855a,1,2026-09-15T00:15:00Z,Kansas City Chiefs,Denver Broncos,totals,alternate_totals,,56.5,Under,56.5,draftkings,-940,1.1063829787234043,0.8852925356604692,1.2051614205869612,2026-09-06T21:08:21Z,42.638292,conditional_non_push,,market_consensus_no_model,live_snapshot_not_T60,pinnacle,c2d3b956eed1364b3929351e,0.8750107031694256,0.8750107031694256,-700.0685061501875,-239.93149384981245,2,OK,-750,fanduel,,False,False,43.5,closest_offered_consensus_to_50pct_no_interpolation
5703d1365f36c1e9783f5d92,2026-09-06T21:09:03.638292+00:00,f6b154b1ff83826321942baec7935c6eac9146e7a89b5c4e72cb75408ba32246,5ad8135dc2b5f27de0b777acd317855a,1,2026-09-15T00:15:00Z,Kansas City Chiefs,Denver Broncos,totals,alternate_totals,,56.5,Under,56.5,fanduel,-750,1.1333333333333333,0.8647288706783824,1.1611985929439843,2026-09-06T21:08:54Z,9.638292,conditional_non_push,,market_consensus_no_model,live_snapshot_not_T60,pinnacle,c2d3b956eed1364b3929351e,0.8750107031694256,0.8750107031694256,-700.0685061501875,-49.931493849812455,2,OK,-750,fanduel,,False,False,43.5,closest_offered_consensus_to_50pct_no_interpolation
d217e879fb062c94c59a6cc2,2026-09-06T21:09:03.638292+00:00,f6b154b1ff83826321942baec7935c6eac9146e7a89b5c4e72cb75408ba32246,5ad8135dc2b5f27de0b777acd317855a,1,2026-09-15T00:15:00Z,Kansas City Chiefs,Denver Broncos,totals,alternate_totals,,57.5,Over,57.5,draftkings,580,6.8,0.09400907884850769,1.233416468070073,2026-09-06T21:08:21Z,42.638292,conditional_non_push,,market_consensus_no_model,live_snapshot_not_T60,pinnacle,49f3ae3f631293da15b399a2,0.10534123887698779,0.10534123887698779,849.2958414583958,-269.2958414583958,2,OK,580,draftkings,,False,False,43.5,closest_offered_consensus_to_50pct_no_interpolation
700a52d60409bfb0df9f6ab5,2026-09-06T21:09:03.638292+00:00,f6b154b1ff83826321942baec7935c6eac9146e7a89b5c4e72cb75408ba32246,5ad8135dc2b5f27de0b777acd317855a,1,2026-09-15T00:15:00Z,Kansas City Chiefs,Denver Broncos,totals,alternate_totals,,57.5,Over,57.5,fanduel,520,6.2,0.11667339890546793,1.1774835129351686,2026-09-06T21:08:54Z,9.638292,conditional_non_push,,market_consensus_no_model,live_snapshot_not_T60,pinnacle,49f3ae3f631293da15b399a2,0.10534123887698779,0.10534123887698779,849.2958414583958,-329.2958414583958,2,OK,580,draftkings,,False,False,43.5,closest_offered_consensus_to_50pct_no_interpolation
6ed2078a0fc1cf66ea8e4150,2026-09-06T21:09:03.638292+00:00,f6b154b1ff83826321942baec7935c6eac9146e7a89b5c4e72cb75408ba32246,5ad8135dc2b5f27de0b777acd317855a,1,2026-09-15T00:15:00Z,Kansas City Chiefs,Denver Broncos,totals,alternate_totals,,57.5,Under,57.5,draftkings,-1200,1.0833333333333333,0.9059909211514924,1.233416468070073,2026-09-06T21:08:21Z,42.638292,conditional_non_push,,market_consensus_no_model,live_snapshot_not_T60,pinnacle,49f3ae3f631293da15b399a2,0.8946587611230121,0.8946587611230121,-849.2958414583951,-350.7041585416049,2,OK,-900,fanduel,,False,False,43.5,closest_offered_consensus_to_50pct_no_interpolation
460c10509bed141de6a9bdfc,2026-09-06T21:09:03.638292+00:00,f6b154b1ff83826321942baec7935c6eac9146e7a89b5c4e72cb75408ba32246,5ad8135dc2b5f27de0b777acd317855a,1,2026-09-15T00:15:00Z,Kansas City Chiefs,Denver Broncos,totals,alternate_totals,,57.5,Under,57.5,fanduel,-900,1.1111111111111112,0.8833266010945322,1.1774835129351686,2026-09-06T21:08:54Z,9.638292,conditional_non_push,,market_consensus_no_model,live_snapshot_not_T60,pinnacle,49f3ae3f631293da15b399a2,0.8946587611230121,0.8946587611230121,-849.2958414583951,-50.7041585416049,2,OK,-900,fanduel,,False,False,43.5,closest_offered_consensus_to_50pct_no_interpolation
1e0c3f749400a811c2fa51a5,2026-09-06T21:09:03.638292+00:00,f6b154b1ff83826321942baec7935c6eac9146e7a89b5c4e72cb75408ba32246,5ad8135dc2b5f27de0b777acd317855a,1,2026-09-15T00:15:00Z,Kansas City Chiefs,Denver Broncos,totals,alternate_totals,,58.5,Over,58.5,draftkings,640,7.4,0.08014696644902321,1.2610134744285704,2026-09-06T21:08:21Z,42.638292,conditional_non_push,,market_consensus_no_model,live_snapshot_not_T60,pinnacle,ed29551cb5a80696d229def7,0.08930450652179071,0.08930450652179071,1019.7643197949876,-379.7643197949876,2,OK,640,draftkings,,False,False,43.5,closest_offered_consensus_to_50pct_no_interpolation
8de4eca0ed2a5d30783497cc,2026-09-06T21:09:03.638292+00:00,f6b154b1ff83826321942baec7935c6eac9146e7a89b5c4e72cb75408ba32246,5ad8135dc2b5f27de0b777acd317855a,1,2026-09-15T00:15:00Z,Kansas City Chiefs,Denver Broncos,totals,alternate_totals,,58.5,Over,58.5,fanduel,600,7.0,0.09846204659455823,1.191259586133878,2026-09-06T21:08:54Z,9.638292,conditional_non_push,,market_consensus_no_model,live_snapshot_not_T60,pinnacle,ed29551cb5a80696d229def7,0.08930450652179071,0.08930450652179071,1019.7643197949876,-419.7643197949876,2,OK,640,draftkings,,False,False,43.5,closest_offered_consensus_to_50pct_no_interpolation
3add66974502f3b7bac8f39b,2026-09-06T21:09:03.638292+00:00,f6b154b1ff83826321942baec7935c6eac9146e7a89b5c4e72cb75408ba32246,5ad8135dc2b5f27de0b777acd317855a,1,2026-09-15T00:15:00Z,Kansas City Chiefs,Denver Broncos,totals,alternate_totals,,58.5,Under,58.5,draftkings,-1460,1.0684931506849316,0.9198530335509769,1.2610134744285704,2026-09-06T21:08:21Z,42.638292,conditional_non_push,,market_consensus_no_model,live_snapshot_not_T60,pinnacle,ed29551cb5a80696d229def7,0.9106954934782092,0.9106954934782092,-1019.7643197949866,-440.2356802050134,2,OK,-1100,fanduel,,False,False,43.5,closest_offered_consensus_to_50pct_no_interpolation
c5df0f5c3c6c656a00d04bde,2026-09-06T21:09:03.638292+00:00,f6b154b1ff83826321942baec7935c6eac9146e7a89b5c4e72cb75408ba32246,5ad8135dc2b5f27de0b777acd317855a,1,2026-09-15T00:15:00Z,Kansas City Chiefs,Denver Broncos,totals,alternate_totals,,58.5,Under,58.5,fanduel,-1100,1.0909090909090908,0.9015379534054418,1.191259586133878,2026-09-06T21:08:54Z,9.638292,conditional_non_push,,market_consensus_no_model,live_snapshot_not_T60,pinnacle,ed29551cb5a80696d229def7,0.9106954934782092,0.9106954934782092,-1019.7643197949866,-80.23568020501341,2,OK,-1100,fanduel,,False,False,43.5,closest_offered_consensus_to_50pct_no_interpolation
02aebcd4087f65e7d99ecdde,2026-09-06T21:09:03.638292+00:00,f6b154b1ff83826321942baec7935c6eac9146e7a89b5c4e72cb75408ba32246,5ad8135dc2b5f27de0b777acd317855a,1,2026-09-15T00:15:00Z,Kansas City Chiefs,Denver Broncos,totals,alternate_totals,,59.5,Over,59.5,draftkings,720,8.2,0.06707355637288688,1.2841222124546974,2026-09-06T21:08:21Z,42.638292,conditional_non_push,,market_consensus_no_model,live_snapshot_not_T60,pinnacle,e640acd6fe59154fbdfa4ee2,0.07401897933900212,0.07401897933900212,1251.0048489321434,-531.0048489321434,2,OK,720,draftkings,,False,False,43.5,closest_offered_consensus_to_50pct_no_interpolation
ef9e15e6c3099e2a1a06e3c6,2026-09-06T21:09:03.638292+00:00,f6b154b1ff83826321942baec7935c6eac9146e7a89b5c4e72cb75408ba32246,5ad8135dc2b5f27de0b777acd317855a,1,2026-09-15T00:15:00Z,Kansas City Chiefs,Denver Broncos,totals,alternate_totals,,59.5,Over,59.5,fanduel,680,7.8,0.08096440230511735,1.2237557345683783,2026-09-06T21:08:54Z,9.638292,conditional_non_push,,market_consensus_no_model,live_snapshot_not_T60,pinnacle,e640acd6fe59154fbdfa4ee2,0.07401897933900212,0.07401897933900212,1251.0048489321434,-571.0048489321434,2,OK,720,draftkings,,False,False,43.5,closest_offered_consensus_to_50pct_no_interpolation
ceaedf0a23ff4b16f66fe59b,2026-09-06T21:09:03.638292+00:00,f6b154b1ff83826321942baec7935c6eac9146e7a89b5c4e72cb75408ba32246,5ad8135dc2b5f27de0b777acd317855a,1,2026-09-15T00:15:00Z,Kansas City Chiefs,Denver Broncos,totals,alternate_totals,,59.5,Under,59.5,draftkings,-1800,1.0555555555555556,0.9329264436271133,1.2841222124546974,2026-09-06T21:08:21Z,42.638292,conditional_non_push,,market_consensus_no_model,live_snapshot_not_T60,pinnacle,e640acd6fe59154fbdfa4ee2,0.925981020660998,0.925981020660998,-1251.004848932145,-548.995151067855,2,OK,-1400,fanduel,,False,False,43.5,closest_offered_consensus_to_50pct_no_interpolation
53613701bdd4d879f83215fd,2026-09-06T21:09:03.638292+00:00,f6b154b1ff83826321942baec7935c6eac9146e7a89b5c4e72cb75408ba32246,5ad8135dc2b5f27de0b777acd317855a,1,2026-09-15T00:15:00Z,Kansas City Chiefs,Denver Broncos,totals,alternate_totals,,59.5,Under,59.5,fanduel,-1400,1.0714285714285714,0.9190355976948827,1.2237557345683783,2026-09-06T21:08:54Z,9.638292,conditional_non_push,,market_consensus_no_model,live_snapshot_not_T60,pinnacle,e640acd6fe59154fbdfa4ee2,0.925981020660998,0.925981020660998,-1251.004848932145,-148.99515106785498,2,OK,-1400,fanduel,,False,False,43.5,closest_offered_consensus_to_50pct_no_interpolation
0c571d3a2371b4563d395610,2026-09-06T21:09:03.638292+00:00,f6b154b1ff83826321942baec7935c6eac9146e7a89b5c4e72cb75408ba32246,5ad8135dc2b5f27de0b777acd317855a,1,2026-09-15T00:15:00Z,Kansas City Chiefs,Denver Broncos,totals,alternate_totals,,60.5,Over,60.5,draftkings,790,8.9,0.05492717670306047,1.3273920250241056,2026-09-06T21:08:21Z,42.638292,conditional_non_push,,market_consensus_no_model,live_snapshot_not_T60,pinnacle,e09126b25ee28b1fd7e41984,0.06339934808581178,0.06339934808581178,1477.3032849588421,-687.3032849588421,2,OK,790,draftkings,,False,False,43.5,closest_offered_consensus_to_50pct_no_interpolation
da475ded81b139ae37a3b61b,2026-09-06T21:09:03.638292+00:00,f6b154b1ff83826321942baec7935c6eac9146e7a89b5c4e72cb75408ba32246,5ad8135dc2b5f27de0b777acd317855a,1,2026-09-15T00:15:00Z,Kansas City Chiefs,Denver Broncos,totals,alternate_totals,,60.5,Over,60.5,fanduel,750,8.5,0.0718715194685631,1.230277479608839,2026-09-06T21:08:54Z,9.638292,conditional_non_push,,market_consensus_no_model,live_snapshot_not_T60,pinnacle,e09126b25ee28b1fd7e41984,0.06339934808581178,0.06339934808581178,1477.3032849588421,-727.3032849588421,2,OK,790,draftkings,,False,False,43.5,closest_offered_consensus_to_50pct_no_interpolation
2ea31f3bc3af390b189ac5e6,2026-09-06T21:09:03.638292+00:00,f6b154b1ff83826321942baec7935c6eac9146e7a89b5c4e72cb75408ba32246,5ad8135dc2b5f27de0b777acd317855a,1,2026-09-15T00:15:00Z,Kansas City Chiefs,Denver Broncos,totals,alternate_totals,,60.5,Under,60.5,draftkings,-2300,1.0434782608695652,0.9450728232969396,1.3273920250241056,2026-09-06T21:08:21Z,42.638292,conditional_non_push,,market_consensus_no_model,live_snapshot_not_T60,pinnacle,e09126b25ee28b1fd7e41984,0.9366006519141883,0.9366006519141883,-1477.3032849588437,-822.6967150411563,2,OK,-1600,fanduel,,False,False,43.5,closest_offered_consensus_to_50pct_no_interpolation
e8745f729c42baafb3d88cab,2026-09-06T21:09:03.638292+00:00,f6b154b1ff83826321942baec7935c6eac9146e7a89b5c4e72cb75408ba32246,5ad8135dc2b5f27de0b777acd317855a,1,2026-09-15T00:15:00Z,Kansas City Chiefs,Denver Broncos,totals,alternate_totals,,60.5,Under,60.5,fanduel,-1600,1.0625,0.928128480531437,1.230277479608839,2026-09-06T21:08:54Z,9.638292,conditional_non_push,,market_consensus_no_model,live_snapshot_not_T60,pinnacle,e09126b25ee28b1fd7e41984,0.9366006519141883,0.9366006519141883,-1477.3032849588437,-122.69671504115627,2,OK,-1600,fanduel,,False,False,43.5,closest_offered_consensus_to_50pct_no_interpolation
2560156c2cbbc64306278454,2026-09-06T21:09:03.638292+00:00,f6b154b1ff83826321942baec7935c6eac9146e7a89b5c4e72cb75408ba32246,5ad8135dc2b5f27de0b777acd317855a,1,2026-09-15T00:15:00Z,Kansas City Chiefs,Denver Broncos,totals,alternate_totals,,61.5,Over,61.5,draftkings,890,9.9,0.04272505627242862,1.3753203623528365,2026-09-06T21:08:21Z,42.638292,conditional_non_push,,market_consensus_no_model,live_snapshot_not_T60,pinnacle,81bed93e69b2371639d23171,0.048923850426757134,0.048923850426757134,1943.992840459438,-1053.992840459438,2,OK,890,draftkings,,False,False,43.5,closest_offered_consensus_to_50pct_no_interpolation
3912ddeaaed39c1a2ae287b8,2026-09-06T21:09:03.638292+00:00,f6b154b1ff83826321942baec7935c6eac9146e7a89b5c4e72cb75408ba32246,5ad8135dc2b5f27de0b777acd317855a,1,2026-09-15T00:15:00Z,Kansas City Chiefs,Denver Broncos,totals,alternate_totals,,61.5,Over,61.5,fanduel,870,9.7,0.05512264458108564,1.2755431788789866,2026-09-06T21:08:54Z,9.638292,conditional_non_push,,market_consensus_no_model,live_snapshot_not_T60,pinnacle,81bed93e69b2371639d23171,0.048923850426757134,0.048923850426757134,1943.992840459438,-1073.992840459438,2,OK,890,draftkings,,False,False,43.5,closest_offered_consensus_to_50pct_no_interpolation
3ec34f2aebd2cfe634599462,2026-09-06T21:09:03.638292+00:00,f6b154b1ff83826321942baec7935c6eac9146e7a89b5c4e72cb75408ba32246,5ad8135dc2b5f27de0b777acd317855a,1,2026-09-15T00:15:00Z,Kansas City Chiefs,Denver Broncos,totals,alternate_totals,,61.5,Under,61.5,draftkings,-3100,1.032258064516129,0.9572749437275715,1.3753203623528365,2026-09-06T21:08:21Z,42.638292,conditional_non_push,,market_consensus_no_model,live_snapshot_not_T60,pinnacle,81bed93e69b2371639d23171,0.9510761495732429,0.9510761495732429,-1943.9928404594407,-1156.0071595405593,2,OK,-2200,fanduel,,False,False,43.5,closest_offered_consensus_to_50pct_no_interpolation
9c8a995e34fb89ca84afa02a,2026-09-06T21:09:03.638292+00:00,f6b154b1ff83826321942baec7935c6eac9146e7a89b5c4e72cb75408ba32246,5ad8135dc2b5f27de0b777acd317855a,1,2026-09-15T00:15:00Z,Kansas City Chiefs,Denver Broncos,totals,alternate_totals,,61.5,Under,61.5,fanduel,-2200,1.0454545454545454,0.9448773554189145,1.2755431788789866,2026-09-06T21:08:54Z,9.638292,conditional_non_push,,market_consensus_no_model,live_snapshot_not_T60,pinnacle,81bed93e69b2371639d23171,0.9510761495732429,0.9510761495732429,-1943.9928404594407,-256.0071595405593,2,OK,-2200,fanduel,,False,False,43.5,closest_offered_consensus_to_50pct_no_interpolation
224d647bbfae825aa3c0414e,2026-09-06T21:09:03.638292+00:00,f6b154b1ff83826321942baec7935c6eac9146e7a89b5c4e72cb75408ba32246,5ad8135dc2b5f27de0b777acd317855a,1,2026-09-15T00:15:00Z,Kansas City Chiefs,Denver Broncos,totals,alternate_totals,,62.5,Over,62.5,draftkings,970,10.7,0.03323105723840781,1.4362532940314274,2026-09-06T21:08:21Z,42.638292,conditional_non_push,,market_consensus_no_model,live_snapshot_not_T60,pinnacle,921fc0e9cb6af33f27369b2f,0.04152011978850185,0.04152011978850185,2308.4708933737943,-1338.4708933737943,2,OK,970,draftkings,,False,False,43.5,closest_offered_consensus_to_50pct_no_interpolation
0def587e90b0aa84502e6799,2026-09-06T21:09:03.638292+00:00,f6b154b1ff83826321942baec7935c6eac9146e7a89b5c4e72cb75408ba32246,5ad8135dc2b5f27de0b777acd317855a,1,2026-09-15T00:15:00Z,Kansas City Chiefs,Denver Broncos,totals,alternate_totals,,62.5,Over,62.5,fanduel,900,10.0,0.0498091823385959,1.302690587533839,2026-09-06T21:08:54Z,9.638292,conditional_non_push,,market_consensus_no_model,live_snapshot_not_T60,pinnacle,921fc0e9cb6af33f27369b2f,0.04152011978850185,0.04152011978850185,2308.4708933737943,-1408.4708933737943,2,OK,970,draftkings,,False,False,43.5,closest_offered_consensus_to_50pct_no_interpolation
a019caee52bdaffc9ebb29db,2026-09-06T21:09:03.638292+00:00,f6b154b1ff83826321942baec7935c6eac9146e7a89b5c4e72cb75408ba32246,5ad8135dc2b5f27de0b777acd317855a,1,2026-09-15T00:15:00Z,Kansas City Chiefs,Denver Broncos,totals,alternate_totals,,62.5,Under,62.5,draftkings,-4200,1.0238095238095237,0.9667689427615923,1.4362532940314274,2026-09-06T21:08:21Z,42.638292,conditional_non_push,,market_consensus_no_model,live_snapshot_not_T60,pinnacle,921fc0e9cb6af33f27369b2f,0.9584798802114981,0.9584798802114981,-2308.4708933737916,-1891.5291066262084,2,OK,-2500,fanduel,,False,False,43.5,closest_offered_consensus_to_50pct_no_interpolation
7b156b6ba12cc50d183d1234,2026-09-06T21:09:03.638292+00:00,f6b154b1ff83826321942baec7935c6eac9146e7a89b5c4e72cb75408ba32246,5ad8135dc2b5f27de0b777acd317855a,1,2026-09-15T00:15:00Z,Kansas City Chiefs,Denver Broncos,totals,alternate_totals,,62.5,Under,62.5,fanduel,-2500,1.04,0.9501908176614043,1.302690587533839,2026-09-06T21:08:54Z,9.638292,conditional_non_push,,market_consensus_no_model,live_snapshot_not_T60,pinnacle,921fc0e9cb6af33f27369b2f,0.9584798802114981,0.9584798802114981,-2308.4708933737916,-191.52910662620843,2,OK,-2500,fanduel,,False,False,43.5,closest_offered_consensus_to_50pct_no_interpolation
46b3aa286004039e6017d926,2026-09-06T21:09:03.638292+00:00,f6b154b1ff83826321942baec7935c6eac9146e7a89b5c4e72cb75408ba32246,5ad8135dc2b5f27de0b777acd317855a,1,2026-09-15T00:15:00Z,Kansas City Chiefs,Denver Broncos,totals,alternate_totals,,63.5,Over,63.5,draftkings,1060,11.6,0.024042481914087987,1.5209813053822736,2026-09-06T21:08:21Z,42.638292,conditional_non_push,,market_consensus_no_model,live_snapshot_not_T60,pinnacle,bc5cf8c18fdc308163ccb7b9,0.030591935434913183,0.030591935434913183,3168.8353508315317,-2108.8353508315317,2,OK,1060,draftkings|fanduel,,False,False,43.5,closest_offered_consensus_to_50pct_no_interpolation
0d07ac1742dc4f30e12f351c,2026-09-06T21:09:03.638292+00:00,f6b154b1ff83826321942baec7935c6eac9146e7a89b5c4e72cb75408ba32246,5ad8135dc2b5f27de0b777acd317855a,1,2026-09-15T00:15:00Z,Kansas City Chiefs,Denver Broncos,totals,alternate_totals,,63.5,Over,63.5,fanduel,1060,11.6,0.037141388955738375,1.3435399740514984,2026-09-06T21:08:54Z,9.638292,conditional_non_push,,market_consensus_no_model,live_snapshot_not_T60,pinnacle,bc5cf8c18fdc308163ccb7b9,0.030591935434913183,0.030591935434913183,3168.8353508315317,-2108.8353508315317,2,OK,1060,draftkings|fanduel,,False,False,43.5,closest_offered_consensus_to_50pct_no_interpolation
b9621f635051c16b047e442a,2026-09-06T21:09:03.638292+00:00,f6b154b1ff83826321942baec7935c6eac9146e7a89b5c4e72cb75408ba32246,5ad8135dc2b5f27de0b777acd317855a,1,2026-09-15T00:15:00Z,Kansas City Chiefs,Denver Broncos,totals,alternate_totals,,63.5,Under,63.5,draftkings,-6200,1.0161290322580645,0.9759575180859121,1.5209813053822736,2026-09-06T21:08:21Z,42.638292,conditional_non_push,,market_consensus_no_model,live_snapshot_not_T60,pinnacle,bc5cf8c18fdc308163ccb7b9,0.9694080645650869,0.9694080645650869,-3168.835350831538,-3031.164649168462,2,OK,-3500,fanduel,,False,False,43.5,closest_offered_consensus_to_50pct_no_interpolation
ca5dac6fd47e5ae542e352ae,2026-09-06T21:09:03.638292+00:00,f6b154b1ff83826321942baec7935c6eac9146e7a89b5c4e72cb75408ba32246,5ad8135dc2b5f27de0b777acd317855a,1,2026-09-15T00:15:00Z,Kansas City Chiefs,Denver Broncos,totals,alternate_totals,,63.5,Under,63.5,fanduel,-3500,1.0285714285714285,0.9628586110442617,1.3435399740514984,2026-09-06T21:08:54Z,9.638292,conditional_non_push,,market_consensus_no_model,live_snapshot_not_T60,pinnacle,bc5cf8c18fdc308163ccb7b9,0.9694080645650869,0.9694080645650869,-3168.835350831538,-331.1646491684619,2,OK,-3500,fanduel,,False,False,43.5,closest_offered_consensus_to_50pct_no_interpolation
09203db9241db7eff9878f98,2026-09-06T21:09:03.638292+00:00,f6b154b1ff83826321942baec7935c6eac9146e7a89b5c4e72cb75408ba32246,5ad8135dc2b5f27de0b777acd317855a,1,2026-09-15T00:15:00Z,Kansas City Chiefs,Denver Broncos,totals,alternate_totals,,64.5,Over,64.5,draftkings,1140,12.4,0.016841794626838998,1.622074682545474,2026-09-06T21:08:21Z,42.638292,conditional_non_push,,market_consensus_no_model,live_snapshot_not_T60,pinnacle,baf65feae588558edd878504,0.025048655242435932,0.025048655242435932,3892.230282709388,-2752.230282709388,2,OK,1140,draftkings,,False,False,43.5,closest_offered_consensus_to_50pct_no_interpolation
322d923d3864e65c6fd07cf6,2026-09-06T21:09:03.638292+00:00,f6b154b1ff83826321942baec7935c6eac9146e7a89b5c4e72cb75408ba32246,5ad8135dc2b5f27de0b777acd317855a,1,2026-09-15T00:15:00Z,Kansas City Chiefs,Denver Broncos,totals,alternate_totals,,64.5,Over,64.5,fanduel,1100,12.0,0.033255515858032866,1.3696830967319413,2026-09-06T21:08:54Z,9.638292,conditional_non_push,,market_consensus_no_model,live_snapshot_not_T60,pinnacle,baf65feae588558edd878504,0.025048655242435932,0.025048655242435932,3892.230282709388,-2792.230282709388,2,OK,1140,draftkings,,False,False,43.5,closest_offered_consensus_to_50pct_no_interpolation
a5f42432a2bf2f9d51e8642c,2026-09-06T21:09:03.638292+00:00,f6b154b1ff83826321942baec7935c6eac9146e7a89b5c4e72cb75408ba32246,5ad8135dc2b5f27de0b777acd317855a,1,2026-09-15T00:15:00Z,Kansas City Chiefs,Denver Broncos,totals,alternate_totals,,64.5,Under,64.5,draftkings,-9500,1.0105263157894737,0.9831582053731611,1.622074682545474,2026-09-06T21:08:21Z,42.638292,conditional_non_push,,market_consensus_no_model,live_snapshot_not_T60,pinnacle,baf65feae588558edd878504,0.9749513447575642,0.9749513447575642,-3892.2302827094054,-5607.769717290595,2,OK,-4000,fanduel,,False,False,43.5,closest_offered_consensus_to_50pct_no_interpolation
cea25f95bbaf9ad769f92ca3,2026-09-06T21:09:03.638292+00:00,f6b154b1ff83826321942baec7935c6eac9146e7a89b5c4e72cb75408ba32246,5ad8135dc2b5f27de0b777acd317855a,1,2026-09-15T00:15:00Z,Kansas City Chiefs,Denver Broncos,totals,alternate_totals,,64.5,Under,64.5,fanduel,-4000,1.025,0.9667444841419672,1.3696830967319413,2026-09-06T21:08:54Z,9.638292,conditional_non_push,,market_consensus_no_model,live_snapshot_not_T60,pinnacle,baf65feae588558edd878504,0.9749513447575642,0.9749513447575642,-3892.2302827094054,-107.7697172905946,2,OK,-4000,fanduel,,False,False,43.5,closest_offered_consensus_to_50pct_no_interpolation
c38a629770dabf257ead0f22,2026-09-06T21:09:03.638292+00:00,f6b154b1ff83826321942baec7935c6eac9146e7a89b5c4e72cb75408ba32246,5ad8135dc2b5f27de0b777acd317855a,1,2026-09-15T00:15:00Z,Kansas City Chiefs,Denver Broncos,totals,alternate_totals,,65.5,Over,65.5,draftkings,1280,13.8,0.01563954634281762,1.584181927925815,2026-09-06T21:08:21Z,42.638292,conditional_non_push,,market_consensus_no_model,live_snapshot_not_T60,pinnacle,c196dcee18bdcfde53a25d18,0.021217012984490885,0.021217012984490885,4613.198793491692,-3333.1987934916924,2,OK,1300,fanduel,,False,False,43.5,closest_offered_consensus_to_50pct_no_interpolation
fd885f5bb6a2f27b09feda1f,2026-09-06T21:09:03.638292+00:00,f6b154b1ff83826321942baec7935c6eac9146e7a89b5c4e72cb75408ba32246,5ad8135dc2b5f27de0b777acd317855a,1,2026-09-15T00:15:00Z,Kansas City Chiefs,Denver Broncos,totals,alternate_totals,,65.5,Over,65.5,fanduel,1300,14.0,0.02679447962616415,1.371534962944137,2026-09-06T21:08:54Z,9.638292,conditional_non_push,,market_consensus_no_model,live_snapshot_not_T60,pinnacle,c196dcee18bdcfde53a25d18,0.021217012984490885,0.021217012984490885,4613.198793491692,-3313.1987934916924,2,OK,1300,fanduel,,False,False,43.5,closest_offered_consensus_to_50pct_no_interpolation
74b1785b0f9971bb3e9cc5e5,2026-09-06T21:09:03.638292+00:00,f6b154b1ff83826321942baec7935c6eac9146e7a89b5c4e72cb75408ba32246,5ad8135dc2b5f27de0b777acd317855a,1,2026-09-15T00:15:00Z,Kansas City Chiefs,Denver Broncos,totals,alternate_totals,,65.5,Under,65.5,draftkings,-10000,1.01,0.9843604536571825,1.584181927925815,2026-09-06T21:08:21Z,42.638292,conditional_non_push,,market_consensus_no_model,live_snapshot_not_T60,pinnacle,c196dcee18bdcfde53a25d18,0.9787829870155091,0.9787829870155091,-4613.198793491698,-5386.801206508302,2,OK,-5000,fanduel,,False,False,43.5,closest_offered_consensus_to_50pct_no_interpolation
976416536f763b7c77fd551c,2026-09-06T21:09:03.638292+00:00,f6b154b1ff83826321942baec7935c6eac9146e7a89b5c4e72cb75408ba32246,5ad8135dc2b5f27de0b777acd317855a,1,2026-09-15T00:15:00Z,Kansas City Chiefs,Denver Broncos,totals,alternate_totals,,65.5,Under,65.5,fanduel,-5000,1.02,0.9732055203738359,1.371534962944137,2026-09-06T21:08:54Z,9.638292,conditional_non_push,,market_consensus_no_model,live_snapshot_not_T60,pinnacle,c196dcee18bdcfde53a25d18,0.9787829870155091,0.9787829870155091,-4613.198793491698,-386.80120650830213,2,OK,-5000,fanduel,,False,False,43.5,closest_offered_consensus_to_50pct_no_interpolation
257208ee22d7d7ae76c2b727,2026-09-06T21:09:03.638292+00:00,f6b154b1ff83826321942baec7935c6eac9146e7a89b5c4e72cb75408ba32246,5ad8135dc2b5f27de0b777acd317855a,1,2026-09-15T00:15:00Z,Kansas City Chiefs,Denver Broncos,totals,alternate_totals,,66.5,Over,66.5,fanduel,1400,15.0,0.022811126155746486,1.3960254027875676,2026-09-06T21:08:54Z,9.638292,conditional_non_push,,market_consensus_no_model,live_snapshot_not_T60,pinnacle,0a0b82f9f611fd57e49c90fa,0.022811126155746483,0.022811126155746483,4283.825652325737,-2883.825652325737,1,FEWER_THAN_TWO_BOOKS,1400,fanduel,,False,False,43.5,closest_offered_consensus_to_50pct_no_interpolation
ecd47686434fc87789b73200,2026-09-06T21:09:03.638292+00:00,f6b154b1ff83826321942baec7935c6eac9146e7a89b5c4e72cb75408ba32246,5ad8135dc2b5f27de0b777acd317855a,1,2026-09-15T00:15:00Z,Kansas City Chiefs,Denver Broncos,totals,alternate_totals,,66.5,Under,66.5,fanduel,-6000,1.0166666666666666,0.9771888738442537,1.3960254027875676,2026-09-06T21:08:54Z,9.638292,conditional_non_push,,market_consensus_no_model,live_snapshot_not_T60,pinnacle,0a0b82f9f611fd57e49c90fa,0.9771888738442535,0.9771888738442535,-4283.825652325725,-1716.174347674275,1,FEWER_THAN_TWO_BOOKS,-6000,fanduel,,False,False,43.5,closest_offered_consensus_to_50pct_no_interpolation
2cd00ade4af9c756fe3cf5ce,2026-09-06T21:09:03.638292+00:00,f6b154b1ff83826321942baec7935c6eac9146e7a89b5c4e72cb75408ba32246,5ad8135dc2b5f27de0b777acd317855a,1,2026-09-15T00:15:00Z,Kansas City Chiefs,Denver Broncos,totals,alternate_totals,,67.5,Over,67.5,fanduel,1500,16.0,0.019852243395067852,1.4136385355001044,2026-09-06T21:08:54Z,9.638292,conditional_non_push,,market_consensus_no_model,live_snapshot_not_T60,pinnacle,1e846c40c6bc860f003869e8,0.019852243395067852,0.019852243395067852,4937.214082557757,-3437.214082557757,1,FEWER_THAN_TWO_BOOKS,1500,fanduel,,False,False,43.5,closest_offered_consensus_to_50pct_no_interpolation
4674e94f2f079a33ac5c2ba4,2026-09-06T21:09:03.638292+00:00,f6b154b1ff83826321942baec7935c6eac9146e7a89b5c4e72cb75408ba32246,5ad8135dc2b5f27de0b777acd317855a,1,2026-09-15T00:15:00Z,Kansas City Chiefs,Denver Broncos,totals,alternate_totals,,67.5,Under,67.5,fanduel,-7000,1.0142857142857142,0.9801477566049323,1.4136385355001044,2026-09-06T21:08:54Z,9.638292,conditional_non_push,,market_consensus_no_model,live_snapshot_not_T60,pinnacle,1e846c40c6bc860f003869e8,0.9801477566049323,0.9801477566049323,-4937.2140825577835,-2062.7859174422165,1,FEWER_THAN_TWO_BOOKS,-7000,fanduel,,False,False,43.5,closest_offered_consensus_to_50pct_no_interpolation
7b877f85318963e3f6e58044,2026-09-06T21:09:03.638292+00:00,f6b154b1ff83826321942baec7935c6eac9146e7a89b5c4e72cb75408ba32246,5ad8135dc2b5f27de0b777acd317855a,1,2026-09-15T00:15:00Z,Kansas City Chiefs,Denver Broncos,totals,alternate_totals,,68.5,Over,68.5,fanduel,1700,18.0,0.014474742668680202,1.4653305484836974,2026-09-06T21:08:54Z,9.638292,conditional_non_push,,market_consensus_no_model,live_snapshot_not_T60,pinnacle,affa60e4058d707ab8879f91,0.014474742668680202,0.014474742668680202,6808.585685352148,-5108.585685352148,1,FEWER_THAN_TWO_BOOKS,1700,fanduel,,False,False,43.5,closest_offered_consensus_to_50pct_no_interpolation
58ffbc6bab35b6e9bacb556c,2026-09-06T21:09:03.638292+00:00,f6b154b1ff83826321942baec7935c6eac9146e7a89b5c4e72cb75408ba32246,5ad8135dc2b5f27de0b777acd317855a,1,2026-09-15T00:15:00Z,Kansas City Chiefs,Denver Broncos,totals,alternate_totals,,68.5,Under,68.5,fanduel,-10000,1.01,0.9855252573313199,1.4653305484836974,2026-09-06T21:08:54Z,9.638292,conditional_non_push,,market_consensus_no_model,live_snapshot_not_T60,pinnacle,affa60e4058d707ab8879f91,0.9855252573313199,0.9855252573313199,-6808.585685352199,-3191.414314647801,1,FEWER_THAN_TWO_BOOKS,-10000,fanduel,,False,False,43.5,closest_offered_consensus_to_50pct_no_interpolation
d346479c9214525748119314,2026-09-06T21:09:03.638292+00:00,f6b154b1ff83826321942baec7935c6eac9146e7a89b5c4e72cb75408ba32246,5ad8135dc2b5f27de0b777acd317855a,1,2026-09-15T00:15:00Z,Kansas City Chiefs,Denver Broncos,totals,alternate_totals,,69.5,Over,69.5,fanduel,1700,18.0,0.014474742668680202,1.4653305484836974,2026-09-06T21:08:54Z,9.638292,conditional_non_push,,market_consensus_no_model,live_snapshot_not_T60,pinnacle,e16d928f36898f7ecb5cd9ef,0.014474742668680202,0.014474742668680202,6808.585685352148,-5108.585685352148,1,FEWER_THAN_TWO_BOOKS,1700,fanduel,,False,False,43.5,closest_offered_consensus_to_50pct_no_interpolation
25bbf7530fd489911728f917,2026-09-06T21:09:03.638292+00:00,f6b154b1ff83826321942baec7935c6eac9146e7a89b5c4e72cb75408ba32246,5ad8135dc2b5f27de0b777acd317855a,1,2026-09-15T00:15:00Z,Kansas City Chiefs,Denver Broncos,totals,alternate_totals,,69.5,Under,69.5,fanduel,-10000,1.01,0.9855252573313199,1.4653305484836974,2026-09-06T21:08:54Z,9.638292,conditional_non_push,,market_consensus_no_model,live_snapshot_not_T60,pinnacle,e16d928f36898f7ecb5cd9ef,0.9855252573313199,0.9855252573313199,-6808.585685352199,-3191.414314647801,1,FEWER_THAN_TWO_BOOKS,-10000,fanduel,,False,False,43.5,closest_offered_consensus_to_50pct_no_interpolation
ab9260bd6ab440b0b16ee503,2026-09-06T21:09:03.638292+00:00,f6b154b1ff83826321942baec7935c6eac9146e7a89b5c4e72cb75408ba32246,5ad8135dc2b5f27de0b777acd317855a,1,2026-09-15T00:15:00Z,Kansas City Chiefs,Denver Broncos,totals,alternate_totals,,70.5,Over,70.5,fanduel,2000,21.0,0.0078991669138625,1.5900680904921125,2026-09-06T21:08:54Z,9.638292,conditional_non_push,,market_consensus_no_model,live_snapshot_not_T60,pinnacle,a6a7adff636f073edb73c0ab,0.007899166913862499,0.007899166913862499,12559.56284890079,-10559.56284890079,1,FEWER_THAN_TWO_BOOKS,2000,fanduel,,False,False,43.5,closest_offered_consensus_to_50pct_no_interpolation
466fe3a3c103d64e4a2f40ee,2026-09-06T21:09:03.638292+00:00,f6b154b1ff83826321942baec7935c6eac9146e7a89b5c4e72cb75408ba32246,5ad8135dc2b5f27de0b777acd317855a,1,2026-09-15T00:15:00Z,Kansas City Chiefs,Denver Broncos,totals,alternate_totals,,70.5,Under,70.5,fanduel,-20000,1.005,0.9921008330861376,1.5900680904921125,2026-09-06T21:08:54Z,9.638292,conditional_non_push,,market_consensus_no_model,live_snapshot_not_T60,pinnacle,a6a7adff636f073edb73c0ab,0.9921008330861374,0.9921008330861374,-12559.562848900612,-7440.437151099388,1,FEWER_THAN_TWO_BOOKS,-20000,fanduel,,False,False,43.5,closest_offered_consensus_to_50pct_no_interpolation
e14e5436649be25d989f799d,2026-09-06T21:09:03.638292+00:00,f6b154b1ff83826321942baec7935c6eac9146e7a89b5c4e72cb75408ba32246,5ad8135dc2b5f27de0b777acd317855a,1,2026-09-15T00:15:00Z,Kansas City Chiefs,Denver Broncos,totals,alternate_totals,,71.5,Over,71.5,fanduel,2500,26.0,0.00746846980410443,1.503044826687773,2026-09-06T21:08:54Z,9.638292,conditional_non_push,,market_consensus_no_model,live_snapshot_not_T60,pinnacle,bf4cd0d09ce190c74b560488,0.007468469804104428,0.007468469804104428,13289.62366093296,-10789.62366093296,1,FEWER_THAN_TWO_BOOKS,2500,fanduel,,False,False,43.5,closest_offered_consensus_to_50pct_no_interpolation
63078eb0365b550fa047ea8b,2026-09-06T21:09:03.638292+00:00,f6b154b1ff83826321942baec7935c6eac9146e7a89b5c4e72cb75408ba32246,5ad8135dc2b5f27de0b777acd317855a,1,2026-09-15T00:15:00Z,Kansas City Chiefs,Denver Broncos,totals,alternate_totals,,71.5,Under,71.5,fanduel,-20000,1.005,0.9925315301958958,1.503044826687773,2026-09-06T21:08:54Z,9.638292,conditional_non_push,,market_consensus_no_model,live_snapshot_not_T60,pinnacle,bf4cd0d09ce190c74b560488,0.9925315301958956,0.9925315301958956,-13289.623660932963,-6710.376339067037,1,FEWER_THAN_TWO_BOOKS,-20000,fanduel,,False,False,43.5,closest_offered_consensus_to_50pct_no_interpolation
0a0df35a53c487d40cfbf985,2026-09-06T21:09:03.638292+00:00,f6b154b1ff83826321942baec7935c6eac9146e7a89b5c4e72cb75408ba32246,5ad8135dc2b5f27de0b777acd317855a,1,2026-09-15T00:15:00Z,Kansas City Chiefs,Denver Broncos,totals,alternate_totals,,72.5,Over,72.5,fanduel,3000,31.0,0.003316139840975339,1.6624854814709127,2026-09-06T21:08:54Z,9.638292,conditional_non_push,,market_consensus_no_model,live_snapshot_not_T60,pinnacle,f6e90b3e2177ba7261032739,0.003316139840975339,0.003316139840975339,30055.543733218477,-27055.543733218477,1,FEWER_THAN_TWO_BOOKS,3000,fanduel,,False,False,43.5,closest_offered_consensus_to_50pct_no_interpolation
b8bd93c076a6d87ca6e64928,2026-09-06T21:09:03.638292+00:00,f6b154b1ff83826321942baec7935c6eac9146e7a89b5c4e72cb75408ba32246,5ad8135dc2b5f27de0b777acd317855a,1,2026-09-15T00:15:00Z,Kansas City Chiefs,Denver Broncos,totals,alternate_totals,,72.5,Under,72.5,fanduel,-50000,1.002,0.9966838601590248,1.6624854814709127,2026-09-06T21:08:54Z,9.638292,conditional_non_push,,market_consensus_no_model,live_snapshot_not_T60,pinnacle,f6e90b3e2177ba7261032739,0.9966838601590248,0.9966838601590248,-30055.54373321947,-19944.45626678053,1,FEWER_THAN_TWO_BOOKS,-50000,fanduel,,False,False,43.5,closest_offered_consensus_to_50pct_no_interpolation
c4615f77df598faeb7751854,2026-09-06T21:09:03.638292+00:00,f6b154b1ff83826321942baec7935c6eac9146e7a89b5c4e72cb75408ba32246,5ad8135dc2b5f27de0b777acd317855a,1,2026-09-15T00:15:00Z,Kansas City Chiefs,Denver Broncos,totals,alternate_totals,,73.5,Over,73.5,fanduel,3500,36.0,0.0031981248291934605,1.6032259715888264,2026-09-06T21:08:54Z,9.638292,conditional_non_push,,market_consensus_no_model,live_snapshot_not_T60,pinnacle,7346b42dc8cef38ab96c953e,0.0031981248291934605,0.0031981248291934605,31168.322951990318,-27668.322951990318,1,FEWER_THAN_TWO_BOOKS,3500,fanduel,,False,False,43.5,closest_offered_consensus_to_50pct_no_interpolation
381284caa0317705c5d3c03e,2026-09-06T21:09:03.638292+00:00,f6b154b1ff83826321942baec7935c6eac9146e7a89b5c4e72cb75408ba32246,5ad8135dc2b5f27de0b777acd317855a,1,2026-09-15T00:15:00Z,Kansas City Chiefs,Denver Broncos,totals,alternate_totals,,73.5,Under,73.5,fanduel,-50000,1.002,0.9968018751708067,1.6032259715888264,2026-09-06T21:08:54Z,9.638292,conditional_non_push,,market_consensus_no_model,live_snapshot_not_T60,pinnacle,7346b42dc8cef38ab96c953e,0.9968018751708067,0.9968018751708067,-31168.322951991406,-18831.677048008594,1,FEWER_THAN_TWO_BOOKS,-50000,fanduel,,False,False,43.5,closest_offered_consensus_to_50pct_no_interpolation
