quote_id,snapshot_received_at,source_sha256,event_id,week,commence_time,home_team,away_team,market,provider_market,player,canonical_line,side,line,executed_book,book_price,decimal_price,book_fair_probability,devig_power,quote_updated_at,quote_age_seconds,probability_basis,model_probability,probability_source,evidence_label,sharp_reference,consensus_id,consensus_fair_probability,fair_probability,fair_price,price_edge_cents,qualifying_books,coverage_flag,best_price,best_price_books,best_executable_price,filter_pass,board_eligible,consensus_fair_line,fair_line_method,snapshot_id
5c5b04a7a11a7bd213ed2836,2026-09-06T21:09:03.371375+00:00,998375f0988c8504abc453f8e528b151e37d989f9b20732e403c4d606c50877e,3e646c7479c57f5d9752d8c7dfe7059b,1,2026-09-14T00:20:00Z,New York Giants,Dallas Cowboys,h2h,h2h,,,Dallas Cowboys,,betmgm,-160,1.625,0.5925388778127377,1.0779204258974273,2026-09-06T21:08:57Z,6.371375,conditional_non_push,,market_consensus_no_model,live_snapshot_not_T60,pinnacle,5e85b154e40aab560927da3a,0.5917269314719671,0.5917269314719671,-144.93410834208328,-15.065891657916723,4,OK,-148,draftkings,-160,False,False,,not_applicable,998375f0988c8504
529543e6140c07b69038484c,2026-09-06T21:09:03.371375+00:00,998375f0988c8504abc453f8e528b151e37d989f9b20732e403c4d606c50877e,3e646c7479c57f5d9752d8c7dfe7059b,1,2026-09-14T00:20:00Z,New York Giants,Dallas Cowboys,h2h,h2h,,,Dallas Cowboys,,draftkings,-148,1.6756756756756757,0.5767508206717658,1.0661127422863643,2026-09-06T21:07:49Z,74.371375,conditional_non_push,,market_consensus_no_model,live_snapshot_not_T60,pinnacle,5e85b154e40aab560927da3a,0.5917269314719671,0.5917269314719671,-144.93410834208328,-3.0658916579167226,4,OK,-148,draftkings,-160,False,False,,not_applicable,998375f0988c8504
ed3b82bef0625219d5c21d04,2026-09-06T21:09:03.371375+00:00,998375f0988c8504abc453f8e528b151e37d989f9b20732e403c4d606c50877e,3e646c7479c57f5d9752d8c7dfe7059b,1,2026-09-14T00:20:00Z,New York Giants,Dallas Cowboys,h2h,h2h,,,Dallas Cowboys,,fanduel,-156,1.641025641025641,0.5909149851311966,1.0621044872419017,2026-09-06T21:08:57Z,6.371375,conditional_non_push,,market_consensus_no_model,live_snapshot_not_T60,pinnacle,5e85b154e40aab560927da3a,0.5917269314719671,0.5917269314719671,-144.93410834208328,-11.065891657916723,4,OK,-148,draftkings,-160,False,False,,not_applicable,998375f0988c8504
8da5eada1a6348a57dce109e,2026-09-06T21:09:03.371375+00:00,998375f0988c8504abc453f8e528b151e37d989f9b20732e403c4d606c50877e,3e646c7479c57f5d9752d8c7dfe7059b,1,2026-09-14T00:20:00Z,New York Giants,Dallas Cowboys,h2h,h2h,,,Dallas Cowboys,,pinnacle,-158,1.6329113924050633,0.5984174000424219,1.047112343560936,2026-09-06T21:08:57Z,6.371375,conditional_non_push,,market_consensus_no_model,live_snapshot_not_T60,pinnacle,5e85b154e40aab560927da3a,0.5917269314719671,0.5917269314719671,-144.93410834208328,-13.065891657916723,4,OK,-148,draftkings,-160,False,False,,not_applicable,998375f0988c8504
675ba515053969ca55988b1b,2026-09-06T21:09:03.371375+00:00,998375f0988c8504abc453f8e528b151e37d989f9b20732e403c4d606c50877e,3e646c7479c57f5d9752d8c7dfe7059b,1,2026-09-14T00:20:00Z,New York Giants,Dallas Cowboys,h2h,h2h,,,New York Giants,,betmgm,130,2.3,0.4074611221872626,1.0779204258974273,2026-09-06T21:08:57Z,6.371375,conditional_non_push,,market_consensus_no_model,live_snapshot_not_T60,pinnacle,5e85b154e40aab560927da3a,0.408273068528033,0.408273068528033,144.9341083420832,-14.934108342083192,4,OK,139,pinnacle,130,False,False,,not_applicable,998375f0988c8504
d61f649269aa36fd0e784865,2026-09-06T21:09:03.371375+00:00,998375f0988c8504abc453f8e528b151e37d989f9b20732e403c4d606c50877e,3e646c7479c57f5d9752d8c7dfe7059b,1,2026-09-14T00:20:00Z,New York Giants,Dallas Cowboys,h2h,h2h,,,New York Giants,,draftkings,124,2.24,0.42324917932823425,1.0661127422863643,2026-09-06T21:07:49Z,74.371375,conditional_non_push,,market_consensus_no_model,live_snapshot_not_T60,pinnacle,5e85b154e40aab560927da3a,0.408273068528033,0.408273068528033,144.9341083420832,-20.934108342083192,4,OK,139,pinnacle,130,False,False,,not_applicable,998375f0988c8504
fe9de904dd50de69af018030,2026-09-06T21:09:03.371375+00:00,998375f0988c8504abc453f8e528b151e37d989f9b20732e403c4d606c50877e,3e646c7479c57f5d9752d8c7dfe7059b,1,2026-09-14T00:20:00Z,New York Giants,Dallas Cowboys,h2h,h2h,,,New York Giants,,fanduel,132,2.3200000000000003,0.40908501486880344,1.0621044872419017,2026-09-06T21:08:57Z,6.371375,conditional_non_push,,market_consensus_no_model,live_snapshot_not_T60,pinnacle,5e85b154e40aab560927da3a,0.408273068528033,0.408273068528033,144.9341083420832,-12.934108342083192,4,OK,139,pinnacle,130,False,False,,not_applicable,998375f0988c8504
b5822d389816c518eb6328e6,2026-09-06T21:09:03.371375+00:00,998375f0988c8504abc453f8e528b151e37d989f9b20732e403c4d606c50877e,3e646c7479c57f5d9752d8c7dfe7059b,1,2026-09-14T00:20:00Z,New York Giants,Dallas Cowboys,h2h,h2h,,,New York Giants,,pinnacle,139,2.3899999999999997,0.40158259995757806,1.047112343560936,2026-09-06T21:08:57Z,6.371375,conditional_non_push,,market_consensus_no_model,live_snapshot_not_T60,pinnacle,5e85b154e40aab560927da3a,0.408273068528033,0.408273068528033,144.9341083420832,-5.934108342083192,4,OK,139,pinnacle,130,False,False,,not_applicable,998375f0988c8504
7481cb07abd1752da00a81e6,2026-09-06T21:09:03.371375+00:00,998375f0988c8504abc453f8e528b151e37d989f9b20732e403c4d606c50877e,3e646c7479c57f5d9752d8c7dfe7059b,1,2026-09-14T00:20:00Z,New York Giants,Dallas Cowboys,player_pass_tds,player_pass_tds,Dak Prescott,1.5,Over,1.5,draftkings,-140,1.7142857142857144,0.555167954788897,1.0918152325201733,2026-09-06T21:08:18Z,45.371375,conditional_non_push,,market_consensus_no_model,live_snapshot_not_T60,pinnacle,6b3613eed848e2b356e0029f,0.5674103319939752,0.5674103319939752,-131.16594638272144,-8.834053617278556,2,OK,-140,draftkings,,False,False,1.5,closest_offered_consensus_to_50pct_no_interpolation,998375f0988c8504
2b97e2d3da481b2c67cc710d,2026-09-06T21:09:03.371375+00:00,998375f0988c8504abc453f8e528b151e37d989f9b20732e403c4d606c50877e,3e646c7479c57f5d9752d8c7dfe7059b,1,2026-09-14T00:20:00Z,New York Giants,Dallas Cowboys,player_pass_tds,player_pass_tds,Dak Prescott,1.5,Over,1.5,fanduel,-158,1.6329113924050633,0.5796527091990534,1.1120831020846849,2026-09-06T21:08:22Z,41.371375,conditional_non_push,,market_consensus_no_model,live_snapshot_not_T60,pinnacle,6b3613eed848e2b356e0029f,0.5674103319939752,0.5674103319939752,-131.16594638272144,-26.834053617278556,2,OK,-140,draftkings,,False,False,1.5,closest_offered_consensus_to_50pct_no_interpolation,998375f0988c8504
9b3a238d5d1c301146f795c5,2026-09-06T21:09:03.371375+00:00,998375f0988c8504abc453f8e528b151e37d989f9b20732e403c4d606c50877e,3e646c7479c57f5d9752d8c7dfe7059b,1,2026-09-14T00:20:00Z,New York Giants,Dallas Cowboys,player_pass_tds,player_pass_tds,Dak Prescott,1.5,Under,1.5,draftkings,110,2.1,0.44483204521110303,1.0918152325201733,2026-09-06T21:08:18Z,45.371375,conditional_non_push,,market_consensus_no_model,live_snapshot_not_T60,pinnacle,6b3613eed848e2b356e0029f,0.4325896680060249,0.4325896680060249,131.16594638272142,-21.165946382721415,2,OK,118,fanduel,,False,False,1.5,closest_offered_consensus_to_50pct_no_interpolation,998375f0988c8504
4bfd95571df3287445a5223a,2026-09-06T21:09:03.371375+00:00,998375f0988c8504abc453f8e528b151e37d989f9b20732e403c4d606c50877e,3e646c7479c57f5d9752d8c7dfe7059b,1,2026-09-14T00:20:00Z,New York Giants,Dallas Cowboys,player_pass_tds,player_pass_tds,Dak Prescott,1.5,Under,1.5,fanduel,118,2.1799999999999997,0.42034729080094674,1.1120831020846849,2026-09-06T21:08:22Z,41.371375,conditional_non_push,,market_consensus_no_model,live_snapshot_not_T60,pinnacle,6b3613eed848e2b356e0029f,0.4325896680060249,0.4325896680060249,131.16594638272142,-13.165946382721415,2,OK,118,fanduel,,False,False,1.5,closest_offered_consensus_to_50pct_no_interpolation,998375f0988c8504
a5c5269354f029a4c7d3357f,2026-09-06T21:09:03.371375+00:00,998375f0988c8504abc453f8e528b151e37d989f9b20732e403c4d606c50877e,3e646c7479c57f5d9752d8c7dfe7059b,1,2026-09-14T00:20:00Z,New York Giants,Dallas Cowboys,player_pass_tds,player_pass_tds,Jaxson Dart,1.5,Over,1.5,draftkings,121,2.21,0.4199649552644137,1.0940633033001221,2026-09-06T21:08:18Z,45.371375,conditional_non_push,,market_consensus_no_model,live_snapshot_not_T60,pinnacle,77ac6665aaa4b2d93d891cab,0.40977074298181704,0.40977074298181704,144.03889665797186,-23.03889665797186,2,OK,128,fanduel,,False,False,1.5,closest_offered_consensus_to_50pct_no_interpolation,998375f0988c8504
024bd0bb2f177028eef29770,2026-09-06T21:09:03.371375+00:00,998375f0988c8504abc453f8e528b151e37d989f9b20732e403c4d606c50877e,3e646c7479c57f5d9752d8c7dfe7059b,1,2026-09-14T00:20:00Z,New York Giants,Dallas Cowboys,player_pass_tds,player_pass_tds,Jaxson Dart,1.5,Over,1.5,fanduel,128,2.2800000000000002,0.39957653069922067,1.1130518068031252,2026-09-06T21:08:22Z,41.371375,conditional_non_push,,market_consensus_no_model,live_snapshot_not_T60,pinnacle,77ac6665aaa4b2d93d891cab,0.40977074298181704,0.40977074298181704,144.03889665797186,-16.03889665797186,2,OK,128,fanduel,,False,False,1.5,closest_offered_consensus_to_50pct_no_interpolation,998375f0988c8504
c4bd0914e9611ad075614b0c,2026-09-06T21:09:03.371375+00:00,998375f0988c8504abc453f8e528b151e37d989f9b20732e403c4d606c50877e,3e646c7479c57f5d9752d8c7dfe7059b,1,2026-09-14T00:20:00Z,New York Giants,Dallas Cowboys,player_pass_tds,player_pass_tds,Jaxson Dart,1.5,Under,1.5,draftkings,-155,1.6451612903225805,0.5800350447355864,1.0940633033001221,2026-09-06T21:08:18Z,45.371375,conditional_non_push,,market_consensus_no_model,live_snapshot_not_T60,pinnacle,77ac6665aaa4b2d93d891cab,0.590229257018183,0.590229257018183,-144.03889665797186,-10.961103342028139,2,OK,-155,draftkings,,False,False,1.5,closest_offered_consensus_to_50pct_no_interpolation,998375f0988c8504
cad38021f63e15ca5f47e7ca,2026-09-06T21:09:03.371375+00:00,998375f0988c8504abc453f8e528b151e37d989f9b20732e403c4d606c50877e,3e646c7479c57f5d9752d8c7dfe7059b,1,2026-09-14T00:20:00Z,New York Giants,Dallas Cowboys,player_pass_tds,player_pass_tds,Jaxson Dart,1.5,Under,1.5,fanduel,-172,1.5813953488372094,0.6004234693007796,1.1130518068031252,2026-09-06T21:08:22Z,41.371375,conditional_non_push,,market_consensus_no_model,live_snapshot_not_T60,pinnacle,77ac6665aaa4b2d93d891cab,0.590229257018183,0.590229257018183,-144.03889665797186,-27.96110334202814,2,OK,-155,draftkings,,False,False,1.5,closest_offered_consensus_to_50pct_no_interpolation,998375f0988c8504
22819592e0504950b31a3067,2026-09-06T21:09:03.371375+00:00,998375f0988c8504abc453f8e528b151e37d989f9b20732e403c4d606c50877e,3e646c7479c57f5d9752d8c7dfe7059b,1,2026-09-14T00:20:00Z,New York Giants,Dallas Cowboys,player_pass_yds,player_pass_yds,Dak Prescott,260.5,Over,260.5,fanduel,-114,1.8771929824561404,0.5000000000000001,1.1006222153512897,2026-09-06T21:08:22Z,41.371375,conditional_non_push,,market_consensus_no_model,live_snapshot_not_T60,pinnacle,45499b8b35b4340d0244c675,0.5,0.5,-100.0,-14.0,2,OK,-114,fanduel|pinnacle,,False,False,260.5,closest_offered_consensus_to_50pct_no_interpolation,998375f0988c8504
a1be9013a7a24f0c8ebadda9,2026-09-06T21:09:03.371375+00:00,998375f0988c8504abc453f8e528b151e37d989f9b20732e403c4d606c50877e,3e646c7479c57f5d9752d8c7dfe7059b,1,2026-09-14T00:20:00Z,New York Giants,Dallas Cowboys,player_pass_yds,player_pass_yds,Dak Prescott,260.5,Over,260.5,pinnacle,-114,1.8771929824561404,0.5000000000000001,1.1006222153512897,2026-09-06T21:08:43Z,20.371375,conditional_non_push,,market_consensus_no_model,live_snapshot_not_T60,pinnacle,45499b8b35b4340d0244c675,0.5,0.5,-100.0,-14.0,2,OK,-114,fanduel|pinnacle,,False,False,260.5,closest_offered_consensus_to_50pct_no_interpolation,998375f0988c8504
4443c269cea3dd7c0dbe0826,2026-09-06T21:09:03.371375+00:00,998375f0988c8504abc453f8e528b151e37d989f9b20732e403c4d606c50877e,3e646c7479c57f5d9752d8c7dfe7059b,1,2026-09-14T00:20:00Z,New York Giants,Dallas Cowboys,player_pass_yds,player_pass_yds,Dak Prescott,260.5,Under,260.5,fanduel,-114,1.8771929824561404,0.5000000000000001,1.1006222153512897,2026-09-06T21:08:22Z,41.371375,conditional_non_push,,market_consensus_no_model,live_snapshot_not_T60,pinnacle,45499b8b35b4340d0244c675,0.5,0.5,-100.0,-14.0,2,OK,-114,fanduel|pinnacle,,False,False,260.5,closest_offered_consensus_to_50pct_no_interpolation,998375f0988c8504
c768a1ae5c599911415ed2ab,2026-09-06T21:09:03.371375+00:00,998375f0988c8504abc453f8e528b151e37d989f9b20732e403c4d606c50877e,3e646c7479c57f5d9752d8c7dfe7059b,1,2026-09-14T00:20:00Z,New York Giants,Dallas Cowboys,player_pass_yds,player_pass_yds,Dak Prescott,260.5,Under,260.5,pinnacle,-114,1.8771929824561404,0.5000000000000001,1.1006222153512897,2026-09-06T21:08:43Z,20.371375,conditional_non_push,,market_consensus_no_model,live_snapshot_not_T60,pinnacle,45499b8b35b4340d0244c675,0.5,0.5,-100.0,-14.0,2,OK,-114,fanduel|pinnacle,,False,False,260.5,closest_offered_consensus_to_50pct_no_interpolation,998375f0988c8504
917fa87b20b36b729cea255c,2026-09-06T21:09:03.371375+00:00,998375f0988c8504abc453f8e528b151e37d989f9b20732e403c4d606c50877e,3e646c7479c57f5d9752d8c7dfe7059b,1,2026-09-14T00:20:00Z,New York Giants,Dallas Cowboys,player_pass_yds,player_pass_yds,Dak Prescott,261.5,Over,261.5,draftkings,-111,1.900900900900901,0.4977124729471299,1.0862562521695405,2026-09-06T21:08:18Z,45.371375,conditional_non_push,,market_consensus_no_model,live_snapshot_not_T60,pinnacle,338d4b9120d8db486cd23a78,0.4977124729471298,0.4977124729471298,100.9192162853886,-11.9192162853886,1,FEWER_THAN_TWO_BOOKS,-111,draftkings,,False,False,260.5,closest_offered_consensus_to_50pct_no_interpolation,998375f0988c8504
f2b0a977c42777757e5b10db,2026-09-06T21:09:03.371375+00:00,998375f0988c8504abc453f8e528b151e37d989f9b20732e403c4d606c50877e,3e646c7479c57f5d9752d8c7dfe7059b,1,2026-09-14T00:20:00Z,New York Giants,Dallas Cowboys,player_pass_yds,player_pass_yds,Dak Prescott,261.5,Under,261.5,draftkings,-113,1.8849557522123894,0.5022875270528703,1.0862562521695405,2026-09-06T21:08:18Z,45.371375,conditional_non_push,,market_consensus_no_model,live_snapshot_not_T60,pinnacle,338d4b9120d8db486cd23a78,0.5022875270528702,0.5022875270528702,-100.91921628538859,-12.080783714611414,1,FEWER_THAN_TWO_BOOKS,-113,draftkings,,False,False,260.5,closest_offered_consensus_to_50pct_no_interpolation,998375f0988c8504
5cef6cb9ada02596779e4f52,2026-09-06T21:09:03.371375+00:00,998375f0988c8504abc453f8e528b151e37d989f9b20732e403c4d606c50877e,3e646c7479c57f5d9752d8c7dfe7059b,1,2026-09-14T00:20:00Z,New York Giants,Dallas Cowboys,player_pass_yds,player_pass_yds,Jaxson Dart,211.5,Over,211.5,draftkings,-112,1.8928571428571428,0.5,1.086288769989248,2026-09-06T21:08:18Z,45.371375,conditional_non_push,,market_consensus_no_model,live_snapshot_not_T60,pinnacle,ac97dfb3ba7c78b6cee0464b,0.5,0.5,-100.0,-12.0,1,FEWER_THAN_TWO_BOOKS,-112,draftkings,,False,False,211.5,closest_offered_consensus_to_50pct_no_interpolation,998375f0988c8504
bf30e6e5056ce9890d710d27,2026-09-06T21:09:03.371375+00:00,998375f0988c8504abc453f8e528b151e37d989f9b20732e403c4d606c50877e,3e646c7479c57f5d9752d8c7dfe7059b,1,2026-09-14T00:20:00Z,New York Giants,Dallas Cowboys,player_pass_yds,player_pass_yds,Jaxson Dart,211.5,Under,211.5,draftkings,-112,1.8928571428571428,0.5,1.086288769989248,2026-09-06T21:08:18Z,45.371375,conditional_non_push,,market_consensus_no_model,live_snapshot_not_T60,pinnacle,ac97dfb3ba7c78b6cee0464b,0.5,0.5,-100.0,-12.0,1,FEWER_THAN_TWO_BOOKS,-112,draftkings,,False,False,211.5,closest_offered_consensus_to_50pct_no_interpolation,998375f0988c8504
28f42f6240aa0692b9f309da,2026-09-06T21:09:03.371375+00:00,998375f0988c8504abc453f8e528b151e37d989f9b20732e403c4d606c50877e,3e646c7479c57f5d9752d8c7dfe7059b,1,2026-09-14T00:20:00Z,New York Giants,Dallas Cowboys,player_pass_yds,player_pass_yds,Jaxson Dart,217.5,Over,217.5,fanduel,-114,1.8771929824561404,0.5000000000000001,1.1006222153512897,2026-09-06T21:08:22Z,41.371375,conditional_non_push,,market_consensus_no_model,live_snapshot_not_T60,pinnacle,f88bd31d77dad6b9487b37cf,0.5,0.5,-100.0,-14.0,2,OK,-114,fanduel|pinnacle,,False,False,211.5,closest_offered_consensus_to_50pct_no_interpolation,998375f0988c8504
9a3662ce44574b06c9018bf5,2026-09-06T21:09:03.371375+00:00,998375f0988c8504abc453f8e528b151e37d989f9b20732e403c4d606c50877e,3e646c7479c57f5d9752d8c7dfe7059b,1,2026-09-14T00:20:00Z,New York Giants,Dallas Cowboys,player_pass_yds,player_pass_yds,Jaxson Dart,217.5,Over,217.5,pinnacle,-114,1.8771929824561404,0.5000000000000001,1.1006222153512897,2026-09-06T21:08:43Z,20.371375,conditional_non_push,,market_consensus_no_model,live_snapshot_not_T60,pinnacle,f88bd31d77dad6b9487b37cf,0.5,0.5,-100.0,-14.0,2,OK,-114,fanduel|pinnacle,,False,False,211.5,closest_offered_consensus_to_50pct_no_interpolation,998375f0988c8504
28aa6dbd94856f4990117a61,2026-09-06T21:09:03.371375+00:00,998375f0988c8504abc453f8e528b151e37d989f9b20732e403c4d606c50877e,3e646c7479c57f5d9752d8c7dfe7059b,1,2026-09-14T00:20:00Z,New York Giants,Dallas Cowboys,player_pass_yds,player_pass_yds,Jaxson Dart,217.5,Under,217.5,fanduel,-114,1.8771929824561404,0.5000000000000001,1.1006222153512897,2026-09-06T21:08:22Z,41.371375,conditional_non_push,,market_consensus_no_model,live_snapshot_not_T60,pinnacle,f88bd31d77dad6b9487b37cf,0.5,0.5,-100.0,-14.0,2,OK,-114,fanduel|pinnacle,,False,False,211.5,closest_offered_consensus_to_50pct_no_interpolation,998375f0988c8504
e549a9b37c56d89ddc41fbae,2026-09-06T21:09:03.371375+00:00,998375f0988c8504abc453f8e528b151e37d989f9b20732e403c4d606c50877e,3e646c7479c57f5d9752d8c7dfe7059b,1,2026-09-14T00:20:00Z,New York Giants,Dallas Cowboys,player_pass_yds,player_pass_yds,Jaxson Dart,217.5,Under,217.5,pinnacle,-114,1.8771929824561404,0.5000000000000001,1.1006222153512897,2026-09-06T21:08:43Z,20.371375,conditional_non_push,,market_consensus_no_model,live_snapshot_not_T60,pinnacle,f88bd31d77dad6b9487b37cf,0.5,0.5,-100.0,-14.0,2,OK,-114,fanduel|pinnacle,,False,False,211.5,closest_offered_consensus_to_50pct_no_interpolation,998375f0988c8504
075b3a4e1ea189fee5edb40a,2026-09-06T21:09:03.371375+00:00,998375f0988c8504abc453f8e528b151e37d989f9b20732e403c4d606c50877e,3e646c7479c57f5d9752d8c7dfe7059b,1,2026-09-14T00:20:00Z,New York Giants,Dallas Cowboys,player_reception_yds,player_reception_yds,Cam Skattebo,15.5,Over,15.5,draftkings,-117,1.8547008547008548,0.5114406895883554,1.0854755281293205,2026-09-06T21:08:18Z,45.371375,conditional_non_push,,market_consensus_no_model,live_snapshot_not_T60,pinnacle,b37a25547e87059f60dd035d,0.5,0.5,-100.0,-17.0,3,OK,-114,fanduel|pinnacle,,False,False,15.5,closest_offered_consensus_to_50pct_no_interpolation,998375f0988c8504
d968ce350f139c948ff4d0f6,2026-09-06T21:09:03.371375+00:00,998375f0988c8504abc453f8e528b151e37d989f9b20732e403c4d606c50877e,3e646c7479c57f5d9752d8c7dfe7059b,1,2026-09-14T00:20:00Z,New York Giants,Dallas Cowboys,player_reception_yds,player_reception_yds,Cam Skattebo,15.5,Over,15.5,fanduel,-114,1.8771929824561404,0.5000000000000001,1.1006222153512897,2026-09-06T21:08:22Z,41.371375,conditional_non_push,,market_consensus_no_model,live_snapshot_not_T60,pinnacle,b37a25547e87059f60dd035d,0.5,0.5,-100.0,-14.0,3,OK,-114,fanduel|pinnacle,,False,False,15.5,closest_offered_consensus_to_50pct_no_interpolation,998375f0988c8504
08f57e27e0c3e8a706747450,2026-09-06T21:09:03.371375+00:00,998375f0988c8504abc453f8e528b151e37d989f9b20732e403c4d606c50877e,3e646c7479c57f5d9752d8c7dfe7059b,1,2026-09-14T00:20:00Z,New York Giants,Dallas Cowboys,player_reception_yds,player_reception_yds,Cam Skattebo,15.5,Over,15.5,pinnacle,-114,1.8771929824561404,0.5000000000000001,1.1006222153512897,2026-09-06T21:08:43Z,20.371375,conditional_non_push,,market_consensus_no_model,live_snapshot_not_T60,pinnacle,b37a25547e87059f60dd035d,0.5,0.5,-100.0,-14.0,3,OK,-114,fanduel|pinnacle,,False,False,15.5,closest_offered_consensus_to_50pct_no_interpolation,998375f0988c8504
b75b77892872c6d8e84b3151,2026-09-06T21:09:03.371375+00:00,998375f0988c8504abc453f8e528b151e37d989f9b20732e403c4d606c50877e,3e646c7479c57f5d9752d8c7dfe7059b,1,2026-09-14T00:20:00Z,New York Giants,Dallas Cowboys,player_reception_yds,player_reception_yds,Cam Skattebo,15.5,Under,15.5,draftkings,-107,1.9345794392523366,0.48855931041164485,1.0854755281293205,2026-09-06T21:08:18Z,45.371375,conditional_non_push,,market_consensus_no_model,live_snapshot_not_T60,pinnacle,b37a25547e87059f60dd035d,0.5,0.5,-100.0,-7.0,3,OK,-107,draftkings,,False,False,15.5,closest_offered_consensus_to_50pct_no_interpolation,998375f0988c8504
5fedaab8a323d376117a1d7c,2026-09-06T21:09:03.371375+00:00,998375f0988c8504abc453f8e528b151e37d989f9b20732e403c4d606c50877e,3e646c7479c57f5d9752d8c7dfe7059b,1,2026-09-14T00:20:00Z,New York Giants,Dallas Cowboys,player_reception_yds,player_reception_yds,Cam Skattebo,15.5,Under,15.5,fanduel,-114,1.8771929824561404,0.5000000000000001,1.1006222153512897,2026-09-06T21:08:22Z,41.371375,conditional_non_push,,market_consensus_no_model,live_snapshot_not_T60,pinnacle,b37a25547e87059f60dd035d,0.5,0.5,-100.0,-14.0,3,OK,-107,draftkings,,False,False,15.5,closest_offered_consensus_to_50pct_no_interpolation,998375f0988c8504
94ed61f645aa0a11f7556c42,2026-09-06T21:09:03.371375+00:00,998375f0988c8504abc453f8e528b151e37d989f9b20732e403c4d606c50877e,3e646c7479c57f5d9752d8c7dfe7059b,1,2026-09-14T00:20:00Z,New York Giants,Dallas Cowboys,player_reception_yds,player_reception_yds,Cam Skattebo,15.5,Under,15.5,pinnacle,-114,1.8771929824561404,0.5000000000000001,1.1006222153512897,2026-09-06T21:08:43Z,20.371375,conditional_non_push,,market_consensus_no_model,live_snapshot_not_T60,pinnacle,b37a25547e87059f60dd035d,0.5,0.5,-100.0,-14.0,3,OK,-107,draftkings,,False,False,15.5,closest_offered_consensus_to_50pct_no_interpolation,998375f0988c8504
a5c753aa3775cdc54c02f428,2026-09-06T21:09:03.371375+00:00,998375f0988c8504abc453f8e528b151e37d989f9b20732e403c4d606c50877e,3e646c7479c57f5d9752d8c7dfe7059b,1,2026-09-14T00:20:00Z,New York Giants,Dallas Cowboys,player_reception_yds,player_reception_yds,CeeDee Lamb,76.5,Over,76.5,draftkings,-114,1.8771929824561404,0.5045752067147218,1.0861586927879965,2026-09-06T21:08:18Z,45.371375,conditional_non_push,,market_consensus_no_model,live_snapshot_not_T60,pinnacle,bb98e6f726ab728abf0a6218,0.5,0.5,-100.0,-14.0,3,OK,-114,draftkings|fanduel|pinnacle,,False,False,76.5,closest_offered_consensus_to_50pct_no_interpolation,998375f0988c8504
ece29cfad3d4237e3c1b25b9,2026-09-06T21:09:03.371375+00:00,998375f0988c8504abc453f8e528b151e37d989f9b20732e403c4d606c50877e,3e646c7479c57f5d9752d8c7dfe7059b,1,2026-09-14T00:20:00Z,New York Giants,Dallas Cowboys,player_reception_yds,player_reception_yds,CeeDee Lamb,76.5,Over,76.5,fanduel,-114,1.8771929824561404,0.5000000000000001,1.1006222153512897,2026-09-06T21:08:22Z,41.371375,conditional_non_push,,market_consensus_no_model,live_snapshot_not_T60,pinnacle,bb98e6f726ab728abf0a6218,0.5,0.5,-100.0,-14.0,3,OK,-114,draftkings|fanduel|pinnacle,,False,False,76.5,closest_offered_consensus_to_50pct_no_interpolation,998375f0988c8504
613bc0fdb62151a848458aaf,2026-09-06T21:09:03.371375+00:00,998375f0988c8504abc453f8e528b151e37d989f9b20732e403c4d606c50877e,3e646c7479c57f5d9752d8c7dfe7059b,1,2026-09-14T00:20:00Z,New York Giants,Dallas Cowboys,player_reception_yds,player_reception_yds,CeeDee Lamb,76.5,Over,76.5,pinnacle,-114,1.8771929824561404,0.5000000000000001,1.1006222153512897,2026-09-06T21:08:43Z,20.371375,conditional_non_push,,market_consensus_no_model,live_snapshot_not_T60,pinnacle,bb98e6f726ab728abf0a6218,0.5,0.5,-100.0,-14.0,3,OK,-114,draftkings|fanduel|pinnacle,,False,False,76.5,closest_offered_consensus_to_50pct_no_interpolation,998375f0988c8504
8dcd18781c66d17fdce8d3bc,2026-09-06T21:09:03.371375+00:00,998375f0988c8504abc453f8e528b151e37d989f9b20732e403c4d606c50877e,3e646c7479c57f5d9752d8c7dfe7059b,1,2026-09-14T00:20:00Z,New York Giants,Dallas Cowboys,player_reception_yds,player_reception_yds,CeeDee Lamb,76.5,Under,76.5,draftkings,-110,1.9090909090909092,0.4954247932852784,1.0861586927879965,2026-09-06T21:08:18Z,45.371375,conditional_non_push,,market_consensus_no_model,live_snapshot_not_T60,pinnacle,bb98e6f726ab728abf0a6218,0.5,0.5,-100.0,-10.0,3,OK,-110,draftkings,,False,False,76.5,closest_offered_consensus_to_50pct_no_interpolation,998375f0988c8504
2ab6d60bdda23ddc0a7e5628,2026-09-06T21:09:03.371375+00:00,998375f0988c8504abc453f8e528b151e37d989f9b20732e403c4d606c50877e,3e646c7479c57f5d9752d8c7dfe7059b,1,2026-09-14T00:20:00Z,New York Giants,Dallas Cowboys,player_reception_yds,player_reception_yds,CeeDee Lamb,76.5,Under,76.5,fanduel,-114,1.8771929824561404,0.5000000000000001,1.1006222153512897,2026-09-06T21:08:22Z,41.371375,conditional_non_push,,market_consensus_no_model,live_snapshot_not_T60,pinnacle,bb98e6f726ab728abf0a6218,0.5,0.5,-100.0,-14.0,3,OK,-110,draftkings,,False,False,76.5,closest_offered_consensus_to_50pct_no_interpolation,998375f0988c8504
698bf08d10d603580e8ed74e,2026-09-06T21:09:03.371375+00:00,998375f0988c8504abc453f8e528b151e37d989f9b20732e403c4d606c50877e,3e646c7479c57f5d9752d8c7dfe7059b,1,2026-09-14T00:20:00Z,New York Giants,Dallas Cowboys,player_reception_yds,player_reception_yds,CeeDee Lamb,76.5,Under,76.5,pinnacle,-114,1.8771929824561404,0.5000000000000001,1.1006222153512897,2026-09-06T21:08:43Z,20.371375,conditional_non_push,,market_consensus_no_model,live_snapshot_not_T60,pinnacle,bb98e6f726ab728abf0a6218,0.5,0.5,-100.0,-14.0,3,OK,-110,draftkings,,False,False,76.5,closest_offered_consensus_to_50pct_no_interpolation,998375f0988c8504
7cb77ff0d39ec2720449e3c8,2026-09-06T21:09:03.371375+00:00,998375f0988c8504abc453f8e528b151e37d989f9b20732e403c4d606c50877e,3e646c7479c57f5d9752d8c7dfe7059b,1,2026-09-14T00:20:00Z,New York Giants,Dallas Cowboys,player_reception_yds,player_reception_yds,George Pickens,67.5,Over,67.5,draftkings,-110,1.9090909090909092,0.4954247932852784,1.0861586927879965,2026-09-06T21:08:18Z,45.371375,conditional_non_push,,market_consensus_no_model,live_snapshot_not_T60,pinnacle,1f6fedb2a3b779c24f1355cb,0.4954247932852783,0.4954247932852783,101.84698334711209,-11.846983347112086,1,FEWER_THAN_TWO_BOOKS,-110,draftkings,,False,False,69.5,closest_offered_consensus_to_50pct_no_interpolation,998375f0988c8504
cb6e76bb8406b595fbf6e6dd,2026-09-06T21:09:03.371375+00:00,998375f0988c8504abc453f8e528b151e37d989f9b20732e403c4d606c50877e,3e646c7479c57f5d9752d8c7dfe7059b,1,2026-09-14T00:20:00Z,New York Giants,Dallas Cowboys,player_reception_yds,player_reception_yds,George Pickens,67.5,Under,67.5,draftkings,-114,1.8771929824561404,0.5045752067147218,1.0861586927879965,2026-09-06T21:08:18Z,45.371375,conditional_non_push,,market_consensus_no_model,live_snapshot_not_T60,pinnacle,1f6fedb2a3b779c24f1355cb,0.5045752067147217,0.5045752067147217,-101.84698334711204,-12.153016652887956,1,FEWER_THAN_TWO_BOOKS,-114,draftkings,,False,False,69.5,closest_offered_consensus_to_50pct_no_interpolation,998375f0988c8504
3dab25a67e700c2c89ddd90b,2026-09-06T21:09:03.371375+00:00,998375f0988c8504abc453f8e528b151e37d989f9b20732e403c4d606c50877e,3e646c7479c57f5d9752d8c7dfe7059b,1,2026-09-14T00:20:00Z,New York Giants,Dallas Cowboys,player_reception_yds,player_reception_yds,George Pickens,69.5,Over,69.5,fanduel,-114,1.8771929824561404,0.5000000000000001,1.1006222153512897,2026-09-06T21:08:22Z,41.371375,conditional_non_push,,market_consensus_no_model,live_snapshot_not_T60,pinnacle,11536a407d280e12641e416f,0.5,0.5,-100.0,-14.0,2,OK,-114,fanduel|pinnacle,,False,False,69.5,closest_offered_consensus_to_50pct_no_interpolation,998375f0988c8504
ddc9d0bd770f35a1479c05e5,2026-09-06T21:09:03.371375+00:00,998375f0988c8504abc453f8e528b151e37d989f9b20732e403c4d606c50877e,3e646c7479c57f5d9752d8c7dfe7059b,1,2026-09-14T00:20:00Z,New York Giants,Dallas Cowboys,player_reception_yds,player_reception_yds,George Pickens,69.5,Over,69.5,pinnacle,-114,1.8771929824561404,0.5000000000000001,1.1006222153512897,2026-09-06T21:08:43Z,20.371375,conditional_non_push,,market_consensus_no_model,live_snapshot_not_T60,pinnacle,11536a407d280e12641e416f,0.5,0.5,-100.0,-14.0,2,OK,-114,fanduel|pinnacle,,False,False,69.5,closest_offered_consensus_to_50pct_no_interpolation,998375f0988c8504
4d7e20a7dbe33b06f53ffe38,2026-09-06T21:09:03.371375+00:00,998375f0988c8504abc453f8e528b151e37d989f9b20732e403c4d606c50877e,3e646c7479c57f5d9752d8c7dfe7059b,1,2026-09-14T00:20:00Z,New York Giants,Dallas Cowboys,player_reception_yds,player_reception_yds,George Pickens,69.5,Under,69.5,fanduel,-114,1.8771929824561404,0.5000000000000001,1.1006222153512897,2026-09-06T21:08:22Z,41.371375,conditional_non_push,,market_consensus_no_model,live_snapshot_not_T60,pinnacle,11536a407d280e12641e416f,0.5,0.5,-100.0,-14.0,2,OK,-114,fanduel|pinnacle,,False,False,69.5,closest_offered_consensus_to_50pct_no_interpolation,998375f0988c8504
fc55c054a61057ce1e6bcf9f,2026-09-06T21:09:03.371375+00:00,998375f0988c8504abc453f8e528b151e37d989f9b20732e403c4d606c50877e,3e646c7479c57f5d9752d8c7dfe7059b,1,2026-09-14T00:20:00Z,New York Giants,Dallas Cowboys,player_reception_yds,player_reception_yds,George Pickens,69.5,Under,69.5,pinnacle,-114,1.8771929824561404,0.5000000000000001,1.1006222153512897,2026-09-06T21:08:43Z,20.371375,conditional_non_push,,market_consensus_no_model,live_snapshot_not_T60,pinnacle,11536a407d280e12641e416f,0.5,0.5,-100.0,-14.0,2,OK,-114,fanduel|pinnacle,,False,False,69.5,closest_offered_consensus_to_50pct_no_interpolation,998375f0988c8504
04ea7a2e73370a058664caeb,2026-09-06T21:09:03.371375+00:00,998375f0988c8504abc453f8e528b151e37d989f9b20732e403c4d606c50877e,3e646c7479c57f5d9752d8c7dfe7059b,1,2026-09-14T00:20:00Z,New York Giants,Dallas Cowboys,player_reception_yds,player_reception_yds,Isaiah Likely,34.5,Over,34.5,fanduel,-114,1.8771929824561404,0.5000000000000001,1.1006222153512897,2026-09-06T21:08:22Z,41.371375,conditional_non_push,,market_consensus_no_model,live_snapshot_not_T60,pinnacle,0374d614c1f085dc9f284f4a,0.501120117291621,0.501120117291621,-100.44905290048577,-13.550947099514232,2,OK,-114,fanduel,,False,False,34.5,closest_offered_consensus_to_50pct_no_interpolation,998375f0988c8504
e3df6c1f85bb8586467ec843,2026-09-06T21:09:03.371375+00:00,998375f0988c8504abc453f8e528b151e37d989f9b20732e403c4d606c50877e,3e646c7479c57f5d9752d8c7dfe7059b,1,2026-09-14T00:20:00Z,New York Giants,Dallas Cowboys,player_reception_yds,player_reception_yds,Isaiah Likely,34.5,Over,34.5,pinnacle,-116,1.8620689655172413,0.502240234583242,1.1077525686517928,2026-09-06T21:08:43Z,20.371375,conditional_non_push,,market_consensus_no_model,live_snapshot_not_T60,pinnacle,0374d614c1f085dc9f284f4a,0.501120117291621,0.501120117291621,-100.44905290048577,-15.550947099514232,2,OK,-114,fanduel,,False,False,34.5,closest_offered_consensus_to_50pct_no_interpolation,998375f0988c8504
b19a5575ae7654e58bec0018,2026-09-06T21:09:03.371375+00:00,998375f0988c8504abc453f8e528b151e37d989f9b20732e403c4d606c50877e,3e646c7479c57f5d9752d8c7dfe7059b,1,2026-09-14T00:20:00Z,New York Giants,Dallas Cowboys,player_reception_yds,player_reception_yds,Isaiah Likely,34.5,Under,34.5,fanduel,-114,1.8771929824561404,0.5000000000000001,1.1006222153512897,2026-09-06T21:08:22Z,41.371375,conditional_non_push,,market_consensus_no_model,live_snapshot_not_T60,pinnacle,0374d614c1f085dc9f284f4a,0.498879882708379,0.498879882708379,100.44905290048577,-14.449052900485768,2,OK,-114,fanduel|pinnacle,,False,False,34.5,closest_offered_consensus_to_50pct_no_interpolation,998375f0988c8504
4dcdcbb4a4b1373e01e9408a,2026-09-06T21:09:03.371375+00:00,998375f0988c8504abc453f8e528b151e37d989f9b20732e403c4d606c50877e,3e646c7479c57f5d9752d8c7dfe7059b,1,2026-09-14T00:20:00Z,New York Giants,Dallas Cowboys,player_reception_yds,player_reception_yds,Isaiah Likely,34.5,Under,34.5,pinnacle,-114,1.8771929824561404,0.4977597654167582,1.1077525686517928,2026-09-06T21:08:43Z,20.371375,conditional_non_push,,market_consensus_no_model,live_snapshot_not_T60,pinnacle,0374d614c1f085dc9f284f4a,0.498879882708379,0.498879882708379,100.44905290048577,-14.449052900485768,2,OK,-114,fanduel|pinnacle,,False,False,34.5,closest_offered_consensus_to_50pct_no_interpolation,998375f0988c8504
8315b40709962b598801f53b,2026-09-06T21:09:03.371375+00:00,998375f0988c8504abc453f8e528b151e37d989f9b20732e403c4d606c50877e,3e646c7479c57f5d9752d8c7dfe7059b,1,2026-09-14T00:20:00Z,New York Giants,Dallas Cowboys,player_reception_yds,player_reception_yds,Isaiah Likely,35.5,Over,35.5,draftkings,-115,1.8695652173913042,0.50686319169657,1.0859960740703234,2026-09-06T21:08:18Z,45.371375,conditional_non_push,,market_consensus_no_model,live_snapshot_not_T60,pinnacle,aa8a4222682c06fae09aa702,0.50686319169657,0.50686319169657,-102.78348384505384,-12.216516154946163,1,FEWER_THAN_TWO_BOOKS,-115,draftkings,,False,False,34.5,closest_offered_consensus_to_50pct_no_interpolation,998375f0988c8504
27a057a93ee359f1deb6c9cc,2026-09-06T21:09:03.371375+00:00,998375f0988c8504abc453f8e528b151e37d989f9b20732e403c4d606c50877e,3e646c7479c57f5d9752d8c7dfe7059b,1,2026-09-14T00:20:00Z,New York Giants,Dallas Cowboys,player_reception_yds,player_reception_yds,Isaiah Likely,35.5,Under,35.5,draftkings,-109,1.9174311926605505,0.4931368083034301,1.0859960740703234,2026-09-06T21:08:18Z,45.371375,conditional_non_push,,market_consensus_no_model,live_snapshot_not_T60,pinnacle,aa8a4222682c06fae09aa702,0.4931368083034301,0.4931368083034301,102.78348384505378,-11.78348384505378,1,FEWER_THAN_TWO_BOOKS,-109,draftkings,,False,False,34.5,closest_offered_consensus_to_50pct_no_interpolation,998375f0988c8504
9de2ab1ea2e9503e22cfd1d4,2026-09-06T21:09:03.371375+00:00,998375f0988c8504abc453f8e528b151e37d989f9b20732e403c4d606c50877e,3e646c7479c57f5d9752d8c7dfe7059b,1,2026-09-14T00:20:00Z,New York Giants,Dallas Cowboys,player_reception_yds,player_reception_yds,Jake Ferguson,30.5,Over,30.5,draftkings,-109,1.9174311926605505,0.4931368083034301,1.0859960740703234,2026-09-06T21:08:18Z,45.371375,conditional_non_push,,market_consensus_no_model,live_snapshot_not_T60,pinnacle,0b909bb7ae356abece8fbe9b,0.5,0.5,-100.0,-9.0,3,OK,-109,draftkings,,False,False,30.5,closest_offered_consensus_to_50pct_no_interpolation,998375f0988c8504
784d1a1846ae089287bb910c,2026-09-06T21:09:03.371375+00:00,998375f0988c8504abc453f8e528b151e37d989f9b20732e403c4d606c50877e,3e646c7479c57f5d9752d8c7dfe7059b,1,2026-09-14T00:20:00Z,New York Giants,Dallas Cowboys,player_reception_yds,player_reception_yds,Jake Ferguson,30.5,Over,30.5,fanduel,-114,1.8771929824561404,0.5000000000000001,1.1006222153512897,2026-09-06T21:08:22Z,41.371375,conditional_non_push,,market_consensus_no_model,live_snapshot_not_T60,pinnacle,0b909bb7ae356abece8fbe9b,0.5,0.5,-100.0,-14.0,3,OK,-109,draftkings,,False,False,30.5,closest_offered_consensus_to_50pct_no_interpolation,998375f0988c8504
32e1bc795cc464dbad8ea05a,2026-09-06T21:09:03.371375+00:00,998375f0988c8504abc453f8e528b151e37d989f9b20732e403c4d606c50877e,3e646c7479c57f5d9752d8c7dfe7059b,1,2026-09-14T00:20:00Z,New York Giants,Dallas Cowboys,player_reception_yds,player_reception_yds,Jake Ferguson,30.5,Over,30.5,pinnacle,-114,1.8771929824561404,0.5000000000000001,1.1006222153512897,2026-09-06T21:08:43Z,20.371375,conditional_non_push,,market_consensus_no_model,live_snapshot_not_T60,pinnacle,0b909bb7ae356abece8fbe9b,0.5,0.5,-100.0,-14.0,3,OK,-109,draftkings,,False,False,30.5,closest_offered_consensus_to_50pct_no_interpolation,998375f0988c8504
e6645661cdfe0e6b41f0f47f,2026-09-06T21:09:03.371375+00:00,998375f0988c8504abc453f8e528b151e37d989f9b20732e403c4d606c50877e,3e646c7479c57f5d9752d8c7dfe7059b,1,2026-09-14T00:20:00Z,New York Giants,Dallas Cowboys,player_reception_yds,player_reception_yds,Jake Ferguson,30.5,Under,30.5,draftkings,-115,1.8695652173913042,0.50686319169657,1.0859960740703234,2026-09-06T21:08:18Z,45.371375,conditional_non_push,,market_consensus_no_model,live_snapshot_not_T60,pinnacle,0b909bb7ae356abece8fbe9b,0.5,0.5,-100.0,-15.0,3,OK,-114,fanduel|pinnacle,,False,False,30.5,closest_offered_consensus_to_50pct_no_interpolation,998375f0988c8504
a155cc887b4b8460fdcca871,2026-09-06T21:09:03.371375+00:00,998375f0988c8504abc453f8e528b151e37d989f9b20732e403c4d606c50877e,3e646c7479c57f5d9752d8c7dfe7059b,1,2026-09-14T00:20:00Z,New York Giants,Dallas Cowboys,player_reception_yds,player_reception_yds,Jake Ferguson,30.5,Under,30.5,fanduel,-114,1.8771929824561404,0.5000000000000001,1.1006222153512897,2026-09-06T21:08:22Z,41.371375,conditional_non_push,,market_consensus_no_model,live_snapshot_not_T60,pinnacle,0b909bb7ae356abece8fbe9b,0.5,0.5,-100.0,-14.0,3,OK,-114,fanduel|pinnacle,,False,False,30.5,closest_offered_consensus_to_50pct_no_interpolation,998375f0988c8504
281852b03beccec4cc29dd50,2026-09-06T21:09:03.371375+00:00,998375f0988c8504abc453f8e528b151e37d989f9b20732e403c4d606c50877e,3e646c7479c57f5d9752d8c7dfe7059b,1,2026-09-14T00:20:00Z,New York Giants,Dallas Cowboys,player_reception_yds,player_reception_yds,Jake Ferguson,30.5,Under,30.5,pinnacle,-114,1.8771929824561404,0.5000000000000001,1.1006222153512897,2026-09-06T21:08:43Z,20.371375,conditional_non_push,,market_consensus_no_model,live_snapshot_not_T60,pinnacle,0b909bb7ae356abece8fbe9b,0.5,0.5,-100.0,-14.0,3,OK,-114,fanduel|pinnacle,,False,False,30.5,closest_offered_consensus_to_50pct_no_interpolation,998375f0988c8504
f70e4f769832d9384eb83ce1,2026-09-06T21:09:03.371375+00:00,998375f0988c8504abc453f8e528b151e37d989f9b20732e403c4d606c50877e,3e646c7479c57f5d9752d8c7dfe7059b,1,2026-09-14T00:20:00Z,New York Giants,Dallas Cowboys,player_reception_yds,player_reception_yds,Javonte Williams,9.5,Over,9.5,draftkings,-111,1.900900900900901,0.4977124729471299,1.0862562521695405,2026-09-06T21:08:18Z,45.371375,conditional_non_push,,market_consensus_no_model,live_snapshot_not_T60,pinnacle,267a6a376b0637fda45113df,0.5,0.5,-100.0,-11.0,3,OK,-111,draftkings,,False,False,9.5,closest_offered_consensus_to_50pct_no_interpolation,998375f0988c8504
b4b4bb08c858b03c73aea9d5,2026-09-06T21:09:03.371375+00:00,998375f0988c8504abc453f8e528b151e37d989f9b20732e403c4d606c50877e,3e646c7479c57f5d9752d8c7dfe7059b,1,2026-09-14T00:20:00Z,New York Giants,Dallas Cowboys,player_reception_yds,player_reception_yds,Javonte Williams,9.5,Over,9.5,fanduel,-114,1.8771929824561404,0.5000000000000001,1.1006222153512897,2026-09-06T21:08:22Z,41.371375,conditional_non_push,,market_consensus_no_model,live_snapshot_not_T60,pinnacle,267a6a376b0637fda45113df,0.5,0.5,-100.0,-14.0,3,OK,-111,draftkings,,False,False,9.5,closest_offered_consensus_to_50pct_no_interpolation,998375f0988c8504
8cf7c4777cf512e02f4f0734,2026-09-06T21:09:03.371375+00:00,998375f0988c8504abc453f8e528b151e37d989f9b20732e403c4d606c50877e,3e646c7479c57f5d9752d8c7dfe7059b,1,2026-09-14T00:20:00Z,New York Giants,Dallas Cowboys,player_reception_yds,player_reception_yds,Javonte Williams,9.5,Over,9.5,pinnacle,-114,1.8771929824561404,0.5000000000000001,1.1006222153512897,2026-09-06T21:08:43Z,20.371375,conditional_non_push,,market_consensus_no_model,live_snapshot_not_T60,pinnacle,267a6a376b0637fda45113df,0.5,0.5,-100.0,-14.0,3,OK,-111,draftkings,,False,False,9.5,closest_offered_consensus_to_50pct_no_interpolation,998375f0988c8504
1dada6b22cdb56b491fd4d45,2026-09-06T21:09:03.371375+00:00,998375f0988c8504abc453f8e528b151e37d989f9b20732e403c4d606c50877e,3e646c7479c57f5d9752d8c7dfe7059b,1,2026-09-14T00:20:00Z,New York Giants,Dallas Cowboys,player_reception_yds,player_reception_yds,Javonte Williams,9.5,Under,9.5,draftkings,-113,1.8849557522123894,0.5022875270528703,1.0862562521695405,2026-09-06T21:08:18Z,45.371375,conditional_non_push,,market_consensus_no_model,live_snapshot_not_T60,pinnacle,267a6a376b0637fda45113df,0.5,0.5,-100.0,-13.0,3,OK,-113,draftkings,,False,False,9.5,closest_offered_consensus_to_50pct_no_interpolation,998375f0988c8504
766d72af3ba70bc8e86a57d8,2026-09-06T21:09:03.371375+00:00,998375f0988c8504abc453f8e528b151e37d989f9b20732e403c4d606c50877e,3e646c7479c57f5d9752d8c7dfe7059b,1,2026-09-14T00:20:00Z,New York Giants,Dallas Cowboys,player_reception_yds,player_reception_yds,Javonte Williams,9.5,Under,9.5,fanduel,-114,1.8771929824561404,0.5000000000000001,1.1006222153512897,2026-09-06T21:08:22Z,41.371375,conditional_non_push,,market_consensus_no_model,live_snapshot_not_T60,pinnacle,267a6a376b0637fda45113df,0.5,0.5,-100.0,-14.0,3,OK,-113,draftkings,,False,False,9.5,closest_offered_consensus_to_50pct_no_interpolation,998375f0988c8504
0d63c852dd1a66440dfe3944,2026-09-06T21:09:03.371375+00:00,998375f0988c8504abc453f8e528b151e37d989f9b20732e403c4d606c50877e,3e646c7479c57f5d9752d8c7dfe7059b,1,2026-09-14T00:20:00Z,New York Giants,Dallas Cowboys,player_reception_yds,player_reception_yds,Javonte Williams,9.5,Under,9.5,pinnacle,-114,1.8771929824561404,0.5000000000000001,1.1006222153512897,2026-09-06T21:08:43Z,20.371375,conditional_non_push,,market_consensus_no_model,live_snapshot_not_T60,pinnacle,267a6a376b0637fda45113df,0.5,0.5,-100.0,-14.0,3,OK,-113,draftkings,,False,False,9.5,closest_offered_consensus_to_50pct_no_interpolation,998375f0988c8504
635acded5a91337f0795c2e0,2026-09-06T21:09:03.371375+00:00,998375f0988c8504abc453f8e528b151e37d989f9b20732e403c4d606c50877e,3e646c7479c57f5d9752d8c7dfe7059b,1,2026-09-14T00:20:00Z,New York Giants,Dallas Cowboys,player_reception_yds,player_reception_yds,Malik Nabers,60.5,Over,60.5,draftkings,-110,1.9090909090909092,0.4954247932852784,1.0861586927879965,2026-09-06T21:08:18Z,45.371375,conditional_non_push,,market_consensus_no_model,live_snapshot_not_T60,pinnacle,f05e4ebf6e888e69a933959e,0.5,0.5,-100.0,-10.0,3,OK,-110,draftkings,,False,False,60.5,closest_offered_consensus_to_50pct_no_interpolation,998375f0988c8504
79afc1a9da6cb6d7cfbb88e4,2026-09-06T21:09:03.371375+00:00,998375f0988c8504abc453f8e528b151e37d989f9b20732e403c4d606c50877e,3e646c7479c57f5d9752d8c7dfe7059b,1,2026-09-14T00:20:00Z,New York Giants,Dallas Cowboys,player_reception_yds,player_reception_yds,Malik Nabers,60.5,Over,60.5,fanduel,-114,1.8771929824561404,0.5000000000000001,1.1006222153512897,2026-09-06T21:08:22Z,41.371375,conditional_non_push,,market_consensus_no_model,live_snapshot_not_T60,pinnacle,f05e4ebf6e888e69a933959e,0.5,0.5,-100.0,-14.0,3,OK,-110,draftkings,,False,False,60.5,closest_offered_consensus_to_50pct_no_interpolation,998375f0988c8504
4940bf138eb345e719080a0e,2026-09-06T21:09:03.371375+00:00,998375f0988c8504abc453f8e528b151e37d989f9b20732e403c4d606c50877e,3e646c7479c57f5d9752d8c7dfe7059b,1,2026-09-14T00:20:00Z,New York Giants,Dallas Cowboys,player_reception_yds,player_reception_yds,Malik Nabers,60.5,Over,60.5,pinnacle,-114,1.8771929824561404,0.5000000000000001,1.1006222153512897,2026-09-06T21:08:43Z,20.371375,conditional_non_push,,market_consensus_no_model,live_snapshot_not_T60,pinnacle,f05e4ebf6e888e69a933959e,0.5,0.5,-100.0,-14.0,3,OK,-110,draftkings,,False,False,60.5,closest_offered_consensus_to_50pct_no_interpolation,998375f0988c8504
6dea59bf13a1fc8b2cad927d,2026-09-06T21:09:03.371375+00:00,998375f0988c8504abc453f8e528b151e37d989f9b20732e403c4d606c50877e,3e646c7479c57f5d9752d8c7dfe7059b,1,2026-09-14T00:20:00Z,New York Giants,Dallas Cowboys,player_reception_yds,player_reception_yds,Malik Nabers,60.5,Under,60.5,draftkings,-114,1.8771929824561404,0.5045752067147218,1.0861586927879965,2026-09-06T21:08:18Z,45.371375,conditional_non_push,,market_consensus_no_model,live_snapshot_not_T60,pinnacle,f05e4ebf6e888e69a933959e,0.5,0.5,-100.0,-14.0,3,OK,-114,draftkings|fanduel|pinnacle,,False,False,60.5,closest_offered_consensus_to_50pct_no_interpolation,998375f0988c8504
3b44dfe221da2c17b548a978,2026-09-06T21:09:03.371375+00:00,998375f0988c8504abc453f8e528b151e37d989f9b20732e403c4d606c50877e,3e646c7479c57f5d9752d8c7dfe7059b,1,2026-09-14T00:20:00Z,New York Giants,Dallas Cowboys,player_reception_yds,player_reception_yds,Malik Nabers,60.5,Under,60.5,fanduel,-114,1.8771929824561404,0.5000000000000001,1.1006222153512897,2026-09-06T21:08:22Z,41.371375,conditional_non_push,,market_consensus_no_model,live_snapshot_not_T60,pinnacle,f05e4ebf6e888e69a933959e,0.5,0.5,-100.0,-14.0,3,OK,-114,draftkings|fanduel|pinnacle,,False,False,60.5,closest_offered_consensus_to_50pct_no_interpolation,998375f0988c8504
604ffe3fa9cc27322d71873e,2026-09-06T21:09:03.371375+00:00,998375f0988c8504abc453f8e528b151e37d989f9b20732e403c4d606c50877e,3e646c7479c57f5d9752d8c7dfe7059b,1,2026-09-14T00:20:00Z,New York Giants,Dallas Cowboys,player_reception_yds,player_reception_yds,Malik Nabers,60.5,Under,60.5,pinnacle,-114,1.8771929824561404,0.5000000000000001,1.1006222153512897,2026-09-06T21:08:43Z,20.371375,conditional_non_push,,market_consensus_no_model,live_snapshot_not_T60,pinnacle,f05e4ebf6e888e69a933959e,0.5,0.5,-100.0,-14.0,3,OK,-114,draftkings|fanduel|pinnacle,,False,False,60.5,closest_offered_consensus_to_50pct_no_interpolation,998375f0988c8504
0538235a6693efb9be7f5b7d,2026-09-06T21:09:03.371375+00:00,998375f0988c8504abc453f8e528b151e37d989f9b20732e403c4d606c50877e,3e646c7479c57f5d9752d8c7dfe7059b,1,2026-09-14T00:20:00Z,New York Giants,Dallas Cowboys,player_reception_yds,player_reception_yds,Odell Beckham Jr.,7.5,Over,7.5,draftkings,-111,1.900900900900901,0.4977124729471299,1.0862562521695405,2026-09-06T21:08:18Z,45.371375,conditional_non_push,,market_consensus_no_model,live_snapshot_not_T60,pinnacle,368dbcc642346c580004ad11,0.4988562364735649,0.4988562364735649,100.45855436609169,-11.45855436609169,2,OK,-111,draftkings,,False,False,7.5,closest_offered_consensus_to_50pct_no_interpolation,998375f0988c8504
1421566feab0b1cb05ef56e1,2026-09-06T21:09:03.371375+00:00,998375f0988c8504abc453f8e528b151e37d989f9b20732e403c4d606c50877e,3e646c7479c57f5d9752d8c7dfe7059b,1,2026-09-14T00:20:00Z,New York Giants,Dallas Cowboys,player_reception_yds,player_reception_yds,Odell Beckham Jr.,7.5,Over,7.5,fanduel,-114,1.8771929824561404,0.5000000000000001,1.1006222153512897,2026-09-06T21:08:22Z,41.371375,conditional_non_push,,market_consensus_no_model,live_snapshot_not_T60,pinnacle,368dbcc642346c580004ad11,0.4988562364735649,0.4988562364735649,100.45855436609169,-14.45855436609169,2,OK,-111,draftkings,,False,False,7.5,closest_offered_consensus_to_50pct_no_interpolation,998375f0988c8504
4fcad4d0ce36e6578a19f458,2026-09-06T21:09:03.371375+00:00,998375f0988c8504abc453f8e528b151e37d989f9b20732e403c4d606c50877e,3e646c7479c57f5d9752d8c7dfe7059b,1,2026-09-14T00:20:00Z,New York Giants,Dallas Cowboys,player_reception_yds,player_reception_yds,Odell Beckham Jr.,7.5,Under,7.5,draftkings,-113,1.8849557522123894,0.5022875270528703,1.0862562521695405,2026-09-06T21:08:18Z,45.371375,conditional_non_push,,market_consensus_no_model,live_snapshot_not_T60,pinnacle,368dbcc642346c580004ad11,0.5011437635264351,0.5011437635264351,-100.45855436609169,-12.54144563390831,2,OK,-113,draftkings,,False,False,7.5,closest_offered_consensus_to_50pct_no_interpolation,998375f0988c8504
2ceae076f044f3c39c42fb1a,2026-09-06T21:09:03.371375+00:00,998375f0988c8504abc453f8e528b151e37d989f9b20732e403c4d606c50877e,3e646c7479c57f5d9752d8c7dfe7059b,1,2026-09-14T00:20:00Z,New York Giants,Dallas Cowboys,player_reception_yds,player_reception_yds,Odell Beckham Jr.,7.5,Under,7.5,fanduel,-114,1.8771929824561404,0.5000000000000001,1.1006222153512897,2026-09-06T21:08:22Z,41.371375,conditional_non_push,,market_consensus_no_model,live_snapshot_not_T60,pinnacle,368dbcc642346c580004ad11,0.5011437635264351,0.5011437635264351,-100.45855436609169,-13.54144563390831,2,OK,-113,draftkings,,False,False,7.5,closest_offered_consensus_to_50pct_no_interpolation,998375f0988c8504
ed504582d26a0965bd934465,2026-09-06T21:09:03.371375+00:00,998375f0988c8504abc453f8e528b151e37d989f9b20732e403c4d606c50877e,3e646c7479c57f5d9752d8c7dfe7059b,1,2026-09-14T00:20:00Z,New York Giants,Dallas Cowboys,player_receptions,player_receptions,Cam Skattebo,2.5,Over,2.5,draftkings,102,2.02,0.46385765211130386,1.0925619072705293,2026-09-06T21:08:18Z,45.371375,conditional_non_push,,market_consensus_no_model,live_snapshot_not_T60,pinnacle,1c8b147d4557ef6aff3d3dd9,0.425792012343204,0.425792012343204,134.8564489260459,-32.856448926045914,3,OK,116,fanduel|pinnacle,,False,False,2.5,closest_offered_consensus_to_50pct_no_interpolation,998375f0988c8504
1c02b4c5d3ce80c16c0e6552,2026-09-06T21:09:03.371375+00:00,998375f0988c8504abc453f8e528b151e37d989f9b20732e403c4d606c50877e,3e646c7479c57f5d9752d8c7dfe7059b,1,2026-09-14T00:20:00Z,New York Giants,Dallas Cowboys,player_receptions,player_receptions,Cam Skattebo,2.5,Over,2.5,fanduel,116,2.16,0.425792012343204,1.108680912396311,2026-09-06T21:08:22Z,41.371375,conditional_non_push,,market_consensus_no_model,live_snapshot_not_T60,pinnacle,1c8b147d4557ef6aff3d3dd9,0.425792012343204,0.425792012343204,134.8564489260459,-18.856448926045914,3,OK,116,fanduel|pinnacle,,False,False,2.5,closest_offered_consensus_to_50pct_no_interpolation,998375f0988c8504
f44dba99ac063887df6c0d77,2026-09-06T21:09:03.371375+00:00,998375f0988c8504abc453f8e528b151e37d989f9b20732e403c4d606c50877e,3e646c7479c57f5d9752d8c7dfe7059b,1,2026-09-14T00:20:00Z,New York Giants,Dallas Cowboys,player_receptions,player_receptions,Cam Skattebo,2.5,Over,2.5,pinnacle,116,2.16,0.425792012343204,1.108680912396311,2026-09-06T21:08:43Z,20.371375,conditional_non_push,,market_consensus_no_model,live_snapshot_not_T60,pinnacle,1c8b147d4557ef6aff3d3dd9,0.425792012343204,0.425792012343204,134.8564489260459,-18.856448926045914,3,OK,116,fanduel|pinnacle,,False,False,2.5,closest_offered_consensus_to_50pct_no_interpolation,998375f0988c8504
f101afd5274f427cafb19a8e,2026-09-06T21:09:03.371375+00:00,998375f0988c8504abc453f8e528b151e37d989f9b20732e403c4d606c50877e,3e646c7479c57f5d9752d8c7dfe7059b,1,2026-09-14T00:20:00Z,New York Giants,Dallas Cowboys,player_receptions,player_receptions,Cam Skattebo,2.5,Under,2.5,draftkings,-130,1.7692307692307692,0.5361423478886963,1.0925619072705293,2026-09-06T21:08:18Z,45.371375,conditional_non_push,,market_consensus_no_model,live_snapshot_not_T60,pinnacle,1c8b147d4557ef6aff3d3dd9,0.574207987656796,0.574207987656796,-134.85644892604594,4.8564489260459425,3,OK,-130,draftkings,,False,False,2.5,closest_offered_consensus_to_50pct_no_interpolation,998375f0988c8504
952108d072b466879a2d5ae1,2026-09-06T21:09:03.371375+00:00,998375f0988c8504abc453f8e528b151e37d989f9b20732e403c4d606c50877e,3e646c7479c57f5d9752d8c7dfe7059b,1,2026-09-14T00:20:00Z,New York Giants,Dallas Cowboys,player_receptions,player_receptions,Cam Skattebo,2.5,Under,2.5,fanduel,-154,1.6493506493506493,0.574207987656796,1.108680912396311,2026-09-06T21:08:22Z,41.371375,conditional_non_push,,market_consensus_no_model,live_snapshot_not_T60,pinnacle,1c8b147d4557ef6aff3d3dd9,0.574207987656796,0.574207987656796,-134.85644892604594,-19.143551073954058,3,OK,-130,draftkings,,False,False,2.5,closest_offered_consensus_to_50pct_no_interpolation,998375f0988c8504
d08c3893e9d8c2701d57c641,2026-09-06T21:09:03.371375+00:00,998375f0988c8504abc453f8e528b151e37d989f9b20732e403c4d606c50877e,3e646c7479c57f5d9752d8c7dfe7059b,1,2026-09-14T00:20:00Z,New York Giants,Dallas Cowboys,player_receptions,player_receptions,Cam Skattebo,2.5,Under,2.5,pinnacle,-154,1.6493506493506493,0.574207987656796,1.108680912396311,2026-09-06T21:08:43Z,20.371375,conditional_non_push,,market_consensus_no_model,live_snapshot_not_T60,pinnacle,1c8b147d4557ef6aff3d3dd9,0.574207987656796,0.574207987656796,-134.85644892604594,-19.143551073954058,3,OK,-130,draftkings,,False,False,2.5,closest_offered_consensus_to_50pct_no_interpolation,998375f0988c8504
341cb48f258bfb4e1c840731,2026-09-06T21:09:03.371375+00:00,998375f0988c8504abc453f8e528b151e37d989f9b20732e403c4d606c50877e,3e646c7479c57f5d9752d8c7dfe7059b,1,2026-09-14T00:20:00Z,New York Giants,Dallas Cowboys,player_receptions,player_receptions,CeeDee Lamb,6.5,Over,6.5,draftkings,106,2.06,0.45317474678404024,1.0951583247242644,2026-09-06T21:08:18Z,45.371375,conditional_non_push,,market_consensus_no_model,live_snapshot_not_T60,pinnacle,bf227074d5f1194243231c63,0.425792012343204,0.425792012343204,134.8564489260459,-28.856448926045914,3,OK,116,fanduel|pinnacle,,False,False,6.5,closest_offered_consensus_to_50pct_no_interpolation,998375f0988c8504
fefd1d8a7f8863d6589e7e8a,2026-09-06T21:09:03.371375+00:00,998375f0988c8504abc453f8e528b151e37d989f9b20732e403c4d606c50877e,3e646c7479c57f5d9752d8c7dfe7059b,1,2026-09-14T00:20:00Z,New York Giants,Dallas Cowboys,player_receptions,player_receptions,CeeDee Lamb,6.5,Over,6.5,fanduel,116,2.16,0.425792012343204,1.108680912396311,2026-09-06T21:08:22Z,41.371375,conditional_non_push,,market_consensus_no_model,live_snapshot_not_T60,pinnacle,bf227074d5f1194243231c63,0.425792012343204,0.425792012343204,134.8564489260459,-18.856448926045914,3,OK,116,fanduel|pinnacle,,False,False,6.5,closest_offered_consensus_to_50pct_no_interpolation,998375f0988c8504
2548a3a7be1e4eb3c002a909,2026-09-06T21:09:03.371375+00:00,998375f0988c8504abc453f8e528b151e37d989f9b20732e403c4d606c50877e,3e646c7479c57f5d9752d8c7dfe7059b,1,2026-09-14T00:20:00Z,New York Giants,Dallas Cowboys,player_receptions,player_receptions,CeeDee Lamb,6.5,Over,6.5,pinnacle,116,2.16,0.425792012343204,1.108680912396311,2026-09-06T21:08:43Z,20.371375,conditional_non_push,,market_consensus_no_model,live_snapshot_not_T60,pinnacle,bf227074d5f1194243231c63,0.425792012343204,0.425792012343204,134.8564489260459,-18.856448926045914,3,OK,116,fanduel|pinnacle,,False,False,6.5,closest_offered_consensus_to_50pct_no_interpolation,998375f0988c8504
055801e143105894a53de813,2026-09-06T21:09:03.371375+00:00,998375f0988c8504abc453f8e528b151e37d989f9b20732e403c4d606c50877e,3e646c7479c57f5d9752d8c7dfe7059b,1,2026-09-14T00:20:00Z,New York Giants,Dallas Cowboys,player_receptions,player_receptions,CeeDee Lamb,6.5,Under,6.5,draftkings,-136,1.7352941176470589,0.54682525321596,1.0951583247242644,2026-09-06T21:08:18Z,45.371375,conditional_non_push,,market_consensus_no_model,live_snapshot_not_T60,pinnacle,bf227074d5f1194243231c63,0.574207987656796,0.574207987656796,-134.85644892604594,-1.1435510739540575,3,OK,-136,draftkings,,False,False,6.5,closest_offered_consensus_to_50pct_no_interpolation,998375f0988c8504
09d05a91554eb7f3830f6075,2026-09-06T21:09:03.371375+00:00,998375f0988c8504abc453f8e528b151e37d989f9b20732e403c4d606c50877e,3e646c7479c57f5d9752d8c7dfe7059b,1,2026-09-14T00:20:00Z,New York Giants,Dallas Cowboys,player_receptions,player_receptions,CeeDee Lamb,6.5,Under,6.5,fanduel,-154,1.6493506493506493,0.574207987656796,1.108680912396311,2026-09-06T21:08:22Z,41.371375,conditional_non_push,,market_consensus_no_model,live_snapshot_not_T60,pinnacle,bf227074d5f1194243231c63,0.574207987656796,0.574207987656796,-134.85644892604594,-19.143551073954058,3,OK,-136,draftkings,,False,False,6.5,closest_offered_consensus_to_50pct_no_interpolation,998375f0988c8504
fb33483c7b3e82fedd772f66,2026-09-06T21:09:03.371375+00:00,998375f0988c8504abc453f8e528b151e37d989f9b20732e403c4d606c50877e,3e646c7479c57f5d9752d8c7dfe7059b,1,2026-09-14T00:20:00Z,New York Giants,Dallas Cowboys,player_receptions,player_receptions,CeeDee Lamb,6.5,Under,6.5,pinnacle,-154,1.6493506493506493,0.574207987656796,1.108680912396311,2026-09-06T21:08:43Z,20.371375,conditional_non_push,,market_consensus_no_model,live_snapshot_not_T60,pinnacle,bf227074d5f1194243231c63,0.574207987656796,0.574207987656796,-134.85644892604594,-19.143551073954058,3,OK,-136,draftkings,,False,False,6.5,closest_offered_consensus_to_50pct_no_interpolation,998375f0988c8504
5db4e5598bdecd2d6c00c6c0,2026-09-06T21:09:03.371375+00:00,998375f0988c8504abc453f8e528b151e37d989f9b20732e403c4d606c50877e,3e646c7479c57f5d9752d8c7dfe7059b,1,2026-09-14T00:20:00Z,New York Giants,Dallas Cowboys,player_receptions,player_receptions,George Pickens,4.5,Over,4.5,draftkings,-153,1.65359477124183,0.577333364463524,1.0922233079377737,2026-09-06T21:08:18Z,45.371375,conditional_non_push,,market_consensus_no_model,live_snapshot_not_T60,pinnacle,ad2095ae3cd1d6c5a46b60c2,0.5773333644635239,0.5773333644635239,-136.5930773624312,-16.40692263756881,1,FEWER_THAN_TWO_BOOKS,-153,draftkings,,False,False,4.5,closest_offered_consensus_to_50pct_no_interpolation,998375f0988c8504
c984ab7c7e6a0dc14d46243d,2026-09-06T21:09:03.371375+00:00,998375f0988c8504abc453f8e528b151e37d989f9b20732e403c4d606c50877e,3e646c7479c57f5d9752d8c7dfe7059b,1,2026-09-14T00:20:00Z,New York Giants,Dallas Cowboys,player_receptions,player_receptions,George Pickens,4.5,Under,4.5,draftkings,120,2.2,0.42266663553647615,1.0922233079377737,2026-09-06T21:08:18Z,45.371375,conditional_non_push,,market_consensus_no_model,live_snapshot_not_T60,pinnacle,ad2095ae3cd1d6c5a46b60c2,0.42266663553647604,0.42266663553647604,136.59307736243122,-16.593077362431217,1,FEWER_THAN_TWO_BOOKS,120,draftkings,,False,False,4.5,closest_offered_consensus_to_50pct_no_interpolation,998375f0988c8504
0e23e2f6d39d565b8cd54e9b,2026-09-06T21:09:03.371375+00:00,998375f0988c8504abc453f8e528b151e37d989f9b20732e403c4d606c50877e,3e646c7479c57f5d9752d8c7dfe7059b,1,2026-09-14T00:20:00Z,New York Giants,Dallas Cowboys,player_receptions,player_receptions,George Pickens,5.5,Over,5.5,fanduel,124,2.24,0.40796342297849103,1.1117229865216771,2026-09-06T21:08:22Z,41.371375,conditional_non_push,,market_consensus_no_model,live_snapshot_not_T60,pinnacle,08b19b7f21faa2cfd82e5666,0.4079634229784909,0.4079634229784909,145.12001411771737,-21.120014117717375,2,OK,124,fanduel|pinnacle,,False,False,4.5,closest_offered_consensus_to_50pct_no_interpolation,998375f0988c8504
6e3f85b0aba06fc343951715,2026-09-06T21:09:03.371375+00:00,998375f0988c8504abc453f8e528b151e37d989f9b20732e403c4d606c50877e,3e646c7479c57f5d9752d8c7dfe7059b,1,2026-09-14T00:20:00Z,New York Giants,Dallas Cowboys,player_receptions,player_receptions,George Pickens,5.5,Over,5.5,pinnacle,124,2.24,0.40796342297849103,1.1117229865216771,2026-09-06T21:08:43Z,20.371375,conditional_non_push,,market_consensus_no_model,live_snapshot_not_T60,pinnacle,08b19b7f21faa2cfd82e5666,0.4079634229784909,0.4079634229784909,145.12001411771737,-21.120014117717375,2,OK,124,fanduel|pinnacle,,False,False,4.5,closest_offered_consensus_to_50pct_no_interpolation,998375f0988c8504
647e6e5d9a49b90328cfdff9,2026-09-06T21:09:03.371375+00:00,998375f0988c8504abc453f8e528b151e37d989f9b20732e403c4d606c50877e,3e646c7479c57f5d9752d8c7dfe7059b,1,2026-09-14T00:20:00Z,New York Giants,Dallas Cowboys,player_receptions,player_receptions,George Pickens,5.5,Under,5.5,fanduel,-166,1.6024096385542168,0.5920365770215091,1.1117229865216771,2026-09-06T21:08:22Z,41.371375,conditional_non_push,,market_consensus_no_model,live_snapshot_not_T60,pinnacle,08b19b7f21faa2cfd82e5666,0.592036577021509,0.592036577021509,-145.12001411771735,-20.879985882282654,2,OK,-166,fanduel|pinnacle,,False,False,4.5,closest_offered_consensus_to_50pct_no_interpolation,998375f0988c8504
a759c6035b8b32fc16a6b208,2026-09-06T21:09:03.371375+00:00,998375f0988c8504abc453f8e528b151e37d989f9b20732e403c4d606c50877e,3e646c7479c57f5d9752d8c7dfe7059b,1,2026-09-14T00:20:00Z,New York Giants,Dallas Cowboys,player_receptions,player_receptions,George Pickens,5.5,Under,5.5,pinnacle,-166,1.6024096385542168,0.5920365770215091,1.1117229865216771,2026-09-06T21:08:43Z,20.371375,conditional_non_push,,market_consensus_no_model,live_snapshot_not_T60,pinnacle,08b19b7f21faa2cfd82e5666,0.592036577021509,0.592036577021509,-145.12001411771735,-20.879985882282654,2,OK,-166,fanduel|pinnacle,,False,False,4.5,closest_offered_consensus_to_50pct_no_interpolation,998375f0988c8504
152e971b7a830478eb955fb1,2026-09-06T21:09:03.371375+00:00,998375f0988c8504abc453f8e528b151e37d989f9b20732e403c4d606c50877e,3e646c7479c57f5d9752d8c7dfe7059b,1,2026-09-14T00:20:00Z,New York Giants,Dallas Cowboys,player_receptions,player_receptions,Isaiah Likely,3.5,Over,3.5,draftkings,110,2.1,0.44483204521110303,1.0918152325201733,2026-09-06T21:08:18Z,45.371375,conditional_non_push,,market_consensus_no_model,live_snapshot_not_T60,pinnacle,8981d87b0af9070885771de7,0.42960347247450675,0.42960347247450675,132.77279260337946,-22.772792603379457,3,OK,116,fanduel,,False,False,3.5,closest_offered_consensus_to_50pct_no_interpolation,998375f0988c8504
8ec292b7a78ad58c32c340f0,2026-09-06T21:09:03.371375+00:00,998375f0988c8504abc453f8e528b151e37d989f9b20732e403c4d606c50877e,3e646c7479c57f5d9752d8c7dfe7059b,1,2026-09-14T00:20:00Z,New York Giants,Dallas Cowboys,player_receptions,player_receptions,Isaiah Likely,3.5,Over,3.5,fanduel,116,2.16,0.425792012343204,1.108680912396311,2026-09-06T21:08:22Z,41.371375,conditional_non_push,,market_consensus_no_model,live_snapshot_not_T60,pinnacle,8981d87b0af9070885771de7,0.42960347247450675,0.42960347247450675,132.77279260337946,-16.772792603379457,3,OK,116,fanduel,,False,False,3.5,closest_offered_consensus_to_50pct_no_interpolation,998375f0988c8504
e69af475b669d0c02c595fab,2026-09-06T21:09:03.371375+00:00,998375f0988c8504abc453f8e528b151e37d989f9b20732e403c4d606c50877e,3e646c7479c57f5d9752d8c7dfe7059b,1,2026-09-14T00:20:00Z,New York Giants,Dallas Cowboys,player_receptions,player_receptions,Isaiah Likely,3.5,Over,3.5,pinnacle,114,2.1399999999999997,0.42960347247450675,1.1105233694804428,2026-09-06T21:08:43Z,20.371375,conditional_non_push,,market_consensus_no_model,live_snapshot_not_T60,pinnacle,8981d87b0af9070885771de7,0.42960347247450675,0.42960347247450675,132.77279260337946,-18.772792603379457,3,OK,116,fanduel,,False,False,3.5,closest_offered_consensus_to_50pct_no_interpolation,998375f0988c8504
caffce83ecd3d995969df097,2026-09-06T21:09:03.371375+00:00,998375f0988c8504abc453f8e528b151e37d989f9b20732e403c4d606c50877e,3e646c7479c57f5d9752d8c7dfe7059b,1,2026-09-14T00:20:00Z,New York Giants,Dallas Cowboys,player_receptions,player_receptions,Isaiah Likely,3.5,Under,3.5,draftkings,-140,1.7142857142857144,0.555167954788897,1.0918152325201733,2026-09-06T21:08:18Z,45.371375,conditional_non_push,,market_consensus_no_model,live_snapshot_not_T60,pinnacle,8981d87b0af9070885771de7,0.5703965275254933,0.5703965275254933,-132.7727926033795,-7.227207396620514,3,OK,-140,draftkings,,False,False,3.5,closest_offered_consensus_to_50pct_no_interpolation,998375f0988c8504
2a0750b0c8db700b9d91c691,2026-09-06T21:09:03.371375+00:00,998375f0988c8504abc453f8e528b151e37d989f9b20732e403c4d606c50877e,3e646c7479c57f5d9752d8c7dfe7059b,1,2026-09-14T00:20:00Z,New York Giants,Dallas Cowboys,player_receptions,player_receptions,Isaiah Likely,3.5,Under,3.5,fanduel,-154,1.6493506493506493,0.574207987656796,1.108680912396311,2026-09-06T21:08:22Z,41.371375,conditional_non_push,,market_consensus_no_model,live_snapshot_not_T60,pinnacle,8981d87b0af9070885771de7,0.5703965275254933,0.5703965275254933,-132.7727926033795,-21.227207396620514,3,OK,-140,draftkings,,False,False,3.5,closest_offered_consensus_to_50pct_no_interpolation,998375f0988c8504
0badd89a8ce2aeec896520c8,2026-09-06T21:09:03.371375+00:00,998375f0988c8504abc453f8e528b151e37d989f9b20732e403c4d606c50877e,3e646c7479c57f5d9752d8c7dfe7059b,1,2026-09-14T00:20:00Z,New York Giants,Dallas Cowboys,player_receptions,player_receptions,Isaiah Likely,3.5,Under,3.5,pinnacle,-152,1.6578947368421053,0.5703965275254933,1.1105233694804428,2026-09-06T21:08:43Z,20.371375,conditional_non_push,,market_consensus_no_model,live_snapshot_not_T60,pinnacle,8981d87b0af9070885771de7,0.5703965275254933,0.5703965275254933,-132.7727926033795,-19.227207396620514,3,OK,-140,draftkings,,False,False,3.5,closest_offered_consensus_to_50pct_no_interpolation,998375f0988c8504
3d0a435ce41694f1f53d5781,2026-09-06T21:09:03.371375+00:00,998375f0988c8504abc453f8e528b151e37d989f9b20732e403c4d606c50877e,3e646c7479c57f5d9752d8c7dfe7059b,1,2026-09-14T00:20:00Z,New York Giants,Dallas Cowboys,player_receptions,player_receptions,Jake Ferguson,3.5,Over,3.5,draftkings,-104,1.9615384615384617,0.4784747706192004,1.094136799573727,2026-09-06T21:08:18Z,45.371375,conditional_non_push,,market_consensus_no_model,live_snapshot_not_T60,pinnacle,23e98ec0911cc181e07d7b47,0.4687876505635508,0.4687876505635508,113.31619951973026,-17.31619951973026,3,OK,-102,fanduel|pinnacle,,False,False,3.5,closest_offered_consensus_to_50pct_no_interpolation,998375f0988c8504
02e8ac4eb1136fc843c34d82,2026-09-06T21:09:03.371375+00:00,998375f0988c8504abc453f8e528b151e37d989f9b20732e403c4d606c50877e,3e646c7479c57f5d9752d8c7dfe7059b,1,2026-09-14T00:20:00Z,New York Giants,Dallas Cowboys,player_receptions,player_receptions,Jake Ferguson,3.5,Over,3.5,fanduel,-102,1.9803921568627452,0.46878765056355093,1.1087531918228133,2026-09-06T21:08:22Z,41.371375,conditional_non_push,,market_consensus_no_model,live_snapshot_not_T60,pinnacle,23e98ec0911cc181e07d7b47,0.4687876505635508,0.4687876505635508,113.31619951973026,-15.316199519730262,3,OK,-102,fanduel|pinnacle,,False,False,3.5,closest_offered_consensus_to_50pct_no_interpolation,998375f0988c8504
6865f98bd70ea4ba8516aa30,2026-09-06T21:09:03.371375+00:00,998375f0988c8504abc453f8e528b151e37d989f9b20732e403c4d606c50877e,3e646c7479c57f5d9752d8c7dfe7059b,1,2026-09-14T00:20:00Z,New York Giants,Dallas Cowboys,player_receptions,player_receptions,Jake Ferguson,3.5,Over,3.5,pinnacle,-102,1.9803921568627452,0.46878765056355093,1.1087531918228133,2026-09-06T21:08:43Z,20.371375,conditional_non_push,,market_consensus_no_model,live_snapshot_not_T60,pinnacle,23e98ec0911cc181e07d7b47,0.4687876505635508,0.4687876505635508,113.31619951973026,-15.316199519730262,3,OK,-102,fanduel|pinnacle,,False,False,3.5,closest_offered_consensus_to_50pct_no_interpolation,998375f0988c8504
8ecea546539dd1be2d48a6f5,2026-09-06T21:09:03.371375+00:00,998375f0988c8504abc453f8e528b151e37d989f9b20732e403c4d606c50877e,3e646c7479c57f5d9752d8c7dfe7059b,1,2026-09-14T00:20:00Z,New York Giants,Dallas Cowboys,player_receptions,player_receptions,Jake Ferguson,3.5,Under,3.5,draftkings,-123,1.8130081300813008,0.5215252293807996,1.094136799573727,2026-09-06T21:08:18Z,45.371375,conditional_non_push,,market_consensus_no_model,live_snapshot_not_T60,pinnacle,23e98ec0911cc181e07d7b47,0.5312123494364492,0.5312123494364492,-113.31619951973029,-9.68380048026971,3,OK,-123,draftkings,,False,False,3.5,closest_offered_consensus_to_50pct_no_interpolation,998375f0988c8504
20ffa6cf91e534384aba814e,2026-09-06T21:09:03.371375+00:00,998375f0988c8504abc453f8e528b151e37d989f9b20732e403c4d606c50877e,3e646c7479c57f5d9752d8c7dfe7059b,1,2026-09-14T00:20:00Z,New York Giants,Dallas Cowboys,player_receptions,player_receptions,Jake Ferguson,3.5,Under,3.5,fanduel,-130,1.7692307692307692,0.5312123494364493,1.1087531918228133,2026-09-06T21:08:22Z,41.371375,conditional_non_push,,market_consensus_no_model,live_snapshot_not_T60,pinnacle,23e98ec0911cc181e07d7b47,0.5312123494364492,0.5312123494364492,-113.31619951973029,-16.68380048026971,3,OK,-123,draftkings,,False,False,3.5,closest_offered_consensus_to_50pct_no_interpolation,998375f0988c8504
294aebfe9cd3a72a6a80a85d,2026-09-06T21:09:03.371375+00:00,998375f0988c8504abc453f8e528b151e37d989f9b20732e403c4d606c50877e,3e646c7479c57f5d9752d8c7dfe7059b,1,2026-09-14T00:20:00Z,New York Giants,Dallas Cowboys,player_receptions,player_receptions,Jake Ferguson,3.5,Under,3.5,pinnacle,-130,1.7692307692307692,0.5312123494364493,1.1087531918228133,2026-09-06T21:08:43Z,20.371375,conditional_non_push,,market_consensus_no_model,live_snapshot_not_T60,pinnacle,23e98ec0911cc181e07d7b47,0.5312123494364492,0.5312123494364492,-113.31619951973029,-16.68380048026971,3,OK,-123,draftkings,,False,False,3.5,closest_offered_consensus_to_50pct_no_interpolation,998375f0988c8504
56824395cfe81b2cb8e2904f,2026-09-06T21:09:03.371375+00:00,998375f0988c8504abc453f8e528b151e37d989f9b20732e403c4d606c50877e,3e646c7479c57f5d9752d8c7dfe7059b,1,2026-09-14T00:20:00Z,New York Giants,Dallas Cowboys,player_receptions,player_receptions,Javonte Williams,2.5,Over,2.5,draftkings,151,2.51,0.36540959430602915,1.0939424594764677,2026-09-06T21:08:18Z,45.371375,conditional_non_push,,market_consensus_no_model,live_snapshot_not_T60,pinnacle,0114cd475c2842a9163bf5a7,0.352871101734947,0.352871101734947,183.38959894515037,-32.38959894515037,3,OK,154,fanduel|pinnacle,,False,False,2.5,closest_offered_consensus_to_50pct_no_interpolation,998375f0988c8504
2deb4432904f66f52ca0f3f9,2026-09-06T21:09:03.371375+00:00,998375f0988c8504abc453f8e528b151e37d989f9b20732e403c4d606c50877e,3e646c7479c57f5d9752d8c7dfe7059b,1,2026-09-14T00:20:00Z,New York Giants,Dallas Cowboys,player_receptions,player_receptions,Javonte Williams,2.5,Over,2.5,fanduel,154,2.54,0.352871101734947,1.1174561011551583,2026-09-06T21:08:22Z,41.371375,conditional_non_push,,market_consensus_no_model,live_snapshot_not_T60,pinnacle,0114cd475c2842a9163bf5a7,0.352871101734947,0.352871101734947,183.38959894515037,-29.389598945150368,3,OK,154,fanduel|pinnacle,,False,False,2.5,closest_offered_consensus_to_50pct_no_interpolation,998375f0988c8504
9fc422ef8d3e049b36c1834c,2026-09-06T21:09:03.371375+00:00,998375f0988c8504abc453f8e528b151e37d989f9b20732e403c4d606c50877e,3e646c7479c57f5d9752d8c7dfe7059b,1,2026-09-14T00:20:00Z,New York Giants,Dallas Cowboys,player_receptions,player_receptions,Javonte Williams,2.5,Over,2.5,pinnacle,154,2.54,0.352871101734947,1.1174561011551583,2026-09-06T21:08:43Z,20.371375,conditional_non_push,,market_consensus_no_model,live_snapshot_not_T60,pinnacle,0114cd475c2842a9163bf5a7,0.352871101734947,0.352871101734947,183.38959894515037,-29.389598945150368,3,OK,154,fanduel|pinnacle,,False,False,2.5,closest_offered_consensus_to_50pct_no_interpolation,998375f0988c8504
6ac21581cfe18b4be45c812f,2026-09-06T21:09:03.371375+00:00,998375f0988c8504abc453f8e528b151e37d989f9b20732e403c4d606c50877e,3e646c7479c57f5d9752d8c7dfe7059b,1,2026-09-14T00:20:00Z,New York Giants,Dallas Cowboys,player_receptions,player_receptions,Javonte Williams,2.5,Under,2.5,draftkings,-194,1.5154639175257731,0.6345904056939708,1.0939424594764677,2026-09-06T21:08:18Z,45.371375,conditional_non_push,,market_consensus_no_model,live_snapshot_not_T60,pinnacle,0114cd475c2842a9163bf5a7,0.647128898265053,0.647128898265053,-183.38959894515045,-10.610401054849547,3,OK,-194,draftkings,,False,False,2.5,closest_offered_consensus_to_50pct_no_interpolation,998375f0988c8504
78f63ac456637fc6980b8223,2026-09-06T21:09:03.371375+00:00,998375f0988c8504abc453f8e528b151e37d989f9b20732e403c4d606c50877e,3e646c7479c57f5d9752d8c7dfe7059b,1,2026-09-14T00:20:00Z,New York Giants,Dallas Cowboys,player_receptions,player_receptions,Javonte Williams,2.5,Under,2.5,fanduel,-210,1.4761904761904763,0.647128898265053,1.1174561011551583,2026-09-06T21:08:22Z,41.371375,conditional_non_push,,market_consensus_no_model,live_snapshot_not_T60,pinnacle,0114cd475c2842a9163bf5a7,0.647128898265053,0.647128898265053,-183.38959894515045,-26.610401054849547,3,OK,-194,draftkings,,False,False,2.5,closest_offered_consensus_to_50pct_no_interpolation,998375f0988c8504
1e347569b45d6cf7a8031558,2026-09-06T21:09:03.371375+00:00,998375f0988c8504abc453f8e528b151e37d989f9b20732e403c4d606c50877e,3e646c7479c57f5d9752d8c7dfe7059b,1,2026-09-14T00:20:00Z,New York Giants,Dallas Cowboys,player_receptions,player_receptions,Javonte Williams,2.5,Under,2.5,pinnacle,-210,1.4761904761904763,0.647128898265053,1.1174561011551583,2026-09-06T21:08:43Z,20.371375,conditional_non_push,,market_consensus_no_model,live_snapshot_not_T60,pinnacle,0114cd475c2842a9163bf5a7,0.647128898265053,0.647128898265053,-183.38959894515045,-26.610401054849547,3,OK,-194,draftkings,,False,False,2.5,closest_offered_consensus_to_50pct_no_interpolation,998375f0988c8504
960e51b4da6e2c494f6bb80f,2026-09-06T21:09:03.371375+00:00,998375f0988c8504abc453f8e528b151e37d989f9b20732e403c4d606c50877e,3e646c7479c57f5d9752d8c7dfe7059b,1,2026-09-14T00:20:00Z,New York Giants,Dallas Cowboys,player_receptions,player_receptions,Malik Nabers,5.5,Over,5.5,draftkings,120,2.2,0.42266663553647615,1.0922233079377737,2026-09-06T21:08:18Z,45.371375,conditional_non_push,,market_consensus_no_model,live_snapshot_not_T60,pinnacle,091a82402e7593deb3d6eee0,0.425792012343204,0.425792012343204,134.8564489260459,-14.856448926045914,3,OK,120,draftkings,,False,False,5.5,closest_offered_consensus_to_50pct_no_interpolation,998375f0988c8504
719b7ecc4df47254582688f4,2026-09-06T21:09:03.371375+00:00,998375f0988c8504abc453f8e528b151e37d989f9b20732e403c4d606c50877e,3e646c7479c57f5d9752d8c7dfe7059b,1,2026-09-14T00:20:00Z,New York Giants,Dallas Cowboys,player_receptions,player_receptions,Malik Nabers,5.5,Over,5.5,fanduel,116,2.16,0.425792012343204,1.108680912396311,2026-09-06T21:08:22Z,41.371375,conditional_non_push,,market_consensus_no_model,live_snapshot_not_T60,pinnacle,091a82402e7593deb3d6eee0,0.425792012343204,0.425792012343204,134.8564489260459,-18.856448926045914,3,OK,120,draftkings,,False,False,5.5,closest_offered_consensus_to_50pct_no_interpolation,998375f0988c8504
ec24cebbe8e1c4974b122ccf,2026-09-06T21:09:03.371375+00:00,998375f0988c8504abc453f8e528b151e37d989f9b20732e403c4d606c50877e,3e646c7479c57f5d9752d8c7dfe7059b,1,2026-09-14T00:20:00Z,New York Giants,Dallas Cowboys,player_receptions,player_receptions,Malik Nabers,5.5,Over,5.5,pinnacle,116,2.16,0.425792012343204,1.108680912396311,2026-09-06T21:08:43Z,20.371375,conditional_non_push,,market_consensus_no_model,live_snapshot_not_T60,pinnacle,091a82402e7593deb3d6eee0,0.425792012343204,0.425792012343204,134.8564489260459,-18.856448926045914,3,OK,120,draftkings,,False,False,5.5,closest_offered_consensus_to_50pct_no_interpolation,998375f0988c8504
464f0ab4eb0cd1463d580ef2,2026-09-06T21:09:03.371375+00:00,998375f0988c8504abc453f8e528b151e37d989f9b20732e403c4d606c50877e,3e646c7479c57f5d9752d8c7dfe7059b,1,2026-09-14T00:20:00Z,New York Giants,Dallas Cowboys,player_receptions,player_receptions,Malik Nabers,5.5,Under,5.5,draftkings,-153,1.65359477124183,0.577333364463524,1.0922233079377737,2026-09-06T21:08:18Z,45.371375,conditional_non_push,,market_consensus_no_model,live_snapshot_not_T60,pinnacle,091a82402e7593deb3d6eee0,0.574207987656796,0.574207987656796,-134.85644892604594,-18.143551073954058,3,OK,-153,draftkings,,False,False,5.5,closest_offered_consensus_to_50pct_no_interpolation,998375f0988c8504
312c9748c2a6327a2f7ec40d,2026-09-06T21:09:03.371375+00:00,998375f0988c8504abc453f8e528b151e37d989f9b20732e403c4d606c50877e,3e646c7479c57f5d9752d8c7dfe7059b,1,2026-09-14T00:20:00Z,New York Giants,Dallas Cowboys,player_receptions,player_receptions,Malik Nabers,5.5,Under,5.5,fanduel,-154,1.6493506493506493,0.574207987656796,1.108680912396311,2026-09-06T21:08:22Z,41.371375,conditional_non_push,,market_consensus_no_model,live_snapshot_not_T60,pinnacle,091a82402e7593deb3d6eee0,0.574207987656796,0.574207987656796,-134.85644892604594,-19.143551073954058,3,OK,-153,draftkings,,False,False,5.5,closest_offered_consensus_to_50pct_no_interpolation,998375f0988c8504
998202e396d5e96356119711,2026-09-06T21:09:03.371375+00:00,998375f0988c8504abc453f8e528b151e37d989f9b20732e403c4d606c50877e,3e646c7479c57f5d9752d8c7dfe7059b,1,2026-09-14T00:20:00Z,New York Giants,Dallas Cowboys,player_receptions,player_receptions,Malik Nabers,5.5,Under,5.5,pinnacle,-154,1.6493506493506493,0.574207987656796,1.108680912396311,2026-09-06T21:08:43Z,20.371375,conditional_non_push,,market_consensus_no_model,live_snapshot_not_T60,pinnacle,091a82402e7593deb3d6eee0,0.574207987656796,0.574207987656796,-134.85644892604594,-19.143551073954058,3,OK,-153,draftkings,,False,False,5.5,closest_offered_consensus_to_50pct_no_interpolation,998375f0988c8504
9ead982c49c2878a09ffa612,2026-09-06T21:09:03.371375+00:00,998375f0988c8504abc453f8e528b151e37d989f9b20732e403c4d606c50877e,3e646c7479c57f5d9752d8c7dfe7059b,1,2026-09-14T00:20:00Z,New York Giants,Dallas Cowboys,player_receptions,player_receptions,Odell Beckham Jr.,1.5,Over,1.5,draftkings,164,2.6399999999999997,0.3458013283322441,1.0938544766895628,2026-09-06T21:08:18Z,45.371375,conditional_non_push,,market_consensus_no_model,live_snapshot_not_T60,pinnacle,3e15ad23ff542f0571868013,0.3458013283322441,0.3458013283322441,189.1833888617123,-25.183388861712302,1,FEWER_THAN_TWO_BOOKS,164,draftkings,,False,False,1.5,closest_offered_consensus_to_50pct_no_interpolation,998375f0988c8504
d1b09fd20209e5660418f002,2026-09-06T21:09:03.371375+00:00,998375f0988c8504abc453f8e528b151e37d989f9b20732e403c4d606c50877e,3e646c7479c57f5d9752d8c7dfe7059b,1,2026-09-14T00:20:00Z,New York Giants,Dallas Cowboys,player_receptions,player_receptions,Odell Beckham Jr.,1.5,Under,1.5,draftkings,-211,1.4739336492890995,0.6541986716677559,1.0938544766895628,2026-09-06T21:08:18Z,45.371375,conditional_non_push,,market_consensus_no_model,live_snapshot_not_T60,pinnacle,3e15ad23ff542f0571868013,0.6541986716677559,0.6541986716677559,-189.1833888617123,-21.816611138287698,1,FEWER_THAN_TWO_BOOKS,-211,draftkings,,False,False,1.5,closest_offered_consensus_to_50pct_no_interpolation,998375f0988c8504
e3ac94577c4c413b9a23cf07,2026-09-06T21:09:03.371375+00:00,998375f0988c8504abc453f8e528b151e37d989f9b20732e403c4d606c50877e,3e646c7479c57f5d9752d8c7dfe7059b,1,2026-09-14T00:20:00Z,New York Giants,Dallas Cowboys,player_rush_yds,player_rush_yds,Cam Skattebo,49.5,Over,49.5,draftkings,-109,1.9174311926605505,0.4931368083034301,1.0859960740703234,2026-09-06T21:08:18Z,45.371375,conditional_non_push,,market_consensus_no_model,live_snapshot_not_T60,pinnacle,4360df1dabd69b68b599f064,0.49320776856398546,0.49320776856398546,102.75430837425398,-11.75430837425398,2,OK,-109,draftkings,,False,False,51.5,closest_offered_consensus_to_50pct_no_interpolation,998375f0988c8504
114850c7ee8f0db7372cc93e,2026-09-06T21:09:03.371375+00:00,998375f0988c8504abc453f8e528b151e37d989f9b20732e403c4d606c50877e,3e646c7479c57f5d9752d8c7dfe7059b,1,2026-09-14T00:20:00Z,New York Giants,Dallas Cowboys,player_rush_yds,player_rush_yds,Cam Skattebo,49.5,Over,49.5,pinnacle,-112,1.8928571428571428,0.49327872882454105,1.10749857792724,2026-09-06T21:08:43Z,20.371375,conditional_non_push,,market_consensus_no_model,live_snapshot_not_T60,pinnacle,4360df1dabd69b68b599f064,0.49320776856398546,0.49320776856398546,102.75430837425398,-14.75430837425398,2,OK,-109,draftkings,,False,False,51.5,closest_offered_consensus_to_50pct_no_interpolation,998375f0988c8504
dc483e05c769a29fd77fa559,2026-09-06T21:09:03.371375+00:00,998375f0988c8504abc453f8e528b151e37d989f9b20732e403c4d606c50877e,3e646c7479c57f5d9752d8c7dfe7059b,1,2026-09-14T00:20:00Z,New York Giants,Dallas Cowboys,player_rush_yds,player_rush_yds,Cam Skattebo,49.5,Under,49.5,draftkings,-115,1.8695652173913042,0.50686319169657,1.0859960740703234,2026-09-06T21:08:18Z,45.371375,conditional_non_push,,market_consensus_no_model,live_snapshot_not_T60,pinnacle,4360df1dabd69b68b599f064,0.5067922314360145,0.5067922314360145,-102.75430837425397,-12.245691625746034,2,OK,-115,draftkings,,False,False,51.5,closest_offered_consensus_to_50pct_no_interpolation,998375f0988c8504
6b2b8379710ebd7be4818bc6,2026-09-06T21:09:03.371375+00:00,998375f0988c8504abc453f8e528b151e37d989f9b20732e403c4d606c50877e,3e646c7479c57f5d9752d8c7dfe7059b,1,2026-09-14T00:20:00Z,New York Giants,Dallas Cowboys,player_rush_yds,player_rush_yds,Cam Skattebo,49.5,Under,49.5,pinnacle,-118,1.847457627118644,0.5067212711754592,1.10749857792724,2026-09-06T21:08:43Z,20.371375,conditional_non_push,,market_consensus_no_model,live_snapshot_not_T60,pinnacle,4360df1dabd69b68b599f064,0.5067922314360145,0.5067922314360145,-102.75430837425397,-15.245691625746034,2,OK,-115,draftkings,,False,False,51.5,closest_offered_consensus_to_50pct_no_interpolation,998375f0988c8504
2c97d500c1aaaf7d8d695f1e,2026-09-06T21:09:03.371375+00:00,998375f0988c8504abc453f8e528b151e37d989f9b20732e403c4d606c50877e,3e646c7479c57f5d9752d8c7dfe7059b,1,2026-09-14T00:20:00Z,New York Giants,Dallas Cowboys,player_rush_yds,player_rush_yds,Cam Skattebo,51.5,Over,51.5,fanduel,-114,1.8771929824561404,0.5000000000000001,1.1006222153512897,2026-09-06T21:08:22Z,41.371375,conditional_non_push,,market_consensus_no_model,live_snapshot_not_T60,pinnacle,fb24817460cbb9e12fd6df02,0.5,0.5,-100.0,-14.0,1,FEWER_THAN_TWO_BOOKS,-114,fanduel,,False,False,51.5,closest_offered_consensus_to_50pct_no_interpolation,998375f0988c8504
183838213d13ffe6d6612ad5,2026-09-06T21:09:03.371375+00:00,998375f0988c8504abc453f8e528b151e37d989f9b20732e403c4d606c50877e,3e646c7479c57f5d9752d8c7dfe7059b,1,2026-09-14T00:20:00Z,New York Giants,Dallas Cowboys,player_rush_yds,player_rush_yds,Cam Skattebo,51.5,Under,51.5,fanduel,-114,1.8771929824561404,0.5000000000000001,1.1006222153512897,2026-09-06T21:08:22Z,41.371375,conditional_non_push,,market_consensus_no_model,live_snapshot_not_T60,pinnacle,fb24817460cbb9e12fd6df02,0.5,0.5,-100.0,-14.0,1,FEWER_THAN_TWO_BOOKS,-114,fanduel,,False,False,51.5,closest_offered_consensus_to_50pct_no_interpolation,998375f0988c8504
4e273063b7fa1613cb4b22bf,2026-09-06T21:09:03.371375+00:00,998375f0988c8504abc453f8e528b151e37d989f9b20732e403c4d606c50877e,3e646c7479c57f5d9752d8c7dfe7059b,1,2026-09-14T00:20:00Z,New York Giants,Dallas Cowboys,player_rush_yds,player_rush_yds,Dak Prescott,7.5,Over,7.5,draftkings,-114,1.8771929824561404,0.5045752067147218,1.0861586927879965,2026-09-06T21:08:18Z,45.371375,conditional_non_push,,market_consensus_no_model,live_snapshot_not_T60,pinnacle,b6d5e90c83afd8d21c654110,0.5,0.5,-100.0,-14.0,3,OK,-114,draftkings|fanduel|pinnacle,,False,False,7.5,closest_offered_consensus_to_50pct_no_interpolation,998375f0988c8504
9f117c7997c96d1d7a53c988,2026-09-06T21:09:03.371375+00:00,998375f0988c8504abc453f8e528b151e37d989f9b20732e403c4d606c50877e,3e646c7479c57f5d9752d8c7dfe7059b,1,2026-09-14T00:20:00Z,New York Giants,Dallas Cowboys,player_rush_yds,player_rush_yds,Dak Prescott,7.5,Over,7.5,fanduel,-114,1.8771929824561404,0.5000000000000001,1.1006222153512897,2026-09-06T21:08:22Z,41.371375,conditional_non_push,,market_consensus_no_model,live_snapshot_not_T60,pinnacle,b6d5e90c83afd8d21c654110,0.5,0.5,-100.0,-14.0,3,OK,-114,draftkings|fanduel|pinnacle,,False,False,7.5,closest_offered_consensus_to_50pct_no_interpolation,998375f0988c8504
b6cb751bbe0cc2305b2070a0,2026-09-06T21:09:03.371375+00:00,998375f0988c8504abc453f8e528b151e37d989f9b20732e403c4d606c50877e,3e646c7479c57f5d9752d8c7dfe7059b,1,2026-09-14T00:20:00Z,New York Giants,Dallas Cowboys,player_rush_yds,player_rush_yds,Dak Prescott,7.5,Over,7.5,pinnacle,-114,1.8771929824561404,0.5000000000000001,1.1006222153512897,2026-09-06T21:08:43Z,20.371375,conditional_non_push,,market_consensus_no_model,live_snapshot_not_T60,pinnacle,b6d5e90c83afd8d21c654110,0.5,0.5,-100.0,-14.0,3,OK,-114,draftkings|fanduel|pinnacle,,False,False,7.5,closest_offered_consensus_to_50pct_no_interpolation,998375f0988c8504
3bd98868bd0de629c95fc3e2,2026-09-06T21:09:03.371375+00:00,998375f0988c8504abc453f8e528b151e37d989f9b20732e403c4d606c50877e,3e646c7479c57f5d9752d8c7dfe7059b,1,2026-09-14T00:20:00Z,New York Giants,Dallas Cowboys,player_rush_yds,player_rush_yds,Dak Prescott,7.5,Under,7.5,draftkings,-110,1.9090909090909092,0.4954247932852784,1.0861586927879965,2026-09-06T21:08:18Z,45.371375,conditional_non_push,,market_consensus_no_model,live_snapshot_not_T60,pinnacle,b6d5e90c83afd8d21c654110,0.5,0.5,-100.0,-10.0,3,OK,-110,draftkings,,False,False,7.5,closest_offered_consensus_to_50pct_no_interpolation,998375f0988c8504
6e11f6e528ba00a2d6af5f55,2026-09-06T21:09:03.371375+00:00,998375f0988c8504abc453f8e528b151e37d989f9b20732e403c4d606c50877e,3e646c7479c57f5d9752d8c7dfe7059b,1,2026-09-14T00:20:00Z,New York Giants,Dallas Cowboys,player_rush_yds,player_rush_yds,Dak Prescott,7.5,Under,7.5,fanduel,-114,1.8771929824561404,0.5000000000000001,1.1006222153512897,2026-09-06T21:08:22Z,41.371375,conditional_non_push,,market_consensus_no_model,live_snapshot_not_T60,pinnacle,b6d5e90c83afd8d21c654110,0.5,0.5,-100.0,-14.0,3,OK,-110,draftkings,,False,False,7.5,closest_offered_consensus_to_50pct_no_interpolation,998375f0988c8504
778d43ac06cb74613c94b820,2026-09-06T21:09:03.371375+00:00,998375f0988c8504abc453f8e528b151e37d989f9b20732e403c4d606c50877e,3e646c7479c57f5d9752d8c7dfe7059b,1,2026-09-14T00:20:00Z,New York Giants,Dallas Cowboys,player_rush_yds,player_rush_yds,Dak Prescott,7.5,Under,7.5,pinnacle,-114,1.8771929824561404,0.5000000000000001,1.1006222153512897,2026-09-06T21:08:43Z,20.371375,conditional_non_push,,market_consensus_no_model,live_snapshot_not_T60,pinnacle,b6d5e90c83afd8d21c654110,0.5,0.5,-100.0,-14.0,3,OK,-110,draftkings,,False,False,7.5,closest_offered_consensus_to_50pct_no_interpolation,998375f0988c8504
22a66c40288442dcdac67fe3,2026-09-06T21:09:03.371375+00:00,998375f0988c8504abc453f8e528b151e37d989f9b20732e403c4d606c50877e,3e646c7479c57f5d9752d8c7dfe7059b,1,2026-09-14T00:20:00Z,New York Giants,Dallas Cowboys,player_rush_yds,player_rush_yds,Javonte Williams,73.5,Over,73.5,draftkings,-111,1.900900900900901,0.4977124729471299,1.0862562521695405,2026-09-06T21:08:18Z,45.371375,conditional_non_push,,market_consensus_no_model,live_snapshot_not_T60,pinnacle,91d4e9aeffcc471cf7a32d8b,0.5,0.5,-100.0,-11.0,3,OK,-111,draftkings,,False,False,73.5,closest_offered_consensus_to_50pct_no_interpolation,998375f0988c8504
5baafd4a5647c0f2771cf8f6,2026-09-06T21:09:03.371375+00:00,998375f0988c8504abc453f8e528b151e37d989f9b20732e403c4d606c50877e,3e646c7479c57f5d9752d8c7dfe7059b,1,2026-09-14T00:20:00Z,New York Giants,Dallas Cowboys,player_rush_yds,player_rush_yds,Javonte Williams,73.5,Over,73.5,fanduel,-114,1.8771929824561404,0.5000000000000001,1.1006222153512897,2026-09-06T21:08:22Z,41.371375,conditional_non_push,,market_consensus_no_model,live_snapshot_not_T60,pinnacle,91d4e9aeffcc471cf7a32d8b,0.5,0.5,-100.0,-14.0,3,OK,-111,draftkings,,False,False,73.5,closest_offered_consensus_to_50pct_no_interpolation,998375f0988c8504
c29bd1c54f4ed87a9c014c48,2026-09-06T21:09:03.371375+00:00,998375f0988c8504abc453f8e528b151e37d989f9b20732e403c4d606c50877e,3e646c7479c57f5d9752d8c7dfe7059b,1,2026-09-14T00:20:00Z,New York Giants,Dallas Cowboys,player_rush_yds,player_rush_yds,Javonte Williams,73.5,Over,73.5,pinnacle,-114,1.8771929824561404,0.5000000000000001,1.1006222153512897,2026-09-06T21:08:43Z,20.371375,conditional_non_push,,market_consensus_no_model,live_snapshot_not_T60,pinnacle,91d4e9aeffcc471cf7a32d8b,0.5,0.5,-100.0,-14.0,3,OK,-111,draftkings,,False,False,73.5,closest_offered_consensus_to_50pct_no_interpolation,998375f0988c8504
10cf9c8c6bcc519d4218e43c,2026-09-06T21:09:03.371375+00:00,998375f0988c8504abc453f8e528b151e37d989f9b20732e403c4d606c50877e,3e646c7479c57f5d9752d8c7dfe7059b,1,2026-09-14T00:20:00Z,New York Giants,Dallas Cowboys,player_rush_yds,player_rush_yds,Javonte Williams,73.5,Under,73.5,draftkings,-113,1.8849557522123894,0.5022875270528703,1.0862562521695405,2026-09-06T21:08:18Z,45.371375,conditional_non_push,,market_consensus_no_model,live_snapshot_not_T60,pinnacle,91d4e9aeffcc471cf7a32d8b,0.5,0.5,-100.0,-13.0,3,OK,-113,draftkings,,False,False,73.5,closest_offered_consensus_to_50pct_no_interpolation,998375f0988c8504
5317f32a514bc8fbcf074bad,2026-09-06T21:09:03.371375+00:00,998375f0988c8504abc453f8e528b151e37d989f9b20732e403c4d606c50877e,3e646c7479c57f5d9752d8c7dfe7059b,1,2026-09-14T00:20:00Z,New York Giants,Dallas Cowboys,player_rush_yds,player_rush_yds,Javonte Williams,73.5,Under,73.5,fanduel,-114,1.8771929824561404,0.5000000000000001,1.1006222153512897,2026-09-06T21:08:22Z,41.371375,conditional_non_push,,market_consensus_no_model,live_snapshot_not_T60,pinnacle,91d4e9aeffcc471cf7a32d8b,0.5,0.5,-100.0,-14.0,3,OK,-113,draftkings,,False,False,73.5,closest_offered_consensus_to_50pct_no_interpolation,998375f0988c8504
955e969e5e55e67fa2d70411,2026-09-06T21:09:03.371375+00:00,998375f0988c8504abc453f8e528b151e37d989f9b20732e403c4d606c50877e,3e646c7479c57f5d9752d8c7dfe7059b,1,2026-09-14T00:20:00Z,New York Giants,Dallas Cowboys,player_rush_yds,player_rush_yds,Javonte Williams,73.5,Under,73.5,pinnacle,-114,1.8771929824561404,0.5000000000000001,1.1006222153512897,2026-09-06T21:08:43Z,20.371375,conditional_non_push,,market_consensus_no_model,live_snapshot_not_T60,pinnacle,91d4e9aeffcc471cf7a32d8b,0.5,0.5,-100.0,-14.0,3,OK,-113,draftkings,,False,False,73.5,closest_offered_consensus_to_50pct_no_interpolation,998375f0988c8504
dee164c14c9c10998c7346be,2026-09-06T21:09:03.371375+00:00,998375f0988c8504abc453f8e528b151e37d989f9b20732e403c4d606c50877e,3e646c7479c57f5d9752d8c7dfe7059b,1,2026-09-14T00:20:00Z,New York Giants,Dallas Cowboys,player_rush_yds,player_rush_yds,Jaxson Dart,28.5,Over,28.5,fanduel,-114,1.8771929824561404,0.5000000000000001,1.1006222153512897,2026-09-06T21:08:22Z,41.371375,conditional_non_push,,market_consensus_no_model,live_snapshot_not_T60,pinnacle,ba8d133828d17a84c77acac5,0.5,0.5,-100.0,-14.0,2,OK,-114,fanduel|pinnacle,,False,False,28.5,closest_offered_consensus_to_50pct_no_interpolation,998375f0988c8504
a201d17d84eda4b8e68f4493,2026-09-06T21:09:03.371375+00:00,998375f0988c8504abc453f8e528b151e37d989f9b20732e403c4d606c50877e,3e646c7479c57f5d9752d8c7dfe7059b,1,2026-09-14T00:20:00Z,New York Giants,Dallas Cowboys,player_rush_yds,player_rush_yds,Jaxson Dart,28.5,Over,28.5,pinnacle,-114,1.8771929824561404,0.5000000000000001,1.1006222153512897,2026-09-06T21:08:43Z,20.371375,conditional_non_push,,market_consensus_no_model,live_snapshot_not_T60,pinnacle,ba8d133828d17a84c77acac5,0.5,0.5,-100.0,-14.0,2,OK,-114,fanduel|pinnacle,,False,False,28.5,closest_offered_consensus_to_50pct_no_interpolation,998375f0988c8504
bcaa6defe33f40b492f4eb9d,2026-09-06T21:09:03.371375+00:00,998375f0988c8504abc453f8e528b151e37d989f9b20732e403c4d606c50877e,3e646c7479c57f5d9752d8c7dfe7059b,1,2026-09-14T00:20:00Z,New York Giants,Dallas Cowboys,player_rush_yds,player_rush_yds,Jaxson Dart,28.5,Under,28.5,fanduel,-114,1.8771929824561404,0.5000000000000001,1.1006222153512897,2026-09-06T21:08:22Z,41.371375,conditional_non_push,,market_consensus_no_model,live_snapshot_not_T60,pinnacle,ba8d133828d17a84c77acac5,0.5,0.5,-100.0,-14.0,2,OK,-114,fanduel|pinnacle,,False,False,28.5,closest_offered_consensus_to_50pct_no_interpolation,998375f0988c8504
ccba55c02390122fe0ed67e2,2026-09-06T21:09:03.371375+00:00,998375f0988c8504abc453f8e528b151e37d989f9b20732e403c4d606c50877e,3e646c7479c57f5d9752d8c7dfe7059b,1,2026-09-14T00:20:00Z,New York Giants,Dallas Cowboys,player_rush_yds,player_rush_yds,Jaxson Dart,28.5,Under,28.5,pinnacle,-114,1.8771929824561404,0.5000000000000001,1.1006222153512897,2026-09-06T21:08:43Z,20.371375,conditional_non_push,,market_consensus_no_model,live_snapshot_not_T60,pinnacle,ba8d133828d17a84c77acac5,0.5,0.5,-100.0,-14.0,2,OK,-114,fanduel|pinnacle,,False,False,28.5,closest_offered_consensus_to_50pct_no_interpolation,998375f0988c8504
1b0f52b90c2e40d176403c08,2026-09-06T21:09:03.371375+00:00,998375f0988c8504abc453f8e528b151e37d989f9b20732e403c4d606c50877e,3e646c7479c57f5d9752d8c7dfe7059b,1,2026-09-14T00:20:00Z,New York Giants,Dallas Cowboys,player_rush_yds,player_rush_yds,Jaxson Dart,31.5,Over,31.5,draftkings,-114,1.8771929824561404,0.5045752067147218,1.0861586927879965,2026-09-06T21:08:18Z,45.371375,conditional_non_push,,market_consensus_no_model,live_snapshot_not_T60,pinnacle,8c0ba5f5635c05dd5f741cf3,0.5045752067147217,0.5045752067147217,-101.84698334711204,-12.153016652887956,1,FEWER_THAN_TWO_BOOKS,-114,draftkings,,False,False,28.5,closest_offered_consensus_to_50pct_no_interpolation,998375f0988c8504
3017dde843bac5d59d11920a,2026-09-06T21:09:03.371375+00:00,998375f0988c8504abc453f8e528b151e37d989f9b20732e403c4d606c50877e,3e646c7479c57f5d9752d8c7dfe7059b,1,2026-09-14T00:20:00Z,New York Giants,Dallas Cowboys,player_rush_yds,player_rush_yds,Jaxson Dart,31.5,Under,31.5,draftkings,-110,1.9090909090909092,0.4954247932852784,1.0861586927879965,2026-09-06T21:08:18Z,45.371375,conditional_non_push,,market_consensus_no_model,live_snapshot_not_T60,pinnacle,8c0ba5f5635c05dd5f741cf3,0.4954247932852783,0.4954247932852783,101.84698334711209,-11.846983347112086,1,FEWER_THAN_TWO_BOOKS,-110,draftkings,,False,False,28.5,closest_offered_consensus_to_50pct_no_interpolation,998375f0988c8504
3ef3dbaa3fc06e9bf83092ac,2026-09-06T21:09:03.371375+00:00,998375f0988c8504abc453f8e528b151e37d989f9b20732e403c4d606c50877e,3e646c7479c57f5d9752d8c7dfe7059b,1,2026-09-14T00:20:00Z,New York Giants,Dallas Cowboys,spreads,alternate_spreads,,1.0,Dallas Cowboys,-1.0,pinnacle,-149,1.6711409395973154,0.5813175435836195,1.056380063726897,2026-09-06T21:08:57Z,6.371375,conditional_non_push,,market_consensus_no_model,live_snapshot_not_T60,pinnacle,ac1422205d5e9bcc140d1cee,0.5813175435836194,0.5813175435836194,-138.8444953149644,-10.155504685035595,1,FEWER_THAN_TWO_BOOKS,-149,pinnacle,,False,False,-3.0,closest_offered_consensus_to_50pct_no_interpolation,998375f0988c8504
0ce47483379a11e14f8c7bdb,2026-09-06T21:09:03.371375+00:00,998375f0988c8504abc453f8e528b151e37d989f9b20732e403c4d606c50877e,3e646c7479c57f5d9752d8c7dfe7059b,1,2026-09-14T00:20:00Z,New York Giants,Dallas Cowboys,spreads,alternate_spreads,,1.5,Dallas Cowboys,-1.5,draftkings,-134,1.7462686567164178,0.5376785385800192,1.11303175942682,2026-09-06T21:08:18Z,45.371375,conditional_non_push,,market_consensus_no_model,live_snapshot_not_T60,pinnacle,655be79bdaae9c5506ca4c60,0.5675102301031204,0.5675102301031204,-131.219341960027,-2.780658039972991,3,OK,-134,draftkings,,False,False,-3.0,closest_offered_consensus_to_50pct_no_interpolation,998375f0988c8504
97e7428556d78802e620d54a,2026-09-06T21:09:03.371375+00:00,998375f0988c8504abc453f8e528b151e37d989f9b20732e403c4d606c50877e,3e646c7479c57f5d9752d8c7dfe7059b,1,2026-09-14T00:20:00Z,New York Giants,Dallas Cowboys,spreads,alternate_spreads,,1.5,Dallas Cowboys,-1.5,fanduel,-148,1.6756756756756757,0.5689108286241753,1.0926260653099011,2026-09-06T21:08:22Z,41.371375,conditional_non_push,,market_consensus_no_model,live_snapshot_not_T60,pinnacle,655be79bdaae9c5506ca4c60,0.5675102301031204,0.5675102301031204,-131.219341960027,-16.78065803997299,3,OK,-134,draftkings,,False,False,-3.0,closest_offered_consensus_to_50pct_no_interpolation,998375f0988c8504
3c48acae0b42ed5835b056aa,2026-09-06T21:09:03.371375+00:00,998375f0988c8504abc453f8e528b151e37d989f9b20732e403c4d606c50877e,3e646c7479c57f5d9752d8c7dfe7059b,1,2026-09-14T00:20:00Z,New York Giants,Dallas Cowboys,spreads,alternate_spreads,,1.5,Dallas Cowboys,-1.5,pinnacle,-140,1.7142857142857144,0.5675102301031205,1.0510207439298012,2026-09-06T21:08:57Z,6.371375,conditional_non_push,,market_consensus_no_model,live_snapshot_not_T60,pinnacle,655be79bdaae9c5506ca4c60,0.5675102301031204,0.5675102301031204,-131.219341960027,-8.780658039972991,3,OK,-134,draftkings,,False,False,-3.0,closest_offered_consensus_to_50pct_no_interpolation,998375f0988c8504
6de1bf8c3c4465d6e1a977aa,2026-09-06T21:09:03.371375+00:00,998375f0988c8504abc453f8e528b151e37d989f9b20732e403c4d606c50877e,3e646c7479c57f5d9752d8c7dfe7059b,1,2026-09-14T00:20:00Z,New York Giants,Dallas Cowboys,spreads,alternate_spreads,,-1.5,New York Giants,-1.5,draftkings,128,2.2800000000000002,0.39957653069922067,1.1130518068031252,2026-09-06T21:08:18Z,45.371375,conditional_non_push,,market_consensus_no_model,live_snapshot_not_T60,pinnacle,277bfe2130e2c0c22d073fbe,0.3878233443523084,0.3878233443523084,157.84935707520867,-29.849357075208673,2,OK,144,fanduel,,False,False,3.0,closest_offered_consensus_to_50pct_no_interpolation,998375f0988c8504
d43410adde5a1c445d3c3406,2026-09-06T21:09:03.371375+00:00,998375f0988c8504abc453f8e528b151e37d989f9b20732e403c4d606c50877e,3e646c7479c57f5d9752d8c7dfe7059b,1,2026-09-14T00:20:00Z,New York Giants,Dallas Cowboys,spreads,alternate_spreads,,-1.5,New York Giants,-1.5,fanduel,144,2.44,0.3760701580053965,1.0963920540902317,2026-09-06T21:08:22Z,41.371375,conditional_non_push,,market_consensus_no_model,live_snapshot_not_T60,pinnacle,277bfe2130e2c0c22d073fbe,0.3878233443523084,0.3878233443523084,157.84935707520867,-13.849357075208673,2,OK,144,fanduel,,False,False,3.0,closest_offered_consensus_to_50pct_no_interpolation,998375f0988c8504
2222766d004624c53686c9ad,2026-09-06T21:09:03.371375+00:00,998375f0988c8504abc453f8e528b151e37d989f9b20732e403c4d606c50877e,3e646c7479c57f5d9752d8c7dfe7059b,1,2026-09-14T00:20:00Z,New York Giants,Dallas Cowboys,spreads,alternate_spreads,,10.5,Dallas Cowboys,-10.5,draftkings,261,3.61,0.2323240746187906,1.1370360452152184,2026-09-06T21:08:18Z,45.371375,conditional_non_push,,market_consensus_no_model,live_snapshot_not_T60,pinnacle,fb0e4ca6b315a5c1a89ebf39,0.21550773266853177,0.21550773266853177,364.0204727772254,-103.0204727772254,2,OK,320,fanduel,,False,False,-3.0,closest_offered_consensus_to_50pct_no_interpolation,998375f0988c8504
bf1bb721302892e3fc47d274,2026-09-06T21:09:03.371375+00:00,998375f0988c8504abc453f8e528b151e37d989f9b20732e403c4d606c50877e,3e646c7479c57f5d9752d8c7dfe7059b,1,2026-09-14T00:20:00Z,New York Giants,Dallas Cowboys,spreads,alternate_spreads,,10.5,Dallas Cowboys,-10.5,fanduel,320,4.2,0.19869139071827305,1.1260677889883568,2026-09-06T21:08:22Z,41.371375,conditional_non_push,,market_consensus_no_model,live_snapshot_not_T60,pinnacle,fb0e4ca6b315a5c1a89ebf39,0.21550773266853177,0.21550773266853177,364.0204727772254,-44.02047277722539,2,OK,320,fanduel,,False,False,-3.0,closest_offered_consensus_to_50pct_no_interpolation,998375f0988c8504
e0f03d5fa415fe656d424dc3,2026-09-06T21:09:03.371375+00:00,998375f0988c8504abc453f8e528b151e37d989f9b20732e403c4d606c50877e,3e646c7479c57f5d9752d8c7dfe7059b,1,2026-09-14T00:20:00Z,New York Giants,Dallas Cowboys,spreads,alternate_spreads,,-10.5,New York Giants,-10.5,draftkings,439,5.39,0.13507215710384937,1.1884192401054432,2026-09-06T21:08:18Z,45.371375,conditional_non_push,,market_consensus_no_model,live_snapshot_not_T60,pinnacle,3baef93d1f5970c2b9a90c1c,0.1167671018492038,0.1167671018492038,756.4056006900189,-317.4056006900189,2,OK,600,fanduel,,False,False,3.0,closest_offered_consensus_to_50pct_no_interpolation,998375f0988c8504
ad9e05b672f6bcb038320b0f,2026-09-06T21:09:03.371375+00:00,998375f0988c8504abc453f8e528b151e37d989f9b20732e403c4d606c50877e,3e646c7479c57f5d9752d8c7dfe7059b,1,2026-09-14T00:20:00Z,New York Giants,Dallas Cowboys,spreads,alternate_spreads,,-10.5,New York Giants,-10.5,fanduel,600,7.0,0.09846204659455823,1.191259586133878,2026-09-06T21:08:22Z,41.371375,conditional_non_push,,market_consensus_no_model,live_snapshot_not_T60,pinnacle,3baef93d1f5970c2b9a90c1c,0.1167671018492038,0.1167671018492038,756.4056006900189,-156.4056006900189,2,OK,600,fanduel,,False,False,3.0,closest_offered_consensus_to_50pct_no_interpolation,998375f0988c8504
4112829f1084d7d53fbaf097,2026-09-06T21:09:03.371375+00:00,998375f0988c8504abc453f8e528b151e37d989f9b20732e403c4d606c50877e,3e646c7479c57f5d9752d8c7dfe7059b,1,2026-09-14T00:20:00Z,New York Giants,Dallas Cowboys,spreads,alternate_spreads,,11.5,Dallas Cowboys,-11.5,draftkings,288,3.88,0.2119791628913462,1.1441415228318395,2026-09-06T21:08:18Z,45.371375,conditional_non_push,,market_consensus_no_model,live_snapshot_not_T60,pinnacle,eea0eeb07ff2db455ad040b8,0.19930388682595945,0.19930388682595945,401.7463612605017,-113.74636126050171,2,OK,340,fanduel,,False,False,-3.0,closest_offered_consensus_to_50pct_no_interpolation,998375f0988c8504
cff729617f1475ee0e20855f,2026-09-06T21:09:03.371375+00:00,998375f0988c8504abc453f8e528b151e37d989f9b20732e403c4d606c50877e,3e646c7479c57f5d9752d8c7dfe7059b,1,2026-09-14T00:20:00Z,New York Giants,Dallas Cowboys,spreads,alternate_spreads,,11.5,Dallas Cowboys,-11.5,fanduel,340,4.4,0.18662861076057272,1.1329842945702202,2026-09-06T21:08:22Z,41.371375,conditional_non_push,,market_consensus_no_model,live_snapshot_not_T60,pinnacle,eea0eeb07ff2db455ad040b8,0.19930388682595945,0.19930388682595945,401.7463612605017,-61.746361260501715,2,OK,340,fanduel,,False,False,-3.0,closest_offered_consensus_to_50pct_no_interpolation,998375f0988c8504
babd56a7660c7372566f49f3,2026-09-06T21:09:03.371375+00:00,998375f0988c8504abc453f8e528b151e37d989f9b20732e403c4d606c50877e,3e646c7479c57f5d9752d8c7dfe7059b,1,2026-09-14T00:20:00Z,New York Giants,Dallas Cowboys,spreads,alternate_spreads,,-11.5,New York Giants,-11.5,draftkings,480,5.8,0.12120789140685966,1.200465678015186,2026-09-06T21:08:18Z,45.371375,conditional_non_push,,market_consensus_no_model,live_snapshot_not_T60,pinnacle,b954966fb3ba94413b58965e,0.10646142688000348,0.10646142688000348,839.3073428624398,-359.3073428624398,2,OK,630,fanduel,,False,False,3.0,closest_offered_consensus_to_50pct_no_interpolation,998375f0988c8504
35ccc1482f9705a0ef1aea5b,2026-09-06T21:09:03.371375+00:00,998375f0988c8504abc453f8e528b151e37d989f9b20732e403c4d606c50877e,3e646c7479c57f5d9752d8c7dfe7059b,1,2026-09-14T00:20:00Z,New York Giants,Dallas Cowboys,spreads,alternate_spreads,,-11.5,New York Giants,-11.5,fanduel,630,7.3,0.09171496235314733,1.2018213067191894,2026-09-06T21:08:22Z,41.371375,conditional_non_push,,market_consensus_no_model,live_snapshot_not_T60,pinnacle,b954966fb3ba94413b58965e,0.10646142688000348,0.10646142688000348,839.3073428624398,-209.30734286243978,2,OK,630,fanduel,,False,False,3.0,closest_offered_consensus_to_50pct_no_interpolation,998375f0988c8504
6bd53c97cc00837aa8beef55,2026-09-06T21:09:03.371375+00:00,998375f0988c8504abc453f8e528b151e37d989f9b20732e403c4d606c50877e,3e646c7479c57f5d9752d8c7dfe7059b,1,2026-09-14T00:20:00Z,New York Giants,Dallas Cowboys,spreads,alternate_spreads,,12.5,Dallas Cowboys,-12.5,draftkings,313,4.13,0.19563030380464402,1.1503593006089226,2026-09-06T21:08:18Z,45.371375,conditional_non_push,,market_consensus_no_model,live_snapshot_not_T60,pinnacle,a565efde0e5e47f0ae3794b4,0.18667230527801515,0.18667230527801515,435.6981039638837,-122.69810396388368,2,OK,360,fanduel,,False,False,-3.0,closest_offered_consensus_to_50pct_no_interpolation,998375f0988c8504
83a3ac32de480dcfdd4a07b1,2026-09-06T21:09:03.371375+00:00,998375f0988c8504abc453f8e528b151e37d989f9b20732e403c4d606c50877e,3e646c7479c57f5d9752d8c7dfe7059b,1,2026-09-14T00:20:00Z,New York Giants,Dallas Cowboys,spreads,alternate_spreads,,12.5,Dallas Cowboys,-12.5,fanduel,360,4.6,0.17771430675138628,1.132053930386304,2026-09-06T21:08:22Z,41.371375,conditional_non_push,,market_consensus_no_model,live_snapshot_not_T60,pinnacle,a565efde0e5e47f0ae3794b4,0.18667230527801515,0.18667230527801515,435.6981039638837,-75.69810396388368,2,OK,360,fanduel,,False,False,-3.0,closest_offered_consensus_to_50pct_no_interpolation,998375f0988c8504
7a525498403d674686b622a9,2026-09-06T21:09:03.371375+00:00,998375f0988c8504abc453f8e528b151e37d989f9b20732e403c4d606c50877e,3e646c7479c57f5d9752d8c7dfe7059b,1,2026-09-14T00:20:00Z,New York Giants,Dallas Cowboys,spreads,alternate_spreads,,-12.5,New York Giants,-12.5,draftkings,518,6.18,0.11005359412413926,1.21164315271022,2026-09-06T21:08:18Z,45.371375,conditional_non_push,,market_consensus_no_model,live_snapshot_not_T60,pinnacle,39d7146a3cc48ea4c8ed4303,0.09516616685191247,0.09516616685191247,950.7936098299455,-432.79360982994547,2,OK,700,fanduel,,False,False,3.0,closest_offered_consensus_to_50pct_no_interpolation,998375f0988c8504
cf452db6500d4086c833c23d,2026-09-06T21:09:03.371375+00:00,998375f0988c8504abc453f8e528b151e37d989f9b20732e403c4d606c50877e,3e646c7479c57f5d9752d8c7dfe7059b,1,2026-09-14T00:20:00Z,New York Giants,Dallas Cowboys,spreads,alternate_spreads,,-12.5,New York Giants,-12.5,fanduel,700,8.0,0.08027873957968568,1.2129460746670326,2026-09-06T21:08:22Z,41.371375,conditional_non_push,,market_consensus_no_model,live_snapshot_not_T60,pinnacle,39d7146a3cc48ea4c8ed4303,0.09516616685191247,0.09516616685191247,950.7936098299455,-250.79360982994547,2,OK,700,fanduel,,False,False,3.0,closest_offered_consensus_to_50pct_no_interpolation,998375f0988c8504
9cf2003527085be58cc8e846,2026-09-06T21:09:03.371375+00:00,998375f0988c8504abc453f8e528b151e37d989f9b20732e403c4d606c50877e,3e646c7479c57f5d9752d8c7dfe7059b,1,2026-09-14T00:20:00Z,New York Giants,Dallas Cowboys,spreads,alternate_spreads,,13.5,Dallas Cowboys,-13.5,draftkings,342,4.42,0.17906282625551234,1.1573733980595566,2026-09-06T21:08:18Z,45.371375,conditional_non_push,,market_consensus_no_model,live_snapshot_not_T60,pinnacle,9d15872fb79bb0d76d226b4d,0.16837861889049663,0.16837861889049663,493.8996332131339,-151.89963321313388,2,OK,400,fanduel,,False,False,-3.0,closest_offered_consensus_to_50pct_no_interpolation,998375f0988c8504
e91d785e9dc91278d3fad5fd,2026-09-06T21:09:03.371375+00:00,998375f0988c8504abc453f8e528b151e37d989f9b20732e403c4d606c50877e,3e646c7479c57f5d9752d8c7dfe7059b,1,2026-09-14T00:20:00Z,New York Giants,Dallas Cowboys,spreads,alternate_spreads,,13.5,Dallas Cowboys,-13.5,fanduel,400,5.0,0.15769441152548092,1.1476654108548892,2026-09-06T21:08:22Z,41.371375,conditional_non_push,,market_consensus_no_model,live_snapshot_not_T60,pinnacle,9d15872fb79bb0d76d226b4d,0.16837861889049663,0.16837861889049663,493.8996332131339,-93.89963321313388,2,OK,400,fanduel,,False,False,-3.0,closest_offered_consensus_to_50pct_no_interpolation,998375f0988c8504
98df4fc46609f7137946ea12,2026-09-06T21:09:03.371375+00:00,998375f0988c8504abc453f8e528b151e37d989f9b20732e403c4d606c50877e,3e646c7479c57f5d9752d8c7dfe7059b,1,2026-09-14T00:20:00Z,New York Giants,Dallas Cowboys,spreads,alternate_spreads,,-13.5,New York Giants,-13.5,draftkings,567,6.67,0.09785999964180628,1.224806635861297,2026-09-06T21:08:18Z,45.371375,conditional_non_push,,market_consensus_no_model,live_snapshot_not_T60,pinnacle,a97accf6c772837f1f6bece0,0.08144774192240986,0.08144774192240986,1127.7811224682412,-560.7811224682412,2,OK,800,fanduel,,False,False,3.0,closest_offered_consensus_to_50pct_no_interpolation,998375f0988c8504
7dcd34a16f89c511e3be61e5,2026-09-06T21:09:03.371375+00:00,998375f0988c8504abc453f8e528b151e37d989f9b20732e403c4d606c50877e,3e646c7479c57f5d9752d8c7dfe7059b,1,2026-09-14T00:20:00Z,New York Giants,Dallas Cowboys,spreads,alternate_spreads,,-13.5,New York Giants,-13.5,fanduel,800,9.0,0.06503548420301344,1.2437610044118093,2026-09-06T21:08:22Z,41.371375,conditional_non_push,,market_consensus_no_model,live_snapshot_not_T60,pinnacle,a97accf6c772837f1f6bece0,0.08144774192240986,0.08144774192240986,1127.7811224682412,-327.78112246824116,2,OK,800,fanduel,,False,False,3.0,closest_offered_consensus_to_50pct_no_interpolation,998375f0988c8504
8048c4883bfc21881e8c44d8,2026-09-06T21:09:03.371375+00:00,998375f0988c8504abc453f8e528b151e37d989f9b20732e403c4d606c50877e,3e646c7479c57f5d9752d8c7dfe7059b,1,2026-09-14T00:20:00Z,New York Giants,Dallas Cowboys,spreads,alternate_spreads,,14.5,Dallas Cowboys,-14.5,draftkings,402,5.02,0.14931563285053362,1.178664677377034,2026-09-06T21:08:18Z,45.371375,conditional_non_push,,market_consensus_no_model,live_snapshot_not_T60,pinnacle,cd5879833ecda94c8f04b5e0,0.13889002188926514,0.13889002188926514,619.9941265739626,-217.9941265739626,2,OK,480,fanduel,,False,False,-3.0,closest_offered_consensus_to_50pct_no_interpolation,998375f0988c8504
d8683244b2ef25264b75fdd8,2026-09-06T21:09:03.371375+00:00,998375f0988c8504abc453f8e528b151e37d989f9b20732e403c4d606c50877e,3e646c7479c57f5d9752d8c7dfe7059b,1,2026-09-14T00:20:00Z,New York Giants,Dallas Cowboys,spreads,alternate_spreads,,14.5,Dallas Cowboys,-14.5,fanduel,480,5.8,0.12846441092799663,1.167388644028101,2026-09-06T21:08:22Z,41.371375,conditional_non_push,,market_consensus_no_model,live_snapshot_not_T60,pinnacle,cd5879833ecda94c8f04b5e0,0.13889002188926514,0.13889002188926514,619.9941265739626,-139.9941265739626,2,OK,480,fanduel,,False,False,-3.0,closest_offered_consensus_to_50pct_no_interpolation,998375f0988c8504
5e85b18da577048b7692b808,2026-09-06T21:09:03.371375+00:00,998375f0988c8504abc453f8e528b151e37d989f9b20732e403c4d606c50877e,3e646c7479c57f5d9752d8c7dfe7059b,1,2026-09-14T00:20:00Z,New York Giants,Dallas Cowboys,spreads,alternate_spreads,,-14.5,New York Giants,-14.5,draftkings,660,7.6,0.0772833195661089,1.2623717908050192,2026-09-06T21:08:18Z,45.371375,conditional_non_push,,market_consensus_no_model,live_snapshot_not_T60,pinnacle,95962fe0b004a6e412e3d555,0.06354625095235239,0.06354625095235239,1473.6569585353036,-813.6569585353036,2,OK,900,fanduel,,False,False,3.0,closest_offered_consensus_to_50pct_no_interpolation,998375f0988c8504
55f3dbfb7f62468caf2e992b,2026-09-06T21:09:03.371375+00:00,998375f0988c8504abc453f8e528b151e37d989f9b20732e403c4d606c50877e,3e646c7479c57f5d9752d8c7dfe7059b,1,2026-09-14T00:20:00Z,New York Giants,Dallas Cowboys,spreads,alternate_spreads,,-14.5,New York Giants,-14.5,fanduel,900,10.0,0.0498091823385959,1.302690587533839,2026-09-06T21:08:22Z,41.371375,conditional_non_push,,market_consensus_no_model,live_snapshot_not_T60,pinnacle,95962fe0b004a6e412e3d555,0.06354625095235239,0.06354625095235239,1473.6569585353036,-573.6569585353036,2,OK,900,fanduel,,False,False,3.0,closest_offered_consensus_to_50pct_no_interpolation,998375f0988c8504
98c330f38a116cc0256ff40e,2026-09-06T21:09:03.371375+00:00,998375f0988c8504abc453f8e528b151e37d989f9b20732e403c4d606c50877e,3e646c7479c57f5d9752d8c7dfe7059b,1,2026-09-14T00:20:00Z,New York Giants,Dallas Cowboys,spreads,alternate_spreads,,15.5,Dallas Cowboys,-15.5,draftkings,433,5.33,0.13778696517483052,1.184477276498348,2026-09-06T21:08:18Z,45.371375,conditional_non_push,,market_consensus_no_model,live_snapshot_not_T60,pinnacle,50d9d041d3dd131e7be5281f,0.12723018204014924,0.12723018204014924,685.9770252348112,-252.9770252348112,2,OK,520,fanduel,,False,False,-3.0,closest_offered_consensus_to_50pct_no_interpolation,998375f0988c8504
d16a8fed74b68507c082a708,2026-09-06T21:09:03.371375+00:00,998375f0988c8504abc453f8e528b151e37d989f9b20732e403c4d606c50877e,3e646c7479c57f5d9752d8c7dfe7059b,1,2026-09-14T00:20:00Z,New York Giants,Dallas Cowboys,spreads,alternate_spreads,,15.5,Dallas Cowboys,-15.5,fanduel,520,6.2,0.11667339890546793,1.1774835129351686,2026-09-06T21:08:22Z,41.371375,conditional_non_push,,market_consensus_no_model,live_snapshot_not_T60,pinnacle,50d9d041d3dd131e7be5281f,0.12723018204014924,0.12723018204014924,685.9770252348112,-165.9770252348112,2,OK,520,fanduel,,False,False,-3.0,closest_offered_consensus_to_50pct_no_interpolation,998375f0988c8504
b10f9243481ab95b4595f16a,2026-09-06T21:09:03.371375+00:00,998375f0988c8504abc453f8e528b151e37d989f9b20732e403c4d606c50877e,3e646c7479c57f5d9752d8c7dfe7059b,1,2026-09-14T00:20:00Z,New York Giants,Dallas Cowboys,spreads,alternate_spreads,,-15.5,New York Giants,-15.5,draftkings,710,8.1,0.06840767321309196,1.2822392851930586,2026-09-06T21:08:18Z,45.371375,conditional_non_push,,market_consensus_no_model,live_snapshot_not_T60,pinnacle,c6ffbbfd483af8330b367cb1,0.05536518961879536,0.05536518961879536,1706.1890637154438,-996.1890637154438,2,OK,1000,fanduel,,False,False,3.0,closest_offered_consensus_to_50pct_no_interpolation,998375f0988c8504
491e359f6eb3e07f135ff2e5,2026-09-06T21:09:03.371375+00:00,998375f0988c8504abc453f8e528b151e37d989f9b20732e403c4d606c50877e,3e646c7479c57f5d9752d8c7dfe7059b,1,2026-09-14T00:20:00Z,New York Giants,Dallas Cowboys,spreads,alternate_spreads,,-15.5,New York Giants,-15.5,fanduel,1000,11.0,0.04232270602449879,1.3188363926369235,2026-09-06T21:08:22Z,41.371375,conditional_non_push,,market_consensus_no_model,live_snapshot_not_T60,pinnacle,c6ffbbfd483af8330b367cb1,0.05536518961879536,0.05536518961879536,1706.1890637154438,-706.1890637154438,2,OK,1000,fanduel,,False,False,3.0,closest_offered_consensus_to_50pct_no_interpolation,998375f0988c8504
3dfb65bee7a604c9e4965aff,2026-09-06T21:09:03.371375+00:00,998375f0988c8504abc453f8e528b151e37d989f9b20732e403c4d606c50877e,3e646c7479c57f5d9752d8c7dfe7059b,1,2026-09-14T00:20:00Z,New York Giants,Dallas Cowboys,spreads,alternate_spreads,,16.5,Dallas Cowboys,-16.5,draftkings,472,5.72,0.12444963961745133,1.1948918693569177,2026-09-06T21:08:18Z,45.371375,conditional_non_push,,market_consensus_no_model,live_snapshot_not_T60,pinnacle,5eec1173d38547cca029db6e,0.11563395954637126,0.11563395954637126,764.7978534359384,-292.79785343593835,2,OK,560,fanduel,,False,False,-3.0,closest_offered_consensus_to_50pct_no_interpolation,998375f0988c8504
edc38c6bcc7791c595de5704,2026-09-06T21:09:03.371375+00:00,998375f0988c8504abc453f8e528b151e37d989f9b20732e403c4d606c50877e,3e646c7479c57f5d9752d8c7dfe7059b,1,2026-09-14T00:20:00Z,New York Giants,Dallas Cowboys,spreads,alternate_spreads,,16.5,Dallas Cowboys,-16.5,fanduel,560,6.6,0.10681827947529124,1.1852377638063105,2026-09-06T21:08:22Z,41.371375,conditional_non_push,,market_consensus_no_model,live_snapshot_not_T60,pinnacle,5eec1173d38547cca029db6e,0.11563395954637126,0.11563395954637126,764.7978534359384,-204.79785343593835,2,OK,560,fanduel,,False,False,-3.0,closest_offered_consensus_to_50pct_no_interpolation,998375f0988c8504
f471c562a6a9bce7a52068d2,2026-09-06T21:09:03.371375+00:00,998375f0988c8504abc453f8e528b151e37d989f9b20732e403c4d606c50877e,3e646c7479c57f5d9752d8c7dfe7059b,1,2026-09-14T00:20:00Z,New York Giants,Dallas Cowboys,spreads,alternate_spreads,,-16.5,New York Giants,-16.5,draftkings,770,8.7,0.059034165207327655,1.3080057383010963,2026-09-06T21:08:18Z,45.371375,conditional_non_push,,market_consensus_no_model,live_snapshot_not_T60,pinnacle,7c2032e9498a50a4fe784633,0.048087777081533,0.048087777081533,1979.530518336284,-1209.530518336284,2,OK,1060,fanduel,,False,False,3.0,closest_offered_consensus_to_50pct_no_interpolation,998375f0988c8504
8509d615c0eff43274e541df,2026-09-06T21:09:03.371375+00:00,998375f0988c8504abc453f8e528b151e37d989f9b20732e403c4d606c50877e,3e646c7479c57f5d9752d8c7dfe7059b,1,2026-09-14T00:20:00Z,New York Giants,Dallas Cowboys,spreads,alternate_spreads,,-16.5,New York Giants,-16.5,fanduel,1060,11.6,0.037141388955738375,1.3435399740514984,2026-09-06T21:08:22Z,41.371375,conditional_non_push,,market_consensus_no_model,live_snapshot_not_T60,pinnacle,7c2032e9498a50a4fe784633,0.048087777081533,0.048087777081533,1979.530518336284,-919.5305183362841,2,OK,1060,fanduel,,False,False,3.0,closest_offered_consensus_to_50pct_no_interpolation,998375f0988c8504
09b99ff6cd3d2e46815c02b8,2026-09-06T21:09:03.371375+00:00,998375f0988c8504abc453f8e528b151e37d989f9b20732e403c4d606c50877e,3e646c7479c57f5d9752d8c7dfe7059b,1,2026-09-14T00:20:00Z,New York Giants,Dallas Cowboys,spreads,alternate_spreads,,17.5,Dallas Cowboys,-17.5,draftkings,542,6.42,0.10395004821467223,1.217501743852313,2026-09-06T21:08:18Z,45.371375,conditional_non_push,,market_consensus_no_model,live_snapshot_not_T60,pinnacle,6525c0c64e148ab6069411a9,0.09245722525989479,0.09245722525989479,981.5812362841592,-439.5812362841592,2,OK,680,fanduel,,False,False,-3.0,closest_offered_consensus_to_50pct_no_interpolation,998375f0988c8504
066743469c90e1a74f764c4d,2026-09-06T21:09:03.371375+00:00,998375f0988c8504abc453f8e528b151e37d989f9b20732e403c4d606c50877e,3e646c7479c57f5d9752d8c7dfe7059b,1,2026-09-14T00:20:00Z,New York Giants,Dallas Cowboys,spreads,alternate_spreads,,17.5,Dallas Cowboys,-17.5,fanduel,680,7.8,0.08096440230511735,1.2237557345683783,2026-09-06T21:08:22Z,41.371375,conditional_non_push,,market_consensus_no_model,live_snapshot_not_T60,pinnacle,6525c0c64e148ab6069411a9,0.09245722525989479,0.09245722525989479,981.5812362841592,-301.5812362841592,2,OK,680,fanduel,,False,False,-3.0,closest_offered_consensus_to_50pct_no_interpolation,998375f0988c8504
99360dcb91e47904333704b9,2026-09-06T21:09:03.371375+00:00,998375f0988c8504abc453f8e528b151e37d989f9b20732e403c4d606c50877e,3e646c7479c57f5d9752d8c7dfe7059b,1,2026-09-14T00:20:00Z,New York Giants,Dallas Cowboys,spreads,alternate_spreads,,-17.5,New York Giants,-17.5,draftkings,860,9.6,0.04531780462677972,1.3679838032911005,2026-09-06T21:08:18Z,45.371375,conditional_non_push,,market_consensus_no_model,live_snapshot_not_T60,pinnacle,6daef0c5ea7a1df013d6c2f3,0.03750270191539112,0.03750270191539112,2566.474544303699,-1706.474544303699,2,OK,1200,fanduel,,False,False,3.0,closest_offered_consensus_to_50pct_no_interpolation,998375f0988c8504
c33b987313815d0a9b2827e8,2026-09-06T21:09:03.371375+00:00,998375f0988c8504abc453f8e528b151e37d989f9b20732e403c4d606c50877e,3e646c7479c57f5d9752d8c7dfe7059b,1,2026-09-14T00:20:00Z,New York Giants,Dallas Cowboys,spreads,alternate_spreads,,-17.5,New York Giants,-17.5,fanduel,1200,13.0,0.029687599204002532,1.3711872498976208,2026-09-06T21:08:22Z,41.371375,conditional_non_push,,market_consensus_no_model,live_snapshot_not_T60,pinnacle,6daef0c5ea7a1df013d6c2f3,0.03750270191539112,0.03750270191539112,2566.474544303699,-1366.474544303699,2,OK,1200,fanduel,,False,False,3.0,closest_offered_consensus_to_50pct_no_interpolation,998375f0988c8504
11bf4648053ff795124fd6f0,2026-09-06T21:09:03.371375+00:00,998375f0988c8504abc453f8e528b151e37d989f9b20732e403c4d606c50877e,3e646c7479c57f5d9752d8c7dfe7059b,1,2026-09-14T00:20:00Z,New York Giants,Dallas Cowboys,spreads,alternate_spreads,,18.5,Dallas Cowboys,-18.5,draftkings,600,7.0,0.08919844935017175,1.24203659901116,2026-09-06T21:08:18Z,45.371375,conditional_non_push,,market_consensus_no_model,live_snapshot_not_T60,pinnacle,268f83eec90c1c4a87e5c17a,0.0771169667765926,0.0771169667765926,1196.7314999525254,-596.7314999525254,2,OK,800,fanduel,,False,False,-3.0,closest_offered_consensus_to_50pct_no_interpolation,998375f0988c8504
46ce7f398abd0a8544b11fd5,2026-09-06T21:09:03.371375+00:00,998375f0988c8504abc453f8e528b151e37d989f9b20732e403c4d606c50877e,3e646c7479c57f5d9752d8c7dfe7059b,1,2026-09-14T00:20:00Z,New York Giants,Dallas Cowboys,spreads,alternate_spreads,,18.5,Dallas Cowboys,-18.5,fanduel,800,9.0,0.06503548420301344,1.2437610044118093,2026-09-06T21:08:22Z,41.371375,conditional_non_push,,market_consensus_no_model,live_snapshot_not_T60,pinnacle,268f83eec90c1c4a87e5c17a,0.0771169667765926,0.0771169667765926,1196.7314999525254,-396.7314999525254,2,OK,800,fanduel,,False,False,-3.0,closest_offered_consensus_to_50pct_no_interpolation,998375f0988c8504
5794a5c60f17fc88eee7c8b3,2026-09-06T21:09:03.371375+00:00,998375f0988c8504abc453f8e528b151e37d989f9b20732e403c4d606c50877e,3e646c7479c57f5d9752d8c7dfe7059b,1,2026-09-14T00:20:00Z,New York Giants,Dallas Cowboys,spreads,alternate_spreads,,-18.5,New York Giants,-18.5,draftkings,940,10.4,0.03615517792401134,1.4176816444416502,2026-09-06T21:08:18Z,45.371375,conditional_non_push,,market_consensus_no_model,live_snapshot_not_T60,pinnacle,e7b86c2567276eaf85c42954,0.03147482877508775,0.03147482877508775,3077.1419858890467,-2137.1419858890467,2,OK,1300,fanduel,,False,False,3.0,closest_offered_consensus_to_50pct_no_interpolation,998375f0988c8504
73bcf4a8f53afde28cd1c00d,2026-09-06T21:09:03.371375+00:00,998375f0988c8504abc453f8e528b151e37d989f9b20732e403c4d606c50877e,3e646c7479c57f5d9752d8c7dfe7059b,1,2026-09-14T00:20:00Z,New York Giants,Dallas Cowboys,spreads,alternate_spreads,,-18.5,New York Giants,-18.5,fanduel,1300,14.0,0.02679447962616415,1.371534962944137,2026-09-06T21:08:22Z,41.371375,conditional_non_push,,market_consensus_no_model,live_snapshot_not_T60,pinnacle,e7b86c2567276eaf85c42954,0.03147482877508775,0.03147482877508775,3077.1419858890467,-1777.1419858890467,2,OK,1300,fanduel,,False,False,3.0,closest_offered_consensus_to_50pct_no_interpolation,998375f0988c8504
54d168c6ba7f38a661e72fc1,2026-09-06T21:09:03.371375+00:00,998375f0988c8504abc453f8e528b151e37d989f9b20732e403c4d606c50877e,3e646c7479c57f5d9752d8c7dfe7059b,1,2026-09-14T00:20:00Z,New York Giants,Dallas Cowboys,spreads,alternate_spreads,,19.5,Dallas Cowboys,-19.5,draftkings,660,7.6,0.07660226032271801,1.2667361461231592,2026-09-06T21:08:18Z,45.371375,conditional_non_push,,market_consensus_no_model,live_snapshot_not_T60,pinnacle,14086f1c523067748bbeefb6,0.06586245245190182,0.06586245245190182,1418.315766832828,-758.3157668328281,2,OK,870,fanduel,,False,False,-3.0,closest_offered_consensus_to_50pct_no_interpolation,998375f0988c8504
cec63900dcbcc83ce097c623,2026-09-06T21:09:03.371375+00:00,998375f0988c8504abc453f8e528b151e37d989f9b20732e403c4d606c50877e,3e646c7479c57f5d9752d8c7dfe7059b,1,2026-09-14T00:20:00Z,New York Giants,Dallas Cowboys,spreads,alternate_spreads,,19.5,Dallas Cowboys,-19.5,fanduel,870,9.7,0.05512264458108564,1.2755431788789866,2026-09-06T21:08:22Z,41.371375,conditional_non_push,,market_consensus_no_model,live_snapshot_not_T60,pinnacle,14086f1c523067748bbeefb6,0.06586245245190182,0.06586245245190182,1418.315766832828,-548.3157668328281,2,OK,870,fanduel,,False,False,-3.0,closest_offered_consensus_to_50pct_no_interpolation,998375f0988c8504
d935f90db0c91ca91428ebd4,2026-09-06T21:09:03.371375+00:00,998375f0988c8504abc453f8e528b151e37d989f9b20732e403c4d606c50877e,3e646c7479c57f5d9752d8c7dfe7059b,1,2026-09-14T00:20:00Z,New York Giants,Dallas Cowboys,spreads,alternate_spreads,,-19.5,New York Giants,-19.5,draftkings,1000,11.0,0.02976744975947156,1.4655935195633254,2026-09-06T21:08:18Z,45.371375,conditional_non_push,,market_consensus_no_model,live_snapshot_not_T60,pinnacle,0f1cf594ea3c76ed910f4618,0.026289287957609014,0.026289287957609014,3703.8306766333167,-2703.8306766333167,2,OK,1400,fanduel,,False,False,3.0,closest_offered_consensus_to_50pct_no_interpolation,998375f0988c8504
6386f5b6419a0a75b52cfbd7,2026-09-06T21:09:03.371375+00:00,998375f0988c8504abc453f8e528b151e37d989f9b20732e403c4d606c50877e,3e646c7479c57f5d9752d8c7dfe7059b,1,2026-09-14T00:20:00Z,New York Giants,Dallas Cowboys,spreads,alternate_spreads,,-19.5,New York Giants,-19.5,fanduel,1400,15.0,0.022811126155746486,1.3960254027875676,2026-09-06T21:08:22Z,41.371375,conditional_non_push,,market_consensus_no_model,live_snapshot_not_T60,pinnacle,0f1cf594ea3c76ed910f4618,0.026289287957609014,0.026289287957609014,3703.8306766333167,-2303.8306766333167,2,OK,1400,fanduel,,False,False,3.0,closest_offered_consensus_to_50pct_no_interpolation,998375f0988c8504
8159c6d683197d682eed9b42,2026-09-06T21:09:03.371375+00:00,998375f0988c8504abc453f8e528b151e37d989f9b20732e403c4d606c50877e,3e646c7479c57f5d9752d8c7dfe7059b,1,2026-09-14T00:20:00Z,New York Giants,Dallas Cowboys,spreads,alternate_spreads,,2.0,Dallas Cowboys,-2.0,pinnacle,-132,1.7575757575757576,0.5538028630615667,1.0478974133923136,2026-09-06T21:08:57Z,6.371375,conditional_non_push,,market_consensus_no_model,live_snapshot_not_T60,pinnacle,d88381269ffa77a78f87d22f,0.5538028630615666,0.5538028630615666,-124.11618480151311,-7.883815198486886,1,FEWER_THAN_TWO_BOOKS,-132,pinnacle,,False,False,-3.0,closest_offered_consensus_to_50pct_no_interpolation,998375f0988c8504
c10b926ba280363988d4c05a,2026-09-06T21:09:03.371375+00:00,998375f0988c8504abc453f8e528b151e37d989f9b20732e403c4d606c50877e,3e646c7479c57f5d9752d8c7dfe7059b,1,2026-09-14T00:20:00Z,New York Giants,Dallas Cowboys,spreads,spreads,,2.5,Dallas Cowboys,-2.5,draftkings,-118,1.847457627118644,0.5185754937201552,1.0698248525605822,2026-09-06T21:07:49Z,74.371375,conditional_non_push,,market_consensus_no_model,live_snapshot_not_T60,pinnacle,7fe05939c0c7409a639008a6,0.5207527066370117,0.5207527066370117,-108.66054203097744,-9.339457969022561,3,OK,-118,draftkings,,False,False,-3.0,closest_offered_consensus_to_50pct_no_interpolation,998375f0988c8504
539dbc9f3924609cc6519d17,2026-09-06T21:09:03.371375+00:00,998375f0988c8504abc453f8e528b151e37d989f9b20732e403c4d606c50877e,3e646c7479c57f5d9752d8c7dfe7059b,1,2026-09-14T00:20:00Z,New York Giants,Dallas Cowboys,spreads,spreads,,2.5,Dallas Cowboys,-2.5,fanduel,-120,1.8333333333333335,0.5207527066370117,1.0764584395717796,2026-09-06T21:08:57Z,6.371375,conditional_non_push,,market_consensus_no_model,live_snapshot_not_T60,pinnacle,7fe05939c0c7409a639008a6,0.5207527066370117,0.5207527066370117,-108.66054203097744,-11.339457969022561,3,OK,-118,draftkings,,False,False,-3.0,closest_offered_consensus_to_50pct_no_interpolation,998375f0988c8504
d776970e57c98cca84d08d0d,2026-09-06T21:09:03.371375+00:00,998375f0988c8504abc453f8e528b151e37d989f9b20732e403c4d606c50877e,3e646c7479c57f5d9752d8c7dfe7059b,1,2026-09-14T00:20:00Z,New York Giants,Dallas Cowboys,spreads,spreads,,2.5,Dallas Cowboys,-2.5,pinnacle,-123,1.8130081300813008,0.5381803424071118,1.041301965895427,2026-09-06T21:08:57Z,6.371375,conditional_non_push,,market_consensus_no_model,live_snapshot_not_T60,pinnacle,7fe05939c0c7409a639008a6,0.5207527066370117,0.5207527066370117,-108.66054203097744,-14.339457969022561,3,OK,-118,draftkings,,False,False,-3.0,closest_offered_consensus_to_50pct_no_interpolation,998375f0988c8504
859286fd3fca38589288fd71,2026-09-06T21:09:03.371375+00:00,998375f0988c8504abc453f8e528b151e37d989f9b20732e403c4d606c50877e,3e646c7479c57f5d9752d8c7dfe7059b,1,2026-09-14T00:20:00Z,New York Giants,Dallas Cowboys,spreads,alternate_spreads,,-2.5,New York Giants,-2.5,draftkings,141,2.41,0.3755217738319953,1.1134709420818574,2026-09-06T21:08:18Z,45.371375,conditional_non_push,,market_consensus_no_model,live_snapshot_not_T60,pinnacle,b5938e4fd8238da47f8d02f2,0.36159540838629656,0.36159540838629656,176.55218423893493,-35.55218423893493,2,OK,162,fanduel,,False,False,3.0,closest_offered_consensus_to_50pct_no_interpolation,998375f0988c8504
3f563e2cfbf945e1737a287a,2026-09-06T21:09:03.371375+00:00,998375f0988c8504abc453f8e528b151e37d989f9b20732e403c4d606c50877e,3e646c7479c57f5d9752d8c7dfe7059b,1,2026-09-14T00:20:00Z,New York Giants,Dallas Cowboys,spreads,alternate_spreads,,-2.5,New York Giants,-2.5,fanduel,162,2.62,0.3476690429405979,1.0968983062125188,2026-09-06T21:08:22Z,41.371375,conditional_non_push,,market_consensus_no_model,live_snapshot_not_T60,pinnacle,b5938e4fd8238da47f8d02f2,0.36159540838629656,0.36159540838629656,176.55218423893493,-14.552184238934927,2,OK,162,fanduel,,False,False,3.0,closest_offered_consensus_to_50pct_no_interpolation,998375f0988c8504
71378e530b367d4e88405d82,2026-09-06T21:09:03.371375+00:00,998375f0988c8504abc453f8e528b151e37d989f9b20732e403c4d606c50877e,3e646c7479c57f5d9752d8c7dfe7059b,1,2026-09-14T00:20:00Z,New York Giants,Dallas Cowboys,spreads,alternate_spreads,,20.5,Dallas Cowboys,-20.5,draftkings,720,8.2,0.06556488608133873,1.2949340677554213,2026-09-06T21:08:18Z,45.371375,conditional_non_push,,market_consensus_no_model,live_snapshot_not_T60,pinnacle,48da3b50b21b786226ba5e41,0.057687034209967306,0.057687034209967306,1633.4917866642859,-913.4917866642859,2,OK,900,fanduel,,False,False,-3.0,closest_offered_consensus_to_50pct_no_interpolation,998375f0988c8504
58187e3e4f7cfa8b20870800,2026-09-06T21:09:03.371375+00:00,998375f0988c8504abc453f8e528b151e37d989f9b20732e403c4d606c50877e,3e646c7479c57f5d9752d8c7dfe7059b,1,2026-09-14T00:20:00Z,New York Giants,Dallas Cowboys,spreads,alternate_spreads,,20.5,Dallas Cowboys,-20.5,fanduel,900,10.0,0.0498091823385959,1.302690587533839,2026-09-06T21:08:22Z,41.371375,conditional_non_push,,market_consensus_no_model,live_snapshot_not_T60,pinnacle,48da3b50b21b786226ba5e41,0.057687034209967306,0.057687034209967306,1633.4917866642859,-733.4917866642859,2,OK,900,fanduel,,False,False,-3.0,closest_offered_consensus_to_50pct_no_interpolation,998375f0988c8504
a2721abed4942bd067077f3f,2026-09-06T21:09:03.371375+00:00,998375f0988c8504abc453f8e528b151e37d989f9b20732e403c4d606c50877e,3e646c7479c57f5d9752d8c7dfe7059b,1,2026-09-14T00:20:00Z,New York Giants,Dallas Cowboys,spreads,alternate_spreads,,-20.5,New York Giants,-20.5,draftkings,1100,12.0,0.02029403059528976,1.5684406075601123,2026-09-06T21:08:18Z,45.371375,conditional_non_push,,market_consensus_no_model,live_snapshot_not_T60,pinnacle,d0e454b021ad2f058f3de034,0.020073136995178802,0.020073136995178802,4881.78237033993,-3781.78237033993,2,OK,1500,fanduel,,False,False,3.0,closest_offered_consensus_to_50pct_no_interpolation,998375f0988c8504
c9398c4418f31ec751a11f67,2026-09-06T21:09:03.371375+00:00,998375f0988c8504abc453f8e528b151e37d989f9b20732e403c4d606c50877e,3e646c7479c57f5d9752d8c7dfe7059b,1,2026-09-14T00:20:00Z,New York Giants,Dallas Cowboys,spreads,alternate_spreads,,-20.5,New York Giants,-20.5,fanduel,1500,16.0,0.019852243395067852,1.4136385355001044,2026-09-06T21:08:22Z,41.371375,conditional_non_push,,market_consensus_no_model,live_snapshot_not_T60,pinnacle,d0e454b021ad2f058f3de034,0.020073136995178802,0.020073136995178802,4881.78237033993,-3381.78237033993,2,OK,1500,fanduel,,False,False,3.0,closest_offered_consensus_to_50pct_no_interpolation,998375f0988c8504
be21d90dc473941770266218,2026-09-06T21:09:03.371375+00:00,998375f0988c8504abc453f8e528b151e37d989f9b20732e403c4d606c50877e,3e646c7479c57f5d9752d8c7dfe7059b,1,2026-09-14T00:20:00Z,New York Giants,Dallas Cowboys,spreads,alternate_spreads,,21.5,Dallas Cowboys,-21.5,draftkings,840,9.4,0.04939900624364031,1.3423537131613066,2026-09-06T21:08:18Z,45.371375,conditional_non_push,,market_consensus_no_model,live_snapshot_not_T60,pinnacle,79ac211d26527ceb61471139,0.043270197599689336,0.043270197599689336,2211.059471582306,-1371.0594715823058,2,OK,1060,fanduel,,False,False,-3.0,closest_offered_consensus_to_50pct_no_interpolation,998375f0988c8504
2ed3b25f930cbe05b8b3caa9,2026-09-06T21:09:03.371375+00:00,998375f0988c8504abc453f8e528b151e37d989f9b20732e403c4d606c50877e,3e646c7479c57f5d9752d8c7dfe7059b,1,2026-09-14T00:20:00Z,New York Giants,Dallas Cowboys,spreads,alternate_spreads,,21.5,Dallas Cowboys,-21.5,fanduel,1060,11.6,0.037141388955738375,1.3435399740514984,2026-09-06T21:08:22Z,41.371375,conditional_non_push,,market_consensus_no_model,live_snapshot_not_T60,pinnacle,79ac211d26527ceb61471139,0.043270197599689336,0.043270197599689336,2211.059471582306,-1151.0594715823058,2,OK,1060,fanduel,,False,False,-3.0,closest_offered_consensus_to_50pct_no_interpolation,998375f0988c8504
f6f5677d6d49a6a680cee28f,2026-09-06T21:09:03.371375+00:00,998375f0988c8504abc453f8e528b151e37d989f9b20732e403c4d606c50877e,3e646c7479c57f5d9752d8c7dfe7059b,1,2026-09-14T00:20:00Z,New York Giants,Dallas Cowboys,spreads,alternate_spreads,,-21.5,New York Giants,-21.5,draftkings,1260,13.6,0.015709568223685855,1.5913311294634322,2026-09-06T21:08:18Z,45.371375,conditional_non_push,,market_consensus_no_model,live_snapshot_not_T60,pinnacle,aaac9c0d38f589b6b0f23506,0.015092155446183027,0.015092155446183027,6525.9587874368935,-5265.9587874368935,2,OK,1700,fanduel,,False,False,3.0,closest_offered_consensus_to_50pct_no_interpolation,998375f0988c8504
c09b7a2df4d329fb76389d2f,2026-09-06T21:09:03.371375+00:00,998375f0988c8504abc453f8e528b151e37d989f9b20732e403c4d606c50877e,3e646c7479c57f5d9752d8c7dfe7059b,1,2026-09-14T00:20:00Z,New York Giants,Dallas Cowboys,spreads,alternate_spreads,,-21.5,New York Giants,-21.5,fanduel,1700,18.0,0.014474742668680202,1.4653305484836974,2026-09-06T21:08:22Z,41.371375,conditional_non_push,,market_consensus_no_model,live_snapshot_not_T60,pinnacle,aaac9c0d38f589b6b0f23506,0.015092155446183027,0.015092155446183027,6525.9587874368935,-4825.9587874368935,2,OK,1700,fanduel,,False,False,3.0,closest_offered_consensus_to_50pct_no_interpolation,998375f0988c8504
3106d0cffcb86ecae44cc8d2,2026-09-06T21:09:03.371375+00:00,998375f0988c8504abc453f8e528b151e37d989f9b20732e403c4d606c50877e,3e646c7479c57f5d9752d8c7dfe7059b,1,2026-09-14T00:20:00Z,New York Giants,Dallas Cowboys,spreads,alternate_spreads,,22.5,Dallas Cowboys,-22.5,draftkings,890,9.9,0.04272505627242862,1.3753203623528365,2026-09-06T21:08:18Z,45.371375,conditional_non_push,,market_consensus_no_model,live_snapshot_not_T60,pinnacle,3f4ce0dcaf055f93cd66bb8d,0.03759260309507522,0.03759260309507522,2560.097778998986,-1670.097778998986,2,OK,1200,fanduel,,False,False,-3.0,closest_offered_consensus_to_50pct_no_interpolation,998375f0988c8504
68950623ba8468a89273bf6f,2026-09-06T21:09:03.371375+00:00,998375f0988c8504abc453f8e528b151e37d989f9b20732e403c4d606c50877e,3e646c7479c57f5d9752d8c7dfe7059b,1,2026-09-14T00:20:00Z,New York Giants,Dallas Cowboys,spreads,alternate_spreads,,22.5,Dallas Cowboys,-22.5,fanduel,1200,13.0,0.03246014991772184,1.3363780802913672,2026-09-06T21:08:22Z,41.371375,conditional_non_push,,market_consensus_no_model,live_snapshot_not_T60,pinnacle,3f4ce0dcaf055f93cd66bb8d,0.03759260309507522,0.03759260309507522,2560.097778998986,-1360.097778998986,2,OK,1200,fanduel,,False,False,-3.0,closest_offered_consensus_to_50pct_no_interpolation,998375f0988c8504
9da9f343182bfd14f0b981e8,2026-09-06T21:09:03.371375+00:00,998375f0988c8504abc453f8e528b151e37d989f9b20732e403c4d606c50877e,3e646c7479c57f5d9752d8c7dfe7059b,1,2026-09-14T00:20:00Z,New York Giants,Dallas Cowboys,spreads,alternate_spreads,,-22.5,New York Giants,-22.5,fanduel,2000,21.0,0.0078991669138625,1.5900680904921125,2026-09-06T21:08:22Z,41.371375,conditional_non_push,,market_consensus_no_model,live_snapshot_not_T60,pinnacle,5ef1e6b7cec4f6b911681461,0.007899166913862499,0.007899166913862499,12559.56284890079,-10559.56284890079,1,FEWER_THAN_TWO_BOOKS,2000,fanduel,,False,False,3.0,closest_offered_consensus_to_50pct_no_interpolation,998375f0988c8504
469a9156493c6870f20b0ba8,2026-09-06T21:09:03.371375+00:00,998375f0988c8504abc453f8e528b151e37d989f9b20732e403c4d606c50877e,3e646c7479c57f5d9752d8c7dfe7059b,1,2026-09-14T00:20:00Z,New York Giants,Dallas Cowboys,spreads,alternate_spreads,,23.5,Dallas Cowboys,-23.5,draftkings,960,10.6,0.03457826863928881,1.4251325438401654,2026-09-06T21:08:18Z,45.371375,conditional_non_push,,market_consensus_no_model,live_snapshot_not_T60,pinnacle,0a3311f6a44c42b2c576ca29,0.030686374132726475,0.030686374132726475,3158.775362884981,-2198.775362884981,2,OK,1300,fanduel,,False,False,-3.0,closest_offered_consensus_to_50pct_no_interpolation,998375f0988c8504
adc722884d369a0e00f105d2,2026-09-06T21:09:03.371375+00:00,998375f0988c8504abc453f8e528b151e37d989f9b20732e403c4d606c50877e,3e646c7479c57f5d9752d8c7dfe7059b,1,2026-09-14T00:20:00Z,New York Giants,Dallas Cowboys,spreads,alternate_spreads,,23.5,Dallas Cowboys,-23.5,fanduel,1300,14.0,0.02679447962616415,1.371534962944137,2026-09-06T21:08:22Z,41.371375,conditional_non_push,,market_consensus_no_model,live_snapshot_not_T60,pinnacle,0a3311f6a44c42b2c576ca29,0.030686374132726475,0.030686374132726475,3158.775362884981,-1858.775362884981,2,OK,1300,fanduel,,False,False,-3.0,closest_offered_consensus_to_50pct_no_interpolation,998375f0988c8504
8cb8d9a6599e84ad092e52c5,2026-09-06T21:09:03.371375+00:00,998375f0988c8504abc453f8e528b151e37d989f9b20732e403c4d606c50877e,3e646c7479c57f5d9752d8c7dfe7059b,1,2026-09-14T00:20:00Z,New York Giants,Dallas Cowboys,spreads,alternate_spreads,,-23.5,New York Giants,-23.5,fanduel,2500,26.0,0.00746846980410443,1.503044826687773,2026-09-06T21:08:22Z,41.371375,conditional_non_push,,market_consensus_no_model,live_snapshot_not_T60,pinnacle,01fe87a04e3aa0214afdbe9e,0.007468469804104428,0.007468469804104428,13289.62366093296,-10789.62366093296,1,FEWER_THAN_TWO_BOOKS,2500,fanduel,,False,False,3.0,closest_offered_consensus_to_50pct_no_interpolation,998375f0988c8504
2a595e4ca8a1de5dabbe08ac,2026-09-06T21:09:03.371375+00:00,998375f0988c8504abc453f8e528b151e37d989f9b20732e403c4d606c50877e,3e646c7479c57f5d9752d8c7dfe7059b,1,2026-09-14T00:20:00Z,New York Giants,Dallas Cowboys,spreads,alternate_spreads,,24.5,Dallas Cowboys,-24.5,draftkings,1080,11.8,0.02333059335853626,1.522624882857384,2026-09-06T21:08:18Z,45.371375,conditional_non_push,,market_consensus_no_model,live_snapshot_not_T60,pinnacle,ad525283e60c6e28de4cd816,0.02307085975714137,0.02307085975714137,4234.472189275301,-3154.4721892753014,2,OK,1400,fanduel,,False,False,-3.0,closest_offered_consensus_to_50pct_no_interpolation,998375f0988c8504
5e82209576eac1c0e49812a7,2026-09-06T21:09:03.371375+00:00,998375f0988c8504abc453f8e528b151e37d989f9b20732e403c4d606c50877e,3e646c7479c57f5d9752d8c7dfe7059b,1,2026-09-14T00:20:00Z,New York Giants,Dallas Cowboys,spreads,alternate_spreads,,24.5,Dallas Cowboys,-24.5,fanduel,1400,15.0,0.022811126155746486,1.3960254027875676,2026-09-06T21:08:22Z,41.371375,conditional_non_push,,market_consensus_no_model,live_snapshot_not_T60,pinnacle,ad525283e60c6e28de4cd816,0.02307085975714137,0.02307085975714137,4234.472189275301,-2834.4721892753014,2,OK,1400,fanduel,,False,False,-3.0,closest_offered_consensus_to_50pct_no_interpolation,998375f0988c8504
b8c56234fcd7cec05fc475ca,2026-09-06T21:09:03.371375+00:00,998375f0988c8504abc453f8e528b151e37d989f9b20732e403c4d606c50877e,3e646c7479c57f5d9752d8c7dfe7059b,1,2026-09-14T00:20:00Z,New York Giants,Dallas Cowboys,spreads,alternate_spreads,,25.5,Dallas Cowboys,-25.5,draftkings,1180,12.8,0.016007875268338478,1.6217938399761325,2026-09-06T21:08:18Z,45.371375,conditional_non_push,,market_consensus_no_model,live_snapshot_not_T60,pinnacle,dcca71f84f2d674b3040e5b9,0.017930059331703163,0.017930059331703163,5477.2263855917245,-4297.2263855917245,2,OK,1500,fanduel,,False,False,-3.0,closest_offered_consensus_to_50pct_no_interpolation,998375f0988c8504
f996bf6e250501185cc860ef,2026-09-06T21:09:03.371375+00:00,998375f0988c8504abc453f8e528b151e37d989f9b20732e403c4d606c50877e,3e646c7479c57f5d9752d8c7dfe7059b,1,2026-09-14T00:20:00Z,New York Giants,Dallas Cowboys,spreads,alternate_spreads,,25.5,Dallas Cowboys,-25.5,fanduel,1500,16.0,0.019852243395067852,1.4136385355001044,2026-09-06T21:08:22Z,41.371375,conditional_non_push,,market_consensus_no_model,live_snapshot_not_T60,pinnacle,dcca71f84f2d674b3040e5b9,0.017930059331703163,0.017930059331703163,5477.2263855917245,-3977.2263855917245,2,OK,1500,fanduel,,False,False,-3.0,closest_offered_consensus_to_50pct_no_interpolation,998375f0988c8504
194505c8939ab68d0af2d57e,2026-09-06T21:09:03.371375+00:00,998375f0988c8504abc453f8e528b151e37d989f9b20732e403c4d606c50877e,3e646c7479c57f5d9752d8c7dfe7059b,1,2026-09-14T00:20:00Z,New York Giants,Dallas Cowboys,spreads,alternate_spreads,,26.5,Dallas Cowboys,-26.5,draftkings,1260,13.6,0.015709568223685855,1.5913311294634322,2026-09-06T21:08:18Z,45.371375,conditional_non_push,,market_consensus_no_model,live_snapshot_not_T60,pinnacle,638edea81faf28ed4da79b3e,0.015092155446183027,0.015092155446183027,6525.9587874368935,-5265.9587874368935,2,OK,1700,fanduel,,False,False,-3.0,closest_offered_consensus_to_50pct_no_interpolation,998375f0988c8504
3794151a031c0c2050b9119d,2026-09-06T21:09:03.371375+00:00,998375f0988c8504abc453f8e528b151e37d989f9b20732e403c4d606c50877e,3e646c7479c57f5d9752d8c7dfe7059b,1,2026-09-14T00:20:00Z,New York Giants,Dallas Cowboys,spreads,alternate_spreads,,26.5,Dallas Cowboys,-26.5,fanduel,1700,18.0,0.014474742668680202,1.4653305484836974,2026-09-06T21:08:22Z,41.371375,conditional_non_push,,market_consensus_no_model,live_snapshot_not_T60,pinnacle,638edea81faf28ed4da79b3e,0.015092155446183027,0.015092155446183027,6525.9587874368935,-4825.9587874368935,2,OK,1700,fanduel,,False,False,-3.0,closest_offered_consensus_to_50pct_no_interpolation,998375f0988c8504
dee2f2d9194a3bac9d5cb338,2026-09-06T21:09:03.371375+00:00,998375f0988c8504abc453f8e528b151e37d989f9b20732e403c4d606c50877e,3e646c7479c57f5d9752d8c7dfe7059b,1,2026-09-14T00:20:00Z,New York Giants,Dallas Cowboys,spreads,alternate_spreads,,27.5,Dallas Cowboys,-27.5,fanduel,1800,19.0,0.014260518631961311,1.4434873757030022,2026-09-06T21:08:22Z,41.371375,conditional_non_push,,market_consensus_no_model,live_snapshot_not_T60,pinnacle,d4daa0e07a74282ffbc17abe,0.014260518631961311,0.014260518631961311,6912.367683169357,-5112.367683169357,1,FEWER_THAN_TWO_BOOKS,1800,fanduel,,False,False,-3.0,closest_offered_consensus_to_50pct_no_interpolation,998375f0988c8504
91ecc7f01c826b4c316e1635,2026-09-06T21:09:03.371375+00:00,998375f0988c8504abc453f8e528b151e37d989f9b20732e403c4d606c50877e,3e646c7479c57f5d9752d8c7dfe7059b,1,2026-09-14T00:20:00Z,New York Giants,Dallas Cowboys,spreads,alternate_spreads,,28.5,Dallas Cowboys,-28.5,fanduel,2500,26.0,0.00746846980410443,1.503044826687773,2026-09-06T21:08:22Z,41.371375,conditional_non_push,,market_consensus_no_model,live_snapshot_not_T60,pinnacle,74a4276586e28745e89a2319,0.007468469804104428,0.007468469804104428,13289.62366093296,-10789.62366093296,1,FEWER_THAN_TWO_BOOKS,2500,fanduel,,False,False,-3.0,closest_offered_consensus_to_50pct_no_interpolation,998375f0988c8504
1d6d5a64f0e8d0e94bfd79a7,2026-09-06T21:09:03.371375+00:00,998375f0988c8504abc453f8e528b151e37d989f9b20732e403c4d606c50877e,3e646c7479c57f5d9752d8c7dfe7059b,1,2026-09-14T00:20:00Z,New York Giants,Dallas Cowboys,spreads,spreads,,3.0,Dallas Cowboys,-3.0,betmgm,-108,1.925925925925926,0.49766301523402895,1.0647311734675267,2026-09-06T21:08:57Z,6.371375,conditional_non_push,,market_consensus_no_model,live_snapshot_not_T60,pinnacle,19fe98e78ce49a60668befb9,0.4929016796410611,0.4929016796410611,102.8802175574277,-10.880217557427699,2,OK,-102,pinnacle,-108,False,False,-3.0,closest_offered_consensus_to_50pct_no_interpolation,998375f0988c8504
8a1851e747d9cbe69e845f85,2026-09-06T21:09:03.371375+00:00,998375f0988c8504abc453f8e528b151e37d989f9b20732e403c4d606c50877e,3e646c7479c57f5d9752d8c7dfe7059b,1,2026-09-14T00:20:00Z,New York Giants,Dallas Cowboys,spreads,alternate_spreads,,3.0,Dallas Cowboys,-3.0,pinnacle,-102,1.9803921568627452,0.4881403440480932,1.0495502613626018,2026-09-06T21:08:57Z,6.371375,conditional_non_push,,market_consensus_no_model,live_snapshot_not_T60,pinnacle,19fe98e78ce49a60668befb9,0.4929016796410611,0.4929016796410611,102.8802175574277,-4.880217557427699,2,OK,-102,pinnacle,-108,False,False,-3.0,closest_offered_consensus_to_50pct_no_interpolation,998375f0988c8504
f63dd542591446e1fa4c7926,2026-09-06T21:09:03.371375+00:00,998375f0988c8504abc453f8e528b151e37d989f9b20732e403c4d606c50877e,3e646c7479c57f5d9752d8c7dfe7059b,1,2026-09-14T00:20:00Z,New York Giants,Dallas Cowboys,spreads,alternate_spreads,,3.5,Dallas Cowboys,-3.5,draftkings,112,2.12,0.43348686669685366,1.1124246496436618,2026-09-06T21:08:18Z,45.371375,conditional_non_push,,market_consensus_no_model,live_snapshot_not_T60,pinnacle,56be7de1432014778f17004d,0.44024148479234676,0.44024148479234676,127.14806181241194,-15.148061812411939,3,OK,118,pinnacle,,False,False,-3.0,closest_offered_consensus_to_50pct_no_interpolation,998375f0988c8504
66a648ab6e17b80e592260a2,2026-09-06T21:09:03.371375+00:00,998375f0988c8504abc453f8e528b151e37d989f9b20732e403c4d606c50877e,3e646c7479c57f5d9752d8c7dfe7059b,1,2026-09-14T00:20:00Z,New York Giants,Dallas Cowboys,spreads,alternate_spreads,,3.5,Dallas Cowboys,-3.5,fanduel,112,2.12,0.4407788160365878,1.0902243013272415,2026-09-06T21:08:22Z,41.371375,conditional_non_push,,market_consensus_no_model,live_snapshot_not_T60,pinnacle,56be7de1432014778f17004d,0.44024148479234676,0.44024148479234676,127.14806181241194,-15.148061812411939,3,OK,118,pinnacle,,False,False,-3.0,closest_offered_consensus_to_50pct_no_interpolation,998375f0988c8504
513cf3cbdd503007aedea563,2026-09-06T21:09:03.371375+00:00,998375f0988c8504abc453f8e528b151e37d989f9b20732e403c4d606c50877e,3e646c7479c57f5d9752d8c7dfe7059b,1,2026-09-14T00:20:00Z,New York Giants,Dallas Cowboys,spreads,alternate_spreads,,3.5,Dallas Cowboys,-3.5,pinnacle,118,2.1799999999999997,0.44024148479234687,1.0527469325958752,2026-09-06T21:08:57Z,6.371375,conditional_non_push,,market_consensus_no_model,live_snapshot_not_T60,pinnacle,56be7de1432014778f17004d,0.44024148479234676,0.44024148479234676,127.14806181241194,-9.148061812411939,3,OK,118,pinnacle,,False,False,-3.0,closest_offered_consensus_to_50pct_no_interpolation,998375f0988c8504
88b1a1e44c9be2d672e66e5b,2026-09-06T21:09:03.371375+00:00,998375f0988c8504abc453f8e528b151e37d989f9b20732e403c4d606c50877e,3e646c7479c57f5d9752d8c7dfe7059b,1,2026-09-14T00:20:00Z,New York Giants,Dallas Cowboys,spreads,alternate_spreads,,-3.5,New York Giants,-3.5,draftkings,185,2.85,0.3085647553036196,1.1226985859562966,2026-09-06T21:08:18Z,45.371375,conditional_non_push,,market_consensus_no_model,live_snapshot_not_T60,pinnacle,746559597896a4d5af328c9e,0.3008454007747925,0.3008454007747925,232.3966387468832,-47.39663874688321,3,OK,215,fanduel,,False,False,3.0,closest_offered_consensus_to_50pct_no_interpolation,998375f0988c8504
7a871efa5110ee13f2a7e347,2026-09-06T21:09:03.371375+00:00,998375f0988c8504abc453f8e528b151e37d989f9b20732e403c4d606c50877e,3e646c7479c57f5d9752d8c7dfe7059b,1,2026-09-14T00:20:00Z,New York Giants,Dallas Cowboys,spreads,alternate_spreads,,-3.5,New York Giants,-3.5,fanduel,215,3.15,0.2800791367892091,1.1091863026858797,2026-09-06T21:08:22Z,41.371375,conditional_non_push,,market_consensus_no_model,live_snapshot_not_T60,pinnacle,746559597896a4d5af328c9e,0.3008454007747925,0.3008454007747925,232.3966387468832,-17.396638746883212,3,OK,215,fanduel,,False,False,3.0,closest_offered_consensus_to_50pct_no_interpolation,998375f0988c8504
3f12ad9cb536b98d1242bfae,2026-09-06T21:09:03.371375+00:00,998375f0988c8504abc453f8e528b151e37d989f9b20732e403c4d606c50877e,3e646c7479c57f5d9752d8c7dfe7059b,1,2026-09-14T00:20:00Z,New York Giants,Dallas Cowboys,spreads,alternate_spreads,,-3.5,New York Giants,-3.5,pinnacle,207,3.07,0.3008454007747925,1.0708592254948046,2026-09-06T21:08:57Z,6.371375,conditional_non_push,,market_consensus_no_model,live_snapshot_not_T60,pinnacle,746559597896a4d5af328c9e,0.3008454007747925,0.3008454007747925,232.3966387468832,-25.396638746883212,3,OK,215,fanduel,,False,False,3.0,closest_offered_consensus_to_50pct_no_interpolation,998375f0988c8504
766c67d8f05b683920d18769,2026-09-06T21:09:03.371375+00:00,998375f0988c8504abc453f8e528b151e37d989f9b20732e403c4d606c50877e,3e646c7479c57f5d9752d8c7dfe7059b,1,2026-09-14T00:20:00Z,New York Giants,Dallas Cowboys,spreads,alternate_spreads,,4.5,Dallas Cowboys,-4.5,draftkings,125,2.25,0.4054361189217933,1.1132794614767865,2026-09-06T21:08:18Z,45.371375,conditional_non_push,,market_consensus_no_model,live_snapshot_not_T60,pinnacle,7e08011e09e875634d81a33d,0.4039977042367493,0.4039977042367493,147.52615906301872,-22.526159063018724,2,OK,130,fanduel,,False,False,-3.0,closest_offered_consensus_to_50pct_no_interpolation,998375f0988c8504
aedf371d01c4e8f066239bd1,2026-09-06T21:09:03.371375+00:00,998375f0988c8504abc453f8e528b151e37d989f9b20732e403c4d606c50877e,3e646c7479c57f5d9752d8c7dfe7059b,1,2026-09-14T00:20:00Z,New York Giants,Dallas Cowboys,spreads,alternate_spreads,,4.5,Dallas Cowboys,-4.5,fanduel,130,2.3,0.4025592895517053,1.0924515828702486,2026-09-06T21:08:22Z,41.371375,conditional_non_push,,market_consensus_no_model,live_snapshot_not_T60,pinnacle,7e08011e09e875634d81a33d,0.4039977042367493,0.4039977042367493,147.52615906301872,-17.526159063018724,2,OK,130,fanduel,,False,False,-3.0,closest_offered_consensus_to_50pct_no_interpolation,998375f0988c8504
c14f3a891d0f52fcaedb6f7f,2026-09-06T21:09:03.371375+00:00,998375f0988c8504abc453f8e528b151e37d989f9b20732e403c4d606c50877e,3e646c7479c57f5d9752d8c7dfe7059b,1,2026-09-14T00:20:00Z,New York Giants,Dallas Cowboys,spreads,alternate_spreads,,-4.5,New York Giants,-4.5,draftkings,205,3.05,0.2850099820490392,1.12562484006739,2026-09-06T21:08:18Z,45.371375,conditional_non_push,,market_consensus_no_model,live_snapshot_not_T60,pinnacle,cd410eb6aaadc3f24d57e9df,0.27027663850717343,0.27027663850717343,269.99128208909514,-64.99128208909514,2,OK,240,fanduel,,False,False,3.0,closest_offered_consensus_to_50pct_no_interpolation,998375f0988c8504
6734061601853d198a321233,2026-09-06T21:09:03.371375+00:00,998375f0988c8504abc453f8e528b151e37d989f9b20732e403c4d606c50877e,3e646c7479c57f5d9752d8c7dfe7059b,1,2026-09-14T00:20:00Z,New York Giants,Dallas Cowboys,spreads,alternate_spreads,,-4.5,New York Giants,-4.5,fanduel,240,3.4,0.25554329496530764,1.1148805544872356,2026-09-06T21:08:22Z,41.371375,conditional_non_push,,market_consensus_no_model,live_snapshot_not_T60,pinnacle,cd410eb6aaadc3f24d57e9df,0.27027663850717343,0.27027663850717343,269.99128208909514,-29.991282089095137,2,OK,240,fanduel,,False,False,3.0,closest_offered_consensus_to_50pct_no_interpolation,998375f0988c8504
5609415a821d4e809b88ed53,2026-09-06T21:09:03.371375+00:00,998375f0988c8504abc453f8e528b151e37d989f9b20732e403c4d606c50877e,3e646c7479c57f5d9752d8c7dfe7059b,1,2026-09-14T00:20:00Z,New York Giants,Dallas Cowboys,spreads,alternate_spreads,,5.5,Dallas Cowboys,-5.5,draftkings,136,2.3600000000000003,0.38448827393725654,1.1131765601507806,2026-09-06T21:08:18Z,45.371375,conditional_non_push,,market_consensus_no_model,live_snapshot_not_T60,pinnacle,a3ce751ee2ad1dc9d6ff7d22,0.3802792159713264,0.3802792159713264,162.9646738504377,-26.96467385043769,2,OK,144,fanduel,,False,False,-3.0,closest_offered_consensus_to_50pct_no_interpolation,998375f0988c8504
fc627029ecf53a76c6ed801e,2026-09-06T21:09:03.371375+00:00,998375f0988c8504abc453f8e528b151e37d989f9b20732e403c4d606c50877e,3e646c7479c57f5d9752d8c7dfe7059b,1,2026-09-14T00:20:00Z,New York Giants,Dallas Cowboys,spreads,alternate_spreads,,5.5,Dallas Cowboys,-5.5,fanduel,144,2.44,0.3760701580053965,1.0963920540902317,2026-09-06T21:08:22Z,41.371375,conditional_non_push,,market_consensus_no_model,live_snapshot_not_T60,pinnacle,a3ce751ee2ad1dc9d6ff7d22,0.3802792159713264,0.3802792159713264,162.9646738504377,-18.96467385043769,2,OK,144,fanduel,,False,False,-3.0,closest_offered_consensus_to_50pct_no_interpolation,998375f0988c8504
e331c636241dc2b4039e0581,2026-09-06T21:09:03.371375+00:00,998375f0988c8504abc453f8e528b151e37d989f9b20732e403c4d606c50877e,3e646c7479c57f5d9752d8c7dfe7059b,1,2026-09-14T00:20:00Z,New York Giants,Dallas Cowboys,spreads,alternate_spreads,,-5.5,New York Giants,-5.5,draftkings,226,3.26,0.26322564064842224,1.1294854435259567,2026-09-06T21:08:18Z,45.371375,conditional_non_push,,market_consensus_no_model,live_snapshot_not_T60,pinnacle,843d1790254330d63b6caa11,0.24904169359140244,0.24904169359140244,301.53919031753753,-75.53919031753753,2,OK,265,fanduel,,False,False,3.0,closest_offered_consensus_to_50pct_no_interpolation,998375f0988c8504
cb1af6c7654bb138499b372b,2026-09-06T21:09:03.371375+00:00,998375f0988c8504abc453f8e528b151e37d989f9b20732e403c4d606c50877e,3e646c7479c57f5d9752d8c7dfe7059b,1,2026-09-14T00:20:00Z,New York Giants,Dallas Cowboys,spreads,alternate_spreads,,-5.5,New York Giants,-5.5,fanduel,265,3.65,0.23485774653438263,1.1189811400301246,2026-09-06T21:08:22Z,41.371375,conditional_non_push,,market_consensus_no_model,live_snapshot_not_T60,pinnacle,843d1790254330d63b6caa11,0.24904169359140244,0.24904169359140244,301.53919031753753,-36.53919031753753,2,OK,265,fanduel,,False,False,3.0,closest_offered_consensus_to_50pct_no_interpolation,998375f0988c8504
4401f909d7c25f32e767769c,2026-09-06T21:09:03.371375+00:00,998375f0988c8504abc453f8e528b151e37d989f9b20732e403c4d606c50877e,3e646c7479c57f5d9752d8c7dfe7059b,1,2026-09-14T00:20:00Z,New York Giants,Dallas Cowboys,spreads,alternate_spreads,,6.5,Dallas Cowboys,-6.5,draftkings,154,2.54,0.35350153371961707,1.1155412187048253,2026-09-06T21:08:18Z,45.371375,conditional_non_push,,market_consensus_no_model,live_snapshot_not_T60,pinnacle,f7cc4bd831a73a04cb9e7fb0,0.34308447769477424,0.34308447769477424,191.47340232910562,-37.473402329105625,2,OK,172,fanduel,,False,False,-3.0,closest_offered_consensus_to_50pct_no_interpolation,998375f0988c8504
14e403246331acf0eeead5b2,2026-09-06T21:09:03.371375+00:00,998375f0988c8504abc453f8e528b151e37d989f9b20732e403c4d606c50877e,3e646c7479c57f5d9752d8c7dfe7059b,1,2026-09-14T00:20:00Z,New York Giants,Dallas Cowboys,spreads,alternate_spreads,,6.5,Dallas Cowboys,-6.5,fanduel,172,2.7199999999999998,0.33266742166993146,1.0999170058961094,2026-09-06T21:08:22Z,41.371375,conditional_non_push,,market_consensus_no_model,live_snapshot_not_T60,pinnacle,f7cc4bd831a73a04cb9e7fb0,0.34308447769477424,0.34308447769477424,191.47340232910562,-19.473402329105625,2,OK,172,fanduel,,False,False,-3.0,closest_offered_consensus_to_50pct_no_interpolation,998375f0988c8504
b125b81ce42f6d7274ac6a41,2026-09-06T21:09:03.371375+00:00,998375f0988c8504abc453f8e528b151e37d989f9b20732e403c4d606c50877e,3e646c7479c57f5d9752d8c7dfe7059b,1,2026-09-14T00:20:00Z,New York Giants,Dallas Cowboys,spreads,alternate_spreads,,-6.5,New York Giants,-6.5,draftkings,256,3.56,0.2361261170626837,1.1367412762975633,2026-09-06T21:08:18Z,45.371375,conditional_non_push,,market_consensus_no_model,live_snapshot_not_T60,pinnacle,0167e88f42b287c85e97ba65,0.21740875389047837,0.21740875389047837,359.9630797312601,-103.96307973126011,2,OK,320,fanduel,,False,False,3.0,closest_offered_consensus_to_50pct_no_interpolation,998375f0988c8504
443ba367bcff86ac42f95d4e,2026-09-06T21:09:03.371375+00:00,998375f0988c8504abc453f8e528b151e37d989f9b20732e403c4d606c50877e,3e646c7479c57f5d9752d8c7dfe7059b,1,2026-09-14T00:20:00Z,New York Giants,Dallas Cowboys,spreads,alternate_spreads,,-6.5,New York Giants,-6.5,fanduel,320,4.2,0.19869139071827305,1.1260677889883568,2026-09-06T21:08:22Z,41.371375,conditional_non_push,,market_consensus_no_model,live_snapshot_not_T60,pinnacle,0167e88f42b287c85e97ba65,0.21740875389047837,0.21740875389047837,359.9630797312601,-39.96307973126011,2,OK,320,fanduel,,False,False,3.0,closest_offered_consensus_to_50pct_no_interpolation,998375f0988c8504
68f236e96821c9547e1493c1,2026-09-06T21:09:03.371375+00:00,998375f0988c8504abc453f8e528b151e37d989f9b20732e403c4d606c50877e,3e646c7479c57f5d9752d8c7dfe7059b,1,2026-09-14T00:20:00Z,New York Giants,Dallas Cowboys,spreads,alternate_spreads,,7.5,Dallas Cowboys,-7.5,draftkings,190,2.9,0.302689785736687,1.1224145355660373,2026-09-06T21:08:18Z,45.371375,conditional_non_push,,market_consensus_no_model,live_snapshot_not_T60,pinnacle,a5179411c9224c8a3917b175,0.302689785736687,0.302689785736687,230.3712404983201,-40.371240498320105,3,OK,230,fanduel,,False,False,-3.0,closest_offered_consensus_to_50pct_no_interpolation,998375f0988c8504
938cc8608bf78b58dadcea53,2026-09-06T21:09:03.371375+00:00,998375f0988c8504abc453f8e528b151e37d989f9b20732e403c4d606c50877e,3e646c7479c57f5d9752d8c7dfe7059b,1,2026-09-14T00:20:00Z,New York Giants,Dallas Cowboys,spreads,alternate_spreads,,7.5,Dallas Cowboys,-7.5,fanduel,230,3.3,0.266383483791314,1.107960001549078,2026-09-06T21:08:22Z,41.371375,conditional_non_push,,market_consensus_no_model,live_snapshot_not_T60,pinnacle,a5179411c9224c8a3917b175,0.302689785736687,0.302689785736687,230.3712404983201,-0.3712404983201054,3,OK,230,fanduel,,False,False,-3.0,closest_offered_consensus_to_50pct_no_interpolation,998375f0988c8504
bd8d8da9e5034dd0e3135c8e,2026-09-06T21:09:03.371375+00:00,998375f0988c8504abc453f8e528b151e37d989f9b20732e403c4d606c50877e,3e646c7479c57f5d9752d8c7dfe7059b,1,2026-09-14T00:20:00Z,New York Giants,Dallas Cowboys,spreads,alternate_spreads,,7.5,Dallas Cowboys,-7.5,pinnacle,199,2.99,0.31003121828965163,1.0692145868624503,2026-09-06T21:08:57Z,6.371375,conditional_non_push,,market_consensus_no_model,live_snapshot_not_T60,pinnacle,a5179411c9224c8a3917b175,0.302689785736687,0.302689785736687,230.3712404983201,-31.371240498320105,3,OK,230,fanduel,,False,False,-3.0,closest_offered_consensus_to_50pct_no_interpolation,998375f0988c8504
8ecf464692c987fa866d1aa1,2026-09-06T21:09:03.371375+00:00,998375f0988c8504abc453f8e528b151e37d989f9b20732e403c4d606c50877e,3e646c7479c57f5d9752d8c7dfe7059b,1,2026-09-14T00:20:00Z,New York Giants,Dallas Cowboys,spreads,alternate_spreads,,-7.5,New York Giants,-7.5,draftkings,319,4.1899999999999995,0.19196421912532474,1.151982576648519,2026-09-06T21:08:18Z,45.371375,conditional_non_push,,market_consensus_no_model,live_snapshot_not_T60,pinnacle,e9fad6cc61bd09f570609872,0.17159454082885234,0.17159454082885234,482.7691225896258,-163.7691225896258,2,OK,420,fanduel,,False,False,3.0,closest_offered_consensus_to_50pct_no_interpolation,998375f0988c8504
26376fef06c5b0254a0ea853,2026-09-06T21:09:03.371375+00:00,998375f0988c8504abc453f8e528b151e37d989f9b20732e403c4d606c50877e,3e646c7479c57f5d9752d8c7dfe7059b,1,2026-09-14T00:20:00Z,New York Giants,Dallas Cowboys,spreads,alternate_spreads,,-7.5,New York Giants,-7.5,fanduel,420,5.2,0.15122486253237996,1.1457723052543067,2026-09-06T21:08:22Z,41.371375,conditional_non_push,,market_consensus_no_model,live_snapshot_not_T60,pinnacle,e9fad6cc61bd09f570609872,0.17159454082885234,0.17159454082885234,482.7691225896258,-62.769122589625795,2,OK,420,fanduel,,False,False,3.0,closest_offered_consensus_to_50pct_no_interpolation,998375f0988c8504
b2911322ca5a992aedb4347d,2026-09-06T21:09:03.371375+00:00,998375f0988c8504abc453f8e528b151e37d989f9b20732e403c4d606c50877e,3e646c7479c57f5d9752d8c7dfe7059b,1,2026-09-14T00:20:00Z,New York Giants,Dallas Cowboys,spreads,alternate_spreads,,8.5,Dallas Cowboys,-8.5,draftkings,210,3.1,0.27955289812859835,1.126534705475068,2026-09-06T21:08:18Z,45.371375,conditional_non_push,,market_consensus_no_model,live_snapshot_not_T60,pinnacle,e0c4ad9117be0c6a889e62d8,0.261798257873723,0.261798257873723,281.9735120171597,-71.97351201715969,2,OK,255,fanduel,,False,False,-3.0,closest_offered_consensus_to_50pct_no_interpolation,998375f0988c8504
5caface30dfc1c4152a31054,2026-09-06T21:09:03.371375+00:00,998375f0988c8504abc453f8e528b151e37d989f9b20732e403c4d606c50877e,3e646c7479c57f5d9752d8c7dfe7059b,1,2026-09-14T00:20:00Z,New York Giants,Dallas Cowboys,spreads,alternate_spreads,,8.5,Dallas Cowboys,-8.5,fanduel,255,3.55,0.24404361761884774,1.1132333373925984,2026-09-06T21:08:22Z,41.371375,conditional_non_push,,market_consensus_no_model,live_snapshot_not_T60,pinnacle,e0c4ad9117be0c6a889e62d8,0.261798257873723,0.261798257873723,281.9735120171597,-26.973512017159692,2,OK,255,fanduel,,False,False,-3.0,closest_offered_consensus_to_50pct_no_interpolation,998375f0988c8504
ea577890c10d42370e02c54a,2026-09-06T21:09:03.371375+00:00,998375f0988c8504abc453f8e528b151e37d989f9b20732e403c4d606c50877e,3e646c7479c57f5d9752d8c7dfe7059b,1,2026-09-14T00:20:00Z,New York Giants,Dallas Cowboys,spreads,alternate_spreads,,-8.5,New York Giants,-8.5,draftkings,357,4.57,0.1711840791492466,1.1615666185220626,2026-09-06T21:08:18Z,45.371375,conditional_non_push,,market_consensus_no_model,live_snapshot_not_T60,pinnacle,1a2d870071560cee8e1e4eaa,0.15279011301511483,0.15279011301511483,554.4926109852897,-197.49261098528973,2,OK,470,fanduel,,False,False,3.0,closest_offered_consensus_to_50pct_no_interpolation,998375f0988c8504
0cf2595636014d6e3b651c5c,2026-09-06T21:09:03.371375+00:00,998375f0988c8504abc453f8e528b151e37d989f9b20732e403c4d606c50877e,3e646c7479c57f5d9752d8c7dfe7059b,1,2026-09-14T00:20:00Z,New York Giants,Dallas Cowboys,spreads,alternate_spreads,,-8.5,New York Giants,-8.5,fanduel,470,5.7,0.13439614688098311,1.153118371018198,2026-09-06T21:08:22Z,41.371375,conditional_non_push,,market_consensus_no_model,live_snapshot_not_T60,pinnacle,1a2d870071560cee8e1e4eaa,0.15279011301511483,0.15279011301511483,554.4926109852897,-84.49261098528973,2,OK,470,fanduel,,False,False,3.0,closest_offered_consensus_to_50pct_no_interpolation,998375f0988c8504
1a5da2cc6185cf4bdf917966,2026-09-06T21:09:03.371375+00:00,998375f0988c8504abc453f8e528b151e37d989f9b20732e403c4d606c50877e,3e646c7479c57f5d9752d8c7dfe7059b,1,2026-09-14T00:20:00Z,New York Giants,Dallas Cowboys,spreads,alternate_spreads,,9.5,Dallas Cowboys,-9.5,draftkings,223,3.23,0.26581203103812623,1.1300520734184425,2026-09-06T21:08:18Z,45.371375,conditional_non_push,,market_consensus_no_model,live_snapshot_not_T60,pinnacle,88e1b869f24e4ef0f767aea8,0.2454428638308469,0.2454428638308469,307.42679758217577,-84.42679758217577,2,OK,280,fanduel,,False,False,-3.0,closest_offered_consensus_to_50pct_no_interpolation,998375f0988c8504
11b492aeabcc644edcc976dd,2026-09-06T21:09:03.371375+00:00,998375f0988c8504abc453f8e528b151e37d989f9b20732e403c4d606c50877e,3e646c7479c57f5d9752d8c7dfe7059b,1,2026-09-14T00:20:00Z,New York Giants,Dallas Cowboys,spreads,alternate_spreads,,9.5,Dallas Cowboys,-9.5,fanduel,280,3.8,0.22507369662356766,1.1170982758152546,2026-09-06T21:08:22Z,41.371375,conditional_non_push,,market_consensus_no_model,live_snapshot_not_T60,pinnacle,88e1b869f24e4ef0f767aea8,0.2454428638308469,0.2454428638308469,307.42679758217577,-27.426797582175766,2,OK,280,fanduel,,False,False,-3.0,closest_offered_consensus_to_50pct_no_interpolation,998375f0988c8504
00d52aebabc7f33a90d33637,2026-09-06T21:09:03.371375+00:00,998375f0988c8504abc453f8e528b151e37d989f9b20732e403c4d606c50877e,3e646c7479c57f5d9752d8c7dfe7059b,1,2026-09-14T00:20:00Z,New York Giants,Dallas Cowboys,spreads,alternate_spreads,,-9.5,New York Giants,-9.5,draftkings,379,4.79,0.16032126812180592,1.1685541102983565,2026-09-06T21:08:18Z,45.371375,conditional_non_push,,market_consensus_no_model,live_snapshot_not_T60,pinnacle,0209005bb9c59de622b109b1,0.14130728155967542,0.14130728155967542,607.6776150262931,-228.6776150262931,2,OK,500,fanduel,,False,False,3.0,closest_offered_consensus_to_50pct_no_interpolation,998375f0988c8504
a08da6def8f537e2a5d73c64,2026-09-06T21:09:03.371375+00:00,998375f0988c8504abc453f8e528b151e37d989f9b20732e403c4d606c50877e,3e646c7479c57f5d9752d8c7dfe7059b,1,2026-09-14T00:20:00Z,New York Giants,Dallas Cowboys,spreads,alternate_spreads,,-9.5,New York Giants,-9.5,fanduel,500,6.0,0.1222932949975449,1.1727763118339127,2026-09-06T21:08:22Z,41.371375,conditional_non_push,,market_consensus_no_model,live_snapshot_not_T60,pinnacle,0209005bb9c59de622b109b1,0.14130728155967542,0.14130728155967542,607.6776150262931,-107.6776150262931,2,OK,500,fanduel,,False,False,3.0,closest_offered_consensus_to_50pct_no_interpolation,998375f0988c8504
4d3db369eca860393516b51a,2026-09-06T21:09:03.371375+00:00,998375f0988c8504abc453f8e528b151e37d989f9b20732e403c4d606c50877e,3e646c7479c57f5d9752d8c7dfe7059b,1,2026-09-14T00:20:00Z,New York Giants,Dallas Cowboys,spreads,alternate_spreads,,1.0,New York Giants,1.0,pinnacle,128,2.2800000000000002,0.41868245641638063,1.056380063726897,2026-09-06T21:08:57Z,6.371375,conditional_non_push,,market_consensus_no_model,live_snapshot_not_T60,pinnacle,ac1422205d5e9bcc140d1cee,0.4186824564163805,0.4186824564163805,138.84449531496446,-10.844495314964462,1,FEWER_THAN_TWO_BOOKS,128,pinnacle,,False,False,3.0,closest_offered_consensus_to_50pct_no_interpolation,998375f0988c8504
aa4fcc53b8106c0995e7b021,2026-09-06T21:09:03.371375+00:00,998375f0988c8504abc453f8e528b151e37d989f9b20732e403c4d606c50877e,3e646c7479c57f5d9752d8c7dfe7059b,1,2026-09-14T00:20:00Z,New York Giants,Dallas Cowboys,spreads,alternate_spreads,,-1.5,Dallas Cowboys,1.5,draftkings,-172,1.5813953488372094,0.6004234693007796,1.1130518068031252,2026-09-06T21:08:18Z,45.371375,conditional_non_push,,market_consensus_no_model,live_snapshot_not_T60,pinnacle,277bfe2130e2c0c22d073fbe,0.6121766556476915,0.6121766556476915,-157.84935707520867,-14.150642924791327,2,OK,-172,draftkings,,False,False,-3.0,closest_offered_consensus_to_50pct_no_interpolation,998375f0988c8504
16ad5dd8f08a2f6f99811169,2026-09-06T21:09:03.371375+00:00,998375f0988c8504abc453f8e528b151e37d989f9b20732e403c4d606c50877e,3e646c7479c57f5d9752d8c7dfe7059b,1,2026-09-14T00:20:00Z,New York Giants,Dallas Cowboys,spreads,alternate_spreads,,-1.5,Dallas Cowboys,1.5,fanduel,-186,1.5376344086021505,0.6239298419946038,1.0963920540902317,2026-09-06T21:08:22Z,41.371375,conditional_non_push,,market_consensus_no_model,live_snapshot_not_T60,pinnacle,277bfe2130e2c0c22d073fbe,0.6121766556476915,0.6121766556476915,-157.84935707520867,-28.150642924791327,2,OK,-172,draftkings,,False,False,-3.0,closest_offered_consensus_to_50pct_no_interpolation,998375f0988c8504
4c4dbe62dccf5c5f6868a3f5,2026-09-06T21:09:03.371375+00:00,998375f0988c8504abc453f8e528b151e37d989f9b20732e403c4d606c50877e,3e646c7479c57f5d9752d8c7dfe7059b,1,2026-09-14T00:20:00Z,New York Giants,Dallas Cowboys,spreads,alternate_spreads,,1.5,New York Giants,1.5,draftkings,100,2.0,0.46232146141998093,1.11303175942682,2026-09-06T21:08:18Z,45.371375,conditional_non_push,,market_consensus_no_model,live_snapshot_not_T60,pinnacle,655be79bdaae9c5506ca4c60,0.43248976989687954,0.43248976989687954,131.21934196002707,-31.219341960027066,3,OK,122,pinnacle,,False,False,3.0,closest_offered_consensus_to_50pct_no_interpolation,998375f0988c8504
137bac112fc82048c9668a33,2026-09-06T21:09:03.371375+00:00,998375f0988c8504abc453f8e528b151e37d989f9b20732e403c4d606c50877e,3e646c7479c57f5d9752d8c7dfe7059b,1,2026-09-14T00:20:00Z,New York Giants,Dallas Cowboys,spreads,alternate_spreads,,1.5,New York Giants,1.5,fanduel,116,2.16,0.43108917137582475,1.0926260653099011,2026-09-06T21:08:22Z,41.371375,conditional_non_push,,market_consensus_no_model,live_snapshot_not_T60,pinnacle,655be79bdaae9c5506ca4c60,0.43248976989687954,0.43248976989687954,131.21934196002707,-15.219341960027066,3,OK,122,pinnacle,,False,False,3.0,closest_offered_consensus_to_50pct_no_interpolation,998375f0988c8504
3a087196dfdb9ee71d1cd2c4,2026-09-06T21:09:03.371375+00:00,998375f0988c8504abc453f8e528b151e37d989f9b20732e403c4d606c50877e,3e646c7479c57f5d9752d8c7dfe7059b,1,2026-09-14T00:20:00Z,New York Giants,Dallas Cowboys,spreads,alternate_spreads,,1.5,New York Giants,1.5,pinnacle,122,2.2199999999999998,0.43248976989687965,1.0510207439298012,2026-09-06T21:08:57Z,6.371375,conditional_non_push,,market_consensus_no_model,live_snapshot_not_T60,pinnacle,655be79bdaae9c5506ca4c60,0.43248976989687954,0.43248976989687954,131.21934196002707,-9.219341960027066,3,OK,122,pinnacle,,False,False,3.0,closest_offered_consensus_to_50pct_no_interpolation,998375f0988c8504
d49513bd671fe8bb5694c6df,2026-09-06T21:09:03.371375+00:00,998375f0988c8504abc453f8e528b151e37d989f9b20732e403c4d606c50877e,3e646c7479c57f5d9752d8c7dfe7059b,1,2026-09-14T00:20:00Z,New York Giants,Dallas Cowboys,spreads,alternate_spreads,,-10.5,Dallas Cowboys,10.5,draftkings,-770,1.12987012987013,0.8649278428961508,1.1884192401054432,2026-09-06T21:08:18Z,45.371375,conditional_non_push,,market_consensus_no_model,live_snapshot_not_T60,pinnacle,3baef93d1f5970c2b9a90c1c,0.8832328981507963,0.8832328981507963,-756.4056006900197,-13.594399309980304,2,OK,-770,draftkings,,False,False,-3.0,closest_offered_consensus_to_50pct_no_interpolation,998375f0988c8504
4eb4fb1d2b1067d97ca49bea,2026-09-06T21:09:03.371375+00:00,998375f0988c8504abc453f8e528b151e37d989f9b20732e403c4d606c50877e,3e646c7479c57f5d9752d8c7dfe7059b,1,2026-09-14T00:20:00Z,New York Giants,Dallas Cowboys,spreads,alternate_spreads,,-10.5,Dallas Cowboys,10.5,fanduel,-1100,1.0909090909090908,0.9015379534054418,1.191259586133878,2026-09-06T21:08:22Z,41.371375,conditional_non_push,,market_consensus_no_model,live_snapshot_not_T60,pinnacle,3baef93d1f5970c2b9a90c1c,0.8832328981507963,0.8832328981507963,-756.4056006900197,-343.5943993099803,2,OK,-770,draftkings,,False,False,-3.0,closest_offered_consensus_to_50pct_no_interpolation,998375f0988c8504
1432a147536d5d68d87be25e,2026-09-06T21:09:03.371375+00:00,998375f0988c8504abc453f8e528b151e37d989f9b20732e403c4d606c50877e,3e646c7479c57f5d9752d8c7dfe7059b,1,2026-09-14T00:20:00Z,New York Giants,Dallas Cowboys,spreads,alternate_spreads,,10.5,New York Giants,10.5,draftkings,-382,1.2617801047120418,0.7676759253812097,1.1370360452152184,2026-09-06T21:08:18Z,45.371375,conditional_non_push,,market_consensus_no_model,live_snapshot_not_T60,pinnacle,fb0e4ca6b315a5c1a89ebf39,0.7844922673314682,0.7844922673314682,-364.02047277722517,-17.979527222774834,2,OK,-382,draftkings,,False,False,3.0,closest_offered_consensus_to_50pct_no_interpolation,998375f0988c8504
c9c4ff90300aa07cc20ef5cb,2026-09-06T21:09:03.371375+00:00,998375f0988c8504abc453f8e528b151e37d989f9b20732e403c4d606c50877e,3e646c7479c57f5d9752d8c7dfe7059b,1,2026-09-14T00:20:00Z,New York Giants,Dallas Cowboys,spreads,alternate_spreads,,10.5,New York Giants,10.5,fanduel,-460,1.2173913043478262,0.8013086092817271,1.1260677889883568,2026-09-06T21:08:22Z,41.371375,conditional_non_push,,market_consensus_no_model,live_snapshot_not_T60,pinnacle,fb0e4ca6b315a5c1a89ebf39,0.7844922673314682,0.7844922673314682,-364.02047277722517,-95.97952722277483,2,OK,-382,draftkings,,False,False,3.0,closest_offered_consensus_to_50pct_no_interpolation,998375f0988c8504
c884272f237fc03930934954,2026-09-06T21:09:03.371375+00:00,998375f0988c8504abc453f8e528b151e37d989f9b20732e403c4d606c50877e,3e646c7479c57f5d9752d8c7dfe7059b,1,2026-09-14T00:20:00Z,New York Giants,Dallas Cowboys,spreads,alternate_spreads,,-11.5,Dallas Cowboys,11.5,draftkings,-880,1.1136363636363635,0.8787921085931405,1.200465678015186,2026-09-06T21:08:18Z,45.371375,conditional_non_push,,market_consensus_no_model,live_snapshot_not_T60,pinnacle,b954966fb3ba94413b58965e,0.8935385731199965,0.8935385731199965,-839.3073428624398,-40.69265713756022,2,OK,-880,draftkings,,False,False,-3.0,closest_offered_consensus_to_50pct_no_interpolation,998375f0988c8504
c67a63438e88f565f2b6dbf4,2026-09-06T21:09:03.371375+00:00,998375f0988c8504abc453f8e528b151e37d989f9b20732e403c4d606c50877e,3e646c7479c57f5d9752d8c7dfe7059b,1,2026-09-14T00:20:00Z,New York Giants,Dallas Cowboys,spreads,alternate_spreads,,-11.5,Dallas Cowboys,11.5,fanduel,-1200,1.0833333333333333,0.9082850376468526,1.2018213067191894,2026-09-06T21:08:22Z,41.371375,conditional_non_push,,market_consensus_no_model,live_snapshot_not_T60,pinnacle,b954966fb3ba94413b58965e,0.8935385731199965,0.8935385731199965,-839.3073428624398,-360.6926571375602,2,OK,-880,draftkings,,False,False,-3.0,closest_offered_consensus_to_50pct_no_interpolation,998375f0988c8504
fe040f19aa4f76409e172522,2026-09-06T21:09:03.371375+00:00,998375f0988c8504abc453f8e528b151e37d989f9b20732e403c4d606c50877e,3e646c7479c57f5d9752d8c7dfe7059b,1,2026-09-14T00:20:00Z,New York Giants,Dallas Cowboys,spreads,alternate_spreads,,11.5,New York Giants,11.5,draftkings,-432,1.2314814814814814,0.788020837108654,1.1441415228318395,2026-09-06T21:08:18Z,45.371375,conditional_non_push,,market_consensus_no_model,live_snapshot_not_T60,pinnacle,eea0eeb07ff2db455ad040b8,0.8006961131740407,0.8006961131740407,-401.746361260502,-30.253638739498,2,OK,-432,draftkings,,False,False,3.0,closest_offered_consensus_to_50pct_no_interpolation,998375f0988c8504
69deadb8fea1c2ca82a74beb,2026-09-06T21:09:03.371375+00:00,998375f0988c8504abc453f8e528b151e37d989f9b20732e403c4d606c50877e,3e646c7479c57f5d9752d8c7dfe7059b,1,2026-09-14T00:20:00Z,New York Giants,Dallas Cowboys,spreads,alternate_spreads,,11.5,New York Giants,11.5,fanduel,-500,1.2,0.8133713892394274,1.1329842945702202,2026-09-06T21:08:22Z,41.371375,conditional_non_push,,market_consensus_no_model,live_snapshot_not_T60,pinnacle,eea0eeb07ff2db455ad040b8,0.8006961131740407,0.8006961131740407,-401.746361260502,-98.253638739498,2,OK,-432,draftkings,,False,False,3.0,closest_offered_consensus_to_50pct_no_interpolation,998375f0988c8504
e24479e889e12596e1db4039,2026-09-06T21:09:03.371375+00:00,998375f0988c8504abc453f8e528b151e37d989f9b20732e403c4d606c50877e,3e646c7479c57f5d9752d8c7dfe7059b,1,2026-09-14T00:20:00Z,New York Giants,Dallas Cowboys,spreads,alternate_spreads,,-12.5,Dallas Cowboys,12.5,draftkings,-990,1.101010101010101,0.8899464058758608,1.21164315271022,2026-09-06T21:08:18Z,45.371375,conditional_non_push,,market_consensus_no_model,live_snapshot_not_T60,pinnacle,39d7146a3cc48ea4c8ed4303,0.9048338331480876,0.9048338331480876,-950.7936098299465,-39.20639017005351,2,OK,-990,draftkings,,False,False,-3.0,closest_offered_consensus_to_50pct_no_interpolation,998375f0988c8504
f633ab1c956ffc94fc428e1c,2026-09-06T21:09:03.371375+00:00,998375f0988c8504abc453f8e528b151e37d989f9b20732e403c4d606c50877e,3e646c7479c57f5d9752d8c7dfe7059b,1,2026-09-14T00:20:00Z,New York Giants,Dallas Cowboys,spreads,alternate_spreads,,-12.5,Dallas Cowboys,12.5,fanduel,-1400,1.0714285714285714,0.9197212604203144,1.2129460746670326,2026-09-06T21:08:22Z,41.371375,conditional_non_push,,market_consensus_no_model,live_snapshot_not_T60,pinnacle,39d7146a3cc48ea4c8ed4303,0.9048338331480876,0.9048338331480876,-950.7936098299465,-449.2063901700535,2,OK,-990,draftkings,,False,False,-3.0,closest_offered_consensus_to_50pct_no_interpolation,998375f0988c8504
9acdb6537f99d42ab8244632,2026-09-06T21:09:03.371375+00:00,998375f0988c8504abc453f8e528b151e37d989f9b20732e403c4d606c50877e,3e646c7479c57f5d9752d8c7dfe7059b,1,2026-09-14T00:20:00Z,New York Giants,Dallas Cowboys,spreads,alternate_spreads,,12.5,New York Giants,12.5,draftkings,-480,1.2083333333333333,0.8043696961953561,1.1503593006089226,2026-09-06T21:08:18Z,45.371375,conditional_non_push,,market_consensus_no_model,live_snapshot_not_T60,pinnacle,a565efde0e5e47f0ae3794b4,0.813327694721985,0.813327694721985,-435.698103963884,-44.30189603611598,2,OK,-480,draftkings,,False,False,3.0,closest_offered_consensus_to_50pct_no_interpolation,998375f0988c8504
1f93131a4be734036e2a949d,2026-09-06T21:09:03.371375+00:00,998375f0988c8504abc453f8e528b151e37d989f9b20732e403c4d606c50877e,3e646c7479c57f5d9752d8c7dfe7059b,1,2026-09-14T00:20:00Z,New York Giants,Dallas Cowboys,spreads,alternate_spreads,,12.5,New York Giants,12.5,fanduel,-530,1.1886792452830188,0.8222856932486139,1.132053930386304,2026-09-06T21:08:22Z,41.371375,conditional_non_push,,market_consensus_no_model,live_snapshot_not_T60,pinnacle,a565efde0e5e47f0ae3794b4,0.813327694721985,0.813327694721985,-435.698103963884,-94.30189603611598,2,OK,-480,draftkings,,False,False,3.0,closest_offered_consensus_to_50pct_no_interpolation,998375f0988c8504
b9b128326b6cafc239be716d,2026-09-06T21:09:03.371375+00:00,998375f0988c8504abc453f8e528b151e37d989f9b20732e403c4d606c50877e,3e646c7479c57f5d9752d8c7dfe7059b,1,2026-09-14T00:20:00Z,New York Giants,Dallas Cowboys,spreads,alternate_spreads,,-13.5,Dallas Cowboys,13.5,draftkings,-1140,1.087719298245614,0.9021400003581939,1.224806635861297,2026-09-06T21:08:18Z,45.371375,conditional_non_push,,market_consensus_no_model,live_snapshot_not_T60,pinnacle,a97accf6c772837f1f6bece0,0.9185522580775902,0.9185522580775902,-1127.7811224682425,-12.218877531757471,2,OK,-1140,draftkings,,False,False,-3.0,closest_offered_consensus_to_50pct_no_interpolation,998375f0988c8504
22137ee54ac40159f74684ed,2026-09-06T21:09:03.371375+00:00,998375f0988c8504abc453f8e528b151e37d989f9b20732e403c4d606c50877e,3e646c7479c57f5d9752d8c7dfe7059b,1,2026-09-14T00:20:00Z,New York Giants,Dallas Cowboys,spreads,alternate_spreads,,-13.5,Dallas Cowboys,13.5,fanduel,-1800,1.0555555555555556,0.9349645157969867,1.2437610044118093,2026-09-06T21:08:22Z,41.371375,conditional_non_push,,market_consensus_no_model,live_snapshot_not_T60,pinnacle,a97accf6c772837f1f6bece0,0.9185522580775902,0.9185522580775902,-1127.7811224682425,-672.2188775317575,2,OK,-1140,draftkings,,False,False,-3.0,closest_offered_consensus_to_50pct_no_interpolation,998375f0988c8504
1c4cf0d4d55cb47814a89de0,2026-09-06T21:09:03.371375+00:00,998375f0988c8504abc453f8e528b151e37d989f9b20732e403c4d606c50877e,3e646c7479c57f5d9752d8c7dfe7059b,1,2026-09-14T00:20:00Z,New York Giants,Dallas Cowboys,spreads,alternate_spreads,,13.5,New York Giants,13.5,draftkings,-538,1.1858736059479553,0.8209371737444878,1.1573733980595566,2026-09-06T21:08:18Z,45.371375,conditional_non_push,,market_consensus_no_model,live_snapshot_not_T60,pinnacle,9d15872fb79bb0d76d226b4d,0.8316213811095035,0.8316213811095035,-493.89963321313417,-44.100366786865834,2,OK,-538,draftkings,,False,False,3.0,closest_offered_consensus_to_50pct_no_interpolation,998375f0988c8504
d57d442487790057a72d9b0f,2026-09-06T21:09:03.371375+00:00,998375f0988c8504abc453f8e528b151e37d989f9b20732e403c4d606c50877e,3e646c7479c57f5d9752d8c7dfe7059b,1,2026-09-14T00:20:00Z,New York Giants,Dallas Cowboys,spreads,alternate_spreads,,13.5,New York Giants,13.5,fanduel,-620,1.1612903225806452,0.8423055884745192,1.1476654108548892,2026-09-06T21:08:22Z,41.371375,conditional_non_push,,market_consensus_no_model,live_snapshot_not_T60,pinnacle,9d15872fb79bb0d76d226b4d,0.8316213811095035,0.8316213811095035,-493.89963321313417,-126.10036678686583,2,OK,-538,draftkings,,False,False,3.0,closest_offered_consensus_to_50pct_no_interpolation,998375f0988c8504
390ea5c5191eaa704fd892c6,2026-09-06T21:09:03.371375+00:00,998375f0988c8504abc453f8e528b151e37d989f9b20732e403c4d606c50877e,3e646c7479c57f5d9752d8c7dfe7059b,1,2026-09-14T00:20:00Z,New York Giants,Dallas Cowboys,spreads,alternate_spreads,,-14.5,Dallas Cowboys,14.5,draftkings,-1520,1.0657894736842106,0.9227166804338912,1.2623717908050192,2026-09-06T21:08:18Z,45.371375,conditional_non_push,,market_consensus_no_model,live_snapshot_not_T60,pinnacle,95962fe0b004a6e412e3d555,0.9364537490476476,0.9364537490476476,-1473.656958535302,-46.34304146469799,2,OK,-1520,draftkings,,False,False,-3.0,closest_offered_consensus_to_50pct_no_interpolation,998375f0988c8504
366139ae9791a5bc7dc3c4f8,2026-09-06T21:09:03.371375+00:00,998375f0988c8504abc453f8e528b151e37d989f9b20732e403c4d606c50877e,3e646c7479c57f5d9752d8c7dfe7059b,1,2026-09-14T00:20:00Z,New York Giants,Dallas Cowboys,spreads,alternate_spreads,,-14.5,Dallas Cowboys,14.5,fanduel,-2500,1.04,0.9501908176614043,1.302690587533839,2026-09-06T21:08:22Z,41.371375,conditional_non_push,,market_consensus_no_model,live_snapshot_not_T60,pinnacle,95962fe0b004a6e412e3d555,0.9364537490476476,0.9364537490476476,-1473.656958535302,-1026.343041464698,2,OK,-1520,draftkings,,False,False,-3.0,closest_offered_consensus_to_50pct_no_interpolation,998375f0988c8504
2a6bcd9122f1c199759d4a2f,2026-09-06T21:09:03.371375+00:00,998375f0988c8504abc453f8e528b151e37d989f9b20732e403c4d606c50877e,3e646c7479c57f5d9752d8c7dfe7059b,1,2026-09-14T00:20:00Z,New York Giants,Dallas Cowboys,spreads,alternate_spreads,,14.5,New York Giants,14.5,draftkings,-680,1.1470588235294117,0.8506843671494665,1.178664677377034,2026-09-06T21:08:18Z,45.371375,conditional_non_push,,market_consensus_no_model,live_snapshot_not_T60,pinnacle,cd5879833ecda94c8f04b5e0,0.861109978110735,0.861109978110735,-619.9941265739632,-60.00587342603683,2,OK,-680,draftkings,,False,False,3.0,closest_offered_consensus_to_50pct_no_interpolation,998375f0988c8504
7e2060c4a63556b42a6a44fd,2026-09-06T21:09:03.371375+00:00,998375f0988c8504abc453f8e528b151e37d989f9b20732e403c4d606c50877e,3e646c7479c57f5d9752d8c7dfe7059b,1,2026-09-14T00:20:00Z,New York Giants,Dallas Cowboys,spreads,alternate_spreads,,14.5,New York Giants,14.5,fanduel,-800,1.125,0.8715355890720035,1.167388644028101,2026-09-06T21:08:22Z,41.371375,conditional_non_push,,market_consensus_no_model,live_snapshot_not_T60,pinnacle,cd5879833ecda94c8f04b5e0,0.861109978110735,0.861109978110735,-619.9941265739632,-180.00587342603683,2,OK,-680,draftkings,,False,False,3.0,closest_offered_consensus_to_50pct_no_interpolation,998375f0988c8504
4be7fb86b9ce9e90d6016086,2026-09-06T21:09:03.371375+00:00,998375f0988c8504abc453f8e528b151e37d989f9b20732e403c4d606c50877e,3e646c7479c57f5d9752d8c7dfe7059b,1,2026-09-14T00:20:00Z,New York Giants,Dallas Cowboys,spreads,alternate_spreads,,-15.5,Dallas Cowboys,15.5,draftkings,-1760,1.0568181818181819,0.9315923267869082,1.2822392851930586,2026-09-06T21:08:18Z,45.371375,conditional_non_push,,market_consensus_no_model,live_snapshot_not_T60,pinnacle,c6ffbbfd483af8330b367cb1,0.9446348103812046,0.9446348103812046,-1706.189063715441,-53.81093628455892,2,OK,-1760,draftkings,,False,False,-3.0,closest_offered_consensus_to_50pct_no_interpolation,998375f0988c8504
1f562f56e1000d5539765195,2026-09-06T21:09:03.371375+00:00,998375f0988c8504abc453f8e528b151e37d989f9b20732e403c4d606c50877e,3e646c7479c57f5d9752d8c7dfe7059b,1,2026-09-14T00:20:00Z,New York Giants,Dallas Cowboys,spreads,alternate_spreads,,-15.5,Dallas Cowboys,15.5,fanduel,-3000,1.0333333333333334,0.9576772939755013,1.3188363926369235,2026-09-06T21:08:22Z,41.371375,conditional_non_push,,market_consensus_no_model,live_snapshot_not_T60,pinnacle,c6ffbbfd483af8330b367cb1,0.9446348103812046,0.9446348103812046,-1706.189063715441,-1293.810936284559,2,OK,-1760,draftkings,,False,False,-3.0,closest_offered_consensus_to_50pct_no_interpolation,998375f0988c8504
cf1ba9e85fd846e45e51a157,2026-09-06T21:09:03.371375+00:00,998375f0988c8504abc453f8e528b151e37d989f9b20732e403c4d606c50877e,3e646c7479c57f5d9752d8c7dfe7059b,1,2026-09-14T00:20:00Z,New York Giants,Dallas Cowboys,spreads,alternate_spreads,,15.5,New York Giants,15.5,draftkings,-750,1.1333333333333333,0.8622130348251696,1.184477276498348,2026-09-06T21:08:18Z,45.371375,conditional_non_push,,market_consensus_no_model,live_snapshot_not_T60,pinnacle,50d9d041d3dd131e7be5281f,0.8727698179598509,0.8727698179598509,-685.9770252348118,-64.02297476518822,2,OK,-750,draftkings,,False,False,3.0,closest_offered_consensus_to_50pct_no_interpolation,998375f0988c8504
426d966a41815b338f375a41,2026-09-06T21:09:03.371375+00:00,998375f0988c8504abc453f8e528b151e37d989f9b20732e403c4d606c50877e,3e646c7479c57f5d9752d8c7dfe7059b,1,2026-09-14T00:20:00Z,New York Giants,Dallas Cowboys,spreads,alternate_spreads,,15.5,New York Giants,15.5,fanduel,-900,1.1111111111111112,0.8833266010945322,1.1774835129351686,2026-09-06T21:08:22Z,41.371375,conditional_non_push,,market_consensus_no_model,live_snapshot_not_T60,pinnacle,50d9d041d3dd131e7be5281f,0.8727698179598509,0.8727698179598509,-685.9770252348118,-214.02297476518822,2,OK,-750,draftkings,,False,False,3.0,closest_offered_consensus_to_50pct_no_interpolation,998375f0988c8504
58bc3aea667b3002ad45fda1,2026-09-06T21:09:03.371375+00:00,998375f0988c8504abc453f8e528b151e37d989f9b20732e403c4d606c50877e,3e646c7479c57f5d9752d8c7dfe7059b,1,2026-09-14T00:20:00Z,New York Giants,Dallas Cowboys,spreads,alternate_spreads,,-16.5,Dallas Cowboys,16.5,draftkings,-2100,1.0476190476190477,0.9409658347926725,1.3080057383010963,2026-09-06T21:08:18Z,45.371375,conditional_non_push,,market_consensus_no_model,live_snapshot_not_T60,pinnacle,7c2032e9498a50a4fe784633,0.9519122229184669,0.9519122229184669,-1979.530518336279,-120.4694816637209,2,OK,-2100,draftkings,,False,False,-3.0,closest_offered_consensus_to_50pct_no_interpolation,998375f0988c8504
8cc03320fa1385bb1b7eb7db,2026-09-06T21:09:03.371375+00:00,998375f0988c8504abc453f8e528b151e37d989f9b20732e403c4d606c50877e,3e646c7479c57f5d9752d8c7dfe7059b,1,2026-09-14T00:20:00Z,New York Giants,Dallas Cowboys,spreads,alternate_spreads,,-16.5,Dallas Cowboys,16.5,fanduel,-3500,1.0285714285714285,0.9628586110442617,1.3435399740514984,2026-09-06T21:08:22Z,41.371375,conditional_non_push,,market_consensus_no_model,live_snapshot_not_T60,pinnacle,7c2032e9498a50a4fe784633,0.9519122229184669,0.9519122229184669,-1979.530518336279,-1520.469481663721,2,OK,-2100,draftkings,,False,False,-3.0,closest_offered_consensus_to_50pct_no_interpolation,998375f0988c8504
176541beec9392ea32e0314a,2026-09-06T21:09:03.371375+00:00,998375f0988c8504abc453f8e528b151e37d989f9b20732e403c4d606c50877e,3e646c7479c57f5d9752d8c7dfe7059b,1,2026-09-14T00:20:00Z,New York Giants,Dallas Cowboys,spreads,alternate_spreads,,16.5,New York Giants,16.5,draftkings,-850,1.1176470588235294,0.8755503603825487,1.1948918693569177,2026-09-06T21:08:18Z,45.371375,conditional_non_push,,market_consensus_no_model,live_snapshot_not_T60,pinnacle,5eec1173d38547cca029db6e,0.8843660404536287,0.8843660404536287,-764.7978534359378,-85.20214656406222,2,OK,-850,draftkings,,False,False,3.0,closest_offered_consensus_to_50pct_no_interpolation,998375f0988c8504
582355d58ca9e29821025b98,2026-09-06T21:09:03.371375+00:00,998375f0988c8504abc453f8e528b151e37d989f9b20732e403c4d606c50877e,3e646c7479c57f5d9752d8c7dfe7059b,1,2026-09-14T00:20:00Z,New York Giants,Dallas Cowboys,spreads,alternate_spreads,,16.5,New York Giants,16.5,fanduel,-1000,1.1,0.8931817205247089,1.1852377638063105,2026-09-06T21:08:22Z,41.371375,conditional_non_push,,market_consensus_no_model,live_snapshot_not_T60,pinnacle,5eec1173d38547cca029db6e,0.8843660404536287,0.8843660404536287,-764.7978534359378,-235.20214656406222,2,OK,-850,draftkings,,False,False,3.0,closest_offered_consensus_to_50pct_no_interpolation,998375f0988c8504
a7bae5c83a1ef7b65301ca0f,2026-09-06T21:09:03.371375+00:00,998375f0988c8504abc453f8e528b151e37d989f9b20732e403c4d606c50877e,3e646c7479c57f5d9752d8c7dfe7059b,1,2026-09-14T00:20:00Z,New York Giants,Dallas Cowboys,spreads,alternate_spreads,,-17.5,Dallas Cowboys,17.5,draftkings,-2900,1.0344827586206897,0.9546821953732204,1.3679838032911005,2026-09-06T21:08:18Z,45.371375,conditional_non_push,,market_consensus_no_model,live_snapshot_not_T60,pinnacle,6daef0c5ea7a1df013d6c2f3,0.9624972980846089,0.9624972980846089,-2566.474544303703,-333.52545569629683,2,OK,-2900,draftkings,,False,False,-3.0,closest_offered_consensus_to_50pct_no_interpolation,998375f0988c8504
4a772bc2d301038a3ab3bdff,2026-09-06T21:09:03.371375+00:00,998375f0988c8504abc453f8e528b151e37d989f9b20732e403c4d606c50877e,3e646c7479c57f5d9752d8c7dfe7059b,1,2026-09-14T00:20:00Z,New York Giants,Dallas Cowboys,spreads,alternate_spreads,,-17.5,Dallas Cowboys,17.5,fanduel,-4500,1.0222222222222221,0.9703124007959976,1.3711872498976208,2026-09-06T21:08:22Z,41.371375,conditional_non_push,,market_consensus_no_model,live_snapshot_not_T60,pinnacle,6daef0c5ea7a1df013d6c2f3,0.9624972980846089,0.9624972980846089,-2566.474544303703,-1933.5254556962968,2,OK,-2900,draftkings,,False,False,-3.0,closest_offered_consensus_to_50pct_no_interpolation,998375f0988c8504
04577ee59973e34075a5d98a,2026-09-06T21:09:03.371375+00:00,998375f0988c8504abc453f8e528b151e37d989f9b20732e403c4d606c50877e,3e646c7479c57f5d9752d8c7dfe7059b,1,2026-09-14T00:20:00Z,New York Giants,Dallas Cowboys,spreads,alternate_spreads,,17.5,New York Giants,17.5,draftkings,-1060,1.0943396226415094,0.8960499517853279,1.217501743852313,2026-09-06T21:08:18Z,45.371375,conditional_non_push,,market_consensus_no_model,live_snapshot_not_T60,pinnacle,6525c0c64e148ab6069411a9,0.9075427747401053,0.9075427747401053,-981.5812362841597,-78.41876371584033,2,OK,-1060,draftkings,,False,False,3.0,closest_offered_consensus_to_50pct_no_interpolation,998375f0988c8504
e5121816776842f28152f843,2026-09-06T21:09:03.371375+00:00,998375f0988c8504abc453f8e528b151e37d989f9b20732e403c4d606c50877e,3e646c7479c57f5d9752d8c7dfe7059b,1,2026-09-14T00:20:00Z,New York Giants,Dallas Cowboys,spreads,alternate_spreads,,17.5,New York Giants,17.5,fanduel,-1400,1.0714285714285714,0.9190355976948827,1.2237557345683783,2026-09-06T21:08:22Z,41.371375,conditional_non_push,,market_consensus_no_model,live_snapshot_not_T60,pinnacle,6525c0c64e148ab6069411a9,0.9075427747401053,0.9075427747401053,-981.5812362841597,-418.4187637158403,2,OK,-1060,draftkings,,False,False,3.0,closest_offered_consensus_to_50pct_no_interpolation,998375f0988c8504
d7dfb38aeab56993537b966a,2026-09-06T21:09:03.371375+00:00,998375f0988c8504abc453f8e528b151e37d989f9b20732e403c4d606c50877e,3e646c7479c57f5d9752d8c7dfe7059b,1,2026-09-14T00:20:00Z,New York Giants,Dallas Cowboys,spreads,alternate_spreads,,-18.5,Dallas Cowboys,18.5,draftkings,-3800,1.0263157894736843,0.9638448220759888,1.4176816444416502,2026-09-06T21:08:18Z,45.371375,conditional_non_push,,market_consensus_no_model,live_snapshot_not_T60,pinnacle,e7b86c2567276eaf85c42954,0.9685251712249123,0.9685251712249123,-3077.1419858890545,-722.8580141109455,2,OK,-3800,draftkings,,False,False,-3.0,closest_offered_consensus_to_50pct_no_interpolation,998375f0988c8504
7fe722e864ea7460332edfcc,2026-09-06T21:09:03.371375+00:00,998375f0988c8504abc453f8e528b151e37d989f9b20732e403c4d606c50877e,3e646c7479c57f5d9752d8c7dfe7059b,1,2026-09-14T00:20:00Z,New York Giants,Dallas Cowboys,spreads,alternate_spreads,,-18.5,Dallas Cowboys,18.5,fanduel,-5000,1.02,0.9732055203738359,1.371534962944137,2026-09-06T21:08:22Z,41.371375,conditional_non_push,,market_consensus_no_model,live_snapshot_not_T60,pinnacle,e7b86c2567276eaf85c42954,0.9685251712249123,0.9685251712249123,-3077.1419858890545,-1922.8580141109455,2,OK,-3800,draftkings,,False,False,-3.0,closest_offered_consensus_to_50pct_no_interpolation,998375f0988c8504
0e10ee43fa37dd7398ddf0f7,2026-09-06T21:09:03.371375+00:00,998375f0988c8504abc453f8e528b151e37d989f9b20732e403c4d606c50877e,3e646c7479c57f5d9752d8c7dfe7059b,1,2026-09-14T00:20:00Z,New York Giants,Dallas Cowboys,spreads,alternate_spreads,,18.5,New York Giants,18.5,draftkings,-1280,1.078125,0.9108015506498284,1.24203659901116,2026-09-06T21:08:18Z,45.371375,conditional_non_push,,market_consensus_no_model,live_snapshot_not_T60,pinnacle,268f83eec90c1c4a87e5c17a,0.9228830332234075,0.9228830332234075,-1196.731499952527,-83.26850004747303,2,OK,-1280,draftkings,,False,False,3.0,closest_offered_consensus_to_50pct_no_interpolation,998375f0988c8504
8b0e5bdf2117f5841f640655,2026-09-06T21:09:03.371375+00:00,998375f0988c8504abc453f8e528b151e37d989f9b20732e403c4d606c50877e,3e646c7479c57f5d9752d8c7dfe7059b,1,2026-09-14T00:20:00Z,New York Giants,Dallas Cowboys,spreads,alternate_spreads,,18.5,New York Giants,18.5,fanduel,-1800,1.0555555555555556,0.9349645157969867,1.2437610044118093,2026-09-06T21:08:22Z,41.371375,conditional_non_push,,market_consensus_no_model,live_snapshot_not_T60,pinnacle,268f83eec90c1c4a87e5c17a,0.9228830332234075,0.9228830332234075,-1196.731499952527,-603.268500047473,2,OK,-1280,draftkings,,False,False,3.0,closest_offered_consensus_to_50pct_no_interpolation,998375f0988c8504
91f3dd5b1df3789fa31390fb,2026-09-06T21:09:03.371375+00:00,998375f0988c8504abc453f8e528b151e37d989f9b20732e403c4d606c50877e,3e646c7479c57f5d9752d8c7dfe7059b,1,2026-09-14T00:20:00Z,New York Giants,Dallas Cowboys,spreads,alternate_spreads,,-19.5,Dallas Cowboys,19.5,draftkings,-4800,1.0208333333333333,0.9702325502405286,1.4655935195633254,2026-09-06T21:08:18Z,45.371375,conditional_non_push,,market_consensus_no_model,live_snapshot_not_T60,pinnacle,0f1cf594ea3c76ed910f4618,0.9737107120423909,0.9737107120423909,-3703.8306766333044,-1096.1693233666956,2,OK,-4800,draftkings,,False,False,-3.0,closest_offered_consensus_to_50pct_no_interpolation,998375f0988c8504
c47747b99826ffdbe2c6c2af,2026-09-06T21:09:03.371375+00:00,998375f0988c8504abc453f8e528b151e37d989f9b20732e403c4d606c50877e,3e646c7479c57f5d9752d8c7dfe7059b,1,2026-09-14T00:20:00Z,New York Giants,Dallas Cowboys,spreads,alternate_spreads,,-19.5,Dallas Cowboys,19.5,fanduel,-6000,1.0166666666666666,0.9771888738442537,1.3960254027875676,2026-09-06T21:08:22Z,41.371375,conditional_non_push,,market_consensus_no_model,live_snapshot_not_T60,pinnacle,0f1cf594ea3c76ed910f4618,0.9737107120423909,0.9737107120423909,-3703.8306766333044,-2296.1693233666956,2,OK,-4800,draftkings,,False,False,-3.0,closest_offered_consensus_to_50pct_no_interpolation,998375f0988c8504
d92e3a4d05ed37467927714b,2026-09-06T21:09:03.371375+00:00,998375f0988c8504abc453f8e528b151e37d989f9b20732e403c4d606c50877e,3e646c7479c57f5d9752d8c7dfe7059b,1,2026-09-14T00:20:00Z,New York Giants,Dallas Cowboys,spreads,alternate_spreads,,19.5,New York Giants,19.5,draftkings,-1540,1.0649350649350648,0.923397739677282,1.2667361461231592,2026-09-06T21:08:18Z,45.371375,conditional_non_push,,market_consensus_no_model,live_snapshot_not_T60,pinnacle,14086f1c523067748bbeefb6,0.9341375475480982,0.9341375475480982,-1418.3157668328283,-121.68423316717167,2,OK,-1540,draftkings,,False,False,3.0,closest_offered_consensus_to_50pct_no_interpolation,998375f0988c8504
79940916ccb4f4f266157ca2,2026-09-06T21:09:03.371375+00:00,998375f0988c8504abc453f8e528b151e37d989f9b20732e403c4d606c50877e,3e646c7479c57f5d9752d8c7dfe7059b,1,2026-09-14T00:20:00Z,New York Giants,Dallas Cowboys,spreads,alternate_spreads,,19.5,New York Giants,19.5,fanduel,-2200,1.0454545454545454,0.9448773554189145,1.2755431788789866,2026-09-06T21:08:22Z,41.371375,conditional_non_push,,market_consensus_no_model,live_snapshot_not_T60,pinnacle,14086f1c523067748bbeefb6,0.9341375475480982,0.9341375475480982,-1418.3157668328283,-781.6842331671717,2,OK,-1540,draftkings,,False,False,3.0,closest_offered_consensus_to_50pct_no_interpolation,998375f0988c8504
226bec18a6af15aa5c7c822d,2026-09-06T21:09:03.371375+00:00,998375f0988c8504abc453f8e528b151e37d989f9b20732e403c4d606c50877e,3e646c7479c57f5d9752d8c7dfe7059b,1,2026-09-14T00:20:00Z,New York Giants,Dallas Cowboys,spreads,alternate_spreads,,2.0,New York Giants,2.0,pinnacle,116,2.16,0.4461971369384335,1.0478974133923136,2026-09-06T21:08:57Z,6.371375,conditional_non_push,,market_consensus_no_model,live_snapshot_not_T60,pinnacle,d88381269ffa77a78f87d22f,0.4461971369384334,0.4461971369384334,124.11618480151313,-8.116184801513128,1,FEWER_THAN_TWO_BOOKS,116,pinnacle,,False,False,3.0,closest_offered_consensus_to_50pct_no_interpolation,998375f0988c8504
eb6c9dd3925304e4420ec150,2026-09-06T21:09:03.371375+00:00,998375f0988c8504abc453f8e528b151e37d989f9b20732e403c4d606c50877e,3e646c7479c57f5d9752d8c7dfe7059b,1,2026-09-14T00:20:00Z,New York Giants,Dallas Cowboys,spreads,alternate_spreads,,-2.5,Dallas Cowboys,2.5,draftkings,-190,1.526315789473684,0.6244782261680049,1.1134709420818574,2026-09-06T21:08:18Z,45.371375,conditional_non_push,,market_consensus_no_model,live_snapshot_not_T60,pinnacle,b5938e4fd8238da47f8d02f2,0.6384045916137034,0.6384045916137034,-176.55218423893493,-13.447815761065073,2,OK,-190,draftkings,,False,False,-3.0,closest_offered_consensus_to_50pct_no_interpolation,998375f0988c8504
df07f09ce169c155ea0cf195,2026-09-06T21:09:03.371375+00:00,998375f0988c8504abc453f8e528b151e37d989f9b20732e403c4d606c50877e,3e646c7479c57f5d9752d8c7dfe7059b,1,2026-09-14T00:20:00Z,New York Giants,Dallas Cowboys,spreads,alternate_spreads,,-2.5,Dallas Cowboys,2.5,fanduel,-210,1.4761904761904763,0.6523309570594021,1.0968983062125188,2026-09-06T21:08:22Z,41.371375,conditional_non_push,,market_consensus_no_model,live_snapshot_not_T60,pinnacle,b5938e4fd8238da47f8d02f2,0.6384045916137034,0.6384045916137034,-176.55218423893493,-33.44781576106507,2,OK,-190,draftkings,,False,False,-3.0,closest_offered_consensus_to_50pct_no_interpolation,998375f0988c8504
b780ee47b5156b87fa7a1ebf,2026-09-06T21:09:03.371375+00:00,998375f0988c8504abc453f8e528b151e37d989f9b20732e403c4d606c50877e,3e646c7479c57f5d9752d8c7dfe7059b,1,2026-09-14T00:20:00Z,New York Giants,Dallas Cowboys,spreads,spreads,,2.5,New York Giants,2.5,draftkings,-102,1.9803921568627452,0.4814245062798449,1.0698248525605822,2026-09-06T21:07:49Z,74.371375,conditional_non_push,,market_consensus_no_model,live_snapshot_not_T60,pinnacle,7fe05939c0c7409a639008a6,0.4792472933629884,0.4792472933629884,108.66054203097742,-10.660542030977425,3,OK,110,pinnacle,,False,False,3.0,closest_offered_consensus_to_50pct_no_interpolation,998375f0988c8504
825873c1d55fea0a2dc0d417,2026-09-06T21:09:03.371375+00:00,998375f0988c8504abc453f8e528b151e37d989f9b20732e403c4d606c50877e,3e646c7479c57f5d9752d8c7dfe7059b,1,2026-09-14T00:20:00Z,New York Giants,Dallas Cowboys,spreads,spreads,,2.5,New York Giants,2.5,fanduel,-102,1.9803921568627452,0.4792472933629884,1.0764584395717796,2026-09-06T21:08:57Z,6.371375,conditional_non_push,,market_consensus_no_model,live_snapshot_not_T60,pinnacle,7fe05939c0c7409a639008a6,0.4792472933629884,0.4792472933629884,108.66054203097742,-10.660542030977425,3,OK,110,pinnacle,,False,False,3.0,closest_offered_consensus_to_50pct_no_interpolation,998375f0988c8504
e75dd00a8ee8cadbe00425df,2026-09-06T21:09:03.371375+00:00,998375f0988c8504abc453f8e528b151e37d989f9b20732e403c4d606c50877e,3e646c7479c57f5d9752d8c7dfe7059b,1,2026-09-14T00:20:00Z,New York Giants,Dallas Cowboys,spreads,spreads,,2.5,New York Giants,2.5,pinnacle,110,2.1,0.4618196575928884,1.041301965895427,2026-09-06T21:08:57Z,6.371375,conditional_non_push,,market_consensus_no_model,live_snapshot_not_T60,pinnacle,7fe05939c0c7409a639008a6,0.4792472933629884,0.4792472933629884,108.66054203097742,1.3394579690225754,3,OK,110,pinnacle,,False,False,3.0,closest_offered_consensus_to_50pct_no_interpolation,998375f0988c8504
efeb30e455917e77fe90c9e8,2026-09-06T21:09:03.371375+00:00,998375f0988c8504abc453f8e528b151e37d989f9b20732e403c4d606c50877e,3e646c7479c57f5d9752d8c7dfe7059b,1,2026-09-14T00:20:00Z,New York Giants,Dallas Cowboys,spreads,alternate_spreads,,-20.5,Dallas Cowboys,20.5,draftkings,-7600,1.013157894736842,0.9797059694047104,1.5684406075601123,2026-09-06T21:08:18Z,45.371375,conditional_non_push,,market_consensus_no_model,live_snapshot_not_T60,pinnacle,d0e454b021ad2f058f3de034,0.9799268630048211,0.9799268630048211,-4881.782370339912,-2718.2176296600883,2,OK,-7000,fanduel,,False,False,-3.0,closest_offered_consensus_to_50pct_no_interpolation,998375f0988c8504
fed5a3e61711194e71d28fdf,2026-09-06T21:09:03.371375+00:00,998375f0988c8504abc453f8e528b151e37d989f9b20732e403c4d606c50877e,3e646c7479c57f5d9752d8c7dfe7059b,1,2026-09-14T00:20:00Z,New York Giants,Dallas Cowboys,spreads,alternate_spreads,,-20.5,Dallas Cowboys,20.5,fanduel,-7000,1.0142857142857142,0.9801477566049323,1.4136385355001044,2026-09-06T21:08:22Z,41.371375,conditional_non_push,,market_consensus_no_model,live_snapshot_not_T60,pinnacle,d0e454b021ad2f058f3de034,0.9799268630048211,0.9799268630048211,-4881.782370339912,-2118.2176296600883,2,OK,-7000,fanduel,,False,False,-3.0,closest_offered_consensus_to_50pct_no_interpolation,998375f0988c8504
4df8717a4cfd444428e02101,2026-09-06T21:09:03.371375+00:00,998375f0988c8504abc453f8e528b151e37d989f9b20732e403c4d606c50877e,3e646c7479c57f5d9752d8c7dfe7059b,1,2026-09-14T00:20:00Z,New York Giants,Dallas Cowboys,spreads,alternate_spreads,,20.5,New York Giants,20.5,draftkings,-1860,1.053763440860215,0.9344351139186615,1.2949340677554213,2026-09-06T21:08:18Z,45.371375,conditional_non_push,,market_consensus_no_model,live_snapshot_not_T60,pinnacle,48da3b50b21b786226ba5e41,0.9423129657900327,0.9423129657900327,-1633.4917866642845,-226.50821333571548,2,OK,-1860,draftkings,,False,False,3.0,closest_offered_consensus_to_50pct_no_interpolation,998375f0988c8504
a2c4496fa26b16d13f3fd577,2026-09-06T21:09:03.371375+00:00,998375f0988c8504abc453f8e528b151e37d989f9b20732e403c4d606c50877e,3e646c7479c57f5d9752d8c7dfe7059b,1,2026-09-14T00:20:00Z,New York Giants,Dallas Cowboys,spreads,alternate_spreads,,20.5,New York Giants,20.5,fanduel,-2500,1.04,0.9501908176614043,1.302690587533839,2026-09-06T21:08:22Z,41.371375,conditional_non_push,,market_consensus_no_model,live_snapshot_not_T60,pinnacle,48da3b50b21b786226ba5e41,0.9423129657900327,0.9423129657900327,-1633.4917866642845,-866.5082133357155,2,OK,-1860,draftkings,,False,False,3.0,closest_offered_consensus_to_50pct_no_interpolation,998375f0988c8504
4ef29c8d41672405f5298ce5,2026-09-06T21:09:03.371375+00:00,998375f0988c8504abc453f8e528b151e37d989f9b20732e403c4d606c50877e,3e646c7479c57f5d9752d8c7dfe7059b,1,2026-09-14T00:20:00Z,New York Giants,Dallas Cowboys,spreads,alternate_spreads,,-21.5,Dallas Cowboys,21.5,draftkings,-10000,1.01,0.9842904317763143,1.5913311294634322,2026-09-06T21:08:18Z,45.371375,conditional_non_push,,market_consensus_no_model,live_snapshot_not_T60,pinnacle,aaac9c0d38f589b6b0f23506,0.9849078445538171,0.9849078445538171,-6525.958787436941,-3474.041212563059,2,OK,-10000,draftkings|fanduel,,False,False,-3.0,closest_offered_consensus_to_50pct_no_interpolation,998375f0988c8504
f05408975af85256e5a31da4,2026-09-06T21:09:03.371375+00:00,998375f0988c8504abc453f8e528b151e37d989f9b20732e403c4d606c50877e,3e646c7479c57f5d9752d8c7dfe7059b,1,2026-09-14T00:20:00Z,New York Giants,Dallas Cowboys,spreads,alternate_spreads,,-21.5,Dallas Cowboys,21.5,fanduel,-10000,1.01,0.9855252573313199,1.4653305484836974,2026-09-06T21:08:22Z,41.371375,conditional_non_push,,market_consensus_no_model,live_snapshot_not_T60,pinnacle,aaac9c0d38f589b6b0f23506,0.9849078445538171,0.9849078445538171,-6525.958787436941,-3474.041212563059,2,OK,-10000,draftkings|fanduel,,False,False,-3.0,closest_offered_consensus_to_50pct_no_interpolation,998375f0988c8504
aca9daae4e7cebbfffadbe37,2026-09-06T21:09:03.371375+00:00,998375f0988c8504abc453f8e528b151e37d989f9b20732e403c4d606c50877e,3e646c7479c57f5d9752d8c7dfe7059b,1,2026-09-14T00:20:00Z,New York Giants,Dallas Cowboys,spreads,alternate_spreads,,21.5,New York Giants,21.5,draftkings,-2600,1.0384615384615385,0.9506009937563599,1.3423537131613066,2026-09-06T21:08:18Z,45.371375,conditional_non_push,,market_consensus_no_model,live_snapshot_not_T60,pinnacle,79ac211d26527ceb61471139,0.9567298024003106,0.9567298024003106,-2211.0594715823013,-388.9405284176987,2,OK,-2600,draftkings,,False,False,3.0,closest_offered_consensus_to_50pct_no_interpolation,998375f0988c8504
f86b8124d1e54de3a836c9c2,2026-09-06T21:09:03.371375+00:00,998375f0988c8504abc453f8e528b151e37d989f9b20732e403c4d606c50877e,3e646c7479c57f5d9752d8c7dfe7059b,1,2026-09-14T00:20:00Z,New York Giants,Dallas Cowboys,spreads,alternate_spreads,,21.5,New York Giants,21.5,fanduel,-3500,1.0285714285714285,0.9628586110442617,1.3435399740514984,2026-09-06T21:08:22Z,41.371375,conditional_non_push,,market_consensus_no_model,live_snapshot_not_T60,pinnacle,79ac211d26527ceb61471139,0.9567298024003106,0.9567298024003106,-2211.0594715823013,-1288.9405284176987,2,OK,-2600,draftkings,,False,False,3.0,closest_offered_consensus_to_50pct_no_interpolation,998375f0988c8504
b40a39c774eae2a27d140655,2026-09-06T21:09:03.371375+00:00,998375f0988c8504abc453f8e528b151e37d989f9b20732e403c4d606c50877e,3e646c7479c57f5d9752d8c7dfe7059b,1,2026-09-14T00:20:00Z,New York Giants,Dallas Cowboys,spreads,alternate_spreads,,-22.5,Dallas Cowboys,22.5,fanduel,-20000,1.005,0.9921008330861376,1.5900680904921125,2026-09-06T21:08:22Z,41.371375,conditional_non_push,,market_consensus_no_model,live_snapshot_not_T60,pinnacle,5ef1e6b7cec4f6b911681461,0.9921008330861374,0.9921008330861374,-12559.562848900612,-7440.437151099388,1,FEWER_THAN_TWO_BOOKS,-20000,fanduel,,False,False,-3.0,closest_offered_consensus_to_50pct_no_interpolation,998375f0988c8504
9edbfe8991377d9d03d3250c,2026-09-06T21:09:03.371375+00:00,998375f0988c8504abc453f8e528b151e37d989f9b20732e403c4d606c50877e,3e646c7479c57f5d9752d8c7dfe7059b,1,2026-09-14T00:20:00Z,New York Giants,Dallas Cowboys,spreads,alternate_spreads,,22.5,New York Giants,22.5,draftkings,-3100,1.032258064516129,0.9572749437275715,1.3753203623528365,2026-09-06T21:08:18Z,45.371375,conditional_non_push,,market_consensus_no_model,live_snapshot_not_T60,pinnacle,3f4ce0dcaf055f93cd66bb8d,0.9624073969049247,0.9624073969049247,-2560.0977789989815,-539.9022210010185,2,OK,-3100,draftkings,,False,False,3.0,closest_offered_consensus_to_50pct_no_interpolation,998375f0988c8504
65445ebc5652e1a063d3c880,2026-09-06T21:09:03.371375+00:00,998375f0988c8504abc453f8e528b151e37d989f9b20732e403c4d606c50877e,3e646c7479c57f5d9752d8c7dfe7059b,1,2026-09-14T00:20:00Z,New York Giants,Dallas Cowboys,spreads,alternate_spreads,,22.5,New York Giants,22.5,fanduel,-4000,1.025,0.9675398500822783,1.3363780802913672,2026-09-06T21:08:22Z,41.371375,conditional_non_push,,market_consensus_no_model,live_snapshot_not_T60,pinnacle,3f4ce0dcaf055f93cd66bb8d,0.9624073969049247,0.9624073969049247,-2560.0977789989815,-1439.9022210010185,2,OK,-3100,draftkings,,False,False,3.0,closest_offered_consensus_to_50pct_no_interpolation,998375f0988c8504
7b343b1ac1b1657bbd72d51b,2026-09-06T21:09:03.371375+00:00,998375f0988c8504abc453f8e528b151e37d989f9b20732e403c4d606c50877e,3e646c7479c57f5d9752d8c7dfe7059b,1,2026-09-14T00:20:00Z,New York Giants,Dallas Cowboys,spreads,alternate_spreads,,-23.5,Dallas Cowboys,23.5,fanduel,-20000,1.005,0.9925315301958958,1.503044826687773,2026-09-06T21:08:22Z,41.371375,conditional_non_push,,market_consensus_no_model,live_snapshot_not_T60,pinnacle,01fe87a04e3aa0214afdbe9e,0.9925315301958956,0.9925315301958956,-13289.623660932963,-6710.376339067037,1,FEWER_THAN_TWO_BOOKS,-20000,fanduel,,False,False,-3.0,closest_offered_consensus_to_50pct_no_interpolation,998375f0988c8504
3e215cc0a66228cc84811b85,2026-09-06T21:09:03.371375+00:00,998375f0988c8504abc453f8e528b151e37d989f9b20732e403c4d606c50877e,3e646c7479c57f5d9752d8c7dfe7059b,1,2026-09-14T00:20:00Z,New York Giants,Dallas Cowboys,spreads,alternate_spreads,,23.5,New York Giants,23.5,draftkings,-4000,1.025,0.9654217313607113,1.4251325438401654,2026-09-06T21:08:18Z,45.371375,conditional_non_push,,market_consensus_no_model,live_snapshot_not_T60,pinnacle,0a3311f6a44c42b2c576ca29,0.9693136258672734,0.9693136258672734,-3158.775362884971,-841.224637115029,2,OK,-4000,draftkings,,False,False,3.0,closest_offered_consensus_to_50pct_no_interpolation,998375f0988c8504
9d722551b1822cc41cd62402,2026-09-06T21:09:03.371375+00:00,998375f0988c8504abc453f8e528b151e37d989f9b20732e403c4d606c50877e,3e646c7479c57f5d9752d8c7dfe7059b,1,2026-09-14T00:20:00Z,New York Giants,Dallas Cowboys,spreads,alternate_spreads,,23.5,New York Giants,23.5,fanduel,-5000,1.02,0.9732055203738359,1.371534962944137,2026-09-06T21:08:22Z,41.371375,conditional_non_push,,market_consensus_no_model,live_snapshot_not_T60,pinnacle,0a3311f6a44c42b2c576ca29,0.9693136258672734,0.9693136258672734,-3158.775362884971,-1841.224637115029,2,OK,-4000,draftkings,,False,False,3.0,closest_offered_consensus_to_50pct_no_interpolation,998375f0988c8504
fc2e33a00d4e309621c8952b,2026-09-06T21:09:03.371375+00:00,998375f0988c8504abc453f8e528b151e37d989f9b20732e403c4d606c50877e,3e646c7479c57f5d9752d8c7dfe7059b,1,2026-09-14T00:20:00Z,New York Giants,Dallas Cowboys,spreads,alternate_spreads,,24.5,New York Giants,24.5,draftkings,-6400,1.015625,0.9766694066414638,1.522624882857384,2026-09-06T21:08:18Z,45.371375,conditional_non_push,,market_consensus_no_model,live_snapshot_not_T60,pinnacle,ad525283e60c6e28de4cd816,0.9769291402428586,0.9769291402428586,-4234.472189275295,-2165.527810724705,2,OK,-6000,fanduel,,False,False,3.0,closest_offered_consensus_to_50pct_no_interpolation,998375f0988c8504
2a91cac7ee7d75598d7a9ce3,2026-09-06T21:09:03.371375+00:00,998375f0988c8504abc453f8e528b151e37d989f9b20732e403c4d606c50877e,3e646c7479c57f5d9752d8c7dfe7059b,1,2026-09-14T00:20:00Z,New York Giants,Dallas Cowboys,spreads,alternate_spreads,,24.5,New York Giants,24.5,fanduel,-6000,1.0166666666666666,0.9771888738442537,1.3960254027875676,2026-09-06T21:08:22Z,41.371375,conditional_non_push,,market_consensus_no_model,live_snapshot_not_T60,pinnacle,ad525283e60c6e28de4cd816,0.9769291402428586,0.9769291402428586,-4234.472189275295,-1765.527810724705,2,OK,-6000,fanduel,,False,False,3.0,closest_offered_consensus_to_50pct_no_interpolation,998375f0988c8504
172d42f6b1d7f077916520c7,2026-09-06T21:09:03.371375+00:00,998375f0988c8504abc453f8e528b151e37d989f9b20732e403c4d606c50877e,3e646c7479c57f5d9752d8c7dfe7059b,1,2026-09-14T00:20:00Z,New York Giants,Dallas Cowboys,spreads,alternate_spreads,,25.5,New York Giants,25.5,draftkings,-10000,1.01,0.9839921247316616,1.6217938399761325,2026-09-06T21:08:18Z,45.371375,conditional_non_push,,market_consensus_no_model,live_snapshot_not_T60,pinnacle,dcca71f84f2d674b3040e5b9,0.9820699406682969,0.9820699406682969,-5477.226385591742,-4522.773614408258,2,OK,-7000,fanduel,,False,False,3.0,closest_offered_consensus_to_50pct_no_interpolation,998375f0988c8504
ab2c1d715e407b67932f8d1d,2026-09-06T21:09:03.371375+00:00,998375f0988c8504abc453f8e528b151e37d989f9b20732e403c4d606c50877e,3e646c7479c57f5d9752d8c7dfe7059b,1,2026-09-14T00:20:00Z,New York Giants,Dallas Cowboys,spreads,alternate_spreads,,25.5,New York Giants,25.5,fanduel,-7000,1.0142857142857142,0.9801477566049323,1.4136385355001044,2026-09-06T21:08:22Z,41.371375,conditional_non_push,,market_consensus_no_model,live_snapshot_not_T60,pinnacle,dcca71f84f2d674b3040e5b9,0.9820699406682969,0.9820699406682969,-5477.226385591742,-1522.7736144082583,2,OK,-7000,fanduel,,False,False,3.0,closest_offered_consensus_to_50pct_no_interpolation,998375f0988c8504
351065d5097e7f3094276da9,2026-09-06T21:09:03.371375+00:00,998375f0988c8504abc453f8e528b151e37d989f9b20732e403c4d606c50877e,3e646c7479c57f5d9752d8c7dfe7059b,1,2026-09-14T00:20:00Z,New York Giants,Dallas Cowboys,spreads,alternate_spreads,,26.5,New York Giants,26.5,draftkings,-10000,1.01,0.9842904317763143,1.5913311294634322,2026-09-06T21:08:18Z,45.371375,conditional_non_push,,market_consensus_no_model,live_snapshot_not_T60,pinnacle,638edea81faf28ed4da79b3e,0.9849078445538171,0.9849078445538171,-6525.958787436941,-3474.041212563059,2,OK,-10000,draftkings|fanduel,,False,False,3.0,closest_offered_consensus_to_50pct_no_interpolation,998375f0988c8504
8b34db3752c45ef9c457c7ac,2026-09-06T21:09:03.371375+00:00,998375f0988c8504abc453f8e528b151e37d989f9b20732e403c4d606c50877e,3e646c7479c57f5d9752d8c7dfe7059b,1,2026-09-14T00:20:00Z,New York Giants,Dallas Cowboys,spreads,alternate_spreads,,26.5,New York Giants,26.5,fanduel,-10000,1.01,0.9855252573313199,1.4653305484836974,2026-09-06T21:08:22Z,41.371375,conditional_non_push,,market_consensus_no_model,live_snapshot_not_T60,pinnacle,638edea81faf28ed4da79b3e,0.9849078445538171,0.9849078445538171,-6525.958787436941,-3474.041212563059,2,OK,-10000,draftkings|fanduel,,False,False,3.0,closest_offered_consensus_to_50pct_no_interpolation,998375f0988c8504
8ffd374c592eefca004b9252,2026-09-06T21:09:03.371375+00:00,998375f0988c8504abc453f8e528b151e37d989f9b20732e403c4d606c50877e,3e646c7479c57f5d9752d8c7dfe7059b,1,2026-09-14T00:20:00Z,New York Giants,Dallas Cowboys,spreads,alternate_spreads,,27.5,New York Giants,27.5,fanduel,-10000,1.01,0.9857394813680388,1.4434873757030022,2026-09-06T21:08:22Z,41.371375,conditional_non_push,,market_consensus_no_model,live_snapshot_not_T60,pinnacle,d4daa0e07a74282ffbc17abe,0.9857394813680388,0.9857394813680388,-6912.36768316941,-3087.63231683059,1,FEWER_THAN_TWO_BOOKS,-10000,fanduel,,False,False,3.0,closest_offered_consensus_to_50pct_no_interpolation,998375f0988c8504
54c4cf9147278873ff6c8b00,2026-09-06T21:09:03.371375+00:00,998375f0988c8504abc453f8e528b151e37d989f9b20732e403c4d606c50877e,3e646c7479c57f5d9752d8c7dfe7059b,1,2026-09-14T00:20:00Z,New York Giants,Dallas Cowboys,spreads,alternate_spreads,,28.5,New York Giants,28.5,fanduel,-20000,1.005,0.9925315301958958,1.503044826687773,2026-09-06T21:08:22Z,41.371375,conditional_non_push,,market_consensus_no_model,live_snapshot_not_T60,pinnacle,74a4276586e28745e89a2319,0.9925315301958956,0.9925315301958956,-13289.623660932963,-6710.376339067037,1,FEWER_THAN_TWO_BOOKS,-20000,fanduel,,False,False,3.0,closest_offered_consensus_to_50pct_no_interpolation,998375f0988c8504
0b4d4ee33e9d59c5e83b1bed,2026-09-06T21:09:03.371375+00:00,998375f0988c8504abc453f8e528b151e37d989f9b20732e403c4d606c50877e,3e646c7479c57f5d9752d8c7dfe7059b,1,2026-09-14T00:20:00Z,New York Giants,Dallas Cowboys,spreads,spreads,,3.0,New York Giants,3.0,betmgm,-110,1.9090909090909092,0.5023369847659711,1.0647311734675267,2026-09-06T21:08:57Z,6.371375,conditional_non_push,,market_consensus_no_model,live_snapshot_not_T60,pinnacle,19fe98e78ce49a60668befb9,0.507098320358939,0.507098320358939,-102.88021755742771,-7.119782442572287,2,OK,-110,betmgm,-110,False,False,3.0,closest_offered_consensus_to_50pct_no_interpolation,998375f0988c8504
bfecd0636c82bab00e160e90,2026-09-06T21:09:03.371375+00:00,998375f0988c8504abc453f8e528b151e37d989f9b20732e403c4d606c50877e,3e646c7479c57f5d9752d8c7dfe7059b,1,2026-09-14T00:20:00Z,New York Giants,Dallas Cowboys,spreads,alternate_spreads,,3.0,New York Giants,3.0,pinnacle,-112,1.8928571428571428,0.511859655951907,1.0495502613626018,2026-09-06T21:08:57Z,6.371375,conditional_non_push,,market_consensus_no_model,live_snapshot_not_T60,pinnacle,19fe98e78ce49a60668befb9,0.507098320358939,0.507098320358939,-102.88021755742771,-9.119782442572287,2,OK,-110,betmgm,-110,False,False,3.0,closest_offered_consensus_to_50pct_no_interpolation,998375f0988c8504
39dced0d8c70681423d098df,2026-09-06T21:09:03.371375+00:00,998375f0988c8504abc453f8e528b151e37d989f9b20732e403c4d606c50877e,3e646c7479c57f5d9752d8c7dfe7059b,1,2026-09-14T00:20:00Z,New York Giants,Dallas Cowboys,spreads,alternate_spreads,,-3.5,Dallas Cowboys,3.5,draftkings,-257,1.3891050583657587,0.6914352446963805,1.1226985859562966,2026-09-06T21:08:18Z,45.371375,conditional_non_push,,market_consensus_no_model,live_snapshot_not_T60,pinnacle,746559597896a4d5af328c9e,0.6991545992252075,0.6991545992252075,-232.3966387468832,-24.603361253116788,3,OK,-252,pinnacle,,False,False,-3.0,closest_offered_consensus_to_50pct_no_interpolation,998375f0988c8504
61c37575197a967c541375d9,2026-09-06T21:09:03.371375+00:00,998375f0988c8504abc453f8e528b151e37d989f9b20732e403c4d606c50877e,3e646c7479c57f5d9752d8c7dfe7059b,1,2026-09-14T00:20:00Z,New York Giants,Dallas Cowboys,spreads,alternate_spreads,,-3.5,Dallas Cowboys,3.5,fanduel,-290,1.3448275862068966,0.7199208632107911,1.1091863026858797,2026-09-06T21:08:22Z,41.371375,conditional_non_push,,market_consensus_no_model,live_snapshot_not_T60,pinnacle,746559597896a4d5af328c9e,0.6991545992252075,0.6991545992252075,-232.3966387468832,-57.60336125311679,3,OK,-252,pinnacle,,False,False,-3.0,closest_offered_consensus_to_50pct_no_interpolation,998375f0988c8504
8f3c8d14c5d2f2e52e3885d3,2026-09-06T21:09:03.371375+00:00,998375f0988c8504abc453f8e528b151e37d989f9b20732e403c4d606c50877e,3e646c7479c57f5d9752d8c7dfe7059b,1,2026-09-14T00:20:00Z,New York Giants,Dallas Cowboys,spreads,alternate_spreads,,-3.5,Dallas Cowboys,3.5,pinnacle,-252,1.3968253968253967,0.6991545992252075,1.0708592254948046,2026-09-06T21:08:57Z,6.371375,conditional_non_push,,market_consensus_no_model,live_snapshot_not_T60,pinnacle,746559597896a4d5af328c9e,0.6991545992252075,0.6991545992252075,-232.3966387468832,-19.603361253116788,3,OK,-252,pinnacle,,False,False,-3.0,closest_offered_consensus_to_50pct_no_interpolation,998375f0988c8504
42ea595e0bc401b34f3ade74,2026-09-06T21:09:03.371375+00:00,998375f0988c8504abc453f8e528b151e37d989f9b20732e403c4d606c50877e,3e646c7479c57f5d9752d8c7dfe7059b,1,2026-09-14T00:20:00Z,New York Giants,Dallas Cowboys,spreads,alternate_spreads,,3.5,New York Giants,3.5,draftkings,-150,1.6666666666666665,0.5665131333031465,1.1124246496436618,2026-09-06T21:08:18Z,45.371375,conditional_non_push,,market_consensus_no_model,live_snapshot_not_T60,pinnacle,56be7de1432014778f17004d,0.5597585152076532,0.5597585152076532,-127.14806181241192,-22.851938187588075,3,OK,-136,pinnacle,,False,False,3.0,closest_offered_consensus_to_50pct_no_interpolation,998375f0988c8504
c31ec9043831958b526accbe,2026-09-06T21:09:03.371375+00:00,998375f0988c8504abc453f8e528b151e37d989f9b20732e403c4d606c50877e,3e646c7479c57f5d9752d8c7dfe7059b,1,2026-09-14T00:20:00Z,New York Giants,Dallas Cowboys,spreads,alternate_spreads,,3.5,New York Giants,3.5,fanduel,-142,1.704225352112676,0.5592211839634121,1.0902243013272415,2026-09-06T21:08:22Z,41.371375,conditional_non_push,,market_consensus_no_model,live_snapshot_not_T60,pinnacle,56be7de1432014778f17004d,0.5597585152076532,0.5597585152076532,-127.14806181241192,-14.851938187588075,3,OK,-136,pinnacle,,False,False,3.0,closest_offered_consensus_to_50pct_no_interpolation,998375f0988c8504
6467e24c6eeb0b92c5124ae2,2026-09-06T21:09:03.371375+00:00,998375f0988c8504abc453f8e528b151e37d989f9b20732e403c4d606c50877e,3e646c7479c57f5d9752d8c7dfe7059b,1,2026-09-14T00:20:00Z,New York Giants,Dallas Cowboys,spreads,alternate_spreads,,3.5,New York Giants,3.5,pinnacle,-136,1.7352941176470589,0.5597585152076533,1.0527469325958752,2026-09-06T21:08:57Z,6.371375,conditional_non_push,,market_consensus_no_model,live_snapshot_not_T60,pinnacle,56be7de1432014778f17004d,0.5597585152076532,0.5597585152076532,-127.14806181241192,-8.851938187588075,3,OK,-136,pinnacle,,False,False,3.0,closest_offered_consensus_to_50pct_no_interpolation,998375f0988c8504
9be882bb61fb37278a99823e,2026-09-06T21:09:03.371375+00:00,998375f0988c8504abc453f8e528b151e37d989f9b20732e403c4d606c50877e,3e646c7479c57f5d9752d8c7dfe7059b,1,2026-09-14T00:20:00Z,New York Giants,Dallas Cowboys,spreads,alternate_spreads,,-4.5,Dallas Cowboys,4.5,draftkings,-288,1.3472222222222223,0.7149900179509608,1.12562484006739,2026-09-06T21:08:18Z,45.371375,conditional_non_push,,market_consensus_no_model,live_snapshot_not_T60,pinnacle,cd410eb6aaadc3f24d57e9df,0.7297233614928267,0.7297233614928267,-269.9912820890953,-18.008717910904693,2,OK,-288,draftkings,,False,False,-3.0,closest_offered_consensus_to_50pct_no_interpolation,998375f0988c8504
bf0c92f6f4132c9af6a7baf5,2026-09-06T21:09:03.371375+00:00,998375f0988c8504abc453f8e528b151e37d989f9b20732e403c4d606c50877e,3e646c7479c57f5d9752d8c7dfe7059b,1,2026-09-14T00:20:00Z,New York Giants,Dallas Cowboys,spreads,alternate_spreads,,-4.5,Dallas Cowboys,4.5,fanduel,-330,1.303030303030303,0.7444567050346924,1.1148805544872356,2026-09-06T21:08:22Z,41.371375,conditional_non_push,,market_consensus_no_model,live_snapshot_not_T60,pinnacle,cd410eb6aaadc3f24d57e9df,0.7297233614928267,0.7297233614928267,-269.9912820890953,-60.00871791090469,2,OK,-288,draftkings,,False,False,-3.0,closest_offered_consensus_to_50pct_no_interpolation,998375f0988c8504
f5e838569b26f1ae036cc0ac,2026-09-06T21:09:03.371375+00:00,998375f0988c8504abc453f8e528b151e37d989f9b20732e403c4d606c50877e,3e646c7479c57f5d9752d8c7dfe7059b,1,2026-09-14T00:20:00Z,New York Giants,Dallas Cowboys,spreads,alternate_spreads,,4.5,New York Giants,4.5,draftkings,-168,1.5952380952380953,0.5945638810782069,1.1132794614767865,2026-09-06T21:08:18Z,45.371375,conditional_non_push,,market_consensus_no_model,live_snapshot_not_T60,pinnacle,7e08011e09e875634d81a33d,0.5960022957632508,0.5960022957632508,-147.5261590630188,-20.47384093698119,2,OK,-166,fanduel,,False,False,3.0,closest_offered_consensus_to_50pct_no_interpolation,998375f0988c8504
f3d5559b17cd659bfcf84d9a,2026-09-06T21:09:03.371375+00:00,998375f0988c8504abc453f8e528b151e37d989f9b20732e403c4d606c50877e,3e646c7479c57f5d9752d8c7dfe7059b,1,2026-09-14T00:20:00Z,New York Giants,Dallas Cowboys,spreads,alternate_spreads,,4.5,New York Giants,4.5,fanduel,-166,1.6024096385542168,0.5974407104482947,1.0924515828702486,2026-09-06T21:08:22Z,41.371375,conditional_non_push,,market_consensus_no_model,live_snapshot_not_T60,pinnacle,7e08011e09e875634d81a33d,0.5960022957632508,0.5960022957632508,-147.5261590630188,-18.47384093698119,2,OK,-166,fanduel,,False,False,3.0,closest_offered_consensus_to_50pct_no_interpolation,998375f0988c8504
ff38ea6d1721ea2a3c681583,2026-09-06T21:09:03.371375+00:00,998375f0988c8504abc453f8e528b151e37d989f9b20732e403c4d606c50877e,3e646c7479c57f5d9752d8c7dfe7059b,1,2026-09-14T00:20:00Z,New York Giants,Dallas Cowboys,spreads,alternate_spreads,,-5.5,Dallas Cowboys,5.5,draftkings,-322,1.31055900621118,0.7367743593515778,1.1294854435259567,2026-09-06T21:08:18Z,45.371375,conditional_non_push,,market_consensus_no_model,live_snapshot_not_T60,pinnacle,843d1790254330d63b6caa11,0.7509583064085976,0.7509583064085976,-301.5391903175376,-20.46080968246241,2,OK,-322,draftkings,,False,False,-3.0,closest_offered_consensus_to_50pct_no_interpolation,998375f0988c8504
1f20226f4d5d539ebac005fa,2026-09-06T21:09:03.371375+00:00,998375f0988c8504abc453f8e528b151e37d989f9b20732e403c4d606c50877e,3e646c7479c57f5d9752d8c7dfe7059b,1,2026-09-14T00:20:00Z,New York Giants,Dallas Cowboys,spreads,alternate_spreads,,-5.5,Dallas Cowboys,5.5,fanduel,-370,1.2702702702702702,0.7651422534656175,1.1189811400301246,2026-09-06T21:08:22Z,41.371375,conditional_non_push,,market_consensus_no_model,live_snapshot_not_T60,pinnacle,843d1790254330d63b6caa11,0.7509583064085976,0.7509583064085976,-301.5391903175376,-68.46080968246241,2,OK,-322,draftkings,,False,False,-3.0,closest_offered_consensus_to_50pct_no_interpolation,998375f0988c8504
66cb239fbdba165ad82ca09a,2026-09-06T21:09:03.371375+00:00,998375f0988c8504abc453f8e528b151e37d989f9b20732e403c4d606c50877e,3e646c7479c57f5d9752d8c7dfe7059b,1,2026-09-14T00:20:00Z,New York Giants,Dallas Cowboys,spreads,alternate_spreads,,5.5,New York Giants,5.5,draftkings,-183,1.5464480874316942,0.6155117260627436,1.1131765601507806,2026-09-06T21:08:18Z,45.371375,conditional_non_push,,market_consensus_no_model,live_snapshot_not_T60,pinnacle,a3ce751ee2ad1dc9d6ff7d22,0.6197207840286736,0.6197207840286736,-162.9646738504377,-20.03532614956231,2,OK,-183,draftkings,,False,False,3.0,closest_offered_consensus_to_50pct_no_interpolation,998375f0988c8504
aef912447071bd6f294cbb80,2026-09-06T21:09:03.371375+00:00,998375f0988c8504abc453f8e528b151e37d989f9b20732e403c4d606c50877e,3e646c7479c57f5d9752d8c7dfe7059b,1,2026-09-14T00:20:00Z,New York Giants,Dallas Cowboys,spreads,alternate_spreads,,5.5,New York Giants,5.5,fanduel,-186,1.5376344086021505,0.6239298419946038,1.0963920540902317,2026-09-06T21:08:22Z,41.371375,conditional_non_push,,market_consensus_no_model,live_snapshot_not_T60,pinnacle,a3ce751ee2ad1dc9d6ff7d22,0.6197207840286736,0.6197207840286736,-162.9646738504377,-23.03532614956231,2,OK,-183,draftkings,,False,False,3.0,closest_offered_consensus_to_50pct_no_interpolation,998375f0988c8504
64f9165e4d9fd2a6f6f20c40,2026-09-06T21:09:03.371375+00:00,998375f0988c8504abc453f8e528b151e37d989f9b20732e403c4d606c50877e,3e646c7479c57f5d9752d8c7dfe7059b,1,2026-09-14T00:20:00Z,New York Giants,Dallas Cowboys,spreads,alternate_spreads,,-6.5,Dallas Cowboys,6.5,draftkings,-374,1.267379679144385,0.7638738829373163,1.1367412762975633,2026-09-06T21:08:18Z,45.371375,conditional_non_push,,market_consensus_no_model,live_snapshot_not_T60,pinnacle,0167e88f42b287c85e97ba65,0.7825912461095217,0.7825912461095217,-359.9630797312602,-14.036920268739777,2,OK,-374,draftkings,,False,False,-3.0,closest_offered_consensus_to_50pct_no_interpolation,998375f0988c8504
f58fdb2b1b9571ff8c30efbc,2026-09-06T21:09:03.371375+00:00,998375f0988c8504abc453f8e528b151e37d989f9b20732e403c4d606c50877e,3e646c7479c57f5d9752d8c7dfe7059b,1,2026-09-14T00:20:00Z,New York Giants,Dallas Cowboys,spreads,alternate_spreads,,-6.5,Dallas Cowboys,6.5,fanduel,-460,1.2173913043478262,0.8013086092817271,1.1260677889883568,2026-09-06T21:08:22Z,41.371375,conditional_non_push,,market_consensus_no_model,live_snapshot_not_T60,pinnacle,0167e88f42b287c85e97ba65,0.7825912461095217,0.7825912461095217,-359.9630797312602,-100.03692026873978,2,OK,-374,draftkings,,False,False,-3.0,closest_offered_consensus_to_50pct_no_interpolation,998375f0988c8504
c295fcbd2d9a59d289106b3f,2026-09-06T21:09:03.371375+00:00,998375f0988c8504abc453f8e528b151e37d989f9b20732e403c4d606c50877e,3e646c7479c57f5d9752d8c7dfe7059b,1,2026-09-14T00:20:00Z,New York Giants,Dallas Cowboys,spreads,alternate_spreads,,6.5,New York Giants,6.5,draftkings,-209,1.4784688995215312,0.6464984662803831,1.1155412187048253,2026-09-06T21:08:18Z,45.371375,conditional_non_push,,market_consensus_no_model,live_snapshot_not_T60,pinnacle,f7cc4bd831a73a04cb9e7fb0,0.6569155223052259,0.6569155223052259,-191.47340232910574,-17.52659767089426,2,OK,-209,draftkings,,False,False,3.0,closest_offered_consensus_to_50pct_no_interpolation,998375f0988c8504
7b6061bf962f24bca9e7daa3,2026-09-06T21:09:03.371375+00:00,998375f0988c8504abc453f8e528b151e37d989f9b20732e403c4d606c50877e,3e646c7479c57f5d9752d8c7dfe7059b,1,2026-09-14T00:20:00Z,New York Giants,Dallas Cowboys,spreads,alternate_spreads,,6.5,New York Giants,6.5,fanduel,-225,1.4444444444444444,0.6673325783300688,1.0999170058961094,2026-09-06T21:08:22Z,41.371375,conditional_non_push,,market_consensus_no_model,live_snapshot_not_T60,pinnacle,f7cc4bd831a73a04cb9e7fb0,0.6569155223052259,0.6569155223052259,-191.47340232910574,-33.52659767089426,2,OK,-209,draftkings,,False,False,3.0,closest_offered_consensus_to_50pct_no_interpolation,998375f0988c8504
fb95e23d06d881e75e0d1ed5,2026-09-06T21:09:03.371375+00:00,998375f0988c8504abc453f8e528b151e37d989f9b20732e403c4d606c50877e,3e646c7479c57f5d9752d8c7dfe7059b,1,2026-09-14T00:20:00Z,New York Giants,Dallas Cowboys,spreads,alternate_spreads,,-7.5,Dallas Cowboys,7.5,draftkings,-492,1.203252032520325,0.8080357808746753,1.151982576648519,2026-09-06T21:08:18Z,45.371375,conditional_non_push,,market_consensus_no_model,live_snapshot_not_T60,pinnacle,e9fad6cc61bd09f570609872,0.8284054591711477,0.8284054591711477,-482.76912258962597,-9.230877410374035,2,OK,-492,draftkings,,False,False,-3.0,closest_offered_consensus_to_50pct_no_interpolation,998375f0988c8504
af4283f6d13d3fc24782fa87,2026-09-06T21:09:03.371375+00:00,998375f0988c8504abc453f8e528b151e37d989f9b20732e403c4d606c50877e,3e646c7479c57f5d9752d8c7dfe7059b,1,2026-09-14T00:20:00Z,New York Giants,Dallas Cowboys,spreads,alternate_spreads,,-7.5,Dallas Cowboys,7.5,fanduel,-650,1.1538461538461537,0.8487751374676201,1.1457723052543067,2026-09-06T21:08:22Z,41.371375,conditional_non_push,,market_consensus_no_model,live_snapshot_not_T60,pinnacle,e9fad6cc61bd09f570609872,0.8284054591711477,0.8284054591711477,-482.76912258962597,-167.23087741037403,2,OK,-492,draftkings,,False,False,-3.0,closest_offered_consensus_to_50pct_no_interpolation,998375f0988c8504
88521dc7ca349355cce28a2e,2026-09-06T21:09:03.371375+00:00,998375f0988c8504abc453f8e528b151e37d989f9b20732e403c4d606c50877e,3e646c7479c57f5d9752d8c7dfe7059b,1,2026-09-14T00:20:00Z,New York Giants,Dallas Cowboys,spreads,alternate_spreads,,7.5,New York Giants,7.5,draftkings,-264,1.378787878787879,0.697310214263313,1.1224145355660373,2026-09-06T21:08:18Z,45.371375,conditional_non_push,,market_consensus_no_model,live_snapshot_not_T60,pinnacle,a5179411c9224c8a3917b175,0.697310214263313,0.697310214263313,-230.37124049832005,-33.62875950167995,3,OK,-241,pinnacle,,False,False,3.0,closest_offered_consensus_to_50pct_no_interpolation,998375f0988c8504
f437c56f08953d7bece99b74,2026-09-06T21:09:03.371375+00:00,998375f0988c8504abc453f8e528b151e37d989f9b20732e403c4d606c50877e,3e646c7479c57f5d9752d8c7dfe7059b,1,2026-09-14T00:20:00Z,New York Giants,Dallas Cowboys,spreads,alternate_spreads,,7.5,New York Giants,7.5,fanduel,-310,1.3225806451612903,0.7336165162086862,1.107960001549078,2026-09-06T21:08:22Z,41.371375,conditional_non_push,,market_consensus_no_model,live_snapshot_not_T60,pinnacle,a5179411c9224c8a3917b175,0.697310214263313,0.697310214263313,-230.37124049832005,-79.62875950167995,3,OK,-241,pinnacle,,False,False,3.0,closest_offered_consensus_to_50pct_no_interpolation,998375f0988c8504
2b0b079cc71ae470e433998e,2026-09-06T21:09:03.371375+00:00,998375f0988c8504abc453f8e528b151e37d989f9b20732e403c4d606c50877e,3e646c7479c57f5d9752d8c7dfe7059b,1,2026-09-14T00:20:00Z,New York Giants,Dallas Cowboys,spreads,alternate_spreads,,7.5,New York Giants,7.5,pinnacle,-241,1.4149377593360997,0.6899687817103485,1.0692145868624503,2026-09-06T21:08:57Z,6.371375,conditional_non_push,,market_consensus_no_model,live_snapshot_not_T60,pinnacle,a5179411c9224c8a3917b175,0.697310214263313,0.697310214263313,-230.37124049832005,-10.628759501679951,3,OK,-241,pinnacle,,False,False,3.0,closest_offered_consensus_to_50pct_no_interpolation,998375f0988c8504
b90855a8fd955b5d7a2db11c,2026-09-06T21:09:03.371375+00:00,998375f0988c8504abc453f8e528b151e37d989f9b20732e403c4d606c50877e,3e646c7479c57f5d9752d8c7dfe7059b,1,2026-09-14T00:20:00Z,New York Giants,Dallas Cowboys,spreads,alternate_spreads,,-8.5,Dallas Cowboys,8.5,draftkings,-570,1.1754385964912282,0.8288159208507535,1.1615666185220626,2026-09-06T21:08:18Z,45.371375,conditional_non_push,,market_consensus_no_model,live_snapshot_not_T60,pinnacle,1a2d870071560cee8e1e4eaa,0.8472098869848851,0.8472098869848851,-554.4926109852894,-15.507389014710611,2,OK,-570,draftkings,,False,False,-3.0,closest_offered_consensus_to_50pct_no_interpolation,998375f0988c8504
4087079f9d98def5dfef627f,2026-09-06T21:09:03.371375+00:00,998375f0988c8504abc453f8e528b151e37d989f9b20732e403c4d606c50877e,3e646c7479c57f5d9752d8c7dfe7059b,1,2026-09-14T00:20:00Z,New York Giants,Dallas Cowboys,spreads,alternate_spreads,,-8.5,Dallas Cowboys,8.5,fanduel,-750,1.1333333333333333,0.8656038531190171,1.153118371018198,2026-09-06T21:08:22Z,41.371375,conditional_non_push,,market_consensus_no_model,live_snapshot_not_T60,pinnacle,1a2d870071560cee8e1e4eaa,0.8472098869848851,0.8472098869848851,-554.4926109852894,-195.5073890147106,2,OK,-570,draftkings,,False,False,-3.0,closest_offered_consensus_to_50pct_no_interpolation,998375f0988c8504
c08b5256dd553c5467f073c6,2026-09-06T21:09:03.371375+00:00,998375f0988c8504abc453f8e528b151e37d989f9b20732e403c4d606c50877e,3e646c7479c57f5d9752d8c7dfe7059b,1,2026-09-14T00:20:00Z,New York Giants,Dallas Cowboys,spreads,alternate_spreads,,8.5,New York Giants,8.5,draftkings,-296,1.3378378378378377,0.7204471018714017,1.126534705475068,2026-09-06T21:08:18Z,45.371375,conditional_non_push,,market_consensus_no_model,live_snapshot_not_T60,pinnacle,e0c4ad9117be0c6a889e62d8,0.738201742126277,0.738201742126277,-281.9735120171597,-14.026487982840308,2,OK,-296,draftkings,,False,False,3.0,closest_offered_consensus_to_50pct_no_interpolation,998375f0988c8504
a080fa9f6ccf137e092693c2,2026-09-06T21:09:03.371375+00:00,998375f0988c8504abc453f8e528b151e37d989f9b20732e403c4d606c50877e,3e646c7479c57f5d9752d8c7dfe7059b,1,2026-09-14T00:20:00Z,New York Giants,Dallas Cowboys,spreads,alternate_spreads,,8.5,New York Giants,8.5,fanduel,-350,1.2857142857142856,0.7559563823811524,1.1132333373925984,2026-09-06T21:08:22Z,41.371375,conditional_non_push,,market_consensus_no_model,live_snapshot_not_T60,pinnacle,e0c4ad9117be0c6a889e62d8,0.738201742126277,0.738201742126277,-281.9735120171597,-68.02648798284031,2,OK,-296,draftkings,,False,False,3.0,closest_offered_consensus_to_50pct_no_interpolation,998375f0988c8504
0742bf8a28253cb43009eb20,2026-09-06T21:09:03.371375+00:00,998375f0988c8504abc453f8e528b151e37d989f9b20732e403c4d606c50877e,3e646c7479c57f5d9752d8c7dfe7059b,1,2026-09-14T00:20:00Z,New York Giants,Dallas Cowboys,spreads,alternate_spreads,,-9.5,Dallas Cowboys,9.5,draftkings,-620,1.1612903225806452,0.8396787318781942,1.1685541102983565,2026-09-06T21:08:18Z,45.371375,conditional_non_push,,market_consensus_no_model,live_snapshot_not_T60,pinnacle,0209005bb9c59de622b109b1,0.8586927184403247,0.8586927184403247,-607.6776150262937,-12.322384973706335,2,OK,-620,draftkings,,False,False,-3.0,closest_offered_consensus_to_50pct_no_interpolation,998375f0988c8504
fe15fb62aa4ad62fa5a9af29,2026-09-06T21:09:03.371375+00:00,998375f0988c8504abc453f8e528b151e37d989f9b20732e403c4d606c50877e,3e646c7479c57f5d9752d8c7dfe7059b,1,2026-09-14T00:20:00Z,New York Giants,Dallas Cowboys,spreads,alternate_spreads,,-9.5,Dallas Cowboys,9.5,fanduel,-850,1.1176470588235294,0.8777067050024552,1.1727763118339127,2026-09-06T21:08:22Z,41.371375,conditional_non_push,,market_consensus_no_model,live_snapshot_not_T60,pinnacle,0209005bb9c59de622b109b1,0.8586927184403247,0.8586927184403247,-607.6776150262937,-242.32238497370633,2,OK,-620,draftkings,,False,False,-3.0,closest_offered_consensus_to_50pct_no_interpolation,998375f0988c8504
8941bdb63964b14c2cfba719,2026-09-06T21:09:03.371375+00:00,998375f0988c8504abc453f8e528b151e37d989f9b20732e403c4d606c50877e,3e646c7479c57f5d9752d8c7dfe7059b,1,2026-09-14T00:20:00Z,New York Giants,Dallas Cowboys,spreads,alternate_spreads,,9.5,New York Giants,9.5,draftkings,-318,1.3144654088050314,0.734187968961874,1.1300520734184425,2026-09-06T21:08:18Z,45.371375,conditional_non_push,,market_consensus_no_model,live_snapshot_not_T60,pinnacle,88e1b869f24e4ef0f767aea8,0.754557136169153,0.754557136169153,-307.42679758217565,-10.573202417824348,2,OK,-318,draftkings,,False,False,3.0,closest_offered_consensus_to_50pct_no_interpolation,998375f0988c8504
0611b684808a989812c1a140,2026-09-06T21:09:03.371375+00:00,998375f0988c8504abc453f8e528b151e37d989f9b20732e403c4d606c50877e,3e646c7479c57f5d9752d8c7dfe7059b,1,2026-09-14T00:20:00Z,New York Giants,Dallas Cowboys,spreads,alternate_spreads,,9.5,New York Giants,9.5,fanduel,-390,1.2564102564102564,0.7749263033764324,1.1170982758152546,2026-09-06T21:08:22Z,41.371375,conditional_non_push,,market_consensus_no_model,live_snapshot_not_T60,pinnacle,88e1b869f24e4ef0f767aea8,0.754557136169153,0.754557136169153,-307.42679758217565,-82.57320241782435,2,OK,-318,draftkings,,False,False,3.0,closest_offered_consensus_to_50pct_no_interpolation,998375f0988c8504
9b69e8c11b6ef65cf25d08ab,2026-09-06T21:09:03.371375+00:00,998375f0988c8504abc453f8e528b151e37d989f9b20732e403c4d606c50877e,3e646c7479c57f5d9752d8c7dfe7059b,1,2026-09-14T00:20:00Z,New York Giants,Dallas Cowboys,totals,alternate_totals,,22.5,Over,22.5,fanduel,-50000,1.002,0.9968018751708067,1.6032259715888264,2026-09-06T21:08:22Z,41.371375,conditional_non_push,,market_consensus_no_model,live_snapshot_not_T60,pinnacle,61dd4a8ab173d47574d3d82e,0.9968018751708067,0.9968018751708067,-31168.322951991406,-18831.677048008594,1,FEWER_THAN_TWO_BOOKS,-50000,fanduel,,False,False,48.5,closest_offered_consensus_to_50pct_no_interpolation,998375f0988c8504
e83071af863f41e4f4e2cdf8,2026-09-06T21:09:03.371375+00:00,998375f0988c8504abc453f8e528b151e37d989f9b20732e403c4d606c50877e,3e646c7479c57f5d9752d8c7dfe7059b,1,2026-09-14T00:20:00Z,New York Giants,Dallas Cowboys,totals,alternate_totals,,22.5,Under,22.5,fanduel,3500,36.0,0.0031981248291934605,1.6032259715888264,2026-09-06T21:08:22Z,41.371375,conditional_non_push,,market_consensus_no_model,live_snapshot_not_T60,pinnacle,61dd4a8ab173d47574d3d82e,0.0031981248291934605,0.0031981248291934605,31168.322951990318,-27668.322951990318,1,FEWER_THAN_TWO_BOOKS,3500,fanduel,,False,False,48.5,closest_offered_consensus_to_50pct_no_interpolation,998375f0988c8504
2ec22b7ab5e22b845a81f069,2026-09-06T21:09:03.371375+00:00,998375f0988c8504abc453f8e528b151e37d989f9b20732e403c4d606c50877e,3e646c7479c57f5d9752d8c7dfe7059b,1,2026-09-14T00:20:00Z,New York Giants,Dallas Cowboys,totals,alternate_totals,,23.5,Over,23.5,fanduel,-20000,1.005,0.9925315301958958,1.503044826687773,2026-09-06T21:08:22Z,41.371375,conditional_non_push,,market_consensus_no_model,live_snapshot_not_T60,pinnacle,dba4a015c397e5298619af37,0.9925315301958956,0.9925315301958956,-13289.623660932963,-6710.376339067037,1,FEWER_THAN_TWO_BOOKS,-20000,fanduel,,False,False,48.5,closest_offered_consensus_to_50pct_no_interpolation,998375f0988c8504
f3bc86aa7685d5b496c3df65,2026-09-06T21:09:03.371375+00:00,998375f0988c8504abc453f8e528b151e37d989f9b20732e403c4d606c50877e,3e646c7479c57f5d9752d8c7dfe7059b,1,2026-09-14T00:20:00Z,New York Giants,Dallas Cowboys,totals,alternate_totals,,23.5,Under,23.5,fanduel,2500,26.0,0.00746846980410443,1.503044826687773,2026-09-06T21:08:22Z,41.371375,conditional_non_push,,market_consensus_no_model,live_snapshot_not_T60,pinnacle,dba4a015c397e5298619af37,0.007468469804104428,0.007468469804104428,13289.62366093296,-10789.62366093296,1,FEWER_THAN_TWO_BOOKS,2500,fanduel,,False,False,48.5,closest_offered_consensus_to_50pct_no_interpolation,998375f0988c8504
a038b185ec4690d1d240caae,2026-09-06T21:09:03.371375+00:00,998375f0988c8504abc453f8e528b151e37d989f9b20732e403c4d606c50877e,3e646c7479c57f5d9752d8c7dfe7059b,1,2026-09-14T00:20:00Z,New York Giants,Dallas Cowboys,totals,alternate_totals,,24.5,Over,24.5,fanduel,-20000,1.005,0.9921008330861376,1.5900680904921125,2026-09-06T21:08:22Z,41.371375,conditional_non_push,,market_consensus_no_model,live_snapshot_not_T60,pinnacle,17c1975f8d9a3c4a85df12ab,0.9921008330861374,0.9921008330861374,-12559.562848900612,-7440.437151099388,1,FEWER_THAN_TWO_BOOKS,-20000,fanduel,,False,False,48.5,closest_offered_consensus_to_50pct_no_interpolation,998375f0988c8504
232988d13f268211fdaf7954,2026-09-06T21:09:03.371375+00:00,998375f0988c8504abc453f8e528b151e37d989f9b20732e403c4d606c50877e,3e646c7479c57f5d9752d8c7dfe7059b,1,2026-09-14T00:20:00Z,New York Giants,Dallas Cowboys,totals,alternate_totals,,24.5,Under,24.5,fanduel,2000,21.0,0.0078991669138625,1.5900680904921125,2026-09-06T21:08:22Z,41.371375,conditional_non_push,,market_consensus_no_model,live_snapshot_not_T60,pinnacle,17c1975f8d9a3c4a85df12ab,0.007899166913862499,0.007899166913862499,12559.56284890079,-10559.56284890079,1,FEWER_THAN_TWO_BOOKS,2000,fanduel,,False,False,48.5,closest_offered_consensus_to_50pct_no_interpolation,998375f0988c8504
b2853761cd45f7ecef675809,2026-09-06T21:09:03.371375+00:00,998375f0988c8504abc453f8e528b151e37d989f9b20732e403c4d606c50877e,3e646c7479c57f5d9752d8c7dfe7059b,1,2026-09-14T00:20:00Z,New York Giants,Dallas Cowboys,totals,alternate_totals,,25.5,Over,25.5,fanduel,-10000,1.01,0.9857394813680388,1.4434873757030022,2026-09-06T21:08:22Z,41.371375,conditional_non_push,,market_consensus_no_model,live_snapshot_not_T60,pinnacle,08e17c62431ba7e7ce6c3f9f,0.9857394813680388,0.9857394813680388,-6912.36768316941,-3087.63231683059,1,FEWER_THAN_TWO_BOOKS,-10000,fanduel,,False,False,48.5,closest_offered_consensus_to_50pct_no_interpolation,998375f0988c8504
f3855a9d84b3120a4bd95a21,2026-09-06T21:09:03.371375+00:00,998375f0988c8504abc453f8e528b151e37d989f9b20732e403c4d606c50877e,3e646c7479c57f5d9752d8c7dfe7059b,1,2026-09-14T00:20:00Z,New York Giants,Dallas Cowboys,totals,alternate_totals,,25.5,Under,25.5,fanduel,1800,19.0,0.014260518631961311,1.4434873757030022,2026-09-06T21:08:22Z,41.371375,conditional_non_push,,market_consensus_no_model,live_snapshot_not_T60,pinnacle,08e17c62431ba7e7ce6c3f9f,0.014260518631961311,0.014260518631961311,6912.367683169357,-5112.367683169357,1,FEWER_THAN_TWO_BOOKS,1800,fanduel,,False,False,48.5,closest_offered_consensus_to_50pct_no_interpolation,998375f0988c8504
34a68e147bff35fb0a303129,2026-09-06T21:09:03.371375+00:00,998375f0988c8504abc453f8e528b151e37d989f9b20732e403c4d606c50877e,3e646c7479c57f5d9752d8c7dfe7059b,1,2026-09-14T00:20:00Z,New York Giants,Dallas Cowboys,totals,alternate_totals,,26.5,Over,26.5,fanduel,-7000,1.0142857142857142,0.9801477566049323,1.4136385355001044,2026-09-06T21:08:22Z,41.371375,conditional_non_push,,market_consensus_no_model,live_snapshot_not_T60,pinnacle,af21e88ecfabd0d89269eb0d,0.9801477566049323,0.9801477566049323,-4937.2140825577835,-2062.7859174422165,1,FEWER_THAN_TWO_BOOKS,-7000,fanduel,,False,False,48.5,closest_offered_consensus_to_50pct_no_interpolation,998375f0988c8504
4ca1f130814cd8918d30335f,2026-09-06T21:09:03.371375+00:00,998375f0988c8504abc453f8e528b151e37d989f9b20732e403c4d606c50877e,3e646c7479c57f5d9752d8c7dfe7059b,1,2026-09-14T00:20:00Z,New York Giants,Dallas Cowboys,totals,alternate_totals,,26.5,Under,26.5,fanduel,1500,16.0,0.019852243395067852,1.4136385355001044,2026-09-06T21:08:22Z,41.371375,conditional_non_push,,market_consensus_no_model,live_snapshot_not_T60,pinnacle,af21e88ecfabd0d89269eb0d,0.019852243395067852,0.019852243395067852,4937.214082557757,-3437.214082557757,1,FEWER_THAN_TWO_BOOKS,1500,fanduel,,False,False,48.5,closest_offered_consensus_to_50pct_no_interpolation,998375f0988c8504
9ed116688a02bfdff09beeba,2026-09-06T21:09:03.371375+00:00,998375f0988c8504abc453f8e528b151e37d989f9b20732e403c4d606c50877e,3e646c7479c57f5d9752d8c7dfe7059b,1,2026-09-14T00:20:00Z,New York Giants,Dallas Cowboys,totals,alternate_totals,,27.5,Over,27.5,draftkings,-10000,1.01,0.9839921247316616,1.6217938399761325,2026-09-06T21:08:18Z,45.371375,conditional_non_push,,market_consensus_no_model,live_snapshot_not_T60,pinnacle,956dc7c79eaab3340d551dc0,0.9805904992879575,0.9805904992879575,-5052.116042735484,-4947.883957264516,2,OK,-6000,fanduel,,False,False,48.5,closest_offered_consensus_to_50pct_no_interpolation,998375f0988c8504
488ea2e6072e6454ca00dbb4,2026-09-06T21:09:03.371375+00:00,998375f0988c8504abc453f8e528b151e37d989f9b20732e403c4d606c50877e,3e646c7479c57f5d9752d8c7dfe7059b,1,2026-09-14T00:20:00Z,New York Giants,Dallas Cowboys,totals,alternate_totals,,27.5,Over,27.5,fanduel,-6000,1.0166666666666666,0.9771888738442537,1.3960254027875676,2026-09-06T21:08:22Z,41.371375,conditional_non_push,,market_consensus_no_model,live_snapshot_not_T60,pinnacle,956dc7c79eaab3340d551dc0,0.9805904992879575,0.9805904992879575,-5052.116042735484,-947.8839572645156,2,OK,-6000,fanduel,,False,False,48.5,closest_offered_consensus_to_50pct_no_interpolation,998375f0988c8504
fbfd860c846522a115426c84,2026-09-06T21:09:03.371375+00:00,998375f0988c8504abc453f8e528b151e37d989f9b20732e403c4d606c50877e,3e646c7479c57f5d9752d8c7dfe7059b,1,2026-09-14T00:20:00Z,New York Giants,Dallas Cowboys,totals,alternate_totals,,27.5,Under,27.5,draftkings,1180,12.8,0.016007875268338478,1.6217938399761325,2026-09-06T21:08:18Z,45.371375,conditional_non_push,,market_consensus_no_model,live_snapshot_not_T60,pinnacle,956dc7c79eaab3340d551dc0,0.01940950071204248,0.01940950071204248,5052.116042735491,-3872.1160427354907,2,OK,1400,fanduel,,False,False,48.5,closest_offered_consensus_to_50pct_no_interpolation,998375f0988c8504
ee49465d9d519ecec1da00fc,2026-09-06T21:09:03.371375+00:00,998375f0988c8504abc453f8e528b151e37d989f9b20732e403c4d606c50877e,3e646c7479c57f5d9752d8c7dfe7059b,1,2026-09-14T00:20:00Z,New York Giants,Dallas Cowboys,totals,alternate_totals,,27.5,Under,27.5,fanduel,1400,15.0,0.022811126155746486,1.3960254027875676,2026-09-06T21:08:22Z,41.371375,conditional_non_push,,market_consensus_no_model,live_snapshot_not_T60,pinnacle,956dc7c79eaab3340d551dc0,0.01940950071204248,0.01940950071204248,5052.116042735491,-3652.1160427354907,2,OK,1400,fanduel,,False,False,48.5,closest_offered_consensus_to_50pct_no_interpolation,998375f0988c8504
92830320acd19acc5053b15c,2026-09-06T21:09:03.371375+00:00,998375f0988c8504abc453f8e528b151e37d989f9b20732e403c4d606c50877e,3e646c7479c57f5d9752d8c7dfe7059b,1,2026-09-14T00:20:00Z,New York Giants,Dallas Cowboys,totals,alternate_totals,,28.5,Over,28.5,draftkings,-8200,1.0121951219512195,0.9809823716807571,1.5840457241893229,2026-09-06T21:08:18Z,45.371375,conditional_non_push,,market_consensus_no_model,live_snapshot_not_T60,pinnacle,27a315d001f2be97c0b3d253,0.9770939460272965,0.9770939460272965,-4265.65809716362,-3934.3419028363796,2,OK,-5000,fanduel,,False,False,48.5,closest_offered_consensus_to_50pct_no_interpolation,998375f0988c8504
bdb5028151153805b2a1a2a2,2026-09-06T21:09:03.371375+00:00,998375f0988c8504abc453f8e528b151e37d989f9b20732e403c4d606c50877e,3e646c7479c57f5d9752d8c7dfe7059b,1,2026-09-14T00:20:00Z,New York Giants,Dallas Cowboys,totals,alternate_totals,,28.5,Over,28.5,fanduel,-5000,1.02,0.9732055203738359,1.371534962944137,2026-09-06T21:08:22Z,41.371375,conditional_non_push,,market_consensus_no_model,live_snapshot_not_T60,pinnacle,27a315d001f2be97c0b3d253,0.9770939460272965,0.9770939460272965,-4265.65809716362,-734.3419028363796,2,OK,-5000,fanduel,,False,False,48.5,closest_offered_consensus_to_50pct_no_interpolation,998375f0988c8504
ac026a779befd703a467c637,2026-09-06T21:09:03.371375+00:00,998375f0988c8504abc453f8e528b151e37d989f9b20732e403c4d606c50877e,3e646c7479c57f5d9752d8c7dfe7059b,1,2026-09-14T00:20:00Z,New York Giants,Dallas Cowboys,totals,alternate_totals,,28.5,Under,28.5,draftkings,1120,12.2,0.019017628319243092,1.5840457241893229,2026-09-06T21:08:18Z,45.371375,conditional_non_push,,market_consensus_no_model,live_snapshot_not_T60,pinnacle,27a315d001f2be97c0b3d253,0.02290605397270362,0.02290605397270362,4265.658097163599,-3145.6580971635995,2,OK,1300,fanduel,,False,False,48.5,closest_offered_consensus_to_50pct_no_interpolation,998375f0988c8504
53d998f003595de3a8fb50f2,2026-09-06T21:09:03.371375+00:00,998375f0988c8504abc453f8e528b151e37d989f9b20732e403c4d606c50877e,3e646c7479c57f5d9752d8c7dfe7059b,1,2026-09-14T00:20:00Z,New York Giants,Dallas Cowboys,totals,alternate_totals,,28.5,Under,28.5,fanduel,1300,14.0,0.02679447962616415,1.371534962944137,2026-09-06T21:08:22Z,41.371375,conditional_non_push,,market_consensus_no_model,live_snapshot_not_T60,pinnacle,27a315d001f2be97c0b3d253,0.02290605397270362,0.02290605397270362,4265.658097163599,-2965.6580971635995,2,OK,1300,fanduel,,False,False,48.5,closest_offered_consensus_to_50pct_no_interpolation,998375f0988c8504
d5db73fdcce4d136b315f9b3,2026-09-06T21:09:03.371375+00:00,998375f0988c8504abc453f8e528b151e37d989f9b20732e403c4d606c50877e,3e646c7479c57f5d9752d8c7dfe7059b,1,2026-09-14T00:20:00Z,New York Giants,Dallas Cowboys,totals,alternate_totals,,29.5,Over,29.5,draftkings,-4000,1.025,0.9654217313607113,1.4251325438401654,2026-09-06T21:08:18Z,45.371375,conditional_non_push,,market_consensus_no_model,live_snapshot_not_T60,pinnacle,e1f4b14817906490c8d6340f,0.9660831077513392,0.9660831077513392,-2848.3833385102816,-1151.6166614897184,2,OK,-4000,draftkings|fanduel,,False,False,48.5,closest_offered_consensus_to_50pct_no_interpolation,998375f0988c8504
c23f305c83606caca14f7814,2026-09-06T21:09:03.371375+00:00,998375f0988c8504abc453f8e528b151e37d989f9b20732e403c4d606c50877e,3e646c7479c57f5d9752d8c7dfe7059b,1,2026-09-14T00:20:00Z,New York Giants,Dallas Cowboys,totals,alternate_totals,,29.5,Over,29.5,fanduel,-4000,1.025,0.9667444841419672,1.3696830967319413,2026-09-06T21:08:22Z,41.371375,conditional_non_push,,market_consensus_no_model,live_snapshot_not_T60,pinnacle,e1f4b14817906490c8d6340f,0.9660831077513392,0.9660831077513392,-2848.3833385102816,-1151.6166614897184,2,OK,-4000,draftkings|fanduel,,False,False,48.5,closest_offered_consensus_to_50pct_no_interpolation,998375f0988c8504
3c847659ba53437110ee3af3,2026-09-06T21:09:03.371375+00:00,998375f0988c8504abc453f8e528b151e37d989f9b20732e403c4d606c50877e,3e646c7479c57f5d9752d8c7dfe7059b,1,2026-09-14T00:20:00Z,New York Giants,Dallas Cowboys,totals,alternate_totals,,29.5,Under,29.5,draftkings,960,10.6,0.03457826863928881,1.4251325438401654,2026-09-06T21:08:18Z,45.371375,conditional_non_push,,market_consensus_no_model,live_snapshot_not_T60,pinnacle,e1f4b14817906490c8d6340f,0.03391689224866084,0.03391689224866084,2848.3833385102776,-1888.3833385102776,2,OK,1100,fanduel,,False,False,48.5,closest_offered_consensus_to_50pct_no_interpolation,998375f0988c8504
eb1185416cba41fe7dce943f,2026-09-06T21:09:03.371375+00:00,998375f0988c8504abc453f8e528b151e37d989f9b20732e403c4d606c50877e,3e646c7479c57f5d9752d8c7dfe7059b,1,2026-09-14T00:20:00Z,New York Giants,Dallas Cowboys,totals,alternate_totals,,29.5,Under,29.5,fanduel,1100,12.0,0.033255515858032866,1.3696830967319413,2026-09-06T21:08:22Z,41.371375,conditional_non_push,,market_consensus_no_model,live_snapshot_not_T60,pinnacle,e1f4b14817906490c8d6340f,0.03391689224866084,0.03391689224866084,2848.3833385102776,-1748.3833385102776,2,OK,1100,fanduel,,False,False,48.5,closest_offered_consensus_to_50pct_no_interpolation,998375f0988c8504
0a5e380fa18c6fa36acbefeb,2026-09-06T21:09:03.371375+00:00,998375f0988c8504abc453f8e528b151e37d989f9b20732e403c4d606c50877e,3e646c7479c57f5d9752d8c7dfe7059b,1,2026-09-14T00:20:00Z,New York Giants,Dallas Cowboys,totals,alternate_totals,,30.5,Over,30.5,draftkings,-2400,1.0416666666666667,0.9471099308358927,1.3311478266500765,2026-09-06T21:08:18Z,45.371375,conditional_non_push,,market_consensus_no_model,live_snapshot_not_T60,pinnacle,93cb46ae5f880ec5ce41f09a,0.9486503742486483,0.9486503742486483,-1847.4338622101375,-552.5661377898625,2,OK,-2400,draftkings,,False,False,48.5,closest_offered_consensus_to_50pct_no_interpolation,998375f0988c8504
889e6ac0ad8a4efecb4e3a46,2026-09-06T21:09:03.371375+00:00,998375f0988c8504abc453f8e528b151e37d989f9b20732e403c4d606c50877e,3e646c7479c57f5d9752d8c7dfe7059b,1,2026-09-14T00:20:00Z,New York Giants,Dallas Cowboys,totals,alternate_totals,,30.5,Over,30.5,fanduel,-2500,1.04,0.9501908176614043,1.302690587533839,2026-09-06T21:08:22Z,41.371375,conditional_non_push,,market_consensus_no_model,live_snapshot_not_T60,pinnacle,93cb46ae5f880ec5ce41f09a,0.9486503742486483,0.9486503742486483,-1847.4338622101375,-652.5661377898625,2,OK,-2400,draftkings,,False,False,48.5,closest_offered_consensus_to_50pct_no_interpolation,998375f0988c8504
c17816b2beb6ef314c8e7bdc,2026-09-06T21:09:03.371375+00:00,998375f0988c8504abc453f8e528b151e37d989f9b20732e403c4d606c50877e,3e646c7479c57f5d9752d8c7dfe7059b,1,2026-09-14T00:20:00Z,New York Giants,Dallas Cowboys,totals,alternate_totals,,30.5,Under,30.5,draftkings,810,9.1,0.052890069164107566,1.3311478266500765,2026-09-06T21:08:18Z,45.371375,conditional_non_push,,market_consensus_no_model,live_snapshot_not_T60,pinnacle,93cb46ae5f880ec5ce41f09a,0.05134962575135172,0.05134962575135172,1847.4338622101372,-1037.4338622101372,2,OK,900,fanduel,,False,False,48.5,closest_offered_consensus_to_50pct_no_interpolation,998375f0988c8504
24fcab2f0b7dd2af4eab4044,2026-09-06T21:09:03.371375+00:00,998375f0988c8504abc453f8e528b151e37d989f9b20732e403c4d606c50877e,3e646c7479c57f5d9752d8c7dfe7059b,1,2026-09-14T00:20:00Z,New York Giants,Dallas Cowboys,totals,alternate_totals,,30.5,Under,30.5,fanduel,900,10.0,0.0498091823385959,1.302690587533839,2026-09-06T21:08:22Z,41.371375,conditional_non_push,,market_consensus_no_model,live_snapshot_not_T60,pinnacle,93cb46ae5f880ec5ce41f09a,0.05134962575135172,0.05134962575135172,1847.4338622101372,-947.4338622101372,2,OK,900,fanduel,,False,False,48.5,closest_offered_consensus_to_50pct_no_interpolation,998375f0988c8504
d095dc8ca33a2ee770568332,2026-09-06T21:09:03.371375+00:00,998375f0988c8504abc453f8e528b151e37d989f9b20732e403c4d606c50877e,3e646c7479c57f5d9752d8c7dfe7059b,1,2026-09-14T00:20:00Z,New York Giants,Dallas Cowboys,totals,alternate_totals,,31.5,Over,31.5,draftkings,-1920,1.0520833333333333,0.9363891117738217,1.2944881035237983,2026-09-06T21:08:18Z,45.371375,conditional_non_push,,market_consensus_no_model,live_snapshot_not_T60,pinnacle,baf76acbfaf28f2a63a2e9bc,0.9406332335963679,0.9406332335963679,-1584.4441100278937,-335.55588997210634,2,OK,-1920,draftkings,,False,False,48.5,closest_offered_consensus_to_50pct_no_interpolation,998375f0988c8504
3581de09094394a823200a16,2026-09-06T21:09:03.371375+00:00,998375f0988c8504abc453f8e528b151e37d989f9b20732e403c4d606c50877e,3e646c7479c57f5d9752d8c7dfe7059b,1,2026-09-14T00:20:00Z,New York Giants,Dallas Cowboys,totals,alternate_totals,,31.5,Over,31.5,fanduel,-2200,1.0454545454545454,0.9448773554189145,1.2755431788789866,2026-09-06T21:08:22Z,41.371375,conditional_non_push,,market_consensus_no_model,live_snapshot_not_T60,pinnacle,baf76acbfaf28f2a63a2e9bc,0.9406332335963679,0.9406332335963679,-1584.4441100278937,-615.5558899721063,2,OK,-1920,draftkings,,False,False,48.5,closest_offered_consensus_to_50pct_no_interpolation,998375f0988c8504
f27bf72604bc5f69efe25663,2026-09-06T21:09:03.371375+00:00,998375f0988c8504abc453f8e528b151e37d989f9b20732e403c4d606c50877e,3e646c7479c57f5d9752d8c7dfe7059b,1,2026-09-14T00:20:00Z,New York Giants,Dallas Cowboys,totals,alternate_totals,,31.5,Under,31.5,draftkings,740,8.4,0.06361088822617847,1.2944881035237983,2026-09-06T21:08:18Z,45.371375,conditional_non_push,,market_consensus_no_model,live_snapshot_not_T60,pinnacle,baf76acbfaf28f2a63a2e9bc,0.059366766403632046,0.059366766403632046,1584.4441100278964,-844.4441100278964,2,OK,870,fanduel,,False,False,48.5,closest_offered_consensus_to_50pct_no_interpolation,998375f0988c8504
382e6a2b2233e4ffc4f29728,2026-09-06T21:09:03.371375+00:00,998375f0988c8504abc453f8e528b151e37d989f9b20732e403c4d606c50877e,3e646c7479c57f5d9752d8c7dfe7059b,1,2026-09-14T00:20:00Z,New York Giants,Dallas Cowboys,totals,alternate_totals,,31.5,Under,31.5,fanduel,870,9.7,0.05512264458108564,1.2755431788789866,2026-09-06T21:08:22Z,41.371375,conditional_non_push,,market_consensus_no_model,live_snapshot_not_T60,pinnacle,baf76acbfaf28f2a63a2e9bc,0.059366766403632046,0.059366766403632046,1584.4441100278964,-714.4441100278964,2,OK,870,fanduel,,False,False,48.5,closest_offered_consensus_to_50pct_no_interpolation,998375f0988c8504
7a474fd56a8f4aa12f7594da,2026-09-06T21:09:03.371375+00:00,998375f0988c8504abc453f8e528b151e37d989f9b20732e403c4d606c50877e,3e646c7479c57f5d9752d8c7dfe7059b,1,2026-09-14T00:20:00Z,New York Giants,Dallas Cowboys,totals,alternate_totals,,32.5,Over,32.5,draftkings,-1560,1.064102564102564,0.9244060434247603,1.2651152361958027,2026-09-06T21:08:18Z,45.371375,conditional_non_push,,market_consensus_no_model,live_snapshot_not_T60,pinnacle,91bea0b1ada084373595f54e,0.9296852796108734,0.9296852796108734,-1322.1773114732312,-237.82268852676884,2,OK,-1560,draftkings,,False,False,48.5,closest_offered_consensus_to_50pct_no_interpolation,998375f0988c8504
f4f9ac2f25eb8778cf19fd3b,2026-09-06T21:09:03.371375+00:00,998375f0988c8504abc453f8e528b151e37d989f9b20732e403c4d606c50877e,3e646c7479c57f5d9752d8c7dfe7059b,1,2026-09-14T00:20:00Z,New York Giants,Dallas Cowboys,totals,alternate_totals,,32.5,Over,32.5,fanduel,-1800,1.0555555555555556,0.9349645157969867,1.2437610044118093,2026-09-06T21:08:22Z,41.371375,conditional_non_push,,market_consensus_no_model,live_snapshot_not_T60,pinnacle,91bea0b1ada084373595f54e,0.9296852796108734,0.9296852796108734,-1322.1773114732312,-477.82268852676884,2,OK,-1560,draftkings,,False,False,48.5,closest_offered_consensus_to_50pct_no_interpolation,998375f0988c8504
e5da0b39b2ea1f0f4fa03204,2026-09-06T21:09:03.371375+00:00,998375f0988c8504abc453f8e528b151e37d989f9b20732e403c4d606c50877e,3e646c7479c57f5d9752d8c7dfe7059b,1,2026-09-14T00:20:00Z,New York Giants,Dallas Cowboys,totals,alternate_totals,,32.5,Under,32.5,draftkings,670,7.7,0.0755939565752398,1.2651152361958027,2026-09-06T21:08:18Z,45.371375,conditional_non_push,,market_consensus_no_model,live_snapshot_not_T60,pinnacle,91bea0b1ada084373595f54e,0.07031472038912662,0.07031472038912662,1322.17731147323,-652.17731147323,2,OK,800,fanduel,,False,False,48.5,closest_offered_consensus_to_50pct_no_interpolation,998375f0988c8504
18c3e29c729bdde6844a819b,2026-09-06T21:09:03.371375+00:00,998375f0988c8504abc453f8e528b151e37d989f9b20732e403c4d606c50877e,3e646c7479c57f5d9752d8c7dfe7059b,1,2026-09-14T00:20:00Z,New York Giants,Dallas Cowboys,totals,alternate_totals,,32.5,Under,32.5,fanduel,800,9.0,0.06503548420301344,1.2437610044118093,2026-09-06T21:08:22Z,41.371375,conditional_non_push,,market_consensus_no_model,live_snapshot_not_T60,pinnacle,91bea0b1ada084373595f54e,0.07031472038912662,0.07031472038912662,1322.17731147323,-522.17731147323,2,OK,800,fanduel,,False,False,48.5,closest_offered_consensus_to_50pct_no_interpolation,998375f0988c8504
87ada9dbb087573e19b0efbd,2026-09-06T21:09:03.371375+00:00,998375f0988c8504abc453f8e528b151e37d989f9b20732e403c4d606c50877e,3e646c7479c57f5d9752d8c7dfe7059b,1,2026-09-14T00:20:00Z,New York Giants,Dallas Cowboys,totals,alternate_totals,,33.5,Over,33.5,draftkings,-1180,1.0847457627118644,0.9046073936551666,1.2324477285753197,2026-09-06T21:08:18Z,45.371375,conditional_non_push,,market_consensus_no_model,live_snapshot_not_T60,pinnacle,09db30323854b9a4a9166803,0.9030726735303041,0.9030726735303041,-931.7007973109083,-248.29920268909166,2,OK,-1100,fanduel,,False,False,48.5,closest_offered_consensus_to_50pct_no_interpolation,998375f0988c8504
7bac6c040563e2b2e32b2bd6,2026-09-06T21:09:03.371375+00:00,998375f0988c8504abc453f8e528b151e37d989f9b20732e403c4d606c50877e,3e646c7479c57f5d9752d8c7dfe7059b,1,2026-09-14T00:20:00Z,New York Giants,Dallas Cowboys,totals,alternate_totals,,33.5,Over,33.5,fanduel,-1100,1.0909090909090908,0.9015379534054418,1.191259586133878,2026-09-06T21:08:22Z,41.371375,conditional_non_push,,market_consensus_no_model,live_snapshot_not_T60,pinnacle,09db30323854b9a4a9166803,0.9030726735303041,0.9030726735303041,-931.7007973109083,-168.29920268909166,2,OK,-1100,fanduel,,False,False,48.5,closest_offered_consensus_to_50pct_no_interpolation,998375f0988c8504
3111da29c0e15b6cd39f447b,2026-09-06T21:09:03.371375+00:00,998375f0988c8504abc453f8e528b151e37d989f9b20732e403c4d606c50877e,3e646c7479c57f5d9752d8c7dfe7059b,1,2026-09-14T00:20:00Z,New York Giants,Dallas Cowboys,totals,alternate_totals,,33.5,Under,33.5,draftkings,573,6.73,0.09539260634483353,1.2324477285753197,2026-09-06T21:08:18Z,45.371375,conditional_non_push,,market_consensus_no_model,live_snapshot_not_T60,pinnacle,09db30323854b9a4a9166803,0.09692732646969585,0.09692732646969585,931.7007973109091,-358.70079731090914,2,OK,600,fanduel,,False,False,48.5,closest_offered_consensus_to_50pct_no_interpolation,998375f0988c8504
022226a9d4afd4e908e2e2a3,2026-09-06T21:09:03.371375+00:00,998375f0988c8504abc453f8e528b151e37d989f9b20732e403c4d606c50877e,3e646c7479c57f5d9752d8c7dfe7059b,1,2026-09-14T00:20:00Z,New York Giants,Dallas Cowboys,totals,alternate_totals,,33.5,Under,33.5,fanduel,600,7.0,0.09846204659455823,1.191259586133878,2026-09-06T21:08:22Z,41.371375,conditional_non_push,,market_consensus_no_model,live_snapshot_not_T60,pinnacle,09db30323854b9a4a9166803,0.09692732646969585,0.09692732646969585,931.7007973109091,-331.70079731090914,2,OK,600,fanduel,,False,False,48.5,closest_offered_consensus_to_50pct_no_interpolation,998375f0988c8504
8e9b59e60987c3b20d8e9d00,2026-09-06T21:09:03.371375+00:00,998375f0988c8504abc453f8e528b151e37d989f9b20732e403c4d606c50877e,3e646c7479c57f5d9752d8c7dfe7059b,1,2026-09-14T00:20:00Z,New York Giants,Dallas Cowboys,totals,alternate_totals,,34.5,Over,34.5,draftkings,-980,1.1020408163265305,0.8891107829121757,1.2096428750773596,2026-09-06T21:08:18Z,45.371375,conditional_non_push,,market_consensus_no_model,live_snapshot_not_T60,pinnacle,2e653a9ae4f851b08d3b53a5,0.8911462517184421,0.8911462517184421,-818.6638180004875,-161.33618199951252,2,OK,-980,draftkings,,False,False,48.5,closest_offered_consensus_to_50pct_no_interpolation,998375f0988c8504
ea20f3936d6f632697642b0b,2026-09-06T21:09:03.371375+00:00,998375f0988c8504abc453f8e528b151e37d989f9b20732e403c4d606c50877e,3e646c7479c57f5d9752d8c7dfe7059b,1,2026-09-14T00:20:00Z,New York Giants,Dallas Cowboys,totals,alternate_totals,,34.5,Over,34.5,fanduel,-1000,1.1,0.8931817205247089,1.1852377638063105,2026-09-06T21:08:22Z,41.371375,conditional_non_push,,market_consensus_no_model,live_snapshot_not_T60,pinnacle,2e653a9ae4f851b08d3b53a5,0.8911462517184421,0.8911462517184421,-818.6638180004875,-181.33618199951252,2,OK,-980,draftkings,,False,False,48.5,closest_offered_consensus_to_50pct_no_interpolation,998375f0988c8504
71d5c19cb86aef9826f8943c,2026-09-06T21:09:03.371375+00:00,998375f0988c8504abc453f8e528b151e37d989f9b20732e403c4d606c50877e,3e646c7479c57f5d9752d8c7dfe7059b,1,2026-09-14T00:20:00Z,New York Giants,Dallas Cowboys,totals,alternate_totals,,34.5,Under,34.5,draftkings,516,6.16,0.1108892170878244,1.2096428750773596,2026-09-06T21:08:18Z,45.371375,conditional_non_push,,market_consensus_no_model,live_snapshot_not_T60,pinnacle,2e653a9ae4f851b08d3b53a5,0.10885374828155779,0.10885374828155779,818.6638180004886,-302.6638180004886,2,OK,560,fanduel,,False,False,48.5,closest_offered_consensus_to_50pct_no_interpolation,998375f0988c8504
4dd3b477249848e053731f23,2026-09-06T21:09:03.371375+00:00,998375f0988c8504abc453f8e528b151e37d989f9b20732e403c4d606c50877e,3e646c7479c57f5d9752d8c7dfe7059b,1,2026-09-14T00:20:00Z,New York Giants,Dallas Cowboys,totals,alternate_totals,,34.5,Under,34.5,fanduel,560,6.6,0.10681827947529124,1.1852377638063105,2026-09-06T21:08:22Z,41.371375,conditional_non_push,,market_consensus_no_model,live_snapshot_not_T60,pinnacle,2e653a9ae4f851b08d3b53a5,0.10885374828155779,0.10885374828155779,818.6638180004886,-258.6638180004886,2,OK,560,fanduel,,False,False,48.5,closest_offered_consensus_to_50pct_no_interpolation,998375f0988c8504
c04873e06584fd07212a9292,2026-09-06T21:09:03.371375+00:00,998375f0988c8504abc453f8e528b151e37d989f9b20732e403c4d606c50877e,3e646c7479c57f5d9752d8c7dfe7059b,1,2026-09-14T00:20:00Z,New York Giants,Dallas Cowboys,totals,alternate_totals,,35.5,Over,35.5,draftkings,-820,1.1219512195121952,0.8717944778660491,1.1923383375024903,2026-09-06T21:08:18Z,45.371375,conditional_non_push,,market_consensus_no_model,live_snapshot_not_T60,pinnacle,d18f04d1ae521e997fd1712a,0.8716650334690261,0.8716650334690261,-679.210862815512,-140.78913718448803,2,OK,-800,fanduel,,False,False,48.5,closest_offered_consensus_to_50pct_no_interpolation,998375f0988c8504
d6cad111582970137998b706,2026-09-06T21:09:03.371375+00:00,998375f0988c8504abc453f8e528b151e37d989f9b20732e403c4d606c50877e,3e646c7479c57f5d9752d8c7dfe7059b,1,2026-09-14T00:20:00Z,New York Giants,Dallas Cowboys,totals,alternate_totals,,35.5,Over,35.5,fanduel,-800,1.125,0.8715355890720035,1.167388644028101,2026-09-06T21:08:22Z,41.371375,conditional_non_push,,market_consensus_no_model,live_snapshot_not_T60,pinnacle,d18f04d1ae521e997fd1712a,0.8716650334690261,0.8716650334690261,-679.210862815512,-120.78913718448803,2,OK,-800,fanduel,,False,False,48.5,closest_offered_consensus_to_50pct_no_interpolation,998375f0988c8504
2b5345aabd503bcdc58fbc70,2026-09-06T21:09:03.371375+00:00,998375f0988c8504abc453f8e528b151e37d989f9b20732e403c4d606c50877e,3e646c7479c57f5d9752d8c7dfe7059b,1,2026-09-14T00:20:00Z,New York Giants,Dallas Cowboys,totals,alternate_totals,,35.5,Under,35.5,draftkings,460,5.6,0.128205522133951,1.1923383375024903,2026-09-06T21:08:18Z,45.371375,conditional_non_push,,market_consensus_no_model,live_snapshot_not_T60,pinnacle,d18f04d1ae521e997fd1712a,0.1283349665309738,0.1283349665309738,679.2108628155125,-219.21086281551254,2,OK,480,fanduel,,False,False,48.5,closest_offered_consensus_to_50pct_no_interpolation,998375f0988c8504
77f9c6afa921fbe7ab71c468,2026-09-06T21:09:03.371375+00:00,998375f0988c8504abc453f8e528b151e37d989f9b20732e403c4d606c50877e,3e646c7479c57f5d9752d8c7dfe7059b,1,2026-09-14T00:20:00Z,New York Giants,Dallas Cowboys,totals,alternate_totals,,35.5,Under,35.5,fanduel,480,5.8,0.12846441092799663,1.167388644028101,2026-09-06T21:08:22Z,41.371375,conditional_non_push,,market_consensus_no_model,live_snapshot_not_T60,pinnacle,d18f04d1ae521e997fd1712a,0.1283349665309738,0.1283349665309738,679.2108628155125,-199.21086281551254,2,OK,480,fanduel,,False,False,48.5,closest_offered_consensus_to_50pct_no_interpolation,998375f0988c8504
392ab22b35c837af90e3cd3c,2026-09-06T21:09:03.371375+00:00,998375f0988c8504abc453f8e528b151e37d989f9b20732e403c4d606c50877e,3e646c7479c57f5d9752d8c7dfe7059b,1,2026-09-14T00:20:00Z,New York Giants,Dallas Cowboys,totals,alternate_totals,,36.5,Over,36.5,draftkings,-670,1.1492537313432836,0.8490503217962027,1.1762887360880319,2026-09-06T21:08:18Z,45.371375,conditional_non_push,,market_consensus_no_model,live_snapshot_not_T60,pinnacle,1f205cf6f8af9b635218458e,0.8489127296319114,0.8489127296319114,-561.8691287252298,-108.13087127477024,2,OK,-650,fanduel,,False,False,48.5,closest_offered_consensus_to_50pct_no_interpolation,998375f0988c8504
f0c974e7e6bf156682162efa,2026-09-06T21:09:03.371375+00:00,998375f0988c8504abc453f8e528b151e37d989f9b20732e403c4d606c50877e,3e646c7479c57f5d9752d8c7dfe7059b,1,2026-09-14T00:20:00Z,New York Giants,Dallas Cowboys,totals,alternate_totals,,36.5,Over,36.5,fanduel,-650,1.1538461538461537,0.8487751374676201,1.1457723052543067,2026-09-06T21:08:22Z,41.371375,conditional_non_push,,market_consensus_no_model,live_snapshot_not_T60,pinnacle,1f205cf6f8af9b635218458e,0.8489127296319114,0.8489127296319114,-561.8691287252298,-88.13087127477024,2,OK,-650,fanduel,,False,False,48.5,closest_offered_consensus_to_50pct_no_interpolation,998375f0988c8504
d2ae8f60d0eacd757adde982,2026-09-06T21:09:03.371375+00:00,998375f0988c8504abc453f8e528b151e37d989f9b20732e403c4d606c50877e,3e646c7479c57f5d9752d8c7dfe7059b,1,2026-09-14T00:20:00Z,New York Giants,Dallas Cowboys,totals,alternate_totals,,36.5,Under,36.5,draftkings,399,4.99,0.15094967820379734,1.1762887360880319,2026-09-06T21:08:18Z,45.371375,conditional_non_push,,market_consensus_no_model,live_snapshot_not_T60,pinnacle,1f205cf6f8af9b635218458e,0.15108727036808867,0.15108727036808867,561.8691287252293,-162.8691287252293,2,OK,420,fanduel,,False,False,48.5,closest_offered_consensus_to_50pct_no_interpolation,998375f0988c8504
0d122ac3ba11f2068490129b,2026-09-06T21:09:03.371375+00:00,998375f0988c8504abc453f8e528b151e37d989f9b20732e403c4d606c50877e,3e646c7479c57f5d9752d8c7dfe7059b,1,2026-09-14T00:20:00Z,New York Giants,Dallas Cowboys,totals,alternate_totals,,36.5,Under,36.5,fanduel,420,5.2,0.15122486253237996,1.1457723052543067,2026-09-06T21:08:22Z,41.371375,conditional_non_push,,market_consensus_no_model,live_snapshot_not_T60,pinnacle,1f205cf6f8af9b635218458e,0.15108727036808867,0.15108727036808867,561.8691287252293,-141.8691287252293,2,OK,420,fanduel,,False,False,48.5,closest_offered_consensus_to_50pct_no_interpolation,998375f0988c8504
20c442a02d93cee551b2ba2a,2026-09-06T21:09:03.371375+00:00,998375f0988c8504abc453f8e528b151e37d989f9b20732e403c4d606c50877e,3e646c7479c57f5d9752d8c7dfe7059b,1,2026-09-14T00:20:00Z,New York Giants,Dallas Cowboys,totals,alternate_totals,,37.5,Over,37.5,draftkings,-531,1.1883239171374764,0.819000761846798,1.1572146731525765,2026-09-06T21:08:18Z,45.371375,conditional_non_push,,market_consensus_no_model,live_snapshot_not_T60,pinnacle,c06209043d8f8f551f82778a,0.8189431101612311,0.8189431101612311,-452.31259130238,-78.68740869762001,2,OK,-520,fanduel,,False,False,48.5,closest_offered_consensus_to_50pct_no_interpolation,998375f0988c8504
56471d56086b30d2458417d0,2026-09-06T21:09:03.371375+00:00,998375f0988c8504abc453f8e528b151e37d989f9b20732e403c4d606c50877e,3e646c7479c57f5d9752d8c7dfe7059b,1,2026-09-14T00:20:00Z,New York Giants,Dallas Cowboys,totals,alternate_totals,,37.5,Over,37.5,fanduel,-520,1.1923076923076923,0.8188854584756646,1.1359958107389625,2026-09-06T21:08:22Z,41.371375,conditional_non_push,,market_consensus_no_model,live_snapshot_not_T60,pinnacle,c06209043d8f8f551f82778a,0.8189431101612311,0.8189431101612311,-452.31259130238,-67.68740869762001,2,OK,-520,fanduel,,False,False,48.5,closest_offered_consensus_to_50pct_no_interpolation,998375f0988c8504
be84a430b2101aeaa439252d,2026-09-06T21:09:03.371375+00:00,998375f0988c8504abc453f8e528b151e37d989f9b20732e403c4d606c50877e,3e646c7479c57f5d9752d8c7dfe7059b,1,2026-09-14T00:20:00Z,New York Giants,Dallas Cowboys,totals,alternate_totals,,37.5,Under,37.5,draftkings,338,4.38,0.1809992381532022,1.1572146731525765,2026-09-06T21:08:18Z,45.371375,conditional_non_push,,market_consensus_no_model,live_snapshot_not_T60,pinnacle,c06209043d8f8f551f82778a,0.18105688983876883,0.18105688983876883,452.3125913023802,-114.31259130238021,2,OK,350,fanduel,,False,False,48.5,closest_offered_consensus_to_50pct_no_interpolation,998375f0988c8504
460366c54cfaa47f83bdc2a5,2026-09-06T21:09:03.371375+00:00,998375f0988c8504abc453f8e528b151e37d989f9b20732e403c4d606c50877e,3e646c7479c57f5d9752d8c7dfe7059b,1,2026-09-14T00:20:00Z,New York Giants,Dallas Cowboys,totals,alternate_totals,,37.5,Under,37.5,fanduel,350,4.5,0.1811145415243355,1.1359958107389625,2026-09-06T21:08:22Z,41.371375,conditional_non_push,,market_consensus_no_model,live_snapshot_not_T60,pinnacle,c06209043d8f8f551f82778a,0.18105688983876883,0.18105688983876883,452.3125913023802,-102.31259130238021,2,OK,350,fanduel,,False,False,48.5,closest_offered_consensus_to_50pct_no_interpolation,998375f0988c8504
facd72002719a62f787049f1,2026-09-06T21:09:03.371375+00:00,998375f0988c8504abc453f8e528b151e37d989f9b20732e403c4d606c50877e,3e646c7479c57f5d9752d8c7dfe7059b,1,2026-09-14T00:20:00Z,New York Giants,Dallas Cowboys,totals,alternate_totals,,38.5,Over,38.5,draftkings,-473,1.2114164904862579,0.8020692016665054,1.1500078784715044,2026-09-06T21:08:18Z,45.371375,conditional_non_push,,market_consensus_no_model,live_snapshot_not_T60,pinnacle,b3e900e8fd69a0dd7f9604f8,0.8016889054741161,0.8016889054741161,-404.258222360564,-68.74177763943601,2,OK,-460,fanduel,,False,False,48.5,closest_offered_consensus_to_50pct_no_interpolation,998375f0988c8504
b8f7e319b29b900fd394dbd6,2026-09-06T21:09:03.371375+00:00,998375f0988c8504abc453f8e528b151e37d989f9b20732e403c4d606c50877e,3e646c7479c57f5d9752d8c7dfe7059b,1,2026-09-14T00:20:00Z,New York Giants,Dallas Cowboys,totals,alternate_totals,,38.5,Over,38.5,fanduel,-460,1.2173913043478262,0.8013086092817271,1.1260677889883568,2026-09-06T21:08:22Z,41.371375,conditional_non_push,,market_consensus_no_model,live_snapshot_not_T60,pinnacle,b3e900e8fd69a0dd7f9604f8,0.8016889054741161,0.8016889054741161,-404.258222360564,-55.74177763943601,2,OK,-460,fanduel,,False,False,48.5,closest_offered_consensus_to_50pct_no_interpolation,998375f0988c8504
930f3a70c00b138bb00430c4,2026-09-06T21:09:03.371375+00:00,998375f0988c8504abc453f8e528b151e37d989f9b20732e403c4d606c50877e,3e646c7479c57f5d9752d8c7dfe7059b,1,2026-09-14T00:20:00Z,New York Giants,Dallas Cowboys,totals,alternate_totals,,38.5,Under,38.5,draftkings,309,4.09,0.19793079833349475,1.1500078784715044,2026-09-06T21:08:18Z,45.371375,conditional_non_push,,market_consensus_no_model,live_snapshot_not_T60,pinnacle,b3e900e8fd69a0dd7f9604f8,0.19831109452588386,0.19831109452588386,404.2582223605641,-95.2582223605641,2,OK,320,fanduel,,False,False,48.5,closest_offered_consensus_to_50pct_no_interpolation,998375f0988c8504
347c4318b90c0d37f2420784,2026-09-06T21:09:03.371375+00:00,998375f0988c8504abc453f8e528b151e37d989f9b20732e403c4d606c50877e,3e646c7479c57f5d9752d8c7dfe7059b,1,2026-09-14T00:20:00Z,New York Giants,Dallas Cowboys,totals,alternate_totals,,38.5,Under,38.5,fanduel,320,4.2,0.19869139071827305,1.1260677889883568,2026-09-06T21:08:22Z,41.371375,conditional_non_push,,market_consensus_no_model,live_snapshot_not_T60,pinnacle,b3e900e8fd69a0dd7f9604f8,0.19831109452588386,0.19831109452588386,404.2582223605641,-84.2582223605641,2,OK,320,fanduel,,False,False,48.5,closest_offered_consensus_to_50pct_no_interpolation,998375f0988c8504
5a0f898f6c55945fad9c3926,2026-09-06T21:09:03.371375+00:00,998375f0988c8504abc453f8e528b151e37d989f9b20732e403c4d606c50877e,3e646c7479c57f5d9752d8c7dfe7059b,1,2026-09-14T00:20:00Z,New York Giants,Dallas Cowboys,totals,alternate_totals,,39.5,Over,39.5,draftkings,-410,1.2439024390243902,0.779480617798888,1.1414588098204357,2026-09-06T21:08:18Z,45.371375,conditional_non_push,,market_consensus_no_model,live_snapshot_not_T60,pinnacle,65c4efd6387f35f35ddb3926,0.7792070342758379,0.7792070342758379,-352.91297968672865,-57.08702031327135,2,OK,-400,fanduel,,False,False,48.5,closest_offered_consensus_to_50pct_no_interpolation,998375f0988c8504
42f4b2cd040d6c1778a125ec,2026-09-06T21:09:03.371375+00:00,998375f0988c8504abc453f8e528b151e37d989f9b20732e403c4d606c50877e,3e646c7479c57f5d9752d8c7dfe7059b,1,2026-09-14T00:20:00Z,New York Giants,Dallas Cowboys,totals,alternate_totals,,39.5,Over,39.5,fanduel,-400,1.25,0.7789334507527883,1.1195916904675953,2026-09-06T21:08:22Z,41.371375,conditional_non_push,,market_consensus_no_model,live_snapshot_not_T60,pinnacle,65c4efd6387f35f35ddb3926,0.7792070342758379,0.7792070342758379,-352.91297968672865,-47.08702031327135,2,OK,-400,fanduel,,False,False,48.5,closest_offered_consensus_to_50pct_no_interpolation,998375f0988c8504
6f51958fb9ca0c36aecee03d,2026-09-06T21:09:03.371375+00:00,998375f0988c8504abc453f8e528b151e37d989f9b20732e403c4d606c50877e,3e646c7479c57f5d9752d8c7dfe7059b,1,2026-09-14T00:20:00Z,New York Giants,Dallas Cowboys,totals,alternate_totals,,39.5,Under,39.5,draftkings,276,3.76,0.22051938220111214,1.1414588098204357,2026-09-06T21:08:18Z,45.371375,conditional_non_push,,market_consensus_no_model,live_snapshot_not_T60,pinnacle,65c4efd6387f35f35ddb3926,0.22079296572416196,0.22079296572416196,352.91297968672893,-76.91297968672893,2,OK,285,fanduel,,False,False,48.5,closest_offered_consensus_to_50pct_no_interpolation,998375f0988c8504
3c3803b07f863643b1d9d0b4,2026-09-06T21:09:03.371375+00:00,998375f0988c8504abc453f8e528b151e37d989f9b20732e403c4d606c50877e,3e646c7479c57f5d9752d8c7dfe7059b,1,2026-09-14T00:20:00Z,New York Giants,Dallas Cowboys,totals,alternate_totals,,39.5,Under,39.5,fanduel,285,3.85,0.2210665492472119,1.1195916904675953,2026-09-06T21:08:22Z,41.371375,conditional_non_push,,market_consensus_no_model,live_snapshot_not_T60,pinnacle,65c4efd6387f35f35ddb3926,0.22079296572416196,0.22079296572416196,352.91297968672893,-67.91297968672893,2,OK,285,fanduel,,False,False,48.5,closest_offered_consensus_to_50pct_no_interpolation,998375f0988c8504
9cd8cf93040578f9c19f0476,2026-09-06T21:09:03.371375+00:00,998375f0988c8504abc453f8e528b151e37d989f9b20732e403c4d606c50877e,3e646c7479c57f5d9752d8c7dfe7059b,1,2026-09-14T00:20:00Z,New York Giants,Dallas Cowboys,totals,alternate_totals,,40.5,Over,40.5,draftkings,-347,1.2881844380403458,0.7503786941779155,1.1340399965589647,2026-09-06T21:08:18Z,45.371375,conditional_non_push,,market_consensus_no_model,live_snapshot_not_T60,pinnacle,74387dec7e03b33cfacf9de5,0.7503786941779155,0.7503786941779155,-300.60682989645983,-46.39317010354017,3,OK,-297,pinnacle,,False,False,48.5,closest_offered_consensus_to_50pct_no_interpolation,998375f0988c8504
f4bcb9c59efaccedf1126403,2026-09-06T21:09:03.371375+00:00,998375f0988c8504abc453f8e528b151e37d989f9b20732e403c4d606c50877e,3e646c7479c57f5d9752d8c7dfe7059b,1,2026-09-14T00:20:00Z,New York Giants,Dallas Cowboys,totals,alternate_totals,,40.5,Over,40.5,fanduel,-340,1.2941176470588236,0.7510990442670796,1.1101064325515178,2026-09-06T21:08:22Z,41.371375,conditional_non_push,,market_consensus_no_model,live_snapshot_not_T60,pinnacle,74387dec7e03b33cfacf9de5,0.7503786941779155,0.7503786941779155,-300.60682989645983,-39.39317010354017,3,OK,-297,pinnacle,,False,False,48.5,closest_offered_consensus_to_50pct_no_interpolation,998375f0988c8504
4988f0adc60ad46ea5e7bc81,2026-09-06T21:09:03.371375+00:00,998375f0988c8504abc453f8e528b151e37d989f9b20732e403c4d606c50877e,3e646c7479c57f5d9752d8c7dfe7059b,1,2026-09-14T00:20:00Z,New York Giants,Dallas Cowboys,totals,alternate_totals,,40.5,Over,40.5,pinnacle,-297,1.3367003367003367,0.7284371608333053,1.0918311272303955,2026-09-06T21:08:57Z,6.371375,conditional_non_push,,market_consensus_no_model,live_snapshot_not_T60,pinnacle,74387dec7e03b33cfacf9de5,0.7503786941779155,0.7503786941779155,-300.60682989645983,3.6068298964598284,3,OK,-297,pinnacle,,False,False,48.5,closest_offered_consensus_to_50pct_no_interpolation,998375f0988c8504
94820f31bbd4cdc2b9a24996,2026-09-06T21:09:03.371375+00:00,998375f0988c8504abc453f8e528b151e37d989f9b20732e403c4d606c50877e,3e646c7479c57f5d9752d8c7dfe7059b,1,2026-09-14T00:20:00Z,New York Giants,Dallas Cowboys,totals,alternate_totals,,40.5,Under,40.5,draftkings,240,3.4,0.24962130582208453,1.1340399965589647,2026-09-06T21:08:18Z,45.371375,conditional_non_push,,market_consensus_no_model,live_snapshot_not_T60,pinnacle,74387dec7e03b33cfacf9de5,0.24962130582208453,0.24962130582208453,300.60682989645983,-60.60682989645983,3,OK,250,fanduel,,False,False,48.5,closest_offered_consensus_to_50pct_no_interpolation,998375f0988c8504
ab6829ab25c485b7f02e523c,2026-09-06T21:09:03.371375+00:00,998375f0988c8504abc453f8e528b151e37d989f9b20732e403c4d606c50877e,3e646c7479c57f5d9752d8c7dfe7059b,1,2026-09-14T00:20:00Z,New York Giants,Dallas Cowboys,totals,alternate_totals,,40.5,Under,40.5,fanduel,250,3.5,0.24890095573292048,1.1101064325515178,2026-09-06T21:08:22Z,41.371375,conditional_non_push,,market_consensus_no_model,live_snapshot_not_T60,pinnacle,74387dec7e03b33cfacf9de5,0.24962130582208453,0.24962130582208453,300.60682989645983,-50.60682989645983,3,OK,250,fanduel,,False,False,48.5,closest_offered_consensus_to_50pct_no_interpolation,998375f0988c8504
fd330a163bc32c5fd963f92c,2026-09-06T21:09:03.371375+00:00,998375f0988c8504abc453f8e528b151e37d989f9b20732e403c4d606c50877e,3e646c7479c57f5d9752d8c7dfe7059b,1,2026-09-14T00:20:00Z,New York Giants,Dallas Cowboys,totals,alternate_totals,,40.5,Under,40.5,pinnacle,230,3.3,0.27156283916669477,1.0918311272303955,2026-09-06T21:08:57Z,6.371375,conditional_non_push,,market_consensus_no_model,live_snapshot_not_T60,pinnacle,74387dec7e03b33cfacf9de5,0.24962130582208453,0.24962130582208453,300.60682989645983,-70.60682989645983,3,OK,250,fanduel,,False,False,48.5,closest_offered_consensus_to_50pct_no_interpolation,998375f0988c8504
940357dec0f76d2f3b6ca646,2026-09-06T21:09:03.371375+00:00,998375f0988c8504abc453f8e528b151e37d989f9b20732e403c4d606c50877e,3e646c7479c57f5d9752d8c7dfe7059b,1,2026-09-14T00:20:00Z,New York Giants,Dallas Cowboys,totals,alternate_totals,,41.5,Over,41.5,draftkings,-295,1.3389830508474576,0.7196231958226017,1.127152487363042,2026-09-06T21:08:18Z,45.371375,conditional_non_push,,market_consensus_no_model,live_snapshot_not_T60,pinnacle,a3387ba2448d291d5fc86e89,0.7217859901873223,0.7217859901873223,-259.43552974679557,-35.56447025320443,2,OK,-295,draftkings|fanduel,,False,False,48.5,closest_offered_consensus_to_50pct_no_interpolation,998375f0988c8504
f14e4b78eda4c9faab74d83b,2026-09-06T21:09:03.371375+00:00,998375f0988c8504abc453f8e528b151e37d989f9b20732e403c4d606c50877e,3e646c7479c57f5d9752d8c7dfe7059b,1,2026-09-14T00:20:00Z,New York Giants,Dallas Cowboys,totals,alternate_totals,,41.5,Over,41.5,fanduel,-295,1.3389830508474576,0.7239487845520428,1.106622508802201,2026-09-06T21:08:22Z,41.371375,conditional_non_push,,market_consensus_no_model,live_snapshot_not_T60,pinnacle,a3387ba2448d291d5fc86e89,0.7217859901873223,0.7217859901873223,-259.43552974679557,-35.56447025320443,2,OK,-295,draftkings|fanduel,,False,False,48.5,closest_offered_consensus_to_50pct_no_interpolation,998375f0988c8504
b5cbd77a42b97662f75f7cd5,2026-09-06T21:09:03.371375+00:00,998375f0988c8504abc453f8e528b151e37d989f9b20732e403c4d606c50877e,3e646c7479c57f5d9752d8c7dfe7059b,1,2026-09-14T00:20:00Z,New York Giants,Dallas Cowboys,totals,alternate_totals,,41.5,Under,41.5,draftkings,209,3.09,0.2803768041773983,1.127152487363042,2026-09-06T21:08:18Z,45.371375,conditional_non_push,,market_consensus_no_model,live_snapshot_not_T60,pinnacle,a3387ba2448d291d5fc86e89,0.27821400981267785,0.27821400981267785,259.4355297467954,-50.435529746795396,2,OK,220,fanduel,,False,False,48.5,closest_offered_consensus_to_50pct_no_interpolation,998375f0988c8504
5efb309fe06a1c236ac2327d,2026-09-06T21:09:03.371375+00:00,998375f0988c8504abc453f8e528b151e37d989f9b20732e403c4d606c50877e,3e646c7479c57f5d9752d8c7dfe7059b,1,2026-09-14T00:20:00Z,New York Giants,Dallas Cowboys,totals,alternate_totals,,41.5,Under,41.5,fanduel,220,3.2,0.2760512154479574,1.106622508802201,2026-09-06T21:08:22Z,41.371375,conditional_non_push,,market_consensus_no_model,live_snapshot_not_T60,pinnacle,a3387ba2448d291d5fc86e89,0.27821400981267785,0.27821400981267785,259.4355297467954,-39.435529746795396,2,OK,220,fanduel,,False,False,48.5,closest_offered_consensus_to_50pct_no_interpolation,998375f0988c8504
d7be44ef076df219bb07bb17,2026-09-06T21:09:03.371375+00:00,998375f0988c8504abc453f8e528b151e37d989f9b20732e403c4d606c50877e,3e646c7479c57f5d9752d8c7dfe7059b,1,2026-09-14T00:20:00Z,New York Giants,Dallas Cowboys,totals,alternate_totals,,42.5,Over,42.5,draftkings,-264,1.378787878787879,0.697310214263313,1.1224145355660373,2026-09-06T21:08:18Z,45.371375,conditional_non_push,,market_consensus_no_model,live_snapshot_not_T60,pinnacle,0c5623fb8472ba3dea6515db,0.6998631777328087,0.6998631777328087,-233.1813778949683,-30.818622105031693,2,OK,-264,draftkings,,False,False,48.5,closest_offered_consensus_to_50pct_no_interpolation,998375f0988c8504
c06207314e72b8bebab341d8,2026-09-06T21:09:03.371375+00:00,998375f0988c8504abc453f8e528b151e37d989f9b20732e403c4d606c50877e,3e646c7479c57f5d9752d8c7dfe7059b,1,2026-09-14T00:20:00Z,New York Giants,Dallas Cowboys,totals,alternate_totals,,42.5,Over,42.5,fanduel,-265,1.3773584905660377,0.7024161412023043,1.1032638428562676,2026-09-06T21:08:22Z,41.371375,conditional_non_push,,market_consensus_no_model,live_snapshot_not_T60,pinnacle,0c5623fb8472ba3dea6515db,0.6998631777328087,0.6998631777328087,-233.1813778949683,-31.818622105031693,2,OK,-264,draftkings,,False,False,48.5,closest_offered_consensus_to_50pct_no_interpolation,998375f0988c8504
efd71e8b6ae2b3390af8de26,2026-09-06T21:09:03.371375+00:00,998375f0988c8504abc453f8e528b151e37d989f9b20732e403c4d606c50877e,3e646c7479c57f5d9752d8c7dfe7059b,1,2026-09-14T00:20:00Z,New York Giants,Dallas Cowboys,totals,alternate_totals,,42.5,Under,42.5,draftkings,190,2.9,0.302689785736687,1.1224145355660373,2026-09-06T21:08:18Z,45.371375,conditional_non_push,,market_consensus_no_model,live_snapshot_not_T60,pinnacle,0c5623fb8472ba3dea6515db,0.30013682226719135,0.30013682226719135,233.18137789496822,-43.18137789496822,2,OK,200,fanduel,,False,False,48.5,closest_offered_consensus_to_50pct_no_interpolation,998375f0988c8504
cbcc1bcb0d70cd2d6d0b1f02,2026-09-06T21:09:03.371375+00:00,998375f0988c8504abc453f8e528b151e37d989f9b20732e403c4d606c50877e,3e646c7479c57f5d9752d8c7dfe7059b,1,2026-09-14T00:20:00Z,New York Giants,Dallas Cowboys,totals,alternate_totals,,42.5,Under,42.5,fanduel,200,3.0,0.29758385879769567,1.1032638428562676,2026-09-06T21:08:22Z,41.371375,conditional_non_push,,market_consensus_no_model,live_snapshot_not_T60,pinnacle,0c5623fb8472ba3dea6515db,0.30013682226719135,0.30013682226719135,233.18137789496822,-33.18137789496822,2,OK,200,fanduel,,False,False,48.5,closest_offered_consensus_to_50pct_no_interpolation,998375f0988c8504
a6953047c660fddc83368b08,2026-09-06T21:09:03.371375+00:00,998375f0988c8504abc453f8e528b151e37d989f9b20732e403c4d606c50877e,3e646c7479c57f5d9752d8c7dfe7059b,1,2026-09-14T00:20:00Z,New York Giants,Dallas Cowboys,totals,alternate_totals,,43.5,Over,43.5,draftkings,-220,1.4545454545454546,0.6578085268356136,1.1178241393833925,2026-09-06T21:08:18Z,45.371375,conditional_non_push,,market_consensus_no_model,live_snapshot_not_T60,pinnacle,e7256d8b13928f9f875e12b8,0.6625705525828411,0.6625705525828411,-196.3582484144353,-23.64175158556469,2,OK,-220,draftkings,,False,False,48.5,closest_offered_consensus_to_50pct_no_interpolation,998375f0988c8504
d3b19ade94a09e775ef1232a,2026-09-06T21:09:03.371375+00:00,998375f0988c8504abc453f8e528b151e37d989f9b20732e403c4d606c50877e,3e646c7479c57f5d9752d8c7dfe7059b,1,2026-09-14T00:20:00Z,New York Giants,Dallas Cowboys,totals,alternate_totals,,43.5,Over,43.5,fanduel,-225,1.4444444444444444,0.6673325783300688,1.0999170058961094,2026-09-06T21:08:22Z,41.371375,conditional_non_push,,market_consensus_no_model,live_snapshot_not_T60,pinnacle,e7256d8b13928f9f875e12b8,0.6625705525828411,0.6625705525828411,-196.3582484144353,-28.64175158556469,2,OK,-220,draftkings,,False,False,48.5,closest_offered_consensus_to_50pct_no_interpolation,998375f0988c8504
eb4cf3035f5b5c0de338894f,2026-09-06T21:09:03.371375+00:00,998375f0988c8504abc453f8e528b151e37d989f9b20732e403c4d606c50877e,3e646c7479c57f5d9752d8c7dfe7059b,1,2026-09-14T00:20:00Z,New York Giants,Dallas Cowboys,totals,alternate_totals,,43.5,Under,43.5,draftkings,161,2.6100000000000003,0.3421914731643864,1.1178241393833925,2026-09-06T21:08:18Z,45.371375,conditional_non_push,,market_consensus_no_model,live_snapshot_not_T60,pinnacle,e7256d8b13928f9f875e12b8,0.33742944741715897,0.33742944741715897,196.3582484144352,-35.358248414435195,2,OK,172,fanduel,,False,False,48.5,closest_offered_consensus_to_50pct_no_interpolation,998375f0988c8504
51040f17540a838ab2b66400,2026-09-06T21:09:03.371375+00:00,998375f0988c8504abc453f8e528b151e37d989f9b20732e403c4d606c50877e,3e646c7479c57f5d9752d8c7dfe7059b,1,2026-09-14T00:20:00Z,New York Giants,Dallas Cowboys,totals,alternate_totals,,43.5,Under,43.5,fanduel,172,2.7199999999999998,0.33266742166993146,1.0999170058961094,2026-09-06T21:08:22Z,41.371375,conditional_non_push,,market_consensus_no_model,live_snapshot_not_T60,pinnacle,e7256d8b13928f9f875e12b8,0.33742944741715897,0.33742944741715897,196.3582484144352,-24.358248414435195,2,OK,172,fanduel,,False,False,48.5,closest_offered_consensus_to_50pct_no_interpolation,998375f0988c8504
2a2a07ec20ed2f1932c55794,2026-09-06T21:09:03.371375+00:00,998375f0988c8504abc453f8e528b151e37d989f9b20732e403c4d606c50877e,3e646c7479c57f5d9752d8c7dfe7059b,1,2026-09-14T00:20:00Z,New York Giants,Dallas Cowboys,totals,alternate_totals,,44.5,Over,44.5,draftkings,-189,1.529100529100529,0.6230000667768013,1.1142719631650246,2026-09-06T21:08:18Z,45.371375,conditional_non_push,,market_consensus_no_model,live_snapshot_not_T60,pinnacle,2eefecdc68bdc4327ec7b58c,0.6270434813107912,0.6270434813107912,-168.12777090332014,-20.87222909667986,2,OK,-189,draftkings,,False,False,48.5,closest_offered_consensus_to_50pct_no_interpolation,998375f0988c8504
22005d181a16bdffcd6a4014,2026-09-06T21:09:03.371375+00:00,998375f0988c8504abc453f8e528b151e37d989f9b20732e403c4d606c50877e,3e646c7479c57f5d9752d8c7dfe7059b,1,2026-09-14T00:20:00Z,New York Giants,Dallas Cowboys,totals,alternate_totals,,44.5,Over,44.5,fanduel,-192,1.5208333333333335,0.6310868958447814,1.0979188047220854,2026-09-06T21:08:22Z,41.371375,conditional_non_push,,market_consensus_no_model,live_snapshot_not_T60,pinnacle,2eefecdc68bdc4327ec7b58c,0.6270434813107912,0.6270434813107912,-168.12777090332014,-23.87222909667986,2,OK,-189,draftkings,,False,False,48.5,closest_offered_consensus_to_50pct_no_interpolation,998375f0988c8504
a004ccc6255dd3fe73dd8098,2026-09-06T21:09:03.371375+00:00,998375f0988c8504abc453f8e528b151e37d989f9b20732e403c4d606c50877e,3e646c7479c57f5d9752d8c7dfe7059b,1,2026-09-14T00:20:00Z,New York Giants,Dallas Cowboys,totals,alternate_totals,,44.5,Under,44.5,draftkings,140,2.4,0.3769999332231989,1.1142719631650246,2026-09-06T21:08:18Z,45.371375,conditional_non_push,,market_consensus_no_model,live_snapshot_not_T60,pinnacle,2eefecdc68bdc4327ec7b58c,0.37295651868920876,0.37295651868920876,168.12777090332014,-28.12777090332014,2,OK,148,fanduel,,False,False,48.5,closest_offered_consensus_to_50pct_no_interpolation,998375f0988c8504
6ba1bae539db011bdd971782,2026-09-06T21:09:03.371375+00:00,998375f0988c8504abc453f8e528b151e37d989f9b20732e403c4d606c50877e,3e646c7479c57f5d9752d8c7dfe7059b,1,2026-09-14T00:20:00Z,New York Giants,Dallas Cowboys,totals,alternate_totals,,44.5,Under,44.5,fanduel,148,2.48,0.3689131041552187,1.0979188047220854,2026-09-06T21:08:22Z,41.371375,conditional_non_push,,market_consensus_no_model,live_snapshot_not_T60,pinnacle,2eefecdc68bdc4327ec7b58c,0.37295651868920876,0.37295651868920876,168.12777090332014,-20.12777090332014,2,OK,148,fanduel,,False,False,48.5,closest_offered_consensus_to_50pct_no_interpolation,998375f0988c8504
28bee977135f6ee6d0eaaf25,2026-09-06T21:09:03.371375+00:00,998375f0988c8504abc453f8e528b151e37d989f9b20732e403c4d606c50877e,3e646c7479c57f5d9752d8c7dfe7059b,1,2026-09-14T00:20:00Z,New York Giants,Dallas Cowboys,totals,alternate_totals,,45.0,Over,45.0,pinnacle,-175,1.5714285714285714,0.6165932442896949,1.0698266260979152,2026-09-06T21:08:57Z,6.371375,conditional_non_push,,market_consensus_no_model,live_snapshot_not_T60,pinnacle,649675b8abca6fb3c7555739,0.6165932442896948,0.6165932442896948,-160.81960870704654,-14.180391292953459,1,FEWER_THAN_TWO_BOOKS,-175,pinnacle,,False,False,48.5,closest_offered_consensus_to_50pct_no_interpolation,998375f0988c8504
173a5a42a7fa283aa449d4da,2026-09-06T21:09:03.371375+00:00,998375f0988c8504abc453f8e528b151e37d989f9b20732e403c4d606c50877e,3e646c7479c57f5d9752d8c7dfe7059b,1,2026-09-14T00:20:00Z,New York Giants,Dallas Cowboys,totals,alternate_totals,,45.0,Under,45.0,pinnacle,145,2.45,0.3834067557103053,1.0698266260979152,2026-09-06T21:08:57Z,6.371375,conditional_non_push,,market_consensus_no_model,live_snapshot_not_T60,pinnacle,649675b8abca6fb3c7555739,0.3834067557103052,0.3834067557103052,160.8196087070466,-15.819608707046598,1,FEWER_THAN_TWO_BOOKS,145,pinnacle,,False,False,48.5,closest_offered_consensus_to_50pct_no_interpolation,998375f0988c8504
1a52f3da6ec167f2a37c501c,2026-09-06T21:09:03.371375+00:00,998375f0988c8504abc453f8e528b151e37d989f9b20732e403c4d606c50877e,3e646c7479c57f5d9752d8c7dfe7059b,1,2026-09-14T00:20:00Z,New York Giants,Dallas Cowboys,totals,alternate_totals,,45.5,Over,45.5,draftkings,-166,1.6024096385542168,0.5920365770215091,1.1117229865216771,2026-09-06T21:08:18Z,45.371375,conditional_non_push,,market_consensus_no_model,live_snapshot_not_T60,pinnacle,a5854fa05b7ec72ee377a47c,0.6009140335153353,0.6009140335153353,-150.57257933884932,-15.427420661150677,3,OK,-164,pinnacle,,False,False,48.5,closest_offered_consensus_to_50pct_no_interpolation,998375f0988c8504
87fd78d7f8d34865e310db08,2026-09-06T21:09:03.371375+00:00,998375f0988c8504abc453f8e528b151e37d989f9b20732e403c4d606c50877e,3e646c7479c57f5d9752d8c7dfe7059b,1,2026-09-14T00:20:00Z,New York Giants,Dallas Cowboys,totals,alternate_totals,,45.5,Over,45.5,fanduel,-172,1.5813953488372094,0.605590761792899,1.0943541916396593,2026-09-06T21:08:22Z,41.371375,conditional_non_push,,market_consensus_no_model,live_snapshot_not_T60,pinnacle,a5854fa05b7ec72ee377a47c,0.6009140335153353,0.6009140335153353,-150.57257933884932,-21.427420661150677,3,OK,-164,pinnacle,,False,False,48.5,closest_offered_consensus_to_50pct_no_interpolation,998375f0988c8504
44f279ba2c5cbef80cb5f899,2026-09-06T21:09:03.371375+00:00,998375f0988c8504abc453f8e528b151e37d989f9b20732e403c4d606c50877e,3e646c7479c57f5d9752d8c7dfe7059b,1,2026-09-14T00:20:00Z,New York Giants,Dallas Cowboys,totals,alternate_totals,,45.5,Over,45.5,pinnacle,-164,1.6097560975609757,0.6009140335153353,1.0697793054733191,2026-09-06T21:08:57Z,6.371375,conditional_non_push,,market_consensus_no_model,live_snapshot_not_T60,pinnacle,a5854fa05b7ec72ee377a47c,0.6009140335153353,0.6009140335153353,-150.57257933884932,-13.427420661150677,3,OK,-164,pinnacle,,False,False,48.5,closest_offered_consensus_to_50pct_no_interpolation,998375f0988c8504
9ef49d72b720b3855556c37d,2026-09-06T21:09:03.371375+00:00,998375f0988c8504abc453f8e528b151e37d989f9b20732e403c4d606c50877e,3e646c7479c57f5d9752d8c7dfe7059b,1,2026-09-14T00:20:00Z,New York Giants,Dallas Cowboys,totals,alternate_totals,,45.5,Under,45.5,draftkings,124,2.24,0.40796342297849103,1.1117229865216771,2026-09-06T21:08:18Z,45.371375,conditional_non_push,,market_consensus_no_model,live_snapshot_not_T60,pinnacle,a5854fa05b7ec72ee377a47c,0.39908596648466466,0.39908596648466466,150.57257933884932,-26.572579338849323,3,OK,136,pinnacle,,False,False,48.5,closest_offered_consensus_to_50pct_no_interpolation,998375f0988c8504
20f87541ec27e5f0580d9eae,2026-09-06T21:09:03.371375+00:00,998375f0988c8504abc453f8e528b151e37d989f9b20732e403c4d606c50877e,3e646c7479c57f5d9752d8c7dfe7059b,1,2026-09-14T00:20:00Z,New York Giants,Dallas Cowboys,totals,alternate_totals,,45.5,Under,45.5,fanduel,134,2.34,0.3944092382071011,1.0943541916396593,2026-09-06T21:08:22Z,41.371375,conditional_non_push,,market_consensus_no_model,live_snapshot_not_T60,pinnacle,a5854fa05b7ec72ee377a47c,0.39908596648466466,0.39908596648466466,150.57257933884932,-16.572579338849323,3,OK,136,pinnacle,,False,False,48.5,closest_offered_consensus_to_50pct_no_interpolation,998375f0988c8504
4e1fa94b0cc887284414c8e2,2026-09-06T21:09:03.371375+00:00,998375f0988c8504abc453f8e528b151e37d989f9b20732e403c4d606c50877e,3e646c7479c57f5d9752d8c7dfe7059b,1,2026-09-14T00:20:00Z,New York Giants,Dallas Cowboys,totals,alternate_totals,,45.5,Under,45.5,pinnacle,136,2.3600000000000003,0.39908596648466466,1.0697793054733191,2026-09-06T21:08:57Z,6.371375,conditional_non_push,,market_consensus_no_model,live_snapshot_not_T60,pinnacle,a5854fa05b7ec72ee377a47c,0.39908596648466466,0.39908596648466466,150.57257933884932,-14.572579338849323,3,OK,136,pinnacle,,False,False,48.5,closest_offered_consensus_to_50pct_no_interpolation,998375f0988c8504
ac30f850d138f18f91edd430,2026-09-06T21:09:03.371375+00:00,998375f0988c8504abc453f8e528b151e37d989f9b20732e403c4d606c50877e,3e646c7479c57f5d9752d8c7dfe7059b,1,2026-09-14T00:20:00Z,New York Giants,Dallas Cowboys,totals,alternate_totals,,46.0,Over,46.0,pinnacle,-152,1.6578947368421053,0.5830532182083923,1.067111745524398,2026-09-06T21:08:57Z,6.371375,conditional_non_push,,market_consensus_no_model,live_snapshot_not_T60,pinnacle,e3df4298ccd215a2e86d8d57,0.5830532182083923,0.5830532182083923,-139.8387620844632,-12.161237915536788,1,FEWER_THAN_TWO_BOOKS,-152,pinnacle,,False,False,48.5,closest_offered_consensus_to_50pct_no_interpolation,998375f0988c8504
942087a6f0860d9ee22c01ef,2026-09-06T21:09:03.371375+00:00,998375f0988c8504abc453f8e528b151e37d989f9b20732e403c4d606c50877e,3e646c7479c57f5d9752d8c7dfe7059b,1,2026-09-14T00:20:00Z,New York Giants,Dallas Cowboys,totals,alternate_totals,,46.0,Under,46.0,pinnacle,127,2.27,0.4169467817916078,1.067111745524398,2026-09-06T21:08:57Z,6.371375,conditional_non_push,,market_consensus_no_model,live_snapshot_not_T60,pinnacle,e3df4298ccd215a2e86d8d57,0.4169467817916078,0.4169467817916078,139.83876208446316,-12.838762084463156,1,FEWER_THAN_TWO_BOOKS,127,pinnacle,,False,False,48.5,closest_offered_consensus_to_50pct_no_interpolation,998375f0988c8504
50d4181a5da0973e30cb6ba5,2026-09-06T21:09:03.371375+00:00,998375f0988c8504abc453f8e528b151e37d989f9b20732e403c4d606c50877e,3e646c7479c57f5d9752d8c7dfe7059b,1,2026-09-14T00:20:00Z,New York Giants,Dallas Cowboys,totals,alternate_totals,,46.5,Over,46.5,draftkings,-150,1.6666666666666665,0.5665131333031465,1.1124246496436618,2026-09-06T21:08:18Z,45.371375,conditional_non_push,,market_consensus_no_model,live_snapshot_not_T60,pinnacle,854e09a1f97f862337db6653,0.5665131333031465,0.5665131333031465,-130.68749639866735,-19.31250360133265,3,OK,-142,pinnacle,,False,False,48.5,closest_offered_consensus_to_50pct_no_interpolation,998375f0988c8504
683b69a3b15ff94b1a022a76,2026-09-06T21:09:03.371375+00:00,998375f0988c8504abc453f8e528b151e37d989f9b20732e403c4d606c50877e,3e646c7479c57f5d9752d8c7dfe7059b,1,2026-09-14T00:20:00Z,New York Giants,Dallas Cowboys,totals,alternate_totals,,46.5,Over,46.5,fanduel,-156,1.641025641025641,0.5818523079588884,1.093307474994289,2026-09-06T21:08:22Z,41.371375,conditional_non_push,,market_consensus_no_model,live_snapshot_not_T60,pinnacle,854e09a1f97f862337db6653,0.5665131333031465,0.5665131333031465,-130.68749639866735,-25.31250360133265,3,OK,-142,pinnacle,,False,False,48.5,closest_offered_consensus_to_50pct_no_interpolation,998375f0988c8504
fba6a1cdce4b41808d3a7dd3,2026-09-06T21:09:03.371375+00:00,998375f0988c8504abc453f8e528b151e37d989f9b20732e403c4d606c50877e,3e646c7479c57f5d9752d8c7dfe7059b,1,2026-09-14T00:20:00Z,New York Giants,Dallas Cowboys,totals,alternate_totals,,46.5,Over,46.5,pinnacle,-142,1.704225352112676,0.566448888008917,1.0661359081266872,2026-09-06T21:08:57Z,6.371375,conditional_non_push,,market_consensus_no_model,live_snapshot_not_T60,pinnacle,854e09a1f97f862337db6653,0.5665131333031465,0.5665131333031465,-130.68749639866735,-11.31250360133265,3,OK,-142,pinnacle,,False,False,48.5,closest_offered_consensus_to_50pct_no_interpolation,998375f0988c8504
0ced984ded5e9999b68aa418,2026-09-06T21:09:03.371375+00:00,998375f0988c8504abc453f8e528b151e37d989f9b20732e403c4d606c50877e,3e646c7479c57f5d9752d8c7dfe7059b,1,2026-09-14T00:20:00Z,New York Giants,Dallas Cowboys,totals,alternate_totals,,46.5,Under,46.5,draftkings,112,2.12,0.43348686669685366,1.1124246496436618,2026-09-06T21:08:18Z,45.371375,conditional_non_push,,market_consensus_no_model,live_snapshot_not_T60,pinnacle,854e09a1f97f862337db6653,0.43348686669685366,0.43348686669685366,130.6874963986673,-18.687496398667292,3,OK,122,fanduel,,False,False,48.5,closest_offered_consensus_to_50pct_no_interpolation,998375f0988c8504
53065956ed8935edf691ca8b,2026-09-06T21:09:03.371375+00:00,998375f0988c8504abc453f8e528b151e37d989f9b20732e403c4d606c50877e,3e646c7479c57f5d9752d8c7dfe7059b,1,2026-09-14T00:20:00Z,New York Giants,Dallas Cowboys,totals,alternate_totals,,46.5,Under,46.5,fanduel,122,2.2199999999999998,0.4181476920411116,1.093307474994289,2026-09-06T21:08:22Z,41.371375,conditional_non_push,,market_consensus_no_model,live_snapshot_not_T60,pinnacle,854e09a1f97f862337db6653,0.43348686669685366,0.43348686669685366,130.6874963986673,-8.687496398667292,3,OK,122,fanduel,,False,False,48.5,closest_offered_consensus_to_50pct_no_interpolation,998375f0988c8504
85368c60263fd3a193e2402e,2026-09-06T21:09:03.371375+00:00,998375f0988c8504abc453f8e528b151e37d989f9b20732e403c4d606c50877e,3e646c7479c57f5d9752d8c7dfe7059b,1,2026-09-14T00:20:00Z,New York Giants,Dallas Cowboys,totals,alternate_totals,,46.5,Under,46.5,pinnacle,119,2.19,0.4335511119910832,1.0661359081266872,2026-09-06T21:08:57Z,6.371375,conditional_non_push,,market_consensus_no_model,live_snapshot_not_T60,pinnacle,854e09a1f97f862337db6653,0.43348686669685366,0.43348686669685366,130.6874963986673,-11.687496398667292,3,OK,122,fanduel,,False,False,48.5,closest_offered_consensus_to_50pct_no_interpolation,998375f0988c8504
8a6d864d6d07959553cb68e5,2026-09-06T21:09:03.371375+00:00,998375f0988c8504abc453f8e528b151e37d989f9b20732e403c4d606c50877e,3e646c7479c57f5d9752d8c7dfe7059b,1,2026-09-14T00:20:00Z,New York Giants,Dallas Cowboys,totals,alternate_totals,,47.0,Over,47.0,pinnacle,-132,1.7575757575757576,0.5485025855648477,1.0649504058926271,2026-09-06T21:08:57Z,6.371375,conditional_non_push,,market_consensus_no_model,live_snapshot_not_T60,pinnacle,87f7fc70ba24d64be213a5a7,0.5485025855648475,0.5485025855648475,-121.48521077381002,-10.514789226189976,1,FEWER_THAN_TWO_BOOKS,-132,pinnacle,,False,False,48.5,closest_offered_consensus_to_50pct_no_interpolation,998375f0988c8504
905bf25c57516d3459dbc19b,2026-09-06T21:09:03.371375+00:00,998375f0988c8504abc453f8e528b151e37d989f9b20732e403c4d606c50877e,3e646c7479c57f5d9752d8c7dfe7059b,1,2026-09-14T00:20:00Z,New York Giants,Dallas Cowboys,totals,alternate_totals,,47.0,Under,47.0,pinnacle,111,2.1100000000000003,0.45149741443515257,1.0649504058926271,2026-09-06T21:08:57Z,6.371375,conditional_non_push,,market_consensus_no_model,live_snapshot_not_T60,pinnacle,87f7fc70ba24d64be213a5a7,0.45149741443515246,0.45149741443515246,121.48521077381002,-10.485210773810024,1,FEWER_THAN_TWO_BOOKS,111,pinnacle,,False,False,48.5,closest_offered_consensus_to_50pct_no_interpolation,998375f0988c8504
845f4b8167946857eb6755fa,2026-09-06T21:09:03.371375+00:00,998375f0988c8504abc453f8e528b151e37d989f9b20732e403c4d606c50877e,3e646c7479c57f5d9752d8c7dfe7059b,1,2026-09-14T00:20:00Z,New York Giants,Dallas Cowboys,totals,alternate_totals,,47.5,Over,47.5,draftkings,-128,1.78125,0.5267388899028808,1.1103988515278997,2026-09-06T21:08:18Z,45.371375,conditional_non_push,,market_consensus_no_model,live_snapshot_not_T60,pinnacle,c920632ee330dba4b960e420,0.5291745560765475,0.5291745560765475,-112.39293944415236,-15.607060555847639,3,OK,-121,pinnacle,,False,False,48.5,closest_offered_consensus_to_50pct_no_interpolation,998375f0988c8504
2164657b72115d3c041ee587,2026-09-06T21:09:03.371375+00:00,998375f0988c8504abc453f8e528b151e37d989f9b20732e403c4d606c50877e,3e646c7479c57f5d9752d8c7dfe7059b,1,2026-09-14T00:20:00Z,New York Giants,Dallas Cowboys,totals,alternate_totals,,47.5,Over,47.5,fanduel,-130,1.7692307692307692,0.5361423478886963,1.0925619072705293,2026-09-06T21:08:22Z,41.371375,conditional_non_push,,market_consensus_no_model,live_snapshot_not_T60,pinnacle,c920632ee330dba4b960e420,0.5291745560765475,0.5291745560765475,-112.39293944415236,-17.60706055584764,3,OK,-121,pinnacle,,False,False,48.5,closest_offered_consensus_to_50pct_no_interpolation,998375f0988c8504
a78daf4840facbd521eda0cc,2026-09-06T21:09:03.371375+00:00,998375f0988c8504abc453f8e528b151e37d989f9b20732e403c4d606c50877e,3e646c7479c57f5d9752d8c7dfe7059b,1,2026-09-14T00:20:00Z,New York Giants,Dallas Cowboys,totals,totals,,47.5,Over,47.5,pinnacle,-121,1.8264462809917354,0.5291745560765475,1.0565510401130833,2026-09-06T21:08:57Z,6.371375,conditional_non_push,,market_consensus_no_model,live_snapshot_not_T60,pinnacle,c920632ee330dba4b960e420,0.5291745560765475,0.5291745560765475,-112.39293944415236,-8.607060555847639,3,OK,-121,pinnacle,,False,False,48.5,closest_offered_consensus_to_50pct_no_interpolation,998375f0988c8504
eec71c2b6d50f2d0a846ab19,2026-09-06T21:09:03.371375+00:00,998375f0988c8504abc453f8e528b151e37d989f9b20732e403c4d606c50877e,3e646c7479c57f5d9752d8c7dfe7059b,1,2026-09-14T00:20:00Z,New York Giants,Dallas Cowboys,totals,alternate_totals,,47.5,Under,47.5,draftkings,-104,1.9615384615384617,0.4732611100971195,1.1103988515278997,2026-09-06T21:08:18Z,45.371375,conditional_non_push,,market_consensus_no_model,live_snapshot_not_T60,pinnacle,c920632ee330dba4b960e420,0.4708254439234526,0.4708254439234526,112.3929394441523,-16.392939444152304,3,OK,104,pinnacle,,False,False,48.5,closest_offered_consensus_to_50pct_no_interpolation,998375f0988c8504
f338132f5f0241b06b503764,2026-09-06T21:09:03.371375+00:00,998375f0988c8504abc453f8e528b151e37d989f9b20732e403c4d606c50877e,3e646c7479c57f5d9752d8c7dfe7059b,1,2026-09-14T00:20:00Z,New York Giants,Dallas Cowboys,totals,alternate_totals,,47.5,Under,47.5,fanduel,102,2.02,0.46385765211130386,1.0925619072705293,2026-09-06T21:08:22Z,41.371375,conditional_non_push,,market_consensus_no_model,live_snapshot_not_T60,pinnacle,c920632ee330dba4b960e420,0.4708254439234526,0.4708254439234526,112.3929394441523,-10.392939444152304,3,OK,104,pinnacle,,False,False,48.5,closest_offered_consensus_to_50pct_no_interpolation,998375f0988c8504
0ce47095060c8b6e9a37ab77,2026-09-06T21:09:03.371375+00:00,998375f0988c8504abc453f8e528b151e37d989f9b20732e403c4d606c50877e,3e646c7479c57f5d9752d8c7dfe7059b,1,2026-09-14T00:20:00Z,New York Giants,Dallas Cowboys,totals,totals,,47.5,Under,47.5,pinnacle,104,2.04,0.4708254439234526,1.0565510401130833,2026-09-06T21:08:57Z,6.371375,conditional_non_push,,market_consensus_no_model,live_snapshot_not_T60,pinnacle,c920632ee330dba4b960e420,0.4708254439234526,0.4708254439234526,112.3929394441523,-8.392939444152304,3,OK,104,pinnacle,,False,False,48.5,closest_offered_consensus_to_50pct_no_interpolation,998375f0988c8504
1cfc86fb28c1a2384c5b7f44,2026-09-06T21:09:03.371375+00:00,998375f0988c8504abc453f8e528b151e37d989f9b20732e403c4d606c50877e,3e646c7479c57f5d9752d8c7dfe7059b,1,2026-09-14T00:20:00Z,New York Giants,Dallas Cowboys,totals,totals,,48.0,Over,48.0,betmgm,-110,1.9090909090909092,0.5023369847659711,1.0647311734675267,2026-09-06T21:08:57Z,6.371375,conditional_non_push,,market_consensus_no_model,live_snapshot_not_T60,pinnacle,246a936364abda89b4ac50d3,0.5058432849621695,0.5058432849621695,-102.36495216369654,-7.635047836303457,2,OK,-110,betmgm,-110,False,False,48.5,closest_offered_consensus_to_50pct_no_interpolation,998375f0988c8504
ba0ca7c35ef22c82592b93c2,2026-09-06T21:09:03.371375+00:00,998375f0988c8504abc453f8e528b151e37d989f9b20732e403c4d606c50877e,3e646c7479c57f5d9752d8c7dfe7059b,1,2026-09-14T00:20:00Z,New York Giants,Dallas Cowboys,totals,alternate_totals,,48.0,Over,48.0,pinnacle,-113,1.8849557522123894,0.5093495851583679,1.0642310525163339,2026-09-06T21:08:57Z,6.371375,conditional_non_push,,market_consensus_no_model,live_snapshot_not_T60,pinnacle,246a936364abda89b4ac50d3,0.5058432849621695,0.5058432849621695,-102.36495216369654,-10.635047836303457,2,OK,-110,betmgm,-110,False,False,48.5,closest_offered_consensus_to_50pct_no_interpolation,998375f0988c8504
3fe22cbdb30cde83f2b0c8e9,2026-09-06T21:09:03.371375+00:00,998375f0988c8504abc453f8e528b151e37d989f9b20732e403c4d606c50877e,3e646c7479c57f5d9752d8c7dfe7059b,1,2026-09-14T00:20:00Z,New York Giants,Dallas Cowboys,totals,totals,,48.0,Under,48.0,betmgm,-108,1.925925925925926,0.49766301523402895,1.0647311734675267,2026-09-06T21:08:57Z,6.371375,conditional_non_push,,market_consensus_no_model,live_snapshot_not_T60,pinnacle,246a936364abda89b4ac50d3,0.49415671503783054,0.49415671503783054,102.36495216369654,-10.364952163696543,2,OK,-105,pinnacle,-108,False,False,48.5,closest_offered_consensus_to_50pct_no_interpolation,998375f0988c8504
7ea128a77893e7acb5b238db,2026-09-06T21:09:03.371375+00:00,998375f0988c8504abc453f8e528b151e37d989f9b20732e403c4d606c50877e,3e646c7479c57f5d9752d8c7dfe7059b,1,2026-09-14T00:20:00Z,New York Giants,Dallas Cowboys,totals,alternate_totals,,48.0,Under,48.0,pinnacle,-105,1.9523809523809523,0.4906504148416322,1.0642310525163339,2026-09-06T21:08:57Z,6.371375,conditional_non_push,,market_consensus_no_model,live_snapshot_not_T60,pinnacle,246a936364abda89b4ac50d3,0.49415671503783054,0.49415671503783054,102.36495216369654,-7.364952163696543,2,OK,-105,pinnacle,-108,False,False,48.5,closest_offered_consensus_to_50pct_no_interpolation,998375f0988c8504
c0beb9ea4a04874bf14ba67c,2026-09-06T21:09:03.371375+00:00,998375f0988c8504abc453f8e528b151e37d989f9b20732e403c4d606c50877e,3e646c7479c57f5d9752d8c7dfe7059b,1,2026-09-14T00:20:00Z,New York Giants,Dallas Cowboys,totals,totals,,48.5,Over,48.5,draftkings,-110,1.9090909090909092,0.5000000000000001,1.0719425631310813,2026-09-06T21:07:49Z,74.371375,conditional_non_push,,market_consensus_no_model,live_snapshot_not_T60,pinnacle,8ea3511ba853b8b5e779e201,0.5,0.5,-100.0,-10.0,3,OK,-105,pinnacle,,False,False,48.5,closest_offered_consensus_to_50pct_no_interpolation,998375f0988c8504
dfa2da9834c628b557b1d0e5,2026-09-06T21:09:03.371375+00:00,998375f0988c8504abc453f8e528b151e37d989f9b20732e403c4d606c50877e,3e646c7479c57f5d9752d8c7dfe7059b,1,2026-09-14T00:20:00Z,New York Giants,Dallas Cowboys,totals,totals,,48.5,Over,48.5,fanduel,-112,1.8928571428571428,0.5046406578884406,1.0718103317980505,2026-09-06T21:08:57Z,6.371375,conditional_non_push,,market_consensus_no_model,live_snapshot_not_T60,pinnacle,8ea3511ba853b8b5e779e201,0.5,0.5,-100.0,-12.0,3,OK,-105,pinnacle,,False,False,48.5,closest_offered_consensus_to_50pct_no_interpolation,998375f0988c8504
e181be64af14b9f8947bc6a5,2026-09-06T21:09:03.371375+00:00,998375f0988c8504abc453f8e528b151e37d989f9b20732e403c4d606c50877e,3e646c7479c57f5d9752d8c7dfe7059b,1,2026-09-14T00:20:00Z,New York Giants,Dallas Cowboys,totals,alternate_totals,,48.5,Over,48.5,pinnacle,-105,1.9523809523809523,0.4906504148416322,1.0642310525163339,2026-09-06T21:08:57Z,6.371375,conditional_non_push,,market_consensus_no_model,live_snapshot_not_T60,pinnacle,8ea3511ba853b8b5e779e201,0.5,0.5,-100.0,-5.0,3,OK,-105,pinnacle,,False,False,48.5,closest_offered_consensus_to_50pct_no_interpolation,998375f0988c8504
170aab3fa6196013a710273c,2026-09-06T21:09:03.371375+00:00,998375f0988c8504abc453f8e528b151e37d989f9b20732e403c4d606c50877e,3e646c7479c57f5d9752d8c7dfe7059b,1,2026-09-14T00:20:00Z,New York Giants,Dallas Cowboys,totals,totals,,48.5,Under,48.5,draftkings,-110,1.9090909090909092,0.5000000000000001,1.0719425631310813,2026-09-06T21:07:49Z,74.371375,conditional_non_push,,market_consensus_no_model,live_snapshot_not_T60,pinnacle,8ea3511ba853b8b5e779e201,0.5,0.5,-100.0,-10.0,3,OK,-108,fanduel,,False,False,48.5,closest_offered_consensus_to_50pct_no_interpolation,998375f0988c8504
8401a11b669cc0f2e0c784a9,2026-09-06T21:09:03.371375+00:00,998375f0988c8504abc453f8e528b151e37d989f9b20732e403c4d606c50877e,3e646c7479c57f5d9752d8c7dfe7059b,1,2026-09-14T00:20:00Z,New York Giants,Dallas Cowboys,totals,totals,,48.5,Under,48.5,fanduel,-108,1.925925925925926,0.4953593421115595,1.0718103317980505,2026-09-06T21:08:57Z,6.371375,conditional_non_push,,market_consensus_no_model,live_snapshot_not_T60,pinnacle,8ea3511ba853b8b5e779e201,0.5,0.5,-100.0,-8.0,3,OK,-108,fanduel,,False,False,48.5,closest_offered_consensus_to_50pct_no_interpolation,998375f0988c8504
de5cd55e39fab94a8ebf082c,2026-09-06T21:09:03.371375+00:00,998375f0988c8504abc453f8e528b151e37d989f9b20732e403c4d606c50877e,3e646c7479c57f5d9752d8c7dfe7059b,1,2026-09-14T00:20:00Z,New York Giants,Dallas Cowboys,totals,alternate_totals,,48.5,Under,48.5,pinnacle,-113,1.8849557522123894,0.5093495851583679,1.0642310525163339,2026-09-06T21:08:57Z,6.371375,conditional_non_push,,market_consensus_no_model,live_snapshot_not_T60,pinnacle,8ea3511ba853b8b5e779e201,0.5,0.5,-100.0,-13.0,3,OK,-108,fanduel,,False,False,48.5,closest_offered_consensus_to_50pct_no_interpolation,998375f0988c8504
10a48f1f5a041c6b4e67a49c,2026-09-06T21:09:03.371375+00:00,998375f0988c8504abc453f8e528b151e37d989f9b20732e403c4d606c50877e,3e646c7479c57f5d9752d8c7dfe7059b,1,2026-09-14T00:20:00Z,New York Giants,Dallas Cowboys,totals,alternate_totals,,49.0,Over,49.0,pinnacle,101,2.01,0.47445426917469724,1.067974445155762,2026-09-06T21:08:57Z,6.371375,conditional_non_push,,market_consensus_no_model,live_snapshot_not_T60,pinnacle,b49aae9622b7f95d4cae206e,0.47445426917469724,0.47445426917469724,110.76846915920432,-9.768469159204315,1,FEWER_THAN_TWO_BOOKS,101,pinnacle,,False,False,48.5,closest_offered_consensus_to_50pct_no_interpolation,998375f0988c8504
004bee83924b6946a66d8c4b,2026-09-06T21:09:03.371375+00:00,998375f0988c8504abc453f8e528b151e37d989f9b20732e403c4d606c50877e,3e646c7479c57f5d9752d8c7dfe7059b,1,2026-09-14T00:20:00Z,New York Giants,Dallas Cowboys,totals,alternate_totals,,49.0,Under,49.0,pinnacle,-121,1.8264462809917354,0.5255457308253029,1.067974445155762,2026-09-06T21:08:57Z,6.371375,conditional_non_push,,market_consensus_no_model,live_snapshot_not_T60,pinnacle,b49aae9622b7f95d4cae206e,0.5255457308253029,0.5255457308253029,-110.76846915920437,-10.231530840795628,1,FEWER_THAN_TWO_BOOKS,-121,pinnacle,,False,False,48.5,closest_offered_consensus_to_50pct_no_interpolation,998375f0988c8504
5183696ac04362030b96ac03,2026-09-06T21:09:03.371375+00:00,998375f0988c8504abc453f8e528b151e37d989f9b20732e403c4d606c50877e,3e646c7479c57f5d9752d8c7dfe7059b,1,2026-09-14T00:20:00Z,New York Giants,Dallas Cowboys,totals,alternate_totals,,49.5,Over,49.5,draftkings,-103,1.970873786407767,0.4710252962748885,1.1096079734653252,2026-09-06T21:08:18Z,45.371375,conditional_non_push,,market_consensus_no_model,live_snapshot_not_T60,pinnacle,afaba283f1e72a77d34c375e,0.47102529627488837,0.47102529627488837,112.30282278011757,-15.302822780117566,3,OK,109,pinnacle,,False,False,48.5,closest_offered_consensus_to_50pct_no_interpolation,998375f0988c8504
90580f0beb84676ca75af406,2026-09-06T21:09:03.371375+00:00,998375f0988c8504abc453f8e528b151e37d989f9b20732e403c4d606c50877e,3e646c7479c57f5d9752d8c7dfe7059b,1,2026-09-14T00:20:00Z,New York Giants,Dallas Cowboys,totals,alternate_totals,,49.5,Over,49.5,fanduel,-104,1.9615384615384617,0.47953831927398954,1.0908412276749924,2026-09-06T21:08:22Z,41.371375,conditional_non_push,,market_consensus_no_model,live_snapshot_not_T60,pinnacle,afaba283f1e72a77d34c375e,0.47102529627488837,0.47102529627488837,112.30282278011757,-16.302822780117566,3,OK,109,pinnacle,,False,False,48.5,closest_offered_consensus_to_50pct_no_interpolation,998375f0988c8504
0c7821c5236855efbac9bb3d,2026-09-06T21:09:03.371375+00:00,998375f0988c8504abc453f8e528b151e37d989f9b20732e403c4d606c50877e,3e646c7479c57f5d9752d8c7dfe7059b,1,2026-09-14T00:20:00Z,New York Giants,Dallas Cowboys,totals,alternate_totals,,49.5,Over,49.5,pinnacle,109,2.09,0.45671922559829603,1.063109962992217,2026-09-06T21:08:57Z,6.371375,conditional_non_push,,market_consensus_no_model,live_snapshot_not_T60,pinnacle,afaba283f1e72a77d34c375e,0.47102529627488837,0.47102529627488837,112.30282278011757,-3.302822780117566,3,OK,109,pinnacle,,False,False,48.5,closest_offered_consensus_to_50pct_no_interpolation,998375f0988c8504
aa5aebc41cd83d01b2cc98b2,2026-09-06T21:09:03.371375+00:00,998375f0988c8504abc453f8e528b151e37d989f9b20732e403c4d606c50877e,3e646c7479c57f5d9752d8c7dfe7059b,1,2026-09-14T00:20:00Z,New York Giants,Dallas Cowboys,totals,alternate_totals,,49.5,Under,49.5,draftkings,-129,1.7751937984496124,0.5289747037251118,1.1096079734653252,2026-09-06T21:08:18Z,45.371375,conditional_non_push,,market_consensus_no_model,live_snapshot_not_T60,pinnacle,afaba283f1e72a77d34c375e,0.5289747037251117,0.5289747037251117,-112.3028227801176,-16.697177219882406,3,OK,-122,fanduel,,False,False,48.5,closest_offered_consensus_to_50pct_no_interpolation,998375f0988c8504
ed8e7dba8c785d9e6a44bc2b,2026-09-06T21:09:03.371375+00:00,998375f0988c8504abc453f8e528b151e37d989f9b20732e403c4d606c50877e,3e646c7479c57f5d9752d8c7dfe7059b,1,2026-09-14T00:20:00Z,New York Giants,Dallas Cowboys,totals,alternate_totals,,49.5,Under,49.5,fanduel,-122,1.819672131147541,0.5204616807260106,1.0908412276749924,2026-09-06T21:08:22Z,41.371375,conditional_non_push,,market_consensus_no_model,live_snapshot_not_T60,pinnacle,afaba283f1e72a77d34c375e,0.5289747037251117,0.5289747037251117,-112.3028227801176,-9.697177219882406,3,OK,-122,fanduel,,False,False,48.5,closest_offered_consensus_to_50pct_no_interpolation,998375f0988c8504
458e4055d26baf85a5beeec5,2026-09-06T21:09:03.371375+00:00,998375f0988c8504abc453f8e528b151e37d989f9b20732e403c4d606c50877e,3e646c7479c57f5d9752d8c7dfe7059b,1,2026-09-14T00:20:00Z,New York Giants,Dallas Cowboys,totals,alternate_totals,,49.5,Under,49.5,pinnacle,-129,1.7751937984496124,0.5432807744017041,1.063109962992217,2026-09-06T21:08:57Z,6.371375,conditional_non_push,,market_consensus_no_model,live_snapshot_not_T60,pinnacle,afaba283f1e72a77d34c375e,0.5289747037251117,0.5289747037251117,-112.3028227801176,-16.697177219882406,3,OK,-122,fanduel,,False,False,48.5,closest_offered_consensus_to_50pct_no_interpolation,998375f0988c8504
5de11fc0fd39562810247b11,2026-09-06T21:09:03.371375+00:00,998375f0988c8504abc453f8e528b151e37d989f9b20732e403c4d606c50877e,3e646c7479c57f5d9752d8c7dfe7059b,1,2026-09-14T00:20:00Z,New York Giants,Dallas Cowboys,totals,alternate_totals,,50.0,Over,50.0,pinnacle,116,2.16,0.4403540271044088,1.065014299848328,2026-09-06T21:08:57Z,6.371375,conditional_non_push,,market_consensus_no_model,live_snapshot_not_T60,pinnacle,bd5e56e4c7815191a0188cb6,0.4403540271044087,0.4403540271044087,127.09000904921857,-11.090009049218565,1,FEWER_THAN_TWO_BOOKS,116,pinnacle,,False,False,48.5,closest_offered_consensus_to_50pct_no_interpolation,998375f0988c8504
df6a6bd061ca8783937bbcde,2026-09-06T21:09:03.371375+00:00,998375f0988c8504abc453f8e528b151e37d989f9b20732e403c4d606c50877e,3e646c7479c57f5d9752d8c7dfe7059b,1,2026-09-14T00:20:00Z,New York Giants,Dallas Cowboys,totals,alternate_totals,,50.0,Under,50.0,pinnacle,-138,1.7246376811594204,0.5596459728955914,1.065014299848328,2026-09-06T21:08:57Z,6.371375,conditional_non_push,,market_consensus_no_model,live_snapshot_not_T60,pinnacle,bd5e56e4c7815191a0188cb6,0.5596459728955913,0.5596459728955913,-127.09000904921852,-10.909990950781477,1,FEWER_THAN_TWO_BOOKS,-138,pinnacle,,False,False,48.5,closest_offered_consensus_to_50pct_no_interpolation,998375f0988c8504
289dd1d12ec32c1491d8f817,2026-09-06T21:09:03.371375+00:00,998375f0988c8504abc453f8e528b151e37d989f9b20732e403c4d606c50877e,3e646c7479c57f5d9752d8c7dfe7059b,1,2026-09-14T00:20:00Z,New York Giants,Dallas Cowboys,totals,alternate_totals,,50.5,Over,50.5,draftkings,109,2.09,0.4412770011110724,1.1097698844057997,2026-09-06T21:08:18Z,45.371375,conditional_non_push,,market_consensus_no_model,live_snapshot_not_T60,pinnacle,f5adf363348165906f2e05b4,0.44512011692560194,0.44512011692560194,124.65846003701098,-15.658460037010983,2,OK,109,draftkings,,False,False,48.5,closest_offered_consensus_to_50pct_no_interpolation,998375f0988c8504
4de28758b9d851da4e185e8e,2026-09-06T21:09:03.371375+00:00,998375f0988c8504abc453f8e528b151e37d989f9b20732e403c4d606c50877e,3e646c7479c57f5d9752d8c7dfe7059b,1,2026-09-14T00:20:00Z,New York Giants,Dallas Cowboys,totals,alternate_totals,,50.5,Over,50.5,fanduel,108,2.08,0.4489632327401315,1.0934590230677235,2026-09-06T21:08:22Z,41.371375,conditional_non_push,,market_consensus_no_model,live_snapshot_not_T60,pinnacle,f5adf363348165906f2e05b4,0.44512011692560194,0.44512011692560194,124.65846003701098,-16.658460037010983,2,OK,109,draftkings,,False,False,48.5,closest_offered_consensus_to_50pct_no_interpolation,998375f0988c8504
c50bb7faf38d77c04162ea08,2026-09-06T21:09:03.371375+00:00,998375f0988c8504abc453f8e528b151e37d989f9b20732e403c4d606c50877e,3e646c7479c57f5d9752d8c7dfe7059b,1,2026-09-14T00:20:00Z,New York Giants,Dallas Cowboys,totals,alternate_totals,,50.5,Under,50.5,draftkings,-145,1.6896551724137931,0.5587229988889277,1.1097698844057997,2026-09-06T21:08:18Z,45.371375,conditional_non_push,,market_consensus_no_model,live_snapshot_not_T60,pinnacle,f5adf363348165906f2e05b4,0.5548798830743982,0.5548798830743982,-124.65846003701105,-20.341539962988946,2,OK,-138,fanduel,,False,False,48.5,closest_offered_consensus_to_50pct_no_interpolation,998375f0988c8504
83310d33e8599083ff52e3af,2026-09-06T21:09:03.371375+00:00,998375f0988c8504abc453f8e528b151e37d989f9b20732e403c4d606c50877e,3e646c7479c57f5d9752d8c7dfe7059b,1,2026-09-14T00:20:00Z,New York Giants,Dallas Cowboys,totals,alternate_totals,,50.5,Under,50.5,fanduel,-138,1.7246376811594204,0.5510367672598686,1.0934590230677235,2026-09-06T21:08:22Z,41.371375,conditional_non_push,,market_consensus_no_model,live_snapshot_not_T60,pinnacle,f5adf363348165906f2e05b4,0.5548798830743982,0.5548798830743982,-124.65846003701105,-13.341539962988946,2,OK,-138,fanduel,,False,False,48.5,closest_offered_consensus_to_50pct_no_interpolation,998375f0988c8504
8b475b4a75a0bb93ea0a36cc,2026-09-06T21:09:03.371375+00:00,998375f0988c8504abc453f8e528b151e37d989f9b20732e403c4d606c50877e,3e646c7479c57f5d9752d8c7dfe7059b,1,2026-09-14T00:20:00Z,New York Giants,Dallas Cowboys,totals,alternate_totals,,51.5,Over,51.5,draftkings,130,2.3,0.3962729171732011,1.1113482789859415,2026-09-06T21:08:18Z,45.371375,conditional_non_push,,market_consensus_no_model,live_snapshot_not_T60,pinnacle,91c7169eea003d0435a363a3,0.40110692064353476,0.40110692064353476,149.31008380398995,-19.310083803989954,2,OK,130,draftkings,,False,False,48.5,closest_offered_consensus_to_50pct_no_interpolation,998375f0988c8504
1008db6ddfa7ec06215b40ad,2026-09-06T21:09:03.371375+00:00,998375f0988c8504abc453f8e528b151e37d989f9b20732e403c4d606c50877e,3e646c7479c57f5d9752d8c7dfe7059b,1,2026-09-14T00:20:00Z,New York Giants,Dallas Cowboys,totals,alternate_totals,,51.5,Over,51.5,fanduel,128,2.2800000000000002,0.4059409241138684,1.0938783056086505,2026-09-06T21:08:22Z,41.371375,conditional_non_push,,market_consensus_no_model,live_snapshot_not_T60,pinnacle,91c7169eea003d0435a363a3,0.40110692064353476,0.40110692064353476,149.31008380398995,-21.310083803989954,2,OK,130,draftkings,,False,False,48.5,closest_offered_consensus_to_50pct_no_interpolation,998375f0988c8504
473a0c103cf5b3627f52858d,2026-09-06T21:09:03.371375+00:00,998375f0988c8504abc453f8e528b151e37d989f9b20732e403c4d606c50877e,3e646c7479c57f5d9752d8c7dfe7059b,1,2026-09-14T00:20:00Z,New York Giants,Dallas Cowboys,totals,alternate_totals,,51.5,Under,51.5,draftkings,-174,1.5747126436781609,0.603727082826799,1.1113482789859415,2026-09-06T21:08:18Z,45.371375,conditional_non_push,,market_consensus_no_model,live_snapshot_not_T60,pinnacle,91c7169eea003d0435a363a3,0.5988930793564653,0.5988930793564653,-149.31008380398998,-24.689916196010017,2,OK,-164,fanduel,,False,False,48.5,closest_offered_consensus_to_50pct_no_interpolation,998375f0988c8504
bc144a52c29ade5de7b92775,2026-09-06T21:09:03.371375+00:00,998375f0988c8504abc453f8e528b151e37d989f9b20732e403c4d606c50877e,3e646c7479c57f5d9752d8c7dfe7059b,1,2026-09-14T00:20:00Z,New York Giants,Dallas Cowboys,totals,alternate_totals,,51.5,Under,51.5,fanduel,-164,1.6097560975609757,0.5940590758861317,1.0938783056086505,2026-09-06T21:08:22Z,41.371375,conditional_non_push,,market_consensus_no_model,live_snapshot_not_T60,pinnacle,91c7169eea003d0435a363a3,0.5988930793564653,0.5988930793564653,-149.31008380398998,-14.689916196010017,2,OK,-164,fanduel,,False,False,48.5,closest_offered_consensus_to_50pct_no_interpolation,998375f0988c8504
01a28d4fa050b39433e2bd7d,2026-09-06T21:09:03.371375+00:00,998375f0988c8504abc453f8e528b151e37d989f9b20732e403c4d606c50877e,3e646c7479c57f5d9752d8c7dfe7059b,1,2026-09-14T00:20:00Z,New York Giants,Dallas Cowboys,totals,alternate_totals,,52.5,Over,52.5,draftkings,143,2.4299999999999997,0.3719100323442161,1.1139914874772594,2026-09-06T21:08:18Z,45.371375,conditional_non_push,,market_consensus_no_model,live_snapshot_not_T60,pinnacle,e8cd43f40e67e477995634b7,0.3754675090184096,0.3754675090184096,166.33462975646418,-23.33462975646418,2,OK,143,draftkings,,False,False,48.5,closest_offered_consensus_to_50pct_no_interpolation,998375f0988c8504
5e9bec56c5076b08029a671d,2026-09-06T21:09:03.371375+00:00,998375f0988c8504abc453f8e528b151e37d989f9b20732e403c4d606c50877e,3e646c7479c57f5d9752d8c7dfe7059b,1,2026-09-14T00:20:00Z,New York Giants,Dallas Cowboys,totals,alternate_totals,,52.5,Over,52.5,fanduel,142,2.42,0.3790249856926033,1.0977469828517519,2026-09-06T21:08:22Z,41.371375,conditional_non_push,,market_consensus_no_model,live_snapshot_not_T60,pinnacle,e8cd43f40e67e477995634b7,0.3754675090184096,0.3754675090184096,166.33462975646418,-24.33462975646418,2,OK,143,draftkings,,False,False,48.5,closest_offered_consensus_to_50pct_no_interpolation,998375f0988c8504
ab2f31520acb5bbdf1db4ed1,2026-09-06T21:09:03.371375+00:00,998375f0988c8504abc453f8e528b151e37d989f9b20732e403c4d606c50877e,3e646c7479c57f5d9752d8c7dfe7059b,1,2026-09-14T00:20:00Z,New York Giants,Dallas Cowboys,totals,alternate_totals,,52.5,Under,52.5,draftkings,-193,1.5181347150259068,0.6280899676557841,1.1139914874772594,2026-09-06T21:08:18Z,45.371375,conditional_non_push,,market_consensus_no_model,live_snapshot_not_T60,pinnacle,e8cd43f40e67e477995634b7,0.6245324909815904,0.6245324909815904,-166.33462975646415,-26.665370243535847,2,OK,-184,fanduel,,False,False,48.5,closest_offered_consensus_to_50pct_no_interpolation,998375f0988c8504
939d9303075bc56857fdecca,2026-09-06T21:09:03.371375+00:00,998375f0988c8504abc453f8e528b151e37d989f9b20732e403c4d606c50877e,3e646c7479c57f5d9752d8c7dfe7059b,1,2026-09-14T00:20:00Z,New York Giants,Dallas Cowboys,totals,alternate_totals,,52.5,Under,52.5,fanduel,-184,1.5434782608695652,0.6209750143073969,1.0977469828517519,2026-09-06T21:08:22Z,41.371375,conditional_non_push,,market_consensus_no_model,live_snapshot_not_T60,pinnacle,e8cd43f40e67e477995634b7,0.6245324909815904,0.6245324909815904,-166.33462975646415,-17.665370243535847,2,OK,-184,fanduel,,False,False,48.5,closest_offered_consensus_to_50pct_no_interpolation,998375f0988c8504
8b1880414f480df92db3d74a,2026-09-06T21:09:03.371375+00:00,998375f0988c8504abc453f8e528b151e37d989f9b20732e403c4d606c50877e,3e646c7479c57f5d9752d8c7dfe7059b,1,2026-09-14T00:20:00Z,New York Giants,Dallas Cowboys,totals,alternate_totals,,53.5,Over,53.5,draftkings,160,2.6,0.3440223685038218,1.116730317104368,2026-09-06T21:08:18Z,45.371375,conditional_non_push,,market_consensus_no_model,live_snapshot_not_T60,pinnacle,3753f9aed83471ad25756e2f,0.3487098675123685,0.3487098675123685,186.7713515346768,-26.771351534676796,2,OK,160,draftkings,,False,False,48.5,closest_offered_consensus_to_50pct_no_interpolation,998375f0988c8504
def89897622459f3bd81ba7d,2026-09-06T21:09:03.371375+00:00,998375f0988c8504abc453f8e528b151e37d989f9b20732e403c4d606c50877e,3e646c7479c57f5d9752d8c7dfe7059b,1,2026-09-14T00:20:00Z,New York Giants,Dallas Cowboys,totals,alternate_totals,,53.5,Over,53.5,fanduel,158,2.58,0.35339736652091536,1.097461284259357,2026-09-06T21:08:22Z,41.371375,conditional_non_push,,market_consensus_no_model,live_snapshot_not_T60,pinnacle,3753f9aed83471ad25756e2f,0.3487098675123685,0.3487098675123685,186.7713515346768,-28.771351534676796,2,OK,160,draftkings,,False,False,48.5,closest_offered_consensus_to_50pct_no_interpolation,998375f0988c8504
51a9f29dd72e2230f7465202,2026-09-06T21:09:03.371375+00:00,998375f0988c8504abc453f8e528b151e37d989f9b20732e403c4d606c50877e,3e646c7479c57f5d9752d8c7dfe7059b,1,2026-09-14T00:20:00Z,New York Giants,Dallas Cowboys,totals,alternate_totals,,53.5,Under,53.5,draftkings,-218,1.4587155963302751,0.6559776314961784,1.116730317104368,2026-09-06T21:08:18Z,45.371375,conditional_non_push,,market_consensus_no_model,live_snapshot_not_T60,pinnacle,3753f9aed83471ad25756e2f,0.6512901324876316,0.6512901324876316,-186.77135153467685,-31.228648465323147,2,OK,-205,fanduel,,False,False,48.5,closest_offered_consensus_to_50pct_no_interpolation,998375f0988c8504
78edb3ba2e9666f89a00bfd6,2026-09-06T21:09:03.371375+00:00,998375f0988c8504abc453f8e528b151e37d989f9b20732e403c4d606c50877e,3e646c7479c57f5d9752d8c7dfe7059b,1,2026-09-14T00:20:00Z,New York Giants,Dallas Cowboys,totals,alternate_totals,,53.5,Under,53.5,fanduel,-205,1.4878048780487805,0.6466026334790849,1.097461284259357,2026-09-06T21:08:22Z,41.371375,conditional_non_push,,market_consensus_no_model,live_snapshot_not_T60,pinnacle,3753f9aed83471ad25756e2f,0.6512901324876316,0.6512901324876316,-186.77135153467685,-18.228648465323147,2,OK,-205,fanduel,,False,False,48.5,closest_offered_consensus_to_50pct_no_interpolation,998375f0988c8504
f71f4e2e3e0e50982a9e5103,2026-09-06T21:09:03.371375+00:00,998375f0988c8504abc453f8e528b151e37d989f9b20732e403c4d606c50877e,3e646c7479c57f5d9752d8c7dfe7059b,1,2026-09-14T00:20:00Z,New York Giants,Dallas Cowboys,totals,alternate_totals,,54.5,Over,54.5,draftkings,179,2.79,0.31726887477786797,1.1188685564539633,2026-09-06T21:08:18Z,45.371375,conditional_non_push,,market_consensus_no_model,live_snapshot_not_T60,pinnacle,8892c0bed3ca3b8abf12d40e,0.32223203761874114,0.32223203761874114,210.33537428180287,-31.33537428180287,3,OK,185,pinnacle,,False,False,48.5,closest_offered_consensus_to_50pct_no_interpolation,998375f0988c8504
3d13dddef2e3646b62b96fae,2026-09-06T21:09:03.371375+00:00,998375f0988c8504abc453f8e528b151e37d989f9b20732e403c4d606c50877e,3e646c7479c57f5d9752d8c7dfe7059b,1,2026-09-14T00:20:00Z,New York Giants,Dallas Cowboys,totals,alternate_totals,,54.5,Over,54.5,fanduel,180,2.8,0.32263123574792896,1.098702369139712,2026-09-06T21:08:22Z,41.371375,conditional_non_push,,market_consensus_no_model,live_snapshot_not_T60,pinnacle,8892c0bed3ca3b8abf12d40e,0.32223203761874114,0.32223203761874114,210.33537428180287,-30.33537428180287,3,OK,185,pinnacle,,False,False,48.5,closest_offered_consensus_to_50pct_no_interpolation,998375f0988c8504
1ecf6fb1be2a83f15d850008,2026-09-06T21:09:03.371375+00:00,998375f0988c8504abc453f8e528b151e37d989f9b20732e403c4d606c50877e,3e646c7479c57f5d9752d8c7dfe7059b,1,2026-09-14T00:20:00Z,New York Giants,Dallas Cowboys,totals,alternate_totals,,54.5,Over,54.5,pinnacle,185,2.85,0.3222320376187412,1.0813165667927898,2026-09-06T21:08:57Z,6.371375,conditional_non_push,,market_consensus_no_model,live_snapshot_not_T60,pinnacle,8892c0bed3ca3b8abf12d40e,0.32223203761874114,0.32223203761874114,210.33537428180287,-25.33537428180287,3,OK,185,pinnacle,,False,False,48.5,closest_offered_consensus_to_50pct_no_interpolation,998375f0988c8504
b0a45ec7ea9cb667c55e16c4,2026-09-06T21:09:03.371375+00:00,998375f0988c8504abc453f8e528b151e37d989f9b20732e403c4d606c50877e,3e646c7479c57f5d9752d8c7dfe7059b,1,2026-09-14T00:20:00Z,New York Giants,Dallas Cowboys,totals,alternate_totals,,54.5,Under,54.5,draftkings,-246,1.4065040650406504,0.6827311252221321,1.1188685564539633,2026-09-06T21:08:18Z,45.371375,conditional_non_push,,market_consensus_no_model,live_snapshot_not_T60,pinnacle,8892c0bed3ca3b8abf12d40e,0.6777679623812589,0.6777679623812589,-210.3353742818029,-35.6646257181971,3,OK,-231,pinnacle,,False,False,48.5,closest_offered_consensus_to_50pct_no_interpolation,998375f0988c8504
80cabd4be60ed05c46a69ef4,2026-09-06T21:09:03.371375+00:00,998375f0988c8504abc453f8e528b151e37d989f9b20732e403c4d606c50877e,3e646c7479c57f5d9752d8c7dfe7059b,1,2026-09-14T00:20:00Z,New York Giants,Dallas Cowboys,totals,alternate_totals,,54.5,Under,54.5,fanduel,-235,1.425531914893617,0.6773687642520713,1.098702369139712,2026-09-06T21:08:22Z,41.371375,conditional_non_push,,market_consensus_no_model,live_snapshot_not_T60,pinnacle,8892c0bed3ca3b8abf12d40e,0.6777679623812589,0.6777679623812589,-210.3353742818029,-24.6646257181971,3,OK,-231,pinnacle,,False,False,48.5,closest_offered_consensus_to_50pct_no_interpolation,998375f0988c8504
87315f3c46810f00738645a9,2026-09-06T21:09:03.371375+00:00,998375f0988c8504abc453f8e528b151e37d989f9b20732e403c4d606c50877e,3e646c7479c57f5d9752d8c7dfe7059b,1,2026-09-14T00:20:00Z,New York Giants,Dallas Cowboys,totals,alternate_totals,,54.5,Under,54.5,pinnacle,-231,1.432900432900433,0.677767962381259,1.0813165667927898,2026-09-06T21:08:57Z,6.371375,conditional_non_push,,market_consensus_no_model,live_snapshot_not_T60,pinnacle,8892c0bed3ca3b8abf12d40e,0.6777679623812589,0.6777679623812589,-210.3353742818029,-20.6646257181971,3,OK,-231,pinnacle,,False,False,48.5,closest_offered_consensus_to_50pct_no_interpolation,998375f0988c8504
aa57e7247dca36766d4eda4e,2026-09-06T21:09:03.371375+00:00,998375f0988c8504abc453f8e528b151e37d989f9b20732e403c4d606c50877e,3e646c7479c57f5d9752d8c7dfe7059b,1,2026-09-14T00:20:00Z,New York Giants,Dallas Cowboys,totals,alternate_totals,,55.5,Over,55.5,draftkings,204,3.04,0.28630002907399366,1.1248878097990143,2026-09-06T21:08:18Z,45.371375,conditional_non_push,,market_consensus_no_model,live_snapshot_not_T60,pinnacle,1aa2c888357ed042afcd0e7a,0.2863625944274121,0.2863625944274121,249.20761980087542,-45.20761980087542,2,OK,210,fanduel,,False,False,48.5,closest_offered_consensus_to_50pct_no_interpolation,998375f0988c8504
b2fb149f51fce8c17e5cd51b,2026-09-06T21:09:03.371375+00:00,998375f0988c8504abc453f8e528b151e37d989f9b20732e403c4d606c50877e,3e646c7479c57f5d9752d8c7dfe7059b,1,2026-09-14T00:20:00Z,New York Giants,Dallas Cowboys,totals,alternate_totals,,55.5,Over,55.5,fanduel,210,3.1,0.2864251597808306,1.1050695297974706,2026-09-06T21:08:22Z,41.371375,conditional_non_push,,market_consensus_no_model,live_snapshot_not_T60,pinnacle,1aa2c888357ed042afcd0e7a,0.2863625944274121,0.2863625944274121,249.20761980087542,-39.20761980087542,2,OK,210,fanduel,,False,False,48.5,closest_offered_consensus_to_50pct_no_interpolation,998375f0988c8504
7e800ab5ed6454a7da984e0d,2026-09-06T21:09:03.371375+00:00,998375f0988c8504abc453f8e528b151e37d989f9b20732e403c4d606c50877e,3e646c7479c57f5d9752d8c7dfe7059b,1,2026-09-14T00:20:00Z,New York Giants,Dallas Cowboys,totals,alternate_totals,,55.5,Under,55.5,draftkings,-286,1.3496503496503496,0.7136999709260066,1.1248878097990143,2026-09-06T21:08:18Z,45.371375,conditional_non_push,,market_consensus_no_model,live_snapshot_not_T60,pinnacle,1aa2c888357ed042afcd0e7a,0.7136374055725879,0.7136374055725879,-249.20761980087542,-36.79238019912458,2,OK,-280,fanduel,,False,False,48.5,closest_offered_consensus_to_50pct_no_interpolation,998375f0988c8504
d3b2db54415f2b6ecb283d1f,2026-09-06T21:09:03.371375+00:00,998375f0988c8504abc453f8e528b151e37d989f9b20732e403c4d606c50877e,3e646c7479c57f5d9752d8c7dfe7059b,1,2026-09-14T00:20:00Z,New York Giants,Dallas Cowboys,totals,alternate_totals,,55.5,Under,55.5,fanduel,-280,1.3571428571428572,0.7135748402191695,1.1050695297974706,2026-09-06T21:08:22Z,41.371375,conditional_non_push,,market_consensus_no_model,live_snapshot_not_T60,pinnacle,1aa2c888357ed042afcd0e7a,0.7136374055725879,0.7136374055725879,-249.20761980087542,-30.79238019912458,2,OK,-280,fanduel,,False,False,48.5,closest_offered_consensus_to_50pct_no_interpolation,998375f0988c8504
cdc3c7aeb686833f5f4f8d68,2026-09-06T21:09:03.371375+00:00,998375f0988c8504abc453f8e528b151e37d989f9b20732e403c4d606c50877e,3e646c7479c57f5d9752d8c7dfe7059b,1,2026-09-14T00:20:00Z,New York Giants,Dallas Cowboys,totals,alternate_totals,,56.5,Over,56.5,draftkings,223,3.23,0.2661923559824706,1.1288326250092582,2026-09-06T21:08:18Z,45.371375,conditional_non_push,,market_consensus_no_model,live_snapshot_not_T60,pinnacle,d28efa9d45f58c11c3a75714,0.26628791988689227,0.26628791988689227,275.5333702049861,-52.53337020498611,2,OK,230,fanduel,,False,False,48.5,closest_offered_consensus_to_50pct_no_interpolation,998375f0988c8504
307a1183217e6112455fd302,2026-09-06T21:09:03.371375+00:00,998375f0988c8504abc453f8e528b151e37d989f9b20732e403c4d606c50877e,3e646c7479c57f5d9752d8c7dfe7059b,1,2026-09-14T00:20:00Z,New York Giants,Dallas Cowboys,totals,alternate_totals,,56.5,Over,56.5,fanduel,230,3.3,0.266383483791314,1.107960001549078,2026-09-06T21:08:22Z,41.371375,conditional_non_push,,market_consensus_no_model,live_snapshot_not_T60,pinnacle,d28efa9d45f58c11c3a75714,0.26628791988689227,0.26628791988689227,275.5333702049861,-45.53337020498611,2,OK,230,fanduel,,False,False,48.5,closest_offered_consensus_to_50pct_no_interpolation,998375f0988c8504
13167c3427221f29c70f7df7,2026-09-06T21:09:03.371375+00:00,998375f0988c8504abc453f8e528b151e37d989f9b20732e403c4d606c50877e,3e646c7479c57f5d9752d8c7dfe7059b,1,2026-09-14T00:20:00Z,New York Giants,Dallas Cowboys,totals,alternate_totals,,56.5,Under,56.5,draftkings,-317,1.3154574132492114,0.7338076440175295,1.1288326250092582,2026-09-06T21:08:18Z,45.371375,conditional_non_push,,market_consensus_no_model,live_snapshot_not_T60,pinnacle,d28efa9d45f58c11c3a75714,0.7337120801131078,0.7337120801131078,-275.5333702049863,-41.466629795013716,2,OK,-310,fanduel,,False,False,48.5,closest_offered_consensus_to_50pct_no_interpolation,998375f0988c8504
58634f340023eac1465a572e,2026-09-06T21:09:03.371375+00:00,998375f0988c8504abc453f8e528b151e37d989f9b20732e403c4d606c50877e,3e646c7479c57f5d9752d8c7dfe7059b,1,2026-09-14T00:20:00Z,New York Giants,Dallas Cowboys,totals,alternate_totals,,56.5,Under,56.5,fanduel,-310,1.3225806451612903,0.7336165162086862,1.107960001549078,2026-09-06T21:08:22Z,41.371375,conditional_non_push,,market_consensus_no_model,live_snapshot_not_T60,pinnacle,d28efa9d45f58c11c3a75714,0.7337120801131078,0.7337120801131078,-275.5333702049863,-34.466629795013716,2,OK,-310,fanduel,,False,False,48.5,closest_offered_consensus_to_50pct_no_interpolation,998375f0988c8504
faef7bca4c980266622341c2,2026-09-06T21:09:03.371375+00:00,998375f0988c8504abc453f8e528b151e37d989f9b20732e403c4d606c50877e,3e646c7479c57f5d9752d8c7dfe7059b,1,2026-09-14T00:20:00Z,New York Giants,Dallas Cowboys,totals,alternate_totals,,57.5,Over,57.5,draftkings,256,3.56,0.2358211787547174,1.1377589925548408,2026-09-06T21:08:18Z,45.371375,conditional_non_push,,market_consensus_no_model,live_snapshot_not_T60,pinnacle,f7675c61377b592d8e2d616d,0.23993239818678258,0.23993239818678258,316.78406399352536,-60.784063993525365,2,OK,256,draftkings,,False,False,48.5,closest_offered_consensus_to_50pct_no_interpolation,998375f0988c8504
459fb6eebb944458c8cda0ff,2026-09-06T21:09:03.371375+00:00,998375f0988c8504abc453f8e528b151e37d989f9b20732e403c4d606c50877e,3e646c7479c57f5d9752d8c7dfe7059b,1,2026-09-14T00:20:00Z,New York Giants,Dallas Cowboys,totals,alternate_totals,,57.5,Over,57.5,fanduel,255,3.55,0.24404361761884774,1.1132333373925984,2026-09-06T21:08:22Z,41.371375,conditional_non_push,,market_consensus_no_model,live_snapshot_not_T60,pinnacle,f7675c61377b592d8e2d616d,0.23993239818678258,0.23993239818678258,316.78406399352536,-61.784063993525365,2,OK,256,draftkings,,False,False,48.5,closest_offered_consensus_to_50pct_no_interpolation,998375f0988c8504
8513e06ec3ab12c1ff641244,2026-09-06T21:09:03.371375+00:00,998375f0988c8504abc453f8e528b151e37d989f9b20732e403c4d606c50877e,3e646c7479c57f5d9752d8c7dfe7059b,1,2026-09-14T00:20:00Z,New York Giants,Dallas Cowboys,totals,alternate_totals,,57.5,Under,57.5,draftkings,-375,1.2666666666666666,0.7641788212452826,1.1377589925548408,2026-09-06T21:08:18Z,45.371375,conditional_non_push,,market_consensus_no_model,live_snapshot_not_T60,pinnacle,f7675c61377b592d8e2d616d,0.7600676018132175,0.7600676018132175,-316.78406399352554,-58.215936006474465,2,OK,-350,fanduel,,False,False,48.5,closest_offered_consensus_to_50pct_no_interpolation,998375f0988c8504
fddcbfac8400ac3d9786264d,2026-09-06T21:09:03.371375+00:00,998375f0988c8504abc453f8e528b151e37d989f9b20732e403c4d606c50877e,3e646c7479c57f5d9752d8c7dfe7059b,1,2026-09-14T00:20:00Z,New York Giants,Dallas Cowboys,totals,alternate_totals,,57.5,Under,57.5,fanduel,-350,1.2857142857142856,0.7559563823811524,1.1132333373925984,2026-09-06T21:08:22Z,41.371375,conditional_non_push,,market_consensus_no_model,live_snapshot_not_T60,pinnacle,f7675c61377b592d8e2d616d,0.7600676018132175,0.7600676018132175,-316.78406399352554,-33.215936006474465,2,OK,-350,fanduel,,False,False,48.5,closest_offered_consensus_to_50pct_no_interpolation,998375f0988c8504
2c8c84b8ae766cce086935bc,2026-09-06T21:09:03.371375+00:00,998375f0988c8504abc453f8e528b151e37d989f9b20732e403c4d606c50877e,3e646c7479c57f5d9752d8c7dfe7059b,1,2026-09-14T00:20:00Z,New York Giants,Dallas Cowboys,totals,alternate_totals,,58.5,Over,58.5,draftkings,291,3.91,0.21006593942040924,1.144327856402827,2026-09-06T21:08:18Z,45.371375,conditional_non_push,,market_consensus_no_model,live_snapshot_not_T60,pinnacle,a7c2d90577049bbaa0d39c21,0.2155662443338105,0.2155662443338105,363.8945225818711,-72.89452258187112,2,OK,291,draftkings,,False,False,48.5,closest_offered_consensus_to_50pct_no_interpolation,998375f0988c8504
f0456c6e6e4ab28416c1259c,2026-09-06T21:09:03.371375+00:00,998375f0988c8504abc453f8e528b151e37d989f9b20732e403c4d606c50877e,3e646c7479c57f5d9752d8c7dfe7059b,1,2026-09-14T00:20:00Z,New York Giants,Dallas Cowboys,totals,alternate_totals,,58.5,Over,58.5,fanduel,285,3.85,0.2210665492472119,1.1195916904675953,2026-09-06T21:08:22Z,41.371375,conditional_non_push,,market_consensus_no_model,live_snapshot_not_T60,pinnacle,a7c2d90577049bbaa0d39c21,0.2155662443338105,0.2155662443338105,363.8945225818711,-78.89452258187112,2,OK,291,draftkings,,False,False,48.5,closest_offered_consensus_to_50pct_no_interpolation,998375f0988c8504
67f9ee15a24dbe7908dfeaa4,2026-09-06T21:09:03.371375+00:00,998375f0988c8504abc453f8e528b151e37d989f9b20732e403c4d606c50877e,3e646c7479c57f5d9752d8c7dfe7059b,1,2026-09-14T00:20:00Z,New York Giants,Dallas Cowboys,totals,alternate_totals,,58.5,Under,58.5,draftkings,-437,1.22883295194508,0.789934060579591,1.144327856402827,2026-09-06T21:08:18Z,45.371375,conditional_non_push,,market_consensus_no_model,live_snapshot_not_T60,pinnacle,a7c2d90577049bbaa0d39c21,0.7844337556661894,0.7844337556661894,-363.89452258187094,-73.10547741812906,2,OK,-400,fanduel,,False,False,48.5,closest_offered_consensus_to_50pct_no_interpolation,998375f0988c8504
7ba18d8fc05ed4888d553d0f,2026-09-06T21:09:03.371375+00:00,998375f0988c8504abc453f8e528b151e37d989f9b20732e403c4d606c50877e,3e646c7479c57f5d9752d8c7dfe7059b,1,2026-09-14T00:20:00Z,New York Giants,Dallas Cowboys,totals,alternate_totals,,58.5,Under,58.5,fanduel,-400,1.25,0.7789334507527883,1.1195916904675953,2026-09-06T21:08:22Z,41.371375,conditional_non_push,,market_consensus_no_model,live_snapshot_not_T60,pinnacle,a7c2d90577049bbaa0d39c21,0.7844337556661894,0.7844337556661894,-363.89452258187094,-36.105477418129055,2,OK,-400,fanduel,,False,False,48.5,closest_offered_consensus_to_50pct_no_interpolation,998375f0988c8504
5a8be7be502cc357f6178f5d,2026-09-06T21:09:03.371375+00:00,998375f0988c8504abc453f8e528b151e37d989f9b20732e403c4d606c50877e,3e646c7479c57f5d9752d8c7dfe7059b,1,2026-09-14T00:20:00Z,New York Giants,Dallas Cowboys,totals,alternate_totals,,59.5,Over,59.5,draftkings,327,4.27,0.18727794751861623,1.153999351515134,2026-09-06T21:08:18Z,45.371375,conditional_non_push,,market_consensus_no_model,live_snapshot_not_T60,pinnacle,b479a53efd397896240b2c5c,0.19298466911844459,0.19298466911844459,418.1758761294395,-91.17587612943947,2,OK,327,draftkings,,False,False,48.5,closest_offered_consensus_to_50pct_no_interpolation,998375f0988c8504
b0e0fee2ff0f90759d350563,2026-09-06T21:09:03.371375+00:00,998375f0988c8504abc453f8e528b151e37d989f9b20732e403c4d606c50877e,3e646c7479c57f5d9752d8c7dfe7059b,1,2026-09-14T00:20:00Z,New York Giants,Dallas Cowboys,totals,alternate_totals,,59.5,Over,59.5,fanduel,320,4.2,0.19869139071827305,1.1260677889883568,2026-09-06T21:08:22Z,41.371375,conditional_non_push,,market_consensus_no_model,live_snapshot_not_T60,pinnacle,b479a53efd397896240b2c5c,0.19298466911844459,0.19298466911844459,418.1758761294395,-98.17587612943947,2,OK,327,draftkings,,False,False,48.5,closest_offered_consensus_to_50pct_no_interpolation,998375f0988c8504
609a42d8c7a30356cb95dea3,2026-09-06T21:09:03.371375+00:00,998375f0988c8504abc453f8e528b151e37d989f9b20732e403c4d606c50877e,3e646c7479c57f5d9752d8c7dfe7059b,1,2026-09-14T00:20:00Z,New York Giants,Dallas Cowboys,totals,alternate_totals,,59.5,Under,59.5,draftkings,-508,1.1968503937007875,0.8127220524813838,1.153999351515134,2026-09-06T21:08:18Z,45.371375,conditional_non_push,,market_consensus_no_model,live_snapshot_not_T60,pinnacle,b479a53efd397896240b2c5c,0.8070153308815553,0.8070153308815553,-418.17587612943913,-89.82412387056087,2,OK,-460,fanduel,,False,False,48.5,closest_offered_consensus_to_50pct_no_interpolation,998375f0988c8504
098ef34b100eaf67fada057c,2026-09-06T21:09:03.371375+00:00,998375f0988c8504abc453f8e528b151e37d989f9b20732e403c4d606c50877e,3e646c7479c57f5d9752d8c7dfe7059b,1,2026-09-14T00:20:00Z,New York Giants,Dallas Cowboys,totals,alternate_totals,,59.5,Under,59.5,fanduel,-460,1.2173913043478262,0.8013086092817271,1.1260677889883568,2026-09-06T21:08:22Z,41.371375,conditional_non_push,,market_consensus_no_model,live_snapshot_not_T60,pinnacle,b479a53efd397896240b2c5c,0.8070153308815553,0.8070153308815553,-418.17587612943913,-41.82412387056087,2,OK,-460,fanduel,,False,False,48.5,closest_offered_consensus_to_50pct_no_interpolation,998375f0988c8504
251d459ac877f4eac966e1c9,2026-09-06T21:09:03.371375+00:00,998375f0988c8504abc453f8e528b151e37d989f9b20732e403c4d606c50877e,3e646c7479c57f5d9752d8c7dfe7059b,1,2026-09-14T00:20:00Z,New York Giants,Dallas Cowboys,totals,alternate_totals,,60.5,Over,60.5,draftkings,358,4.58,0.17070468840793143,1.1617410446876155,2026-09-06T21:08:18Z,45.371375,conditional_non_push,,market_consensus_no_model,live_snapshot_not_T60,pinnacle,f584350459f684912b09558e,0.17590961496613344,0.17590961496613344,468.47375863594635,-110.47375863594635,2,OK,358,draftkings,,False,False,48.5,closest_offered_consensus_to_50pct_no_interpolation,998375f0988c8504
fe28fa67efe6206b97fa5153,2026-09-06T21:09:03.371375+00:00,998375f0988c8504abc453f8e528b151e37d989f9b20732e403c4d606c50877e,3e646c7479c57f5d9752d8c7dfe7059b,1,2026-09-14T00:20:00Z,New York Giants,Dallas Cowboys,totals,alternate_totals,,60.5,Over,60.5,fanduel,350,4.5,0.1811145415243355,1.1359958107389625,2026-09-06T21:08:22Z,41.371375,conditional_non_push,,market_consensus_no_model,live_snapshot_not_T60,pinnacle,f584350459f684912b09558e,0.17590961496613344,0.17590961496613344,468.47375863594635,-118.47375863594635,2,OK,358,draftkings,,False,False,48.5,closest_offered_consensus_to_50pct_no_interpolation,998375f0988c8504
9474538982dd26dd4370bf6e,2026-09-06T21:09:03.371375+00:00,998375f0988c8504abc453f8e528b151e37d989f9b20732e403c4d606c50877e,3e646c7479c57f5d9752d8c7dfe7059b,1,2026-09-14T00:20:00Z,New York Giants,Dallas Cowboys,totals,alternate_totals,,60.5,Under,60.5,draftkings,-572,1.1748251748251748,0.8292953115920688,1.1617410446876155,2026-09-06T21:08:18Z,45.371375,conditional_non_push,,market_consensus_no_model,live_snapshot_not_T60,pinnacle,f584350459f684912b09558e,0.8240903850338666,0.8240903850338666,-468.47375863594635,-103.52624136405365,2,OK,-520,fanduel,,False,False,48.5,closest_offered_consensus_to_50pct_no_interpolation,998375f0988c8504
5fb923c7a90ae1594e252970,2026-09-06T21:09:03.371375+00:00,998375f0988c8504abc453f8e528b151e37d989f9b20732e403c4d606c50877e,3e646c7479c57f5d9752d8c7dfe7059b,1,2026-09-14T00:20:00Z,New York Giants,Dallas Cowboys,totals,alternate_totals,,60.5,Under,60.5,fanduel,-520,1.1923076923076923,0.8188854584756646,1.1359958107389625,2026-09-06T21:08:22Z,41.371375,conditional_non_push,,market_consensus_no_model,live_snapshot_not_T60,pinnacle,f584350459f684912b09558e,0.8240903850338666,0.8240903850338666,-468.47375863594635,-51.52624136405365,2,OK,-520,fanduel,,False,False,48.5,closest_offered_consensus_to_50pct_no_interpolation,998375f0988c8504
d67406b3d53b18e954fce008,2026-09-06T21:09:03.371375+00:00,998375f0988c8504abc453f8e528b151e37d989f9b20732e403c4d606c50877e,3e646c7479c57f5d9752d8c7dfe7059b,1,2026-09-14T00:20:00Z,New York Giants,Dallas Cowboys,totals,alternate_totals,,61.5,Over,61.5,draftkings,413,5.13,0.14560254856579843,1.178440444301275,2026-09-06T21:08:18Z,45.371375,conditional_non_push,,market_consensus_no_model,live_snapshot_not_T60,pinnacle,8456437d5c7126ed74c479a8,0.1516484800456397,0.1516484800456397,559.4197315390454,-146.41973153904542,2,OK,413,draftkings,,False,False,48.5,closest_offered_consensus_to_50pct_no_interpolation,998375f0988c8504
5f1ffe1582b87910d58761e1,2026-09-06T21:09:03.371375+00:00,998375f0988c8504abc453f8e528b151e37d989f9b20732e403c4d606c50877e,3e646c7479c57f5d9752d8c7dfe7059b,1,2026-09-14T00:20:00Z,New York Giants,Dallas Cowboys,totals,alternate_totals,,61.5,Over,61.5,fanduel,400,5.0,0.15769441152548092,1.1476654108548892,2026-09-06T21:08:22Z,41.371375,conditional_non_push,,market_consensus_no_model,live_snapshot_not_T60,pinnacle,8456437d5c7126ed74c479a8,0.1516484800456397,0.1516484800456397,559.4197315390454,-159.41973153904542,2,OK,413,draftkings,,False,False,48.5,closest_offered_consensus_to_50pct_no_interpolation,998375f0988c8504
46a3eaf2e0ca01a4a60ca6f2,2026-09-06T21:09:03.371375+00:00,998375f0988c8504abc453f8e528b151e37d989f9b20732e403c4d606c50877e,3e646c7479c57f5d9752d8c7dfe7059b,1,2026-09-14T00:20:00Z,New York Giants,Dallas Cowboys,totals,alternate_totals,,61.5,Under,61.5,draftkings,-700,1.1428571428571428,0.8543974514342016,1.178440444301275,2026-09-06T21:08:18Z,45.371375,conditional_non_push,,market_consensus_no_model,live_snapshot_not_T60,pinnacle,8456437d5c7126ed74c479a8,0.8483515199543604,0.8483515199543604,-559.4197315390458,-140.58026846095424,2,OK,-620,fanduel,,False,False,48.5,closest_offered_consensus_to_50pct_no_interpolation,998375f0988c8504
2317b86ad80637eb7ff2fca4,2026-09-06T21:09:03.371375+00:00,998375f0988c8504abc453f8e528b151e37d989f9b20732e403c4d606c50877e,3e646c7479c57f5d9752d8c7dfe7059b,1,2026-09-14T00:20:00Z,New York Giants,Dallas Cowboys,totals,alternate_totals,,61.5,Under,61.5,fanduel,-620,1.1612903225806452,0.8423055884745192,1.1476654108548892,2026-09-06T21:08:22Z,41.371375,conditional_non_push,,market_consensus_no_model,live_snapshot_not_T60,pinnacle,8456437d5c7126ed74c479a8,0.8483515199543604,0.8483515199543604,-559.4197315390458,-60.580268460954244,2,OK,-620,fanduel,,False,False,48.5,closest_offered_consensus_to_50pct_no_interpolation,998375f0988c8504
7c090a4f32fd2fb0fee9affb,2026-09-06T21:09:03.371375+00:00,998375f0988c8504abc453f8e528b151e37d989f9b20732e403c4d606c50877e,3e646c7479c57f5d9752d8c7dfe7059b,1,2026-09-14T00:20:00Z,New York Giants,Dallas Cowboys,totals,alternate_totals,,62.5,Over,62.5,draftkings,453,5.53,0.13074533213473777,1.189637687091798,2026-09-06T21:08:18Z,45.371375,conditional_non_push,,market_consensus_no_model,live_snapshot_not_T60,pinnacle,8d810a65c4d04e7f716665ea,0.1351295730975724,0.1351295730975724,640.0304589713568,-187.03045897135678,2,OK,453,draftkings,,False,False,48.5,closest_offered_consensus_to_50pct_no_interpolation,998375f0988c8504
ccfab3ac02030a6428324501,2026-09-06T21:09:03.371375+00:00,998375f0988c8504abc453f8e528b151e37d989f9b20732e403c4d606c50877e,3e646c7479c57f5d9752d8c7dfe7059b,1,2026-09-14T00:20:00Z,New York Giants,Dallas Cowboys,totals,alternate_totals,,62.5,Over,62.5,fanduel,450,5.5,0.13951381406040705,1.1553564224932553,2026-09-06T21:08:22Z,41.371375,conditional_non_push,,market_consensus_no_model,live_snapshot_not_T60,pinnacle,8d810a65c4d04e7f716665ea,0.1351295730975724,0.1351295730975724,640.0304589713568,-190.03045897135678,2,OK,453,draftkings,,False,False,48.5,closest_offered_consensus_to_50pct_no_interpolation,998375f0988c8504
e6fd0420e211c872f7efb142,2026-09-06T21:09:03.371375+00:00,998375f0988c8504abc453f8e528b151e37d989f9b20732e403c4d606c50877e,3e646c7479c57f5d9752d8c7dfe7059b,1,2026-09-14T00:20:00Z,New York Giants,Dallas Cowboys,totals,alternate_totals,,62.5,Under,62.5,draftkings,-800,1.125,0.8692546678652624,1.189637687091798,2026-09-06T21:08:18Z,45.371375,conditional_non_push,,market_consensus_no_model,live_snapshot_not_T60,pinnacle,8d810a65c4d04e7f716665ea,0.8648704269024277,0.8648704269024277,-640.030458971357,-159.969541028643,2,OK,-720,fanduel,,False,False,48.5,closest_offered_consensus_to_50pct_no_interpolation,998375f0988c8504
519b3c6f14ee7d9c400c7000,2026-09-06T21:09:03.371375+00:00,998375f0988c8504abc453f8e528b151e37d989f9b20732e403c4d606c50877e,3e646c7479c57f5d9752d8c7dfe7059b,1,2026-09-14T00:20:00Z,New York Giants,Dallas Cowboys,totals,alternate_totals,,62.5,Under,62.5,fanduel,-720,1.1388888888888888,0.860486185939593,1.1553564224932553,2026-09-06T21:08:22Z,41.371375,conditional_non_push,,market_consensus_no_model,live_snapshot_not_T60,pinnacle,8d810a65c4d04e7f716665ea,0.8648704269024277,0.8648704269024277,-640.030458971357,-79.969541028643,2,OK,-720,fanduel,,False,False,48.5,closest_offered_consensus_to_50pct_no_interpolation,998375f0988c8504
2d5f11f37606b12d979c6730,2026-09-06T21:09:03.371375+00:00,998375f0988c8504abc453f8e528b151e37d989f9b20732e403c4d606c50877e,3e646c7479c57f5d9752d8c7dfe7059b,1,2026-09-14T00:20:00Z,New York Giants,Dallas Cowboys,totals,alternate_totals,,63.5,Over,63.5,draftkings,513,6.13,0.11180382294974672,1.208369660438784,2026-09-06T21:08:18Z,45.371375,conditional_non_push,,market_consensus_no_model,live_snapshot_not_T60,pinnacle,e11a2452696bd72e5eb3004d,0.11704855897364579,0.11704855897364579,754.3462719820038,-241.34627198200383,2,OK,513,draftkings,,False,False,48.5,closest_offered_consensus_to_50pct_no_interpolation,998375f0988c8504
cd4cc8f26a28af6eef932b5e,2026-09-06T21:09:03.371375+00:00,998375f0988c8504abc453f8e528b151e37d989f9b20732e403c4d606c50877e,3e646c7479c57f5d9752d8c7dfe7059b,1,2026-09-14T00:20:00Z,New York Giants,Dallas Cowboys,totals,alternate_totals,,63.5,Over,63.5,fanduel,500,6.0,0.1222932949975449,1.1727763118339127,2026-09-06T21:08:22Z,41.371375,conditional_non_push,,market_consensus_no_model,live_snapshot_not_T60,pinnacle,e11a2452696bd72e5eb3004d,0.11704855897364579,0.11704855897364579,754.3462719820038,-254.34627198200383,2,OK,513,draftkings,,False,False,48.5,closest_offered_consensus_to_50pct_no_interpolation,998375f0988c8504
f0a3deddb618e98ed7d423d4,2026-09-06T21:09:03.371375+00:00,998375f0988c8504abc453f8e528b151e37d989f9b20732e403c4d606c50877e,3e646c7479c57f5d9752d8c7dfe7059b,1,2026-09-14T00:20:00Z,New York Giants,Dallas Cowboys,totals,alternate_totals,,63.5,Under,63.5,draftkings,-970,1.1030927835051547,0.8881961770502534,1.208369660438784,2026-09-06T21:08:18Z,45.371375,conditional_non_push,,market_consensus_no_model,live_snapshot_not_T60,pinnacle,e11a2452696bd72e5eb3004d,0.8829514410263541,0.8829514410263541,-754.3462719820034,-215.65372801799663,2,OK,-850,fanduel,,False,False,48.5,closest_offered_consensus_to_50pct_no_interpolation,998375f0988c8504
477a16c50ceb0d38eeefecb0,2026-09-06T21:09:03.371375+00:00,998375f0988c8504abc453f8e528b151e37d989f9b20732e403c4d606c50877e,3e646c7479c57f5d9752d8c7dfe7059b,1,2026-09-14T00:20:00Z,New York Giants,Dallas Cowboys,totals,alternate_totals,,63.5,Under,63.5,fanduel,-850,1.1176470588235294,0.8777067050024552,1.1727763118339127,2026-09-06T21:08:22Z,41.371375,conditional_non_push,,market_consensus_no_model,live_snapshot_not_T60,pinnacle,e11a2452696bd72e5eb3004d,0.8829514410263541,0.8829514410263541,-754.3462719820034,-95.65372801799663,2,OK,-850,fanduel,,False,False,48.5,closest_offered_consensus_to_50pct_no_interpolation,998375f0988c8504
511b69a2a3161400adfd854e,2026-09-06T21:09:03.371375+00:00,998375f0988c8504abc453f8e528b151e37d989f9b20732e403c4d606c50877e,3e646c7479c57f5d9752d8c7dfe7059b,1,2026-09-14T00:20:00Z,New York Giants,Dallas Cowboys,totals,alternate_totals,,64.5,Over,64.5,draftkings,568,6.68,0.09671292544244738,1.2300490203289716,2026-09-06T21:08:18Z,45.371375,conditional_non_push,,market_consensus_no_model,live_snapshot_not_T60,pinnacle,f997ba2c01763f100a36720e,0.10176560245886929,0.10176560245886929,882.6503021039658,-314.6503021039658,2,OK,568,draftkings,,False,False,48.5,closest_offered_consensus_to_50pct_no_interpolation,998375f0988c8504
b3266b61cf6b0f21c249bf2d,2026-09-06T21:09:03.371375+00:00,998375f0988c8504abc453f8e528b151e37d989f9b20732e403c4d606c50877e,3e646c7479c57f5d9752d8c7dfe7059b,1,2026-09-14T00:20:00Z,New York Giants,Dallas Cowboys,totals,alternate_totals,,64.5,Over,64.5,fanduel,560,6.6,0.10681827947529124,1.1852377638063105,2026-09-06T21:08:22Z,41.371375,conditional_non_push,,market_consensus_no_model,live_snapshot_not_T60,pinnacle,f997ba2c01763f100a36720e,0.10176560245886929,0.10176560245886929,882.6503021039658,-322.6503021039658,2,OK,568,draftkings,,False,False,48.5,closest_offered_consensus_to_50pct_no_interpolation,998375f0988c8504
adf4287f5eb6b8d68efd7fdd,2026-09-06T21:09:03.371375+00:00,998375f0988c8504abc453f8e528b151e37d989f9b20732e403c4d606c50877e,3e646c7479c57f5d9752d8c7dfe7059b,1,2026-09-14T00:20:00Z,New York Giants,Dallas Cowboys,totals,alternate_totals,,64.5,Under,64.5,draftkings,-1160,1.0862068965517242,0.9032870745575527,1.2300490203289716,2026-09-06T21:08:18Z,45.371375,conditional_non_push,,market_consensus_no_model,live_snapshot_not_T60,pinnacle,f997ba2c01763f100a36720e,0.8982343975411307,0.8982343975411307,-882.6503021039654,-277.3496978960346,2,OK,-1000,fanduel,,False,False,48.5,closest_offered_consensus_to_50pct_no_interpolation,998375f0988c8504
61ab7d943dfe952b0d537c3a,2026-09-06T21:09:03.371375+00:00,998375f0988c8504abc453f8e528b151e37d989f9b20732e403c4d606c50877e,3e646c7479c57f5d9752d8c7dfe7059b,1,2026-09-14T00:20:00Z,New York Giants,Dallas Cowboys,totals,alternate_totals,,64.5,Under,64.5,fanduel,-1000,1.1,0.8931817205247089,1.1852377638063105,2026-09-06T21:08:22Z,41.371375,conditional_non_push,,market_consensus_no_model,live_snapshot_not_T60,pinnacle,f997ba2c01763f100a36720e,0.8982343975411307,0.8982343975411307,-882.6503021039654,-117.34969789603463,2,OK,-1000,fanduel,,False,False,48.5,closest_offered_consensus_to_50pct_no_interpolation,998375f0988c8504
7731875f65a19bd85c408410,2026-09-06T21:09:03.371375+00:00,998375f0988c8504abc453f8e528b151e37d989f9b20732e403c4d606c50877e,3e646c7479c57f5d9752d8c7dfe7059b,1,2026-09-14T00:20:00Z,New York Giants,Dallas Cowboys,totals,alternate_totals,,65.5,Over,65.5,draftkings,650,7.5,0.07833551801446506,1.2639586810799615,2026-09-06T21:08:18Z,45.371375,conditional_non_push,,market_consensus_no_model,live_snapshot_not_T60,pinnacle,be50886d4f4bb195b440e197,0.0850252401838062,0.0850252401838062,1076.1213468356173,-426.12134683561726,2,OK,650,draftkings,,False,False,48.5,closest_offered_consensus_to_50pct_no_interpolation,998375f0988c8504
8f756ec44fc4919aceeea1b8,2026-09-06T21:09:03.371375+00:00,998375f0988c8504abc453f8e528b151e37d989f9b20732e403c4d606c50877e,3e646c7479c57f5d9752d8c7dfe7059b,1,2026-09-14T00:20:00Z,New York Giants,Dallas Cowboys,totals,alternate_totals,,65.5,Over,65.5,fanduel,630,7.3,0.09171496235314733,1.2018213067191894,2026-09-06T21:08:22Z,41.371375,conditional_non_push,,market_consensus_no_model,live_snapshot_not_T60,pinnacle,be50886d4f4bb195b440e197,0.0850252401838062,0.0850252401838062,1076.1213468356173,-446.12134683561726,2,OK,650,draftkings,,False,False,48.5,closest_offered_consensus_to_50pct_no_interpolation,998375f0988c8504
1a1838b1e8a5560c6fc9c780,2026-09-06T21:09:03.371375+00:00,998375f0988c8504abc453f8e528b151e37d989f9b20732e403c4d606c50877e,3e646c7479c57f5d9752d8c7dfe7059b,1,2026-09-14T00:20:00Z,New York Giants,Dallas Cowboys,totals,alternate_totals,,65.5,Under,65.5,draftkings,-1500,1.0666666666666667,0.9216644819855351,1.2639586810799615,2026-09-06T21:08:18Z,45.371375,conditional_non_push,,market_consensus_no_model,live_snapshot_not_T60,pinnacle,be50886d4f4bb195b440e197,0.9149747598161939,0.9149747598161939,-1076.1213468356189,-423.87865316438115,2,OK,-1200,fanduel,,False,False,48.5,closest_offered_consensus_to_50pct_no_interpolation,998375f0988c8504
447db094bb1d73fa9ec62dcc,2026-09-06T21:09:03.371375+00:00,998375f0988c8504abc453f8e528b151e37d989f9b20732e403c4d606c50877e,3e646c7479c57f5d9752d8c7dfe7059b,1,2026-09-14T00:20:00Z,New York Giants,Dallas Cowboys,totals,alternate_totals,,65.5,Under,65.5,fanduel,-1200,1.0833333333333333,0.9082850376468526,1.2018213067191894,2026-09-06T21:08:22Z,41.371375,conditional_non_push,,market_consensus_no_model,live_snapshot_not_T60,pinnacle,be50886d4f4bb195b440e197,0.9149747598161939,0.9149747598161939,-1076.1213468356189,-123.87865316438115,2,OK,-1200,fanduel,,False,False,48.5,closest_offered_consensus_to_50pct_no_interpolation,998375f0988c8504
a293559e8200b8f0646589c4,2026-09-06T21:09:03.371375+00:00,998375f0988c8504abc453f8e528b151e37d989f9b20732e403c4d606c50877e,3e646c7479c57f5d9752d8c7dfe7059b,1,2026-09-14T00:20:00Z,New York Giants,Dallas Cowboys,totals,alternate_totals,,66.5,Over,66.5,draftkings,710,8.1,0.06787573210710775,1.2859710934177246,2026-09-06T21:08:18Z,45.371375,conditional_non_push,,market_consensus_no_model,live_snapshot_not_T60,pinnacle,4fbfd891be85be6e7e37743a,0.07314072394746575,0.07314072394746575,1267.2273748866126,-557.2273748866126,2,OK,710,draftkings,,False,False,48.5,closest_offered_consensus_to_50pct_no_interpolation,998375f0988c8504
0cc7c4e68ad43405b3ec3741,2026-09-06T21:09:03.371375+00:00,998375f0988c8504abc453f8e528b151e37d989f9b20732e403c4d606c50877e,3e646c7479c57f5d9752d8c7dfe7059b,1,2026-09-14T00:20:00Z,New York Giants,Dallas Cowboys,totals,alternate_totals,,66.5,Over,66.5,fanduel,700,8.0,0.07840571578782377,1.22429911964233,2026-09-06T21:08:22Z,41.371375,conditional_non_push,,market_consensus_no_model,live_snapshot_not_T60,pinnacle,4fbfd891be85be6e7e37743a,0.07314072394746575,0.07314072394746575,1267.2273748866126,-567.2273748866126,2,OK,710,draftkings,,False,False,48.5,closest_offered_consensus_to_50pct_no_interpolation,998375f0988c8504
8d373ba92b7962ce77014949,2026-09-06T21:09:03.371375+00:00,998375f0988c8504abc453f8e528b151e37d989f9b20732e403c4d606c50877e,3e646c7479c57f5d9752d8c7dfe7059b,1,2026-09-14T00:20:00Z,New York Giants,Dallas Cowboys,totals,alternate_totals,,66.5,Under,66.5,draftkings,-1780,1.0561797752808988,0.9321242678928924,1.2859710934177246,2026-09-06T21:08:18Z,45.371375,conditional_non_push,,market_consensus_no_model,live_snapshot_not_T60,pinnacle,4fbfd891be85be6e7e37743a,0.9268592760525342,0.9268592760525342,-1267.2273748866107,-512.7726251133893,2,OK,-1450,fanduel,,False,False,48.5,closest_offered_consensus_to_50pct_no_interpolation,998375f0988c8504
c6b9620697c016b645f73000,2026-09-06T21:09:03.371375+00:00,998375f0988c8504abc453f8e528b151e37d989f9b20732e403c4d606c50877e,3e646c7479c57f5d9752d8c7dfe7059b,1,2026-09-14T00:20:00Z,New York Giants,Dallas Cowboys,totals,alternate_totals,,66.5,Under,66.5,fanduel,-1450,1.0689655172413792,0.9215942842121764,1.22429911964233,2026-09-06T21:08:22Z,41.371375,conditional_non_push,,market_consensus_no_model,live_snapshot_not_T60,pinnacle,4fbfd891be85be6e7e37743a,0.9268592760525342,0.9268592760525342,-1267.2273748866107,-182.77262511338927,2,OK,-1450,fanduel,,False,False,48.5,closest_offered_consensus_to_50pct_no_interpolation,998375f0988c8504
7c8d7e373d5b3b00ffa51ca3,2026-09-06T21:09:03.371375+00:00,998375f0988c8504abc453f8e528b151e37d989f9b20732e403c4d606c50877e,3e646c7479c57f5d9752d8c7dfe7059b,1,2026-09-14T00:20:00Z,New York Giants,Dallas Cowboys,totals,alternate_totals,,67.5,Over,67.5,draftkings,790,8.9,0.05492717670306047,1.3273920250241056,2026-09-06T21:08:18Z,45.371375,conditional_non_push,,market_consensus_no_model,live_snapshot_not_T60,pinnacle,09cec9cccb17393bc2acff00,0.05998133045303694,0.05998133045303694,1567.1854266103037,-777.1854266103037,2,OK,800,fanduel,,False,False,48.5,closest_offered_consensus_to_50pct_no_interpolation,998375f0988c8504
6037f67220883326418b1d00,2026-09-06T21:09:03.371375+00:00,998375f0988c8504abc453f8e528b151e37d989f9b20732e403c4d606c50877e,3e646c7479c57f5d9752d8c7dfe7059b,1,2026-09-14T00:20:00Z,New York Giants,Dallas Cowboys,totals,alternate_totals,,67.5,Over,67.5,fanduel,800,9.0,0.06503548420301344,1.2437610044118093,2026-09-06T21:08:22Z,41.371375,conditional_non_push,,market_consensus_no_model,live_snapshot_not_T60,pinnacle,09cec9cccb17393bc2acff00,0.05998133045303694,0.05998133045303694,1567.1854266103037,-767.1854266103037,2,OK,800,fanduel,,False,False,48.5,closest_offered_consensus_to_50pct_no_interpolation,998375f0988c8504
4e299ddfffa16170d7107810,2026-09-06T21:09:03.371375+00:00,998375f0988c8504abc453f8e528b151e37d989f9b20732e403c4d606c50877e,3e646c7479c57f5d9752d8c7dfe7059b,1,2026-09-14T00:20:00Z,New York Giants,Dallas Cowboys,totals,alternate_totals,,67.5,Under,67.5,draftkings,-2300,1.0434782608695652,0.9450728232969396,1.3273920250241056,2026-09-06T21:08:18Z,45.371375,conditional_non_push,,market_consensus_no_model,live_snapshot_not_T60,pinnacle,09cec9cccb17393bc2acff00,0.940018669546963,0.940018669546963,-1567.1854266103023,-732.8145733896977,2,OK,-1800,fanduel,,False,False,48.5,closest_offered_consensus_to_50pct_no_interpolation,998375f0988c8504
2debe7359c764d5d27309d70,2026-09-06T21:09:03.371375+00:00,998375f0988c8504abc453f8e528b151e37d989f9b20732e403c4d606c50877e,3e646c7479c57f5d9752d8c7dfe7059b,1,2026-09-14T00:20:00Z,New York Giants,Dallas Cowboys,totals,alternate_totals,,67.5,Under,67.5,fanduel,-1800,1.0555555555555556,0.9349645157969867,1.2437610044118093,2026-09-06T21:08:22Z,41.371375,conditional_non_push,,market_consensus_no_model,live_snapshot_not_T60,pinnacle,09cec9cccb17393bc2acff00,0.940018669546963,0.940018669546963,-1567.1854266103023,-232.81457338969767,2,OK,-1800,fanduel,,False,False,48.5,closest_offered_consensus_to_50pct_no_interpolation,998375f0988c8504
775f60d8c4e58580e5c8c4c6,2026-09-06T21:09:03.371375+00:00,998375f0988c8504abc453f8e528b151e37d989f9b20732e403c4d606c50877e,3e646c7479c57f5d9752d8c7dfe7059b,1,2026-09-14T00:20:00Z,New York Giants,Dallas Cowboys,totals,alternate_totals,,68.5,Over,68.5,draftkings,860,9.6,0.046492010711362546,1.3566738248933987,2026-09-06T21:08:18Z,45.371375,conditional_non_push,,market_consensus_no_model,live_snapshot_not_T60,pinnacle,299cdc586b32204232bfd121,0.05080732764622408,0.05080732764622408,1868.220031100806,-1008.220031100806,2,OK,870,fanduel,,False,False,48.5,closest_offered_consensus_to_50pct_no_interpolation,998375f0988c8504
d9523f7d7fc93954aab69fdb,2026-09-06T21:09:03.371375+00:00,998375f0988c8504abc453f8e528b151e37d989f9b20732e403c4d606c50877e,3e646c7479c57f5d9752d8c7dfe7059b,1,2026-09-14T00:20:00Z,New York Giants,Dallas Cowboys,totals,alternate_totals,,68.5,Over,68.5,fanduel,870,9.7,0.05512264458108564,1.2755431788789866,2026-09-06T21:08:22Z,41.371375,conditional_non_push,,market_consensus_no_model,live_snapshot_not_T60,pinnacle,299cdc586b32204232bfd121,0.05080732764622408,0.05080732764622408,1868.220031100806,-998.220031100806,2,OK,870,fanduel,,False,False,48.5,closest_offered_consensus_to_50pct_no_interpolation,998375f0988c8504
6a470debb0a70cbd5de047e3,2026-09-06T21:09:03.371375+00:00,998375f0988c8504abc453f8e528b151e37d989f9b20732e403c4d606c50877e,3e646c7479c57f5d9752d8c7dfe7059b,1,2026-09-14T00:20:00Z,New York Giants,Dallas Cowboys,totals,alternate_totals,,68.5,Under,68.5,draftkings,-2800,1.0357142857142858,0.9535079892886376,1.3566738248933987,2026-09-06T21:08:18Z,45.371375,conditional_non_push,,market_consensus_no_model,live_snapshot_not_T60,pinnacle,299cdc586b32204232bfd121,0.9491926723537758,0.9491926723537758,-1868.2200311008014,-931.7799688991986,2,OK,-2200,fanduel,,False,False,48.5,closest_offered_consensus_to_50pct_no_interpolation,998375f0988c8504
463c3543720463a8a218dcf2,2026-09-06T21:09:03.371375+00:00,998375f0988c8504abc453f8e528b151e37d989f9b20732e403c4d606c50877e,3e646c7479c57f5d9752d8c7dfe7059b,1,2026-09-14T00:20:00Z,New York Giants,Dallas Cowboys,totals,alternate_totals,,68.5,Under,68.5,fanduel,-2200,1.0454545454545454,0.9448773554189145,1.2755431788789866,2026-09-06T21:08:22Z,41.371375,conditional_non_push,,market_consensus_no_model,live_snapshot_not_T60,pinnacle,299cdc586b32204232bfd121,0.9491926723537758,0.9491926723537758,-1868.2200311008014,-331.7799688991986,2,OK,-2200,fanduel,,False,False,48.5,closest_offered_consensus_to_50pct_no_interpolation,998375f0988c8504
340a11298c99dcae43ce30cc,2026-09-06T21:09:03.371375+00:00,998375f0988c8504abc453f8e528b151e37d989f9b20732e403c4d606c50877e,3e646c7479c57f5d9752d8c7dfe7059b,1,2026-09-14T00:20:00Z,New York Giants,Dallas Cowboys,totals,alternate_totals,,69.5,Over,69.5,draftkings,970,10.7,0.0338398108851471,1.4285945675203573,2026-09-06T21:08:18Z,45.371375,conditional_non_push,,market_consensus_no_model,live_snapshot_not_T60,pinnacle,e6e3b0351409037938e6835d,0.03808125845482294,0.03808125845482294,2525.963638219396,-1555.9636382193962,2,OK,1000,fanduel,,False,False,48.5,closest_offered_consensus_to_50pct_no_interpolation,998375f0988c8504
3df977bafefff66f7800b47c,2026-09-06T21:09:03.371375+00:00,998375f0988c8504abc453f8e528b151e37d989f9b20732e403c4d606c50877e,3e646c7479c57f5d9752d8c7dfe7059b,1,2026-09-14T00:20:00Z,New York Giants,Dallas Cowboys,totals,alternate_totals,,69.5,Over,69.5,fanduel,1000,11.0,0.04232270602449879,1.3188363926369235,2026-09-06T21:08:22Z,41.371375,conditional_non_push,,market_consensus_no_model,live_snapshot_not_T60,pinnacle,e6e3b0351409037938e6835d,0.03808125845482294,0.03808125845482294,2525.963638219396,-1525.9636382193962,2,OK,1000,fanduel,,False,False,48.5,closest_offered_consensus_to_50pct_no_interpolation,998375f0988c8504
6706ec5a545a768886ffd655,2026-09-06T21:09:03.371375+00:00,998375f0988c8504abc453f8e528b151e37d989f9b20732e403c4d606c50877e,3e646c7479c57f5d9752d8c7dfe7059b,1,2026-09-14T00:20:00Z,New York Giants,Dallas Cowboys,totals,alternate_totals,,69.5,Under,69.5,draftkings,-4100,1.024390243902439,0.966160189114853,1.4285945675203573,2026-09-06T21:08:18Z,45.371375,conditional_non_push,,market_consensus_no_model,live_snapshot_not_T60,pinnacle,e6e3b0351409037938e6835d,0.9619187415451771,0.9619187415451771,-2525.9636382193985,-1574.0363617806015,2,OK,-3000,fanduel,,False,False,48.5,closest_offered_consensus_to_50pct_no_interpolation,998375f0988c8504
773776c2e386148c7a749459,2026-09-06T21:09:03.371375+00:00,998375f0988c8504abc453f8e528b151e37d989f9b20732e403c4d606c50877e,3e646c7479c57f5d9752d8c7dfe7059b,1,2026-09-14T00:20:00Z,New York Giants,Dallas Cowboys,totals,alternate_totals,,69.5,Under,69.5,fanduel,-3000,1.0333333333333334,0.9576772939755013,1.3188363926369235,2026-09-06T21:08:22Z,41.371375,conditional_non_push,,market_consensus_no_model,live_snapshot_not_T60,pinnacle,e6e3b0351409037938e6835d,0.9619187415451771,0.9619187415451771,-2525.9636382193985,-474.0363617806015,2,OK,-3000,fanduel,,False,False,48.5,closest_offered_consensus_to_50pct_no_interpolation,998375f0988c8504
2d0b181ad0f00f30e2374bce,2026-09-06T21:09:03.371375+00:00,998375f0988c8504abc453f8e528b151e37d989f9b20732e403c4d606c50877e,3e646c7479c57f5d9752d8c7dfe7059b,1,2026-09-14T00:20:00Z,New York Giants,Dallas Cowboys,totals,alternate_totals,,70.5,Over,70.5,draftkings,1020,11.2,0.027437821421300922,1.488394538679486,2026-09-06T21:08:18Z,45.371375,conditional_non_push,,market_consensus_no_model,live_snapshot_not_T60,pinnacle,1f372104884281014248fe3c,0.03228960518851964,0.03228960518851964,2996.971902138783,-1976.9719021387832,2,OK,1060,fanduel,,False,False,48.5,closest_offered_consensus_to_50pct_no_interpolation,998375f0988c8504
c494e96f6ef74e6765d5c56f,2026-09-06T21:09:03.371375+00:00,998375f0988c8504abc453f8e528b151e37d989f9b20732e403c4d606c50877e,3e646c7479c57f5d9752d8c7dfe7059b,1,2026-09-14T00:20:00Z,New York Giants,Dallas Cowboys,totals,alternate_totals,,70.5,Over,70.5,fanduel,1060,11.6,0.037141388955738375,1.3435399740514984,2026-09-06T21:08:22Z,41.371375,conditional_non_push,,market_consensus_no_model,live_snapshot_not_T60,pinnacle,1f372104884281014248fe3c,0.03228960518851964,0.03228960518851964,2996.971902138783,-1936.9719021387832,2,OK,1060,fanduel,,False,False,48.5,closest_offered_consensus_to_50pct_no_interpolation,998375f0988c8504
784c301df7ca2a66fd17d8c6,2026-09-06T21:09:03.371375+00:00,998375f0988c8504abc453f8e528b151e37d989f9b20732e403c4d606c50877e,3e646c7479c57f5d9752d8c7dfe7059b,1,2026-09-14T00:20:00Z,New York Giants,Dallas Cowboys,totals,alternate_totals,,70.5,Under,70.5,draftkings,-5300,1.0188679245283019,0.9725621785786992,1.488394538679486,2026-09-06T21:08:18Z,45.371375,conditional_non_push,,market_consensus_no_model,live_snapshot_not_T60,pinnacle,1f372104884281014248fe3c,0.9677103948114802,0.9677103948114802,-2996.9719021387723,-2303.0280978612277,2,OK,-3500,fanduel,,False,False,48.5,closest_offered_consensus_to_50pct_no_interpolation,998375f0988c8504
7405cf432411cd62172f08bd,2026-09-06T21:09:03.371375+00:00,998375f0988c8504abc453f8e528b151e37d989f9b20732e403c4d606c50877e,3e646c7479c57f5d9752d8c7dfe7059b,1,2026-09-14T00:20:00Z,New York Giants,Dallas Cowboys,totals,alternate_totals,,70.5,Under,70.5,fanduel,-3500,1.0285714285714285,0.9628586110442617,1.3435399740514984,2026-09-06T21:08:22Z,41.371375,conditional_non_push,,market_consensus_no_model,live_snapshot_not_T60,pinnacle,1f372104884281014248fe3c,0.9677103948114802,0.9677103948114802,-2996.9719021387723,-503.0280978612277,2,OK,-3500,fanduel,,False,False,48.5,closest_offered_consensus_to_50pct_no_interpolation,998375f0988c8504
2673736310cebe336271dfe8,2026-09-06T21:09:03.371375+00:00,998375f0988c8504abc453f8e528b151e37d989f9b20732e403c4d606c50877e,3e646c7479c57f5d9752d8c7dfe7059b,1,2026-09-14T00:20:00Z,New York Giants,Dallas Cowboys,totals,alternate_totals,,71.5,Over,71.5,draftkings,1160,12.6,0.016087415708901702,1.6299179613219934,2026-09-06T21:08:18Z,45.371375,conditional_non_push,,market_consensus_no_model,live_snapshot_not_T60,pinnacle,a5590e11d085119507accf19,0.024671465783467284,0.024671465783467284,3953.265455634642,-2793.265455634642,2,OK,1160,draftkings,,False,False,48.5,closest_offered_consensus_to_50pct_no_interpolation,998375f0988c8504
6d618bbf531ace94b2a953bd,2026-09-06T21:09:03.371375+00:00,998375f0988c8504abc453f8e528b151e37d989f9b20732e403c4d606c50877e,3e646c7479c57f5d9752d8c7dfe7059b,1,2026-09-14T00:20:00Z,New York Giants,Dallas Cowboys,totals,alternate_totals,,71.5,Over,71.5,fanduel,1100,12.0,0.033255515858032866,1.3696830967319413,2026-09-06T21:08:22Z,41.371375,conditional_non_push,,market_consensus_no_model,live_snapshot_not_T60,pinnacle,a5590e11d085119507accf19,0.024671465783467284,0.024671465783467284,3953.265455634642,-2853.265455634642,2,OK,1160,draftkings,,False,False,48.5,closest_offered_consensus_to_50pct_no_interpolation,998375f0988c8504
15e63ae2fea6f595b274c1f7,2026-09-06T21:09:03.371375+00:00,998375f0988c8504abc453f8e528b151e37d989f9b20732e403c4d606c50877e,3e646c7479c57f5d9752d8c7dfe7059b,1,2026-09-14T00:20:00Z,New York Giants,Dallas Cowboys,totals,alternate_totals,,71.5,Under,71.5,draftkings,-10000,1.01,0.9839125842910984,1.6299179613219934,2026-09-06T21:08:18Z,45.371375,conditional_non_push,,market_consensus_no_model,live_snapshot_not_T60,pinnacle,a5590e11d085119507accf19,0.9753285342165328,0.9753285342165328,-3953.2654556346492,-6046.73454436535,2,OK,-4000,fanduel,,False,False,48.5,closest_offered_consensus_to_50pct_no_interpolation,998375f0988c8504
89be8a19dd3e2d8df6c7446b,2026-09-06T21:09:03.371375+00:00,998375f0988c8504abc453f8e528b151e37d989f9b20732e403c4d606c50877e,3e646c7479c57f5d9752d8c7dfe7059b,1,2026-09-14T00:20:00Z,New York Giants,Dallas Cowboys,totals,alternate_totals,,71.5,Under,71.5,fanduel,-4000,1.025,0.9667444841419672,1.3696830967319413,2026-09-06T21:08:22Z,41.371375,conditional_non_push,,market_consensus_no_model,live_snapshot_not_T60,pinnacle,a5590e11d085119507accf19,0.9753285342165328,0.9753285342165328,-3953.2654556346492,-46.73454436535076,2,OK,-4000,fanduel,,False,False,48.5,closest_offered_consensus_to_50pct_no_interpolation,998375f0988c8504
3b6714a71670e1766f32de3e,2026-09-06T21:09:03.371375+00:00,998375f0988c8504abc453f8e528b151e37d989f9b20732e403c4d606c50877e,3e646c7479c57f5d9752d8c7dfe7059b,1,2026-09-14T00:20:00Z,New York Giants,Dallas Cowboys,totals,alternate_totals,,72.5,Over,72.5,draftkings,1260,13.6,0.015709568223685855,1.5913311294634322,2026-09-06T21:08:18Z,45.371375,conditional_non_push,,market_consensus_no_model,live_snapshot_not_T60,pinnacle,b8c7e7fc6ae24271fd44cc40,0.021252023924925003,0.021252023924925003,4605.434190798037,-3345.434190798037,2,OK,1300,fanduel,,False,False,48.5,closest_offered_consensus_to_50pct_no_interpolation,998375f0988c8504
28c658b954c134fbe9a452ba,2026-09-06T21:09:03.371375+00:00,998375f0988c8504abc453f8e528b151e37d989f9b20732e403c4d606c50877e,3e646c7479c57f5d9752d8c7dfe7059b,1,2026-09-14T00:20:00Z,New York Giants,Dallas Cowboys,totals,alternate_totals,,72.5,Over,72.5,fanduel,1300,14.0,0.02679447962616415,1.371534962944137,2026-09-06T21:08:22Z,41.371375,conditional_non_push,,market_consensus_no_model,live_snapshot_not_T60,pinnacle,b8c7e7fc6ae24271fd44cc40,0.021252023924925003,0.021252023924925003,4605.434190798037,-3305.434190798037,2,OK,1300,fanduel,,False,False,48.5,closest_offered_consensus_to_50pct_no_interpolation,998375f0988c8504
a8f1130acde473a654dd89a3,2026-09-06T21:09:03.371375+00:00,998375f0988c8504abc453f8e528b151e37d989f9b20732e403c4d606c50877e,3e646c7479c57f5d9752d8c7dfe7059b,1,2026-09-14T00:20:00Z,New York Giants,Dallas Cowboys,totals,alternate_totals,,72.5,Under,72.5,draftkings,-10000,1.01,0.9842904317763143,1.5913311294634322,2026-09-06T21:08:18Z,45.371375,conditional_non_push,,market_consensus_no_model,live_snapshot_not_T60,pinnacle,b8c7e7fc6ae24271fd44cc40,0.978747976075075,0.978747976075075,-4605.434190798042,-5394.565809201958,2,OK,-5000,fanduel,,False,False,48.5,closest_offered_consensus_to_50pct_no_interpolation,998375f0988c8504
5470728e150891ba230dc398,2026-09-06T21:09:03.371375+00:00,998375f0988c8504abc453f8e528b151e37d989f9b20732e403c4d606c50877e,3e646c7479c57f5d9752d8c7dfe7059b,1,2026-09-14T00:20:00Z,New York Giants,Dallas Cowboys,totals,alternate_totals,,72.5,Under,72.5,fanduel,-5000,1.02,0.9732055203738359,1.371534962944137,2026-09-06T21:08:22Z,41.371375,conditional_non_push,,market_consensus_no_model,live_snapshot_not_T60,pinnacle,b8c7e7fc6ae24271fd44cc40,0.978747976075075,0.978747976075075,-4605.434190798042,-394.56580920195756,2,OK,-5000,fanduel,,False,False,48.5,closest_offered_consensus_to_50pct_no_interpolation,998375f0988c8504
10bfb563f10fa60be0379fef,2026-09-06T21:09:03.371375+00:00,998375f0988c8504abc453f8e528b151e37d989f9b20732e403c4d606c50877e,3e646c7479c57f5d9752d8c7dfe7059b,1,2026-09-14T00:20:00Z,New York Giants,Dallas Cowboys,totals,alternate_totals,,73.5,Over,73.5,fanduel,1400,15.0,0.022811126155746486,1.3960254027875676,2026-09-06T21:08:22Z,41.371375,conditional_non_push,,market_consensus_no_model,live_snapshot_not_T60,pinnacle,16e953b309fe487eac74bbbc,0.022811126155746483,0.022811126155746483,4283.825652325737,-2883.825652325737,1,FEWER_THAN_TWO_BOOKS,1400,fanduel,,False,False,48.5,closest_offered_consensus_to_50pct_no_interpolation,998375f0988c8504
ce7d38d60ed919bdefa90e5f,2026-09-06T21:09:03.371375+00:00,998375f0988c8504abc453f8e528b151e37d989f9b20732e403c4d606c50877e,3e646c7479c57f5d9752d8c7dfe7059b,1,2026-09-14T00:20:00Z,New York Giants,Dallas Cowboys,totals,alternate_totals,,73.5,Under,73.5,fanduel,-6000,1.0166666666666666,0.9771888738442537,1.3960254027875676,2026-09-06T21:08:22Z,41.371375,conditional_non_push,,market_consensus_no_model,live_snapshot_not_T60,pinnacle,16e953b309fe487eac74bbbc,0.9771888738442535,0.9771888738442535,-4283.825652325725,-1716.174347674275,1,FEWER_THAN_TWO_BOOKS,-6000,fanduel,,False,False,48.5,closest_offered_consensus_to_50pct_no_interpolation,998375f0988c8504
292346c3c070beb1371df967,2026-09-06T21:09:03.371375+00:00,998375f0988c8504abc453f8e528b151e37d989f9b20732e403c4d606c50877e,3e646c7479c57f5d9752d8c7dfe7059b,1,2026-09-14T00:20:00Z,New York Giants,Dallas Cowboys,totals,alternate_totals,,74.5,Over,74.5,fanduel,1500,16.0,0.019852243395067852,1.4136385355001044,2026-09-06T21:08:22Z,41.371375,conditional_non_push,,market_consensus_no_model,live_snapshot_not_T60,pinnacle,df67286cccad03d86d3971c4,0.019852243395067852,0.019852243395067852,4937.214082557757,-3437.214082557757,1,FEWER_THAN_TWO_BOOKS,1500,fanduel,,False,False,48.5,closest_offered_consensus_to_50pct_no_interpolation,998375f0988c8504
fada69f6cc972e9502c1bd4c,2026-09-06T21:09:03.371375+00:00,998375f0988c8504abc453f8e528b151e37d989f9b20732e403c4d606c50877e,3e646c7479c57f5d9752d8c7dfe7059b,1,2026-09-14T00:20:00Z,New York Giants,Dallas Cowboys,totals,alternate_totals,,74.5,Under,74.5,fanduel,-7000,1.0142857142857142,0.9801477566049323,1.4136385355001044,2026-09-06T21:08:22Z,41.371375,conditional_non_push,,market_consensus_no_model,live_snapshot_not_T60,pinnacle,df67286cccad03d86d3971c4,0.9801477566049323,0.9801477566049323,-4937.2140825577835,-2062.7859174422165,1,FEWER_THAN_TWO_BOOKS,-7000,fanduel,,False,False,48.5,closest_offered_consensus_to_50pct_no_interpolation,998375f0988c8504
0df342baa1b4a9a9843d150e,2026-09-06T21:09:03.371375+00:00,998375f0988c8504abc453f8e528b151e37d989f9b20732e403c4d606c50877e,3e646c7479c57f5d9752d8c7dfe7059b,1,2026-09-14T00:20:00Z,New York Giants,Dallas Cowboys,totals,alternate_totals,,75.5,Over,75.5,fanduel,1500,16.0,0.019852243395067852,1.4136385355001044,2026-09-06T21:08:22Z,41.371375,conditional_non_push,,market_consensus_no_model,live_snapshot_not_T60,pinnacle,207bb3c7fc62444ce9369f34,0.019852243395067852,0.019852243395067852,4937.214082557757,-3437.214082557757,1,FEWER_THAN_TWO_BOOKS,1500,fanduel,,False,False,48.5,closest_offered_consensus_to_50pct_no_interpolation,998375f0988c8504
b84d33011b41c4944e503840,2026-09-06T21:09:03.371375+00:00,998375f0988c8504abc453f8e528b151e37d989f9b20732e403c4d606c50877e,3e646c7479c57f5d9752d8c7dfe7059b,1,2026-09-14T00:20:00Z,New York Giants,Dallas Cowboys,totals,alternate_totals,,75.5,Under,75.5,fanduel,-7000,1.0142857142857142,0.9801477566049323,1.4136385355001044,2026-09-06T21:08:22Z,41.371375,conditional_non_push,,market_consensus_no_model,live_snapshot_not_T60,pinnacle,207bb3c7fc62444ce9369f34,0.9801477566049323,0.9801477566049323,-4937.2140825577835,-2062.7859174422165,1,FEWER_THAN_TWO_BOOKS,-7000,fanduel,,False,False,48.5,closest_offered_consensus_to_50pct_no_interpolation,998375f0988c8504
3f2b7e4d5be2f7881ae40ec5,2026-09-06T21:09:03.371375+00:00,998375f0988c8504abc453f8e528b151e37d989f9b20732e403c4d606c50877e,3e646c7479c57f5d9752d8c7dfe7059b,1,2026-09-14T00:20:00Z,New York Giants,Dallas Cowboys,totals,alternate_totals,,76.5,Over,76.5,fanduel,1700,18.0,0.014474742668680202,1.4653305484836974,2026-09-06T21:08:22Z,41.371375,conditional_non_push,,market_consensus_no_model,live_snapshot_not_T60,pinnacle,2e981ae834186471b90c1640,0.014474742668680202,0.014474742668680202,6808.585685352148,-5108.585685352148,1,FEWER_THAN_TWO_BOOKS,1700,fanduel,,False,False,48.5,closest_offered_consensus_to_50pct_no_interpolation,998375f0988c8504
c55de0e3f12e2992415eccfd,2026-09-06T21:09:03.371375+00:00,998375f0988c8504abc453f8e528b151e37d989f9b20732e403c4d606c50877e,3e646c7479c57f5d9752d8c7dfe7059b,1,2026-09-14T00:20:00Z,New York Giants,Dallas Cowboys,totals,alternate_totals,,76.5,Under,76.5,fanduel,-10000,1.01,0.9855252573313199,1.4653305484836974,2026-09-06T21:08:22Z,41.371375,conditional_non_push,,market_consensus_no_model,live_snapshot_not_T60,pinnacle,2e981ae834186471b90c1640,0.9855252573313199,0.9855252573313199,-6808.585685352199,-3191.414314647801,1,FEWER_THAN_TWO_BOOKS,-10000,fanduel,,False,False,48.5,closest_offered_consensus_to_50pct_no_interpolation,998375f0988c8504
a639deb271f2ef308dc31c0b,2026-09-06T21:09:03.371375+00:00,998375f0988c8504abc453f8e528b151e37d989f9b20732e403c4d606c50877e,3e646c7479c57f5d9752d8c7dfe7059b,1,2026-09-14T00:20:00Z,New York Giants,Dallas Cowboys,totals,alternate_totals,,77.5,Over,77.5,fanduel,1800,19.0,0.00812019942914999,1.6347428487829139,2026-09-06T21:08:22Z,41.371375,conditional_non_push,,market_consensus_no_model,live_snapshot_not_T60,pinnacle,c1d75acdb8a783a86e1b6f7a,0.008120199429149988,0.008120199429149988,12214.968477377392,-10414.968477377392,1,FEWER_THAN_TWO_BOOKS,1800,fanduel,,False,False,48.5,closest_offered_consensus_to_50pct_no_interpolation,998375f0988c8504
58cb71e40175a6948ee36601,2026-09-06T21:09:03.371375+00:00,998375f0988c8504abc453f8e528b151e37d989f9b20732e403c4d606c50877e,3e646c7479c57f5d9752d8c7dfe7059b,1,2026-09-14T00:20:00Z,New York Giants,Dallas Cowboys,totals,alternate_totals,,77.5,Under,77.5,fanduel,-20000,1.005,0.9918798005708501,1.6347428487829139,2026-09-06T21:08:22Z,41.371375,conditional_non_push,,market_consensus_no_model,live_snapshot_not_T60,pinnacle,c1d75acdb8a783a86e1b6f7a,0.9918798005708499,0.9918798005708499,-12214.968477377224,-7785.031522622776,1,FEWER_THAN_TWO_BOOKS,-20000,fanduel,,False,False,48.5,closest_offered_consensus_to_50pct_no_interpolation,998375f0988c8504
49f05157a537aa20bc023563,2026-09-06T21:09:03.371375+00:00,998375f0988c8504abc453f8e528b151e37d989f9b20732e403c4d606c50877e,3e646c7479c57f5d9752d8c7dfe7059b,1,2026-09-14T00:20:00Z,New York Giants,Dallas Cowboys,totals,alternate_totals,,78.5,Over,78.5,fanduel,2000,21.0,0.0078991669138625,1.5900680904921125,2026-09-06T21:08:22Z,41.371375,conditional_non_push,,market_consensus_no_model,live_snapshot_not_T60,pinnacle,3b2d7098a5577f6aada5a184,0.007899166913862499,0.007899166913862499,12559.56284890079,-10559.56284890079,1,FEWER_THAN_TWO_BOOKS,2000,fanduel,,False,False,48.5,closest_offered_consensus_to_50pct_no_interpolation,998375f0988c8504
cee25ff0451ada9241d615f7,2026-09-06T21:09:03.371375+00:00,998375f0988c8504abc453f8e528b151e37d989f9b20732e403c4d606c50877e,3e646c7479c57f5d9752d8c7dfe7059b,1,2026-09-14T00:20:00Z,New York Giants,Dallas Cowboys,totals,alternate_totals,,78.5,Under,78.5,fanduel,-20000,1.005,0.9921008330861376,1.5900680904921125,2026-09-06T21:08:22Z,41.371375,conditional_non_push,,market_consensus_no_model,live_snapshot_not_T60,pinnacle,3b2d7098a5577f6aada5a184,0.9921008330861374,0.9921008330861374,-12559.562848900612,-7440.437151099388,1,FEWER_THAN_TWO_BOOKS,-20000,fanduel,,False,False,48.5,closest_offered_consensus_to_50pct_no_interpolation,998375f0988c8504
