quote_id,snapshot_received_at,source_sha256,event_id,week,commence_time,home_team,away_team,market,provider_market,player,canonical_line,side,line,executed_book,book_price,decimal_price,book_fair_probability,devig_power,quote_updated_at,quote_age_seconds,probability_basis,model_probability,probability_source,evidence_label,sharp_reference,consensus_id,consensus_fair_probability,fair_probability,fair_price,price_edge_cents,qualifying_books,coverage_flag,best_price,best_price_books,best_executable_price,filter_pass,board_eligible,consensus_fair_line,fair_line_method,model_fair_probability,model_edge_cents,model_push_probability,model_win_probability,model_status,model_code_sha256,model_artifact_sha256,model_artifact_path,model_consensus_spread,model_consensus_total,consensus_filter_pass,model_filter_pass,filter_source,wong_teaser,teaser_leg_probability,teaser_push_probability,snapshot_id
036e36b8a000ea82044150e9,2026-09-06T21:09:00.848566+00:00,850f45aae7a0e29c9c9d99adb49e34676c652f43a41ae97d88eb7751243eb060,e55c6fe19fce094ce214c8b0e5b504e9,1,2026-09-13T17:00:00Z,Jacksonville Jaguars,Cleveland Browns,h2h,h2h,,,Cleveland Browns,,betmgm,300,4.0,0.22473757217704635,1.076843378459873,2026-09-06T21:08:57Z,3.848566,conditional_non_push,0.25353606789250355,consensus_plus_empirical_residual_model,live_snapshot_not_T60,pinnacle,c0740923c8ada48c6bbf32f2,0.22038493341257626,0.22038493341257626,353.75152671073437,-53.75152671073437,4,OK,315,fanduel|pinnacle,315,False,False,,not_applicable,0.25353606789250355,5.578800557880129,0.0231433506044905,0.24766839378238342,EMPIRICAL_RECONSTRUCTED_HISTORY,0897c49705a05c04d65f1c02a830bc8446166ee6750153b629f2f4c40766b03b,4a14b3fdf51d13786a2e905526f21d4fe7601226e01da29583be8ff3210a7041,work/market-distribution-v1/artifacts/4a14b3fdf51d13786a2e905526f21d4fe7601226e01da29583be8ff3210a7041.json,-7.5,40.5,False,False,none,False,,,850f45aae7a0e29c
7dc501a1245a4e967e4d69aa,2026-09-06T21:09:00.848566+00:00,850f45aae7a0e29c9c9d99adb49e34676c652f43a41ae97d88eb7751243eb060,e55c6fe19fce094ce214c8b0e5b504e9,1,2026-09-13T17:00:00Z,Jacksonville Jaguars,Cleveland Browns,h2h,h2h,,,Cleveland Browns,,draftkings,300,4.0,0.22327400600199038,1.0815563976694231,2026-09-06T21:07:49Z,71.848566,conditional_non_push,0.25353606789250355,consensus_plus_empirical_residual_model,live_snapshot_not_T60,pinnacle,c0740923c8ada48c6bbf32f2,0.22038493341257626,0.22038493341257626,353.75152671073437,-53.75152671073437,4,OK,315,fanduel|pinnacle,315,False,False,,not_applicable,0.25353606789250355,5.578800557880129,0.0231433506044905,0.24766839378238342,EMPIRICAL_RECONSTRUCTED_HISTORY,0897c49705a05c04d65f1c02a830bc8446166ee6750153b629f2f4c40766b03b,4a14b3fdf51d13786a2e905526f21d4fe7601226e01da29583be8ff3210a7041,work/market-distribution-v1/artifacts/4a14b3fdf51d13786a2e905526f21d4fe7601226e01da29583be8ff3210a7041.json,-7.5,40.5,False,False,none,False,,,850f45aae7a0e29c
2a9b03f1d5db122215c754ac,2026-09-06T21:09:00.848566+00:00,850f45aae7a0e29c9c9d99adb49e34676c652f43a41ae97d88eb7751243eb060,e55c6fe19fce094ce214c8b0e5b504e9,1,2026-09-13T17:00:00Z,Jacksonville Jaguars,Cleveland Browns,h2h,h2h,,,Cleveland Browns,,fanduel,315,4.15,0.21447525942887938,1.0818297180049794,2026-09-06T21:08:57Z,3.848566,conditional_non_push,0.25353606789250355,consensus_plus_empirical_residual_model,live_snapshot_not_T60,pinnacle,c0740923c8ada48c6bbf32f2,0.22038493341257626,0.22038493341257626,353.75152671073437,-38.75152671073437,4,OK,315,fanduel|pinnacle,315,False,False,,not_applicable,0.25353606789250355,20.57880055788013,0.0231433506044905,0.24766839378238342,EMPIRICAL_RECONSTRUCTED_HISTORY,0897c49705a05c04d65f1c02a830bc8446166ee6750153b629f2f4c40766b03b,4a14b3fdf51d13786a2e905526f21d4fe7601226e01da29583be8ff3210a7041,work/market-distribution-v1/artifacts/4a14b3fdf51d13786a2e905526f21d4fe7601226e01da29583be8ff3210a7041.json,-7.5,40.5,False,False,none,False,,,850f45aae7a0e29c
94946958f3e1c2aece54efda,2026-09-06T21:09:00.848566+00:00,850f45aae7a0e29c9c9d99adb49e34676c652f43a41ae97d88eb7751243eb060,e55c6fe19fce094ce214c8b0e5b504e9,1,2026-09-13T17:00:00Z,Jacksonville Jaguars,Cleveland Browns,h2h,h2h,,,Cleveland Browns,,pinnacle,315,4.15,0.21749586082316213,1.0720023364521412,2026-09-06T21:08:57Z,3.848566,conditional_non_push,0.25353606789250355,consensus_plus_empirical_residual_model,live_snapshot_not_T60,pinnacle,c0740923c8ada48c6bbf32f2,0.22038493341257626,0.22038493341257626,353.75152671073437,-38.75152671073437,4,OK,315,fanduel|pinnacle,315,False,False,,not_applicable,0.25353606789250355,20.57880055788013,0.0231433506044905,0.24766839378238342,EMPIRICAL_RECONSTRUCTED_HISTORY,0897c49705a05c04d65f1c02a830bc8446166ee6750153b629f2f4c40766b03b,4a14b3fdf51d13786a2e905526f21d4fe7601226e01da29583be8ff3210a7041,work/market-distribution-v1/artifacts/4a14b3fdf51d13786a2e905526f21d4fe7601226e01da29583be8ff3210a7041.json,-7.5,40.5,False,False,none,False,,,850f45aae7a0e29c
8a56cee9ed7848b12a7b67cb,2026-09-06T21:09:00.848566+00:00,850f45aae7a0e29c9c9d99adb49e34676c652f43a41ae97d88eb7751243eb060,e55c6fe19fce094ce214c8b0e5b504e9,1,2026-09-13T17:00:00Z,Jacksonville Jaguars,Cleveland Browns,h2h,h2h,,,Jacksonville Jaguars,,betmgm,-375,1.2666666666666666,0.7752624278229538,1.076843378459873,2026-09-06T21:08:57Z,3.848566,conditional_non_push,0.7464639321074964,consensus_plus_empirical_residual_model,live_snapshot_not_T60,pinnacle,c0740923c8ada48c6bbf32f2,0.7796150665874239,0.7796150665874239,-353.75152671073454,-21.248473289265462,4,OK,-375,betmgm,-375,False,False,,not_applicable,0.7464639321074964,-80.57880055788019,0.0231433506044905,0.7291882556131261,EMPIRICAL_RECONSTRUCTED_HISTORY,0897c49705a05c04d65f1c02a830bc8446166ee6750153b629f2f4c40766b03b,4a14b3fdf51d13786a2e905526f21d4fe7601226e01da29583be8ff3210a7041,work/market-distribution-v1/artifacts/4a14b3fdf51d13786a2e905526f21d4fe7601226e01da29583be8ff3210a7041.json,-7.5,40.5,False,False,none,False,,,850f45aae7a0e29c
c6b1bba6f6abc836cf850e7f,2026-09-06T21:09:00.848566+00:00,850f45aae7a0e29c9c9d99adb49e34676c652f43a41ae97d88eb7751243eb060,e55c6fe19fce094ce214c8b0e5b504e9,1,2026-09-13T17:00:00Z,Jacksonville Jaguars,Cleveland Browns,h2h,h2h,,,Jacksonville Jaguars,,draftkings,-380,1.263157894736842,0.7767259939980099,1.0815563976694231,2026-09-06T21:07:49Z,71.848566,conditional_non_push,0.7464639321074964,consensus_plus_empirical_residual_model,live_snapshot_not_T60,pinnacle,c0740923c8ada48c6bbf32f2,0.7796150665874239,0.7796150665874239,-353.75152671073454,-26.248473289265462,4,OK,-375,betmgm,-375,False,False,,not_applicable,0.7464639321074964,-85.57880055788019,0.0231433506044905,0.7291882556131261,EMPIRICAL_RECONSTRUCTED_HISTORY,0897c49705a05c04d65f1c02a830bc8446166ee6750153b629f2f4c40766b03b,4a14b3fdf51d13786a2e905526f21d4fe7601226e01da29583be8ff3210a7041,work/market-distribution-v1/artifacts/4a14b3fdf51d13786a2e905526f21d4fe7601226e01da29583be8ff3210a7041.json,-7.5,40.5,False,False,none,False,,,850f45aae7a0e29c
ad950ca21f7d55768b9fef15,2026-09-06T21:09:00.848566+00:00,850f45aae7a0e29c9c9d99adb49e34676c652f43a41ae97d88eb7751243eb060,e55c6fe19fce094ce214c8b0e5b504e9,1,2026-09-13T17:00:00Z,Jacksonville Jaguars,Cleveland Browns,h2h,h2h,,,Jacksonville Jaguars,,fanduel,-400,1.25,0.7855247405711208,1.0818297180049794,2026-09-06T21:08:57Z,3.848566,conditional_non_push,0.7464639321074964,consensus_plus_empirical_residual_model,live_snapshot_not_T60,pinnacle,c0740923c8ada48c6bbf32f2,0.7796150665874239,0.7796150665874239,-353.75152671073454,-46.24847328926546,4,OK,-375,betmgm,-375,False,False,,not_applicable,0.7464639321074964,-105.57880055788019,0.0231433506044905,0.7291882556131261,EMPIRICAL_RECONSTRUCTED_HISTORY,0897c49705a05c04d65f1c02a830bc8446166ee6750153b629f2f4c40766b03b,4a14b3fdf51d13786a2e905526f21d4fe7601226e01da29583be8ff3210a7041,work/market-distribution-v1/artifacts/4a14b3fdf51d13786a2e905526f21d4fe7601226e01da29583be8ff3210a7041.json,-7.5,40.5,False,False,none,False,,,850f45aae7a0e29c
82e0d9321183cdde9c2018ad,2026-09-06T21:09:00.848566+00:00,850f45aae7a0e29c9c9d99adb49e34676c652f43a41ae97d88eb7751243eb060,e55c6fe19fce094ce214c8b0e5b504e9,1,2026-09-13T17:00:00Z,Jacksonville Jaguars,Cleveland Browns,h2h,h2h,,,Jacksonville Jaguars,,pinnacle,-389,1.2570694087403598,0.7825041391768378,1.0720023364521412,2026-09-06T21:08:57Z,3.848566,conditional_non_push,0.7464639321074964,consensus_plus_empirical_residual_model,live_snapshot_not_T60,pinnacle,c0740923c8ada48c6bbf32f2,0.7796150665874239,0.7796150665874239,-353.75152671073454,-35.24847328926546,4,OK,-375,betmgm,-375,False,False,,not_applicable,0.7464639321074964,-94.57880055788019,0.0231433506044905,0.7291882556131261,EMPIRICAL_RECONSTRUCTED_HISTORY,0897c49705a05c04d65f1c02a830bc8446166ee6750153b629f2f4c40766b03b,4a14b3fdf51d13786a2e905526f21d4fe7601226e01da29583be8ff3210a7041,work/market-distribution-v1/artifacts/4a14b3fdf51d13786a2e905526f21d4fe7601226e01da29583be8ff3210a7041.json,-7.5,40.5,False,False,none,False,,,850f45aae7a0e29c
a8b98ff386760ec8ad8dca2a,2026-09-06T21:09:00.848566+00:00,850f45aae7a0e29c9c9d99adb49e34676c652f43a41ae97d88eb7751243eb060,e55c6fe19fce094ce214c8b0e5b504e9,1,2026-09-13T17:00:00Z,Jacksonville Jaguars,Cleveland Browns,player_pass_tds,player_pass_tds,Deshaun Watson,0.5,Over,0.5,draftkings,-161,1.62111801242236,0.5897921365836566,1.0928743174790787,2026-09-06T21:08:18Z,42.848566,conditional_non_push,,market_consensus_no_model,live_snapshot_not_T60,pinnacle,a3bfbf444a77cbc39f141945,0.6082159639918114,0.6082159639918114,-155.2426612857445,-5.757338714255496,2,OK,-161,draftkings,-161,False,False,0.5,closest_offered_consensus_to_50pct_no_interpolation,,,,,UNSUPPORTED_PLAYER_PROP,0897c49705a05c04d65f1c02a830bc8446166ee6750153b629f2f4c40766b03b,4a14b3fdf51d13786a2e905526f21d4fe7601226e01da29583be8ff3210a7041,work/market-distribution-v1/artifacts/4a14b3fdf51d13786a2e905526f21d4fe7601226e01da29583be8ff3210a7041.json,,,False,False,none,False,,,850f45aae7a0e29c
880f87d9c46850aa9a3d516f,2026-09-06T21:09:00.848566+00:00,850f45aae7a0e29c9c9d99adb49e34676c652f43a41ae97d88eb7751243eb060,e55c6fe19fce094ce214c8b0e5b504e9,1,2026-09-13T17:00:00Z,Jacksonville Jaguars,Cleveland Browns,player_pass_tds,player_pass_tds,Deshaun Watson,0.5,Over,0.5,fanduel,-192,1.5208333333333335,0.6266397913999663,1.114785929388856,2026-09-06T21:08:25Z,35.848566,conditional_non_push,,market_consensus_no_model,live_snapshot_not_T60,pinnacle,a3bfbf444a77cbc39f141945,0.6082159639918114,0.6082159639918114,-155.2426612857445,-36.757338714255496,2,OK,-161,draftkings,-161,False,False,0.5,closest_offered_consensus_to_50pct_no_interpolation,,,,,UNSUPPORTED_PLAYER_PROP,0897c49705a05c04d65f1c02a830bc8446166ee6750153b629f2f4c40766b03b,4a14b3fdf51d13786a2e905526f21d4fe7601226e01da29583be8ff3210a7041,work/market-distribution-v1/artifacts/4a14b3fdf51d13786a2e905526f21d4fe7601226e01da29583be8ff3210a7041.json,,,False,False,none,False,,,850f45aae7a0e29c
b82f9651546cc1aa7c04147c,2026-09-06T21:09:00.848566+00:00,850f45aae7a0e29c9c9d99adb49e34676c652f43a41ae97d88eb7751243eb060,e55c6fe19fce094ce214c8b0e5b504e9,1,2026-09-13T17:00:00Z,Jacksonville Jaguars,Cleveland Browns,player_pass_tds,player_pass_tds,Deshaun Watson,0.5,Under,0.5,draftkings,126,2.26,0.4102078634163435,1.0928743174790787,2026-09-06T21:08:18Z,42.848566,conditional_non_push,,market_consensus_no_model,live_snapshot_not_T60,pinnacle,a3bfbf444a77cbc39f141945,0.3917840360081887,0.3917840360081887,155.24266128574442,-29.24266128574442,2,OK,142,fanduel,142,False,False,0.5,closest_offered_consensus_to_50pct_no_interpolation,,,,,UNSUPPORTED_PLAYER_PROP,0897c49705a05c04d65f1c02a830bc8446166ee6750153b629f2f4c40766b03b,4a14b3fdf51d13786a2e905526f21d4fe7601226e01da29583be8ff3210a7041,work/market-distribution-v1/artifacts/4a14b3fdf51d13786a2e905526f21d4fe7601226e01da29583be8ff3210a7041.json,,,False,False,none,False,,,850f45aae7a0e29c
b134b73921f49a9b668bf8f5,2026-09-06T21:09:00.848566+00:00,850f45aae7a0e29c9c9d99adb49e34676c652f43a41ae97d88eb7751243eb060,e55c6fe19fce094ce214c8b0e5b504e9,1,2026-09-13T17:00:00Z,Jacksonville Jaguars,Cleveland Browns,player_pass_tds,player_pass_tds,Deshaun Watson,0.5,Under,0.5,fanduel,142,2.42,0.37336020860003377,1.114785929388856,2026-09-06T21:08:25Z,35.848566,conditional_non_push,,market_consensus_no_model,live_snapshot_not_T60,pinnacle,a3bfbf444a77cbc39f141945,0.3917840360081887,0.3917840360081887,155.24266128574442,-13.242661285744418,2,OK,142,fanduel,142,False,False,0.5,closest_offered_consensus_to_50pct_no_interpolation,,,,,UNSUPPORTED_PLAYER_PROP,0897c49705a05c04d65f1c02a830bc8446166ee6750153b629f2f4c40766b03b,4a14b3fdf51d13786a2e905526f21d4fe7601226e01da29583be8ff3210a7041,work/market-distribution-v1/artifacts/4a14b3fdf51d13786a2e905526f21d4fe7601226e01da29583be8ff3210a7041.json,,,False,False,none,False,,,850f45aae7a0e29c
acf1b20d6074676abee53257,2026-09-06T21:09:00.848566+00:00,850f45aae7a0e29c9c9d99adb49e34676c652f43a41ae97d88eb7751243eb060,e55c6fe19fce094ce214c8b0e5b504e9,1,2026-09-13T17:00:00Z,Jacksonville Jaguars,Cleveland Browns,player_pass_tds,player_pass_tds,Trevor Lawrence,1.5,Over,1.5,draftkings,-107,1.9345794392523366,0.4863656045498883,1.092295246418853,2026-09-06T21:08:18Z,42.848566,conditional_non_push,,market_consensus_no_model,live_snapshot_not_T60,pinnacle,e1f2d97958b4991f8d817f39,0.4732611100971194,0.4732611100971194,111.29984667339069,-18.29984667339069,3,OK,-104,fanduel|pinnacle,-104,False,False,1.5,closest_offered_consensus_to_50pct_no_interpolation,,,,,UNSUPPORTED_PLAYER_PROP,0897c49705a05c04d65f1c02a830bc8446166ee6750153b629f2f4c40766b03b,4a14b3fdf51d13786a2e905526f21d4fe7601226e01da29583be8ff3210a7041,work/market-distribution-v1/artifacts/4a14b3fdf51d13786a2e905526f21d4fe7601226e01da29583be8ff3210a7041.json,,,False,False,none,False,,,850f45aae7a0e29c
735d42df15d39fae9aac770e,2026-09-06T21:09:00.848566+00:00,850f45aae7a0e29c9c9d99adb49e34676c652f43a41ae97d88eb7751243eb060,e55c6fe19fce094ce214c8b0e5b504e9,1,2026-09-13T17:00:00Z,Jacksonville Jaguars,Cleveland Browns,player_pass_tds,player_pass_tds,Trevor Lawrence,1.5,Over,1.5,fanduel,-104,1.9615384615384617,0.4732611100971195,1.1103988515278997,2026-09-06T21:08:25Z,35.848566,conditional_non_push,,market_consensus_no_model,live_snapshot_not_T60,pinnacle,e1f2d97958b4991f8d817f39,0.4732611100971194,0.4732611100971194,111.29984667339069,-15.29984667339069,3,OK,-104,fanduel|pinnacle,-104,False,False,1.5,closest_offered_consensus_to_50pct_no_interpolation,,,,,UNSUPPORTED_PLAYER_PROP,0897c49705a05c04d65f1c02a830bc8446166ee6750153b629f2f4c40766b03b,4a14b3fdf51d13786a2e905526f21d4fe7601226e01da29583be8ff3210a7041,work/market-distribution-v1/artifacts/4a14b3fdf51d13786a2e905526f21d4fe7601226e01da29583be8ff3210a7041.json,,,False,False,none,False,,,850f45aae7a0e29c
672e22aa7f5e8ec4e9a62395,2026-09-06T21:09:00.848566+00:00,850f45aae7a0e29c9c9d99adb49e34676c652f43a41ae97d88eb7751243eb060,e55c6fe19fce094ce214c8b0e5b504e9,1,2026-09-13T17:00:00Z,Jacksonville Jaguars,Cleveland Browns,player_pass_tds,player_pass_tds,Trevor Lawrence,1.5,Over,1.5,pinnacle,-104,1.9615384615384617,0.4732611100971195,1.1103988515278997,2026-09-06T21:08:56Z,4.848566,conditional_non_push,,market_consensus_no_model,live_snapshot_not_T60,pinnacle,e1f2d97958b4991f8d817f39,0.4732611100971194,0.4732611100971194,111.29984667339069,-15.29984667339069,3,OK,-104,fanduel|pinnacle,-104,False,False,1.5,closest_offered_consensus_to_50pct_no_interpolation,,,,,UNSUPPORTED_PLAYER_PROP,0897c49705a05c04d65f1c02a830bc8446166ee6750153b629f2f4c40766b03b,4a14b3fdf51d13786a2e905526f21d4fe7601226e01da29583be8ff3210a7041,work/market-distribution-v1/artifacts/4a14b3fdf51d13786a2e905526f21d4fe7601226e01da29583be8ff3210a7041.json,,,False,False,none,False,,,850f45aae7a0e29c
b456560f6382d978e1babfaf,2026-09-06T21:09:00.848566+00:00,850f45aae7a0e29c9c9d99adb49e34676c652f43a41ae97d88eb7751243eb060,e55c6fe19fce094ce214c8b0e5b504e9,1,2026-09-13T17:00:00Z,Jacksonville Jaguars,Cleveland Browns,player_pass_tds,player_pass_tds,Trevor Lawrence,1.5,Under,1.5,draftkings,-119,1.8403361344537816,0.5136343954501117,1.092295246418853,2026-09-06T21:08:18Z,42.848566,conditional_non_push,,market_consensus_no_model,live_snapshot_not_T60,pinnacle,e1f2d97958b4991f8d817f39,0.5267388899028806,0.5267388899028806,-111.2998466733907,-7.700153326609296,3,OK,-119,draftkings,-119,False,False,1.5,closest_offered_consensus_to_50pct_no_interpolation,,,,,UNSUPPORTED_PLAYER_PROP,0897c49705a05c04d65f1c02a830bc8446166ee6750153b629f2f4c40766b03b,4a14b3fdf51d13786a2e905526f21d4fe7601226e01da29583be8ff3210a7041,work/market-distribution-v1/artifacts/4a14b3fdf51d13786a2e905526f21d4fe7601226e01da29583be8ff3210a7041.json,,,False,False,none,False,,,850f45aae7a0e29c
bb260d4aae91e24f2ecf78e7,2026-09-06T21:09:00.848566+00:00,850f45aae7a0e29c9c9d99adb49e34676c652f43a41ae97d88eb7751243eb060,e55c6fe19fce094ce214c8b0e5b504e9,1,2026-09-13T17:00:00Z,Jacksonville Jaguars,Cleveland Browns,player_pass_tds,player_pass_tds,Trevor Lawrence,1.5,Under,1.5,fanduel,-128,1.78125,0.5267388899028808,1.1103988515278997,2026-09-06T21:08:25Z,35.848566,conditional_non_push,,market_consensus_no_model,live_snapshot_not_T60,pinnacle,e1f2d97958b4991f8d817f39,0.5267388899028806,0.5267388899028806,-111.2998466733907,-16.700153326609296,3,OK,-119,draftkings,-119,False,False,1.5,closest_offered_consensus_to_50pct_no_interpolation,,,,,UNSUPPORTED_PLAYER_PROP,0897c49705a05c04d65f1c02a830bc8446166ee6750153b629f2f4c40766b03b,4a14b3fdf51d13786a2e905526f21d4fe7601226e01da29583be8ff3210a7041,work/market-distribution-v1/artifacts/4a14b3fdf51d13786a2e905526f21d4fe7601226e01da29583be8ff3210a7041.json,,,False,False,none,False,,,850f45aae7a0e29c
6e56596e801da1e25da54230,2026-09-06T21:09:00.848566+00:00,850f45aae7a0e29c9c9d99adb49e34676c652f43a41ae97d88eb7751243eb060,e55c6fe19fce094ce214c8b0e5b504e9,1,2026-09-13T17:00:00Z,Jacksonville Jaguars,Cleveland Browns,player_pass_tds,player_pass_tds,Trevor Lawrence,1.5,Under,1.5,pinnacle,-128,1.78125,0.5267388899028808,1.1103988515278997,2026-09-06T21:08:56Z,4.848566,conditional_non_push,,market_consensus_no_model,live_snapshot_not_T60,pinnacle,e1f2d97958b4991f8d817f39,0.5267388899028806,0.5267388899028806,-111.2998466733907,-16.700153326609296,3,OK,-119,draftkings,-119,False,False,1.5,closest_offered_consensus_to_50pct_no_interpolation,,,,,UNSUPPORTED_PLAYER_PROP,0897c49705a05c04d65f1c02a830bc8446166ee6750153b629f2f4c40766b03b,4a14b3fdf51d13786a2e905526f21d4fe7601226e01da29583be8ff3210a7041,work/market-distribution-v1/artifacts/4a14b3fdf51d13786a2e905526f21d4fe7601226e01da29583be8ff3210a7041.json,,,False,False,none,False,,,850f45aae7a0e29c
a436324f5eb4f08cea0e2e4e,2026-09-06T21:09:00.848566+00:00,850f45aae7a0e29c9c9d99adb49e34676c652f43a41ae97d88eb7751243eb060,e55c6fe19fce094ce214c8b0e5b504e9,1,2026-09-13T17:00:00Z,Jacksonville Jaguars,Cleveland Browns,player_pass_yds,player_pass_yds,Deshaun Watson,175.5,Over,175.5,draftkings,-113,1.8849557522123894,0.5022875270528703,1.0862562521695405,2026-09-06T21:08:18Z,42.848566,conditional_non_push,,market_consensus_no_model,live_snapshot_not_T60,pinnacle,eec00dd9c2883c72e84ba2a0,0.5022875270528702,0.5022875270528702,-100.91921628538859,-12.080783714611414,1,FEWER_THAN_TWO_BOOKS,-113,draftkings,-113,False,False,178.5,closest_offered_consensus_to_50pct_no_interpolation,,,,,UNSUPPORTED_PLAYER_PROP,0897c49705a05c04d65f1c02a830bc8446166ee6750153b629f2f4c40766b03b,4a14b3fdf51d13786a2e905526f21d4fe7601226e01da29583be8ff3210a7041,work/market-distribution-v1/artifacts/4a14b3fdf51d13786a2e905526f21d4fe7601226e01da29583be8ff3210a7041.json,,,False,False,none,False,,,850f45aae7a0e29c
28669a2c1bee957b4471a846,2026-09-06T21:09:00.848566+00:00,850f45aae7a0e29c9c9d99adb49e34676c652f43a41ae97d88eb7751243eb060,e55c6fe19fce094ce214c8b0e5b504e9,1,2026-09-13T17:00:00Z,Jacksonville Jaguars,Cleveland Browns,player_pass_yds,player_pass_yds,Deshaun Watson,175.5,Under,175.5,draftkings,-111,1.900900900900901,0.4977124729471299,1.0862562521695405,2026-09-06T21:08:18Z,42.848566,conditional_non_push,,market_consensus_no_model,live_snapshot_not_T60,pinnacle,eec00dd9c2883c72e84ba2a0,0.4977124729471298,0.4977124729471298,100.9192162853886,-11.9192162853886,1,FEWER_THAN_TWO_BOOKS,-111,draftkings,-111,False,False,178.5,closest_offered_consensus_to_50pct_no_interpolation,,,,,UNSUPPORTED_PLAYER_PROP,0897c49705a05c04d65f1c02a830bc8446166ee6750153b629f2f4c40766b03b,4a14b3fdf51d13786a2e905526f21d4fe7601226e01da29583be8ff3210a7041,work/market-distribution-v1/artifacts/4a14b3fdf51d13786a2e905526f21d4fe7601226e01da29583be8ff3210a7041.json,,,False,False,none,False,,,850f45aae7a0e29c
ffd52cf9468896f47dc09f2a,2026-09-06T21:09:00.848566+00:00,850f45aae7a0e29c9c9d99adb49e34676c652f43a41ae97d88eb7751243eb060,e55c6fe19fce094ce214c8b0e5b504e9,1,2026-09-13T17:00:00Z,Jacksonville Jaguars,Cleveland Browns,player_pass_yds,player_pass_yds,Deshaun Watson,178.5,Over,178.5,fanduel,-114,1.8771929824561404,0.5000000000000001,1.1006222153512897,2026-09-06T21:08:25Z,35.848566,conditional_non_push,,market_consensus_no_model,live_snapshot_not_T60,pinnacle,7b15bc578db700595e30cc2d,0.5,0.5,-100.0,-14.0,1,FEWER_THAN_TWO_BOOKS,-114,fanduel,-114,False,False,178.5,closest_offered_consensus_to_50pct_no_interpolation,,,,,UNSUPPORTED_PLAYER_PROP,0897c49705a05c04d65f1c02a830bc8446166ee6750153b629f2f4c40766b03b,4a14b3fdf51d13786a2e905526f21d4fe7601226e01da29583be8ff3210a7041,work/market-distribution-v1/artifacts/4a14b3fdf51d13786a2e905526f21d4fe7601226e01da29583be8ff3210a7041.json,,,False,False,none,False,,,850f45aae7a0e29c
86c08eda39cc320e5bd1ab21,2026-09-06T21:09:00.848566+00:00,850f45aae7a0e29c9c9d99adb49e34676c652f43a41ae97d88eb7751243eb060,e55c6fe19fce094ce214c8b0e5b504e9,1,2026-09-13T17:00:00Z,Jacksonville Jaguars,Cleveland Browns,player_pass_yds,player_pass_yds,Deshaun Watson,178.5,Under,178.5,fanduel,-114,1.8771929824561404,0.5000000000000001,1.1006222153512897,2026-09-06T21:08:25Z,35.848566,conditional_non_push,,market_consensus_no_model,live_snapshot_not_T60,pinnacle,7b15bc578db700595e30cc2d,0.5,0.5,-100.0,-14.0,1,FEWER_THAN_TWO_BOOKS,-114,fanduel,-114,False,False,178.5,closest_offered_consensus_to_50pct_no_interpolation,,,,,UNSUPPORTED_PLAYER_PROP,0897c49705a05c04d65f1c02a830bc8446166ee6750153b629f2f4c40766b03b,4a14b3fdf51d13786a2e905526f21d4fe7601226e01da29583be8ff3210a7041,work/market-distribution-v1/artifacts/4a14b3fdf51d13786a2e905526f21d4fe7601226e01da29583be8ff3210a7041.json,,,False,False,none,False,,,850f45aae7a0e29c
3fc0f9fdcfdec62fc1791605,2026-09-06T21:09:00.848566+00:00,850f45aae7a0e29c9c9d99adb49e34676c652f43a41ae97d88eb7751243eb060,e55c6fe19fce094ce214c8b0e5b504e9,1,2026-09-13T17:00:00Z,Jacksonville Jaguars,Cleveland Browns,player_pass_yds,player_pass_yds,Trevor Lawrence,233.5,Over,233.5,draftkings,-112,1.8928571428571428,0.5,1.086288769989248,2026-09-06T21:08:18Z,42.848566,conditional_non_push,,market_consensus_no_model,live_snapshot_not_T60,pinnacle,36fc2ccd88d2ffc00cb2f4f9,0.5,0.5,-100.0,-12.0,1,FEWER_THAN_TWO_BOOKS,-112,draftkings,-112,False,False,233.5,closest_offered_consensus_to_50pct_no_interpolation,,,,,UNSUPPORTED_PLAYER_PROP,0897c49705a05c04d65f1c02a830bc8446166ee6750153b629f2f4c40766b03b,4a14b3fdf51d13786a2e905526f21d4fe7601226e01da29583be8ff3210a7041,work/market-distribution-v1/artifacts/4a14b3fdf51d13786a2e905526f21d4fe7601226e01da29583be8ff3210a7041.json,,,False,False,none,False,,,850f45aae7a0e29c
995b37ca1a8787af0c11a71c,2026-09-06T21:09:00.848566+00:00,850f45aae7a0e29c9c9d99adb49e34676c652f43a41ae97d88eb7751243eb060,e55c6fe19fce094ce214c8b0e5b504e9,1,2026-09-13T17:00:00Z,Jacksonville Jaguars,Cleveland Browns,player_pass_yds,player_pass_yds,Trevor Lawrence,233.5,Under,233.5,draftkings,-112,1.8928571428571428,0.5,1.086288769989248,2026-09-06T21:08:18Z,42.848566,conditional_non_push,,market_consensus_no_model,live_snapshot_not_T60,pinnacle,36fc2ccd88d2ffc00cb2f4f9,0.5,0.5,-100.0,-12.0,1,FEWER_THAN_TWO_BOOKS,-112,draftkings,-112,False,False,233.5,closest_offered_consensus_to_50pct_no_interpolation,,,,,UNSUPPORTED_PLAYER_PROP,0897c49705a05c04d65f1c02a830bc8446166ee6750153b629f2f4c40766b03b,4a14b3fdf51d13786a2e905526f21d4fe7601226e01da29583be8ff3210a7041,work/market-distribution-v1/artifacts/4a14b3fdf51d13786a2e905526f21d4fe7601226e01da29583be8ff3210a7041.json,,,False,False,none,False,,,850f45aae7a0e29c
99ed27e122fe88216e9ca70d,2026-09-06T21:09:00.848566+00:00,850f45aae7a0e29c9c9d99adb49e34676c652f43a41ae97d88eb7751243eb060,e55c6fe19fce094ce214c8b0e5b504e9,1,2026-09-13T17:00:00Z,Jacksonville Jaguars,Cleveland Browns,player_pass_yds,player_pass_yds,Trevor Lawrence,238.5,Over,238.5,fanduel,-114,1.8771929824561404,0.5000000000000001,1.1006222153512897,2026-09-06T21:08:25Z,35.848566,conditional_non_push,,market_consensus_no_model,live_snapshot_not_T60,pinnacle,c4add461f09cb29103d849a1,0.5,0.5,-100.0,-14.0,2,OK,-114,fanduel|pinnacle,-114,False,False,233.5,closest_offered_consensus_to_50pct_no_interpolation,,,,,UNSUPPORTED_PLAYER_PROP,0897c49705a05c04d65f1c02a830bc8446166ee6750153b629f2f4c40766b03b,4a14b3fdf51d13786a2e905526f21d4fe7601226e01da29583be8ff3210a7041,work/market-distribution-v1/artifacts/4a14b3fdf51d13786a2e905526f21d4fe7601226e01da29583be8ff3210a7041.json,,,False,False,none,False,,,850f45aae7a0e29c
e5621b41614715bb4da44349,2026-09-06T21:09:00.848566+00:00,850f45aae7a0e29c9c9d99adb49e34676c652f43a41ae97d88eb7751243eb060,e55c6fe19fce094ce214c8b0e5b504e9,1,2026-09-13T17:00:00Z,Jacksonville Jaguars,Cleveland Browns,player_pass_yds,player_pass_yds,Trevor Lawrence,238.5,Over,238.5,pinnacle,-114,1.8771929824561404,0.5000000000000001,1.1006222153512897,2026-09-06T21:08:56Z,4.848566,conditional_non_push,,market_consensus_no_model,live_snapshot_not_T60,pinnacle,c4add461f09cb29103d849a1,0.5,0.5,-100.0,-14.0,2,OK,-114,fanduel|pinnacle,-114,False,False,233.5,closest_offered_consensus_to_50pct_no_interpolation,,,,,UNSUPPORTED_PLAYER_PROP,0897c49705a05c04d65f1c02a830bc8446166ee6750153b629f2f4c40766b03b,4a14b3fdf51d13786a2e905526f21d4fe7601226e01da29583be8ff3210a7041,work/market-distribution-v1/artifacts/4a14b3fdf51d13786a2e905526f21d4fe7601226e01da29583be8ff3210a7041.json,,,False,False,none,False,,,850f45aae7a0e29c
325556cf48112bfa0d0c7cc8,2026-09-06T21:09:00.848566+00:00,850f45aae7a0e29c9c9d99adb49e34676c652f43a41ae97d88eb7751243eb060,e55c6fe19fce094ce214c8b0e5b504e9,1,2026-09-13T17:00:00Z,Jacksonville Jaguars,Cleveland Browns,player_pass_yds,player_pass_yds,Trevor Lawrence,238.5,Under,238.5,fanduel,-114,1.8771929824561404,0.5000000000000001,1.1006222153512897,2026-09-06T21:08:25Z,35.848566,conditional_non_push,,market_consensus_no_model,live_snapshot_not_T60,pinnacle,c4add461f09cb29103d849a1,0.5,0.5,-100.0,-14.0,2,OK,-114,fanduel|pinnacle,-114,False,False,233.5,closest_offered_consensus_to_50pct_no_interpolation,,,,,UNSUPPORTED_PLAYER_PROP,0897c49705a05c04d65f1c02a830bc8446166ee6750153b629f2f4c40766b03b,4a14b3fdf51d13786a2e905526f21d4fe7601226e01da29583be8ff3210a7041,work/market-distribution-v1/artifacts/4a14b3fdf51d13786a2e905526f21d4fe7601226e01da29583be8ff3210a7041.json,,,False,False,none,False,,,850f45aae7a0e29c
3020b3e1d4a6cd5d86a6ef81,2026-09-06T21:09:00.848566+00:00,850f45aae7a0e29c9c9d99adb49e34676c652f43a41ae97d88eb7751243eb060,e55c6fe19fce094ce214c8b0e5b504e9,1,2026-09-13T17:00:00Z,Jacksonville Jaguars,Cleveland Browns,player_pass_yds,player_pass_yds,Trevor Lawrence,238.5,Under,238.5,pinnacle,-114,1.8771929824561404,0.5000000000000001,1.1006222153512897,2026-09-06T21:08:56Z,4.848566,conditional_non_push,,market_consensus_no_model,live_snapshot_not_T60,pinnacle,c4add461f09cb29103d849a1,0.5,0.5,-100.0,-14.0,2,OK,-114,fanduel|pinnacle,-114,False,False,233.5,closest_offered_consensus_to_50pct_no_interpolation,,,,,UNSUPPORTED_PLAYER_PROP,0897c49705a05c04d65f1c02a830bc8446166ee6750153b629f2f4c40766b03b,4a14b3fdf51d13786a2e905526f21d4fe7601226e01da29583be8ff3210a7041,work/market-distribution-v1/artifacts/4a14b3fdf51d13786a2e905526f21d4fe7601226e01da29583be8ff3210a7041.json,,,False,False,none,False,,,850f45aae7a0e29c
04eb63affd7b5847fe7c8747,2026-09-06T21:09:00.848566+00:00,850f45aae7a0e29c9c9d99adb49e34676c652f43a41ae97d88eb7751243eb060,e55c6fe19fce094ce214c8b0e5b504e9,1,2026-09-13T17:00:00Z,Jacksonville Jaguars,Cleveland Browns,player_reception_yds,player_reception_yds,Bhayshul Tuten,11.5,Over,11.5,draftkings,-116,1.8620689655172413,0.5091516349137059,1.085768366369256,2026-09-06T21:08:18Z,42.848566,conditional_non_push,,market_consensus_no_model,live_snapshot_not_T60,pinnacle,d40572a19bc28efaca228ab4,0.5,0.5,-100.0,-16.0,3,OK,-114,fanduel|pinnacle,-114,False,False,11.5,closest_offered_consensus_to_50pct_no_interpolation,,,,,UNSUPPORTED_PLAYER_PROP,0897c49705a05c04d65f1c02a830bc8446166ee6750153b629f2f4c40766b03b,4a14b3fdf51d13786a2e905526f21d4fe7601226e01da29583be8ff3210a7041,work/market-distribution-v1/artifacts/4a14b3fdf51d13786a2e905526f21d4fe7601226e01da29583be8ff3210a7041.json,,,False,False,none,False,,,850f45aae7a0e29c
cb1dd849381891137a82bfe2,2026-09-06T21:09:00.848566+00:00,850f45aae7a0e29c9c9d99adb49e34676c652f43a41ae97d88eb7751243eb060,e55c6fe19fce094ce214c8b0e5b504e9,1,2026-09-13T17:00:00Z,Jacksonville Jaguars,Cleveland Browns,player_reception_yds,player_reception_yds,Bhayshul Tuten,11.5,Over,11.5,fanduel,-114,1.8771929824561404,0.5000000000000001,1.1006222153512897,2026-09-06T21:08:25Z,35.848566,conditional_non_push,,market_consensus_no_model,live_snapshot_not_T60,pinnacle,d40572a19bc28efaca228ab4,0.5,0.5,-100.0,-14.0,3,OK,-114,fanduel|pinnacle,-114,False,False,11.5,closest_offered_consensus_to_50pct_no_interpolation,,,,,UNSUPPORTED_PLAYER_PROP,0897c49705a05c04d65f1c02a830bc8446166ee6750153b629f2f4c40766b03b,4a14b3fdf51d13786a2e905526f21d4fe7601226e01da29583be8ff3210a7041,work/market-distribution-v1/artifacts/4a14b3fdf51d13786a2e905526f21d4fe7601226e01da29583be8ff3210a7041.json,,,False,False,none,False,,,850f45aae7a0e29c
22dfa0928a7c4d251b8b0649,2026-09-06T21:09:00.848566+00:00,850f45aae7a0e29c9c9d99adb49e34676c652f43a41ae97d88eb7751243eb060,e55c6fe19fce094ce214c8b0e5b504e9,1,2026-09-13T17:00:00Z,Jacksonville Jaguars,Cleveland Browns,player_reception_yds,player_reception_yds,Bhayshul Tuten,11.5,Over,11.5,pinnacle,-114,1.8771929824561404,0.5000000000000001,1.1006222153512897,2026-09-06T21:08:56Z,4.848566,conditional_non_push,,market_consensus_no_model,live_snapshot_not_T60,pinnacle,d40572a19bc28efaca228ab4,0.5,0.5,-100.0,-14.0,3,OK,-114,fanduel|pinnacle,-114,False,False,11.5,closest_offered_consensus_to_50pct_no_interpolation,,,,,UNSUPPORTED_PLAYER_PROP,0897c49705a05c04d65f1c02a830bc8446166ee6750153b629f2f4c40766b03b,4a14b3fdf51d13786a2e905526f21d4fe7601226e01da29583be8ff3210a7041,work/market-distribution-v1/artifacts/4a14b3fdf51d13786a2e905526f21d4fe7601226e01da29583be8ff3210a7041.json,,,False,False,none,False,,,850f45aae7a0e29c
359f1ce95fcc5bf81fc79121,2026-09-06T21:09:00.848566+00:00,850f45aae7a0e29c9c9d99adb49e34676c652f43a41ae97d88eb7751243eb060,e55c6fe19fce094ce214c8b0e5b504e9,1,2026-09-13T17:00:00Z,Jacksonville Jaguars,Cleveland Browns,player_reception_yds,player_reception_yds,Bhayshul Tuten,11.5,Under,11.5,draftkings,-108,1.925925925925926,0.49084836508629426,1.085768366369256,2026-09-06T21:08:18Z,42.848566,conditional_non_push,,market_consensus_no_model,live_snapshot_not_T60,pinnacle,d40572a19bc28efaca228ab4,0.5,0.5,-100.0,-8.0,3,OK,-108,draftkings,-108,False,False,11.5,closest_offered_consensus_to_50pct_no_interpolation,,,,,UNSUPPORTED_PLAYER_PROP,0897c49705a05c04d65f1c02a830bc8446166ee6750153b629f2f4c40766b03b,4a14b3fdf51d13786a2e905526f21d4fe7601226e01da29583be8ff3210a7041,work/market-distribution-v1/artifacts/4a14b3fdf51d13786a2e905526f21d4fe7601226e01da29583be8ff3210a7041.json,,,False,False,none,False,,,850f45aae7a0e29c
ed1c7097fe0e3dafae80591a,2026-09-06T21:09:00.848566+00:00,850f45aae7a0e29c9c9d99adb49e34676c652f43a41ae97d88eb7751243eb060,e55c6fe19fce094ce214c8b0e5b504e9,1,2026-09-13T17:00:00Z,Jacksonville Jaguars,Cleveland Browns,player_reception_yds,player_reception_yds,Bhayshul Tuten,11.5,Under,11.5,fanduel,-114,1.8771929824561404,0.5000000000000001,1.1006222153512897,2026-09-06T21:08:25Z,35.848566,conditional_non_push,,market_consensus_no_model,live_snapshot_not_T60,pinnacle,d40572a19bc28efaca228ab4,0.5,0.5,-100.0,-14.0,3,OK,-108,draftkings,-108,False,False,11.5,closest_offered_consensus_to_50pct_no_interpolation,,,,,UNSUPPORTED_PLAYER_PROP,0897c49705a05c04d65f1c02a830bc8446166ee6750153b629f2f4c40766b03b,4a14b3fdf51d13786a2e905526f21d4fe7601226e01da29583be8ff3210a7041,work/market-distribution-v1/artifacts/4a14b3fdf51d13786a2e905526f21d4fe7601226e01da29583be8ff3210a7041.json,,,False,False,none,False,,,850f45aae7a0e29c
8ba8392053fbc3aa0409876e,2026-09-06T21:09:00.848566+00:00,850f45aae7a0e29c9c9d99adb49e34676c652f43a41ae97d88eb7751243eb060,e55c6fe19fce094ce214c8b0e5b504e9,1,2026-09-13T17:00:00Z,Jacksonville Jaguars,Cleveland Browns,player_reception_yds,player_reception_yds,Bhayshul Tuten,11.5,Under,11.5,pinnacle,-114,1.8771929824561404,0.5000000000000001,1.1006222153512897,2026-09-06T21:08:56Z,4.848566,conditional_non_push,,market_consensus_no_model,live_snapshot_not_T60,pinnacle,d40572a19bc28efaca228ab4,0.5,0.5,-100.0,-14.0,3,OK,-108,draftkings,-108,False,False,11.5,closest_offered_consensus_to_50pct_no_interpolation,,,,,UNSUPPORTED_PLAYER_PROP,0897c49705a05c04d65f1c02a830bc8446166ee6750153b629f2f4c40766b03b,4a14b3fdf51d13786a2e905526f21d4fe7601226e01da29583be8ff3210a7041,work/market-distribution-v1/artifacts/4a14b3fdf51d13786a2e905526f21d4fe7601226e01da29583be8ff3210a7041.json,,,False,False,none,False,,,850f45aae7a0e29c
70bcf8c16fb2ad586484ffc6,2026-09-06T21:09:00.848566+00:00,850f45aae7a0e29c9c9d99adb49e34676c652f43a41ae97d88eb7751243eb060,e55c6fe19fce094ce214c8b0e5b504e9,1,2026-09-13T17:00:00Z,Jacksonville Jaguars,Cleveland Browns,player_reception_yds,player_reception_yds,Brenton Strange,35.5,Over,35.5,draftkings,-111,1.900900900900901,0.4977124729471299,1.0862562521695405,2026-09-06T21:08:18Z,42.848566,conditional_non_push,,market_consensus_no_model,live_snapshot_not_T60,pinnacle,b85f7e53ac7a2e6f51ead248,0.4977124729471298,0.4977124729471298,100.9192162853886,-11.9192162853886,1,FEWER_THAN_TWO_BOOKS,-111,draftkings,-111,False,False,36.5,closest_offered_consensus_to_50pct_no_interpolation,,,,,UNSUPPORTED_PLAYER_PROP,0897c49705a05c04d65f1c02a830bc8446166ee6750153b629f2f4c40766b03b,4a14b3fdf51d13786a2e905526f21d4fe7601226e01da29583be8ff3210a7041,work/market-distribution-v1/artifacts/4a14b3fdf51d13786a2e905526f21d4fe7601226e01da29583be8ff3210a7041.json,,,False,False,none,False,,,850f45aae7a0e29c
a86d33b33c39ead7d2d8b626,2026-09-06T21:09:00.848566+00:00,850f45aae7a0e29c9c9d99adb49e34676c652f43a41ae97d88eb7751243eb060,e55c6fe19fce094ce214c8b0e5b504e9,1,2026-09-13T17:00:00Z,Jacksonville Jaguars,Cleveland Browns,player_reception_yds,player_reception_yds,Brenton Strange,35.5,Under,35.5,draftkings,-113,1.8849557522123894,0.5022875270528703,1.0862562521695405,2026-09-06T21:08:18Z,42.848566,conditional_non_push,,market_consensus_no_model,live_snapshot_not_T60,pinnacle,b85f7e53ac7a2e6f51ead248,0.5022875270528702,0.5022875270528702,-100.91921628538859,-12.080783714611414,1,FEWER_THAN_TWO_BOOKS,-113,draftkings,-113,False,False,36.5,closest_offered_consensus_to_50pct_no_interpolation,,,,,UNSUPPORTED_PLAYER_PROP,0897c49705a05c04d65f1c02a830bc8446166ee6750153b629f2f4c40766b03b,4a14b3fdf51d13786a2e905526f21d4fe7601226e01da29583be8ff3210a7041,work/market-distribution-v1/artifacts/4a14b3fdf51d13786a2e905526f21d4fe7601226e01da29583be8ff3210a7041.json,,,False,False,none,False,,,850f45aae7a0e29c
ec7f279848bd7f93c10b6aaa,2026-09-06T21:09:00.848566+00:00,850f45aae7a0e29c9c9d99adb49e34676c652f43a41ae97d88eb7751243eb060,e55c6fe19fce094ce214c8b0e5b504e9,1,2026-09-13T17:00:00Z,Jacksonville Jaguars,Cleveland Browns,player_reception_yds,player_reception_yds,Brenton Strange,36.5,Over,36.5,fanduel,-114,1.8771929824561404,0.5000000000000001,1.1006222153512897,2026-09-06T21:08:25Z,35.848566,conditional_non_push,,market_consensus_no_model,live_snapshot_not_T60,pinnacle,da78e4cf62c1f4d7b7da5413,0.5,0.5,-100.0,-14.0,2,OK,-114,fanduel|pinnacle,-114,False,False,36.5,closest_offered_consensus_to_50pct_no_interpolation,,,,,UNSUPPORTED_PLAYER_PROP,0897c49705a05c04d65f1c02a830bc8446166ee6750153b629f2f4c40766b03b,4a14b3fdf51d13786a2e905526f21d4fe7601226e01da29583be8ff3210a7041,work/market-distribution-v1/artifacts/4a14b3fdf51d13786a2e905526f21d4fe7601226e01da29583be8ff3210a7041.json,,,False,False,none,False,,,850f45aae7a0e29c
c6ab22adbfb47b64d5bf38ab,2026-09-06T21:09:00.848566+00:00,850f45aae7a0e29c9c9d99adb49e34676c652f43a41ae97d88eb7751243eb060,e55c6fe19fce094ce214c8b0e5b504e9,1,2026-09-13T17:00:00Z,Jacksonville Jaguars,Cleveland Browns,player_reception_yds,player_reception_yds,Brenton Strange,36.5,Over,36.5,pinnacle,-114,1.8771929824561404,0.5000000000000001,1.1006222153512897,2026-09-06T21:08:56Z,4.848566,conditional_non_push,,market_consensus_no_model,live_snapshot_not_T60,pinnacle,da78e4cf62c1f4d7b7da5413,0.5,0.5,-100.0,-14.0,2,OK,-114,fanduel|pinnacle,-114,False,False,36.5,closest_offered_consensus_to_50pct_no_interpolation,,,,,UNSUPPORTED_PLAYER_PROP,0897c49705a05c04d65f1c02a830bc8446166ee6750153b629f2f4c40766b03b,4a14b3fdf51d13786a2e905526f21d4fe7601226e01da29583be8ff3210a7041,work/market-distribution-v1/artifacts/4a14b3fdf51d13786a2e905526f21d4fe7601226e01da29583be8ff3210a7041.json,,,False,False,none,False,,,850f45aae7a0e29c
49345c8aa4650b1f413eadba,2026-09-06T21:09:00.848566+00:00,850f45aae7a0e29c9c9d99adb49e34676c652f43a41ae97d88eb7751243eb060,e55c6fe19fce094ce214c8b0e5b504e9,1,2026-09-13T17:00:00Z,Jacksonville Jaguars,Cleveland Browns,player_reception_yds,player_reception_yds,Brenton Strange,36.5,Under,36.5,fanduel,-114,1.8771929824561404,0.5000000000000001,1.1006222153512897,2026-09-06T21:08:25Z,35.848566,conditional_non_push,,market_consensus_no_model,live_snapshot_not_T60,pinnacle,da78e4cf62c1f4d7b7da5413,0.5,0.5,-100.0,-14.0,2,OK,-114,fanduel|pinnacle,-114,False,False,36.5,closest_offered_consensus_to_50pct_no_interpolation,,,,,UNSUPPORTED_PLAYER_PROP,0897c49705a05c04d65f1c02a830bc8446166ee6750153b629f2f4c40766b03b,4a14b3fdf51d13786a2e905526f21d4fe7601226e01da29583be8ff3210a7041,work/market-distribution-v1/artifacts/4a14b3fdf51d13786a2e905526f21d4fe7601226e01da29583be8ff3210a7041.json,,,False,False,none,False,,,850f45aae7a0e29c
77d47f2731188699437a13db,2026-09-06T21:09:00.848566+00:00,850f45aae7a0e29c9c9d99adb49e34676c652f43a41ae97d88eb7751243eb060,e55c6fe19fce094ce214c8b0e5b504e9,1,2026-09-13T17:00:00Z,Jacksonville Jaguars,Cleveland Browns,player_reception_yds,player_reception_yds,Brenton Strange,36.5,Under,36.5,pinnacle,-114,1.8771929824561404,0.5000000000000001,1.1006222153512897,2026-09-06T21:08:56Z,4.848566,conditional_non_push,,market_consensus_no_model,live_snapshot_not_T60,pinnacle,da78e4cf62c1f4d7b7da5413,0.5,0.5,-100.0,-14.0,2,OK,-114,fanduel|pinnacle,-114,False,False,36.5,closest_offered_consensus_to_50pct_no_interpolation,,,,,UNSUPPORTED_PLAYER_PROP,0897c49705a05c04d65f1c02a830bc8446166ee6750153b629f2f4c40766b03b,4a14b3fdf51d13786a2e905526f21d4fe7601226e01da29583be8ff3210a7041,work/market-distribution-v1/artifacts/4a14b3fdf51d13786a2e905526f21d4fe7601226e01da29583be8ff3210a7041.json,,,False,False,none,False,,,850f45aae7a0e29c
5e631c9c6d1f29511345a21e,2026-09-06T21:09:00.848566+00:00,850f45aae7a0e29c9c9d99adb49e34676c652f43a41ae97d88eb7751243eb060,e55c6fe19fce094ce214c8b0e5b504e9,1,2026-09-13T17:00:00Z,Jacksonville Jaguars,Cleveland Browns,player_reception_yds,player_reception_yds,Brian Thomas Jr,36.5,Over,36.5,draftkings,-110,1.9090909090909092,0.4954247932852784,1.0861586927879965,2026-09-06T21:08:18Z,42.848566,conditional_non_push,,market_consensus_no_model,live_snapshot_not_T60,pinnacle,e18f3de5a8dbe20ffe82096a,0.5,0.5,-100.0,-10.0,3,OK,-110,draftkings,-110,False,False,36.5,closest_offered_consensus_to_50pct_no_interpolation,,,,,UNSUPPORTED_PLAYER_PROP,0897c49705a05c04d65f1c02a830bc8446166ee6750153b629f2f4c40766b03b,4a14b3fdf51d13786a2e905526f21d4fe7601226e01da29583be8ff3210a7041,work/market-distribution-v1/artifacts/4a14b3fdf51d13786a2e905526f21d4fe7601226e01da29583be8ff3210a7041.json,,,False,False,none,False,,,850f45aae7a0e29c
995db4e9fc095c287ba43f40,2026-09-06T21:09:00.848566+00:00,850f45aae7a0e29c9c9d99adb49e34676c652f43a41ae97d88eb7751243eb060,e55c6fe19fce094ce214c8b0e5b504e9,1,2026-09-13T17:00:00Z,Jacksonville Jaguars,Cleveland Browns,player_reception_yds,player_reception_yds,Brian Thomas Jr,36.5,Over,36.5,fanduel,-114,1.8771929824561404,0.5000000000000001,1.1006222153512897,2026-09-06T21:08:25Z,35.848566,conditional_non_push,,market_consensus_no_model,live_snapshot_not_T60,pinnacle,e18f3de5a8dbe20ffe82096a,0.5,0.5,-100.0,-14.0,3,OK,-110,draftkings,-110,False,False,36.5,closest_offered_consensus_to_50pct_no_interpolation,,,,,UNSUPPORTED_PLAYER_PROP,0897c49705a05c04d65f1c02a830bc8446166ee6750153b629f2f4c40766b03b,4a14b3fdf51d13786a2e905526f21d4fe7601226e01da29583be8ff3210a7041,work/market-distribution-v1/artifacts/4a14b3fdf51d13786a2e905526f21d4fe7601226e01da29583be8ff3210a7041.json,,,False,False,none,False,,,850f45aae7a0e29c
1e37984df5b2bc2a94680296,2026-09-06T21:09:00.848566+00:00,850f45aae7a0e29c9c9d99adb49e34676c652f43a41ae97d88eb7751243eb060,e55c6fe19fce094ce214c8b0e5b504e9,1,2026-09-13T17:00:00Z,Jacksonville Jaguars,Cleveland Browns,player_reception_yds,player_reception_yds,Brian Thomas Jr,36.5,Over,36.5,pinnacle,-114,1.8771929824561404,0.5000000000000001,1.1006222153512897,2026-09-06T21:08:56Z,4.848566,conditional_non_push,,market_consensus_no_model,live_snapshot_not_T60,pinnacle,e18f3de5a8dbe20ffe82096a,0.5,0.5,-100.0,-14.0,3,OK,-110,draftkings,-110,False,False,36.5,closest_offered_consensus_to_50pct_no_interpolation,,,,,UNSUPPORTED_PLAYER_PROP,0897c49705a05c04d65f1c02a830bc8446166ee6750153b629f2f4c40766b03b,4a14b3fdf51d13786a2e905526f21d4fe7601226e01da29583be8ff3210a7041,work/market-distribution-v1/artifacts/4a14b3fdf51d13786a2e905526f21d4fe7601226e01da29583be8ff3210a7041.json,,,False,False,none,False,,,850f45aae7a0e29c
cb4f67df9e0f3062907d9516,2026-09-06T21:09:00.848566+00:00,850f45aae7a0e29c9c9d99adb49e34676c652f43a41ae97d88eb7751243eb060,e55c6fe19fce094ce214c8b0e5b504e9,1,2026-09-13T17:00:00Z,Jacksonville Jaguars,Cleveland Browns,player_reception_yds,player_reception_yds,Brian Thomas Jr,36.5,Under,36.5,draftkings,-114,1.8771929824561404,0.5045752067147218,1.0861586927879965,2026-09-06T21:08:18Z,42.848566,conditional_non_push,,market_consensus_no_model,live_snapshot_not_T60,pinnacle,e18f3de5a8dbe20ffe82096a,0.5,0.5,-100.0,-14.0,3,OK,-114,draftkings|fanduel|pinnacle,-114,False,False,36.5,closest_offered_consensus_to_50pct_no_interpolation,,,,,UNSUPPORTED_PLAYER_PROP,0897c49705a05c04d65f1c02a830bc8446166ee6750153b629f2f4c40766b03b,4a14b3fdf51d13786a2e905526f21d4fe7601226e01da29583be8ff3210a7041,work/market-distribution-v1/artifacts/4a14b3fdf51d13786a2e905526f21d4fe7601226e01da29583be8ff3210a7041.json,,,False,False,none,False,,,850f45aae7a0e29c
42706ecd5e341f9c9ba238c9,2026-09-06T21:09:00.848566+00:00,850f45aae7a0e29c9c9d99adb49e34676c652f43a41ae97d88eb7751243eb060,e55c6fe19fce094ce214c8b0e5b504e9,1,2026-09-13T17:00:00Z,Jacksonville Jaguars,Cleveland Browns,player_reception_yds,player_reception_yds,Brian Thomas Jr,36.5,Under,36.5,fanduel,-114,1.8771929824561404,0.5000000000000001,1.1006222153512897,2026-09-06T21:08:25Z,35.848566,conditional_non_push,,market_consensus_no_model,live_snapshot_not_T60,pinnacle,e18f3de5a8dbe20ffe82096a,0.5,0.5,-100.0,-14.0,3,OK,-114,draftkings|fanduel|pinnacle,-114,False,False,36.5,closest_offered_consensus_to_50pct_no_interpolation,,,,,UNSUPPORTED_PLAYER_PROP,0897c49705a05c04d65f1c02a830bc8446166ee6750153b629f2f4c40766b03b,4a14b3fdf51d13786a2e905526f21d4fe7601226e01da29583be8ff3210a7041,work/market-distribution-v1/artifacts/4a14b3fdf51d13786a2e905526f21d4fe7601226e01da29583be8ff3210a7041.json,,,False,False,none,False,,,850f45aae7a0e29c
424ba560527701a1be679330,2026-09-06T21:09:00.848566+00:00,850f45aae7a0e29c9c9d99adb49e34676c652f43a41ae97d88eb7751243eb060,e55c6fe19fce094ce214c8b0e5b504e9,1,2026-09-13T17:00:00Z,Jacksonville Jaguars,Cleveland Browns,player_reception_yds,player_reception_yds,Brian Thomas Jr,36.5,Under,36.5,pinnacle,-114,1.8771929824561404,0.5000000000000001,1.1006222153512897,2026-09-06T21:08:56Z,4.848566,conditional_non_push,,market_consensus_no_model,live_snapshot_not_T60,pinnacle,e18f3de5a8dbe20ffe82096a,0.5,0.5,-100.0,-14.0,3,OK,-114,draftkings|fanduel|pinnacle,-114,False,False,36.5,closest_offered_consensus_to_50pct_no_interpolation,,,,,UNSUPPORTED_PLAYER_PROP,0897c49705a05c04d65f1c02a830bc8446166ee6750153b629f2f4c40766b03b,4a14b3fdf51d13786a2e905526f21d4fe7601226e01da29583be8ff3210a7041,work/market-distribution-v1/artifacts/4a14b3fdf51d13786a2e905526f21d4fe7601226e01da29583be8ff3210a7041.json,,,False,False,none,False,,,850f45aae7a0e29c
ae9da4386a0b8731a0e05ec7,2026-09-06T21:09:00.848566+00:00,850f45aae7a0e29c9c9d99adb49e34676c652f43a41ae97d88eb7751243eb060,e55c6fe19fce094ce214c8b0e5b504e9,1,2026-09-13T17:00:00Z,Jacksonville Jaguars,Cleveland Browns,player_reception_yds,player_reception_yds,Denzel Boston,23.5,Over,23.5,draftkings,-109,1.9174311926605505,0.4931368083034301,1.0859960740703234,2026-09-06T21:08:18Z,42.848566,conditional_non_push,,market_consensus_no_model,live_snapshot_not_T60,pinnacle,dca5344e9abfae7950fedcd9,0.4931368083034301,0.4931368083034301,102.78348384505378,-11.78348384505378,1,FEWER_THAN_TWO_BOOKS,-109,draftkings,-109,False,False,25.5,closest_offered_consensus_to_50pct_no_interpolation,,,,,UNSUPPORTED_PLAYER_PROP,0897c49705a05c04d65f1c02a830bc8446166ee6750153b629f2f4c40766b03b,4a14b3fdf51d13786a2e905526f21d4fe7601226e01da29583be8ff3210a7041,work/market-distribution-v1/artifacts/4a14b3fdf51d13786a2e905526f21d4fe7601226e01da29583be8ff3210a7041.json,,,False,False,none,False,,,850f45aae7a0e29c
c59662d51931838b75969ff6,2026-09-06T21:09:00.848566+00:00,850f45aae7a0e29c9c9d99adb49e34676c652f43a41ae97d88eb7751243eb060,e55c6fe19fce094ce214c8b0e5b504e9,1,2026-09-13T17:00:00Z,Jacksonville Jaguars,Cleveland Browns,player_reception_yds,player_reception_yds,Denzel Boston,23.5,Under,23.5,draftkings,-115,1.8695652173913042,0.50686319169657,1.0859960740703234,2026-09-06T21:08:18Z,42.848566,conditional_non_push,,market_consensus_no_model,live_snapshot_not_T60,pinnacle,dca5344e9abfae7950fedcd9,0.50686319169657,0.50686319169657,-102.78348384505384,-12.216516154946163,1,FEWER_THAN_TWO_BOOKS,-115,draftkings,-115,False,False,25.5,closest_offered_consensus_to_50pct_no_interpolation,,,,,UNSUPPORTED_PLAYER_PROP,0897c49705a05c04d65f1c02a830bc8446166ee6750153b629f2f4c40766b03b,4a14b3fdf51d13786a2e905526f21d4fe7601226e01da29583be8ff3210a7041,work/market-distribution-v1/artifacts/4a14b3fdf51d13786a2e905526f21d4fe7601226e01da29583be8ff3210a7041.json,,,False,False,none,False,,,850f45aae7a0e29c
f1dc8e5a2017a54214004f74,2026-09-06T21:09:00.848566+00:00,850f45aae7a0e29c9c9d99adb49e34676c652f43a41ae97d88eb7751243eb060,e55c6fe19fce094ce214c8b0e5b504e9,1,2026-09-13T17:00:00Z,Jacksonville Jaguars,Cleveland Browns,player_reception_yds,player_reception_yds,Denzel Boston,25.5,Over,25.5,fanduel,-114,1.8771929824561404,0.5000000000000001,1.1006222153512897,2026-09-06T21:08:25Z,35.848566,conditional_non_push,,market_consensus_no_model,live_snapshot_not_T60,pinnacle,459217bc9849864e8dc5df62,0.5,0.5,-100.0,-14.0,2,OK,-114,fanduel|pinnacle,-114,False,False,25.5,closest_offered_consensus_to_50pct_no_interpolation,,,,,UNSUPPORTED_PLAYER_PROP,0897c49705a05c04d65f1c02a830bc8446166ee6750153b629f2f4c40766b03b,4a14b3fdf51d13786a2e905526f21d4fe7601226e01da29583be8ff3210a7041,work/market-distribution-v1/artifacts/4a14b3fdf51d13786a2e905526f21d4fe7601226e01da29583be8ff3210a7041.json,,,False,False,none,False,,,850f45aae7a0e29c
00aeed826a491125c1418c1b,2026-09-06T21:09:00.848566+00:00,850f45aae7a0e29c9c9d99adb49e34676c652f43a41ae97d88eb7751243eb060,e55c6fe19fce094ce214c8b0e5b504e9,1,2026-09-13T17:00:00Z,Jacksonville Jaguars,Cleveland Browns,player_reception_yds,player_reception_yds,Denzel Boston,25.5,Over,25.5,pinnacle,-114,1.8771929824561404,0.5000000000000001,1.1006222153512897,2026-09-06T21:08:56Z,4.848566,conditional_non_push,,market_consensus_no_model,live_snapshot_not_T60,pinnacle,459217bc9849864e8dc5df62,0.5,0.5,-100.0,-14.0,2,OK,-114,fanduel|pinnacle,-114,False,False,25.5,closest_offered_consensus_to_50pct_no_interpolation,,,,,UNSUPPORTED_PLAYER_PROP,0897c49705a05c04d65f1c02a830bc8446166ee6750153b629f2f4c40766b03b,4a14b3fdf51d13786a2e905526f21d4fe7601226e01da29583be8ff3210a7041,work/market-distribution-v1/artifacts/4a14b3fdf51d13786a2e905526f21d4fe7601226e01da29583be8ff3210a7041.json,,,False,False,none,False,,,850f45aae7a0e29c
b991600de190b89cd492fdff,2026-09-06T21:09:00.848566+00:00,850f45aae7a0e29c9c9d99adb49e34676c652f43a41ae97d88eb7751243eb060,e55c6fe19fce094ce214c8b0e5b504e9,1,2026-09-13T17:00:00Z,Jacksonville Jaguars,Cleveland Browns,player_reception_yds,player_reception_yds,Denzel Boston,25.5,Under,25.5,fanduel,-114,1.8771929824561404,0.5000000000000001,1.1006222153512897,2026-09-06T21:08:25Z,35.848566,conditional_non_push,,market_consensus_no_model,live_snapshot_not_T60,pinnacle,459217bc9849864e8dc5df62,0.5,0.5,-100.0,-14.0,2,OK,-114,fanduel|pinnacle,-114,False,False,25.5,closest_offered_consensus_to_50pct_no_interpolation,,,,,UNSUPPORTED_PLAYER_PROP,0897c49705a05c04d65f1c02a830bc8446166ee6750153b629f2f4c40766b03b,4a14b3fdf51d13786a2e905526f21d4fe7601226e01da29583be8ff3210a7041,work/market-distribution-v1/artifacts/4a14b3fdf51d13786a2e905526f21d4fe7601226e01da29583be8ff3210a7041.json,,,False,False,none,False,,,850f45aae7a0e29c
e3a95930b99da2c275327ef9,2026-09-06T21:09:00.848566+00:00,850f45aae7a0e29c9c9d99adb49e34676c652f43a41ae97d88eb7751243eb060,e55c6fe19fce094ce214c8b0e5b504e9,1,2026-09-13T17:00:00Z,Jacksonville Jaguars,Cleveland Browns,player_reception_yds,player_reception_yds,Denzel Boston,25.5,Under,25.5,pinnacle,-114,1.8771929824561404,0.5000000000000001,1.1006222153512897,2026-09-06T21:08:56Z,4.848566,conditional_non_push,,market_consensus_no_model,live_snapshot_not_T60,pinnacle,459217bc9849864e8dc5df62,0.5,0.5,-100.0,-14.0,2,OK,-114,fanduel|pinnacle,-114,False,False,25.5,closest_offered_consensus_to_50pct_no_interpolation,,,,,UNSUPPORTED_PLAYER_PROP,0897c49705a05c04d65f1c02a830bc8446166ee6750153b629f2f4c40766b03b,4a14b3fdf51d13786a2e905526f21d4fe7601226e01da29583be8ff3210a7041,work/market-distribution-v1/artifacts/4a14b3fdf51d13786a2e905526f21d4fe7601226e01da29583be8ff3210a7041.json,,,False,False,none,False,,,850f45aae7a0e29c
4200e93dee30756c82b4cb9b,2026-09-06T21:09:00.848566+00:00,850f45aae7a0e29c9c9d99adb49e34676c652f43a41ae97d88eb7751243eb060,e55c6fe19fce094ce214c8b0e5b504e9,1,2026-09-13T17:00:00Z,Jacksonville Jaguars,Cleveland Browns,player_reception_yds,player_reception_yds,Harold Fannin Jr.,35.5,Over,35.5,draftkings,-109,1.9174311926605505,0.4931368083034301,1.0859960740703234,2026-09-06T21:08:18Z,42.848566,conditional_non_push,,market_consensus_no_model,live_snapshot_not_T60,pinnacle,52d1c733336745bb298841f1,0.4931368083034301,0.4931368083034301,102.78348384505378,-11.78348384505378,1,FEWER_THAN_TWO_BOOKS,-109,draftkings,-109,False,False,36.5,closest_offered_consensus_to_50pct_no_interpolation,,,,,UNSUPPORTED_PLAYER_PROP,0897c49705a05c04d65f1c02a830bc8446166ee6750153b629f2f4c40766b03b,4a14b3fdf51d13786a2e905526f21d4fe7601226e01da29583be8ff3210a7041,work/market-distribution-v1/artifacts/4a14b3fdf51d13786a2e905526f21d4fe7601226e01da29583be8ff3210a7041.json,,,False,False,none,False,,,850f45aae7a0e29c
f64a83cf9f9bf2bb4e28421b,2026-09-06T21:09:00.848566+00:00,850f45aae7a0e29c9c9d99adb49e34676c652f43a41ae97d88eb7751243eb060,e55c6fe19fce094ce214c8b0e5b504e9,1,2026-09-13T17:00:00Z,Jacksonville Jaguars,Cleveland Browns,player_reception_yds,player_reception_yds,Harold Fannin Jr.,35.5,Under,35.5,draftkings,-115,1.8695652173913042,0.50686319169657,1.0859960740703234,2026-09-06T21:08:18Z,42.848566,conditional_non_push,,market_consensus_no_model,live_snapshot_not_T60,pinnacle,52d1c733336745bb298841f1,0.50686319169657,0.50686319169657,-102.78348384505384,-12.216516154946163,1,FEWER_THAN_TWO_BOOKS,-115,draftkings,-115,False,False,36.5,closest_offered_consensus_to_50pct_no_interpolation,,,,,UNSUPPORTED_PLAYER_PROP,0897c49705a05c04d65f1c02a830bc8446166ee6750153b629f2f4c40766b03b,4a14b3fdf51d13786a2e905526f21d4fe7601226e01da29583be8ff3210a7041,work/market-distribution-v1/artifacts/4a14b3fdf51d13786a2e905526f21d4fe7601226e01da29583be8ff3210a7041.json,,,False,False,none,False,,,850f45aae7a0e29c
4acebc9f06042bea92fd239b,2026-09-06T21:09:00.848566+00:00,850f45aae7a0e29c9c9d99adb49e34676c652f43a41ae97d88eb7751243eb060,e55c6fe19fce094ce214c8b0e5b504e9,1,2026-09-13T17:00:00Z,Jacksonville Jaguars,Cleveland Browns,player_reception_yds,player_reception_yds,Harold Fannin Jr.,36.5,Over,36.5,fanduel,-114,1.8771929824561404,0.5000000000000001,1.1006222153512897,2026-09-06T21:08:25Z,35.848566,conditional_non_push,,market_consensus_no_model,live_snapshot_not_T60,pinnacle,2acb06307e6cc56956b5ca8b,0.5,0.5,-100.0,-14.0,2,OK,-114,fanduel|pinnacle,-114,False,False,36.5,closest_offered_consensus_to_50pct_no_interpolation,,,,,UNSUPPORTED_PLAYER_PROP,0897c49705a05c04d65f1c02a830bc8446166ee6750153b629f2f4c40766b03b,4a14b3fdf51d13786a2e905526f21d4fe7601226e01da29583be8ff3210a7041,work/market-distribution-v1/artifacts/4a14b3fdf51d13786a2e905526f21d4fe7601226e01da29583be8ff3210a7041.json,,,False,False,none,False,,,850f45aae7a0e29c
764f137fa09443bd8d5687f0,2026-09-06T21:09:00.848566+00:00,850f45aae7a0e29c9c9d99adb49e34676c652f43a41ae97d88eb7751243eb060,e55c6fe19fce094ce214c8b0e5b504e9,1,2026-09-13T17:00:00Z,Jacksonville Jaguars,Cleveland Browns,player_reception_yds,player_reception_yds,Harold Fannin Jr.,36.5,Over,36.5,pinnacle,-114,1.8771929824561404,0.5000000000000001,1.1006222153512897,2026-09-06T21:08:56Z,4.848566,conditional_non_push,,market_consensus_no_model,live_snapshot_not_T60,pinnacle,2acb06307e6cc56956b5ca8b,0.5,0.5,-100.0,-14.0,2,OK,-114,fanduel|pinnacle,-114,False,False,36.5,closest_offered_consensus_to_50pct_no_interpolation,,,,,UNSUPPORTED_PLAYER_PROP,0897c49705a05c04d65f1c02a830bc8446166ee6750153b629f2f4c40766b03b,4a14b3fdf51d13786a2e905526f21d4fe7601226e01da29583be8ff3210a7041,work/market-distribution-v1/artifacts/4a14b3fdf51d13786a2e905526f21d4fe7601226e01da29583be8ff3210a7041.json,,,False,False,none,False,,,850f45aae7a0e29c
ba84b3b83ff36f53bfe5cb39,2026-09-06T21:09:00.848566+00:00,850f45aae7a0e29c9c9d99adb49e34676c652f43a41ae97d88eb7751243eb060,e55c6fe19fce094ce214c8b0e5b504e9,1,2026-09-13T17:00:00Z,Jacksonville Jaguars,Cleveland Browns,player_reception_yds,player_reception_yds,Harold Fannin Jr.,36.5,Under,36.5,fanduel,-114,1.8771929824561404,0.5000000000000001,1.1006222153512897,2026-09-06T21:08:25Z,35.848566,conditional_non_push,,market_consensus_no_model,live_snapshot_not_T60,pinnacle,2acb06307e6cc56956b5ca8b,0.5,0.5,-100.0,-14.0,2,OK,-114,fanduel|pinnacle,-114,False,False,36.5,closest_offered_consensus_to_50pct_no_interpolation,,,,,UNSUPPORTED_PLAYER_PROP,0897c49705a05c04d65f1c02a830bc8446166ee6750153b629f2f4c40766b03b,4a14b3fdf51d13786a2e905526f21d4fe7601226e01da29583be8ff3210a7041,work/market-distribution-v1/artifacts/4a14b3fdf51d13786a2e905526f21d4fe7601226e01da29583be8ff3210a7041.json,,,False,False,none,False,,,850f45aae7a0e29c
9747fa916ef6de4e24bc0010,2026-09-06T21:09:00.848566+00:00,850f45aae7a0e29c9c9d99adb49e34676c652f43a41ae97d88eb7751243eb060,e55c6fe19fce094ce214c8b0e5b504e9,1,2026-09-13T17:00:00Z,Jacksonville Jaguars,Cleveland Browns,player_reception_yds,player_reception_yds,Harold Fannin Jr.,36.5,Under,36.5,pinnacle,-114,1.8771929824561404,0.5000000000000001,1.1006222153512897,2026-09-06T21:08:56Z,4.848566,conditional_non_push,,market_consensus_no_model,live_snapshot_not_T60,pinnacle,2acb06307e6cc56956b5ca8b,0.5,0.5,-100.0,-14.0,2,OK,-114,fanduel|pinnacle,-114,False,False,36.5,closest_offered_consensus_to_50pct_no_interpolation,,,,,UNSUPPORTED_PLAYER_PROP,0897c49705a05c04d65f1c02a830bc8446166ee6750153b629f2f4c40766b03b,4a14b3fdf51d13786a2e905526f21d4fe7601226e01da29583be8ff3210a7041,work/market-distribution-v1/artifacts/4a14b3fdf51d13786a2e905526f21d4fe7601226e01da29583be8ff3210a7041.json,,,False,False,none,False,,,850f45aae7a0e29c
c6d5d875fc2c7bcaab5a621d,2026-09-06T21:09:00.848566+00:00,850f45aae7a0e29c9c9d99adb49e34676c652f43a41ae97d88eb7751243eb060,e55c6fe19fce094ce214c8b0e5b504e9,1,2026-09-13T17:00:00Z,Jacksonville Jaguars,Cleveland Browns,player_reception_yds,player_reception_yds,Jakobi Meyers,37.5,Over,37.5,draftkings,-113,1.8849557522123894,0.5022875270528703,1.0862562521695405,2026-09-06T21:08:18Z,42.848566,conditional_non_push,,market_consensus_no_model,live_snapshot_not_T60,pinnacle,2a76e38050875e8cdd3cd49a,0.5,0.5,-100.0,-13.0,3,OK,-113,draftkings,-113,False,False,37.5,closest_offered_consensus_to_50pct_no_interpolation,,,,,UNSUPPORTED_PLAYER_PROP,0897c49705a05c04d65f1c02a830bc8446166ee6750153b629f2f4c40766b03b,4a14b3fdf51d13786a2e905526f21d4fe7601226e01da29583be8ff3210a7041,work/market-distribution-v1/artifacts/4a14b3fdf51d13786a2e905526f21d4fe7601226e01da29583be8ff3210a7041.json,,,False,False,none,False,,,850f45aae7a0e29c
eda7a133ae74fa51e6f814ab,2026-09-06T21:09:00.848566+00:00,850f45aae7a0e29c9c9d99adb49e34676c652f43a41ae97d88eb7751243eb060,e55c6fe19fce094ce214c8b0e5b504e9,1,2026-09-13T17:00:00Z,Jacksonville Jaguars,Cleveland Browns,player_reception_yds,player_reception_yds,Jakobi Meyers,37.5,Over,37.5,fanduel,-114,1.8771929824561404,0.5000000000000001,1.1006222153512897,2026-09-06T21:08:25Z,35.848566,conditional_non_push,,market_consensus_no_model,live_snapshot_not_T60,pinnacle,2a76e38050875e8cdd3cd49a,0.5,0.5,-100.0,-14.0,3,OK,-113,draftkings,-113,False,False,37.5,closest_offered_consensus_to_50pct_no_interpolation,,,,,UNSUPPORTED_PLAYER_PROP,0897c49705a05c04d65f1c02a830bc8446166ee6750153b629f2f4c40766b03b,4a14b3fdf51d13786a2e905526f21d4fe7601226e01da29583be8ff3210a7041,work/market-distribution-v1/artifacts/4a14b3fdf51d13786a2e905526f21d4fe7601226e01da29583be8ff3210a7041.json,,,False,False,none,False,,,850f45aae7a0e29c
62cb244f4fa44d0cb13c11db,2026-09-06T21:09:00.848566+00:00,850f45aae7a0e29c9c9d99adb49e34676c652f43a41ae97d88eb7751243eb060,e55c6fe19fce094ce214c8b0e5b504e9,1,2026-09-13T17:00:00Z,Jacksonville Jaguars,Cleveland Browns,player_reception_yds,player_reception_yds,Jakobi Meyers,37.5,Over,37.5,pinnacle,-114,1.8771929824561404,0.5000000000000001,1.1006222153512897,2026-09-06T21:08:56Z,4.848566,conditional_non_push,,market_consensus_no_model,live_snapshot_not_T60,pinnacle,2a76e38050875e8cdd3cd49a,0.5,0.5,-100.0,-14.0,3,OK,-113,draftkings,-113,False,False,37.5,closest_offered_consensus_to_50pct_no_interpolation,,,,,UNSUPPORTED_PLAYER_PROP,0897c49705a05c04d65f1c02a830bc8446166ee6750153b629f2f4c40766b03b,4a14b3fdf51d13786a2e905526f21d4fe7601226e01da29583be8ff3210a7041,work/market-distribution-v1/artifacts/4a14b3fdf51d13786a2e905526f21d4fe7601226e01da29583be8ff3210a7041.json,,,False,False,none,False,,,850f45aae7a0e29c
b0bff9bfa78880b345c0ce18,2026-09-06T21:09:00.848566+00:00,850f45aae7a0e29c9c9d99adb49e34676c652f43a41ae97d88eb7751243eb060,e55c6fe19fce094ce214c8b0e5b504e9,1,2026-09-13T17:00:00Z,Jacksonville Jaguars,Cleveland Browns,player_reception_yds,player_reception_yds,Jakobi Meyers,37.5,Under,37.5,draftkings,-111,1.900900900900901,0.4977124729471299,1.0862562521695405,2026-09-06T21:08:18Z,42.848566,conditional_non_push,,market_consensus_no_model,live_snapshot_not_T60,pinnacle,2a76e38050875e8cdd3cd49a,0.5,0.5,-100.0,-11.0,3,OK,-111,draftkings,-111,False,False,37.5,closest_offered_consensus_to_50pct_no_interpolation,,,,,UNSUPPORTED_PLAYER_PROP,0897c49705a05c04d65f1c02a830bc8446166ee6750153b629f2f4c40766b03b,4a14b3fdf51d13786a2e905526f21d4fe7601226e01da29583be8ff3210a7041,work/market-distribution-v1/artifacts/4a14b3fdf51d13786a2e905526f21d4fe7601226e01da29583be8ff3210a7041.json,,,False,False,none,False,,,850f45aae7a0e29c
00ec8aea05d79e79b06ef1e0,2026-09-06T21:09:00.848566+00:00,850f45aae7a0e29c9c9d99adb49e34676c652f43a41ae97d88eb7751243eb060,e55c6fe19fce094ce214c8b0e5b504e9,1,2026-09-13T17:00:00Z,Jacksonville Jaguars,Cleveland Browns,player_reception_yds,player_reception_yds,Jakobi Meyers,37.5,Under,37.5,fanduel,-114,1.8771929824561404,0.5000000000000001,1.1006222153512897,2026-09-06T21:08:25Z,35.848566,conditional_non_push,,market_consensus_no_model,live_snapshot_not_T60,pinnacle,2a76e38050875e8cdd3cd49a,0.5,0.5,-100.0,-14.0,3,OK,-111,draftkings,-111,False,False,37.5,closest_offered_consensus_to_50pct_no_interpolation,,,,,UNSUPPORTED_PLAYER_PROP,0897c49705a05c04d65f1c02a830bc8446166ee6750153b629f2f4c40766b03b,4a14b3fdf51d13786a2e905526f21d4fe7601226e01da29583be8ff3210a7041,work/market-distribution-v1/artifacts/4a14b3fdf51d13786a2e905526f21d4fe7601226e01da29583be8ff3210a7041.json,,,False,False,none,False,,,850f45aae7a0e29c
30d61fab7aa5c565874c1455,2026-09-06T21:09:00.848566+00:00,850f45aae7a0e29c9c9d99adb49e34676c652f43a41ae97d88eb7751243eb060,e55c6fe19fce094ce214c8b0e5b504e9,1,2026-09-13T17:00:00Z,Jacksonville Jaguars,Cleveland Browns,player_reception_yds,player_reception_yds,Jakobi Meyers,37.5,Under,37.5,pinnacle,-114,1.8771929824561404,0.5000000000000001,1.1006222153512897,2026-09-06T21:08:56Z,4.848566,conditional_non_push,,market_consensus_no_model,live_snapshot_not_T60,pinnacle,2a76e38050875e8cdd3cd49a,0.5,0.5,-100.0,-14.0,3,OK,-111,draftkings,-111,False,False,37.5,closest_offered_consensus_to_50pct_no_interpolation,,,,,UNSUPPORTED_PLAYER_PROP,0897c49705a05c04d65f1c02a830bc8446166ee6750153b629f2f4c40766b03b,4a14b3fdf51d13786a2e905526f21d4fe7601226e01da29583be8ff3210a7041,work/market-distribution-v1/artifacts/4a14b3fdf51d13786a2e905526f21d4fe7601226e01da29583be8ff3210a7041.json,,,False,False,none,False,,,850f45aae7a0e29c
013845a2c3fe0e034964fda2,2026-09-06T21:09:00.848566+00:00,850f45aae7a0e29c9c9d99adb49e34676c652f43a41ae97d88eb7751243eb060,e55c6fe19fce094ce214c8b0e5b504e9,1,2026-09-13T17:00:00Z,Jacksonville Jaguars,Cleveland Browns,player_reception_yds,player_reception_yds,Jerry Jeudy,30.5,Over,30.5,draftkings,-115,1.8695652173913042,0.50686319169657,1.0859960740703234,2026-09-06T21:08:18Z,42.848566,conditional_non_push,,market_consensus_no_model,live_snapshot_not_T60,pinnacle,95eb876b1d848a84eeaf195f,0.50686319169657,0.50686319169657,-102.78348384505384,-12.216516154946163,1,FEWER_THAN_TWO_BOOKS,-115,draftkings,-115,False,False,31.5,closest_offered_consensus_to_50pct_no_interpolation,,,,,UNSUPPORTED_PLAYER_PROP,0897c49705a05c04d65f1c02a830bc8446166ee6750153b629f2f4c40766b03b,4a14b3fdf51d13786a2e905526f21d4fe7601226e01da29583be8ff3210a7041,work/market-distribution-v1/artifacts/4a14b3fdf51d13786a2e905526f21d4fe7601226e01da29583be8ff3210a7041.json,,,False,False,none,False,,,850f45aae7a0e29c
921070e4b48cf96f7fb3a279,2026-09-06T21:09:00.848566+00:00,850f45aae7a0e29c9c9d99adb49e34676c652f43a41ae97d88eb7751243eb060,e55c6fe19fce094ce214c8b0e5b504e9,1,2026-09-13T17:00:00Z,Jacksonville Jaguars,Cleveland Browns,player_reception_yds,player_reception_yds,Jerry Jeudy,30.5,Under,30.5,draftkings,-109,1.9174311926605505,0.4931368083034301,1.0859960740703234,2026-09-06T21:08:18Z,42.848566,conditional_non_push,,market_consensus_no_model,live_snapshot_not_T60,pinnacle,95eb876b1d848a84eeaf195f,0.4931368083034301,0.4931368083034301,102.78348384505378,-11.78348384505378,1,FEWER_THAN_TWO_BOOKS,-109,draftkings,-109,False,False,31.5,closest_offered_consensus_to_50pct_no_interpolation,,,,,UNSUPPORTED_PLAYER_PROP,0897c49705a05c04d65f1c02a830bc8446166ee6750153b629f2f4c40766b03b,4a14b3fdf51d13786a2e905526f21d4fe7601226e01da29583be8ff3210a7041,work/market-distribution-v1/artifacts/4a14b3fdf51d13786a2e905526f21d4fe7601226e01da29583be8ff3210a7041.json,,,False,False,none,False,,,850f45aae7a0e29c
cbf649f116a634b520684aa3,2026-09-06T21:09:00.848566+00:00,850f45aae7a0e29c9c9d99adb49e34676c652f43a41ae97d88eb7751243eb060,e55c6fe19fce094ce214c8b0e5b504e9,1,2026-09-13T17:00:00Z,Jacksonville Jaguars,Cleveland Browns,player_reception_yds,player_reception_yds,Jerry Jeudy,31.5,Over,31.5,fanduel,-114,1.8771929824561404,0.5000000000000001,1.1006222153512897,2026-09-06T21:08:25Z,35.848566,conditional_non_push,,market_consensus_no_model,live_snapshot_not_T60,pinnacle,39c0ad02eaf11f2d06d86b93,0.5,0.5,-100.0,-14.0,2,OK,-114,fanduel|pinnacle,-114,False,False,31.5,closest_offered_consensus_to_50pct_no_interpolation,,,,,UNSUPPORTED_PLAYER_PROP,0897c49705a05c04d65f1c02a830bc8446166ee6750153b629f2f4c40766b03b,4a14b3fdf51d13786a2e905526f21d4fe7601226e01da29583be8ff3210a7041,work/market-distribution-v1/artifacts/4a14b3fdf51d13786a2e905526f21d4fe7601226e01da29583be8ff3210a7041.json,,,False,False,none,False,,,850f45aae7a0e29c
0ddf53abbb331685775d7666,2026-09-06T21:09:00.848566+00:00,850f45aae7a0e29c9c9d99adb49e34676c652f43a41ae97d88eb7751243eb060,e55c6fe19fce094ce214c8b0e5b504e9,1,2026-09-13T17:00:00Z,Jacksonville Jaguars,Cleveland Browns,player_reception_yds,player_reception_yds,Jerry Jeudy,31.5,Over,31.5,pinnacle,-114,1.8771929824561404,0.5000000000000001,1.1006222153512897,2026-09-06T21:08:56Z,4.848566,conditional_non_push,,market_consensus_no_model,live_snapshot_not_T60,pinnacle,39c0ad02eaf11f2d06d86b93,0.5,0.5,-100.0,-14.0,2,OK,-114,fanduel|pinnacle,-114,False,False,31.5,closest_offered_consensus_to_50pct_no_interpolation,,,,,UNSUPPORTED_PLAYER_PROP,0897c49705a05c04d65f1c02a830bc8446166ee6750153b629f2f4c40766b03b,4a14b3fdf51d13786a2e905526f21d4fe7601226e01da29583be8ff3210a7041,work/market-distribution-v1/artifacts/4a14b3fdf51d13786a2e905526f21d4fe7601226e01da29583be8ff3210a7041.json,,,False,False,none,False,,,850f45aae7a0e29c
67da5d5ef5343c88af2da4db,2026-09-06T21:09:00.848566+00:00,850f45aae7a0e29c9c9d99adb49e34676c652f43a41ae97d88eb7751243eb060,e55c6fe19fce094ce214c8b0e5b504e9,1,2026-09-13T17:00:00Z,Jacksonville Jaguars,Cleveland Browns,player_reception_yds,player_reception_yds,Jerry Jeudy,31.5,Under,31.5,fanduel,-114,1.8771929824561404,0.5000000000000001,1.1006222153512897,2026-09-06T21:08:25Z,35.848566,conditional_non_push,,market_consensus_no_model,live_snapshot_not_T60,pinnacle,39c0ad02eaf11f2d06d86b93,0.5,0.5,-100.0,-14.0,2,OK,-114,fanduel|pinnacle,-114,False,False,31.5,closest_offered_consensus_to_50pct_no_interpolation,,,,,UNSUPPORTED_PLAYER_PROP,0897c49705a05c04d65f1c02a830bc8446166ee6750153b629f2f4c40766b03b,4a14b3fdf51d13786a2e905526f21d4fe7601226e01da29583be8ff3210a7041,work/market-distribution-v1/artifacts/4a14b3fdf51d13786a2e905526f21d4fe7601226e01da29583be8ff3210a7041.json,,,False,False,none,False,,,850f45aae7a0e29c
f7899f27c4166ef309533bda,2026-09-06T21:09:00.848566+00:00,850f45aae7a0e29c9c9d99adb49e34676c652f43a41ae97d88eb7751243eb060,e55c6fe19fce094ce214c8b0e5b504e9,1,2026-09-13T17:00:00Z,Jacksonville Jaguars,Cleveland Browns,player_reception_yds,player_reception_yds,Jerry Jeudy,31.5,Under,31.5,pinnacle,-114,1.8771929824561404,0.5000000000000001,1.1006222153512897,2026-09-06T21:08:56Z,4.848566,conditional_non_push,,market_consensus_no_model,live_snapshot_not_T60,pinnacle,39c0ad02eaf11f2d06d86b93,0.5,0.5,-100.0,-14.0,2,OK,-114,fanduel|pinnacle,-114,False,False,31.5,closest_offered_consensus_to_50pct_no_interpolation,,,,,UNSUPPORTED_PLAYER_PROP,0897c49705a05c04d65f1c02a830bc8446166ee6750153b629f2f4c40766b03b,4a14b3fdf51d13786a2e905526f21d4fe7601226e01da29583be8ff3210a7041,work/market-distribution-v1/artifacts/4a14b3fdf51d13786a2e905526f21d4fe7601226e01da29583be8ff3210a7041.json,,,False,False,none,False,,,850f45aae7a0e29c
ae8cd0e5da6deac7ad1597b5,2026-09-06T21:09:00.848566+00:00,850f45aae7a0e29c9c9d99adb49e34676c652f43a41ae97d88eb7751243eb060,e55c6fe19fce094ce214c8b0e5b504e9,1,2026-09-13T17:00:00Z,Jacksonville Jaguars,Cleveland Browns,player_reception_yds,player_reception_yds,KC Concepcion,33.5,Over,33.5,fanduel,-114,1.8771929824561404,0.5000000000000001,1.1006222153512897,2026-09-06T21:08:25Z,35.848566,conditional_non_push,,market_consensus_no_model,live_snapshot_not_T60,pinnacle,ead11ddb094bf983ce087b6c,0.5094954365053068,0.5094954365053068,-103.87170159545705,-10.128298404542946,2,OK,-114,fanduel,-114,False,False,35.5,closest_offered_consensus_to_50pct_no_interpolation,,,,,UNSUPPORTED_PLAYER_PROP,0897c49705a05c04d65f1c02a830bc8446166ee6750153b629f2f4c40766b03b,4a14b3fdf51d13786a2e905526f21d4fe7601226e01da29583be8ff3210a7041,work/market-distribution-v1/artifacts/4a14b3fdf51d13786a2e905526f21d4fe7601226e01da29583be8ff3210a7041.json,,,False,False,none,False,,,850f45aae7a0e29c
3e307c96b09a8e90259831f9,2026-09-06T21:09:00.848566+00:00,850f45aae7a0e29c9c9d99adb49e34676c652f43a41ae97d88eb7751243eb060,e55c6fe19fce094ce214c8b0e5b504e9,1,2026-09-13T17:00:00Z,Jacksonville Jaguars,Cleveland Browns,player_reception_yds,player_reception_yds,KC Concepcion,33.5,Over,33.5,pinnacle,-124,1.8064516129032258,0.5189908730106139,1.109077391257085,2026-09-06T21:08:56Z,4.848566,conditional_non_push,,market_consensus_no_model,live_snapshot_not_T60,pinnacle,ead11ddb094bf983ce087b6c,0.5094954365053068,0.5094954365053068,-103.87170159545705,-20.128298404542946,2,OK,-114,fanduel,-114,False,False,35.5,closest_offered_consensus_to_50pct_no_interpolation,,,,,UNSUPPORTED_PLAYER_PROP,0897c49705a05c04d65f1c02a830bc8446166ee6750153b629f2f4c40766b03b,4a14b3fdf51d13786a2e905526f21d4fe7601226e01da29583be8ff3210a7041,work/market-distribution-v1/artifacts/4a14b3fdf51d13786a2e905526f21d4fe7601226e01da29583be8ff3210a7041.json,,,False,False,none,False,,,850f45aae7a0e29c
737128dd49c8372f69349d1e,2026-09-06T21:09:00.848566+00:00,850f45aae7a0e29c9c9d99adb49e34676c652f43a41ae97d88eb7751243eb060,e55c6fe19fce094ce214c8b0e5b504e9,1,2026-09-13T17:00:00Z,Jacksonville Jaguars,Cleveland Browns,player_reception_yds,player_reception_yds,KC Concepcion,33.5,Under,33.5,fanduel,-114,1.8771929824561404,0.5000000000000001,1.1006222153512897,2026-09-06T21:08:25Z,35.848566,conditional_non_push,,market_consensus_no_model,live_snapshot_not_T60,pinnacle,ead11ddb094bf983ce087b6c,0.49050456349469307,0.49050456349469307,103.87170159545708,-17.871701595457083,2,OK,-107,pinnacle,-114,False,False,35.5,closest_offered_consensus_to_50pct_no_interpolation,,,,,UNSUPPORTED_PLAYER_PROP,0897c49705a05c04d65f1c02a830bc8446166ee6750153b629f2f4c40766b03b,4a14b3fdf51d13786a2e905526f21d4fe7601226e01da29583be8ff3210a7041,work/market-distribution-v1/artifacts/4a14b3fdf51d13786a2e905526f21d4fe7601226e01da29583be8ff3210a7041.json,,,False,False,none,False,,,850f45aae7a0e29c
d08669cfdbdbfcfec504a07a,2026-09-06T21:09:00.848566+00:00,850f45aae7a0e29c9c9d99adb49e34676c652f43a41ae97d88eb7751243eb060,e55c6fe19fce094ce214c8b0e5b504e9,1,2026-09-13T17:00:00Z,Jacksonville Jaguars,Cleveland Browns,player_reception_yds,player_reception_yds,KC Concepcion,33.5,Under,33.5,pinnacle,-107,1.9345794392523366,0.4810091269893864,1.109077391257085,2026-09-06T21:08:56Z,4.848566,conditional_non_push,,market_consensus_no_model,live_snapshot_not_T60,pinnacle,ead11ddb094bf983ce087b6c,0.49050456349469307,0.49050456349469307,103.87170159545708,-10.871701595457083,2,OK,-107,pinnacle,-114,False,False,35.5,closest_offered_consensus_to_50pct_no_interpolation,,,,,UNSUPPORTED_PLAYER_PROP,0897c49705a05c04d65f1c02a830bc8446166ee6750153b629f2f4c40766b03b,4a14b3fdf51d13786a2e905526f21d4fe7601226e01da29583be8ff3210a7041,work/market-distribution-v1/artifacts/4a14b3fdf51d13786a2e905526f21d4fe7601226e01da29583be8ff3210a7041.json,,,False,False,none,False,,,850f45aae7a0e29c
0a3af76b0e8d2785ea189184,2026-09-06T21:09:00.848566+00:00,850f45aae7a0e29c9c9d99adb49e34676c652f43a41ae97d88eb7751243eb060,e55c6fe19fce094ce214c8b0e5b504e9,1,2026-09-13T17:00:00Z,Jacksonville Jaguars,Cleveland Browns,player_reception_yds,player_reception_yds,KC Concepcion,35.5,Over,35.5,draftkings,-112,1.8928571428571428,0.5,1.086288769989248,2026-09-06T21:08:18Z,42.848566,conditional_non_push,,market_consensus_no_model,live_snapshot_not_T60,pinnacle,33f2c44a16ecaf0c775d0cac,0.5,0.5,-100.0,-12.0,1,FEWER_THAN_TWO_BOOKS,-112,draftkings,-112,False,False,35.5,closest_offered_consensus_to_50pct_no_interpolation,,,,,UNSUPPORTED_PLAYER_PROP,0897c49705a05c04d65f1c02a830bc8446166ee6750153b629f2f4c40766b03b,4a14b3fdf51d13786a2e905526f21d4fe7601226e01da29583be8ff3210a7041,work/market-distribution-v1/artifacts/4a14b3fdf51d13786a2e905526f21d4fe7601226e01da29583be8ff3210a7041.json,,,False,False,none,False,,,850f45aae7a0e29c
61968f3f030888e7dce9f8c8,2026-09-06T21:09:00.848566+00:00,850f45aae7a0e29c9c9d99adb49e34676c652f43a41ae97d88eb7751243eb060,e55c6fe19fce094ce214c8b0e5b504e9,1,2026-09-13T17:00:00Z,Jacksonville Jaguars,Cleveland Browns,player_reception_yds,player_reception_yds,KC Concepcion,35.5,Under,35.5,draftkings,-112,1.8928571428571428,0.5,1.086288769989248,2026-09-06T21:08:18Z,42.848566,conditional_non_push,,market_consensus_no_model,live_snapshot_not_T60,pinnacle,33f2c44a16ecaf0c775d0cac,0.5,0.5,-100.0,-12.0,1,FEWER_THAN_TWO_BOOKS,-112,draftkings,-112,False,False,35.5,closest_offered_consensus_to_50pct_no_interpolation,,,,,UNSUPPORTED_PLAYER_PROP,0897c49705a05c04d65f1c02a830bc8446166ee6750153b629f2f4c40766b03b,4a14b3fdf51d13786a2e905526f21d4fe7601226e01da29583be8ff3210a7041,work/market-distribution-v1/artifacts/4a14b3fdf51d13786a2e905526f21d4fe7601226e01da29583be8ff3210a7041.json,,,False,False,none,False,,,850f45aae7a0e29c
982ba27331d7644bac0902fb,2026-09-06T21:09:00.848566+00:00,850f45aae7a0e29c9c9d99adb49e34676c652f43a41ae97d88eb7751243eb060,e55c6fe19fce094ce214c8b0e5b504e9,1,2026-09-13T17:00:00Z,Jacksonville Jaguars,Cleveland Browns,player_reception_yds,player_reception_yds,Parker Washington,51.5,Over,51.5,fanduel,-114,1.8771929824561404,0.5000000000000001,1.1006222153512897,2026-09-06T21:08:25Z,35.848566,conditional_non_push,,market_consensus_no_model,live_snapshot_not_T60,pinnacle,c2a75a479be679178ebb4177,0.5022403055002672,0.5022403055002672,-100.90015544650267,-13.099844553497334,2,OK,-114,fanduel,-114,False,False,51.5,closest_offered_consensus_to_50pct_no_interpolation,,,,,UNSUPPORTED_PLAYER_PROP,0897c49705a05c04d65f1c02a830bc8446166ee6750153b629f2f4c40766b03b,4a14b3fdf51d13786a2e905526f21d4fe7601226e01da29583be8ff3210a7041,work/market-distribution-v1/artifacts/4a14b3fdf51d13786a2e905526f21d4fe7601226e01da29583be8ff3210a7041.json,,,False,False,none,False,,,850f45aae7a0e29c
2d320dff0138b8d56c5face4,2026-09-06T21:09:00.848566+00:00,850f45aae7a0e29c9c9d99adb49e34676c652f43a41ae97d88eb7751243eb060,e55c6fe19fce094ce214c8b0e5b504e9,1,2026-09-13T17:00:00Z,Jacksonville Jaguars,Cleveland Browns,player_reception_yds,player_reception_yds,Parker Washington,51.5,Over,51.5,pinnacle,-117,1.8547008547008548,0.5044806110005343,1.107657328954116,2026-09-06T21:08:56Z,4.848566,conditional_non_push,,market_consensus_no_model,live_snapshot_not_T60,pinnacle,c2a75a479be679178ebb4177,0.5022403055002672,0.5022403055002672,-100.90015544650267,-16.099844553497334,2,OK,-114,fanduel,-114,False,False,51.5,closest_offered_consensus_to_50pct_no_interpolation,,,,,UNSUPPORTED_PLAYER_PROP,0897c49705a05c04d65f1c02a830bc8446166ee6750153b629f2f4c40766b03b,4a14b3fdf51d13786a2e905526f21d4fe7601226e01da29583be8ff3210a7041,work/market-distribution-v1/artifacts/4a14b3fdf51d13786a2e905526f21d4fe7601226e01da29583be8ff3210a7041.json,,,False,False,none,False,,,850f45aae7a0e29c
e0fd7bac97b2189e00d10192,2026-09-06T21:09:00.848566+00:00,850f45aae7a0e29c9c9d99adb49e34676c652f43a41ae97d88eb7751243eb060,e55c6fe19fce094ce214c8b0e5b504e9,1,2026-09-13T17:00:00Z,Jacksonville Jaguars,Cleveland Browns,player_reception_yds,player_reception_yds,Parker Washington,51.5,Under,51.5,fanduel,-114,1.8771929824561404,0.5000000000000001,1.1006222153512897,2026-09-06T21:08:25Z,35.848566,conditional_non_push,,market_consensus_no_model,live_snapshot_not_T60,pinnacle,c2a75a479be679178ebb4177,0.4977596944997329,0.4977596944997329,100.90015544650264,-14.900155446502637,2,OK,-113,pinnacle,-114,False,False,51.5,closest_offered_consensus_to_50pct_no_interpolation,,,,,UNSUPPORTED_PLAYER_PROP,0897c49705a05c04d65f1c02a830bc8446166ee6750153b629f2f4c40766b03b,4a14b3fdf51d13786a2e905526f21d4fe7601226e01da29583be8ff3210a7041,work/market-distribution-v1/artifacts/4a14b3fdf51d13786a2e905526f21d4fe7601226e01da29583be8ff3210a7041.json,,,False,False,none,False,,,850f45aae7a0e29c
8da7f84019159a4e2d422ded,2026-09-06T21:09:00.848566+00:00,850f45aae7a0e29c9c9d99adb49e34676c652f43a41ae97d88eb7751243eb060,e55c6fe19fce094ce214c8b0e5b504e9,1,2026-09-13T17:00:00Z,Jacksonville Jaguars,Cleveland Browns,player_reception_yds,player_reception_yds,Parker Washington,51.5,Under,51.5,pinnacle,-113,1.8849557522123894,0.49551938899946574,1.107657328954116,2026-09-06T21:08:56Z,4.848566,conditional_non_push,,market_consensus_no_model,live_snapshot_not_T60,pinnacle,c2a75a479be679178ebb4177,0.4977596944997329,0.4977596944997329,100.90015544650264,-13.900155446502637,2,OK,-113,pinnacle,-114,False,False,51.5,closest_offered_consensus_to_50pct_no_interpolation,,,,,UNSUPPORTED_PLAYER_PROP,0897c49705a05c04d65f1c02a830bc8446166ee6750153b629f2f4c40766b03b,4a14b3fdf51d13786a2e905526f21d4fe7601226e01da29583be8ff3210a7041,work/market-distribution-v1/artifacts/4a14b3fdf51d13786a2e905526f21d4fe7601226e01da29583be8ff3210a7041.json,,,False,False,none,False,,,850f45aae7a0e29c
df6b0bd1ce76b04089cd84ea,2026-09-06T21:09:00.848566+00:00,850f45aae7a0e29c9c9d99adb49e34676c652f43a41ae97d88eb7751243eb060,e55c6fe19fce094ce214c8b0e5b504e9,1,2026-09-13T17:00:00Z,Jacksonville Jaguars,Cleveland Browns,player_reception_yds,player_reception_yds,Parker Washington,53.5,Over,53.5,draftkings,-111,1.900900900900901,0.4977124729471299,1.0862562521695405,2026-09-06T21:08:18Z,42.848566,conditional_non_push,,market_consensus_no_model,live_snapshot_not_T60,pinnacle,6b92ab54b8401ec5c84502c1,0.4977124729471298,0.4977124729471298,100.9192162853886,-11.9192162853886,1,FEWER_THAN_TWO_BOOKS,-111,draftkings,-111,False,False,51.5,closest_offered_consensus_to_50pct_no_interpolation,,,,,UNSUPPORTED_PLAYER_PROP,0897c49705a05c04d65f1c02a830bc8446166ee6750153b629f2f4c40766b03b,4a14b3fdf51d13786a2e905526f21d4fe7601226e01da29583be8ff3210a7041,work/market-distribution-v1/artifacts/4a14b3fdf51d13786a2e905526f21d4fe7601226e01da29583be8ff3210a7041.json,,,False,False,none,False,,,850f45aae7a0e29c
7e9373fea46d39cc04b292d4,2026-09-06T21:09:00.848566+00:00,850f45aae7a0e29c9c9d99adb49e34676c652f43a41ae97d88eb7751243eb060,e55c6fe19fce094ce214c8b0e5b504e9,1,2026-09-13T17:00:00Z,Jacksonville Jaguars,Cleveland Browns,player_reception_yds,player_reception_yds,Parker Washington,53.5,Under,53.5,draftkings,-113,1.8849557522123894,0.5022875270528703,1.0862562521695405,2026-09-06T21:08:18Z,42.848566,conditional_non_push,,market_consensus_no_model,live_snapshot_not_T60,pinnacle,6b92ab54b8401ec5c84502c1,0.5022875270528702,0.5022875270528702,-100.91921628538859,-12.080783714611414,1,FEWER_THAN_TWO_BOOKS,-113,draftkings,-113,False,False,51.5,closest_offered_consensus_to_50pct_no_interpolation,,,,,UNSUPPORTED_PLAYER_PROP,0897c49705a05c04d65f1c02a830bc8446166ee6750153b629f2f4c40766b03b,4a14b3fdf51d13786a2e905526f21d4fe7601226e01da29583be8ff3210a7041,work/market-distribution-v1/artifacts/4a14b3fdf51d13786a2e905526f21d4fe7601226e01da29583be8ff3210a7041.json,,,False,False,none,False,,,850f45aae7a0e29c
c2ad4f9e218c450f90a7a7d0,2026-09-06T21:09:00.848566+00:00,850f45aae7a0e29c9c9d99adb49e34676c652f43a41ae97d88eb7751243eb060,e55c6fe19fce094ce214c8b0e5b504e9,1,2026-09-13T17:00:00Z,Jacksonville Jaguars,Cleveland Browns,player_reception_yds,player_reception_yds,Quinshon Judkins,10.5,Over,10.5,draftkings,-109,1.9174311926605505,0.4931368083034301,1.0859960740703234,2026-09-06T21:08:18Z,42.848566,conditional_non_push,,market_consensus_no_model,live_snapshot_not_T60,pinnacle,108b622d9a9864c6092625bb,0.4931368083034301,0.4931368083034301,102.78348384505378,-11.78348384505378,1,FEWER_THAN_TWO_BOOKS,-109,draftkings,-109,False,False,9.5,closest_offered_consensus_to_50pct_no_interpolation,,,,,UNSUPPORTED_PLAYER_PROP,0897c49705a05c04d65f1c02a830bc8446166ee6750153b629f2f4c40766b03b,4a14b3fdf51d13786a2e905526f21d4fe7601226e01da29583be8ff3210a7041,work/market-distribution-v1/artifacts/4a14b3fdf51d13786a2e905526f21d4fe7601226e01da29583be8ff3210a7041.json,,,False,False,none,False,,,850f45aae7a0e29c
65e43b08371f7689cf897180,2026-09-06T21:09:00.848566+00:00,850f45aae7a0e29c9c9d99adb49e34676c652f43a41ae97d88eb7751243eb060,e55c6fe19fce094ce214c8b0e5b504e9,1,2026-09-13T17:00:00Z,Jacksonville Jaguars,Cleveland Browns,player_reception_yds,player_reception_yds,Quinshon Judkins,10.5,Under,10.5,draftkings,-115,1.8695652173913042,0.50686319169657,1.0859960740703234,2026-09-06T21:08:18Z,42.848566,conditional_non_push,,market_consensus_no_model,live_snapshot_not_T60,pinnacle,108b622d9a9864c6092625bb,0.50686319169657,0.50686319169657,-102.78348384505384,-12.216516154946163,1,FEWER_THAN_TWO_BOOKS,-115,draftkings,-115,False,False,9.5,closest_offered_consensus_to_50pct_no_interpolation,,,,,UNSUPPORTED_PLAYER_PROP,0897c49705a05c04d65f1c02a830bc8446166ee6750153b629f2f4c40766b03b,4a14b3fdf51d13786a2e905526f21d4fe7601226e01da29583be8ff3210a7041,work/market-distribution-v1/artifacts/4a14b3fdf51d13786a2e905526f21d4fe7601226e01da29583be8ff3210a7041.json,,,False,False,none,False,,,850f45aae7a0e29c
f6276fd4b454bc75957fd648,2026-09-06T21:09:00.848566+00:00,850f45aae7a0e29c9c9d99adb49e34676c652f43a41ae97d88eb7751243eb060,e55c6fe19fce094ce214c8b0e5b504e9,1,2026-09-13T17:00:00Z,Jacksonville Jaguars,Cleveland Browns,player_reception_yds,player_reception_yds,Quinshon Judkins,9.5,Over,9.5,fanduel,-114,1.8771929824561404,0.5000000000000001,1.1006222153512897,2026-09-06T21:08:25Z,35.848566,conditional_non_push,,market_consensus_no_model,live_snapshot_not_T60,pinnacle,1c5d1a0ad98137479d043590,0.5,0.5,-100.0,-14.0,2,OK,-114,fanduel|pinnacle,-114,False,False,9.5,closest_offered_consensus_to_50pct_no_interpolation,,,,,UNSUPPORTED_PLAYER_PROP,0897c49705a05c04d65f1c02a830bc8446166ee6750153b629f2f4c40766b03b,4a14b3fdf51d13786a2e905526f21d4fe7601226e01da29583be8ff3210a7041,work/market-distribution-v1/artifacts/4a14b3fdf51d13786a2e905526f21d4fe7601226e01da29583be8ff3210a7041.json,,,False,False,none,False,,,850f45aae7a0e29c
8c5e366bcf0a69ae1f15e80f,2026-09-06T21:09:00.848566+00:00,850f45aae7a0e29c9c9d99adb49e34676c652f43a41ae97d88eb7751243eb060,e55c6fe19fce094ce214c8b0e5b504e9,1,2026-09-13T17:00:00Z,Jacksonville Jaguars,Cleveland Browns,player_reception_yds,player_reception_yds,Quinshon Judkins,9.5,Over,9.5,pinnacle,-114,1.8771929824561404,0.5000000000000001,1.1006222153512897,2026-09-06T21:08:56Z,4.848566,conditional_non_push,,market_consensus_no_model,live_snapshot_not_T60,pinnacle,1c5d1a0ad98137479d043590,0.5,0.5,-100.0,-14.0,2,OK,-114,fanduel|pinnacle,-114,False,False,9.5,closest_offered_consensus_to_50pct_no_interpolation,,,,,UNSUPPORTED_PLAYER_PROP,0897c49705a05c04d65f1c02a830bc8446166ee6750153b629f2f4c40766b03b,4a14b3fdf51d13786a2e905526f21d4fe7601226e01da29583be8ff3210a7041,work/market-distribution-v1/artifacts/4a14b3fdf51d13786a2e905526f21d4fe7601226e01da29583be8ff3210a7041.json,,,False,False,none,False,,,850f45aae7a0e29c
d6da5041ecd8976dc2cf8f1d,2026-09-06T21:09:00.848566+00:00,850f45aae7a0e29c9c9d99adb49e34676c652f43a41ae97d88eb7751243eb060,e55c6fe19fce094ce214c8b0e5b504e9,1,2026-09-13T17:00:00Z,Jacksonville Jaguars,Cleveland Browns,player_reception_yds,player_reception_yds,Quinshon Judkins,9.5,Under,9.5,fanduel,-114,1.8771929824561404,0.5000000000000001,1.1006222153512897,2026-09-06T21:08:25Z,35.848566,conditional_non_push,,market_consensus_no_model,live_snapshot_not_T60,pinnacle,1c5d1a0ad98137479d043590,0.5,0.5,-100.0,-14.0,2,OK,-114,fanduel|pinnacle,-114,False,False,9.5,closest_offered_consensus_to_50pct_no_interpolation,,,,,UNSUPPORTED_PLAYER_PROP,0897c49705a05c04d65f1c02a830bc8446166ee6750153b629f2f4c40766b03b,4a14b3fdf51d13786a2e905526f21d4fe7601226e01da29583be8ff3210a7041,work/market-distribution-v1/artifacts/4a14b3fdf51d13786a2e905526f21d4fe7601226e01da29583be8ff3210a7041.json,,,False,False,none,False,,,850f45aae7a0e29c
cff7a9725b816daf8ef00f6a,2026-09-06T21:09:00.848566+00:00,850f45aae7a0e29c9c9d99adb49e34676c652f43a41ae97d88eb7751243eb060,e55c6fe19fce094ce214c8b0e5b504e9,1,2026-09-13T17:00:00Z,Jacksonville Jaguars,Cleveland Browns,player_reception_yds,player_reception_yds,Quinshon Judkins,9.5,Under,9.5,pinnacle,-114,1.8771929824561404,0.5000000000000001,1.1006222153512897,2026-09-06T21:08:56Z,4.848566,conditional_non_push,,market_consensus_no_model,live_snapshot_not_T60,pinnacle,1c5d1a0ad98137479d043590,0.5,0.5,-100.0,-14.0,2,OK,-114,fanduel|pinnacle,-114,False,False,9.5,closest_offered_consensus_to_50pct_no_interpolation,,,,,UNSUPPORTED_PLAYER_PROP,0897c49705a05c04d65f1c02a830bc8446166ee6750153b629f2f4c40766b03b,4a14b3fdf51d13786a2e905526f21d4fe7601226e01da29583be8ff3210a7041,work/market-distribution-v1/artifacts/4a14b3fdf51d13786a2e905526f21d4fe7601226e01da29583be8ff3210a7041.json,,,False,False,none,False,,,850f45aae7a0e29c
145e67ceaeeeb48ba345ca14,2026-09-06T21:09:00.848566+00:00,850f45aae7a0e29c9c9d99adb49e34676c652f43a41ae97d88eb7751243eb060,e55c6fe19fce094ce214c8b0e5b504e9,1,2026-09-13T17:00:00Z,Jacksonville Jaguars,Cleveland Browns,player_receptions,player_receptions,Bhayshul Tuten,1.5,Over,1.5,draftkings,-174,1.5747126436781609,0.6087845527500887,1.092976364563583,2026-09-06T21:08:18Z,42.848566,conditional_non_push,,market_consensus_no_model,live_snapshot_not_T60,pinnacle,bb85d4849a1df6c4bfcd2154,0.6004234693007795,0.6004234693007795,-150.2649488072025,-23.7350511927975,3,OK,-172,fanduel|pinnacle,-172,False,False,1.5,closest_offered_consensus_to_50pct_no_interpolation,,,,,UNSUPPORTED_PLAYER_PROP,0897c49705a05c04d65f1c02a830bc8446166ee6750153b629f2f4c40766b03b,4a14b3fdf51d13786a2e905526f21d4fe7601226e01da29583be8ff3210a7041,work/market-distribution-v1/artifacts/4a14b3fdf51d13786a2e905526f21d4fe7601226e01da29583be8ff3210a7041.json,,,False,False,none,False,,,850f45aae7a0e29c
9d4199713cbcdedc9d18ce76,2026-09-06T21:09:00.848566+00:00,850f45aae7a0e29c9c9d99adb49e34676c652f43a41ae97d88eb7751243eb060,e55c6fe19fce094ce214c8b0e5b504e9,1,2026-09-13T17:00:00Z,Jacksonville Jaguars,Cleveland Browns,player_receptions,player_receptions,Bhayshul Tuten,1.5,Over,1.5,fanduel,-172,1.5813953488372094,0.6004234693007796,1.1130518068031252,2026-09-06T21:08:25Z,35.848566,conditional_non_push,,market_consensus_no_model,live_snapshot_not_T60,pinnacle,bb85d4849a1df6c4bfcd2154,0.6004234693007795,0.6004234693007795,-150.2649488072025,-21.7350511927975,3,OK,-172,fanduel|pinnacle,-172,False,False,1.5,closest_offered_consensus_to_50pct_no_interpolation,,,,,UNSUPPORTED_PLAYER_PROP,0897c49705a05c04d65f1c02a830bc8446166ee6750153b629f2f4c40766b03b,4a14b3fdf51d13786a2e905526f21d4fe7601226e01da29583be8ff3210a7041,work/market-distribution-v1/artifacts/4a14b3fdf51d13786a2e905526f21d4fe7601226e01da29583be8ff3210a7041.json,,,False,False,none,False,,,850f45aae7a0e29c
fb047e3c885f59bd1c0b7809,2026-09-06T21:09:00.848566+00:00,850f45aae7a0e29c9c9d99adb49e34676c652f43a41ae97d88eb7751243eb060,e55c6fe19fce094ce214c8b0e5b504e9,1,2026-09-13T17:00:00Z,Jacksonville Jaguars,Cleveland Browns,player_receptions,player_receptions,Bhayshul Tuten,1.5,Over,1.5,pinnacle,-172,1.5813953488372094,0.6004234693007796,1.1130518068031252,2026-09-06T21:08:56Z,4.848566,conditional_non_push,,market_consensus_no_model,live_snapshot_not_T60,pinnacle,bb85d4849a1df6c4bfcd2154,0.6004234693007795,0.6004234693007795,-150.2649488072025,-21.7350511927975,3,OK,-172,fanduel|pinnacle,-172,False,False,1.5,closest_offered_consensus_to_50pct_no_interpolation,,,,,UNSUPPORTED_PLAYER_PROP,0897c49705a05c04d65f1c02a830bc8446166ee6750153b629f2f4c40766b03b,4a14b3fdf51d13786a2e905526f21d4fe7601226e01da29583be8ff3210a7041,work/market-distribution-v1/artifacts/4a14b3fdf51d13786a2e905526f21d4fe7601226e01da29583be8ff3210a7041.json,,,False,False,none,False,,,850f45aae7a0e29c
9bafebf6048a90a07379fa73,2026-09-06T21:09:00.848566+00:00,850f45aae7a0e29c9c9d99adb49e34676c652f43a41ae97d88eb7751243eb060,e55c6fe19fce094ce214c8b0e5b504e9,1,2026-09-13T17:00:00Z,Jacksonville Jaguars,Cleveland Browns,player_receptions,player_receptions,Bhayshul Tuten,1.5,Under,1.5,draftkings,136,2.3600000000000003,0.3912154472499113,1.092976364563583,2026-09-06T21:08:18Z,42.848566,conditional_non_push,,market_consensus_no_model,live_snapshot_not_T60,pinnacle,bb85d4849a1df6c4bfcd2154,0.39957653069922056,0.39957653069922056,150.26494880720247,-14.264948807202472,3,OK,136,draftkings,136,False,False,1.5,closest_offered_consensus_to_50pct_no_interpolation,,,,,UNSUPPORTED_PLAYER_PROP,0897c49705a05c04d65f1c02a830bc8446166ee6750153b629f2f4c40766b03b,4a14b3fdf51d13786a2e905526f21d4fe7601226e01da29583be8ff3210a7041,work/market-distribution-v1/artifacts/4a14b3fdf51d13786a2e905526f21d4fe7601226e01da29583be8ff3210a7041.json,,,False,False,none,False,,,850f45aae7a0e29c
6baa6c306717a79d298e09e4,2026-09-06T21:09:00.848566+00:00,850f45aae7a0e29c9c9d99adb49e34676c652f43a41ae97d88eb7751243eb060,e55c6fe19fce094ce214c8b0e5b504e9,1,2026-09-13T17:00:00Z,Jacksonville Jaguars,Cleveland Browns,player_receptions,player_receptions,Bhayshul Tuten,1.5,Under,1.5,fanduel,128,2.2800000000000002,0.39957653069922067,1.1130518068031252,2026-09-06T21:08:25Z,35.848566,conditional_non_push,,market_consensus_no_model,live_snapshot_not_T60,pinnacle,bb85d4849a1df6c4bfcd2154,0.39957653069922056,0.39957653069922056,150.26494880720247,-22.264948807202472,3,OK,136,draftkings,136,False,False,1.5,closest_offered_consensus_to_50pct_no_interpolation,,,,,UNSUPPORTED_PLAYER_PROP,0897c49705a05c04d65f1c02a830bc8446166ee6750153b629f2f4c40766b03b,4a14b3fdf51d13786a2e905526f21d4fe7601226e01da29583be8ff3210a7041,work/market-distribution-v1/artifacts/4a14b3fdf51d13786a2e905526f21d4fe7601226e01da29583be8ff3210a7041.json,,,False,False,none,False,,,850f45aae7a0e29c
8687bc4e21199d3402f61505,2026-09-06T21:09:00.848566+00:00,850f45aae7a0e29c9c9d99adb49e34676c652f43a41ae97d88eb7751243eb060,e55c6fe19fce094ce214c8b0e5b504e9,1,2026-09-13T17:00:00Z,Jacksonville Jaguars,Cleveland Browns,player_receptions,player_receptions,Bhayshul Tuten,1.5,Under,1.5,pinnacle,128,2.2800000000000002,0.39957653069922067,1.1130518068031252,2026-09-06T21:08:56Z,4.848566,conditional_non_push,,market_consensus_no_model,live_snapshot_not_T60,pinnacle,bb85d4849a1df6c4bfcd2154,0.39957653069922056,0.39957653069922056,150.26494880720247,-22.264948807202472,3,OK,136,draftkings,136,False,False,1.5,closest_offered_consensus_to_50pct_no_interpolation,,,,,UNSUPPORTED_PLAYER_PROP,0897c49705a05c04d65f1c02a830bc8446166ee6750153b629f2f4c40766b03b,4a14b3fdf51d13786a2e905526f21d4fe7601226e01da29583be8ff3210a7041,work/market-distribution-v1/artifacts/4a14b3fdf51d13786a2e905526f21d4fe7601226e01da29583be8ff3210a7041.json,,,False,False,none,False,,,850f45aae7a0e29c
453b991d52f52c819b16edce,2026-09-06T21:09:00.848566+00:00,850f45aae7a0e29c9c9d99adb49e34676c652f43a41ae97d88eb7751243eb060,e55c6fe19fce094ce214c8b0e5b504e9,1,2026-09-13T17:00:00Z,Jacksonville Jaguars,Cleveland Browns,player_receptions,player_receptions,Brenton Strange,3.5,Over,3.5,draftkings,108,2.08,0.4489632327401315,1.0934590230677235,2026-09-06T21:08:18Z,42.848566,conditional_non_push,,market_consensus_no_model,live_snapshot_not_T60,pinnacle,20888646d5bd65627abc9174,0.4687876505635508,0.4687876505635508,113.31619951973026,-5.316199519730262,3,OK,108,draftkings,108,False,False,3.5,closest_offered_consensus_to_50pct_no_interpolation,,,,,UNSUPPORTED_PLAYER_PROP,0897c49705a05c04d65f1c02a830bc8446166ee6750153b629f2f4c40766b03b,4a14b3fdf51d13786a2e905526f21d4fe7601226e01da29583be8ff3210a7041,work/market-distribution-v1/artifacts/4a14b3fdf51d13786a2e905526f21d4fe7601226e01da29583be8ff3210a7041.json,,,False,False,none,False,,,850f45aae7a0e29c
1c4672d7a20055827c7a2a74,2026-09-06T21:09:00.848566+00:00,850f45aae7a0e29c9c9d99adb49e34676c652f43a41ae97d88eb7751243eb060,e55c6fe19fce094ce214c8b0e5b504e9,1,2026-09-13T17:00:00Z,Jacksonville Jaguars,Cleveland Browns,player_receptions,player_receptions,Brenton Strange,3.5,Over,3.5,fanduel,-102,1.9803921568627452,0.46878765056355093,1.1087531918228133,2026-09-06T21:08:25Z,35.848566,conditional_non_push,,market_consensus_no_model,live_snapshot_not_T60,pinnacle,20888646d5bd65627abc9174,0.4687876505635508,0.4687876505635508,113.31619951973026,-15.316199519730262,3,OK,108,draftkings,108,False,False,3.5,closest_offered_consensus_to_50pct_no_interpolation,,,,,UNSUPPORTED_PLAYER_PROP,0897c49705a05c04d65f1c02a830bc8446166ee6750153b629f2f4c40766b03b,4a14b3fdf51d13786a2e905526f21d4fe7601226e01da29583be8ff3210a7041,work/market-distribution-v1/artifacts/4a14b3fdf51d13786a2e905526f21d4fe7601226e01da29583be8ff3210a7041.json,,,False,False,none,False,,,850f45aae7a0e29c
b0c09ba7e50ab4c7c63bcb29,2026-09-06T21:09:00.848566+00:00,850f45aae7a0e29c9c9d99adb49e34676c652f43a41ae97d88eb7751243eb060,e55c6fe19fce094ce214c8b0e5b504e9,1,2026-09-13T17:00:00Z,Jacksonville Jaguars,Cleveland Browns,player_receptions,player_receptions,Brenton Strange,3.5,Over,3.5,pinnacle,-102,1.9803921568627452,0.46878765056355093,1.1087531918228133,2026-09-06T21:08:56Z,4.848566,conditional_non_push,,market_consensus_no_model,live_snapshot_not_T60,pinnacle,20888646d5bd65627abc9174,0.4687876505635508,0.4687876505635508,113.31619951973026,-15.316199519730262,3,OK,108,draftkings,108,False,False,3.5,closest_offered_consensus_to_50pct_no_interpolation,,,,,UNSUPPORTED_PLAYER_PROP,0897c49705a05c04d65f1c02a830bc8446166ee6750153b629f2f4c40766b03b,4a14b3fdf51d13786a2e905526f21d4fe7601226e01da29583be8ff3210a7041,work/market-distribution-v1/artifacts/4a14b3fdf51d13786a2e905526f21d4fe7601226e01da29583be8ff3210a7041.json,,,False,False,none,False,,,850f45aae7a0e29c
31820d797534732b4eed3ce8,2026-09-06T21:09:00.848566+00:00,850f45aae7a0e29c9c9d99adb49e34676c652f43a41ae97d88eb7751243eb060,e55c6fe19fce094ce214c8b0e5b504e9,1,2026-09-13T17:00:00Z,Jacksonville Jaguars,Cleveland Browns,player_receptions,player_receptions,Brenton Strange,3.5,Under,3.5,draftkings,-138,1.7246376811594204,0.5510367672598686,1.0934590230677235,2026-09-06T21:08:18Z,42.848566,conditional_non_push,,market_consensus_no_model,live_snapshot_not_T60,pinnacle,20888646d5bd65627abc9174,0.5312123494364492,0.5312123494364492,-113.31619951973029,-24.68380048026971,3,OK,-130,fanduel|pinnacle,-130,False,False,3.5,closest_offered_consensus_to_50pct_no_interpolation,,,,,UNSUPPORTED_PLAYER_PROP,0897c49705a05c04d65f1c02a830bc8446166ee6750153b629f2f4c40766b03b,4a14b3fdf51d13786a2e905526f21d4fe7601226e01da29583be8ff3210a7041,work/market-distribution-v1/artifacts/4a14b3fdf51d13786a2e905526f21d4fe7601226e01da29583be8ff3210a7041.json,,,False,False,none,False,,,850f45aae7a0e29c
80ff577091cdec3a2ddaaabd,2026-09-06T21:09:00.848566+00:00,850f45aae7a0e29c9c9d99adb49e34676c652f43a41ae97d88eb7751243eb060,e55c6fe19fce094ce214c8b0e5b504e9,1,2026-09-13T17:00:00Z,Jacksonville Jaguars,Cleveland Browns,player_receptions,player_receptions,Brenton Strange,3.5,Under,3.5,fanduel,-130,1.7692307692307692,0.5312123494364493,1.1087531918228133,2026-09-06T21:08:25Z,35.848566,conditional_non_push,,market_consensus_no_model,live_snapshot_not_T60,pinnacle,20888646d5bd65627abc9174,0.5312123494364492,0.5312123494364492,-113.31619951973029,-16.68380048026971,3,OK,-130,fanduel|pinnacle,-130,False,False,3.5,closest_offered_consensus_to_50pct_no_interpolation,,,,,UNSUPPORTED_PLAYER_PROP,0897c49705a05c04d65f1c02a830bc8446166ee6750153b629f2f4c40766b03b,4a14b3fdf51d13786a2e905526f21d4fe7601226e01da29583be8ff3210a7041,work/market-distribution-v1/artifacts/4a14b3fdf51d13786a2e905526f21d4fe7601226e01da29583be8ff3210a7041.json,,,False,False,none,False,,,850f45aae7a0e29c
a89995ec8cbc1bfc97e4c11b,2026-09-06T21:09:00.848566+00:00,850f45aae7a0e29c9c9d99adb49e34676c652f43a41ae97d88eb7751243eb060,e55c6fe19fce094ce214c8b0e5b504e9,1,2026-09-13T17:00:00Z,Jacksonville Jaguars,Cleveland Browns,player_receptions,player_receptions,Brenton Strange,3.5,Under,3.5,pinnacle,-130,1.7692307692307692,0.5312123494364493,1.1087531918228133,2026-09-06T21:08:56Z,4.848566,conditional_non_push,,market_consensus_no_model,live_snapshot_not_T60,pinnacle,20888646d5bd65627abc9174,0.5312123494364492,0.5312123494364492,-113.31619951973029,-16.68380048026971,3,OK,-130,fanduel|pinnacle,-130,False,False,3.5,closest_offered_consensus_to_50pct_no_interpolation,,,,,UNSUPPORTED_PLAYER_PROP,0897c49705a05c04d65f1c02a830bc8446166ee6750153b629f2f4c40766b03b,4a14b3fdf51d13786a2e905526f21d4fe7601226e01da29583be8ff3210a7041,work/market-distribution-v1/artifacts/4a14b3fdf51d13786a2e905526f21d4fe7601226e01da29583be8ff3210a7041.json,,,False,False,none,False,,,850f45aae7a0e29c
127ea25d2e31affad4cec5fc,2026-09-06T21:09:00.848566+00:00,850f45aae7a0e29c9c9d99adb49e34676c652f43a41ae97d88eb7751243eb060,e55c6fe19fce094ce214c8b0e5b504e9,1,2026-09-13T17:00:00Z,Jacksonville Jaguars,Cleveland Browns,player_receptions,player_receptions,Brian Thomas Jr,2.5,Over,2.5,draftkings,-162,1.617283950617284,0.590618082043689,1.0953462295159602,2026-09-06T21:08:18Z,42.848566,conditional_non_push,,market_consensus_no_model,live_snapshot_not_T60,pinnacle,13193014d2eb84af05fa64ff,0.6004234693007795,0.6004234693007795,-150.2649488072025,-11.7350511927975,3,OK,-162,draftkings,-162,False,False,2.5,closest_offered_consensus_to_50pct_no_interpolation,,,,,UNSUPPORTED_PLAYER_PROP,0897c49705a05c04d65f1c02a830bc8446166ee6750153b629f2f4c40766b03b,4a14b3fdf51d13786a2e905526f21d4fe7601226e01da29583be8ff3210a7041,work/market-distribution-v1/artifacts/4a14b3fdf51d13786a2e905526f21d4fe7601226e01da29583be8ff3210a7041.json,,,False,False,none,False,,,850f45aae7a0e29c
13c33839503bcab37bfe9ff0,2026-09-06T21:09:00.848566+00:00,850f45aae7a0e29c9c9d99adb49e34676c652f43a41ae97d88eb7751243eb060,e55c6fe19fce094ce214c8b0e5b504e9,1,2026-09-13T17:00:00Z,Jacksonville Jaguars,Cleveland Browns,player_receptions,player_receptions,Brian Thomas Jr,2.5,Over,2.5,fanduel,-172,1.5813953488372094,0.6004234693007796,1.1130518068031252,2026-09-06T21:08:25Z,35.848566,conditional_non_push,,market_consensus_no_model,live_snapshot_not_T60,pinnacle,13193014d2eb84af05fa64ff,0.6004234693007795,0.6004234693007795,-150.2649488072025,-21.7350511927975,3,OK,-162,draftkings,-162,False,False,2.5,closest_offered_consensus_to_50pct_no_interpolation,,,,,UNSUPPORTED_PLAYER_PROP,0897c49705a05c04d65f1c02a830bc8446166ee6750153b629f2f4c40766b03b,4a14b3fdf51d13786a2e905526f21d4fe7601226e01da29583be8ff3210a7041,work/market-distribution-v1/artifacts/4a14b3fdf51d13786a2e905526f21d4fe7601226e01da29583be8ff3210a7041.json,,,False,False,none,False,,,850f45aae7a0e29c
75445f4ab809d9ee45568af6,2026-09-06T21:09:00.848566+00:00,850f45aae7a0e29c9c9d99adb49e34676c652f43a41ae97d88eb7751243eb060,e55c6fe19fce094ce214c8b0e5b504e9,1,2026-09-13T17:00:00Z,Jacksonville Jaguars,Cleveland Browns,player_receptions,player_receptions,Brian Thomas Jr,2.5,Over,2.5,pinnacle,-172,1.5813953488372094,0.6004234693007796,1.1130518068031252,2026-09-06T21:08:56Z,4.848566,conditional_non_push,,market_consensus_no_model,live_snapshot_not_T60,pinnacle,13193014d2eb84af05fa64ff,0.6004234693007795,0.6004234693007795,-150.2649488072025,-21.7350511927975,3,OK,-162,draftkings,-162,False,False,2.5,closest_offered_consensus_to_50pct_no_interpolation,,,,,UNSUPPORTED_PLAYER_PROP,0897c49705a05c04d65f1c02a830bc8446166ee6750153b629f2f4c40766b03b,4a14b3fdf51d13786a2e905526f21d4fe7601226e01da29583be8ff3210a7041,work/market-distribution-v1/artifacts/4a14b3fdf51d13786a2e905526f21d4fe7601226e01da29583be8ff3210a7041.json,,,False,False,none,False,,,850f45aae7a0e29c
93e13a979b14a4620612c4a9,2026-09-06T21:09:00.848566+00:00,850f45aae7a0e29c9c9d99adb49e34676c652f43a41ae97d88eb7751243eb060,e55c6fe19fce094ce214c8b0e5b504e9,1,2026-09-13T17:00:00Z,Jacksonville Jaguars,Cleveland Browns,player_receptions,player_receptions,Brian Thomas Jr,2.5,Under,2.5,draftkings,126,2.26,0.4093819179563112,1.0953462295159602,2026-09-06T21:08:18Z,42.848566,conditional_non_push,,market_consensus_no_model,live_snapshot_not_T60,pinnacle,13193014d2eb84af05fa64ff,0.39957653069922056,0.39957653069922056,150.26494880720247,-24.264948807202472,3,OK,128,fanduel|pinnacle,128,False,False,2.5,closest_offered_consensus_to_50pct_no_interpolation,,,,,UNSUPPORTED_PLAYER_PROP,0897c49705a05c04d65f1c02a830bc8446166ee6750153b629f2f4c40766b03b,4a14b3fdf51d13786a2e905526f21d4fe7601226e01da29583be8ff3210a7041,work/market-distribution-v1/artifacts/4a14b3fdf51d13786a2e905526f21d4fe7601226e01da29583be8ff3210a7041.json,,,False,False,none,False,,,850f45aae7a0e29c
995fd2083623715142025935,2026-09-06T21:09:00.848566+00:00,850f45aae7a0e29c9c9d99adb49e34676c652f43a41ae97d88eb7751243eb060,e55c6fe19fce094ce214c8b0e5b504e9,1,2026-09-13T17:00:00Z,Jacksonville Jaguars,Cleveland Browns,player_receptions,player_receptions,Brian Thomas Jr,2.5,Under,2.5,fanduel,128,2.2800000000000002,0.39957653069922067,1.1130518068031252,2026-09-06T21:08:25Z,35.848566,conditional_non_push,,market_consensus_no_model,live_snapshot_not_T60,pinnacle,13193014d2eb84af05fa64ff,0.39957653069922056,0.39957653069922056,150.26494880720247,-22.264948807202472,3,OK,128,fanduel|pinnacle,128,False,False,2.5,closest_offered_consensus_to_50pct_no_interpolation,,,,,UNSUPPORTED_PLAYER_PROP,0897c49705a05c04d65f1c02a830bc8446166ee6750153b629f2f4c40766b03b,4a14b3fdf51d13786a2e905526f21d4fe7601226e01da29583be8ff3210a7041,work/market-distribution-v1/artifacts/4a14b3fdf51d13786a2e905526f21d4fe7601226e01da29583be8ff3210a7041.json,,,False,False,none,False,,,850f45aae7a0e29c
5610fda6a46c6f1dbe5d34dd,2026-09-06T21:09:00.848566+00:00,850f45aae7a0e29c9c9d99adb49e34676c652f43a41ae97d88eb7751243eb060,e55c6fe19fce094ce214c8b0e5b504e9,1,2026-09-13T17:00:00Z,Jacksonville Jaguars,Cleveland Browns,player_receptions,player_receptions,Brian Thomas Jr,2.5,Under,2.5,pinnacle,128,2.2800000000000002,0.39957653069922067,1.1130518068031252,2026-09-06T21:08:56Z,4.848566,conditional_non_push,,market_consensus_no_model,live_snapshot_not_T60,pinnacle,13193014d2eb84af05fa64ff,0.39957653069922056,0.39957653069922056,150.26494880720247,-22.264948807202472,3,OK,128,fanduel|pinnacle,128,False,False,2.5,closest_offered_consensus_to_50pct_no_interpolation,,,,,UNSUPPORTED_PLAYER_PROP,0897c49705a05c04d65f1c02a830bc8446166ee6750153b629f2f4c40766b03b,4a14b3fdf51d13786a2e905526f21d4fe7601226e01da29583be8ff3210a7041,work/market-distribution-v1/artifacts/4a14b3fdf51d13786a2e905526f21d4fe7601226e01da29583be8ff3210a7041.json,,,False,False,none,False,,,850f45aae7a0e29c
a15b49a32019e0cc1926a859,2026-09-06T21:09:00.848566+00:00,850f45aae7a0e29c9c9d99adb49e34676c652f43a41ae97d88eb7751243eb060,e55c6fe19fce094ce214c8b0e5b504e9,1,2026-09-13T17:00:00Z,Jacksonville Jaguars,Cleveland Browns,player_receptions,player_receptions,Denzel Boston,2.5,Over,2.5,draftkings,121,2.21,0.4208273883895414,1.0914762954874924,2026-09-06T21:08:18Z,42.848566,conditional_non_push,,market_consensus_no_model,live_snapshot_not_T60,pinnacle,3dd8b31a69da3e7950cf5ca2,0.43527724698320036,0.43527724698320036,129.7386336939857,-8.73863369398569,3,OK,121,draftkings,121,False,False,2.5,closest_offered_consensus_to_50pct_no_interpolation,,,,,UNSUPPORTED_PLAYER_PROP,0897c49705a05c04d65f1c02a830bc8446166ee6750153b629f2f4c40766b03b,4a14b3fdf51d13786a2e905526f21d4fe7601226e01da29583be8ff3210a7041,work/market-distribution-v1/artifacts/4a14b3fdf51d13786a2e905526f21d4fe7601226e01da29583be8ff3210a7041.json,,,False,False,none,False,,,850f45aae7a0e29c
d478622ca107d6584fa886ba,2026-09-06T21:09:00.848566+00:00,850f45aae7a0e29c9c9d99adb49e34676c652f43a41ae97d88eb7751243eb060,e55c6fe19fce094ce214c8b0e5b504e9,1,2026-09-13T17:00:00Z,Jacksonville Jaguars,Cleveland Browns,player_receptions,player_receptions,Denzel Boston,2.5,Over,2.5,fanduel,112,2.12,0.43527724698320036,1.1069394361577571,2026-09-06T21:08:25Z,35.848566,conditional_non_push,,market_consensus_no_model,live_snapshot_not_T60,pinnacle,3dd8b31a69da3e7950cf5ca2,0.43527724698320036,0.43527724698320036,129.7386336939857,-17.73863369398569,3,OK,121,draftkings,121,False,False,2.5,closest_offered_consensus_to_50pct_no_interpolation,,,,,UNSUPPORTED_PLAYER_PROP,0897c49705a05c04d65f1c02a830bc8446166ee6750153b629f2f4c40766b03b,4a14b3fdf51d13786a2e905526f21d4fe7601226e01da29583be8ff3210a7041,work/market-distribution-v1/artifacts/4a14b3fdf51d13786a2e905526f21d4fe7601226e01da29583be8ff3210a7041.json,,,False,False,none,False,,,850f45aae7a0e29c
98f486884995eea8cceb726a,2026-09-06T21:09:00.848566+00:00,850f45aae7a0e29c9c9d99adb49e34676c652f43a41ae97d88eb7751243eb060,e55c6fe19fce094ce214c8b0e5b504e9,1,2026-09-13T17:00:00Z,Jacksonville Jaguars,Cleveland Browns,player_receptions,player_receptions,Denzel Boston,2.5,Over,2.5,pinnacle,112,2.12,0.43527724698320036,1.1069394361577571,2026-09-06T21:08:56Z,4.848566,conditional_non_push,,market_consensus_no_model,live_snapshot_not_T60,pinnacle,3dd8b31a69da3e7950cf5ca2,0.43527724698320036,0.43527724698320036,129.7386336939857,-17.73863369398569,3,OK,121,draftkings,121,False,False,2.5,closest_offered_consensus_to_50pct_no_interpolation,,,,,UNSUPPORTED_PLAYER_PROP,0897c49705a05c04d65f1c02a830bc8446166ee6750153b629f2f4c40766b03b,4a14b3fdf51d13786a2e905526f21d4fe7601226e01da29583be8ff3210a7041,work/market-distribution-v1/artifacts/4a14b3fdf51d13786a2e905526f21d4fe7601226e01da29583be8ff3210a7041.json,,,False,False,none,False,,,850f45aae7a0e29c
25f461806d2b72fd32d0d5a3,2026-09-06T21:09:00.848566+00:00,850f45aae7a0e29c9c9d99adb49e34676c652f43a41ae97d88eb7751243eb060,e55c6fe19fce094ce214c8b0e5b504e9,1,2026-09-13T17:00:00Z,Jacksonville Jaguars,Cleveland Browns,player_receptions,player_receptions,Denzel Boston,2.5,Under,2.5,draftkings,-154,1.6493506493506493,0.5791726116104586,1.0914762954874924,2026-09-06T21:08:18Z,42.848566,conditional_non_push,,market_consensus_no_model,live_snapshot_not_T60,pinnacle,3dd8b31a69da3e7950cf5ca2,0.5647227530167998,0.5647227530167998,-129.73863369398572,-24.26136630601428,3,OK,-148,fanduel|pinnacle,-148,False,False,2.5,closest_offered_consensus_to_50pct_no_interpolation,,,,,UNSUPPORTED_PLAYER_PROP,0897c49705a05c04d65f1c02a830bc8446166ee6750153b629f2f4c40766b03b,4a14b3fdf51d13786a2e905526f21d4fe7601226e01da29583be8ff3210a7041,work/market-distribution-v1/artifacts/4a14b3fdf51d13786a2e905526f21d4fe7601226e01da29583be8ff3210a7041.json,,,False,False,none,False,,,850f45aae7a0e29c
9cbad7e189cd669b1cb61d62,2026-09-06T21:09:00.848566+00:00,850f45aae7a0e29c9c9d99adb49e34676c652f43a41ae97d88eb7751243eb060,e55c6fe19fce094ce214c8b0e5b504e9,1,2026-09-13T17:00:00Z,Jacksonville Jaguars,Cleveland Browns,player_receptions,player_receptions,Denzel Boston,2.5,Under,2.5,fanduel,-148,1.6756756756756757,0.5647227530167998,1.1069394361577571,2026-09-06T21:08:25Z,35.848566,conditional_non_push,,market_consensus_no_model,live_snapshot_not_T60,pinnacle,3dd8b31a69da3e7950cf5ca2,0.5647227530167998,0.5647227530167998,-129.73863369398572,-18.26136630601428,3,OK,-148,fanduel|pinnacle,-148,False,False,2.5,closest_offered_consensus_to_50pct_no_interpolation,,,,,UNSUPPORTED_PLAYER_PROP,0897c49705a05c04d65f1c02a830bc8446166ee6750153b629f2f4c40766b03b,4a14b3fdf51d13786a2e905526f21d4fe7601226e01da29583be8ff3210a7041,work/market-distribution-v1/artifacts/4a14b3fdf51d13786a2e905526f21d4fe7601226e01da29583be8ff3210a7041.json,,,False,False,none,False,,,850f45aae7a0e29c
9fd6a911ffee1564e38c4ab3,2026-09-06T21:09:00.848566+00:00,850f45aae7a0e29c9c9d99adb49e34676c652f43a41ae97d88eb7751243eb060,e55c6fe19fce094ce214c8b0e5b504e9,1,2026-09-13T17:00:00Z,Jacksonville Jaguars,Cleveland Browns,player_receptions,player_receptions,Denzel Boston,2.5,Under,2.5,pinnacle,-148,1.6756756756756757,0.5647227530167998,1.1069394361577571,2026-09-06T21:08:56Z,4.848566,conditional_non_push,,market_consensus_no_model,live_snapshot_not_T60,pinnacle,3dd8b31a69da3e7950cf5ca2,0.5647227530167998,0.5647227530167998,-129.73863369398572,-18.26136630601428,3,OK,-148,fanduel|pinnacle,-148,False,False,2.5,closest_offered_consensus_to_50pct_no_interpolation,,,,,UNSUPPORTED_PLAYER_PROP,0897c49705a05c04d65f1c02a830bc8446166ee6750153b629f2f4c40766b03b,4a14b3fdf51d13786a2e905526f21d4fe7601226e01da29583be8ff3210a7041,work/market-distribution-v1/artifacts/4a14b3fdf51d13786a2e905526f21d4fe7601226e01da29583be8ff3210a7041.json,,,False,False,none,False,,,850f45aae7a0e29c
d95ffc7838efe3ee8eee7731,2026-09-06T21:09:00.848566+00:00,850f45aae7a0e29c9c9d99adb49e34676c652f43a41ae97d88eb7751243eb060,e55c6fe19fce094ce214c8b0e5b504e9,1,2026-09-13T17:00:00Z,Jacksonville Jaguars,Cleveland Browns,player_receptions,player_receptions,Harold Fannin Jr.,4.5,Over,4.5,draftkings,123,2.23,0.4155000528199645,1.095100749764557,2026-09-06T21:08:18Z,42.848566,conditional_non_push,,market_consensus_no_model,live_snapshot_not_T60,pinnacle,62c2271ab97e7e3368caa953,0.4079634229784909,0.4079634229784909,145.12001411771737,-22.120014117717375,3,OK,124,fanduel|pinnacle,124,False,False,4.5,closest_offered_consensus_to_50pct_no_interpolation,,,,,UNSUPPORTED_PLAYER_PROP,0897c49705a05c04d65f1c02a830bc8446166ee6750153b629f2f4c40766b03b,4a14b3fdf51d13786a2e905526f21d4fe7601226e01da29583be8ff3210a7041,work/market-distribution-v1/artifacts/4a14b3fdf51d13786a2e905526f21d4fe7601226e01da29583be8ff3210a7041.json,,,False,False,none,False,,,850f45aae7a0e29c
084ce967baf5a1712b4c8f01,2026-09-06T21:09:00.848566+00:00,850f45aae7a0e29c9c9d99adb49e34676c652f43a41ae97d88eb7751243eb060,e55c6fe19fce094ce214c8b0e5b504e9,1,2026-09-13T17:00:00Z,Jacksonville Jaguars,Cleveland Browns,player_receptions,player_receptions,Harold Fannin Jr.,4.5,Over,4.5,fanduel,124,2.24,0.40796342297849103,1.1117229865216771,2026-09-06T21:08:25Z,35.848566,conditional_non_push,,market_consensus_no_model,live_snapshot_not_T60,pinnacle,62c2271ab97e7e3368caa953,0.4079634229784909,0.4079634229784909,145.12001411771737,-21.120014117717375,3,OK,124,fanduel|pinnacle,124,False,False,4.5,closest_offered_consensus_to_50pct_no_interpolation,,,,,UNSUPPORTED_PLAYER_PROP,0897c49705a05c04d65f1c02a830bc8446166ee6750153b629f2f4c40766b03b,4a14b3fdf51d13786a2e905526f21d4fe7601226e01da29583be8ff3210a7041,work/market-distribution-v1/artifacts/4a14b3fdf51d13786a2e905526f21d4fe7601226e01da29583be8ff3210a7041.json,,,False,False,none,False,,,850f45aae7a0e29c
b23700b2543aec06238e0b2f,2026-09-06T21:09:00.848566+00:00,850f45aae7a0e29c9c9d99adb49e34676c652f43a41ae97d88eb7751243eb060,e55c6fe19fce094ce214c8b0e5b504e9,1,2026-09-13T17:00:00Z,Jacksonville Jaguars,Cleveland Browns,player_receptions,player_receptions,Harold Fannin Jr.,4.5,Over,4.5,pinnacle,124,2.24,0.40796342297849103,1.1117229865216771,2026-09-06T21:08:56Z,4.848566,conditional_non_push,,market_consensus_no_model,live_snapshot_not_T60,pinnacle,62c2271ab97e7e3368caa953,0.4079634229784909,0.4079634229784909,145.12001411771737,-21.120014117717375,3,OK,124,fanduel|pinnacle,124,False,False,4.5,closest_offered_consensus_to_50pct_no_interpolation,,,,,UNSUPPORTED_PLAYER_PROP,0897c49705a05c04d65f1c02a830bc8446166ee6750153b629f2f4c40766b03b,4a14b3fdf51d13786a2e905526f21d4fe7601226e01da29583be8ff3210a7041,work/market-distribution-v1/artifacts/4a14b3fdf51d13786a2e905526f21d4fe7601226e01da29583be8ff3210a7041.json,,,False,False,none,False,,,850f45aae7a0e29c
65a119275434a9bc31402aba,2026-09-06T21:09:00.848566+00:00,850f45aae7a0e29c9c9d99adb49e34676c652f43a41ae97d88eb7751243eb060,e55c6fe19fce094ce214c8b0e5b504e9,1,2026-09-13T17:00:00Z,Jacksonville Jaguars,Cleveland Browns,player_receptions,player_receptions,Harold Fannin Jr.,4.5,Under,4.5,draftkings,-158,1.6329113924050633,0.5844999471800355,1.095100749764557,2026-09-06T21:08:18Z,42.848566,conditional_non_push,,market_consensus_no_model,live_snapshot_not_T60,pinnacle,62c2271ab97e7e3368caa953,0.592036577021509,0.592036577021509,-145.12001411771735,-12.879985882282654,3,OK,-158,draftkings,-158,False,False,4.5,closest_offered_consensus_to_50pct_no_interpolation,,,,,UNSUPPORTED_PLAYER_PROP,0897c49705a05c04d65f1c02a830bc8446166ee6750153b629f2f4c40766b03b,4a14b3fdf51d13786a2e905526f21d4fe7601226e01da29583be8ff3210a7041,work/market-distribution-v1/artifacts/4a14b3fdf51d13786a2e905526f21d4fe7601226e01da29583be8ff3210a7041.json,,,False,False,none,False,,,850f45aae7a0e29c
2e08b79f7205ceba0dcfddb3,2026-09-06T21:09:00.848566+00:00,850f45aae7a0e29c9c9d99adb49e34676c652f43a41ae97d88eb7751243eb060,e55c6fe19fce094ce214c8b0e5b504e9,1,2026-09-13T17:00:00Z,Jacksonville Jaguars,Cleveland Browns,player_receptions,player_receptions,Harold Fannin Jr.,4.5,Under,4.5,fanduel,-166,1.6024096385542168,0.5920365770215091,1.1117229865216771,2026-09-06T21:08:25Z,35.848566,conditional_non_push,,market_consensus_no_model,live_snapshot_not_T60,pinnacle,62c2271ab97e7e3368caa953,0.592036577021509,0.592036577021509,-145.12001411771735,-20.879985882282654,3,OK,-158,draftkings,-158,False,False,4.5,closest_offered_consensus_to_50pct_no_interpolation,,,,,UNSUPPORTED_PLAYER_PROP,0897c49705a05c04d65f1c02a830bc8446166ee6750153b629f2f4c40766b03b,4a14b3fdf51d13786a2e905526f21d4fe7601226e01da29583be8ff3210a7041,work/market-distribution-v1/artifacts/4a14b3fdf51d13786a2e905526f21d4fe7601226e01da29583be8ff3210a7041.json,,,False,False,none,False,,,850f45aae7a0e29c
3e2a2503a9aef273250cf785,2026-09-06T21:09:00.848566+00:00,850f45aae7a0e29c9c9d99adb49e34676c652f43a41ae97d88eb7751243eb060,e55c6fe19fce094ce214c8b0e5b504e9,1,2026-09-13T17:00:00Z,Jacksonville Jaguars,Cleveland Browns,player_receptions,player_receptions,Harold Fannin Jr.,4.5,Under,4.5,pinnacle,-166,1.6024096385542168,0.5920365770215091,1.1117229865216771,2026-09-06T21:08:56Z,4.848566,conditional_non_push,,market_consensus_no_model,live_snapshot_not_T60,pinnacle,62c2271ab97e7e3368caa953,0.592036577021509,0.592036577021509,-145.12001411771735,-20.879985882282654,3,OK,-158,draftkings,-158,False,False,4.5,closest_offered_consensus_to_50pct_no_interpolation,,,,,UNSUPPORTED_PLAYER_PROP,0897c49705a05c04d65f1c02a830bc8446166ee6750153b629f2f4c40766b03b,4a14b3fdf51d13786a2e905526f21d4fe7601226e01da29583be8ff3210a7041,work/market-distribution-v1/artifacts/4a14b3fdf51d13786a2e905526f21d4fe7601226e01da29583be8ff3210a7041.json,,,False,False,none,False,,,850f45aae7a0e29c
bb0f8ec6d23ae3efffbbba97,2026-09-06T21:09:00.848566+00:00,850f45aae7a0e29c9c9d99adb49e34676c652f43a41ae97d88eb7751243eb060,e55c6fe19fce094ce214c8b0e5b504e9,1,2026-09-13T17:00:00Z,Jacksonville Jaguars,Cleveland Browns,player_receptions,player_receptions,Jakobi Meyers,3.5,Over,3.5,draftkings,-122,1.819672131147541,0.5192556457755295,1.0947164553109405,2026-09-06T21:08:18Z,42.848566,conditional_non_push,,market_consensus_no_model,live_snapshot_not_T60,pinnacle,21acfa054136a7c6ed2e5975,0.5,0.5,-100.0,-22.0,3,OK,-114,fanduel|pinnacle,-114,False,False,3.5,closest_offered_consensus_to_50pct_no_interpolation,,,,,UNSUPPORTED_PLAYER_PROP,0897c49705a05c04d65f1c02a830bc8446166ee6750153b629f2f4c40766b03b,4a14b3fdf51d13786a2e905526f21d4fe7601226e01da29583be8ff3210a7041,work/market-distribution-v1/artifacts/4a14b3fdf51d13786a2e905526f21d4fe7601226e01da29583be8ff3210a7041.json,,,False,False,none,False,,,850f45aae7a0e29c
215bfc076e32023187dcf015,2026-09-06T21:09:00.848566+00:00,850f45aae7a0e29c9c9d99adb49e34676c652f43a41ae97d88eb7751243eb060,e55c6fe19fce094ce214c8b0e5b504e9,1,2026-09-13T17:00:00Z,Jacksonville Jaguars,Cleveland Browns,player_receptions,player_receptions,Jakobi Meyers,3.5,Over,3.5,fanduel,-114,1.8771929824561404,0.5000000000000001,1.1006222153512897,2026-09-06T21:08:25Z,35.848566,conditional_non_push,,market_consensus_no_model,live_snapshot_not_T60,pinnacle,21acfa054136a7c6ed2e5975,0.5,0.5,-100.0,-14.0,3,OK,-114,fanduel|pinnacle,-114,False,False,3.5,closest_offered_consensus_to_50pct_no_interpolation,,,,,UNSUPPORTED_PLAYER_PROP,0897c49705a05c04d65f1c02a830bc8446166ee6750153b629f2f4c40766b03b,4a14b3fdf51d13786a2e905526f21d4fe7601226e01da29583be8ff3210a7041,work/market-distribution-v1/artifacts/4a14b3fdf51d13786a2e905526f21d4fe7601226e01da29583be8ff3210a7041.json,,,False,False,none,False,,,850f45aae7a0e29c
26f1790b987e8da852da9ba2,2026-09-06T21:09:00.848566+00:00,850f45aae7a0e29c9c9d99adb49e34676c652f43a41ae97d88eb7751243eb060,e55c6fe19fce094ce214c8b0e5b504e9,1,2026-09-13T17:00:00Z,Jacksonville Jaguars,Cleveland Browns,player_receptions,player_receptions,Jakobi Meyers,3.5,Over,3.5,pinnacle,-114,1.8771929824561404,0.5000000000000001,1.1006222153512897,2026-09-06T21:08:56Z,4.848566,conditional_non_push,,market_consensus_no_model,live_snapshot_not_T60,pinnacle,21acfa054136a7c6ed2e5975,0.5,0.5,-100.0,-14.0,3,OK,-114,fanduel|pinnacle,-114,False,False,3.5,closest_offered_consensus_to_50pct_no_interpolation,,,,,UNSUPPORTED_PLAYER_PROP,0897c49705a05c04d65f1c02a830bc8446166ee6750153b629f2f4c40766b03b,4a14b3fdf51d13786a2e905526f21d4fe7601226e01da29583be8ff3210a7041,work/market-distribution-v1/artifacts/4a14b3fdf51d13786a2e905526f21d4fe7601226e01da29583be8ff3210a7041.json,,,False,False,none,False,,,850f45aae7a0e29c
292f65188011c862c825e631,2026-09-06T21:09:00.848566+00:00,850f45aae7a0e29c9c9d99adb49e34676c652f43a41ae97d88eb7751243eb060,e55c6fe19fce094ce214c8b0e5b504e9,1,2026-09-13T17:00:00Z,Jacksonville Jaguars,Cleveland Browns,player_receptions,player_receptions,Jakobi Meyers,3.5,Under,3.5,draftkings,-105,1.9523809523809523,0.48074435422447054,1.0947164553109405,2026-09-06T21:08:18Z,42.848566,conditional_non_push,,market_consensus_no_model,live_snapshot_not_T60,pinnacle,21acfa054136a7c6ed2e5975,0.5,0.5,-100.0,-5.0,3,OK,-105,draftkings,-105,False,False,3.5,closest_offered_consensus_to_50pct_no_interpolation,,,,,UNSUPPORTED_PLAYER_PROP,0897c49705a05c04d65f1c02a830bc8446166ee6750153b629f2f4c40766b03b,4a14b3fdf51d13786a2e905526f21d4fe7601226e01da29583be8ff3210a7041,work/market-distribution-v1/artifacts/4a14b3fdf51d13786a2e905526f21d4fe7601226e01da29583be8ff3210a7041.json,,,False,False,none,False,,,850f45aae7a0e29c
f77cec6b03c2a14ce7897977,2026-09-06T21:09:00.848566+00:00,850f45aae7a0e29c9c9d99adb49e34676c652f43a41ae97d88eb7751243eb060,e55c6fe19fce094ce214c8b0e5b504e9,1,2026-09-13T17:00:00Z,Jacksonville Jaguars,Cleveland Browns,player_receptions,player_receptions,Jakobi Meyers,3.5,Under,3.5,fanduel,-114,1.8771929824561404,0.5000000000000001,1.1006222153512897,2026-09-06T21:08:25Z,35.848566,conditional_non_push,,market_consensus_no_model,live_snapshot_not_T60,pinnacle,21acfa054136a7c6ed2e5975,0.5,0.5,-100.0,-14.0,3,OK,-105,draftkings,-105,False,False,3.5,closest_offered_consensus_to_50pct_no_interpolation,,,,,UNSUPPORTED_PLAYER_PROP,0897c49705a05c04d65f1c02a830bc8446166ee6750153b629f2f4c40766b03b,4a14b3fdf51d13786a2e905526f21d4fe7601226e01da29583be8ff3210a7041,work/market-distribution-v1/artifacts/4a14b3fdf51d13786a2e905526f21d4fe7601226e01da29583be8ff3210a7041.json,,,False,False,none,False,,,850f45aae7a0e29c
7070f73bea919a6351298555,2026-09-06T21:09:00.848566+00:00,850f45aae7a0e29c9c9d99adb49e34676c652f43a41ae97d88eb7751243eb060,e55c6fe19fce094ce214c8b0e5b504e9,1,2026-09-13T17:00:00Z,Jacksonville Jaguars,Cleveland Browns,player_receptions,player_receptions,Jakobi Meyers,3.5,Under,3.5,pinnacle,-114,1.8771929824561404,0.5000000000000001,1.1006222153512897,2026-09-06T21:08:56Z,4.848566,conditional_non_push,,market_consensus_no_model,live_snapshot_not_T60,pinnacle,21acfa054136a7c6ed2e5975,0.5,0.5,-100.0,-14.0,3,OK,-105,draftkings,-105,False,False,3.5,closest_offered_consensus_to_50pct_no_interpolation,,,,,UNSUPPORTED_PLAYER_PROP,0897c49705a05c04d65f1c02a830bc8446166ee6750153b629f2f4c40766b03b,4a14b3fdf51d13786a2e905526f21d4fe7601226e01da29583be8ff3210a7041,work/market-distribution-v1/artifacts/4a14b3fdf51d13786a2e905526f21d4fe7601226e01da29583be8ff3210a7041.json,,,False,False,none,False,,,850f45aae7a0e29c
04eb11322dc3c0adab31a0a7,2026-09-06T21:09:00.848566+00:00,850f45aae7a0e29c9c9d99adb49e34676c652f43a41ae97d88eb7751243eb060,e55c6fe19fce094ce214c8b0e5b504e9,1,2026-09-13T17:00:00Z,Jacksonville Jaguars,Cleveland Browns,player_receptions,player_receptions,Jerry Jeudy,2.5,Over,2.5,draftkings,-150,1.6666666666666665,0.5717143506713313,1.0945335810560057,2026-09-06T21:08:18Z,42.848566,conditional_non_push,,market_consensus_no_model,live_snapshot_not_T60,pinnacle,6280a8867b7992b9d194d651,0.603727082826799,0.603727082826799,-152.35133582518458,2.3513358251845773,3,OK,-150,draftkings,-150,False,False,2.5,closest_offered_consensus_to_50pct_no_interpolation,,,,,UNSUPPORTED_PLAYER_PROP,0897c49705a05c04d65f1c02a830bc8446166ee6750153b629f2f4c40766b03b,4a14b3fdf51d13786a2e905526f21d4fe7601226e01da29583be8ff3210a7041,work/market-distribution-v1/artifacts/4a14b3fdf51d13786a2e905526f21d4fe7601226e01da29583be8ff3210a7041.json,,,False,False,none,False,,,850f45aae7a0e29c
025902190c90191e054e2641,2026-09-06T21:09:00.848566+00:00,850f45aae7a0e29c9c9d99adb49e34676c652f43a41ae97d88eb7751243eb060,e55c6fe19fce094ce214c8b0e5b504e9,1,2026-09-13T17:00:00Z,Jacksonville Jaguars,Cleveland Browns,player_receptions,player_receptions,Jerry Jeudy,2.5,Over,2.5,fanduel,-174,1.5747126436781609,0.603727082826799,1.1113482789859415,2026-09-06T21:08:25Z,35.848566,conditional_non_push,,market_consensus_no_model,live_snapshot_not_T60,pinnacle,6280a8867b7992b9d194d651,0.603727082826799,0.603727082826799,-152.35133582518458,-21.648664174815423,3,OK,-150,draftkings,-150,False,False,2.5,closest_offered_consensus_to_50pct_no_interpolation,,,,,UNSUPPORTED_PLAYER_PROP,0897c49705a05c04d65f1c02a830bc8446166ee6750153b629f2f4c40766b03b,4a14b3fdf51d13786a2e905526f21d4fe7601226e01da29583be8ff3210a7041,work/market-distribution-v1/artifacts/4a14b3fdf51d13786a2e905526f21d4fe7601226e01da29583be8ff3210a7041.json,,,False,False,none,False,,,850f45aae7a0e29c
c619911bf2e7d5cc667db23d,2026-09-06T21:09:00.848566+00:00,850f45aae7a0e29c9c9d99adb49e34676c652f43a41ae97d88eb7751243eb060,e55c6fe19fce094ce214c8b0e5b504e9,1,2026-09-13T17:00:00Z,Jacksonville Jaguars,Cleveland Browns,player_receptions,player_receptions,Jerry Jeudy,2.5,Over,2.5,pinnacle,-174,1.5747126436781609,0.603727082826799,1.1113482789859415,2026-09-06T21:08:56Z,4.848566,conditional_non_push,,market_consensus_no_model,live_snapshot_not_T60,pinnacle,6280a8867b7992b9d194d651,0.603727082826799,0.603727082826799,-152.35133582518458,-21.648664174815423,3,OK,-150,draftkings,-150,False,False,2.5,closest_offered_consensus_to_50pct_no_interpolation,,,,,UNSUPPORTED_PLAYER_PROP,0897c49705a05c04d65f1c02a830bc8446166ee6750153b629f2f4c40766b03b,4a14b3fdf51d13786a2e905526f21d4fe7601226e01da29583be8ff3210a7041,work/market-distribution-v1/artifacts/4a14b3fdf51d13786a2e905526f21d4fe7601226e01da29583be8ff3210a7041.json,,,False,False,none,False,,,850f45aae7a0e29c
a61b14ce34c88c86243c473d,2026-09-06T21:09:00.848566+00:00,850f45aae7a0e29c9c9d99adb49e34676c652f43a41ae97d88eb7751243eb060,e55c6fe19fce094ce214c8b0e5b504e9,1,2026-09-13T17:00:00Z,Jacksonville Jaguars,Cleveland Browns,player_receptions,player_receptions,Jerry Jeudy,2.5,Under,2.5,draftkings,117,2.17,0.4282856493286689,1.0945335810560057,2026-09-06T21:08:18Z,42.848566,conditional_non_push,,market_consensus_no_model,live_snapshot_not_T60,pinnacle,6280a8867b7992b9d194d651,0.3962729171732011,0.3962729171732011,152.3513358251845,-35.35133582518449,3,OK,130,fanduel|pinnacle,130,False,False,2.5,closest_offered_consensus_to_50pct_no_interpolation,,,,,UNSUPPORTED_PLAYER_PROP,0897c49705a05c04d65f1c02a830bc8446166ee6750153b629f2f4c40766b03b,4a14b3fdf51d13786a2e905526f21d4fe7601226e01da29583be8ff3210a7041,work/market-distribution-v1/artifacts/4a14b3fdf51d13786a2e905526f21d4fe7601226e01da29583be8ff3210a7041.json,,,False,False,none,False,,,850f45aae7a0e29c
ed173efa40760a307f467234,2026-09-06T21:09:00.848566+00:00,850f45aae7a0e29c9c9d99adb49e34676c652f43a41ae97d88eb7751243eb060,e55c6fe19fce094ce214c8b0e5b504e9,1,2026-09-13T17:00:00Z,Jacksonville Jaguars,Cleveland Browns,player_receptions,player_receptions,Jerry Jeudy,2.5,Under,2.5,fanduel,130,2.3,0.3962729171732011,1.1113482789859415,2026-09-06T21:08:25Z,35.848566,conditional_non_push,,market_consensus_no_model,live_snapshot_not_T60,pinnacle,6280a8867b7992b9d194d651,0.3962729171732011,0.3962729171732011,152.3513358251845,-22.351335825184492,3,OK,130,fanduel|pinnacle,130,False,False,2.5,closest_offered_consensus_to_50pct_no_interpolation,,,,,UNSUPPORTED_PLAYER_PROP,0897c49705a05c04d65f1c02a830bc8446166ee6750153b629f2f4c40766b03b,4a14b3fdf51d13786a2e905526f21d4fe7601226e01da29583be8ff3210a7041,work/market-distribution-v1/artifacts/4a14b3fdf51d13786a2e905526f21d4fe7601226e01da29583be8ff3210a7041.json,,,False,False,none,False,,,850f45aae7a0e29c
2c1e1bb614b06f637579c733,2026-09-06T21:09:00.848566+00:00,850f45aae7a0e29c9c9d99adb49e34676c652f43a41ae97d88eb7751243eb060,e55c6fe19fce094ce214c8b0e5b504e9,1,2026-09-13T17:00:00Z,Jacksonville Jaguars,Cleveland Browns,player_receptions,player_receptions,Jerry Jeudy,2.5,Under,2.5,pinnacle,130,2.3,0.3962729171732011,1.1113482789859415,2026-09-06T21:08:56Z,4.848566,conditional_non_push,,market_consensus_no_model,live_snapshot_not_T60,pinnacle,6280a8867b7992b9d194d651,0.3962729171732011,0.3962729171732011,152.3513358251845,-22.351335825184492,3,OK,130,fanduel|pinnacle,130,False,False,2.5,closest_offered_consensus_to_50pct_no_interpolation,,,,,UNSUPPORTED_PLAYER_PROP,0897c49705a05c04d65f1c02a830bc8446166ee6750153b629f2f4c40766b03b,4a14b3fdf51d13786a2e905526f21d4fe7601226e01da29583be8ff3210a7041,work/market-distribution-v1/artifacts/4a14b3fdf51d13786a2e905526f21d4fe7601226e01da29583be8ff3210a7041.json,,,False,False,none,False,,,850f45aae7a0e29c
8d6d1a0f8a097a561873d069,2026-09-06T21:09:00.848566+00:00,850f45aae7a0e29c9c9d99adb49e34676c652f43a41ae97d88eb7751243eb060,e55c6fe19fce094ce214c8b0e5b504e9,1,2026-09-13T17:00:00Z,Jacksonville Jaguars,Cleveland Browns,player_receptions,player_receptions,KC Concepcion,3.5,Over,3.5,draftkings,101,2.01,0.4671150571260367,1.090304854625125,2026-09-06T21:08:18Z,42.848566,conditional_non_push,,market_consensus_no_model,live_snapshot_not_T60,pinnacle,ab500bbed3072f86d3597714,0.4671150571260367,0.4671150571260367,114.08001834763819,-13.080018347638187,3,OK,102,fanduel,102,False,False,3.5,closest_offered_consensus_to_50pct_no_interpolation,,,,,UNSUPPORTED_PLAYER_PROP,0897c49705a05c04d65f1c02a830bc8446166ee6750153b629f2f4c40766b03b,4a14b3fdf51d13786a2e905526f21d4fe7601226e01da29583be8ff3210a7041,work/market-distribution-v1/artifacts/4a14b3fdf51d13786a2e905526f21d4fe7601226e01da29583be8ff3210a7041.json,,,False,False,none,False,,,850f45aae7a0e29c
58ea310757ee3c0ac494767c,2026-09-06T21:09:00.848566+00:00,850f45aae7a0e29c9c9d99adb49e34676c652f43a41ae97d88eb7751243eb060,e55c6fe19fce094ce214c8b0e5b504e9,1,2026-09-13T17:00:00Z,Jacksonville Jaguars,Cleveland Browns,player_receptions,player_receptions,KC Concepcion,3.5,Over,3.5,fanduel,102,2.02,0.4579067075572801,1.1109267181682543,2026-09-06T21:08:25Z,35.848566,conditional_non_push,,market_consensus_no_model,live_snapshot_not_T60,pinnacle,ab500bbed3072f86d3597714,0.4671150571260367,0.4671150571260367,114.08001834763819,-12.080018347638187,3,OK,102,fanduel,102,False,False,3.5,closest_offered_consensus_to_50pct_no_interpolation,,,,,UNSUPPORTED_PLAYER_PROP,0897c49705a05c04d65f1c02a830bc8446166ee6750153b629f2f4c40766b03b,4a14b3fdf51d13786a2e905526f21d4fe7601226e01da29583be8ff3210a7041,work/market-distribution-v1/artifacts/4a14b3fdf51d13786a2e905526f21d4fe7601226e01da29583be8ff3210a7041.json,,,False,False,none,False,,,850f45aae7a0e29c
2586cbbd78aa60e947ab999d,2026-09-06T21:09:00.848566+00:00,850f45aae7a0e29c9c9d99adb49e34676c652f43a41ae97d88eb7751243eb060,e55c6fe19fce094ce214c8b0e5b504e9,1,2026-09-13T17:00:00Z,Jacksonville Jaguars,Cleveland Browns,player_receptions,player_receptions,KC Concepcion,3.5,Over,3.5,pinnacle,-110,1.9090909090909092,0.4887959885212434,1.1069904216458242,2026-09-06T21:08:56Z,4.848566,conditional_non_push,,market_consensus_no_model,live_snapshot_not_T60,pinnacle,ab500bbed3072f86d3597714,0.4671150571260367,0.4671150571260367,114.08001834763819,-24.080018347638187,3,OK,102,fanduel,102,False,False,3.5,closest_offered_consensus_to_50pct_no_interpolation,,,,,UNSUPPORTED_PLAYER_PROP,0897c49705a05c04d65f1c02a830bc8446166ee6750153b629f2f4c40766b03b,4a14b3fdf51d13786a2e905526f21d4fe7601226e01da29583be8ff3210a7041,work/market-distribution-v1/artifacts/4a14b3fdf51d13786a2e905526f21d4fe7601226e01da29583be8ff3210a7041.json,,,False,False,none,False,,,850f45aae7a0e29c
8a49595c3a6d8cd7078dd0f5,2026-09-06T21:09:00.848566+00:00,850f45aae7a0e29c9c9d99adb49e34676c652f43a41ae97d88eb7751243eb060,e55c6fe19fce094ce214c8b0e5b504e9,1,2026-09-13T17:00:00Z,Jacksonville Jaguars,Cleveland Browns,player_receptions,player_receptions,KC Concepcion,3.5,Under,3.5,draftkings,-128,1.78125,0.5328849428739634,1.090304854625125,2026-09-06T21:08:18Z,42.848566,conditional_non_push,,market_consensus_no_model,live_snapshot_not_T60,pinnacle,ab500bbed3072f86d3597714,0.5328849428739634,0.5328849428739634,-114.08001834763823,-13.91998165236177,3,OK,-120,pinnacle,-128,False,False,3.5,closest_offered_consensus_to_50pct_no_interpolation,,,,,UNSUPPORTED_PLAYER_PROP,0897c49705a05c04d65f1c02a830bc8446166ee6750153b629f2f4c40766b03b,4a14b3fdf51d13786a2e905526f21d4fe7601226e01da29583be8ff3210a7041,work/market-distribution-v1/artifacts/4a14b3fdf51d13786a2e905526f21d4fe7601226e01da29583be8ff3210a7041.json,,,False,False,none,False,,,850f45aae7a0e29c
6ec76c88a55fb7185a887b28,2026-09-06T21:09:00.848566+00:00,850f45aae7a0e29c9c9d99adb49e34676c652f43a41ae97d88eb7751243eb060,e55c6fe19fce094ce214c8b0e5b504e9,1,2026-09-13T17:00:00Z,Jacksonville Jaguars,Cleveland Browns,player_receptions,player_receptions,KC Concepcion,3.5,Under,3.5,fanduel,-136,1.7352941176470589,0.5420932924427202,1.1109267181682543,2026-09-06T21:08:25Z,35.848566,conditional_non_push,,market_consensus_no_model,live_snapshot_not_T60,pinnacle,ab500bbed3072f86d3597714,0.5328849428739634,0.5328849428739634,-114.08001834763823,-21.91998165236177,3,OK,-120,pinnacle,-128,False,False,3.5,closest_offered_consensus_to_50pct_no_interpolation,,,,,UNSUPPORTED_PLAYER_PROP,0897c49705a05c04d65f1c02a830bc8446166ee6750153b629f2f4c40766b03b,4a14b3fdf51d13786a2e905526f21d4fe7601226e01da29583be8ff3210a7041,work/market-distribution-v1/artifacts/4a14b3fdf51d13786a2e905526f21d4fe7601226e01da29583be8ff3210a7041.json,,,False,False,none,False,,,850f45aae7a0e29c
b8c7db75afdb4ed8b852c573,2026-09-06T21:09:00.848566+00:00,850f45aae7a0e29c9c9d99adb49e34676c652f43a41ae97d88eb7751243eb060,e55c6fe19fce094ce214c8b0e5b504e9,1,2026-09-13T17:00:00Z,Jacksonville Jaguars,Cleveland Browns,player_receptions,player_receptions,KC Concepcion,3.5,Under,3.5,pinnacle,-120,1.8333333333333335,0.5112040114787568,1.1069904216458242,2026-09-06T21:08:56Z,4.848566,conditional_non_push,,market_consensus_no_model,live_snapshot_not_T60,pinnacle,ab500bbed3072f86d3597714,0.5328849428739634,0.5328849428739634,-114.08001834763823,-5.91998165236177,3,OK,-120,pinnacle,-128,False,False,3.5,closest_offered_consensus_to_50pct_no_interpolation,,,,,UNSUPPORTED_PLAYER_PROP,0897c49705a05c04d65f1c02a830bc8446166ee6750153b629f2f4c40766b03b,4a14b3fdf51d13786a2e905526f21d4fe7601226e01da29583be8ff3210a7041,work/market-distribution-v1/artifacts/4a14b3fdf51d13786a2e905526f21d4fe7601226e01da29583be8ff3210a7041.json,,,False,False,none,False,,,850f45aae7a0e29c
2c43c76db2b6b00674ad9450,2026-09-06T21:09:00.848566+00:00,850f45aae7a0e29c9c9d99adb49e34676c652f43a41ae97d88eb7751243eb060,e55c6fe19fce094ce214c8b0e5b504e9,1,2026-09-13T17:00:00Z,Jacksonville Jaguars,Cleveland Browns,player_receptions,player_receptions,Parker Washington,3.5,Over,3.5,fanduel,-182,1.5494505494505495,0.6147799949652675,1.110962275599999,2026-09-06T21:08:25Z,35.848566,conditional_non_push,,market_consensus_no_model,live_snapshot_not_T60,pinnacle,ed909b0871d776c381acf425,0.6147799949652674,0.6147799949652674,-159.59191810659908,-22.40808189340092,2,OK,-182,fanduel|pinnacle,-182,False,False,4.5,closest_offered_consensus_to_50pct_no_interpolation,,,,,UNSUPPORTED_PLAYER_PROP,0897c49705a05c04d65f1c02a830bc8446166ee6750153b629f2f4c40766b03b,4a14b3fdf51d13786a2e905526f21d4fe7601226e01da29583be8ff3210a7041,work/market-distribution-v1/artifacts/4a14b3fdf51d13786a2e905526f21d4fe7601226e01da29583be8ff3210a7041.json,,,False,False,none,False,,,850f45aae7a0e29c
526491642cafa6624fb366f7,2026-09-06T21:09:00.848566+00:00,850f45aae7a0e29c9c9d99adb49e34676c652f43a41ae97d88eb7751243eb060,e55c6fe19fce094ce214c8b0e5b504e9,1,2026-09-13T17:00:00Z,Jacksonville Jaguars,Cleveland Browns,player_receptions,player_receptions,Parker Washington,3.5,Over,3.5,pinnacle,-182,1.5494505494505495,0.6147799949652675,1.110962275599999,2026-09-06T21:08:56Z,4.848566,conditional_non_push,,market_consensus_no_model,live_snapshot_not_T60,pinnacle,ed909b0871d776c381acf425,0.6147799949652674,0.6147799949652674,-159.59191810659908,-22.40808189340092,2,OK,-182,fanduel|pinnacle,-182,False,False,4.5,closest_offered_consensus_to_50pct_no_interpolation,,,,,UNSUPPORTED_PLAYER_PROP,0897c49705a05c04d65f1c02a830bc8446166ee6750153b629f2f4c40766b03b,4a14b3fdf51d13786a2e905526f21d4fe7601226e01da29583be8ff3210a7041,work/market-distribution-v1/artifacts/4a14b3fdf51d13786a2e905526f21d4fe7601226e01da29583be8ff3210a7041.json,,,False,False,none,False,,,850f45aae7a0e29c
cf1aed542e89b969161248c1,2026-09-06T21:09:00.848566+00:00,850f45aae7a0e29c9c9d99adb49e34676c652f43a41ae97d88eb7751243eb060,e55c6fe19fce094ce214c8b0e5b504e9,1,2026-09-13T17:00:00Z,Jacksonville Jaguars,Cleveland Browns,player_receptions,player_receptions,Parker Washington,3.5,Under,3.5,fanduel,136,2.3600000000000003,0.3852200050347327,1.110962275599999,2026-09-06T21:08:25Z,35.848566,conditional_non_push,,market_consensus_no_model,live_snapshot_not_T60,pinnacle,ed909b0871d776c381acf425,0.3852200050347326,0.3852200050347326,159.59191810659914,-23.591918106599138,2,OK,136,fanduel|pinnacle,136,False,False,4.5,closest_offered_consensus_to_50pct_no_interpolation,,,,,UNSUPPORTED_PLAYER_PROP,0897c49705a05c04d65f1c02a830bc8446166ee6750153b629f2f4c40766b03b,4a14b3fdf51d13786a2e905526f21d4fe7601226e01da29583be8ff3210a7041,work/market-distribution-v1/artifacts/4a14b3fdf51d13786a2e905526f21d4fe7601226e01da29583be8ff3210a7041.json,,,False,False,none,False,,,850f45aae7a0e29c
cc37302e20ae36da0fb92e99,2026-09-06T21:09:00.848566+00:00,850f45aae7a0e29c9c9d99adb49e34676c652f43a41ae97d88eb7751243eb060,e55c6fe19fce094ce214c8b0e5b504e9,1,2026-09-13T17:00:00Z,Jacksonville Jaguars,Cleveland Browns,player_receptions,player_receptions,Parker Washington,3.5,Under,3.5,pinnacle,136,2.3600000000000003,0.3852200050347327,1.110962275599999,2026-09-06T21:08:56Z,4.848566,conditional_non_push,,market_consensus_no_model,live_snapshot_not_T60,pinnacle,ed909b0871d776c381acf425,0.3852200050347326,0.3852200050347326,159.59191810659914,-23.591918106599138,2,OK,136,fanduel|pinnacle,136,False,False,4.5,closest_offered_consensus_to_50pct_no_interpolation,,,,,UNSUPPORTED_PLAYER_PROP,0897c49705a05c04d65f1c02a830bc8446166ee6750153b629f2f4c40766b03b,4a14b3fdf51d13786a2e905526f21d4fe7601226e01da29583be8ff3210a7041,work/market-distribution-v1/artifacts/4a14b3fdf51d13786a2e905526f21d4fe7601226e01da29583be8ff3210a7041.json,,,False,False,none,False,,,850f45aae7a0e29c
b21eab63a284c5b6d2c5b9ca,2026-09-06T21:09:00.848566+00:00,850f45aae7a0e29c9c9d99adb49e34676c652f43a41ae97d88eb7751243eb060,e55c6fe19fce094ce214c8b0e5b504e9,1,2026-09-13T17:00:00Z,Jacksonville Jaguars,Cleveland Browns,player_receptions,player_receptions,Parker Washington,4.5,Over,4.5,draftkings,120,2.2,0.42266663553647615,1.0922233079377737,2026-09-06T21:08:18Z,42.848566,conditional_non_push,,market_consensus_no_model,live_snapshot_not_T60,pinnacle,a9a3a36aa6d443988da65d1c,0.42266663553647604,0.42266663553647604,136.59307736243122,-16.593077362431217,1,FEWER_THAN_TWO_BOOKS,120,draftkings,120,False,False,4.5,closest_offered_consensus_to_50pct_no_interpolation,,,,,UNSUPPORTED_PLAYER_PROP,0897c49705a05c04d65f1c02a830bc8446166ee6750153b629f2f4c40766b03b,4a14b3fdf51d13786a2e905526f21d4fe7601226e01da29583be8ff3210a7041,work/market-distribution-v1/artifacts/4a14b3fdf51d13786a2e905526f21d4fe7601226e01da29583be8ff3210a7041.json,,,False,False,none,False,,,850f45aae7a0e29c
91aa9f05465797410f4fbd5e,2026-09-06T21:09:00.848566+00:00,850f45aae7a0e29c9c9d99adb49e34676c652f43a41ae97d88eb7751243eb060,e55c6fe19fce094ce214c8b0e5b504e9,1,2026-09-13T17:00:00Z,Jacksonville Jaguars,Cleveland Browns,player_receptions,player_receptions,Parker Washington,4.5,Under,4.5,draftkings,-153,1.65359477124183,0.577333364463524,1.0922233079377737,2026-09-06T21:08:18Z,42.848566,conditional_non_push,,market_consensus_no_model,live_snapshot_not_T60,pinnacle,a9a3a36aa6d443988da65d1c,0.5773333644635239,0.5773333644635239,-136.5930773624312,-16.40692263756881,1,FEWER_THAN_TWO_BOOKS,-153,draftkings,-153,False,False,4.5,closest_offered_consensus_to_50pct_no_interpolation,,,,,UNSUPPORTED_PLAYER_PROP,0897c49705a05c04d65f1c02a830bc8446166ee6750153b629f2f4c40766b03b,4a14b3fdf51d13786a2e905526f21d4fe7601226e01da29583be8ff3210a7041,work/market-distribution-v1/artifacts/4a14b3fdf51d13786a2e905526f21d4fe7601226e01da29583be8ff3210a7041.json,,,False,False,none,False,,,850f45aae7a0e29c
88395d72d58d8f2fb97dd65a,2026-09-06T21:09:00.848566+00:00,850f45aae7a0e29c9c9d99adb49e34676c652f43a41ae97d88eb7751243eb060,e55c6fe19fce094ce214c8b0e5b504e9,1,2026-09-13T17:00:00Z,Jacksonville Jaguars,Cleveland Browns,player_receptions,player_receptions,Quinshon Judkins,1.5,Over,1.5,draftkings,-136,1.7352941176470589,0.54682525321596,1.0951583247242644,2026-09-06T21:08:18Z,42.848566,conditional_non_push,,market_consensus_no_model,live_snapshot_not_T60,pinnacle,352e4ec61626fef12750992a,0.5454574558235468,0.5454574558235468,-120.00140862761582,-15.998591372384183,3,OK,-130,fanduel,-130,False,False,1.5,closest_offered_consensus_to_50pct_no_interpolation,,,,,UNSUPPORTED_PLAYER_PROP,0897c49705a05c04d65f1c02a830bc8446166ee6750153b629f2f4c40766b03b,4a14b3fdf51d13786a2e905526f21d4fe7601226e01da29583be8ff3210a7041,work/market-distribution-v1/artifacts/4a14b3fdf51d13786a2e905526f21d4fe7601226e01da29583be8ff3210a7041.json,,,False,False,none,False,,,850f45aae7a0e29c
32b2c3b74b85ce176aafb680,2026-09-06T21:09:00.848566+00:00,850f45aae7a0e29c9c9d99adb49e34676c652f43a41ae97d88eb7751243eb060,e55c6fe19fce094ce214c8b0e5b504e9,1,2026-09-13T17:00:00Z,Jacksonville Jaguars,Cleveland Browns,player_receptions,player_receptions,Quinshon Judkins,1.5,Over,1.5,fanduel,-130,1.7692307692307692,0.5312123494364493,1.1087531918228133,2026-09-06T21:08:25Z,35.848566,conditional_non_push,,market_consensus_no_model,live_snapshot_not_T60,pinnacle,352e4ec61626fef12750992a,0.5454574558235468,0.5454574558235468,-120.00140862761582,-9.998591372384183,3,OK,-130,fanduel,-130,False,False,1.5,closest_offered_consensus_to_50pct_no_interpolation,,,,,UNSUPPORTED_PLAYER_PROP,0897c49705a05c04d65f1c02a830bc8446166ee6750153b629f2f4c40766b03b,4a14b3fdf51d13786a2e905526f21d4fe7601226e01da29583be8ff3210a7041,work/market-distribution-v1/artifacts/4a14b3fdf51d13786a2e905526f21d4fe7601226e01da29583be8ff3210a7041.json,,,False,False,none,False,,,850f45aae7a0e29c
47f7fe2752e6c90684c0c239,2026-09-06T21:09:00.848566+00:00,850f45aae7a0e29c9c9d99adb49e34676c652f43a41ae97d88eb7751243eb060,e55c6fe19fce094ce214c8b0e5b504e9,1,2026-09-13T17:00:00Z,Jacksonville Jaguars,Cleveland Browns,player_receptions,player_receptions,Quinshon Judkins,1.5,Over,1.5,pinnacle,-137,1.72992700729927,0.5454574558235469,1.1059176319403465,2026-09-06T21:08:56Z,4.848566,conditional_non_push,,market_consensus_no_model,live_snapshot_not_T60,pinnacle,352e4ec61626fef12750992a,0.5454574558235468,0.5454574558235468,-120.00140862761582,-16.998591372384183,3,OK,-130,fanduel,-130,False,False,1.5,closest_offered_consensus_to_50pct_no_interpolation,,,,,UNSUPPORTED_PLAYER_PROP,0897c49705a05c04d65f1c02a830bc8446166ee6750153b629f2f4c40766b03b,4a14b3fdf51d13786a2e905526f21d4fe7601226e01da29583be8ff3210a7041,work/market-distribution-v1/artifacts/4a14b3fdf51d13786a2e905526f21d4fe7601226e01da29583be8ff3210a7041.json,,,False,False,none,False,,,850f45aae7a0e29c
c91c2faaa6863575468ad2e3,2026-09-06T21:09:00.848566+00:00,850f45aae7a0e29c9c9d99adb49e34676c652f43a41ae97d88eb7751243eb060,e55c6fe19fce094ce214c8b0e5b504e9,1,2026-09-13T17:00:00Z,Jacksonville Jaguars,Cleveland Browns,player_receptions,player_receptions,Quinshon Judkins,1.5,Under,1.5,draftkings,106,2.06,0.45317474678404024,1.0951583247242644,2026-09-06T21:08:18Z,42.848566,conditional_non_push,,market_consensus_no_model,live_snapshot_not_T60,pinnacle,352e4ec61626fef12750992a,0.45454254417645323,0.45454254417645323,120.00140862761582,-14.001408627615817,3,OK,106,draftkings,106,False,False,1.5,closest_offered_consensus_to_50pct_no_interpolation,,,,,UNSUPPORTED_PLAYER_PROP,0897c49705a05c04d65f1c02a830bc8446166ee6750153b629f2f4c40766b03b,4a14b3fdf51d13786a2e905526f21d4fe7601226e01da29583be8ff3210a7041,work/market-distribution-v1/artifacts/4a14b3fdf51d13786a2e905526f21d4fe7601226e01da29583be8ff3210a7041.json,,,False,False,none,False,,,850f45aae7a0e29c
3a941de5cb2607ef5ef4e0b2,2026-09-06T21:09:00.848566+00:00,850f45aae7a0e29c9c9d99adb49e34676c652f43a41ae97d88eb7751243eb060,e55c6fe19fce094ce214c8b0e5b504e9,1,2026-09-13T17:00:00Z,Jacksonville Jaguars,Cleveland Browns,player_receptions,player_receptions,Quinshon Judkins,1.5,Under,1.5,fanduel,-102,1.9803921568627452,0.46878765056355093,1.1087531918228133,2026-09-06T21:08:25Z,35.848566,conditional_non_push,,market_consensus_no_model,live_snapshot_not_T60,pinnacle,352e4ec61626fef12750992a,0.45454254417645323,0.45454254417645323,120.00140862761582,-22.001408627615817,3,OK,106,draftkings,106,False,False,1.5,closest_offered_consensus_to_50pct_no_interpolation,,,,,UNSUPPORTED_PLAYER_PROP,0897c49705a05c04d65f1c02a830bc8446166ee6750153b629f2f4c40766b03b,4a14b3fdf51d13786a2e905526f21d4fe7601226e01da29583be8ff3210a7041,work/market-distribution-v1/artifacts/4a14b3fdf51d13786a2e905526f21d4fe7601226e01da29583be8ff3210a7041.json,,,False,False,none,False,,,850f45aae7a0e29c
af2363c938263c550981d916,2026-09-06T21:09:00.848566+00:00,850f45aae7a0e29c9c9d99adb49e34676c652f43a41ae97d88eb7751243eb060,e55c6fe19fce094ce214c8b0e5b504e9,1,2026-09-13T17:00:00Z,Jacksonville Jaguars,Cleveland Browns,player_receptions,player_receptions,Quinshon Judkins,1.5,Under,1.5,pinnacle,104,2.04,0.45454254417645334,1.1059176319403465,2026-09-06T21:08:56Z,4.848566,conditional_non_push,,market_consensus_no_model,live_snapshot_not_T60,pinnacle,352e4ec61626fef12750992a,0.45454254417645323,0.45454254417645323,120.00140862761582,-16.001408627615817,3,OK,106,draftkings,106,False,False,1.5,closest_offered_consensus_to_50pct_no_interpolation,,,,,UNSUPPORTED_PLAYER_PROP,0897c49705a05c04d65f1c02a830bc8446166ee6750153b629f2f4c40766b03b,4a14b3fdf51d13786a2e905526f21d4fe7601226e01da29583be8ff3210a7041,work/market-distribution-v1/artifacts/4a14b3fdf51d13786a2e905526f21d4fe7601226e01da29583be8ff3210a7041.json,,,False,False,none,False,,,850f45aae7a0e29c
c2276dab5021121cdaea1d5a,2026-09-06T21:09:00.848566+00:00,850f45aae7a0e29c9c9d99adb49e34676c652f43a41ae97d88eb7751243eb060,e55c6fe19fce094ce214c8b0e5b504e9,1,2026-09-13T17:00:00Z,Jacksonville Jaguars,Cleveland Browns,player_rush_yds,player_rush_yds,Bhayshul Tuten,50.5,Over,50.5,draftkings,-113,1.8849557522123894,0.5022875270528703,1.0862562521695405,2026-09-06T21:08:18Z,42.848566,conditional_non_push,,market_consensus_no_model,live_snapshot_not_T60,pinnacle,17fd31c94854a569bf700bfa,0.5000000000000001,0.5000000000000001,-100.00000000000006,-12.999999999999943,3,OK,-113,draftkings,-113,False,False,50.5,closest_offered_consensus_to_50pct_no_interpolation,,,,,UNSUPPORTED_PLAYER_PROP,0897c49705a05c04d65f1c02a830bc8446166ee6750153b629f2f4c40766b03b,4a14b3fdf51d13786a2e905526f21d4fe7601226e01da29583be8ff3210a7041,work/market-distribution-v1/artifacts/4a14b3fdf51d13786a2e905526f21d4fe7601226e01da29583be8ff3210a7041.json,,,False,False,none,False,,,850f45aae7a0e29c
1221e491998dac4f45705517,2026-09-06T21:09:00.848566+00:00,850f45aae7a0e29c9c9d99adb49e34676c652f43a41ae97d88eb7751243eb060,e55c6fe19fce094ce214c8b0e5b504e9,1,2026-09-13T17:00:00Z,Jacksonville Jaguars,Cleveland Browns,player_rush_yds,player_rush_yds,Bhayshul Tuten,50.5,Over,50.5,fanduel,-114,1.8771929824561404,0.5000000000000001,1.1006222153512897,2026-09-06T21:08:25Z,35.848566,conditional_non_push,,market_consensus_no_model,live_snapshot_not_T60,pinnacle,17fd31c94854a569bf700bfa,0.5000000000000001,0.5000000000000001,-100.00000000000006,-13.999999999999943,3,OK,-113,draftkings,-113,False,False,50.5,closest_offered_consensus_to_50pct_no_interpolation,,,,,UNSUPPORTED_PLAYER_PROP,0897c49705a05c04d65f1c02a830bc8446166ee6750153b629f2f4c40766b03b,4a14b3fdf51d13786a2e905526f21d4fe7601226e01da29583be8ff3210a7041,work/market-distribution-v1/artifacts/4a14b3fdf51d13786a2e905526f21d4fe7601226e01da29583be8ff3210a7041.json,,,False,False,none,False,,,850f45aae7a0e29c
c4f6ea4c4fa202dcdb8d262d,2026-09-06T21:09:00.848566+00:00,850f45aae7a0e29c9c9d99adb49e34676c652f43a41ae97d88eb7751243eb060,e55c6fe19fce094ce214c8b0e5b504e9,1,2026-09-13T17:00:00Z,Jacksonville Jaguars,Cleveland Browns,player_rush_yds,player_rush_yds,Bhayshul Tuten,50.5,Over,50.5,pinnacle,-115,1.8695652173913042,0.5,1.1077843133985557,2026-09-06T21:08:56Z,4.848566,conditional_non_push,,market_consensus_no_model,live_snapshot_not_T60,pinnacle,17fd31c94854a569bf700bfa,0.5000000000000001,0.5000000000000001,-100.00000000000006,-14.999999999999943,3,OK,-113,draftkings,-113,False,False,50.5,closest_offered_consensus_to_50pct_no_interpolation,,,,,UNSUPPORTED_PLAYER_PROP,0897c49705a05c04d65f1c02a830bc8446166ee6750153b629f2f4c40766b03b,4a14b3fdf51d13786a2e905526f21d4fe7601226e01da29583be8ff3210a7041,work/market-distribution-v1/artifacts/4a14b3fdf51d13786a2e905526f21d4fe7601226e01da29583be8ff3210a7041.json,,,False,False,none,False,,,850f45aae7a0e29c
f2b016af3c9bfb6955e70cfc,2026-09-06T21:09:00.848566+00:00,850f45aae7a0e29c9c9d99adb49e34676c652f43a41ae97d88eb7751243eb060,e55c6fe19fce094ce214c8b0e5b504e9,1,2026-09-13T17:00:00Z,Jacksonville Jaguars,Cleveland Browns,player_rush_yds,player_rush_yds,Bhayshul Tuten,50.5,Under,50.5,draftkings,-111,1.900900900900901,0.4977124729471299,1.0862562521695405,2026-09-06T21:08:18Z,42.848566,conditional_non_push,,market_consensus_no_model,live_snapshot_not_T60,pinnacle,17fd31c94854a569bf700bfa,0.5,0.5,-100.0,-11.0,3,OK,-111,draftkings,-111,False,False,50.5,closest_offered_consensus_to_50pct_no_interpolation,,,,,UNSUPPORTED_PLAYER_PROP,0897c49705a05c04d65f1c02a830bc8446166ee6750153b629f2f4c40766b03b,4a14b3fdf51d13786a2e905526f21d4fe7601226e01da29583be8ff3210a7041,work/market-distribution-v1/artifacts/4a14b3fdf51d13786a2e905526f21d4fe7601226e01da29583be8ff3210a7041.json,,,False,False,none,False,,,850f45aae7a0e29c
2bab43752f7d2bd0439f22a9,2026-09-06T21:09:00.848566+00:00,850f45aae7a0e29c9c9d99adb49e34676c652f43a41ae97d88eb7751243eb060,e55c6fe19fce094ce214c8b0e5b504e9,1,2026-09-13T17:00:00Z,Jacksonville Jaguars,Cleveland Browns,player_rush_yds,player_rush_yds,Bhayshul Tuten,50.5,Under,50.5,fanduel,-114,1.8771929824561404,0.5000000000000001,1.1006222153512897,2026-09-06T21:08:25Z,35.848566,conditional_non_push,,market_consensus_no_model,live_snapshot_not_T60,pinnacle,17fd31c94854a569bf700bfa,0.5,0.5,-100.0,-14.0,3,OK,-111,draftkings,-111,False,False,50.5,closest_offered_consensus_to_50pct_no_interpolation,,,,,UNSUPPORTED_PLAYER_PROP,0897c49705a05c04d65f1c02a830bc8446166ee6750153b629f2f4c40766b03b,4a14b3fdf51d13786a2e905526f21d4fe7601226e01da29583be8ff3210a7041,work/market-distribution-v1/artifacts/4a14b3fdf51d13786a2e905526f21d4fe7601226e01da29583be8ff3210a7041.json,,,False,False,none,False,,,850f45aae7a0e29c
586934e068e3c52c300a95fd,2026-09-06T21:09:00.848566+00:00,850f45aae7a0e29c9c9d99adb49e34676c652f43a41ae97d88eb7751243eb060,e55c6fe19fce094ce214c8b0e5b504e9,1,2026-09-13T17:00:00Z,Jacksonville Jaguars,Cleveland Browns,player_rush_yds,player_rush_yds,Bhayshul Tuten,50.5,Under,50.5,pinnacle,-115,1.8695652173913042,0.5,1.1077843133985557,2026-09-06T21:08:56Z,4.848566,conditional_non_push,,market_consensus_no_model,live_snapshot_not_T60,pinnacle,17fd31c94854a569bf700bfa,0.5,0.5,-100.0,-15.0,3,OK,-111,draftkings,-111,False,False,50.5,closest_offered_consensus_to_50pct_no_interpolation,,,,,UNSUPPORTED_PLAYER_PROP,0897c49705a05c04d65f1c02a830bc8446166ee6750153b629f2f4c40766b03b,4a14b3fdf51d13786a2e905526f21d4fe7601226e01da29583be8ff3210a7041,work/market-distribution-v1/artifacts/4a14b3fdf51d13786a2e905526f21d4fe7601226e01da29583be8ff3210a7041.json,,,False,False,none,False,,,850f45aae7a0e29c
e3abe292b7a303bea4815460,2026-09-06T21:09:00.848566+00:00,850f45aae7a0e29c9c9d99adb49e34676c652f43a41ae97d88eb7751243eb060,e55c6fe19fce094ce214c8b0e5b504e9,1,2026-09-13T17:00:00Z,Jacksonville Jaguars,Cleveland Browns,player_rush_yds,player_rush_yds,Chris Rodriguez Jr.,33.5,Over,33.5,fanduel,-114,1.8771929824561404,0.5000000000000001,1.1006222153512897,2026-09-06T21:08:25Z,35.848566,conditional_non_push,,market_consensus_no_model,live_snapshot_not_T60,pinnacle,1398897bacd20549ab21ddfc,0.5,0.5,-100.0,-14.0,2,OK,-114,fanduel|pinnacle,-114,False,False,33.5,closest_offered_consensus_to_50pct_no_interpolation,,,,,UNSUPPORTED_PLAYER_PROP,0897c49705a05c04d65f1c02a830bc8446166ee6750153b629f2f4c40766b03b,4a14b3fdf51d13786a2e905526f21d4fe7601226e01da29583be8ff3210a7041,work/market-distribution-v1/artifacts/4a14b3fdf51d13786a2e905526f21d4fe7601226e01da29583be8ff3210a7041.json,,,False,False,none,False,,,850f45aae7a0e29c
a505d8bd8f84a9180410c5c0,2026-09-06T21:09:00.848566+00:00,850f45aae7a0e29c9c9d99adb49e34676c652f43a41ae97d88eb7751243eb060,e55c6fe19fce094ce214c8b0e5b504e9,1,2026-09-13T17:00:00Z,Jacksonville Jaguars,Cleveland Browns,player_rush_yds,player_rush_yds,Chris Rodriguez Jr.,33.5,Over,33.5,pinnacle,-114,1.8771929824561404,0.5000000000000001,1.1006222153512897,2026-09-06T21:08:56Z,4.848566,conditional_non_push,,market_consensus_no_model,live_snapshot_not_T60,pinnacle,1398897bacd20549ab21ddfc,0.5,0.5,-100.0,-14.0,2,OK,-114,fanduel|pinnacle,-114,False,False,33.5,closest_offered_consensus_to_50pct_no_interpolation,,,,,UNSUPPORTED_PLAYER_PROP,0897c49705a05c04d65f1c02a830bc8446166ee6750153b629f2f4c40766b03b,4a14b3fdf51d13786a2e905526f21d4fe7601226e01da29583be8ff3210a7041,work/market-distribution-v1/artifacts/4a14b3fdf51d13786a2e905526f21d4fe7601226e01da29583be8ff3210a7041.json,,,False,False,none,False,,,850f45aae7a0e29c
9a321ff29673c0fd22fc9d9b,2026-09-06T21:09:00.848566+00:00,850f45aae7a0e29c9c9d99adb49e34676c652f43a41ae97d88eb7751243eb060,e55c6fe19fce094ce214c8b0e5b504e9,1,2026-09-13T17:00:00Z,Jacksonville Jaguars,Cleveland Browns,player_rush_yds,player_rush_yds,Chris Rodriguez Jr.,33.5,Under,33.5,fanduel,-114,1.8771929824561404,0.5000000000000001,1.1006222153512897,2026-09-06T21:08:25Z,35.848566,conditional_non_push,,market_consensus_no_model,live_snapshot_not_T60,pinnacle,1398897bacd20549ab21ddfc,0.5,0.5,-100.0,-14.0,2,OK,-114,fanduel|pinnacle,-114,False,False,33.5,closest_offered_consensus_to_50pct_no_interpolation,,,,,UNSUPPORTED_PLAYER_PROP,0897c49705a05c04d65f1c02a830bc8446166ee6750153b629f2f4c40766b03b,4a14b3fdf51d13786a2e905526f21d4fe7601226e01da29583be8ff3210a7041,work/market-distribution-v1/artifacts/4a14b3fdf51d13786a2e905526f21d4fe7601226e01da29583be8ff3210a7041.json,,,False,False,none,False,,,850f45aae7a0e29c
481039883fd683bf63694690,2026-09-06T21:09:00.848566+00:00,850f45aae7a0e29c9c9d99adb49e34676c652f43a41ae97d88eb7751243eb060,e55c6fe19fce094ce214c8b0e5b504e9,1,2026-09-13T17:00:00Z,Jacksonville Jaguars,Cleveland Browns,player_rush_yds,player_rush_yds,Chris Rodriguez Jr.,33.5,Under,33.5,pinnacle,-114,1.8771929824561404,0.5000000000000001,1.1006222153512897,2026-09-06T21:08:56Z,4.848566,conditional_non_push,,market_consensus_no_model,live_snapshot_not_T60,pinnacle,1398897bacd20549ab21ddfc,0.5,0.5,-100.0,-14.0,2,OK,-114,fanduel|pinnacle,-114,False,False,33.5,closest_offered_consensus_to_50pct_no_interpolation,,,,,UNSUPPORTED_PLAYER_PROP,0897c49705a05c04d65f1c02a830bc8446166ee6750153b629f2f4c40766b03b,4a14b3fdf51d13786a2e905526f21d4fe7601226e01da29583be8ff3210a7041,work/market-distribution-v1/artifacts/4a14b3fdf51d13786a2e905526f21d4fe7601226e01da29583be8ff3210a7041.json,,,False,False,none,False,,,850f45aae7a0e29c
229277260f6baad5b9d5acf2,2026-09-06T21:09:00.848566+00:00,850f45aae7a0e29c9c9d99adb49e34676c652f43a41ae97d88eb7751243eb060,e55c6fe19fce094ce214c8b0e5b504e9,1,2026-09-13T17:00:00Z,Jacksonville Jaguars,Cleveland Browns,player_rush_yds,player_rush_yds,Chris Rodriguez Jr.,34.5,Over,34.5,draftkings,-110,1.9090909090909092,0.4954247932852784,1.0861586927879965,2026-09-06T21:08:18Z,42.848566,conditional_non_push,,market_consensus_no_model,live_snapshot_not_T60,pinnacle,fecf11ba5746b40f07871de3,0.4954247932852783,0.4954247932852783,101.84698334711209,-11.846983347112086,1,FEWER_THAN_TWO_BOOKS,-110,draftkings,-110,False,False,33.5,closest_offered_consensus_to_50pct_no_interpolation,,,,,UNSUPPORTED_PLAYER_PROP,0897c49705a05c04d65f1c02a830bc8446166ee6750153b629f2f4c40766b03b,4a14b3fdf51d13786a2e905526f21d4fe7601226e01da29583be8ff3210a7041,work/market-distribution-v1/artifacts/4a14b3fdf51d13786a2e905526f21d4fe7601226e01da29583be8ff3210a7041.json,,,False,False,none,False,,,850f45aae7a0e29c
d67e7fce71769ad2758b424f,2026-09-06T21:09:00.848566+00:00,850f45aae7a0e29c9c9d99adb49e34676c652f43a41ae97d88eb7751243eb060,e55c6fe19fce094ce214c8b0e5b504e9,1,2026-09-13T17:00:00Z,Jacksonville Jaguars,Cleveland Browns,player_rush_yds,player_rush_yds,Chris Rodriguez Jr.,34.5,Under,34.5,draftkings,-114,1.8771929824561404,0.5045752067147218,1.0861586927879965,2026-09-06T21:08:18Z,42.848566,conditional_non_push,,market_consensus_no_model,live_snapshot_not_T60,pinnacle,fecf11ba5746b40f07871de3,0.5045752067147217,0.5045752067147217,-101.84698334711204,-12.153016652887956,1,FEWER_THAN_TWO_BOOKS,-114,draftkings,-114,False,False,33.5,closest_offered_consensus_to_50pct_no_interpolation,,,,,UNSUPPORTED_PLAYER_PROP,0897c49705a05c04d65f1c02a830bc8446166ee6750153b629f2f4c40766b03b,4a14b3fdf51d13786a2e905526f21d4fe7601226e01da29583be8ff3210a7041,work/market-distribution-v1/artifacts/4a14b3fdf51d13786a2e905526f21d4fe7601226e01da29583be8ff3210a7041.json,,,False,False,none,False,,,850f45aae7a0e29c
9d58db7893946ba1dc7aedc8,2026-09-06T21:09:00.848566+00:00,850f45aae7a0e29c9c9d99adb49e34676c652f43a41ae97d88eb7751243eb060,e55c6fe19fce094ce214c8b0e5b504e9,1,2026-09-13T17:00:00Z,Jacksonville Jaguars,Cleveland Browns,player_rush_yds,player_rush_yds,Deshaun Watson,20.5,Over,20.5,draftkings,-108,1.925925925925926,0.49084836508629426,1.085768366369256,2026-09-06T21:08:18Z,42.848566,conditional_non_push,,market_consensus_no_model,live_snapshot_not_T60,pinnacle,2eabac87d20140ab8c6cc699,0.49084836508629426,0.49084836508629426,103.72890512209278,-11.728905122092783,1,FEWER_THAN_TWO_BOOKS,-108,draftkings,-108,False,False,20.5,closest_offered_consensus_to_50pct_no_interpolation,,,,,UNSUPPORTED_PLAYER_PROP,0897c49705a05c04d65f1c02a830bc8446166ee6750153b629f2f4c40766b03b,4a14b3fdf51d13786a2e905526f21d4fe7601226e01da29583be8ff3210a7041,work/market-distribution-v1/artifacts/4a14b3fdf51d13786a2e905526f21d4fe7601226e01da29583be8ff3210a7041.json,,,False,False,none,False,,,850f45aae7a0e29c
c50e2766a8239fa8234afa4d,2026-09-06T21:09:00.848566+00:00,850f45aae7a0e29c9c9d99adb49e34676c652f43a41ae97d88eb7751243eb060,e55c6fe19fce094ce214c8b0e5b504e9,1,2026-09-13T17:00:00Z,Jacksonville Jaguars,Cleveland Browns,player_rush_yds,player_rush_yds,Deshaun Watson,20.5,Under,20.5,draftkings,-116,1.8620689655172413,0.5091516349137059,1.085768366369256,2026-09-06T21:08:18Z,42.848566,conditional_non_push,,market_consensus_no_model,live_snapshot_not_T60,pinnacle,2eabac87d20140ab8c6cc699,0.5091516349137059,0.5091516349137059,-103.72890512209283,-12.271094877907174,1,FEWER_THAN_TWO_BOOKS,-116,draftkings,-116,False,False,20.5,closest_offered_consensus_to_50pct_no_interpolation,,,,,UNSUPPORTED_PLAYER_PROP,0897c49705a05c04d65f1c02a830bc8446166ee6750153b629f2f4c40766b03b,4a14b3fdf51d13786a2e905526f21d4fe7601226e01da29583be8ff3210a7041,work/market-distribution-v1/artifacts/4a14b3fdf51d13786a2e905526f21d4fe7601226e01da29583be8ff3210a7041.json,,,False,False,none,False,,,850f45aae7a0e29c
37e9e06e515988fc6714c4fd,2026-09-06T21:09:00.848566+00:00,850f45aae7a0e29c9c9d99adb49e34676c652f43a41ae97d88eb7751243eb060,e55c6fe19fce094ce214c8b0e5b504e9,1,2026-09-13T17:00:00Z,Jacksonville Jaguars,Cleveland Browns,player_rush_yds,player_rush_yds,Quinshon Judkins,58.5,Over,58.5,fanduel,-114,1.8771929824561404,0.5000000000000001,1.1006222153512897,2026-09-06T21:08:25Z,35.848566,conditional_non_push,,market_consensus_no_model,live_snapshot_not_T60,pinnacle,d9861052460eca5fa545b84a,0.5,0.5,-100.0,-14.0,2,OK,-114,fanduel|pinnacle,-114,False,False,58.5,closest_offered_consensus_to_50pct_no_interpolation,,,,,UNSUPPORTED_PLAYER_PROP,0897c49705a05c04d65f1c02a830bc8446166ee6750153b629f2f4c40766b03b,4a14b3fdf51d13786a2e905526f21d4fe7601226e01da29583be8ff3210a7041,work/market-distribution-v1/artifacts/4a14b3fdf51d13786a2e905526f21d4fe7601226e01da29583be8ff3210a7041.json,,,False,False,none,False,,,850f45aae7a0e29c
d53bace7efe350cf99a03f25,2026-09-06T21:09:00.848566+00:00,850f45aae7a0e29c9c9d99adb49e34676c652f43a41ae97d88eb7751243eb060,e55c6fe19fce094ce214c8b0e5b504e9,1,2026-09-13T17:00:00Z,Jacksonville Jaguars,Cleveland Browns,player_rush_yds,player_rush_yds,Quinshon Judkins,58.5,Over,58.5,pinnacle,-114,1.8771929824561404,0.5000000000000001,1.1006222153512897,2026-09-06T21:08:56Z,4.848566,conditional_non_push,,market_consensus_no_model,live_snapshot_not_T60,pinnacle,d9861052460eca5fa545b84a,0.5,0.5,-100.0,-14.0,2,OK,-114,fanduel|pinnacle,-114,False,False,58.5,closest_offered_consensus_to_50pct_no_interpolation,,,,,UNSUPPORTED_PLAYER_PROP,0897c49705a05c04d65f1c02a830bc8446166ee6750153b629f2f4c40766b03b,4a14b3fdf51d13786a2e905526f21d4fe7601226e01da29583be8ff3210a7041,work/market-distribution-v1/artifacts/4a14b3fdf51d13786a2e905526f21d4fe7601226e01da29583be8ff3210a7041.json,,,False,False,none,False,,,850f45aae7a0e29c
c1ec8542351d6e0b2d391af3,2026-09-06T21:09:00.848566+00:00,850f45aae7a0e29c9c9d99adb49e34676c652f43a41ae97d88eb7751243eb060,e55c6fe19fce094ce214c8b0e5b504e9,1,2026-09-13T17:00:00Z,Jacksonville Jaguars,Cleveland Browns,player_rush_yds,player_rush_yds,Quinshon Judkins,58.5,Under,58.5,fanduel,-114,1.8771929824561404,0.5000000000000001,1.1006222153512897,2026-09-06T21:08:25Z,35.848566,conditional_non_push,,market_consensus_no_model,live_snapshot_not_T60,pinnacle,d9861052460eca5fa545b84a,0.5,0.5,-100.0,-14.0,2,OK,-114,fanduel|pinnacle,-114,False,False,58.5,closest_offered_consensus_to_50pct_no_interpolation,,,,,UNSUPPORTED_PLAYER_PROP,0897c49705a05c04d65f1c02a830bc8446166ee6750153b629f2f4c40766b03b,4a14b3fdf51d13786a2e905526f21d4fe7601226e01da29583be8ff3210a7041,work/market-distribution-v1/artifacts/4a14b3fdf51d13786a2e905526f21d4fe7601226e01da29583be8ff3210a7041.json,,,False,False,none,False,,,850f45aae7a0e29c
ed893cab1fc0326562bd9196,2026-09-06T21:09:00.848566+00:00,850f45aae7a0e29c9c9d99adb49e34676c652f43a41ae97d88eb7751243eb060,e55c6fe19fce094ce214c8b0e5b504e9,1,2026-09-13T17:00:00Z,Jacksonville Jaguars,Cleveland Browns,player_rush_yds,player_rush_yds,Quinshon Judkins,58.5,Under,58.5,pinnacle,-114,1.8771929824561404,0.5000000000000001,1.1006222153512897,2026-09-06T21:08:56Z,4.848566,conditional_non_push,,market_consensus_no_model,live_snapshot_not_T60,pinnacle,d9861052460eca5fa545b84a,0.5,0.5,-100.0,-14.0,2,OK,-114,fanduel|pinnacle,-114,False,False,58.5,closest_offered_consensus_to_50pct_no_interpolation,,,,,UNSUPPORTED_PLAYER_PROP,0897c49705a05c04d65f1c02a830bc8446166ee6750153b629f2f4c40766b03b,4a14b3fdf51d13786a2e905526f21d4fe7601226e01da29583be8ff3210a7041,work/market-distribution-v1/artifacts/4a14b3fdf51d13786a2e905526f21d4fe7601226e01da29583be8ff3210a7041.json,,,False,False,none,False,,,850f45aae7a0e29c
07df14062262ad247579cdb3,2026-09-06T21:09:00.848566+00:00,850f45aae7a0e29c9c9d99adb49e34676c652f43a41ae97d88eb7751243eb060,e55c6fe19fce094ce214c8b0e5b504e9,1,2026-09-13T17:00:00Z,Jacksonville Jaguars,Cleveland Browns,player_rush_yds,player_rush_yds,Quinshon Judkins,59.5,Over,59.5,draftkings,-115,1.8695652173913042,0.50686319169657,1.0859960740703234,2026-09-06T21:08:18Z,42.848566,conditional_non_push,,market_consensus_no_model,live_snapshot_not_T60,pinnacle,eaebeb79396babff1d66cb97,0.50686319169657,0.50686319169657,-102.78348384505384,-12.216516154946163,1,FEWER_THAN_TWO_BOOKS,-115,draftkings,-115,False,False,58.5,closest_offered_consensus_to_50pct_no_interpolation,,,,,UNSUPPORTED_PLAYER_PROP,0897c49705a05c04d65f1c02a830bc8446166ee6750153b629f2f4c40766b03b,4a14b3fdf51d13786a2e905526f21d4fe7601226e01da29583be8ff3210a7041,work/market-distribution-v1/artifacts/4a14b3fdf51d13786a2e905526f21d4fe7601226e01da29583be8ff3210a7041.json,,,False,False,none,False,,,850f45aae7a0e29c
c4b2f34b419f2d47d9423c10,2026-09-06T21:09:00.848566+00:00,850f45aae7a0e29c9c9d99adb49e34676c652f43a41ae97d88eb7751243eb060,e55c6fe19fce094ce214c8b0e5b504e9,1,2026-09-13T17:00:00Z,Jacksonville Jaguars,Cleveland Browns,player_rush_yds,player_rush_yds,Quinshon Judkins,59.5,Under,59.5,draftkings,-109,1.9174311926605505,0.4931368083034301,1.0859960740703234,2026-09-06T21:08:18Z,42.848566,conditional_non_push,,market_consensus_no_model,live_snapshot_not_T60,pinnacle,eaebeb79396babff1d66cb97,0.4931368083034301,0.4931368083034301,102.78348384505378,-11.78348384505378,1,FEWER_THAN_TWO_BOOKS,-109,draftkings,-109,False,False,58.5,closest_offered_consensus_to_50pct_no_interpolation,,,,,UNSUPPORTED_PLAYER_PROP,0897c49705a05c04d65f1c02a830bc8446166ee6750153b629f2f4c40766b03b,4a14b3fdf51d13786a2e905526f21d4fe7601226e01da29583be8ff3210a7041,work/market-distribution-v1/artifacts/4a14b3fdf51d13786a2e905526f21d4fe7601226e01da29583be8ff3210a7041.json,,,False,False,none,False,,,850f45aae7a0e29c
a6fe73ff95d407681a0cedac,2026-09-06T21:09:00.848566+00:00,850f45aae7a0e29c9c9d99adb49e34676c652f43a41ae97d88eb7751243eb060,e55c6fe19fce094ce214c8b0e5b504e9,1,2026-09-13T17:00:00Z,Jacksonville Jaguars,Cleveland Browns,player_rush_yds,player_rush_yds,Trevor Lawrence,16.5,Over,16.5,fanduel,-114,1.8771929824561404,0.5000000000000001,1.1006222153512897,2026-09-06T21:08:25Z,35.848566,conditional_non_push,,market_consensus_no_model,live_snapshot_not_T60,pinnacle,35ee17d6459bcbbdad43f631,0.5,0.5,-100.0,-14.0,2,OK,-114,fanduel|pinnacle,-114,False,False,16.5,closest_offered_consensus_to_50pct_no_interpolation,,,,,UNSUPPORTED_PLAYER_PROP,0897c49705a05c04d65f1c02a830bc8446166ee6750153b629f2f4c40766b03b,4a14b3fdf51d13786a2e905526f21d4fe7601226e01da29583be8ff3210a7041,work/market-distribution-v1/artifacts/4a14b3fdf51d13786a2e905526f21d4fe7601226e01da29583be8ff3210a7041.json,,,False,False,none,False,,,850f45aae7a0e29c
cfcbb618af07c0c3af0c47f2,2026-09-06T21:09:00.848566+00:00,850f45aae7a0e29c9c9d99adb49e34676c652f43a41ae97d88eb7751243eb060,e55c6fe19fce094ce214c8b0e5b504e9,1,2026-09-13T17:00:00Z,Jacksonville Jaguars,Cleveland Browns,player_rush_yds,player_rush_yds,Trevor Lawrence,16.5,Over,16.5,pinnacle,-114,1.8771929824561404,0.5000000000000001,1.1006222153512897,2026-09-06T21:08:56Z,4.848566,conditional_non_push,,market_consensus_no_model,live_snapshot_not_T60,pinnacle,35ee17d6459bcbbdad43f631,0.5,0.5,-100.0,-14.0,2,OK,-114,fanduel|pinnacle,-114,False,False,16.5,closest_offered_consensus_to_50pct_no_interpolation,,,,,UNSUPPORTED_PLAYER_PROP,0897c49705a05c04d65f1c02a830bc8446166ee6750153b629f2f4c40766b03b,4a14b3fdf51d13786a2e905526f21d4fe7601226e01da29583be8ff3210a7041,work/market-distribution-v1/artifacts/4a14b3fdf51d13786a2e905526f21d4fe7601226e01da29583be8ff3210a7041.json,,,False,False,none,False,,,850f45aae7a0e29c
1ed8fbf2f2c6c89f6bab2f94,2026-09-06T21:09:00.848566+00:00,850f45aae7a0e29c9c9d99adb49e34676c652f43a41ae97d88eb7751243eb060,e55c6fe19fce094ce214c8b0e5b504e9,1,2026-09-13T17:00:00Z,Jacksonville Jaguars,Cleveland Browns,player_rush_yds,player_rush_yds,Trevor Lawrence,16.5,Under,16.5,fanduel,-114,1.8771929824561404,0.5000000000000001,1.1006222153512897,2026-09-06T21:08:25Z,35.848566,conditional_non_push,,market_consensus_no_model,live_snapshot_not_T60,pinnacle,35ee17d6459bcbbdad43f631,0.5,0.5,-100.0,-14.0,2,OK,-114,fanduel|pinnacle,-114,False,False,16.5,closest_offered_consensus_to_50pct_no_interpolation,,,,,UNSUPPORTED_PLAYER_PROP,0897c49705a05c04d65f1c02a830bc8446166ee6750153b629f2f4c40766b03b,4a14b3fdf51d13786a2e905526f21d4fe7601226e01da29583be8ff3210a7041,work/market-distribution-v1/artifacts/4a14b3fdf51d13786a2e905526f21d4fe7601226e01da29583be8ff3210a7041.json,,,False,False,none,False,,,850f45aae7a0e29c
34ddba28993f91707c5444c8,2026-09-06T21:09:00.848566+00:00,850f45aae7a0e29c9c9d99adb49e34676c652f43a41ae97d88eb7751243eb060,e55c6fe19fce094ce214c8b0e5b504e9,1,2026-09-13T17:00:00Z,Jacksonville Jaguars,Cleveland Browns,player_rush_yds,player_rush_yds,Trevor Lawrence,16.5,Under,16.5,pinnacle,-114,1.8771929824561404,0.5000000000000001,1.1006222153512897,2026-09-06T21:08:56Z,4.848566,conditional_non_push,,market_consensus_no_model,live_snapshot_not_T60,pinnacle,35ee17d6459bcbbdad43f631,0.5,0.5,-100.0,-14.0,2,OK,-114,fanduel|pinnacle,-114,False,False,16.5,closest_offered_consensus_to_50pct_no_interpolation,,,,,UNSUPPORTED_PLAYER_PROP,0897c49705a05c04d65f1c02a830bc8446166ee6750153b629f2f4c40766b03b,4a14b3fdf51d13786a2e905526f21d4fe7601226e01da29583be8ff3210a7041,work/market-distribution-v1/artifacts/4a14b3fdf51d13786a2e905526f21d4fe7601226e01da29583be8ff3210a7041.json,,,False,False,none,False,,,850f45aae7a0e29c
f02af7a59c572f5fcd0db3e8,2026-09-06T21:09:00.848566+00:00,850f45aae7a0e29c9c9d99adb49e34676c652f43a41ae97d88eb7751243eb060,e55c6fe19fce094ce214c8b0e5b504e9,1,2026-09-13T17:00:00Z,Jacksonville Jaguars,Cleveland Browns,player_rush_yds,player_rush_yds,Trevor Lawrence,18.5,Over,18.5,draftkings,-110,1.9090909090909092,0.4954247932852784,1.0861586927879965,2026-09-06T21:08:18Z,42.848566,conditional_non_push,,market_consensus_no_model,live_snapshot_not_T60,pinnacle,325bada2daa7bb177a73267c,0.4954247932852783,0.4954247932852783,101.84698334711209,-11.846983347112086,1,FEWER_THAN_TWO_BOOKS,-110,draftkings,-110,False,False,16.5,closest_offered_consensus_to_50pct_no_interpolation,,,,,UNSUPPORTED_PLAYER_PROP,0897c49705a05c04d65f1c02a830bc8446166ee6750153b629f2f4c40766b03b,4a14b3fdf51d13786a2e905526f21d4fe7601226e01da29583be8ff3210a7041,work/market-distribution-v1/artifacts/4a14b3fdf51d13786a2e905526f21d4fe7601226e01da29583be8ff3210a7041.json,,,False,False,none,False,,,850f45aae7a0e29c
452440451d63ee2d4d306cac,2026-09-06T21:09:00.848566+00:00,850f45aae7a0e29c9c9d99adb49e34676c652f43a41ae97d88eb7751243eb060,e55c6fe19fce094ce214c8b0e5b504e9,1,2026-09-13T17:00:00Z,Jacksonville Jaguars,Cleveland Browns,player_rush_yds,player_rush_yds,Trevor Lawrence,18.5,Under,18.5,draftkings,-114,1.8771929824561404,0.5045752067147218,1.0861586927879965,2026-09-06T21:08:18Z,42.848566,conditional_non_push,,market_consensus_no_model,live_snapshot_not_T60,pinnacle,325bada2daa7bb177a73267c,0.5045752067147217,0.5045752067147217,-101.84698334711204,-12.153016652887956,1,FEWER_THAN_TWO_BOOKS,-114,draftkings,-114,False,False,16.5,closest_offered_consensus_to_50pct_no_interpolation,,,,,UNSUPPORTED_PLAYER_PROP,0897c49705a05c04d65f1c02a830bc8446166ee6750153b629f2f4c40766b03b,4a14b3fdf51d13786a2e905526f21d4fe7601226e01da29583be8ff3210a7041,work/market-distribution-v1/artifacts/4a14b3fdf51d13786a2e905526f21d4fe7601226e01da29583be8ff3210a7041.json,,,False,False,none,False,,,850f45aae7a0e29c
22910dec69cb7f02613f77a2,2026-09-06T21:09:00.848566+00:00,850f45aae7a0e29c9c9d99adb49e34676c652f43a41ae97d88eb7751243eb060,e55c6fe19fce094ce214c8b0e5b504e9,1,2026-09-13T17:00:00Z,Jacksonville Jaguars,Cleveland Browns,spreads,alternate_spreads,,1.5,Cleveland Browns,-1.5,draftkings,278,3.78,0.21922736038872223,1.1413239901011658,2026-09-06T21:08:18Z,42.848566,conditional_non_push,0.22487046632124352,consensus_plus_empirical_residual_model,live_snapshot_not_T60,pinnacle,d1d05629cd48db5a808b2e07,0.20292798557464742,0.20292798557464742,392.7856535747004,-114.7856535747004,2,OK,340,fanduel,340,False,False,7.5,closest_offered_consensus_to_50pct_no_interpolation,0.22487046632124352,-66.70046082949312,0.0,0.22487046632124352,EMPIRICAL_RECONSTRUCTED_HISTORY,0897c49705a05c04d65f1c02a830bc8446166ee6750153b629f2f4c40766b03b,4a14b3fdf51d13786a2e905526f21d4fe7601226e01da29583be8ff3210a7041,work/market-distribution-v1/artifacts/4a14b3fdf51d13786a2e905526f21d4fe7601226e01da29583be8ff3210a7041.json,-7.5,40.5,False,False,none,False,0.3944732297063903,0.0,850f45aae7a0e29c
1160301f51cdd44c9790e542,2026-09-06T21:09:00.848566+00:00,850f45aae7a0e29c9c9d99adb49e34676c652f43a41ae97d88eb7751243eb060,e55c6fe19fce094ce214c8b0e5b504e9,1,2026-09-13T17:00:00Z,Jacksonville Jaguars,Cleveland Browns,spreads,alternate_spreads,,1.5,Cleveland Browns,-1.5,fanduel,340,4.4,0.18662861076057272,1.1329842945702202,2026-09-06T21:08:25Z,35.848566,conditional_non_push,0.22487046632124352,consensus_plus_empirical_residual_model,live_snapshot_not_T60,pinnacle,d1d05629cd48db5a808b2e07,0.20292798557464742,0.20292798557464742,392.7856535747004,-52.785653574700405,2,OK,340,fanduel,340,False,False,7.5,closest_offered_consensus_to_50pct_no_interpolation,0.22487046632124352,-4.7004608294931245,0.0,0.22487046632124352,EMPIRICAL_RECONSTRUCTED_HISTORY,0897c49705a05c04d65f1c02a830bc8446166ee6750153b629f2f4c40766b03b,4a14b3fdf51d13786a2e905526f21d4fe7601226e01da29583be8ff3210a7041,work/market-distribution-v1/artifacts/4a14b3fdf51d13786a2e905526f21d4fe7601226e01da29583be8ff3210a7041.json,-7.5,40.5,False,False,none,False,0.3944732297063903,0.0,850f45aae7a0e29c
42a7f47af97b560433e5cded,2026-09-06T21:09:00.848566+00:00,850f45aae7a0e29c9c9d99adb49e34676c652f43a41ae97d88eb7751243eb060,e55c6fe19fce094ce214c8b0e5b504e9,1,2026-09-13T17:00:00Z,Jacksonville Jaguars,Cleveland Browns,spreads,alternate_spreads,,-1.5,Jacksonville Jaguars,-1.5,draftkings,-315,1.3174603174603174,0.7323074952174079,1.1300258674440729,2026-09-06T21:08:18Z,42.848566,conditional_non_push,0.6967184801381693,consensus_plus_empirical_residual_model,live_snapshot_not_T60,pinnacle,6816019ec78ef16e34f5a9b8,0.7487248743415127,0.7487248743415127,-297.97015219051906,-17.02984780948094,2,OK,-315,draftkings,-315,False,False,-7.5,closest_offered_consensus_to_50pct_no_interpolation,0.6967184801381693,-85.27334851936217,0.0,0.6967184801381693,EMPIRICAL_RECONSTRUCTED_HISTORY,0897c49705a05c04d65f1c02a830bc8446166ee6750153b629f2f4c40766b03b,4a14b3fdf51d13786a2e905526f21d4fe7601226e01da29583be8ff3210a7041,work/market-distribution-v1/artifacts/4a14b3fdf51d13786a2e905526f21d4fe7601226e01da29583be8ff3210a7041.json,-7.5,40.5,False,False,none,False,0.8483592400690846,0.0,850f45aae7a0e29c
b882bf0204e5db5553d985f6,2026-09-06T21:09:00.848566+00:00,850f45aae7a0e29c9c9d99adb49e34676c652f43a41ae97d88eb7751243eb060,e55c6fe19fce094ce214c8b0e5b504e9,1,2026-09-13T17:00:00Z,Jacksonville Jaguars,Cleveland Browns,spreads,alternate_spreads,,-1.5,Jacksonville Jaguars,-1.5,fanduel,-370,1.2702702702702702,0.7651422534656175,1.1189811400301246,2026-09-06T21:08:25Z,35.848566,conditional_non_push,0.6967184801381693,consensus_plus_empirical_residual_model,live_snapshot_not_T60,pinnacle,6816019ec78ef16e34f5a9b8,0.7487248743415127,0.7487248743415127,-297.97015219051906,-72.02984780948094,2,OK,-315,draftkings,-315,False,False,-7.5,closest_offered_consensus_to_50pct_no_interpolation,0.6967184801381693,-140.27334851936217,0.0,0.6967184801381693,EMPIRICAL_RECONSTRUCTED_HISTORY,0897c49705a05c04d65f1c02a830bc8446166ee6750153b629f2f4c40766b03b,4a14b3fdf51d13786a2e905526f21d4fe7601226e01da29583be8ff3210a7041,work/market-distribution-v1/artifacts/4a14b3fdf51d13786a2e905526f21d4fe7601226e01da29583be8ff3210a7041.json,-7.5,40.5,False,False,none,False,0.8483592400690846,0.0,850f45aae7a0e29c
58264f54b6247d12346e019a,2026-09-06T21:09:00.848566+00:00,850f45aae7a0e29c9c9d99adb49e34676c652f43a41ae97d88eb7751243eb060,e55c6fe19fce094ce214c8b0e5b504e9,1,2026-09-13T17:00:00Z,Jacksonville Jaguars,Cleveland Browns,spreads,alternate_spreads,,10.5,Cleveland Browns,-10.5,draftkings,900,10.0,0.04160200568897278,1.3808857309440392,2026-09-06T21:08:18Z,42.848566,conditional_non_push,0.07115716753022452,consensus_plus_empirical_residual_model,live_snapshot_not_T60,pinnacle,9d21aaf2690e915085135297,0.03419824265756846,0.03419824265756846,2824.1268623453334,-1924.1268623453334,2,OK,1300,fanduel,1300,False,False,7.5,closest_offered_consensus_to_50pct_no_interpolation,0.07115716753022452,-405.3398058252428,0.0,0.07115716753022452,EMPIRICAL_RECONSTRUCTED_HISTORY,0897c49705a05c04d65f1c02a830bc8446166ee6750153b629f2f4c40766b03b,4a14b3fdf51d13786a2e905526f21d4fe7601226e01da29583be8ff3210a7041,work/market-distribution-v1/artifacts/4a14b3fdf51d13786a2e905526f21d4fe7601226e01da29583be8ff3210a7041.json,-7.5,40.5,False,False,none,False,0.15164075993091536,0.0,850f45aae7a0e29c
7eabc6b522b3eecbb3499409,2026-09-06T21:09:00.848566+00:00,850f45aae7a0e29c9c9d99adb49e34676c652f43a41ae97d88eb7751243eb060,e55c6fe19fce094ce214c8b0e5b504e9,1,2026-09-13T17:00:00Z,Jacksonville Jaguars,Cleveland Browns,spreads,alternate_spreads,,10.5,Cleveland Browns,-10.5,fanduel,1300,14.0,0.02679447962616415,1.371534962944137,2026-09-06T21:08:25Z,35.848566,conditional_non_push,0.07115716753022452,consensus_plus_empirical_residual_model,live_snapshot_not_T60,pinnacle,9d21aaf2690e915085135297,0.03419824265756846,0.03419824265756846,2824.1268623453334,-1524.1268623453334,2,OK,1300,fanduel,1300,False,False,7.5,closest_offered_consensus_to_50pct_no_interpolation,0.07115716753022452,-5.33980582524282,0.0,0.07115716753022452,EMPIRICAL_RECONSTRUCTED_HISTORY,0897c49705a05c04d65f1c02a830bc8446166ee6750153b629f2f4c40766b03b,4a14b3fdf51d13786a2e905526f21d4fe7601226e01da29583be8ff3210a7041,work/market-distribution-v1/artifacts/4a14b3fdf51d13786a2e905526f21d4fe7601226e01da29583be8ff3210a7041.json,-7.5,40.5,False,False,none,False,0.15164075993091536,0.0,850f45aae7a0e29c
4b4443fe63f1ac8ccae417ce,2026-09-06T21:09:00.848566+00:00,850f45aae7a0e29c9c9d99adb49e34676c652f43a41ae97d88eb7751243eb060,e55c6fe19fce094ce214c8b0e5b504e9,1,2026-09-13T17:00:00Z,Jacksonville Jaguars,Cleveland Browns,spreads,alternate_spreads,,-10.5,Jacksonville Jaguars,-10.5,draftkings,118,2.1799999999999997,0.42034729080094674,1.1120831020846849,2026-09-06T21:08:18Z,42.848566,conditional_non_push,0.4069084628670121,consensus_plus_empirical_residual_model,live_snapshot_not_T60,pinnacle,543dc516d2f3058a799cd53d,0.41486460437862893,0.41486460437862893,141.0424966231497,-23.042496623149702,2,OK,126,fanduel,126,False,False,-7.5,closest_offered_consensus_to_50pct_no_interpolation,0.4069084628670121,-27.755517826825127,0.0,0.4069084628670121,EMPIRICAL_RECONSTRUCTED_HISTORY,0897c49705a05c04d65f1c02a830bc8446166ee6750153b629f2f4c40766b03b,4a14b3fdf51d13786a2e905526f21d4fe7601226e01da29583be8ff3210a7041,work/market-distribution-v1/artifacts/4a14b3fdf51d13786a2e905526f21d4fe7601226e01da29583be8ff3210a7041.json,-7.5,40.5,False,False,none,False,0.6055267702936097,0.0,850f45aae7a0e29c
150ff65da88664d88c4a083c,2026-09-06T21:09:00.848566+00:00,850f45aae7a0e29c9c9d99adb49e34676c652f43a41ae97d88eb7751243eb060,e55c6fe19fce094ce214c8b0e5b504e9,1,2026-09-13T17:00:00Z,Jacksonville Jaguars,Cleveland Browns,spreads,alternate_spreads,,-10.5,Jacksonville Jaguars,-10.5,fanduel,126,2.26,0.4093819179563112,1.0953462295159602,2026-09-06T21:08:25Z,35.848566,conditional_non_push,0.4069084628670121,consensus_plus_empirical_residual_model,live_snapshot_not_T60,pinnacle,543dc516d2f3058a799cd53d,0.41486460437862893,0.41486460437862893,141.0424966231497,-15.042496623149702,2,OK,126,fanduel,126,False,False,-7.5,closest_offered_consensus_to_50pct_no_interpolation,0.4069084628670121,-19.755517826825127,0.0,0.4069084628670121,EMPIRICAL_RECONSTRUCTED_HISTORY,0897c49705a05c04d65f1c02a830bc8446166ee6750153b629f2f4c40766b03b,4a14b3fdf51d13786a2e905526f21d4fe7601226e01da29583be8ff3210a7041,work/market-distribution-v1/artifacts/4a14b3fdf51d13786a2e905526f21d4fe7601226e01da29583be8ff3210a7041.json,-7.5,40.5,False,False,none,False,0.6055267702936097,0.0,850f45aae7a0e29c
b39f54d2daa52b03f9487976,2026-09-06T21:09:00.848566+00:00,850f45aae7a0e29c9c9d99adb49e34676c652f43a41ae97d88eb7751243eb060,e55c6fe19fce094ce214c8b0e5b504e9,1,2026-09-13T17:00:00Z,Jacksonville Jaguars,Cleveland Browns,spreads,alternate_spreads,,11.5,Cleveland Browns,-11.5,draftkings,970,10.7,0.0338398108851471,1.4285945675203573,2026-09-06T21:08:18Z,42.848566,conditional_non_push,0.06252158894645941,consensus_plus_empirical_residual_model,live_snapshot_not_T60,pinnacle,181e6e92c1d4852743cc3a70,0.028325468520446786,0.028325468520446786,3430.391736603221,-2460.391736603221,2,OK,1400,fanduel,1400,False,False,7.5,closest_offered_consensus_to_50pct_no_interpolation,0.06252158894645941,-529.4475138121545,0.0,0.06252158894645941,EMPIRICAL_RECONSTRUCTED_HISTORY,0897c49705a05c04d65f1c02a830bc8446166ee6750153b629f2f4c40766b03b,4a14b3fdf51d13786a2e905526f21d4fe7601226e01da29583be8ff3210a7041,work/market-distribution-v1/artifacts/4a14b3fdf51d13786a2e905526f21d4fe7601226e01da29583be8ff3210a7041.json,-7.5,40.5,False,False,none,False,0.13333333333333333,0.0,850f45aae7a0e29c
ed5b5756fb5ad9a4f8bec104,2026-09-06T21:09:00.848566+00:00,850f45aae7a0e29c9c9d99adb49e34676c652f43a41ae97d88eb7751243eb060,e55c6fe19fce094ce214c8b0e5b504e9,1,2026-09-13T17:00:00Z,Jacksonville Jaguars,Cleveland Browns,spreads,alternate_spreads,,11.5,Cleveland Browns,-11.5,fanduel,1400,15.0,0.022811126155746486,1.3960254027875676,2026-09-06T21:08:25Z,35.848566,conditional_non_push,0.06252158894645941,consensus_plus_empirical_residual_model,live_snapshot_not_T60,pinnacle,181e6e92c1d4852743cc3a70,0.028325468520446786,0.028325468520446786,3430.391736603221,-2030.391736603221,2,OK,1400,fanduel,1400,False,False,7.5,closest_offered_consensus_to_50pct_no_interpolation,0.06252158894645941,-99.44751381215451,0.0,0.06252158894645941,EMPIRICAL_RECONSTRUCTED_HISTORY,0897c49705a05c04d65f1c02a830bc8446166ee6750153b629f2f4c40766b03b,4a14b3fdf51d13786a2e905526f21d4fe7601226e01da29583be8ff3210a7041,work/market-distribution-v1/artifacts/4a14b3fdf51d13786a2e905526f21d4fe7601226e01da29583be8ff3210a7041.json,-7.5,40.5,False,False,none,False,0.13333333333333333,0.0,850f45aae7a0e29c
fcaaa73cfb2b73bedea99ac7,2026-09-06T21:09:00.848566+00:00,850f45aae7a0e29c9c9d99adb49e34676c652f43a41ae97d88eb7751243eb060,e55c6fe19fce094ce214c8b0e5b504e9,1,2026-09-13T17:00:00Z,Jacksonville Jaguars,Cleveland Browns,spreads,alternate_spreads,,-11.5,Jacksonville Jaguars,-11.5,draftkings,129,2.29,0.3979175670588934,1.1121940638534555,2026-09-06T21:08:18Z,42.848566,conditional_non_push,0.37409326424870465,consensus_plus_empirical_residual_model,live_snapshot_not_T60,pinnacle,f13d9acf7160c312cd954ba8,0.39456650715440234,0.39456650715440234,153.44269771196736,-24.442697711967355,2,OK,136,fanduel,136,False,False,-7.5,closest_offered_consensus_to_50pct_no_interpolation,0.37409326424870465,-38.3130193905817,0.0,0.37409326424870465,EMPIRICAL_RECONSTRUCTED_HISTORY,0897c49705a05c04d65f1c02a830bc8446166ee6750153b629f2f4c40766b03b,4a14b3fdf51d13786a2e905526f21d4fe7601226e01da29583be8ff3210a7041,work/market-distribution-v1/artifacts/4a14b3fdf51d13786a2e905526f21d4fe7601226e01da29583be8ff3210a7041.json,-7.5,40.5,False,False,none,False,0.5778929188255613,0.0,850f45aae7a0e29c
08605837a068b89cba7871d2,2026-09-06T21:09:00.848566+00:00,850f45aae7a0e29c9c9d99adb49e34676c652f43a41ae97d88eb7751243eb060,e55c6fe19fce094ce214c8b0e5b504e9,1,2026-09-13T17:00:00Z,Jacksonville Jaguars,Cleveland Browns,spreads,alternate_spreads,,-11.5,Jacksonville Jaguars,-11.5,fanduel,136,2.3600000000000003,0.3912154472499113,1.092976364563583,2026-09-06T21:08:25Z,35.848566,conditional_non_push,0.37409326424870465,consensus_plus_empirical_residual_model,live_snapshot_not_T60,pinnacle,f13d9acf7160c312cd954ba8,0.39456650715440234,0.39456650715440234,153.44269771196736,-17.442697711967355,2,OK,136,fanduel,136,False,False,-7.5,closest_offered_consensus_to_50pct_no_interpolation,0.37409326424870465,-31.3130193905817,0.0,0.37409326424870465,EMPIRICAL_RECONSTRUCTED_HISTORY,0897c49705a05c04d65f1c02a830bc8446166ee6750153b629f2f4c40766b03b,4a14b3fdf51d13786a2e905526f21d4fe7601226e01da29583be8ff3210a7041,work/market-distribution-v1/artifacts/4a14b3fdf51d13786a2e905526f21d4fe7601226e01da29583be8ff3210a7041.json,-7.5,40.5,False,False,none,False,0.5778929188255613,0.0,850f45aae7a0e29c
c2c0058dd31d138131d58f8d,2026-09-06T21:09:00.848566+00:00,850f45aae7a0e29c9c9d99adb49e34676c652f43a41ae97d88eb7751243eb060,e55c6fe19fce094ce214c8b0e5b504e9,1,2026-09-13T17:00:00Z,Jacksonville Jaguars,Cleveland Browns,spreads,alternate_spreads,,12.5,Cleveland Browns,-12.5,draftkings,1040,11.4,0.026894618172066623,1.485786175655063,2026-09-06T21:08:18Z,42.848566,conditional_non_push,0.05146804835924007,consensus_plus_empirical_residual_model,live_snapshot_not_T60,pinnacle,fccdbde073c1d6ddf7e30400,0.023559833470057967,0.023559833470057967,4144.512174803329,-3104.512174803329,2,OK,1400,fanduel,1400,False,False,7.5,closest_offered_consensus_to_50pct_no_interpolation,0.05146804835924007,-802.9530201342282,0.0,0.05146804835924007,EMPIRICAL_RECONSTRUCTED_HISTORY,0897c49705a05c04d65f1c02a830bc8446166ee6750153b629f2f4c40766b03b,4a14b3fdf51d13786a2e905526f21d4fe7601226e01da29583be8ff3210a7041,work/market-distribution-v1/artifacts/4a14b3fdf51d13786a2e905526f21d4fe7601226e01da29583be8ff3210a7041.json,-7.5,40.5,False,False,none,False,0.11709844559585492,0.0,850f45aae7a0e29c
9e4f33d6efa224ff5392d0f8,2026-09-06T21:09:00.848566+00:00,850f45aae7a0e29c9c9d99adb49e34676c652f43a41ae97d88eb7751243eb060,e55c6fe19fce094ce214c8b0e5b504e9,1,2026-09-13T17:00:00Z,Jacksonville Jaguars,Cleveland Browns,spreads,alternate_spreads,,12.5,Cleveland Browns,-12.5,fanduel,1400,15.0,0.020225048768049314,1.4404583058235723,2026-09-06T21:08:25Z,35.848566,conditional_non_push,0.05146804835924007,consensus_plus_empirical_residual_model,live_snapshot_not_T60,pinnacle,fccdbde073c1d6ddf7e30400,0.023559833470057967,0.023559833470057967,4144.512174803329,-2744.512174803329,2,OK,1400,fanduel,1400,False,False,7.5,closest_offered_consensus_to_50pct_no_interpolation,0.05146804835924007,-442.95302013422815,0.0,0.05146804835924007,EMPIRICAL_RECONSTRUCTED_HISTORY,0897c49705a05c04d65f1c02a830bc8446166ee6750153b629f2f4c40766b03b,4a14b3fdf51d13786a2e905526f21d4fe7601226e01da29583be8ff3210a7041,work/market-distribution-v1/artifacts/4a14b3fdf51d13786a2e905526f21d4fe7601226e01da29583be8ff3210a7041.json,-7.5,40.5,False,False,none,False,0.11709844559585492,0.0,850f45aae7a0e29c
a933fcfe24606cbea74c3128,2026-09-06T21:09:00.848566+00:00,850f45aae7a0e29c9c9d99adb49e34676c652f43a41ae97d88eb7751243eb060,e55c6fe19fce094ce214c8b0e5b504e9,1,2026-09-13T17:00:00Z,Jacksonville Jaguars,Cleveland Browns,spreads,alternate_spreads,,-12.5,Jacksonville Jaguars,-12.5,draftkings,139,2.3899999999999997,0.3784902963876781,1.1150834855742784,2026-09-06T21:08:18Z,42.848566,conditional_non_push,0.34127806563039725,consensus_plus_empirical_residual_model,live_snapshot_not_T60,pinnacle,ac2df659e433d568914f87ec,0.37582647707690486,0.37582647707690486,166.08024207814697,-27.080242078146966,2,OK,146,fanduel,146,False,False,-7.5,closest_offered_consensus_to_50pct_no_interpolation,0.34127806563039725,-54.0161943319838,0.0,0.34127806563039725,EMPIRICAL_RECONSTRUCTED_HISTORY,0897c49705a05c04d65f1c02a830bc8446166ee6750153b629f2f4c40766b03b,4a14b3fdf51d13786a2e905526f21d4fe7601226e01da29583be8ff3210a7041,work/market-distribution-v1/artifacts/4a14b3fdf51d13786a2e905526f21d4fe7601226e01da29583be8ff3210a7041.json,-7.5,40.5,False,False,none,False,0.542314335060449,0.0,850f45aae7a0e29c
e3f635b04f6835e63ecdb726,2026-09-06T21:09:00.848566+00:00,850f45aae7a0e29c9c9d99adb49e34676c652f43a41ae97d88eb7751243eb060,e55c6fe19fce094ce214c8b0e5b504e9,1,2026-09-13T17:00:00Z,Jacksonville Jaguars,Cleveland Browns,spreads,alternate_spreads,,-12.5,Jacksonville Jaguars,-12.5,fanduel,146,2.46,0.37316265776613183,1.0950713165506936,2026-09-06T21:08:25Z,35.848566,conditional_non_push,0.34127806563039725,consensus_plus_empirical_residual_model,live_snapshot_not_T60,pinnacle,ac2df659e433d568914f87ec,0.37582647707690486,0.37582647707690486,166.08024207814697,-20.080242078146966,2,OK,146,fanduel,146,False,False,-7.5,closest_offered_consensus_to_50pct_no_interpolation,0.34127806563039725,-47.0161943319838,0.0,0.34127806563039725,EMPIRICAL_RECONSTRUCTED_HISTORY,0897c49705a05c04d65f1c02a830bc8446166ee6750153b629f2f4c40766b03b,4a14b3fdf51d13786a2e905526f21d4fe7601226e01da29583be8ff3210a7041,work/market-distribution-v1/artifacts/4a14b3fdf51d13786a2e905526f21d4fe7601226e01da29583be8ff3210a7041.json,-7.5,40.5,False,False,none,False,0.542314335060449,0.0,850f45aae7a0e29c
3f4541126514ab1e88f46399,2026-09-06T21:09:00.848566+00:00,850f45aae7a0e29c9c9d99adb49e34676c652f43a41ae97d88eb7751243eb060,e55c6fe19fce094ce214c8b0e5b504e9,1,2026-09-13T17:00:00Z,Jacksonville Jaguars,Cleveland Browns,spreads,alternate_spreads,,13.5,Cleveland Browns,-13.5,draftkings,1120,12.2,0.018486495147971262,1.5953695727042811,2026-09-06T21:08:18Z,42.848566,conditional_non_push,0.04179620034542314,consensus_plus_empirical_residual_model,live_snapshot_not_T60,pinnacle,5113deaf9e51c35fd85e07fc,0.019169369271519555,0.019169369271519555,5116.655727352108,-3996.6557273521084,2,OK,1500,fanduel,1500,False,False,7.5,closest_offered_consensus_to_50pct_no_interpolation,0.04179620034542314,-1172.5619834710747,0.0,0.04179620034542314,EMPIRICAL_RECONSTRUCTED_HISTORY,0897c49705a05c04d65f1c02a830bc8446166ee6750153b629f2f4c40766b03b,4a14b3fdf51d13786a2e905526f21d4fe7601226e01da29583be8ff3210a7041,work/market-distribution-v1/artifacts/4a14b3fdf51d13786a2e905526f21d4fe7601226e01da29583be8ff3210a7041.json,-7.5,40.5,False,False,none,False,0.10673575129533679,0.0,850f45aae7a0e29c
7506bcc0751be34adbd1800b,2026-09-06T21:09:00.848566+00:00,850f45aae7a0e29c9c9d99adb49e34676c652f43a41ae97d88eb7751243eb060,e55c6fe19fce094ce214c8b0e5b504e9,1,2026-09-13T17:00:00Z,Jacksonville Jaguars,Cleveland Browns,spreads,alternate_spreads,,13.5,Cleveland Browns,-13.5,fanduel,1500,16.0,0.019852243395067852,1.4136385355001044,2026-09-06T21:08:25Z,35.848566,conditional_non_push,0.04179620034542314,consensus_plus_empirical_residual_model,live_snapshot_not_T60,pinnacle,5113deaf9e51c35fd85e07fc,0.019169369271519555,0.019169369271519555,5116.655727352108,-3616.6557273521084,2,OK,1500,fanduel,1500,False,False,7.5,closest_offered_consensus_to_50pct_no_interpolation,0.04179620034542314,-792.5619834710747,0.0,0.04179620034542314,EMPIRICAL_RECONSTRUCTED_HISTORY,0897c49705a05c04d65f1c02a830bc8446166ee6750153b629f2f4c40766b03b,4a14b3fdf51d13786a2e905526f21d4fe7601226e01da29583be8ff3210a7041,work/market-distribution-v1/artifacts/4a14b3fdf51d13786a2e905526f21d4fe7601226e01da29583be8ff3210a7041.json,-7.5,40.5,False,False,none,False,0.10673575129533679,0.0,850f45aae7a0e29c
a9aee67a63ea514f65c89721,2026-09-06T21:09:00.848566+00:00,850f45aae7a0e29c9c9d99adb49e34676c652f43a41ae97d88eb7751243eb060,e55c6fe19fce094ce214c8b0e5b504e9,1,2026-09-13T17:00:00Z,Jacksonville Jaguars,Cleveland Browns,spreads,alternate_spreads,,-13.5,Jacksonville Jaguars,-13.5,draftkings,155,2.55,0.3515737112333574,1.1167004601483477,2026-09-06T21:08:18Z,42.848566,conditional_non_push,0.31329879101899827,consensus_plus_empirical_residual_model,live_snapshot_not_T60,pinnacle,5b06febe925e00914e943ef7,0.34745729483090526,0.34745729483090526,187.80515328845328,-32.80515328845328,2,OK,164,fanduel,164,False,False,-7.5,closest_offered_consensus_to_50pct_no_interpolation,0.31329879101899827,-64.18412348401327,0.0,0.31329879101899827,EMPIRICAL_RECONSTRUCTED_HISTORY,0897c49705a05c04d65f1c02a830bc8446166ee6750153b629f2f4c40766b03b,4a14b3fdf51d13786a2e905526f21d4fe7601226e01da29583be8ff3210a7041,work/market-distribution-v1/artifacts/4a14b3fdf51d13786a2e905526f21d4fe7601226e01da29583be8ff3210a7041.json,-7.5,40.5,False,False,none,False,0.5008635578583766,0.0,850f45aae7a0e29c
b116fb9dd766339149efd007,2026-09-06T21:09:00.848566+00:00,850f45aae7a0e29c9c9d99adb49e34676c652f43a41ae97d88eb7751243eb060,e55c6fe19fce094ce214c8b0e5b504e9,1,2026-09-13T17:00:00Z,Jacksonville Jaguars,Cleveland Browns,spreads,alternate_spreads,,-13.5,Jacksonville Jaguars,-13.5,fanduel,164,2.6399999999999997,0.34334087842845307,1.101210061083962,2026-09-06T21:08:25Z,35.848566,conditional_non_push,0.31329879101899827,consensus_plus_empirical_residual_model,live_snapshot_not_T60,pinnacle,5b06febe925e00914e943ef7,0.34745729483090526,0.34745729483090526,187.80515328845328,-23.805153288453283,2,OK,164,fanduel,164,False,False,-7.5,closest_offered_consensus_to_50pct_no_interpolation,0.31329879101899827,-55.18412348401327,0.0,0.31329879101899827,EMPIRICAL_RECONSTRUCTED_HISTORY,0897c49705a05c04d65f1c02a830bc8446166ee6750153b629f2f4c40766b03b,4a14b3fdf51d13786a2e905526f21d4fe7601226e01da29583be8ff3210a7041,work/market-distribution-v1/artifacts/4a14b3fdf51d13786a2e905526f21d4fe7601226e01da29583be8ff3210a7041.json,-7.5,40.5,False,False,none,False,0.5008635578583766,0.0,850f45aae7a0e29c
d7bd28ed5cecb8dcc3edb161,2026-09-06T21:09:00.848566+00:00,850f45aae7a0e29c9c9d99adb49e34676c652f43a41ae97d88eb7751243eb060,e55c6fe19fce094ce214c8b0e5b504e9,1,2026-09-13T17:00:00Z,Jacksonville Jaguars,Cleveland Browns,spreads,alternate_spreads,,14.5,Cleveland Browns,-14.5,draftkings,1260,13.6,0.015709568223685855,1.5913311294634322,2026-09-06T21:08:18Z,42.848566,conditional_non_push,0.035233160621761656,consensus_plus_empirical_residual_model,live_snapshot_not_T60,pinnacle,7e267fc31abd977a514d3c83,0.015092155446183027,0.015092155446183027,6525.9587874368935,-5265.9587874368935,2,OK,1700,fanduel,1700,False,False,7.5,closest_offered_consensus_to_50pct_no_interpolation,0.035233160621761656,-1478.2352941176473,0.0,0.035233160621761656,EMPIRICAL_RECONSTRUCTED_HISTORY,0897c49705a05c04d65f1c02a830bc8446166ee6750153b629f2f4c40766b03b,4a14b3fdf51d13786a2e905526f21d4fe7601226e01da29583be8ff3210a7041,work/market-distribution-v1/artifacts/4a14b3fdf51d13786a2e905526f21d4fe7601226e01da29583be8ff3210a7041.json,-7.5,40.5,False,False,none,False,0.09499136442141623,0.0,850f45aae7a0e29c
88e09c7e88e7ac791391260e,2026-09-06T21:09:00.848566+00:00,850f45aae7a0e29c9c9d99adb49e34676c652f43a41ae97d88eb7751243eb060,e55c6fe19fce094ce214c8b0e5b504e9,1,2026-09-13T17:00:00Z,Jacksonville Jaguars,Cleveland Browns,spreads,alternate_spreads,,14.5,Cleveland Browns,-14.5,fanduel,1700,18.0,0.014474742668680202,1.4653305484836974,2026-09-06T21:08:25Z,35.848566,conditional_non_push,0.035233160621761656,consensus_plus_empirical_residual_model,live_snapshot_not_T60,pinnacle,7e267fc31abd977a514d3c83,0.015092155446183027,0.015092155446183027,6525.9587874368935,-4825.9587874368935,2,OK,1700,fanduel,1700,False,False,7.5,closest_offered_consensus_to_50pct_no_interpolation,0.035233160621761656,-1038.2352941176473,0.0,0.035233160621761656,EMPIRICAL_RECONSTRUCTED_HISTORY,0897c49705a05c04d65f1c02a830bc8446166ee6750153b629f2f4c40766b03b,4a14b3fdf51d13786a2e905526f21d4fe7601226e01da29583be8ff3210a7041,work/market-distribution-v1/artifacts/4a14b3fdf51d13786a2e905526f21d4fe7601226e01da29583be8ff3210a7041.json,-7.5,40.5,False,False,none,False,0.09499136442141623,0.0,850f45aae7a0e29c
2e236c9ba4023b12efb80e91,2026-09-06T21:09:00.848566+00:00,850f45aae7a0e29c9c9d99adb49e34676c652f43a41ae97d88eb7751243eb060,e55c6fe19fce094ce214c8b0e5b504e9,1,2026-09-13T17:00:00Z,Jacksonville Jaguars,Cleveland Browns,spreads,alternate_spreads,,-14.5,Jacksonville Jaguars,-14.5,draftkings,185,2.85,0.3085647553036196,1.1226985859562966,2026-09-06T21:08:18Z,42.848566,conditional_non_push,0.28808290155440414,consensus_plus_empirical_residual_model,live_snapshot_not_T60,pinnacle,df2c4082dd5f9a841b1a1a09,0.29758385879769567,0.29758385879769567,236.03973146938154,-51.039731469381536,3,OK,218,pinnacle,200,False,False,-7.5,closest_offered_consensus_to_50pct_no_interpolation,0.28808290155440414,-62.122302158273385,0.0,0.28808290155440414,EMPIRICAL_RECONSTRUCTED_HISTORY,0897c49705a05c04d65f1c02a830bc8446166ee6750153b629f2f4c40766b03b,4a14b3fdf51d13786a2e905526f21d4fe7601226e01da29583be8ff3210a7041,work/market-distribution-v1/artifacts/4a14b3fdf51d13786a2e905526f21d4fe7601226e01da29583be8ff3210a7041.json,-7.5,40.5,False,False,none,False,0.47564766839378236,0.0,850f45aae7a0e29c
5fb035c43d631c0224080f8c,2026-09-06T21:09:00.848566+00:00,850f45aae7a0e29c9c9d99adb49e34676c652f43a41ae97d88eb7751243eb060,e55c6fe19fce094ce214c8b0e5b504e9,1,2026-09-13T17:00:00Z,Jacksonville Jaguars,Cleveland Browns,spreads,alternate_spreads,,-14.5,Jacksonville Jaguars,-14.5,fanduel,200,3.0,0.29758385879769567,1.1032638428562676,2026-09-06T21:08:25Z,35.848566,conditional_non_push,0.28808290155440414,consensus_plus_empirical_residual_model,live_snapshot_not_T60,pinnacle,df2c4082dd5f9a841b1a1a09,0.29758385879769567,0.29758385879769567,236.03973146938154,-36.039731469381536,3,OK,218,pinnacle,200,False,False,-7.5,closest_offered_consensus_to_50pct_no_interpolation,0.28808290155440414,-47.122302158273385,0.0,0.28808290155440414,EMPIRICAL_RECONSTRUCTED_HISTORY,0897c49705a05c04d65f1c02a830bc8446166ee6750153b629f2f4c40766b03b,4a14b3fdf51d13786a2e905526f21d4fe7601226e01da29583be8ff3210a7041,work/market-distribution-v1/artifacts/4a14b3fdf51d13786a2e905526f21d4fe7601226e01da29583be8ff3210a7041.json,-7.5,40.5,False,False,none,False,0.47564766839378236,0.0,850f45aae7a0e29c
484e7fedede63426266da264,2026-09-06T21:09:00.848566+00:00,850f45aae7a0e29c9c9d99adb49e34676c652f43a41ae97d88eb7751243eb060,e55c6fe19fce094ce214c8b0e5b504e9,1,2026-09-13T17:00:00Z,Jacksonville Jaguars,Cleveland Browns,spreads,alternate_spreads,,-14.5,Jacksonville Jaguars,-14.5,pinnacle,218,3.18,0.2886432304419199,1.0740634852349316,2026-09-06T21:08:57Z,3.848566,conditional_non_push,0.28808290155440414,consensus_plus_empirical_residual_model,live_snapshot_not_T60,pinnacle,df2c4082dd5f9a841b1a1a09,0.29758385879769567,0.29758385879769567,236.03973146938154,-18.039731469381536,3,OK,218,pinnacle,200,False,False,-7.5,closest_offered_consensus_to_50pct_no_interpolation,0.28808290155440414,-29.122302158273385,0.0,0.28808290155440414,EMPIRICAL_RECONSTRUCTED_HISTORY,0897c49705a05c04d65f1c02a830bc8446166ee6750153b629f2f4c40766b03b,4a14b3fdf51d13786a2e905526f21d4fe7601226e01da29583be8ff3210a7041,work/market-distribution-v1/artifacts/4a14b3fdf51d13786a2e905526f21d4fe7601226e01da29583be8ff3210a7041.json,-7.5,40.5,False,False,none,False,0.47564766839378236,0.0,850f45aae7a0e29c
a505c6d333da803a471a6cb5,2026-09-06T21:09:00.848566+00:00,850f45aae7a0e29c9c9d99adb49e34676c652f43a41ae97d88eb7751243eb060,e55c6fe19fce094ce214c8b0e5b504e9,1,2026-09-13T17:00:00Z,Jacksonville Jaguars,Cleveland Browns,spreads,alternate_spreads,,15.5,Cleveland Browns,-15.5,fanduel,2000,21.0,0.0078991669138625,1.5900680904921125,2026-09-06T21:08:25Z,35.848566,conditional_non_push,0.03246977547495682,consensus_plus_empirical_residual_model,live_snapshot_not_T60,pinnacle,3bc73308f0b625af8fae2264,0.007899166913862499,0.007899166913862499,12559.56284890079,-10559.56284890079,1,FEWER_THAN_TWO_BOOKS,2000,fanduel,2000,False,False,7.5,closest_offered_consensus_to_50pct_no_interpolation,0.03246977547495682,-979.7872340425533,0.0,0.03246977547495682,EMPIRICAL_RECONSTRUCTED_HISTORY,0897c49705a05c04d65f1c02a830bc8446166ee6750153b629f2f4c40766b03b,4a14b3fdf51d13786a2e905526f21d4fe7601226e01da29583be8ff3210a7041,work/market-distribution-v1/artifacts/4a14b3fdf51d13786a2e905526f21d4fe7601226e01da29583be8ff3210a7041.json,-7.5,40.5,False,False,none,False,0.08255613126079447,0.0,850f45aae7a0e29c
6154621319ef68b95c4c4e51,2026-09-06T21:09:00.848566+00:00,850f45aae7a0e29c9c9d99adb49e34676c652f43a41ae97d88eb7751243eb060,e55c6fe19fce094ce214c8b0e5b504e9,1,2026-09-13T17:00:00Z,Jacksonville Jaguars,Cleveland Browns,spreads,alternate_spreads,,-15.5,Jacksonville Jaguars,-15.5,draftkings,199,2.99,0.2920167222580266,1.1238693686019419,2026-09-06T21:08:18Z,42.848566,conditional_non_push,0.25941278065630397,consensus_plus_empirical_residual_model,live_snapshot_not_T60,pinnacle,0df0a0f9e9d54897e765c67f,0.284033968852992,0.284033968852992,252.07056537578148,-53.070565375781484,2,OK,220,fanduel,220,False,False,-7.5,closest_offered_consensus_to_50pct_no_interpolation,0.25941278065630397,-86.48601864181092,0.0,0.25941278065630397,EMPIRICAL_RECONSTRUCTED_HISTORY,0897c49705a05c04d65f1c02a830bc8446166ee6750153b629f2f4c40766b03b,4a14b3fdf51d13786a2e905526f21d4fe7601226e01da29583be8ff3210a7041,work/market-distribution-v1/artifacts/4a14b3fdf51d13786a2e905526f21d4fe7601226e01da29583be8ff3210a7041.json,-7.5,40.5,False,False,none,False,0.4369602763385147,0.0,850f45aae7a0e29c
6d2e0c47e2e3eb68797ee185,2026-09-06T21:09:00.848566+00:00,850f45aae7a0e29c9c9d99adb49e34676c652f43a41ae97d88eb7751243eb060,e55c6fe19fce094ce214c8b0e5b504e9,1,2026-09-13T17:00:00Z,Jacksonville Jaguars,Cleveland Browns,spreads,alternate_spreads,,-15.5,Jacksonville Jaguars,-15.5,fanduel,220,3.2,0.2760512154479574,1.106622508802201,2026-09-06T21:08:25Z,35.848566,conditional_non_push,0.25941278065630397,consensus_plus_empirical_residual_model,live_snapshot_not_T60,pinnacle,0df0a0f9e9d54897e765c67f,0.284033968852992,0.284033968852992,252.07056537578148,-32.070565375781484,2,OK,220,fanduel,220,False,False,-7.5,closest_offered_consensus_to_50pct_no_interpolation,0.25941278065630397,-65.48601864181092,0.0,0.25941278065630397,EMPIRICAL_RECONSTRUCTED_HISTORY,0897c49705a05c04d65f1c02a830bc8446166ee6750153b629f2f4c40766b03b,4a14b3fdf51d13786a2e905526f21d4fe7601226e01da29583be8ff3210a7041,work/market-distribution-v1/artifacts/4a14b3fdf51d13786a2e905526f21d4fe7601226e01da29583be8ff3210a7041.json,-7.5,40.5,False,False,none,False,0.4369602763385147,0.0,850f45aae7a0e29c
3f19a2939d684e2f7bc034ca,2026-09-06T21:09:00.848566+00:00,850f45aae7a0e29c9c9d99adb49e34676c652f43a41ae97d88eb7751243eb060,e55c6fe19fce094ce214c8b0e5b504e9,1,2026-09-13T17:00:00Z,Jacksonville Jaguars,Cleveland Browns,spreads,alternate_spreads,,16.5,Cleveland Browns,-16.5,fanduel,2200,23.0,0.00770927404052269,1.551695177522936,2026-09-06T21:08:25Z,35.848566,conditional_non_push,0.02797927461139896,consensus_plus_empirical_residual_model,live_snapshot_not_T60,pinnacle,265ef4641c2053727fc6c246,0.007709274040522688,0.007709274040522688,12871.38997451179,-10671.38997451179,1,FEWER_THAN_TWO_BOOKS,2200,fanduel,2200,False,False,7.5,closest_offered_consensus_to_50pct_no_interpolation,0.02797927461139896,-1274.0740740740744,0.0,0.02797927461139896,EMPIRICAL_RECONSTRUCTED_HISTORY,0897c49705a05c04d65f1c02a830bc8446166ee6750153b629f2f4c40766b03b,4a14b3fdf51d13786a2e905526f21d4fe7601226e01da29583be8ff3210a7041,work/market-distribution-v1/artifacts/4a14b3fdf51d13786a2e905526f21d4fe7601226e01da29583be8ff3210a7041.json,-7.5,40.5,False,False,none,False,0.07115716753022452,0.0,850f45aae7a0e29c
e06cef61c8a8f4642ff907e5,2026-09-06T21:09:00.848566+00:00,850f45aae7a0e29c9c9d99adb49e34676c652f43a41ae97d88eb7751243eb060,e55c6fe19fce094ce214c8b0e5b504e9,1,2026-09-13T17:00:00Z,Jacksonville Jaguars,Cleveland Browns,spreads,alternate_spreads,,-16.5,Jacksonville Jaguars,-16.5,draftkings,218,3.18,0.2707584371954489,1.129353848000453,2026-09-06T21:08:18Z,42.848566,conditional_non_push,0.2390328151986183,consensus_plus_empirical_residual_model,live_snapshot_not_T60,pinnacle,b8a301586b242a93464c352a,0.26315086608037824,0.26315086608037824,280.01014965101973,-62.01014965101973,2,OK,240,fanduel,240,False,False,-7.5,closest_offered_consensus_to_50pct_no_interpolation,0.2390328151986183,-100.35260115606934,0.0,0.2390328151986183,EMPIRICAL_RECONSTRUCTED_HISTORY,0897c49705a05c04d65f1c02a830bc8446166ee6750153b629f2f4c40766b03b,4a14b3fdf51d13786a2e905526f21d4fe7601226e01da29583be8ff3210a7041,work/market-distribution-v1/artifacts/4a14b3fdf51d13786a2e905526f21d4fe7601226e01da29583be8ff3210a7041.json,-7.5,40.5,False,False,none,False,0.4069084628670121,0.0,850f45aae7a0e29c
c4e83d47e17ffb5f52a687a5,2026-09-06T21:09:00.848566+00:00,850f45aae7a0e29c9c9d99adb49e34676c652f43a41ae97d88eb7751243eb060,e55c6fe19fce094ce214c8b0e5b504e9,1,2026-09-13T17:00:00Z,Jacksonville Jaguars,Cleveland Browns,spreads,alternate_spreads,,-16.5,Jacksonville Jaguars,-16.5,fanduel,240,3.4,0.25554329496530764,1.1148805544872356,2026-09-06T21:08:25Z,35.848566,conditional_non_push,0.2390328151986183,consensus_plus_empirical_residual_model,live_snapshot_not_T60,pinnacle,b8a301586b242a93464c352a,0.26315086608037824,0.26315086608037824,280.01014965101973,-40.01014965101973,2,OK,240,fanduel,240,False,False,-7.5,closest_offered_consensus_to_50pct_no_interpolation,0.2390328151986183,-78.35260115606934,0.0,0.2390328151986183,EMPIRICAL_RECONSTRUCTED_HISTORY,0897c49705a05c04d65f1c02a830bc8446166ee6750153b629f2f4c40766b03b,4a14b3fdf51d13786a2e905526f21d4fe7601226e01da29583be8ff3210a7041,work/market-distribution-v1/artifacts/4a14b3fdf51d13786a2e905526f21d4fe7601226e01da29583be8ff3210a7041.json,-7.5,40.5,False,False,none,False,0.4069084628670121,0.0,850f45aae7a0e29c
7a9772313764afef19580858,2026-09-06T21:09:00.848566+00:00,850f45aae7a0e29c9c9d99adb49e34676c652f43a41ae97d88eb7751243eb060,e55c6fe19fce094ce214c8b0e5b504e9,1,2026-09-13T17:00:00Z,Jacksonville Jaguars,Cleveland Browns,spreads,alternate_spreads,,17.5,Cleveland Browns,-17.5,fanduel,3000,31.0,0.003316139840975339,1.6624854814709127,2026-09-06T21:08:25Z,35.848566,conditional_non_push,0.02383419689119171,consensus_plus_empirical_residual_model,live_snapshot_not_T60,pinnacle,16f02fe3f02616b721843e2e,0.003316139840975339,0.003316139840975339,30055.543733218477,-27055.543733218477,1,FEWER_THAN_TWO_BOOKS,3000,fanduel,3000,False,False,7.5,closest_offered_consensus_to_50pct_no_interpolation,0.02383419689119171,-1095.652173913044,0.0,0.02383419689119171,EMPIRICAL_RECONSTRUCTED_HISTORY,0897c49705a05c04d65f1c02a830bc8446166ee6750153b629f2f4c40766b03b,4a14b3fdf51d13786a2e905526f21d4fe7601226e01da29583be8ff3210a7041,work/market-distribution-v1/artifacts/4a14b3fdf51d13786a2e905526f21d4fe7601226e01da29583be8ff3210a7041.json,-7.5,40.5,False,False,none,False,0.06252158894645941,0.0,850f45aae7a0e29c
3b15e378a28cd502cf085c55,2026-09-06T21:09:00.848566+00:00,850f45aae7a0e29c9c9d99adb49e34676c652f43a41ae97d88eb7751243eb060,e55c6fe19fce094ce214c8b0e5b504e9,1,2026-09-13T17:00:00Z,Jacksonville Jaguars,Cleveland Browns,spreads,alternate_spreads,,-17.5,Jacksonville Jaguars,-17.5,draftkings,254,3.54,0.2376192437535422,1.1368209149326942,2026-09-06T21:08:18Z,42.848566,conditional_non_push,0.21727115716753023,consensus_plus_empirical_residual_model,live_snapshot_not_T60,pinnacle,c01b35de07fc1aa608fd2bd4,0.22934289650037698,0.22934289650037698,336.02832930923427,-82.02832930923427,2,OK,285,fanduel,285,False,False,-7.5,closest_offered_consensus_to_50pct_no_interpolation,0.21727115716753023,-106.25437201907789,0.0,0.21727115716753023,EMPIRICAL_RECONSTRUCTED_HISTORY,0897c49705a05c04d65f1c02a830bc8446166ee6750153b629f2f4c40766b03b,4a14b3fdf51d13786a2e905526f21d4fe7601226e01da29583be8ff3210a7041,work/market-distribution-v1/artifacts/4a14b3fdf51d13786a2e905526f21d4fe7601226e01da29583be8ff3210a7041.json,-7.5,40.5,False,False,none,False,0.37409326424870465,0.0,850f45aae7a0e29c
5be5cffb483c6ce1764fea94,2026-09-06T21:09:00.848566+00:00,850f45aae7a0e29c9c9d99adb49e34676c652f43a41ae97d88eb7751243eb060,e55c6fe19fce094ce214c8b0e5b504e9,1,2026-09-13T17:00:00Z,Jacksonville Jaguars,Cleveland Browns,spreads,alternate_spreads,,-17.5,Jacksonville Jaguars,-17.5,fanduel,285,3.85,0.2210665492472119,1.1195916904675953,2026-09-06T21:08:25Z,35.848566,conditional_non_push,0.21727115716753023,consensus_plus_empirical_residual_model,live_snapshot_not_T60,pinnacle,c01b35de07fc1aa608fd2bd4,0.22934289650037698,0.22934289650037698,336.02832930923427,-51.028329309234266,2,OK,285,fanduel,285,False,False,-7.5,closest_offered_consensus_to_50pct_no_interpolation,0.21727115716753023,-75.25437201907789,0.0,0.21727115716753023,EMPIRICAL_RECONSTRUCTED_HISTORY,0897c49705a05c04d65f1c02a830bc8446166ee6750153b629f2f4c40766b03b,4a14b3fdf51d13786a2e905526f21d4fe7601226e01da29583be8ff3210a7041,work/market-distribution-v1/artifacts/4a14b3fdf51d13786a2e905526f21d4fe7601226e01da29583be8ff3210a7041.json,-7.5,40.5,False,False,none,False,0.37409326424870465,0.0,850f45aae7a0e29c
296937892ac2e322ce27c07b,2026-09-06T21:09:00.848566+00:00,850f45aae7a0e29c9c9d99adb49e34676c652f43a41ae97d88eb7751243eb060,e55c6fe19fce094ce214c8b0e5b504e9,1,2026-09-13T17:00:00Z,Jacksonville Jaguars,Cleveland Browns,spreads,alternate_spreads,,18.5,Cleveland Browns,-18.5,fanduel,3500,36.0,0.0031981248291934605,1.6032259715888264,2026-09-06T21:08:25Z,35.848566,conditional_non_push,0.021761658031088083,consensus_plus_empirical_residual_model,live_snapshot_not_T60,pinnacle,6681848fbc548697b08a8a5c,0.0031981248291934605,0.0031981248291934605,31168.322951990318,-27668.322951990318,1,FEWER_THAN_TWO_BOOKS,3500,fanduel,3500,False,False,7.5,closest_offered_consensus_to_50pct_no_interpolation,0.021761658031088083,-995.2380952380945,0.0,0.021761658031088083,EMPIRICAL_RECONSTRUCTED_HISTORY,0897c49705a05c04d65f1c02a830bc8446166ee6750153b629f2f4c40766b03b,4a14b3fdf51d13786a2e905526f21d4fe7601226e01da29583be8ff3210a7041,work/market-distribution-v1/artifacts/4a14b3fdf51d13786a2e905526f21d4fe7601226e01da29583be8ff3210a7041.json,-7.5,40.5,False,False,none,False,0.05146804835924007,0.0,850f45aae7a0e29c
0e172e579f935b31c5bbc0ac,2026-09-06T21:09:00.848566+00:00,850f45aae7a0e29c9c9d99adb49e34676c652f43a41ae97d88eb7751243eb060,e55c6fe19fce094ce214c8b0e5b504e9,1,2026-09-13T17:00:00Z,Jacksonville Jaguars,Cleveland Browns,spreads,alternate_spreads,,-18.5,Jacksonville Jaguars,-18.5,draftkings,281,3.81,0.21692491036378236,1.1424720938541468,2026-09-06T21:08:18Z,42.848566,conditional_non_push,0.1913644214162349,consensus_plus_empirical_residual_model,live_snapshot_not_T60,pinnacle,78df73d55198c1ba93ca00ff,0.20780815054102764,0.20780815054102764,381.2130791773587,-100.21307917735868,2,OK,320,fanduel,320,False,False,-7.5,closest_offered_consensus_to_50pct_no_interpolation,0.1913644214162349,-141.56317689530687,0.0,0.1913644214162349,EMPIRICAL_RECONSTRUCTED_HISTORY,0897c49705a05c04d65f1c02a830bc8446166ee6750153b629f2f4c40766b03b,4a14b3fdf51d13786a2e905526f21d4fe7601226e01da29583be8ff3210a7041,work/market-distribution-v1/artifacts/4a14b3fdf51d13786a2e905526f21d4fe7601226e01da29583be8ff3210a7041.json,-7.5,40.5,False,False,none,False,0.34127806563039725,0.0,850f45aae7a0e29c
54996ce40bd3df0a70b980df,2026-09-06T21:09:00.848566+00:00,850f45aae7a0e29c9c9d99adb49e34676c652f43a41ae97d88eb7751243eb060,e55c6fe19fce094ce214c8b0e5b504e9,1,2026-09-13T17:00:00Z,Jacksonville Jaguars,Cleveland Browns,spreads,alternate_spreads,,-18.5,Jacksonville Jaguars,-18.5,fanduel,320,4.2,0.19869139071827305,1.1260677889883568,2026-09-06T21:08:25Z,35.848566,conditional_non_push,0.1913644214162349,consensus_plus_empirical_residual_model,live_snapshot_not_T60,pinnacle,78df73d55198c1ba93ca00ff,0.20780815054102764,0.20780815054102764,381.2130791773587,-61.21307917735868,2,OK,320,fanduel,320,False,False,-7.5,closest_offered_consensus_to_50pct_no_interpolation,0.1913644214162349,-102.56317689530687,0.0,0.1913644214162349,EMPIRICAL_RECONSTRUCTED_HISTORY,0897c49705a05c04d65f1c02a830bc8446166ee6750153b629f2f4c40766b03b,4a14b3fdf51d13786a2e905526f21d4fe7601226e01da29583be8ff3210a7041,work/market-distribution-v1/artifacts/4a14b3fdf51d13786a2e905526f21d4fe7601226e01da29583be8ff3210a7041.json,-7.5,40.5,False,False,none,False,0.34127806563039725,0.0,850f45aae7a0e29c
297e5d005e1f83a84716d0e6,2026-09-06T21:09:00.848566+00:00,850f45aae7a0e29c9c9d99adb49e34676c652f43a41ae97d88eb7751243eb060,e55c6fe19fce094ce214c8b0e5b504e9,1,2026-09-13T17:00:00Z,Jacksonville Jaguars,Cleveland Browns,spreads,alternate_spreads,,-19.5,Jacksonville Jaguars,-19.5,draftkings,307,4.07,0.1994341231827851,1.1486334541048486,2026-09-06T21:08:18Z,42.848566,conditional_non_push,0.1682210708117444,consensus_plus_empirical_residual_model,live_snapshot_not_T60,pinnacle,1292016a19df5d93a15fc908,0.1902743323535603,0.1902743323535603,425.55696169351904,-118.55696169351904,2,OK,350,fanduel,350,False,False,-7.5,closest_offered_consensus_to_50pct_no_interpolation,0.1682210708117444,-187.45585215605746,0.0,0.1682210708117444,EMPIRICAL_RECONSTRUCTED_HISTORY,0897c49705a05c04d65f1c02a830bc8446166ee6750153b629f2f4c40766b03b,4a14b3fdf51d13786a2e905526f21d4fe7601226e01da29583be8ff3210a7041,work/market-distribution-v1/artifacts/4a14b3fdf51d13786a2e905526f21d4fe7601226e01da29583be8ff3210a7041.json,-7.5,40.5,False,False,none,False,0.31329879101899827,0.0,850f45aae7a0e29c
644c62996571272e7ce14fd8,2026-09-06T21:09:00.848566+00:00,850f45aae7a0e29c9c9d99adb49e34676c652f43a41ae97d88eb7751243eb060,e55c6fe19fce094ce214c8b0e5b504e9,1,2026-09-13T17:00:00Z,Jacksonville Jaguars,Cleveland Browns,spreads,alternate_spreads,,-19.5,Jacksonville Jaguars,-19.5,fanduel,350,4.5,0.1811145415243355,1.1359958107389625,2026-09-06T21:08:25Z,35.848566,conditional_non_push,0.1682210708117444,consensus_plus_empirical_residual_model,live_snapshot_not_T60,pinnacle,1292016a19df5d93a15fc908,0.1902743323535603,0.1902743323535603,425.55696169351904,-75.55696169351904,2,OK,350,fanduel,350,False,False,-7.5,closest_offered_consensus_to_50pct_no_interpolation,0.1682210708117444,-144.45585215605746,0.0,0.1682210708117444,EMPIRICAL_RECONSTRUCTED_HISTORY,0897c49705a05c04d65f1c02a830bc8446166ee6750153b629f2f4c40766b03b,4a14b3fdf51d13786a2e905526f21d4fe7601226e01da29583be8ff3210a7041,work/market-distribution-v1/artifacts/4a14b3fdf51d13786a2e905526f21d4fe7601226e01da29583be8ff3210a7041.json,-7.5,40.5,False,False,none,False,0.31329879101899827,0.0,850f45aae7a0e29c
4b8bd6fec6543fab0b970b06,2026-09-06T21:09:00.848566+00:00,850f45aae7a0e29c9c9d99adb49e34676c652f43a41ae97d88eb7751243eb060,e55c6fe19fce094ce214c8b0e5b504e9,1,2026-09-13T17:00:00Z,Jacksonville Jaguars,Cleveland Browns,spreads,alternate_spreads,,2.5,Cleveland Browns,-2.5,draftkings,301,4.01,0.20315266125411569,1.1476149253178454,2026-09-06T21:08:18Z,42.848566,conditional_non_push,0.1996545768566494,consensus_plus_empirical_residual_model,live_snapshot_not_T60,pinnacle,f1aecf6204c0b3f269db2751,0.19043348400275092,0.19043348400275092,425.11773611491265,-124.11773611491265,2,OK,360,fanduel,360,False,False,7.5,closest_offered_consensus_to_50pct_no_interpolation,0.1996545768566494,-99.86505190311425,0.0,0.1996545768566494,EMPIRICAL_RECONSTRUCTED_HISTORY,0897c49705a05c04d65f1c02a830bc8446166ee6750153b629f2f4c40766b03b,4a14b3fdf51d13786a2e905526f21d4fe7601226e01da29583be8ff3210a7041,work/market-distribution-v1/artifacts/4a14b3fdf51d13786a2e905526f21d4fe7601226e01da29583be8ff3210a7041.json,-7.5,40.5,False,False,none,False,0.3602763385146805,0.0,850f45aae7a0e29c
992316667f8a1e46acfe8a22,2026-09-06T21:09:00.848566+00:00,850f45aae7a0e29c9c9d99adb49e34676c652f43a41ae97d88eb7751243eb060,e55c6fe19fce094ce214c8b0e5b504e9,1,2026-09-13T17:00:00Z,Jacksonville Jaguars,Cleveland Browns,spreads,alternate_spreads,,2.5,Cleveland Browns,-2.5,fanduel,360,4.6,0.17771430675138628,1.132053930386304,2026-09-06T21:08:25Z,35.848566,conditional_non_push,0.1996545768566494,consensus_plus_empirical_residual_model,live_snapshot_not_T60,pinnacle,f1aecf6204c0b3f269db2751,0.19043348400275092,0.19043348400275092,425.11773611491265,-65.11773611491265,2,OK,360,fanduel,360,False,False,7.5,closest_offered_consensus_to_50pct_no_interpolation,0.1996545768566494,-40.86505190311425,0.0,0.1996545768566494,EMPIRICAL_RECONSTRUCTED_HISTORY,0897c49705a05c04d65f1c02a830bc8446166ee6750153b629f2f4c40766b03b,4a14b3fdf51d13786a2e905526f21d4fe7601226e01da29583be8ff3210a7041,work/market-distribution-v1/artifacts/4a14b3fdf51d13786a2e905526f21d4fe7601226e01da29583be8ff3210a7041.json,-7.5,40.5,False,False,none,False,0.3602763385146805,0.0,850f45aae7a0e29c
d0fe8c85cd59bb794deabeae,2026-09-06T21:09:00.848566+00:00,850f45aae7a0e29c9c9d99adb49e34676c652f43a41ae97d88eb7751243eb060,e55c6fe19fce094ce214c8b0e5b504e9,1,2026-09-13T17:00:00Z,Jacksonville Jaguars,Cleveland Browns,spreads,alternate_spreads,,-2.5,Jacksonville Jaguars,-2.5,draftkings,-282,1.3546099290780143,0.7110860402898542,1.1233826538799465,2026-09-06T21:08:18Z,42.848566,conditional_non_push,0.6683937823834197,consensus_plus_empirical_residual_model,live_snapshot_not_T60,pinnacle,8d47eb5bbdfeb52a230c7f57,0.7277713726622733,0.7277713726622733,-267.33829567431957,-14.661704325680432,2,OK,-282,draftkings,-282,False,False,-7.5,closest_offered_consensus_to_50pct_no_interpolation,0.6683937823834197,-80.43749999999994,0.0,0.6683937823834197,EMPIRICAL_RECONSTRUCTED_HISTORY,0897c49705a05c04d65f1c02a830bc8446166ee6750153b629f2f4c40766b03b,4a14b3fdf51d13786a2e905526f21d4fe7601226e01da29583be8ff3210a7041,work/market-distribution-v1/artifacts/4a14b3fdf51d13786a2e905526f21d4fe7601226e01da29583be8ff3210a7041.json,-7.5,40.5,False,False,none,False,0.829706390328152,0.0,850f45aae7a0e29c
8095728e731cb3d60678aafe,2026-09-06T21:09:00.848566+00:00,850f45aae7a0e29c9c9d99adb49e34676c652f43a41ae97d88eb7751243eb060,e55c6fe19fce094ce214c8b0e5b504e9,1,2026-09-13T17:00:00Z,Jacksonville Jaguars,Cleveland Browns,spreads,alternate_spreads,,-2.5,Jacksonville Jaguars,-2.5,fanduel,-330,1.303030303030303,0.7444567050346924,1.1148805544872356,2026-09-06T21:08:25Z,35.848566,conditional_non_push,0.6683937823834197,consensus_plus_empirical_residual_model,live_snapshot_not_T60,pinnacle,8d47eb5bbdfeb52a230c7f57,0.7277713726622733,0.7277713726622733,-267.33829567431957,-62.66170432568043,2,OK,-282,draftkings,-282,False,False,-7.5,closest_offered_consensus_to_50pct_no_interpolation,0.6683937823834197,-128.43749999999994,0.0,0.6683937823834197,EMPIRICAL_RECONSTRUCTED_HISTORY,0897c49705a05c04d65f1c02a830bc8446166ee6750153b629f2f4c40766b03b,4a14b3fdf51d13786a2e905526f21d4fe7601226e01da29583be8ff3210a7041,work/market-distribution-v1/artifacts/4a14b3fdf51d13786a2e905526f21d4fe7601226e01da29583be8ff3210a7041.json,-7.5,40.5,False,False,none,False,0.829706390328152,0.0,850f45aae7a0e29c
db35143dd7dbcf639f6e980f,2026-09-06T21:09:00.848566+00:00,850f45aae7a0e29c9c9d99adb49e34676c652f43a41ae97d88eb7751243eb060,e55c6fe19fce094ce214c8b0e5b504e9,1,2026-09-13T17:00:00Z,Jacksonville Jaguars,Cleveland Browns,spreads,alternate_spreads,,-20.5,Jacksonville Jaguars,-20.5,draftkings,344,4.4399999999999995,0.17766197985660792,1.159136920624111,2026-09-06T21:08:18Z,42.848566,conditional_non_push,0.153713298791019,consensus_plus_empirical_residual_model,live_snapshot_not_T60,pinnacle,691395301b8dc1dc5689d1e5,0.1676781956910444,0.1676781956910444,496.3804631119427,-152.38046311194267,2,OK,400,fanduel,400,False,False,-7.5,closest_offered_consensus_to_50pct_no_interpolation,0.153713298791019,-206.56179775280896,0.0,0.153713298791019,EMPIRICAL_RECONSTRUCTED_HISTORY,0897c49705a05c04d65f1c02a830bc8446166ee6750153b629f2f4c40766b03b,4a14b3fdf51d13786a2e905526f21d4fe7601226e01da29583be8ff3210a7041,work/market-distribution-v1/artifacts/4a14b3fdf51d13786a2e905526f21d4fe7601226e01da29583be8ff3210a7041.json,-7.5,40.5,False,False,none,False,0.28808290155440414,0.0,850f45aae7a0e29c
efc34b1927a009d8b04df03a,2026-09-06T21:09:00.848566+00:00,850f45aae7a0e29c9c9d99adb49e34676c652f43a41ae97d88eb7751243eb060,e55c6fe19fce094ce214c8b0e5b504e9,1,2026-09-13T17:00:00Z,Jacksonville Jaguars,Cleveland Browns,spreads,alternate_spreads,,-20.5,Jacksonville Jaguars,-20.5,fanduel,400,5.0,0.15769441152548092,1.1476654108548892,2026-09-06T21:08:25Z,35.848566,conditional_non_push,0.153713298791019,consensus_plus_empirical_residual_model,live_snapshot_not_T60,pinnacle,691395301b8dc1dc5689d1e5,0.1676781956910444,0.1676781956910444,496.3804631119427,-96.38046311194267,2,OK,400,fanduel,400,False,False,-7.5,closest_offered_consensus_to_50pct_no_interpolation,0.153713298791019,-150.56179775280896,0.0,0.153713298791019,EMPIRICAL_RECONSTRUCTED_HISTORY,0897c49705a05c04d65f1c02a830bc8446166ee6750153b629f2f4c40766b03b,4a14b3fdf51d13786a2e905526f21d4fe7601226e01da29583be8ff3210a7041,work/market-distribution-v1/artifacts/4a14b3fdf51d13786a2e905526f21d4fe7601226e01da29583be8ff3210a7041.json,-7.5,40.5,False,False,none,False,0.28808290155440414,0.0,850f45aae7a0e29c
ec5b8bc84d0ef755affffcf8,2026-09-06T21:09:00.848566+00:00,850f45aae7a0e29c9c9d99adb49e34676c652f43a41ae97d88eb7751243eb060,e55c6fe19fce094ce214c8b0e5b504e9,1,2026-09-13T17:00:00Z,Jacksonville Jaguars,Cleveland Browns,spreads,alternate_spreads,,-21.5,Jacksonville Jaguars,-21.5,draftkings,402,5.02,0.14931563285053362,1.178664677377034,2026-09-06T21:08:18Z,42.848566,conditional_non_push,0.1385146804835924,consensus_plus_empirical_residual_model,live_snapshot_not_T60,pinnacle,7535784fbd650174d64ddd9d,0.14080556831165691,0.14080556831165691,610.199186005638,-208.199186005638,2,OK,470,fanduel,470,False,False,-7.5,closest_offered_consensus_to_50pct_no_interpolation,0.1385146804835924,-219.9451371571073,0.0,0.1385146804835924,EMPIRICAL_RECONSTRUCTED_HISTORY,0897c49705a05c04d65f1c02a830bc8446166ee6750153b629f2f4c40766b03b,4a14b3fdf51d13786a2e905526f21d4fe7601226e01da29583be8ff3210a7041,work/market-distribution-v1/artifacts/4a14b3fdf51d13786a2e905526f21d4fe7601226e01da29583be8ff3210a7041.json,-7.5,40.5,False,False,none,False,0.25941278065630397,0.0,850f45aae7a0e29c
eeed00b8fbe2f8a909e50ef4,2026-09-06T21:09:00.848566+00:00,850f45aae7a0e29c9c9d99adb49e34676c652f43a41ae97d88eb7751243eb060,e55c6fe19fce094ce214c8b0e5b504e9,1,2026-09-13T17:00:00Z,Jacksonville Jaguars,Cleveland Browns,spreads,alternate_spreads,,-21.5,Jacksonville Jaguars,-21.5,fanduel,470,5.7,0.13229550377278018,1.162169781158016,2026-09-06T21:08:25Z,35.848566,conditional_non_push,0.1385146804835924,consensus_plus_empirical_residual_model,live_snapshot_not_T60,pinnacle,7535784fbd650174d64ddd9d,0.14080556831165691,0.14080556831165691,610.199186005638,-140.199186005638,2,OK,470,fanduel,470,False,False,-7.5,closest_offered_consensus_to_50pct_no_interpolation,0.1385146804835924,-151.9451371571073,0.0,0.1385146804835924,EMPIRICAL_RECONSTRUCTED_HISTORY,0897c49705a05c04d65f1c02a830bc8446166ee6750153b629f2f4c40766b03b,4a14b3fdf51d13786a2e905526f21d4fe7601226e01da29583be8ff3210a7041,work/market-distribution-v1/artifacts/4a14b3fdf51d13786a2e905526f21d4fe7601226e01da29583be8ff3210a7041.json,-7.5,40.5,False,False,none,False,0.25941278065630397,0.0,850f45aae7a0e29c
9b8a99d8130d5d630b4f73c5,2026-09-06T21:09:00.848566+00:00,850f45aae7a0e29c9c9d99adb49e34676c652f43a41ae97d88eb7751243eb060,e55c6fe19fce094ce214c8b0e5b504e9,1,2026-09-13T17:00:00Z,Jacksonville Jaguars,Cleveland Browns,spreads,alternate_spreads,,-22.5,Jacksonville Jaguars,-22.5,draftkings,436,5.36,0.1364163378146437,1.1864720098880044,2026-09-06T21:08:18Z,42.848566,conditional_non_push,0.1236614853195164,consensus_plus_empirical_residual_model,live_snapshot_not_T60,pinnacle,006b3eb90edbe62728f89412,0.1265448683600558,0.1265448683600558,690.233545586944,-254.23354558694405,2,OK,520,fanduel,520,False,False,-7.5,closest_offered_consensus_to_50pct_no_interpolation,0.1236614853195164,-272.659217877095,0.0,0.1236614853195164,EMPIRICAL_RECONSTRUCTED_HISTORY,0897c49705a05c04d65f1c02a830bc8446166ee6750153b629f2f4c40766b03b,4a14b3fdf51d13786a2e905526f21d4fe7601226e01da29583be8ff3210a7041,work/market-distribution-v1/artifacts/4a14b3fdf51d13786a2e905526f21d4fe7601226e01da29583be8ff3210a7041.json,-7.5,40.5,False,False,none,False,0.2390328151986183,0.0,850f45aae7a0e29c
8736d95b43bfa7f577691873,2026-09-06T21:09:00.848566+00:00,850f45aae7a0e29c9c9d99adb49e34676c652f43a41ae97d88eb7751243eb060,e55c6fe19fce094ce214c8b0e5b504e9,1,2026-09-13T17:00:00Z,Jacksonville Jaguars,Cleveland Browns,spreads,alternate_spreads,,-22.5,Jacksonville Jaguars,-22.5,fanduel,520,6.2,0.11667339890546793,1.1774835129351686,2026-09-06T21:08:25Z,35.848566,conditional_non_push,0.1236614853195164,consensus_plus_empirical_residual_model,live_snapshot_not_T60,pinnacle,006b3eb90edbe62728f89412,0.1265448683600558,0.1265448683600558,690.233545586944,-170.23354558694405,2,OK,520,fanduel,520,False,False,-7.5,closest_offered_consensus_to_50pct_no_interpolation,0.1236614853195164,-188.659217877095,0.0,0.1236614853195164,EMPIRICAL_RECONSTRUCTED_HISTORY,0897c49705a05c04d65f1c02a830bc8446166ee6750153b629f2f4c40766b03b,4a14b3fdf51d13786a2e905526f21d4fe7601226e01da29583be8ff3210a7041,work/market-distribution-v1/artifacts/4a14b3fdf51d13786a2e905526f21d4fe7601226e01da29583be8ff3210a7041.json,-7.5,40.5,False,False,none,False,0.2390328151986183,0.0,850f45aae7a0e29c
f3f49aa1f2a1ed0d7b622453,2026-09-06T21:09:00.848566+00:00,850f45aae7a0e29c9c9d99adb49e34676c652f43a41ae97d88eb7751243eb060,e55c6fe19fce094ce214c8b0e5b504e9,1,2026-09-13T17:00:00Z,Jacksonville Jaguars,Cleveland Browns,spreads,alternate_spreads,,-23.5,Jacksonville Jaguars,-23.5,draftkings,479,5.79,0.12213979583941087,1.197283959069091,2026-09-06T21:08:18Z,42.848566,conditional_non_push,0.11260794473229706,consensus_plus_empirical_residual_model,live_snapshot_not_T60,pinnacle,2bbb412212bb77fa621e98ad,0.11030092121698452,0.11030092121698452,806.6107417478363,-327.6107417478363,2,OK,600,fanduel,600,False,False,-7.5,closest_offered_consensus_to_50pct_no_interpolation,0.11260794473229706,-309.03680981595096,0.0,0.11260794473229706,EMPIRICAL_RECONSTRUCTED_HISTORY,0897c49705a05c04d65f1c02a830bc8446166ee6750153b629f2f4c40766b03b,4a14b3fdf51d13786a2e905526f21d4fe7601226e01da29583be8ff3210a7041,work/market-distribution-v1/artifacts/4a14b3fdf51d13786a2e905526f21d4fe7601226e01da29583be8ff3210a7041.json,-7.5,40.5,False,False,none,False,0.21727115716753023,0.0,850f45aae7a0e29c
c63f989c0801a052b99e760b,2026-09-06T21:09:00.848566+00:00,850f45aae7a0e29c9c9d99adb49e34676c652f43a41ae97d88eb7751243eb060,e55c6fe19fce094ce214c8b0e5b504e9,1,2026-09-13T17:00:00Z,Jacksonville Jaguars,Cleveland Browns,spreads,alternate_spreads,,-23.5,Jacksonville Jaguars,-23.5,fanduel,600,7.0,0.09846204659455823,1.191259586133878,2026-09-06T21:08:25Z,35.848566,conditional_non_push,0.11260794473229706,consensus_plus_empirical_residual_model,live_snapshot_not_T60,pinnacle,2bbb412212bb77fa621e98ad,0.11030092121698452,0.11030092121698452,806.6107417478363,-206.6107417478363,2,OK,600,fanduel,600,False,False,-7.5,closest_offered_consensus_to_50pct_no_interpolation,0.11260794473229706,-188.03680981595096,0.0,0.11260794473229706,EMPIRICAL_RECONSTRUCTED_HISTORY,0897c49705a05c04d65f1c02a830bc8446166ee6750153b629f2f4c40766b03b,4a14b3fdf51d13786a2e905526f21d4fe7601226e01da29583be8ff3210a7041,work/market-distribution-v1/artifacts/4a14b3fdf51d13786a2e905526f21d4fe7601226e01da29583be8ff3210a7041.json,-7.5,40.5,False,False,none,False,0.21727115716753023,0.0,850f45aae7a0e29c
7fec3ce544ee1e704600c36c,2026-09-06T21:09:00.848566+00:00,850f45aae7a0e29c9c9d99adb49e34676c652f43a41ae97d88eb7751243eb060,e55c6fe19fce094ce214c8b0e5b504e9,1,2026-09-13T17:00:00Z,Jacksonville Jaguars,Cleveland Browns,spreads,alternate_spreads,,-24.5,Jacksonville Jaguars,-24.5,draftkings,563,6.63,0.09806960792945867,1.227570242101856,2026-09-06T21:08:18Z,42.848566,conditional_non_push,0.10259067357512953,consensus_plus_empirical_residual_model,live_snapshot_not_T60,pinnacle,a51669c05d32adf55133d76b,0.08823766185864121,0.08823766185864121,1033.3029218317495,-470.3029218317495,2,OK,700,fanduel,700,False,False,-7.5,closest_offered_consensus_to_50pct_no_interpolation,0.10259067357512953,-311.7474747474748,0.0,0.10259067357512953,EMPIRICAL_RECONSTRUCTED_HISTORY,0897c49705a05c04d65f1c02a830bc8446166ee6750153b629f2f4c40766b03b,4a14b3fdf51d13786a2e905526f21d4fe7601226e01da29583be8ff3210a7041,work/market-distribution-v1/artifacts/4a14b3fdf51d13786a2e905526f21d4fe7601226e01da29583be8ff3210a7041.json,-7.5,40.5,False,False,none,False,0.1913644214162349,0.0,850f45aae7a0e29c
7458b7a23fd661bc06fa26e5,2026-09-06T21:09:00.848566+00:00,850f45aae7a0e29c9c9d99adb49e34676c652f43a41ae97d88eb7751243eb060,e55c6fe19fce094ce214c8b0e5b504e9,1,2026-09-13T17:00:00Z,Jacksonville Jaguars,Cleveland Browns,spreads,alternate_spreads,,-24.5,Jacksonville Jaguars,-24.5,fanduel,700,8.0,0.07840571578782377,1.22429911964233,2026-09-06T21:08:25Z,35.848566,conditional_non_push,0.10259067357512953,consensus_plus_empirical_residual_model,live_snapshot_not_T60,pinnacle,a51669c05d32adf55133d76b,0.08823766185864121,0.08823766185864121,1033.3029218317495,-333.3029218317495,2,OK,700,fanduel,700,False,False,-7.5,closest_offered_consensus_to_50pct_no_interpolation,0.10259067357512953,-174.74747474747483,0.0,0.10259067357512953,EMPIRICAL_RECONSTRUCTED_HISTORY,0897c49705a05c04d65f1c02a830bc8446166ee6750153b629f2f4c40766b03b,4a14b3fdf51d13786a2e905526f21d4fe7601226e01da29583be8ff3210a7041,work/market-distribution-v1/artifacts/4a14b3fdf51d13786a2e905526f21d4fe7601226e01da29583be8ff3210a7041.json,-7.5,40.5,False,False,none,False,0.1913644214162349,0.0,850f45aae7a0e29c
da04260494e8bee6c4306a6d,2026-09-06T21:09:00.848566+00:00,850f45aae7a0e29c9c9d99adb49e34676c652f43a41ae97d88eb7751243eb060,e55c6fe19fce094ce214c8b0e5b504e9,1,2026-09-13T17:00:00Z,Jacksonville Jaguars,Cleveland Browns,spreads,alternate_spreads,,-25.5,Jacksonville Jaguars,-25.5,draftkings,620,7.2,0.08402657233543466,1.254569675808591,2026-09-06T21:08:18Z,42.848566,conditional_non_push,0.09050086355785837,consensus_plus_empirical_residual_model,live_snapshot_not_T60,pinnacle,5227f37190ca3aac55b1aba4,0.07453102826922406,0.07453102826922406,1241.7230691997952,-621.7230691997952,2,OK,800,fanduel,800,False,False,-7.5,closest_offered_consensus_to_50pct_no_interpolation,0.09050086355785837,-384.9618320610688,0.0,0.09050086355785837,EMPIRICAL_RECONSTRUCTED_HISTORY,0897c49705a05c04d65f1c02a830bc8446166ee6750153b629f2f4c40766b03b,4a14b3fdf51d13786a2e905526f21d4fe7601226e01da29583be8ff3210a7041,work/market-distribution-v1/artifacts/4a14b3fdf51d13786a2e905526f21d4fe7601226e01da29583be8ff3210a7041.json,-7.5,40.5,False,False,none,False,0.1682210708117444,0.0,850f45aae7a0e29c
22e4f0a97daf731a13d0a922,2026-09-06T21:09:00.848566+00:00,850f45aae7a0e29c9c9d99adb49e34676c652f43a41ae97d88eb7751243eb060,e55c6fe19fce094ce214c8b0e5b504e9,1,2026-09-13T17:00:00Z,Jacksonville Jaguars,Cleveland Browns,spreads,alternate_spreads,,-25.5,Jacksonville Jaguars,-25.5,fanduel,800,9.0,0.06503548420301344,1.2437610044118093,2026-09-06T21:08:25Z,35.848566,conditional_non_push,0.09050086355785837,consensus_plus_empirical_residual_model,live_snapshot_not_T60,pinnacle,5227f37190ca3aac55b1aba4,0.07453102826922406,0.07453102826922406,1241.7230691997952,-441.7230691997952,2,OK,800,fanduel,800,False,False,-7.5,closest_offered_consensus_to_50pct_no_interpolation,0.09050086355785837,-204.96183206106878,0.0,0.09050086355785837,EMPIRICAL_RECONSTRUCTED_HISTORY,0897c49705a05c04d65f1c02a830bc8446166ee6750153b629f2f4c40766b03b,4a14b3fdf51d13786a2e905526f21d4fe7601226e01da29583be8ff3210a7041,work/market-distribution-v1/artifacts/4a14b3fdf51d13786a2e905526f21d4fe7601226e01da29583be8ff3210a7041.json,-7.5,40.5,False,False,none,False,0.1682210708117444,0.0,850f45aae7a0e29c
7f03d2b30c0ce2170abe71d6,2026-09-06T21:09:00.848566+00:00,850f45aae7a0e29c9c9d99adb49e34676c652f43a41ae97d88eb7751243eb060,e55c6fe19fce094ce214c8b0e5b504e9,1,2026-09-13T17:00:00Z,Jacksonville Jaguars,Cleveland Browns,spreads,alternate_spreads,,-26.5,Jacksonville Jaguars,-26.5,draftkings,680,7.8,0.07273865399707023,1.275912595187895,2026-09-06T21:08:18Z,42.848566,conditional_non_push,0.08013816925734024,consensus_plus_empirical_residual_model,live_snapshot_not_T60,pinnacle,a422b1df8a81f7c50e187426,0.06127391816783305,0.06127391816783305,1532.015757929725,-852.0157579297249,2,OK,900,fanduel,900,False,False,-7.5,closest_offered_consensus_to_50pct_no_interpolation,0.08013816925734024,-467.844827586207,0.0,0.08013816925734024,EMPIRICAL_RECONSTRUCTED_HISTORY,0897c49705a05c04d65f1c02a830bc8446166ee6750153b629f2f4c40766b03b,4a14b3fdf51d13786a2e905526f21d4fe7601226e01da29583be8ff3210a7041,work/market-distribution-v1/artifacts/4a14b3fdf51d13786a2e905526f21d4fe7601226e01da29583be8ff3210a7041.json,-7.5,40.5,False,False,none,False,0.153713298791019,0.0,850f45aae7a0e29c
5b8a6e4b6171ca8f17c1d478,2026-09-06T21:09:00.848566+00:00,850f45aae7a0e29c9c9d99adb49e34676c652f43a41ae97d88eb7751243eb060,e55c6fe19fce094ce214c8b0e5b504e9,1,2026-09-13T17:00:00Z,Jacksonville Jaguars,Cleveland Browns,spreads,alternate_spreads,,-26.5,Jacksonville Jaguars,-26.5,fanduel,900,10.0,0.0498091823385959,1.302690587533839,2026-09-06T21:08:25Z,35.848566,conditional_non_push,0.08013816925734024,consensus_plus_empirical_residual_model,live_snapshot_not_T60,pinnacle,a422b1df8a81f7c50e187426,0.06127391816783305,0.06127391816783305,1532.015757929725,-632.0157579297249,2,OK,900,fanduel,900,False,False,-7.5,closest_offered_consensus_to_50pct_no_interpolation,0.08013816925734024,-247.84482758620697,0.0,0.08013816925734024,EMPIRICAL_RECONSTRUCTED_HISTORY,0897c49705a05c04d65f1c02a830bc8446166ee6750153b629f2f4c40766b03b,4a14b3fdf51d13786a2e905526f21d4fe7601226e01da29583be8ff3210a7041,work/market-distribution-v1/artifacts/4a14b3fdf51d13786a2e905526f21d4fe7601226e01da29583be8ff3210a7041.json,-7.5,40.5,False,False,none,False,0.153713298791019,0.0,850f45aae7a0e29c
3eceefc1644f9d698eb0728a,2026-09-06T21:09:00.848566+00:00,850f45aae7a0e29c9c9d99adb49e34676c652f43a41ae97d88eb7751243eb060,e55c6fe19fce094ce214c8b0e5b504e9,1,2026-09-13T17:00:00Z,Jacksonville Jaguars,Cleveland Browns,spreads,alternate_spreads,,-27.5,Jacksonville Jaguars,-27.5,draftkings,790,8.9,0.05492717670306047,1.3273920250241056,2026-09-06T21:08:18Z,42.848566,conditional_non_push,0.07392055267702936,consensus_plus_empirical_residual_model,live_snapshot_not_T60,pinnacle,3b7e0279d2d72843b142dfb3,0.04603428282939942,0.04603428282939942,2072.29407853696,-1282.2940785369601,2,OK,1060,fanduel,1060,False,False,-7.5,closest_offered_consensus_to_50pct_no_interpolation,0.07392055267702936,-462.80373831775705,0.0,0.07392055267702936,EMPIRICAL_RECONSTRUCTED_HISTORY,0897c49705a05c04d65f1c02a830bc8446166ee6750153b629f2f4c40766b03b,4a14b3fdf51d13786a2e905526f21d4fe7601226e01da29583be8ff3210a7041,work/market-distribution-v1/artifacts/4a14b3fdf51d13786a2e905526f21d4fe7601226e01da29583be8ff3210a7041.json,-7.5,40.5,False,False,none,False,0.1385146804835924,0.0,850f45aae7a0e29c
9f5d0ba1fa0897ce60fd5ded,2026-09-06T21:09:00.848566+00:00,850f45aae7a0e29c9c9d99adb49e34676c652f43a41ae97d88eb7751243eb060,e55c6fe19fce094ce214c8b0e5b504e9,1,2026-09-13T17:00:00Z,Jacksonville Jaguars,Cleveland Browns,spreads,alternate_spreads,,-27.5,Jacksonville Jaguars,-27.5,fanduel,1060,11.6,0.037141388955738375,1.3435399740514984,2026-09-06T21:08:25Z,35.848566,conditional_non_push,0.07392055267702936,consensus_plus_empirical_residual_model,live_snapshot_not_T60,pinnacle,3b7e0279d2d72843b142dfb3,0.04603428282939942,0.04603428282939942,2072.29407853696,-1012.2940785369601,2,OK,1060,fanduel,1060,False,False,-7.5,closest_offered_consensus_to_50pct_no_interpolation,0.07392055267702936,-192.80373831775705,0.0,0.07392055267702936,EMPIRICAL_RECONSTRUCTED_HISTORY,0897c49705a05c04d65f1c02a830bc8446166ee6750153b629f2f4c40766b03b,4a14b3fdf51d13786a2e905526f21d4fe7601226e01da29583be8ff3210a7041,work/market-distribution-v1/artifacts/4a14b3fdf51d13786a2e905526f21d4fe7601226e01da29583be8ff3210a7041.json,-7.5,40.5,False,False,none,False,0.1385146804835924,0.0,850f45aae7a0e29c
3f3622c212c33a2069422312,2026-09-06T21:09:00.848566+00:00,850f45aae7a0e29c9c9d99adb49e34676c652f43a41ae97d88eb7751243eb060,e55c6fe19fce094ce214c8b0e5b504e9,1,2026-09-13T17:00:00Z,Jacksonville Jaguars,Cleveland Browns,spreads,alternate_spreads,,-28.5,Jacksonville Jaguars,-28.5,draftkings,900,10.0,0.04160200568897278,1.3808857309440392,2026-09-06T21:08:18Z,42.848566,conditional_non_push,0.06424870466321243,consensus_plus_empirical_residual_model,live_snapshot_not_T60,pinnacle,7b1e4eb8bba1dce7e6b27733,0.03564480244648765,0.03564480244648765,2705.4581071146813,-1805.4581071146813,2,OK,1200,fanduel,1200,False,False,-7.5,closest_offered_consensus_to_50pct_no_interpolation,0.06424870466321243,-556.4516129032259,0.0,0.06424870466321243,EMPIRICAL_RECONSTRUCTED_HISTORY,0897c49705a05c04d65f1c02a830bc8446166ee6750153b629f2f4c40766b03b,4a14b3fdf51d13786a2e905526f21d4fe7601226e01da29583be8ff3210a7041,work/market-distribution-v1/artifacts/4a14b3fdf51d13786a2e905526f21d4fe7601226e01da29583be8ff3210a7041.json,-7.5,40.5,False,False,none,False,0.1236614853195164,0.0,850f45aae7a0e29c
f865b7d139ef90395a150d2c,2026-09-06T21:09:00.848566+00:00,850f45aae7a0e29c9c9d99adb49e34676c652f43a41ae97d88eb7751243eb060,e55c6fe19fce094ce214c8b0e5b504e9,1,2026-09-13T17:00:00Z,Jacksonville Jaguars,Cleveland Browns,spreads,alternate_spreads,,-28.5,Jacksonville Jaguars,-28.5,fanduel,1200,13.0,0.029687599204002532,1.3711872498976208,2026-09-06T21:08:25Z,35.848566,conditional_non_push,0.06424870466321243,consensus_plus_empirical_residual_model,live_snapshot_not_T60,pinnacle,7b1e4eb8bba1dce7e6b27733,0.03564480244648765,0.03564480244648765,2705.4581071146813,-1505.4581071146813,2,OK,1200,fanduel,1200,False,False,-7.5,closest_offered_consensus_to_50pct_no_interpolation,0.06424870466321243,-256.45161290322585,0.0,0.06424870466321243,EMPIRICAL_RECONSTRUCTED_HISTORY,0897c49705a05c04d65f1c02a830bc8446166ee6750153b629f2f4c40766b03b,4a14b3fdf51d13786a2e905526f21d4fe7601226e01da29583be8ff3210a7041,work/market-distribution-v1/artifacts/4a14b3fdf51d13786a2e905526f21d4fe7601226e01da29583be8ff3210a7041.json,-7.5,40.5,False,False,none,False,0.1236614853195164,0.0,850f45aae7a0e29c
d1bc30bee8d4343978d7e0a1,2026-09-06T21:09:00.848566+00:00,850f45aae7a0e29c9c9d99adb49e34676c652f43a41ae97d88eb7751243eb060,e55c6fe19fce094ce214c8b0e5b504e9,1,2026-09-13T17:00:00Z,Jacksonville Jaguars,Cleveland Browns,spreads,alternate_spreads,,-29.5,Jacksonville Jaguars,-29.5,draftkings,970,10.7,0.0338398108851471,1.4285945675203573,2026-09-06T21:08:18Z,42.848566,conditional_non_push,0.05561312607944732,consensus_plus_empirical_residual_model,live_snapshot_not_T60,pinnacle,cc572a4386f6619e9b14af5b,0.030317145255655625,0.030317145255655625,3198.4635973053937,-2228.4635973053937,2,OK,1300,fanduel,1300,False,False,-7.5,closest_offered_consensus_to_50pct_no_interpolation,0.05561312607944732,-728.1366459627329,0.0,0.05561312607944732,EMPIRICAL_RECONSTRUCTED_HISTORY,0897c49705a05c04d65f1c02a830bc8446166ee6750153b629f2f4c40766b03b,4a14b3fdf51d13786a2e905526f21d4fe7601226e01da29583be8ff3210a7041,work/market-distribution-v1/artifacts/4a14b3fdf51d13786a2e905526f21d4fe7601226e01da29583be8ff3210a7041.json,-7.5,40.5,False,False,none,False,0.11260794473229706,0.0,850f45aae7a0e29c
6ef732961d4de2d54e3eb228,2026-09-06T21:09:00.848566+00:00,850f45aae7a0e29c9c9d99adb49e34676c652f43a41ae97d88eb7751243eb060,e55c6fe19fce094ce214c8b0e5b504e9,1,2026-09-13T17:00:00Z,Jacksonville Jaguars,Cleveland Browns,spreads,alternate_spreads,,-29.5,Jacksonville Jaguars,-29.5,fanduel,1300,14.0,0.02679447962616415,1.371534962944137,2026-09-06T21:08:25Z,35.848566,conditional_non_push,0.05561312607944732,consensus_plus_empirical_residual_model,live_snapshot_not_T60,pinnacle,cc572a4386f6619e9b14af5b,0.030317145255655625,0.030317145255655625,3198.4635973053937,-1898.4635973053937,2,OK,1300,fanduel,1300,False,False,-7.5,closest_offered_consensus_to_50pct_no_interpolation,0.05561312607944732,-398.1366459627329,0.0,0.05561312607944732,EMPIRICAL_RECONSTRUCTED_HISTORY,0897c49705a05c04d65f1c02a830bc8446166ee6750153b629f2f4c40766b03b,4a14b3fdf51d13786a2e905526f21d4fe7601226e01da29583be8ff3210a7041,work/market-distribution-v1/artifacts/4a14b3fdf51d13786a2e905526f21d4fe7601226e01da29583be8ff3210a7041.json,-7.5,40.5,False,False,none,False,0.11260794473229706,0.0,850f45aae7a0e29c
ea40989cddfcf8867aa4dde8,2026-09-06T21:09:00.848566+00:00,850f45aae7a0e29c9c9d99adb49e34676c652f43a41ae97d88eb7751243eb060,e55c6fe19fce094ce214c8b0e5b504e9,1,2026-09-13T17:00:00Z,Jacksonville Jaguars,Cleveland Browns,spreads,alternate_spreads,,3.5,Cleveland Browns,-3.5,draftkings,392,4.92,0.15444635425132025,1.172345737722829,2026-09-06T21:08:18Z,42.848566,conditional_non_push,0.170293609671848,consensus_plus_empirical_residual_model,live_snapshot_not_T60,pinnacle,61a68a3f5e9a41002a7438e4,0.14145538258965842,0.14145538258965842,606.9366903491083,-214.9366903491083,2,OK,480,fanduel,480,False,False,7.5,closest_offered_consensus_to_50pct_no_interpolation,0.170293609671848,-95.22109533468563,0.0,0.170293609671848,EMPIRICAL_RECONSTRUCTED_HISTORY,0897c49705a05c04d65f1c02a830bc8446166ee6750153b629f2f4c40766b03b,4a14b3fdf51d13786a2e905526f21d4fe7601226e01da29583be8ff3210a7041,work/market-distribution-v1/artifacts/4a14b3fdf51d13786a2e905526f21d4fe7601226e01da29583be8ff3210a7041.json,-7.5,40.5,False,False,none,False,0.3316062176165803,0.0,850f45aae7a0e29c
22f154f649da2f503a2b81ee,2026-09-06T21:09:00.848566+00:00,850f45aae7a0e29c9c9d99adb49e34676c652f43a41ae97d88eb7751243eb060,e55c6fe19fce094ce214c8b0e5b504e9,1,2026-09-13T17:00:00Z,Jacksonville Jaguars,Cleveland Browns,spreads,alternate_spreads,,3.5,Cleveland Browns,-3.5,fanduel,480,5.8,0.12846441092799663,1.167388644028101,2026-09-06T21:08:25Z,35.848566,conditional_non_push,0.170293609671848,consensus_plus_empirical_residual_model,live_snapshot_not_T60,pinnacle,61a68a3f5e9a41002a7438e4,0.14145538258965842,0.14145538258965842,606.9366903491083,-126.93669034910829,2,OK,480,fanduel,480,False,False,7.5,closest_offered_consensus_to_50pct_no_interpolation,0.170293609671848,-7.221095334685629,0.0,0.170293609671848,EMPIRICAL_RECONSTRUCTED_HISTORY,0897c49705a05c04d65f1c02a830bc8446166ee6750153b629f2f4c40766b03b,4a14b3fdf51d13786a2e905526f21d4fe7601226e01da29583be8ff3210a7041,work/market-distribution-v1/artifacts/4a14b3fdf51d13786a2e905526f21d4fe7601226e01da29583be8ff3210a7041.json,-7.5,40.5,False,False,none,False,0.3316062176165803,0.0,850f45aae7a0e29c
d1d46de200c48429864d6777,2026-09-06T21:09:00.848566+00:00,850f45aae7a0e29c9c9d99adb49e34676c652f43a41ae97d88eb7751243eb060,e55c6fe19fce094ce214c8b0e5b504e9,1,2026-09-13T17:00:00Z,Jacksonville Jaguars,Cleveland Browns,spreads,alternate_spreads,,-3.5,Jacksonville Jaguars,-3.5,draftkings,-203,1.4926108374384237,0.6398938792244564,1.1146642386635621,2026-09-06T21:08:18Z,42.848566,conditional_non_push,0.6397236614853196,consensus_plus_empirical_residual_model,live_snapshot_not_T60,pinnacle,1e1ec5cf73b890b680c6e6b0,0.6635773964137118,0.6635773964137118,-197.24518785002286,-5.754812149977141,3,OK,-203,draftkings,-203,False,False,-7.5,closest_offered_consensus_to_50pct_no_interpolation,0.6397236614853196,-25.435282837967378,0.0,0.6397236614853196,EMPIRICAL_RECONSTRUCTED_HISTORY,0897c49705a05c04d65f1c02a830bc8446166ee6750153b629f2f4c40766b03b,4a14b3fdf51d13786a2e905526f21d4fe7601226e01da29583be8ff3210a7041,work/market-distribution-v1/artifacts/4a14b3fdf51d13786a2e905526f21d4fe7601226e01da29583be8ff3210a7041.json,-7.5,40.5,False,False,none,False,0.8003454231433506,0.0,850f45aae7a0e29c
79d8a382119dc894e05d0e4c,2026-09-06T21:09:00.848566+00:00,850f45aae7a0e29c9c9d99adb49e34676c652f43a41ae97d88eb7751243eb060,e55c6fe19fce094ce214c8b0e5b504e9,1,2026-09-13T17:00:00Z,Jacksonville Jaguars,Cleveland Browns,spreads,alternate_spreads,,-3.5,Jacksonville Jaguars,-3.5,fanduel,-235,1.425531914893617,0.6773687642520713,1.098702369139712,2026-09-06T21:08:25Z,35.848566,conditional_non_push,0.6397236614853196,consensus_plus_empirical_residual_model,live_snapshot_not_T60,pinnacle,1e1ec5cf73b890b680c6e6b0,0.6635773964137118,0.6635773964137118,-197.24518785002286,-37.75481214997714,3,OK,-203,draftkings,-203,False,False,-7.5,closest_offered_consensus_to_50pct_no_interpolation,0.6397236614853196,-57.43528283796738,0.0,0.6397236614853196,EMPIRICAL_RECONSTRUCTED_HISTORY,0897c49705a05c04d65f1c02a830bc8446166ee6750153b629f2f4c40766b03b,4a14b3fdf51d13786a2e905526f21d4fe7601226e01da29583be8ff3210a7041,work/market-distribution-v1/artifacts/4a14b3fdf51d13786a2e905526f21d4fe7601226e01da29583be8ff3210a7041.json,-7.5,40.5,False,False,none,False,0.8003454231433506,0.0,850f45aae7a0e29c
fe0cb5d54838d7bad412af11,2026-09-06T21:09:00.848566+00:00,850f45aae7a0e29c9c9d99adb49e34676c652f43a41ae97d88eb7751243eb060,e55c6fe19fce094ce214c8b0e5b504e9,1,2026-09-13T17:00:00Z,Jacksonville Jaguars,Cleveland Browns,spreads,alternate_spreads,,-3.5,Jacksonville Jaguars,-3.5,pinnacle,-213,1.4694835680751175,0.6635773964137119,1.0654664503082425,2026-09-06T21:08:57Z,3.848566,conditional_non_push,0.6397236614853196,consensus_plus_empirical_residual_model,live_snapshot_not_T60,pinnacle,1e1ec5cf73b890b680c6e6b0,0.6635773964137118,0.6635773964137118,-197.24518785002286,-15.754812149977141,3,OK,-203,draftkings,-203,False,False,-7.5,closest_offered_consensus_to_50pct_no_interpolation,0.6397236614853196,-35.43528283796738,0.0,0.6397236614853196,EMPIRICAL_RECONSTRUCTED_HISTORY,0897c49705a05c04d65f1c02a830bc8446166ee6750153b629f2f4c40766b03b,4a14b3fdf51d13786a2e905526f21d4fe7601226e01da29583be8ff3210a7041,work/market-distribution-v1/artifacts/4a14b3fdf51d13786a2e905526f21d4fe7601226e01da29583be8ff3210a7041.json,-7.5,40.5,False,False,none,False,0.8003454231433506,0.0,850f45aae7a0e29c
de26cadc2291ddccdb7a9f94,2026-09-06T21:09:00.848566+00:00,850f45aae7a0e29c9c9d99adb49e34676c652f43a41ae97d88eb7751243eb060,e55c6fe19fce094ce214c8b0e5b504e9,1,2026-09-13T17:00:00Z,Jacksonville Jaguars,Cleveland Browns,spreads,alternate_spreads,,-30.5,Jacksonville Jaguars,-30.5,draftkings,1060,11.6,0.024660448450521746,1.5106270480307682,2026-09-06T21:08:18Z,42.848566,conditional_non_push,0.049395509499136445,consensus_plus_empirical_residual_model,live_snapshot_not_T60,pinnacle,2fd011c8c4201f9639fc53bf,0.02373578730313411,0.02373578730313411,4113.047527047727,-3053.0475270477273,2,OK,1400,fanduel,1400,False,False,-7.5,closest_offered_consensus_to_50pct_no_interpolation,0.049395509499136445,-864.4755244755245,0.0,0.049395509499136445,EMPIRICAL_RECONSTRUCTED_HISTORY,0897c49705a05c04d65f1c02a830bc8446166ee6750153b629f2f4c40766b03b,4a14b3fdf51d13786a2e905526f21d4fe7601226e01da29583be8ff3210a7041,work/market-distribution-v1/artifacts/4a14b3fdf51d13786a2e905526f21d4fe7601226e01da29583be8ff3210a7041.json,-7.5,40.5,False,False,none,False,0.10259067357512953,0.0,850f45aae7a0e29c
854ad50649ffca1922f11b58,2026-09-06T21:09:00.848566+00:00,850f45aae7a0e29c9c9d99adb49e34676c652f43a41ae97d88eb7751243eb060,e55c6fe19fce094ce214c8b0e5b504e9,1,2026-09-13T17:00:00Z,Jacksonville Jaguars,Cleveland Browns,spreads,alternate_spreads,,-30.5,Jacksonville Jaguars,-30.5,fanduel,1400,15.0,0.022811126155746486,1.3960254027875676,2026-09-06T21:08:25Z,35.848566,conditional_non_push,0.049395509499136445,consensus_plus_empirical_residual_model,live_snapshot_not_T60,pinnacle,2fd011c8c4201f9639fc53bf,0.02373578730313411,0.02373578730313411,4113.047527047727,-2713.0475270477273,2,OK,1400,fanduel,1400,False,False,-7.5,closest_offered_consensus_to_50pct_no_interpolation,0.049395509499136445,-524.4755244755245,0.0,0.049395509499136445,EMPIRICAL_RECONSTRUCTED_HISTORY,0897c49705a05c04d65f1c02a830bc8446166ee6750153b629f2f4c40766b03b,4a14b3fdf51d13786a2e905526f21d4fe7601226e01da29583be8ff3210a7041,work/market-distribution-v1/artifacts/4a14b3fdf51d13786a2e905526f21d4fe7601226e01da29583be8ff3210a7041.json,-7.5,40.5,False,False,none,False,0.10259067357512953,0.0,850f45aae7a0e29c
fcd671aafa11a3e3e229cbf1,2026-09-06T21:09:00.848566+00:00,850f45aae7a0e29c9c9d99adb49e34676c652f43a41ae97d88eb7751243eb060,e55c6fe19fce094ce214c8b0e5b504e9,1,2026-09-13T17:00:00Z,Jacksonville Jaguars,Cleveland Browns,spreads,alternate_spreads,,-31.5,Jacksonville Jaguars,-31.5,draftkings,1200,13.0,0.01593040703858862,1.6138820018586726,2026-09-06T21:08:18Z,42.848566,conditional_non_push,0.04283246977547495,consensus_plus_empirical_residual_model,live_snapshot_not_T60,pinnacle,477f4df4e4d17f40a1c8c4e6,0.01520257485363441,0.01520257485363441,6477.833094904542,-5277.833094904542,2,OK,1700,fanduel,1700,False,False,-7.5,closest_offered_consensus_to_50pct_no_interpolation,0.04283246977547495,-1034.677419354839,0.0,0.04283246977547495,EMPIRICAL_RECONSTRUCTED_HISTORY,0897c49705a05c04d65f1c02a830bc8446166ee6750153b629f2f4c40766b03b,4a14b3fdf51d13786a2e905526f21d4fe7601226e01da29583be8ff3210a7041,work/market-distribution-v1/artifacts/4a14b3fdf51d13786a2e905526f21d4fe7601226e01da29583be8ff3210a7041.json,-7.5,40.5,False,False,none,False,0.09050086355785837,0.0,850f45aae7a0e29c
83f79340fd492cc8deca6f42,2026-09-06T21:09:00.848566+00:00,850f45aae7a0e29c9c9d99adb49e34676c652f43a41ae97d88eb7751243eb060,e55c6fe19fce094ce214c8b0e5b504e9,1,2026-09-13T17:00:00Z,Jacksonville Jaguars,Cleveland Browns,spreads,alternate_spreads,,-31.5,Jacksonville Jaguars,-31.5,fanduel,1700,18.0,0.014474742668680202,1.4653305484836974,2026-09-06T21:08:25Z,35.848566,conditional_non_push,0.04283246977547495,consensus_plus_empirical_residual_model,live_snapshot_not_T60,pinnacle,477f4df4e4d17f40a1c8c4e6,0.01520257485363441,0.01520257485363441,6477.833094904542,-4777.833094904542,2,OK,1700,fanduel,1700,False,False,-7.5,closest_offered_consensus_to_50pct_no_interpolation,0.04283246977547495,-534.677419354839,0.0,0.04283246977547495,EMPIRICAL_RECONSTRUCTED_HISTORY,0897c49705a05c04d65f1c02a830bc8446166ee6750153b629f2f4c40766b03b,4a14b3fdf51d13786a2e905526f21d4fe7601226e01da29583be8ff3210a7041,work/market-distribution-v1/artifacts/4a14b3fdf51d13786a2e905526f21d4fe7601226e01da29583be8ff3210a7041.json,-7.5,40.5,False,False,none,False,0.09050086355785837,0.0,850f45aae7a0e29c
389eb14022bf4c699d87d60c,2026-09-06T21:09:00.848566+00:00,850f45aae7a0e29c9c9d99adb49e34676c652f43a41ae97d88eb7751243eb060,e55c6fe19fce094ce214c8b0e5b504e9,1,2026-09-13T17:00:00Z,Jacksonville Jaguars,Cleveland Browns,spreads,alternate_spreads,,-32.5,Jacksonville Jaguars,-32.5,draftkings,1280,13.8,0.01563954634281762,1.584181927925815,2026-09-06T21:08:18Z,42.848566,conditional_non_push,0.037996545768566495,consensus_plus_empirical_residual_model,live_snapshot_not_T60,pinnacle,17ca564138bd83056ffc89c7,0.01505714450574891,0.01505714450574891,6541.36549674604,-5261.36549674604,2,OK,1700,fanduel,1700,False,False,-7.5,closest_offered_consensus_to_50pct_no_interpolation,0.037996545768566495,-1251.8181818181815,0.0,0.037996545768566495,EMPIRICAL_RECONSTRUCTED_HISTORY,0897c49705a05c04d65f1c02a830bc8446166ee6750153b629f2f4c40766b03b,4a14b3fdf51d13786a2e905526f21d4fe7601226e01da29583be8ff3210a7041,work/market-distribution-v1/artifacts/4a14b3fdf51d13786a2e905526f21d4fe7601226e01da29583be8ff3210a7041.json,-7.5,40.5,False,False,none,False,0.08013816925734024,0.0,850f45aae7a0e29c
c1fa247e7d410a00f4e6964a,2026-09-06T21:09:00.848566+00:00,850f45aae7a0e29c9c9d99adb49e34676c652f43a41ae97d88eb7751243eb060,e55c6fe19fce094ce214c8b0e5b504e9,1,2026-09-13T17:00:00Z,Jacksonville Jaguars,Cleveland Browns,spreads,alternate_spreads,,-32.5,Jacksonville Jaguars,-32.5,fanduel,1700,18.0,0.014474742668680202,1.4653305484836974,2026-09-06T21:08:25Z,35.848566,conditional_non_push,0.037996545768566495,consensus_plus_empirical_residual_model,live_snapshot_not_T60,pinnacle,17ca564138bd83056ffc89c7,0.01505714450574891,0.01505714450574891,6541.36549674604,-4841.36549674604,2,OK,1700,fanduel,1700,False,False,-7.5,closest_offered_consensus_to_50pct_no_interpolation,0.037996545768566495,-831.8181818181815,0.0,0.037996545768566495,EMPIRICAL_RECONSTRUCTED_HISTORY,0897c49705a05c04d65f1c02a830bc8446166ee6750153b629f2f4c40766b03b,4a14b3fdf51d13786a2e905526f21d4fe7601226e01da29583be8ff3210a7041,work/market-distribution-v1/artifacts/4a14b3fdf51d13786a2e905526f21d4fe7601226e01da29583be8ff3210a7041.json,-7.5,40.5,False,False,none,False,0.08013816925734024,0.0,850f45aae7a0e29c
5b149aa448091b4528c9535b,2026-09-06T21:09:00.848566+00:00,850f45aae7a0e29c9c9d99adb49e34676c652f43a41ae97d88eb7751243eb060,e55c6fe19fce094ce214c8b0e5b504e9,1,2026-09-13T17:00:00Z,Jacksonville Jaguars,Cleveland Browns,spreads,alternate_spreads,,-33.5,Jacksonville Jaguars,-33.5,fanduel,2000,21.0,0.0078991669138625,1.5900680904921125,2026-09-06T21:08:25Z,35.848566,conditional_non_push,0.031088082901554404,consensus_plus_empirical_residual_model,live_snapshot_not_T60,pinnacle,a5964c28acb656796ba26c9f,0.007899166913862499,0.007899166913862499,12559.56284890079,-10559.56284890079,1,FEWER_THAN_TWO_BOOKS,2000,fanduel,2000,False,False,-7.5,closest_offered_consensus_to_50pct_no_interpolation,0.031088082901554404,-1116.666666666667,0.0,0.031088082901554404,EMPIRICAL_RECONSTRUCTED_HISTORY,0897c49705a05c04d65f1c02a830bc8446166ee6750153b629f2f4c40766b03b,4a14b3fdf51d13786a2e905526f21d4fe7601226e01da29583be8ff3210a7041,work/market-distribution-v1/artifacts/4a14b3fdf51d13786a2e905526f21d4fe7601226e01da29583be8ff3210a7041.json,-7.5,40.5,False,False,none,False,0.07392055267702936,0.0,850f45aae7a0e29c
ce0373b316b3752a2c55fe4c,2026-09-06T21:09:00.848566+00:00,850f45aae7a0e29c9c9d99adb49e34676c652f43a41ae97d88eb7751243eb060,e55c6fe19fce094ce214c8b0e5b504e9,1,2026-09-13T17:00:00Z,Jacksonville Jaguars,Cleveland Browns,spreads,alternate_spreads,,4.5,Cleveland Browns,-4.5,draftkings,439,5.39,0.13507215710384937,1.1884192401054432,2026-09-06T21:08:18Z,42.848566,conditional_non_push,0.15164075993091536,consensus_plus_empirical_residual_model,live_snapshot_not_T60,pinnacle,773976a0f2870097f7a69137,0.12094521828957028,0.12094521828957028,726.8206169224262,-287.8206169224262,2,OK,560,fanduel,560,False,False,7.5,closest_offered_consensus_to_50pct_no_interpolation,0.15164075993091536,-120.45330296127577,0.0,0.15164075993091536,EMPIRICAL_RECONSTRUCTED_HISTORY,0897c49705a05c04d65f1c02a830bc8446166ee6750153b629f2f4c40766b03b,4a14b3fdf51d13786a2e905526f21d4fe7601226e01da29583be8ff3210a7041,work/market-distribution-v1/artifacts/4a14b3fdf51d13786a2e905526f21d4fe7601226e01da29583be8ff3210a7041.json,-7.5,40.5,False,False,none,False,0.3032815198618307,0.0,850f45aae7a0e29c
bc8f99adfe475405d6c3b51a,2026-09-06T21:09:00.848566+00:00,850f45aae7a0e29c9c9d99adb49e34676c652f43a41ae97d88eb7751243eb060,e55c6fe19fce094ce214c8b0e5b504e9,1,2026-09-13T17:00:00Z,Jacksonville Jaguars,Cleveland Browns,spreads,alternate_spreads,,4.5,Cleveland Browns,-4.5,fanduel,560,6.6,0.10681827947529124,1.1852377638063105,2026-09-06T21:08:25Z,35.848566,conditional_non_push,0.15164075993091536,consensus_plus_empirical_residual_model,live_snapshot_not_T60,pinnacle,773976a0f2870097f7a69137,0.12094521828957028,0.12094521828957028,726.8206169224262,-166.8206169224262,2,OK,560,fanduel,560,False,False,7.5,closest_offered_consensus_to_50pct_no_interpolation,0.15164075993091536,0.5466970387242327,0.0,0.15164075993091536,EMPIRICAL_RECONSTRUCTED_HISTORY,0897c49705a05c04d65f1c02a830bc8446166ee6750153b629f2f4c40766b03b,4a14b3fdf51d13786a2e905526f21d4fe7601226e01da29583be8ff3210a7041,work/market-distribution-v1/artifacts/4a14b3fdf51d13786a2e905526f21d4fe7601226e01da29583be8ff3210a7041.json,-7.5,40.5,False,False,none,False,0.3032815198618307,0.0,850f45aae7a0e29c
956cd7b9968b9b14a8c7ef69,2026-09-06T21:09:00.848566+00:00,850f45aae7a0e29c9c9d99adb49e34676c652f43a41ae97d88eb7751243eb060,e55c6fe19fce094ce214c8b0e5b504e9,1,2026-09-13T17:00:00Z,Jacksonville Jaguars,Cleveland Browns,spreads,alternate_spreads,,-4.5,Jacksonville Jaguars,-4.5,draftkings,-179,1.558659217877095,0.6100789176590088,1.1134250443080669,2026-09-06T21:08:18Z,42.848566,conditional_non_push,0.6055267702936097,consensus_plus_empirical_residual_model,live_snapshot_not_T60,pinnacle,e697966eb0b85e208c00ec5a,0.6283407755690468,0.6283407755690468,-169.0636836825719,-9.936316317428094,2,OK,-179,draftkings,-179,False,False,-7.5,closest_offered_consensus_to_50pct_no_interpolation,0.6055267702936097,-25.49737302977232,0.0,0.6055267702936097,EMPIRICAL_RECONSTRUCTED_HISTORY,0897c49705a05c04d65f1c02a830bc8446166ee6750153b629f2f4c40766b03b,4a14b3fdf51d13786a2e905526f21d4fe7601226e01da29583be8ff3210a7041,work/market-distribution-v1/artifacts/4a14b3fdf51d13786a2e905526f21d4fe7601226e01da29583be8ff3210a7041.json,-7.5,40.5,False,False,none,False,0.7751295336787565,0.0,850f45aae7a0e29c
8d7f33695edc8b783f78d24a,2026-09-06T21:09:00.848566+00:00,850f45aae7a0e29c9c9d99adb49e34676c652f43a41ae97d88eb7751243eb060,e55c6fe19fce094ce214c8b0e5b504e9,1,2026-09-13T17:00:00Z,Jacksonville Jaguars,Cleveland Browns,spreads,alternate_spreads,,-4.5,Jacksonville Jaguars,-4.5,fanduel,-205,1.4878048780487805,0.6466026334790849,1.097461284259357,2026-09-06T21:08:25Z,35.848566,conditional_non_push,0.6055267702936097,consensus_plus_empirical_residual_model,live_snapshot_not_T60,pinnacle,e697966eb0b85e208c00ec5a,0.6283407755690468,0.6283407755690468,-169.0636836825719,-35.936316317428094,2,OK,-179,draftkings,-179,False,False,-7.5,closest_offered_consensus_to_50pct_no_interpolation,0.6055267702936097,-51.49737302977232,0.0,0.6055267702936097,EMPIRICAL_RECONSTRUCTED_HISTORY,0897c49705a05c04d65f1c02a830bc8446166ee6750153b629f2f4c40766b03b,4a14b3fdf51d13786a2e905526f21d4fe7601226e01da29583be8ff3210a7041,work/market-distribution-v1/artifacts/4a14b3fdf51d13786a2e905526f21d4fe7601226e01da29583be8ff3210a7041.json,-7.5,40.5,False,False,none,False,0.7751295336787565,0.0,850f45aae7a0e29c
60bacaa5a5fb169682fca35c,2026-09-06T21:09:00.848566+00:00,850f45aae7a0e29c9c9d99adb49e34676c652f43a41ae97d88eb7751243eb060,e55c6fe19fce094ce214c8b0e5b504e9,1,2026-09-13T17:00:00Z,Jacksonville Jaguars,Cleveland Browns,spreads,alternate_spreads,,5.5,Cleveland Browns,-5.5,draftkings,481,5.81,0.12113088654092985,1.1996515794799247,2026-09-06T21:08:18Z,42.848566,conditional_non_push,0.13333333333333333,consensus_plus_empirical_residual_model,live_snapshot_not_T60,pinnacle,6f3c6427c5d7f92287a7edc4,0.10979646656774404,0.10979646656774404,810.7761217279277,-329.7761217279277,2,OK,600,fanduel,600,False,False,7.5,closest_offered_consensus_to_50pct_no_interpolation,0.13333333333333333,-169.0,0.0,0.13333333333333333,EMPIRICAL_RECONSTRUCTED_HISTORY,0897c49705a05c04d65f1c02a830bc8446166ee6750153b629f2f4c40766b03b,4a14b3fdf51d13786a2e905526f21d4fe7601226e01da29583be8ff3210a7041,work/market-distribution-v1/artifacts/4a14b3fdf51d13786a2e905526f21d4fe7601226e01da29583be8ff3210a7041.json,-7.5,40.5,False,False,none,False,0.27081174438687394,0.0,850f45aae7a0e29c
07e94113628c8c138af28ceb,2026-09-06T21:09:00.848566+00:00,850f45aae7a0e29c9c9d99adb49e34676c652f43a41ae97d88eb7751243eb060,e55c6fe19fce094ce214c8b0e5b504e9,1,2026-09-13T17:00:00Z,Jacksonville Jaguars,Cleveland Browns,spreads,alternate_spreads,,5.5,Cleveland Browns,-5.5,fanduel,600,7.0,0.09846204659455823,1.191259586133878,2026-09-06T21:08:25Z,35.848566,conditional_non_push,0.13333333333333333,consensus_plus_empirical_residual_model,live_snapshot_not_T60,pinnacle,6f3c6427c5d7f92287a7edc4,0.10979646656774404,0.10979646656774404,810.7761217279277,-210.77612172792772,2,OK,600,fanduel,600,False,False,7.5,closest_offered_consensus_to_50pct_no_interpolation,0.13333333333333333,-50.0,0.0,0.13333333333333333,EMPIRICAL_RECONSTRUCTED_HISTORY,0897c49705a05c04d65f1c02a830bc8446166ee6750153b629f2f4c40766b03b,4a14b3fdf51d13786a2e905526f21d4fe7601226e01da29583be8ff3210a7041,work/market-distribution-v1/artifacts/4a14b3fdf51d13786a2e905526f21d4fe7601226e01da29583be8ff3210a7041.json,-7.5,40.5,False,False,none,False,0.27081174438687394,0.0,850f45aae7a0e29c
fdbc640077846199af491a98,2026-09-06T21:09:00.848566+00:00,850f45aae7a0e29c9c9d99adb49e34676c652f43a41ae97d88eb7751243eb060,e55c6fe19fce094ce214c8b0e5b504e9,1,2026-09-13T17:00:00Z,Jacksonville Jaguars,Cleveland Browns,spreads,alternate_spreads,,-5.5,Jacksonville Jaguars,-5.5,draftkings,-164,1.6097560975609757,0.5894793920709114,1.1101339018002254,2026-09-06T21:08:18Z,42.848566,conditional_non_push,0.5778929188255613,consensus_plus_empirical_residual_model,live_snapshot_not_T60,pinnacle,3e460119d60e55e01a8bf89f,0.6029901111681528,0.6029901111681528,-151.8828946408305,-12.1171053591695,2,OK,-164,draftkings,-164,False,False,-7.5,closest_offered_consensus_to_50pct_no_interpolation,0.5778929188255613,-27.093289689034407,0.0,0.5778929188255613,EMPIRICAL_RECONSTRUCTED_HISTORY,0897c49705a05c04d65f1c02a830bc8446166ee6750153b629f2f4c40766b03b,4a14b3fdf51d13786a2e905526f21d4fe7601226e01da29583be8ff3210a7041,work/market-distribution-v1/artifacts/4a14b3fdf51d13786a2e905526f21d4fe7601226e01da29583be8ff3210a7041.json,-7.5,40.5,False,False,none,False,0.7523316062176166,0.0,850f45aae7a0e29c
b2972ca5642372f6bad959ea,2026-09-06T21:09:00.848566+00:00,850f45aae7a0e29c9c9d99adb49e34676c652f43a41ae97d88eb7751243eb060,e55c6fe19fce094ce214c8b0e5b504e9,1,2026-09-13T17:00:00Z,Jacksonville Jaguars,Cleveland Browns,spreads,alternate_spreads,,-5.5,Jacksonville Jaguars,-5.5,fanduel,-180,1.5555555555555556,0.6165008302653945,1.09474819859635,2026-09-06T21:08:25Z,35.848566,conditional_non_push,0.5778929188255613,consensus_plus_empirical_residual_model,live_snapshot_not_T60,pinnacle,3e460119d60e55e01a8bf89f,0.6029901111681528,0.6029901111681528,-151.8828946408305,-28.1171053591695,2,OK,-164,draftkings,-164,False,False,-7.5,closest_offered_consensus_to_50pct_no_interpolation,0.5778929188255613,-43.09328968903441,0.0,0.5778929188255613,EMPIRICAL_RECONSTRUCTED_HISTORY,0897c49705a05c04d65f1c02a830bc8446166ee6750153b629f2f4c40766b03b,4a14b3fdf51d13786a2e905526f21d4fe7601226e01da29583be8ff3210a7041,work/market-distribution-v1/artifacts/4a14b3fdf51d13786a2e905526f21d4fe7601226e01da29583be8ff3210a7041.json,-7.5,40.5,False,False,none,False,0.7523316062176166,0.0,850f45aae7a0e29c
bdfe1b76449943d1f7e02f5c,2026-09-06T21:09:00.848566+00:00,850f45aae7a0e29c9c9d99adb49e34676c652f43a41ae97d88eb7751243eb060,e55c6fe19fce094ce214c8b0e5b504e9,1,2026-09-13T17:00:00Z,Jacksonville Jaguars,Cleveland Browns,spreads,alternate_spreads,,-6.0,Jacksonville Jaguars,-6.0,pinnacle,-166,1.6024096385542168,0.6065354914086312,1.0604093293180048,2026-09-06T21:08:57Z,3.848566,conditional_non_push,0.5623209169054441,consensus_plus_empirical_residual_model,live_snapshot_not_T60,pinnacle,5fc0fe4d05ebd364d8780cde,0.6065354914086311,0.6065354914086311,-154.15252917730024,-11.847470822699762,1,FEWER_THAN_TWO_BOOKS,-166,pinnacle,,False,False,-7.5,closest_offered_consensus_to_50pct_no_interpolation,0.5623209169054441,-37.52209492635026,0.03557858376511226,0.542314335060449,EMPIRICAL_RECONSTRUCTED_HISTORY,0897c49705a05c04d65f1c02a830bc8446166ee6750153b629f2f4c40766b03b,4a14b3fdf51d13786a2e905526f21d4fe7601226e01da29583be8ff3210a7041,work/market-distribution-v1/artifacts/4a14b3fdf51d13786a2e905526f21d4fe7601226e01da29583be8ff3210a7041.json,-7.5,40.5,False,False,none,False,0.7291882556131261,0.0231433506044905,850f45aae7a0e29c
9b88555159f28ebe6416f200,2026-09-06T21:09:00.848566+00:00,850f45aae7a0e29c9c9d99adb49e34676c652f43a41ae97d88eb7751243eb060,e55c6fe19fce094ce214c8b0e5b504e9,1,2026-09-13T17:00:00Z,Jacksonville Jaguars,Cleveland Browns,spreads,alternate_spreads,,6.5,Cleveland Browns,-6.5,draftkings,544,6.44,0.10260114818857406,1.2224812164457801,2026-09-06T21:08:18Z,42.848566,conditional_non_push,0.11709844559585492,consensus_plus_empirical_residual_model,live_snapshot_not_T60,pinnacle,46265ffaf5bab9a849419a63,0.08723633382856856,0.08723633382856856,1046.3113545843617,-502.31135458436165,2,OK,750,fanduel,750,False,False,7.5,closest_offered_consensus_to_50pct_no_interpolation,0.11709844559585492,-209.98230088495575,0.0,0.11709844559585492,EMPIRICAL_RECONSTRUCTED_HISTORY,0897c49705a05c04d65f1c02a830bc8446166ee6750153b629f2f4c40766b03b,4a14b3fdf51d13786a2e905526f21d4fe7601226e01da29583be8ff3210a7041,work/market-distribution-v1/artifacts/4a14b3fdf51d13786a2e905526f21d4fe7601226e01da29583be8ff3210a7041.json,-7.5,40.5,False,False,none,False,0.24766839378238342,0.0,850f45aae7a0e29c
c15fa9f16ca01d3c2b5535c3,2026-09-06T21:09:00.848566+00:00,850f45aae7a0e29c9c9d99adb49e34676c652f43a41ae97d88eb7751243eb060,e55c6fe19fce094ce214c8b0e5b504e9,1,2026-09-13T17:00:00Z,Jacksonville Jaguars,Cleveland Browns,spreads,alternate_spreads,,6.5,Cleveland Browns,-6.5,fanduel,750,8.5,0.0718715194685631,1.230277479608839,2026-09-06T21:08:25Z,35.848566,conditional_non_push,0.11709844559585492,consensus_plus_empirical_residual_model,live_snapshot_not_T60,pinnacle,46265ffaf5bab9a849419a63,0.08723633382856856,0.08723633382856856,1046.3113545843617,-296.31135458436165,2,OK,750,fanduel,750,False,False,7.5,closest_offered_consensus_to_50pct_no_interpolation,0.11709844559585492,-3.982300884955748,0.0,0.11709844559585492,EMPIRICAL_RECONSTRUCTED_HISTORY,0897c49705a05c04d65f1c02a830bc8446166ee6750153b629f2f4c40766b03b,4a14b3fdf51d13786a2e905526f21d4fe7601226e01da29583be8ff3210a7041,work/market-distribution-v1/artifacts/4a14b3fdf51d13786a2e905526f21d4fe7601226e01da29583be8ff3210a7041.json,-7.5,40.5,False,False,none,False,0.24766839378238342,0.0,850f45aae7a0e29c
69c3b6ed8a4854c2773430a7,2026-09-06T21:09:00.848566+00:00,850f45aae7a0e29c9c9d99adb49e34676c652f43a41ae97d88eb7751243eb060,e55c6fe19fce094ce214c8b0e5b504e9,1,2026-09-13T17:00:00Z,Jacksonville Jaguars,Cleveland Browns,spreads,alternate_spreads,,-6.5,Jacksonville Jaguars,-6.5,draftkings,-144,1.6944444444444444,0.5566845205396996,1.1107445125905158,2026-09-06T21:08:18Z,42.848566,conditional_non_push,0.542314335060449,consensus_plus_empirical_residual_model,live_snapshot_not_T60,pinnacle,17472c9078f5d1c82fb1f933,0.5782013431001913,0.5782013431001913,-137.07993936015154,-6.920060639848458,3,OK,-144,draftkings,-144,False,False,-7.5,closest_offered_consensus_to_50pct_no_interpolation,0.542314335060449,-25.50943396226417,0.0,0.542314335060449,EMPIRICAL_RECONSTRUCTED_HISTORY,0897c49705a05c04d65f1c02a830bc8446166ee6750153b629f2f4c40766b03b,4a14b3fdf51d13786a2e905526f21d4fe7601226e01da29583be8ff3210a7041,work/market-distribution-v1/artifacts/4a14b3fdf51d13786a2e905526f21d4fe7601226e01da29583be8ff3210a7041.json,-7.5,40.5,False,False,none,False,0.7291882556131261,0.0,850f45aae7a0e29c
c9806872f11afcafc6a26627,2026-09-06T21:09:00.848566+00:00,850f45aae7a0e29c9c9d99adb49e34676c652f43a41ae97d88eb7751243eb060,e55c6fe19fce094ce214c8b0e5b504e9,1,2026-09-13T17:00:00Z,Jacksonville Jaguars,Cleveland Browns,spreads,alternate_spreads,,-6.5,Jacksonville Jaguars,-6.5,fanduel,-154,1.6493506493506493,0.5782013431001914,1.094830536878618,2026-09-06T21:08:25Z,35.848566,conditional_non_push,0.542314335060449,consensus_plus_empirical_residual_model,live_snapshot_not_T60,pinnacle,17472c9078f5d1c82fb1f933,0.5782013431001913,0.5782013431001913,-137.07993936015154,-16.920060639848458,3,OK,-144,draftkings,-144,False,False,-7.5,closest_offered_consensus_to_50pct_no_interpolation,0.542314335060449,-35.50943396226417,0.0,0.542314335060449,EMPIRICAL_RECONSTRUCTED_HISTORY,0897c49705a05c04d65f1c02a830bc8446166ee6750153b629f2f4c40766b03b,4a14b3fdf51d13786a2e905526f21d4fe7601226e01da29583be8ff3210a7041,work/market-distribution-v1/artifacts/4a14b3fdf51d13786a2e905526f21d4fe7601226e01da29583be8ff3210a7041.json,-7.5,40.5,False,False,none,False,0.7291882556131261,0.0,850f45aae7a0e29c
1003e25406dc532e9ab189ed,2026-09-06T21:09:00.848566+00:00,850f45aae7a0e29c9c9d99adb49e34676c652f43a41ae97d88eb7751243eb060,e55c6fe19fce094ce214c8b0e5b504e9,1,2026-09-13T17:00:00Z,Jacksonville Jaguars,Cleveland Browns,spreads,alternate_spreads,,-6.5,Jacksonville Jaguars,-6.5,pinnacle,-153,1.65359477124183,0.5883441837243674,1.0546605087096168,2026-09-06T21:08:57Z,3.848566,conditional_non_push,0.542314335060449,consensus_plus_empirical_residual_model,live_snapshot_not_T60,pinnacle,17472c9078f5d1c82fb1f933,0.5782013431001913,0.5782013431001913,-137.07993936015154,-15.920060639848458,3,OK,-144,draftkings,-144,False,False,-7.5,closest_offered_consensus_to_50pct_no_interpolation,0.542314335060449,-34.50943396226417,0.0,0.542314335060449,EMPIRICAL_RECONSTRUCTED_HISTORY,0897c49705a05c04d65f1c02a830bc8446166ee6750153b629f2f4c40766b03b,4a14b3fdf51d13786a2e905526f21d4fe7601226e01da29583be8ff3210a7041,work/market-distribution-v1/artifacts/4a14b3fdf51d13786a2e905526f21d4fe7601226e01da29583be8ff3210a7041.json,-7.5,40.5,False,False,none,False,0.7291882556131261,0.0,850f45aae7a0e29c
c5681ab3a9bf90fc8f15b26a,2026-09-06T21:09:00.848566+00:00,850f45aae7a0e29c9c9d99adb49e34676c652f43a41ae97d88eb7751243eb060,e55c6fe19fce094ce214c8b0e5b504e9,1,2026-09-13T17:00:00Z,Jacksonville Jaguars,Cleveland Browns,spreads,alternate_spreads,,-7.0,Jacksonville Jaguars,-7.0,pinnacle,-136,1.7352941176470589,0.5617499960297044,1.0463035638860991,2026-09-06T21:08:57Z,3.848566,conditional_non_push,0.5225225225225226,consensus_plus_empirical_residual_model,live_snapshot_not_T60,pinnacle,04786a052434806269b5483e,0.5617499960297044,0.5617499960297044,-128.18026034011848,-7.81973965988152,1,FEWER_THAN_TWO_BOOKS,-136,pinnacle,,False,False,-7.5,closest_offered_consensus_to_50pct_no_interpolation,0.5225225225225226,-26.566037735849008,0.04145077720207254,0.5008635578583766,EMPIRICAL_RECONSTRUCTED_HISTORY,0897c49705a05c04d65f1c02a830bc8446166ee6750153b629f2f4c40766b03b,4a14b3fdf51d13786a2e905526f21d4fe7601226e01da29583be8ff3210a7041,work/market-distribution-v1/artifacts/4a14b3fdf51d13786a2e905526f21d4fe7601226e01da29583be8ff3210a7041.json,-7.5,40.5,False,False,none,False,0.6967184801381693,0.03246977547495682,850f45aae7a0e29c
a46fa546da35be0f39c27bae,2026-09-06T21:09:00.848566+00:00,850f45aae7a0e29c9c9d99adb49e34676c652f43a41ae97d88eb7751243eb060,e55c6fe19fce094ce214c8b0e5b504e9,1,2026-09-13T17:00:00Z,Jacksonville Jaguars,Cleveland Browns,spreads,alternate_spreads,,7.5,Cleveland Browns,-7.5,draftkings,650,7.5,0.07904796090113474,1.259465336464903,2026-09-06T21:08:18Z,42.848566,conditional_non_push,0.10673575129533679,consensus_plus_empirical_residual_model,live_snapshot_not_T60,pinnacle,d710c97d1a0fb2b7ad0371d1,0.0644285716198653,0.0644285716198653,1452.1064255468757,-802.1064255468757,2,OK,900,fanduel,900,False,False,7.5,closest_offered_consensus_to_50pct_no_interpolation,0.10673575129533679,-186.89320388349518,0.0,0.10673575129533679,EMPIRICAL_RECONSTRUCTED_HISTORY,0897c49705a05c04d65f1c02a830bc8446166ee6750153b629f2f4c40766b03b,4a14b3fdf51d13786a2e905526f21d4fe7601226e01da29583be8ff3210a7041,work/market-distribution-v1/artifacts/4a14b3fdf51d13786a2e905526f21d4fe7601226e01da29583be8ff3210a7041.json,-7.5,40.5,False,False,none,True,0.22487046632124352,0.0,850f45aae7a0e29c
6679c4b6580eae6940ad0a9b,2026-09-06T21:09:00.848566+00:00,850f45aae7a0e29c9c9d99adb49e34676c652f43a41ae97d88eb7751243eb060,e55c6fe19fce094ce214c8b0e5b504e9,1,2026-09-13T17:00:00Z,Jacksonville Jaguars,Cleveland Browns,spreads,alternate_spreads,,7.5,Cleveland Browns,-7.5,fanduel,900,10.0,0.0498091823385959,1.302690587533839,2026-09-06T21:08:25Z,35.848566,conditional_non_push,0.10673575129533679,consensus_plus_empirical_residual_model,live_snapshot_not_T60,pinnacle,d710c97d1a0fb2b7ad0371d1,0.0644285716198653,0.0644285716198653,1452.1064255468757,-552.1064255468757,2,OK,900,fanduel,900,False,False,7.5,closest_offered_consensus_to_50pct_no_interpolation,0.10673575129533679,63.106796116504825,0.0,0.10673575129533679,EMPIRICAL_RECONSTRUCTED_HISTORY,0897c49705a05c04d65f1c02a830bc8446166ee6750153b629f2f4c40766b03b,4a14b3fdf51d13786a2e905526f21d4fe7601226e01da29583be8ff3210a7041,work/market-distribution-v1/artifacts/4a14b3fdf51d13786a2e905526f21d4fe7601226e01da29583be8ff3210a7041.json,-7.5,40.5,False,False,none,True,0.22487046632124352,0.0,850f45aae7a0e29c
17c7546537ddc42d74d55b9e,2026-09-06T21:09:00.848566+00:00,850f45aae7a0e29c9c9d99adb49e34676c652f43a41ae97d88eb7751243eb060,e55c6fe19fce094ce214c8b0e5b504e9,1,2026-09-13T17:00:00Z,Jacksonville Jaguars,Cleveland Browns,spreads,spreads,,-7.5,Jacksonville Jaguars,-7.5,betmgm,-112,1.8928571428571428,0.5082101662533091,1.0607640901233029,2026-09-06T21:08:57Z,3.848566,conditional_non_push,0.5008635578583766,consensus_plus_empirical_residual_model,live_snapshot_not_T60,pinnacle,bc06645ec96b002af93c2bf4,0.5099073103757605,0.5099073103757605,-104.04303536270113,-7.956964637298867,4,OK,-110,draftkings,-110,False,False,-7.5,closest_offered_consensus_to_50pct_no_interpolation,0.5008635578583766,-11.653979238754317,0.0,0.5008635578583766,EMPIRICAL_RECONSTRUCTED_HISTORY,0897c49705a05c04d65f1c02a830bc8446166ee6750153b629f2f4c40766b03b,4a14b3fdf51d13786a2e905526f21d4fe7601226e01da29583be8ff3210a7041,work/market-distribution-v1/artifacts/4a14b3fdf51d13786a2e905526f21d4fe7601226e01da29583be8ff3210a7041.json,-7.5,40.5,False,False,none,True,0.6967184801381693,0.0,850f45aae7a0e29c
11d831e2769f23a151fef6df,2026-09-06T21:09:00.848566+00:00,850f45aae7a0e29c9c9d99adb49e34676c652f43a41ae97d88eb7751243eb060,e55c6fe19fce094ce214c8b0e5b504e9,1,2026-09-13T17:00:00Z,Jacksonville Jaguars,Cleveland Browns,spreads,spreads,,-7.5,Jacksonville Jaguars,-7.5,draftkings,-110,1.9090909090909092,0.5000000000000001,1.0719425631310813,2026-09-06T21:07:49Z,71.848566,conditional_non_push,0.5008635578583766,consensus_plus_empirical_residual_model,live_snapshot_not_T60,pinnacle,bc06645ec96b002af93c2bf4,0.5099073103757605,0.5099073103757605,-104.04303536270113,-5.956964637298867,4,OK,-110,draftkings,-110,False,False,-7.5,closest_offered_consensus_to_50pct_no_interpolation,0.5008635578583766,-9.653979238754317,0.0,0.5008635578583766,EMPIRICAL_RECONSTRUCTED_HISTORY,0897c49705a05c04d65f1c02a830bc8446166ee6750153b629f2f4c40766b03b,4a14b3fdf51d13786a2e905526f21d4fe7601226e01da29583be8ff3210a7041,work/market-distribution-v1/artifacts/4a14b3fdf51d13786a2e905526f21d4fe7601226e01da29583be8ff3210a7041.json,-7.5,40.5,False,False,none,True,0.6967184801381693,0.0,850f45aae7a0e29c
aea14851c7627e2217b53364,2026-09-06T21:09:00.848566+00:00,850f45aae7a0e29c9c9d99adb49e34676c652f43a41ae97d88eb7751243eb060,e55c6fe19fce094ce214c8b0e5b504e9,1,2026-09-13T17:00:00Z,Jacksonville Jaguars,Cleveland Browns,spreads,spreads,,-7.5,Jacksonville Jaguars,-7.5,fanduel,-115,1.8695652173913042,0.5116044544982121,1.071115843039896,2026-09-06T21:08:57Z,3.848566,conditional_non_push,0.5008635578583766,consensus_plus_empirical_residual_model,live_snapshot_not_T60,pinnacle,bc06645ec96b002af93c2bf4,0.5099073103757605,0.5099073103757605,-104.04303536270113,-10.956964637298867,4,OK,-110,draftkings,-110,False,False,-7.5,closest_offered_consensus_to_50pct_no_interpolation,0.5008635578583766,-14.653979238754317,0.0,0.5008635578583766,EMPIRICAL_RECONSTRUCTED_HISTORY,0897c49705a05c04d65f1c02a830bc8446166ee6750153b629f2f4c40766b03b,4a14b3fdf51d13786a2e905526f21d4fe7601226e01da29583be8ff3210a7041,work/market-distribution-v1/artifacts/4a14b3fdf51d13786a2e905526f21d4fe7601226e01da29583be8ff3210a7041.json,-7.5,40.5,False,False,none,True,0.6967184801381693,0.0,850f45aae7a0e29c
774d66de1a4643c77ad308e1,2026-09-06T21:09:00.848566+00:00,850f45aae7a0e29c9c9d99adb49e34676c652f43a41ae97d88eb7751243eb060,e55c6fe19fce094ce214c8b0e5b504e9,1,2026-09-13T17:00:00Z,Jacksonville Jaguars,Cleveland Browns,spreads,spreads,,-7.5,Jacksonville Jaguars,-7.5,pinnacle,-118,1.847457627118644,0.527105427674289,1.0432450443247712,2026-09-06T21:08:57Z,3.848566,conditional_non_push,0.5008635578583766,consensus_plus_empirical_residual_model,live_snapshot_not_T60,pinnacle,bc06645ec96b002af93c2bf4,0.5099073103757605,0.5099073103757605,-104.04303536270113,-13.956964637298867,4,OK,-110,draftkings,-110,False,False,-7.5,closest_offered_consensus_to_50pct_no_interpolation,0.5008635578583766,-17.653979238754317,0.0,0.5008635578583766,EMPIRICAL_RECONSTRUCTED_HISTORY,0897c49705a05c04d65f1c02a830bc8446166ee6750153b629f2f4c40766b03b,4a14b3fdf51d13786a2e905526f21d4fe7601226e01da29583be8ff3210a7041,work/market-distribution-v1/artifacts/4a14b3fdf51d13786a2e905526f21d4fe7601226e01da29583be8ff3210a7041.json,-7.5,40.5,False,False,none,True,0.6967184801381693,0.0,850f45aae7a0e29c
8a6218162c8122c1ede7de08,2026-09-06T21:09:00.848566+00:00,850f45aae7a0e29c9c9d99adb49e34676c652f43a41ae97d88eb7751243eb060,e55c6fe19fce094ce214c8b0e5b504e9,1,2026-09-13T17:00:00Z,Jacksonville Jaguars,Cleveland Browns,spreads,alternate_spreads,,-8.0,Jacksonville Jaguars,-8.0,pinnacle,-112,1.8928571428571428,0.5130945359978847,1.0457739277720353,2026-09-06T21:08:57Z,3.848566,conditional_non_push,0.4879518072289156,consensus_plus_empirical_residual_model,live_snapshot_not_T60,pinnacle,cb843fef0594b34ff66f3629,0.5130945359978847,0.5130945359978847,-105.37867695722872,-6.62132304277128,1,FEWER_THAN_TWO_BOOKS,-112,pinnacle,,False,False,-7.5,closest_offered_consensus_to_50pct_no_interpolation,0.4879518072289156,-16.93827160493828,0.02521588946459413,0.47564766839378236,EMPIRICAL_RECONSTRUCTED_HISTORY,0897c49705a05c04d65f1c02a830bc8446166ee6750153b629f2f4c40766b03b,4a14b3fdf51d13786a2e905526f21d4fe7601226e01da29583be8ff3210a7041,work/market-distribution-v1/artifacts/4a14b3fdf51d13786a2e905526f21d4fe7601226e01da29583be8ff3210a7041.json,-7.5,40.5,False,False,none,True,0.6683937823834197,0.028324697754749568,850f45aae7a0e29c
1d1cb113e8250c3304b30c6e,2026-09-06T21:09:00.848566+00:00,850f45aae7a0e29c9c9d99adb49e34676c652f43a41ae97d88eb7751243eb060,e55c6fe19fce094ce214c8b0e5b504e9,1,2026-09-13T17:00:00Z,Jacksonville Jaguars,Cleveland Browns,spreads,alternate_spreads,,8.5,Cleveland Browns,-8.5,draftkings,720,8.2,0.06605911724736901,1.291365009443985,2026-09-06T21:08:18Z,42.848566,conditional_non_push,0.09499136442141623,consensus_plus_empirical_residual_model,live_snapshot_not_T60,pinnacle,0a152bbd9f60dc5486286485,0.051600253101553695,0.051600253101553695,1837.9749902232354,-1117.9749902232354,2,OK,1060,fanduel,1060,False,False,7.5,closest_offered_consensus_to_50pct_no_interpolation,0.09499136442141623,-232.72727272727286,0.0,0.09499136442141623,EMPIRICAL_RECONSTRUCTED_HISTORY,0897c49705a05c04d65f1c02a830bc8446166ee6750153b629f2f4c40766b03b,4a14b3fdf51d13786a2e905526f21d4fe7601226e01da29583be8ff3210a7041,work/market-distribution-v1/artifacts/4a14b3fdf51d13786a2e905526f21d4fe7601226e01da29583be8ff3210a7041.json,-7.5,40.5,False,False,none,True,0.1996545768566494,0.0,850f45aae7a0e29c
912b8aa1fe8a158fd61c8df4,2026-09-06T21:09:00.848566+00:00,850f45aae7a0e29c9c9d99adb49e34676c652f43a41ae97d88eb7751243eb060,e55c6fe19fce094ce214c8b0e5b504e9,1,2026-09-13T17:00:00Z,Jacksonville Jaguars,Cleveland Browns,spreads,alternate_spreads,,8.5,Cleveland Browns,-8.5,fanduel,1060,11.6,0.037141388955738375,1.3435399740514984,2026-09-06T21:08:25Z,35.848566,conditional_non_push,0.09499136442141623,consensus_plus_empirical_residual_model,live_snapshot_not_T60,pinnacle,0a152bbd9f60dc5486286485,0.051600253101553695,0.051600253101553695,1837.9749902232354,-777.9749902232354,2,OK,1060,fanduel,1060,False,False,7.5,closest_offered_consensus_to_50pct_no_interpolation,0.09499136442141623,107.27272727272714,0.0,0.09499136442141623,EMPIRICAL_RECONSTRUCTED_HISTORY,0897c49705a05c04d65f1c02a830bc8446166ee6750153b629f2f4c40766b03b,4a14b3fdf51d13786a2e905526f21d4fe7601226e01da29583be8ff3210a7041,work/market-distribution-v1/artifacts/4a14b3fdf51d13786a2e905526f21d4fe7601226e01da29583be8ff3210a7041.json,-7.5,40.5,False,False,none,True,0.1996545768566494,0.0,850f45aae7a0e29c
80492305c500be33a234ddf0,2026-09-06T21:09:00.848566+00:00,850f45aae7a0e29c9c9d99adb49e34676c652f43a41ae97d88eb7751243eb060,e55c6fe19fce094ce214c8b0e5b504e9,1,2026-09-13T17:00:00Z,Jacksonville Jaguars,Cleveland Browns,spreads,alternate_spreads,,-8.5,Jacksonville Jaguars,-8.5,draftkings,-104,1.9615384615384617,0.4742902485621322,1.1071746965006097,2026-09-06T21:08:18Z,42.848566,conditional_non_push,0.47564766839378236,consensus_plus_empirical_residual_model,live_snapshot_not_T60,pinnacle,5a3874b0614b0f35eac7076a,0.4742902485621322,0.4742902485621322,110.84135780392282,-14.841357803922818,3,OK,-102,fanduel,-102,False,False,-7.5,closest_offered_consensus_to_50pct_no_interpolation,0.47564766839378236,-14.239651416122015,0.0,0.47564766839378236,EMPIRICAL_RECONSTRUCTED_HISTORY,0897c49705a05c04d65f1c02a830bc8446166ee6750153b629f2f4c40766b03b,4a14b3fdf51d13786a2e905526f21d4fe7601226e01da29583be8ff3210a7041,work/market-distribution-v1/artifacts/4a14b3fdf51d13786a2e905526f21d4fe7601226e01da29583be8ff3210a7041.json,-7.5,40.5,False,False,none,True,0.6683937823834197,0.0,850f45aae7a0e29c
392acdef4901b6c5283f25ef,2026-09-06T21:09:00.848566+00:00,850f45aae7a0e29c9c9d99adb49e34676c652f43a41ae97d88eb7751243eb060,e55c6fe19fce094ce214c8b0e5b504e9,1,2026-09-13T17:00:00Z,Jacksonville Jaguars,Cleveland Browns,spreads,alternate_spreads,,-8.5,Jacksonville Jaguars,-8.5,fanduel,-102,1.9803921568627452,0.4739312186711749,1.0927830625718022,2026-09-06T21:08:25Z,35.848566,conditional_non_push,0.47564766839378236,consensus_plus_empirical_residual_model,live_snapshot_not_T60,pinnacle,5a3874b0614b0f35eac7076a,0.4742902485621322,0.4742902485621322,110.84135780392282,-12.841357803922818,3,OK,-102,fanduel,-102,False,False,-7.5,closest_offered_consensus_to_50pct_no_interpolation,0.47564766839378236,-12.239651416122015,0.0,0.47564766839378236,EMPIRICAL_RECONSTRUCTED_HISTORY,0897c49705a05c04d65f1c02a830bc8446166ee6750153b629f2f4c40766b03b,4a14b3fdf51d13786a2e905526f21d4fe7601226e01da29583be8ff3210a7041,work/market-distribution-v1/artifacts/4a14b3fdf51d13786a2e905526f21d4fe7601226e01da29583be8ff3210a7041.json,-7.5,40.5,False,False,none,True,0.6683937823834197,0.0,850f45aae7a0e29c
d7a6c35da867ff3c93b96c5b,2026-09-06T21:09:00.848566+00:00,850f45aae7a0e29c9c9d99adb49e34676c652f43a41ae97d88eb7751243eb060,e55c6fe19fce094ce214c8b0e5b504e9,1,2026-09-13T17:00:00Z,Jacksonville Jaguars,Cleveland Browns,spreads,alternate_spreads,,-8.5,Jacksonville Jaguars,-8.5,pinnacle,-107,1.9345794392523366,0.5000000000000001,1.0503981327686596,2026-09-06T21:08:57Z,3.848566,conditional_non_push,0.47564766839378236,consensus_plus_empirical_residual_model,live_snapshot_not_T60,pinnacle,5a3874b0614b0f35eac7076a,0.4742902485621322,0.4742902485621322,110.84135780392282,-17.84135780392282,3,OK,-102,fanduel,-102,False,False,-7.5,closest_offered_consensus_to_50pct_no_interpolation,0.47564766839378236,-17.239651416122015,0.0,0.47564766839378236,EMPIRICAL_RECONSTRUCTED_HISTORY,0897c49705a05c04d65f1c02a830bc8446166ee6750153b629f2f4c40766b03b,4a14b3fdf51d13786a2e905526f21d4fe7601226e01da29583be8ff3210a7041,work/market-distribution-v1/artifacts/4a14b3fdf51d13786a2e905526f21d4fe7601226e01da29583be8ff3210a7041.json,-7.5,40.5,False,False,none,True,0.6683937823834197,0.0,850f45aae7a0e29c
e052fd00cd57c074f9a4c0e6,2026-09-06T21:09:00.848566+00:00,850f45aae7a0e29c9c9d99adb49e34676c652f43a41ae97d88eb7751243eb060,e55c6fe19fce094ce214c8b0e5b504e9,1,2026-09-13T17:00:00Z,Jacksonville Jaguars,Cleveland Browns,spreads,alternate_spreads,,-9.0,Jacksonville Jaguars,-9.0,pinnacle,-103,1.970873786407767,0.48936594268940364,1.0533072307540912,2026-09-06T21:08:57Z,3.848566,conditional_non_push,0.4545454545454546,consensus_plus_empirical_residual_model,live_snapshot_not_T60,pinnacle,a978fc96196fc4cc21a22ba3,0.48936594268940353,0.48936594268940353,104.3460553270851,-7.346055327085097,1,FEWER_THAN_TWO_BOOKS,-103,pinnacle,,False,False,-7.5,closest_offered_consensus_to_50pct_no_interpolation,0.4545454545454546,-22.99999999999997,0.0386873920552677,0.4369602763385147,EMPIRICAL_RECONSTRUCTED_HISTORY,0897c49705a05c04d65f1c02a830bc8446166ee6750153b629f2f4c40766b03b,4a14b3fdf51d13786a2e905526f21d4fe7601226e01da29583be8ff3210a7041,work/market-distribution-v1/artifacts/4a14b3fdf51d13786a2e905526f21d4fe7601226e01da29583be8ff3210a7041.json,-7.5,40.5,False,False,none,False,0.6397236614853196,0.028670120898100174,850f45aae7a0e29c
8f312cb480515f7528a27ffc,2026-09-06T21:09:00.848566+00:00,850f45aae7a0e29c9c9d99adb49e34676c652f43a41ae97d88eb7751243eb060,e55c6fe19fce094ce214c8b0e5b504e9,1,2026-09-13T17:00:00Z,Jacksonville Jaguars,Cleveland Browns,spreads,alternate_spreads,,9.5,Cleveland Browns,-9.5,draftkings,780,8.8,0.0569051209074095,1.3180216919522914,2026-09-06T21:08:18Z,42.848566,conditional_non_push,0.08255613126079447,consensus_plus_empirical_residual_model,live_snapshot_not_T60,pinnacle,c5fa23c3db779cb03f2b44ba,0.04508031838272118,0.04508031838272118,2118.2629490551462,-1338.2629490551462,2,OK,1100,fanduel,1100,False,False,7.5,closest_offered_consensus_to_50pct_no_interpolation,0.08255613126079447,-331.2970711297071,0.0,0.08255613126079447,EMPIRICAL_RECONSTRUCTED_HISTORY,0897c49705a05c04d65f1c02a830bc8446166ee6750153b629f2f4c40766b03b,4a14b3fdf51d13786a2e905526f21d4fe7601226e01da29583be8ff3210a7041,work/market-distribution-v1/artifacts/4a14b3fdf51d13786a2e905526f21d4fe7601226e01da29583be8ff3210a7041.json,-7.5,40.5,False,False,none,False,0.170293609671848,0.0,850f45aae7a0e29c
f83e716a57f4dfe60199808b,2026-09-06T21:09:00.848566+00:00,850f45aae7a0e29c9c9d99adb49e34676c652f43a41ae97d88eb7751243eb060,e55c6fe19fce094ce214c8b0e5b504e9,1,2026-09-13T17:00:00Z,Jacksonville Jaguars,Cleveland Browns,spreads,alternate_spreads,,9.5,Cleveland Browns,-9.5,fanduel,1100,12.0,0.033255515858032866,1.3696830967319413,2026-09-06T21:08:25Z,35.848566,conditional_non_push,0.08255613126079447,consensus_plus_empirical_residual_model,live_snapshot_not_T60,pinnacle,c5fa23c3db779cb03f2b44ba,0.04508031838272118,0.04508031838272118,2118.2629490551462,-1018.2629490551462,2,OK,1100,fanduel,1100,False,False,7.5,closest_offered_consensus_to_50pct_no_interpolation,0.08255613126079447,-11.297071129707092,0.0,0.08255613126079447,EMPIRICAL_RECONSTRUCTED_HISTORY,0897c49705a05c04d65f1c02a830bc8446166ee6750153b629f2f4c40766b03b,4a14b3fdf51d13786a2e905526f21d4fe7601226e01da29583be8ff3210a7041,work/market-distribution-v1/artifacts/4a14b3fdf51d13786a2e905526f21d4fe7601226e01da29583be8ff3210a7041.json,-7.5,40.5,False,False,none,False,0.170293609671848,0.0,850f45aae7a0e29c
5af461dd1f5e628126e2e12e,2026-09-06T21:09:00.848566+00:00,850f45aae7a0e29c9c9d99adb49e34676c652f43a41ae97d88eb7751243eb060,e55c6fe19fce094ce214c8b0e5b504e9,1,2026-09-13T17:00:00Z,Jacksonville Jaguars,Cleveland Browns,spreads,alternate_spreads,,-9.5,Jacksonville Jaguars,-9.5,draftkings,102,2.02,0.45888292799354513,1.1078977633225247,2026-09-06T21:08:18Z,42.848566,conditional_non_push,0.4369602763385147,consensus_plus_empirical_residual_model,live_snapshot_not_T60,pinnacle,0e1236b9e0a3df57e12b52ea,0.4591670096842705,0.4591670096842705,117.78568122470594,-15.78568122470594,2,OK,104,fanduel,104,False,False,-7.5,closest_offered_consensus_to_50pct_no_interpolation,0.4369602763385147,-26.85375494071144,0.0,0.4369602763385147,EMPIRICAL_RECONSTRUCTED_HISTORY,0897c49705a05c04d65f1c02a830bc8446166ee6750153b629f2f4c40766b03b,4a14b3fdf51d13786a2e905526f21d4fe7601226e01da29583be8ff3210a7041,work/market-distribution-v1/artifacts/4a14b3fdf51d13786a2e905526f21d4fe7601226e01da29583be8ff3210a7041.json,-7.5,40.5,False,False,none,False,0.6397236614853196,0.0,850f45aae7a0e29c
97f5d4b1618a11a792975fbb,2026-09-06T21:09:00.848566+00:00,850f45aae7a0e29c9c9d99adb49e34676c652f43a41ae97d88eb7751243eb060,e55c6fe19fce094ce214c8b0e5b504e9,1,2026-09-13T17:00:00Z,Jacksonville Jaguars,Cleveland Browns,spreads,alternate_spreads,,-9.5,Jacksonville Jaguars,-9.5,fanduel,104,2.04,0.45945109137499585,1.0908520811334959,2026-09-06T21:08:25Z,35.848566,conditional_non_push,0.4369602763385147,consensus_plus_empirical_residual_model,live_snapshot_not_T60,pinnacle,0e1236b9e0a3df57e12b52ea,0.4591670096842705,0.4591670096842705,117.78568122470594,-13.78568122470594,2,OK,104,fanduel,104,False,False,-7.5,closest_offered_consensus_to_50pct_no_interpolation,0.4369602763385147,-24.85375494071144,0.0,0.4369602763385147,EMPIRICAL_RECONSTRUCTED_HISTORY,0897c49705a05c04d65f1c02a830bc8446166ee6750153b629f2f4c40766b03b,4a14b3fdf51d13786a2e905526f21d4fe7601226e01da29583be8ff3210a7041,work/market-distribution-v1/artifacts/4a14b3fdf51d13786a2e905526f21d4fe7601226e01da29583be8ff3210a7041.json,-7.5,40.5,False,False,none,False,0.6397236614853196,0.0,850f45aae7a0e29c
98489b7c48313313d52f2976,2026-09-06T21:09:00.848566+00:00,850f45aae7a0e29c9c9d99adb49e34676c652f43a41ae97d88eb7751243eb060,e55c6fe19fce094ce214c8b0e5b504e9,1,2026-09-13T17:00:00Z,Jacksonville Jaguars,Cleveland Browns,spreads,alternate_spreads,,-1.5,Cleveland Browns,1.5,draftkings,221,3.21,0.26769250478259216,1.1300258674440729,2026-09-06T21:08:18Z,42.848566,conditional_non_push,0.3032815198618307,consensus_plus_empirical_residual_model,live_snapshot_not_T60,pinnacle,6816019ec78ef16e34f5a9b8,0.2512751256584874,0.2512751256584874,297.9701521905189,-76.97015219051889,2,OK,265,fanduel,265,False,False,7.5,closest_offered_consensus_to_50pct_no_interpolation,0.3032815198618307,-8.726651480637827,0.0,0.3032815198618307,EMPIRICAL_RECONSTRUCTED_HISTORY,0897c49705a05c04d65f1c02a830bc8446166ee6750153b629f2f4c40766b03b,4a14b3fdf51d13786a2e905526f21d4fe7601226e01da29583be8ff3210a7041,work/market-distribution-v1/artifacts/4a14b3fdf51d13786a2e905526f21d4fe7601226e01da29583be8ff3210a7041.json,-7.5,40.5,False,False,none,True,0.4991364421416235,0.0,850f45aae7a0e29c
0fc518d23c495518963ae2ca,2026-09-06T21:09:00.848566+00:00,850f45aae7a0e29c9c9d99adb49e34676c652f43a41ae97d88eb7751243eb060,e55c6fe19fce094ce214c8b0e5b504e9,1,2026-09-13T17:00:00Z,Jacksonville Jaguars,Cleveland Browns,spreads,alternate_spreads,,-1.5,Cleveland Browns,1.5,fanduel,265,3.65,0.23485774653438263,1.1189811400301246,2026-09-06T21:08:25Z,35.848566,conditional_non_push,0.3032815198618307,consensus_plus_empirical_residual_model,live_snapshot_not_T60,pinnacle,6816019ec78ef16e34f5a9b8,0.2512751256584874,0.2512751256584874,297.9701521905189,-32.97015219051889,2,OK,265,fanduel,265,False,False,7.5,closest_offered_consensus_to_50pct_no_interpolation,0.3032815198618307,35.27334851936217,0.0,0.3032815198618307,EMPIRICAL_RECONSTRUCTED_HISTORY,0897c49705a05c04d65f1c02a830bc8446166ee6750153b629f2f4c40766b03b,4a14b3fdf51d13786a2e905526f21d4fe7601226e01da29583be8ff3210a7041,work/market-distribution-v1/artifacts/4a14b3fdf51d13786a2e905526f21d4fe7601226e01da29583be8ff3210a7041.json,-7.5,40.5,False,False,none,True,0.4991364421416235,0.0,850f45aae7a0e29c
4d2030b3fdc6d0835606b68c,2026-09-06T21:09:00.848566+00:00,850f45aae7a0e29c9c9d99adb49e34676c652f43a41ae97d88eb7751243eb060,e55c6fe19fce094ce214c8b0e5b504e9,1,2026-09-13T17:00:00Z,Jacksonville Jaguars,Cleveland Browns,spreads,alternate_spreads,,1.5,Jacksonville Jaguars,1.5,draftkings,-413,1.242130750605327,0.780772639611278,1.1413239901011658,2026-09-06T21:08:18Z,42.848566,conditional_non_push,0.7751295336787565,consensus_plus_empirical_residual_model,live_snapshot_not_T60,pinnacle,d1d05629cd48db5a808b2e07,0.7970720144253525,0.7970720144253525,-392.7856535747001,-20.21434642529988,2,OK,-413,draftkings,-413,False,False,-7.5,closest_offered_consensus_to_50pct_no_interpolation,0.7751295336787565,-68.29953917050688,0.0,0.7751295336787565,EMPIRICAL_RECONSTRUCTED_HISTORY,0897c49705a05c04d65f1c02a830bc8446166ee6750153b629f2f4c40766b03b,4a14b3fdf51d13786a2e905526f21d4fe7601226e01da29583be8ff3210a7041,work/market-distribution-v1/artifacts/4a14b3fdf51d13786a2e905526f21d4fe7601226e01da29583be8ff3210a7041.json,-7.5,40.5,False,False,none,True,0.8932642487046633,0.0,850f45aae7a0e29c
4bc4f8144a6a508652e64dcc,2026-09-06T21:09:00.848566+00:00,850f45aae7a0e29c9c9d99adb49e34676c652f43a41ae97d88eb7751243eb060,e55c6fe19fce094ce214c8b0e5b504e9,1,2026-09-13T17:00:00Z,Jacksonville Jaguars,Cleveland Browns,spreads,alternate_spreads,,1.5,Jacksonville Jaguars,1.5,fanduel,-500,1.2,0.8133713892394274,1.1329842945702202,2026-09-06T21:08:25Z,35.848566,conditional_non_push,0.7751295336787565,consensus_plus_empirical_residual_model,live_snapshot_not_T60,pinnacle,d1d05629cd48db5a808b2e07,0.7970720144253525,0.7970720144253525,-392.7856535747001,-107.21434642529988,2,OK,-413,draftkings,-413,False,False,-7.5,closest_offered_consensus_to_50pct_no_interpolation,0.7751295336787565,-155.29953917050688,0.0,0.7751295336787565,EMPIRICAL_RECONSTRUCTED_HISTORY,0897c49705a05c04d65f1c02a830bc8446166ee6750153b629f2f4c40766b03b,4a14b3fdf51d13786a2e905526f21d4fe7601226e01da29583be8ff3210a7041,work/market-distribution-v1/artifacts/4a14b3fdf51d13786a2e905526f21d4fe7601226e01da29583be8ff3210a7041.json,-7.5,40.5,False,False,none,True,0.8932642487046633,0.0,850f45aae7a0e29c
de38514b5ce68dca349a43d4,2026-09-06T21:09:00.848566+00:00,850f45aae7a0e29c9c9d99adb49e34676c652f43a41ae97d88eb7751243eb060,e55c6fe19fce094ce214c8b0e5b504e9,1,2026-09-13T17:00:00Z,Jacksonville Jaguars,Cleveland Browns,spreads,alternate_spreads,,-10.5,Cleveland Browns,10.5,draftkings,-158,1.6329113924050633,0.5796527091990534,1.1120831020846849,2026-09-06T21:08:18Z,42.848566,conditional_non_push,0.5930915371329879,consensus_plus_empirical_residual_model,live_snapshot_not_T60,pinnacle,543dc516d2f3058a799cd53d,0.5851353956213712,0.5851353956213712,-141.04249662314976,-16.95750337685024,2,OK,-158,draftkings,-158,False,False,7.5,closest_offered_consensus_to_50pct_no_interpolation,0.5930915371329879,-12.244482173174873,0.0,0.5930915371329879,EMPIRICAL_RECONSTRUCTED_HISTORY,0897c49705a05c04d65f1c02a830bc8446166ee6750153b629f2f4c40766b03b,4a14b3fdf51d13786a2e905526f21d4fe7601226e01da29583be8ff3210a7041,work/market-distribution-v1/artifacts/4a14b3fdf51d13786a2e905526f21d4fe7601226e01da29583be8ff3210a7041.json,-7.5,40.5,False,False,none,False,0.7609671848013817,0.0,850f45aae7a0e29c
416921d644c17785a3b17c4d,2026-09-06T21:09:00.848566+00:00,850f45aae7a0e29c9c9d99adb49e34676c652f43a41ae97d88eb7751243eb060,e55c6fe19fce094ce214c8b0e5b504e9,1,2026-09-13T17:00:00Z,Jacksonville Jaguars,Cleveland Browns,spreads,alternate_spreads,,-10.5,Cleveland Browns,10.5,fanduel,-162,1.617283950617284,0.590618082043689,1.0953462295159602,2026-09-06T21:08:25Z,35.848566,conditional_non_push,0.5930915371329879,consensus_plus_empirical_residual_model,live_snapshot_not_T60,pinnacle,543dc516d2f3058a799cd53d,0.5851353956213712,0.5851353956213712,-141.04249662314976,-20.95750337685024,2,OK,-158,draftkings,-158,False,False,7.5,closest_offered_consensus_to_50pct_no_interpolation,0.5930915371329879,-16.244482173174873,0.0,0.5930915371329879,EMPIRICAL_RECONSTRUCTED_HISTORY,0897c49705a05c04d65f1c02a830bc8446166ee6750153b629f2f4c40766b03b,4a14b3fdf51d13786a2e905526f21d4fe7601226e01da29583be8ff3210a7041,work/market-distribution-v1/artifacts/4a14b3fdf51d13786a2e905526f21d4fe7601226e01da29583be8ff3210a7041.json,-7.5,40.5,False,False,none,False,0.7609671848013817,0.0,850f45aae7a0e29c
525405329d2b93111e06e4d5,2026-09-06T21:09:00.848566+00:00,850f45aae7a0e29c9c9d99adb49e34676c652f43a41ae97d88eb7751243eb060,e55c6fe19fce094ce214c8b0e5b504e9,1,2026-09-13T17:00:00Z,Jacksonville Jaguars,Cleveland Browns,spreads,alternate_spreads,,10.5,Jacksonville Jaguars,10.5,draftkings,-3200,1.03125,0.9583979943110273,1.3808857309440392,2026-09-06T21:08:18Z,42.848566,conditional_non_push,0.9288428324697755,consensus_plus_empirical_residual_model,live_snapshot_not_T60,pinnacle,9d21aaf2690e915085135297,0.9658017573424316,0.9658017573424316,-2824.1268623453357,-375.87313765466433,2,OK,-3200,draftkings,-3200,False,False,-7.5,closest_offered_consensus_to_50pct_no_interpolation,0.9288428324697755,-1894.6601941747567,0.0,0.9288428324697755,EMPIRICAL_RECONSTRUCTED_HISTORY,0897c49705a05c04d65f1c02a830bc8446166ee6750153b629f2f4c40766b03b,4a14b3fdf51d13786a2e905526f21d4fe7601226e01da29583be8ff3210a7041,work/market-distribution-v1/artifacts/4a14b3fdf51d13786a2e905526f21d4fe7601226e01da29583be8ff3210a7041.json,-7.5,40.5,False,False,none,False,0.9720207253886011,0.0,850f45aae7a0e29c
b1cff405549594107d246d7f,2026-09-06T21:09:00.848566+00:00,850f45aae7a0e29c9c9d99adb49e34676c652f43a41ae97d88eb7751243eb060,e55c6fe19fce094ce214c8b0e5b504e9,1,2026-09-13T17:00:00Z,Jacksonville Jaguars,Cleveland Browns,spreads,alternate_spreads,,10.5,Jacksonville Jaguars,10.5,fanduel,-5000,1.02,0.9732055203738359,1.371534962944137,2026-09-06T21:08:25Z,35.848566,conditional_non_push,0.9288428324697755,consensus_plus_empirical_residual_model,live_snapshot_not_T60,pinnacle,9d21aaf2690e915085135297,0.9658017573424316,0.9658017573424316,-2824.1268623453357,-2175.8731376546643,2,OK,-3200,draftkings,-3200,False,False,-7.5,closest_offered_consensus_to_50pct_no_interpolation,0.9288428324697755,-3694.6601941747567,0.0,0.9288428324697755,EMPIRICAL_RECONSTRUCTED_HISTORY,0897c49705a05c04d65f1c02a830bc8446166ee6750153b629f2f4c40766b03b,4a14b3fdf51d13786a2e905526f21d4fe7601226e01da29583be8ff3210a7041,work/market-distribution-v1/artifacts/4a14b3fdf51d13786a2e905526f21d4fe7601226e01da29583be8ff3210a7041.json,-7.5,40.5,False,False,none,False,0.9720207253886011,0.0,850f45aae7a0e29c
8f8e812e05f082e60dae66d4,2026-09-06T21:09:00.848566+00:00,850f45aae7a0e29c9c9d99adb49e34676c652f43a41ae97d88eb7751243eb060,e55c6fe19fce094ce214c8b0e5b504e9,1,2026-09-13T17:00:00Z,Jacksonville Jaguars,Cleveland Browns,spreads,alternate_spreads,,-11.5,Cleveland Browns,11.5,draftkings,-173,1.5780346820809248,0.6020824329411066,1.1121940638534555,2026-09-06T21:08:18Z,42.848566,conditional_non_push,0.6259067357512953,consensus_plus_empirical_residual_model,live_snapshot_not_T60,pinnacle,f13d9acf7160c312cd954ba8,0.6054334928455977,0.6054334928455977,-153.44269771196736,-19.557302288032645,2,OK,-173,draftkings,-173,False,False,7.5,closest_offered_consensus_to_50pct_no_interpolation,0.6259067357512953,-5.6869806094183275,0.0,0.6259067357512953,EMPIRICAL_RECONSTRUCTED_HISTORY,0897c49705a05c04d65f1c02a830bc8446166ee6750153b629f2f4c40766b03b,4a14b3fdf51d13786a2e905526f21d4fe7601226e01da29583be8ff3210a7041,work/market-distribution-v1/artifacts/4a14b3fdf51d13786a2e905526f21d4fe7601226e01da29583be8ff3210a7041.json,-7.5,40.5,False,False,none,False,0.7827288428324698,0.0,850f45aae7a0e29c
a17c1f764d8ab306f561150b,2026-09-06T21:09:00.848566+00:00,850f45aae7a0e29c9c9d99adb49e34676c652f43a41ae97d88eb7751243eb060,e55c6fe19fce094ce214c8b0e5b504e9,1,2026-09-13T17:00:00Z,Jacksonville Jaguars,Cleveland Browns,spreads,alternate_spreads,,-11.5,Cleveland Browns,11.5,fanduel,-174,1.5747126436781609,0.6087845527500887,1.092976364563583,2026-09-06T21:08:25Z,35.848566,conditional_non_push,0.6259067357512953,consensus_plus_empirical_residual_model,live_snapshot_not_T60,pinnacle,f13d9acf7160c312cd954ba8,0.6054334928455977,0.6054334928455977,-153.44269771196736,-20.557302288032645,2,OK,-173,draftkings,-173,False,False,7.5,closest_offered_consensus_to_50pct_no_interpolation,0.6259067357512953,-6.6869806094183275,0.0,0.6259067357512953,EMPIRICAL_RECONSTRUCTED_HISTORY,0897c49705a05c04d65f1c02a830bc8446166ee6750153b629f2f4c40766b03b,4a14b3fdf51d13786a2e905526f21d4fe7601226e01da29583be8ff3210a7041,work/market-distribution-v1/artifacts/4a14b3fdf51d13786a2e905526f21d4fe7601226e01da29583be8ff3210a7041.json,-7.5,40.5,False,False,none,False,0.7827288428324698,0.0,850f45aae7a0e29c
fc9b5a04a70244e17830eb37,2026-09-06T21:09:00.848566+00:00,850f45aae7a0e29c9c9d99adb49e34676c652f43a41ae97d88eb7751243eb060,e55c6fe19fce094ce214c8b0e5b504e9,1,2026-09-13T17:00:00Z,Jacksonville Jaguars,Cleveland Browns,spreads,alternate_spreads,,11.5,Jacksonville Jaguars,11.5,draftkings,-4100,1.024390243902439,0.966160189114853,1.4285945675203573,2026-09-06T21:08:18Z,42.848566,conditional_non_push,0.9374784110535406,consensus_plus_empirical_residual_model,live_snapshot_not_T60,pinnacle,181e6e92c1d4852743cc3a70,0.9716745314795532,0.9716745314795532,-3430.391736603217,-669.6082633967831,2,OK,-4100,draftkings,-4100,False,False,-7.5,closest_offered_consensus_to_50pct_no_interpolation,0.9374784110535406,-2600.5524861878457,0.0,0.9374784110535406,EMPIRICAL_RECONSTRUCTED_HISTORY,0897c49705a05c04d65f1c02a830bc8446166ee6750153b629f2f4c40766b03b,4a14b3fdf51d13786a2e905526f21d4fe7601226e01da29583be8ff3210a7041,work/market-distribution-v1/artifacts/4a14b3fdf51d13786a2e905526f21d4fe7601226e01da29583be8ff3210a7041.json,-7.5,40.5,False,False,none,False,0.9761658031088083,0.0,850f45aae7a0e29c
dcfeccebe36c39d21dc87c35,2026-09-06T21:09:00.848566+00:00,850f45aae7a0e29c9c9d99adb49e34676c652f43a41ae97d88eb7751243eb060,e55c6fe19fce094ce214c8b0e5b504e9,1,2026-09-13T17:00:00Z,Jacksonville Jaguars,Cleveland Browns,spreads,alternate_spreads,,11.5,Jacksonville Jaguars,11.5,fanduel,-6000,1.0166666666666666,0.9771888738442537,1.3960254027875676,2026-09-06T21:08:25Z,35.848566,conditional_non_push,0.9374784110535406,consensus_plus_empirical_residual_model,live_snapshot_not_T60,pinnacle,181e6e92c1d4852743cc3a70,0.9716745314795532,0.9716745314795532,-3430.391736603217,-2569.608263396783,2,OK,-4100,draftkings,-4100,False,False,-7.5,closest_offered_consensus_to_50pct_no_interpolation,0.9374784110535406,-4500.552486187846,0.0,0.9374784110535406,EMPIRICAL_RECONSTRUCTED_HISTORY,0897c49705a05c04d65f1c02a830bc8446166ee6750153b629f2f4c40766b03b,4a14b3fdf51d13786a2e905526f21d4fe7601226e01da29583be8ff3210a7041,work/market-distribution-v1/artifacts/4a14b3fdf51d13786a2e905526f21d4fe7601226e01da29583be8ff3210a7041.json,-7.5,40.5,False,False,none,False,0.9761658031088083,0.0,850f45aae7a0e29c
ec316f7e7d52235843271e61,2026-09-06T21:09:00.848566+00:00,850f45aae7a0e29c9c9d99adb49e34676c652f43a41ae97d88eb7751243eb060,e55c6fe19fce094ce214c8b0e5b504e9,1,2026-09-13T17:00:00Z,Jacksonville Jaguars,Cleveland Browns,spreads,alternate_spreads,,-12.5,Cleveland Browns,12.5,draftkings,-188,1.5319148936170213,0.6215097036123222,1.1150834855742784,2026-09-06T21:08:18Z,42.848566,conditional_non_push,0.6587219343696028,consensus_plus_empirical_residual_model,live_snapshot_not_T60,pinnacle,ac2df659e433d568914f87ec,0.6241735229230951,0.6241735229230951,-166.08024207814697,-21.919757921853034,2,OK,-188,draftkings|fanduel,-188,False,False,7.5,closest_offered_consensus_to_50pct_no_interpolation,0.6587219343696028,5.016194331983826,0.0,0.6587219343696028,EMPIRICAL_RECONSTRUCTED_HISTORY,0897c49705a05c04d65f1c02a830bc8446166ee6750153b629f2f4c40766b03b,4a14b3fdf51d13786a2e905526f21d4fe7601226e01da29583be8ff3210a7041,work/market-distribution-v1/artifacts/4a14b3fdf51d13786a2e905526f21d4fe7601226e01da29583be8ff3210a7041.json,-7.5,40.5,False,False,none,False,0.8086355785837651,0.0,850f45aae7a0e29c
bc0ec476a7d9e98be60a362a,2026-09-06T21:09:00.848566+00:00,850f45aae7a0e29c9c9d99adb49e34676c652f43a41ae97d88eb7751243eb060,e55c6fe19fce094ce214c8b0e5b504e9,1,2026-09-13T17:00:00Z,Jacksonville Jaguars,Cleveland Browns,spreads,alternate_spreads,,-12.5,Cleveland Browns,12.5,fanduel,-188,1.5319148936170213,0.6268373422338683,1.0950713165506936,2026-09-06T21:08:25Z,35.848566,conditional_non_push,0.6587219343696028,consensus_plus_empirical_residual_model,live_snapshot_not_T60,pinnacle,ac2df659e433d568914f87ec,0.6241735229230951,0.6241735229230951,-166.08024207814697,-21.919757921853034,2,OK,-188,draftkings|fanduel,-188,False,False,7.5,closest_offered_consensus_to_50pct_no_interpolation,0.6587219343696028,5.016194331983826,0.0,0.6587219343696028,EMPIRICAL_RECONSTRUCTED_HISTORY,0897c49705a05c04d65f1c02a830bc8446166ee6750153b629f2f4c40766b03b,4a14b3fdf51d13786a2e905526f21d4fe7601226e01da29583be8ff3210a7041,work/market-distribution-v1/artifacts/4a14b3fdf51d13786a2e905526f21d4fe7601226e01da29583be8ff3210a7041.json,-7.5,40.5,False,False,none,False,0.8086355785837651,0.0,850f45aae7a0e29c
abbb5b8d76ac4398a04ad52d,2026-09-06T21:09:00.848566+00:00,850f45aae7a0e29c9c9d99adb49e34676c652f43a41ae97d88eb7751243eb060,e55c6fe19fce094ce214c8b0e5b504e9,1,2026-09-13T17:00:00Z,Jacksonville Jaguars,Cleveland Browns,spreads,alternate_spreads,,12.5,Jacksonville Jaguars,12.5,draftkings,-5400,1.0185185185185186,0.9731053818279335,1.485786175655063,2026-09-06T21:08:18Z,42.848566,conditional_non_push,0.94853195164076,consensus_plus_empirical_residual_model,live_snapshot_not_T60,pinnacle,fccdbde073c1d6ddf7e30400,0.9764401665299421,0.9764401665299421,-4144.512174803349,-1255.487825196651,2,OK,-5400,draftkings,-5400,False,False,-7.5,closest_offered_consensus_to_50pct_no_interpolation,0.94853195164076,-3557.0469798657696,0.0,0.94853195164076,EMPIRICAL_RECONSTRUCTED_HISTORY,0897c49705a05c04d65f1c02a830bc8446166ee6750153b629f2f4c40766b03b,4a14b3fdf51d13786a2e905526f21d4fe7601226e01da29583be8ff3210a7041,work/market-distribution-v1/artifacts/4a14b3fdf51d13786a2e905526f21d4fe7601226e01da29583be8ff3210a7041.json,-7.5,40.5,False,False,none,False,0.9782383419689119,0.0,850f45aae7a0e29c
d796e6c86ab3de947d25e3fe,2026-09-06T21:09:00.848566+00:00,850f45aae7a0e29c9c9d99adb49e34676c652f43a41ae97d88eb7751243eb060,e55c6fe19fce094ce214c8b0e5b504e9,1,2026-09-13T17:00:00Z,Jacksonville Jaguars,Cleveland Browns,spreads,alternate_spreads,,12.5,Jacksonville Jaguars,12.5,fanduel,-7000,1.0142857142857142,0.9797749512319508,1.4404583058235723,2026-09-06T21:08:25Z,35.848566,conditional_non_push,0.94853195164076,consensus_plus_empirical_residual_model,live_snapshot_not_T60,pinnacle,fccdbde073c1d6ddf7e30400,0.9764401665299421,0.9764401665299421,-4144.512174803349,-2855.487825196651,2,OK,-5400,draftkings,-5400,False,False,-7.5,closest_offered_consensus_to_50pct_no_interpolation,0.94853195164076,-5157.04697986577,0.0,0.94853195164076,EMPIRICAL_RECONSTRUCTED_HISTORY,0897c49705a05c04d65f1c02a830bc8446166ee6750153b629f2f4c40766b03b,4a14b3fdf51d13786a2e905526f21d4fe7601226e01da29583be8ff3210a7041,work/market-distribution-v1/artifacts/4a14b3fdf51d13786a2e905526f21d4fe7601226e01da29583be8ff3210a7041.json,-7.5,40.5,False,False,none,False,0.9782383419689119,0.0,850f45aae7a0e29c
94f49f794c124d0a2d3b1eaa,2026-09-06T21:09:00.848566+00:00,850f45aae7a0e29c9c9d99adb49e34676c652f43a41ae97d88eb7751243eb060,e55c6fe19fce094ce214c8b0e5b504e9,1,2026-09-13T17:00:00Z,Jacksonville Jaguars,Cleveland Browns,spreads,alternate_spreads,,-13.5,Cleveland Browns,13.5,draftkings,-211,1.4739336492890995,0.6484262887666427,1.1167004601483477,2026-09-06T21:08:18Z,42.848566,conditional_non_push,0.6867012089810017,consensus_plus_empirical_residual_model,live_snapshot_not_T60,pinnacle,5b06febe925e00914e943ef7,0.6525427051690948,0.6525427051690948,-187.8051532884534,-23.194846711546603,2,OK,-211,draftkings,-211,False,False,7.5,closest_offered_consensus_to_50pct_no_interpolation,0.6867012089810017,8.18412348401327,0.0,0.6867012089810017,EMPIRICAL_RECONSTRUCTED_HISTORY,0897c49705a05c04d65f1c02a830bc8446166ee6750153b629f2f4c40766b03b,4a14b3fdf51d13786a2e905526f21d4fe7601226e01da29583be8ff3210a7041,work/market-distribution-v1/artifacts/4a14b3fdf51d13786a2e905526f21d4fe7601226e01da29583be8ff3210a7041.json,-7.5,40.5,False,False,none,False,0.8317789291882556,0.0,850f45aae7a0e29c
a1031fdd43c8fe847919ab6d,2026-09-06T21:09:00.848566+00:00,850f45aae7a0e29c9c9d99adb49e34676c652f43a41ae97d88eb7751243eb060,e55c6fe19fce094ce214c8b0e5b504e9,1,2026-09-13T17:00:00Z,Jacksonville Jaguars,Cleveland Browns,spreads,alternate_spreads,,-13.5,Cleveland Browns,13.5,fanduel,-215,1.4651162790697674,0.656659121571547,1.101210061083962,2026-09-06T21:08:25Z,35.848566,conditional_non_push,0.6867012089810017,consensus_plus_empirical_residual_model,live_snapshot_not_T60,pinnacle,5b06febe925e00914e943ef7,0.6525427051690948,0.6525427051690948,-187.8051532884534,-27.194846711546603,2,OK,-211,draftkings,-211,False,False,7.5,closest_offered_consensus_to_50pct_no_interpolation,0.6867012089810017,4.18412348401327,0.0,0.6867012089810017,EMPIRICAL_RECONSTRUCTED_HISTORY,0897c49705a05c04d65f1c02a830bc8446166ee6750153b629f2f4c40766b03b,4a14b3fdf51d13786a2e905526f21d4fe7601226e01da29583be8ff3210a7041,work/market-distribution-v1/artifacts/4a14b3fdf51d13786a2e905526f21d4fe7601226e01da29583be8ff3210a7041.json,-7.5,40.5,False,False,none,False,0.8317789291882556,0.0,850f45aae7a0e29c
7f12fa5ae5b9ee87e476d47d,2026-09-06T21:09:00.848566+00:00,850f45aae7a0e29c9c9d99adb49e34676c652f43a41ae97d88eb7751243eb060,e55c6fe19fce094ce214c8b0e5b504e9,1,2026-09-13T17:00:00Z,Jacksonville Jaguars,Cleveland Browns,spreads,alternate_spreads,,13.5,Jacksonville Jaguars,13.5,draftkings,-8500,1.011764705882353,0.9815135048520288,1.5953695727042811,2026-09-06T21:08:18Z,42.848566,conditional_non_push,0.9582037996545768,consensus_plus_empirical_residual_model,live_snapshot_not_T60,pinnacle,5113deaf9e51c35fd85e07fc,0.9808306307284805,0.9808306307284805,-5116.655727352133,-3383.344272647867,2,OK,-7000,fanduel,-7000,False,False,-7.5,closest_offered_consensus_to_50pct_no_interpolation,0.9582037996545768,-6207.4380165289285,0.0,0.9582037996545768,EMPIRICAL_RECONSTRUCTED_HISTORY,0897c49705a05c04d65f1c02a830bc8446166ee6750153b629f2f4c40766b03b,4a14b3fdf51d13786a2e905526f21d4fe7601226e01da29583be8ff3210a7041,work/market-distribution-v1/artifacts/4a14b3fdf51d13786a2e905526f21d4fe7601226e01da29583be8ff3210a7041.json,-7.5,40.5,False,False,none,False,0.9803108808290155,0.0,850f45aae7a0e29c
8fcedf072e5e83a6773efcec,2026-09-06T21:09:00.848566+00:00,850f45aae7a0e29c9c9d99adb49e34676c652f43a41ae97d88eb7751243eb060,e55c6fe19fce094ce214c8b0e5b504e9,1,2026-09-13T17:00:00Z,Jacksonville Jaguars,Cleveland Browns,spreads,alternate_spreads,,13.5,Jacksonville Jaguars,13.5,fanduel,-7000,1.0142857142857142,0.9801477566049323,1.4136385355001044,2026-09-06T21:08:25Z,35.848566,conditional_non_push,0.9582037996545768,consensus_plus_empirical_residual_model,live_snapshot_not_T60,pinnacle,5113deaf9e51c35fd85e07fc,0.9808306307284805,0.9808306307284805,-5116.655727352133,-1883.344272647867,2,OK,-7000,fanduel,-7000,False,False,-7.5,closest_offered_consensus_to_50pct_no_interpolation,0.9582037996545768,-4707.4380165289285,0.0,0.9582037996545768,EMPIRICAL_RECONSTRUCTED_HISTORY,0897c49705a05c04d65f1c02a830bc8446166ee6750153b629f2f4c40766b03b,4a14b3fdf51d13786a2e905526f21d4fe7601226e01da29583be8ff3210a7041,work/market-distribution-v1/artifacts/4a14b3fdf51d13786a2e905526f21d4fe7601226e01da29583be8ff3210a7041.json,-7.5,40.5,False,False,none,False,0.9803108808290155,0.0,850f45aae7a0e29c
96c10b284d628d9b0bebb17d,2026-09-06T21:09:00.848566+00:00,850f45aae7a0e29c9c9d99adb49e34676c652f43a41ae97d88eb7751243eb060,e55c6fe19fce094ce214c8b0e5b504e9,1,2026-09-13T17:00:00Z,Jacksonville Jaguars,Cleveland Browns,spreads,alternate_spreads,,-14.5,Cleveland Browns,14.5,draftkings,-257,1.3891050583657587,0.6914352446963805,1.1226985859562966,2026-09-06T21:08:18Z,42.848566,conditional_non_push,0.7119170984455958,consensus_plus_empirical_residual_model,live_snapshot_not_T60,pinnacle,df2c4082dd5f9a841b1a1a09,0.7024161412023043,0.7024161412023043,-236.03973146938154,-20.960268530618464,3,OK,-257,draftkings,-257,False,False,7.5,closest_offered_consensus_to_50pct_no_interpolation,0.7119170984455958,-9.877697841726672,0.0,0.7119170984455958,EMPIRICAL_RECONSTRUCTED_HISTORY,0897c49705a05c04d65f1c02a830bc8446166ee6750153b629f2f4c40766b03b,4a14b3fdf51d13786a2e905526f21d4fe7601226e01da29583be8ff3210a7041,work/market-distribution-v1/artifacts/4a14b3fdf51d13786a2e905526f21d4fe7601226e01da29583be8ff3210a7041.json,-7.5,40.5,False,False,none,False,0.846286701208981,0.0,850f45aae7a0e29c
cc8f9284e7e0e0f9ce5efeb8,2026-09-06T21:09:00.848566+00:00,850f45aae7a0e29c9c9d99adb49e34676c652f43a41ae97d88eb7751243eb060,e55c6fe19fce094ce214c8b0e5b504e9,1,2026-09-13T17:00:00Z,Jacksonville Jaguars,Cleveland Browns,spreads,alternate_spreads,,-14.5,Cleveland Browns,14.5,fanduel,-265,1.3773584905660377,0.7024161412023043,1.1032638428562676,2026-09-06T21:08:25Z,35.848566,conditional_non_push,0.7119170984455958,consensus_plus_empirical_residual_model,live_snapshot_not_T60,pinnacle,df2c4082dd5f9a841b1a1a09,0.7024161412023043,0.7024161412023043,-236.03973146938154,-28.960268530618464,3,OK,-257,draftkings,-257,False,False,7.5,closest_offered_consensus_to_50pct_no_interpolation,0.7119170984455958,-17.877697841726672,0.0,0.7119170984455958,EMPIRICAL_RECONSTRUCTED_HISTORY,0897c49705a05c04d65f1c02a830bc8446166ee6750153b629f2f4c40766b03b,4a14b3fdf51d13786a2e905526f21d4fe7601226e01da29583be8ff3210a7041,work/market-distribution-v1/artifacts/4a14b3fdf51d13786a2e905526f21d4fe7601226e01da29583be8ff3210a7041.json,-7.5,40.5,False,False,none,False,0.846286701208981,0.0,850f45aae7a0e29c
43cb4ef5034b2759c7655f9c,2026-09-06T21:09:00.848566+00:00,850f45aae7a0e29c9c9d99adb49e34676c652f43a41ae97d88eb7751243eb060,e55c6fe19fce094ce214c8b0e5b504e9,1,2026-09-13T17:00:00Z,Jacksonville Jaguars,Cleveland Browns,spreads,alternate_spreads,,-14.5,Cleveland Browns,14.5,pinnacle,-268,1.373134328358209,0.7113567695580802,1.0740634852349316,2026-09-06T21:08:57Z,3.848566,conditional_non_push,0.7119170984455958,consensus_plus_empirical_residual_model,live_snapshot_not_T60,pinnacle,df2c4082dd5f9a841b1a1a09,0.7024161412023043,0.7024161412023043,-236.03973146938154,-31.960268530618464,3,OK,-257,draftkings,-257,False,False,7.5,closest_offered_consensus_to_50pct_no_interpolation,0.7119170984455958,-20.877697841726672,0.0,0.7119170984455958,EMPIRICAL_RECONSTRUCTED_HISTORY,0897c49705a05c04d65f1c02a830bc8446166ee6750153b629f2f4c40766b03b,4a14b3fdf51d13786a2e905526f21d4fe7601226e01da29583be8ff3210a7041,work/market-distribution-v1/artifacts/4a14b3fdf51d13786a2e905526f21d4fe7601226e01da29583be8ff3210a7041.json,-7.5,40.5,False,False,none,False,0.846286701208981,0.0,850f45aae7a0e29c
f0d6eec86eddc322a469d81c,2026-09-06T21:09:00.848566+00:00,850f45aae7a0e29c9c9d99adb49e34676c652f43a41ae97d88eb7751243eb060,e55c6fe19fce094ce214c8b0e5b504e9,1,2026-09-13T17:00:00Z,Jacksonville Jaguars,Cleveland Browns,spreads,alternate_spreads,,14.5,Jacksonville Jaguars,14.5,draftkings,-10000,1.01,0.9842904317763143,1.5913311294634322,2026-09-06T21:08:18Z,42.848566,conditional_non_push,0.9647668393782384,consensus_plus_empirical_residual_model,live_snapshot_not_T60,pinnacle,7e267fc31abd977a514d3c83,0.9849078445538171,0.9849078445538171,-6525.958787436941,-3474.041212563059,2,OK,-10000,draftkings|fanduel,-10000,False,False,-7.5,closest_offered_consensus_to_50pct_no_interpolation,0.9647668393782384,-7261.76470588235,0.0,0.9647668393782384,EMPIRICAL_RECONSTRUCTED_HISTORY,0897c49705a05c04d65f1c02a830bc8446166ee6750153b629f2f4c40766b03b,4a14b3fdf51d13786a2e905526f21d4fe7601226e01da29583be8ff3210a7041,work/market-distribution-v1/artifacts/4a14b3fdf51d13786a2e905526f21d4fe7601226e01da29583be8ff3210a7041.json,-7.5,40.5,False,False,none,False,0.983419689119171,0.0,850f45aae7a0e29c
9576d1492ab971b2ed361cb4,2026-09-06T21:09:00.848566+00:00,850f45aae7a0e29c9c9d99adb49e34676c652f43a41ae97d88eb7751243eb060,e55c6fe19fce094ce214c8b0e5b504e9,1,2026-09-13T17:00:00Z,Jacksonville Jaguars,Cleveland Browns,spreads,alternate_spreads,,14.5,Jacksonville Jaguars,14.5,fanduel,-10000,1.01,0.9855252573313199,1.4653305484836974,2026-09-06T21:08:25Z,35.848566,conditional_non_push,0.9647668393782384,consensus_plus_empirical_residual_model,live_snapshot_not_T60,pinnacle,7e267fc31abd977a514d3c83,0.9849078445538171,0.9849078445538171,-6525.958787436941,-3474.041212563059,2,OK,-10000,draftkings|fanduel,-10000,False,False,-7.5,closest_offered_consensus_to_50pct_no_interpolation,0.9647668393782384,-7261.76470588235,0.0,0.9647668393782384,EMPIRICAL_RECONSTRUCTED_HISTORY,0897c49705a05c04d65f1c02a830bc8446166ee6750153b629f2f4c40766b03b,4a14b3fdf51d13786a2e905526f21d4fe7601226e01da29583be8ff3210a7041,work/market-distribution-v1/artifacts/4a14b3fdf51d13786a2e905526f21d4fe7601226e01da29583be8ff3210a7041.json,-7.5,40.5,False,False,none,False,0.983419689119171,0.0,850f45aae7a0e29c
8bbb9e213460e28e3f2e6810,2026-09-06T21:09:00.848566+00:00,850f45aae7a0e29c9c9d99adb49e34676c652f43a41ae97d88eb7751243eb060,e55c6fe19fce094ce214c8b0e5b504e9,1,2026-09-13T17:00:00Z,Jacksonville Jaguars,Cleveland Browns,spreads,alternate_spreads,,-15.5,Cleveland Browns,15.5,draftkings,-278,1.3597122302158273,0.7079832777419734,1.1238693686019419,2026-09-06T21:08:18Z,42.848566,conditional_non_push,0.740587219343696,consensus_plus_empirical_residual_model,live_snapshot_not_T60,pinnacle,0df0a0f9e9d54897e765c67f,0.7159660311470081,0.7159660311470081,-252.0705653757816,-25.929434624218402,2,OK,-278,draftkings,-278,False,False,7.5,closest_offered_consensus_to_50pct_no_interpolation,0.740587219343696,7.486018641810858,0.0,0.740587219343696,EMPIRICAL_RECONSTRUCTED_HISTORY,0897c49705a05c04d65f1c02a830bc8446166ee6750153b629f2f4c40766b03b,4a14b3fdf51d13786a2e905526f21d4fe7601226e01da29583be8ff3210a7041,work/market-distribution-v1/artifacts/4a14b3fdf51d13786a2e905526f21d4fe7601226e01da29583be8ff3210a7041.json,-7.5,40.5,False,False,none,False,0.8614853195164076,0.0,850f45aae7a0e29c
b817f5adfae15429e3353f49,2026-09-06T21:09:00.848566+00:00,850f45aae7a0e29c9c9d99adb49e34676c652f43a41ae97d88eb7751243eb060,e55c6fe19fce094ce214c8b0e5b504e9,1,2026-09-13T17:00:00Z,Jacksonville Jaguars,Cleveland Browns,spreads,alternate_spreads,,-15.5,Cleveland Browns,15.5,fanduel,-295,1.3389830508474576,0.7239487845520428,1.106622508802201,2026-09-06T21:08:25Z,35.848566,conditional_non_push,0.740587219343696,consensus_plus_empirical_residual_model,live_snapshot_not_T60,pinnacle,0df0a0f9e9d54897e765c67f,0.7159660311470081,0.7159660311470081,-252.0705653757816,-42.9294346242184,2,OK,-278,draftkings,-278,False,False,7.5,closest_offered_consensus_to_50pct_no_interpolation,0.740587219343696,-9.513981358189142,0.0,0.740587219343696,EMPIRICAL_RECONSTRUCTED_HISTORY,0897c49705a05c04d65f1c02a830bc8446166ee6750153b629f2f4c40766b03b,4a14b3fdf51d13786a2e905526f21d4fe7601226e01da29583be8ff3210a7041,work/market-distribution-v1/artifacts/4a14b3fdf51d13786a2e905526f21d4fe7601226e01da29583be8ff3210a7041.json,-7.5,40.5,False,False,none,False,0.8614853195164076,0.0,850f45aae7a0e29c
6591d7ff16429931c4b1bc47,2026-09-06T21:09:00.848566+00:00,850f45aae7a0e29c9c9d99adb49e34676c652f43a41ae97d88eb7751243eb060,e55c6fe19fce094ce214c8b0e5b504e9,1,2026-09-13T17:00:00Z,Jacksonville Jaguars,Cleveland Browns,spreads,alternate_spreads,,15.5,Jacksonville Jaguars,15.5,fanduel,-20000,1.005,0.9921008330861376,1.5900680904921125,2026-09-06T21:08:25Z,35.848566,conditional_non_push,0.9675302245250432,consensus_plus_empirical_residual_model,live_snapshot_not_T60,pinnacle,3bc73308f0b625af8fae2264,0.9921008330861374,0.9921008330861374,-12559.562848900612,-7440.437151099388,1,FEWER_THAN_TWO_BOOKS,-20000,fanduel,-20000,False,False,-7.5,closest_offered_consensus_to_50pct_no_interpolation,0.9675302245250432,-17020.212765957443,0.0,0.9675302245250432,EMPIRICAL_RECONSTRUCTED_HISTORY,0897c49705a05c04d65f1c02a830bc8446166ee6750153b629f2f4c40766b03b,4a14b3fdf51d13786a2e905526f21d4fe7601226e01da29583be8ff3210a7041,work/market-distribution-v1/artifacts/4a14b3fdf51d13786a2e905526f21d4fe7601226e01da29583be8ff3210a7041.json,-7.5,40.5,False,False,none,False,0.9854922279792746,0.0,850f45aae7a0e29c
7ef1fd6f0569a0b4a62d716b,2026-09-06T21:09:00.848566+00:00,850f45aae7a0e29c9c9d99adb49e34676c652f43a41ae97d88eb7751243eb060,e55c6fe19fce094ce214c8b0e5b504e9,1,2026-09-13T17:00:00Z,Jacksonville Jaguars,Cleveland Browns,spreads,alternate_spreads,,-16.5,Cleveland Browns,16.5,draftkings,-310,1.3225806451612903,0.7292415628045513,1.129353848000453,2026-09-06T21:08:18Z,42.848566,conditional_non_push,0.7609671848013817,consensus_plus_empirical_residual_model,live_snapshot_not_T60,pinnacle,b8a301586b242a93464c352a,0.7368491339196218,0.7368491339196218,-280.01014965101984,-29.989850348980156,2,OK,-310,draftkings,-310,False,False,7.5,closest_offered_consensus_to_50pct_no_interpolation,0.7609671848013817,8.35260115606934,0.0,0.7609671848013817,EMPIRICAL_RECONSTRUCTED_HISTORY,0897c49705a05c04d65f1c02a830bc8446166ee6750153b629f2f4c40766b03b,4a14b3fdf51d13786a2e905526f21d4fe7601226e01da29583be8ff3210a7041,work/market-distribution-v1/artifacts/4a14b3fdf51d13786a2e905526f21d4fe7601226e01da29583be8ff3210a7041.json,-7.5,40.5,False,False,none,False,0.8763385146804836,0.0,850f45aae7a0e29c
1475e599fb0be93a18f16673,2026-09-06T21:09:00.848566+00:00,850f45aae7a0e29c9c9d99adb49e34676c652f43a41ae97d88eb7751243eb060,e55c6fe19fce094ce214c8b0e5b504e9,1,2026-09-13T17:00:00Z,Jacksonville Jaguars,Cleveland Browns,spreads,alternate_spreads,,-16.5,Cleveland Browns,16.5,fanduel,-330,1.303030303030303,0.7444567050346924,1.1148805544872356,2026-09-06T21:08:25Z,35.848566,conditional_non_push,0.7609671848013817,consensus_plus_empirical_residual_model,live_snapshot_not_T60,pinnacle,b8a301586b242a93464c352a,0.7368491339196218,0.7368491339196218,-280.01014965101984,-49.989850348980156,2,OK,-310,draftkings,-310,False,False,7.5,closest_offered_consensus_to_50pct_no_interpolation,0.7609671848013817,-11.64739884393066,0.0,0.7609671848013817,EMPIRICAL_RECONSTRUCTED_HISTORY,0897c49705a05c04d65f1c02a830bc8446166ee6750153b629f2f4c40766b03b,4a14b3fdf51d13786a2e905526f21d4fe7601226e01da29583be8ff3210a7041,work/market-distribution-v1/artifacts/4a14b3fdf51d13786a2e905526f21d4fe7601226e01da29583be8ff3210a7041.json,-7.5,40.5,False,False,none,False,0.8763385146804836,0.0,850f45aae7a0e29c
07dda5b04049753e57219cc7,2026-09-06T21:09:00.848566+00:00,850f45aae7a0e29c9c9d99adb49e34676c652f43a41ae97d88eb7751243eb060,e55c6fe19fce094ce214c8b0e5b504e9,1,2026-09-13T17:00:00Z,Jacksonville Jaguars,Cleveland Browns,spreads,alternate_spreads,,16.5,Jacksonville Jaguars,16.5,fanduel,-20000,1.005,0.9922907259594774,1.551695177522936,2026-09-06T21:08:25Z,35.848566,conditional_non_push,0.9720207253886011,consensus_plus_empirical_residual_model,live_snapshot_not_T60,pinnacle,265ef4641c2053727fc6c246,0.9922907259594772,0.9922907259594772,-12871.38997451161,-7128.6100254883895,1,FEWER_THAN_TWO_BOOKS,-20000,fanduel,-20000,False,False,-7.5,closest_offered_consensus_to_50pct_no_interpolation,0.9720207253886011,-16525.92592592592,0.0,0.9720207253886011,EMPIRICAL_RECONSTRUCTED_HISTORY,0897c49705a05c04d65f1c02a830bc8446166ee6750153b629f2f4c40766b03b,4a14b3fdf51d13786a2e905526f21d4fe7601226e01da29583be8ff3210a7041,work/market-distribution-v1/artifacts/4a14b3fdf51d13786a2e905526f21d4fe7601226e01da29583be8ff3210a7041.json,-7.5,40.5,False,False,none,False,0.9865284974093265,0.0,850f45aae7a0e29c
4a91de9fd5f30bd1c918e033,2026-09-06T21:09:00.848566+00:00,850f45aae7a0e29c9c9d99adb49e34676c652f43a41ae97d88eb7751243eb060,e55c6fe19fce094ce214c8b0e5b504e9,1,2026-09-13T17:00:00Z,Jacksonville Jaguars,Cleveland Browns,spreads,alternate_spreads,,-17.5,Cleveland Browns,17.5,draftkings,-371,1.2695417789757413,0.7623807562464581,1.1368209149326942,2026-09-06T21:08:18Z,42.848566,conditional_non_push,0.7827288428324698,consensus_plus_empirical_residual_model,live_snapshot_not_T60,pinnacle,c01b35de07fc1aa608fd2bd4,0.770657103499623,0.770657103499623,-336.02832930923427,-34.971670690765734,2,OK,-371,draftkings,-371,False,False,7.5,closest_offered_consensus_to_50pct_no_interpolation,0.7827288428324698,-10.745627980922052,0.0,0.7827288428324698,EMPIRICAL_RECONSTRUCTED_HISTORY,0897c49705a05c04d65f1c02a830bc8446166ee6750153b629f2f4c40766b03b,4a14b3fdf51d13786a2e905526f21d4fe7601226e01da29583be8ff3210a7041,work/market-distribution-v1/artifacts/4a14b3fdf51d13786a2e905526f21d4fe7601226e01da29583be8ff3210a7041.json,-7.5,40.5,False,False,none,False,0.8873920552677029,0.0,850f45aae7a0e29c
0672567dadd790951069cc37,2026-09-06T21:09:00.848566+00:00,850f45aae7a0e29c9c9d99adb49e34676c652f43a41ae97d88eb7751243eb060,e55c6fe19fce094ce214c8b0e5b504e9,1,2026-09-13T17:00:00Z,Jacksonville Jaguars,Cleveland Browns,spreads,alternate_spreads,,-17.5,Cleveland Browns,17.5,fanduel,-400,1.25,0.7789334507527883,1.1195916904675953,2026-09-06T21:08:25Z,35.848566,conditional_non_push,0.7827288428324698,consensus_plus_empirical_residual_model,live_snapshot_not_T60,pinnacle,c01b35de07fc1aa608fd2bd4,0.770657103499623,0.770657103499623,-336.02832930923427,-63.971670690765734,2,OK,-371,draftkings,-371,False,False,7.5,closest_offered_consensus_to_50pct_no_interpolation,0.7827288428324698,-39.74562798092205,0.0,0.7827288428324698,EMPIRICAL_RECONSTRUCTED_HISTORY,0897c49705a05c04d65f1c02a830bc8446166ee6750153b629f2f4c40766b03b,4a14b3fdf51d13786a2e905526f21d4fe7601226e01da29583be8ff3210a7041,work/market-distribution-v1/artifacts/4a14b3fdf51d13786a2e905526f21d4fe7601226e01da29583be8ff3210a7041.json,-7.5,40.5,False,False,none,False,0.8873920552677029,0.0,850f45aae7a0e29c
d56a67bf438e74f88a975e9d,2026-09-06T21:09:00.848566+00:00,850f45aae7a0e29c9c9d99adb49e34676c652f43a41ae97d88eb7751243eb060,e55c6fe19fce094ce214c8b0e5b504e9,1,2026-09-13T17:00:00Z,Jacksonville Jaguars,Cleveland Browns,spreads,alternate_spreads,,17.5,Jacksonville Jaguars,17.5,fanduel,-50000,1.002,0.9966838601590248,1.6624854814709127,2026-09-06T21:08:25Z,35.848566,conditional_non_push,0.9761658031088083,consensus_plus_empirical_residual_model,live_snapshot_not_T60,pinnacle,16f02fe3f02616b721843e2e,0.9966838601590248,0.9966838601590248,-30055.54373321947,-19944.45626678053,1,FEWER_THAN_TWO_BOOKS,-50000,fanduel,-50000,False,False,-7.5,closest_offered_consensus_to_50pct_no_interpolation,0.9761658031088083,-45904.34782608695,0.0,0.9761658031088083,EMPIRICAL_RECONSTRUCTED_HISTORY,0897c49705a05c04d65f1c02a830bc8446166ee6750153b629f2f4c40766b03b,4a14b3fdf51d13786a2e905526f21d4fe7601226e01da29583be8ff3210a7041,work/market-distribution-v1/artifacts/4a14b3fdf51d13786a2e905526f21d4fe7601226e01da29583be8ff3210a7041.json,-7.5,40.5,False,False,none,False,0.9889464594127807,0.0,850f45aae7a0e29c
deb2d2078809c434c47a8860,2026-09-06T21:09:00.848566+00:00,850f45aae7a0e29c9c9d99adb49e34676c652f43a41ae97d88eb7751243eb060,e55c6fe19fce094ce214c8b0e5b504e9,1,2026-09-13T17:00:00Z,Jacksonville Jaguars,Cleveland Browns,spreads,alternate_spreads,,-18.5,Cleveland Browns,18.5,draftkings,-419,1.2386634844868736,0.7830750896362179,1.1424720938541468,2026-09-06T21:08:18Z,42.848566,conditional_non_push,0.8086355785837651,consensus_plus_empirical_residual_model,live_snapshot_not_T60,pinnacle,78df73d55198c1ba93ca00ff,0.7921918494589723,0.7921918494589723,-381.2130791773584,-37.786920822641605,2,OK,-419,draftkings,-419,False,False,7.5,closest_offered_consensus_to_50pct_no_interpolation,0.8086355785837651,3.563176895306867,0.0,0.8086355785837651,EMPIRICAL_RECONSTRUCTED_HISTORY,0897c49705a05c04d65f1c02a830bc8446166ee6750153b629f2f4c40766b03b,4a14b3fdf51d13786a2e905526f21d4fe7601226e01da29583be8ff3210a7041,work/market-distribution-v1/artifacts/4a14b3fdf51d13786a2e905526f21d4fe7601226e01da29583be8ff3210a7041.json,-7.5,40.5,False,False,none,False,0.8974093264248705,0.0,850f45aae7a0e29c
ac74f6e4a50d2c320231526d,2026-09-06T21:09:00.848566+00:00,850f45aae7a0e29c9c9d99adb49e34676c652f43a41ae97d88eb7751243eb060,e55c6fe19fce094ce214c8b0e5b504e9,1,2026-09-13T17:00:00Z,Jacksonville Jaguars,Cleveland Browns,spreads,alternate_spreads,,-18.5,Cleveland Browns,18.5,fanduel,-460,1.2173913043478262,0.8013086092817271,1.1260677889883568,2026-09-06T21:08:25Z,35.848566,conditional_non_push,0.8086355785837651,consensus_plus_empirical_residual_model,live_snapshot_not_T60,pinnacle,78df73d55198c1ba93ca00ff,0.7921918494589723,0.7921918494589723,-381.2130791773584,-78.7869208226416,2,OK,-419,draftkings,-419,False,False,7.5,closest_offered_consensus_to_50pct_no_interpolation,0.8086355785837651,-37.43682310469313,0.0,0.8086355785837651,EMPIRICAL_RECONSTRUCTED_HISTORY,0897c49705a05c04d65f1c02a830bc8446166ee6750153b629f2f4c40766b03b,4a14b3fdf51d13786a2e905526f21d4fe7601226e01da29583be8ff3210a7041,work/market-distribution-v1/artifacts/4a14b3fdf51d13786a2e905526f21d4fe7601226e01da29583be8ff3210a7041.json,-7.5,40.5,False,False,none,False,0.8974093264248705,0.0,850f45aae7a0e29c
aa6f1064ac54430efd8c6793,2026-09-06T21:09:00.848566+00:00,850f45aae7a0e29c9c9d99adb49e34676c652f43a41ae97d88eb7751243eb060,e55c6fe19fce094ce214c8b0e5b504e9,1,2026-09-13T17:00:00Z,Jacksonville Jaguars,Cleveland Browns,spreads,alternate_spreads,,18.5,Jacksonville Jaguars,18.5,fanduel,-50000,1.002,0.9968018751708067,1.6032259715888264,2026-09-06T21:08:25Z,35.848566,conditional_non_push,0.9782383419689119,consensus_plus_empirical_residual_model,live_snapshot_not_T60,pinnacle,6681848fbc548697b08a8a5c,0.9968018751708067,0.9968018751708067,-31168.322951991406,-18831.677048008594,1,FEWER_THAN_TWO_BOOKS,-50000,fanduel,-50000,False,False,-7.5,closest_offered_consensus_to_50pct_no_interpolation,0.9782383419689119,-45504.76190476191,0.0,0.9782383419689119,EMPIRICAL_RECONSTRUCTED_HISTORY,0897c49705a05c04d65f1c02a830bc8446166ee6750153b629f2f4c40766b03b,4a14b3fdf51d13786a2e905526f21d4fe7601226e01da29583be8ff3210a7041,work/market-distribution-v1/artifacts/4a14b3fdf51d13786a2e905526f21d4fe7601226e01da29583be8ff3210a7041.json,-7.5,40.5,False,False,none,False,0.9920552677029361,0.0,850f45aae7a0e29c
cc73e8f279dacff950eb07a8,2026-09-06T21:09:00.848566+00:00,850f45aae7a0e29c9c9d99adb49e34676c652f43a41ae97d88eb7751243eb060,e55c6fe19fce094ce214c8b0e5b504e9,1,2026-09-13T17:00:00Z,Jacksonville Jaguars,Cleveland Browns,spreads,alternate_spreads,,-19.5,Cleveland Browns,19.5,draftkings,-468,1.2136752136752136,0.8005658768172149,1.1486334541048486,2026-09-06T21:08:18Z,42.848566,conditional_non_push,0.8317789291882556,consensus_plus_empirical_residual_model,live_snapshot_not_T60,pinnacle,1292016a19df5d93a15fc908,0.8097256676464397,0.8097256676464397,-425.5569616935191,-42.4430383064809,2,OK,-468,draftkings,-468,False,False,7.5,closest_offered_consensus_to_50pct_no_interpolation,0.8317789291882556,26.455852156057404,0.0,0.8317789291882556,EMPIRICAL_RECONSTRUCTED_HISTORY,0897c49705a05c04d65f1c02a830bc8446166ee6750153b629f2f4c40766b03b,4a14b3fdf51d13786a2e905526f21d4fe7601226e01da29583be8ff3210a7041,work/market-distribution-v1/artifacts/4a14b3fdf51d13786a2e905526f21d4fe7601226e01da29583be8ff3210a7041.json,-7.5,40.5,False,False,none,False,0.9094991364421416,0.0,850f45aae7a0e29c
8d15141586f4db901b378cdb,2026-09-06T21:09:00.848566+00:00,850f45aae7a0e29c9c9d99adb49e34676c652f43a41ae97d88eb7751243eb060,e55c6fe19fce094ce214c8b0e5b504e9,1,2026-09-13T17:00:00Z,Jacksonville Jaguars,Cleveland Browns,spreads,alternate_spreads,,-19.5,Cleveland Browns,19.5,fanduel,-520,1.1923076923076923,0.8188854584756646,1.1359958107389625,2026-09-06T21:08:25Z,35.848566,conditional_non_push,0.8317789291882556,consensus_plus_empirical_residual_model,live_snapshot_not_T60,pinnacle,1292016a19df5d93a15fc908,0.8097256676464397,0.8097256676464397,-425.5569616935191,-94.4430383064809,2,OK,-468,draftkings,-468,False,False,7.5,closest_offered_consensus_to_50pct_no_interpolation,0.8317789291882556,-25.544147843942596,0.0,0.8317789291882556,EMPIRICAL_RECONSTRUCTED_HISTORY,0897c49705a05c04d65f1c02a830bc8446166ee6750153b629f2f4c40766b03b,4a14b3fdf51d13786a2e905526f21d4fe7601226e01da29583be8ff3210a7041,work/market-distribution-v1/artifacts/4a14b3fdf51d13786a2e905526f21d4fe7601226e01da29583be8ff3210a7041.json,-7.5,40.5,False,False,none,False,0.9094991364421416,0.0,850f45aae7a0e29c
399ef3f0a3f22ca1fa15ac37,2026-09-06T21:09:00.848566+00:00,850f45aae7a0e29c9c9d99adb49e34676c652f43a41ae97d88eb7751243eb060,e55c6fe19fce094ce214c8b0e5b504e9,1,2026-09-13T17:00:00Z,Jacksonville Jaguars,Cleveland Browns,spreads,alternate_spreads,,-2.5,Cleveland Browns,2.5,draftkings,202,3.02,0.2889139597101459,1.1233826538799465,2026-09-06T21:08:18Z,42.848566,conditional_non_push,0.3316062176165803,consensus_plus_empirical_residual_model,live_snapshot_not_T60,pinnacle,8d47eb5bbdfeb52a230c7f57,0.2722286273377268,0.2722286273377268,267.33829567431945,-65.33829567431945,2,OK,240,fanduel,240,False,False,7.5,closest_offered_consensus_to_50pct_no_interpolation,0.3316062176165803,0.4375000000000284,0.0,0.3316062176165803,EMPIRICAL_RECONSTRUCTED_HISTORY,0897c49705a05c04d65f1c02a830bc8446166ee6750153b629f2f4c40766b03b,4a14b3fdf51d13786a2e905526f21d4fe7601226e01da29583be8ff3210a7041,work/market-distribution-v1/artifacts/4a14b3fdf51d13786a2e905526f21d4fe7601226e01da29583be8ff3210a7041.json,-7.5,40.5,False,False,none,True,0.5243523316062176,0.0,850f45aae7a0e29c
2b635d987902c899e0eb5047,2026-09-06T21:09:00.848566+00:00,850f45aae7a0e29c9c9d99adb49e34676c652f43a41ae97d88eb7751243eb060,e55c6fe19fce094ce214c8b0e5b504e9,1,2026-09-13T17:00:00Z,Jacksonville Jaguars,Cleveland Browns,spreads,alternate_spreads,,-2.5,Cleveland Browns,2.5,fanduel,240,3.4,0.25554329496530764,1.1148805544872356,2026-09-06T21:08:25Z,35.848566,conditional_non_push,0.3316062176165803,consensus_plus_empirical_residual_model,live_snapshot_not_T60,pinnacle,8d47eb5bbdfeb52a230c7f57,0.2722286273377268,0.2722286273377268,267.33829567431945,-27.338295674319454,2,OK,240,fanduel,240,False,False,7.5,closest_offered_consensus_to_50pct_no_interpolation,0.3316062176165803,38.43750000000003,0.0,0.3316062176165803,EMPIRICAL_RECONSTRUCTED_HISTORY,0897c49705a05c04d65f1c02a830bc8446166ee6750153b629f2f4c40766b03b,4a14b3fdf51d13786a2e905526f21d4fe7601226e01da29583be8ff3210a7041,work/market-distribution-v1/artifacts/4a14b3fdf51d13786a2e905526f21d4fe7601226e01da29583be8ff3210a7041.json,-7.5,40.5,False,False,none,True,0.5243523316062176,0.0,850f45aae7a0e29c
63ef26a8a7decf0b2c06c0fb,2026-09-06T21:09:00.848566+00:00,850f45aae7a0e29c9c9d99adb49e34676c652f43a41ae97d88eb7751243eb060,e55c6fe19fce094ce214c8b0e5b504e9,1,2026-09-13T17:00:00Z,Jacksonville Jaguars,Cleveland Browns,spreads,alternate_spreads,,2.5,Jacksonville Jaguars,2.5,draftkings,-457,1.2188183807439825,0.7968473387458844,1.1476149253178454,2026-09-06T21:08:18Z,42.848566,conditional_non_push,0.8003454231433506,consensus_plus_empirical_residual_model,live_snapshot_not_T60,pinnacle,f1aecf6204c0b3f269db2751,0.8095665159972489,0.8095665159972489,-425.11773611491225,-31.882263885087752,2,OK,-457,draftkings,-457,False,False,-7.5,closest_offered_consensus_to_50pct_no_interpolation,0.8003454231433506,-56.13494809688592,0.0,0.8003454231433506,EMPIRICAL_RECONSTRUCTED_HISTORY,0897c49705a05c04d65f1c02a830bc8446166ee6750153b629f2f4c40766b03b,4a14b3fdf51d13786a2e905526f21d4fe7601226e01da29583be8ff3210a7041,work/market-distribution-v1/artifacts/4a14b3fdf51d13786a2e905526f21d4fe7601226e01da29583be8ff3210a7041.json,-7.5,40.5,False,False,none,True,0.9050086355785838,0.0,850f45aae7a0e29c
74a790886e5e8e20c9af1ecc,2026-09-06T21:09:00.848566+00:00,850f45aae7a0e29c9c9d99adb49e34676c652f43a41ae97d88eb7751243eb060,e55c6fe19fce094ce214c8b0e5b504e9,1,2026-09-13T17:00:00Z,Jacksonville Jaguars,Cleveland Browns,spreads,alternate_spreads,,2.5,Jacksonville Jaguars,2.5,fanduel,-530,1.1886792452830188,0.8222856932486139,1.132053930386304,2026-09-06T21:08:25Z,35.848566,conditional_non_push,0.8003454231433506,consensus_plus_empirical_residual_model,live_snapshot_not_T60,pinnacle,f1aecf6204c0b3f269db2751,0.8095665159972489,0.8095665159972489,-425.11773611491225,-104.88226388508775,2,OK,-457,draftkings,-457,False,False,-7.5,closest_offered_consensus_to_50pct_no_interpolation,0.8003454231433506,-129.13494809688592,0.0,0.8003454231433506,EMPIRICAL_RECONSTRUCTED_HISTORY,0897c49705a05c04d65f1c02a830bc8446166ee6750153b629f2f4c40766b03b,4a14b3fdf51d13786a2e905526f21d4fe7601226e01da29583be8ff3210a7041,work/market-distribution-v1/artifacts/4a14b3fdf51d13786a2e905526f21d4fe7601226e01da29583be8ff3210a7041.json,-7.5,40.5,False,False,none,True,0.9050086355785838,0.0,850f45aae7a0e29c
962161ac0416b16c4a06dbe5,2026-09-06T21:09:00.848566+00:00,850f45aae7a0e29c9c9d99adb49e34676c652f43a41ae97d88eb7751243eb060,e55c6fe19fce094ce214c8b0e5b504e9,1,2026-09-13T17:00:00Z,Jacksonville Jaguars,Cleveland Browns,spreads,alternate_spreads,,-20.5,Cleveland Browns,20.5,draftkings,-544,1.1838235294117647,0.8223380201433923,1.159136920624111,2026-09-06T21:08:18Z,42.848566,conditional_non_push,0.846286701208981,consensus_plus_empirical_residual_model,live_snapshot_not_T60,pinnacle,691395301b8dc1dc5689d1e5,0.8323218043089555,0.8323218043089555,-496.38046311194233,-47.61953688805767,2,OK,-544,draftkings,-544,False,False,7.5,closest_offered_consensus_to_50pct_no_interpolation,0.846286701208981,6.561797752808843,0.0,0.846286701208981,EMPIRICAL_RECONSTRUCTED_HISTORY,0897c49705a05c04d65f1c02a830bc8446166ee6750153b629f2f4c40766b03b,4a14b3fdf51d13786a2e905526f21d4fe7601226e01da29583be8ff3210a7041,work/market-distribution-v1/artifacts/4a14b3fdf51d13786a2e905526f21d4fe7601226e01da29583be8ff3210a7041.json,-7.5,40.5,False,False,none,False,0.9198618307426598,0.0,850f45aae7a0e29c
5c516e7960155d183dfb71f9,2026-09-06T21:09:00.848566+00:00,850f45aae7a0e29c9c9d99adb49e34676c652f43a41ae97d88eb7751243eb060,e55c6fe19fce094ce214c8b0e5b504e9,1,2026-09-13T17:00:00Z,Jacksonville Jaguars,Cleveland Browns,spreads,alternate_spreads,,-20.5,Cleveland Browns,20.5,fanduel,-620,1.1612903225806452,0.8423055884745192,1.1476654108548892,2026-09-06T21:08:25Z,35.848566,conditional_non_push,0.846286701208981,consensus_plus_empirical_residual_model,live_snapshot_not_T60,pinnacle,691395301b8dc1dc5689d1e5,0.8323218043089555,0.8323218043089555,-496.38046311194233,-123.61953688805767,2,OK,-544,draftkings,-544,False,False,7.5,closest_offered_consensus_to_50pct_no_interpolation,0.846286701208981,-69.43820224719116,0.0,0.846286701208981,EMPIRICAL_RECONSTRUCTED_HISTORY,0897c49705a05c04d65f1c02a830bc8446166ee6750153b629f2f4c40766b03b,4a14b3fdf51d13786a2e905526f21d4fe7601226e01da29583be8ff3210a7041,work/market-distribution-v1/artifacts/4a14b3fdf51d13786a2e905526f21d4fe7601226e01da29583be8ff3210a7041.json,-7.5,40.5,False,False,none,False,0.9198618307426598,0.0,850f45aae7a0e29c
1abfb40b877c1d1d4fa78f81,2026-09-06T21:09:00.848566+00:00,850f45aae7a0e29c9c9d99adb49e34676c652f43a41ae97d88eb7751243eb060,e55c6fe19fce094ce214c8b0e5b504e9,1,2026-09-13T17:00:00Z,Jacksonville Jaguars,Cleveland Browns,spreads,alternate_spreads,,-21.5,Cleveland Browns,21.5,draftkings,-680,1.1470588235294117,0.8506843671494665,1.178664677377034,2026-09-06T21:08:18Z,42.848566,conditional_non_push,0.8614853195164076,consensus_plus_empirical_residual_model,live_snapshot_not_T60,pinnacle,7535784fbd650174d64ddd9d,0.8591944316883432,0.8591944316883432,-610.1991860056386,-69.80081399436142,2,OK,-680,draftkings,-680,False,False,7.5,closest_offered_consensus_to_50pct_no_interpolation,0.8614853195164076,-58.0548628428927,0.0,0.8614853195164076,EMPIRICAL_RECONSTRUCTED_HISTORY,0897c49705a05c04d65f1c02a830bc8446166ee6750153b629f2f4c40766b03b,4a14b3fdf51d13786a2e905526f21d4fe7601226e01da29583be8ff3210a7041,work/market-distribution-v1/artifacts/4a14b3fdf51d13786a2e905526f21d4fe7601226e01da29583be8ff3210a7041.json,-7.5,40.5,False,False,none,False,0.9260794473229707,0.0,850f45aae7a0e29c
30c750f03df2630929a946a7,2026-09-06T21:09:00.848566+00:00,850f45aae7a0e29c9c9d99adb49e34676c652f43a41ae97d88eb7751243eb060,e55c6fe19fce094ce214c8b0e5b504e9,1,2026-09-13T17:00:00Z,Jacksonville Jaguars,Cleveland Browns,spreads,alternate_spreads,,-21.5,Cleveland Browns,21.5,fanduel,-770,1.12987012987013,0.8677044962272199,1.162169781158016,2026-09-06T21:08:25Z,35.848566,conditional_non_push,0.8614853195164076,consensus_plus_empirical_residual_model,live_snapshot_not_T60,pinnacle,7535784fbd650174d64ddd9d,0.8591944316883432,0.8591944316883432,-610.1991860056386,-159.80081399436142,2,OK,-680,draftkings,-680,False,False,7.5,closest_offered_consensus_to_50pct_no_interpolation,0.8614853195164076,-148.0548628428927,0.0,0.8614853195164076,EMPIRICAL_RECONSTRUCTED_HISTORY,0897c49705a05c04d65f1c02a830bc8446166ee6750153b629f2f4c40766b03b,4a14b3fdf51d13786a2e905526f21d4fe7601226e01da29583be8ff3210a7041,work/market-distribution-v1/artifacts/4a14b3fdf51d13786a2e905526f21d4fe7601226e01da29583be8ff3210a7041.json,-7.5,40.5,False,False,none,False,0.9260794473229707,0.0,850f45aae7a0e29c
2bee3c107ce9621c09e05db3,2026-09-06T21:09:00.848566+00:00,850f45aae7a0e29c9c9d99adb49e34676c652f43a41ae97d88eb7751243eb060,e55c6fe19fce094ce214c8b0e5b504e9,1,2026-09-13T17:00:00Z,Jacksonville Jaguars,Cleveland Browns,spreads,alternate_spreads,,-22.5,Cleveland Browns,22.5,draftkings,-760,1.131578947368421,0.8635836621853564,1.1864720098880044,2026-09-06T21:08:18Z,42.848566,conditional_non_push,0.8763385146804836,consensus_plus_empirical_residual_model,live_snapshot_not_T60,pinnacle,006b3eb90edbe62728f89412,0.8734551316399441,0.8734551316399441,-690.2335455869438,-69.76645441305618,2,OK,-760,draftkings,-760,False,False,7.5,closest_offered_consensus_to_50pct_no_interpolation,0.8763385146804836,-51.340782122904784,0.0,0.8763385146804836,EMPIRICAL_RECONSTRUCTED_HISTORY,0897c49705a05c04d65f1c02a830bc8446166ee6750153b629f2f4c40766b03b,4a14b3fdf51d13786a2e905526f21d4fe7601226e01da29583be8ff3210a7041,work/market-distribution-v1/artifacts/4a14b3fdf51d13786a2e905526f21d4fe7601226e01da29583be8ff3210a7041.json,-7.5,40.5,False,False,none,False,0.9357512953367876,0.0,850f45aae7a0e29c
c584220f2c6a1cc50abdf2c3,2026-09-06T21:09:00.848566+00:00,850f45aae7a0e29c9c9d99adb49e34676c652f43a41ae97d88eb7751243eb060,e55c6fe19fce094ce214c8b0e5b504e9,1,2026-09-13T17:00:00Z,Jacksonville Jaguars,Cleveland Browns,spreads,alternate_spreads,,-22.5,Cleveland Browns,22.5,fanduel,-900,1.1111111111111112,0.8833266010945322,1.1774835129351686,2026-09-06T21:08:25Z,35.848566,conditional_non_push,0.8763385146804836,consensus_plus_empirical_residual_model,live_snapshot_not_T60,pinnacle,006b3eb90edbe62728f89412,0.8734551316399441,0.8734551316399441,-690.2335455869438,-209.76645441305618,2,OK,-760,draftkings,-760,False,False,7.5,closest_offered_consensus_to_50pct_no_interpolation,0.8763385146804836,-191.34078212290478,0.0,0.8763385146804836,EMPIRICAL_RECONSTRUCTED_HISTORY,0897c49705a05c04d65f1c02a830bc8446166ee6750153b629f2f4c40766b03b,4a14b3fdf51d13786a2e905526f21d4fe7601226e01da29583be8ff3210a7041,work/market-distribution-v1/artifacts/4a14b3fdf51d13786a2e905526f21d4fe7601226e01da29583be8ff3210a7041.json,-7.5,40.5,False,False,none,False,0.9357512953367876,0.0,850f45aae7a0e29c
4c2ae405cd811a063eff8a62,2026-09-06T21:09:00.848566+00:00,850f45aae7a0e29c9c9d99adb49e34676c652f43a41ae97d88eb7751243eb060,e55c6fe19fce094ce214c8b0e5b504e9,1,2026-09-13T17:00:00Z,Jacksonville Jaguars,Cleveland Browns,spreads,alternate_spreads,,-23.5,Cleveland Browns,23.5,draftkings,-870,1.1149425287356323,0.8778602041605893,1.197283959069091,2026-09-06T21:08:18Z,42.848566,conditional_non_push,0.8873920552677029,consensus_plus_empirical_residual_model,live_snapshot_not_T60,pinnacle,2bbb412212bb77fa621e98ad,0.8896990787830154,0.8896990787830154,-806.6107417478354,-63.38925825216461,2,OK,-870,draftkings,-870,False,False,7.5,closest_offered_consensus_to_50pct_no_interpolation,0.8873920552677029,-81.96319018404915,0.0,0.8873920552677029,EMPIRICAL_RECONSTRUCTED_HISTORY,0897c49705a05c04d65f1c02a830bc8446166ee6750153b629f2f4c40766b03b,4a14b3fdf51d13786a2e905526f21d4fe7601226e01da29583be8ff3210a7041,work/market-distribution-v1/artifacts/4a14b3fdf51d13786a2e905526f21d4fe7601226e01da29583be8ff3210a7041.json,-7.5,40.5,False,False,none,False,0.9443868739205526,0.0,850f45aae7a0e29c
e736b6846bf71bb81c2e5958,2026-09-06T21:09:00.848566+00:00,850f45aae7a0e29c9c9d99adb49e34676c652f43a41ae97d88eb7751243eb060,e55c6fe19fce094ce214c8b0e5b504e9,1,2026-09-13T17:00:00Z,Jacksonville Jaguars,Cleveland Browns,spreads,alternate_spreads,,-23.5,Cleveland Browns,23.5,fanduel,-1100,1.0909090909090908,0.9015379534054418,1.191259586133878,2026-09-06T21:08:25Z,35.848566,conditional_non_push,0.8873920552677029,consensus_plus_empirical_residual_model,live_snapshot_not_T60,pinnacle,2bbb412212bb77fa621e98ad,0.8896990787830154,0.8896990787830154,-806.6107417478354,-293.3892582521646,2,OK,-870,draftkings,-870,False,False,7.5,closest_offered_consensus_to_50pct_no_interpolation,0.8873920552677029,-311.96319018404915,0.0,0.8873920552677029,EMPIRICAL_RECONSTRUCTED_HISTORY,0897c49705a05c04d65f1c02a830bc8446166ee6750153b629f2f4c40766b03b,4a14b3fdf51d13786a2e905526f21d4fe7601226e01da29583be8ff3210a7041,work/market-distribution-v1/artifacts/4a14b3fdf51d13786a2e905526f21d4fe7601226e01da29583be8ff3210a7041.json,-7.5,40.5,False,False,none,False,0.9443868739205526,0.0,850f45aae7a0e29c
27098c42c2e69cc27fafecd7,2026-09-06T21:09:00.848566+00:00,850f45aae7a0e29c9c9d99adb49e34676c652f43a41ae97d88eb7751243eb060,e55c6fe19fce094ce214c8b0e5b504e9,1,2026-09-13T17:00:00Z,Jacksonville Jaguars,Cleveland Browns,spreads,alternate_spreads,,-24.5,Cleveland Browns,24.5,draftkings,-1140,1.087719298245614,0.9019303920705415,1.227570242101856,2026-09-06T21:08:18Z,42.848566,conditional_non_push,0.8974093264248705,consensus_plus_empirical_residual_model,live_snapshot_not_T60,pinnacle,a51669c05d32adf55133d76b,0.9117623381413589,0.9117623381413589,-1033.3029218317506,-106.69707816824939,2,OK,-1140,draftkings,-1140,False,False,7.5,closest_offered_consensus_to_50pct_no_interpolation,0.8974093264248705,-265.25252525252506,0.0,0.8974093264248705,EMPIRICAL_RECONSTRUCTED_HISTORY,0897c49705a05c04d65f1c02a830bc8446166ee6750153b629f2f4c40766b03b,4a14b3fdf51d13786a2e905526f21d4fe7601226e01da29583be8ff3210a7041,work/market-distribution-v1/artifacts/4a14b3fdf51d13786a2e905526f21d4fe7601226e01da29583be8ff3210a7041.json,-7.5,40.5,False,False,none,False,0.9506044905008636,0.0,850f45aae7a0e29c
60ffda1ffbb9a2dc5d857ec0,2026-09-06T21:09:00.848566+00:00,850f45aae7a0e29c9c9d99adb49e34676c652f43a41ae97d88eb7751243eb060,e55c6fe19fce094ce214c8b0e5b504e9,1,2026-09-13T17:00:00Z,Jacksonville Jaguars,Cleveland Browns,spreads,alternate_spreads,,-24.5,Cleveland Browns,24.5,fanduel,-1450,1.0689655172413792,0.9215942842121764,1.22429911964233,2026-09-06T21:08:25Z,35.848566,conditional_non_push,0.8974093264248705,consensus_plus_empirical_residual_model,live_snapshot_not_T60,pinnacle,a51669c05d32adf55133d76b,0.9117623381413589,0.9117623381413589,-1033.3029218317506,-416.6970781682494,2,OK,-1140,draftkings,-1140,False,False,7.5,closest_offered_consensus_to_50pct_no_interpolation,0.8974093264248705,-575.2525252525251,0.0,0.8974093264248705,EMPIRICAL_RECONSTRUCTED_HISTORY,0897c49705a05c04d65f1c02a830bc8446166ee6750153b629f2f4c40766b03b,4a14b3fdf51d13786a2e905526f21d4fe7601226e01da29583be8ff3210a7041,work/market-distribution-v1/artifacts/4a14b3fdf51d13786a2e905526f21d4fe7601226e01da29583be8ff3210a7041.json,-7.5,40.5,False,False,none,False,0.9506044905008636,0.0,850f45aae7a0e29c
dbb4a457502329d7b18d8a04,2026-09-06T21:09:00.848566+00:00,850f45aae7a0e29c9c9d99adb49e34676c652f43a41ae97d88eb7751243eb060,e55c6fe19fce094ce214c8b0e5b504e9,1,2026-09-13T17:00:00Z,Jacksonville Jaguars,Cleveland Browns,spreads,alternate_spreads,,-25.5,Cleveland Browns,25.5,draftkings,-1380,1.0724637681159421,0.9159734276645655,1.254569675808591,2026-09-06T21:08:18Z,42.848566,conditional_non_push,0.9094991364421416,consensus_plus_empirical_residual_model,live_snapshot_not_T60,pinnacle,5227f37190ca3aac55b1aba4,0.925468971730776,0.925468971730776,-1241.7230691997966,-138.27693080020344,2,OK,-1380,draftkings,-1380,False,False,7.5,closest_offered_consensus_to_50pct_no_interpolation,0.9094991364421416,-375.0381679389311,0.0,0.9094991364421416,EMPIRICAL_RECONSTRUCTED_HISTORY,0897c49705a05c04d65f1c02a830bc8446166ee6750153b629f2f4c40766b03b,4a14b3fdf51d13786a2e905526f21d4fe7601226e01da29583be8ff3210a7041,work/market-distribution-v1/artifacts/4a14b3fdf51d13786a2e905526f21d4fe7601226e01da29583be8ff3210a7041.json,-7.5,40.5,False,False,none,False,0.957167530224525,0.0,850f45aae7a0e29c
faa9cd9cae4f92915cbf4330,2026-09-06T21:09:00.848566+00:00,850f45aae7a0e29c9c9d99adb49e34676c652f43a41ae97d88eb7751243eb060,e55c6fe19fce094ce214c8b0e5b504e9,1,2026-09-13T17:00:00Z,Jacksonville Jaguars,Cleveland Browns,spreads,alternate_spreads,,-25.5,Cleveland Browns,25.5,fanduel,-1800,1.0555555555555556,0.9349645157969867,1.2437610044118093,2026-09-06T21:08:25Z,35.848566,conditional_non_push,0.9094991364421416,consensus_plus_empirical_residual_model,live_snapshot_not_T60,pinnacle,5227f37190ca3aac55b1aba4,0.925468971730776,0.925468971730776,-1241.7230691997966,-558.2769308002034,2,OK,-1380,draftkings,-1380,False,False,7.5,closest_offered_consensus_to_50pct_no_interpolation,0.9094991364421416,-795.0381679389311,0.0,0.9094991364421416,EMPIRICAL_RECONSTRUCTED_HISTORY,0897c49705a05c04d65f1c02a830bc8446166ee6750153b629f2f4c40766b03b,4a14b3fdf51d13786a2e905526f21d4fe7601226e01da29583be8ff3210a7041,work/market-distribution-v1/artifacts/4a14b3fdf51d13786a2e905526f21d4fe7601226e01da29583be8ff3210a7041.json,-7.5,40.5,False,False,none,False,0.957167530224525,0.0,850f45aae7a0e29c
b36cee47a423529079cf4c2d,2026-09-06T21:09:00.848566+00:00,850f45aae7a0e29c9c9d99adb49e34676c652f43a41ae97d88eb7751243eb060,e55c6fe19fce094ce214c8b0e5b504e9,1,2026-09-13T17:00:00Z,Jacksonville Jaguars,Cleveland Browns,spreads,alternate_spreads,,-26.5,Cleveland Browns,26.5,draftkings,-1640,1.0609756097560976,0.9272613460029299,1.275912595187895,2026-09-06T21:08:18Z,42.848566,conditional_non_push,0.9198618307426598,consensus_plus_empirical_residual_model,live_snapshot_not_T60,pinnacle,a422b1df8a81f7c50e187426,0.9387260818321669,0.9387260818321669,-1532.0157579297231,-107.98424207027688,2,OK,-1640,draftkings,-1640,False,False,7.5,closest_offered_consensus_to_50pct_no_interpolation,0.9198618307426598,-492.15517241379234,0.0,0.9198618307426598,EMPIRICAL_RECONSTRUCTED_HISTORY,0897c49705a05c04d65f1c02a830bc8446166ee6750153b629f2f4c40766b03b,4a14b3fdf51d13786a2e905526f21d4fe7601226e01da29583be8ff3210a7041,work/market-distribution-v1/artifacts/4a14b3fdf51d13786a2e905526f21d4fe7601226e01da29583be8ff3210a7041.json,-7.5,40.5,False,False,none,False,0.9620034542314335,0.0,850f45aae7a0e29c
15c80167bc9a43fc7a45378d,2026-09-06T21:09:00.848566+00:00,850f45aae7a0e29c9c9d99adb49e34676c652f43a41ae97d88eb7751243eb060,e55c6fe19fce094ce214c8b0e5b504e9,1,2026-09-13T17:00:00Z,Jacksonville Jaguars,Cleveland Browns,spreads,alternate_spreads,,-26.5,Cleveland Browns,26.5,fanduel,-2500,1.04,0.9501908176614043,1.302690587533839,2026-09-06T21:08:25Z,35.848566,conditional_non_push,0.9198618307426598,consensus_plus_empirical_residual_model,live_snapshot_not_T60,pinnacle,a422b1df8a81f7c50e187426,0.9387260818321669,0.9387260818321669,-1532.0157579297231,-967.9842420702769,2,OK,-1640,draftkings,-1640,False,False,7.5,closest_offered_consensus_to_50pct_no_interpolation,0.9198618307426598,-1352.1551724137923,0.0,0.9198618307426598,EMPIRICAL_RECONSTRUCTED_HISTORY,0897c49705a05c04d65f1c02a830bc8446166ee6750153b629f2f4c40766b03b,4a14b3fdf51d13786a2e905526f21d4fe7601226e01da29583be8ff3210a7041,work/market-distribution-v1/artifacts/4a14b3fdf51d13786a2e905526f21d4fe7601226e01da29583be8ff3210a7041.json,-7.5,40.5,False,False,none,False,0.9620034542314335,0.0,850f45aae7a0e29c
7144c85fba1edecabe3257e9,2026-09-06T21:09:00.848566+00:00,850f45aae7a0e29c9c9d99adb49e34676c652f43a41ae97d88eb7751243eb060,e55c6fe19fce094ce214c8b0e5b504e9,1,2026-09-13T17:00:00Z,Jacksonville Jaguars,Cleveland Browns,spreads,alternate_spreads,,-27.5,Cleveland Browns,27.5,draftkings,-2300,1.0434782608695652,0.9450728232969396,1.3273920250241056,2026-09-06T21:08:18Z,42.848566,conditional_non_push,0.9260794473229707,consensus_plus_empirical_residual_model,live_snapshot_not_T60,pinnacle,3b7e0279d2d72843b142dfb3,0.9539657171706006,0.9539657171706006,-2072.2940785369624,-227.7059214630376,2,OK,-2300,draftkings,-2300,False,False,7.5,closest_offered_consensus_to_50pct_no_interpolation,0.9260794473229707,-1047.1962616822427,0.0,0.9260794473229707,EMPIRICAL_RECONSTRUCTED_HISTORY,0897c49705a05c04d65f1c02a830bc8446166ee6750153b629f2f4c40766b03b,4a14b3fdf51d13786a2e905526f21d4fe7601226e01da29583be8ff3210a7041,work/market-distribution-v1/artifacts/4a14b3fdf51d13786a2e905526f21d4fe7601226e01da29583be8ff3210a7041.json,-7.5,40.5,False,False,none,False,0.9689119170984456,0.0,850f45aae7a0e29c
9d8172f67c26c9ae696540f6,2026-09-06T21:09:00.848566+00:00,850f45aae7a0e29c9c9d99adb49e34676c652f43a41ae97d88eb7751243eb060,e55c6fe19fce094ce214c8b0e5b504e9,1,2026-09-13T17:00:00Z,Jacksonville Jaguars,Cleveland Browns,spreads,alternate_spreads,,-27.5,Cleveland Browns,27.5,fanduel,-3500,1.0285714285714285,0.9628586110442617,1.3435399740514984,2026-09-06T21:08:25Z,35.848566,conditional_non_push,0.9260794473229707,consensus_plus_empirical_residual_model,live_snapshot_not_T60,pinnacle,3b7e0279d2d72843b142dfb3,0.9539657171706006,0.9539657171706006,-2072.2940785369624,-1427.7059214630376,2,OK,-2300,draftkings,-2300,False,False,7.5,closest_offered_consensus_to_50pct_no_interpolation,0.9260794473229707,-2247.196261682243,0.0,0.9260794473229707,EMPIRICAL_RECONSTRUCTED_HISTORY,0897c49705a05c04d65f1c02a830bc8446166ee6750153b629f2f4c40766b03b,4a14b3fdf51d13786a2e905526f21d4fe7601226e01da29583be8ff3210a7041,work/market-distribution-v1/artifacts/4a14b3fdf51d13786a2e905526f21d4fe7601226e01da29583be8ff3210a7041.json,-7.5,40.5,False,False,none,False,0.9689119170984456,0.0,850f45aae7a0e29c
d59952a2ac6d225ab6b13523,2026-09-06T21:09:00.848566+00:00,850f45aae7a0e29c9c9d99adb49e34676c652f43a41ae97d88eb7751243eb060,e55c6fe19fce094ce214c8b0e5b504e9,1,2026-09-13T17:00:00Z,Jacksonville Jaguars,Cleveland Browns,spreads,alternate_spreads,,-28.5,Cleveland Browns,28.5,draftkings,-3200,1.03125,0.9583979943110273,1.3808857309440392,2026-09-06T21:08:18Z,42.848566,conditional_non_push,0.9357512953367876,consensus_plus_empirical_residual_model,live_snapshot_not_T60,pinnacle,7b1e4eb8bba1dce7e6b27733,0.9643551975535123,0.9643551975535123,-2705.4581071146763,-494.5418928853237,2,OK,-3200,draftkings,-3200,False,False,7.5,closest_offered_consensus_to_50pct_no_interpolation,0.9357512953367876,-1743.5483870967737,0.0,0.9357512953367876,EMPIRICAL_RECONSTRUCTED_HISTORY,0897c49705a05c04d65f1c02a830bc8446166ee6750153b629f2f4c40766b03b,4a14b3fdf51d13786a2e905526f21d4fe7601226e01da29583be8ff3210a7041,work/market-distribution-v1/artifacts/4a14b3fdf51d13786a2e905526f21d4fe7601226e01da29583be8ff3210a7041.json,-7.5,40.5,False,False,none,False,0.9734024179620034,0.0,850f45aae7a0e29c
da2742ee81aba66b5ad7acfd,2026-09-06T21:09:00.848566+00:00,850f45aae7a0e29c9c9d99adb49e34676c652f43a41ae97d88eb7751243eb060,e55c6fe19fce094ce214c8b0e5b504e9,1,2026-09-13T17:00:00Z,Jacksonville Jaguars,Cleveland Browns,spreads,alternate_spreads,,-28.5,Cleveland Browns,28.5,fanduel,-4500,1.0222222222222221,0.9703124007959976,1.3711872498976208,2026-09-06T21:08:25Z,35.848566,conditional_non_push,0.9357512953367876,consensus_plus_empirical_residual_model,live_snapshot_not_T60,pinnacle,7b1e4eb8bba1dce7e6b27733,0.9643551975535123,0.9643551975535123,-2705.4581071146763,-1794.5418928853237,2,OK,-3200,draftkings,-3200,False,False,7.5,closest_offered_consensus_to_50pct_no_interpolation,0.9357512953367876,-3043.5483870967737,0.0,0.9357512953367876,EMPIRICAL_RECONSTRUCTED_HISTORY,0897c49705a05c04d65f1c02a830bc8446166ee6750153b629f2f4c40766b03b,4a14b3fdf51d13786a2e905526f21d4fe7601226e01da29583be8ff3210a7041,work/market-distribution-v1/artifacts/4a14b3fdf51d13786a2e905526f21d4fe7601226e01da29583be8ff3210a7041.json,-7.5,40.5,False,False,none,False,0.9734024179620034,0.0,850f45aae7a0e29c
05bcac78d52ade1f4d181ae8,2026-09-06T21:09:00.848566+00:00,850f45aae7a0e29c9c9d99adb49e34676c652f43a41ae97d88eb7751243eb060,e55c6fe19fce094ce214c8b0e5b504e9,1,2026-09-13T17:00:00Z,Jacksonville Jaguars,Cleveland Browns,spreads,alternate_spreads,,-29.5,Cleveland Browns,29.5,draftkings,-4100,1.024390243902439,0.966160189114853,1.4285945675203573,2026-09-06T21:08:18Z,42.848566,conditional_non_push,0.9443868739205526,consensus_plus_empirical_residual_model,live_snapshot_not_T60,pinnacle,cc572a4386f6619e9b14af5b,0.9696828547443445,0.9696828547443445,-3198.463597305403,-901.5364026945972,2,OK,-4100,draftkings,-4100,False,False,7.5,closest_offered_consensus_to_50pct_no_interpolation,0.9443868739205526,-2401.8633540372675,0.0,0.9443868739205526,EMPIRICAL_RECONSTRUCTED_HISTORY,0897c49705a05c04d65f1c02a830bc8446166ee6750153b629f2f4c40766b03b,4a14b3fdf51d13786a2e905526f21d4fe7601226e01da29583be8ff3210a7041,work/market-distribution-v1/artifacts/4a14b3fdf51d13786a2e905526f21d4fe7601226e01da29583be8ff3210a7041.json,-7.5,40.5,False,False,none,False,0.9761658031088083,0.0,850f45aae7a0e29c
14b3ba558057889c28766575,2026-09-06T21:09:00.848566+00:00,850f45aae7a0e29c9c9d99adb49e34676c652f43a41ae97d88eb7751243eb060,e55c6fe19fce094ce214c8b0e5b504e9,1,2026-09-13T17:00:00Z,Jacksonville Jaguars,Cleveland Browns,spreads,alternate_spreads,,-29.5,Cleveland Browns,29.5,fanduel,-5000,1.02,0.9732055203738359,1.371534962944137,2026-09-06T21:08:25Z,35.848566,conditional_non_push,0.9443868739205526,consensus_plus_empirical_residual_model,live_snapshot_not_T60,pinnacle,cc572a4386f6619e9b14af5b,0.9696828547443445,0.9696828547443445,-3198.463597305403,-1801.5364026945972,2,OK,-4100,draftkings,-4100,False,False,7.5,closest_offered_consensus_to_50pct_no_interpolation,0.9443868739205526,-3301.8633540372675,0.0,0.9443868739205526,EMPIRICAL_RECONSTRUCTED_HISTORY,0897c49705a05c04d65f1c02a830bc8446166ee6750153b629f2f4c40766b03b,4a14b3fdf51d13786a2e905526f21d4fe7601226e01da29583be8ff3210a7041,work/market-distribution-v1/artifacts/4a14b3fdf51d13786a2e905526f21d4fe7601226e01da29583be8ff3210a7041.json,-7.5,40.5,False,False,none,False,0.9761658031088083,0.0,850f45aae7a0e29c
e5b61c259284f06e3fb54f5e,2026-09-06T21:09:00.848566+00:00,850f45aae7a0e29c9c9d99adb49e34676c652f43a41ae97d88eb7751243eb060,e55c6fe19fce094ce214c8b0e5b504e9,1,2026-09-13T17:00:00Z,Jacksonville Jaguars,Cleveland Browns,spreads,alternate_spreads,,-3.5,Cleveland Browns,3.5,draftkings,150,2.5,0.36010612077554377,1.1146642386635621,2026-09-06T21:08:18Z,42.848566,conditional_non_push,0.3602763385146805,consensus_plus_empirical_residual_model,live_snapshot_not_T60,pinnacle,1e1ec5cf73b890b680c6e6b0,0.3364226035862882,0.3364226035862882,197.24518785002277,-47.24518785002277,3,OK,180,fanduel,180,False,False,7.5,closest_offered_consensus_to_50pct_no_interpolation,0.3602763385146805,-27.564717162032593,0.0,0.3602763385146805,EMPIRICAL_RECONSTRUCTED_HISTORY,0897c49705a05c04d65f1c02a830bc8446166ee6750153b629f2f4c40766b03b,4a14b3fdf51d13786a2e905526f21d4fe7601226e01da29583be8ff3210a7041,work/market-distribution-v1/artifacts/4a14b3fdf51d13786a2e905526f21d4fe7601226e01da29583be8ff3210a7041.json,-7.5,40.5,False,False,none,False,0.5630397236614854,0.0,850f45aae7a0e29c
b4b1638eb10ad7835c487d54,2026-09-06T21:09:00.848566+00:00,850f45aae7a0e29c9c9d99adb49e34676c652f43a41ae97d88eb7751243eb060,e55c6fe19fce094ce214c8b0e5b504e9,1,2026-09-13T17:00:00Z,Jacksonville Jaguars,Cleveland Browns,spreads,alternate_spreads,,-3.5,Cleveland Browns,3.5,fanduel,180,2.8,0.32263123574792896,1.098702369139712,2026-09-06T21:08:25Z,35.848566,conditional_non_push,0.3602763385146805,consensus_plus_empirical_residual_model,live_snapshot_not_T60,pinnacle,1e1ec5cf73b890b680c6e6b0,0.3364226035862882,0.3364226035862882,197.24518785002277,-17.245187850022774,3,OK,180,fanduel,180,False,False,7.5,closest_offered_consensus_to_50pct_no_interpolation,0.3602763385146805,2.4352828379674065,0.0,0.3602763385146805,EMPIRICAL_RECONSTRUCTED_HISTORY,0897c49705a05c04d65f1c02a830bc8446166ee6750153b629f2f4c40766b03b,4a14b3fdf51d13786a2e905526f21d4fe7601226e01da29583be8ff3210a7041,work/market-distribution-v1/artifacts/4a14b3fdf51d13786a2e905526f21d4fe7601226e01da29583be8ff3210a7041.json,-7.5,40.5,False,False,none,False,0.5630397236614854,0.0,850f45aae7a0e29c
3e4553b13f71398977d66892,2026-09-06T21:09:00.848566+00:00,850f45aae7a0e29c9c9d99adb49e34676c652f43a41ae97d88eb7751243eb060,e55c6fe19fce094ce214c8b0e5b504e9,1,2026-09-13T17:00:00Z,Jacksonville Jaguars,Cleveland Browns,spreads,alternate_spreads,,-3.5,Cleveland Browns,3.5,pinnacle,178,2.7800000000000002,0.3364226035862883,1.0654664503082425,2026-09-06T21:08:57Z,3.848566,conditional_non_push,0.3602763385146805,consensus_plus_empirical_residual_model,live_snapshot_not_T60,pinnacle,1e1ec5cf73b890b680c6e6b0,0.3364226035862882,0.3364226035862882,197.24518785002277,-19.245187850022774,3,OK,180,fanduel,180,False,False,7.5,closest_offered_consensus_to_50pct_no_interpolation,0.3602763385146805,0.4352828379674065,0.0,0.3602763385146805,EMPIRICAL_RECONSTRUCTED_HISTORY,0897c49705a05c04d65f1c02a830bc8446166ee6750153b629f2f4c40766b03b,4a14b3fdf51d13786a2e905526f21d4fe7601226e01da29583be8ff3210a7041,work/market-distribution-v1/artifacts/4a14b3fdf51d13786a2e905526f21d4fe7601226e01da29583be8ff3210a7041.json,-7.5,40.5,False,False,none,False,0.5630397236614854,0.0,850f45aae7a0e29c
04da2d9c3b99996a1f92ef7b,2026-09-06T21:09:00.848566+00:00,850f45aae7a0e29c9c9d99adb49e34676c652f43a41ae97d88eb7751243eb060,e55c6fe19fce094ce214c8b0e5b504e9,1,2026-09-13T17:00:00Z,Jacksonville Jaguars,Cleveland Browns,spreads,alternate_spreads,,3.5,Jacksonville Jaguars,3.5,draftkings,-650,1.1538461538461537,0.8455536457486799,1.172345737722829,2026-09-06T21:08:18Z,42.848566,conditional_non_push,0.829706390328152,consensus_plus_empirical_residual_model,live_snapshot_not_T60,pinnacle,61a68a3f5e9a41002a7438e4,0.8585446174103415,0.8585446174103415,-606.9366903491078,-43.063309650892165,2,OK,-650,draftkings,-650,False,False,-7.5,closest_offered_consensus_to_50pct_no_interpolation,0.829706390328152,-162.77890466531443,0.0,0.829706390328152,EMPIRICAL_RECONSTRUCTED_HISTORY,0897c49705a05c04d65f1c02a830bc8446166ee6750153b629f2f4c40766b03b,4a14b3fdf51d13786a2e905526f21d4fe7601226e01da29583be8ff3210a7041,work/market-distribution-v1/artifacts/4a14b3fdf51d13786a2e905526f21d4fe7601226e01da29583be8ff3210a7041.json,-7.5,40.5,False,False,none,False,0.9174438687392056,0.0,850f45aae7a0e29c
7e9e9042547cfff9058aae28,2026-09-06T21:09:00.848566+00:00,850f45aae7a0e29c9c9d99adb49e34676c652f43a41ae97d88eb7751243eb060,e55c6fe19fce094ce214c8b0e5b504e9,1,2026-09-13T17:00:00Z,Jacksonville Jaguars,Cleveland Browns,spreads,alternate_spreads,,3.5,Jacksonville Jaguars,3.5,fanduel,-800,1.125,0.8715355890720035,1.167388644028101,2026-09-06T21:08:25Z,35.848566,conditional_non_push,0.829706390328152,consensus_plus_empirical_residual_model,live_snapshot_not_T60,pinnacle,61a68a3f5e9a41002a7438e4,0.8585446174103415,0.8585446174103415,-606.9366903491078,-193.06330965089217,2,OK,-650,draftkings,-650,False,False,-7.5,closest_offered_consensus_to_50pct_no_interpolation,0.829706390328152,-312.7789046653144,0.0,0.829706390328152,EMPIRICAL_RECONSTRUCTED_HISTORY,0897c49705a05c04d65f1c02a830bc8446166ee6750153b629f2f4c40766b03b,4a14b3fdf51d13786a2e905526f21d4fe7601226e01da29583be8ff3210a7041,work/market-distribution-v1/artifacts/4a14b3fdf51d13786a2e905526f21d4fe7601226e01da29583be8ff3210a7041.json,-7.5,40.5,False,False,none,False,0.9174438687392056,0.0,850f45aae7a0e29c
3f02a517432a36bc677b1728,2026-09-06T21:09:00.848566+00:00,850f45aae7a0e29c9c9d99adb49e34676c652f43a41ae97d88eb7751243eb060,e55c6fe19fce094ce214c8b0e5b504e9,1,2026-09-13T17:00:00Z,Jacksonville Jaguars,Cleveland Browns,spreads,alternate_spreads,,-30.5,Cleveland Browns,30.5,draftkings,-6000,1.0166666666666666,0.9753395515494784,1.5106270480307682,2026-09-06T21:08:18Z,42.848566,conditional_non_push,0.9506044905008636,consensus_plus_empirical_residual_model,live_snapshot_not_T60,pinnacle,2fd011c8c4201f9639fc53bf,0.9762642126968658,0.9762642126968658,-4113.047527047712,-1886.9524729522882,2,OK,-6000,draftkings|fanduel,-6000,False,False,7.5,closest_offered_consensus_to_50pct_no_interpolation,0.9506044905008636,-4075.524475524474,0.0,0.9506044905008636,EMPIRICAL_RECONSTRUCTED_HISTORY,0897c49705a05c04d65f1c02a830bc8446166ee6750153b629f2f4c40766b03b,4a14b3fdf51d13786a2e905526f21d4fe7601226e01da29583be8ff3210a7041,work/market-distribution-v1/artifacts/4a14b3fdf51d13786a2e905526f21d4fe7601226e01da29583be8ff3210a7041.json,-7.5,40.5,False,False,none,False,0.9806563039723661,0.0,850f45aae7a0e29c
9eadeb2389cea06646554580,2026-09-06T21:09:00.848566+00:00,850f45aae7a0e29c9c9d99adb49e34676c652f43a41ae97d88eb7751243eb060,e55c6fe19fce094ce214c8b0e5b504e9,1,2026-09-13T17:00:00Z,Jacksonville Jaguars,Cleveland Browns,spreads,alternate_spreads,,-30.5,Cleveland Browns,30.5,fanduel,-6000,1.0166666666666666,0.9771888738442537,1.3960254027875676,2026-09-06T21:08:25Z,35.848566,conditional_non_push,0.9506044905008636,consensus_plus_empirical_residual_model,live_snapshot_not_T60,pinnacle,2fd011c8c4201f9639fc53bf,0.9762642126968658,0.9762642126968658,-4113.047527047712,-1886.9524729522882,2,OK,-6000,draftkings|fanduel,-6000,False,False,7.5,closest_offered_consensus_to_50pct_no_interpolation,0.9506044905008636,-4075.524475524474,0.0,0.9506044905008636,EMPIRICAL_RECONSTRUCTED_HISTORY,0897c49705a05c04d65f1c02a830bc8446166ee6750153b629f2f4c40766b03b,4a14b3fdf51d13786a2e905526f21d4fe7601226e01da29583be8ff3210a7041,work/market-distribution-v1/artifacts/4a14b3fdf51d13786a2e905526f21d4fe7601226e01da29583be8ff3210a7041.json,-7.5,40.5,False,False,none,False,0.9806563039723661,0.0,850f45aae7a0e29c
7ffdf306046453fd1c1cb189,2026-09-06T21:09:00.848566+00:00,850f45aae7a0e29c9c9d99adb49e34676c652f43a41ae97d88eb7751243eb060,e55c6fe19fce094ce214c8b0e5b504e9,1,2026-09-13T17:00:00Z,Jacksonville Jaguars,Cleveland Browns,spreads,alternate_spreads,,-31.5,Cleveland Browns,31.5,draftkings,-10000,1.01,0.9840695929614115,1.6138820018586726,2026-09-06T21:08:18Z,42.848566,conditional_non_push,0.957167530224525,consensus_plus_empirical_residual_model,live_snapshot_not_T60,pinnacle,477f4df4e4d17f40a1c8c4e6,0.9847974251463657,0.9847974251463657,-6477.83309490459,-3522.1669050954097,2,OK,-10000,draftkings|fanduel,-10000,False,False,7.5,closest_offered_consensus_to_50pct_no_interpolation,0.957167530224525,-7765.322580645161,0.0,0.957167530224525,EMPIRICAL_RECONSTRUCTED_HISTORY,0897c49705a05c04d65f1c02a830bc8446166ee6750153b629f2f4c40766b03b,4a14b3fdf51d13786a2e905526f21d4fe7601226e01da29583be8ff3210a7041,work/market-distribution-v1/artifacts/4a14b3fdf51d13786a2e905526f21d4fe7601226e01da29583be8ff3210a7041.json,-7.5,40.5,False,False,none,False,0.9841105354058722,0.0,850f45aae7a0e29c
5a40d7a9aaf32f84c616e29d,2026-09-06T21:09:00.848566+00:00,850f45aae7a0e29c9c9d99adb49e34676c652f43a41ae97d88eb7751243eb060,e55c6fe19fce094ce214c8b0e5b504e9,1,2026-09-13T17:00:00Z,Jacksonville Jaguars,Cleveland Browns,spreads,alternate_spreads,,-31.5,Cleveland Browns,31.5,fanduel,-10000,1.01,0.9855252573313199,1.4653305484836974,2026-09-06T21:08:25Z,35.848566,conditional_non_push,0.957167530224525,consensus_plus_empirical_residual_model,live_snapshot_not_T60,pinnacle,477f4df4e4d17f40a1c8c4e6,0.9847974251463657,0.9847974251463657,-6477.83309490459,-3522.1669050954097,2,OK,-10000,draftkings|fanduel,-10000,False,False,7.5,closest_offered_consensus_to_50pct_no_interpolation,0.957167530224525,-7765.322580645161,0.0,0.957167530224525,EMPIRICAL_RECONSTRUCTED_HISTORY,0897c49705a05c04d65f1c02a830bc8446166ee6750153b629f2f4c40766b03b,4a14b3fdf51d13786a2e905526f21d4fe7601226e01da29583be8ff3210a7041,work/market-distribution-v1/artifacts/4a14b3fdf51d13786a2e905526f21d4fe7601226e01da29583be8ff3210a7041.json,-7.5,40.5,False,False,none,False,0.9841105354058722,0.0,850f45aae7a0e29c
fbfa72e7764755e887e5e974,2026-09-06T21:09:00.848566+00:00,850f45aae7a0e29c9c9d99adb49e34676c652f43a41ae97d88eb7751243eb060,e55c6fe19fce094ce214c8b0e5b504e9,1,2026-09-13T17:00:00Z,Jacksonville Jaguars,Cleveland Browns,spreads,alternate_spreads,,-32.5,Cleveland Browns,32.5,draftkings,-10000,1.01,0.9843604536571825,1.584181927925815,2026-09-06T21:08:18Z,42.848566,conditional_non_push,0.9620034542314335,consensus_plus_empirical_residual_model,live_snapshot_not_T60,pinnacle,17ca564138bd83056ffc89c7,0.9849428554942512,0.9849428554942512,-6541.365496746088,-3458.634503253912,2,OK,-10000,draftkings|fanduel,-10000,False,False,7.5,closest_offered_consensus_to_50pct_no_interpolation,0.9620034542314335,-7468.181818181818,0.0,0.9620034542314335,EMPIRICAL_RECONSTRUCTED_HISTORY,0897c49705a05c04d65f1c02a830bc8446166ee6750153b629f2f4c40766b03b,4a14b3fdf51d13786a2e905526f21d4fe7601226e01da29583be8ff3210a7041,work/market-distribution-v1/artifacts/4a14b3fdf51d13786a2e905526f21d4fe7601226e01da29583be8ff3210a7041.json,-7.5,40.5,False,False,none,False,0.9861830742659758,0.0,850f45aae7a0e29c
e9b49b7ac297283e47cf2c23,2026-09-06T21:09:00.848566+00:00,850f45aae7a0e29c9c9d99adb49e34676c652f43a41ae97d88eb7751243eb060,e55c6fe19fce094ce214c8b0e5b504e9,1,2026-09-13T17:00:00Z,Jacksonville Jaguars,Cleveland Browns,spreads,alternate_spreads,,-32.5,Cleveland Browns,32.5,fanduel,-10000,1.01,0.9855252573313199,1.4653305484836974,2026-09-06T21:08:25Z,35.848566,conditional_non_push,0.9620034542314335,consensus_plus_empirical_residual_model,live_snapshot_not_T60,pinnacle,17ca564138bd83056ffc89c7,0.9849428554942512,0.9849428554942512,-6541.365496746088,-3458.634503253912,2,OK,-10000,draftkings|fanduel,-10000,False,False,7.5,closest_offered_consensus_to_50pct_no_interpolation,0.9620034542314335,-7468.181818181818,0.0,0.9620034542314335,EMPIRICAL_RECONSTRUCTED_HISTORY,0897c49705a05c04d65f1c02a830bc8446166ee6750153b629f2f4c40766b03b,4a14b3fdf51d13786a2e905526f21d4fe7601226e01da29583be8ff3210a7041,work/market-distribution-v1/artifacts/4a14b3fdf51d13786a2e905526f21d4fe7601226e01da29583be8ff3210a7041.json,-7.5,40.5,False,False,none,False,0.9861830742659758,0.0,850f45aae7a0e29c
533f0fa39f24bf0215a684ae,2026-09-06T21:09:00.848566+00:00,850f45aae7a0e29c9c9d99adb49e34676c652f43a41ae97d88eb7751243eb060,e55c6fe19fce094ce214c8b0e5b504e9,1,2026-09-13T17:00:00Z,Jacksonville Jaguars,Cleveland Browns,spreads,alternate_spreads,,-33.5,Cleveland Browns,33.5,fanduel,-20000,1.005,0.9921008330861376,1.5900680904921125,2026-09-06T21:08:25Z,35.848566,conditional_non_push,0.9689119170984456,consensus_plus_empirical_residual_model,live_snapshot_not_T60,pinnacle,a5964c28acb656796ba26c9f,0.9921008330861374,0.9921008330861374,-12559.562848900612,-7440.437151099388,1,FEWER_THAN_TWO_BOOKS,-20000,fanduel,-20000,False,False,7.5,closest_offered_consensus_to_50pct_no_interpolation,0.9689119170984456,-16883.333333333332,0.0,0.9689119170984456,EMPIRICAL_RECONSTRUCTED_HISTORY,0897c49705a05c04d65f1c02a830bc8446166ee6750153b629f2f4c40766b03b,4a14b3fdf51d13786a2e905526f21d4fe7601226e01da29583be8ff3210a7041,work/market-distribution-v1/artifacts/4a14b3fdf51d13786a2e905526f21d4fe7601226e01da29583be8ff3210a7041.json,-7.5,40.5,False,False,none,False,0.9879101899827288,0.0,850f45aae7a0e29c
b073ddff7a37a279d5ef1c16,2026-09-06T21:09:00.848566+00:00,850f45aae7a0e29c9c9d99adb49e34676c652f43a41ae97d88eb7751243eb060,e55c6fe19fce094ce214c8b0e5b504e9,1,2026-09-13T17:00:00Z,Jacksonville Jaguars,Cleveland Browns,spreads,alternate_spreads,,-4.5,Cleveland Browns,4.5,draftkings,133,2.33,0.3899210823409912,1.1134250443080669,2026-09-06T21:08:18Z,42.848566,conditional_non_push,0.3944732297063903,consensus_plus_empirical_residual_model,live_snapshot_not_T60,pinnacle,e697966eb0b85e208c00ec5a,0.37165922443095323,0.37165922443095323,169.0636836825719,-36.063683682571906,2,OK,158,fanduel,158,False,False,7.5,closest_offered_consensus_to_50pct_no_interpolation,0.3944732297063903,-20.50262697022768,0.0,0.3944732297063903,EMPIRICAL_RECONSTRUCTED_HISTORY,0897c49705a05c04d65f1c02a830bc8446166ee6750153b629f2f4c40766b03b,4a14b3fdf51d13786a2e905526f21d4fe7601226e01da29583be8ff3210a7041,work/market-distribution-v1/artifacts/4a14b3fdf51d13786a2e905526f21d4fe7601226e01da29583be8ff3210a7041.json,-7.5,40.5,False,False,none,False,0.5930915371329879,0.0,850f45aae7a0e29c
ad2e144632017cbd865bff58,2026-09-06T21:09:00.848566+00:00,850f45aae7a0e29c9c9d99adb49e34676c652f43a41ae97d88eb7751243eb060,e55c6fe19fce094ce214c8b0e5b504e9,1,2026-09-13T17:00:00Z,Jacksonville Jaguars,Cleveland Browns,spreads,alternate_spreads,,-4.5,Cleveland Browns,4.5,fanduel,158,2.58,0.35339736652091536,1.097461284259357,2026-09-06T21:08:25Z,35.848566,conditional_non_push,0.3944732297063903,consensus_plus_empirical_residual_model,live_snapshot_not_T60,pinnacle,e697966eb0b85e208c00ec5a,0.37165922443095323,0.37165922443095323,169.0636836825719,-11.063683682571906,2,OK,158,fanduel,158,False,False,7.5,closest_offered_consensus_to_50pct_no_interpolation,0.3944732297063903,4.497373029772319,0.0,0.3944732297063903,EMPIRICAL_RECONSTRUCTED_HISTORY,0897c49705a05c04d65f1c02a830bc8446166ee6750153b629f2f4c40766b03b,4a14b3fdf51d13786a2e905526f21d4fe7601226e01da29583be8ff3210a7041,work/market-distribution-v1/artifacts/4a14b3fdf51d13786a2e905526f21d4fe7601226e01da29583be8ff3210a7041.json,-7.5,40.5,False,False,none,False,0.5930915371329879,0.0,850f45aae7a0e29c
1c46067ef32d4be99c810b70,2026-09-06T21:09:00.848566+00:00,850f45aae7a0e29c9c9d99adb49e34676c652f43a41ae97d88eb7751243eb060,e55c6fe19fce094ce214c8b0e5b504e9,1,2026-09-13T17:00:00Z,Jacksonville Jaguars,Cleveland Browns,spreads,alternate_spreads,,4.5,Jacksonville Jaguars,4.5,draftkings,-770,1.12987012987013,0.8649278428961508,1.1884192401054432,2026-09-06T21:08:18Z,42.848566,conditional_non_push,0.8483592400690846,consensus_plus_empirical_residual_model,live_snapshot_not_T60,pinnacle,773976a0f2870097f7a69137,0.8790547817104296,0.8790547817104296,-726.8206169224254,-43.179383077574585,2,OK,-770,draftkings,-770,False,False,-7.5,closest_offered_consensus_to_50pct_no_interpolation,0.8483592400690846,-210.54669703872457,0.0,0.8483592400690846,EMPIRICAL_RECONSTRUCTED_HISTORY,0897c49705a05c04d65f1c02a830bc8446166ee6750153b629f2f4c40766b03b,4a14b3fdf51d13786a2e905526f21d4fe7601226e01da29583be8ff3210a7041,work/market-distribution-v1/artifacts/4a14b3fdf51d13786a2e905526f21d4fe7601226e01da29583be8ff3210a7041.json,-7.5,40.5,False,False,none,False,0.9288428324697755,0.0,850f45aae7a0e29c
7b47e9c4eab0c03f997a3889,2026-09-06T21:09:00.848566+00:00,850f45aae7a0e29c9c9d99adb49e34676c652f43a41ae97d88eb7751243eb060,e55c6fe19fce094ce214c8b0e5b504e9,1,2026-09-13T17:00:00Z,Jacksonville Jaguars,Cleveland Browns,spreads,alternate_spreads,,4.5,Jacksonville Jaguars,4.5,fanduel,-1000,1.1,0.8931817205247089,1.1852377638063105,2026-09-06T21:08:25Z,35.848566,conditional_non_push,0.8483592400690846,consensus_plus_empirical_residual_model,live_snapshot_not_T60,pinnacle,773976a0f2870097f7a69137,0.8790547817104296,0.8790547817104296,-726.8206169224254,-273.1793830775746,2,OK,-770,draftkings,-770,False,False,-7.5,closest_offered_consensus_to_50pct_no_interpolation,0.8483592400690846,-440.5466970387246,0.0,0.8483592400690846,EMPIRICAL_RECONSTRUCTED_HISTORY,0897c49705a05c04d65f1c02a830bc8446166ee6750153b629f2f4c40766b03b,4a14b3fdf51d13786a2e905526f21d4fe7601226e01da29583be8ff3210a7041,work/market-distribution-v1/artifacts/4a14b3fdf51d13786a2e905526f21d4fe7601226e01da29583be8ff3210a7041.json,-7.5,40.5,False,False,none,False,0.9288428324697755,0.0,850f45aae7a0e29c
40c67c4692647fd02907cb71,2026-09-06T21:09:00.848566+00:00,850f45aae7a0e29c9c9d99adb49e34676c652f43a41ae97d88eb7751243eb060,e55c6fe19fce094ce214c8b0e5b504e9,1,2026-09-13T17:00:00Z,Jacksonville Jaguars,Cleveland Browns,spreads,alternate_spreads,,-5.5,Cleveland Browns,5.5,draftkings,123,2.23,0.4105206079290888,1.1101339018002254,2026-09-06T21:08:18Z,42.848566,conditional_non_push,0.4221070811744387,consensus_plus_empirical_residual_model,live_snapshot_not_T60,pinnacle,3e460119d60e55e01a8bf89f,0.3970098888318472,0.3970098888318472,151.8828946408305,-28.8828946408305,2,OK,140,fanduel,140,False,False,7.5,closest_offered_consensus_to_50pct_no_interpolation,0.4221070811744387,-13.906710310965622,0.0,0.4221070811744387,EMPIRICAL_RECONSTRUCTED_HISTORY,0897c49705a05c04d65f1c02a830bc8446166ee6750153b629f2f4c40766b03b,4a14b3fdf51d13786a2e905526f21d4fe7601226e01da29583be8ff3210a7041,work/market-distribution-v1/artifacts/4a14b3fdf51d13786a2e905526f21d4fe7601226e01da29583be8ff3210a7041.json,-7.5,40.5,False,False,none,False,0.6259067357512953,0.0,850f45aae7a0e29c
784aed9dc37d3101a134c89b,2026-09-06T21:09:00.848566+00:00,850f45aae7a0e29c9c9d99adb49e34676c652f43a41ae97d88eb7751243eb060,e55c6fe19fce094ce214c8b0e5b504e9,1,2026-09-13T17:00:00Z,Jacksonville Jaguars,Cleveland Browns,spreads,alternate_spreads,,-5.5,Cleveland Browns,5.5,fanduel,140,2.4,0.3834991697346058,1.09474819859635,2026-09-06T21:08:25Z,35.848566,conditional_non_push,0.4221070811744387,consensus_plus_empirical_residual_model,live_snapshot_not_T60,pinnacle,3e460119d60e55e01a8bf89f,0.3970098888318472,0.3970098888318472,151.8828946408305,-11.8828946408305,2,OK,140,fanduel,140,False,False,7.5,closest_offered_consensus_to_50pct_no_interpolation,0.4221070811744387,3.0932896890343784,0.0,0.4221070811744387,EMPIRICAL_RECONSTRUCTED_HISTORY,0897c49705a05c04d65f1c02a830bc8446166ee6750153b629f2f4c40766b03b,4a14b3fdf51d13786a2e905526f21d4fe7601226e01da29583be8ff3210a7041,work/market-distribution-v1/artifacts/4a14b3fdf51d13786a2e905526f21d4fe7601226e01da29583be8ff3210a7041.json,-7.5,40.5,False,False,none,False,0.6259067357512953,0.0,850f45aae7a0e29c
6db180b56f6eaa3d782099af,2026-09-06T21:09:00.848566+00:00,850f45aae7a0e29c9c9d99adb49e34676c652f43a41ae97d88eb7751243eb060,e55c6fe19fce094ce214c8b0e5b504e9,1,2026-09-13T17:00:00Z,Jacksonville Jaguars,Cleveland Browns,spreads,alternate_spreads,,5.5,Jacksonville Jaguars,5.5,draftkings,-880,1.1136363636363635,0.8788691134590703,1.1996515794799247,2026-09-06T21:08:18Z,42.848566,conditional_non_push,0.8666666666666667,consensus_plus_empirical_residual_model,live_snapshot_not_T60,pinnacle,6f3c6427c5d7f92287a7edc4,0.890203533432256,0.890203533432256,-810.7761217279281,-69.22387827207194,2,OK,-880,draftkings,-880,False,False,-7.5,closest_offered_consensus_to_50pct_no_interpolation,0.8666666666666667,-229.99999999999977,0.0,0.8666666666666667,EMPIRICAL_RECONSTRUCTED_HISTORY,0897c49705a05c04d65f1c02a830bc8446166ee6750153b629f2f4c40766b03b,4a14b3fdf51d13786a2e905526f21d4fe7601226e01da29583be8ff3210a7041,work/market-distribution-v1/artifacts/4a14b3fdf51d13786a2e905526f21d4fe7601226e01da29583be8ff3210a7041.json,-7.5,40.5,False,False,none,False,0.9374784110535406,0.0,850f45aae7a0e29c
84f44827cd783bd77f5d35e8,2026-09-06T21:09:00.848566+00:00,850f45aae7a0e29c9c9d99adb49e34676c652f43a41ae97d88eb7751243eb060,e55c6fe19fce094ce214c8b0e5b504e9,1,2026-09-13T17:00:00Z,Jacksonville Jaguars,Cleveland Browns,spreads,alternate_spreads,,5.5,Jacksonville Jaguars,5.5,fanduel,-1100,1.0909090909090908,0.9015379534054418,1.191259586133878,2026-09-06T21:08:25Z,35.848566,conditional_non_push,0.8666666666666667,consensus_plus_empirical_residual_model,live_snapshot_not_T60,pinnacle,6f3c6427c5d7f92287a7edc4,0.890203533432256,0.890203533432256,-810.7761217279281,-289.22387827207194,2,OK,-880,draftkings,-880,False,False,-7.5,closest_offered_consensus_to_50pct_no_interpolation,0.8666666666666667,-449.9999999999998,0.0,0.8666666666666667,EMPIRICAL_RECONSTRUCTED_HISTORY,0897c49705a05c04d65f1c02a830bc8446166ee6750153b629f2f4c40766b03b,4a14b3fdf51d13786a2e905526f21d4fe7601226e01da29583be8ff3210a7041,work/market-distribution-v1/artifacts/4a14b3fdf51d13786a2e905526f21d4fe7601226e01da29583be8ff3210a7041.json,-7.5,40.5,False,False,none,False,0.9374784110535406,0.0,850f45aae7a0e29c
e7dd3c2c1ac9cc5aacc91df5,2026-09-06T21:09:00.848566+00:00,850f45aae7a0e29c9c9d99adb49e34676c652f43a41ae97d88eb7751243eb060,e55c6fe19fce094ce214c8b0e5b504e9,1,2026-09-13T17:00:00Z,Jacksonville Jaguars,Cleveland Browns,spreads,alternate_spreads,,-6.0,Cleveland Browns,6.0,pinnacle,141,2.41,0.393464508591369,1.0604093293180048,2026-09-06T21:08:57Z,3.848566,conditional_non_push,0.4376790830945559,consensus_plus_empirical_residual_model,live_snapshot_not_T60,pinnacle,5fc0fe4d05ebd364d8780cde,0.3934645085913689,0.3934645085913689,154.1525291773003,-13.152529177300295,1,FEWER_THAN_TWO_BOOKS,141,pinnacle,,False,False,7.5,closest_offered_consensus_to_50pct_no_interpolation,0.4376790830945559,12.522094926350235,0.03557858376511226,0.4221070811744387,EMPIRICAL_RECONSTRUCTED_HISTORY,0897c49705a05c04d65f1c02a830bc8446166ee6750153b629f2f4c40766b03b,4a14b3fdf51d13786a2e905526f21d4fe7601226e01da29583be8ff3210a7041,work/market-distribution-v1/artifacts/4a14b3fdf51d13786a2e905526f21d4fe7601226e01da29583be8ff3210a7041.json,-7.5,40.5,False,False,none,False,0.6259067357512953,0.03281519861830743,850f45aae7a0e29c
bdc29686deb400dbea4f0dc9,2026-09-06T21:09:00.848566+00:00,850f45aae7a0e29c9c9d99adb49e34676c652f43a41ae97d88eb7751243eb060,e55c6fe19fce094ce214c8b0e5b504e9,1,2026-09-13T17:00:00Z,Jacksonville Jaguars,Cleveland Browns,spreads,alternate_spreads,,-6.5,Cleveland Browns,6.5,draftkings,108,2.08,0.4433154794603006,1.1107445125905158,2026-09-06T21:08:18Z,42.848566,conditional_non_push,0.45768566493955093,consensus_plus_empirical_residual_model,live_snapshot_not_T60,pinnacle,17472c9078f5d1c82fb1f933,0.4217986568998087,0.4217986568998087,137.0799393601515,-29.079939360151513,3,OK,132,pinnacle,120,False,False,7.5,closest_offered_consensus_to_50pct_no_interpolation,0.45768566493955093,-10.490566037735874,0.0,0.45768566493955093,EMPIRICAL_RECONSTRUCTED_HISTORY,0897c49705a05c04d65f1c02a830bc8446166ee6750153b629f2f4c40766b03b,4a14b3fdf51d13786a2e905526f21d4fe7601226e01da29583be8ff3210a7041,work/market-distribution-v1/artifacts/4a14b3fdf51d13786a2e905526f21d4fe7601226e01da29583be8ff3210a7041.json,-7.5,40.5,False,False,none,False,0.6587219343696028,0.0,850f45aae7a0e29c
becab43f13582b6b3fe1024e,2026-09-06T21:09:00.848566+00:00,850f45aae7a0e29c9c9d99adb49e34676c652f43a41ae97d88eb7751243eb060,e55c6fe19fce094ce214c8b0e5b504e9,1,2026-09-13T17:00:00Z,Jacksonville Jaguars,Cleveland Browns,spreads,alternate_spreads,,-6.5,Cleveland Browns,6.5,fanduel,120,2.2,0.42179865689980883,1.094830536878618,2026-09-06T21:08:25Z,35.848566,conditional_non_push,0.45768566493955093,consensus_plus_empirical_residual_model,live_snapshot_not_T60,pinnacle,17472c9078f5d1c82fb1f933,0.4217986568998087,0.4217986568998087,137.0799393601515,-17.079939360151513,3,OK,132,pinnacle,120,False,False,7.5,closest_offered_consensus_to_50pct_no_interpolation,0.45768566493955093,1.5094339622641257,0.0,0.45768566493955093,EMPIRICAL_RECONSTRUCTED_HISTORY,0897c49705a05c04d65f1c02a830bc8446166ee6750153b629f2f4c40766b03b,4a14b3fdf51d13786a2e905526f21d4fe7601226e01da29583be8ff3210a7041,work/market-distribution-v1/artifacts/4a14b3fdf51d13786a2e905526f21d4fe7601226e01da29583be8ff3210a7041.json,-7.5,40.5,False,False,none,False,0.6587219343696028,0.0,850f45aae7a0e29c
71debab4f9d6b23ded2ed1e1,2026-09-06T21:09:00.848566+00:00,850f45aae7a0e29c9c9d99adb49e34676c652f43a41ae97d88eb7751243eb060,e55c6fe19fce094ce214c8b0e5b504e9,1,2026-09-13T17:00:00Z,Jacksonville Jaguars,Cleveland Browns,spreads,alternate_spreads,,-6.5,Cleveland Browns,6.5,pinnacle,132,2.3200000000000003,0.4116558162756327,1.0546605087096168,2026-09-06T21:08:57Z,3.848566,conditional_non_push,0.45768566493955093,consensus_plus_empirical_residual_model,live_snapshot_not_T60,pinnacle,17472c9078f5d1c82fb1f933,0.4217986568998087,0.4217986568998087,137.0799393601515,-5.0799393601515135,3,OK,132,pinnacle,120,False,False,7.5,closest_offered_consensus_to_50pct_no_interpolation,0.45768566493955093,13.509433962264126,0.0,0.45768566493955093,EMPIRICAL_RECONSTRUCTED_HISTORY,0897c49705a05c04d65f1c02a830bc8446166ee6750153b629f2f4c40766b03b,4a14b3fdf51d13786a2e905526f21d4fe7601226e01da29583be8ff3210a7041,work/market-distribution-v1/artifacts/4a14b3fdf51d13786a2e905526f21d4fe7601226e01da29583be8ff3210a7041.json,-7.5,40.5,False,False,none,False,0.6587219343696028,0.0,850f45aae7a0e29c
205f885ae42428b2159f5e7c,2026-09-06T21:09:00.848566+00:00,850f45aae7a0e29c9c9d99adb49e34676c652f43a41ae97d88eb7751243eb060,e55c6fe19fce094ce214c8b0e5b504e9,1,2026-09-13T17:00:00Z,Jacksonville Jaguars,Cleveland Browns,spreads,alternate_spreads,,6.5,Jacksonville Jaguars,6.5,draftkings,-1080,1.0925925925925926,0.8973988518114261,1.2224812164457801,2026-09-06T21:08:18Z,42.848566,conditional_non_push,0.8829015544041451,consensus_plus_empirical_residual_model,live_snapshot_not_T60,pinnacle,46265ffaf5bab9a849419a63,0.9127636661714313,0.9127636661714313,-1046.3113545843605,-33.688645415639485,2,OK,-1080,draftkings,-1080,False,False,-7.5,closest_offered_consensus_to_50pct_no_interpolation,0.8829015544041451,-326.01769911504425,0.0,0.8829015544041451,EMPIRICAL_RECONSTRUCTED_HISTORY,0897c49705a05c04d65f1c02a830bc8446166ee6750153b629f2f4c40766b03b,4a14b3fdf51d13786a2e905526f21d4fe7601226e01da29583be8ff3210a7041,work/market-distribution-v1/artifacts/4a14b3fdf51d13786a2e905526f21d4fe7601226e01da29583be8ff3210a7041.json,-7.5,40.5,False,False,none,False,0.94853195164076,0.0,850f45aae7a0e29c
335b93c01d0ccdcaff054e2e,2026-09-06T21:09:00.848566+00:00,850f45aae7a0e29c9c9d99adb49e34676c652f43a41ae97d88eb7751243eb060,e55c6fe19fce094ce214c8b0e5b504e9,1,2026-09-13T17:00:00Z,Jacksonville Jaguars,Cleveland Browns,spreads,alternate_spreads,,6.5,Jacksonville Jaguars,6.5,fanduel,-1600,1.0625,0.928128480531437,1.230277479608839,2026-09-06T21:08:25Z,35.848566,conditional_non_push,0.8829015544041451,consensus_plus_empirical_residual_model,live_snapshot_not_T60,pinnacle,46265ffaf5bab9a849419a63,0.9127636661714313,0.9127636661714313,-1046.3113545843605,-553.6886454156395,2,OK,-1080,draftkings,-1080,False,False,-7.5,closest_offered_consensus_to_50pct_no_interpolation,0.8829015544041451,-846.0176991150443,0.0,0.8829015544041451,EMPIRICAL_RECONSTRUCTED_HISTORY,0897c49705a05c04d65f1c02a830bc8446166ee6750153b629f2f4c40766b03b,4a14b3fdf51d13786a2e905526f21d4fe7601226e01da29583be8ff3210a7041,work/market-distribution-v1/artifacts/4a14b3fdf51d13786a2e905526f21d4fe7601226e01da29583be8ff3210a7041.json,-7.5,40.5,False,False,none,False,0.94853195164076,0.0,850f45aae7a0e29c
0c702e6eb5633d3a16ec95a4,2026-09-06T21:09:00.848566+00:00,850f45aae7a0e29c9c9d99adb49e34676c652f43a41ae97d88eb7751243eb060,e55c6fe19fce094ce214c8b0e5b504e9,1,2026-09-13T17:00:00Z,Jacksonville Jaguars,Cleveland Browns,spreads,alternate_spreads,,-7.0,Cleveland Browns,7.0,pinnacle,120,2.2,0.4382500039702956,1.0463035638860991,2026-09-06T21:08:57Z,3.848566,conditional_non_push,0.4774774774774775,consensus_plus_empirical_residual_model,live_snapshot_not_T60,pinnacle,04786a052434806269b5483e,0.4382500039702956,0.4382500039702956,128.18026034011842,-8.180260340118423,1,FEWER_THAN_TWO_BOOKS,120,pinnacle,,False,False,7.5,closest_offered_consensus_to_50pct_no_interpolation,0.4774774774774775,10.566037735849065,0.04145077720207254,0.45768566493955093,EMPIRICAL_RECONSTRUCTED_HISTORY,0897c49705a05c04d65f1c02a830bc8446166ee6750153b629f2f4c40766b03b,4a14b3fdf51d13786a2e905526f21d4fe7601226e01da29583be8ff3210a7041,work/market-distribution-v1/artifacts/4a14b3fdf51d13786a2e905526f21d4fe7601226e01da29583be8ff3210a7041.json,-7.5,40.5,False,False,none,False,0.6587219343696028,0.027979274611398965,850f45aae7a0e29c
b144177cca89d68f887249bb,2026-09-06T21:09:00.848566+00:00,850f45aae7a0e29c9c9d99adb49e34676c652f43a41ae97d88eb7751243eb060,e55c6fe19fce094ce214c8b0e5b504e9,1,2026-09-13T17:00:00Z,Jacksonville Jaguars,Cleveland Browns,spreads,spreads,,-7.5,Cleveland Browns,7.5,betmgm,-105,1.9523809523809523,0.4917898337466912,1.0607640901233029,2026-09-06T21:08:57Z,3.848566,conditional_non_push,0.4991364421416235,consensus_plus_empirical_residual_model,live_snapshot_not_T60,pinnacle,bc06645ec96b002af93c2bf4,0.4900926896242396,0.4900926896242396,104.04303536270108,-9.043035362701076,4,OK,105,pinnacle,-105,False,False,7.5,closest_offered_consensus_to_50pct_no_interpolation,0.4991364421416235,-5.3460207612456685,0.0,0.4991364421416235,EMPIRICAL_RECONSTRUCTED_HISTORY,0897c49705a05c04d65f1c02a830bc8446166ee6750153b629f2f4c40766b03b,4a14b3fdf51d13786a2e905526f21d4fe7601226e01da29583be8ff3210a7041,work/market-distribution-v1/artifacts/4a14b3fdf51d13786a2e905526f21d4fe7601226e01da29583be8ff3210a7041.json,-7.5,40.5,False,False,none,False,0.6867012089810017,0.0,850f45aae7a0e29c
a950e982ba2da11c13b062ba,2026-09-06T21:09:00.848566+00:00,850f45aae7a0e29c9c9d99adb49e34676c652f43a41ae97d88eb7751243eb060,e55c6fe19fce094ce214c8b0e5b504e9,1,2026-09-13T17:00:00Z,Jacksonville Jaguars,Cleveland Browns,spreads,spreads,,-7.5,Cleveland Browns,7.5,draftkings,-110,1.9090909090909092,0.5000000000000001,1.0719425631310813,2026-09-06T21:07:49Z,71.848566,conditional_non_push,0.4991364421416235,consensus_plus_empirical_residual_model,live_snapshot_not_T60,pinnacle,bc06645ec96b002af93c2bf4,0.4900926896242396,0.4900926896242396,104.04303536270108,-14.043035362701076,4,OK,105,pinnacle,-105,False,False,7.5,closest_offered_consensus_to_50pct_no_interpolation,0.4991364421416235,-10.346020761245668,0.0,0.4991364421416235,EMPIRICAL_RECONSTRUCTED_HISTORY,0897c49705a05c04d65f1c02a830bc8446166ee6750153b629f2f4c40766b03b,4a14b3fdf51d13786a2e905526f21d4fe7601226e01da29583be8ff3210a7041,work/market-distribution-v1/artifacts/4a14b3fdf51d13786a2e905526f21d4fe7601226e01da29583be8ff3210a7041.json,-7.5,40.5,False,False,none,False,0.6867012089810017,0.0,850f45aae7a0e29c
34a1aca8b793e75f265fb83a,2026-09-06T21:09:00.848566+00:00,850f45aae7a0e29c9c9d99adb49e34676c652f43a41ae97d88eb7751243eb060,e55c6fe19fce094ce214c8b0e5b504e9,1,2026-09-13T17:00:00Z,Jacksonville Jaguars,Cleveland Browns,spreads,spreads,,-7.5,Cleveland Browns,7.5,fanduel,-105,1.9523809523809523,0.488395545501788,1.071115843039896,2026-09-06T21:08:57Z,3.848566,conditional_non_push,0.4991364421416235,consensus_plus_empirical_residual_model,live_snapshot_not_T60,pinnacle,bc06645ec96b002af93c2bf4,0.4900926896242396,0.4900926896242396,104.04303536270108,-9.043035362701076,4,OK,105,pinnacle,-105,False,False,7.5,closest_offered_consensus_to_50pct_no_interpolation,0.4991364421416235,-5.3460207612456685,0.0,0.4991364421416235,EMPIRICAL_RECONSTRUCTED_HISTORY,0897c49705a05c04d65f1c02a830bc8446166ee6750153b629f2f4c40766b03b,4a14b3fdf51d13786a2e905526f21d4fe7601226e01da29583be8ff3210a7041,work/market-distribution-v1/artifacts/4a14b3fdf51d13786a2e905526f21d4fe7601226e01da29583be8ff3210a7041.json,-7.5,40.5,False,False,none,False,0.6867012089810017,0.0,850f45aae7a0e29c
203675ea6364f4d82cd73e49,2026-09-06T21:09:00.848566+00:00,850f45aae7a0e29c9c9d99adb49e34676c652f43a41ae97d88eb7751243eb060,e55c6fe19fce094ce214c8b0e5b504e9,1,2026-09-13T17:00:00Z,Jacksonville Jaguars,Cleveland Browns,spreads,spreads,,-7.5,Cleveland Browns,7.5,pinnacle,105,2.05,0.4728945723257111,1.0432450443247712,2026-09-06T21:08:57Z,3.848566,conditional_non_push,0.4991364421416235,consensus_plus_empirical_residual_model,live_snapshot_not_T60,pinnacle,bc06645ec96b002af93c2bf4,0.4900926896242396,0.4900926896242396,104.04303536270108,0.956964637298924,4,OK,105,pinnacle,-105,False,False,7.5,closest_offered_consensus_to_50pct_no_interpolation,0.4991364421416235,4.6539792387543315,0.0,0.4991364421416235,EMPIRICAL_RECONSTRUCTED_HISTORY,0897c49705a05c04d65f1c02a830bc8446166ee6750153b629f2f4c40766b03b,4a14b3fdf51d13786a2e905526f21d4fe7601226e01da29583be8ff3210a7041,work/market-distribution-v1/artifacts/4a14b3fdf51d13786a2e905526f21d4fe7601226e01da29583be8ff3210a7041.json,-7.5,40.5,False,False,none,False,0.6867012089810017,0.0,850f45aae7a0e29c
6a971883e3f5a723c9e20d03,2026-09-06T21:09:00.848566+00:00,850f45aae7a0e29c9c9d99adb49e34676c652f43a41ae97d88eb7751243eb060,e55c6fe19fce094ce214c8b0e5b504e9,1,2026-09-13T17:00:00Z,Jacksonville Jaguars,Cleveland Browns,spreads,alternate_spreads,,7.5,Jacksonville Jaguars,7.5,draftkings,-1480,1.0675675675675675,0.9209520390988654,1.259465336464903,2026-09-06T21:08:18Z,42.848566,conditional_non_push,0.8932642487046633,consensus_plus_empirical_residual_model,live_snapshot_not_T60,pinnacle,d710c97d1a0fb2b7ad0371d1,0.9355714283801346,0.9355714283801346,-1452.1064255468739,-27.89357445312612,2,OK,-1480,draftkings,-1480,False,False,-7.5,closest_offered_consensus_to_50pct_no_interpolation,0.8932642487046633,-643.1067961165045,0.0,0.8932642487046633,EMPIRICAL_RECONSTRUCTED_HISTORY,0897c49705a05c04d65f1c02a830bc8446166ee6750153b629f2f4c40766b03b,4a14b3fdf51d13786a2e905526f21d4fe7601226e01da29583be8ff3210a7041,work/market-distribution-v1/artifacts/4a14b3fdf51d13786a2e905526f21d4fe7601226e01da29583be8ff3210a7041.json,-7.5,40.5,False,False,none,False,0.9582037996545768,0.0,850f45aae7a0e29c
f37123eaef6d5f0f5e86308d,2026-09-06T21:09:00.848566+00:00,850f45aae7a0e29c9c9d99adb49e34676c652f43a41ae97d88eb7751243eb060,e55c6fe19fce094ce214c8b0e5b504e9,1,2026-09-13T17:00:00Z,Jacksonville Jaguars,Cleveland Browns,spreads,alternate_spreads,,7.5,Jacksonville Jaguars,7.5,fanduel,-2500,1.04,0.9501908176614043,1.302690587533839,2026-09-06T21:08:25Z,35.848566,conditional_non_push,0.8932642487046633,consensus_plus_empirical_residual_model,live_snapshot_not_T60,pinnacle,d710c97d1a0fb2b7ad0371d1,0.9355714283801346,0.9355714283801346,-1452.1064255468739,-1047.8935744531261,2,OK,-1480,draftkings,-1480,False,False,-7.5,closest_offered_consensus_to_50pct_no_interpolation,0.8932642487046633,-1663.1067961165045,0.0,0.8932642487046633,EMPIRICAL_RECONSTRUCTED_HISTORY,0897c49705a05c04d65f1c02a830bc8446166ee6750153b629f2f4c40766b03b,4a14b3fdf51d13786a2e905526f21d4fe7601226e01da29583be8ff3210a7041,work/market-distribution-v1/artifacts/4a14b3fdf51d13786a2e905526f21d4fe7601226e01da29583be8ff3210a7041.json,-7.5,40.5,False,False,none,False,0.9582037996545768,0.0,850f45aae7a0e29c
c4f40567acfc4987a9bfb896,2026-09-06T21:09:00.848566+00:00,850f45aae7a0e29c9c9d99adb49e34676c652f43a41ae97d88eb7751243eb060,e55c6fe19fce094ce214c8b0e5b504e9,1,2026-09-13T17:00:00Z,Jacksonville Jaguars,Cleveland Browns,spreads,alternate_spreads,,-8.0,Cleveland Browns,8.0,pinnacle,-101,1.99009900990099,0.4869054640021153,1.0457739277720353,2026-09-06T21:08:57Z,3.848566,conditional_non_push,0.5120481927710844,consensus_plus_empirical_residual_model,live_snapshot_not_T60,pinnacle,cb843fef0594b34ff66f3629,0.4869054640021153,0.4869054640021153,105.37867695722872,-6.37867695722872,1,FEWER_THAN_TWO_BOOKS,-101,pinnacle,,False,False,7.5,closest_offered_consensus_to_50pct_no_interpolation,0.5120481927710844,3.9382716049382793,0.02521588946459413,0.4991364421416235,EMPIRICAL_RECONSTRUCTED_HISTORY,0897c49705a05c04d65f1c02a830bc8446166ee6750153b629f2f4c40766b03b,4a14b3fdf51d13786a2e905526f21d4fe7601226e01da29583be8ff3210a7041,work/market-distribution-v1/artifacts/4a14b3fdf51d13786a2e905526f21d4fe7601226e01da29583be8ff3210a7041.json,-7.5,40.5,False,False,none,False,0.6867012089810017,0.02521588946459413,850f45aae7a0e29c
fd35862d09ce06ac054bdca8,2026-09-06T21:09:00.848566+00:00,850f45aae7a0e29c9c9d99adb49e34676c652f43a41ae97d88eb7751243eb060,e55c6fe19fce094ce214c8b0e5b504e9,1,2026-09-13T17:00:00Z,Jacksonville Jaguars,Cleveland Browns,spreads,alternate_spreads,,-8.5,Cleveland Browns,8.5,draftkings,-127,1.7874015748031495,0.5257097514378678,1.1071746965006097,2026-09-06T21:08:18Z,42.848566,conditional_non_push,0.5243523316062176,consensus_plus_empirical_residual_model,live_snapshot_not_T60,pinnacle,5a3874b0614b0f35eac7076a,0.5257097514378678,0.5257097514378678,-110.84135780392282,-16.15864219607718,3,OK,-107,pinnacle,-125,False,False,7.5,closest_offered_consensus_to_50pct_no_interpolation,0.5243523316062176,-16.760348583877985,0.0,0.5243523316062176,EMPIRICAL_RECONSTRUCTED_HISTORY,0897c49705a05c04d65f1c02a830bc8446166ee6750153b629f2f4c40766b03b,4a14b3fdf51d13786a2e905526f21d4fe7601226e01da29583be8ff3210a7041,work/market-distribution-v1/artifacts/4a14b3fdf51d13786a2e905526f21d4fe7601226e01da29583be8ff3210a7041.json,-7.5,40.5,False,False,none,False,0.7119170984455958,0.0,850f45aae7a0e29c
4bcb2651049c0675bf7ffb57,2026-09-06T21:09:00.848566+00:00,850f45aae7a0e29c9c9d99adb49e34676c652f43a41ae97d88eb7751243eb060,e55c6fe19fce094ce214c8b0e5b504e9,1,2026-09-13T17:00:00Z,Jacksonville Jaguars,Cleveland Browns,spreads,alternate_spreads,,-8.5,Cleveland Browns,8.5,fanduel,-125,1.8,0.5260687813288253,1.0927830625718022,2026-09-06T21:08:25Z,35.848566,conditional_non_push,0.5243523316062176,consensus_plus_empirical_residual_model,live_snapshot_not_T60,pinnacle,5a3874b0614b0f35eac7076a,0.5257097514378678,0.5257097514378678,-110.84135780392282,-14.158642196077182,3,OK,-107,pinnacle,-125,False,False,7.5,closest_offered_consensus_to_50pct_no_interpolation,0.5243523316062176,-14.760348583877985,0.0,0.5243523316062176,EMPIRICAL_RECONSTRUCTED_HISTORY,0897c49705a05c04d65f1c02a830bc8446166ee6750153b629f2f4c40766b03b,4a14b3fdf51d13786a2e905526f21d4fe7601226e01da29583be8ff3210a7041,work/market-distribution-v1/artifacts/4a14b3fdf51d13786a2e905526f21d4fe7601226e01da29583be8ff3210a7041.json,-7.5,40.5,False,False,none,False,0.7119170984455958,0.0,850f45aae7a0e29c
e3092a01fbada748ff5e7b37,2026-09-06T21:09:00.848566+00:00,850f45aae7a0e29c9c9d99adb49e34676c652f43a41ae97d88eb7751243eb060,e55c6fe19fce094ce214c8b0e5b504e9,1,2026-09-13T17:00:00Z,Jacksonville Jaguars,Cleveland Browns,spreads,alternate_spreads,,-8.5,Cleveland Browns,8.5,pinnacle,-107,1.9345794392523366,0.5000000000000001,1.0503981327686596,2026-09-06T21:08:57Z,3.848566,conditional_non_push,0.5243523316062176,consensus_plus_empirical_residual_model,live_snapshot_not_T60,pinnacle,5a3874b0614b0f35eac7076a,0.5257097514378678,0.5257097514378678,-110.84135780392282,3.8413578039228184,3,OK,-107,pinnacle,-125,False,False,7.5,closest_offered_consensus_to_50pct_no_interpolation,0.5243523316062176,3.2396514161220153,0.0,0.5243523316062176,EMPIRICAL_RECONSTRUCTED_HISTORY,0897c49705a05c04d65f1c02a830bc8446166ee6750153b629f2f4c40766b03b,4a14b3fdf51d13786a2e905526f21d4fe7601226e01da29583be8ff3210a7041,work/market-distribution-v1/artifacts/4a14b3fdf51d13786a2e905526f21d4fe7601226e01da29583be8ff3210a7041.json,-7.5,40.5,False,False,none,False,0.7119170984455958,0.0,850f45aae7a0e29c
c72c535c81c3851716c8dbec,2026-09-06T21:09:00.848566+00:00,850f45aae7a0e29c9c9d99adb49e34676c652f43a41ae97d88eb7751243eb060,e55c6fe19fce094ce214c8b0e5b504e9,1,2026-09-13T17:00:00Z,Jacksonville Jaguars,Cleveland Browns,spreads,alternate_spreads,,8.5,Jacksonville Jaguars,8.5,draftkings,-1840,1.0543478260869565,0.9339408827526311,1.291365009443985,2026-09-06T21:08:18Z,42.848566,conditional_non_push,0.9050086355785838,consensus_plus_empirical_residual_model,live_snapshot_not_T60,pinnacle,0a152bbd9f60dc5486286485,0.9483997468984464,0.9483997468984464,-1837.9749902232397,-2.025009776760271,2,OK,-1840,draftkings,-1840,False,False,-7.5,closest_offered_consensus_to_50pct_no_interpolation,0.9050086355785838,-887.2727272727269,0.0,0.9050086355785838,EMPIRICAL_RECONSTRUCTED_HISTORY,0897c49705a05c04d65f1c02a830bc8446166ee6750153b629f2f4c40766b03b,4a14b3fdf51d13786a2e905526f21d4fe7601226e01da29583be8ff3210a7041,work/market-distribution-v1/artifacts/4a14b3fdf51d13786a2e905526f21d4fe7601226e01da29583be8ff3210a7041.json,-7.5,40.5,False,False,none,False,0.9647668393782384,0.0,850f45aae7a0e29c
915fa900a4555fa10cf25235,2026-09-06T21:09:00.848566+00:00,850f45aae7a0e29c9c9d99adb49e34676c652f43a41ae97d88eb7751243eb060,e55c6fe19fce094ce214c8b0e5b504e9,1,2026-09-13T17:00:00Z,Jacksonville Jaguars,Cleveland Browns,spreads,alternate_spreads,,8.5,Jacksonville Jaguars,8.5,fanduel,-3500,1.0285714285714285,0.9628586110442617,1.3435399740514984,2026-09-06T21:08:25Z,35.848566,conditional_non_push,0.9050086355785838,consensus_plus_empirical_residual_model,live_snapshot_not_T60,pinnacle,0a152bbd9f60dc5486286485,0.9483997468984464,0.9483997468984464,-1837.9749902232397,-1662.0250097767603,2,OK,-1840,draftkings,-1840,False,False,-7.5,closest_offered_consensus_to_50pct_no_interpolation,0.9050086355785838,-2547.272727272727,0.0,0.9050086355785838,EMPIRICAL_RECONSTRUCTED_HISTORY,0897c49705a05c04d65f1c02a830bc8446166ee6750153b629f2f4c40766b03b,4a14b3fdf51d13786a2e905526f21d4fe7601226e01da29583be8ff3210a7041,work/market-distribution-v1/artifacts/4a14b3fdf51d13786a2e905526f21d4fe7601226e01da29583be8ff3210a7041.json,-7.5,40.5,False,False,none,False,0.9647668393782384,0.0,850f45aae7a0e29c
9f2426350c6a645b4f8f81ee,2026-09-06T21:09:00.848566+00:00,850f45aae7a0e29c9c9d99adb49e34676c652f43a41ae97d88eb7751243eb060,e55c6fe19fce094ce214c8b0e5b504e9,1,2026-09-13T17:00:00Z,Jacksonville Jaguars,Cleveland Browns,spreads,alternate_spreads,,-9.0,Cleveland Browns,9.0,pinnacle,-112,1.8928571428571428,0.5106340573105965,1.0533072307540912,2026-09-06T21:08:57Z,3.848566,conditional_non_push,0.5454545454545455,consensus_plus_empirical_residual_model,live_snapshot_not_T60,pinnacle,a978fc96196fc4cc21a22ba3,0.5106340573105964,0.5106340573105964,-104.34605532708505,-7.653944672914946,1,FEWER_THAN_TWO_BOOKS,-112,pinnacle,,False,False,7.5,closest_offered_consensus_to_50pct_no_interpolation,0.5454545454545455,8.000000000000043,0.0386873920552677,0.5243523316062176,EMPIRICAL_RECONSTRUCTED_HISTORY,0897c49705a05c04d65f1c02a830bc8446166ee6750153b629f2f4c40766b03b,4a14b3fdf51d13786a2e905526f21d4fe7601226e01da29583be8ff3210a7041,work/market-distribution-v1/artifacts/4a14b3fdf51d13786a2e905526f21d4fe7601226e01da29583be8ff3210a7041.json,-7.5,40.5,False,False,none,False,0.7119170984455958,0.028670120898100174,850f45aae7a0e29c
38472d0cb9368b656a37abf5,2026-09-06T21:09:00.848566+00:00,850f45aae7a0e29c9c9d99adb49e34676c652f43a41ae97d88eb7751243eb060,e55c6fe19fce094ce214c8b0e5b504e9,1,2026-09-13T17:00:00Z,Jacksonville Jaguars,Cleveland Browns,spreads,alternate_spreads,,-9.5,Cleveland Browns,9.5,draftkings,-135,1.7407407407407407,0.541117072006455,1.1078977633225247,2026-09-06T21:08:18Z,42.848566,conditional_non_push,0.5630397236614854,consensus_plus_empirical_residual_model,live_snapshot_not_T60,pinnacle,0e1236b9e0a3df57e12b52ea,0.5408329903157296,0.5408329903157296,-117.785681224706,-17.214318775294004,2,OK,-132,fanduel,-132,False,False,7.5,closest_offered_consensus_to_50pct_no_interpolation,0.5630397236614854,-6.146245059288532,0.0,0.5630397236614854,EMPIRICAL_RECONSTRUCTED_HISTORY,0897c49705a05c04d65f1c02a830bc8446166ee6750153b629f2f4c40766b03b,4a14b3fdf51d13786a2e905526f21d4fe7601226e01da29583be8ff3210a7041,work/market-distribution-v1/artifacts/4a14b3fdf51d13786a2e905526f21d4fe7601226e01da29583be8ff3210a7041.json,-7.5,40.5,False,False,none,False,0.740587219343696,0.0,850f45aae7a0e29c
d84e68a47608cc2e669d2066,2026-09-06T21:09:00.848566+00:00,850f45aae7a0e29c9c9d99adb49e34676c652f43a41ae97d88eb7751243eb060,e55c6fe19fce094ce214c8b0e5b504e9,1,2026-09-13T17:00:00Z,Jacksonville Jaguars,Cleveland Browns,spreads,alternate_spreads,,-9.5,Cleveland Browns,9.5,fanduel,-132,1.7575757575757576,0.5405489086250044,1.0908520811334959,2026-09-06T21:08:25Z,35.848566,conditional_non_push,0.5630397236614854,consensus_plus_empirical_residual_model,live_snapshot_not_T60,pinnacle,0e1236b9e0a3df57e12b52ea,0.5408329903157296,0.5408329903157296,-117.785681224706,-14.214318775294004,2,OK,-132,fanduel,-132,False,False,7.5,closest_offered_consensus_to_50pct_no_interpolation,0.5630397236614854,-3.146245059288532,0.0,0.5630397236614854,EMPIRICAL_RECONSTRUCTED_HISTORY,0897c49705a05c04d65f1c02a830bc8446166ee6750153b629f2f4c40766b03b,4a14b3fdf51d13786a2e905526f21d4fe7601226e01da29583be8ff3210a7041,work/market-distribution-v1/artifacts/4a14b3fdf51d13786a2e905526f21d4fe7601226e01da29583be8ff3210a7041.json,-7.5,40.5,False,False,none,False,0.740587219343696,0.0,850f45aae7a0e29c
16e97856bcb29ca4af4ae51f,2026-09-06T21:09:00.848566+00:00,850f45aae7a0e29c9c9d99adb49e34676c652f43a41ae97d88eb7751243eb060,e55c6fe19fce094ce214c8b0e5b504e9,1,2026-09-13T17:00:00Z,Jacksonville Jaguars,Cleveland Browns,spreads,alternate_spreads,,9.5,Jacksonville Jaguars,9.5,draftkings,-2200,1.0454545454545454,0.9430948790925905,1.3180216919522914,2026-09-06T21:08:18Z,42.848566,conditional_non_push,0.9174438687392056,consensus_plus_empirical_residual_model,live_snapshot_not_T60,pinnacle,c5fa23c3db779cb03f2b44ba,0.9549196816172789,0.9549196816172789,-2118.262949055151,-81.73705094484922,2,OK,-2200,draftkings,-2200,False,False,-7.5,closest_offered_consensus_to_50pct_no_interpolation,0.9174438687392056,-1088.702928870292,0.0,0.9174438687392056,EMPIRICAL_RECONSTRUCTED_HISTORY,0897c49705a05c04d65f1c02a830bc8446166ee6750153b629f2f4c40766b03b,4a14b3fdf51d13786a2e905526f21d4fe7601226e01da29583be8ff3210a7041,work/market-distribution-v1/artifacts/4a14b3fdf51d13786a2e905526f21d4fe7601226e01da29583be8ff3210a7041.json,-7.5,40.5,False,False,none,False,0.9675302245250432,0.0,850f45aae7a0e29c
8b191b5162ac9d8c32d5a373,2026-09-06T21:09:00.848566+00:00,850f45aae7a0e29c9c9d99adb49e34676c652f43a41ae97d88eb7751243eb060,e55c6fe19fce094ce214c8b0e5b504e9,1,2026-09-13T17:00:00Z,Jacksonville Jaguars,Cleveland Browns,spreads,alternate_spreads,,9.5,Jacksonville Jaguars,9.5,fanduel,-4000,1.025,0.9667444841419672,1.3696830967319413,2026-09-06T21:08:25Z,35.848566,conditional_non_push,0.9174438687392056,consensus_plus_empirical_residual_model,live_snapshot_not_T60,pinnacle,c5fa23c3db779cb03f2b44ba,0.9549196816172789,0.9549196816172789,-2118.262949055151,-1881.7370509448492,2,OK,-2200,draftkings,-2200,False,False,-7.5,closest_offered_consensus_to_50pct_no_interpolation,0.9174438687392056,-2888.702928870292,0.0,0.9174438687392056,EMPIRICAL_RECONSTRUCTED_HISTORY,0897c49705a05c04d65f1c02a830bc8446166ee6750153b629f2f4c40766b03b,4a14b3fdf51d13786a2e905526f21d4fe7601226e01da29583be8ff3210a7041,work/market-distribution-v1/artifacts/4a14b3fdf51d13786a2e905526f21d4fe7601226e01da29583be8ff3210a7041.json,-7.5,40.5,False,False,none,False,0.9675302245250432,0.0,850f45aae7a0e29c
5c84e57f907c27cbc0bc013a,2026-09-06T21:09:00.848566+00:00,850f45aae7a0e29c9c9d99adb49e34676c652f43a41ae97d88eb7751243eb060,e55c6fe19fce094ce214c8b0e5b504e9,1,2026-09-13T17:00:00Z,Jacksonville Jaguars,Cleveland Browns,totals,alternate_totals,,16.5,Over,16.5,fanduel,-50000,1.002,0.9966838601590248,1.6624854814709127,2026-09-06T21:08:25Z,35.848566,conditional_non_push,0.9761658031088083,consensus_plus_empirical_residual_model,live_snapshot_not_T60,pinnacle,d1d76f77aa76b9fdbd8d958c,0.9966838601590248,0.9966838601590248,-30055.54373321947,-19944.45626678053,1,FEWER_THAN_TWO_BOOKS,-50000,fanduel,-50000,False,False,40.5,closest_offered_consensus_to_50pct_no_interpolation,0.9761658031088083,-45904.34782608695,0.0,0.9761658031088083,EMPIRICAL_RECONSTRUCTED_HISTORY,0897c49705a05c04d65f1c02a830bc8446166ee6750153b629f2f4c40766b03b,4a14b3fdf51d13786a2e905526f21d4fe7601226e01da29583be8ff3210a7041,work/market-distribution-v1/artifacts/4a14b3fdf51d13786a2e905526f21d4fe7601226e01da29583be8ff3210a7041.json,-7.5,40.5,False,False,none,False,0.9934369602763385,0.0,850f45aae7a0e29c
c58b12e6b3468eb897d10f33,2026-09-06T21:09:00.848566+00:00,850f45aae7a0e29c9c9d99adb49e34676c652f43a41ae97d88eb7751243eb060,e55c6fe19fce094ce214c8b0e5b504e9,1,2026-09-13T17:00:00Z,Jacksonville Jaguars,Cleveland Browns,totals,alternate_totals,,16.5,Under,16.5,fanduel,3000,31.0,0.003316139840975339,1.6624854814709127,2026-09-06T21:08:25Z,35.848566,conditional_non_push,0.02383419689119171,consensus_plus_empirical_residual_model,live_snapshot_not_T60,pinnacle,d1d76f77aa76b9fdbd8d958c,0.003316139840975339,0.003316139840975339,30055.543733218477,-27055.543733218477,1,FEWER_THAN_TWO_BOOKS,3000,fanduel,3000,False,False,40.5,closest_offered_consensus_to_50pct_no_interpolation,0.02383419689119171,-1095.652173913044,0.0,0.02383419689119171,EMPIRICAL_RECONSTRUCTED_HISTORY,0897c49705a05c04d65f1c02a830bc8446166ee6750153b629f2f4c40766b03b,4a14b3fdf51d13786a2e905526f21d4fe7601226e01da29583be8ff3210a7041,work/market-distribution-v1/artifacts/4a14b3fdf51d13786a2e905526f21d4fe7601226e01da29583be8ff3210a7041.json,-7.5,40.5,False,False,none,False,0.06701208981001727,0.0,850f45aae7a0e29c
917e75bbe5ab9e4df9c1db74,2026-09-06T21:09:00.848566+00:00,850f45aae7a0e29c9c9d99adb49e34676c652f43a41ae97d88eb7751243eb060,e55c6fe19fce094ce214c8b0e5b504e9,1,2026-09-13T17:00:00Z,Jacksonville Jaguars,Cleveland Browns,totals,alternate_totals,,17.5,Over,17.5,fanduel,-20000,1.005,0.9925315301958958,1.503044826687773,2026-09-06T21:08:25Z,35.848566,conditional_non_push,0.9709844559585492,consensus_plus_empirical_residual_model,live_snapshot_not_T60,pinnacle,e6654ee4da7e6883be80fbe9,0.9925315301958956,0.9925315301958956,-13289.623660932963,-6710.376339067037,1,FEWER_THAN_TWO_BOOKS,-20000,fanduel,-20000,False,False,40.5,closest_offered_consensus_to_50pct_no_interpolation,0.9709844559585492,-16653.57142857143,0.0,0.9709844559585492,EMPIRICAL_RECONSTRUCTED_HISTORY,0897c49705a05c04d65f1c02a830bc8446166ee6750153b629f2f4c40766b03b,4a14b3fdf51d13786a2e905526f21d4fe7601226e01da29583be8ff3210a7041,work/market-distribution-v1/artifacts/4a14b3fdf51d13786a2e905526f21d4fe7601226e01da29583be8ff3210a7041.json,-7.5,40.5,False,False,none,False,0.9920552677029361,0.0,850f45aae7a0e29c
86b6655519d66b13fb50f7f6,2026-09-06T21:09:00.848566+00:00,850f45aae7a0e29c9c9d99adb49e34676c652f43a41ae97d88eb7751243eb060,e55c6fe19fce094ce214c8b0e5b504e9,1,2026-09-13T17:00:00Z,Jacksonville Jaguars,Cleveland Browns,totals,alternate_totals,,17.5,Under,17.5,fanduel,2500,26.0,0.00746846980410443,1.503044826687773,2026-09-06T21:08:25Z,35.848566,conditional_non_push,0.029015544041450778,consensus_plus_empirical_residual_model,live_snapshot_not_T60,pinnacle,e6654ee4da7e6883be80fbe9,0.007468469804104428,0.007468469804104428,13289.62366093296,-10789.62366093296,1,FEWER_THAN_TWO_BOOKS,2500,fanduel,2500,False,False,40.5,closest_offered_consensus_to_50pct_no_interpolation,0.029015544041450778,-846.4285714285716,0.0,0.029015544041450778,EMPIRICAL_RECONSTRUCTED_HISTORY,0897c49705a05c04d65f1c02a830bc8446166ee6750153b629f2f4c40766b03b,4a14b3fdf51d13786a2e905526f21d4fe7601226e01da29583be8ff3210a7041,work/market-distribution-v1/artifacts/4a14b3fdf51d13786a2e905526f21d4fe7601226e01da29583be8ff3210a7041.json,-7.5,40.5,False,False,none,False,0.07392055267702936,0.0,850f45aae7a0e29c
98da29e9283caa1fc268a998,2026-09-06T21:09:00.848566+00:00,850f45aae7a0e29c9c9d99adb49e34676c652f43a41ae97d88eb7751243eb060,e55c6fe19fce094ce214c8b0e5b504e9,1,2026-09-13T17:00:00Z,Jacksonville Jaguars,Cleveland Browns,totals,alternate_totals,,18.5,Over,18.5,fanduel,-20000,1.005,0.9922907259594774,1.551695177522936,2026-09-06T21:08:25Z,35.848566,conditional_non_push,0.9671848013816926,consensus_plus_empirical_residual_model,live_snapshot_not_T60,pinnacle,80ff2a6db2d6c2316bd650a3,0.9922907259594772,0.9922907259594772,-12871.38997451161,-7128.6100254883895,1,FEWER_THAN_TWO_BOOKS,-20000,fanduel,-20000,False,False,40.5,closest_offered_consensus_to_50pct_no_interpolation,0.9671848013816926,-17052.631578947367,0.0,0.9671848013816926,EMPIRICAL_RECONSTRUCTED_HISTORY,0897c49705a05c04d65f1c02a830bc8446166ee6750153b629f2f4c40766b03b,4a14b3fdf51d13786a2e905526f21d4fe7601226e01da29583be8ff3210a7041,work/market-distribution-v1/artifacts/4a14b3fdf51d13786a2e905526f21d4fe7601226e01da29583be8ff3210a7041.json,-7.5,40.5,False,False,none,False,0.9903281519861831,0.0,850f45aae7a0e29c
268488aff000021807a1e4dd,2026-09-06T21:09:00.848566+00:00,850f45aae7a0e29c9c9d99adb49e34676c652f43a41ae97d88eb7751243eb060,e55c6fe19fce094ce214c8b0e5b504e9,1,2026-09-13T17:00:00Z,Jacksonville Jaguars,Cleveland Browns,totals,alternate_totals,,18.5,Under,18.5,fanduel,2200,23.0,0.00770927404052269,1.551695177522936,2026-09-06T21:08:25Z,35.848566,conditional_non_push,0.03281519861830742,consensus_plus_empirical_residual_model,live_snapshot_not_T60,pinnacle,80ff2a6db2d6c2316bd650a3,0.007709274040522688,0.007709274040522688,12871.38997451179,-10671.38997451179,1,FEWER_THAN_TWO_BOOKS,2200,fanduel,2200,False,False,40.5,closest_offered_consensus_to_50pct_no_interpolation,0.03281519861830742,-747.3684210526317,0.0,0.03281519861830742,EMPIRICAL_RECONSTRUCTED_HISTORY,0897c49705a05c04d65f1c02a830bc8446166ee6750153b629f2f4c40766b03b,4a14b3fdf51d13786a2e905526f21d4fe7601226e01da29583be8ff3210a7041,work/market-distribution-v1/artifacts/4a14b3fdf51d13786a2e905526f21d4fe7601226e01da29583be8ff3210a7041.json,-7.5,40.5,False,False,none,False,0.08946459412780657,0.0,850f45aae7a0e29c
42f09da982cbf731497efc59,2026-09-06T21:09:00.848566+00:00,850f45aae7a0e29c9c9d99adb49e34676c652f43a41ae97d88eb7751243eb060,e55c6fe19fce094ce214c8b0e5b504e9,1,2026-09-13T17:00:00Z,Jacksonville Jaguars,Cleveland Browns,totals,alternate_totals,,19.5,Over,19.5,fanduel,-10000,1.01,0.9855252573313199,1.4653305484836974,2026-09-06T21:08:25Z,35.848566,conditional_non_push,0.9595854922279793,consensus_plus_empirical_residual_model,live_snapshot_not_T60,pinnacle,96b0a4b2ce91615d4a121e15,0.9855252573313199,0.9855252573313199,-6808.585685352199,-3191.414314647801,1,FEWER_THAN_TWO_BOOKS,-10000,fanduel,-10000,False,False,40.5,closest_offered_consensus_to_50pct_no_interpolation,0.9595854922279793,-7625.641025641025,0.0,0.9595854922279793,EMPIRICAL_RECONSTRUCTED_HISTORY,0897c49705a05c04d65f1c02a830bc8446166ee6750153b629f2f4c40766b03b,4a14b3fdf51d13786a2e905526f21d4fe7601226e01da29583be8ff3210a7041,work/market-distribution-v1/artifacts/4a14b3fdf51d13786a2e905526f21d4fe7601226e01da29583be8ff3210a7041.json,-7.5,40.5,False,False,none,False,0.9872193436960276,0.0,850f45aae7a0e29c
b82e60d0499c587bf0ab3c4f,2026-09-06T21:09:00.848566+00:00,850f45aae7a0e29c9c9d99adb49e34676c652f43a41ae97d88eb7751243eb060,e55c6fe19fce094ce214c8b0e5b504e9,1,2026-09-13T17:00:00Z,Jacksonville Jaguars,Cleveland Browns,totals,alternate_totals,,19.5,Under,19.5,fanduel,1700,18.0,0.014474742668680202,1.4653305484836974,2026-09-06T21:08:25Z,35.848566,conditional_non_push,0.04041450777202073,consensus_plus_empirical_residual_model,live_snapshot_not_T60,pinnacle,96b0a4b2ce91615d4a121e15,0.014474742668680202,0.014474742668680202,6808.585685352148,-5108.585685352148,1,FEWER_THAN_TWO_BOOKS,1700,fanduel,1700,False,False,40.5,closest_offered_consensus_to_50pct_no_interpolation,0.04041450777202073,-674.3589743589741,0.0,0.04041450777202073,EMPIRICAL_RECONSTRUCTED_HISTORY,0897c49705a05c04d65f1c02a830bc8446166ee6750153b629f2f4c40766b03b,4a14b3fdf51d13786a2e905526f21d4fe7601226e01da29583be8ff3210a7041,work/market-distribution-v1/artifacts/4a14b3fdf51d13786a2e905526f21d4fe7601226e01da29583be8ff3210a7041.json,-7.5,40.5,False,False,none,False,0.10535405872193436,0.0,850f45aae7a0e29c
6475542a185fd15987f2a820,2026-09-06T21:09:00.848566+00:00,850f45aae7a0e29c9c9d99adb49e34676c652f43a41ae97d88eb7751243eb060,e55c6fe19fce094ce214c8b0e5b504e9,1,2026-09-13T17:00:00Z,Jacksonville Jaguars,Cleveland Browns,totals,alternate_totals,,20.5,Over,20.5,fanduel,-6000,1.0166666666666666,0.9771888738442537,1.3960254027875676,2026-09-06T21:08:25Z,35.848566,conditional_non_push,0.951986183074266,consensus_plus_empirical_residual_model,live_snapshot_not_T60,pinnacle,f065034646a3b0be3faa6649,0.9771888738442535,0.9771888738442535,-4283.825652325725,-1716.174347674275,1,FEWER_THAN_TWO_BOOKS,-6000,fanduel,-6000,False,False,40.5,closest_offered_consensus_to_50pct_no_interpolation,0.951986183074266,-4017.26618705036,0.0,0.951986183074266,EMPIRICAL_RECONSTRUCTED_HISTORY,0897c49705a05c04d65f1c02a830bc8446166ee6750153b629f2f4c40766b03b,4a14b3fdf51d13786a2e905526f21d4fe7601226e01da29583be8ff3210a7041,work/market-distribution-v1/artifacts/4a14b3fdf51d13786a2e905526f21d4fe7601226e01da29583be8ff3210a7041.json,-7.5,40.5,False,False,none,False,0.9861830742659758,0.0,850f45aae7a0e29c
e19082f370c31ea88ce273b8,2026-09-06T21:09:00.848566+00:00,850f45aae7a0e29c9c9d99adb49e34676c652f43a41ae97d88eb7751243eb060,e55c6fe19fce094ce214c8b0e5b504e9,1,2026-09-13T17:00:00Z,Jacksonville Jaguars,Cleveland Browns,totals,alternate_totals,,20.5,Under,20.5,fanduel,1400,15.0,0.022811126155746486,1.3960254027875676,2026-09-06T21:08:25Z,35.848566,conditional_non_push,0.048013816925734025,consensus_plus_empirical_residual_model,live_snapshot_not_T60,pinnacle,f065034646a3b0be3faa6649,0.022811126155746483,0.022811126155746483,4283.825652325737,-2883.825652325737,1,FEWER_THAN_TWO_BOOKS,1400,fanduel,1400,False,False,40.5,closest_offered_consensus_to_50pct_no_interpolation,0.048013816925734025,-582.7338129496402,0.0,0.048013816925734025,EMPIRICAL_RECONSTRUCTED_HISTORY,0897c49705a05c04d65f1c02a830bc8446166ee6750153b629f2f4c40766b03b,4a14b3fdf51d13786a2e905526f21d4fe7601226e01da29583be8ff3210a7041,work/market-distribution-v1/artifacts/4a14b3fdf51d13786a2e905526f21d4fe7601226e01da29583be8ff3210a7041.json,-7.5,40.5,False,False,none,False,0.12193436960276338,0.0,850f45aae7a0e29c
77454e2c85daacef3a3a3cab,2026-09-06T21:09:00.848566+00:00,850f45aae7a0e29c9c9d99adb49e34676c652f43a41ae97d88eb7751243eb060,e55c6fe19fce094ce214c8b0e5b504e9,1,2026-09-13T17:00:00Z,Jacksonville Jaguars,Cleveland Browns,totals,alternate_totals,,21.5,Over,21.5,draftkings,-10000,1.01,0.9843604536571825,1.584181927925815,2026-09-06T21:08:18Z,42.848566,conditional_non_push,0.942314335060449,consensus_plus_empirical_residual_model,live_snapshot_not_T60,pinnacle,0c51a4e0c3773a4614d122a7,0.9807746637507179,0.9807746637507179,-5101.46949334808,-4898.53050665192,2,OK,-6000,fanduel,-6000,False,False,40.5,closest_offered_consensus_to_50pct_no_interpolation,0.942314335060449,-8366.467065868264,0.0,0.942314335060449,EMPIRICAL_RECONSTRUCTED_HISTORY,0897c49705a05c04d65f1c02a830bc8446166ee6750153b629f2f4c40766b03b,4a14b3fdf51d13786a2e905526f21d4fe7601226e01da29583be8ff3210a7041,work/market-distribution-v1/artifacts/4a14b3fdf51d13786a2e905526f21d4fe7601226e01da29583be8ff3210a7041.json,-7.5,40.5,False,False,none,False,0.9823834196891191,0.0,850f45aae7a0e29c
e41b60476616ca14f7136be4,2026-09-06T21:09:00.848566+00:00,850f45aae7a0e29c9c9d99adb49e34676c652f43a41ae97d88eb7751243eb060,e55c6fe19fce094ce214c8b0e5b504e9,1,2026-09-13T17:00:00Z,Jacksonville Jaguars,Cleveland Browns,totals,alternate_totals,,21.5,Over,21.5,fanduel,-6000,1.0166666666666666,0.9771888738442537,1.3960254027875676,2026-09-06T21:08:25Z,35.848566,conditional_non_push,0.942314335060449,consensus_plus_empirical_residual_model,live_snapshot_not_T60,pinnacle,0c51a4e0c3773a4614d122a7,0.9807746637507179,0.9807746637507179,-5101.46949334808,-898.5305066519204,2,OK,-6000,fanduel,-6000,False,False,40.5,closest_offered_consensus_to_50pct_no_interpolation,0.942314335060449,-4366.4670658682635,0.0,0.942314335060449,EMPIRICAL_RECONSTRUCTED_HISTORY,0897c49705a05c04d65f1c02a830bc8446166ee6750153b629f2f4c40766b03b,4a14b3fdf51d13786a2e905526f21d4fe7601226e01da29583be8ff3210a7041,work/market-distribution-v1/artifacts/4a14b3fdf51d13786a2e905526f21d4fe7601226e01da29583be8ff3210a7041.json,-7.5,40.5,False,False,none,False,0.9823834196891191,0.0,850f45aae7a0e29c
5011422c67f0a664948912fa,2026-09-06T21:09:00.848566+00:00,850f45aae7a0e29c9c9d99adb49e34676c652f43a41ae97d88eb7751243eb060,e55c6fe19fce094ce214c8b0e5b504e9,1,2026-09-13T17:00:00Z,Jacksonville Jaguars,Cleveland Browns,totals,alternate_totals,,21.5,Under,21.5,draftkings,1280,13.8,0.01563954634281762,1.584181927925815,2026-09-06T21:08:18Z,42.848566,conditional_non_push,0.05768566493955095,consensus_plus_empirical_residual_model,live_snapshot_not_T60,pinnacle,0c51a4e0c3773a4614d122a7,0.01922533624928205,0.01922533624928205,5101.469493348102,-3821.4694933481023,2,OK,1400,fanduel,1400,False,False,40.5,closest_offered_consensus_to_50pct_no_interpolation,0.05768566493955095,-353.5329341317365,0.0,0.05768566493955095,EMPIRICAL_RECONSTRUCTED_HISTORY,0897c49705a05c04d65f1c02a830bc8446166ee6750153b629f2f4c40766b03b,4a14b3fdf51d13786a2e905526f21d4fe7601226e01da29583be8ff3210a7041,work/market-distribution-v1/artifacts/4a14b3fdf51d13786a2e905526f21d4fe7601226e01da29583be8ff3210a7041.json,-7.5,40.5,False,False,none,False,0.14473229706390328,0.0,850f45aae7a0e29c
28ed1e7e5e188568a9c2cec4,2026-09-06T21:09:00.848566+00:00,850f45aae7a0e29c9c9d99adb49e34676c652f43a41ae97d88eb7751243eb060,e55c6fe19fce094ce214c8b0e5b504e9,1,2026-09-13T17:00:00Z,Jacksonville Jaguars,Cleveland Browns,totals,alternate_totals,,21.5,Under,21.5,fanduel,1400,15.0,0.022811126155746486,1.3960254027875676,2026-09-06T21:08:25Z,35.848566,conditional_non_push,0.05768566493955095,consensus_plus_empirical_residual_model,live_snapshot_not_T60,pinnacle,0c51a4e0c3773a4614d122a7,0.01922533624928205,0.01922533624928205,5101.469493348102,-3701.4694933481023,2,OK,1400,fanduel,1400,False,False,40.5,closest_offered_consensus_to_50pct_no_interpolation,0.05768566493955095,-233.5329341317365,0.0,0.05768566493955095,EMPIRICAL_RECONSTRUCTED_HISTORY,0897c49705a05c04d65f1c02a830bc8446166ee6750153b629f2f4c40766b03b,4a14b3fdf51d13786a2e905526f21d4fe7601226e01da29583be8ff3210a7041,work/market-distribution-v1/artifacts/4a14b3fdf51d13786a2e905526f21d4fe7601226e01da29583be8ff3210a7041.json,-7.5,40.5,False,False,none,False,0.14473229706390328,0.0,850f45aae7a0e29c
803eac20c0eb73edab83dede,2026-09-06T21:09:00.848566+00:00,850f45aae7a0e29c9c9d99adb49e34676c652f43a41ae97d88eb7751243eb060,e55c6fe19fce094ce214c8b0e5b504e9,1,2026-09-13T17:00:00Z,Jacksonville Jaguars,Cleveland Browns,totals,alternate_totals,,22.5,Over,22.5,draftkings,-7500,1.0133333333333334,0.97949415706331,1.5642621474244498,2026-09-06T21:08:18Z,42.848566,conditional_non_push,0.9329879101899827,consensus_plus_empirical_residual_model,live_snapshot_not_T60,pinnacle,25b130ab923ecc9dfea9a1c3,0.9731193206026386,0.9731193206026386,-3620.1440678547738,-3879.8559321452262,2,OK,-4000,fanduel,-4000,False,False,40.5,closest_offered_consensus_to_50pct_no_interpolation,0.9329879101899827,-6107.731958762886,0.0,0.9329879101899827,EMPIRICAL_RECONSTRUCTED_HISTORY,0897c49705a05c04d65f1c02a830bc8446166ee6750153b629f2f4c40766b03b,4a14b3fdf51d13786a2e905526f21d4fe7601226e01da29583be8ff3210a7041,work/market-distribution-v1/artifacts/4a14b3fdf51d13786a2e905526f21d4fe7601226e01da29583be8ff3210a7041.json,-7.5,40.5,False,False,none,False,0.9761658031088083,0.0,850f45aae7a0e29c
ce55971539d744031f7df044,2026-09-06T21:09:00.848566+00:00,850f45aae7a0e29c9c9d99adb49e34676c652f43a41ae97d88eb7751243eb060,e55c6fe19fce094ce214c8b0e5b504e9,1,2026-09-13T17:00:00Z,Jacksonville Jaguars,Cleveland Browns,totals,alternate_totals,,22.5,Over,22.5,fanduel,-4000,1.025,0.9667444841419672,1.3696830967319413,2026-09-06T21:08:25Z,35.848566,conditional_non_push,0.9329879101899827,consensus_plus_empirical_residual_model,live_snapshot_not_T60,pinnacle,25b130ab923ecc9dfea9a1c3,0.9731193206026386,0.9731193206026386,-3620.1440678547738,-379.85593214522623,2,OK,-4000,fanduel,-4000,False,False,40.5,closest_offered_consensus_to_50pct_no_interpolation,0.9329879101899827,-2607.7319587628867,0.0,0.9329879101899827,EMPIRICAL_RECONSTRUCTED_HISTORY,0897c49705a05c04d65f1c02a830bc8446166ee6750153b629f2f4c40766b03b,4a14b3fdf51d13786a2e905526f21d4fe7601226e01da29583be8ff3210a7041,work/market-distribution-v1/artifacts/4a14b3fdf51d13786a2e905526f21d4fe7601226e01da29583be8ff3210a7041.json,-7.5,40.5,False,False,none,False,0.9761658031088083,0.0,850f45aae7a0e29c
2ba81a33dca733ba6edd3a39,2026-09-06T21:09:00.848566+00:00,850f45aae7a0e29c9c9d99adb49e34676c652f43a41ae97d88eb7751243eb060,e55c6fe19fce094ce214c8b0e5b504e9,1,2026-09-13T17:00:00Z,Jacksonville Jaguars,Cleveland Browns,totals,alternate_totals,,22.5,Under,22.5,draftkings,1100,12.0,0.020505842936690114,1.5642621474244498,2026-09-06T21:08:18Z,42.848566,conditional_non_push,0.06701208981001727,consensus_plus_empirical_residual_model,live_snapshot_not_T60,pinnacle,25b130ab923ecc9dfea9a1c3,0.02688067939736149,0.02688067939736149,3620.14406785476,-2520.14406785476,2,OK,1100,draftkings|fanduel,1100,False,False,40.5,closest_offered_consensus_to_50pct_no_interpolation,0.06701208981001727,-292.26804123711327,0.0,0.06701208981001727,EMPIRICAL_RECONSTRUCTED_HISTORY,0897c49705a05c04d65f1c02a830bc8446166ee6750153b629f2f4c40766b03b,4a14b3fdf51d13786a2e905526f21d4fe7601226e01da29583be8ff3210a7041,work/market-distribution-v1/artifacts/4a14b3fdf51d13786a2e905526f21d4fe7601226e01da29583be8ff3210a7041.json,-7.5,40.5,False,False,none,False,0.16614853195164075,0.0,850f45aae7a0e29c
32a58974e575c40438af2761,2026-09-06T21:09:00.848566+00:00,850f45aae7a0e29c9c9d99adb49e34676c652f43a41ae97d88eb7751243eb060,e55c6fe19fce094ce214c8b0e5b504e9,1,2026-09-13T17:00:00Z,Jacksonville Jaguars,Cleveland Browns,totals,alternate_totals,,22.5,Under,22.5,fanduel,1100,12.0,0.033255515858032866,1.3696830967319413,2026-09-06T21:08:25Z,35.848566,conditional_non_push,0.06701208981001727,consensus_plus_empirical_residual_model,live_snapshot_not_T60,pinnacle,25b130ab923ecc9dfea9a1c3,0.02688067939736149,0.02688067939736149,3620.14406785476,-2520.14406785476,2,OK,1100,draftkings|fanduel,1100,False,False,40.5,closest_offered_consensus_to_50pct_no_interpolation,0.06701208981001727,-292.26804123711327,0.0,0.06701208981001727,EMPIRICAL_RECONSTRUCTED_HISTORY,0897c49705a05c04d65f1c02a830bc8446166ee6750153b629f2f4c40766b03b,4a14b3fdf51d13786a2e905526f21d4fe7601226e01da29583be8ff3210a7041,work/market-distribution-v1/artifacts/4a14b3fdf51d13786a2e905526f21d4fe7601226e01da29583be8ff3210a7041.json,-7.5,40.5,False,False,none,False,0.16614853195164075,0.0,850f45aae7a0e29c
c0780a27e7e1f39e05dd955b,2026-09-06T21:09:00.848566+00:00,850f45aae7a0e29c9c9d99adb49e34676c652f43a41ae97d88eb7751243eb060,e55c6fe19fce094ce214c8b0e5b504e9,1,2026-09-13T17:00:00Z,Jacksonville Jaguars,Cleveland Browns,totals,alternate_totals,,23.5,Over,23.5,draftkings,-3600,1.0277777777777777,0.9622382728498154,1.4049129666648392,2026-09-06T21:08:18Z,42.848566,conditional_non_push,0.9260794473229707,consensus_plus_empirical_residual_model,live_snapshot_not_T60,pinnacle,459f7091b0ba0d8e88bee040,0.9599577834126584,0.9599577834126584,-2397.3642451055653,-1202.6357548944347,2,OK,-3000,fanduel,-3000,False,False,40.5,closest_offered_consensus_to_50pct_no_interpolation,0.9260794473229707,-2347.196261682243,0.0,0.9260794473229707,EMPIRICAL_RECONSTRUCTED_HISTORY,0897c49705a05c04d65f1c02a830bc8446166ee6750153b629f2f4c40766b03b,4a14b3fdf51d13786a2e905526f21d4fe7601226e01da29583be8ff3210a7041,work/market-distribution-v1/artifacts/4a14b3fdf51d13786a2e905526f21d4fe7601226e01da29583be8ff3210a7041.json,-7.5,40.5,False,False,none,False,0.9709844559585492,0.0,850f45aae7a0e29c
3cfdfac6f9168ab1ba3c1123,2026-09-06T21:09:00.848566+00:00,850f45aae7a0e29c9c9d99adb49e34676c652f43a41ae97d88eb7751243eb060,e55c6fe19fce094ce214c8b0e5b504e9,1,2026-09-13T17:00:00Z,Jacksonville Jaguars,Cleveland Browns,totals,alternate_totals,,23.5,Over,23.5,fanduel,-3000,1.0333333333333334,0.9576772939755013,1.3188363926369235,2026-09-06T21:08:25Z,35.848566,conditional_non_push,0.9260794473229707,consensus_plus_empirical_residual_model,live_snapshot_not_T60,pinnacle,459f7091b0ba0d8e88bee040,0.9599577834126584,0.9599577834126584,-2397.3642451055653,-602.6357548944347,2,OK,-3000,fanduel,-3000,False,False,40.5,closest_offered_consensus_to_50pct_no_interpolation,0.9260794473229707,-1747.1962616822427,0.0,0.9260794473229707,EMPIRICAL_RECONSTRUCTED_HISTORY,0897c49705a05c04d65f1c02a830bc8446166ee6750153b629f2f4c40766b03b,4a14b3fdf51d13786a2e905526f21d4fe7601226e01da29583be8ff3210a7041,work/market-distribution-v1/artifacts/4a14b3fdf51d13786a2e905526f21d4fe7601226e01da29583be8ff3210a7041.json,-7.5,40.5,False,False,none,False,0.9709844559585492,0.0,850f45aae7a0e29c
eba697fa3542127730a3812a,2026-09-06T21:09:00.848566+00:00,850f45aae7a0e29c9c9d99adb49e34676c652f43a41ae97d88eb7751243eb060,e55c6fe19fce094ce214c8b0e5b504e9,1,2026-09-13T17:00:00Z,Jacksonville Jaguars,Cleveland Browns,totals,alternate_totals,,23.5,Under,23.5,draftkings,930,10.3,0.03776172715018466,1.4049129666648392,2026-09-06T21:08:18Z,42.848566,conditional_non_push,0.07392055267702936,consensus_plus_empirical_residual_model,live_snapshot_not_T60,pinnacle,459f7091b0ba0d8e88bee040,0.04004221658734172,0.04004221658734172,2397.36424510556,-1467.3642451055598,2,OK,1000,fanduel,1000,False,False,40.5,closest_offered_consensus_to_50pct_no_interpolation,0.07392055267702936,-322.80373831775705,0.0,0.07392055267702936,EMPIRICAL_RECONSTRUCTED_HISTORY,0897c49705a05c04d65f1c02a830bc8446166ee6750153b629f2f4c40766b03b,4a14b3fdf51d13786a2e905526f21d4fe7601226e01da29583be8ff3210a7041,work/market-distribution-v1/artifacts/4a14b3fdf51d13786a2e905526f21d4fe7601226e01da29583be8ff3210a7041.json,-7.5,40.5,False,False,none,False,0.18721934369602763,0.0,850f45aae7a0e29c
fc095d9c01b625b914791da6,2026-09-06T21:09:00.848566+00:00,850f45aae7a0e29c9c9d99adb49e34676c652f43a41ae97d88eb7751243eb060,e55c6fe19fce094ce214c8b0e5b504e9,1,2026-09-13T17:00:00Z,Jacksonville Jaguars,Cleveland Browns,totals,alternate_totals,,23.5,Under,23.5,fanduel,1000,11.0,0.04232270602449879,1.3188363926369235,2026-09-06T21:08:25Z,35.848566,conditional_non_push,0.07392055267702936,consensus_plus_empirical_residual_model,live_snapshot_not_T60,pinnacle,459f7091b0ba0d8e88bee040,0.04004221658734172,0.04004221658734172,2397.36424510556,-1397.3642451055598,2,OK,1000,fanduel,1000,False,False,40.5,closest_offered_consensus_to_50pct_no_interpolation,0.07392055267702936,-252.80373831775705,0.0,0.07392055267702936,EMPIRICAL_RECONSTRUCTED_HISTORY,0897c49705a05c04d65f1c02a830bc8446166ee6750153b629f2f4c40766b03b,4a14b3fdf51d13786a2e905526f21d4fe7601226e01da29583be8ff3210a7041,work/market-distribution-v1/artifacts/4a14b3fdf51d13786a2e905526f21d4fe7601226e01da29583be8ff3210a7041.json,-7.5,40.5,False,False,none,False,0.18721934369602763,0.0,850f45aae7a0e29c
3ae39c2cb612ca147e2f7d8d,2026-09-06T21:09:00.848566+00:00,850f45aae7a0e29c9c9d99adb49e34676c652f43a41ae97d88eb7751243eb060,e55c6fe19fce094ce214c8b0e5b504e9,1,2026-09-13T17:00:00Z,Jacksonville Jaguars,Cleveland Browns,totals,alternate_totals,,24.5,Over,24.5,draftkings,-2800,1.0357142857142858,0.9533479402375244,1.3614575422982775,2026-09-06T21:08:18Z,42.848566,conditional_non_push,0.9105354058721934,consensus_plus_empirical_residual_model,live_snapshot_not_T60,pinnacle,e0f6d022353e08c0300e2401,0.9517693789494643,0.9517693789494643,-1973.3716013157034,-826.6283986842966,2,OK,-2500,fanduel,-2500,False,False,40.5,closest_offered_consensus_to_50pct_no_interpolation,0.9105354058721934,-1782.2393822393828,0.0,0.9105354058721934,EMPIRICAL_RECONSTRUCTED_HISTORY,0897c49705a05c04d65f1c02a830bc8446166ee6750153b629f2f4c40766b03b,4a14b3fdf51d13786a2e905526f21d4fe7601226e01da29583be8ff3210a7041,work/market-distribution-v1/artifacts/4a14b3fdf51d13786a2e905526f21d4fe7601226e01da29583be8ff3210a7041.json,-7.5,40.5,False,False,none,False,0.9671848013816926,0.0,850f45aae7a0e29c
0107390f0f2c6f5a5e18301e,2026-09-06T21:09:00.848566+00:00,850f45aae7a0e29c9c9d99adb49e34676c652f43a41ae97d88eb7751243eb060,e55c6fe19fce094ce214c8b0e5b504e9,1,2026-09-13T17:00:00Z,Jacksonville Jaguars,Cleveland Browns,totals,alternate_totals,,24.5,Over,24.5,fanduel,-2500,1.04,0.9501908176614043,1.302690587533839,2026-09-06T21:08:25Z,35.848566,conditional_non_push,0.9105354058721934,consensus_plus_empirical_residual_model,live_snapshot_not_T60,pinnacle,e0f6d022353e08c0300e2401,0.9517693789494643,0.9517693789494643,-1973.3716013157034,-526.6283986842966,2,OK,-2500,fanduel,-2500,False,False,40.5,closest_offered_consensus_to_50pct_no_interpolation,0.9105354058721934,-1482.2393822393828,0.0,0.9105354058721934,EMPIRICAL_RECONSTRUCTED_HISTORY,0897c49705a05c04d65f1c02a830bc8446166ee6750153b629f2f4c40766b03b,4a14b3fdf51d13786a2e905526f21d4fe7601226e01da29583be8ff3210a7041,work/market-distribution-v1/artifacts/4a14b3fdf51d13786a2e905526f21d4fe7601226e01da29583be8ff3210a7041.json,-7.5,40.5,False,False,none,False,0.9671848013816926,0.0,850f45aae7a0e29c
3cf437a4ac3683ee2ddca51f,2026-09-06T21:09:00.848566+00:00,850f45aae7a0e29c9c9d99adb49e34676c652f43a41ae97d88eb7751243eb060,e55c6fe19fce094ce214c8b0e5b504e9,1,2026-09-13T17:00:00Z,Jacksonville Jaguars,Cleveland Browns,totals,alternate_totals,,24.5,Under,24.5,draftkings,850,9.5,0.046652059762475634,1.3614575422982775,2026-09-06T21:08:18Z,42.848566,conditional_non_push,0.08946459412780657,consensus_plus_empirical_residual_model,live_snapshot_not_T60,pinnacle,e0f6d022353e08c0300e2401,0.04823062105053577,0.04823062105053577,1973.3716013156986,-1123.3716013156986,2,OK,900,fanduel,900,False,False,40.5,closest_offered_consensus_to_50pct_no_interpolation,0.08946459412780657,-167.76061776061772,0.0,0.08946459412780657,EMPIRICAL_RECONSTRUCTED_HISTORY,0897c49705a05c04d65f1c02a830bc8446166ee6750153b629f2f4c40766b03b,4a14b3fdf51d13786a2e905526f21d4fe7601226e01da29583be8ff3210a7041,work/market-distribution-v1/artifacts/4a14b3fdf51d13786a2e905526f21d4fe7601226e01da29583be8ff3210a7041.json,-7.5,40.5,False,False,none,False,0.20829015544041452,0.0,850f45aae7a0e29c
62cacf727167fd752649c9be,2026-09-06T21:09:00.848566+00:00,850f45aae7a0e29c9c9d99adb49e34676c652f43a41ae97d88eb7751243eb060,e55c6fe19fce094ce214c8b0e5b504e9,1,2026-09-13T17:00:00Z,Jacksonville Jaguars,Cleveland Browns,totals,alternate_totals,,24.5,Under,24.5,fanduel,900,10.0,0.0498091823385959,1.302690587533839,2026-09-06T21:08:25Z,35.848566,conditional_non_push,0.08946459412780657,consensus_plus_empirical_residual_model,live_snapshot_not_T60,pinnacle,e0f6d022353e08c0300e2401,0.04823062105053577,0.04823062105053577,1973.3716013156986,-1073.3716013156986,2,OK,900,fanduel,900,False,False,40.5,closest_offered_consensus_to_50pct_no_interpolation,0.08946459412780657,-117.76061776061772,0.0,0.08946459412780657,EMPIRICAL_RECONSTRUCTED_HISTORY,0897c49705a05c04d65f1c02a830bc8446166ee6750153b629f2f4c40766b03b,4a14b3fdf51d13786a2e905526f21d4fe7601226e01da29583be8ff3210a7041,work/market-distribution-v1/artifacts/4a14b3fdf51d13786a2e905526f21d4fe7601226e01da29583be8ff3210a7041.json,-7.5,40.5,False,False,none,False,0.20829015544041452,0.0,850f45aae7a0e29c
1b25f83db7b1943918f6bb3a,2026-09-06T21:09:00.848566+00:00,850f45aae7a0e29c9c9d99adb49e34676c652f43a41ae97d88eb7751243eb060,e55c6fe19fce094ce214c8b0e5b504e9,1,2026-09-13T17:00:00Z,Jacksonville Jaguars,Cleveland Browns,totals,alternate_totals,,25.5,Over,25.5,draftkings,-2000,1.05,0.9384261924414743,1.3025385609034679,2026-09-06T21:08:18Z,42.848566,conditional_non_push,0.8946459412780656,consensus_plus_empirical_residual_model,live_snapshot_not_T60,pinnacle,d76c638123a72b297cdcb56e,0.9366953541192304,0.9366953541192304,-1479.6628921729364,-520.3371078270636,2,OK,-1800,fanduel,-1800,False,False,40.5,closest_offered_consensus_to_50pct_no_interpolation,0.8946459412780656,-1150.8196721311476,0.0,0.8946459412780656,EMPIRICAL_RECONSTRUCTED_HISTORY,0897c49705a05c04d65f1c02a830bc8446166ee6750153b629f2f4c40766b03b,4a14b3fdf51d13786a2e905526f21d4fe7601226e01da29583be8ff3210a7041,work/market-distribution-v1/artifacts/4a14b3fdf51d13786a2e905526f21d4fe7601226e01da29583be8ff3210a7041.json,-7.5,40.5,False,False,none,False,0.9595854922279793,0.0,850f45aae7a0e29c
e453c6c8b8ac30a64bfbb099,2026-09-06T21:09:00.848566+00:00,850f45aae7a0e29c9c9d99adb49e34676c652f43a41ae97d88eb7751243eb060,e55c6fe19fce094ce214c8b0e5b504e9,1,2026-09-13T17:00:00Z,Jacksonville Jaguars,Cleveland Browns,totals,alternate_totals,,25.5,Over,25.5,fanduel,-1800,1.0555555555555556,0.9349645157969867,1.2437610044118093,2026-09-06T21:08:25Z,35.848566,conditional_non_push,0.8946459412780656,consensus_plus_empirical_residual_model,live_snapshot_not_T60,pinnacle,d76c638123a72b297cdcb56e,0.9366953541192304,0.9366953541192304,-1479.6628921729364,-320.3371078270636,2,OK,-1800,fanduel,-1800,False,False,40.5,closest_offered_consensus_to_50pct_no_interpolation,0.8946459412780656,-950.8196721311476,0.0,0.8946459412780656,EMPIRICAL_RECONSTRUCTED_HISTORY,0897c49705a05c04d65f1c02a830bc8446166ee6750153b629f2f4c40766b03b,4a14b3fdf51d13786a2e905526f21d4fe7601226e01da29583be8ff3210a7041,work/market-distribution-v1/artifacts/4a14b3fdf51d13786a2e905526f21d4fe7601226e01da29583be8ff3210a7041.json,-7.5,40.5,False,False,none,False,0.9595854922279793,0.0,850f45aae7a0e29c
eae9cf949c8d83c3d0595fbb,2026-09-06T21:09:00.848566+00:00,850f45aae7a0e29c9c9d99adb49e34676c652f43a41ae97d88eb7751243eb060,e55c6fe19fce094ce214c8b0e5b504e9,1,2026-09-13T17:00:00Z,Jacksonville Jaguars,Cleveland Browns,totals,alternate_totals,,25.5,Under,25.5,draftkings,750,8.5,0.06157380755852582,1.3025385609034679,2026-09-06T21:08:18Z,42.848566,conditional_non_push,0.10535405872193436,consensus_plus_empirical_residual_model,live_snapshot_not_T60,pinnacle,d76c638123a72b297cdcb56e,0.06330464588076963,0.06330464588076963,1479.6628921729346,-729.6628921729346,2,OK,800,fanduel,800,False,False,40.5,closest_offered_consensus_to_50pct_no_interpolation,0.10535405872193436,-99.18032786885249,0.0,0.10535405872193436,EMPIRICAL_RECONSTRUCTED_HISTORY,0897c49705a05c04d65f1c02a830bc8446166ee6750153b629f2f4c40766b03b,4a14b3fdf51d13786a2e905526f21d4fe7601226e01da29583be8ff3210a7041,work/market-distribution-v1/artifacts/4a14b3fdf51d13786a2e905526f21d4fe7601226e01da29583be8ff3210a7041.json,-7.5,40.5,False,False,none,False,0.23419689119170983,0.0,850f45aae7a0e29c
faf1fc3945aacb9194c720dc,2026-09-06T21:09:00.848566+00:00,850f45aae7a0e29c9c9d99adb49e34676c652f43a41ae97d88eb7751243eb060,e55c6fe19fce094ce214c8b0e5b504e9,1,2026-09-13T17:00:00Z,Jacksonville Jaguars,Cleveland Browns,totals,alternate_totals,,25.5,Under,25.5,fanduel,800,9.0,0.06503548420301344,1.2437610044118093,2026-09-06T21:08:25Z,35.848566,conditional_non_push,0.10535405872193436,consensus_plus_empirical_residual_model,live_snapshot_not_T60,pinnacle,d76c638123a72b297cdcb56e,0.06330464588076963,0.06330464588076963,1479.6628921729346,-679.6628921729346,2,OK,800,fanduel,800,False,False,40.5,closest_offered_consensus_to_50pct_no_interpolation,0.10535405872193436,-49.18032786885249,0.0,0.10535405872193436,EMPIRICAL_RECONSTRUCTED_HISTORY,0897c49705a05c04d65f1c02a830bc8446166ee6750153b629f2f4c40766b03b,4a14b3fdf51d13786a2e905526f21d4fe7601226e01da29583be8ff3210a7041,work/market-distribution-v1/artifacts/4a14b3fdf51d13786a2e905526f21d4fe7601226e01da29583be8ff3210a7041.json,-7.5,40.5,False,False,none,False,0.23419689119170983,0.0,850f45aae7a0e29c
8f96ef74c317d0bdfdcbff5f,2026-09-06T21:09:00.848566+00:00,850f45aae7a0e29c9c9d99adb49e34676c652f43a41ae97d88eb7751243eb060,e55c6fe19fce094ce214c8b0e5b504e9,1,2026-09-13T17:00:00Z,Jacksonville Jaguars,Cleveland Browns,totals,alternate_totals,,26.5,Over,26.5,draftkings,-1360,1.0735294117647058,0.915152569343753,1.2496450430619341,2026-09-06T21:08:18Z,42.848566,conditional_non_push,0.8780656303972366,consensus_plus_empirical_residual_model,live_snapshot_not_T60,pinnacle,4535ee624112528d46567f96,0.9117188034953028,0.9117188034953028,-1032.7440492345304,-327.2559507654696,2,OK,-1200,fanduel,-1200,False,False,40.5,closest_offered_consensus_to_50pct_no_interpolation,0.8780656303972366,-639.8866855524079,0.0,0.8780656303972366,EMPIRICAL_RECONSTRUCTED_HISTORY,0897c49705a05c04d65f1c02a830bc8446166ee6750153b629f2f4c40766b03b,4a14b3fdf51d13786a2e905526f21d4fe7601226e01da29583be8ff3210a7041,work/market-distribution-v1/artifacts/4a14b3fdf51d13786a2e905526f21d4fe7601226e01da29583be8ff3210a7041.json,-7.5,40.5,False,False,none,False,0.951986183074266,0.0,850f45aae7a0e29c
cb55f31df93f5812b88a413f,2026-09-06T21:09:00.848566+00:00,850f45aae7a0e29c9c9d99adb49e34676c652f43a41ae97d88eb7751243eb060,e55c6fe19fce094ce214c8b0e5b504e9,1,2026-09-13T17:00:00Z,Jacksonville Jaguars,Cleveland Browns,totals,alternate_totals,,26.5,Over,26.5,fanduel,-1200,1.0833333333333333,0.9082850376468526,1.2018213067191894,2026-09-06T21:08:25Z,35.848566,conditional_non_push,0.8780656303972366,consensus_plus_empirical_residual_model,live_snapshot_not_T60,pinnacle,4535ee624112528d46567f96,0.9117188034953028,0.9117188034953028,-1032.7440492345304,-167.2559507654696,2,OK,-1200,fanduel,-1200,False,False,40.5,closest_offered_consensus_to_50pct_no_interpolation,0.8780656303972366,-479.8866855524079,0.0,0.8780656303972366,EMPIRICAL_RECONSTRUCTED_HISTORY,0897c49705a05c04d65f1c02a830bc8446166ee6750153b629f2f4c40766b03b,4a14b3fdf51d13786a2e905526f21d4fe7601226e01da29583be8ff3210a7041,work/market-distribution-v1/artifacts/4a14b3fdf51d13786a2e905526f21d4fe7601226e01da29583be8ff3210a7041.json,-7.5,40.5,False,False,none,False,0.951986183074266,0.0,850f45aae7a0e29c
0be3608df8e49372b272533f,2026-09-06T21:09:00.848566+00:00,850f45aae7a0e29c9c9d99adb49e34676c652f43a41ae97d88eb7751243eb060,e55c6fe19fce094ce214c8b0e5b504e9,1,2026-09-13T17:00:00Z,Jacksonville Jaguars,Cleveland Browns,totals,alternate_totals,,26.5,Under,26.5,draftkings,620,7.2,0.08484743065624716,1.2496450430619341,2026-09-06T21:08:18Z,42.848566,conditional_non_push,0.12193436960276338,consensus_plus_empirical_residual_model,live_snapshot_not_T60,pinnacle,4535ee624112528d46567f96,0.08828119650469723,0.08828119650469723,1032.7440492345304,-412.7440492345304,2,OK,630,fanduel,630,False,False,40.5,closest_offered_consensus_to_50pct_no_interpolation,0.12193436960276338,-100.11331444759207,0.0,0.12193436960276338,EMPIRICAL_RECONSTRUCTED_HISTORY,0897c49705a05c04d65f1c02a830bc8446166ee6750153b629f2f4c40766b03b,4a14b3fdf51d13786a2e905526f21d4fe7601226e01da29583be8ff3210a7041,work/market-distribution-v1/artifacts/4a14b3fdf51d13786a2e905526f21d4fe7601226e01da29583be8ff3210a7041.json,-7.5,40.5,False,False,none,False,0.2597582037996546,0.0,850f45aae7a0e29c
9bb051aec97d8441899bcf5b,2026-09-06T21:09:00.848566+00:00,850f45aae7a0e29c9c9d99adb49e34676c652f43a41ae97d88eb7751243eb060,e55c6fe19fce094ce214c8b0e5b504e9,1,2026-09-13T17:00:00Z,Jacksonville Jaguars,Cleveland Browns,totals,alternate_totals,,26.5,Under,26.5,fanduel,630,7.3,0.09171496235314733,1.2018213067191894,2026-09-06T21:08:25Z,35.848566,conditional_non_push,0.12193436960276338,consensus_plus_empirical_residual_model,live_snapshot_not_T60,pinnacle,4535ee624112528d46567f96,0.08828119650469723,0.08828119650469723,1032.7440492345304,-402.7440492345304,2,OK,630,fanduel,630,False,False,40.5,closest_offered_consensus_to_50pct_no_interpolation,0.12193436960276338,-90.11331444759207,0.0,0.12193436960276338,EMPIRICAL_RECONSTRUCTED_HISTORY,0897c49705a05c04d65f1c02a830bc8446166ee6750153b629f2f4c40766b03b,4a14b3fdf51d13786a2e905526f21d4fe7601226e01da29583be8ff3210a7041,work/market-distribution-v1/artifacts/4a14b3fdf51d13786a2e905526f21d4fe7601226e01da29583be8ff3210a7041.json,-7.5,40.5,False,False,none,False,0.2597582037996546,0.0,850f45aae7a0e29c
5605fcf30ff18a9fceee9033,2026-09-06T21:09:00.848566+00:00,850f45aae7a0e29c9c9d99adb49e34676c652f43a41ae97d88eb7751243eb060,e55c6fe19fce094ce214c8b0e5b504e9,1,2026-09-13T17:00:00Z,Jacksonville Jaguars,Cleveland Browns,totals,alternate_totals,,27.5,Over,27.5,draftkings,-1060,1.0943396226415094,0.8959334104350265,1.2189445402626422,2026-09-06T21:08:18Z,42.848566,conditional_non_push,0.8552677029360967,consensus_plus_empirical_residual_model,live_snapshot_not_T60,pinnacle,6256d6501b097f5dce6b93fc,0.892199389809337,0.892199389809337,-827.6385339854168,-232.36146601458324,2,OK,-950,fanduel,-950,False,False,40.5,closest_offered_consensus_to_50pct_no_interpolation,0.8552677029360967,-469.06921241050145,0.0,0.8552677029360967,EMPIRICAL_RECONSTRUCTED_HISTORY,0897c49705a05c04d65f1c02a830bc8446166ee6750153b629f2f4c40766b03b,4a14b3fdf51d13786a2e905526f21d4fe7601226e01da29583be8ff3210a7041,work/market-distribution-v1/artifacts/4a14b3fdf51d13786a2e905526f21d4fe7601226e01da29583be8ff3210a7041.json,-7.5,40.5,False,False,none,False,0.942314335060449,0.0,850f45aae7a0e29c
ab59fd202119f6db16903068,2026-09-06T21:09:00.848566+00:00,850f45aae7a0e29c9c9d99adb49e34676c652f43a41ae97d88eb7751243eb060,e55c6fe19fce094ce214c8b0e5b504e9,1,2026-09-13T17:00:00Z,Jacksonville Jaguars,Cleveland Browns,totals,alternate_totals,,27.5,Over,27.5,fanduel,-950,1.1052631578947367,0.8884653691836476,1.1816099340774073,2026-09-06T21:08:25Z,35.848566,conditional_non_push,0.8552677029360967,consensus_plus_empirical_residual_model,live_snapshot_not_T60,pinnacle,6256d6501b097f5dce6b93fc,0.892199389809337,0.892199389809337,-827.6385339854168,-122.36146601458324,2,OK,-950,fanduel,-950,False,False,40.5,closest_offered_consensus_to_50pct_no_interpolation,0.8552677029360967,-359.06921241050145,0.0,0.8552677029360967,EMPIRICAL_RECONSTRUCTED_HISTORY,0897c49705a05c04d65f1c02a830bc8446166ee6750153b629f2f4c40766b03b,4a14b3fdf51d13786a2e905526f21d4fe7601226e01da29583be8ff3210a7041,work/market-distribution-v1/artifacts/4a14b3fdf51d13786a2e905526f21d4fe7601226e01da29583be8ff3210a7041.json,-7.5,40.5,False,False,none,False,0.942314335060449,0.0,850f45aae7a0e29c
38fcb567022f8ab49161df34,2026-09-06T21:09:00.848566+00:00,850f45aae7a0e29c9c9d99adb49e34676c652f43a41ae97d88eb7751243eb060,e55c6fe19fce094ce214c8b0e5b504e9,1,2026-09-13T17:00:00Z,Jacksonville Jaguars,Cleveland Browns,totals,alternate_totals,,27.5,Under,27.5,draftkings,540,6.4,0.10406658956497361,1.2189445402626422,2026-09-06T21:08:18Z,42.848566,conditional_non_push,0.14473229706390328,consensus_plus_empirical_residual_model,live_snapshot_not_T60,pinnacle,6256d6501b097f5dce6b93fc,0.10780061019066309,0.10780061019066309,827.638533985416,-287.63853398541596,2,OK,540,draftkings|fanduel,540,False,False,40.5,closest_offered_consensus_to_50pct_no_interpolation,0.14473229706390328,-50.93078758949878,0.0,0.14473229706390328,EMPIRICAL_RECONSTRUCTED_HISTORY,0897c49705a05c04d65f1c02a830bc8446166ee6750153b629f2f4c40766b03b,4a14b3fdf51d13786a2e905526f21d4fe7601226e01da29583be8ff3210a7041,work/market-distribution-v1/artifacts/4a14b3fdf51d13786a2e905526f21d4fe7601226e01da29583be8ff3210a7041.json,-7.5,40.5,False,False,none,False,0.2922279792746114,0.0,850f45aae7a0e29c
5c93c49c9793122f43509d45,2026-09-06T21:09:00.848566+00:00,850f45aae7a0e29c9c9d99adb49e34676c652f43a41ae97d88eb7751243eb060,e55c6fe19fce094ce214c8b0e5b504e9,1,2026-09-13T17:00:00Z,Jacksonville Jaguars,Cleveland Browns,totals,alternate_totals,,27.5,Under,27.5,fanduel,540,6.4,0.11153463081635256,1.1816099340774073,2026-09-06T21:08:25Z,35.848566,conditional_non_push,0.14473229706390328,consensus_plus_empirical_residual_model,live_snapshot_not_T60,pinnacle,6256d6501b097f5dce6b93fc,0.10780061019066309,0.10780061019066309,827.638533985416,-287.63853398541596,2,OK,540,draftkings|fanduel,540,False,False,40.5,closest_offered_consensus_to_50pct_no_interpolation,0.14473229706390328,-50.93078758949878,0.0,0.14473229706390328,EMPIRICAL_RECONSTRUCTED_HISTORY,0897c49705a05c04d65f1c02a830bc8446166ee6750153b629f2f4c40766b03b,4a14b3fdf51d13786a2e905526f21d4fe7601226e01da29583be8ff3210a7041,work/market-distribution-v1/artifacts/4a14b3fdf51d13786a2e905526f21d4fe7601226e01da29583be8ff3210a7041.json,-7.5,40.5,False,False,none,False,0.2922279792746114,0.0,850f45aae7a0e29c
f2cdb97a52e4ae825abc2cd4,2026-09-06T21:09:00.848566+00:00,850f45aae7a0e29c9c9d99adb49e34676c652f43a41ae97d88eb7751243eb060,e55c6fe19fce094ce214c8b0e5b504e9,1,2026-09-13T17:00:00Z,Jacksonville Jaguars,Cleveland Browns,totals,alternate_totals,,28.5,Over,28.5,draftkings,-900,1.1111111111111112,0.8811358044780017,1.201052557813644,2026-09-06T21:08:18Z,42.848566,conditional_non_push,0.8338514680483592,consensus_plus_empirical_residual_model,live_snapshot_not_T60,pinnacle,b27b382b11b3650dbc50789c,0.8763356967750026,0.8763356967750026,-708.6407911752666,-191.3592088247334,2,OK,-800,fanduel,-800,False,False,40.5,closest_offered_consensus_to_50pct_no_interpolation,0.8338514680483592,-398.12889812889836,0.0,0.8338514680483592,EMPIRICAL_RECONSTRUCTED_HISTORY,0897c49705a05c04d65f1c02a830bc8446166ee6750153b629f2f4c40766b03b,4a14b3fdf51d13786a2e905526f21d4fe7601226e01da29583be8ff3210a7041,work/market-distribution-v1/artifacts/4a14b3fdf51d13786a2e905526f21d4fe7601226e01da29583be8ff3210a7041.json,-7.5,40.5,False,False,none,False,0.9329879101899827,0.0,850f45aae7a0e29c
62d11bea6e9c455802beb92b,2026-09-06T21:09:00.848566+00:00,850f45aae7a0e29c9c9d99adb49e34676c652f43a41ae97d88eb7751243eb060,e55c6fe19fce094ce214c8b0e5b504e9,1,2026-09-13T17:00:00Z,Jacksonville Jaguars,Cleveland Browns,totals,alternate_totals,,28.5,Over,28.5,fanduel,-800,1.125,0.8715355890720035,1.167388644028101,2026-09-06T21:08:25Z,35.848566,conditional_non_push,0.8338514680483592,consensus_plus_empirical_residual_model,live_snapshot_not_T60,pinnacle,b27b382b11b3650dbc50789c,0.8763356967750026,0.8763356967750026,-708.6407911752666,-91.3592088247334,2,OK,-800,fanduel,-800,False,False,40.5,closest_offered_consensus_to_50pct_no_interpolation,0.8338514680483592,-298.12889812889836,0.0,0.8338514680483592,EMPIRICAL_RECONSTRUCTED_HISTORY,0897c49705a05c04d65f1c02a830bc8446166ee6750153b629f2f4c40766b03b,4a14b3fdf51d13786a2e905526f21d4fe7601226e01da29583be8ff3210a7041,work/market-distribution-v1/artifacts/4a14b3fdf51d13786a2e905526f21d4fe7601226e01da29583be8ff3210a7041.json,-7.5,40.5,False,False,none,False,0.9329879101899827,0.0,850f45aae7a0e29c
049eafbc09e821c8fcdbea87,2026-09-06T21:09:00.848566+00:00,850f45aae7a0e29c9c9d99adb49e34676c652f43a41ae97d88eb7751243eb060,e55c6fe19fce094ce214c8b0e5b504e9,1,2026-09-13T17:00:00Z,Jacksonville Jaguars,Cleveland Browns,totals,alternate_totals,,28.5,Under,28.5,draftkings,489,5.89,0.11886419552199833,1.201052557813644,2026-09-06T21:08:18Z,42.848566,conditional_non_push,0.16614853195164075,consensus_plus_empirical_residual_model,live_snapshot_not_T60,pinnacle,b27b382b11b3650dbc50789c,0.12366430322499747,0.12366430322499747,708.6407911752665,-219.6407911752665,2,OK,489,draftkings,489,False,False,40.5,closest_offered_consensus_to_50pct_no_interpolation,0.16614853195164075,-12.871101871101928,0.0,0.16614853195164075,EMPIRICAL_RECONSTRUCTED_HISTORY,0897c49705a05c04d65f1c02a830bc8446166ee6750153b629f2f4c40766b03b,4a14b3fdf51d13786a2e905526f21d4fe7601226e01da29583be8ff3210a7041,work/market-distribution-v1/artifacts/4a14b3fdf51d13786a2e905526f21d4fe7601226e01da29583be8ff3210a7041.json,-7.5,40.5,False,False,none,False,0.3188255613126079,0.0,850f45aae7a0e29c
e5651377f9211c3e2a7e8440,2026-09-06T21:09:00.848566+00:00,850f45aae7a0e29c9c9d99adb49e34676c652f43a41ae97d88eb7751243eb060,e55c6fe19fce094ce214c8b0e5b504e9,1,2026-09-13T17:00:00Z,Jacksonville Jaguars,Cleveland Browns,totals,alternate_totals,,28.5,Under,28.5,fanduel,480,5.8,0.12846441092799663,1.167388644028101,2026-09-06T21:08:25Z,35.848566,conditional_non_push,0.16614853195164075,consensus_plus_empirical_residual_model,live_snapshot_not_T60,pinnacle,b27b382b11b3650dbc50789c,0.12366430322499747,0.12366430322499747,708.6407911752665,-228.6407911752665,2,OK,489,draftkings,489,False,False,40.5,closest_offered_consensus_to_50pct_no_interpolation,0.16614853195164075,-21.871101871101928,0.0,0.16614853195164075,EMPIRICAL_RECONSTRUCTED_HISTORY,0897c49705a05c04d65f1c02a830bc8446166ee6750153b629f2f4c40766b03b,4a14b3fdf51d13786a2e905526f21d4fe7601226e01da29583be8ff3210a7041,work/market-distribution-v1/artifacts/4a14b3fdf51d13786a2e905526f21d4fe7601226e01da29583be8ff3210a7041.json,-7.5,40.5,False,False,none,False,0.3188255613126079,0.0,850f45aae7a0e29c
7554c049415a167f669a398a,2026-09-06T21:09:00.848566+00:00,850f45aae7a0e29c9c9d99adb49e34676c652f43a41ae97d88eb7751243eb060,e55c6fe19fce094ce214c8b0e5b504e9,1,2026-09-13T17:00:00Z,Jacksonville Jaguars,Cleveland Browns,totals,alternate_totals,,29.5,Over,29.5,draftkings,-690,1.144927536231884,0.8523962654220208,1.1800071636017426,2026-09-06T21:08:18Z,42.848566,conditional_non_push,0.8127806563039723,consensus_plus_empirical_residual_model,live_snapshot_not_T60,pinnacle,02e5976b8425e5936af94e64,0.8505857014448205,0.8505857014448205,-569.2799883745361,-120.72001162546394,2,OK,-650,fanduel,-650,False,False,40.5,closest_offered_consensus_to_50pct_no_interpolation,0.8127806563039723,-255.86715867158676,0.0,0.8127806563039723,EMPIRICAL_RECONSTRUCTED_HISTORY,0897c49705a05c04d65f1c02a830bc8446166ee6750153b629f2f4c40766b03b,4a14b3fdf51d13786a2e905526f21d4fe7601226e01da29583be8ff3210a7041,work/market-distribution-v1/artifacts/4a14b3fdf51d13786a2e905526f21d4fe7601226e01da29583be8ff3210a7041.json,-7.5,40.5,False,False,none,False,0.9260794473229707,0.0,850f45aae7a0e29c
6d84619341a21969841673bf,2026-09-06T21:09:00.848566+00:00,850f45aae7a0e29c9c9d99adb49e34676c652f43a41ae97d88eb7751243eb060,e55c6fe19fce094ce214c8b0e5b504e9,1,2026-09-13T17:00:00Z,Jacksonville Jaguars,Cleveland Browns,totals,alternate_totals,,29.5,Over,29.5,fanduel,-650,1.1538461538461537,0.8487751374676201,1.1457723052543067,2026-09-06T21:08:25Z,35.848566,conditional_non_push,0.8127806563039723,consensus_plus_empirical_residual_model,live_snapshot_not_T60,pinnacle,02e5976b8425e5936af94e64,0.8505857014448205,0.8505857014448205,-569.2799883745361,-80.72001162546394,2,OK,-650,fanduel,-650,False,False,40.5,closest_offered_consensus_to_50pct_no_interpolation,0.8127806563039723,-215.86715867158676,0.0,0.8127806563039723,EMPIRICAL_RECONSTRUCTED_HISTORY,0897c49705a05c04d65f1c02a830bc8446166ee6750153b629f2f4c40766b03b,4a14b3fdf51d13786a2e905526f21d4fe7601226e01da29583be8ff3210a7041,work/market-distribution-v1/artifacts/4a14b3fdf51d13786a2e905526f21d4fe7601226e01da29583be8ff3210a7041.json,-7.5,40.5,False,False,none,False,0.9260794473229707,0.0,850f45aae7a0e29c
37537f42604ea8bfeda05993,2026-09-06T21:09:00.848566+00:00,850f45aae7a0e29c9c9d99adb49e34676c652f43a41ae97d88eb7751243eb060,e55c6fe19fce094ce214c8b0e5b504e9,1,2026-09-13T17:00:00Z,Jacksonville Jaguars,Cleveland Browns,totals,alternate_totals,,29.5,Under,29.5,draftkings,406,5.06,0.14760373457797918,1.1800071636017426,2026-09-06T21:08:18Z,42.848566,conditional_non_push,0.18721934369602763,consensus_plus_empirical_residual_model,live_snapshot_not_T60,pinnacle,02e5976b8425e5936af94e64,0.14941429855517957,0.14941429855517957,569.2799883745357,-163.27998837453572,2,OK,420,fanduel,420,False,False,40.5,closest_offered_consensus_to_50pct_no_interpolation,0.18721934369602763,-28.132841328413292,0.0,0.18721934369602763,EMPIRICAL_RECONSTRUCTED_HISTORY,0897c49705a05c04d65f1c02a830bc8446166ee6750153b629f2f4c40766b03b,4a14b3fdf51d13786a2e905526f21d4fe7601226e01da29583be8ff3210a7041,work/market-distribution-v1/artifacts/4a14b3fdf51d13786a2e905526f21d4fe7601226e01da29583be8ff3210a7041.json,-7.5,40.5,False,False,none,False,0.3461139896373057,0.0,850f45aae7a0e29c
fd8c1b55737b57ac04e9fa21,2026-09-06T21:09:00.848566+00:00,850f45aae7a0e29c9c9d99adb49e34676c652f43a41ae97d88eb7751243eb060,e55c6fe19fce094ce214c8b0e5b504e9,1,2026-09-13T17:00:00Z,Jacksonville Jaguars,Cleveland Browns,totals,alternate_totals,,29.5,Under,29.5,fanduel,420,5.2,0.15122486253237996,1.1457723052543067,2026-09-06T21:08:25Z,35.848566,conditional_non_push,0.18721934369602763,consensus_plus_empirical_residual_model,live_snapshot_not_T60,pinnacle,02e5976b8425e5936af94e64,0.14941429855517957,0.14941429855517957,569.2799883745357,-149.27998837453572,2,OK,420,fanduel,420,False,False,40.5,closest_offered_consensus_to_50pct_no_interpolation,0.18721934369602763,-14.132841328413292,0.0,0.18721934369602763,EMPIRICAL_RECONSTRUCTED_HISTORY,0897c49705a05c04d65f1c02a830bc8446166ee6750153b629f2f4c40766b03b,4a14b3fdf51d13786a2e905526f21d4fe7601226e01da29583be8ff3210a7041,work/market-distribution-v1/artifacts/4a14b3fdf51d13786a2e905526f21d4fe7601226e01da29583be8ff3210a7041.json,-7.5,40.5,False,False,none,False,0.3461139896373057,0.0,850f45aae7a0e29c
83b30e9cd02ae5a5f8e1f18e,2026-09-06T21:09:00.848566+00:00,850f45aae7a0e29c9c9d99adb49e34676c652f43a41ae97d88eb7751243eb060,e55c6fe19fce094ce214c8b0e5b504e9,1,2026-09-13T17:00:00Z,Jacksonville Jaguars,Cleveland Browns,totals,alternate_totals,,30.5,Over,30.5,draftkings,-539,1.1855287569573283,0.8211183566630726,1.1580545939080071,2026-09-06T21:08:18Z,42.848566,conditional_non_push,0.7917098445595855,consensus_plus_empirical_residual_model,live_snapshot_not_T60,pinnacle,39b92c380c00e54965e4cd85,0.81724487295125,0.81724487295125,-447.1802712999947,-91.81972870000533,2,OK,-500,fanduel,-500,False,False,40.5,closest_offered_consensus_to_50pct_no_interpolation,0.7917098445595855,-158.90049751243782,0.0,0.7917098445595855,EMPIRICAL_RECONSTRUCTED_HISTORY,0897c49705a05c04d65f1c02a830bc8446166ee6750153b629f2f4c40766b03b,4a14b3fdf51d13786a2e905526f21d4fe7601226e01da29583be8ff3210a7041,work/market-distribution-v1/artifacts/4a14b3fdf51d13786a2e905526f21d4fe7601226e01da29583be8ff3210a7041.json,-7.5,40.5,False,False,none,False,0.9105354058721934,0.0,850f45aae7a0e29c
213049e2a93109427aefadae,2026-09-06T21:09:00.848566+00:00,850f45aae7a0e29c9c9d99adb49e34676c652f43a41ae97d88eb7751243eb060,e55c6fe19fce094ce214c8b0e5b504e9,1,2026-09-13T17:00:00Z,Jacksonville Jaguars,Cleveland Browns,totals,alternate_totals,,30.5,Over,30.5,fanduel,-500,1.2,0.8133713892394274,1.1329842945702202,2026-09-06T21:08:25Z,35.848566,conditional_non_push,0.7917098445595855,consensus_plus_empirical_residual_model,live_snapshot_not_T60,pinnacle,39b92c380c00e54965e4cd85,0.81724487295125,0.81724487295125,-447.1802712999947,-52.81972870000533,2,OK,-500,fanduel,-500,False,False,40.5,closest_offered_consensus_to_50pct_no_interpolation,0.7917098445595855,-119.90049751243782,0.0,0.7917098445595855,EMPIRICAL_RECONSTRUCTED_HISTORY,0897c49705a05c04d65f1c02a830bc8446166ee6750153b629f2f4c40766b03b,4a14b3fdf51d13786a2e905526f21d4fe7601226e01da29583be8ff3210a7041,work/market-distribution-v1/artifacts/4a14b3fdf51d13786a2e905526f21d4fe7601226e01da29583be8ff3210a7041.json,-7.5,40.5,False,False,none,False,0.9105354058721934,0.0,850f45aae7a0e29c
bbbfa645a9389bcbfcd39c44,2026-09-06T21:09:00.848566+00:00,850f45aae7a0e29c9c9d99adb49e34676c652f43a41ae97d88eb7751243eb060,e55c6fe19fce094ce214c8b0e5b504e9,1,2026-09-13T17:00:00Z,Jacksonville Jaguars,Cleveland Browns,totals,alternate_totals,,30.5,Under,30.5,draftkings,342,4.42,0.17888164333692744,1.1580545939080071,2026-09-06T21:08:18Z,42.848566,conditional_non_push,0.20829015544041452,consensus_plus_empirical_residual_model,live_snapshot_not_T60,pinnacle,39b92c380c00e54965e4cd85,0.18275512704875008,0.18275512704875008,447.18027129999433,-105.18027129999433,2,OK,342,draftkings,342,False,False,40.5,closest_offered_consensus_to_50pct_no_interpolation,0.20829015544041452,-38.09950248756218,0.0,0.20829015544041452,EMPIRICAL_RECONSTRUCTED_HISTORY,0897c49705a05c04d65f1c02a830bc8446166ee6750153b629f2f4c40766b03b,4a14b3fdf51d13786a2e905526f21d4fe7601226e01da29583be8ff3210a7041,work/market-distribution-v1/artifacts/4a14b3fdf51d13786a2e905526f21d4fe7601226e01da29583be8ff3210a7041.json,-7.5,40.5,False,False,none,False,0.3775474956822107,0.0,850f45aae7a0e29c
d0b2f4ab084266892916dce6,2026-09-06T21:09:00.848566+00:00,850f45aae7a0e29c9c9d99adb49e34676c652f43a41ae97d88eb7751243eb060,e55c6fe19fce094ce214c8b0e5b504e9,1,2026-09-13T17:00:00Z,Jacksonville Jaguars,Cleveland Browns,totals,alternate_totals,,30.5,Under,30.5,fanduel,340,4.4,0.18662861076057272,1.1329842945702202,2026-09-06T21:08:25Z,35.848566,conditional_non_push,0.20829015544041452,consensus_plus_empirical_residual_model,live_snapshot_not_T60,pinnacle,39b92c380c00e54965e4cd85,0.18275512704875008,0.18275512704875008,447.18027129999433,-107.18027129999433,2,OK,342,draftkings,342,False,False,40.5,closest_offered_consensus_to_50pct_no_interpolation,0.20829015544041452,-40.09950248756218,0.0,0.20829015544041452,EMPIRICAL_RECONSTRUCTED_HISTORY,0897c49705a05c04d65f1c02a830bc8446166ee6750153b629f2f4c40766b03b,4a14b3fdf51d13786a2e905526f21d4fe7601226e01da29583be8ff3210a7041,work/market-distribution-v1/artifacts/4a14b3fdf51d13786a2e905526f21d4fe7601226e01da29583be8ff3210a7041.json,-7.5,40.5,False,False,none,False,0.3775474956822107,0.0,850f45aae7a0e29c
2e77914d6a0be034b71d3f94,2026-09-06T21:09:00.848566+00:00,850f45aae7a0e29c9c9d99adb49e34676c652f43a41ae97d88eb7751243eb060,e55c6fe19fce094ce214c8b0e5b504e9,1,2026-09-13T17:00:00Z,Jacksonville Jaguars,Cleveland Browns,totals,alternate_totals,,31.5,Over,31.5,draftkings,-467,1.214132762312634,0.8001416819722138,1.1491336989225927,2026-09-06T21:08:18Z,42.848566,conditional_non_push,0.7658031088082902,consensus_plus_empirical_residual_model,live_snapshot_not_T60,pinnacle,e8da0c2f11894a16bc6037e0,0.7951548014169689,0.7951548014169689,-388.17351195794043,-78.82648804205957,2,OK,-430,fanduel,-430,False,False,40.5,closest_offered_consensus_to_50pct_no_interpolation,0.7658031088082902,-140.00884955752213,0.0,0.7658031088082902,EMPIRICAL_RECONSTRUCTED_HISTORY,0897c49705a05c04d65f1c02a830bc8446166ee6750153b629f2f4c40766b03b,4a14b3fdf51d13786a2e905526f21d4fe7601226e01da29583be8ff3210a7041,work/market-distribution-v1/artifacts/4a14b3fdf51d13786a2e905526f21d4fe7601226e01da29583be8ff3210a7041.json,-7.5,40.5,False,False,none,False,0.8946459412780656,0.0,850f45aae7a0e29c
789c44b49f02688c61399f52,2026-09-06T21:09:00.848566+00:00,850f45aae7a0e29c9c9d99adb49e34676c652f43a41ae97d88eb7751243eb060,e55c6fe19fce094ce214c8b0e5b504e9,1,2026-09-13T17:00:00Z,Jacksonville Jaguars,Cleveland Browns,totals,alternate_totals,,31.5,Over,31.5,fanduel,-430,1.2325581395348837,0.790167920861724,1.1263464204120908,2026-09-06T21:08:25Z,35.848566,conditional_non_push,0.7658031088082902,consensus_plus_empirical_residual_model,live_snapshot_not_T60,pinnacle,e8da0c2f11894a16bc6037e0,0.7951548014169689,0.7951548014169689,-388.17351195794043,-41.826488042059566,2,OK,-430,fanduel,-430,False,False,40.5,closest_offered_consensus_to_50pct_no_interpolation,0.7658031088082902,-103.00884955752213,0.0,0.7658031088082902,EMPIRICAL_RECONSTRUCTED_HISTORY,0897c49705a05c04d65f1c02a830bc8446166ee6750153b629f2f4c40766b03b,4a14b3fdf51d13786a2e905526f21d4fe7601226e01da29583be8ff3210a7041,work/market-distribution-v1/artifacts/4a14b3fdf51d13786a2e905526f21d4fe7601226e01da29583be8ff3210a7041.json,-7.5,40.5,False,False,none,False,0.8946459412780656,0.0,850f45aae7a0e29c
c57b56a7b9a18f328698f725,2026-09-06T21:09:00.848566+00:00,850f45aae7a0e29c9c9d99adb49e34676c652f43a41ae97d88eb7751243eb060,e55c6fe19fce094ce214c8b0e5b504e9,1,2026-09-13T17:00:00Z,Jacksonville Jaguars,Cleveland Browns,totals,alternate_totals,,31.5,Under,31.5,draftkings,306,4.0600000000000005,0.19985831802778634,1.1491336989225927,2026-09-06T21:08:18Z,42.848566,conditional_non_push,0.23419689119170983,consensus_plus_empirical_residual_model,live_snapshot_not_T60,pinnacle,e8da0c2f11894a16bc6037e0,0.20484519858303113,0.20484519858303113,388.1735119579403,-82.17351195794032,2,OK,306,draftkings,306,False,False,40.5,closest_offered_consensus_to_50pct_no_interpolation,0.23419689119170983,-20.991150442477874,0.0,0.23419689119170983,EMPIRICAL_RECONSTRUCTED_HISTORY,0897c49705a05c04d65f1c02a830bc8446166ee6750153b629f2f4c40766b03b,4a14b3fdf51d13786a2e905526f21d4fe7601226e01da29583be8ff3210a7041,work/market-distribution-v1/artifacts/4a14b3fdf51d13786a2e905526f21d4fe7601226e01da29583be8ff3210a7041.json,-7.5,40.5,False,False,none,False,0.4096718480138169,0.0,850f45aae7a0e29c
84c97ad702fa89d97944f298,2026-09-06T21:09:00.848566+00:00,850f45aae7a0e29c9c9d99adb49e34676c652f43a41ae97d88eb7751243eb060,e55c6fe19fce094ce214c8b0e5b504e9,1,2026-09-13T17:00:00Z,Jacksonville Jaguars,Cleveland Browns,totals,alternate_totals,,31.5,Under,31.5,fanduel,300,4.0,0.20983207913827592,1.1263464204120908,2026-09-06T21:08:25Z,35.848566,conditional_non_push,0.23419689119170983,consensus_plus_empirical_residual_model,live_snapshot_not_T60,pinnacle,e8da0c2f11894a16bc6037e0,0.20484519858303113,0.20484519858303113,388.1735119579403,-88.17351195794032,2,OK,306,draftkings,306,False,False,40.5,closest_offered_consensus_to_50pct_no_interpolation,0.23419689119170983,-26.991150442477874,0.0,0.23419689119170983,EMPIRICAL_RECONSTRUCTED_HISTORY,0897c49705a05c04d65f1c02a830bc8446166ee6750153b629f2f4c40766b03b,4a14b3fdf51d13786a2e905526f21d4fe7601226e01da29583be8ff3210a7041,work/market-distribution-v1/artifacts/4a14b3fdf51d13786a2e905526f21d4fe7601226e01da29583be8ff3210a7041.json,-7.5,40.5,False,False,none,False,0.4096718480138169,0.0,850f45aae7a0e29c
410834a2a0102a9eab586892,2026-09-06T21:09:00.848566+00:00,850f45aae7a0e29c9c9d99adb49e34676c652f43a41ae97d88eb7751243eb060,e55c6fe19fce094ce214c8b0e5b504e9,1,2026-09-13T17:00:00Z,Jacksonville Jaguars,Cleveland Browns,totals,alternate_totals,,32.5,Over,32.5,draftkings,-406,1.2463054187192117,0.777901415438029,1.1406643420598308,2026-09-06T21:08:18Z,42.848566,conditional_non_push,0.7402417962003455,consensus_plus_empirical_residual_model,live_snapshot_not_T60,pinnacle,9047e93d7c471d945cd309a9,0.7764138594072307,0.7764138594072307,-347.25491363141305,-58.74508636858695,2,OK,-390,fanduel,-390,False,False,40.5,closest_offered_consensus_to_50pct_no_interpolation,0.7402417962003455,-121.02659574468078,0.0,0.7402417962003455,EMPIRICAL_RECONSTRUCTED_HISTORY,0897c49705a05c04d65f1c02a830bc8446166ee6750153b629f2f4c40766b03b,4a14b3fdf51d13786a2e905526f21d4fe7601226e01da29583be8ff3210a7041,work/market-distribution-v1/artifacts/4a14b3fdf51d13786a2e905526f21d4fe7601226e01da29583be8ff3210a7041.json,-7.5,40.5,False,False,none,False,0.8780656303972366,0.0,850f45aae7a0e29c
6cf2d1d4c9b18f6154376e1b,2026-09-06T21:09:00.848566+00:00,850f45aae7a0e29c9c9d99adb49e34676c652f43a41ae97d88eb7751243eb060,e55c6fe19fce094ce214c8b0e5b504e9,1,2026-09-13T17:00:00Z,Jacksonville Jaguars,Cleveland Browns,totals,alternate_totals,,32.5,Over,32.5,fanduel,-390,1.2564102564102564,0.7749263033764324,1.1170982758152546,2026-09-06T21:08:25Z,35.848566,conditional_non_push,0.7402417962003455,consensus_plus_empirical_residual_model,live_snapshot_not_T60,pinnacle,9047e93d7c471d945cd309a9,0.7764138594072307,0.7764138594072307,-347.25491363141305,-42.74508636858695,2,OK,-390,fanduel,-390,False,False,40.5,closest_offered_consensus_to_50pct_no_interpolation,0.7402417962003455,-105.02659574468078,0.0,0.7402417962003455,EMPIRICAL_RECONSTRUCTED_HISTORY,0897c49705a05c04d65f1c02a830bc8446166ee6750153b629f2f4c40766b03b,4a14b3fdf51d13786a2e905526f21d4fe7601226e01da29583be8ff3210a7041,work/market-distribution-v1/artifacts/4a14b3fdf51d13786a2e905526f21d4fe7601226e01da29583be8ff3210a7041.json,-7.5,40.5,False,False,none,False,0.8780656303972366,0.0,850f45aae7a0e29c
82c85438eb42380970c61b60,2026-09-06T21:09:00.848566+00:00,850f45aae7a0e29c9c9d99adb49e34676c652f43a41ae97d88eb7751243eb060,e55c6fe19fce094ce214c8b0e5b504e9,1,2026-09-13T17:00:00Z,Jacksonville Jaguars,Cleveland Browns,totals,alternate_totals,,32.5,Under,32.5,draftkings,274,3.74,0.2220985845619709,1.1406643420598308,2026-09-06T21:08:18Z,42.848566,conditional_non_push,0.2597582037996546,consensus_plus_empirical_residual_model,live_snapshot_not_T60,pinnacle,9047e93d7c471d945cd309a9,0.22358614059276927,0.22358614059276927,347.25491363141305,-73.25491363141305,2,OK,280,fanduel,280,False,False,40.5,closest_offered_consensus_to_50pct_no_interpolation,0.2597582037996546,-10.97340425531911,0.0,0.2597582037996546,EMPIRICAL_RECONSTRUCTED_HISTORY,0897c49705a05c04d65f1c02a830bc8446166ee6750153b629f2f4c40766b03b,4a14b3fdf51d13786a2e905526f21d4fe7601226e01da29583be8ff3210a7041,work/market-distribution-v1/artifacts/4a14b3fdf51d13786a2e905526f21d4fe7601226e01da29583be8ff3210a7041.json,-7.5,40.5,False,False,none,False,0.4400690846286701,0.0,850f45aae7a0e29c
4030296c6dd71914c4803f87,2026-09-06T21:09:00.848566+00:00,850f45aae7a0e29c9c9d99adb49e34676c652f43a41ae97d88eb7751243eb060,e55c6fe19fce094ce214c8b0e5b504e9,1,2026-09-13T17:00:00Z,Jacksonville Jaguars,Cleveland Browns,totals,alternate_totals,,32.5,Under,32.5,fanduel,280,3.8,0.22507369662356766,1.1170982758152546,2026-09-06T21:08:25Z,35.848566,conditional_non_push,0.2597582037996546,consensus_plus_empirical_residual_model,live_snapshot_not_T60,pinnacle,9047e93d7c471d945cd309a9,0.22358614059276927,0.22358614059276927,347.25491363141305,-67.25491363141305,2,OK,280,fanduel,280,False,False,40.5,closest_offered_consensus_to_50pct_no_interpolation,0.2597582037996546,-4.97340425531911,0.0,0.2597582037996546,EMPIRICAL_RECONSTRUCTED_HISTORY,0897c49705a05c04d65f1c02a830bc8446166ee6750153b629f2f4c40766b03b,4a14b3fdf51d13786a2e905526f21d4fe7601226e01da29583be8ff3210a7041,work/market-distribution-v1/artifacts/4a14b3fdf51d13786a2e905526f21d4fe7601226e01da29583be8ff3210a7041.json,-7.5,40.5,False,False,none,False,0.4400690846286701,0.0,850f45aae7a0e29c
60895bf6e21fa07b25680804,2026-09-06T21:09:00.848566+00:00,850f45aae7a0e29c9c9d99adb49e34676c652f43a41ae97d88eb7751243eb060,e55c6fe19fce094ce214c8b0e5b504e9,1,2026-09-13T17:00:00Z,Jacksonville Jaguars,Cleveland Browns,totals,alternate_totals,,33.5,Over,33.5,draftkings,-318,1.3144654088050314,0.734187968961874,1.1300520734184425,2026-09-06T21:08:18Z,42.848566,conditional_non_push,0.7077720207253886,consensus_plus_empirical_residual_model,live_snapshot_not_T60,pinnacle,5df06acdb70668a9432f975c,0.7336165162086861,0.7336165162086861,-275.3986492583769,-42.601350741623094,3,OK,-273,pinnacle,-310,False,False,40.5,closest_offered_consensus_to_50pct_no_interpolation,0.7077720207253886,-75.80141843971634,0.0,0.7077720207253886,EMPIRICAL_RECONSTRUCTED_HISTORY,0897c49705a05c04d65f1c02a830bc8446166ee6750153b629f2f4c40766b03b,4a14b3fdf51d13786a2e905526f21d4fe7601226e01da29583be8ff3210a7041,work/market-distribution-v1/artifacts/4a14b3fdf51d13786a2e905526f21d4fe7601226e01da29583be8ff3210a7041.json,-7.5,40.5,False,False,none,False,0.8552677029360967,0.0,850f45aae7a0e29c
bf2ebaaeb498d2bc6a343cd6,2026-09-06T21:09:00.848566+00:00,850f45aae7a0e29c9c9d99adb49e34676c652f43a41ae97d88eb7751243eb060,e55c6fe19fce094ce214c8b0e5b504e9,1,2026-09-13T17:00:00Z,Jacksonville Jaguars,Cleveland Browns,totals,alternate_totals,,33.5,Over,33.5,fanduel,-310,1.3225806451612903,0.7336165162086862,1.107960001549078,2026-09-06T21:08:25Z,35.848566,conditional_non_push,0.7077720207253886,consensus_plus_empirical_residual_model,live_snapshot_not_T60,pinnacle,5df06acdb70668a9432f975c,0.7336165162086861,0.7336165162086861,-275.3986492583769,-34.601350741623094,3,OK,-273,pinnacle,-310,False,False,40.5,closest_offered_consensus_to_50pct_no_interpolation,0.7077720207253886,-67.80141843971634,0.0,0.7077720207253886,EMPIRICAL_RECONSTRUCTED_HISTORY,0897c49705a05c04d65f1c02a830bc8446166ee6750153b629f2f4c40766b03b,4a14b3fdf51d13786a2e905526f21d4fe7601226e01da29583be8ff3210a7041,work/market-distribution-v1/artifacts/4a14b3fdf51d13786a2e905526f21d4fe7601226e01da29583be8ff3210a7041.json,-7.5,40.5,False,False,none,False,0.8552677029360967,0.0,850f45aae7a0e29c
3eb1a2bd6da71752b13e24e0,2026-09-06T21:09:00.848566+00:00,850f45aae7a0e29c9c9d99adb49e34676c652f43a41ae97d88eb7751243eb060,e55c6fe19fce094ce214c8b0e5b504e9,1,2026-09-13T17:00:00Z,Jacksonville Jaguars,Cleveland Browns,totals,alternate_totals,,33.5,Over,33.5,pinnacle,-273,1.3663003663003663,0.7120586760989375,1.0880735431463124,2026-09-06T21:08:57Z,3.848566,conditional_non_push,0.7077720207253886,consensus_plus_empirical_residual_model,live_snapshot_not_T60,pinnacle,5df06acdb70668a9432f975c,0.7336165162086861,0.7336165162086861,-275.3986492583769,2.3986492583769063,3,OK,-273,pinnacle,-310,False,False,40.5,closest_offered_consensus_to_50pct_no_interpolation,0.7077720207253886,-30.801418439716343,0.0,0.7077720207253886,EMPIRICAL_RECONSTRUCTED_HISTORY,0897c49705a05c04d65f1c02a830bc8446166ee6750153b629f2f4c40766b03b,4a14b3fdf51d13786a2e905526f21d4fe7601226e01da29583be8ff3210a7041,work/market-distribution-v1/artifacts/4a14b3fdf51d13786a2e905526f21d4fe7601226e01da29583be8ff3210a7041.json,-7.5,40.5,False,False,none,False,0.8552677029360967,0.0,850f45aae7a0e29c
252042507da1989627598849,2026-09-06T21:09:00.848566+00:00,850f45aae7a0e29c9c9d99adb49e34676c652f43a41ae97d88eb7751243eb060,e55c6fe19fce094ce214c8b0e5b504e9,1,2026-09-13T17:00:00Z,Jacksonville Jaguars,Cleveland Browns,totals,alternate_totals,,33.5,Under,33.5,draftkings,223,3.23,0.26581203103812623,1.1300520734184425,2026-09-06T21:08:18Z,42.848566,conditional_non_push,0.2922279792746114,consensus_plus_empirical_residual_model,live_snapshot_not_T60,pinnacle,5df06acdb70668a9432f975c,0.26638348379131394,0.26638348379131394,275.3986492583769,-52.398649258376906,3,OK,230,fanduel,230,False,False,40.5,closest_offered_consensus_to_50pct_no_interpolation,0.2922279792746114,-19.198581560283657,0.0,0.2922279792746114,EMPIRICAL_RECONSTRUCTED_HISTORY,0897c49705a05c04d65f1c02a830bc8446166ee6750153b629f2f4c40766b03b,4a14b3fdf51d13786a2e905526f21d4fe7601226e01da29583be8ff3210a7041,work/market-distribution-v1/artifacts/4a14b3fdf51d13786a2e905526f21d4fe7601226e01da29583be8ff3210a7041.json,-7.5,40.5,False,False,none,False,0.4780656303972366,0.0,850f45aae7a0e29c
1861349fa279271150333a83,2026-09-06T21:09:00.848566+00:00,850f45aae7a0e29c9c9d99adb49e34676c652f43a41ae97d88eb7751243eb060,e55c6fe19fce094ce214c8b0e5b504e9,1,2026-09-13T17:00:00Z,Jacksonville Jaguars,Cleveland Browns,totals,alternate_totals,,33.5,Under,33.5,fanduel,230,3.3,0.266383483791314,1.107960001549078,2026-09-06T21:08:25Z,35.848566,conditional_non_push,0.2922279792746114,consensus_plus_empirical_residual_model,live_snapshot_not_T60,pinnacle,5df06acdb70668a9432f975c,0.26638348379131394,0.26638348379131394,275.3986492583769,-45.398649258376906,3,OK,230,fanduel,230,False,False,40.5,closest_offered_consensus_to_50pct_no_interpolation,0.2922279792746114,-12.198581560283657,0.0,0.2922279792746114,EMPIRICAL_RECONSTRUCTED_HISTORY,0897c49705a05c04d65f1c02a830bc8446166ee6750153b629f2f4c40766b03b,4a14b3fdf51d13786a2e905526f21d4fe7601226e01da29583be8ff3210a7041,work/market-distribution-v1/artifacts/4a14b3fdf51d13786a2e905526f21d4fe7601226e01da29583be8ff3210a7041.json,-7.5,40.5,False,False,none,False,0.4780656303972366,0.0,850f45aae7a0e29c
c7e1d852a3d9ca8d8a4afd6c,2026-09-06T21:09:00.848566+00:00,850f45aae7a0e29c9c9d99adb49e34676c652f43a41ae97d88eb7751243eb060,e55c6fe19fce094ce214c8b0e5b504e9,1,2026-09-13T17:00:00Z,Jacksonville Jaguars,Cleveland Browns,totals,alternate_totals,,33.5,Under,33.5,pinnacle,214,3.14,0.28794132390106286,1.0880735431463124,2026-09-06T21:08:57Z,3.848566,conditional_non_push,0.2922279792746114,consensus_plus_empirical_residual_model,live_snapshot_not_T60,pinnacle,5df06acdb70668a9432f975c,0.26638348379131394,0.26638348379131394,275.3986492583769,-61.398649258376906,3,OK,230,fanduel,230,False,False,40.5,closest_offered_consensus_to_50pct_no_interpolation,0.2922279792746114,-28.198581560283657,0.0,0.2922279792746114,EMPIRICAL_RECONSTRUCTED_HISTORY,0897c49705a05c04d65f1c02a830bc8446166ee6750153b629f2f4c40766b03b,4a14b3fdf51d13786a2e905526f21d4fe7601226e01da29583be8ff3210a7041,work/market-distribution-v1/artifacts/4a14b3fdf51d13786a2e905526f21d4fe7601226e01da29583be8ff3210a7041.json,-7.5,40.5,False,False,none,False,0.4780656303972366,0.0,850f45aae7a0e29c
787f2b00f7e08da71bfb6970,2026-09-06T21:09:00.848566+00:00,850f45aae7a0e29c9c9d99adb49e34676c652f43a41ae97d88eb7751243eb060,e55c6fe19fce094ce214c8b0e5b504e9,1,2026-09-13T17:00:00Z,Jacksonville Jaguars,Cleveland Browns,totals,alternate_totals,,34.5,Over,34.5,draftkings,-279,1.3584229390681004,0.7084330427857446,1.125276679681694,2026-09-06T21:08:18Z,42.848566,conditional_non_push,0.681174438687392,consensus_plus_empirical_residual_model,live_snapshot_not_T60,pinnacle,d8bbbfbc7e6397e75c1918e7,0.7054245919940245,0.7054245919940245,-239.47165066125106,-39.52834933874894,2,OK,-265,fanduel,-265,False,False,40.5,closest_offered_consensus_to_50pct_no_interpolation,0.681174438687392,-65.34886240520046,0.0,0.681174438687392,EMPIRICAL_RECONSTRUCTED_HISTORY,0897c49705a05c04d65f1c02a830bc8446166ee6750153b629f2f4c40766b03b,4a14b3fdf51d13786a2e905526f21d4fe7601226e01da29583be8ff3210a7041,work/market-distribution-v1/artifacts/4a14b3fdf51d13786a2e905526f21d4fe7601226e01da29583be8ff3210a7041.json,-7.5,40.5,False,False,none,False,0.8338514680483592,0.0,850f45aae7a0e29c
18055f1afbc61c3cfe6e239d,2026-09-06T21:09:00.848566+00:00,850f45aae7a0e29c9c9d99adb49e34676c652f43a41ae97d88eb7751243eb060,e55c6fe19fce094ce214c8b0e5b504e9,1,2026-09-13T17:00:00Z,Jacksonville Jaguars,Cleveland Browns,totals,alternate_totals,,34.5,Over,34.5,fanduel,-265,1.3773584905660377,0.7024161412023043,1.1032638428562676,2026-09-06T21:08:25Z,35.848566,conditional_non_push,0.681174438687392,consensus_plus_empirical_residual_model,live_snapshot_not_T60,pinnacle,d8bbbfbc7e6397e75c1918e7,0.7054245919940245,0.7054245919940245,-239.47165066125106,-25.52834933874894,2,OK,-265,fanduel,-265,False,False,40.5,closest_offered_consensus_to_50pct_no_interpolation,0.681174438687392,-51.348862405200464,0.0,0.681174438687392,EMPIRICAL_RECONSTRUCTED_HISTORY,0897c49705a05c04d65f1c02a830bc8446166ee6750153b629f2f4c40766b03b,4a14b3fdf51d13786a2e905526f21d4fe7601226e01da29583be8ff3210a7041,work/market-distribution-v1/artifacts/4a14b3fdf51d13786a2e905526f21d4fe7601226e01da29583be8ff3210a7041.json,-7.5,40.5,False,False,none,False,0.8338514680483592,0.0,850f45aae7a0e29c
a48697019225e3a91a929a25,2026-09-06T21:09:00.848566+00:00,850f45aae7a0e29c9c9d99adb49e34676c652f43a41ae97d88eb7751243eb060,e55c6fe19fce094ce214c8b0e5b504e9,1,2026-09-13T17:00:00Z,Jacksonville Jaguars,Cleveland Browns,totals,alternate_totals,,34.5,Under,34.5,draftkings,199,2.99,0.2915669572142554,1.125276679681694,2026-09-06T21:08:18Z,42.848566,conditional_non_push,0.3188255613126079,consensus_plus_empirical_residual_model,live_snapshot_not_T60,pinnacle,d8bbbfbc7e6397e75c1918e7,0.29457540800597554,0.29457540800597554,239.471650661251,-40.471650661251005,2,OK,200,fanduel,200,False,False,40.5,closest_offered_consensus_to_50pct_no_interpolation,0.3188255613126079,-14.651137594799621,0.0,0.3188255613126079,EMPIRICAL_RECONSTRUCTED_HISTORY,0897c49705a05c04d65f1c02a830bc8446166ee6750153b629f2f4c40766b03b,4a14b3fdf51d13786a2e905526f21d4fe7601226e01da29583be8ff3210a7041,work/market-distribution-v1/artifacts/4a14b3fdf51d13786a2e905526f21d4fe7601226e01da29583be8ff3210a7041.json,-7.5,40.5,False,False,none,False,0.5067357512953368,0.0,850f45aae7a0e29c
af3a31d3d0e6ec4838cc1d91,2026-09-06T21:09:00.848566+00:00,850f45aae7a0e29c9c9d99adb49e34676c652f43a41ae97d88eb7751243eb060,e55c6fe19fce094ce214c8b0e5b504e9,1,2026-09-13T17:00:00Z,Jacksonville Jaguars,Cleveland Browns,totals,alternate_totals,,34.5,Under,34.5,fanduel,200,3.0,0.29758385879769567,1.1032638428562676,2026-09-06T21:08:25Z,35.848566,conditional_non_push,0.3188255613126079,consensus_plus_empirical_residual_model,live_snapshot_not_T60,pinnacle,d8bbbfbc7e6397e75c1918e7,0.29457540800597554,0.29457540800597554,239.471650661251,-39.471650661251005,2,OK,200,fanduel,200,False,False,40.5,closest_offered_consensus_to_50pct_no_interpolation,0.3188255613126079,-13.651137594799621,0.0,0.3188255613126079,EMPIRICAL_RECONSTRUCTED_HISTORY,0897c49705a05c04d65f1c02a830bc8446166ee6750153b629f2f4c40766b03b,4a14b3fdf51d13786a2e905526f21d4fe7601226e01da29583be8ff3210a7041,work/market-distribution-v1/artifacts/4a14b3fdf51d13786a2e905526f21d4fe7601226e01da29583be8ff3210a7041.json,-7.5,40.5,False,False,none,False,0.5067357512953368,0.0,850f45aae7a0e29c
a269a86b8e208e6a574edcaf,2026-09-06T21:09:00.848566+00:00,850f45aae7a0e29c9c9d99adb49e34676c652f43a41ae97d88eb7751243eb060,e55c6fe19fce094ce214c8b0e5b504e9,1,2026-09-13T17:00:00Z,Jacksonville Jaguars,Cleveland Browns,totals,alternate_totals,,35.5,Over,35.5,draftkings,-245,1.4081632653061225,0.6816736496668425,1.1195433761387679,2026-09-06T21:08:18Z,42.848566,conditional_non_push,0.6538860103626943,consensus_plus_empirical_residual_model,live_snapshot_not_T60,pinnacle,72a9e754d732ec45998e2688,0.6795212069594568,0.6795212069594568,-212.03312721958855,-32.96687278041145,2,OK,-235,fanduel,-235,False,False,40.5,closest_offered_consensus_to_50pct_no_interpolation,0.6538860103626943,-56.07784431137722,0.0,0.6538860103626943,EMPIRICAL_RECONSTRUCTED_HISTORY,0897c49705a05c04d65f1c02a830bc8446166ee6750153b629f2f4c40766b03b,4a14b3fdf51d13786a2e905526f21d4fe7601226e01da29583be8ff3210a7041,work/market-distribution-v1/artifacts/4a14b3fdf51d13786a2e905526f21d4fe7601226e01da29583be8ff3210a7041.json,-7.5,40.5,False,False,none,False,0.8127806563039723,0.0,850f45aae7a0e29c
509afa97e9a7097188fbc9d3,2026-09-06T21:09:00.848566+00:00,850f45aae7a0e29c9c9d99adb49e34676c652f43a41ae97d88eb7751243eb060,e55c6fe19fce094ce214c8b0e5b504e9,1,2026-09-13T17:00:00Z,Jacksonville Jaguars,Cleveland Browns,totals,alternate_totals,,35.5,Over,35.5,fanduel,-235,1.425531914893617,0.6773687642520713,1.098702369139712,2026-09-06T21:08:25Z,35.848566,conditional_non_push,0.6538860103626943,consensus_plus_empirical_residual_model,live_snapshot_not_T60,pinnacle,72a9e754d732ec45998e2688,0.6795212069594568,0.6795212069594568,-212.03312721958855,-22.96687278041145,2,OK,-235,fanduel,-235,False,False,40.5,closest_offered_consensus_to_50pct_no_interpolation,0.6538860103626943,-46.07784431137722,0.0,0.6538860103626943,EMPIRICAL_RECONSTRUCTED_HISTORY,0897c49705a05c04d65f1c02a830bc8446166ee6750153b629f2f4c40766b03b,4a14b3fdf51d13786a2e905526f21d4fe7601226e01da29583be8ff3210a7041,work/market-distribution-v1/artifacts/4a14b3fdf51d13786a2e905526f21d4fe7601226e01da29583be8ff3210a7041.json,-7.5,40.5,False,False,none,False,0.8127806563039723,0.0,850f45aae7a0e29c
9521e58fcbec1e0655e42425,2026-09-06T21:09:00.848566+00:00,850f45aae7a0e29c9c9d99adb49e34676c652f43a41ae97d88eb7751243eb060,e55c6fe19fce094ce214c8b0e5b504e9,1,2026-09-13T17:00:00Z,Jacksonville Jaguars,Cleveland Browns,totals,alternate_totals,,35.5,Under,35.5,draftkings,178,2.7800000000000002,0.3183263503331576,1.1195433761387679,2026-09-06T21:08:18Z,42.848566,conditional_non_push,0.3461139896373057,consensus_plus_empirical_residual_model,live_snapshot_not_T60,pinnacle,72a9e754d732ec45998e2688,0.3204787930405432,0.3204787930405432,212.03312721958847,-34.033127219588465,2,OK,180,fanduel,180,False,False,40.5,closest_offered_consensus_to_50pct_no_interpolation,0.3461139896373057,-10.922155688622723,0.0,0.3461139896373057,EMPIRICAL_RECONSTRUCTED_HISTORY,0897c49705a05c04d65f1c02a830bc8446166ee6750153b629f2f4c40766b03b,4a14b3fdf51d13786a2e905526f21d4fe7601226e01da29583be8ff3210a7041,work/market-distribution-v1/artifacts/4a14b3fdf51d13786a2e905526f21d4fe7601226e01da29583be8ff3210a7041.json,-7.5,40.5,False,False,none,False,0.5157167530224525,0.0,850f45aae7a0e29c
f6aba09ac6c41635805adb82,2026-09-06T21:09:00.848566+00:00,850f45aae7a0e29c9c9d99adb49e34676c652f43a41ae97d88eb7751243eb060,e55c6fe19fce094ce214c8b0e5b504e9,1,2026-09-13T17:00:00Z,Jacksonville Jaguars,Cleveland Browns,totals,alternate_totals,,35.5,Under,35.5,fanduel,180,2.8,0.32263123574792896,1.098702369139712,2026-09-06T21:08:25Z,35.848566,conditional_non_push,0.3461139896373057,consensus_plus_empirical_residual_model,live_snapshot_not_T60,pinnacle,72a9e754d732ec45998e2688,0.3204787930405432,0.3204787930405432,212.03312721958847,-32.033127219588465,2,OK,180,fanduel,180,False,False,40.5,closest_offered_consensus_to_50pct_no_interpolation,0.3461139896373057,-8.922155688622723,0.0,0.3461139896373057,EMPIRICAL_RECONSTRUCTED_HISTORY,0897c49705a05c04d65f1c02a830bc8446166ee6750153b629f2f4c40766b03b,4a14b3fdf51d13786a2e905526f21d4fe7601226e01da29583be8ff3210a7041,work/market-distribution-v1/artifacts/4a14b3fdf51d13786a2e905526f21d4fe7601226e01da29583be8ff3210a7041.json,-7.5,40.5,False,False,none,False,0.5157167530224525,0.0,850f45aae7a0e29c
e9289ac2373560170c214084,2026-09-06T21:09:00.848566+00:00,850f45aae7a0e29c9c9d99adb49e34676c652f43a41ae97d88eb7751243eb060,e55c6fe19fce094ce214c8b0e5b504e9,1,2026-09-13T17:00:00Z,Jacksonville Jaguars,Cleveland Browns,totals,alternate_totals,,36.5,Over,36.5,draftkings,-207,1.4830917874396135,0.6438663090926199,1.1170561415939453,2026-09-06T21:08:18Z,42.848566,conditional_non_push,0.6224525043177893,consensus_plus_empirical_residual_model,live_snapshot_not_T60,pinnacle,53ae7a73989f6d4ac639438a,0.6422755490864586,0.6422755490864586,-179.544771805853,-27.455228194146997,2,OK,-200,fanduel,-200,False,False,40.5,closest_offered_consensus_to_50pct_no_interpolation,0.6224525043177893,-42.13266239707227,0.0,0.6224525043177893,EMPIRICAL_RECONSTRUCTED_HISTORY,0897c49705a05c04d65f1c02a830bc8446166ee6750153b629f2f4c40766b03b,4a14b3fdf51d13786a2e905526f21d4fe7601226e01da29583be8ff3210a7041,work/market-distribution-v1/artifacts/4a14b3fdf51d13786a2e905526f21d4fe7601226e01da29583be8ff3210a7041.json,-7.5,40.5,False,False,none,False,0.7917098445595855,0.0,850f45aae7a0e29c
fd7cd301c9f0036edffb6ec6,2026-09-06T21:09:00.848566+00:00,850f45aae7a0e29c9c9d99adb49e34676c652f43a41ae97d88eb7751243eb060,e55c6fe19fce094ce214c8b0e5b504e9,1,2026-09-13T17:00:00Z,Jacksonville Jaguars,Cleveland Browns,totals,alternate_totals,,36.5,Over,36.5,fanduel,-200,1.5,0.6406847890802974,1.0980419345859689,2026-09-06T21:08:25Z,35.848566,conditional_non_push,0.6224525043177893,consensus_plus_empirical_residual_model,live_snapshot_not_T60,pinnacle,53ae7a73989f6d4ac639438a,0.6422755490864586,0.6422755490864586,-179.544771805853,-20.455228194146997,2,OK,-200,fanduel,-200,False,False,40.5,closest_offered_consensus_to_50pct_no_interpolation,0.6224525043177893,-35.13266239707227,0.0,0.6224525043177893,EMPIRICAL_RECONSTRUCTED_HISTORY,0897c49705a05c04d65f1c02a830bc8446166ee6750153b629f2f4c40766b03b,4a14b3fdf51d13786a2e905526f21d4fe7601226e01da29583be8ff3210a7041,work/market-distribution-v1/artifacts/4a14b3fdf51d13786a2e905526f21d4fe7601226e01da29583be8ff3210a7041.json,-7.5,40.5,False,False,none,False,0.7917098445595855,0.0,850f45aae7a0e29c
7be2956dbd702920137566a5,2026-09-06T21:09:00.848566+00:00,850f45aae7a0e29c9c9d99adb49e34676c652f43a41ae97d88eb7751243eb060,e55c6fe19fce094ce214c8b0e5b504e9,1,2026-09-13T17:00:00Z,Jacksonville Jaguars,Cleveland Browns,totals,alternate_totals,,36.5,Under,36.5,draftkings,152,2.52,0.3561336909073804,1.1170561415939453,2026-09-06T21:08:18Z,42.848566,conditional_non_push,0.3775474956822107,consensus_plus_empirical_residual_model,live_snapshot_not_T60,pinnacle,53ae7a73989f6d4ac639438a,0.3577244509135415,0.3577244509135415,179.54477180585292,-27.544771805852918,2,OK,154,fanduel,154,False,False,40.5,closest_offered_consensus_to_50pct_no_interpolation,0.3775474956822107,-12.867337602927734,0.0,0.3775474956822107,EMPIRICAL_RECONSTRUCTED_HISTORY,0897c49705a05c04d65f1c02a830bc8446166ee6750153b629f2f4c40766b03b,4a14b3fdf51d13786a2e905526f21d4fe7601226e01da29583be8ff3210a7041,work/market-distribution-v1/artifacts/4a14b3fdf51d13786a2e905526f21d4fe7601226e01da29583be8ff3210a7041.json,-7.5,40.5,False,False,none,False,0.5450777202072539,0.0,850f45aae7a0e29c
523faef55fc5f26e02f936b2,2026-09-06T21:09:00.848566+00:00,850f45aae7a0e29c9c9d99adb49e34676c652f43a41ae97d88eb7751243eb060,e55c6fe19fce094ce214c8b0e5b504e9,1,2026-09-13T17:00:00Z,Jacksonville Jaguars,Cleveland Browns,totals,alternate_totals,,36.5,Under,36.5,fanduel,154,2.54,0.3593152109197027,1.0980419345859689,2026-09-06T21:08:25Z,35.848566,conditional_non_push,0.3775474956822107,consensus_plus_empirical_residual_model,live_snapshot_not_T60,pinnacle,53ae7a73989f6d4ac639438a,0.3577244509135415,0.3577244509135415,179.54477180585292,-25.544771805852918,2,OK,154,fanduel,154,False,False,40.5,closest_offered_consensus_to_50pct_no_interpolation,0.3775474956822107,-10.867337602927734,0.0,0.3775474956822107,EMPIRICAL_RECONSTRUCTED_HISTORY,0897c49705a05c04d65f1c02a830bc8446166ee6750153b629f2f4c40766b03b,4a14b3fdf51d13786a2e905526f21d4fe7601226e01da29583be8ff3210a7041,work/market-distribution-v1/artifacts/4a14b3fdf51d13786a2e905526f21d4fe7601226e01da29583be8ff3210a7041.json,-7.5,40.5,False,False,none,False,0.5450777202072539,0.0,850f45aae7a0e29c
f959c132fc0a34e7d2811545,2026-09-06T21:09:00.848566+00:00,850f45aae7a0e29c9c9d99adb49e34676c652f43a41ae97d88eb7751243eb060,e55c6fe19fce094ce214c8b0e5b504e9,1,2026-09-13T17:00:00Z,Jacksonville Jaguars,Cleveland Browns,totals,alternate_totals,,37.5,Over,37.5,draftkings,-173,1.5780346820809248,0.6020824329411066,1.1121940638534555,2026-09-06T21:08:18Z,42.848566,conditional_non_push,0.590328151986183,consensus_plus_empirical_residual_model,live_snapshot_not_T60,pinnacle,2b462bc99a2741d80f772852,0.5997615716947007,0.5997615716947007,-149.85107108136214,-23.148928918637864,2,OK,-166,fanduel,-166,False,False,40.5,closest_offered_consensus_to_50pct_no_interpolation,0.590328151986183,-28.90219224283308,0.0,0.590328151986183,EMPIRICAL_RECONSTRUCTED_HISTORY,0897c49705a05c04d65f1c02a830bc8446166ee6750153b629f2f4c40766b03b,4a14b3fdf51d13786a2e905526f21d4fe7601226e01da29583be8ff3210a7041,work/market-distribution-v1/artifacts/4a14b3fdf51d13786a2e905526f21d4fe7601226e01da29583be8ff3210a7041.json,-7.5,40.5,False,False,none,False,0.7658031088082902,0.0,850f45aae7a0e29c
9e4b999d4d148d827fc1274f,2026-09-06T21:09:00.848566+00:00,850f45aae7a0e29c9c9d99adb49e34676c652f43a41ae97d88eb7751243eb060,e55c6fe19fce094ce214c8b0e5b504e9,1,2026-09-13T17:00:00Z,Jacksonville Jaguars,Cleveland Browns,totals,alternate_totals,,37.5,Over,37.5,fanduel,-166,1.6024096385542168,0.5974407104482947,1.0924515828702486,2026-09-06T21:08:25Z,35.848566,conditional_non_push,0.590328151986183,consensus_plus_empirical_residual_model,live_snapshot_not_T60,pinnacle,2b462bc99a2741d80f772852,0.5997615716947007,0.5997615716947007,-149.85107108136214,-16.148928918637864,2,OK,-166,fanduel,-166,False,False,40.5,closest_offered_consensus_to_50pct_no_interpolation,0.590328151986183,-21.90219224283308,0.0,0.590328151986183,EMPIRICAL_RECONSTRUCTED_HISTORY,0897c49705a05c04d65f1c02a830bc8446166ee6750153b629f2f4c40766b03b,4a14b3fdf51d13786a2e905526f21d4fe7601226e01da29583be8ff3210a7041,work/market-distribution-v1/artifacts/4a14b3fdf51d13786a2e905526f21d4fe7601226e01da29583be8ff3210a7041.json,-7.5,40.5,False,False,none,False,0.7658031088082902,0.0,850f45aae7a0e29c
415ef2ffc66911e06554c9f7,2026-09-06T21:09:00.848566+00:00,850f45aae7a0e29c9c9d99adb49e34676c652f43a41ae97d88eb7751243eb060,e55c6fe19fce094ce214c8b0e5b504e9,1,2026-09-13T17:00:00Z,Jacksonville Jaguars,Cleveland Browns,totals,alternate_totals,,37.5,Under,37.5,draftkings,129,2.29,0.3979175670588934,1.1121940638534555,2026-09-06T21:08:18Z,42.848566,conditional_non_push,0.4096718480138169,consensus_plus_empirical_residual_model,live_snapshot_not_T60,pinnacle,2b462bc99a2741d80f772852,0.4002384283052993,0.4002384283052993,149.85107108136214,-20.851071081362136,2,OK,130,fanduel,130,False,False,40.5,closest_offered_consensus_to_50pct_no_interpolation,0.4096718480138169,-15.097807757166976,0.0,0.4096718480138169,EMPIRICAL_RECONSTRUCTED_HISTORY,0897c49705a05c04d65f1c02a830bc8446166ee6750153b629f2f4c40766b03b,4a14b3fdf51d13786a2e905526f21d4fe7601226e01da29583be8ff3210a7041,work/market-distribution-v1/artifacts/4a14b3fdf51d13786a2e905526f21d4fe7601226e01da29583be8ff3210a7041.json,-7.5,40.5,False,False,none,False,0.5768566493955095,0.0,850f45aae7a0e29c
c8962a34bc2b2572e12d8938,2026-09-06T21:09:00.848566+00:00,850f45aae7a0e29c9c9d99adb49e34676c652f43a41ae97d88eb7751243eb060,e55c6fe19fce094ce214c8b0e5b504e9,1,2026-09-13T17:00:00Z,Jacksonville Jaguars,Cleveland Browns,totals,alternate_totals,,37.5,Under,37.5,fanduel,130,2.3,0.4025592895517053,1.0924515828702486,2026-09-06T21:08:25Z,35.848566,conditional_non_push,0.4096718480138169,consensus_plus_empirical_residual_model,live_snapshot_not_T60,pinnacle,2b462bc99a2741d80f772852,0.4002384283052993,0.4002384283052993,149.85107108136214,-19.851071081362136,2,OK,130,fanduel,130,False,False,40.5,closest_offered_consensus_to_50pct_no_interpolation,0.4096718480138169,-14.097807757166976,0.0,0.4096718480138169,EMPIRICAL_RECONSTRUCTED_HISTORY,0897c49705a05c04d65f1c02a830bc8446166ee6750153b629f2f4c40766b03b,4a14b3fdf51d13786a2e905526f21d4fe7601226e01da29583be8ff3210a7041,work/market-distribution-v1/artifacts/4a14b3fdf51d13786a2e905526f21d4fe7601226e01da29583be8ff3210a7041.json,-7.5,40.5,False,False,none,False,0.5768566493955095,0.0,850f45aae7a0e29c
edfb57ebf5f47c07c4380209,2026-09-06T21:09:00.848566+00:00,850f45aae7a0e29c9c9d99adb49e34676c652f43a41ae97d88eb7751243eb060,e55c6fe19fce094ce214c8b0e5b504e9,1,2026-09-13T17:00:00Z,Jacksonville Jaguars,Cleveland Browns,totals,alternate_totals,,38.0,Over,38.0,pinnacle,-159,1.6289308176100628,0.5934410770613977,1.0694647129034252,2026-09-06T21:08:57Z,3.848566,conditional_non_push,0.5774848592803705,consensus_plus_empirical_residual_model,live_snapshot_not_T60,pinnacle,dba19f30e99a34462d64a576,0.5934410770613977,0.5934410770613977,-145.96680667392903,-13.033193326070972,1,FEWER_THAN_TWO_BOOKS,-159,pinnacle,,False,False,40.5,closest_offered_consensus_to_50pct_no_interpolation,0.5774848592803705,-22.322091062394577,0.030397236614853194,0.5599309153713299,EMPIRICAL_RECONSTRUCTED_HISTORY,0897c49705a05c04d65f1c02a830bc8446166ee6750153b629f2f4c40766b03b,4a14b3fdf51d13786a2e905526f21d4fe7601226e01da29583be8ff3210a7041,work/market-distribution-v1/artifacts/4a14b3fdf51d13786a2e905526f21d4fe7601226e01da29583be8ff3210a7041.json,-7.5,40.5,False,False,none,False,0.7402417962003455,0.025561312607944732,850f45aae7a0e29c
fb7b7484f47b0a68aafba154,2026-09-06T21:09:00.848566+00:00,850f45aae7a0e29c9c9d99adb49e34676c652f43a41ae97d88eb7751243eb060,e55c6fe19fce094ce214c8b0e5b504e9,1,2026-09-13T17:00:00Z,Jacksonville Jaguars,Cleveland Browns,totals,alternate_totals,,38.0,Under,38.0,pinnacle,132,2.3200000000000003,0.40655892293860235,1.0694647129034252,2026-09-06T21:08:57Z,3.848566,conditional_non_push,0.4225151407196295,consensus_plus_empirical_residual_model,live_snapshot_not_T60,pinnacle,dba19f30e99a34462d64a576,0.40655892293860235,0.40655892293860235,145.96680667392897,-13.966806673928971,1,FEWER_THAN_TWO_BOOKS,132,pinnacle,,False,False,40.5,closest_offered_consensus_to_50pct_no_interpolation,0.4225151407196295,-4.677908937605423,0.030397236614853194,0.4096718480138169,EMPIRICAL_RECONSTRUCTED_HISTORY,0897c49705a05c04d65f1c02a830bc8446166ee6750153b629f2f4c40766b03b,4a14b3fdf51d13786a2e905526f21d4fe7601226e01da29583be8ff3210a7041,work/market-distribution-v1/artifacts/4a14b3fdf51d13786a2e905526f21d4fe7601226e01da29583be8ff3210a7041.json,-7.5,40.5,False,False,none,False,0.5768566493955095,0.03419689119170984,850f45aae7a0e29c
4d4953e677e490862dbec811,2026-09-06T21:09:00.848566+00:00,850f45aae7a0e29c9c9d99adb49e34676c652f43a41ae97d88eb7751243eb060,e55c6fe19fce094ce214c8b0e5b504e9,1,2026-09-13T17:00:00Z,Jacksonville Jaguars,Cleveland Browns,totals,alternate_totals,,38.5,Over,38.5,draftkings,-155,1.6451612903225805,0.5750729075534673,1.1113213024441775,2026-09-06T21:08:18Z,42.848566,conditional_non_push,0.5599309153713299,consensus_plus_empirical_residual_model,live_snapshot_not_T60,pinnacle,1b671f2bf34db5e0fae03b21,0.5750729075534672,0.5750729075534672,-135.33448861602693,-19.66551138397307,3,OK,-149,pinnacle,-150,False,False,40.5,closest_offered_consensus_to_50pct_no_interpolation,0.5599309153713299,-27.762951334379892,0.0,0.5599309153713299,EMPIRICAL_RECONSTRUCTED_HISTORY,0897c49705a05c04d65f1c02a830bc8446166ee6750153b629f2f4c40766b03b,4a14b3fdf51d13786a2e905526f21d4fe7601226e01da29583be8ff3210a7041,work/market-distribution-v1/artifacts/4a14b3fdf51d13786a2e905526f21d4fe7601226e01da29583be8ff3210a7041.json,-7.5,40.5,False,False,none,False,0.7402417962003455,0.0,850f45aae7a0e29c
0ea5bbba9e92522e059955fa,2026-09-06T21:09:00.848566+00:00,850f45aae7a0e29c9c9d99adb49e34676c652f43a41ae97d88eb7751243eb060,e55c6fe19fce094ce214c8b0e5b504e9,1,2026-09-13T17:00:00Z,Jacksonville Jaguars,Cleveland Browns,totals,alternate_totals,,38.5,Over,38.5,fanduel,-150,1.6666666666666665,0.5727200579838939,1.0910929497666184,2026-09-06T21:08:25Z,35.848566,conditional_non_push,0.5599309153713299,consensus_plus_empirical_residual_model,live_snapshot_not_T60,pinnacle,1b671f2bf34db5e0fae03b21,0.5750729075534672,0.5750729075534672,-135.33448861602693,-14.665511383973069,3,OK,-149,pinnacle,-150,False,False,40.5,closest_offered_consensus_to_50pct_no_interpolation,0.5599309153713299,-22.762951334379892,0.0,0.5599309153713299,EMPIRICAL_RECONSTRUCTED_HISTORY,0897c49705a05c04d65f1c02a830bc8446166ee6750153b629f2f4c40766b03b,4a14b3fdf51d13786a2e905526f21d4fe7601226e01da29583be8ff3210a7041,work/market-distribution-v1/artifacts/4a14b3fdf51d13786a2e905526f21d4fe7601226e01da29583be8ff3210a7041.json,-7.5,40.5,False,False,none,False,0.7402417962003455,0.0,850f45aae7a0e29c
71c5315555defb4eb14a8498,2026-09-06T21:09:00.848566+00:00,850f45aae7a0e29c9c9d99adb49e34676c652f43a41ae97d88eb7751243eb060,e55c6fe19fce094ce214c8b0e5b504e9,1,2026-09-13T17:00:00Z,Jacksonville Jaguars,Cleveland Browns,totals,alternate_totals,,38.5,Over,38.5,pinnacle,-149,1.6711409395973154,0.5776429173911631,1.0687290121172017,2026-09-06T21:08:57Z,3.848566,conditional_non_push,0.5599309153713299,consensus_plus_empirical_residual_model,live_snapshot_not_T60,pinnacle,1b671f2bf34db5e0fae03b21,0.5750729075534672,0.5750729075534672,-135.33448861602693,-13.665511383973069,3,OK,-149,pinnacle,-150,False,False,40.5,closest_offered_consensus_to_50pct_no_interpolation,0.5599309153713299,-21.762951334379892,0.0,0.5599309153713299,EMPIRICAL_RECONSTRUCTED_HISTORY,0897c49705a05c04d65f1c02a830bc8446166ee6750153b629f2f4c40766b03b,4a14b3fdf51d13786a2e905526f21d4fe7601226e01da29583be8ff3210a7041,work/market-distribution-v1/artifacts/4a14b3fdf51d13786a2e905526f21d4fe7601226e01da29583be8ff3210a7041.json,-7.5,40.5,False,False,none,False,0.7402417962003455,0.0,850f45aae7a0e29c
6780f1c98d957fd188aa35c5,2026-09-06T21:09:00.848566+00:00,850f45aae7a0e29c9c9d99adb49e34676c652f43a41ae97d88eb7751243eb060,e55c6fe19fce094ce214c8b0e5b504e9,1,2026-09-13T17:00:00Z,Jacksonville Jaguars,Cleveland Browns,totals,alternate_totals,,38.5,Under,38.5,draftkings,116,2.16,0.4249270924465329,1.1113213024441775,2026-09-06T21:08:18Z,42.848566,conditional_non_push,0.4400690846286701,consensus_plus_empirical_residual_model,live_snapshot_not_T60,pinnacle,1b671f2bf34db5e0fae03b21,0.42492709244653276,0.42492709244653276,135.334488616027,-19.334488616026988,3,OK,124,pinnacle,118,False,False,40.5,closest_offered_consensus_to_50pct_no_interpolation,0.4400690846286701,-11.237048665620108,0.0,0.4400690846286701,EMPIRICAL_RECONSTRUCTED_HISTORY,0897c49705a05c04d65f1c02a830bc8446166ee6750153b629f2f4c40766b03b,4a14b3fdf51d13786a2e905526f21d4fe7601226e01da29583be8ff3210a7041,work/market-distribution-v1/artifacts/4a14b3fdf51d13786a2e905526f21d4fe7601226e01da29583be8ff3210a7041.json,-7.5,40.5,False,False,none,False,0.6110535405872193,0.0,850f45aae7a0e29c
a936ae3cad6f4025ffb17091,2026-09-06T21:09:00.848566+00:00,850f45aae7a0e29c9c9d99adb49e34676c652f43a41ae97d88eb7751243eb060,e55c6fe19fce094ce214c8b0e5b504e9,1,2026-09-13T17:00:00Z,Jacksonville Jaguars,Cleveland Browns,totals,alternate_totals,,38.5,Under,38.5,fanduel,118,2.1799999999999997,0.4272799420161063,1.0910929497666184,2026-09-06T21:08:25Z,35.848566,conditional_non_push,0.4400690846286701,consensus_plus_empirical_residual_model,live_snapshot_not_T60,pinnacle,1b671f2bf34db5e0fae03b21,0.42492709244653276,0.42492709244653276,135.334488616027,-17.334488616026988,3,OK,124,pinnacle,118,False,False,40.5,closest_offered_consensus_to_50pct_no_interpolation,0.4400690846286701,-9.237048665620108,0.0,0.4400690846286701,EMPIRICAL_RECONSTRUCTED_HISTORY,0897c49705a05c04d65f1c02a830bc8446166ee6750153b629f2f4c40766b03b,4a14b3fdf51d13786a2e905526f21d4fe7601226e01da29583be8ff3210a7041,work/market-distribution-v1/artifacts/4a14b3fdf51d13786a2e905526f21d4fe7601226e01da29583be8ff3210a7041.json,-7.5,40.5,False,False,none,False,0.6110535405872193,0.0,850f45aae7a0e29c
fb14a14c8207b23a667c8fe8,2026-09-06T21:09:00.848566+00:00,850f45aae7a0e29c9c9d99adb49e34676c652f43a41ae97d88eb7751243eb060,e55c6fe19fce094ce214c8b0e5b504e9,1,2026-09-13T17:00:00Z,Jacksonville Jaguars,Cleveland Browns,totals,alternate_totals,,38.5,Under,38.5,pinnacle,124,2.24,0.4223570826088371,1.0687290121172017,2026-09-06T21:08:57Z,3.848566,conditional_non_push,0.4400690846286701,consensus_plus_empirical_residual_model,live_snapshot_not_T60,pinnacle,1b671f2bf34db5e0fae03b21,0.42492709244653276,0.42492709244653276,135.334488616027,-11.334488616026988,3,OK,124,pinnacle,118,False,False,40.5,closest_offered_consensus_to_50pct_no_interpolation,0.4400690846286701,-3.237048665620108,0.0,0.4400690846286701,EMPIRICAL_RECONSTRUCTED_HISTORY,0897c49705a05c04d65f1c02a830bc8446166ee6750153b629f2f4c40766b03b,4a14b3fdf51d13786a2e905526f21d4fe7601226e01da29583be8ff3210a7041,work/market-distribution-v1/artifacts/4a14b3fdf51d13786a2e905526f21d4fe7601226e01da29583be8ff3210a7041.json,-7.5,40.5,False,False,none,False,0.6110535405872193,0.0,850f45aae7a0e29c
5f2b279b0d05ffb4d55df11e,2026-09-06T21:09:00.848566+00:00,850f45aae7a0e29c9c9d99adb49e34676c652f43a41ae97d88eb7751243eb060,e55c6fe19fce094ce214c8b0e5b504e9,1,2026-09-13T17:00:00Z,Jacksonville Jaguars,Cleveland Browns,totals,alternate_totals,,39.0,Over,39.0,pinnacle,-138,1.7246376811594204,0.5596459728955914,1.065014299848328,2026-09-06T21:08:57Z,3.848566,conditional_non_push,0.5425493716337523,consensus_plus_empirical_residual_model,live_snapshot_not_T60,pinnacle,313f0b0233d323bdaef8ad95,0.5596459728955913,0.5596459728955913,-127.09000904921852,-10.909990950781477,1,FEWER_THAN_TWO_BOOKS,-138,pinnacle,,False,False,40.5,closest_offered_consensus_to_50pct_no_interpolation,0.5425493716337523,-19.397174254317108,0.037996545768566495,0.5219343696027634,EMPIRICAL_RECONSTRUCTED_HISTORY,0897c49705a05c04d65f1c02a830bc8446166ee6750153b629f2f4c40766b03b,4a14b3fdf51d13786a2e905526f21d4fe7601226e01da29583be8ff3210a7041,work/market-distribution-v1/artifacts/4a14b3fdf51d13786a2e905526f21d4fe7601226e01da29583be8ff3210a7041.json,-7.5,40.5,False,False,none,False,0.7077720207253886,0.03246977547495682,850f45aae7a0e29c
d71d08b8e372ec8b9e4b9bab,2026-09-06T21:09:00.848566+00:00,850f45aae7a0e29c9c9d99adb49e34676c652f43a41ae97d88eb7751243eb060,e55c6fe19fce094ce214c8b0e5b504e9,1,2026-09-13T17:00:00Z,Jacksonville Jaguars,Cleveland Browns,totals,alternate_totals,,39.0,Under,39.0,pinnacle,116,2.16,0.4403540271044088,1.065014299848328,2026-09-06T21:08:57Z,3.848566,conditional_non_push,0.4574506283662477,consensus_plus_empirical_residual_model,live_snapshot_not_T60,pinnacle,313f0b0233d323bdaef8ad95,0.4403540271044087,0.4403540271044087,127.09000904921857,-11.090009049218565,1,FEWER_THAN_TWO_BOOKS,116,pinnacle,,False,False,40.5,closest_offered_consensus_to_50pct_no_interpolation,0.4574506283662477,-2.6028257456828925,0.037996545768566495,0.4400690846286701,EMPIRICAL_RECONSTRUCTED_HISTORY,0897c49705a05c04d65f1c02a830bc8446166ee6750153b629f2f4c40766b03b,4a14b3fdf51d13786a2e905526f21d4fe7601226e01da29583be8ff3210a7041,work/market-distribution-v1/artifacts/4a14b3fdf51d13786a2e905526f21d4fe7601226e01da29583be8ff3210a7041.json,-7.5,40.5,False,False,none,False,0.6110535405872193,0.029706390328151987,850f45aae7a0e29c
9cc6851ee6116560d7b96e03,2026-09-06T21:09:00.848566+00:00,850f45aae7a0e29c9c9d99adb49e34676c652f43a41ae97d88eb7751243eb060,e55c6fe19fce094ce214c8b0e5b504e9,1,2026-09-13T17:00:00Z,Jacksonville Jaguars,Cleveland Browns,totals,alternate_totals,,39.5,Over,39.5,draftkings,-135,1.7407407407407407,0.539896989403805,1.1119700165999191,2026-09-06T21:08:18Z,42.848566,conditional_non_push,0.5219343696027634,consensus_plus_empirical_residual_model,live_snapshot_not_T60,pinnacle,e7ef86780230b27f6bc5498c,0.5398969894038049,0.5398969894038049,-117.34263349075111,-17.657366509248888,3,OK,-129,pinnacle,-130,False,False,40.5,closest_offered_consensus_to_50pct_no_interpolation,0.5219343696027634,-25.8236994219653,0.0,0.5219343696027634,EMPIRICAL_RECONSTRUCTED_HISTORY,0897c49705a05c04d65f1c02a830bc8446166ee6750153b629f2f4c40766b03b,4a14b3fdf51d13786a2e905526f21d4fe7601226e01da29583be8ff3210a7041,work/market-distribution-v1/artifacts/4a14b3fdf51d13786a2e905526f21d4fe7601226e01da29583be8ff3210a7041.json,-7.5,40.5,False,False,none,False,0.7077720207253886,0.0,850f45aae7a0e29c
3c764d993ee24c45d16b2b91,2026-09-06T21:09:00.848566+00:00,850f45aae7a0e29c9c9d99adb49e34676c652f43a41ae97d88eb7751243eb060,e55c6fe19fce094ce214c8b0e5b504e9,1,2026-09-13T17:00:00Z,Jacksonville Jaguars,Cleveland Browns,totals,alternate_totals,,39.5,Over,39.5,fanduel,-130,1.7692307692307692,0.5361423478886963,1.0925619072705293,2026-09-06T21:08:25Z,35.848566,conditional_non_push,0.5219343696027634,consensus_plus_empirical_residual_model,live_snapshot_not_T60,pinnacle,e7ef86780230b27f6bc5498c,0.5398969894038049,0.5398969894038049,-117.34263349075111,-12.657366509248888,3,OK,-129,pinnacle,-130,False,False,40.5,closest_offered_consensus_to_50pct_no_interpolation,0.5219343696027634,-20.8236994219653,0.0,0.5219343696027634,EMPIRICAL_RECONSTRUCTED_HISTORY,0897c49705a05c04d65f1c02a830bc8446166ee6750153b629f2f4c40766b03b,4a14b3fdf51d13786a2e905526f21d4fe7601226e01da29583be8ff3210a7041,work/market-distribution-v1/artifacts/4a14b3fdf51d13786a2e905526f21d4fe7601226e01da29583be8ff3210a7041.json,-7.5,40.5,False,False,none,False,0.7077720207253886,0.0,850f45aae7a0e29c
350b7acf00130cb419804d45,2026-09-06T21:09:00.848566+00:00,850f45aae7a0e29c9c9d99adb49e34676c652f43a41ae97d88eb7751243eb060,e55c6fe19fce094ce214c8b0e5b504e9,1,2026-09-13T17:00:00Z,Jacksonville Jaguars,Cleveland Browns,totals,alternate_totals,,39.5,Over,39.5,pinnacle,-129,1.7751937984496124,0.5432807744017041,1.063109962992217,2026-09-06T21:08:57Z,3.848566,conditional_non_push,0.5219343696027634,consensus_plus_empirical_residual_model,live_snapshot_not_T60,pinnacle,e7ef86780230b27f6bc5498c,0.5398969894038049,0.5398969894038049,-117.34263349075111,-11.657366509248888,3,OK,-129,pinnacle,-130,False,False,40.5,closest_offered_consensus_to_50pct_no_interpolation,0.5219343696027634,-19.8236994219653,0.0,0.5219343696027634,EMPIRICAL_RECONSTRUCTED_HISTORY,0897c49705a05c04d65f1c02a830bc8446166ee6750153b629f2f4c40766b03b,4a14b3fdf51d13786a2e905526f21d4fe7601226e01da29583be8ff3210a7041,work/market-distribution-v1/artifacts/4a14b3fdf51d13786a2e905526f21d4fe7601226e01da29583be8ff3210a7041.json,-7.5,40.5,False,False,none,False,0.7077720207253886,0.0,850f45aae7a0e29c
ee98ce2bb5131cee0565d9ed,2026-09-06T21:09:00.848566+00:00,850f45aae7a0e29c9c9d99adb49e34676c652f43a41ae97d88eb7751243eb060,e55c6fe19fce094ce214c8b0e5b504e9,1,2026-09-13T17:00:00Z,Jacksonville Jaguars,Cleveland Browns,totals,alternate_totals,,39.5,Under,39.5,draftkings,101,2.01,0.46010301059619513,1.1119700165999191,2026-09-06T21:08:18Z,42.848566,conditional_non_push,0.4780656303972366,consensus_plus_empirical_residual_model,live_snapshot_not_T60,pinnacle,e7ef86780230b27f6bc5498c,0.460103010596195,0.460103010596195,117.34263349075115,-16.342633490751155,3,OK,109,pinnacle,102,False,False,40.5,closest_offered_consensus_to_50pct_no_interpolation,0.4780656303972366,-8.176300578034699,0.0,0.4780656303972366,EMPIRICAL_RECONSTRUCTED_HISTORY,0897c49705a05c04d65f1c02a830bc8446166ee6750153b629f2f4c40766b03b,4a14b3fdf51d13786a2e905526f21d4fe7601226e01da29583be8ff3210a7041,work/market-distribution-v1/artifacts/4a14b3fdf51d13786a2e905526f21d4fe7601226e01da29583be8ff3210a7041.json,-7.5,40.5,False,False,none,False,0.6407599309153713,0.0,850f45aae7a0e29c
4662067e616bf44c2b4c624b,2026-09-06T21:09:00.848566+00:00,850f45aae7a0e29c9c9d99adb49e34676c652f43a41ae97d88eb7751243eb060,e55c6fe19fce094ce214c8b0e5b504e9,1,2026-09-13T17:00:00Z,Jacksonville Jaguars,Cleveland Browns,totals,alternate_totals,,39.5,Under,39.5,fanduel,102,2.02,0.46385765211130386,1.0925619072705293,2026-09-06T21:08:25Z,35.848566,conditional_non_push,0.4780656303972366,consensus_plus_empirical_residual_model,live_snapshot_not_T60,pinnacle,e7ef86780230b27f6bc5498c,0.460103010596195,0.460103010596195,117.34263349075115,-15.342633490751155,3,OK,109,pinnacle,102,False,False,40.5,closest_offered_consensus_to_50pct_no_interpolation,0.4780656303972366,-7.176300578034699,0.0,0.4780656303972366,EMPIRICAL_RECONSTRUCTED_HISTORY,0897c49705a05c04d65f1c02a830bc8446166ee6750153b629f2f4c40766b03b,4a14b3fdf51d13786a2e905526f21d4fe7601226e01da29583be8ff3210a7041,work/market-distribution-v1/artifacts/4a14b3fdf51d13786a2e905526f21d4fe7601226e01da29583be8ff3210a7041.json,-7.5,40.5,False,False,none,False,0.6407599309153713,0.0,850f45aae7a0e29c
5e5d15e0eb219c0626f6fd55,2026-09-06T21:09:00.848566+00:00,850f45aae7a0e29c9c9d99adb49e34676c652f43a41ae97d88eb7751243eb060,e55c6fe19fce094ce214c8b0e5b504e9,1,2026-09-13T17:00:00Z,Jacksonville Jaguars,Cleveland Browns,totals,alternate_totals,,39.5,Under,39.5,pinnacle,109,2.09,0.45671922559829603,1.063109962992217,2026-09-06T21:08:57Z,3.848566,conditional_non_push,0.4780656303972366,consensus_plus_empirical_residual_model,live_snapshot_not_T60,pinnacle,e7ef86780230b27f6bc5498c,0.460103010596195,0.460103010596195,117.34263349075115,-8.342633490751155,3,OK,109,pinnacle,102,False,False,40.5,closest_offered_consensus_to_50pct_no_interpolation,0.4780656303972366,-0.17630057803469867,0.0,0.4780656303972366,EMPIRICAL_RECONSTRUCTED_HISTORY,0897c49705a05c04d65f1c02a830bc8446166ee6750153b629f2f4c40766b03b,4a14b3fdf51d13786a2e905526f21d4fe7601226e01da29583be8ff3210a7041,work/market-distribution-v1/artifacts/4a14b3fdf51d13786a2e905526f21d4fe7601226e01da29583be8ff3210a7041.json,-7.5,40.5,False,False,none,False,0.6407599309153713,0.0,850f45aae7a0e29c
58a7af5c01f4e177f406cc45,2026-09-06T21:09:00.848566+00:00,850f45aae7a0e29c9c9d99adb49e34676c652f43a41ae97d88eb7751243eb060,e55c6fe19fce094ce214c8b0e5b504e9,1,2026-09-13T17:00:00Z,Jacksonville Jaguars,Cleveland Browns,totals,alternate_totals,,40.0,Over,40.0,pinnacle,-120,1.8333333333333335,0.5244688731138852,1.0647270709503167,2026-09-06T21:08:57Z,3.848566,conditional_non_push,0.507823613086771,consensus_plus_empirical_residual_model,live_snapshot_not_T60,pinnacle,bbb2d61a911286428b9b9772,0.5244688731138851,0.5244688731138851,-110.29117621557724,-9.708823784422762,1,FEWER_THAN_TWO_BOOKS,-120,pinnacle,,False,False,40.5,closest_offered_consensus_to_50pct_no_interpolation,0.507823613086771,-16.820809248554895,0.028670120898100174,0.49326424870466323,EMPIRICAL_RECONSTRUCTED_HISTORY,0897c49705a05c04d65f1c02a830bc8446166ee6750153b629f2f4c40766b03b,4a14b3fdf51d13786a2e905526f21d4fe7601226e01da29583be8ff3210a7041,work/market-distribution-v1/artifacts/4a14b3fdf51d13786a2e905526f21d4fe7601226e01da29583be8ff3210a7041.json,-7.5,40.5,False,False,none,False,0.681174438687392,0.026597582037996545,850f45aae7a0e29c
7b98c9dc39dabd1945ce9eaf,2026-09-06T21:09:00.848566+00:00,850f45aae7a0e29c9c9d99adb49e34676c652f43a41ae97d88eb7751243eb060,e55c6fe19fce094ce214c8b0e5b504e9,1,2026-09-13T17:00:00Z,Jacksonville Jaguars,Cleveland Browns,totals,alternate_totals,,40.0,Under,40.0,pinnacle,101,2.01,0.475531126886115,1.0647270709503167,2026-09-06T21:08:57Z,3.848566,conditional_non_push,0.492176386913229,consensus_plus_empirical_residual_model,live_snapshot_not_T60,pinnacle,bbb2d61a911286428b9b9772,0.4755311268861149,0.4755311268861149,110.29117621557724,-9.291176215577238,1,FEWER_THAN_TWO_BOOKS,101,pinnacle,,False,False,40.5,closest_offered_consensus_to_50pct_no_interpolation,0.492176386913229,-2.1791907514450912,0.028670120898100174,0.4780656303972366,EMPIRICAL_RECONSTRUCTED_HISTORY,0897c49705a05c04d65f1c02a830bc8446166ee6750153b629f2f4c40766b03b,4a14b3fdf51d13786a2e905526f21d4fe7601226e01da29583be8ff3210a7041,work/market-distribution-v1/artifacts/4a14b3fdf51d13786a2e905526f21d4fe7601226e01da29583be8ff3210a7041.json,-7.5,40.5,False,False,none,False,0.6407599309153713,0.026597582037996545,850f45aae7a0e29c
83e1daf2604bb651ede44679,2026-09-06T21:09:00.848566+00:00,850f45aae7a0e29c9c9d99adb49e34676c652f43a41ae97d88eb7751243eb060,e55c6fe19fce094ce214c8b0e5b504e9,1,2026-09-13T17:00:00Z,Jacksonville Jaguars,Cleveland Browns,totals,totals,,40.5,Over,40.5,betmgm,-108,1.925925925925926,0.49766301523402895,1.0647311734675267,2026-09-06T21:08:57Z,3.848566,conditional_non_push,0.49326424870466323,consensus_plus_empirical_residual_model,live_snapshot_not_T60,pinnacle,a41d6cd4fe3606d7b1470bb5,0.5,0.5,-100.0,-8.0,4,OK,-108,betmgm,-108,False,False,40.5,closest_offered_consensus_to_50pct_no_interpolation,0.49326424870466323,-10.731092436974777,0.0,0.49326424870466323,EMPIRICAL_RECONSTRUCTED_HISTORY,0897c49705a05c04d65f1c02a830bc8446166ee6750153b629f2f4c40766b03b,4a14b3fdf51d13786a2e905526f21d4fe7601226e01da29583be8ff3210a7041,work/market-distribution-v1/artifacts/4a14b3fdf51d13786a2e905526f21d4fe7601226e01da29583be8ff3210a7041.json,-7.5,40.5,False,False,none,False,0.681174438687392,0.0,850f45aae7a0e29c
ebb15f10afb968bce1cdc0ff,2026-09-06T21:09:00.848566+00:00,850f45aae7a0e29c9c9d99adb49e34676c652f43a41ae97d88eb7751243eb060,e55c6fe19fce094ce214c8b0e5b504e9,1,2026-09-13T17:00:00Z,Jacksonville Jaguars,Cleveland Browns,totals,totals,,40.5,Over,40.5,draftkings,-110,1.9090909090909092,0.5000000000000001,1.0719425631310813,2026-09-06T21:07:49Z,71.848566,conditional_non_push,0.49326424870466323,consensus_plus_empirical_residual_model,live_snapshot_not_T60,pinnacle,a41d6cd4fe3606d7b1470bb5,0.5,0.5,-100.0,-10.0,4,OK,-108,betmgm,-108,False,False,40.5,closest_offered_consensus_to_50pct_no_interpolation,0.49326424870466323,-12.731092436974777,0.0,0.49326424870466323,EMPIRICAL_RECONSTRUCTED_HISTORY,0897c49705a05c04d65f1c02a830bc8446166ee6750153b629f2f4c40766b03b,4a14b3fdf51d13786a2e905526f21d4fe7601226e01da29583be8ff3210a7041,work/market-distribution-v1/artifacts/4a14b3fdf51d13786a2e905526f21d4fe7601226e01da29583be8ff3210a7041.json,-7.5,40.5,False,False,none,False,0.681174438687392,0.0,850f45aae7a0e29c
3b1e10da2dcfdd4c4e527efb,2026-09-06T21:09:00.848566+00:00,850f45aae7a0e29c9c9d99adb49e34676c652f43a41ae97d88eb7751243eb060,e55c6fe19fce094ce214c8b0e5b504e9,1,2026-09-13T17:00:00Z,Jacksonville Jaguars,Cleveland Browns,totals,totals,,40.5,Over,40.5,fanduel,-110,1.9090909090909092,0.5000000000000001,1.0719425631310813,2026-09-06T21:08:57Z,3.848566,conditional_non_push,0.49326424870466323,consensus_plus_empirical_residual_model,live_snapshot_not_T60,pinnacle,a41d6cd4fe3606d7b1470bb5,0.5,0.5,-100.0,-10.0,4,OK,-108,betmgm,-108,False,False,40.5,closest_offered_consensus_to_50pct_no_interpolation,0.49326424870466323,-12.731092436974777,0.0,0.49326424870466323,EMPIRICAL_RECONSTRUCTED_HISTORY,0897c49705a05c04d65f1c02a830bc8446166ee6750153b629f2f4c40766b03b,4a14b3fdf51d13786a2e905526f21d4fe7601226e01da29583be8ff3210a7041,work/market-distribution-v1/artifacts/4a14b3fdf51d13786a2e905526f21d4fe7601226e01da29583be8ff3210a7041.json,-7.5,40.5,False,False,none,False,0.681174438687392,0.0,850f45aae7a0e29c
03a5dfdd1fdad62313f6a5d0,2026-09-06T21:09:00.848566+00:00,850f45aae7a0e29c9c9d99adb49e34676c652f43a41ae97d88eb7751243eb060,e55c6fe19fce094ce214c8b0e5b504e9,1,2026-09-13T17:00:00Z,Jacksonville Jaguars,Cleveland Browns,totals,totals,,40.5,Over,40.5,pinnacle,-110,1.9090909090909092,0.5047081268292227,1.0574485894788523,2026-09-06T21:08:57Z,3.848566,conditional_non_push,0.49326424870466323,consensus_plus_empirical_residual_model,live_snapshot_not_T60,pinnacle,a41d6cd4fe3606d7b1470bb5,0.5,0.5,-100.0,-10.0,4,OK,-108,betmgm,-108,False,False,40.5,closest_offered_consensus_to_50pct_no_interpolation,0.49326424870466323,-12.731092436974777,0.0,0.49326424870466323,EMPIRICAL_RECONSTRUCTED_HISTORY,0897c49705a05c04d65f1c02a830bc8446166ee6750153b629f2f4c40766b03b,4a14b3fdf51d13786a2e905526f21d4fe7601226e01da29583be8ff3210a7041,work/market-distribution-v1/artifacts/4a14b3fdf51d13786a2e905526f21d4fe7601226e01da29583be8ff3210a7041.json,-7.5,40.5,False,False,none,False,0.681174438687392,0.0,850f45aae7a0e29c
949b443314d1ea23328406fb,2026-09-06T21:09:00.848566+00:00,850f45aae7a0e29c9c9d99adb49e34676c652f43a41ae97d88eb7751243eb060,e55c6fe19fce094ce214c8b0e5b504e9,1,2026-09-13T17:00:00Z,Jacksonville Jaguars,Cleveland Browns,totals,totals,,40.5,Under,40.5,betmgm,-110,1.9090909090909092,0.5023369847659711,1.0647311734675267,2026-09-06T21:08:57Z,3.848566,conditional_non_push,0.5067357512953368,consensus_plus_empirical_residual_model,live_snapshot_not_T60,pinnacle,a41d6cd4fe3606d7b1470bb5,0.5,0.5,-100.0,-10.0,4,OK,-106,pinnacle,-110,False,False,40.5,closest_offered_consensus_to_50pct_no_interpolation,0.5067357512953368,-7.268907563025223,0.0,0.5067357512953368,EMPIRICAL_RECONSTRUCTED_HISTORY,0897c49705a05c04d65f1c02a830bc8446166ee6750153b629f2f4c40766b03b,4a14b3fdf51d13786a2e905526f21d4fe7601226e01da29583be8ff3210a7041,work/market-distribution-v1/artifacts/4a14b3fdf51d13786a2e905526f21d4fe7601226e01da29583be8ff3210a7041.json,-7.5,40.5,False,False,none,False,0.6673575129533679,0.0,850f45aae7a0e29c
7ec724ec9b69cdf4f1acf6b1,2026-09-06T21:09:00.848566+00:00,850f45aae7a0e29c9c9d99adb49e34676c652f43a41ae97d88eb7751243eb060,e55c6fe19fce094ce214c8b0e5b504e9,1,2026-09-13T17:00:00Z,Jacksonville Jaguars,Cleveland Browns,totals,totals,,40.5,Under,40.5,draftkings,-110,1.9090909090909092,0.5000000000000001,1.0719425631310813,2026-09-06T21:07:49Z,71.848566,conditional_non_push,0.5067357512953368,consensus_plus_empirical_residual_model,live_snapshot_not_T60,pinnacle,a41d6cd4fe3606d7b1470bb5,0.5,0.5,-100.0,-10.0,4,OK,-106,pinnacle,-110,False,False,40.5,closest_offered_consensus_to_50pct_no_interpolation,0.5067357512953368,-7.268907563025223,0.0,0.5067357512953368,EMPIRICAL_RECONSTRUCTED_HISTORY,0897c49705a05c04d65f1c02a830bc8446166ee6750153b629f2f4c40766b03b,4a14b3fdf51d13786a2e905526f21d4fe7601226e01da29583be8ff3210a7041,work/market-distribution-v1/artifacts/4a14b3fdf51d13786a2e905526f21d4fe7601226e01da29583be8ff3210a7041.json,-7.5,40.5,False,False,none,False,0.6673575129533679,0.0,850f45aae7a0e29c
3e4ffb52f7340bd470a2da8a,2026-09-06T21:09:00.848566+00:00,850f45aae7a0e29c9c9d99adb49e34676c652f43a41ae97d88eb7751243eb060,e55c6fe19fce094ce214c8b0e5b504e9,1,2026-09-13T17:00:00Z,Jacksonville Jaguars,Cleveland Browns,totals,totals,,40.5,Under,40.5,fanduel,-110,1.9090909090909092,0.5000000000000001,1.0719425631310813,2026-09-06T21:08:57Z,3.848566,conditional_non_push,0.5067357512953368,consensus_plus_empirical_residual_model,live_snapshot_not_T60,pinnacle,a41d6cd4fe3606d7b1470bb5,0.5,0.5,-100.0,-10.0,4,OK,-106,pinnacle,-110,False,False,40.5,closest_offered_consensus_to_50pct_no_interpolation,0.5067357512953368,-7.268907563025223,0.0,0.5067357512953368,EMPIRICAL_RECONSTRUCTED_HISTORY,0897c49705a05c04d65f1c02a830bc8446166ee6750153b629f2f4c40766b03b,4a14b3fdf51d13786a2e905526f21d4fe7601226e01da29583be8ff3210a7041,work/market-distribution-v1/artifacts/4a14b3fdf51d13786a2e905526f21d4fe7601226e01da29583be8ff3210a7041.json,-7.5,40.5,False,False,none,False,0.6673575129533679,0.0,850f45aae7a0e29c
8a64c6dc483293e8a12a9db7,2026-09-06T21:09:00.848566+00:00,850f45aae7a0e29c9c9d99adb49e34676c652f43a41ae97d88eb7751243eb060,e55c6fe19fce094ce214c8b0e5b504e9,1,2026-09-13T17:00:00Z,Jacksonville Jaguars,Cleveland Browns,totals,totals,,40.5,Under,40.5,pinnacle,-106,1.9433962264150944,0.4952918731707774,1.0574485894788523,2026-09-06T21:08:57Z,3.848566,conditional_non_push,0.5067357512953368,consensus_plus_empirical_residual_model,live_snapshot_not_T60,pinnacle,a41d6cd4fe3606d7b1470bb5,0.5,0.5,-100.0,-6.0,4,OK,-106,pinnacle,-110,False,False,40.5,closest_offered_consensus_to_50pct_no_interpolation,0.5067357512953368,-3.2689075630252233,0.0,0.5067357512953368,EMPIRICAL_RECONSTRUCTED_HISTORY,0897c49705a05c04d65f1c02a830bc8446166ee6750153b629f2f4c40766b03b,4a14b3fdf51d13786a2e905526f21d4fe7601226e01da29583be8ff3210a7041,work/market-distribution-v1/artifacts/4a14b3fdf51d13786a2e905526f21d4fe7601226e01da29583be8ff3210a7041.json,-7.5,40.5,False,False,none,False,0.6673575129533679,0.0,850f45aae7a0e29c
d931d1f545fe4750291fc51a,2026-09-06T21:09:00.848566+00:00,850f45aae7a0e29c9c9d99adb49e34676c652f43a41ae97d88eb7751243eb060,e55c6fe19fce094ce214c8b0e5b504e9,1,2026-09-13T17:00:00Z,Jacksonville Jaguars,Cleveland Browns,totals,alternate_totals,,41.0,Over,41.0,pinnacle,-103,1.970873786407767,0.48597232598059303,1.0635638480030298,2026-09-06T21:08:57Z,3.848566,conditional_non_push,0.48867201115371206,consensus_plus_empirical_residual_model,live_snapshot_not_T60,pinnacle,d7e209d00954afaf2d98f9c0,0.48597232598059303,0.48597232598059303,105.77303408835141,-8.773034088351409,1,FEWER_THAN_TWO_BOOKS,-103,pinnacle,,False,False,40.5,closest_offered_consensus_to_50pct_no_interpolation,0.48867201115371206,-7.636233951497871,0.008981001727115717,0.4842832469775475,EMPIRICAL_RECONSTRUCTED_HISTORY,0897c49705a05c04d65f1c02a830bc8446166ee6750153b629f2f4c40766b03b,4a14b3fdf51d13786a2e905526f21d4fe7601226e01da29583be8ff3210a7041,work/market-distribution-v1/artifacts/4a14b3fdf51d13786a2e905526f21d4fe7601226e01da29583be8ff3210a7041.json,-7.5,40.5,False,False,none,False,0.6538860103626943,0.027288428324697755,850f45aae7a0e29c
dadb99917b79f2f6bd0d0b69,2026-09-06T21:09:00.848566+00:00,850f45aae7a0e29c9c9d99adb49e34676c652f43a41ae97d88eb7751243eb060,e55c6fe19fce094ce214c8b0e5b504e9,1,2026-09-13T17:00:00Z,Jacksonville Jaguars,Cleveland Browns,totals,alternate_totals,,41.0,Under,41.0,pinnacle,-115,1.8695652173913042,0.5140276740194071,1.0635638480030298,2026-09-06T21:08:57Z,3.848566,conditional_non_push,0.5113279888462878,consensus_plus_empirical_residual_model,live_snapshot_not_T60,pinnacle,d7e209d00954afaf2d98f9c0,0.5140276740194071,0.5140276740194071,-105.77303408835147,-9.226965911648534,1,FEWER_THAN_TWO_BOOKS,-115,pinnacle,,False,False,40.5,closest_offered_consensus_to_50pct_no_interpolation,0.5113279888462878,-10.363766048502171,0.008981001727115717,0.5067357512953368,EMPIRICAL_RECONSTRUCTED_HISTORY,0897c49705a05c04d65f1c02a830bc8446166ee6750153b629f2f4c40766b03b,4a14b3fdf51d13786a2e905526f21d4fe7601226e01da29583be8ff3210a7041,work/market-distribution-v1/artifacts/4a14b3fdf51d13786a2e905526f21d4fe7601226e01da29583be8ff3210a7041.json,-7.5,40.5,False,False,none,False,0.6673575129533679,0.023488773747841106,850f45aae7a0e29c
86162b7de1ee3e57bdb63b82,2026-09-06T21:09:00.848566+00:00,850f45aae7a0e29c9c9d99adb49e34676c652f43a41ae97d88eb7751243eb060,e55c6fe19fce094ce214c8b0e5b504e9,1,2026-09-13T17:00:00Z,Jacksonville Jaguars,Cleveland Browns,totals,alternate_totals,,41.5,Over,41.5,draftkings,-101,1.99009900990099,0.46554581376951243,1.1109591825318517,2026-09-06T21:08:18Z,42.848566,conditional_non_push,0.4842832469775475,consensus_plus_empirical_residual_model,live_snapshot_not_T60,pinnacle,d4c0a4f8baa296c4688b7568,0.4655458137695123,0.4655458137695123,114.80163077894011,-15.801630778940108,3,OK,104,fanduel|pinnacle,104,False,False,40.5,closest_offered_consensus_to_50pct_no_interpolation,0.4842832469775475,-7.490727532096997,0.0,0.4842832469775475,EMPIRICAL_RECONSTRUCTED_HISTORY,0897c49705a05c04d65f1c02a830bc8446166ee6750153b629f2f4c40766b03b,4a14b3fdf51d13786a2e905526f21d4fe7601226e01da29583be8ff3210a7041,work/market-distribution-v1/artifacts/4a14b3fdf51d13786a2e905526f21d4fe7601226e01da29583be8ff3210a7041.json,-7.5,40.5,False,False,none,False,0.6538860103626943,0.0,850f45aae7a0e29c
782f7bd96d5ace8b2bb32d51,2026-09-06T21:09:00.848566+00:00,850f45aae7a0e29c9c9d99adb49e34676c652f43a41ae97d88eb7751243eb060,e55c6fe19fce094ce214c8b0e5b504e9,1,2026-09-13T17:00:00Z,Jacksonville Jaguars,Cleveland Browns,totals,alternate_totals,,41.5,Over,41.5,fanduel,104,2.04,0.45945109137499585,1.0908520811334959,2026-09-06T21:08:25Z,35.848566,conditional_non_push,0.4842832469775475,consensus_plus_empirical_residual_model,live_snapshot_not_T60,pinnacle,d4c0a4f8baa296c4688b7568,0.4655458137695123,0.4655458137695123,114.80163077894011,-10.801630778940108,3,OK,104,fanduel|pinnacle,104,False,False,40.5,closest_offered_consensus_to_50pct_no_interpolation,0.4842832469775475,-2.4907275320969973,0.0,0.4842832469775475,EMPIRICAL_RECONSTRUCTED_HISTORY,0897c49705a05c04d65f1c02a830bc8446166ee6750153b629f2f4c40766b03b,4a14b3fdf51d13786a2e905526f21d4fe7601226e01da29583be8ff3210a7041,work/market-distribution-v1/artifacts/4a14b3fdf51d13786a2e905526f21d4fe7601226e01da29583be8ff3210a7041.json,-7.5,40.5,False,False,none,False,0.6538860103626943,0.0,850f45aae7a0e29c
84d347a4d947e02fb09dc3d4,2026-09-06T21:09:00.848566+00:00,850f45aae7a0e29c9c9d99adb49e34676c652f43a41ae97d88eb7751243eb060,e55c6fe19fce094ce214c8b0e5b504e9,1,2026-09-13T17:00:00Z,Jacksonville Jaguars,Cleveland Browns,totals,alternate_totals,,41.5,Over,41.5,pinnacle,104,2.04,0.46764064612665146,1.0660710190169853,2026-09-06T21:08:57Z,3.848566,conditional_non_push,0.4842832469775475,consensus_plus_empirical_residual_model,live_snapshot_not_T60,pinnacle,d4c0a4f8baa296c4688b7568,0.4655458137695123,0.4655458137695123,114.80163077894011,-10.801630778940108,3,OK,104,fanduel|pinnacle,104,False,False,40.5,closest_offered_consensus_to_50pct_no_interpolation,0.4842832469775475,-2.4907275320969973,0.0,0.4842832469775475,EMPIRICAL_RECONSTRUCTED_HISTORY,0897c49705a05c04d65f1c02a830bc8446166ee6750153b629f2f4c40766b03b,4a14b3fdf51d13786a2e905526f21d4fe7601226e01da29583be8ff3210a7041,work/market-distribution-v1/artifacts/4a14b3fdf51d13786a2e905526f21d4fe7601226e01da29583be8ff3210a7041.json,-7.5,40.5,False,False,none,False,0.6538860103626943,0.0,850f45aae7a0e29c
725e6a5a14eaf073aa3436a6,2026-09-06T21:09:00.848566+00:00,850f45aae7a0e29c9c9d99adb49e34676c652f43a41ae97d88eb7751243eb060,e55c6fe19fce094ce214c8b0e5b504e9,1,2026-09-13T17:00:00Z,Jacksonville Jaguars,Cleveland Browns,totals,alternate_totals,,41.5,Under,41.5,draftkings,-132,1.7575757575757576,0.5344541862304878,1.1109591825318517,2026-09-06T21:08:18Z,42.848566,conditional_non_push,0.5157167530224525,consensus_plus_empirical_residual_model,live_snapshot_not_T60,pinnacle,d4c0a4f8baa296c4688b7568,0.5344541862304877,0.5344541862304877,-114.80163077894011,-17.19836922105989,3,OK,-124,pinnacle,-132,False,False,40.5,closest_offered_consensus_to_50pct_no_interpolation,0.5157167530224525,-25.509272467903017,0.0,0.5157167530224525,EMPIRICAL_RECONSTRUCTED_HISTORY,0897c49705a05c04d65f1c02a830bc8446166ee6750153b629f2f4c40766b03b,4a14b3fdf51d13786a2e905526f21d4fe7601226e01da29583be8ff3210a7041,work/market-distribution-v1/artifacts/4a14b3fdf51d13786a2e905526f21d4fe7601226e01da29583be8ff3210a7041.json,-7.5,40.5,False,False,none,False,0.690846286701209,0.0,850f45aae7a0e29c
02219488a8b3b798d687ea17,2026-09-06T21:09:00.848566+00:00,850f45aae7a0e29c9c9d99adb49e34676c652f43a41ae97d88eb7751243eb060,e55c6fe19fce094ce214c8b0e5b504e9,1,2026-09-13T17:00:00Z,Jacksonville Jaguars,Cleveland Browns,totals,alternate_totals,,41.5,Under,41.5,fanduel,-132,1.7575757575757576,0.5405489086250044,1.0908520811334959,2026-09-06T21:08:25Z,35.848566,conditional_non_push,0.5157167530224525,consensus_plus_empirical_residual_model,live_snapshot_not_T60,pinnacle,d4c0a4f8baa296c4688b7568,0.5344541862304877,0.5344541862304877,-114.80163077894011,-17.19836922105989,3,OK,-124,pinnacle,-132,False,False,40.5,closest_offered_consensus_to_50pct_no_interpolation,0.5157167530224525,-25.509272467903017,0.0,0.5157167530224525,EMPIRICAL_RECONSTRUCTED_HISTORY,0897c49705a05c04d65f1c02a830bc8446166ee6750153b629f2f4c40766b03b,4a14b3fdf51d13786a2e905526f21d4fe7601226e01da29583be8ff3210a7041,work/market-distribution-v1/artifacts/4a14b3fdf51d13786a2e905526f21d4fe7601226e01da29583be8ff3210a7041.json,-7.5,40.5,False,False,none,False,0.690846286701209,0.0,850f45aae7a0e29c
4274e22c33f8e609839f16d3,2026-09-06T21:09:00.848566+00:00,850f45aae7a0e29c9c9d99adb49e34676c652f43a41ae97d88eb7751243eb060,e55c6fe19fce094ce214c8b0e5b504e9,1,2026-09-13T17:00:00Z,Jacksonville Jaguars,Cleveland Browns,totals,alternate_totals,,41.5,Under,41.5,pinnacle,-124,1.8064516129032258,0.5323593538733485,1.0660710190169853,2026-09-06T21:08:57Z,3.848566,conditional_non_push,0.5157167530224525,consensus_plus_empirical_residual_model,live_snapshot_not_T60,pinnacle,d4c0a4f8baa296c4688b7568,0.5344541862304877,0.5344541862304877,-114.80163077894011,-9.198369221059892,3,OK,-124,pinnacle,-132,False,False,40.5,closest_offered_consensus_to_50pct_no_interpolation,0.5157167530224525,-17.509272467903017,0.0,0.5157167530224525,EMPIRICAL_RECONSTRUCTED_HISTORY,0897c49705a05c04d65f1c02a830bc8446166ee6750153b629f2f4c40766b03b,4a14b3fdf51d13786a2e905526f21d4fe7601226e01da29583be8ff3210a7041,work/market-distribution-v1/artifacts/4a14b3fdf51d13786a2e905526f21d4fe7601226e01da29583be8ff3210a7041.json,-7.5,40.5,False,False,none,False,0.690846286701209,0.0,850f45aae7a0e29c
c1f6d911014a231dcb7d687a,2026-09-06T21:09:00.848566+00:00,850f45aae7a0e29c9c9d99adb49e34676c652f43a41ae97d88eb7751243eb060,e55c6fe19fce094ce214c8b0e5b504e9,1,2026-09-13T17:00:00Z,Jacksonville Jaguars,Cleveland Browns,totals,alternate_totals,,42.0,Over,42.0,pinnacle,111,2.1100000000000003,0.45050587690991556,1.0678947737088604,2026-09-06T21:08:57Z,3.848566,conditional_non_push,0.46868327402135235,consensus_plus_empirical_residual_model,live_snapshot_not_T60,pinnacle,cde7114a90da7deb5c28afd9,0.45050587690991545,0.45050587690991545,121.97268698449479,-10.972686984494786,1,FEWER_THAN_TWO_BOOKS,111,pinnacle,,False,False,40.5,closest_offered_consensus_to_50pct_no_interpolation,0.46868327402135235,-2.3637053910402273,0.02936096718480138,0.45492227979274613,EMPIRICAL_RECONSTRUCTED_HISTORY,0897c49705a05c04d65f1c02a830bc8446166ee6750153b629f2f4c40766b03b,4a14b3fdf51d13786a2e905526f21d4fe7601226e01da29583be8ff3210a7041,work/market-distribution-v1/artifacts/4a14b3fdf51d13786a2e905526f21d4fe7601226e01da29583be8ff3210a7041.json,-7.5,40.5,False,False,none,False,0.6224525043177893,0.03143350604490501,850f45aae7a0e29c
9d2a1c412cae568bb4c19e3f,2026-09-06T21:09:00.848566+00:00,850f45aae7a0e29c9c9d99adb49e34676c652f43a41ae97d88eb7751243eb060,e55c6fe19fce094ce214c8b0e5b504e9,1,2026-09-13T17:00:00Z,Jacksonville Jaguars,Cleveland Browns,totals,alternate_totals,,42.0,Under,42.0,pinnacle,-133,1.7518796992481203,0.5494941230900847,1.0678947737088604,2026-09-06T21:08:57Z,3.848566,conditional_non_push,0.5313167259786477,consensus_plus_empirical_residual_model,live_snapshot_not_T60,pinnacle,cde7114a90da7deb5c28afd9,0.5494941230900846,0.5494941230900846,-121.97268698449481,-11.027313015505186,1,FEWER_THAN_TWO_BOOKS,-133,pinnacle,,False,False,40.5,closest_offered_consensus_to_50pct_no_interpolation,0.5313167259786477,-19.636294608959773,0.02936096718480138,0.5157167530224525,EMPIRICAL_RECONSTRUCTED_HISTORY,0897c49705a05c04d65f1c02a830bc8446166ee6750153b629f2f4c40766b03b,4a14b3fdf51d13786a2e905526f21d4fe7601226e01da29583be8ff3210a7041,work/market-distribution-v1/artifacts/4a14b3fdf51d13786a2e905526f21d4fe7601226e01da29583be8ff3210a7041.json,-7.5,40.5,False,False,none,False,0.690846286701209,0.025561312607944732,850f45aae7a0e29c
58cda870a35ac9b429ec9947,2026-09-06T21:09:00.848566+00:00,850f45aae7a0e29c9c9d99adb49e34676c652f43a41ae97d88eb7751243eb060,e55c6fe19fce094ce214c8b0e5b504e9,1,2026-09-13T17:00:00Z,Jacksonville Jaguars,Cleveland Browns,totals,alternate_totals,,42.5,Over,42.5,draftkings,110,2.1,0.4392579960949788,1.1088110794693287,2026-09-06T21:08:18Z,42.848566,conditional_non_push,0.45492227979274613,consensus_plus_empirical_residual_model,live_snapshot_not_T60,pinnacle,048b68731530c275a205b696,0.43496940825819363,0.43496940825819363,129.90122546880576,-19.901225468805762,3,OK,119,pinnacle,114,False,False,40.5,closest_offered_consensus_to_50pct_no_interpolation,0.45492227979274613,-9.817767653758523,0.0,0.45492227979274613,EMPIRICAL_RECONSTRUCTED_HISTORY,0897c49705a05c04d65f1c02a830bc8446166ee6750153b629f2f4c40766b03b,4a14b3fdf51d13786a2e905526f21d4fe7601226e01da29583be8ff3210a7041,work/market-distribution-v1/artifacts/4a14b3fdf51d13786a2e905526f21d4fe7601226e01da29583be8ff3210a7041.json,-7.5,40.5,False,False,none,False,0.6224525043177893,0.0,850f45aae7a0e29c
aa521147ba331a724885b92f,2026-09-06T21:09:00.848566+00:00,850f45aae7a0e29c9c9d99adb49e34676c652f43a41ae97d88eb7751243eb060,e55c6fe19fce094ce214c8b0e5b504e9,1,2026-09-13T17:00:00Z,Jacksonville Jaguars,Cleveland Browns,totals,alternate_totals,,42.5,Over,42.5,fanduel,114,2.1399999999999997,0.43496940825819363,1.0942076735491515,2026-09-06T21:08:25Z,35.848566,conditional_non_push,0.45492227979274613,consensus_plus_empirical_residual_model,live_snapshot_not_T60,pinnacle,048b68731530c275a205b696,0.43496940825819363,0.43496940825819363,129.90122546880576,-15.901225468805762,3,OK,119,pinnacle,114,False,False,40.5,closest_offered_consensus_to_50pct_no_interpolation,0.45492227979274613,-5.817767653758523,0.0,0.45492227979274613,EMPIRICAL_RECONSTRUCTED_HISTORY,0897c49705a05c04d65f1c02a830bc8446166ee6750153b629f2f4c40766b03b,4a14b3fdf51d13786a2e905526f21d4fe7601226e01da29583be8ff3210a7041,work/market-distribution-v1/artifacts/4a14b3fdf51d13786a2e905526f21d4fe7601226e01da29583be8ff3210a7041.json,-7.5,40.5,False,False,none,False,0.6224525043177893,0.0,850f45aae7a0e29c
5072f00909a111a0976f6140,2026-09-06T21:09:00.848566+00:00,850f45aae7a0e29c9c9d99adb49e34676c652f43a41ae97d88eb7751243eb060,e55c6fe19fce094ce214c8b0e5b504e9,1,2026-09-13T17:00:00Z,Jacksonville Jaguars,Cleveland Browns,totals,alternate_totals,,42.5,Over,42.5,pinnacle,119,2.19,0.4335511119910832,1.0661359081266872,2026-09-06T21:08:57Z,3.848566,conditional_non_push,0.45492227979274613,consensus_plus_empirical_residual_model,live_snapshot_not_T60,pinnacle,048b68731530c275a205b696,0.43496940825819363,0.43496940825819363,129.90122546880576,-10.901225468805762,3,OK,119,pinnacle,114,False,False,40.5,closest_offered_consensus_to_50pct_no_interpolation,0.45492227979274613,-0.8177676537585228,0.0,0.45492227979274613,EMPIRICAL_RECONSTRUCTED_HISTORY,0897c49705a05c04d65f1c02a830bc8446166ee6750153b629f2f4c40766b03b,4a14b3fdf51d13786a2e905526f21d4fe7601226e01da29583be8ff3210a7041,work/market-distribution-v1/artifacts/4a14b3fdf51d13786a2e905526f21d4fe7601226e01da29583be8ff3210a7041.json,-7.5,40.5,False,False,none,False,0.6224525043177893,0.0,850f45aae7a0e29c
67091f0ca7c9a4c3497c6c2b,2026-09-06T21:09:00.848566+00:00,850f45aae7a0e29c9c9d99adb49e34676c652f43a41ae97d88eb7751243eb060,e55c6fe19fce094ce214c8b0e5b504e9,1,2026-09-13T17:00:00Z,Jacksonville Jaguars,Cleveland Browns,totals,alternate_totals,,42.5,Under,42.5,draftkings,-146,1.6849315068493151,0.5607420039050215,1.1088110794693287,2026-09-06T21:08:18Z,42.848566,conditional_non_push,0.5450777202072539,consensus_plus_empirical_residual_model,live_snapshot_not_T60,pinnacle,048b68731530c275a205b696,0.5650305917418065,0.5650305917418065,-129.90122546880582,-16.09877453119418,3,OK,-142,pinnacle,-146,False,False,40.5,closest_offered_consensus_to_50pct_no_interpolation,0.5450777202072539,-26.182232346241477,0.0,0.5450777202072539,EMPIRICAL_RECONSTRUCTED_HISTORY,0897c49705a05c04d65f1c02a830bc8446166ee6750153b629f2f4c40766b03b,4a14b3fdf51d13786a2e905526f21d4fe7601226e01da29583be8ff3210a7041,work/market-distribution-v1/artifacts/4a14b3fdf51d13786a2e905526f21d4fe7601226e01da29583be8ff3210a7041.json,-7.5,40.5,False,False,none,False,0.7164075993091537,0.0,850f45aae7a0e29c
c11aa3a7b67fef8d1d52e7db,2026-09-06T21:09:00.848566+00:00,850f45aae7a0e29c9c9d99adb49e34676c652f43a41ae97d88eb7751243eb060,e55c6fe19fce094ce214c8b0e5b504e9,1,2026-09-13T17:00:00Z,Jacksonville Jaguars,Cleveland Browns,totals,alternate_totals,,42.5,Under,42.5,fanduel,-146,1.6849315068493151,0.5650305917418065,1.0942076735491515,2026-09-06T21:08:25Z,35.848566,conditional_non_push,0.5450777202072539,consensus_plus_empirical_residual_model,live_snapshot_not_T60,pinnacle,048b68731530c275a205b696,0.5650305917418065,0.5650305917418065,-129.90122546880582,-16.09877453119418,3,OK,-142,pinnacle,-146,False,False,40.5,closest_offered_consensus_to_50pct_no_interpolation,0.5450777202072539,-26.182232346241477,0.0,0.5450777202072539,EMPIRICAL_RECONSTRUCTED_HISTORY,0897c49705a05c04d65f1c02a830bc8446166ee6750153b629f2f4c40766b03b,4a14b3fdf51d13786a2e905526f21d4fe7601226e01da29583be8ff3210a7041,work/market-distribution-v1/artifacts/4a14b3fdf51d13786a2e905526f21d4fe7601226e01da29583be8ff3210a7041.json,-7.5,40.5,False,False,none,False,0.7164075993091537,0.0,850f45aae7a0e29c
3a34339a398098e60f03b795,2026-09-06T21:09:00.848566+00:00,850f45aae7a0e29c9c9d99adb49e34676c652f43a41ae97d88eb7751243eb060,e55c6fe19fce094ce214c8b0e5b504e9,1,2026-09-13T17:00:00Z,Jacksonville Jaguars,Cleveland Browns,totals,alternate_totals,,42.5,Under,42.5,pinnacle,-142,1.704225352112676,0.566448888008917,1.0661359081266872,2026-09-06T21:08:57Z,3.848566,conditional_non_push,0.5450777202072539,consensus_plus_empirical_residual_model,live_snapshot_not_T60,pinnacle,048b68731530c275a205b696,0.5650305917418065,0.5650305917418065,-129.90122546880582,-12.09877453119418,3,OK,-142,pinnacle,-146,False,False,40.5,closest_offered_consensus_to_50pct_no_interpolation,0.5450777202072539,-22.182232346241477,0.0,0.5450777202072539,EMPIRICAL_RECONSTRUCTED_HISTORY,0897c49705a05c04d65f1c02a830bc8446166ee6750153b629f2f4c40766b03b,4a14b3fdf51d13786a2e905526f21d4fe7601226e01da29583be8ff3210a7041,work/market-distribution-v1/artifacts/4a14b3fdf51d13786a2e905526f21d4fe7601226e01da29583be8ff3210a7041.json,-7.5,40.5,False,False,none,False,0.7164075993091537,0.0,850f45aae7a0e29c
b6afd56bf8e7cee58109f9dc,2026-09-06T21:09:00.848566+00:00,850f45aae7a0e29c9c9d99adb49e34676c652f43a41ae97d88eb7751243eb060,e55c6fe19fce094ce214c8b0e5b504e9,1,2026-09-13T17:00:00Z,Jacksonville Jaguars,Cleveland Browns,totals,alternate_totals,,43.0,Over,43.0,pinnacle,127,2.27,0.4169467817916078,1.067111745524398,2026-09-06T21:08:57Z,3.848566,conditional_non_push,0.4370317516946129,consensus_plus_empirical_residual_model,live_snapshot_not_T60,pinnacle,6cacf4497376cb919d70ffb2,0.4169467817916078,0.4169467817916078,139.83876208446316,-12.838762084463156,1,FEWER_THAN_TWO_BOOKS,127,pinnacle,,False,False,40.5,closest_offered_consensus_to_50pct_no_interpolation,0.4370317516946129,-1.8163265306122298,0.03177892918825561,0.4231433506044905,EMPIRICAL_RECONSTRUCTED_HISTORY,0897c49705a05c04d65f1c02a830bc8446166ee6750153b629f2f4c40766b03b,4a14b3fdf51d13786a2e905526f21d4fe7601226e01da29583be8ff3210a7041,work/market-distribution-v1/artifacts/4a14b3fdf51d13786a2e905526f21d4fe7601226e01da29583be8ff3210a7041.json,-7.5,40.5,False,False,none,False,0.590328151986183,0.03212435233160622,850f45aae7a0e29c
14ed6912dd165f2f0f134bc3,2026-09-06T21:09:00.848566+00:00,850f45aae7a0e29c9c9d99adb49e34676c652f43a41ae97d88eb7751243eb060,e55c6fe19fce094ce214c8b0e5b504e9,1,2026-09-13T17:00:00Z,Jacksonville Jaguars,Cleveland Browns,totals,alternate_totals,,43.0,Under,43.0,pinnacle,-152,1.6578947368421053,0.5830532182083923,1.067111745524398,2026-09-06T21:08:57Z,3.848566,conditional_non_push,0.562968248305387,consensus_plus_empirical_residual_model,live_snapshot_not_T60,pinnacle,6cacf4497376cb919d70ffb2,0.5830532182083923,0.5830532182083923,-139.8387620844632,-12.161237915536788,1,FEWER_THAN_TWO_BOOKS,-152,pinnacle,,False,False,40.5,closest_offered_consensus_to_50pct_no_interpolation,0.562968248305387,-23.18367346938777,0.03177892918825561,0.5450777202072539,EMPIRICAL_RECONSTRUCTED_HISTORY,0897c49705a05c04d65f1c02a830bc8446166ee6750153b629f2f4c40766b03b,4a14b3fdf51d13786a2e905526f21d4fe7601226e01da29583be8ff3210a7041,work/market-distribution-v1/artifacts/4a14b3fdf51d13786a2e905526f21d4fe7601226e01da29583be8ff3210a7041.json,-7.5,40.5,False,False,none,False,0.7164075993091537,0.022452504317789293,850f45aae7a0e29c
5de7bc0e49872ba037fbf133,2026-09-06T21:09:00.848566+00:00,850f45aae7a0e29c9c9d99adb49e34676c652f43a41ae97d88eb7751243eb060,e55c6fe19fce094ce214c8b0e5b504e9,1,2026-09-13T17:00:00Z,Jacksonville Jaguars,Cleveland Browns,totals,alternate_totals,,43.5,Over,43.5,draftkings,129,2.29,0.3979175670588934,1.1121940638534555,2026-09-06T21:08:18Z,42.848566,conditional_non_push,0.4231433506044905,consensus_plus_empirical_residual_model,live_snapshot_not_T60,pinnacle,7becd34231fbc6f1285ec054,0.39616340263299726,0.39616340263299726,152.42109527375814,-23.42109527375814,2,OK,134,fanduel,134,False,False,40.5,closest_offered_consensus_to_50pct_no_interpolation,0.4231433506044905,-7.326530612244909,0.0,0.4231433506044905,EMPIRICAL_RECONSTRUCTED_HISTORY,0897c49705a05c04d65f1c02a830bc8446166ee6750153b629f2f4c40766b03b,4a14b3fdf51d13786a2e905526f21d4fe7601226e01da29583be8ff3210a7041,work/market-distribution-v1/artifacts/4a14b3fdf51d13786a2e905526f21d4fe7601226e01da29583be8ff3210a7041.json,-7.5,40.5,False,False,none,False,0.590328151986183,0.0,850f45aae7a0e29c
d3ede466bfc8a08629afe51f,2026-09-06T21:09:00.848566+00:00,850f45aae7a0e29c9c9d99adb49e34676c652f43a41ae97d88eb7751243eb060,e55c6fe19fce094ce214c8b0e5b504e9,1,2026-09-13T17:00:00Z,Jacksonville Jaguars,Cleveland Browns,totals,alternate_totals,,43.5,Over,43.5,fanduel,134,2.34,0.3944092382071011,1.0943541916396593,2026-09-06T21:08:25Z,35.848566,conditional_non_push,0.4231433506044905,consensus_plus_empirical_residual_model,live_snapshot_not_T60,pinnacle,7becd34231fbc6f1285ec054,0.39616340263299726,0.39616340263299726,152.42109527375814,-18.42109527375814,2,OK,134,fanduel,134,False,False,40.5,closest_offered_consensus_to_50pct_no_interpolation,0.4231433506044905,-2.326530612244909,0.0,0.4231433506044905,EMPIRICAL_RECONSTRUCTED_HISTORY,0897c49705a05c04d65f1c02a830bc8446166ee6750153b629f2f4c40766b03b,4a14b3fdf51d13786a2e905526f21d4fe7601226e01da29583be8ff3210a7041,work/market-distribution-v1/artifacts/4a14b3fdf51d13786a2e905526f21d4fe7601226e01da29583be8ff3210a7041.json,-7.5,40.5,False,False,none,False,0.590328151986183,0.0,850f45aae7a0e29c
0eb4412bc54c65265ffa0b79,2026-09-06T21:09:00.848566+00:00,850f45aae7a0e29c9c9d99adb49e34676c652f43a41ae97d88eb7751243eb060,e55c6fe19fce094ce214c8b0e5b504e9,1,2026-09-13T17:00:00Z,Jacksonville Jaguars,Cleveland Browns,totals,alternate_totals,,43.5,Under,43.5,draftkings,-173,1.5780346820809248,0.6020824329411066,1.1121940638534555,2026-09-06T21:08:18Z,42.848566,conditional_non_push,0.5768566493955095,consensus_plus_empirical_residual_model,live_snapshot_not_T60,pinnacle,7becd34231fbc6f1285ec054,0.6038365973670028,0.6038365973670028,-152.42109527375817,-20.57890472624183,2,OK,-172,fanduel,-172,False,False,40.5,closest_offered_consensus_to_50pct_no_interpolation,0.5768566493955095,-36.67346938775509,0.0,0.5768566493955095,EMPIRICAL_RECONSTRUCTED_HISTORY,0897c49705a05c04d65f1c02a830bc8446166ee6750153b629f2f4c40766b03b,4a14b3fdf51d13786a2e905526f21d4fe7601226e01da29583be8ff3210a7041,work/market-distribution-v1/artifacts/4a14b3fdf51d13786a2e905526f21d4fe7601226e01da29583be8ff3210a7041.json,-7.5,40.5,False,False,none,False,0.738860103626943,0.0,850f45aae7a0e29c
f04363af5d69328c1f3f33c3,2026-09-06T21:09:00.848566+00:00,850f45aae7a0e29c9c9d99adb49e34676c652f43a41ae97d88eb7751243eb060,e55c6fe19fce094ce214c8b0e5b504e9,1,2026-09-13T17:00:00Z,Jacksonville Jaguars,Cleveland Browns,totals,alternate_totals,,43.5,Under,43.5,fanduel,-172,1.5813953488372094,0.605590761792899,1.0943541916396593,2026-09-06T21:08:25Z,35.848566,conditional_non_push,0.5768566493955095,consensus_plus_empirical_residual_model,live_snapshot_not_T60,pinnacle,7becd34231fbc6f1285ec054,0.6038365973670028,0.6038365973670028,-152.42109527375817,-19.57890472624183,2,OK,-172,fanduel,-172,False,False,40.5,closest_offered_consensus_to_50pct_no_interpolation,0.5768566493955095,-35.67346938775509,0.0,0.5768566493955095,EMPIRICAL_RECONSTRUCTED_HISTORY,0897c49705a05c04d65f1c02a830bc8446166ee6750153b629f2f4c40766b03b,4a14b3fdf51d13786a2e905526f21d4fe7601226e01da29583be8ff3210a7041,work/market-distribution-v1/artifacts/4a14b3fdf51d13786a2e905526f21d4fe7601226e01da29583be8ff3210a7041.json,-7.5,40.5,False,False,none,False,0.738860103626943,0.0,850f45aae7a0e29c
e66eaff44be405b40bb34d19,2026-09-06T21:09:00.848566+00:00,850f45aae7a0e29c9c9d99adb49e34676c652f43a41ae97d88eb7751243eb060,e55c6fe19fce094ce214c8b0e5b504e9,1,2026-09-13T17:00:00Z,Jacksonville Jaguars,Cleveland Browns,totals,alternate_totals,,44.5,Over,44.5,draftkings,148,2.48,0.3628367392050849,1.1162045089292474,2026-09-06T21:08:18Z,42.848566,conditional_non_push,0.38894645941278067,consensus_plus_empirical_residual_model,live_snapshot_not_T60,pinnacle,71caebf54a8ed048559d57dc,0.36107597506239375,0.36107597506239375,176.9500241125709,-28.9500241125709,2,OK,154,fanduel,154,False,False,40.5,closest_offered_consensus_to_50pct_no_interpolation,0.38894645941278067,-9.104795737122544,0.0,0.38894645941278067,EMPIRICAL_RECONSTRUCTED_HISTORY,0897c49705a05c04d65f1c02a830bc8446166ee6750153b629f2f4c40766b03b,4a14b3fdf51d13786a2e905526f21d4fe7601226e01da29583be8ff3210a7041,work/market-distribution-v1/artifacts/4a14b3fdf51d13786a2e905526f21d4fe7601226e01da29583be8ff3210a7041.json,-7.5,40.5,False,False,none,False,0.5599309153713299,0.0,850f45aae7a0e29c
e3c5c060542278e999ec4cfb,2026-09-06T21:09:00.848566+00:00,850f45aae7a0e29c9c9d99adb49e34676c652f43a41ae97d88eb7751243eb060,e55c6fe19fce094ce214c8b0e5b504e9,1,2026-09-13T17:00:00Z,Jacksonville Jaguars,Cleveland Browns,totals,alternate_totals,,44.5,Over,44.5,fanduel,154,2.54,0.3593152109197027,1.0980419345859689,2026-09-06T21:08:25Z,35.848566,conditional_non_push,0.38894645941278067,consensus_plus_empirical_residual_model,live_snapshot_not_T60,pinnacle,71caebf54a8ed048559d57dc,0.36107597506239375,0.36107597506239375,176.9500241125709,-22.9500241125709,2,OK,154,fanduel,154,False,False,40.5,closest_offered_consensus_to_50pct_no_interpolation,0.38894645941278067,-3.1047957371225436,0.0,0.38894645941278067,EMPIRICAL_RECONSTRUCTED_HISTORY,0897c49705a05c04d65f1c02a830bc8446166ee6750153b629f2f4c40766b03b,4a14b3fdf51d13786a2e905526f21d4fe7601226e01da29583be8ff3210a7041,work/market-distribution-v1/artifacts/4a14b3fdf51d13786a2e905526f21d4fe7601226e01da29583be8ff3210a7041.json,-7.5,40.5,False,False,none,False,0.5599309153713299,0.0,850f45aae7a0e29c
b2d3c257061aa6e28feb076d,2026-09-06T21:09:00.848566+00:00,850f45aae7a0e29c9c9d99adb49e34676c652f43a41ae97d88eb7751243eb060,e55c6fe19fce094ce214c8b0e5b504e9,1,2026-09-13T17:00:00Z,Jacksonville Jaguars,Cleveland Browns,totals,alternate_totals,,44.5,Under,44.5,draftkings,-201,1.4975124378109452,0.6371632607949154,1.1162045089292474,2026-09-06T21:08:18Z,42.848566,conditional_non_push,0.6110535405872193,consensus_plus_empirical_residual_model,live_snapshot_not_T60,pinnacle,71caebf54a8ed048559d57dc,0.6389240249376062,0.6389240249376062,-176.9500241125709,-24.0499758874291,2,OK,-200,fanduel,-200,False,False,40.5,closest_offered_consensus_to_50pct_no_interpolation,0.6110535405872193,-43.895204262877485,0.0,0.6110535405872193,EMPIRICAL_RECONSTRUCTED_HISTORY,0897c49705a05c04d65f1c02a830bc8446166ee6750153b629f2f4c40766b03b,4a14b3fdf51d13786a2e905526f21d4fe7601226e01da29583be8ff3210a7041,work/market-distribution-v1/artifacts/4a14b3fdf51d13786a2e905526f21d4fe7601226e01da29583be8ff3210a7041.json,-7.5,40.5,False,False,none,False,0.7606217616580311,0.0,850f45aae7a0e29c
4fff9246028f192d69b723b7,2026-09-06T21:09:00.848566+00:00,850f45aae7a0e29c9c9d99adb49e34676c652f43a41ae97d88eb7751243eb060,e55c6fe19fce094ce214c8b0e5b504e9,1,2026-09-13T17:00:00Z,Jacksonville Jaguars,Cleveland Browns,totals,alternate_totals,,44.5,Under,44.5,fanduel,-200,1.5,0.6406847890802974,1.0980419345859689,2026-09-06T21:08:25Z,35.848566,conditional_non_push,0.6110535405872193,consensus_plus_empirical_residual_model,live_snapshot_not_T60,pinnacle,71caebf54a8ed048559d57dc,0.6389240249376062,0.6389240249376062,-176.9500241125709,-23.0499758874291,2,OK,-200,fanduel,-200,False,False,40.5,closest_offered_consensus_to_50pct_no_interpolation,0.6110535405872193,-42.895204262877485,0.0,0.6110535405872193,EMPIRICAL_RECONSTRUCTED_HISTORY,0897c49705a05c04d65f1c02a830bc8446166ee6750153b629f2f4c40766b03b,4a14b3fdf51d13786a2e905526f21d4fe7601226e01da29583be8ff3210a7041,work/market-distribution-v1/artifacts/4a14b3fdf51d13786a2e905526f21d4fe7601226e01da29583be8ff3210a7041.json,-7.5,40.5,False,False,none,False,0.7606217616580311,0.0,850f45aae7a0e29c
b27e4d2310da72590033003f,2026-09-06T21:09:00.848566+00:00,850f45aae7a0e29c9c9d99adb49e34676c652f43a41ae97d88eb7751243eb060,e55c6fe19fce094ce214c8b0e5b504e9,1,2026-09-13T17:00:00Z,Jacksonville Jaguars,Cleveland Browns,totals,alternate_totals,,45.5,Over,45.5,draftkings,165,2.65,0.3362013282682963,1.1185001537614947,2026-09-06T21:08:18Z,42.848566,conditional_non_push,0.3592400690846287,consensus_plus_empirical_residual_model,live_snapshot_not_T60,pinnacle,c006dee62499ae2b23790187,0.3344343749691138,0.3344343749691138,199.01232494188238,-34.01232494188238,2,OK,172,fanduel,172,False,False,40.5,closest_offered_consensus_to_50pct_no_interpolation,0.3592400690846287,-13.365384615384585,0.0,0.3592400690846287,EMPIRICAL_RECONSTRUCTED_HISTORY,0897c49705a05c04d65f1c02a830bc8446166ee6750153b629f2f4c40766b03b,4a14b3fdf51d13786a2e905526f21d4fe7601226e01da29583be8ff3210a7041,work/market-distribution-v1/artifacts/4a14b3fdf51d13786a2e905526f21d4fe7601226e01da29583be8ff3210a7041.json,-7.5,40.5,False,False,none,False,0.5219343696027634,0.0,850f45aae7a0e29c
d41a54db0b86889b19a509b6,2026-09-06T21:09:00.848566+00:00,850f45aae7a0e29c9c9d99adb49e34676c652f43a41ae97d88eb7751243eb060,e55c6fe19fce094ce214c8b0e5b504e9,1,2026-09-13T17:00:00Z,Jacksonville Jaguars,Cleveland Browns,totals,alternate_totals,,45.5,Over,45.5,fanduel,172,2.7199999999999998,0.33266742166993146,1.0999170058961094,2026-09-06T21:08:25Z,35.848566,conditional_non_push,0.3592400690846287,consensus_plus_empirical_residual_model,live_snapshot_not_T60,pinnacle,c006dee62499ae2b23790187,0.3344343749691138,0.3344343749691138,199.01232494188238,-27.012324941882383,2,OK,172,fanduel,172,False,False,40.5,closest_offered_consensus_to_50pct_no_interpolation,0.3592400690846287,-6.365384615384585,0.0,0.3592400690846287,EMPIRICAL_RECONSTRUCTED_HISTORY,0897c49705a05c04d65f1c02a830bc8446166ee6750153b629f2f4c40766b03b,4a14b3fdf51d13786a2e905526f21d4fe7601226e01da29583be8ff3210a7041,work/market-distribution-v1/artifacts/4a14b3fdf51d13786a2e905526f21d4fe7601226e01da29583be8ff3210a7041.json,-7.5,40.5,False,False,none,False,0.5219343696027634,0.0,850f45aae7a0e29c
a416054072c9bdb655159185,2026-09-06T21:09:00.848566+00:00,850f45aae7a0e29c9c9d99adb49e34676c652f43a41ae97d88eb7751243eb060,e55c6fe19fce094ce214c8b0e5b504e9,1,2026-09-13T17:00:00Z,Jacksonville Jaguars,Cleveland Browns,totals,alternate_totals,,45.5,Under,45.5,draftkings,-226,1.4424778761061947,0.6637986717317038,1.1185001537614947,2026-09-06T21:08:18Z,42.848566,conditional_non_push,0.6407599309153713,consensus_plus_empirical_residual_model,live_snapshot_not_T60,pinnacle,c006dee62499ae2b23790187,0.6655656250308862,0.6655656250308862,-199.01232494188244,-26.98767505811756,2,OK,-225,fanduel,-225,False,False,40.5,closest_offered_consensus_to_50pct_no_interpolation,0.6407599309153713,-47.634615384615415,0.0,0.6407599309153713,EMPIRICAL_RECONSTRUCTED_HISTORY,0897c49705a05c04d65f1c02a830bc8446166ee6750153b629f2f4c40766b03b,4a14b3fdf51d13786a2e905526f21d4fe7601226e01da29583be8ff3210a7041,work/market-distribution-v1/artifacts/4a14b3fdf51d13786a2e905526f21d4fe7601226e01da29583be8ff3210a7041.json,-7.5,40.5,False,False,none,False,0.7796200345423143,0.0,850f45aae7a0e29c
9ca41364f5184c0eda09a82a,2026-09-06T21:09:00.848566+00:00,850f45aae7a0e29c9c9d99adb49e34676c652f43a41ae97d88eb7751243eb060,e55c6fe19fce094ce214c8b0e5b504e9,1,2026-09-13T17:00:00Z,Jacksonville Jaguars,Cleveland Browns,totals,alternate_totals,,45.5,Under,45.5,fanduel,-225,1.4444444444444444,0.6673325783300688,1.0999170058961094,2026-09-06T21:08:25Z,35.848566,conditional_non_push,0.6407599309153713,consensus_plus_empirical_residual_model,live_snapshot_not_T60,pinnacle,c006dee62499ae2b23790187,0.6655656250308862,0.6655656250308862,-199.01232494188244,-25.98767505811756,2,OK,-225,fanduel,-225,False,False,40.5,closest_offered_consensus_to_50pct_no_interpolation,0.6407599309153713,-46.634615384615415,0.0,0.6407599309153713,EMPIRICAL_RECONSTRUCTED_HISTORY,0897c49705a05c04d65f1c02a830bc8446166ee6750153b629f2f4c40766b03b,4a14b3fdf51d13786a2e905526f21d4fe7601226e01da29583be8ff3210a7041,work/market-distribution-v1/artifacts/4a14b3fdf51d13786a2e905526f21d4fe7601226e01da29583be8ff3210a7041.json,-7.5,40.5,False,False,none,False,0.7796200345423143,0.0,850f45aae7a0e29c
67bd70409b17933b871d5bf2,2026-09-06T21:09:00.848566+00:00,850f45aae7a0e29c9c9d99adb49e34676c652f43a41ae97d88eb7751243eb060,e55c6fe19fce094ce214c8b0e5b504e9,1,2026-09-13T17:00:00Z,Jacksonville Jaguars,Cleveland Browns,totals,alternate_totals,,46.5,Over,46.5,draftkings,183,2.83,0.31158345537242016,1.1209402739236487,2026-09-06T21:08:18Z,42.848566,conditional_non_push,0.33264248704663213,consensus_plus_empirical_residual_model,live_snapshot_not_T60,pinnacle,6879e7cc1770cdeebdd6ae08,0.31060058187416834,0.31060058187416834,221.95689845974712,-38.95689845974712,2,OK,190,fanduel,190,False,False,40.5,closest_offered_consensus_to_50pct_no_interpolation,0.33264248704663213,-17.623052959501535,0.0,0.33264248704663213,EMPIRICAL_RECONSTRUCTED_HISTORY,0897c49705a05c04d65f1c02a830bc8446166ee6750153b629f2f4c40766b03b,4a14b3fdf51d13786a2e905526f21d4fe7601226e01da29583be8ff3210a7041,work/market-distribution-v1/artifacts/4a14b3fdf51d13786a2e905526f21d4fe7601226e01da29583be8ff3210a7041.json,-7.5,40.5,False,False,none,False,0.49326424870466323,0.0,850f45aae7a0e29c
53704c8664afe74719236bf4,2026-09-06T21:09:00.848566+00:00,850f45aae7a0e29c9c9d99adb49e34676c652f43a41ae97d88eb7751243eb060,e55c6fe19fce094ce214c8b0e5b504e9,1,2026-09-13T17:00:00Z,Jacksonville Jaguars,Cleveland Browns,totals,alternate_totals,,46.5,Over,46.5,fanduel,190,2.9,0.30961770837591657,1.1011600621380726,2026-09-06T21:08:25Z,35.848566,conditional_non_push,0.33264248704663213,consensus_plus_empirical_residual_model,live_snapshot_not_T60,pinnacle,6879e7cc1770cdeebdd6ae08,0.31060058187416834,0.31060058187416834,221.95689845974712,-31.956898459747123,2,OK,190,fanduel,190,False,False,40.5,closest_offered_consensus_to_50pct_no_interpolation,0.33264248704663213,-10.623052959501535,0.0,0.33264248704663213,EMPIRICAL_RECONSTRUCTED_HISTORY,0897c49705a05c04d65f1c02a830bc8446166ee6750153b629f2f4c40766b03b,4a14b3fdf51d13786a2e905526f21d4fe7601226e01da29583be8ff3210a7041,work/market-distribution-v1/artifacts/4a14b3fdf51d13786a2e905526f21d4fe7601226e01da29583be8ff3210a7041.json,-7.5,40.5,False,False,none,False,0.49326424870466323,0.0,850f45aae7a0e29c
b7f2c6e8a118ac96b3baa908,2026-09-06T21:09:00.848566+00:00,850f45aae7a0e29c9c9d99adb49e34676c652f43a41ae97d88eb7751243eb060,e55c6fe19fce094ce214c8b0e5b504e9,1,2026-09-13T17:00:00Z,Jacksonville Jaguars,Cleveland Browns,totals,alternate_totals,,46.5,Under,46.5,draftkings,-253,1.3952569169960474,0.68841654462758,1.1209402739236487,2026-09-06T21:08:18Z,42.848566,conditional_non_push,0.6673575129533679,consensus_plus_empirical_residual_model,live_snapshot_not_T60,pinnacle,6879e7cc1770cdeebdd6ae08,0.6893994181258317,0.6893994181258317,-221.9568984597472,-31.043101540252792,2,OK,-250,fanduel,-250,False,False,40.5,closest_offered_consensus_to_50pct_no_interpolation,0.6673575129533679,-52.376947040498465,0.0,0.6673575129533679,EMPIRICAL_RECONSTRUCTED_HISTORY,0897c49705a05c04d65f1c02a830bc8446166ee6750153b629f2f4c40766b03b,4a14b3fdf51d13786a2e905526f21d4fe7601226e01da29583be8ff3210a7041,work/market-distribution-v1/artifacts/4a14b3fdf51d13786a2e905526f21d4fe7601226e01da29583be8ff3210a7041.json,-7.5,40.5,False,False,none,False,0.7993091537132988,0.0,850f45aae7a0e29c
7c9277e137d99dd1d1d56ddf,2026-09-06T21:09:00.848566+00:00,850f45aae7a0e29c9c9d99adb49e34676c652f43a41ae97d88eb7751243eb060,e55c6fe19fce094ce214c8b0e5b504e9,1,2026-09-13T17:00:00Z,Jacksonville Jaguars,Cleveland Browns,totals,alternate_totals,,46.5,Under,46.5,fanduel,-250,1.4,0.6903822916240836,1.1011600621380726,2026-09-06T21:08:25Z,35.848566,conditional_non_push,0.6673575129533679,consensus_plus_empirical_residual_model,live_snapshot_not_T60,pinnacle,6879e7cc1770cdeebdd6ae08,0.6893994181258317,0.6893994181258317,-221.9568984597472,-28.043101540252792,2,OK,-250,fanduel,-250,False,False,40.5,closest_offered_consensus_to_50pct_no_interpolation,0.6673575129533679,-49.376947040498465,0.0,0.6673575129533679,EMPIRICAL_RECONSTRUCTED_HISTORY,0897c49705a05c04d65f1c02a830bc8446166ee6750153b629f2f4c40766b03b,4a14b3fdf51d13786a2e905526f21d4fe7601226e01da29583be8ff3210a7041,work/market-distribution-v1/artifacts/4a14b3fdf51d13786a2e905526f21d4fe7601226e01da29583be8ff3210a7041.json,-7.5,40.5,False,False,none,False,0.7993091537132988,0.0,850f45aae7a0e29c
8dabb90026780383a9aa3eee,2026-09-06T21:09:00.848566+00:00,850f45aae7a0e29c9c9d99adb49e34676c652f43a41ae97d88eb7751243eb060,e55c6fe19fce094ce214c8b0e5b504e9,1,2026-09-13T17:00:00Z,Jacksonville Jaguars,Cleveland Browns,totals,alternate_totals,,47.5,Over,47.5,draftkings,217,3.17,0.27192737027981184,1.1287029696007407,2026-09-06T21:08:18Z,42.848566,conditional_non_push,0.30915371329879104,consensus_plus_empirical_residual_model,live_snapshot_not_T60,pinnacle,1ce89561818140b52d0d38ee,0.27605121544795735,0.27605121544795735,262.25162000365304,-45.251620003653045,3,OK,220,fanduel,220,False,False,40.5,closest_offered_consensus_to_50pct_no_interpolation,0.30915371329879104,-6.463687150837956,0.0,0.30915371329879104,EMPIRICAL_RECONSTRUCTED_HISTORY,0897c49705a05c04d65f1c02a830bc8446166ee6750153b629f2f4c40766b03b,4a14b3fdf51d13786a2e905526f21d4fe7601226e01da29583be8ff3210a7041,work/market-distribution-v1/artifacts/4a14b3fdf51d13786a2e905526f21d4fe7601226e01da29583be8ff3210a7041.json,-7.5,40.5,False,False,none,False,0.4842832469775475,0.0,850f45aae7a0e29c
f3d17eff221540a3830b006f,2026-09-06T21:09:00.848566+00:00,850f45aae7a0e29c9c9d99adb49e34676c652f43a41ae97d88eb7751243eb060,e55c6fe19fce094ce214c8b0e5b504e9,1,2026-09-13T17:00:00Z,Jacksonville Jaguars,Cleveland Browns,totals,alternate_totals,,47.5,Over,47.5,fanduel,220,3.2,0.2760512154479574,1.106622508802201,2026-09-06T21:08:25Z,35.848566,conditional_non_push,0.30915371329879104,consensus_plus_empirical_residual_model,live_snapshot_not_T60,pinnacle,1ce89561818140b52d0d38ee,0.27605121544795735,0.27605121544795735,262.25162000365304,-42.251620003653045,3,OK,220,fanduel,220,False,False,40.5,closest_offered_consensus_to_50pct_no_interpolation,0.30915371329879104,-3.4636871508379556,0.0,0.30915371329879104,EMPIRICAL_RECONSTRUCTED_HISTORY,0897c49705a05c04d65f1c02a830bc8446166ee6750153b629f2f4c40766b03b,4a14b3fdf51d13786a2e905526f21d4fe7601226e01da29583be8ff3210a7041,work/market-distribution-v1/artifacts/4a14b3fdf51d13786a2e905526f21d4fe7601226e01da29583be8ff3210a7041.json,-7.5,40.5,False,False,none,False,0.4842832469775475,0.0,850f45aae7a0e29c
0b0efb1b71868c948040bf5e,2026-09-06T21:09:00.848566+00:00,850f45aae7a0e29c9c9d99adb49e34676c652f43a41ae97d88eb7751243eb060,e55c6fe19fce094ce214c8b0e5b504e9,1,2026-09-13T17:00:00Z,Jacksonville Jaguars,Cleveland Browns,totals,alternate_totals,,47.5,Over,47.5,pinnacle,214,3.14,0.28839661795638016,1.0866927320854716,2026-09-06T21:08:57Z,3.848566,conditional_non_push,0.30915371329879104,consensus_plus_empirical_residual_model,live_snapshot_not_T60,pinnacle,1ce89561818140b52d0d38ee,0.27605121544795735,0.27605121544795735,262.25162000365304,-48.251620003653045,3,OK,220,fanduel,220,False,False,40.5,closest_offered_consensus_to_50pct_no_interpolation,0.30915371329879104,-9.463687150837956,0.0,0.30915371329879104,EMPIRICAL_RECONSTRUCTED_HISTORY,0897c49705a05c04d65f1c02a830bc8446166ee6750153b629f2f4c40766b03b,4a14b3fdf51d13786a2e905526f21d4fe7601226e01da29583be8ff3210a7041,work/market-distribution-v1/artifacts/4a14b3fdf51d13786a2e905526f21d4fe7601226e01da29583be8ff3210a7041.json,-7.5,40.5,False,False,none,False,0.4842832469775475,0.0,850f45aae7a0e29c
c2c54e84256a7e198704a6d1,2026-09-06T21:09:00.848566+00:00,850f45aae7a0e29c9c9d99adb49e34676c652f43a41ae97d88eb7751243eb060,e55c6fe19fce094ce214c8b0e5b504e9,1,2026-09-13T17:00:00Z,Jacksonville Jaguars,Cleveland Browns,totals,alternate_totals,,47.5,Under,47.5,draftkings,-308,1.3246753246753247,0.7280726297201883,1.1287029696007407,2026-09-06T21:08:18Z,42.848566,conditional_non_push,0.690846286701209,consensus_plus_empirical_residual_model,live_snapshot_not_T60,pinnacle,1ce89561818140b52d0d38ee,0.7239487845520427,0.7239487845520427,-262.2516200036531,-45.7483799963469,3,OK,-272,pinnacle,-295,False,False,40.5,closest_offered_consensus_to_50pct_no_interpolation,0.690846286701209,-84.53631284916204,0.0,0.690846286701209,EMPIRICAL_RECONSTRUCTED_HISTORY,0897c49705a05c04d65f1c02a830bc8446166ee6750153b629f2f4c40766b03b,4a14b3fdf51d13786a2e905526f21d4fe7601226e01da29583be8ff3210a7041,work/market-distribution-v1/artifacts/4a14b3fdf51d13786a2e905526f21d4fe7601226e01da29583be8ff3210a7041.json,-7.5,40.5,False,False,none,False,0.8176165803108808,0.0,850f45aae7a0e29c
fa2563ed7b134997abdaf425,2026-09-06T21:09:00.848566+00:00,850f45aae7a0e29c9c9d99adb49e34676c652f43a41ae97d88eb7751243eb060,e55c6fe19fce094ce214c8b0e5b504e9,1,2026-09-13T17:00:00Z,Jacksonville Jaguars,Cleveland Browns,totals,alternate_totals,,47.5,Under,47.5,fanduel,-295,1.3389830508474576,0.7239487845520428,1.106622508802201,2026-09-06T21:08:25Z,35.848566,conditional_non_push,0.690846286701209,consensus_plus_empirical_residual_model,live_snapshot_not_T60,pinnacle,1ce89561818140b52d0d38ee,0.7239487845520427,0.7239487845520427,-262.2516200036531,-32.7483799963469,3,OK,-272,pinnacle,-295,False,False,40.5,closest_offered_consensus_to_50pct_no_interpolation,0.690846286701209,-71.53631284916204,0.0,0.690846286701209,EMPIRICAL_RECONSTRUCTED_HISTORY,0897c49705a05c04d65f1c02a830bc8446166ee6750153b629f2f4c40766b03b,4a14b3fdf51d13786a2e905526f21d4fe7601226e01da29583be8ff3210a7041,work/market-distribution-v1/artifacts/4a14b3fdf51d13786a2e905526f21d4fe7601226e01da29583be8ff3210a7041.json,-7.5,40.5,False,False,none,False,0.8176165803108808,0.0,850f45aae7a0e29c
5f72867669bb33074328bb20,2026-09-06T21:09:00.848566+00:00,850f45aae7a0e29c9c9d99adb49e34676c652f43a41ae97d88eb7751243eb060,e55c6fe19fce094ce214c8b0e5b504e9,1,2026-09-13T17:00:00Z,Jacksonville Jaguars,Cleveland Browns,totals,alternate_totals,,47.5,Under,47.5,pinnacle,-272,1.3676470588235294,0.71160338204362,1.0866927320854716,2026-09-06T21:08:57Z,3.848566,conditional_non_push,0.690846286701209,consensus_plus_empirical_residual_model,live_snapshot_not_T60,pinnacle,1ce89561818140b52d0d38ee,0.7239487845520427,0.7239487845520427,-262.2516200036531,-9.748379996346898,3,OK,-272,pinnacle,-295,False,False,40.5,closest_offered_consensus_to_50pct_no_interpolation,0.690846286701209,-48.536312849162044,0.0,0.690846286701209,EMPIRICAL_RECONSTRUCTED_HISTORY,0897c49705a05c04d65f1c02a830bc8446166ee6750153b629f2f4c40766b03b,4a14b3fdf51d13786a2e905526f21d4fe7601226e01da29583be8ff3210a7041,work/market-distribution-v1/artifacts/4a14b3fdf51d13786a2e905526f21d4fe7601226e01da29583be8ff3210a7041.json,-7.5,40.5,False,False,none,False,0.8176165803108808,0.0,850f45aae7a0e29c
813eb9566ef7c9b6a4044d28,2026-09-06T21:09:00.848566+00:00,850f45aae7a0e29c9c9d99adb49e34676c652f43a41ae97d88eb7751243eb060,e55c6fe19fce094ce214c8b0e5b504e9,1,2026-09-13T17:00:00Z,Jacksonville Jaguars,Cleveland Browns,totals,alternate_totals,,48.5,Over,48.5,draftkings,244,3.44,0.24635703956577948,1.1339585311222522,2026-09-06T21:08:18Z,42.848566,conditional_non_push,0.2835924006908463,consensus_plus_empirical_residual_model,live_snapshot_not_T60,pinnacle,658108ac08167f56d93cadfa,0.24762899764934998,0.24762899764934998,303.82992682304103,-59.829926823041035,2,OK,250,fanduel,250,False,False,40.5,closest_offered_consensus_to_50pct_no_interpolation,0.2835924006908463,-8.618757612667451,0.0,0.2835924006908463,EMPIRICAL_RECONSTRUCTED_HISTORY,0897c49705a05c04d65f1c02a830bc8446166ee6750153b629f2f4c40766b03b,4a14b3fdf51d13786a2e905526f21d4fe7601226e01da29583be8ff3210a7041,work/market-distribution-v1/artifacts/4a14b3fdf51d13786a2e905526f21d4fe7601226e01da29583be8ff3210a7041.json,-7.5,40.5,False,False,none,False,0.45492227979274613,0.0,850f45aae7a0e29c
498c160e8de0ffaeca16ebd5,2026-09-06T21:09:00.848566+00:00,850f45aae7a0e29c9c9d99adb49e34676c652f43a41ae97d88eb7751243eb060,e55c6fe19fce094ce214c8b0e5b504e9,1,2026-09-13T17:00:00Z,Jacksonville Jaguars,Cleveland Browns,totals,alternate_totals,,48.5,Over,48.5,fanduel,250,3.5,0.24890095573292048,1.1101064325515178,2026-09-06T21:08:25Z,35.848566,conditional_non_push,0.2835924006908463,consensus_plus_empirical_residual_model,live_snapshot_not_T60,pinnacle,658108ac08167f56d93cadfa,0.24762899764934998,0.24762899764934998,303.82992682304103,-53.829926823041035,2,OK,250,fanduel,250,False,False,40.5,closest_offered_consensus_to_50pct_no_interpolation,0.2835924006908463,-2.6187576126674514,0.0,0.2835924006908463,EMPIRICAL_RECONSTRUCTED_HISTORY,0897c49705a05c04d65f1c02a830bc8446166ee6750153b629f2f4c40766b03b,4a14b3fdf51d13786a2e905526f21d4fe7601226e01da29583be8ff3210a7041,work/market-distribution-v1/artifacts/4a14b3fdf51d13786a2e905526f21d4fe7601226e01da29583be8ff3210a7041.json,-7.5,40.5,False,False,none,False,0.45492227979274613,0.0,850f45aae7a0e29c
446bc30f479d17507ed7cc21,2026-09-06T21:09:00.848566+00:00,850f45aae7a0e29c9c9d99adb49e34676c652f43a41ae97d88eb7751243eb060,e55c6fe19fce094ce214c8b0e5b504e9,1,2026-09-13T17:00:00Z,Jacksonville Jaguars,Cleveland Browns,totals,alternate_totals,,48.5,Under,48.5,draftkings,-353,1.28328611898017,0.7536429604342206,1.1339585311222522,2026-09-06T21:08:18Z,42.848566,conditional_non_push,0.7164075993091537,consensus_plus_empirical_residual_model,live_snapshot_not_T60,pinnacle,658108ac08167f56d93cadfa,0.7523710023506501,0.7523710023506501,-303.8299268230412,-49.170073176958795,2,OK,-340,fanduel,-340,False,False,40.5,closest_offered_consensus_to_50pct_no_interpolation,0.7164075993091537,-100.3812423873326,0.0,0.7164075993091537,EMPIRICAL_RECONSTRUCTED_HISTORY,0897c49705a05c04d65f1c02a830bc8446166ee6750153b629f2f4c40766b03b,4a14b3fdf51d13786a2e905526f21d4fe7601226e01da29583be8ff3210a7041,work/market-distribution-v1/artifacts/4a14b3fdf51d13786a2e905526f21d4fe7601226e01da29583be8ff3210a7041.json,-7.5,40.5,False,False,none,False,0.8393782383419689,0.0,850f45aae7a0e29c
4107d4a2f3f13e69affa98d3,2026-09-06T21:09:00.848566+00:00,850f45aae7a0e29c9c9d99adb49e34676c652f43a41ae97d88eb7751243eb060,e55c6fe19fce094ce214c8b0e5b504e9,1,2026-09-13T17:00:00Z,Jacksonville Jaguars,Cleveland Browns,totals,alternate_totals,,48.5,Under,48.5,fanduel,-340,1.2941176470588236,0.7510990442670796,1.1101064325515178,2026-09-06T21:08:25Z,35.848566,conditional_non_push,0.7164075993091537,consensus_plus_empirical_residual_model,live_snapshot_not_T60,pinnacle,658108ac08167f56d93cadfa,0.7523710023506501,0.7523710023506501,-303.8299268230412,-36.170073176958795,2,OK,-340,fanduel,-340,False,False,40.5,closest_offered_consensus_to_50pct_no_interpolation,0.7164075993091537,-87.3812423873326,0.0,0.7164075993091537,EMPIRICAL_RECONSTRUCTED_HISTORY,0897c49705a05c04d65f1c02a830bc8446166ee6750153b629f2f4c40766b03b,4a14b3fdf51d13786a2e905526f21d4fe7601226e01da29583be8ff3210a7041,work/market-distribution-v1/artifacts/4a14b3fdf51d13786a2e905526f21d4fe7601226e01da29583be8ff3210a7041.json,-7.5,40.5,False,False,none,False,0.8393782383419689,0.0,850f45aae7a0e29c
77a21ca03666b233800df763,2026-09-06T21:09:00.848566+00:00,850f45aae7a0e29c9c9d99adb49e34676c652f43a41ae97d88eb7751243eb060,e55c6fe19fce094ce214c8b0e5b504e9,1,2026-09-13T17:00:00Z,Jacksonville Jaguars,Cleveland Browns,totals,alternate_totals,,49.5,Over,49.5,draftkings,276,3.76,0.22051938220111214,1.1414588098204357,2026-09-06T21:08:18Z,42.848566,conditional_non_push,0.261139896373057,consensus_plus_empirical_residual_model,live_snapshot_not_T60,pinnacle,be430f5540bc0813e2be9ba0,0.22079296572416196,0.22079296572416196,352.91297968672893,-76.91297968672893,2,OK,285,fanduel,285,False,False,40.5,closest_offered_consensus_to_50pct_no_interpolation,0.261139896373057,-6.936507936507894,0.0,0.261139896373057,EMPIRICAL_RECONSTRUCTED_HISTORY,0897c49705a05c04d65f1c02a830bc8446166ee6750153b629f2f4c40766b03b,4a14b3fdf51d13786a2e905526f21d4fe7601226e01da29583be8ff3210a7041,work/market-distribution-v1/artifacts/4a14b3fdf51d13786a2e905526f21d4fe7601226e01da29583be8ff3210a7041.json,-7.5,40.5,False,False,none,False,0.4231433506044905,0.0,850f45aae7a0e29c
f018304439085f1d98adc413,2026-09-06T21:09:00.848566+00:00,850f45aae7a0e29c9c9d99adb49e34676c652f43a41ae97d88eb7751243eb060,e55c6fe19fce094ce214c8b0e5b504e9,1,2026-09-13T17:00:00Z,Jacksonville Jaguars,Cleveland Browns,totals,alternate_totals,,49.5,Over,49.5,fanduel,285,3.85,0.2210665492472119,1.1195916904675953,2026-09-06T21:08:25Z,35.848566,conditional_non_push,0.261139896373057,consensus_plus_empirical_residual_model,live_snapshot_not_T60,pinnacle,be430f5540bc0813e2be9ba0,0.22079296572416196,0.22079296572416196,352.91297968672893,-67.91297968672893,2,OK,285,fanduel,285,False,False,40.5,closest_offered_consensus_to_50pct_no_interpolation,0.261139896373057,2.063492063492106,0.0,0.261139896373057,EMPIRICAL_RECONSTRUCTED_HISTORY,0897c49705a05c04d65f1c02a830bc8446166ee6750153b629f2f4c40766b03b,4a14b3fdf51d13786a2e905526f21d4fe7601226e01da29583be8ff3210a7041,work/market-distribution-v1/artifacts/4a14b3fdf51d13786a2e905526f21d4fe7601226e01da29583be8ff3210a7041.json,-7.5,40.5,False,False,none,False,0.4231433506044905,0.0,850f45aae7a0e29c
18892fed5b420ddcbf38b876,2026-09-06T21:09:00.848566+00:00,850f45aae7a0e29c9c9d99adb49e34676c652f43a41ae97d88eb7751243eb060,e55c6fe19fce094ce214c8b0e5b504e9,1,2026-09-13T17:00:00Z,Jacksonville Jaguars,Cleveland Browns,totals,alternate_totals,,49.5,Under,49.5,draftkings,-410,1.2439024390243902,0.779480617798888,1.1414588098204357,2026-09-06T21:08:18Z,42.848566,conditional_non_push,0.738860103626943,consensus_plus_empirical_residual_model,live_snapshot_not_T60,pinnacle,be430f5540bc0813e2be9ba0,0.7792070342758379,0.7792070342758379,-352.91297968672865,-57.08702031327135,2,OK,-400,fanduel,-400,False,False,40.5,closest_offered_consensus_to_50pct_no_interpolation,0.738860103626943,-127.0634920634921,0.0,0.738860103626943,EMPIRICAL_RECONSTRUCTED_HISTORY,0897c49705a05c04d65f1c02a830bc8446166ee6750153b629f2f4c40766b03b,4a14b3fdf51d13786a2e905526f21d4fe7601226e01da29583be8ff3210a7041,work/market-distribution-v1/artifacts/4a14b3fdf51d13786a2e905526f21d4fe7601226e01da29583be8ff3210a7041.json,-7.5,40.5,False,False,none,False,0.8559585492227979,0.0,850f45aae7a0e29c
fde07997f0a0a42d9c6553e0,2026-09-06T21:09:00.848566+00:00,850f45aae7a0e29c9c9d99adb49e34676c652f43a41ae97d88eb7751243eb060,e55c6fe19fce094ce214c8b0e5b504e9,1,2026-09-13T17:00:00Z,Jacksonville Jaguars,Cleveland Browns,totals,alternate_totals,,49.5,Under,49.5,fanduel,-400,1.25,0.7789334507527883,1.1195916904675953,2026-09-06T21:08:25Z,35.848566,conditional_non_push,0.738860103626943,consensus_plus_empirical_residual_model,live_snapshot_not_T60,pinnacle,be430f5540bc0813e2be9ba0,0.7792070342758379,0.7792070342758379,-352.91297968672865,-47.08702031327135,2,OK,-400,fanduel,-400,False,False,40.5,closest_offered_consensus_to_50pct_no_interpolation,0.738860103626943,-117.0634920634921,0.0,0.738860103626943,EMPIRICAL_RECONSTRUCTED_HISTORY,0897c49705a05c04d65f1c02a830bc8446166ee6750153b629f2f4c40766b03b,4a14b3fdf51d13786a2e905526f21d4fe7601226e01da29583be8ff3210a7041,work/market-distribution-v1/artifacts/4a14b3fdf51d13786a2e905526f21d4fe7601226e01da29583be8ff3210a7041.json,-7.5,40.5,False,False,none,False,0.8559585492227979,0.0,850f45aae7a0e29c
2fdcca859d15df27cca46dee,2026-09-06T21:09:00.848566+00:00,850f45aae7a0e29c9c9d99adb49e34676c652f43a41ae97d88eb7751243eb060,e55c6fe19fce094ce214c8b0e5b504e9,1,2026-09-13T17:00:00Z,Jacksonville Jaguars,Cleveland Browns,totals,alternate_totals,,50.5,Over,50.5,draftkings,313,4.13,0.19563030380464402,1.1503593006089226,2026-09-06T21:08:18Z,42.848566,conditional_non_push,0.23937823834196892,consensus_plus_empirical_residual_model,live_snapshot_not_T60,pinnacle,ad47149a14112257045dd66e,0.1971608472614585,0.1971608472614585,407.2000926603253,-94.20009266032531,2,OK,320,fanduel,320,False,False,40.5,closest_offered_consensus_to_50pct_no_interpolation,0.23937823834196892,-4.748917748917734,0.0,0.23937823834196892,EMPIRICAL_RECONSTRUCTED_HISTORY,0897c49705a05c04d65f1c02a830bc8446166ee6750153b629f2f4c40766b03b,4a14b3fdf51d13786a2e905526f21d4fe7601226e01da29583be8ff3210a7041,work/market-distribution-v1/artifacts/4a14b3fdf51d13786a2e905526f21d4fe7601226e01da29583be8ff3210a7041.json,-7.5,40.5,False,False,none,False,0.38894645941278067,0.0,850f45aae7a0e29c
c1dc4570814f3f3ccea7de01,2026-09-06T21:09:00.848566+00:00,850f45aae7a0e29c9c9d99adb49e34676c652f43a41ae97d88eb7751243eb060,e55c6fe19fce094ce214c8b0e5b504e9,1,2026-09-13T17:00:00Z,Jacksonville Jaguars,Cleveland Browns,totals,alternate_totals,,50.5,Over,50.5,fanduel,320,4.2,0.19869139071827305,1.1260677889883568,2026-09-06T21:08:25Z,35.848566,conditional_non_push,0.23937823834196892,consensus_plus_empirical_residual_model,live_snapshot_not_T60,pinnacle,ad47149a14112257045dd66e,0.1971608472614585,0.1971608472614585,407.2000926603253,-87.20009266032531,2,OK,320,fanduel,320,False,False,40.5,closest_offered_consensus_to_50pct_no_interpolation,0.23937823834196892,2.2510822510822663,0.0,0.23937823834196892,EMPIRICAL_RECONSTRUCTED_HISTORY,0897c49705a05c04d65f1c02a830bc8446166ee6750153b629f2f4c40766b03b,4a14b3fdf51d13786a2e905526f21d4fe7601226e01da29583be8ff3210a7041,work/market-distribution-v1/artifacts/4a14b3fdf51d13786a2e905526f21d4fe7601226e01da29583be8ff3210a7041.json,-7.5,40.5,False,False,none,False,0.38894645941278067,0.0,850f45aae7a0e29c
202cc25ca7e0cb057972df10,2026-09-06T21:09:00.848566+00:00,850f45aae7a0e29c9c9d99adb49e34676c652f43a41ae97d88eb7751243eb060,e55c6fe19fce094ce214c8b0e5b504e9,1,2026-09-13T17:00:00Z,Jacksonville Jaguars,Cleveland Browns,totals,alternate_totals,,50.5,Under,50.5,draftkings,-480,1.2083333333333333,0.8043696961953561,1.1503593006089226,2026-09-06T21:08:18Z,42.848566,conditional_non_push,0.7606217616580311,consensus_plus_empirical_residual_model,live_snapshot_not_T60,pinnacle,ad47149a14112257045dd66e,0.8028391527385415,0.8028391527385415,-407.2000926603252,-72.7999073396748,2,OK,-460,fanduel,-460,False,False,40.5,closest_offered_consensus_to_50pct_no_interpolation,0.7606217616580311,-162.25108225108227,0.0,0.7606217616580311,EMPIRICAL_RECONSTRUCTED_HISTORY,0897c49705a05c04d65f1c02a830bc8446166ee6750153b629f2f4c40766b03b,4a14b3fdf51d13786a2e905526f21d4fe7601226e01da29583be8ff3210a7041,work/market-distribution-v1/artifacts/4a14b3fdf51d13786a2e905526f21d4fe7601226e01da29583be8ff3210a7041.json,-7.5,40.5,False,False,none,False,0.8708117443868739,0.0,850f45aae7a0e29c
09514c5de7e69e417bfafd2d,2026-09-06T21:09:00.848566+00:00,850f45aae7a0e29c9c9d99adb49e34676c652f43a41ae97d88eb7751243eb060,e55c6fe19fce094ce214c8b0e5b504e9,1,2026-09-13T17:00:00Z,Jacksonville Jaguars,Cleveland Browns,totals,alternate_totals,,50.5,Under,50.5,fanduel,-460,1.2173913043478262,0.8013086092817271,1.1260677889883568,2026-09-06T21:08:25Z,35.848566,conditional_non_push,0.7606217616580311,consensus_plus_empirical_residual_model,live_snapshot_not_T60,pinnacle,ad47149a14112257045dd66e,0.8028391527385415,0.8028391527385415,-407.2000926603252,-52.7999073396748,2,OK,-460,fanduel,-460,False,False,40.5,closest_offered_consensus_to_50pct_no_interpolation,0.7606217616580311,-142.25108225108227,0.0,0.7606217616580311,EMPIRICAL_RECONSTRUCTED_HISTORY,0897c49705a05c04d65f1c02a830bc8446166ee6750153b629f2f4c40766b03b,4a14b3fdf51d13786a2e905526f21d4fe7601226e01da29583be8ff3210a7041,work/market-distribution-v1/artifacts/4a14b3fdf51d13786a2e905526f21d4fe7601226e01da29583be8ff3210a7041.json,-7.5,40.5,False,False,none,False,0.8708117443868739,0.0,850f45aae7a0e29c
23a2b1f7583c8df72f8ffb86,2026-09-06T21:09:00.848566+00:00,850f45aae7a0e29c9c9d99adb49e34676c652f43a41ae97d88eb7751243eb060,e55c6fe19fce094ce214c8b0e5b504e9,1,2026-09-13T17:00:00Z,Jacksonville Jaguars,Cleveland Browns,totals,alternate_totals,,51.5,Over,51.5,draftkings,365,4.65,0.16726109339223924,1.163535295153844,2026-09-06T21:08:18Z,42.848566,conditional_non_push,0.22037996545768568,consensus_plus_empirical_residual_model,live_snapshot_not_T60,pinnacle,50ed8a88d06d667d781b0938,0.17248770007181272,0.17248770007181272,479.75148348761377,-114.75148348761377,2,OK,365,draftkings,365,False,False,40.5,closest_offered_consensus_to_50pct_no_interpolation,0.22037996545768568,11.238244514106611,0.0,0.22037996545768568,EMPIRICAL_RECONSTRUCTED_HISTORY,0897c49705a05c04d65f1c02a830bc8446166ee6750153b629f2f4c40766b03b,4a14b3fdf51d13786a2e905526f21d4fe7601226e01da29583be8ff3210a7041,work/market-distribution-v1/artifacts/4a14b3fdf51d13786a2e905526f21d4fe7601226e01da29583be8ff3210a7041.json,-7.5,40.5,False,False,none,False,0.3592400690846287,0.0,850f45aae7a0e29c
c319e2f6c001f5c5af4f4b1b,2026-09-06T21:09:00.848566+00:00,850f45aae7a0e29c9c9d99adb49e34676c652f43a41ae97d88eb7751243eb060,e55c6fe19fce094ce214c8b0e5b504e9,1,2026-09-13T17:00:00Z,Jacksonville Jaguars,Cleveland Browns,totals,alternate_totals,,51.5,Over,51.5,fanduel,360,4.6,0.17771430675138628,1.132053930386304,2026-09-06T21:08:25Z,35.848566,conditional_non_push,0.22037996545768568,consensus_plus_empirical_residual_model,live_snapshot_not_T60,pinnacle,50ed8a88d06d667d781b0938,0.17248770007181272,0.17248770007181272,479.75148348761377,-119.75148348761377,2,OK,365,draftkings,365,False,False,40.5,closest_offered_consensus_to_50pct_no_interpolation,0.22037996545768568,6.238244514106611,0.0,0.22037996545768568,EMPIRICAL_RECONSTRUCTED_HISTORY,0897c49705a05c04d65f1c02a830bc8446166ee6750153b629f2f4c40766b03b,4a14b3fdf51d13786a2e905526f21d4fe7601226e01da29583be8ff3210a7041,work/market-distribution-v1/artifacts/4a14b3fdf51d13786a2e905526f21d4fe7601226e01da29583be8ff3210a7041.json,-7.5,40.5,False,False,none,False,0.3592400690846287,0.0,850f45aae7a0e29c
75ecd4e4f8e541b98afa1390,2026-09-06T21:09:00.848566+00:00,850f45aae7a0e29c9c9d99adb49e34676c652f43a41ae97d88eb7751243eb060,e55c6fe19fce094ce214c8b0e5b504e9,1,2026-09-13T17:00:00Z,Jacksonville Jaguars,Cleveland Browns,totals,alternate_totals,,51.5,Under,51.5,draftkings,-587,1.170357751277683,0.832738906607761,1.163535295153844,2026-09-06T21:08:18Z,42.848566,conditional_non_push,0.7796200345423143,consensus_plus_empirical_residual_model,live_snapshot_not_T60,pinnacle,50ed8a88d06d667d781b0938,0.8275122999281872,0.8275122999281872,-479.7514834876135,-107.24851651238652,2,OK,-530,fanduel,-530,False,False,40.5,closest_offered_consensus_to_50pct_no_interpolation,0.7796200345423143,-233.2382445141066,0.0,0.7796200345423143,EMPIRICAL_RECONSTRUCTED_HISTORY,0897c49705a05c04d65f1c02a830bc8446166ee6750153b629f2f4c40766b03b,4a14b3fdf51d13786a2e905526f21d4fe7601226e01da29583be8ff3210a7041,work/market-distribution-v1/artifacts/4a14b3fdf51d13786a2e905526f21d4fe7601226e01da29583be8ff3210a7041.json,-7.5,40.5,False,False,none,False,0.8853195164075993,0.0,850f45aae7a0e29c
e0fe32514afb146693bc2444,2026-09-06T21:09:00.848566+00:00,850f45aae7a0e29c9c9d99adb49e34676c652f43a41ae97d88eb7751243eb060,e55c6fe19fce094ce214c8b0e5b504e9,1,2026-09-13T17:00:00Z,Jacksonville Jaguars,Cleveland Browns,totals,alternate_totals,,51.5,Under,51.5,fanduel,-530,1.1886792452830188,0.8222856932486139,1.132053930386304,2026-09-06T21:08:25Z,35.848566,conditional_non_push,0.7796200345423143,consensus_plus_empirical_residual_model,live_snapshot_not_T60,pinnacle,50ed8a88d06d667d781b0938,0.8275122999281872,0.8275122999281872,-479.7514834876135,-50.248516512386516,2,OK,-530,fanduel,-530,False,False,40.5,closest_offered_consensus_to_50pct_no_interpolation,0.7796200345423143,-176.2382445141066,0.0,0.7796200345423143,EMPIRICAL_RECONSTRUCTED_HISTORY,0897c49705a05c04d65f1c02a830bc8446166ee6750153b629f2f4c40766b03b,4a14b3fdf51d13786a2e905526f21d4fe7601226e01da29583be8ff3210a7041,work/market-distribution-v1/artifacts/4a14b3fdf51d13786a2e905526f21d4fe7601226e01da29583be8ff3210a7041.json,-7.5,40.5,False,False,none,False,0.8853195164075993,0.0,850f45aae7a0e29c
ddc201187252c9d20afab7d1,2026-09-06T21:09:00.848566+00:00,850f45aae7a0e29c9c9d99adb49e34676c652f43a41ae97d88eb7751243eb060,e55c6fe19fce094ce214c8b0e5b504e9,1,2026-09-13T17:00:00Z,Jacksonville Jaguars,Cleveland Browns,totals,alternate_totals,,52.5,Over,52.5,draftkings,404,5.04,0.14908766852118882,1.1767117657154338,2026-09-06T21:08:18Z,42.848566,conditional_non_push,0.2006908462867012,consensus_plus_empirical_residual_model,live_snapshot_not_T60,pinnacle,1279d3fc6763f3b7359151c0,0.15339104002333484,0.15339104002333484,551.928561047551,-147.92856104755106,2,OK,404,draftkings,404,False,False,40.5,closest_offered_consensus_to_50pct_no_interpolation,0.2006908462867012,5.721170395869194,0.0,0.2006908462867012,EMPIRICAL_RECONSTRUCTED_HISTORY,0897c49705a05c04d65f1c02a830bc8446166ee6750153b629f2f4c40766b03b,4a14b3fdf51d13786a2e905526f21d4fe7601226e01da29583be8ff3210a7041,work/market-distribution-v1/artifacts/4a14b3fdf51d13786a2e905526f21d4fe7601226e01da29583be8ff3210a7041.json,-7.5,40.5,False,False,none,False,0.33264248704663213,0.0,850f45aae7a0e29c
237a3c93b31658e3fec7f247,2026-09-06T21:09:00.848566+00:00,850f45aae7a0e29c9c9d99adb49e34676c652f43a41ae97d88eb7751243eb060,e55c6fe19fce094ce214c8b0e5b504e9,1,2026-09-13T17:00:00Z,Jacksonville Jaguars,Cleveland Browns,totals,alternate_totals,,52.5,Over,52.5,fanduel,400,5.0,0.15769441152548092,1.1476654108548892,2026-09-06T21:08:25Z,35.848566,conditional_non_push,0.2006908462867012,consensus_plus_empirical_residual_model,live_snapshot_not_T60,pinnacle,1279d3fc6763f3b7359151c0,0.15339104002333484,0.15339104002333484,551.928561047551,-151.92856104755106,2,OK,404,draftkings,404,False,False,40.5,closest_offered_consensus_to_50pct_no_interpolation,0.2006908462867012,1.7211703958691942,0.0,0.2006908462867012,EMPIRICAL_RECONSTRUCTED_HISTORY,0897c49705a05c04d65f1c02a830bc8446166ee6750153b629f2f4c40766b03b,4a14b3fdf51d13786a2e905526f21d4fe7601226e01da29583be8ff3210a7041,work/market-distribution-v1/artifacts/4a14b3fdf51d13786a2e905526f21d4fe7601226e01da29583be8ff3210a7041.json,-7.5,40.5,False,False,none,False,0.33264248704663213,0.0,850f45aae7a0e29c
ba86111da17897d98864cfe4,2026-09-06T21:09:00.848566+00:00,850f45aae7a0e29c9c9d99adb49e34676c652f43a41ae97d88eb7751243eb060,e55c6fe19fce094ce214c8b0e5b504e9,1,2026-09-13T17:00:00Z,Jacksonville Jaguars,Cleveland Browns,totals,alternate_totals,,52.5,Under,52.5,draftkings,-680,1.1470588235294117,0.8509123314788113,1.1767117657154338,2026-09-06T21:08:18Z,42.848566,conditional_non_push,0.7993091537132988,consensus_plus_empirical_residual_model,live_snapshot_not_T60,pinnacle,1279d3fc6763f3b7359151c0,0.8466089599766651,0.8466089599766651,-551.9285610475507,-128.07143895244928,2,OK,-620,fanduel,-620,False,False,40.5,closest_offered_consensus_to_50pct_no_interpolation,0.7993091537132988,-281.7211703958692,0.0,0.7993091537132988,EMPIRICAL_RECONSTRUCTED_HISTORY,0897c49705a05c04d65f1c02a830bc8446166ee6750153b629f2f4c40766b03b,4a14b3fdf51d13786a2e905526f21d4fe7601226e01da29583be8ff3210a7041,work/market-distribution-v1/artifacts/4a14b3fdf51d13786a2e905526f21d4fe7601226e01da29583be8ff3210a7041.json,-7.5,40.5,False,False,none,False,0.8970639032815199,0.0,850f45aae7a0e29c
367a420e666a4f300690e194,2026-09-06T21:09:00.848566+00:00,850f45aae7a0e29c9c9d99adb49e34676c652f43a41ae97d88eb7751243eb060,e55c6fe19fce094ce214c8b0e5b504e9,1,2026-09-13T17:00:00Z,Jacksonville Jaguars,Cleveland Browns,totals,alternate_totals,,52.5,Under,52.5,fanduel,-620,1.1612903225806452,0.8423055884745192,1.1476654108548892,2026-09-06T21:08:25Z,35.848566,conditional_non_push,0.7993091537132988,consensus_plus_empirical_residual_model,live_snapshot_not_T60,pinnacle,1279d3fc6763f3b7359151c0,0.8466089599766651,0.8466089599766651,-551.9285610475507,-68.07143895244928,2,OK,-620,fanduel,-620,False,False,40.5,closest_offered_consensus_to_50pct_no_interpolation,0.7993091537132988,-221.7211703958692,0.0,0.7993091537132988,EMPIRICAL_RECONSTRUCTED_HISTORY,0897c49705a05c04d65f1c02a830bc8446166ee6750153b629f2f4c40766b03b,4a14b3fdf51d13786a2e905526f21d4fe7601226e01da29583be8ff3210a7041,work/market-distribution-v1/artifacts/4a14b3fdf51d13786a2e905526f21d4fe7601226e01da29583be8ff3210a7041.json,-7.5,40.5,False,False,none,False,0.8970639032815199,0.0,850f45aae7a0e29c
b873a05d851e774865d3b210,2026-09-06T21:09:00.848566+00:00,850f45aae7a0e29c9c9d99adb49e34676c652f43a41ae97d88eb7751243eb060,e55c6fe19fce094ce214c8b0e5b504e9,1,2026-09-13T17:00:00Z,Jacksonville Jaguars,Cleveland Browns,totals,alternate_totals,,53.5,Over,53.5,draftkings,457,5.57,0.12941997170232492,1.1905778832383755,2026-09-06T21:08:18Z,42.848566,conditional_non_push,0.18238341968911917,consensus_plus_empirical_residual_model,live_snapshot_not_T60,pinnacle,3d1ea143903c2f002eb33ef8,0.13446689288136598,0.13446689288136598,643.6774796917889,-186.6774796917889,2,OK,457,draftkings,457,False,False,40.5,closest_offered_consensus_to_50pct_no_interpolation,0.18238341968911917,8.704545454545496,0.0,0.18238341968911917,EMPIRICAL_RECONSTRUCTED_HISTORY,0897c49705a05c04d65f1c02a830bc8446166ee6750153b629f2f4c40766b03b,4a14b3fdf51d13786a2e905526f21d4fe7601226e01da29583be8ff3210a7041,work/market-distribution-v1/artifacts/4a14b3fdf51d13786a2e905526f21d4fe7601226e01da29583be8ff3210a7041.json,-7.5,40.5,False,False,none,False,0.30915371329879104,0.0,850f45aae7a0e29c
677d87798fd171698cb0ba95,2026-09-06T21:09:00.848566+00:00,850f45aae7a0e29c9c9d99adb49e34676c652f43a41ae97d88eb7751243eb060,e55c6fe19fce094ce214c8b0e5b504e9,1,2026-09-13T17:00:00Z,Jacksonville Jaguars,Cleveland Browns,totals,alternate_totals,,53.5,Over,53.5,fanduel,450,5.5,0.13951381406040705,1.1553564224932553,2026-09-06T21:08:25Z,35.848566,conditional_non_push,0.18238341968911917,consensus_plus_empirical_residual_model,live_snapshot_not_T60,pinnacle,3d1ea143903c2f002eb33ef8,0.13446689288136598,0.13446689288136598,643.6774796917889,-193.6774796917889,2,OK,457,draftkings,457,False,False,40.5,closest_offered_consensus_to_50pct_no_interpolation,0.18238341968911917,1.7045454545454959,0.0,0.18238341968911917,EMPIRICAL_RECONSTRUCTED_HISTORY,0897c49705a05c04d65f1c02a830bc8446166ee6750153b629f2f4c40766b03b,4a14b3fdf51d13786a2e905526f21d4fe7601226e01da29583be8ff3210a7041,work/market-distribution-v1/artifacts/4a14b3fdf51d13786a2e905526f21d4fe7601226e01da29583be8ff3210a7041.json,-7.5,40.5,False,False,none,False,0.30915371329879104,0.0,850f45aae7a0e29c
dd94c41779d8d08f7d12b6eb,2026-09-06T21:09:00.848566+00:00,850f45aae7a0e29c9c9d99adb49e34676c652f43a41ae97d88eb7751243eb060,e55c6fe19fce094ce214c8b0e5b504e9,1,2026-09-13T17:00:00Z,Jacksonville Jaguars,Cleveland Browns,totals,alternate_totals,,53.5,Under,53.5,draftkings,-810,1.123456790123457,0.8705800282976752,1.1905778832383755,2026-09-06T21:08:18Z,42.848566,conditional_non_push,0.8176165803108808,consensus_plus_empirical_residual_model,live_snapshot_not_T60,pinnacle,3d1ea143903c2f002eb33ef8,0.8655331071186341,0.8655331071186341,-643.6774796917891,-166.32252030821087,2,OK,-720,fanduel,-720,False,False,40.5,closest_offered_consensus_to_50pct_no_interpolation,0.8176165803108808,-361.70454545454555,0.0,0.8176165803108808,EMPIRICAL_RECONSTRUCTED_HISTORY,0897c49705a05c04d65f1c02a830bc8446166ee6750153b629f2f4c40766b03b,4a14b3fdf51d13786a2e905526f21d4fe7601226e01da29583be8ff3210a7041,work/market-distribution-v1/artifacts/4a14b3fdf51d13786a2e905526f21d4fe7601226e01da29583be8ff3210a7041.json,-7.5,40.5,False,False,none,False,0.9081174438687392,0.0,850f45aae7a0e29c
70e2473edc84750194ffcd27,2026-09-06T21:09:00.848566+00:00,850f45aae7a0e29c9c9d99adb49e34676c652f43a41ae97d88eb7751243eb060,e55c6fe19fce094ce214c8b0e5b504e9,1,2026-09-13T17:00:00Z,Jacksonville Jaguars,Cleveland Browns,totals,alternate_totals,,53.5,Under,53.5,fanduel,-720,1.1388888888888888,0.860486185939593,1.1553564224932553,2026-09-06T21:08:25Z,35.848566,conditional_non_push,0.8176165803108808,consensus_plus_empirical_residual_model,live_snapshot_not_T60,pinnacle,3d1ea143903c2f002eb33ef8,0.8655331071186341,0.8655331071186341,-643.6774796917891,-76.32252030821087,2,OK,-720,fanduel,-720,False,False,40.5,closest_offered_consensus_to_50pct_no_interpolation,0.8176165803108808,-271.70454545454555,0.0,0.8176165803108808,EMPIRICAL_RECONSTRUCTED_HISTORY,0897c49705a05c04d65f1c02a830bc8446166ee6750153b629f2f4c40766b03b,4a14b3fdf51d13786a2e905526f21d4fe7601226e01da29583be8ff3210a7041,work/market-distribution-v1/artifacts/4a14b3fdf51d13786a2e905526f21d4fe7601226e01da29583be8ff3210a7041.json,-7.5,40.5,False,False,none,False,0.9081174438687392,0.0,850f45aae7a0e29c
a25cf2bcffdd61e5e5710cef,2026-09-06T21:09:00.848566+00:00,850f45aae7a0e29c9c9d99adb49e34676c652f43a41ae97d88eb7751243eb060,e55c6fe19fce094ce214c8b0e5b504e9,1,2026-09-13T17:00:00Z,Jacksonville Jaguars,Cleveland Browns,totals,alternate_totals,,54.5,Over,54.5,draftkings,517,6.17,0.11011828115744583,1.2123985363249563,2026-09-06T21:08:18Z,42.848566,conditional_non_push,0.16062176165803108,consensus_plus_empirical_residual_model,live_snapshot_not_T60,pinnacle,62462a8ae6d6abee04bf9157,0.11339584003145686,0.11339584003145686,781.866565583528,-264.866565583528,2,OK,520,fanduel,520,False,False,40.5,closest_offered_consensus_to_50pct_no_interpolation,0.16062176165803108,-5.580645161290363,0.0,0.16062176165803108,EMPIRICAL_RECONSTRUCTED_HISTORY,0897c49705a05c04d65f1c02a830bc8446166ee6750153b629f2f4c40766b03b,4a14b3fdf51d13786a2e905526f21d4fe7601226e01da29583be8ff3210a7041,work/market-distribution-v1/artifacts/4a14b3fdf51d13786a2e905526f21d4fe7601226e01da29583be8ff3210a7041.json,-7.5,40.5,False,False,none,False,0.2835924006908463,0.0,850f45aae7a0e29c
ae09cfc4b69568cfc5a7eef8,2026-09-06T21:09:00.848566+00:00,850f45aae7a0e29c9c9d99adb49e34676c652f43a41ae97d88eb7751243eb060,e55c6fe19fce094ce214c8b0e5b504e9,1,2026-09-13T17:00:00Z,Jacksonville Jaguars,Cleveland Browns,totals,alternate_totals,,54.5,Over,54.5,fanduel,520,6.2,0.11667339890546793,1.1774835129351686,2026-09-06T21:08:25Z,35.848566,conditional_non_push,0.16062176165803108,consensus_plus_empirical_residual_model,live_snapshot_not_T60,pinnacle,62462a8ae6d6abee04bf9157,0.11339584003145686,0.11339584003145686,781.866565583528,-261.866565583528,2,OK,520,fanduel,520,False,False,40.5,closest_offered_consensus_to_50pct_no_interpolation,0.16062176165803108,-2.580645161290363,0.0,0.16062176165803108,EMPIRICAL_RECONSTRUCTED_HISTORY,0897c49705a05c04d65f1c02a830bc8446166ee6750153b629f2f4c40766b03b,4a14b3fdf51d13786a2e905526f21d4fe7601226e01da29583be8ff3210a7041,work/market-distribution-v1/artifacts/4a14b3fdf51d13786a2e905526f21d4fe7601226e01da29583be8ff3210a7041.json,-7.5,40.5,False,False,none,False,0.2835924006908463,0.0,850f45aae7a0e29c
eb544d30309899d1dee85e80,2026-09-06T21:09:00.848566+00:00,850f45aae7a0e29c9c9d99adb49e34676c652f43a41ae97d88eb7751243eb060,e55c6fe19fce094ce214c8b0e5b504e9,1,2026-09-13T17:00:00Z,Jacksonville Jaguars,Cleveland Browns,totals,alternate_totals,,54.5,Under,54.5,draftkings,-990,1.101010101010101,0.8898817188425542,1.2123985363249563,2026-09-06T21:08:18Z,42.848566,conditional_non_push,0.8393782383419689,consensus_plus_empirical_residual_model,live_snapshot_not_T60,pinnacle,62462a8ae6d6abee04bf9157,0.886604159968543,0.886604159968543,-781.8665655835271,-208.13343441647294,2,OK,-900,fanduel,-900,False,False,40.5,closest_offered_consensus_to_50pct_no_interpolation,0.8393782383419689,-467.41935483870975,0.0,0.8393782383419689,EMPIRICAL_RECONSTRUCTED_HISTORY,0897c49705a05c04d65f1c02a830bc8446166ee6750153b629f2f4c40766b03b,4a14b3fdf51d13786a2e905526f21d4fe7601226e01da29583be8ff3210a7041,work/market-distribution-v1/artifacts/4a14b3fdf51d13786a2e905526f21d4fe7601226e01da29583be8ff3210a7041.json,-7.5,40.5,False,False,none,False,0.9184801381692573,0.0,850f45aae7a0e29c
b13046498aac7265e254667e,2026-09-06T21:09:00.848566+00:00,850f45aae7a0e29c9c9d99adb49e34676c652f43a41ae97d88eb7751243eb060,e55c6fe19fce094ce214c8b0e5b504e9,1,2026-09-13T17:00:00Z,Jacksonville Jaguars,Cleveland Browns,totals,alternate_totals,,54.5,Under,54.5,fanduel,-900,1.1111111111111112,0.8833266010945322,1.1774835129351686,2026-09-06T21:08:25Z,35.848566,conditional_non_push,0.8393782383419689,consensus_plus_empirical_residual_model,live_snapshot_not_T60,pinnacle,62462a8ae6d6abee04bf9157,0.886604159968543,0.886604159968543,-781.8665655835271,-118.13343441647294,2,OK,-900,fanduel,-900,False,False,40.5,closest_offered_consensus_to_50pct_no_interpolation,0.8393782383419689,-377.41935483870975,0.0,0.8393782383419689,EMPIRICAL_RECONSTRUCTED_HISTORY,0897c49705a05c04d65f1c02a830bc8446166ee6750153b629f2f4c40766b03b,4a14b3fdf51d13786a2e905526f21d4fe7601226e01da29583be8ff3210a7041,work/market-distribution-v1/artifacts/4a14b3fdf51d13786a2e905526f21d4fe7601226e01da29583be8ff3210a7041.json,-7.5,40.5,False,False,none,False,0.9184801381692573,0.0,850f45aae7a0e29c
255c8855c4cd48aa91649745,2026-09-06T21:09:00.848566+00:00,850f45aae7a0e29c9c9d99adb49e34676c652f43a41ae97d88eb7751243eb060,e55c6fe19fce094ce214c8b0e5b504e9,1,2026-09-13T17:00:00Z,Jacksonville Jaguars,Cleveland Browns,totals,alternate_totals,,55.5,Over,55.5,draftkings,591,6.91,0.09149512782123945,1.237199751735775,2026-09-06T21:08:18Z,42.848566,conditional_non_push,0.14404145077720207,consensus_plus_empirical_residual_model,live_snapshot_not_T60,pinnacle,22692bb45139b67ebe67dabb,0.09497858720789884,0.09497858720789884,952.8688932918087,-361.8688932918087,2,OK,600,fanduel,600,False,False,40.5,closest_offered_consensus_to_50pct_no_interpolation,0.14404145077720207,-3.24460431654677,0.0,0.14404145077720207,EMPIRICAL_RECONSTRUCTED_HISTORY,0897c49705a05c04d65f1c02a830bc8446166ee6750153b629f2f4c40766b03b,4a14b3fdf51d13786a2e905526f21d4fe7601226e01da29583be8ff3210a7041,work/market-distribution-v1/artifacts/4a14b3fdf51d13786a2e905526f21d4fe7601226e01da29583be8ff3210a7041.json,-7.5,40.5,False,False,none,False,0.261139896373057,0.0,850f45aae7a0e29c
175905b03b563d57537f6027,2026-09-06T21:09:00.848566+00:00,850f45aae7a0e29c9c9d99adb49e34676c652f43a41ae97d88eb7751243eb060,e55c6fe19fce094ce214c8b0e5b504e9,1,2026-09-13T17:00:00Z,Jacksonville Jaguars,Cleveland Browns,totals,alternate_totals,,55.5,Over,55.5,fanduel,600,7.0,0.09846204659455823,1.191259586133878,2026-09-06T21:08:25Z,35.848566,conditional_non_push,0.14404145077720207,consensus_plus_empirical_residual_model,live_snapshot_not_T60,pinnacle,22692bb45139b67ebe67dabb,0.09497858720789884,0.09497858720789884,952.8688932918087,-352.8688932918087,2,OK,600,fanduel,600,False,False,40.5,closest_offered_consensus_to_50pct_no_interpolation,0.14404145077720207,5.75539568345323,0.0,0.14404145077720207,EMPIRICAL_RECONSTRUCTED_HISTORY,0897c49705a05c04d65f1c02a830bc8446166ee6750153b629f2f4c40766b03b,4a14b3fdf51d13786a2e905526f21d4fe7601226e01da29583be8ff3210a7041,work/market-distribution-v1/artifacts/4a14b3fdf51d13786a2e905526f21d4fe7601226e01da29583be8ff3210a7041.json,-7.5,40.5,False,False,none,False,0.261139896373057,0.0,850f45aae7a0e29c
53aaf4ad19484072f4165f88,2026-09-06T21:09:00.848566+00:00,850f45aae7a0e29c9c9d99adb49e34676c652f43a41ae97d88eb7751243eb060,e55c6fe19fce094ce214c8b0e5b504e9,1,2026-09-13T17:00:00Z,Jacksonville Jaguars,Cleveland Browns,totals,alternate_totals,,55.5,Under,55.5,draftkings,-1240,1.0806451612903225,0.9085048721787607,1.237199751735775,2026-09-06T21:08:18Z,42.848566,conditional_non_push,0.8559585492227979,consensus_plus_empirical_residual_model,live_snapshot_not_T60,pinnacle,22692bb45139b67ebe67dabb,0.9050214127921012,0.9050214127921012,-952.8688932918097,-287.13110670819026,2,OK,-1100,fanduel,-1100,False,False,40.5,closest_offered_consensus_to_50pct_no_interpolation,0.8559585492227979,-645.7553956834533,0.0,0.8559585492227979,EMPIRICAL_RECONSTRUCTED_HISTORY,0897c49705a05c04d65f1c02a830bc8446166ee6750153b629f2f4c40766b03b,4a14b3fdf51d13786a2e905526f21d4fe7601226e01da29583be8ff3210a7041,work/market-distribution-v1/artifacts/4a14b3fdf51d13786a2e905526f21d4fe7601226e01da29583be8ff3210a7041.json,-7.5,40.5,False,False,none,False,0.9278065630397236,0.0,850f45aae7a0e29c
37c89c4c8e7f447b9eeb2f74,2026-09-06T21:09:00.848566+00:00,850f45aae7a0e29c9c9d99adb49e34676c652f43a41ae97d88eb7751243eb060,e55c6fe19fce094ce214c8b0e5b504e9,1,2026-09-13T17:00:00Z,Jacksonville Jaguars,Cleveland Browns,totals,alternate_totals,,55.5,Under,55.5,fanduel,-1100,1.0909090909090908,0.9015379534054418,1.191259586133878,2026-09-06T21:08:25Z,35.848566,conditional_non_push,0.8559585492227979,consensus_plus_empirical_residual_model,live_snapshot_not_T60,pinnacle,22692bb45139b67ebe67dabb,0.9050214127921012,0.9050214127921012,-952.8688932918097,-147.13110670819026,2,OK,-1100,fanduel,-1100,False,False,40.5,closest_offered_consensus_to_50pct_no_interpolation,0.8559585492227979,-505.75539568345334,0.0,0.8559585492227979,EMPIRICAL_RECONSTRUCTED_HISTORY,0897c49705a05c04d65f1c02a830bc8446166ee6750153b629f2f4c40766b03b,4a14b3fdf51d13786a2e905526f21d4fe7601226e01da29583be8ff3210a7041,work/market-distribution-v1/artifacts/4a14b3fdf51d13786a2e905526f21d4fe7601226e01da29583be8ff3210a7041.json,-7.5,40.5,False,False,none,False,0.9278065630397236,0.0,850f45aae7a0e29c
49f50218f45e65161f55440c,2026-09-06T21:09:00.848566+00:00,850f45aae7a0e29c9c9d99adb49e34676c652f43a41ae97d88eb7751243eb060,e55c6fe19fce094ce214c8b0e5b504e9,1,2026-09-13T17:00:00Z,Jacksonville Jaguars,Cleveland Browns,totals,alternate_totals,,56.5,Over,56.5,draftkings,640,7.4,0.08089302086748812,1.2563841392416162,2026-09-06T21:08:18Z,42.848566,conditional_non_push,0.12918825561312608,consensus_plus_empirical_residual_model,live_snapshot_not_T60,pinnacle,e1f45803120fc26029619a95,0.08630399161031772,0.08630399161031772,1058.694958763007,-418.694958763007,2,OK,640,draftkings,640,False,False,40.5,closest_offered_consensus_to_50pct_no_interpolation,0.12918825561312608,-34.06417112299471,0.0,0.12918825561312608,EMPIRICAL_RECONSTRUCTED_HISTORY,0897c49705a05c04d65f1c02a830bc8446166ee6750153b629f2f4c40766b03b,4a14b3fdf51d13786a2e905526f21d4fe7601226e01da29583be8ff3210a7041,work/market-distribution-v1/artifacts/4a14b3fdf51d13786a2e905526f21d4fe7601226e01da29583be8ff3210a7041.json,-7.5,40.5,False,False,none,False,0.23937823834196892,0.0,850f45aae7a0e29c
5d01fb8bf34fc248bd79d232,2026-09-06T21:09:00.848566+00:00,850f45aae7a0e29c9c9d99adb49e34676c652f43a41ae97d88eb7751243eb060,e55c6fe19fce094ce214c8b0e5b504e9,1,2026-09-13T17:00:00Z,Jacksonville Jaguars,Cleveland Browns,totals,alternate_totals,,56.5,Over,56.5,fanduel,630,7.3,0.09171496235314733,1.2018213067191894,2026-09-06T21:08:25Z,35.848566,conditional_non_push,0.12918825561312608,consensus_plus_empirical_residual_model,live_snapshot_not_T60,pinnacle,e1f45803120fc26029619a95,0.08630399161031772,0.08630399161031772,1058.694958763007,-428.694958763007,2,OK,640,draftkings,640,False,False,40.5,closest_offered_consensus_to_50pct_no_interpolation,0.12918825561312608,-44.06417112299471,0.0,0.12918825561312608,EMPIRICAL_RECONSTRUCTED_HISTORY,0897c49705a05c04d65f1c02a830bc8446166ee6750153b629f2f4c40766b03b,4a14b3fdf51d13786a2e905526f21d4fe7601226e01da29583be8ff3210a7041,work/market-distribution-v1/artifacts/4a14b3fdf51d13786a2e905526f21d4fe7601226e01da29583be8ff3210a7041.json,-7.5,40.5,False,False,none,False,0.23937823834196892,0.0,850f45aae7a0e29c
cc61dee72e9257b483940031,2026-09-06T21:09:00.848566+00:00,850f45aae7a0e29c9c9d99adb49e34676c652f43a41ae97d88eb7751243eb060,e55c6fe19fce094ce214c8b0e5b504e9,1,2026-09-13T17:00:00Z,Jacksonville Jaguars,Cleveland Browns,totals,alternate_totals,,56.5,Under,56.5,draftkings,-1440,1.0694444444444444,0.9191069791325119,1.2563841392416162,2026-09-06T21:08:18Z,42.848566,conditional_non_push,0.8708117443868739,consensus_plus_empirical_residual_model,live_snapshot_not_T60,pinnacle,e1f45803120fc26029619a95,0.9136960083896823,0.9136960083896823,-1058.6949587630081,-381.3050412369919,2,OK,-1200,fanduel,-1200,False,False,40.5,closest_offered_consensus_to_50pct_no_interpolation,0.8708117443868739,-765.9358288770053,0.0,0.8708117443868739,EMPIRICAL_RECONSTRUCTED_HISTORY,0897c49705a05c04d65f1c02a830bc8446166ee6750153b629f2f4c40766b03b,4a14b3fdf51d13786a2e905526f21d4fe7601226e01da29583be8ff3210a7041,work/market-distribution-v1/artifacts/4a14b3fdf51d13786a2e905526f21d4fe7601226e01da29583be8ff3210a7041.json,-7.5,40.5,False,False,none,False,0.9350604490500863,0.0,850f45aae7a0e29c
c5a81dd8d14523210098868e,2026-09-06T21:09:00.848566+00:00,850f45aae7a0e29c9c9d99adb49e34676c652f43a41ae97d88eb7751243eb060,e55c6fe19fce094ce214c8b0e5b504e9,1,2026-09-13T17:00:00Z,Jacksonville Jaguars,Cleveland Browns,totals,alternate_totals,,56.5,Under,56.5,fanduel,-1200,1.0833333333333333,0.9082850376468526,1.2018213067191894,2026-09-06T21:08:25Z,35.848566,conditional_non_push,0.8708117443868739,consensus_plus_empirical_residual_model,live_snapshot_not_T60,pinnacle,e1f45803120fc26029619a95,0.9136960083896823,0.9136960083896823,-1058.6949587630081,-141.30504123699188,2,OK,-1200,fanduel,-1200,False,False,40.5,closest_offered_consensus_to_50pct_no_interpolation,0.8708117443868739,-525.9358288770053,0.0,0.8708117443868739,EMPIRICAL_RECONSTRUCTED_HISTORY,0897c49705a05c04d65f1c02a830bc8446166ee6750153b629f2f4c40766b03b,4a14b3fdf51d13786a2e905526f21d4fe7601226e01da29583be8ff3210a7041,work/market-distribution-v1/artifacts/4a14b3fdf51d13786a2e905526f21d4fe7601226e01da29583be8ff3210a7041.json,-7.5,40.5,False,False,none,False,0.9350604490500863,0.0,850f45aae7a0e29c
4f3b8b8a909ee526154745ea,2026-09-06T21:09:00.848566+00:00,850f45aae7a0e29c9c9d99adb49e34676c652f43a41ae97d88eb7751243eb060,e55c6fe19fce094ce214c8b0e5b504e9,1,2026-09-13T17:00:00Z,Jacksonville Jaguars,Cleveland Browns,totals,alternate_totals,,57.5,Over,57.5,draftkings,730,8.3,0.06433651837824807,1.2964539736860035,2026-09-06T21:08:18Z,42.848566,conditional_non_push,0.11468048359240068,consensus_plus_empirical_residual_model,live_snapshot_not_T60,pinnacle,c5848c536dc37215f32f5474,0.06810401892340558,0.06810401892340558,1368.3421269524024,-638.3421269524024,2,OK,750,fanduel,750,False,False,40.5,closest_offered_consensus_to_50pct_no_interpolation,0.11468048359240068,-41.98795180722891,0.0,0.11468048359240068,EMPIRICAL_RECONSTRUCTED_HISTORY,0897c49705a05c04d65f1c02a830bc8446166ee6750153b629f2f4c40766b03b,4a14b3fdf51d13786a2e905526f21d4fe7601226e01da29583be8ff3210a7041,work/market-distribution-v1/artifacts/4a14b3fdf51d13786a2e905526f21d4fe7601226e01da29583be8ff3210a7041.json,-7.5,40.5,False,False,none,False,0.22037996545768568,0.0,850f45aae7a0e29c
71958191aee0d2625e30fd52,2026-09-06T21:09:00.848566+00:00,850f45aae7a0e29c9c9d99adb49e34676c652f43a41ae97d88eb7751243eb060,e55c6fe19fce094ce214c8b0e5b504e9,1,2026-09-13T17:00:00Z,Jacksonville Jaguars,Cleveland Browns,totals,alternate_totals,,57.5,Over,57.5,fanduel,750,8.5,0.0718715194685631,1.230277479608839,2026-09-06T21:08:25Z,35.848566,conditional_non_push,0.11468048359240068,consensus_plus_empirical_residual_model,live_snapshot_not_T60,pinnacle,c5848c536dc37215f32f5474,0.06810401892340558,0.06810401892340558,1368.3421269524024,-618.3421269524024,2,OK,750,fanduel,750,False,False,40.5,closest_offered_consensus_to_50pct_no_interpolation,0.11468048359240068,-21.98795180722891,0.0,0.11468048359240068,EMPIRICAL_RECONSTRUCTED_HISTORY,0897c49705a05c04d65f1c02a830bc8446166ee6750153b629f2f4c40766b03b,4a14b3fdf51d13786a2e905526f21d4fe7601226e01da29583be8ff3210a7041,work/market-distribution-v1/artifacts/4a14b3fdf51d13786a2e905526f21d4fe7601226e01da29583be8ff3210a7041.json,-7.5,40.5,False,False,none,False,0.22037996545768568,0.0,850f45aae7a0e29c
1d085c1317c7931c909c34a8,2026-09-06T21:09:00.848566+00:00,850f45aae7a0e29c9c9d99adb49e34676c652f43a41ae97d88eb7751243eb060,e55c6fe19fce094ce214c8b0e5b504e9,1,2026-09-13T17:00:00Z,Jacksonville Jaguars,Cleveland Browns,totals,alternate_totals,,57.5,Under,57.5,draftkings,-1900,1.0526315789473684,0.9356634816217521,1.2964539736860035,2026-09-06T21:08:18Z,42.848566,conditional_non_push,0.8853195164075993,consensus_plus_empirical_residual_model,live_snapshot_not_T60,pinnacle,c5848c536dc37215f32f5474,0.9318959810765943,0.9318959810765943,-1368.3421269524003,-531.6578730475997,2,OK,-1600,fanduel,-1600,False,False,40.5,closest_offered_consensus_to_50pct_no_interpolation,0.8853195164075993,-1128.012048192771,0.0,0.8853195164075993,EMPIRICAL_RECONSTRUCTED_HISTORY,0897c49705a05c04d65f1c02a830bc8446166ee6750153b629f2f4c40766b03b,4a14b3fdf51d13786a2e905526f21d4fe7601226e01da29583be8ff3210a7041,work/market-distribution-v1/artifacts/4a14b3fdf51d13786a2e905526f21d4fe7601226e01da29583be8ff3210a7041.json,-7.5,40.5,False,False,none,False,0.9426597582037997,0.0,850f45aae7a0e29c
145724e7cefa909e5751af45,2026-09-06T21:09:00.848566+00:00,850f45aae7a0e29c9c9d99adb49e34676c652f43a41ae97d88eb7751243eb060,e55c6fe19fce094ce214c8b0e5b504e9,1,2026-09-13T17:00:00Z,Jacksonville Jaguars,Cleveland Browns,totals,alternate_totals,,57.5,Under,57.5,fanduel,-1600,1.0625,0.928128480531437,1.230277479608839,2026-09-06T21:08:25Z,35.848566,conditional_non_push,0.8853195164075993,consensus_plus_empirical_residual_model,live_snapshot_not_T60,pinnacle,c5848c536dc37215f32f5474,0.9318959810765943,0.9318959810765943,-1368.3421269524003,-231.65787304759965,2,OK,-1600,fanduel,-1600,False,False,40.5,closest_offered_consensus_to_50pct_no_interpolation,0.8853195164075993,-828.0120481927711,0.0,0.8853195164075993,EMPIRICAL_RECONSTRUCTED_HISTORY,0897c49705a05c04d65f1c02a830bc8446166ee6750153b629f2f4c40766b03b,4a14b3fdf51d13786a2e905526f21d4fe7601226e01da29583be8ff3210a7041,work/market-distribution-v1/artifacts/4a14b3fdf51d13786a2e905526f21d4fe7601226e01da29583be8ff3210a7041.json,-7.5,40.5,False,False,none,False,0.9426597582037997,0.0,850f45aae7a0e29c
7cbac15cd67b1eb457e25a71,2026-09-06T21:09:00.848566+00:00,850f45aae7a0e29c9c9d99adb49e34676c652f43a41ae97d88eb7751243eb060,e55c6fe19fce094ce214c8b0e5b504e9,1,2026-09-13T17:00:00Z,Jacksonville Jaguars,Cleveland Browns,totals,alternate_totals,,58.5,Over,58.5,draftkings,820,9.2,0.05117724512153745,1.3394266448762528,2026-09-06T21:08:18Z,42.848566,conditional_non_push,0.10293609671848014,consensus_plus_empirical_residual_model,live_snapshot_not_T60,pinnacle,67d610a2160be0b26ea6cb4c,0.05314994485131153,0.05314994485131153,1781.4694969063999,-961.4694969063999,2,OK,870,fanduel,870,False,False,40.5,closest_offered_consensus_to_50pct_no_interpolation,0.10293609671848014,-51.47651006711408,0.0,0.10293609671848014,EMPIRICAL_RECONSTRUCTED_HISTORY,0897c49705a05c04d65f1c02a830bc8446166ee6750153b629f2f4c40766b03b,4a14b3fdf51d13786a2e905526f21d4fe7601226e01da29583be8ff3210a7041,work/market-distribution-v1/artifacts/4a14b3fdf51d13786a2e905526f21d4fe7601226e01da29583be8ff3210a7041.json,-7.5,40.5,False,False,none,False,0.2006908462867012,0.0,850f45aae7a0e29c
a45419d0dbf4b165dbc89744,2026-09-06T21:09:00.848566+00:00,850f45aae7a0e29c9c9d99adb49e34676c652f43a41ae97d88eb7751243eb060,e55c6fe19fce094ce214c8b0e5b504e9,1,2026-09-13T17:00:00Z,Jacksonville Jaguars,Cleveland Browns,totals,alternate_totals,,58.5,Over,58.5,fanduel,870,9.7,0.05512264458108564,1.2755431788789866,2026-09-06T21:08:25Z,35.848566,conditional_non_push,0.10293609671848014,consensus_plus_empirical_residual_model,live_snapshot_not_T60,pinnacle,67d610a2160be0b26ea6cb4c,0.05314994485131153,0.05314994485131153,1781.4694969063999,-911.4694969063999,2,OK,870,fanduel,870,False,False,40.5,closest_offered_consensus_to_50pct_no_interpolation,0.10293609671848014,-1.4765100671140772,0.0,0.10293609671848014,EMPIRICAL_RECONSTRUCTED_HISTORY,0897c49705a05c04d65f1c02a830bc8446166ee6750153b629f2f4c40766b03b,4a14b3fdf51d13786a2e905526f21d4fe7601226e01da29583be8ff3210a7041,work/market-distribution-v1/artifacts/4a14b3fdf51d13786a2e905526f21d4fe7601226e01da29583be8ff3210a7041.json,-7.5,40.5,False,False,none,False,0.2006908462867012,0.0,850f45aae7a0e29c
5e1c309a4ded7ecc93ead643,2026-09-06T21:09:00.848566+00:00,850f45aae7a0e29c9c9d99adb49e34676c652f43a41ae97d88eb7751243eb060,e55c6fe19fce094ce214c8b0e5b504e9,1,2026-09-13T17:00:00Z,Jacksonville Jaguars,Cleveland Browns,totals,alternate_totals,,58.5,Under,58.5,draftkings,-2500,1.04,0.9488227548784627,1.3394266448762528,2026-09-06T21:08:18Z,42.848566,conditional_non_push,0.8970639032815199,consensus_plus_empirical_residual_model,live_snapshot_not_T60,pinnacle,67d610a2160be0b26ea6cb4c,0.9468500551486884,0.9468500551486884,-1781.469496906396,-718.530503093604,2,OK,-2200,fanduel,-2200,False,False,40.5,closest_offered_consensus_to_50pct_no_interpolation,0.8970639032815199,-1628.523489932886,0.0,0.8970639032815199,EMPIRICAL_RECONSTRUCTED_HISTORY,0897c49705a05c04d65f1c02a830bc8446166ee6750153b629f2f4c40766b03b,4a14b3fdf51d13786a2e905526f21d4fe7601226e01da29583be8ff3210a7041,work/market-distribution-v1/artifacts/4a14b3fdf51d13786a2e905526f21d4fe7601226e01da29583be8ff3210a7041.json,-7.5,40.5,False,False,none,False,0.9478411053540587,0.0,850f45aae7a0e29c
67afa12d2b643070dd561612,2026-09-06T21:09:00.848566+00:00,850f45aae7a0e29c9c9d99adb49e34676c652f43a41ae97d88eb7751243eb060,e55c6fe19fce094ce214c8b0e5b504e9,1,2026-09-13T17:00:00Z,Jacksonville Jaguars,Cleveland Browns,totals,alternate_totals,,58.5,Under,58.5,fanduel,-2200,1.0454545454545454,0.9448773554189145,1.2755431788789866,2026-09-06T21:08:25Z,35.848566,conditional_non_push,0.8970639032815199,consensus_plus_empirical_residual_model,live_snapshot_not_T60,pinnacle,67d610a2160be0b26ea6cb4c,0.9468500551486884,0.9468500551486884,-1781.469496906396,-418.530503093604,2,OK,-2200,fanduel,-2200,False,False,40.5,closest_offered_consensus_to_50pct_no_interpolation,0.8970639032815199,-1328.523489932886,0.0,0.8970639032815199,EMPIRICAL_RECONSTRUCTED_HISTORY,0897c49705a05c04d65f1c02a830bc8446166ee6750153b629f2f4c40766b03b,4a14b3fdf51d13786a2e905526f21d4fe7601226e01da29583be8ff3210a7041,work/market-distribution-v1/artifacts/4a14b3fdf51d13786a2e905526f21d4fe7601226e01da29583be8ff3210a7041.json,-7.5,40.5,False,False,none,False,0.9478411053540587,0.0,850f45aae7a0e29c
bdd399cfa1b2e7d200044ca9,2026-09-06T21:09:00.848566+00:00,850f45aae7a0e29c9c9d99adb49e34676c652f43a41ae97d88eb7751243eb060,e55c6fe19fce094ce214c8b0e5b504e9,1,2026-09-13T17:00:00Z,Jacksonville Jaguars,Cleveland Browns,totals,alternate_totals,,59.5,Over,59.5,draftkings,900,10.0,0.04066789304218942,1.3907483273213512,2026-09-06T21:08:18Z,42.848566,conditional_non_push,0.0918825561312608,consensus_plus_empirical_residual_model,live_snapshot_not_T60,pinnacle,9716766374e9888fa94b6de3,0.045238537690392655,0.045238537690392655,2110.504695894206,-1210.5046958942062,2,OK,900,draftkings|fanduel,900,False,False,40.5,closest_offered_consensus_to_50pct_no_interpolation,0.0918825561312608,-88.34586466165399,0.0,0.0918825561312608,EMPIRICAL_RECONSTRUCTED_HISTORY,0897c49705a05c04d65f1c02a830bc8446166ee6750153b629f2f4c40766b03b,4a14b3fdf51d13786a2e905526f21d4fe7601226e01da29583be8ff3210a7041,work/market-distribution-v1/artifacts/4a14b3fdf51d13786a2e905526f21d4fe7601226e01da29583be8ff3210a7041.json,-7.5,40.5,False,False,none,False,0.18238341968911917,0.0,850f45aae7a0e29c
a2c46b1117ca16348deaa4b5,2026-09-06T21:09:00.848566+00:00,850f45aae7a0e29c9c9d99adb49e34676c652f43a41ae97d88eb7751243eb060,e55c6fe19fce094ce214c8b0e5b504e9,1,2026-09-13T17:00:00Z,Jacksonville Jaguars,Cleveland Browns,totals,alternate_totals,,59.5,Over,59.5,fanduel,900,10.0,0.0498091823385959,1.302690587533839,2026-09-06T21:08:25Z,35.848566,conditional_non_push,0.0918825561312608,consensus_plus_empirical_residual_model,live_snapshot_not_T60,pinnacle,9716766374e9888fa94b6de3,0.045238537690392655,0.045238537690392655,2110.504695894206,-1210.5046958942062,2,OK,900,draftkings|fanduel,900,False,False,40.5,closest_offered_consensus_to_50pct_no_interpolation,0.0918825561312608,-88.34586466165399,0.0,0.0918825561312608,EMPIRICAL_RECONSTRUCTED_HISTORY,0897c49705a05c04d65f1c02a830bc8446166ee6750153b629f2f4c40766b03b,4a14b3fdf51d13786a2e905526f21d4fe7601226e01da29583be8ff3210a7041,work/market-distribution-v1/artifacts/4a14b3fdf51d13786a2e905526f21d4fe7601226e01da29583be8ff3210a7041.json,-7.5,40.5,False,False,none,False,0.18238341968911917,0.0,850f45aae7a0e29c
89725b397b422a5e2a1b0dd9,2026-09-06T21:09:00.848566+00:00,850f45aae7a0e29c9c9d99adb49e34676c652f43a41ae97d88eb7751243eb060,e55c6fe19fce094ce214c8b0e5b504e9,1,2026-09-13T17:00:00Z,Jacksonville Jaguars,Cleveland Browns,totals,alternate_totals,,59.5,Under,59.5,draftkings,-3300,1.0303030303030303,0.9593321069578107,1.3907483273213512,2026-09-06T21:08:18Z,42.848566,conditional_non_push,0.9081174438687392,consensus_plus_empirical_residual_model,live_snapshot_not_T60,pinnacle,9716766374e9888fa94b6de3,0.9547614623096072,0.9547614623096072,-2110.5046958942007,-1189.4953041057993,2,OK,-2500,fanduel,-2500,False,False,40.5,closest_offered_consensus_to_50pct_no_interpolation,0.9081174438687392,-2311.6541353383464,0.0,0.9081174438687392,EMPIRICAL_RECONSTRUCTED_HISTORY,0897c49705a05c04d65f1c02a830bc8446166ee6750153b629f2f4c40766b03b,4a14b3fdf51d13786a2e905526f21d4fe7601226e01da29583be8ff3210a7041,work/market-distribution-v1/artifacts/4a14b3fdf51d13786a2e905526f21d4fe7601226e01da29583be8ff3210a7041.json,-7.5,40.5,False,False,none,False,0.9544041450777202,0.0,850f45aae7a0e29c
97150d7dfe37069aed1f82ec,2026-09-06T21:09:00.848566+00:00,850f45aae7a0e29c9c9d99adb49e34676c652f43a41ae97d88eb7751243eb060,e55c6fe19fce094ce214c8b0e5b504e9,1,2026-09-13T17:00:00Z,Jacksonville Jaguars,Cleveland Browns,totals,alternate_totals,,59.5,Under,59.5,fanduel,-2500,1.04,0.9501908176614043,1.302690587533839,2026-09-06T21:08:25Z,35.848566,conditional_non_push,0.9081174438687392,consensus_plus_empirical_residual_model,live_snapshot_not_T60,pinnacle,9716766374e9888fa94b6de3,0.9547614623096072,0.9547614623096072,-2110.5046958942007,-389.4953041057993,2,OK,-2500,fanduel,-2500,False,False,40.5,closest_offered_consensus_to_50pct_no_interpolation,0.9081174438687392,-1511.6541353383464,0.0,0.9081174438687392,EMPIRICAL_RECONSTRUCTED_HISTORY,0897c49705a05c04d65f1c02a830bc8446166ee6750153b629f2f4c40766b03b,4a14b3fdf51d13786a2e905526f21d4fe7601226e01da29583be8ff3210a7041,work/market-distribution-v1/artifacts/4a14b3fdf51d13786a2e905526f21d4fe7601226e01da29583be8ff3210a7041.json,-7.5,40.5,False,False,none,False,0.9544041450777202,0.0,850f45aae7a0e29c
a13f8e2accda72bfab0db0d3,2026-09-06T21:09:00.848566+00:00,850f45aae7a0e29c9c9d99adb49e34676c652f43a41ae97d88eb7751243eb060,e55c6fe19fce094ce214c8b0e5b504e9,1,2026-09-13T17:00:00Z,Jacksonville Jaguars,Cleveland Browns,totals,alternate_totals,,60.5,Over,60.5,draftkings,990,10.9,0.03135510310707301,1.4494441483341483,2026-09-06T21:08:18Z,42.848566,conditional_non_push,0.08151986183074265,consensus_plus_empirical_residual_model,live_snapshot_not_T60,pinnacle,3591d4e95f425db63a5d67bc,0.03424824603140569,0.03424824603140569,2819.8575573271655,-1829.8575573271655,2,OK,1060,fanduel,1060,False,False,40.5,closest_offered_consensus_to_50pct_no_interpolation,0.08151986183074265,-136.69491525423723,0.0,0.08151986183074265,EMPIRICAL_RECONSTRUCTED_HISTORY,0897c49705a05c04d65f1c02a830bc8446166ee6750153b629f2f4c40766b03b,4a14b3fdf51d13786a2e905526f21d4fe7601226e01da29583be8ff3210a7041,work/market-distribution-v1/artifacts/4a14b3fdf51d13786a2e905526f21d4fe7601226e01da29583be8ff3210a7041.json,-7.5,40.5,False,False,none,False,0.16062176165803108,0.0,850f45aae7a0e29c
0ae623ded6836ecc56301af5,2026-09-06T21:09:00.848566+00:00,850f45aae7a0e29c9c9d99adb49e34676c652f43a41ae97d88eb7751243eb060,e55c6fe19fce094ce214c8b0e5b504e9,1,2026-09-13T17:00:00Z,Jacksonville Jaguars,Cleveland Browns,totals,alternate_totals,,60.5,Over,60.5,fanduel,1060,11.6,0.037141388955738375,1.3435399740514984,2026-09-06T21:08:25Z,35.848566,conditional_non_push,0.08151986183074265,consensus_plus_empirical_residual_model,live_snapshot_not_T60,pinnacle,3591d4e95f425db63a5d67bc,0.03424824603140569,0.03424824603140569,2819.8575573271655,-1759.8575573271655,2,OK,1060,fanduel,1060,False,False,40.5,closest_offered_consensus_to_50pct_no_interpolation,0.08151986183074265,-66.69491525423723,0.0,0.08151986183074265,EMPIRICAL_RECONSTRUCTED_HISTORY,0897c49705a05c04d65f1c02a830bc8446166ee6750153b629f2f4c40766b03b,4a14b3fdf51d13786a2e905526f21d4fe7601226e01da29583be8ff3210a7041,work/market-distribution-v1/artifacts/4a14b3fdf51d13786a2e905526f21d4fe7601226e01da29583be8ff3210a7041.json,-7.5,40.5,False,False,none,False,0.16062176165803108,0.0,850f45aae7a0e29c
e7034b48b0d32905bc69b842,2026-09-06T21:09:00.848566+00:00,850f45aae7a0e29c9c9d99adb49e34676c652f43a41ae97d88eb7751243eb060,e55c6fe19fce094ce214c8b0e5b504e9,1,2026-09-13T17:00:00Z,Jacksonville Jaguars,Cleveland Browns,totals,alternate_totals,,60.5,Under,60.5,draftkings,-4500,1.0222222222222221,0.9686448968929271,1.4494441483341483,2026-09-06T21:08:18Z,42.848566,conditional_non_push,0.9184801381692573,consensus_plus_empirical_residual_model,live_snapshot_not_T60,pinnacle,3591d4e95f425db63a5d67bc,0.9657517539685943,0.9657517539685943,-2819.85755732716,-1680.14244267284,2,OK,-3500,fanduel,-3500,False,False,40.5,closest_offered_consensus_to_50pct_no_interpolation,0.9184801381692573,-3373.305084745763,0.0,0.9184801381692573,EMPIRICAL_RECONSTRUCTED_HISTORY,0897c49705a05c04d65f1c02a830bc8446166ee6750153b629f2f4c40766b03b,4a14b3fdf51d13786a2e905526f21d4fe7601226e01da29583be8ff3210a7041,work/market-distribution-v1/artifacts/4a14b3fdf51d13786a2e905526f21d4fe7601226e01da29583be8ff3210a7041.json,-7.5,40.5,False,False,none,False,0.957167530224525,0.0,850f45aae7a0e29c
dd3fe956493d2131365535c4,2026-09-06T21:09:00.848566+00:00,850f45aae7a0e29c9c9d99adb49e34676c652f43a41ae97d88eb7751243eb060,e55c6fe19fce094ce214c8b0e5b504e9,1,2026-09-13T17:00:00Z,Jacksonville Jaguars,Cleveland Browns,totals,alternate_totals,,60.5,Under,60.5,fanduel,-3500,1.0285714285714285,0.9628586110442617,1.3435399740514984,2026-09-06T21:08:25Z,35.848566,conditional_non_push,0.9184801381692573,consensus_plus_empirical_residual_model,live_snapshot_not_T60,pinnacle,3591d4e95f425db63a5d67bc,0.9657517539685943,0.9657517539685943,-2819.85755732716,-680.1424426728399,2,OK,-3500,fanduel,-3500,False,False,40.5,closest_offered_consensus_to_50pct_no_interpolation,0.9184801381692573,-2373.305084745763,0.0,0.9184801381692573,EMPIRICAL_RECONSTRUCTED_HISTORY,0897c49705a05c04d65f1c02a830bc8446166ee6750153b629f2f4c40766b03b,4a14b3fdf51d13786a2e905526f21d4fe7601226e01da29583be8ff3210a7041,work/market-distribution-v1/artifacts/4a14b3fdf51d13786a2e905526f21d4fe7601226e01da29583be8ff3210a7041.json,-7.5,40.5,False,False,none,False,0.957167530224525,0.0,850f45aae7a0e29c
7dbb54cbfdf820d95234fe89,2026-09-06T21:09:00.848566+00:00,850f45aae7a0e29c9c9d99adb49e34676c652f43a41ae97d88eb7751243eb060,e55c6fe19fce094ce214c8b0e5b504e9,1,2026-09-13T17:00:00Z,Jacksonville Jaguars,Cleveland Browns,totals,alternate_totals,,61.5,Over,61.5,draftkings,1100,12.0,0.020722596955456755,1.5600306490738292,2026-09-06T21:08:18Z,42.848566,conditional_non_push,0.07219343696027633,consensus_plus_empirical_residual_model,live_snapshot_not_T60,pinnacle,6571efaa96d68f9560957db8,0.02698905640674481,0.02698905640674481,3605.205491178606,-2505.205491178606,2,OK,1100,draftkings|fanduel,1100,False,False,40.5,closest_offered_consensus_to_50pct_no_interpolation,0.07219343696027633,-185.16746411483268,0.0,0.07219343696027633,EMPIRICAL_RECONSTRUCTED_HISTORY,0897c49705a05c04d65f1c02a830bc8446166ee6750153b629f2f4c40766b03b,4a14b3fdf51d13786a2e905526f21d4fe7601226e01da29583be8ff3210a7041,work/market-distribution-v1/artifacts/4a14b3fdf51d13786a2e905526f21d4fe7601226e01da29583be8ff3210a7041.json,-7.5,40.5,False,False,none,False,0.14404145077720207,0.0,850f45aae7a0e29c
bafbc80eb4cd8892e7367941,2026-09-06T21:09:00.848566+00:00,850f45aae7a0e29c9c9d99adb49e34676c652f43a41ae97d88eb7751243eb060,e55c6fe19fce094ce214c8b0e5b504e9,1,2026-09-13T17:00:00Z,Jacksonville Jaguars,Cleveland Browns,totals,alternate_totals,,61.5,Over,61.5,fanduel,1100,12.0,0.033255515858032866,1.3696830967319413,2026-09-06T21:08:25Z,35.848566,conditional_non_push,0.07219343696027633,consensus_plus_empirical_residual_model,live_snapshot_not_T60,pinnacle,6571efaa96d68f9560957db8,0.02698905640674481,0.02698905640674481,3605.205491178606,-2505.205491178606,2,OK,1100,draftkings|fanduel,1100,False,False,40.5,closest_offered_consensus_to_50pct_no_interpolation,0.07219343696027633,-185.16746411483268,0.0,0.07219343696027633,EMPIRICAL_RECONSTRUCTED_HISTORY,0897c49705a05c04d65f1c02a830bc8446166ee6750153b629f2f4c40766b03b,4a14b3fdf51d13786a2e905526f21d4fe7601226e01da29583be8ff3210a7041,work/market-distribution-v1/artifacts/4a14b3fdf51d13786a2e905526f21d4fe7601226e01da29583be8ff3210a7041.json,-7.5,40.5,False,False,none,False,0.14404145077720207,0.0,850f45aae7a0e29c
0b2faaa8d61a8c2bfa99f22a,2026-09-06T21:09:00.848566+00:00,850f45aae7a0e29c9c9d99adb49e34676c652f43a41ae97d88eb7751243eb060,e55c6fe19fce094ce214c8b0e5b504e9,1,2026-09-13T17:00:00Z,Jacksonville Jaguars,Cleveland Browns,totals,alternate_totals,,61.5,Under,61.5,draftkings,-7400,1.0135135135135136,0.9792774030445434,1.5600306490738292,2026-09-06T21:08:18Z,42.848566,conditional_non_push,0.9278065630397236,consensus_plus_empirical_residual_model,live_snapshot_not_T60,pinnacle,6571efaa96d68f9560957db8,0.9730109435932552,0.9730109435932552,-3605.205491178612,-3794.794508821388,2,OK,-4000,fanduel,-4000,False,False,40.5,closest_offered_consensus_to_50pct_no_interpolation,0.9278065630397236,-6114.832535885168,0.0,0.9278065630397236,EMPIRICAL_RECONSTRUCTED_HISTORY,0897c49705a05c04d65f1c02a830bc8446166ee6750153b629f2f4c40766b03b,4a14b3fdf51d13786a2e905526f21d4fe7601226e01da29583be8ff3210a7041,work/market-distribution-v1/artifacts/4a14b3fdf51d13786a2e905526f21d4fe7601226e01da29583be8ff3210a7041.json,-7.5,40.5,False,False,none,False,0.9640759930915371,0.0,850f45aae7a0e29c
01183e59c376cccd11e0d812,2026-09-06T21:09:00.848566+00:00,850f45aae7a0e29c9c9d99adb49e34676c652f43a41ae97d88eb7751243eb060,e55c6fe19fce094ce214c8b0e5b504e9,1,2026-09-13T17:00:00Z,Jacksonville Jaguars,Cleveland Browns,totals,alternate_totals,,61.5,Under,61.5,fanduel,-4000,1.025,0.9667444841419672,1.3696830967319413,2026-09-06T21:08:25Z,35.848566,conditional_non_push,0.9278065630397236,consensus_plus_empirical_residual_model,live_snapshot_not_T60,pinnacle,6571efaa96d68f9560957db8,0.9730109435932552,0.9730109435932552,-3605.205491178612,-394.7945088213878,2,OK,-4000,fanduel,-4000,False,False,40.5,closest_offered_consensus_to_50pct_no_interpolation,0.9278065630397236,-2714.832535885168,0.0,0.9278065630397236,EMPIRICAL_RECONSTRUCTED_HISTORY,0897c49705a05c04d65f1c02a830bc8446166ee6750153b629f2f4c40766b03b,4a14b3fdf51d13786a2e905526f21d4fe7601226e01da29583be8ff3210a7041,work/market-distribution-v1/artifacts/4a14b3fdf51d13786a2e905526f21d4fe7601226e01da29583be8ff3210a7041.json,-7.5,40.5,False,False,none,False,0.9640759930915371,0.0,850f45aae7a0e29c
3ba4aac4b2e394b4f23f43d2,2026-09-06T21:09:00.848566+00:00,850f45aae7a0e29c9c9d99adb49e34676c652f43a41ae97d88eb7751243eb060,e55c6fe19fce094ce214c8b0e5b504e9,1,2026-09-13T17:00:00Z,Jacksonville Jaguars,Cleveland Browns,totals,alternate_totals,,62.5,Over,62.5,draftkings,1200,13.0,0.01593040703858862,1.6138820018586726,2026-09-06T21:08:18Z,42.848566,conditional_non_push,0.06493955094991365,consensus_plus_empirical_residual_model,live_snapshot_not_T60,pinnacle,59f22e67b37f986b74976f5f,0.02136244333237638,0.02136244333237638,4581.11247595178,-3381.1124759517797,2,OK,1300,fanduel,1300,False,False,40.5,closest_offered_consensus_to_50pct_no_interpolation,0.06493955094991365,-239.89361702127667,0.0,0.06493955094991365,EMPIRICAL_RECONSTRUCTED_HISTORY,0897c49705a05c04d65f1c02a830bc8446166ee6750153b629f2f4c40766b03b,4a14b3fdf51d13786a2e905526f21d4fe7601226e01da29583be8ff3210a7041,work/market-distribution-v1/artifacts/4a14b3fdf51d13786a2e905526f21d4fe7601226e01da29583be8ff3210a7041.json,-7.5,40.5,False,False,none,False,0.12918825561312608,0.0,850f45aae7a0e29c
22890a81972cda7b23e53250,2026-09-06T21:09:00.848566+00:00,850f45aae7a0e29c9c9d99adb49e34676c652f43a41ae97d88eb7751243eb060,e55c6fe19fce094ce214c8b0e5b504e9,1,2026-09-13T17:00:00Z,Jacksonville Jaguars,Cleveland Browns,totals,alternate_totals,,62.5,Over,62.5,fanduel,1300,14.0,0.02679447962616415,1.371534962944137,2026-09-06T21:08:25Z,35.848566,conditional_non_push,0.06493955094991365,consensus_plus_empirical_residual_model,live_snapshot_not_T60,pinnacle,59f22e67b37f986b74976f5f,0.02136244333237638,0.02136244333237638,4581.11247595178,-3281.1124759517797,2,OK,1300,fanduel,1300,False,False,40.5,closest_offered_consensus_to_50pct_no_interpolation,0.06493955094991365,-139.89361702127667,0.0,0.06493955094991365,EMPIRICAL_RECONSTRUCTED_HISTORY,0897c49705a05c04d65f1c02a830bc8446166ee6750153b629f2f4c40766b03b,4a14b3fdf51d13786a2e905526f21d4fe7601226e01da29583be8ff3210a7041,work/market-distribution-v1/artifacts/4a14b3fdf51d13786a2e905526f21d4fe7601226e01da29583be8ff3210a7041.json,-7.5,40.5,False,False,none,False,0.12918825561312608,0.0,850f45aae7a0e29c
7507341dabd2310a1e0dfb3d,2026-09-06T21:09:00.848566+00:00,850f45aae7a0e29c9c9d99adb49e34676c652f43a41ae97d88eb7751243eb060,e55c6fe19fce094ce214c8b0e5b504e9,1,2026-09-13T17:00:00Z,Jacksonville Jaguars,Cleveland Browns,totals,alternate_totals,,62.5,Under,62.5,draftkings,-10000,1.01,0.9840695929614115,1.6138820018586726,2026-09-06T21:08:18Z,42.848566,conditional_non_push,0.9350604490500863,consensus_plus_empirical_residual_model,live_snapshot_not_T60,pinnacle,59f22e67b37f986b74976f5f,0.9786375566676235,0.9786375566676235,-4581.112475951762,-5418.887524048238,2,OK,-5000,fanduel,-5000,False,False,40.5,closest_offered_consensus_to_50pct_no_interpolation,0.9350604490500863,-8560.106382978724,0.0,0.9350604490500863,EMPIRICAL_RECONSTRUCTED_HISTORY,0897c49705a05c04d65f1c02a830bc8446166ee6750153b629f2f4c40766b03b,4a14b3fdf51d13786a2e905526f21d4fe7601226e01da29583be8ff3210a7041,work/market-distribution-v1/artifacts/4a14b3fdf51d13786a2e905526f21d4fe7601226e01da29583be8ff3210a7041.json,-7.5,40.5,False,False,none,False,0.968566493955095,0.0,850f45aae7a0e29c
5cd451640837e16d4b8de01b,2026-09-06T21:09:00.848566+00:00,850f45aae7a0e29c9c9d99adb49e34676c652f43a41ae97d88eb7751243eb060,e55c6fe19fce094ce214c8b0e5b504e9,1,2026-09-13T17:00:00Z,Jacksonville Jaguars,Cleveland Browns,totals,alternate_totals,,62.5,Under,62.5,fanduel,-5000,1.02,0.9732055203738359,1.371534962944137,2026-09-06T21:08:25Z,35.848566,conditional_non_push,0.9350604490500863,consensus_plus_empirical_residual_model,live_snapshot_not_T60,pinnacle,59f22e67b37f986b74976f5f,0.9786375566676235,0.9786375566676235,-4581.112475951762,-418.88752404823845,2,OK,-5000,fanduel,-5000,False,False,40.5,closest_offered_consensus_to_50pct_no_interpolation,0.9350604490500863,-3560.1063829787236,0.0,0.9350604490500863,EMPIRICAL_RECONSTRUCTED_HISTORY,0897c49705a05c04d65f1c02a830bc8446166ee6750153b629f2f4c40766b03b,4a14b3fdf51d13786a2e905526f21d4fe7601226e01da29583be8ff3210a7041,work/market-distribution-v1/artifacts/4a14b3fdf51d13786a2e905526f21d4fe7601226e01da29583be8ff3210a7041.json,-7.5,40.5,False,False,none,False,0.968566493955095,0.0,850f45aae7a0e29c
0e2a41ffaf065a7e064b5301,2026-09-06T21:09:00.848566+00:00,850f45aae7a0e29c9c9d99adb49e34676c652f43a41ae97d88eb7751243eb060,e55c6fe19fce094ce214c8b0e5b504e9,1,2026-09-13T17:00:00Z,Jacksonville Jaguars,Cleveland Browns,totals,alternate_totals,,63.5,Over,63.5,draftkings,1300,14.0,0.015571199061907322,1.5772041927059277,2026-09-06T21:08:18Z,42.848566,conditional_non_push,0.05734024179620034,consensus_plus_empirical_residual_model,live_snapshot_not_T60,pinnacle,45f7279e88a981fe53c598ba,0.019191162608826903,0.019191162608826903,5110.731733053284,-3810.731733053284,2,OK,1400,fanduel,1400,False,False,40.5,closest_offered_consensus_to_50pct_no_interpolation,0.05734024179620034,-343.9759036144578,0.0,0.05734024179620034,EMPIRICAL_RECONSTRUCTED_HISTORY,0897c49705a05c04d65f1c02a830bc8446166ee6750153b629f2f4c40766b03b,4a14b3fdf51d13786a2e905526f21d4fe7601226e01da29583be8ff3210a7041,work/market-distribution-v1/artifacts/4a14b3fdf51d13786a2e905526f21d4fe7601226e01da29583be8ff3210a7041.json,-7.5,40.5,False,False,none,False,0.11468048359240068,0.0,850f45aae7a0e29c
39e9f246b9ffaec5babf0a82,2026-09-06T21:09:00.848566+00:00,850f45aae7a0e29c9c9d99adb49e34676c652f43a41ae97d88eb7751243eb060,e55c6fe19fce094ce214c8b0e5b504e9,1,2026-09-13T17:00:00Z,Jacksonville Jaguars,Cleveland Browns,totals,alternate_totals,,63.5,Over,63.5,fanduel,1400,15.0,0.022811126155746486,1.3960254027875676,2026-09-06T21:08:25Z,35.848566,conditional_non_push,0.05734024179620034,consensus_plus_empirical_residual_model,live_snapshot_not_T60,pinnacle,45f7279e88a981fe53c598ba,0.019191162608826903,0.019191162608826903,5110.731733053284,-3710.731733053284,2,OK,1400,fanduel,1400,False,False,40.5,closest_offered_consensus_to_50pct_no_interpolation,0.05734024179620034,-243.97590361445782,0.0,0.05734024179620034,EMPIRICAL_RECONSTRUCTED_HISTORY,0897c49705a05c04d65f1c02a830bc8446166ee6750153b629f2f4c40766b03b,4a14b3fdf51d13786a2e905526f21d4fe7601226e01da29583be8ff3210a7041,work/market-distribution-v1/artifacts/4a14b3fdf51d13786a2e905526f21d4fe7601226e01da29583be8ff3210a7041.json,-7.5,40.5,False,False,none,False,0.11468048359240068,0.0,850f45aae7a0e29c
c961506caea11607621e946c,2026-09-06T21:09:00.848566+00:00,850f45aae7a0e29c9c9d99adb49e34676c652f43a41ae97d88eb7751243eb060,e55c6fe19fce094ce214c8b0e5b504e9,1,2026-09-13T17:00:00Z,Jacksonville Jaguars,Cleveland Browns,totals,alternate_totals,,63.5,Under,63.5,draftkings,-10000,1.01,0.9844288009380927,1.5772041927059277,2026-09-06T21:08:18Z,42.848566,conditional_non_push,0.9426597582037997,consensus_plus_empirical_residual_model,live_snapshot_not_T60,pinnacle,45f7279e88a981fe53c598ba,0.9808088373911732,0.9808088373911732,-5110.7317330533115,-4889.2682669466885,2,OK,-6000,fanduel,-6000,False,False,40.5,closest_offered_consensus_to_50pct_no_interpolation,0.9426597582037997,-8356.024096385543,0.0,0.9426597582037997,EMPIRICAL_RECONSTRUCTED_HISTORY,0897c49705a05c04d65f1c02a830bc8446166ee6750153b629f2f4c40766b03b,4a14b3fdf51d13786a2e905526f21d4fe7601226e01da29583be8ff3210a7041,work/market-distribution-v1/artifacts/4a14b3fdf51d13786a2e905526f21d4fe7601226e01da29583be8ff3210a7041.json,-7.5,40.5,False,False,none,False,0.9734024179620034,0.0,850f45aae7a0e29c
87b41d6f456d0e2216f0c9f7,2026-09-06T21:09:00.848566+00:00,850f45aae7a0e29c9c9d99adb49e34676c652f43a41ae97d88eb7751243eb060,e55c6fe19fce094ce214c8b0e5b504e9,1,2026-09-13T17:00:00Z,Jacksonville Jaguars,Cleveland Browns,totals,alternate_totals,,63.5,Under,63.5,fanduel,-6000,1.0166666666666666,0.9771888738442537,1.3960254027875676,2026-09-06T21:08:25Z,35.848566,conditional_non_push,0.9426597582037997,consensus_plus_empirical_residual_model,live_snapshot_not_T60,pinnacle,45f7279e88a981fe53c598ba,0.9808088373911732,0.9808088373911732,-5110.7317330533115,-889.2682669466885,2,OK,-6000,fanduel,-6000,False,False,40.5,closest_offered_consensus_to_50pct_no_interpolation,0.9426597582037997,-4356.024096385542,0.0,0.9426597582037997,EMPIRICAL_RECONSTRUCTED_HISTORY,0897c49705a05c04d65f1c02a830bc8446166ee6750153b629f2f4c40766b03b,4a14b3fdf51d13786a2e905526f21d4fe7601226e01da29583be8ff3210a7041,work/market-distribution-v1/artifacts/4a14b3fdf51d13786a2e905526f21d4fe7601226e01da29583be8ff3210a7041.json,-7.5,40.5,False,False,none,False,0.9734024179620034,0.0,850f45aae7a0e29c
4eee27e5c93d876daf84efb4,2026-09-06T21:09:00.848566+00:00,850f45aae7a0e29c9c9d99adb49e34676c652f43a41ae97d88eb7751243eb060,e55c6fe19fce094ce214c8b0e5b504e9,1,2026-09-13T17:00:00Z,Jacksonville Jaguars,Cleveland Browns,totals,alternate_totals,,64.5,Over,64.5,fanduel,1500,16.0,0.019852243395067852,1.4136385355001044,2026-09-06T21:08:25Z,35.848566,conditional_non_push,0.05215889464594128,consensus_plus_empirical_residual_model,live_snapshot_not_T60,pinnacle,74d17748887e416d5f12b87b,0.019852243395067852,0.019852243395067852,4937.214082557757,-3437.214082557757,1,FEWER_THAN_TWO_BOOKS,1500,fanduel,1500,False,False,40.5,closest_offered_consensus_to_50pct_no_interpolation,0.05215889464594128,-317.2185430463576,0.0,0.05215889464594128,EMPIRICAL_RECONSTRUCTED_HISTORY,0897c49705a05c04d65f1c02a830bc8446166ee6750153b629f2f4c40766b03b,4a14b3fdf51d13786a2e905526f21d4fe7601226e01da29583be8ff3210a7041,work/market-distribution-v1/artifacts/4a14b3fdf51d13786a2e905526f21d4fe7601226e01da29583be8ff3210a7041.json,-7.5,40.5,False,False,none,False,0.10293609671848014,0.0,850f45aae7a0e29c
a4ff822d8d50d07a32011dcf,2026-09-06T21:09:00.848566+00:00,850f45aae7a0e29c9c9d99adb49e34676c652f43a41ae97d88eb7751243eb060,e55c6fe19fce094ce214c8b0e5b504e9,1,2026-09-13T17:00:00Z,Jacksonville Jaguars,Cleveland Browns,totals,alternate_totals,,64.5,Under,64.5,fanduel,-7000,1.0142857142857142,0.9801477566049323,1.4136385355001044,2026-09-06T21:08:25Z,35.848566,conditional_non_push,0.9478411053540587,consensus_plus_empirical_residual_model,live_snapshot_not_T60,pinnacle,74d17748887e416d5f12b87b,0.9801477566049323,0.9801477566049323,-4937.2140825577835,-2062.7859174422165,1,FEWER_THAN_TWO_BOOKS,-7000,fanduel,-7000,False,False,40.5,closest_offered_consensus_to_50pct_no_interpolation,0.9478411053540587,-5182.781456953641,0.0,0.9478411053540587,EMPIRICAL_RECONSTRUCTED_HISTORY,0897c49705a05c04d65f1c02a830bc8446166ee6750153b629f2f4c40766b03b,4a14b3fdf51d13786a2e905526f21d4fe7601226e01da29583be8ff3210a7041,work/market-distribution-v1/artifacts/4a14b3fdf51d13786a2e905526f21d4fe7601226e01da29583be8ff3210a7041.json,-7.5,40.5,False,False,none,False,0.9785837651122625,0.0,850f45aae7a0e29c
6b36f807335d02d7e57e0b75,2026-09-06T21:09:00.848566+00:00,850f45aae7a0e29c9c9d99adb49e34676c652f43a41ae97d88eb7751243eb060,e55c6fe19fce094ce214c8b0e5b504e9,1,2026-09-13T17:00:00Z,Jacksonville Jaguars,Cleveland Browns,totals,alternate_totals,,65.5,Over,65.5,fanduel,1700,18.0,0.014474742668680202,1.4653305484836974,2026-09-06T21:08:25Z,35.848566,conditional_non_push,0.04559585492227979,consensus_plus_empirical_residual_model,live_snapshot_not_T60,pinnacle,b4d8d343f5861051d4db1ed1,0.014474742668680202,0.014474742668680202,6808.585685352148,-5108.585685352148,1,FEWER_THAN_TWO_BOOKS,1700,fanduel,1700,False,False,40.5,closest_offered_consensus_to_50pct_no_interpolation,0.04559585492227979,-393.181818181818,0.0,0.04559585492227979,EMPIRICAL_RECONSTRUCTED_HISTORY,0897c49705a05c04d65f1c02a830bc8446166ee6750153b629f2f4c40766b03b,4a14b3fdf51d13786a2e905526f21d4fe7601226e01da29583be8ff3210a7041,work/market-distribution-v1/artifacts/4a14b3fdf51d13786a2e905526f21d4fe7601226e01da29583be8ff3210a7041.json,-7.5,40.5,False,False,none,False,0.0918825561312608,0.0,850f45aae7a0e29c
3602acf9ee03bb2fabd02d56,2026-09-06T21:09:00.848566+00:00,850f45aae7a0e29c9c9d99adb49e34676c652f43a41ae97d88eb7751243eb060,e55c6fe19fce094ce214c8b0e5b504e9,1,2026-09-13T17:00:00Z,Jacksonville Jaguars,Cleveland Browns,totals,alternate_totals,,65.5,Under,65.5,fanduel,-10000,1.01,0.9855252573313199,1.4653305484836974,2026-09-06T21:08:25Z,35.848566,conditional_non_push,0.9544041450777202,consensus_plus_empirical_residual_model,live_snapshot_not_T60,pinnacle,b4d8d343f5861051d4db1ed1,0.9855252573313199,0.9855252573313199,-6808.585685352199,-3191.414314647801,1,FEWER_THAN_TWO_BOOKS,-10000,fanduel,-10000,False,False,40.5,closest_offered_consensus_to_50pct_no_interpolation,0.9544041450777202,-7906.818181818182,0.0,0.9544041450777202,EMPIRICAL_RECONSTRUCTED_HISTORY,0897c49705a05c04d65f1c02a830bc8446166ee6750153b629f2f4c40766b03b,4a14b3fdf51d13786a2e905526f21d4fe7601226e01da29583be8ff3210a7041,work/market-distribution-v1/artifacts/4a14b3fdf51d13786a2e905526f21d4fe7601226e01da29583be8ff3210a7041.json,-7.5,40.5,False,False,none,False,0.9803108808290155,0.0,850f45aae7a0e29c
ca7f904ad6ad1515895fab3e,2026-09-06T21:09:00.848566+00:00,850f45aae7a0e29c9c9d99adb49e34676c652f43a41ae97d88eb7751243eb060,e55c6fe19fce094ce214c8b0e5b504e9,1,2026-09-13T17:00:00Z,Jacksonville Jaguars,Cleveland Browns,totals,alternate_totals,,66.5,Over,66.5,fanduel,1700,18.0,0.014474742668680202,1.4653305484836974,2026-09-06T21:08:25Z,35.848566,conditional_non_push,0.04283246977547495,consensus_plus_empirical_residual_model,live_snapshot_not_T60,pinnacle,50b36e6b8d4d4a86ba4741e6,0.014474742668680202,0.014474742668680202,6808.585685352148,-5108.585685352148,1,FEWER_THAN_TWO_BOOKS,1700,fanduel,1700,False,False,40.5,closest_offered_consensus_to_50pct_no_interpolation,0.04283246977547495,-534.677419354839,0.0,0.04283246977547495,EMPIRICAL_RECONSTRUCTED_HISTORY,0897c49705a05c04d65f1c02a830bc8446166ee6750153b629f2f4c40766b03b,4a14b3fdf51d13786a2e905526f21d4fe7601226e01da29583be8ff3210a7041,work/market-distribution-v1/artifacts/4a14b3fdf51d13786a2e905526f21d4fe7601226e01da29583be8ff3210a7041.json,-7.5,40.5,False,False,none,False,0.08151986183074265,0.0,850f45aae7a0e29c
c27ab009be4d2053c50f9ecb,2026-09-06T21:09:00.848566+00:00,850f45aae7a0e29c9c9d99adb49e34676c652f43a41ae97d88eb7751243eb060,e55c6fe19fce094ce214c8b0e5b504e9,1,2026-09-13T17:00:00Z,Jacksonville Jaguars,Cleveland Browns,totals,alternate_totals,,66.5,Under,66.5,fanduel,-10000,1.01,0.9855252573313199,1.4653305484836974,2026-09-06T21:08:25Z,35.848566,conditional_non_push,0.957167530224525,consensus_plus_empirical_residual_model,live_snapshot_not_T60,pinnacle,50b36e6b8d4d4a86ba4741e6,0.9855252573313199,0.9855252573313199,-6808.585685352199,-3191.414314647801,1,FEWER_THAN_TWO_BOOKS,-10000,fanduel,-10000,False,False,40.5,closest_offered_consensus_to_50pct_no_interpolation,0.957167530224525,-7765.322580645161,0.0,0.957167530224525,EMPIRICAL_RECONSTRUCTED_HISTORY,0897c49705a05c04d65f1c02a830bc8446166ee6750153b629f2f4c40766b03b,4a14b3fdf51d13786a2e905526f21d4fe7601226e01da29583be8ff3210a7041,work/market-distribution-v1/artifacts/4a14b3fdf51d13786a2e905526f21d4fe7601226e01da29583be8ff3210a7041.json,-7.5,40.5,False,False,none,False,0.9837651122625216,0.0,850f45aae7a0e29c
6c839692efa4ce67a873fac6,2026-09-06T21:09:00.848566+00:00,850f45aae7a0e29c9c9d99adb49e34676c652f43a41ae97d88eb7751243eb060,e55c6fe19fce094ce214c8b0e5b504e9,1,2026-09-13T17:00:00Z,Jacksonville Jaguars,Cleveland Browns,totals,alternate_totals,,67.5,Over,67.5,fanduel,2000,21.0,0.0078991669138625,1.5900680904921125,2026-09-06T21:08:25Z,35.848566,conditional_non_push,0.03592400690846287,consensus_plus_empirical_residual_model,live_snapshot_not_T60,pinnacle,f42603b8b71ce2ca97c338e4,0.007899166913862499,0.007899166913862499,12559.56284890079,-10559.56284890079,1,FEWER_THAN_TWO_BOOKS,2000,fanduel,2000,False,False,40.5,closest_offered_consensus_to_50pct_no_interpolation,0.03592400690846287,-683.6538461538457,0.0,0.03592400690846287,EMPIRICAL_RECONSTRUCTED_HISTORY,0897c49705a05c04d65f1c02a830bc8446166ee6750153b629f2f4c40766b03b,4a14b3fdf51d13786a2e905526f21d4fe7601226e01da29583be8ff3210a7041,work/market-distribution-v1/artifacts/4a14b3fdf51d13786a2e905526f21d4fe7601226e01da29583be8ff3210a7041.json,-7.5,40.5,False,False,none,False,0.07219343696027633,0.0,850f45aae7a0e29c
fd56896ef1931de7d4889752,2026-09-06T21:09:00.848566+00:00,850f45aae7a0e29c9c9d99adb49e34676c652f43a41ae97d88eb7751243eb060,e55c6fe19fce094ce214c8b0e5b504e9,1,2026-09-13T17:00:00Z,Jacksonville Jaguars,Cleveland Browns,totals,alternate_totals,,67.5,Under,67.5,fanduel,-20000,1.005,0.9921008330861376,1.5900680904921125,2026-09-06T21:08:25Z,35.848566,conditional_non_push,0.9640759930915371,consensus_plus_empirical_residual_model,live_snapshot_not_T60,pinnacle,f42603b8b71ce2ca97c338e4,0.9921008330861374,0.9921008330861374,-12559.562848900612,-7440.437151099388,1,FEWER_THAN_TWO_BOOKS,-20000,fanduel,-20000,False,False,40.5,closest_offered_consensus_to_50pct_no_interpolation,0.9640759930915371,-17316.346153846156,0.0,0.9640759930915371,EMPIRICAL_RECONSTRUCTED_HISTORY,0897c49705a05c04d65f1c02a830bc8446166ee6750153b629f2f4c40766b03b,4a14b3fdf51d13786a2e905526f21d4fe7601226e01da29583be8ff3210a7041,work/market-distribution-v1/artifacts/4a14b3fdf51d13786a2e905526f21d4fe7601226e01da29583be8ff3210a7041.json,-7.5,40.5,False,False,none,False,0.985146804835924,0.0,850f45aae7a0e29c
a8e3b333da57f803a48aea5c,2026-09-06T21:09:00.848566+00:00,850f45aae7a0e29c9c9d99adb49e34676c652f43a41ae97d88eb7751243eb060,e55c6fe19fce094ce214c8b0e5b504e9,1,2026-09-13T17:00:00Z,Jacksonville Jaguars,Cleveland Browns,totals,alternate_totals,,68.5,Over,68.5,fanduel,2500,26.0,0.00746846980410443,1.503044826687773,2026-09-06T21:08:25Z,35.848566,conditional_non_push,0.03143350604490501,consensus_plus_empirical_residual_model,live_snapshot_not_T60,pinnacle,eb0f34ca96035e45924b3d6f,0.007468469804104428,0.007468469804104428,13289.62366093296,-10789.62366093296,1,FEWER_THAN_TWO_BOOKS,2500,fanduel,2500,False,False,40.5,closest_offered_consensus_to_50pct_no_interpolation,0.03143350604490501,-581.3186813186808,0.0,0.03143350604490501,EMPIRICAL_RECONSTRUCTED_HISTORY,0897c49705a05c04d65f1c02a830bc8446166ee6750153b629f2f4c40766b03b,4a14b3fdf51d13786a2e905526f21d4fe7601226e01da29583be8ff3210a7041,work/market-distribution-v1/artifacts/4a14b3fdf51d13786a2e905526f21d4fe7601226e01da29583be8ff3210a7041.json,-7.5,40.5,False,False,none,False,0.06493955094991365,0.0,850f45aae7a0e29c
619b44ef8eed12f43686479d,2026-09-06T21:09:00.848566+00:00,850f45aae7a0e29c9c9d99adb49e34676c652f43a41ae97d88eb7751243eb060,e55c6fe19fce094ce214c8b0e5b504e9,1,2026-09-13T17:00:00Z,Jacksonville Jaguars,Cleveland Browns,totals,alternate_totals,,68.5,Under,68.5,fanduel,-20000,1.005,0.9925315301958958,1.503044826687773,2026-09-06T21:08:25Z,35.848566,conditional_non_push,0.968566493955095,consensus_plus_empirical_residual_model,live_snapshot_not_T60,pinnacle,eb0f34ca96035e45924b3d6f,0.9925315301958956,0.9925315301958956,-13289.623660932963,-6710.376339067037,1,FEWER_THAN_TWO_BOOKS,-20000,fanduel,-20000,False,False,40.5,closest_offered_consensus_to_50pct_no_interpolation,0.968566493955095,-16918.68131868132,0.0,0.968566493955095,EMPIRICAL_RECONSTRUCTED_HISTORY,0897c49705a05c04d65f1c02a830bc8446166ee6750153b629f2f4c40766b03b,4a14b3fdf51d13786a2e905526f21d4fe7601226e01da29583be8ff3210a7041,work/market-distribution-v1/artifacts/4a14b3fdf51d13786a2e905526f21d4fe7601226e01da29583be8ff3210a7041.json,-7.5,40.5,False,False,none,False,0.9872193436960276,0.0,850f45aae7a0e29c
78cd3850253e3cfab803c856,2026-09-06T21:09:00.848566+00:00,850f45aae7a0e29c9c9d99adb49e34676c652f43a41ae97d88eb7751243eb060,e55c6fe19fce094ce214c8b0e5b504e9,1,2026-09-13T17:00:00Z,Jacksonville Jaguars,Cleveland Browns,totals,alternate_totals,,69.5,Over,69.5,fanduel,3000,31.0,0.003316139840975339,1.6624854814709127,2026-09-06T21:08:25Z,35.848566,conditional_non_push,0.026597582037996545,consensus_plus_empirical_residual_model,live_snapshot_not_T60,pinnacle,acb9abd11167db37347bc067,0.003316139840975339,0.003316139840975339,30055.543733218477,-27055.543733218477,1,FEWER_THAN_TWO_BOOKS,3000,fanduel,3000,False,False,40.5,closest_offered_consensus_to_50pct_no_interpolation,0.026597582037996545,-659.7402597402597,0.0,0.026597582037996545,EMPIRICAL_RECONSTRUCTED_HISTORY,0897c49705a05c04d65f1c02a830bc8446166ee6750153b629f2f4c40766b03b,4a14b3fdf51d13786a2e905526f21d4fe7601226e01da29583be8ff3210a7041,work/market-distribution-v1/artifacts/4a14b3fdf51d13786a2e905526f21d4fe7601226e01da29583be8ff3210a7041.json,-7.5,40.5,False,False,none,False,0.05734024179620034,0.0,850f45aae7a0e29c
1bbc9cf4f09af4d0ab2ccb78,2026-09-06T21:09:00.848566+00:00,850f45aae7a0e29c9c9d99adb49e34676c652f43a41ae97d88eb7751243eb060,e55c6fe19fce094ce214c8b0e5b504e9,1,2026-09-13T17:00:00Z,Jacksonville Jaguars,Cleveland Browns,totals,alternate_totals,,69.5,Under,69.5,fanduel,-50000,1.002,0.9966838601590248,1.6624854814709127,2026-09-06T21:08:25Z,35.848566,conditional_non_push,0.9734024179620034,consensus_plus_empirical_residual_model,live_snapshot_not_T60,pinnacle,acb9abd11167db37347bc067,0.9966838601590248,0.9966838601590248,-30055.54373321947,-19944.45626678053,1,FEWER_THAN_TWO_BOOKS,-50000,fanduel,-50000,False,False,40.5,closest_offered_consensus_to_50pct_no_interpolation,0.9734024179620034,-46340.259740259746,0.0,0.9734024179620034,EMPIRICAL_RECONSTRUCTED_HISTORY,0897c49705a05c04d65f1c02a830bc8446166ee6750153b629f2f4c40766b03b,4a14b3fdf51d13786a2e905526f21d4fe7601226e01da29583be8ff3210a7041,work/market-distribution-v1/artifacts/4a14b3fdf51d13786a2e905526f21d4fe7601226e01da29583be8ff3210a7041.json,-7.5,40.5,False,False,none,False,0.9892918825561312,0.0,850f45aae7a0e29c
ba15b10e803409237a6978ed,2026-09-06T21:09:00.848566+00:00,850f45aae7a0e29c9c9d99adb49e34676c652f43a41ae97d88eb7751243eb060,e55c6fe19fce094ce214c8b0e5b504e9,1,2026-09-13T17:00:00Z,Jacksonville Jaguars,Cleveland Browns,totals,alternate_totals,,70.5,Over,70.5,fanduel,3000,31.0,0.003316139840975339,1.6624854814709127,2026-09-06T21:08:25Z,35.848566,conditional_non_push,0.021416234887737477,consensus_plus_empirical_residual_model,live_snapshot_not_T60,pinnacle,ace1a1afaa398225091c7d51,0.003316139840975339,0.003316139840975339,30055.543733218477,-27055.543733218477,1,FEWER_THAN_TWO_BOOKS,3000,fanduel,3000,False,False,40.5,closest_offered_consensus_to_50pct_no_interpolation,0.021416234887737477,-1569.354838709678,0.0,0.021416234887737477,EMPIRICAL_RECONSTRUCTED_HISTORY,0897c49705a05c04d65f1c02a830bc8446166ee6750153b629f2f4c40766b03b,4a14b3fdf51d13786a2e905526f21d4fe7601226e01da29583be8ff3210a7041,work/market-distribution-v1/artifacts/4a14b3fdf51d13786a2e905526f21d4fe7601226e01da29583be8ff3210a7041.json,-7.5,40.5,False,False,none,False,0.05215889464594128,0.0,850f45aae7a0e29c
69acb73a629aa0ee8dcffdb7,2026-09-06T21:09:00.848566+00:00,850f45aae7a0e29c9c9d99adb49e34676c652f43a41ae97d88eb7751243eb060,e55c6fe19fce094ce214c8b0e5b504e9,1,2026-09-13T17:00:00Z,Jacksonville Jaguars,Cleveland Browns,totals,alternate_totals,,70.5,Under,70.5,fanduel,-50000,1.002,0.9966838601590248,1.6624854814709127,2026-09-06T21:08:25Z,35.848566,conditional_non_push,0.9785837651122625,consensus_plus_empirical_residual_model,live_snapshot_not_T60,pinnacle,ace1a1afaa398225091c7d51,0.9966838601590248,0.9966838601590248,-30055.54373321947,-19944.45626678053,1,FEWER_THAN_TWO_BOOKS,-50000,fanduel,-50000,False,False,40.5,closest_offered_consensus_to_50pct_no_interpolation,0.9785837651122625,-45430.64516129032,0.0,0.9785837651122625,EMPIRICAL_RECONSTRUCTED_HISTORY,0897c49705a05c04d65f1c02a830bc8446166ee6750153b629f2f4c40766b03b,4a14b3fdf51d13786a2e905526f21d4fe7601226e01da29583be8ff3210a7041,work/market-distribution-v1/artifacts/4a14b3fdf51d13786a2e905526f21d4fe7601226e01da29583be8ff3210a7041.json,-7.5,40.5,False,False,none,False,0.9903281519861831,0.0,850f45aae7a0e29c
