quote_id,snapshot_received_at,source_sha256,event_id,week,commence_time,home_team,away_team,market,provider_market,player,canonical_line,side,line,executed_book,book_price,decimal_price,book_fair_probability,devig_power,quote_updated_at,quote_age_seconds,probability_basis,model_probability,probability_source,evidence_label,sharp_reference,consensus_id,consensus_fair_probability,fair_probability,fair_price,price_edge_cents,qualifying_books,coverage_flag,best_price,best_price_books,best_executable_price,filter_pass,board_eligible,consensus_fair_line,fair_line_method,model_fair_probability,model_edge_cents,model_push_probability,model_win_probability,model_status,model_code_sha256,model_artifact_sha256,model_artifact_path,model_consensus_spread,model_consensus_total,consensus_filter_pass,model_filter_pass,filter_source,wong_teaser,teaser_leg_probability,teaser_push_probability,snapshot_id
21fe516af0189f6a162717f1,2026-09-06T21:08:59.798485+00:00,eec35edb10ded38f0500e83e9aaf8252f63479442c90d3b0d1ad36855ebf8efe,7e09efed7e12c659b82740b67ce2f9a1,1,2026-09-13T17:00:00Z,Houston Texans,Buffalo Bills,h2h,h2h,,,Buffalo Bills,,betmgm,-115,1.8695652173913042,0.5116044544982121,1.071115843039896,2026-09-06T21:08:57Z,2.798485,conditional_non_push,0.4774774774774775,consensus_plus_empirical_residual_model,live_snapshot_not_T60,pinnacle,b954fc1d61fca3db796945b9,0.5058022272491061,0.5058022272491061,-102.34813978088515,-12.651860219114852,4,OK,-105,pinnacle,-108,False,False,,not_applicable,0.4774774774774775,-24.433962264150935,0.04145077720207254,0.45768566493955093,EMPIRICAL_RECONSTRUCTED_HISTORY,0897c49705a05c04d65f1c02a830bc8446166ee6750153b629f2f4c40766b03b,4a14b3fdf51d13786a2e905526f21d4fe7601226e01da29583be8ff3210a7041,work/market-distribution-v1/artifacts/4a14b3fdf51d13786a2e905526f21d4fe7601226e01da29583be8ff3210a7041.json,-1.0,44.5,False,False,none,False,,,eec35edb10ded38f
d65383d1355b2816a63cf437,2026-09-06T21:08:59.798485+00:00,eec35edb10ded38f0500e83e9aaf8252f63479442c90d3b0d1ad36855ebf8efe,7e09efed7e12c659b82740b67ce2f9a1,1,2026-09-13T17:00:00Z,Houston Texans,Buffalo Bills,h2h,h2h,,,Buffalo Bills,,draftkings,-118,1.847457627118644,0.5185754937201552,1.0698248525605822,2026-09-06T21:07:49Z,70.798485,conditional_non_push,0.4774774774774775,consensus_plus_empirical_residual_model,live_snapshot_not_T60,pinnacle,b954fc1d61fca3db796945b9,0.5058022272491061,0.5058022272491061,-102.34813978088515,-15.651860219114852,4,OK,-105,pinnacle,-108,False,False,,not_applicable,0.4774774774774775,-27.433962264150935,0.04145077720207254,0.45768566493955093,EMPIRICAL_RECONSTRUCTED_HISTORY,0897c49705a05c04d65f1c02a830bc8446166ee6750153b629f2f4c40766b03b,4a14b3fdf51d13786a2e905526f21d4fe7601226e01da29583be8ff3210a7041,work/market-distribution-v1/artifacts/4a14b3fdf51d13786a2e905526f21d4fe7601226e01da29583be8ff3210a7041.json,-1.0,44.5,False,False,none,False,,,eec35edb10ded38f
8890d3a94929747f7adbf331,2026-09-06T21:08:59.798485+00:00,eec35edb10ded38f0500e83e9aaf8252f63479442c90d3b0d1ad36855ebf8efe,7e09efed7e12c659b82740b67ce2f9a1,1,2026-09-13T17:00:00Z,Houston Texans,Buffalo Bills,h2h,h2h,,,Buffalo Bills,,fanduel,-108,1.925925925925926,0.5,1.0575830536932131,2026-09-06T21:08:57Z,2.798485,conditional_non_push,0.4774774774774775,consensus_plus_empirical_residual_model,live_snapshot_not_T60,pinnacle,b954fc1d61fca3db796945b9,0.5058022272491061,0.5058022272491061,-102.34813978088515,-5.651860219114852,4,OK,-105,pinnacle,-108,False,False,,not_applicable,0.4774774774774775,-17.433962264150935,0.04145077720207254,0.45768566493955093,EMPIRICAL_RECONSTRUCTED_HISTORY,0897c49705a05c04d65f1c02a830bc8446166ee6750153b629f2f4c40766b03b,4a14b3fdf51d13786a2e905526f21d4fe7601226e01da29583be8ff3210a7041,work/market-distribution-v1/artifacts/4a14b3fdf51d13786a2e905526f21d4fe7601226e01da29583be8ff3210a7041.json,-1.0,44.5,False,False,none,False,,,eec35edb10ded38f
43a92c8736b0a39488268d48,2026-09-06T21:08:59.798485+00:00,eec35edb10ded38f0500e83e9aaf8252f63479442c90d3b0d1ad36855ebf8efe,7e09efed7e12c659b82740b67ce2f9a1,1,2026-09-13T17:00:00Z,Houston Texans,Buffalo Bills,h2h,h2h,,,Buffalo Bills,,pinnacle,-105,1.9523809523809523,0.49761123235177557,1.0431754753692033,2026-09-06T21:08:57Z,2.798485,conditional_non_push,0.4774774774774775,consensus_plus_empirical_residual_model,live_snapshot_not_T60,pinnacle,b954fc1d61fca3db796945b9,0.5058022272491061,0.5058022272491061,-102.34813978088515,-2.6518602191148517,4,OK,-105,pinnacle,-108,False,False,,not_applicable,0.4774774774774775,-14.433962264150935,0.04145077720207254,0.45768566493955093,EMPIRICAL_RECONSTRUCTED_HISTORY,0897c49705a05c04d65f1c02a830bc8446166ee6750153b629f2f4c40766b03b,4a14b3fdf51d13786a2e905526f21d4fe7601226e01da29583be8ff3210a7041,work/market-distribution-v1/artifacts/4a14b3fdf51d13786a2e905526f21d4fe7601226e01da29583be8ff3210a7041.json,-1.0,44.5,False,False,none,False,,,eec35edb10ded38f
2ff0790ed6e506548d966bfe,2026-09-06T21:08:59.798485+00:00,eec35edb10ded38f0500e83e9aaf8252f63479442c90d3b0d1ad36855ebf8efe,7e09efed7e12c659b82740b67ce2f9a1,1,2026-09-13T17:00:00Z,Houston Texans,Buffalo Bills,h2h,h2h,,,Houston Texans,,betmgm,-105,1.9523809523809523,0.488395545501788,1.071115843039896,2026-09-06T21:08:57Z,2.798485,conditional_non_push,0.5225225225225226,consensus_plus_empirical_residual_model,live_snapshot_not_T60,pinnacle,b954fc1d61fca3db796945b9,0.494197772750894,0.494197772750894,102.34813978088513,-7.348139780885134,4,OK,-102,draftkings,-102,False,False,,not_applicable,0.5225225225225226,4.433962264150992,0.04145077720207254,0.5008635578583766,EMPIRICAL_RECONSTRUCTED_HISTORY,0897c49705a05c04d65f1c02a830bc8446166ee6750153b629f2f4c40766b03b,4a14b3fdf51d13786a2e905526f21d4fe7601226e01da29583be8ff3210a7041,work/market-distribution-v1/artifacts/4a14b3fdf51d13786a2e905526f21d4fe7601226e01da29583be8ff3210a7041.json,-1.0,44.5,False,False,none,False,,,eec35edb10ded38f
6e446574676d5ae35f842f23,2026-09-06T21:08:59.798485+00:00,eec35edb10ded38f0500e83e9aaf8252f63479442c90d3b0d1ad36855ebf8efe,7e09efed7e12c659b82740b67ce2f9a1,1,2026-09-13T17:00:00Z,Houston Texans,Buffalo Bills,h2h,h2h,,,Houston Texans,,draftkings,-102,1.9803921568627452,0.4814245062798449,1.0698248525605822,2026-09-06T21:07:49Z,70.798485,conditional_non_push,0.5225225225225226,consensus_plus_empirical_residual_model,live_snapshot_not_T60,pinnacle,b954fc1d61fca3db796945b9,0.494197772750894,0.494197772750894,102.34813978088513,-4.348139780885134,4,OK,-102,draftkings,-102,False,False,,not_applicable,0.5225225225225226,7.433962264150992,0.04145077720207254,0.5008635578583766,EMPIRICAL_RECONSTRUCTED_HISTORY,0897c49705a05c04d65f1c02a830bc8446166ee6750153b629f2f4c40766b03b,4a14b3fdf51d13786a2e905526f21d4fe7601226e01da29583be8ff3210a7041,work/market-distribution-v1/artifacts/4a14b3fdf51d13786a2e905526f21d4fe7601226e01da29583be8ff3210a7041.json,-1.0,44.5,False,False,none,False,,,eec35edb10ded38f
140b6d0223cb1bac71355634,2026-09-06T21:08:59.798485+00:00,eec35edb10ded38f0500e83e9aaf8252f63479442c90d3b0d1ad36855ebf8efe,7e09efed7e12c659b82740b67ce2f9a1,1,2026-09-13T17:00:00Z,Houston Texans,Buffalo Bills,h2h,h2h,,,Houston Texans,,fanduel,-108,1.925925925925926,0.5,1.0575830536932131,2026-09-06T21:08:57Z,2.798485,conditional_non_push,0.5225225225225226,consensus_plus_empirical_residual_model,live_snapshot_not_T60,pinnacle,b954fc1d61fca3db796945b9,0.494197772750894,0.494197772750894,102.34813978088513,-10.348139780885134,4,OK,-102,draftkings,-102,False,False,,not_applicable,0.5225225225225226,1.433962264150992,0.04145077720207254,0.5008635578583766,EMPIRICAL_RECONSTRUCTED_HISTORY,0897c49705a05c04d65f1c02a830bc8446166ee6750153b629f2f4c40766b03b,4a14b3fdf51d13786a2e905526f21d4fe7601226e01da29583be8ff3210a7041,work/market-distribution-v1/artifacts/4a14b3fdf51d13786a2e905526f21d4fe7601226e01da29583be8ff3210a7041.json,-1.0,44.5,False,False,none,False,,,eec35edb10ded38f
2adceb1c4ea569328e8d5a70,2026-09-06T21:08:59.798485+00:00,eec35edb10ded38f0500e83e9aaf8252f63479442c90d3b0d1ad36855ebf8efe,7e09efed7e12c659b82740b67ce2f9a1,1,2026-09-13T17:00:00Z,Houston Texans,Buffalo Bills,h2h,h2h,,,Houston Texans,,pinnacle,-107,1.9345794392523366,0.5023887676482245,1.0431754753692033,2026-09-06T21:08:57Z,2.798485,conditional_non_push,0.5225225225225226,consensus_plus_empirical_residual_model,live_snapshot_not_T60,pinnacle,b954fc1d61fca3db796945b9,0.494197772750894,0.494197772750894,102.34813978088513,-9.348139780885134,4,OK,-102,draftkings,-102,False,False,,not_applicable,0.5225225225225226,2.433962264150992,0.04145077720207254,0.5008635578583766,EMPIRICAL_RECONSTRUCTED_HISTORY,0897c49705a05c04d65f1c02a830bc8446166ee6750153b629f2f4c40766b03b,4a14b3fdf51d13786a2e905526f21d4fe7601226e01da29583be8ff3210a7041,work/market-distribution-v1/artifacts/4a14b3fdf51d13786a2e905526f21d4fe7601226e01da29583be8ff3210a7041.json,-1.0,44.5,False,False,none,False,,,eec35edb10ded38f
38b544c1c14f01f2dafbc4ff,2026-09-06T21:08:59.798485+00:00,eec35edb10ded38f0500e83e9aaf8252f63479442c90d3b0d1ad36855ebf8efe,7e09efed7e12c659b82740b67ce2f9a1,1,2026-09-13T17:00:00Z,Houston Texans,Buffalo Bills,player_pass_tds,player_pass_tds,C.J. Stroud,1.5,Over,1.5,draftkings,119,2.19,0.4245226018014252,1.0929816863419624,2026-09-06T21:08:19Z,40.798485,conditional_non_push,,market_consensus_no_model,live_snapshot_not_T60,pinnacle,a69dab7ae8df457d93fd9881,0.4203472908009466,0.4203472908009466,137.89852388356297,-18.898523883562973,3,OK,120,pinnacle,119,False,False,1.5,closest_offered_consensus_to_50pct_no_interpolation,,,,,UNSUPPORTED_PLAYER_PROP,0897c49705a05c04d65f1c02a830bc8446166ee6750153b629f2f4c40766b03b,4a14b3fdf51d13786a2e905526f21d4fe7601226e01da29583be8ff3210a7041,work/market-distribution-v1/artifacts/4a14b3fdf51d13786a2e905526f21d4fe7601226e01da29583be8ff3210a7041.json,,,False,False,none,False,,,eec35edb10ded38f
1ce13db44682166be96cdb31,2026-09-06T21:08:59.798485+00:00,eec35edb10ded38f0500e83e9aaf8252f63479442c90d3b0d1ad36855ebf8efe,7e09efed7e12c659b82740b67ce2f9a1,1,2026-09-13T17:00:00Z,Houston Texans,Buffalo Bills,player_pass_tds,player_pass_tds,C.J. Stroud,1.5,Over,1.5,fanduel,118,2.1799999999999997,0.42034729080094674,1.1120831020846849,2026-09-06T21:08:49Z,10.798485,conditional_non_push,,market_consensus_no_model,live_snapshot_not_T60,pinnacle,a69dab7ae8df457d93fd9881,0.4203472908009466,0.4203472908009466,137.89852388356297,-19.898523883562973,3,OK,120,pinnacle,119,False,False,1.5,closest_offered_consensus_to_50pct_no_interpolation,,,,,UNSUPPORTED_PLAYER_PROP,0897c49705a05c04d65f1c02a830bc8446166ee6750153b629f2f4c40766b03b,4a14b3fdf51d13786a2e905526f21d4fe7601226e01da29583be8ff3210a7041,work/market-distribution-v1/artifacts/4a14b3fdf51d13786a2e905526f21d4fe7601226e01da29583be8ff3210a7041.json,,,False,False,none,False,,,eec35edb10ded38f
ac230f7392373bc5eb74aa61,2026-09-06T21:08:59.798485+00:00,eec35edb10ded38f0500e83e9aaf8252f63479442c90d3b0d1ad36855ebf8efe,7e09efed7e12c659b82740b67ce2f9a1,1,2026-09-13T17:00:00Z,Houston Texans,Buffalo Bills,player_pass_tds,player_pass_tds,C.J. Stroud,1.5,Over,1.5,pinnacle,120,2.2,0.41669493857595097,1.1102704230816762,2026-09-06T21:08:57Z,2.798485,conditional_non_push,,market_consensus_no_model,live_snapshot_not_T60,pinnacle,a69dab7ae8df457d93fd9881,0.4203472908009466,0.4203472908009466,137.89852388356297,-17.898523883562973,3,OK,120,pinnacle,119,False,False,1.5,closest_offered_consensus_to_50pct_no_interpolation,,,,,UNSUPPORTED_PLAYER_PROP,0897c49705a05c04d65f1c02a830bc8446166ee6750153b629f2f4c40766b03b,4a14b3fdf51d13786a2e905526f21d4fe7601226e01da29583be8ff3210a7041,work/market-distribution-v1/artifacts/4a14b3fdf51d13786a2e905526f21d4fe7601226e01da29583be8ff3210a7041.json,,,False,False,none,False,,,eec35edb10ded38f
bdd53121cb237c65b6433432,2026-09-06T21:08:59.798485+00:00,eec35edb10ded38f0500e83e9aaf8252f63479442c90d3b0d1ad36855ebf8efe,7e09efed7e12c659b82740b67ce2f9a1,1,2026-09-13T17:00:00Z,Houston Texans,Buffalo Bills,player_pass_tds,player_pass_tds,C.J. Stroud,1.5,Under,1.5,draftkings,-152,1.6578947368421053,0.5754773981985751,1.0929816863419624,2026-09-06T21:08:19Z,40.798485,conditional_non_push,,market_consensus_no_model,live_snapshot_not_T60,pinnacle,a69dab7ae8df457d93fd9881,0.5796527091990533,0.5796527091990533,-137.89852388356294,-14.101476116437055,3,OK,-152,draftkings,-152,False,False,1.5,closest_offered_consensus_to_50pct_no_interpolation,,,,,UNSUPPORTED_PLAYER_PROP,0897c49705a05c04d65f1c02a830bc8446166ee6750153b629f2f4c40766b03b,4a14b3fdf51d13786a2e905526f21d4fe7601226e01da29583be8ff3210a7041,work/market-distribution-v1/artifacts/4a14b3fdf51d13786a2e905526f21d4fe7601226e01da29583be8ff3210a7041.json,,,False,False,none,False,,,eec35edb10ded38f
1dc4ea7f058747112514eeb6,2026-09-06T21:08:59.798485+00:00,eec35edb10ded38f0500e83e9aaf8252f63479442c90d3b0d1ad36855ebf8efe,7e09efed7e12c659b82740b67ce2f9a1,1,2026-09-13T17:00:00Z,Houston Texans,Buffalo Bills,player_pass_tds,player_pass_tds,C.J. Stroud,1.5,Under,1.5,fanduel,-158,1.6329113924050633,0.5796527091990534,1.1120831020846849,2026-09-06T21:08:49Z,10.798485,conditional_non_push,,market_consensus_no_model,live_snapshot_not_T60,pinnacle,a69dab7ae8df457d93fd9881,0.5796527091990533,0.5796527091990533,-137.89852388356294,-20.101476116437055,3,OK,-152,draftkings,-152,False,False,1.5,closest_offered_consensus_to_50pct_no_interpolation,,,,,UNSUPPORTED_PLAYER_PROP,0897c49705a05c04d65f1c02a830bc8446166ee6750153b629f2f4c40766b03b,4a14b3fdf51d13786a2e905526f21d4fe7601226e01da29583be8ff3210a7041,work/market-distribution-v1/artifacts/4a14b3fdf51d13786a2e905526f21d4fe7601226e01da29583be8ff3210a7041.json,,,False,False,none,False,,,eec35edb10ded38f
10a96f6ae6c928db5ab75b47,2026-09-06T21:08:59.798485+00:00,eec35edb10ded38f0500e83e9aaf8252f63479442c90d3b0d1ad36855ebf8efe,7e09efed7e12c659b82740b67ce2f9a1,1,2026-09-13T17:00:00Z,Houston Texans,Buffalo Bills,player_pass_tds,player_pass_tds,C.J. Stroud,1.5,Under,1.5,pinnacle,-160,1.625,0.583305061424049,1.1102704230816762,2026-09-06T21:08:57Z,2.798485,conditional_non_push,,market_consensus_no_model,live_snapshot_not_T60,pinnacle,a69dab7ae8df457d93fd9881,0.5796527091990533,0.5796527091990533,-137.89852388356294,-22.101476116437055,3,OK,-152,draftkings,-152,False,False,1.5,closest_offered_consensus_to_50pct_no_interpolation,,,,,UNSUPPORTED_PLAYER_PROP,0897c49705a05c04d65f1c02a830bc8446166ee6750153b629f2f4c40766b03b,4a14b3fdf51d13786a2e905526f21d4fe7601226e01da29583be8ff3210a7041,work/market-distribution-v1/artifacts/4a14b3fdf51d13786a2e905526f21d4fe7601226e01da29583be8ff3210a7041.json,,,False,False,none,False,,,eec35edb10ded38f
25a3bdf002b9410c45a235b7,2026-09-06T21:08:59.798485+00:00,eec35edb10ded38f0500e83e9aaf8252f63479442c90d3b0d1ad36855ebf8efe,7e09efed7e12c659b82740b67ce2f9a1,1,2026-09-13T17:00:00Z,Houston Texans,Buffalo Bills,player_pass_tds,player_pass_tds,Josh Allen,1.5,Over,1.5,draftkings,150,2.5,0.3667972125712882,1.0945719552267241,2026-09-06T21:08:19Z,40.798485,conditional_non_push,,market_consensus_no_model,live_snapshot_not_T60,pinnacle,099b8db7a6a389ff73aa1577,0.36416354957058145,0.36416354957058145,174.60189279767056,-24.60189279767056,3,OK,158,fanduel,158,False,False,1.5,closest_offered_consensus_to_50pct_no_interpolation,,,,,UNSUPPORTED_PLAYER_PROP,0897c49705a05c04d65f1c02a830bc8446166ee6750153b629f2f4c40766b03b,4a14b3fdf51d13786a2e905526f21d4fe7601226e01da29583be8ff3210a7041,work/market-distribution-v1/artifacts/4a14b3fdf51d13786a2e905526f21d4fe7601226e01da29583be8ff3210a7041.json,,,False,False,none,False,,,eec35edb10ded38f
2d9e6d456808c03bd45887ab,2026-09-06T21:08:59.798485+00:00,eec35edb10ded38f0500e83e9aaf8252f63479442c90d3b0d1ad36855ebf8efe,7e09efed7e12c659b82740b67ce2f9a1,1,2026-09-13T17:00:00Z,Houston Texans,Buffalo Bills,player_pass_tds,player_pass_tds,Josh Allen,1.5,Over,1.5,fanduel,158,2.58,0.347126998954303,1.116349872620976,2026-09-06T21:08:49Z,10.798485,conditional_non_push,,market_consensus_no_model,live_snapshot_not_T60,pinnacle,099b8db7a6a389ff73aa1577,0.36416354957058145,0.36416354957058145,174.60189279767056,-16.60189279767056,3,OK,158,fanduel,158,False,False,1.5,closest_offered_consensus_to_50pct_no_interpolation,,,,,UNSUPPORTED_PLAYER_PROP,0897c49705a05c04d65f1c02a830bc8446166ee6750153b629f2f4c40766b03b,4a14b3fdf51d13786a2e905526f21d4fe7601226e01da29583be8ff3210a7041,work/market-distribution-v1/artifacts/4a14b3fdf51d13786a2e905526f21d4fe7601226e01da29583be8ff3210a7041.json,,,False,False,none,False,,,eec35edb10ded38f
5dbc75bfb6bc7239c42efa75,2026-09-06T21:08:59.798485+00:00,eec35edb10ded38f0500e83e9aaf8252f63479442c90d3b0d1ad36855ebf8efe,7e09efed7e12c659b82740b67ce2f9a1,1,2026-09-13T17:00:00Z,Houston Texans,Buffalo Bills,player_pass_tds,player_pass_tds,Josh Allen,1.5,Over,1.5,pinnacle,148,2.48,0.3641635495705815,1.1121857195069906,2026-09-06T21:08:57Z,2.798485,conditional_non_push,,market_consensus_no_model,live_snapshot_not_T60,pinnacle,099b8db7a6a389ff73aa1577,0.36416354957058145,0.36416354957058145,174.60189279767056,-26.60189279767056,3,OK,158,fanduel,158,False,False,1.5,closest_offered_consensus_to_50pct_no_interpolation,,,,,UNSUPPORTED_PLAYER_PROP,0897c49705a05c04d65f1c02a830bc8446166ee6750153b629f2f4c40766b03b,4a14b3fdf51d13786a2e905526f21d4fe7601226e01da29583be8ff3210a7041,work/market-distribution-v1/artifacts/4a14b3fdf51d13786a2e905526f21d4fe7601226e01da29583be8ff3210a7041.json,,,False,False,none,False,,,eec35edb10ded38f
5515b3183545a632a849b530,2026-09-06T21:08:59.798485+00:00,eec35edb10ded38f0500e83e9aaf8252f63479442c90d3b0d1ad36855ebf8efe,7e09efed7e12c659b82740b67ce2f9a1,1,2026-09-13T17:00:00Z,Houston Texans,Buffalo Bills,player_pass_tds,player_pass_tds,Josh Allen,1.5,Under,1.5,draftkings,-193,1.5181347150259068,0.633202787428712,1.0945719552267241,2026-09-06T21:08:19Z,40.798485,conditional_non_push,,market_consensus_no_model,live_snapshot_not_T60,pinnacle,099b8db7a6a389ff73aa1577,0.6358364504294186,0.6358364504294186,-174.60189279767062,-18.398107202329385,3,OK,-193,draftkings,-193,False,False,1.5,closest_offered_consensus_to_50pct_no_interpolation,,,,,UNSUPPORTED_PLAYER_PROP,0897c49705a05c04d65f1c02a830bc8446166ee6750153b629f2f4c40766b03b,4a14b3fdf51d13786a2e905526f21d4fe7601226e01da29583be8ff3210a7041,work/market-distribution-v1/artifacts/4a14b3fdf51d13786a2e905526f21d4fe7601226e01da29583be8ff3210a7041.json,,,False,False,none,False,,,eec35edb10ded38f
250f2f40cb55d2a0cbd0f9a5,2026-09-06T21:08:59.798485+00:00,eec35edb10ded38f0500e83e9aaf8252f63479442c90d3b0d1ad36855ebf8efe,7e09efed7e12c659b82740b67ce2f9a1,1,2026-09-13T17:00:00Z,Houston Texans,Buffalo Bills,player_pass_tds,player_pass_tds,Josh Allen,1.5,Under,1.5,fanduel,-215,1.4651162790697674,0.6528730010456971,1.116349872620976,2026-09-06T21:08:49Z,10.798485,conditional_non_push,,market_consensus_no_model,live_snapshot_not_T60,pinnacle,099b8db7a6a389ff73aa1577,0.6358364504294186,0.6358364504294186,-174.60189279767062,-40.398107202329385,3,OK,-193,draftkings,-193,False,False,1.5,closest_offered_consensus_to_50pct_no_interpolation,,,,,UNSUPPORTED_PLAYER_PROP,0897c49705a05c04d65f1c02a830bc8446166ee6750153b629f2f4c40766b03b,4a14b3fdf51d13786a2e905526f21d4fe7601226e01da29583be8ff3210a7041,work/market-distribution-v1/artifacts/4a14b3fdf51d13786a2e905526f21d4fe7601226e01da29583be8ff3210a7041.json,,,False,False,none,False,,,eec35edb10ded38f
5d8e395630d8cd819c3e2147,2026-09-06T21:08:59.798485+00:00,eec35edb10ded38f0500e83e9aaf8252f63479442c90d3b0d1ad36855ebf8efe,7e09efed7e12c659b82740b67ce2f9a1,1,2026-09-13T17:00:00Z,Houston Texans,Buffalo Bills,player_pass_tds,player_pass_tds,Josh Allen,1.5,Under,1.5,pinnacle,-199,1.5025125628140703,0.6358364504294187,1.1121857195069906,2026-09-06T21:08:57Z,2.798485,conditional_non_push,,market_consensus_no_model,live_snapshot_not_T60,pinnacle,099b8db7a6a389ff73aa1577,0.6358364504294186,0.6358364504294186,-174.60189279767062,-24.398107202329385,3,OK,-193,draftkings,-193,False,False,1.5,closest_offered_consensus_to_50pct_no_interpolation,,,,,UNSUPPORTED_PLAYER_PROP,0897c49705a05c04d65f1c02a830bc8446166ee6750153b629f2f4c40766b03b,4a14b3fdf51d13786a2e905526f21d4fe7601226e01da29583be8ff3210a7041,work/market-distribution-v1/artifacts/4a14b3fdf51d13786a2e905526f21d4fe7601226e01da29583be8ff3210a7041.json,,,False,False,none,False,,,eec35edb10ded38f
0e66df9d8294b5079407ef1f,2026-09-06T21:08:59.798485+00:00,eec35edb10ded38f0500e83e9aaf8252f63479442c90d3b0d1ad36855ebf8efe,7e09efed7e12c659b82740b67ce2f9a1,1,2026-09-13T17:00:00Z,Houston Texans,Buffalo Bills,player_pass_yds,player_pass_yds,C.J. Stroud,218.5,Over,218.5,draftkings,-113,1.8849557522123894,0.5022875270528703,1.0862562521695405,2026-09-06T21:08:19Z,40.798485,conditional_non_push,,market_consensus_no_model,live_snapshot_not_T60,pinnacle,42cef765c74dc66a663ed682,0.5011437635264351,0.5011437635264351,-100.45855436609169,-12.54144563390831,2,OK,-113,draftkings,-113,False,False,219.5,closest_offered_consensus_to_50pct_no_interpolation,,,,,UNSUPPORTED_PLAYER_PROP,0897c49705a05c04d65f1c02a830bc8446166ee6750153b629f2f4c40766b03b,4a14b3fdf51d13786a2e905526f21d4fe7601226e01da29583be8ff3210a7041,work/market-distribution-v1/artifacts/4a14b3fdf51d13786a2e905526f21d4fe7601226e01da29583be8ff3210a7041.json,,,False,False,none,False,,,eec35edb10ded38f
9b57d7b3de76f5bc11a47753,2026-09-06T21:08:59.798485+00:00,eec35edb10ded38f0500e83e9aaf8252f63479442c90d3b0d1ad36855ebf8efe,7e09efed7e12c659b82740b67ce2f9a1,1,2026-09-13T17:00:00Z,Houston Texans,Buffalo Bills,player_pass_yds,player_pass_yds,C.J. Stroud,218.5,Over,218.5,fanduel,-114,1.8771929824561404,0.5000000000000001,1.1006222153512897,2026-09-06T21:08:49Z,10.798485,conditional_non_push,,market_consensus_no_model,live_snapshot_not_T60,pinnacle,42cef765c74dc66a663ed682,0.5011437635264351,0.5011437635264351,-100.45855436609169,-13.54144563390831,2,OK,-113,draftkings,-113,False,False,219.5,closest_offered_consensus_to_50pct_no_interpolation,,,,,UNSUPPORTED_PLAYER_PROP,0897c49705a05c04d65f1c02a830bc8446166ee6750153b629f2f4c40766b03b,4a14b3fdf51d13786a2e905526f21d4fe7601226e01da29583be8ff3210a7041,work/market-distribution-v1/artifacts/4a14b3fdf51d13786a2e905526f21d4fe7601226e01da29583be8ff3210a7041.json,,,False,False,none,False,,,eec35edb10ded38f
6092eeb76335b1bc171a611a,2026-09-06T21:08:59.798485+00:00,eec35edb10ded38f0500e83e9aaf8252f63479442c90d3b0d1ad36855ebf8efe,7e09efed7e12c659b82740b67ce2f9a1,1,2026-09-13T17:00:00Z,Houston Texans,Buffalo Bills,player_pass_yds,player_pass_yds,C.J. Stroud,218.5,Under,218.5,draftkings,-111,1.900900900900901,0.4977124729471299,1.0862562521695405,2026-09-06T21:08:19Z,40.798485,conditional_non_push,,market_consensus_no_model,live_snapshot_not_T60,pinnacle,42cef765c74dc66a663ed682,0.4988562364735649,0.4988562364735649,100.45855436609169,-11.45855436609169,2,OK,-111,draftkings,-111,False,False,219.5,closest_offered_consensus_to_50pct_no_interpolation,,,,,UNSUPPORTED_PLAYER_PROP,0897c49705a05c04d65f1c02a830bc8446166ee6750153b629f2f4c40766b03b,4a14b3fdf51d13786a2e905526f21d4fe7601226e01da29583be8ff3210a7041,work/market-distribution-v1/artifacts/4a14b3fdf51d13786a2e905526f21d4fe7601226e01da29583be8ff3210a7041.json,,,False,False,none,False,,,eec35edb10ded38f
3f798adaf441a848c51c3239,2026-09-06T21:08:59.798485+00:00,eec35edb10ded38f0500e83e9aaf8252f63479442c90d3b0d1ad36855ebf8efe,7e09efed7e12c659b82740b67ce2f9a1,1,2026-09-13T17:00:00Z,Houston Texans,Buffalo Bills,player_pass_yds,player_pass_yds,C.J. Stroud,218.5,Under,218.5,fanduel,-114,1.8771929824561404,0.5000000000000001,1.1006222153512897,2026-09-06T21:08:49Z,10.798485,conditional_non_push,,market_consensus_no_model,live_snapshot_not_T60,pinnacle,42cef765c74dc66a663ed682,0.4988562364735649,0.4988562364735649,100.45855436609169,-14.45855436609169,2,OK,-111,draftkings,-111,False,False,219.5,closest_offered_consensus_to_50pct_no_interpolation,,,,,UNSUPPORTED_PLAYER_PROP,0897c49705a05c04d65f1c02a830bc8446166ee6750153b629f2f4c40766b03b,4a14b3fdf51d13786a2e905526f21d4fe7601226e01da29583be8ff3210a7041,work/market-distribution-v1/artifacts/4a14b3fdf51d13786a2e905526f21d4fe7601226e01da29583be8ff3210a7041.json,,,False,False,none,False,,,eec35edb10ded38f
aef4055f95082405702b670f,2026-09-06T21:08:59.798485+00:00,eec35edb10ded38f0500e83e9aaf8252f63479442c90d3b0d1ad36855ebf8efe,7e09efed7e12c659b82740b67ce2f9a1,1,2026-09-13T17:00:00Z,Houston Texans,Buffalo Bills,player_pass_yds,player_pass_yds,C.J. Stroud,219.5,Over,219.5,pinnacle,-114,1.8771929824561404,0.5000000000000001,1.1006222153512897,2026-09-06T21:08:57Z,2.798485,conditional_non_push,,market_consensus_no_model,live_snapshot_not_T60,pinnacle,5487f6749bd62b862b896916,0.5,0.5,-100.0,-14.0,1,FEWER_THAN_TWO_BOOKS,-114,pinnacle,,False,False,219.5,closest_offered_consensus_to_50pct_no_interpolation,,,,,UNSUPPORTED_PLAYER_PROP,0897c49705a05c04d65f1c02a830bc8446166ee6750153b629f2f4c40766b03b,4a14b3fdf51d13786a2e905526f21d4fe7601226e01da29583be8ff3210a7041,work/market-distribution-v1/artifacts/4a14b3fdf51d13786a2e905526f21d4fe7601226e01da29583be8ff3210a7041.json,,,False,False,none,False,,,eec35edb10ded38f
090ed129ee05331794b11afc,2026-09-06T21:08:59.798485+00:00,eec35edb10ded38f0500e83e9aaf8252f63479442c90d3b0d1ad36855ebf8efe,7e09efed7e12c659b82740b67ce2f9a1,1,2026-09-13T17:00:00Z,Houston Texans,Buffalo Bills,player_pass_yds,player_pass_yds,C.J. Stroud,219.5,Under,219.5,pinnacle,-114,1.8771929824561404,0.5000000000000001,1.1006222153512897,2026-09-06T21:08:57Z,2.798485,conditional_non_push,,market_consensus_no_model,live_snapshot_not_T60,pinnacle,5487f6749bd62b862b896916,0.5,0.5,-100.0,-14.0,1,FEWER_THAN_TWO_BOOKS,-114,pinnacle,,False,False,219.5,closest_offered_consensus_to_50pct_no_interpolation,,,,,UNSUPPORTED_PLAYER_PROP,0897c49705a05c04d65f1c02a830bc8446166ee6750153b629f2f4c40766b03b,4a14b3fdf51d13786a2e905526f21d4fe7601226e01da29583be8ff3210a7041,work/market-distribution-v1/artifacts/4a14b3fdf51d13786a2e905526f21d4fe7601226e01da29583be8ff3210a7041.json,,,False,False,none,False,,,eec35edb10ded38f
48333e3e4a7771e08a024e78,2026-09-06T21:08:59.798485+00:00,eec35edb10ded38f0500e83e9aaf8252f63479442c90d3b0d1ad36855ebf8efe,7e09efed7e12c659b82740b67ce2f9a1,1,2026-09-13T17:00:00Z,Houston Texans,Buffalo Bills,player_pass_yds,player_pass_yds,Josh Allen,220.5,Over,220.5,fanduel,-114,1.8771929824561404,0.5000000000000001,1.1006222153512897,2026-09-06T21:08:49Z,10.798485,conditional_non_push,,market_consensus_no_model,live_snapshot_not_T60,pinnacle,c43cd9ee5b121decdf6aac58,0.5,0.5,-100.0,-14.0,2,OK,-114,fanduel|pinnacle,-114,False,False,220.5,closest_offered_consensus_to_50pct_no_interpolation,,,,,UNSUPPORTED_PLAYER_PROP,0897c49705a05c04d65f1c02a830bc8446166ee6750153b629f2f4c40766b03b,4a14b3fdf51d13786a2e905526f21d4fe7601226e01da29583be8ff3210a7041,work/market-distribution-v1/artifacts/4a14b3fdf51d13786a2e905526f21d4fe7601226e01da29583be8ff3210a7041.json,,,False,False,none,False,,,eec35edb10ded38f
5479d1bb5b52e65f2e7749e9,2026-09-06T21:08:59.798485+00:00,eec35edb10ded38f0500e83e9aaf8252f63479442c90d3b0d1ad36855ebf8efe,7e09efed7e12c659b82740b67ce2f9a1,1,2026-09-13T17:00:00Z,Houston Texans,Buffalo Bills,player_pass_yds,player_pass_yds,Josh Allen,220.5,Over,220.5,pinnacle,-114,1.8771929824561404,0.5000000000000001,1.1006222153512897,2026-09-06T21:08:57Z,2.798485,conditional_non_push,,market_consensus_no_model,live_snapshot_not_T60,pinnacle,c43cd9ee5b121decdf6aac58,0.5,0.5,-100.0,-14.0,2,OK,-114,fanduel|pinnacle,-114,False,False,220.5,closest_offered_consensus_to_50pct_no_interpolation,,,,,UNSUPPORTED_PLAYER_PROP,0897c49705a05c04d65f1c02a830bc8446166ee6750153b629f2f4c40766b03b,4a14b3fdf51d13786a2e905526f21d4fe7601226e01da29583be8ff3210a7041,work/market-distribution-v1/artifacts/4a14b3fdf51d13786a2e905526f21d4fe7601226e01da29583be8ff3210a7041.json,,,False,False,none,False,,,eec35edb10ded38f
320f08cb0d890d5e1058ae6d,2026-09-06T21:08:59.798485+00:00,eec35edb10ded38f0500e83e9aaf8252f63479442c90d3b0d1ad36855ebf8efe,7e09efed7e12c659b82740b67ce2f9a1,1,2026-09-13T17:00:00Z,Houston Texans,Buffalo Bills,player_pass_yds,player_pass_yds,Josh Allen,220.5,Under,220.5,fanduel,-114,1.8771929824561404,0.5000000000000001,1.1006222153512897,2026-09-06T21:08:49Z,10.798485,conditional_non_push,,market_consensus_no_model,live_snapshot_not_T60,pinnacle,c43cd9ee5b121decdf6aac58,0.5,0.5,-100.0,-14.0,2,OK,-114,fanduel|pinnacle,-114,False,False,220.5,closest_offered_consensus_to_50pct_no_interpolation,,,,,UNSUPPORTED_PLAYER_PROP,0897c49705a05c04d65f1c02a830bc8446166ee6750153b629f2f4c40766b03b,4a14b3fdf51d13786a2e905526f21d4fe7601226e01da29583be8ff3210a7041,work/market-distribution-v1/artifacts/4a14b3fdf51d13786a2e905526f21d4fe7601226e01da29583be8ff3210a7041.json,,,False,False,none,False,,,eec35edb10ded38f
3a6d33d60891069f416908c5,2026-09-06T21:08:59.798485+00:00,eec35edb10ded38f0500e83e9aaf8252f63479442c90d3b0d1ad36855ebf8efe,7e09efed7e12c659b82740b67ce2f9a1,1,2026-09-13T17:00:00Z,Houston Texans,Buffalo Bills,player_pass_yds,player_pass_yds,Josh Allen,220.5,Under,220.5,pinnacle,-114,1.8771929824561404,0.5000000000000001,1.1006222153512897,2026-09-06T21:08:57Z,2.798485,conditional_non_push,,market_consensus_no_model,live_snapshot_not_T60,pinnacle,c43cd9ee5b121decdf6aac58,0.5,0.5,-100.0,-14.0,2,OK,-114,fanduel|pinnacle,-114,False,False,220.5,closest_offered_consensus_to_50pct_no_interpolation,,,,,UNSUPPORTED_PLAYER_PROP,0897c49705a05c04d65f1c02a830bc8446166ee6750153b629f2f4c40766b03b,4a14b3fdf51d13786a2e905526f21d4fe7601226e01da29583be8ff3210a7041,work/market-distribution-v1/artifacts/4a14b3fdf51d13786a2e905526f21d4fe7601226e01da29583be8ff3210a7041.json,,,False,False,none,False,,,eec35edb10ded38f
43777c597037b28fe5143aca,2026-09-06T21:08:59.798485+00:00,eec35edb10ded38f0500e83e9aaf8252f63479442c90d3b0d1ad36855ebf8efe,7e09efed7e12c659b82740b67ce2f9a1,1,2026-09-13T17:00:00Z,Houston Texans,Buffalo Bills,player_pass_yds,player_pass_yds,Josh Allen,223.5,Over,223.5,draftkings,-111,1.900900900900901,0.4977124729471299,1.0862562521695405,2026-09-06T21:08:19Z,40.798485,conditional_non_push,,market_consensus_no_model,live_snapshot_not_T60,pinnacle,1d846ddad9e3ec6acd30ef6c,0.4977124729471298,0.4977124729471298,100.9192162853886,-11.9192162853886,1,FEWER_THAN_TWO_BOOKS,-111,draftkings,-111,False,False,220.5,closest_offered_consensus_to_50pct_no_interpolation,,,,,UNSUPPORTED_PLAYER_PROP,0897c49705a05c04d65f1c02a830bc8446166ee6750153b629f2f4c40766b03b,4a14b3fdf51d13786a2e905526f21d4fe7601226e01da29583be8ff3210a7041,work/market-distribution-v1/artifacts/4a14b3fdf51d13786a2e905526f21d4fe7601226e01da29583be8ff3210a7041.json,,,False,False,none,False,,,eec35edb10ded38f
37eeb255dfe897cbb7d064c1,2026-09-06T21:08:59.798485+00:00,eec35edb10ded38f0500e83e9aaf8252f63479442c90d3b0d1ad36855ebf8efe,7e09efed7e12c659b82740b67ce2f9a1,1,2026-09-13T17:00:00Z,Houston Texans,Buffalo Bills,player_pass_yds,player_pass_yds,Josh Allen,223.5,Under,223.5,draftkings,-113,1.8849557522123894,0.5022875270528703,1.0862562521695405,2026-09-06T21:08:19Z,40.798485,conditional_non_push,,market_consensus_no_model,live_snapshot_not_T60,pinnacle,1d846ddad9e3ec6acd30ef6c,0.5022875270528702,0.5022875270528702,-100.91921628538859,-12.080783714611414,1,FEWER_THAN_TWO_BOOKS,-113,draftkings,-113,False,False,220.5,closest_offered_consensus_to_50pct_no_interpolation,,,,,UNSUPPORTED_PLAYER_PROP,0897c49705a05c04d65f1c02a830bc8446166ee6750153b629f2f4c40766b03b,4a14b3fdf51d13786a2e905526f21d4fe7601226e01da29583be8ff3210a7041,work/market-distribution-v1/artifacts/4a14b3fdf51d13786a2e905526f21d4fe7601226e01da29583be8ff3210a7041.json,,,False,False,none,False,,,eec35edb10ded38f
5295eb9160f2db44d5b583f2,2026-09-06T21:08:59.798485+00:00,eec35edb10ded38f0500e83e9aaf8252f63479442c90d3b0d1ad36855ebf8efe,7e09efed7e12c659b82740b67ce2f9a1,1,2026-09-13T17:00:00Z,Houston Texans,Buffalo Bills,player_reception_yds,player_reception_yds,DJ Moore,45.5,Over,45.5,draftkings,-115,1.8695652173913042,0.50686319169657,1.0859960740703234,2026-09-06T21:08:19Z,40.798485,conditional_non_push,,market_consensus_no_model,live_snapshot_not_T60,pinnacle,8765743b4264e74f8e50212e,0.50686319169657,0.50686319169657,-102.78348384505384,-12.216516154946163,1,FEWER_THAN_TWO_BOOKS,-115,draftkings,-115,False,False,47.5,closest_offered_consensus_to_50pct_no_interpolation,,,,,UNSUPPORTED_PLAYER_PROP,0897c49705a05c04d65f1c02a830bc8446166ee6750153b629f2f4c40766b03b,4a14b3fdf51d13786a2e905526f21d4fe7601226e01da29583be8ff3210a7041,work/market-distribution-v1/artifacts/4a14b3fdf51d13786a2e905526f21d4fe7601226e01da29583be8ff3210a7041.json,,,False,False,none,False,,,eec35edb10ded38f
216cd44fa3b8ae814441fc40,2026-09-06T21:08:59.798485+00:00,eec35edb10ded38f0500e83e9aaf8252f63479442c90d3b0d1ad36855ebf8efe,7e09efed7e12c659b82740b67ce2f9a1,1,2026-09-13T17:00:00Z,Houston Texans,Buffalo Bills,player_reception_yds,player_reception_yds,DJ Moore,45.5,Under,45.5,draftkings,-109,1.9174311926605505,0.4931368083034301,1.0859960740703234,2026-09-06T21:08:19Z,40.798485,conditional_non_push,,market_consensus_no_model,live_snapshot_not_T60,pinnacle,8765743b4264e74f8e50212e,0.4931368083034301,0.4931368083034301,102.78348384505378,-11.78348384505378,1,FEWER_THAN_TWO_BOOKS,-109,draftkings,-109,False,False,47.5,closest_offered_consensus_to_50pct_no_interpolation,,,,,UNSUPPORTED_PLAYER_PROP,0897c49705a05c04d65f1c02a830bc8446166ee6750153b629f2f4c40766b03b,4a14b3fdf51d13786a2e905526f21d4fe7601226e01da29583be8ff3210a7041,work/market-distribution-v1/artifacts/4a14b3fdf51d13786a2e905526f21d4fe7601226e01da29583be8ff3210a7041.json,,,False,False,none,False,,,eec35edb10ded38f
04e33a6b9307d6c279c61e76,2026-09-06T21:08:59.798485+00:00,eec35edb10ded38f0500e83e9aaf8252f63479442c90d3b0d1ad36855ebf8efe,7e09efed7e12c659b82740b67ce2f9a1,1,2026-09-13T17:00:00Z,Houston Texans,Buffalo Bills,player_reception_yds,player_reception_yds,DJ Moore,47.5,Over,47.5,fanduel,-114,1.8771929824561404,0.5000000000000001,1.1006222153512897,2026-09-06T21:08:49Z,10.798485,conditional_non_push,,market_consensus_no_model,live_snapshot_not_T60,pinnacle,3628704299811a3085395829,0.5,0.5,-100.0,-14.0,2,OK,-114,fanduel|pinnacle,-114,False,False,47.5,closest_offered_consensus_to_50pct_no_interpolation,,,,,UNSUPPORTED_PLAYER_PROP,0897c49705a05c04d65f1c02a830bc8446166ee6750153b629f2f4c40766b03b,4a14b3fdf51d13786a2e905526f21d4fe7601226e01da29583be8ff3210a7041,work/market-distribution-v1/artifacts/4a14b3fdf51d13786a2e905526f21d4fe7601226e01da29583be8ff3210a7041.json,,,False,False,none,False,,,eec35edb10ded38f
287441879ef0cf2fafea81d5,2026-09-06T21:08:59.798485+00:00,eec35edb10ded38f0500e83e9aaf8252f63479442c90d3b0d1ad36855ebf8efe,7e09efed7e12c659b82740b67ce2f9a1,1,2026-09-13T17:00:00Z,Houston Texans,Buffalo Bills,player_reception_yds,player_reception_yds,DJ Moore,47.5,Over,47.5,pinnacle,-114,1.8771929824561404,0.5000000000000001,1.1006222153512897,2026-09-06T21:08:57Z,2.798485,conditional_non_push,,market_consensus_no_model,live_snapshot_not_T60,pinnacle,3628704299811a3085395829,0.5,0.5,-100.0,-14.0,2,OK,-114,fanduel|pinnacle,-114,False,False,47.5,closest_offered_consensus_to_50pct_no_interpolation,,,,,UNSUPPORTED_PLAYER_PROP,0897c49705a05c04d65f1c02a830bc8446166ee6750153b629f2f4c40766b03b,4a14b3fdf51d13786a2e905526f21d4fe7601226e01da29583be8ff3210a7041,work/market-distribution-v1/artifacts/4a14b3fdf51d13786a2e905526f21d4fe7601226e01da29583be8ff3210a7041.json,,,False,False,none,False,,,eec35edb10ded38f
f1c1680e86595a66152a961f,2026-09-06T21:08:59.798485+00:00,eec35edb10ded38f0500e83e9aaf8252f63479442c90d3b0d1ad36855ebf8efe,7e09efed7e12c659b82740b67ce2f9a1,1,2026-09-13T17:00:00Z,Houston Texans,Buffalo Bills,player_reception_yds,player_reception_yds,DJ Moore,47.5,Under,47.5,fanduel,-114,1.8771929824561404,0.5000000000000001,1.1006222153512897,2026-09-06T21:08:49Z,10.798485,conditional_non_push,,market_consensus_no_model,live_snapshot_not_T60,pinnacle,3628704299811a3085395829,0.5,0.5,-100.0,-14.0,2,OK,-114,fanduel|pinnacle,-114,False,False,47.5,closest_offered_consensus_to_50pct_no_interpolation,,,,,UNSUPPORTED_PLAYER_PROP,0897c49705a05c04d65f1c02a830bc8446166ee6750153b629f2f4c40766b03b,4a14b3fdf51d13786a2e905526f21d4fe7601226e01da29583be8ff3210a7041,work/market-distribution-v1/artifacts/4a14b3fdf51d13786a2e905526f21d4fe7601226e01da29583be8ff3210a7041.json,,,False,False,none,False,,,eec35edb10ded38f
2fd2ad0718dc005f75ac51bb,2026-09-06T21:08:59.798485+00:00,eec35edb10ded38f0500e83e9aaf8252f63479442c90d3b0d1ad36855ebf8efe,7e09efed7e12c659b82740b67ce2f9a1,1,2026-09-13T17:00:00Z,Houston Texans,Buffalo Bills,player_reception_yds,player_reception_yds,DJ Moore,47.5,Under,47.5,pinnacle,-114,1.8771929824561404,0.5000000000000001,1.1006222153512897,2026-09-06T21:08:57Z,2.798485,conditional_non_push,,market_consensus_no_model,live_snapshot_not_T60,pinnacle,3628704299811a3085395829,0.5,0.5,-100.0,-14.0,2,OK,-114,fanduel|pinnacle,-114,False,False,47.5,closest_offered_consensus_to_50pct_no_interpolation,,,,,UNSUPPORTED_PLAYER_PROP,0897c49705a05c04d65f1c02a830bc8446166ee6750153b629f2f4c40766b03b,4a14b3fdf51d13786a2e905526f21d4fe7601226e01da29583be8ff3210a7041,work/market-distribution-v1/artifacts/4a14b3fdf51d13786a2e905526f21d4fe7601226e01da29583be8ff3210a7041.json,,,False,False,none,False,,,eec35edb10ded38f
5668ffe415fe9bdc4112c1e1,2026-09-06T21:08:59.798485+00:00,eec35edb10ded38f0500e83e9aaf8252f63479442c90d3b0d1ad36855ebf8efe,7e09efed7e12c659b82740b67ce2f9a1,1,2026-09-13T17:00:00Z,Houston Texans,Buffalo Bills,player_reception_yds,player_reception_yds,Dalton Kincaid,37.5,Over,37.5,draftkings,-111,1.900900900900901,0.4977124729471299,1.0862562521695405,2026-09-06T21:08:19Z,40.798485,conditional_non_push,,market_consensus_no_model,live_snapshot_not_T60,pinnacle,124c89166a10bbd68156b9fa,0.4977124729471298,0.4977124729471298,100.9192162853886,-11.9192162853886,1,FEWER_THAN_TWO_BOOKS,-111,draftkings,-111,False,False,38.5,closest_offered_consensus_to_50pct_no_interpolation,,,,,UNSUPPORTED_PLAYER_PROP,0897c49705a05c04d65f1c02a830bc8446166ee6750153b629f2f4c40766b03b,4a14b3fdf51d13786a2e905526f21d4fe7601226e01da29583be8ff3210a7041,work/market-distribution-v1/artifacts/4a14b3fdf51d13786a2e905526f21d4fe7601226e01da29583be8ff3210a7041.json,,,False,False,none,False,,,eec35edb10ded38f
fee1da2d9ff04137fa5af0f2,2026-09-06T21:08:59.798485+00:00,eec35edb10ded38f0500e83e9aaf8252f63479442c90d3b0d1ad36855ebf8efe,7e09efed7e12c659b82740b67ce2f9a1,1,2026-09-13T17:00:00Z,Houston Texans,Buffalo Bills,player_reception_yds,player_reception_yds,Dalton Kincaid,37.5,Under,37.5,draftkings,-113,1.8849557522123894,0.5022875270528703,1.0862562521695405,2026-09-06T21:08:19Z,40.798485,conditional_non_push,,market_consensus_no_model,live_snapshot_not_T60,pinnacle,124c89166a10bbd68156b9fa,0.5022875270528702,0.5022875270528702,-100.91921628538859,-12.080783714611414,1,FEWER_THAN_TWO_BOOKS,-113,draftkings,-113,False,False,38.5,closest_offered_consensus_to_50pct_no_interpolation,,,,,UNSUPPORTED_PLAYER_PROP,0897c49705a05c04d65f1c02a830bc8446166ee6750153b629f2f4c40766b03b,4a14b3fdf51d13786a2e905526f21d4fe7601226e01da29583be8ff3210a7041,work/market-distribution-v1/artifacts/4a14b3fdf51d13786a2e905526f21d4fe7601226e01da29583be8ff3210a7041.json,,,False,False,none,False,,,eec35edb10ded38f
164843837428dd05789062f5,2026-09-06T21:08:59.798485+00:00,eec35edb10ded38f0500e83e9aaf8252f63479442c90d3b0d1ad36855ebf8efe,7e09efed7e12c659b82740b67ce2f9a1,1,2026-09-13T17:00:00Z,Houston Texans,Buffalo Bills,player_reception_yds,player_reception_yds,Dalton Kincaid,38.5,Over,38.5,fanduel,-114,1.8771929824561404,0.5000000000000001,1.1006222153512897,2026-09-06T21:08:49Z,10.798485,conditional_non_push,,market_consensus_no_model,live_snapshot_not_T60,pinnacle,436c820358909af0fc3b40a5,0.5,0.5,-100.0,-14.0,2,OK,-114,fanduel|pinnacle,-114,False,False,38.5,closest_offered_consensus_to_50pct_no_interpolation,,,,,UNSUPPORTED_PLAYER_PROP,0897c49705a05c04d65f1c02a830bc8446166ee6750153b629f2f4c40766b03b,4a14b3fdf51d13786a2e905526f21d4fe7601226e01da29583be8ff3210a7041,work/market-distribution-v1/artifacts/4a14b3fdf51d13786a2e905526f21d4fe7601226e01da29583be8ff3210a7041.json,,,False,False,none,False,,,eec35edb10ded38f
4d0d52c8f7f67bda496a3a97,2026-09-06T21:08:59.798485+00:00,eec35edb10ded38f0500e83e9aaf8252f63479442c90d3b0d1ad36855ebf8efe,7e09efed7e12c659b82740b67ce2f9a1,1,2026-09-13T17:00:00Z,Houston Texans,Buffalo Bills,player_reception_yds,player_reception_yds,Dalton Kincaid,38.5,Over,38.5,pinnacle,-114,1.8771929824561404,0.5000000000000001,1.1006222153512897,2026-09-06T21:08:57Z,2.798485,conditional_non_push,,market_consensus_no_model,live_snapshot_not_T60,pinnacle,436c820358909af0fc3b40a5,0.5,0.5,-100.0,-14.0,2,OK,-114,fanduel|pinnacle,-114,False,False,38.5,closest_offered_consensus_to_50pct_no_interpolation,,,,,UNSUPPORTED_PLAYER_PROP,0897c49705a05c04d65f1c02a830bc8446166ee6750153b629f2f4c40766b03b,4a14b3fdf51d13786a2e905526f21d4fe7601226e01da29583be8ff3210a7041,work/market-distribution-v1/artifacts/4a14b3fdf51d13786a2e905526f21d4fe7601226e01da29583be8ff3210a7041.json,,,False,False,none,False,,,eec35edb10ded38f
02b4a5459cbefc3c5402e878,2026-09-06T21:08:59.798485+00:00,eec35edb10ded38f0500e83e9aaf8252f63479442c90d3b0d1ad36855ebf8efe,7e09efed7e12c659b82740b67ce2f9a1,1,2026-09-13T17:00:00Z,Houston Texans,Buffalo Bills,player_reception_yds,player_reception_yds,Dalton Kincaid,38.5,Under,38.5,fanduel,-114,1.8771929824561404,0.5000000000000001,1.1006222153512897,2026-09-06T21:08:49Z,10.798485,conditional_non_push,,market_consensus_no_model,live_snapshot_not_T60,pinnacle,436c820358909af0fc3b40a5,0.5,0.5,-100.0,-14.0,2,OK,-114,fanduel|pinnacle,-114,False,False,38.5,closest_offered_consensus_to_50pct_no_interpolation,,,,,UNSUPPORTED_PLAYER_PROP,0897c49705a05c04d65f1c02a830bc8446166ee6750153b629f2f4c40766b03b,4a14b3fdf51d13786a2e905526f21d4fe7601226e01da29583be8ff3210a7041,work/market-distribution-v1/artifacts/4a14b3fdf51d13786a2e905526f21d4fe7601226e01da29583be8ff3210a7041.json,,,False,False,none,False,,,eec35edb10ded38f
b2b5876a29bc6ad0c592839b,2026-09-06T21:08:59.798485+00:00,eec35edb10ded38f0500e83e9aaf8252f63479442c90d3b0d1ad36855ebf8efe,7e09efed7e12c659b82740b67ce2f9a1,1,2026-09-13T17:00:00Z,Houston Texans,Buffalo Bills,player_reception_yds,player_reception_yds,Dalton Kincaid,38.5,Under,38.5,pinnacle,-114,1.8771929824561404,0.5000000000000001,1.1006222153512897,2026-09-06T21:08:57Z,2.798485,conditional_non_push,,market_consensus_no_model,live_snapshot_not_T60,pinnacle,436c820358909af0fc3b40a5,0.5,0.5,-100.0,-14.0,2,OK,-114,fanduel|pinnacle,-114,False,False,38.5,closest_offered_consensus_to_50pct_no_interpolation,,,,,UNSUPPORTED_PLAYER_PROP,0897c49705a05c04d65f1c02a830bc8446166ee6750153b629f2f4c40766b03b,4a14b3fdf51d13786a2e905526f21d4fe7601226e01da29583be8ff3210a7041,work/market-distribution-v1/artifacts/4a14b3fdf51d13786a2e905526f21d4fe7601226e01da29583be8ff3210a7041.json,,,False,False,none,False,,,eec35edb10ded38f
6a92981728f4683b0bb76a0a,2026-09-06T21:08:59.798485+00:00,eec35edb10ded38f0500e83e9aaf8252f63479442c90d3b0d1ad36855ebf8efe,7e09efed7e12c659b82740b67ce2f9a1,1,2026-09-13T17:00:00Z,Houston Texans,Buffalo Bills,player_reception_yds,player_reception_yds,Dalton Schultz,32.5,Over,32.5,fanduel,-114,1.8771929824561404,0.5000000000000001,1.1006222153512897,2026-09-06T21:08:49Z,10.798485,conditional_non_push,,market_consensus_no_model,live_snapshot_not_T60,pinnacle,bd266dca7d6fce05f83ea5ba,0.5,0.5,-100.0,-14.0,2,OK,-114,fanduel|pinnacle,-114,False,False,32.5,closest_offered_consensus_to_50pct_no_interpolation,,,,,UNSUPPORTED_PLAYER_PROP,0897c49705a05c04d65f1c02a830bc8446166ee6750153b629f2f4c40766b03b,4a14b3fdf51d13786a2e905526f21d4fe7601226e01da29583be8ff3210a7041,work/market-distribution-v1/artifacts/4a14b3fdf51d13786a2e905526f21d4fe7601226e01da29583be8ff3210a7041.json,,,False,False,none,False,,,eec35edb10ded38f
1fb1818a39b49dd28e5893ed,2026-09-06T21:08:59.798485+00:00,eec35edb10ded38f0500e83e9aaf8252f63479442c90d3b0d1ad36855ebf8efe,7e09efed7e12c659b82740b67ce2f9a1,1,2026-09-13T17:00:00Z,Houston Texans,Buffalo Bills,player_reception_yds,player_reception_yds,Dalton Schultz,32.5,Over,32.5,pinnacle,-114,1.8771929824561404,0.5000000000000001,1.1006222153512897,2026-09-06T21:08:57Z,2.798485,conditional_non_push,,market_consensus_no_model,live_snapshot_not_T60,pinnacle,bd266dca7d6fce05f83ea5ba,0.5,0.5,-100.0,-14.0,2,OK,-114,fanduel|pinnacle,-114,False,False,32.5,closest_offered_consensus_to_50pct_no_interpolation,,,,,UNSUPPORTED_PLAYER_PROP,0897c49705a05c04d65f1c02a830bc8446166ee6750153b629f2f4c40766b03b,4a14b3fdf51d13786a2e905526f21d4fe7601226e01da29583be8ff3210a7041,work/market-distribution-v1/artifacts/4a14b3fdf51d13786a2e905526f21d4fe7601226e01da29583be8ff3210a7041.json,,,False,False,none,False,,,eec35edb10ded38f
2050d12f612f5a91a59539e8,2026-09-06T21:08:59.798485+00:00,eec35edb10ded38f0500e83e9aaf8252f63479442c90d3b0d1ad36855ebf8efe,7e09efed7e12c659b82740b67ce2f9a1,1,2026-09-13T17:00:00Z,Houston Texans,Buffalo Bills,player_reception_yds,player_reception_yds,Dalton Schultz,32.5,Under,32.5,fanduel,-114,1.8771929824561404,0.5000000000000001,1.1006222153512897,2026-09-06T21:08:49Z,10.798485,conditional_non_push,,market_consensus_no_model,live_snapshot_not_T60,pinnacle,bd266dca7d6fce05f83ea5ba,0.5,0.5,-100.0,-14.0,2,OK,-114,fanduel|pinnacle,-114,False,False,32.5,closest_offered_consensus_to_50pct_no_interpolation,,,,,UNSUPPORTED_PLAYER_PROP,0897c49705a05c04d65f1c02a830bc8446166ee6750153b629f2f4c40766b03b,4a14b3fdf51d13786a2e905526f21d4fe7601226e01da29583be8ff3210a7041,work/market-distribution-v1/artifacts/4a14b3fdf51d13786a2e905526f21d4fe7601226e01da29583be8ff3210a7041.json,,,False,False,none,False,,,eec35edb10ded38f
ff736ea2b346070b5bbb43c9,2026-09-06T21:08:59.798485+00:00,eec35edb10ded38f0500e83e9aaf8252f63479442c90d3b0d1ad36855ebf8efe,7e09efed7e12c659b82740b67ce2f9a1,1,2026-09-13T17:00:00Z,Houston Texans,Buffalo Bills,player_reception_yds,player_reception_yds,Dalton Schultz,32.5,Under,32.5,pinnacle,-114,1.8771929824561404,0.5000000000000001,1.1006222153512897,2026-09-06T21:08:57Z,2.798485,conditional_non_push,,market_consensus_no_model,live_snapshot_not_T60,pinnacle,bd266dca7d6fce05f83ea5ba,0.5,0.5,-100.0,-14.0,2,OK,-114,fanduel|pinnacle,-114,False,False,32.5,closest_offered_consensus_to_50pct_no_interpolation,,,,,UNSUPPORTED_PLAYER_PROP,0897c49705a05c04d65f1c02a830bc8446166ee6750153b629f2f4c40766b03b,4a14b3fdf51d13786a2e905526f21d4fe7601226e01da29583be8ff3210a7041,work/market-distribution-v1/artifacts/4a14b3fdf51d13786a2e905526f21d4fe7601226e01da29583be8ff3210a7041.json,,,False,False,none,False,,,eec35edb10ded38f
305a15667e29b5bd034f3cfb,2026-09-06T21:08:59.798485+00:00,eec35edb10ded38f0500e83e9aaf8252f63479442c90d3b0d1ad36855ebf8efe,7e09efed7e12c659b82740b67ce2f9a1,1,2026-09-13T17:00:00Z,Houston Texans,Buffalo Bills,player_reception_yds,player_reception_yds,Dalton Schultz,33.5,Over,33.5,draftkings,-111,1.900900900900901,0.49885220189839496,1.082695272710354,2026-09-06T21:08:19Z,40.798485,conditional_non_push,,market_consensus_no_model,live_snapshot_not_T60,pinnacle,a77c615db882f37f46ea1356,0.49885220189839496,0.49885220189839496,100.4601756180436,-11.460175618043607,1,FEWER_THAN_TWO_BOOKS,-111,draftkings,-111,False,False,32.5,closest_offered_consensus_to_50pct_no_interpolation,,,,,UNSUPPORTED_PLAYER_PROP,0897c49705a05c04d65f1c02a830bc8446166ee6750153b629f2f4c40766b03b,4a14b3fdf51d13786a2e905526f21d4fe7601226e01da29583be8ff3210a7041,work/market-distribution-v1/artifacts/4a14b3fdf51d13786a2e905526f21d4fe7601226e01da29583be8ff3210a7041.json,,,False,False,none,False,,,eec35edb10ded38f
8d2e1be317fc48b22cf9669f,2026-09-06T21:08:59.798485+00:00,eec35edb10ded38f0500e83e9aaf8252f63479442c90d3b0d1ad36855ebf8efe,7e09efed7e12c659b82740b67ce2f9a1,1,2026-09-13T17:00:00Z,Houston Texans,Buffalo Bills,player_reception_yds,player_reception_yds,Dalton Schultz,33.5,Under,33.5,draftkings,-112,1.8928571428571428,0.5011477981016051,1.082695272710354,2026-09-06T21:08:19Z,40.798485,conditional_non_push,,market_consensus_no_model,live_snapshot_not_T60,pinnacle,a77c615db882f37f46ea1356,0.5011477981016051,0.5011477981016051,-100.46017561804365,-11.53982438195635,1,FEWER_THAN_TWO_BOOKS,-112,draftkings,-112,False,False,32.5,closest_offered_consensus_to_50pct_no_interpolation,,,,,UNSUPPORTED_PLAYER_PROP,0897c49705a05c04d65f1c02a830bc8446166ee6750153b629f2f4c40766b03b,4a14b3fdf51d13786a2e905526f21d4fe7601226e01da29583be8ff3210a7041,work/market-distribution-v1/artifacts/4a14b3fdf51d13786a2e905526f21d4fe7601226e01da29583be8ff3210a7041.json,,,False,False,none,False,,,eec35edb10ded38f
661c87debcbf7f4cd6e475ce,2026-09-06T21:08:59.798485+00:00,eec35edb10ded38f0500e83e9aaf8252f63479442c90d3b0d1ad36855ebf8efe,7e09efed7e12c659b82740b67ce2f9a1,1,2026-09-13T17:00:00Z,Houston Texans,Buffalo Bills,player_reception_yds,player_reception_yds,David Montgomery,7.5,Over,7.5,fanduel,-114,1.8771929824561404,0.5000000000000001,1.1006222153512897,2026-09-06T21:08:49Z,10.798485,conditional_non_push,,market_consensus_no_model,live_snapshot_not_T60,pinnacle,e125a84774804d5675505efb,0.5056020057393783,0.5056020057393783,-102.26619274528254,-11.733807254717462,2,OK,-114,fanduel,-114,False,False,7.5,closest_offered_consensus_to_50pct_no_interpolation,,,,,UNSUPPORTED_PLAYER_PROP,0897c49705a05c04d65f1c02a830bc8446166ee6750153b629f2f4c40766b03b,4a14b3fdf51d13786a2e905526f21d4fe7601226e01da29583be8ff3210a7041,work/market-distribution-v1/artifacts/4a14b3fdf51d13786a2e905526f21d4fe7601226e01da29583be8ff3210a7041.json,,,False,False,none,False,,,eec35edb10ded38f
d8761ba0abbb85463075597b,2026-09-06T21:08:59.798485+00:00,eec35edb10ded38f0500e83e9aaf8252f63479442c90d3b0d1ad36855ebf8efe,7e09efed7e12c659b82740b67ce2f9a1,1,2026-09-13T17:00:00Z,Houston Texans,Buffalo Bills,player_reception_yds,player_reception_yds,David Montgomery,7.5,Over,7.5,pinnacle,-120,1.8333333333333335,0.5112040114787568,1.1069904216458242,2026-09-06T21:08:57Z,2.798485,conditional_non_push,,market_consensus_no_model,live_snapshot_not_T60,pinnacle,e125a84774804d5675505efb,0.5056020057393783,0.5056020057393783,-102.26619274528254,-17.733807254717462,2,OK,-114,fanduel,-114,False,False,7.5,closest_offered_consensus_to_50pct_no_interpolation,,,,,UNSUPPORTED_PLAYER_PROP,0897c49705a05c04d65f1c02a830bc8446166ee6750153b629f2f4c40766b03b,4a14b3fdf51d13786a2e905526f21d4fe7601226e01da29583be8ff3210a7041,work/market-distribution-v1/artifacts/4a14b3fdf51d13786a2e905526f21d4fe7601226e01da29583be8ff3210a7041.json,,,False,False,none,False,,,eec35edb10ded38f
a8b5bda6db3ef8196692cfb1,2026-09-06T21:08:59.798485+00:00,eec35edb10ded38f0500e83e9aaf8252f63479442c90d3b0d1ad36855ebf8efe,7e09efed7e12c659b82740b67ce2f9a1,1,2026-09-13T17:00:00Z,Houston Texans,Buffalo Bills,player_reception_yds,player_reception_yds,David Montgomery,7.5,Under,7.5,fanduel,-114,1.8771929824561404,0.5000000000000001,1.1006222153512897,2026-09-06T21:08:49Z,10.798485,conditional_non_push,,market_consensus_no_model,live_snapshot_not_T60,pinnacle,e125a84774804d5675505efb,0.49439799426062164,0.49439799426062164,102.26619274528258,-16.26619274528258,2,OK,-110,pinnacle,-114,False,False,7.5,closest_offered_consensus_to_50pct_no_interpolation,,,,,UNSUPPORTED_PLAYER_PROP,0897c49705a05c04d65f1c02a830bc8446166ee6750153b629f2f4c40766b03b,4a14b3fdf51d13786a2e905526f21d4fe7601226e01da29583be8ff3210a7041,work/market-distribution-v1/artifacts/4a14b3fdf51d13786a2e905526f21d4fe7601226e01da29583be8ff3210a7041.json,,,False,False,none,False,,,eec35edb10ded38f
f8b2d470a5fedf125794f688,2026-09-06T21:08:59.798485+00:00,eec35edb10ded38f0500e83e9aaf8252f63479442c90d3b0d1ad36855ebf8efe,7e09efed7e12c659b82740b67ce2f9a1,1,2026-09-13T17:00:00Z,Houston Texans,Buffalo Bills,player_reception_yds,player_reception_yds,David Montgomery,7.5,Under,7.5,pinnacle,-110,1.9090909090909092,0.4887959885212434,1.1069904216458242,2026-09-06T21:08:57Z,2.798485,conditional_non_push,,market_consensus_no_model,live_snapshot_not_T60,pinnacle,e125a84774804d5675505efb,0.49439799426062164,0.49439799426062164,102.26619274528258,-12.26619274528258,2,OK,-110,pinnacle,-114,False,False,7.5,closest_offered_consensus_to_50pct_no_interpolation,,,,,UNSUPPORTED_PLAYER_PROP,0897c49705a05c04d65f1c02a830bc8446166ee6750153b629f2f4c40766b03b,4a14b3fdf51d13786a2e905526f21d4fe7601226e01da29583be8ff3210a7041,work/market-distribution-v1/artifacts/4a14b3fdf51d13786a2e905526f21d4fe7601226e01da29583be8ff3210a7041.json,,,False,False,none,False,,,eec35edb10ded38f
3b89eaac96e9bcce1fb6ea57,2026-09-06T21:08:59.798485+00:00,eec35edb10ded38f0500e83e9aaf8252f63479442c90d3b0d1ad36855ebf8efe,7e09efed7e12c659b82740b67ce2f9a1,1,2026-09-13T17:00:00Z,Houston Texans,Buffalo Bills,player_reception_yds,player_reception_yds,David Montgomery,8.5,Over,8.5,draftkings,-108,1.925925925925926,0.49084836508629426,1.085768366369256,2026-09-06T21:08:19Z,40.798485,conditional_non_push,,market_consensus_no_model,live_snapshot_not_T60,pinnacle,764f37b7b63432812f397f7e,0.49084836508629426,0.49084836508629426,103.72890512209278,-11.728905122092783,1,FEWER_THAN_TWO_BOOKS,-108,draftkings,-108,False,False,7.5,closest_offered_consensus_to_50pct_no_interpolation,,,,,UNSUPPORTED_PLAYER_PROP,0897c49705a05c04d65f1c02a830bc8446166ee6750153b629f2f4c40766b03b,4a14b3fdf51d13786a2e905526f21d4fe7601226e01da29583be8ff3210a7041,work/market-distribution-v1/artifacts/4a14b3fdf51d13786a2e905526f21d4fe7601226e01da29583be8ff3210a7041.json,,,False,False,none,False,,,eec35edb10ded38f
5d49f1fe3da052f47fd18997,2026-09-06T21:08:59.798485+00:00,eec35edb10ded38f0500e83e9aaf8252f63479442c90d3b0d1ad36855ebf8efe,7e09efed7e12c659b82740b67ce2f9a1,1,2026-09-13T17:00:00Z,Houston Texans,Buffalo Bills,player_reception_yds,player_reception_yds,David Montgomery,8.5,Under,8.5,draftkings,-116,1.8620689655172413,0.5091516349137059,1.085768366369256,2026-09-06T21:08:19Z,40.798485,conditional_non_push,,market_consensus_no_model,live_snapshot_not_T60,pinnacle,764f37b7b63432812f397f7e,0.5091516349137059,0.5091516349137059,-103.72890512209283,-12.271094877907174,1,FEWER_THAN_TWO_BOOKS,-116,draftkings,-116,False,False,7.5,closest_offered_consensus_to_50pct_no_interpolation,,,,,UNSUPPORTED_PLAYER_PROP,0897c49705a05c04d65f1c02a830bc8446166ee6750153b629f2f4c40766b03b,4a14b3fdf51d13786a2e905526f21d4fe7601226e01da29583be8ff3210a7041,work/market-distribution-v1/artifacts/4a14b3fdf51d13786a2e905526f21d4fe7601226e01da29583be8ff3210a7041.json,,,False,False,none,False,,,eec35edb10ded38f
dc8dd507ebe23351bbf5e4ae,2026-09-06T21:08:59.798485+00:00,eec35edb10ded38f0500e83e9aaf8252f63479442c90d3b0d1ad36855ebf8efe,7e09efed7e12c659b82740b67ce2f9a1,1,2026-09-13T17:00:00Z,Houston Texans,Buffalo Bills,player_reception_yds,player_reception_yds,Dawson Knox,14.5,Over,14.5,draftkings,-114,1.8771929824561404,0.5045752067147218,1.0861586927879965,2026-09-06T21:08:19Z,40.798485,conditional_non_push,,market_consensus_no_model,live_snapshot_not_T60,pinnacle,7506fe7449210e917ac18209,0.5022876033573609,0.5022876033573609,-100.91924708839568,-13.080752911604321,2,OK,-114,draftkings|fanduel,-114,False,False,14.5,closest_offered_consensus_to_50pct_no_interpolation,,,,,UNSUPPORTED_PLAYER_PROP,0897c49705a05c04d65f1c02a830bc8446166ee6750153b629f2f4c40766b03b,4a14b3fdf51d13786a2e905526f21d4fe7601226e01da29583be8ff3210a7041,work/market-distribution-v1/artifacts/4a14b3fdf51d13786a2e905526f21d4fe7601226e01da29583be8ff3210a7041.json,,,False,False,none,False,,,eec35edb10ded38f
0ae7405b3f067bcad6811643,2026-09-06T21:08:59.798485+00:00,eec35edb10ded38f0500e83e9aaf8252f63479442c90d3b0d1ad36855ebf8efe,7e09efed7e12c659b82740b67ce2f9a1,1,2026-09-13T17:00:00Z,Houston Texans,Buffalo Bills,player_reception_yds,player_reception_yds,Dawson Knox,14.5,Over,14.5,fanduel,-114,1.8771929824561404,0.5000000000000001,1.1006222153512897,2026-09-06T21:08:49Z,10.798485,conditional_non_push,,market_consensus_no_model,live_snapshot_not_T60,pinnacle,7506fe7449210e917ac18209,0.5022876033573609,0.5022876033573609,-100.91924708839568,-13.080752911604321,2,OK,-114,draftkings|fanduel,-114,False,False,14.5,closest_offered_consensus_to_50pct_no_interpolation,,,,,UNSUPPORTED_PLAYER_PROP,0897c49705a05c04d65f1c02a830bc8446166ee6750153b629f2f4c40766b03b,4a14b3fdf51d13786a2e905526f21d4fe7601226e01da29583be8ff3210a7041,work/market-distribution-v1/artifacts/4a14b3fdf51d13786a2e905526f21d4fe7601226e01da29583be8ff3210a7041.json,,,False,False,none,False,,,eec35edb10ded38f
04d13ba786fb8fb8af87b5d0,2026-09-06T21:08:59.798485+00:00,eec35edb10ded38f0500e83e9aaf8252f63479442c90d3b0d1ad36855ebf8efe,7e09efed7e12c659b82740b67ce2f9a1,1,2026-09-13T17:00:00Z,Houston Texans,Buffalo Bills,player_reception_yds,player_reception_yds,Dawson Knox,14.5,Under,14.5,draftkings,-110,1.9090909090909092,0.4954247932852784,1.0861586927879965,2026-09-06T21:08:19Z,40.798485,conditional_non_push,,market_consensus_no_model,live_snapshot_not_T60,pinnacle,7506fe7449210e917ac18209,0.4977123966426392,0.4977123966426392,100.91924708839562,-10.919247088395622,2,OK,-110,draftkings,-110,False,False,14.5,closest_offered_consensus_to_50pct_no_interpolation,,,,,UNSUPPORTED_PLAYER_PROP,0897c49705a05c04d65f1c02a830bc8446166ee6750153b629f2f4c40766b03b,4a14b3fdf51d13786a2e905526f21d4fe7601226e01da29583be8ff3210a7041,work/market-distribution-v1/artifacts/4a14b3fdf51d13786a2e905526f21d4fe7601226e01da29583be8ff3210a7041.json,,,False,False,none,False,,,eec35edb10ded38f
8e703884e0b88fbd6175bf05,2026-09-06T21:08:59.798485+00:00,eec35edb10ded38f0500e83e9aaf8252f63479442c90d3b0d1ad36855ebf8efe,7e09efed7e12c659b82740b67ce2f9a1,1,2026-09-13T17:00:00Z,Houston Texans,Buffalo Bills,player_reception_yds,player_reception_yds,Dawson Knox,14.5,Under,14.5,fanduel,-114,1.8771929824561404,0.5000000000000001,1.1006222153512897,2026-09-06T21:08:49Z,10.798485,conditional_non_push,,market_consensus_no_model,live_snapshot_not_T60,pinnacle,7506fe7449210e917ac18209,0.4977123966426392,0.4977123966426392,100.91924708839562,-14.919247088395622,2,OK,-110,draftkings,-110,False,False,14.5,closest_offered_consensus_to_50pct_no_interpolation,,,,,UNSUPPORTED_PLAYER_PROP,0897c49705a05c04d65f1c02a830bc8446166ee6750153b629f2f4c40766b03b,4a14b3fdf51d13786a2e905526f21d4fe7601226e01da29583be8ff3210a7041,work/market-distribution-v1/artifacts/4a14b3fdf51d13786a2e905526f21d4fe7601226e01da29583be8ff3210a7041.json,,,False,False,none,False,,,eec35edb10ded38f
b05fabc526810eb38c007767,2026-09-06T21:08:59.798485+00:00,eec35edb10ded38f0500e83e9aaf8252f63479442c90d3b0d1ad36855ebf8efe,7e09efed7e12c659b82740b67ce2f9a1,1,2026-09-13T17:00:00Z,Houston Texans,Buffalo Bills,player_reception_yds,player_reception_yds,James Cook,13.5,Over,13.5,draftkings,-117,1.8547008547008548,0.5114406895883554,1.0854755281293205,2026-09-06T21:08:19Z,40.798485,conditional_non_push,,market_consensus_no_model,live_snapshot_not_T60,pinnacle,a4d74aac6d2acef2945c7a12,0.5,0.5,-100.0,-17.0,3,OK,-114,fanduel|pinnacle,-114,False,False,13.5,closest_offered_consensus_to_50pct_no_interpolation,,,,,UNSUPPORTED_PLAYER_PROP,0897c49705a05c04d65f1c02a830bc8446166ee6750153b629f2f4c40766b03b,4a14b3fdf51d13786a2e905526f21d4fe7601226e01da29583be8ff3210a7041,work/market-distribution-v1/artifacts/4a14b3fdf51d13786a2e905526f21d4fe7601226e01da29583be8ff3210a7041.json,,,False,False,none,False,,,eec35edb10ded38f
79a51cac651c1cf5610cffb6,2026-09-06T21:08:59.798485+00:00,eec35edb10ded38f0500e83e9aaf8252f63479442c90d3b0d1ad36855ebf8efe,7e09efed7e12c659b82740b67ce2f9a1,1,2026-09-13T17:00:00Z,Houston Texans,Buffalo Bills,player_reception_yds,player_reception_yds,James Cook,13.5,Over,13.5,fanduel,-114,1.8771929824561404,0.5000000000000001,1.1006222153512897,2026-09-06T21:08:49Z,10.798485,conditional_non_push,,market_consensus_no_model,live_snapshot_not_T60,pinnacle,a4d74aac6d2acef2945c7a12,0.5,0.5,-100.0,-14.0,3,OK,-114,fanduel|pinnacle,-114,False,False,13.5,closest_offered_consensus_to_50pct_no_interpolation,,,,,UNSUPPORTED_PLAYER_PROP,0897c49705a05c04d65f1c02a830bc8446166ee6750153b629f2f4c40766b03b,4a14b3fdf51d13786a2e905526f21d4fe7601226e01da29583be8ff3210a7041,work/market-distribution-v1/artifacts/4a14b3fdf51d13786a2e905526f21d4fe7601226e01da29583be8ff3210a7041.json,,,False,False,none,False,,,eec35edb10ded38f
0ad1b91d7f9fed742cedf2c7,2026-09-06T21:08:59.798485+00:00,eec35edb10ded38f0500e83e9aaf8252f63479442c90d3b0d1ad36855ebf8efe,7e09efed7e12c659b82740b67ce2f9a1,1,2026-09-13T17:00:00Z,Houston Texans,Buffalo Bills,player_reception_yds,player_reception_yds,James Cook,13.5,Over,13.5,pinnacle,-114,1.8771929824561404,0.5000000000000001,1.1006222153512897,2026-09-06T21:08:57Z,2.798485,conditional_non_push,,market_consensus_no_model,live_snapshot_not_T60,pinnacle,a4d74aac6d2acef2945c7a12,0.5,0.5,-100.0,-14.0,3,OK,-114,fanduel|pinnacle,-114,False,False,13.5,closest_offered_consensus_to_50pct_no_interpolation,,,,,UNSUPPORTED_PLAYER_PROP,0897c49705a05c04d65f1c02a830bc8446166ee6750153b629f2f4c40766b03b,4a14b3fdf51d13786a2e905526f21d4fe7601226e01da29583be8ff3210a7041,work/market-distribution-v1/artifacts/4a14b3fdf51d13786a2e905526f21d4fe7601226e01da29583be8ff3210a7041.json,,,False,False,none,False,,,eec35edb10ded38f
4421f91d5210c2df16e149f0,2026-09-06T21:08:59.798485+00:00,eec35edb10ded38f0500e83e9aaf8252f63479442c90d3b0d1ad36855ebf8efe,7e09efed7e12c659b82740b67ce2f9a1,1,2026-09-13T17:00:00Z,Houston Texans,Buffalo Bills,player_reception_yds,player_reception_yds,James Cook,13.5,Under,13.5,draftkings,-107,1.9345794392523366,0.48855931041164485,1.0854755281293205,2026-09-06T21:08:19Z,40.798485,conditional_non_push,,market_consensus_no_model,live_snapshot_not_T60,pinnacle,a4d74aac6d2acef2945c7a12,0.5,0.5,-100.0,-7.0,3,OK,-107,draftkings,-107,False,False,13.5,closest_offered_consensus_to_50pct_no_interpolation,,,,,UNSUPPORTED_PLAYER_PROP,0897c49705a05c04d65f1c02a830bc8446166ee6750153b629f2f4c40766b03b,4a14b3fdf51d13786a2e905526f21d4fe7601226e01da29583be8ff3210a7041,work/market-distribution-v1/artifacts/4a14b3fdf51d13786a2e905526f21d4fe7601226e01da29583be8ff3210a7041.json,,,False,False,none,False,,,eec35edb10ded38f
5645143a85f22261a6d6dd1e,2026-09-06T21:08:59.798485+00:00,eec35edb10ded38f0500e83e9aaf8252f63479442c90d3b0d1ad36855ebf8efe,7e09efed7e12c659b82740b67ce2f9a1,1,2026-09-13T17:00:00Z,Houston Texans,Buffalo Bills,player_reception_yds,player_reception_yds,James Cook,13.5,Under,13.5,fanduel,-114,1.8771929824561404,0.5000000000000001,1.1006222153512897,2026-09-06T21:08:49Z,10.798485,conditional_non_push,,market_consensus_no_model,live_snapshot_not_T60,pinnacle,a4d74aac6d2acef2945c7a12,0.5,0.5,-100.0,-14.0,3,OK,-107,draftkings,-107,False,False,13.5,closest_offered_consensus_to_50pct_no_interpolation,,,,,UNSUPPORTED_PLAYER_PROP,0897c49705a05c04d65f1c02a830bc8446166ee6750153b629f2f4c40766b03b,4a14b3fdf51d13786a2e905526f21d4fe7601226e01da29583be8ff3210a7041,work/market-distribution-v1/artifacts/4a14b3fdf51d13786a2e905526f21d4fe7601226e01da29583be8ff3210a7041.json,,,False,False,none,False,,,eec35edb10ded38f
3d8d2eaf14a806e5e311312c,2026-09-06T21:08:59.798485+00:00,eec35edb10ded38f0500e83e9aaf8252f63479442c90d3b0d1ad36855ebf8efe,7e09efed7e12c659b82740b67ce2f9a1,1,2026-09-13T17:00:00Z,Houston Texans,Buffalo Bills,player_reception_yds,player_reception_yds,James Cook,13.5,Under,13.5,pinnacle,-114,1.8771929824561404,0.5000000000000001,1.1006222153512897,2026-09-06T21:08:57Z,2.798485,conditional_non_push,,market_consensus_no_model,live_snapshot_not_T60,pinnacle,a4d74aac6d2acef2945c7a12,0.5,0.5,-100.0,-14.0,3,OK,-107,draftkings,-107,False,False,13.5,closest_offered_consensus_to_50pct_no_interpolation,,,,,UNSUPPORTED_PLAYER_PROP,0897c49705a05c04d65f1c02a830bc8446166ee6750153b629f2f4c40766b03b,4a14b3fdf51d13786a2e905526f21d4fe7601226e01da29583be8ff3210a7041,work/market-distribution-v1/artifacts/4a14b3fdf51d13786a2e905526f21d4fe7601226e01da29583be8ff3210a7041.json,,,False,False,none,False,,,eec35edb10ded38f
9b0cf760b20c22b4d9d41250,2026-09-06T21:08:59.798485+00:00,eec35edb10ded38f0500e83e9aaf8252f63479442c90d3b0d1ad36855ebf8efe,7e09efed7e12c659b82740b67ce2f9a1,1,2026-09-13T17:00:00Z,Houston Texans,Buffalo Bills,player_reception_yds,player_reception_yds,Kayshon Boutte,22.5,Over,22.5,draftkings,-114,1.8771929824561404,0.5045752067147218,1.0861586927879965,2026-09-06T21:08:19Z,40.798485,conditional_non_push,,market_consensus_no_model,live_snapshot_not_T60,pinnacle,646060ed7025facfbdb76c42,0.5,0.5,-100.0,-14.0,3,OK,-114,draftkings|fanduel|pinnacle,-114,False,False,22.5,closest_offered_consensus_to_50pct_no_interpolation,,,,,UNSUPPORTED_PLAYER_PROP,0897c49705a05c04d65f1c02a830bc8446166ee6750153b629f2f4c40766b03b,4a14b3fdf51d13786a2e905526f21d4fe7601226e01da29583be8ff3210a7041,work/market-distribution-v1/artifacts/4a14b3fdf51d13786a2e905526f21d4fe7601226e01da29583be8ff3210a7041.json,,,False,False,none,False,,,eec35edb10ded38f
1f5f1b71de7e52b8f1500655,2026-09-06T21:08:59.798485+00:00,eec35edb10ded38f0500e83e9aaf8252f63479442c90d3b0d1ad36855ebf8efe,7e09efed7e12c659b82740b67ce2f9a1,1,2026-09-13T17:00:00Z,Houston Texans,Buffalo Bills,player_reception_yds,player_reception_yds,Kayshon Boutte,22.5,Over,22.5,fanduel,-114,1.8771929824561404,0.5000000000000001,1.1006222153512897,2026-09-06T21:08:49Z,10.798485,conditional_non_push,,market_consensus_no_model,live_snapshot_not_T60,pinnacle,646060ed7025facfbdb76c42,0.5,0.5,-100.0,-14.0,3,OK,-114,draftkings|fanduel|pinnacle,-114,False,False,22.5,closest_offered_consensus_to_50pct_no_interpolation,,,,,UNSUPPORTED_PLAYER_PROP,0897c49705a05c04d65f1c02a830bc8446166ee6750153b629f2f4c40766b03b,4a14b3fdf51d13786a2e905526f21d4fe7601226e01da29583be8ff3210a7041,work/market-distribution-v1/artifacts/4a14b3fdf51d13786a2e905526f21d4fe7601226e01da29583be8ff3210a7041.json,,,False,False,none,False,,,eec35edb10ded38f
8861de0e87e6c319fee95bea,2026-09-06T21:08:59.798485+00:00,eec35edb10ded38f0500e83e9aaf8252f63479442c90d3b0d1ad36855ebf8efe,7e09efed7e12c659b82740b67ce2f9a1,1,2026-09-13T17:00:00Z,Houston Texans,Buffalo Bills,player_reception_yds,player_reception_yds,Kayshon Boutte,22.5,Over,22.5,pinnacle,-114,1.8771929824561404,0.5000000000000001,1.1006222153512897,2026-09-06T21:08:57Z,2.798485,conditional_non_push,,market_consensus_no_model,live_snapshot_not_T60,pinnacle,646060ed7025facfbdb76c42,0.5,0.5,-100.0,-14.0,3,OK,-114,draftkings|fanduel|pinnacle,-114,False,False,22.5,closest_offered_consensus_to_50pct_no_interpolation,,,,,UNSUPPORTED_PLAYER_PROP,0897c49705a05c04d65f1c02a830bc8446166ee6750153b629f2f4c40766b03b,4a14b3fdf51d13786a2e905526f21d4fe7601226e01da29583be8ff3210a7041,work/market-distribution-v1/artifacts/4a14b3fdf51d13786a2e905526f21d4fe7601226e01da29583be8ff3210a7041.json,,,False,False,none,False,,,eec35edb10ded38f
626c32ec3b08a08150079490,2026-09-06T21:08:59.798485+00:00,eec35edb10ded38f0500e83e9aaf8252f63479442c90d3b0d1ad36855ebf8efe,7e09efed7e12c659b82740b67ce2f9a1,1,2026-09-13T17:00:00Z,Houston Texans,Buffalo Bills,player_reception_yds,player_reception_yds,Kayshon Boutte,22.5,Under,22.5,draftkings,-110,1.9090909090909092,0.4954247932852784,1.0861586927879965,2026-09-06T21:08:19Z,40.798485,conditional_non_push,,market_consensus_no_model,live_snapshot_not_T60,pinnacle,646060ed7025facfbdb76c42,0.5,0.5,-100.0,-10.0,3,OK,-110,draftkings,-110,False,False,22.5,closest_offered_consensus_to_50pct_no_interpolation,,,,,UNSUPPORTED_PLAYER_PROP,0897c49705a05c04d65f1c02a830bc8446166ee6750153b629f2f4c40766b03b,4a14b3fdf51d13786a2e905526f21d4fe7601226e01da29583be8ff3210a7041,work/market-distribution-v1/artifacts/4a14b3fdf51d13786a2e905526f21d4fe7601226e01da29583be8ff3210a7041.json,,,False,False,none,False,,,eec35edb10ded38f
5a4e304fba5e882dcfe629f6,2026-09-06T21:08:59.798485+00:00,eec35edb10ded38f0500e83e9aaf8252f63479442c90d3b0d1ad36855ebf8efe,7e09efed7e12c659b82740b67ce2f9a1,1,2026-09-13T17:00:00Z,Houston Texans,Buffalo Bills,player_reception_yds,player_reception_yds,Kayshon Boutte,22.5,Under,22.5,fanduel,-114,1.8771929824561404,0.5000000000000001,1.1006222153512897,2026-09-06T21:08:49Z,10.798485,conditional_non_push,,market_consensus_no_model,live_snapshot_not_T60,pinnacle,646060ed7025facfbdb76c42,0.5,0.5,-100.0,-14.0,3,OK,-110,draftkings,-110,False,False,22.5,closest_offered_consensus_to_50pct_no_interpolation,,,,,UNSUPPORTED_PLAYER_PROP,0897c49705a05c04d65f1c02a830bc8446166ee6750153b629f2f4c40766b03b,4a14b3fdf51d13786a2e905526f21d4fe7601226e01da29583be8ff3210a7041,work/market-distribution-v1/artifacts/4a14b3fdf51d13786a2e905526f21d4fe7601226e01da29583be8ff3210a7041.json,,,False,False,none,False,,,eec35edb10ded38f
37797fccdca9b6535664f08b,2026-09-06T21:08:59.798485+00:00,eec35edb10ded38f0500e83e9aaf8252f63479442c90d3b0d1ad36855ebf8efe,7e09efed7e12c659b82740b67ce2f9a1,1,2026-09-13T17:00:00Z,Houston Texans,Buffalo Bills,player_reception_yds,player_reception_yds,Kayshon Boutte,22.5,Under,22.5,pinnacle,-114,1.8771929824561404,0.5000000000000001,1.1006222153512897,2026-09-06T21:08:57Z,2.798485,conditional_non_push,,market_consensus_no_model,live_snapshot_not_T60,pinnacle,646060ed7025facfbdb76c42,0.5,0.5,-100.0,-14.0,3,OK,-110,draftkings,-110,False,False,22.5,closest_offered_consensus_to_50pct_no_interpolation,,,,,UNSUPPORTED_PLAYER_PROP,0897c49705a05c04d65f1c02a830bc8446166ee6750153b629f2f4c40766b03b,4a14b3fdf51d13786a2e905526f21d4fe7601226e01da29583be8ff3210a7041,work/market-distribution-v1/artifacts/4a14b3fdf51d13786a2e905526f21d4fe7601226e01da29583be8ff3210a7041.json,,,False,False,none,False,,,eec35edb10ded38f
56e40b5cf3b0bc2c98419129,2026-09-06T21:08:59.798485+00:00,eec35edb10ded38f0500e83e9aaf8252f63479442c90d3b0d1ad36855ebf8efe,7e09efed7e12c659b82740b67ce2f9a1,1,2026-09-13T17:00:00Z,Houston Texans,Buffalo Bills,player_reception_yds,player_reception_yds,Khalil Shakir,36.5,Over,36.5,fanduel,-114,1.8771929824561404,0.5000000000000001,1.1006222153512897,2026-09-06T21:08:49Z,10.798485,conditional_non_push,,market_consensus_no_model,live_snapshot_not_T60,pinnacle,ac34fce7ac48b17d7d18b9eb,0.5,0.5,-100.0,-14.0,2,OK,-114,fanduel,-114,False,False,36.5,closest_offered_consensus_to_50pct_no_interpolation,,,,,UNSUPPORTED_PLAYER_PROP,0897c49705a05c04d65f1c02a830bc8446166ee6750153b629f2f4c40766b03b,4a14b3fdf51d13786a2e905526f21d4fe7601226e01da29583be8ff3210a7041,work/market-distribution-v1/artifacts/4a14b3fdf51d13786a2e905526f21d4fe7601226e01da29583be8ff3210a7041.json,,,False,False,none,False,,,eec35edb10ded38f
032b2da85a59782fc5a955d4,2026-09-06T21:08:59.798485+00:00,eec35edb10ded38f0500e83e9aaf8252f63479442c90d3b0d1ad36855ebf8efe,7e09efed7e12c659b82740b67ce2f9a1,1,2026-09-13T17:00:00Z,Houston Texans,Buffalo Bills,player_reception_yds,player_reception_yds,Khalil Shakir,36.5,Over,36.5,pinnacle,-115,1.8695652173913042,0.5,1.1077843133985557,2026-09-06T21:08:57Z,2.798485,conditional_non_push,,market_consensus_no_model,live_snapshot_not_T60,pinnacle,ac34fce7ac48b17d7d18b9eb,0.5,0.5,-100.0,-15.0,2,OK,-114,fanduel,-114,False,False,36.5,closest_offered_consensus_to_50pct_no_interpolation,,,,,UNSUPPORTED_PLAYER_PROP,0897c49705a05c04d65f1c02a830bc8446166ee6750153b629f2f4c40766b03b,4a14b3fdf51d13786a2e905526f21d4fe7601226e01da29583be8ff3210a7041,work/market-distribution-v1/artifacts/4a14b3fdf51d13786a2e905526f21d4fe7601226e01da29583be8ff3210a7041.json,,,False,False,none,False,,,eec35edb10ded38f
b753fccb2924a97a1093f074,2026-09-06T21:08:59.798485+00:00,eec35edb10ded38f0500e83e9aaf8252f63479442c90d3b0d1ad36855ebf8efe,7e09efed7e12c659b82740b67ce2f9a1,1,2026-09-13T17:00:00Z,Houston Texans,Buffalo Bills,player_reception_yds,player_reception_yds,Khalil Shakir,36.5,Under,36.5,fanduel,-114,1.8771929824561404,0.5000000000000001,1.1006222153512897,2026-09-06T21:08:49Z,10.798485,conditional_non_push,,market_consensus_no_model,live_snapshot_not_T60,pinnacle,ac34fce7ac48b17d7d18b9eb,0.5,0.5,-100.0,-14.0,2,OK,-114,fanduel,-114,False,False,36.5,closest_offered_consensus_to_50pct_no_interpolation,,,,,UNSUPPORTED_PLAYER_PROP,0897c49705a05c04d65f1c02a830bc8446166ee6750153b629f2f4c40766b03b,4a14b3fdf51d13786a2e905526f21d4fe7601226e01da29583be8ff3210a7041,work/market-distribution-v1/artifacts/4a14b3fdf51d13786a2e905526f21d4fe7601226e01da29583be8ff3210a7041.json,,,False,False,none,False,,,eec35edb10ded38f
4c56cb229bcf8fd1717ad5d3,2026-09-06T21:08:59.798485+00:00,eec35edb10ded38f0500e83e9aaf8252f63479442c90d3b0d1ad36855ebf8efe,7e09efed7e12c659b82740b67ce2f9a1,1,2026-09-13T17:00:00Z,Houston Texans,Buffalo Bills,player_reception_yds,player_reception_yds,Khalil Shakir,36.5,Under,36.5,pinnacle,-115,1.8695652173913042,0.5,1.1077843133985557,2026-09-06T21:08:57Z,2.798485,conditional_non_push,,market_consensus_no_model,live_snapshot_not_T60,pinnacle,ac34fce7ac48b17d7d18b9eb,0.5,0.5,-100.0,-15.0,2,OK,-114,fanduel,-114,False,False,36.5,closest_offered_consensus_to_50pct_no_interpolation,,,,,UNSUPPORTED_PLAYER_PROP,0897c49705a05c04d65f1c02a830bc8446166ee6750153b629f2f4c40766b03b,4a14b3fdf51d13786a2e905526f21d4fe7601226e01da29583be8ff3210a7041,work/market-distribution-v1/artifacts/4a14b3fdf51d13786a2e905526f21d4fe7601226e01da29583be8ff3210a7041.json,,,False,False,none,False,,,eec35edb10ded38f
f29c37a0ad49a38dbe18d7e6,2026-09-06T21:08:59.798485+00:00,eec35edb10ded38f0500e83e9aaf8252f63479442c90d3b0d1ad36855ebf8efe,7e09efed7e12c659b82740b67ce2f9a1,1,2026-09-13T17:00:00Z,Houston Texans,Buffalo Bills,player_reception_yds,player_reception_yds,Khalil Shakir,37.5,Over,37.5,draftkings,-113,1.8849557522123894,0.5022875270528703,1.0862562521695405,2026-09-06T21:08:19Z,40.798485,conditional_non_push,,market_consensus_no_model,live_snapshot_not_T60,pinnacle,924e58c7ff3218a3d3bee0e0,0.5022875270528702,0.5022875270528702,-100.91921628538859,-12.080783714611414,1,FEWER_THAN_TWO_BOOKS,-113,draftkings,-113,False,False,36.5,closest_offered_consensus_to_50pct_no_interpolation,,,,,UNSUPPORTED_PLAYER_PROP,0897c49705a05c04d65f1c02a830bc8446166ee6750153b629f2f4c40766b03b,4a14b3fdf51d13786a2e905526f21d4fe7601226e01da29583be8ff3210a7041,work/market-distribution-v1/artifacts/4a14b3fdf51d13786a2e905526f21d4fe7601226e01da29583be8ff3210a7041.json,,,False,False,none,False,,,eec35edb10ded38f
842d84384e81a34768d84220,2026-09-06T21:08:59.798485+00:00,eec35edb10ded38f0500e83e9aaf8252f63479442c90d3b0d1ad36855ebf8efe,7e09efed7e12c659b82740b67ce2f9a1,1,2026-09-13T17:00:00Z,Houston Texans,Buffalo Bills,player_reception_yds,player_reception_yds,Khalil Shakir,37.5,Under,37.5,draftkings,-111,1.900900900900901,0.4977124729471299,1.0862562521695405,2026-09-06T21:08:19Z,40.798485,conditional_non_push,,market_consensus_no_model,live_snapshot_not_T60,pinnacle,924e58c7ff3218a3d3bee0e0,0.4977124729471298,0.4977124729471298,100.9192162853886,-11.9192162853886,1,FEWER_THAN_TWO_BOOKS,-111,draftkings,-111,False,False,36.5,closest_offered_consensus_to_50pct_no_interpolation,,,,,UNSUPPORTED_PLAYER_PROP,0897c49705a05c04d65f1c02a830bc8446166ee6750153b629f2f4c40766b03b,4a14b3fdf51d13786a2e905526f21d4fe7601226e01da29583be8ff3210a7041,work/market-distribution-v1/artifacts/4a14b3fdf51d13786a2e905526f21d4fe7601226e01da29583be8ff3210a7041.json,,,False,False,none,False,,,eec35edb10ded38f
07fa4dcb0785433b33fd528a,2026-09-06T21:08:59.798485+00:00,eec35edb10ded38f0500e83e9aaf8252f63479442c90d3b0d1ad36855ebf8efe,7e09efed7e12c659b82740b67ce2f9a1,1,2026-09-13T17:00:00Z,Houston Texans,Buffalo Bills,player_reception_yds,player_reception_yds,Nico Collins,69.5,Over,69.5,draftkings,-112,1.8928571428571428,0.5,1.086288769989248,2026-09-06T21:08:19Z,40.798485,conditional_non_push,,market_consensus_no_model,live_snapshot_not_T60,pinnacle,90289a5b1382bb11adcbf244,0.5,0.5,-100.0,-12.0,3,OK,-112,draftkings,-112,False,False,69.5,closest_offered_consensus_to_50pct_no_interpolation,,,,,UNSUPPORTED_PLAYER_PROP,0897c49705a05c04d65f1c02a830bc8446166ee6750153b629f2f4c40766b03b,4a14b3fdf51d13786a2e905526f21d4fe7601226e01da29583be8ff3210a7041,work/market-distribution-v1/artifacts/4a14b3fdf51d13786a2e905526f21d4fe7601226e01da29583be8ff3210a7041.json,,,False,False,none,False,,,eec35edb10ded38f
a2947146eaa64140cb2348eb,2026-09-06T21:08:59.798485+00:00,eec35edb10ded38f0500e83e9aaf8252f63479442c90d3b0d1ad36855ebf8efe,7e09efed7e12c659b82740b67ce2f9a1,1,2026-09-13T17:00:00Z,Houston Texans,Buffalo Bills,player_reception_yds,player_reception_yds,Nico Collins,69.5,Over,69.5,fanduel,-114,1.8771929824561404,0.5000000000000001,1.1006222153512897,2026-09-06T21:08:49Z,10.798485,conditional_non_push,,market_consensus_no_model,live_snapshot_not_T60,pinnacle,90289a5b1382bb11adcbf244,0.5,0.5,-100.0,-14.0,3,OK,-112,draftkings,-112,False,False,69.5,closest_offered_consensus_to_50pct_no_interpolation,,,,,UNSUPPORTED_PLAYER_PROP,0897c49705a05c04d65f1c02a830bc8446166ee6750153b629f2f4c40766b03b,4a14b3fdf51d13786a2e905526f21d4fe7601226e01da29583be8ff3210a7041,work/market-distribution-v1/artifacts/4a14b3fdf51d13786a2e905526f21d4fe7601226e01da29583be8ff3210a7041.json,,,False,False,none,False,,,eec35edb10ded38f
1575113e35a57e85f076711c,2026-09-06T21:08:59.798485+00:00,eec35edb10ded38f0500e83e9aaf8252f63479442c90d3b0d1ad36855ebf8efe,7e09efed7e12c659b82740b67ce2f9a1,1,2026-09-13T17:00:00Z,Houston Texans,Buffalo Bills,player_reception_yds,player_reception_yds,Nico Collins,69.5,Over,69.5,pinnacle,-114,1.8771929824561404,0.5000000000000001,1.1006222153512897,2026-09-06T21:08:57Z,2.798485,conditional_non_push,,market_consensus_no_model,live_snapshot_not_T60,pinnacle,90289a5b1382bb11adcbf244,0.5,0.5,-100.0,-14.0,3,OK,-112,draftkings,-112,False,False,69.5,closest_offered_consensus_to_50pct_no_interpolation,,,,,UNSUPPORTED_PLAYER_PROP,0897c49705a05c04d65f1c02a830bc8446166ee6750153b629f2f4c40766b03b,4a14b3fdf51d13786a2e905526f21d4fe7601226e01da29583be8ff3210a7041,work/market-distribution-v1/artifacts/4a14b3fdf51d13786a2e905526f21d4fe7601226e01da29583be8ff3210a7041.json,,,False,False,none,False,,,eec35edb10ded38f
cc3f5c92a18a915fe042948f,2026-09-06T21:08:59.798485+00:00,eec35edb10ded38f0500e83e9aaf8252f63479442c90d3b0d1ad36855ebf8efe,7e09efed7e12c659b82740b67ce2f9a1,1,2026-09-13T17:00:00Z,Houston Texans,Buffalo Bills,player_reception_yds,player_reception_yds,Nico Collins,69.5,Under,69.5,draftkings,-112,1.8928571428571428,0.5,1.086288769989248,2026-09-06T21:08:19Z,40.798485,conditional_non_push,,market_consensus_no_model,live_snapshot_not_T60,pinnacle,90289a5b1382bb11adcbf244,0.5,0.5,-100.0,-12.0,3,OK,-112,draftkings,-112,False,False,69.5,closest_offered_consensus_to_50pct_no_interpolation,,,,,UNSUPPORTED_PLAYER_PROP,0897c49705a05c04d65f1c02a830bc8446166ee6750153b629f2f4c40766b03b,4a14b3fdf51d13786a2e905526f21d4fe7601226e01da29583be8ff3210a7041,work/market-distribution-v1/artifacts/4a14b3fdf51d13786a2e905526f21d4fe7601226e01da29583be8ff3210a7041.json,,,False,False,none,False,,,eec35edb10ded38f
ac07b5dd8d52dd9bf0bd9a59,2026-09-06T21:08:59.798485+00:00,eec35edb10ded38f0500e83e9aaf8252f63479442c90d3b0d1ad36855ebf8efe,7e09efed7e12c659b82740b67ce2f9a1,1,2026-09-13T17:00:00Z,Houston Texans,Buffalo Bills,player_reception_yds,player_reception_yds,Nico Collins,69.5,Under,69.5,fanduel,-114,1.8771929824561404,0.5000000000000001,1.1006222153512897,2026-09-06T21:08:49Z,10.798485,conditional_non_push,,market_consensus_no_model,live_snapshot_not_T60,pinnacle,90289a5b1382bb11adcbf244,0.5,0.5,-100.0,-14.0,3,OK,-112,draftkings,-112,False,False,69.5,closest_offered_consensus_to_50pct_no_interpolation,,,,,UNSUPPORTED_PLAYER_PROP,0897c49705a05c04d65f1c02a830bc8446166ee6750153b629f2f4c40766b03b,4a14b3fdf51d13786a2e905526f21d4fe7601226e01da29583be8ff3210a7041,work/market-distribution-v1/artifacts/4a14b3fdf51d13786a2e905526f21d4fe7601226e01da29583be8ff3210a7041.json,,,False,False,none,False,,,eec35edb10ded38f
33e72f32272666c6010a8826,2026-09-06T21:08:59.798485+00:00,eec35edb10ded38f0500e83e9aaf8252f63479442c90d3b0d1ad36855ebf8efe,7e09efed7e12c659b82740b67ce2f9a1,1,2026-09-13T17:00:00Z,Houston Texans,Buffalo Bills,player_reception_yds,player_reception_yds,Nico Collins,69.5,Under,69.5,pinnacle,-114,1.8771929824561404,0.5000000000000001,1.1006222153512897,2026-09-06T21:08:57Z,2.798485,conditional_non_push,,market_consensus_no_model,live_snapshot_not_T60,pinnacle,90289a5b1382bb11adcbf244,0.5,0.5,-100.0,-14.0,3,OK,-112,draftkings,-112,False,False,69.5,closest_offered_consensus_to_50pct_no_interpolation,,,,,UNSUPPORTED_PLAYER_PROP,0897c49705a05c04d65f1c02a830bc8446166ee6750153b629f2f4c40766b03b,4a14b3fdf51d13786a2e905526f21d4fe7601226e01da29583be8ff3210a7041,work/market-distribution-v1/artifacts/4a14b3fdf51d13786a2e905526f21d4fe7601226e01da29583be8ff3210a7041.json,,,False,False,none,False,,,eec35edb10ded38f
86a81d9b65ccaf783f4bd313,2026-09-06T21:08:59.798485+00:00,eec35edb10ded38f0500e83e9aaf8252f63479442c90d3b0d1ad36855ebf8efe,7e09efed7e12c659b82740b67ce2f9a1,1,2026-09-13T17:00:00Z,Houston Texans,Buffalo Bills,player_reception_yds,player_reception_yds,Woody Marks,8.5,Over,8.5,draftkings,-119,1.8403361344537816,0.5148234861718956,1.088504142503858,2026-09-06T21:08:19Z,40.798485,conditional_non_push,,market_consensus_no_model,live_snapshot_not_T60,pinnacle,6d9a397dde8972b95658c56c,0.5148234861718954,0.5148234861718954,-106.11055389096897,-12.889446109031027,1,FEWER_THAN_TWO_BOOKS,-119,draftkings,-119,False,False,9.5,closest_offered_consensus_to_50pct_no_interpolation,,,,,UNSUPPORTED_PLAYER_PROP,0897c49705a05c04d65f1c02a830bc8446166ee6750153b629f2f4c40766b03b,4a14b3fdf51d13786a2e905526f21d4fe7601226e01da29583be8ff3210a7041,work/market-distribution-v1/artifacts/4a14b3fdf51d13786a2e905526f21d4fe7601226e01da29583be8ff3210a7041.json,,,False,False,none,False,,,eec35edb10ded38f
436c0b28fb280568bacf91bb,2026-09-06T21:08:59.798485+00:00,eec35edb10ded38f0500e83e9aaf8252f63479442c90d3b0d1ad36855ebf8efe,7e09efed7e12c659b82740b67ce2f9a1,1,2026-09-13T17:00:00Z,Houston Texans,Buffalo Bills,player_reception_yds,player_reception_yds,Woody Marks,8.5,Under,8.5,draftkings,-106,1.9433962264150944,0.4851765138281046,1.088504142503858,2026-09-06T21:08:19Z,40.798485,conditional_non_push,,market_consensus_no_model,live_snapshot_not_T60,pinnacle,6d9a397dde8972b95658c56c,0.4851765138281045,0.4851765138281045,106.11055389096899,-12.110553890968987,1,FEWER_THAN_TWO_BOOKS,-106,draftkings,-106,False,False,9.5,closest_offered_consensus_to_50pct_no_interpolation,,,,,UNSUPPORTED_PLAYER_PROP,0897c49705a05c04d65f1c02a830bc8446166ee6750153b629f2f4c40766b03b,4a14b3fdf51d13786a2e905526f21d4fe7601226e01da29583be8ff3210a7041,work/market-distribution-v1/artifacts/4a14b3fdf51d13786a2e905526f21d4fe7601226e01da29583be8ff3210a7041.json,,,False,False,none,False,,,eec35edb10ded38f
708d2766005acf48b885b778,2026-09-06T21:08:59.798485+00:00,eec35edb10ded38f0500e83e9aaf8252f63479442c90d3b0d1ad36855ebf8efe,7e09efed7e12c659b82740b67ce2f9a1,1,2026-09-13T17:00:00Z,Houston Texans,Buffalo Bills,player_reception_yds,player_reception_yds,Woody Marks,9.5,Over,9.5,fanduel,-114,1.8771929824561404,0.5000000000000001,1.1006222153512897,2026-09-06T21:08:49Z,10.798485,conditional_non_push,,market_consensus_no_model,live_snapshot_not_T60,pinnacle,b2f8fdd588ca1050358f5dd3,0.501120117291621,0.501120117291621,-100.44905290048577,-13.550947099514232,2,OK,-114,fanduel,-114,False,False,9.5,closest_offered_consensus_to_50pct_no_interpolation,,,,,UNSUPPORTED_PLAYER_PROP,0897c49705a05c04d65f1c02a830bc8446166ee6750153b629f2f4c40766b03b,4a14b3fdf51d13786a2e905526f21d4fe7601226e01da29583be8ff3210a7041,work/market-distribution-v1/artifacts/4a14b3fdf51d13786a2e905526f21d4fe7601226e01da29583be8ff3210a7041.json,,,False,False,none,False,,,eec35edb10ded38f
82b30cdee03d2b333bf35a1f,2026-09-06T21:08:59.798485+00:00,eec35edb10ded38f0500e83e9aaf8252f63479442c90d3b0d1ad36855ebf8efe,7e09efed7e12c659b82740b67ce2f9a1,1,2026-09-13T17:00:00Z,Houston Texans,Buffalo Bills,player_reception_yds,player_reception_yds,Woody Marks,9.5,Over,9.5,pinnacle,-116,1.8620689655172413,0.502240234583242,1.1077525686517928,2026-09-06T21:08:57Z,2.798485,conditional_non_push,,market_consensus_no_model,live_snapshot_not_T60,pinnacle,b2f8fdd588ca1050358f5dd3,0.501120117291621,0.501120117291621,-100.44905290048577,-15.550947099514232,2,OK,-114,fanduel,-114,False,False,9.5,closest_offered_consensus_to_50pct_no_interpolation,,,,,UNSUPPORTED_PLAYER_PROP,0897c49705a05c04d65f1c02a830bc8446166ee6750153b629f2f4c40766b03b,4a14b3fdf51d13786a2e905526f21d4fe7601226e01da29583be8ff3210a7041,work/market-distribution-v1/artifacts/4a14b3fdf51d13786a2e905526f21d4fe7601226e01da29583be8ff3210a7041.json,,,False,False,none,False,,,eec35edb10ded38f
3d8897837b0e947f325840e0,2026-09-06T21:08:59.798485+00:00,eec35edb10ded38f0500e83e9aaf8252f63479442c90d3b0d1ad36855ebf8efe,7e09efed7e12c659b82740b67ce2f9a1,1,2026-09-13T17:00:00Z,Houston Texans,Buffalo Bills,player_reception_yds,player_reception_yds,Woody Marks,9.5,Under,9.5,fanduel,-114,1.8771929824561404,0.5000000000000001,1.1006222153512897,2026-09-06T21:08:49Z,10.798485,conditional_non_push,,market_consensus_no_model,live_snapshot_not_T60,pinnacle,b2f8fdd588ca1050358f5dd3,0.498879882708379,0.498879882708379,100.44905290048577,-14.449052900485768,2,OK,-114,fanduel|pinnacle,-114,False,False,9.5,closest_offered_consensus_to_50pct_no_interpolation,,,,,UNSUPPORTED_PLAYER_PROP,0897c49705a05c04d65f1c02a830bc8446166ee6750153b629f2f4c40766b03b,4a14b3fdf51d13786a2e905526f21d4fe7601226e01da29583be8ff3210a7041,work/market-distribution-v1/artifacts/4a14b3fdf51d13786a2e905526f21d4fe7601226e01da29583be8ff3210a7041.json,,,False,False,none,False,,,eec35edb10ded38f
e627eb3e77364deec9ed2679,2026-09-06T21:08:59.798485+00:00,eec35edb10ded38f0500e83e9aaf8252f63479442c90d3b0d1ad36855ebf8efe,7e09efed7e12c659b82740b67ce2f9a1,1,2026-09-13T17:00:00Z,Houston Texans,Buffalo Bills,player_reception_yds,player_reception_yds,Woody Marks,9.5,Under,9.5,pinnacle,-114,1.8771929824561404,0.4977597654167582,1.1077525686517928,2026-09-06T21:08:57Z,2.798485,conditional_non_push,,market_consensus_no_model,live_snapshot_not_T60,pinnacle,b2f8fdd588ca1050358f5dd3,0.498879882708379,0.498879882708379,100.44905290048577,-14.449052900485768,2,OK,-114,fanduel|pinnacle,-114,False,False,9.5,closest_offered_consensus_to_50pct_no_interpolation,,,,,UNSUPPORTED_PLAYER_PROP,0897c49705a05c04d65f1c02a830bc8446166ee6750153b629f2f4c40766b03b,4a14b3fdf51d13786a2e905526f21d4fe7601226e01da29583be8ff3210a7041,work/market-distribution-v1/artifacts/4a14b3fdf51d13786a2e905526f21d4fe7601226e01da29583be8ff3210a7041.json,,,False,False,none,False,,,eec35edb10ded38f
0645b22238291835efafdd06,2026-09-06T21:08:59.798485+00:00,eec35edb10ded38f0500e83e9aaf8252f63479442c90d3b0d1ad36855ebf8efe,7e09efed7e12c659b82740b67ce2f9a1,1,2026-09-13T17:00:00Z,Houston Texans,Buffalo Bills,player_receptions,player_receptions,DJ Moore,3.5,Over,3.5,draftkings,-110,1.9090909090909092,0.4931848150141303,1.0931667198761938,2026-09-06T21:08:19Z,40.798485,conditional_non_push,,market_consensus_no_model,live_snapshot_not_T60,pinnacle,dfc8cda92f1479dcade8514e,0.49327872882454094,0.49327872882454094,102.72514129748733,-12.725141297487326,3,OK,-110,draftkings,-110,False,False,3.5,closest_offered_consensus_to_50pct_no_interpolation,,,,,UNSUPPORTED_PLAYER_PROP,0897c49705a05c04d65f1c02a830bc8446166ee6750153b629f2f4c40766b03b,4a14b3fdf51d13786a2e905526f21d4fe7601226e01da29583be8ff3210a7041,work/market-distribution-v1/artifacts/4a14b3fdf51d13786a2e905526f21d4fe7601226e01da29583be8ff3210a7041.json,,,False,False,none,False,,,eec35edb10ded38f
d99a92636b3dd90715b7c848,2026-09-06T21:08:59.798485+00:00,eec35edb10ded38f0500e83e9aaf8252f63479442c90d3b0d1ad36855ebf8efe,7e09efed7e12c659b82740b67ce2f9a1,1,2026-09-13T17:00:00Z,Houston Texans,Buffalo Bills,player_receptions,player_receptions,DJ Moore,3.5,Over,3.5,fanduel,-112,1.8928571428571428,0.49327872882454105,1.10749857792724,2026-09-06T21:08:49Z,10.798485,conditional_non_push,,market_consensus_no_model,live_snapshot_not_T60,pinnacle,dfc8cda92f1479dcade8514e,0.49327872882454094,0.49327872882454094,102.72514129748733,-14.725141297487326,3,OK,-110,draftkings,-110,False,False,3.5,closest_offered_consensus_to_50pct_no_interpolation,,,,,UNSUPPORTED_PLAYER_PROP,0897c49705a05c04d65f1c02a830bc8446166ee6750153b629f2f4c40766b03b,4a14b3fdf51d13786a2e905526f21d4fe7601226e01da29583be8ff3210a7041,work/market-distribution-v1/artifacts/4a14b3fdf51d13786a2e905526f21d4fe7601226e01da29583be8ff3210a7041.json,,,False,False,none,False,,,eec35edb10ded38f
762dfc5a540156c929f66bc7,2026-09-06T21:08:59.798485+00:00,eec35edb10ded38f0500e83e9aaf8252f63479442c90d3b0d1ad36855ebf8efe,7e09efed7e12c659b82740b67ce2f9a1,1,2026-09-13T17:00:00Z,Houston Texans,Buffalo Bills,player_receptions,player_receptions,DJ Moore,3.5,Over,3.5,pinnacle,-112,1.8928571428571428,0.49327872882454105,1.10749857792724,2026-09-06T21:08:57Z,2.798485,conditional_non_push,,market_consensus_no_model,live_snapshot_not_T60,pinnacle,dfc8cda92f1479dcade8514e,0.49327872882454094,0.49327872882454094,102.72514129748733,-14.725141297487326,3,OK,-110,draftkings,-110,False,False,3.5,closest_offered_consensus_to_50pct_no_interpolation,,,,,UNSUPPORTED_PLAYER_PROP,0897c49705a05c04d65f1c02a830bc8446166ee6750153b629f2f4c40766b03b,4a14b3fdf51d13786a2e905526f21d4fe7601226e01da29583be8ff3210a7041,work/market-distribution-v1/artifacts/4a14b3fdf51d13786a2e905526f21d4fe7601226e01da29583be8ff3210a7041.json,,,False,False,none,False,,,eec35edb10ded38f
0d09af786b23d356ceba782a,2026-09-06T21:08:59.798485+00:00,eec35edb10ded38f0500e83e9aaf8252f63479442c90d3b0d1ad36855ebf8efe,7e09efed7e12c659b82740b67ce2f9a1,1,2026-09-13T17:00:00Z,Houston Texans,Buffalo Bills,player_receptions,player_receptions,DJ Moore,3.5,Under,3.5,draftkings,-116,1.8620689655172413,0.5068151849858697,1.0931667198761938,2026-09-06T21:08:19Z,40.798485,conditional_non_push,,market_consensus_no_model,live_snapshot_not_T60,pinnacle,dfc8cda92f1479dcade8514e,0.5067212711754591,0.5067212711754591,-102.72514129748733,-13.274858702512674,3,OK,-116,draftkings,-116,False,False,3.5,closest_offered_consensus_to_50pct_no_interpolation,,,,,UNSUPPORTED_PLAYER_PROP,0897c49705a05c04d65f1c02a830bc8446166ee6750153b629f2f4c40766b03b,4a14b3fdf51d13786a2e905526f21d4fe7601226e01da29583be8ff3210a7041,work/market-distribution-v1/artifacts/4a14b3fdf51d13786a2e905526f21d4fe7601226e01da29583be8ff3210a7041.json,,,False,False,none,False,,,eec35edb10ded38f
45932905045f61de7e398669,2026-09-06T21:08:59.798485+00:00,eec35edb10ded38f0500e83e9aaf8252f63479442c90d3b0d1ad36855ebf8efe,7e09efed7e12c659b82740b67ce2f9a1,1,2026-09-13T17:00:00Z,Houston Texans,Buffalo Bills,player_receptions,player_receptions,DJ Moore,3.5,Under,3.5,fanduel,-118,1.847457627118644,0.5067212711754592,1.10749857792724,2026-09-06T21:08:49Z,10.798485,conditional_non_push,,market_consensus_no_model,live_snapshot_not_T60,pinnacle,dfc8cda92f1479dcade8514e,0.5067212711754591,0.5067212711754591,-102.72514129748733,-15.274858702512674,3,OK,-116,draftkings,-116,False,False,3.5,closest_offered_consensus_to_50pct_no_interpolation,,,,,UNSUPPORTED_PLAYER_PROP,0897c49705a05c04d65f1c02a830bc8446166ee6750153b629f2f4c40766b03b,4a14b3fdf51d13786a2e905526f21d4fe7601226e01da29583be8ff3210a7041,work/market-distribution-v1/artifacts/4a14b3fdf51d13786a2e905526f21d4fe7601226e01da29583be8ff3210a7041.json,,,False,False,none,False,,,eec35edb10ded38f
fbafc6bff4dd06ffbaeb0bc4,2026-09-06T21:08:59.798485+00:00,eec35edb10ded38f0500e83e9aaf8252f63479442c90d3b0d1ad36855ebf8efe,7e09efed7e12c659b82740b67ce2f9a1,1,2026-09-13T17:00:00Z,Houston Texans,Buffalo Bills,player_receptions,player_receptions,DJ Moore,3.5,Under,3.5,pinnacle,-118,1.847457627118644,0.5067212711754592,1.10749857792724,2026-09-06T21:08:57Z,2.798485,conditional_non_push,,market_consensus_no_model,live_snapshot_not_T60,pinnacle,dfc8cda92f1479dcade8514e,0.5067212711754591,0.5067212711754591,-102.72514129748733,-15.274858702512674,3,OK,-116,draftkings,-116,False,False,3.5,closest_offered_consensus_to_50pct_no_interpolation,,,,,UNSUPPORTED_PLAYER_PROP,0897c49705a05c04d65f1c02a830bc8446166ee6750153b629f2f4c40766b03b,4a14b3fdf51d13786a2e905526f21d4fe7601226e01da29583be8ff3210a7041,work/market-distribution-v1/artifacts/4a14b3fdf51d13786a2e905526f21d4fe7601226e01da29583be8ff3210a7041.json,,,False,False,none,False,,,eec35edb10ded38f
8cf9f1ecf2979856a6b9537c,2026-09-06T21:08:59.798485+00:00,eec35edb10ded38f0500e83e9aaf8252f63479442c90d3b0d1ad36855ebf8efe,7e09efed7e12c659b82740b67ce2f9a1,1,2026-09-13T17:00:00Z,Houston Texans,Buffalo Bills,player_receptions,player_receptions,Dalton Kincaid,3.5,Over,3.5,draftkings,101,2.01,0.4660939533629214,1.093439452854132,2026-09-06T21:08:19Z,40.798485,conditional_non_push,,market_consensus_no_model,live_snapshot_not_T60,pinnacle,c447ea760d6ac67edc984155,0.4687876505635508,0.4687876505635508,113.31619951973026,-12.316199519730262,3,OK,101,draftkings,101,False,False,3.5,closest_offered_consensus_to_50pct_no_interpolation,,,,,UNSUPPORTED_PLAYER_PROP,0897c49705a05c04d65f1c02a830bc8446166ee6750153b629f2f4c40766b03b,4a14b3fdf51d13786a2e905526f21d4fe7601226e01da29583be8ff3210a7041,work/market-distribution-v1/artifacts/4a14b3fdf51d13786a2e905526f21d4fe7601226e01da29583be8ff3210a7041.json,,,False,False,none,False,,,eec35edb10ded38f
2099a369f61fdb90f9f4718a,2026-09-06T21:08:59.798485+00:00,eec35edb10ded38f0500e83e9aaf8252f63479442c90d3b0d1ad36855ebf8efe,7e09efed7e12c659b82740b67ce2f9a1,1,2026-09-13T17:00:00Z,Houston Texans,Buffalo Bills,player_receptions,player_receptions,Dalton Kincaid,3.5,Over,3.5,fanduel,-102,1.9803921568627452,0.46878765056355093,1.1087531918228133,2026-09-06T21:08:49Z,10.798485,conditional_non_push,,market_consensus_no_model,live_snapshot_not_T60,pinnacle,c447ea760d6ac67edc984155,0.4687876505635508,0.4687876505635508,113.31619951973026,-15.316199519730262,3,OK,101,draftkings,101,False,False,3.5,closest_offered_consensus_to_50pct_no_interpolation,,,,,UNSUPPORTED_PLAYER_PROP,0897c49705a05c04d65f1c02a830bc8446166ee6750153b629f2f4c40766b03b,4a14b3fdf51d13786a2e905526f21d4fe7601226e01da29583be8ff3210a7041,work/market-distribution-v1/artifacts/4a14b3fdf51d13786a2e905526f21d4fe7601226e01da29583be8ff3210a7041.json,,,False,False,none,False,,,eec35edb10ded38f
37ad083551e3411a5a49a454,2026-09-06T21:08:59.798485+00:00,eec35edb10ded38f0500e83e9aaf8252f63479442c90d3b0d1ad36855ebf8efe,7e09efed7e12c659b82740b67ce2f9a1,1,2026-09-13T17:00:00Z,Houston Texans,Buffalo Bills,player_receptions,player_receptions,Dalton Kincaid,3.5,Over,3.5,pinnacle,-102,1.9803921568627452,0.46878765056355093,1.1087531918228133,2026-09-06T21:08:57Z,2.798485,conditional_non_push,,market_consensus_no_model,live_snapshot_not_T60,pinnacle,c447ea760d6ac67edc984155,0.4687876505635508,0.4687876505635508,113.31619951973026,-15.316199519730262,3,OK,101,draftkings,101,False,False,3.5,closest_offered_consensus_to_50pct_no_interpolation,,,,,UNSUPPORTED_PLAYER_PROP,0897c49705a05c04d65f1c02a830bc8446166ee6750153b629f2f4c40766b03b,4a14b3fdf51d13786a2e905526f21d4fe7601226e01da29583be8ff3210a7041,work/market-distribution-v1/artifacts/4a14b3fdf51d13786a2e905526f21d4fe7601226e01da29583be8ff3210a7041.json,,,False,False,none,False,,,eec35edb10ded38f
9c641f20892e73fe2873945a,2026-09-06T21:08:59.798485+00:00,eec35edb10ded38f0500e83e9aaf8252f63479442c90d3b0d1ad36855ebf8efe,7e09efed7e12c659b82740b67ce2f9a1,1,2026-09-13T17:00:00Z,Houston Texans,Buffalo Bills,player_receptions,player_receptions,Dalton Kincaid,3.5,Under,3.5,draftkings,-129,1.7751937984496124,0.5339060466370787,1.093439452854132,2026-09-06T21:08:19Z,40.798485,conditional_non_push,,market_consensus_no_model,live_snapshot_not_T60,pinnacle,c447ea760d6ac67edc984155,0.5312123494364492,0.5312123494364492,-113.31619951973029,-15.68380048026971,3,OK,-129,draftkings,-129,False,False,3.5,closest_offered_consensus_to_50pct_no_interpolation,,,,,UNSUPPORTED_PLAYER_PROP,0897c49705a05c04d65f1c02a830bc8446166ee6750153b629f2f4c40766b03b,4a14b3fdf51d13786a2e905526f21d4fe7601226e01da29583be8ff3210a7041,work/market-distribution-v1/artifacts/4a14b3fdf51d13786a2e905526f21d4fe7601226e01da29583be8ff3210a7041.json,,,False,False,none,False,,,eec35edb10ded38f
672d14064680008b95399b9c,2026-09-06T21:08:59.798485+00:00,eec35edb10ded38f0500e83e9aaf8252f63479442c90d3b0d1ad36855ebf8efe,7e09efed7e12c659b82740b67ce2f9a1,1,2026-09-13T17:00:00Z,Houston Texans,Buffalo Bills,player_receptions,player_receptions,Dalton Kincaid,3.5,Under,3.5,fanduel,-130,1.7692307692307692,0.5312123494364493,1.1087531918228133,2026-09-06T21:08:49Z,10.798485,conditional_non_push,,market_consensus_no_model,live_snapshot_not_T60,pinnacle,c447ea760d6ac67edc984155,0.5312123494364492,0.5312123494364492,-113.31619951973029,-16.68380048026971,3,OK,-129,draftkings,-129,False,False,3.5,closest_offered_consensus_to_50pct_no_interpolation,,,,,UNSUPPORTED_PLAYER_PROP,0897c49705a05c04d65f1c02a830bc8446166ee6750153b629f2f4c40766b03b,4a14b3fdf51d13786a2e905526f21d4fe7601226e01da29583be8ff3210a7041,work/market-distribution-v1/artifacts/4a14b3fdf51d13786a2e905526f21d4fe7601226e01da29583be8ff3210a7041.json,,,False,False,none,False,,,eec35edb10ded38f
e1bcea595d5528fe001a5e17,2026-09-06T21:08:59.798485+00:00,eec35edb10ded38f0500e83e9aaf8252f63479442c90d3b0d1ad36855ebf8efe,7e09efed7e12c659b82740b67ce2f9a1,1,2026-09-13T17:00:00Z,Houston Texans,Buffalo Bills,player_receptions,player_receptions,Dalton Kincaid,3.5,Under,3.5,pinnacle,-130,1.7692307692307692,0.5312123494364493,1.1087531918228133,2026-09-06T21:08:57Z,2.798485,conditional_non_push,,market_consensus_no_model,live_snapshot_not_T60,pinnacle,c447ea760d6ac67edc984155,0.5312123494364492,0.5312123494364492,-113.31619951973029,-16.68380048026971,3,OK,-129,draftkings,-129,False,False,3.5,closest_offered_consensus_to_50pct_no_interpolation,,,,,UNSUPPORTED_PLAYER_PROP,0897c49705a05c04d65f1c02a830bc8446166ee6750153b629f2f4c40766b03b,4a14b3fdf51d13786a2e905526f21d4fe7601226e01da29583be8ff3210a7041,work/market-distribution-v1/artifacts/4a14b3fdf51d13786a2e905526f21d4fe7601226e01da29583be8ff3210a7041.json,,,False,False,none,False,,,eec35edb10ded38f
e910a64a321808571e8ea402,2026-09-06T21:08:59.798485+00:00,eec35edb10ded38f0500e83e9aaf8252f63479442c90d3b0d1ad36855ebf8efe,7e09efed7e12c659b82740b67ce2f9a1,1,2026-09-13T17:00:00Z,Houston Texans,Buffalo Bills,player_receptions,player_receptions,Dalton Schultz,3.5,Over,3.5,draftkings,-139,1.7194244604316546,0.5531122515055404,1.092630358716821,2026-09-06T21:08:19Z,40.798485,conditional_non_push,,market_consensus_no_model,live_snapshot_not_T60,pinnacle,a204484f1df4cc010cb45101,0.5312123494364492,0.5312123494364492,-113.31619951973029,-25.68380048026971,3,OK,-130,fanduel|pinnacle,-130,False,False,3.5,closest_offered_consensus_to_50pct_no_interpolation,,,,,UNSUPPORTED_PLAYER_PROP,0897c49705a05c04d65f1c02a830bc8446166ee6750153b629f2f4c40766b03b,4a14b3fdf51d13786a2e905526f21d4fe7601226e01da29583be8ff3210a7041,work/market-distribution-v1/artifacts/4a14b3fdf51d13786a2e905526f21d4fe7601226e01da29583be8ff3210a7041.json,,,False,False,none,False,,,eec35edb10ded38f
bc1ace9012c614c704023c43,2026-09-06T21:08:59.798485+00:00,eec35edb10ded38f0500e83e9aaf8252f63479442c90d3b0d1ad36855ebf8efe,7e09efed7e12c659b82740b67ce2f9a1,1,2026-09-13T17:00:00Z,Houston Texans,Buffalo Bills,player_receptions,player_receptions,Dalton Schultz,3.5,Over,3.5,fanduel,-130,1.7692307692307692,0.5312123494364493,1.1087531918228133,2026-09-06T21:08:49Z,10.798485,conditional_non_push,,market_consensus_no_model,live_snapshot_not_T60,pinnacle,a204484f1df4cc010cb45101,0.5312123494364492,0.5312123494364492,-113.31619951973029,-16.68380048026971,3,OK,-130,fanduel|pinnacle,-130,False,False,3.5,closest_offered_consensus_to_50pct_no_interpolation,,,,,UNSUPPORTED_PLAYER_PROP,0897c49705a05c04d65f1c02a830bc8446166ee6750153b629f2f4c40766b03b,4a14b3fdf51d13786a2e905526f21d4fe7601226e01da29583be8ff3210a7041,work/market-distribution-v1/artifacts/4a14b3fdf51d13786a2e905526f21d4fe7601226e01da29583be8ff3210a7041.json,,,False,False,none,False,,,eec35edb10ded38f
fba5c9a00a3bf6522d2e2b35,2026-09-06T21:08:59.798485+00:00,eec35edb10ded38f0500e83e9aaf8252f63479442c90d3b0d1ad36855ebf8efe,7e09efed7e12c659b82740b67ce2f9a1,1,2026-09-13T17:00:00Z,Houston Texans,Buffalo Bills,player_receptions,player_receptions,Dalton Schultz,3.5,Over,3.5,pinnacle,-130,1.7692307692307692,0.5312123494364493,1.1087531918228133,2026-09-06T21:08:57Z,2.798485,conditional_non_push,,market_consensus_no_model,live_snapshot_not_T60,pinnacle,a204484f1df4cc010cb45101,0.5312123494364492,0.5312123494364492,-113.31619951973029,-16.68380048026971,3,OK,-130,fanduel|pinnacle,-130,False,False,3.5,closest_offered_consensus_to_50pct_no_interpolation,,,,,UNSUPPORTED_PLAYER_PROP,0897c49705a05c04d65f1c02a830bc8446166ee6750153b629f2f4c40766b03b,4a14b3fdf51d13786a2e905526f21d4fe7601226e01da29583be8ff3210a7041,work/market-distribution-v1/artifacts/4a14b3fdf51d13786a2e905526f21d4fe7601226e01da29583be8ff3210a7041.json,,,False,False,none,False,,,eec35edb10ded38f
528e5bc2c0fbbc41b6957853,2026-09-06T21:08:59.798485+00:00,eec35edb10ded38f0500e83e9aaf8252f63479442c90d3b0d1ad36855ebf8efe,7e09efed7e12c659b82740b67ce2f9a1,1,2026-09-13T17:00:00Z,Houston Texans,Buffalo Bills,player_receptions,player_receptions,Dalton Schultz,3.5,Under,3.5,draftkings,109,2.09,0.44688774849445967,1.092630358716821,2026-09-06T21:08:19Z,40.798485,conditional_non_push,,market_consensus_no_model,live_snapshot_not_T60,pinnacle,a204484f1df4cc010cb45101,0.4687876505635508,0.4687876505635508,113.31619951973026,-4.316199519730262,3,OK,109,draftkings,109,False,False,3.5,closest_offered_consensus_to_50pct_no_interpolation,,,,,UNSUPPORTED_PLAYER_PROP,0897c49705a05c04d65f1c02a830bc8446166ee6750153b629f2f4c40766b03b,4a14b3fdf51d13786a2e905526f21d4fe7601226e01da29583be8ff3210a7041,work/market-distribution-v1/artifacts/4a14b3fdf51d13786a2e905526f21d4fe7601226e01da29583be8ff3210a7041.json,,,False,False,none,False,,,eec35edb10ded38f
3517a3f14fbb80bb08b30403,2026-09-06T21:08:59.798485+00:00,eec35edb10ded38f0500e83e9aaf8252f63479442c90d3b0d1ad36855ebf8efe,7e09efed7e12c659b82740b67ce2f9a1,1,2026-09-13T17:00:00Z,Houston Texans,Buffalo Bills,player_receptions,player_receptions,Dalton Schultz,3.5,Under,3.5,fanduel,-102,1.9803921568627452,0.46878765056355093,1.1087531918228133,2026-09-06T21:08:49Z,10.798485,conditional_non_push,,market_consensus_no_model,live_snapshot_not_T60,pinnacle,a204484f1df4cc010cb45101,0.4687876505635508,0.4687876505635508,113.31619951973026,-15.316199519730262,3,OK,109,draftkings,109,False,False,3.5,closest_offered_consensus_to_50pct_no_interpolation,,,,,UNSUPPORTED_PLAYER_PROP,0897c49705a05c04d65f1c02a830bc8446166ee6750153b629f2f4c40766b03b,4a14b3fdf51d13786a2e905526f21d4fe7601226e01da29583be8ff3210a7041,work/market-distribution-v1/artifacts/4a14b3fdf51d13786a2e905526f21d4fe7601226e01da29583be8ff3210a7041.json,,,False,False,none,False,,,eec35edb10ded38f
da9fa6e5b2b0c0fe5d1d7e20,2026-09-06T21:08:59.798485+00:00,eec35edb10ded38f0500e83e9aaf8252f63479442c90d3b0d1ad36855ebf8efe,7e09efed7e12c659b82740b67ce2f9a1,1,2026-09-13T17:00:00Z,Houston Texans,Buffalo Bills,player_receptions,player_receptions,Dalton Schultz,3.5,Under,3.5,pinnacle,-102,1.9803921568627452,0.46878765056355093,1.1087531918228133,2026-09-06T21:08:57Z,2.798485,conditional_non_push,,market_consensus_no_model,live_snapshot_not_T60,pinnacle,a204484f1df4cc010cb45101,0.4687876505635508,0.4687876505635508,113.31619951973026,-15.316199519730262,3,OK,109,draftkings,109,False,False,3.5,closest_offered_consensus_to_50pct_no_interpolation,,,,,UNSUPPORTED_PLAYER_PROP,0897c49705a05c04d65f1c02a830bc8446166ee6750153b629f2f4c40766b03b,4a14b3fdf51d13786a2e905526f21d4fe7601226e01da29583be8ff3210a7041,work/market-distribution-v1/artifacts/4a14b3fdf51d13786a2e905526f21d4fe7601226e01da29583be8ff3210a7041.json,,,False,False,none,False,,,eec35edb10ded38f
32835a0af55bb075a73923b7,2026-09-06T21:08:59.798485+00:00,eec35edb10ded38f0500e83e9aaf8252f63479442c90d3b0d1ad36855ebf8efe,7e09efed7e12c659b82740b67ce2f9a1,1,2026-09-13T17:00:00Z,Houston Texans,Buffalo Bills,player_receptions,player_receptions,David Montgomery,1.5,Over,1.5,draftkings,-114,1.8771929824561404,0.5022715297677539,1.0934247995811064,2026-09-06T21:08:19Z,40.798485,conditional_non_push,,market_consensus_no_model,live_snapshot_not_T60,pinnacle,e6f91789c5b16b5032d61b51,0.4843104039087943,0.4843104039087943,106.47914889483165,-20.479148894831653,3,OK,-108,fanduel|pinnacle,-108,False,False,1.5,closest_offered_consensus_to_50pct_no_interpolation,,,,,UNSUPPORTED_PLAYER_PROP,0897c49705a05c04d65f1c02a830bc8446166ee6750153b629f2f4c40766b03b,4a14b3fdf51d13786a2e905526f21d4fe7601226e01da29583be8ff3210a7041,work/market-distribution-v1/artifacts/4a14b3fdf51d13786a2e905526f21d4fe7601226e01da29583be8ff3210a7041.json,,,False,False,none,False,,,eec35edb10ded38f
6ac3a72520278e14e0b5390e,2026-09-06T21:08:59.798485+00:00,eec35edb10ded38f0500e83e9aaf8252f63479442c90d3b0d1ad36855ebf8efe,7e09efed7e12c659b82740b67ce2f9a1,1,2026-09-13T17:00:00Z,Houston Texans,Buffalo Bills,player_receptions,player_receptions,David Montgomery,1.5,Over,1.5,fanduel,-108,1.925925925925926,0.48431040390879443,1.106227749357557,2026-09-06T21:08:49Z,10.798485,conditional_non_push,,market_consensus_no_model,live_snapshot_not_T60,pinnacle,e6f91789c5b16b5032d61b51,0.4843104039087943,0.4843104039087943,106.47914889483165,-14.479148894831653,3,OK,-108,fanduel|pinnacle,-108,False,False,1.5,closest_offered_consensus_to_50pct_no_interpolation,,,,,UNSUPPORTED_PLAYER_PROP,0897c49705a05c04d65f1c02a830bc8446166ee6750153b629f2f4c40766b03b,4a14b3fdf51d13786a2e905526f21d4fe7601226e01da29583be8ff3210a7041,work/market-distribution-v1/artifacts/4a14b3fdf51d13786a2e905526f21d4fe7601226e01da29583be8ff3210a7041.json,,,False,False,none,False,,,eec35edb10ded38f
81b0b0653b036ab94795e2dd,2026-09-06T21:08:59.798485+00:00,eec35edb10ded38f0500e83e9aaf8252f63479442c90d3b0d1ad36855ebf8efe,7e09efed7e12c659b82740b67ce2f9a1,1,2026-09-13T17:00:00Z,Houston Texans,Buffalo Bills,player_receptions,player_receptions,David Montgomery,1.5,Over,1.5,pinnacle,-108,1.925925925925926,0.48431040390879443,1.106227749357557,2026-09-06T21:08:57Z,2.798485,conditional_non_push,,market_consensus_no_model,live_snapshot_not_T60,pinnacle,e6f91789c5b16b5032d61b51,0.4843104039087943,0.4843104039087943,106.47914889483165,-14.479148894831653,3,OK,-108,fanduel|pinnacle,-108,False,False,1.5,closest_offered_consensus_to_50pct_no_interpolation,,,,,UNSUPPORTED_PLAYER_PROP,0897c49705a05c04d65f1c02a830bc8446166ee6750153b629f2f4c40766b03b,4a14b3fdf51d13786a2e905526f21d4fe7601226e01da29583be8ff3210a7041,work/market-distribution-v1/artifacts/4a14b3fdf51d13786a2e905526f21d4fe7601226e01da29583be8ff3210a7041.json,,,False,False,none,False,,,eec35edb10ded38f
03213aa9c1c464af0a651759,2026-09-06T21:08:59.798485+00:00,eec35edb10ded38f0500e83e9aaf8252f63479442c90d3b0d1ad36855ebf8efe,7e09efed7e12c659b82740b67ce2f9a1,1,2026-09-13T17:00:00Z,Houston Texans,Buffalo Bills,player_receptions,player_receptions,David Montgomery,1.5,Under,1.5,draftkings,-112,1.8928571428571428,0.4977284702322461,1.0934247995811064,2026-09-06T21:08:19Z,40.798485,conditional_non_push,,market_consensus_no_model,live_snapshot_not_T60,pinnacle,e6f91789c5b16b5032d61b51,0.5156895960912057,0.5156895960912057,-106.47914889483165,-5.520851105168347,3,OK,-112,draftkings,-112,False,False,1.5,closest_offered_consensus_to_50pct_no_interpolation,,,,,UNSUPPORTED_PLAYER_PROP,0897c49705a05c04d65f1c02a830bc8446166ee6750153b629f2f4c40766b03b,4a14b3fdf51d13786a2e905526f21d4fe7601226e01da29583be8ff3210a7041,work/market-distribution-v1/artifacts/4a14b3fdf51d13786a2e905526f21d4fe7601226e01da29583be8ff3210a7041.json,,,False,False,none,False,,,eec35edb10ded38f
47d775cf410d01578f1d2ab3,2026-09-06T21:08:59.798485+00:00,eec35edb10ded38f0500e83e9aaf8252f63479442c90d3b0d1ad36855ebf8efe,7e09efed7e12c659b82740b67ce2f9a1,1,2026-09-13T17:00:00Z,Houston Texans,Buffalo Bills,player_receptions,player_receptions,David Montgomery,1.5,Under,1.5,fanduel,-122,1.819672131147541,0.5156895960912058,1.106227749357557,2026-09-06T21:08:49Z,10.798485,conditional_non_push,,market_consensus_no_model,live_snapshot_not_T60,pinnacle,e6f91789c5b16b5032d61b51,0.5156895960912057,0.5156895960912057,-106.47914889483165,-15.520851105168347,3,OK,-112,draftkings,-112,False,False,1.5,closest_offered_consensus_to_50pct_no_interpolation,,,,,UNSUPPORTED_PLAYER_PROP,0897c49705a05c04d65f1c02a830bc8446166ee6750153b629f2f4c40766b03b,4a14b3fdf51d13786a2e905526f21d4fe7601226e01da29583be8ff3210a7041,work/market-distribution-v1/artifacts/4a14b3fdf51d13786a2e905526f21d4fe7601226e01da29583be8ff3210a7041.json,,,False,False,none,False,,,eec35edb10ded38f
8317790a6fdab09193edcf00,2026-09-06T21:08:59.798485+00:00,eec35edb10ded38f0500e83e9aaf8252f63479442c90d3b0d1ad36855ebf8efe,7e09efed7e12c659b82740b67ce2f9a1,1,2026-09-13T17:00:00Z,Houston Texans,Buffalo Bills,player_receptions,player_receptions,David Montgomery,1.5,Under,1.5,pinnacle,-122,1.819672131147541,0.5156895960912058,1.106227749357557,2026-09-06T21:08:57Z,2.798485,conditional_non_push,,market_consensus_no_model,live_snapshot_not_T60,pinnacle,e6f91789c5b16b5032d61b51,0.5156895960912057,0.5156895960912057,-106.47914889483165,-15.520851105168347,3,OK,-112,draftkings,-112,False,False,1.5,closest_offered_consensus_to_50pct_no_interpolation,,,,,UNSUPPORTED_PLAYER_PROP,0897c49705a05c04d65f1c02a830bc8446166ee6750153b629f2f4c40766b03b,4a14b3fdf51d13786a2e905526f21d4fe7601226e01da29583be8ff3210a7041,work/market-distribution-v1/artifacts/4a14b3fdf51d13786a2e905526f21d4fe7601226e01da29583be8ff3210a7041.json,,,False,False,none,False,,,eec35edb10ded38f
a79f5720939f00dbd3d4a543,2026-09-06T21:08:59.798485+00:00,eec35edb10ded38f0500e83e9aaf8252f63479442c90d3b0d1ad36855ebf8efe,7e09efed7e12c659b82740b67ce2f9a1,1,2026-09-13T17:00:00Z,Houston Texans,Buffalo Bills,player_receptions,player_receptions,Dawson Knox,1.5,Over,1.5,draftkings,-112,1.8928571428571428,0.4977284702322461,1.0934247995811064,2026-09-06T21:08:19Z,40.798485,conditional_non_push,,market_consensus_no_model,live_snapshot_not_T60,pinnacle,0e6d25b9c13ffe00c090acc1,0.4988642351161231,0.4988642351161231,100.45534027253429,-12.455340272534286,2,OK,-112,draftkings,-112,False,False,1.5,closest_offered_consensus_to_50pct_no_interpolation,,,,,UNSUPPORTED_PLAYER_PROP,0897c49705a05c04d65f1c02a830bc8446166ee6750153b629f2f4c40766b03b,4a14b3fdf51d13786a2e905526f21d4fe7601226e01da29583be8ff3210a7041,work/market-distribution-v1/artifacts/4a14b3fdf51d13786a2e905526f21d4fe7601226e01da29583be8ff3210a7041.json,,,False,False,none,False,,,eec35edb10ded38f
b45ba5bafc8f7966090b18c4,2026-09-06T21:08:59.798485+00:00,eec35edb10ded38f0500e83e9aaf8252f63479442c90d3b0d1ad36855ebf8efe,7e09efed7e12c659b82740b67ce2f9a1,1,2026-09-13T17:00:00Z,Houston Texans,Buffalo Bills,player_receptions,player_receptions,Dawson Knox,1.5,Over,1.5,fanduel,-114,1.8771929824561404,0.5000000000000001,1.1006222153512897,2026-09-06T21:08:49Z,10.798485,conditional_non_push,,market_consensus_no_model,live_snapshot_not_T60,pinnacle,0e6d25b9c13ffe00c090acc1,0.4988642351161231,0.4988642351161231,100.45534027253429,-14.455340272534286,2,OK,-112,draftkings,-112,False,False,1.5,closest_offered_consensus_to_50pct_no_interpolation,,,,,UNSUPPORTED_PLAYER_PROP,0897c49705a05c04d65f1c02a830bc8446166ee6750153b629f2f4c40766b03b,4a14b3fdf51d13786a2e905526f21d4fe7601226e01da29583be8ff3210a7041,work/market-distribution-v1/artifacts/4a14b3fdf51d13786a2e905526f21d4fe7601226e01da29583be8ff3210a7041.json,,,False,False,none,False,,,eec35edb10ded38f
18aaee42fe8c118f2dd4ac05,2026-09-06T21:08:59.798485+00:00,eec35edb10ded38f0500e83e9aaf8252f63479442c90d3b0d1ad36855ebf8efe,7e09efed7e12c659b82740b67ce2f9a1,1,2026-09-13T17:00:00Z,Houston Texans,Buffalo Bills,player_receptions,player_receptions,Dawson Knox,1.5,Under,1.5,draftkings,-114,1.8771929824561404,0.5022715297677539,1.0934247995811064,2026-09-06T21:08:19Z,40.798485,conditional_non_push,,market_consensus_no_model,live_snapshot_not_T60,pinnacle,0e6d25b9c13ffe00c090acc1,0.501135764883877,0.501135764883877,-100.45534027253431,-13.544659727465685,2,OK,-114,draftkings|fanduel,-114,False,False,1.5,closest_offered_consensus_to_50pct_no_interpolation,,,,,UNSUPPORTED_PLAYER_PROP,0897c49705a05c04d65f1c02a830bc8446166ee6750153b629f2f4c40766b03b,4a14b3fdf51d13786a2e905526f21d4fe7601226e01da29583be8ff3210a7041,work/market-distribution-v1/artifacts/4a14b3fdf51d13786a2e905526f21d4fe7601226e01da29583be8ff3210a7041.json,,,False,False,none,False,,,eec35edb10ded38f
603da1c98ebba3b9759d20f4,2026-09-06T21:08:59.798485+00:00,eec35edb10ded38f0500e83e9aaf8252f63479442c90d3b0d1ad36855ebf8efe,7e09efed7e12c659b82740b67ce2f9a1,1,2026-09-13T17:00:00Z,Houston Texans,Buffalo Bills,player_receptions,player_receptions,Dawson Knox,1.5,Under,1.5,fanduel,-114,1.8771929824561404,0.5000000000000001,1.1006222153512897,2026-09-06T21:08:49Z,10.798485,conditional_non_push,,market_consensus_no_model,live_snapshot_not_T60,pinnacle,0e6d25b9c13ffe00c090acc1,0.501135764883877,0.501135764883877,-100.45534027253431,-13.544659727465685,2,OK,-114,draftkings|fanduel,-114,False,False,1.5,closest_offered_consensus_to_50pct_no_interpolation,,,,,UNSUPPORTED_PLAYER_PROP,0897c49705a05c04d65f1c02a830bc8446166ee6750153b629f2f4c40766b03b,4a14b3fdf51d13786a2e905526f21d4fe7601226e01da29583be8ff3210a7041,work/market-distribution-v1/artifacts/4a14b3fdf51d13786a2e905526f21d4fe7601226e01da29583be8ff3210a7041.json,,,False,False,none,False,,,eec35edb10ded38f
632b6b6cad0d657a4a926593,2026-09-06T21:08:59.798485+00:00,eec35edb10ded38f0500e83e9aaf8252f63479442c90d3b0d1ad36855ebf8efe,7e09efed7e12c659b82740b67ce2f9a1,1,2026-09-13T17:00:00Z,Houston Texans,Buffalo Bills,player_receptions,player_receptions,James Cook,2.5,Over,2.5,draftkings,126,2.26,0.4102078634163435,1.0928743174790787,2026-09-06T21:08:19Z,40.798485,conditional_non_push,,market_consensus_no_model,live_snapshot_not_T60,pinnacle,13c8fdeb8e05ff45fae4c62a,0.38834080463047854,0.38834080463047854,157.5057753592335,-31.505775359233496,3,OK,134,fanduel|pinnacle,134,False,False,2.5,closest_offered_consensus_to_50pct_no_interpolation,,,,,UNSUPPORTED_PLAYER_PROP,0897c49705a05c04d65f1c02a830bc8446166ee6750153b629f2f4c40766b03b,4a14b3fdf51d13786a2e905526f21d4fe7601226e01da29583be8ff3210a7041,work/market-distribution-v1/artifacts/4a14b3fdf51d13786a2e905526f21d4fe7601226e01da29583be8ff3210a7041.json,,,False,False,none,False,,,eec35edb10ded38f
6c05ade86a399d072730448b,2026-09-06T21:08:59.798485+00:00,eec35edb10ded38f0500e83e9aaf8252f63479442c90d3b0d1ad36855ebf8efe,7e09efed7e12c659b82740b67ce2f9a1,1,2026-09-13T17:00:00Z,Houston Texans,Buffalo Bills,player_receptions,player_receptions,James Cook,2.5,Over,2.5,fanduel,134,2.34,0.38834080463047865,1.11259298762997,2026-09-06T21:08:49Z,10.798485,conditional_non_push,,market_consensus_no_model,live_snapshot_not_T60,pinnacle,13c8fdeb8e05ff45fae4c62a,0.38834080463047854,0.38834080463047854,157.5057753592335,-23.505775359233496,3,OK,134,fanduel|pinnacle,134,False,False,2.5,closest_offered_consensus_to_50pct_no_interpolation,,,,,UNSUPPORTED_PLAYER_PROP,0897c49705a05c04d65f1c02a830bc8446166ee6750153b629f2f4c40766b03b,4a14b3fdf51d13786a2e905526f21d4fe7601226e01da29583be8ff3210a7041,work/market-distribution-v1/artifacts/4a14b3fdf51d13786a2e905526f21d4fe7601226e01da29583be8ff3210a7041.json,,,False,False,none,False,,,eec35edb10ded38f
90a9dae0a623025403137143,2026-09-06T21:08:59.798485+00:00,eec35edb10ded38f0500e83e9aaf8252f63479442c90d3b0d1ad36855ebf8efe,7e09efed7e12c659b82740b67ce2f9a1,1,2026-09-13T17:00:00Z,Houston Texans,Buffalo Bills,player_receptions,player_receptions,James Cook,2.5,Over,2.5,pinnacle,134,2.34,0.38834080463047865,1.11259298762997,2026-09-06T21:08:57Z,2.798485,conditional_non_push,,market_consensus_no_model,live_snapshot_not_T60,pinnacle,13c8fdeb8e05ff45fae4c62a,0.38834080463047854,0.38834080463047854,157.5057753592335,-23.505775359233496,3,OK,134,fanduel|pinnacle,134,False,False,2.5,closest_offered_consensus_to_50pct_no_interpolation,,,,,UNSUPPORTED_PLAYER_PROP,0897c49705a05c04d65f1c02a830bc8446166ee6750153b629f2f4c40766b03b,4a14b3fdf51d13786a2e905526f21d4fe7601226e01da29583be8ff3210a7041,work/market-distribution-v1/artifacts/4a14b3fdf51d13786a2e905526f21d4fe7601226e01da29583be8ff3210a7041.json,,,False,False,none,False,,,eec35edb10ded38f
53fb694ab766f7f216d513ca,2026-09-06T21:08:59.798485+00:00,eec35edb10ded38f0500e83e9aaf8252f63479442c90d3b0d1ad36855ebf8efe,7e09efed7e12c659b82740b67ce2f9a1,1,2026-09-13T17:00:00Z,Houston Texans,Buffalo Bills,player_receptions,player_receptions,James Cook,2.5,Under,2.5,draftkings,-161,1.62111801242236,0.5897921365836566,1.0928743174790787,2026-09-06T21:08:19Z,40.798485,conditional_non_push,,market_consensus_no_model,live_snapshot_not_T60,pinnacle,13c8fdeb8e05ff45fae4c62a,0.6116591953695214,0.6116591953695214,-157.50577535923347,-3.4942246407665323,3,OK,-161,draftkings,-161,False,False,2.5,closest_offered_consensus_to_50pct_no_interpolation,,,,,UNSUPPORTED_PLAYER_PROP,0897c49705a05c04d65f1c02a830bc8446166ee6750153b629f2f4c40766b03b,4a14b3fdf51d13786a2e905526f21d4fe7601226e01da29583be8ff3210a7041,work/market-distribution-v1/artifacts/4a14b3fdf51d13786a2e905526f21d4fe7601226e01da29583be8ff3210a7041.json,,,False,False,none,False,,,eec35edb10ded38f
34bb1d4eae7a030690a3e14c,2026-09-06T21:08:59.798485+00:00,eec35edb10ded38f0500e83e9aaf8252f63479442c90d3b0d1ad36855ebf8efe,7e09efed7e12c659b82740b67ce2f9a1,1,2026-09-13T17:00:00Z,Houston Texans,Buffalo Bills,player_receptions,player_receptions,James Cook,2.5,Under,2.5,fanduel,-180,1.5555555555555556,0.6116591953695215,1.11259298762997,2026-09-06T21:08:49Z,10.798485,conditional_non_push,,market_consensus_no_model,live_snapshot_not_T60,pinnacle,13c8fdeb8e05ff45fae4c62a,0.6116591953695214,0.6116591953695214,-157.50577535923347,-22.494224640766532,3,OK,-161,draftkings,-161,False,False,2.5,closest_offered_consensus_to_50pct_no_interpolation,,,,,UNSUPPORTED_PLAYER_PROP,0897c49705a05c04d65f1c02a830bc8446166ee6750153b629f2f4c40766b03b,4a14b3fdf51d13786a2e905526f21d4fe7601226e01da29583be8ff3210a7041,work/market-distribution-v1/artifacts/4a14b3fdf51d13786a2e905526f21d4fe7601226e01da29583be8ff3210a7041.json,,,False,False,none,False,,,eec35edb10ded38f
4e1321e8ae1091079aa93c2a,2026-09-06T21:08:59.798485+00:00,eec35edb10ded38f0500e83e9aaf8252f63479442c90d3b0d1ad36855ebf8efe,7e09efed7e12c659b82740b67ce2f9a1,1,2026-09-13T17:00:00Z,Houston Texans,Buffalo Bills,player_receptions,player_receptions,James Cook,2.5,Under,2.5,pinnacle,-180,1.5555555555555556,0.6116591953695215,1.11259298762997,2026-09-06T21:08:57Z,2.798485,conditional_non_push,,market_consensus_no_model,live_snapshot_not_T60,pinnacle,13c8fdeb8e05ff45fae4c62a,0.6116591953695214,0.6116591953695214,-157.50577535923347,-22.494224640766532,3,OK,-161,draftkings,-161,False,False,2.5,closest_offered_consensus_to_50pct_no_interpolation,,,,,UNSUPPORTED_PLAYER_PROP,0897c49705a05c04d65f1c02a830bc8446166ee6750153b629f2f4c40766b03b,4a14b3fdf51d13786a2e905526f21d4fe7601226e01da29583be8ff3210a7041,work/market-distribution-v1/artifacts/4a14b3fdf51d13786a2e905526f21d4fe7601226e01da29583be8ff3210a7041.json,,,False,False,none,False,,,eec35edb10ded38f
656708f194286bebb63596ad,2026-09-06T21:08:59.798485+00:00,eec35edb10ded38f0500e83e9aaf8252f63479442c90d3b0d1ad36855ebf8efe,7e09efed7e12c659b82740b67ce2f9a1,1,2026-09-13T17:00:00Z,Houston Texans,Buffalo Bills,player_receptions,player_receptions,Kayshon Boutte,1.5,Over,1.5,draftkings,-157,1.6369426751592355,0.5836533614784946,1.0925628027300824,2026-09-06T21:08:19Z,40.798485,conditional_non_push,,market_consensus_no_model,live_snapshot_not_T60,pinnacle,16a2deef7b7629ace0054720,0.5796527091990533,0.5796527091990533,-137.89852388356294,-19.101476116437055,3,OK,-157,draftkings,-157,False,False,1.5,closest_offered_consensus_to_50pct_no_interpolation,,,,,UNSUPPORTED_PLAYER_PROP,0897c49705a05c04d65f1c02a830bc8446166ee6750153b629f2f4c40766b03b,4a14b3fdf51d13786a2e905526f21d4fe7601226e01da29583be8ff3210a7041,work/market-distribution-v1/artifacts/4a14b3fdf51d13786a2e905526f21d4fe7601226e01da29583be8ff3210a7041.json,,,False,False,none,False,,,eec35edb10ded38f
7f85b2c59b9de11dc0cdca4f,2026-09-06T21:08:59.798485+00:00,eec35edb10ded38f0500e83e9aaf8252f63479442c90d3b0d1ad36855ebf8efe,7e09efed7e12c659b82740b67ce2f9a1,1,2026-09-13T17:00:00Z,Houston Texans,Buffalo Bills,player_receptions,player_receptions,Kayshon Boutte,1.5,Over,1.5,fanduel,-158,1.6329113924050633,0.5796527091990534,1.1120831020846849,2026-09-06T21:08:49Z,10.798485,conditional_non_push,,market_consensus_no_model,live_snapshot_not_T60,pinnacle,16a2deef7b7629ace0054720,0.5796527091990533,0.5796527091990533,-137.89852388356294,-20.101476116437055,3,OK,-157,draftkings,-157,False,False,1.5,closest_offered_consensus_to_50pct_no_interpolation,,,,,UNSUPPORTED_PLAYER_PROP,0897c49705a05c04d65f1c02a830bc8446166ee6750153b629f2f4c40766b03b,4a14b3fdf51d13786a2e905526f21d4fe7601226e01da29583be8ff3210a7041,work/market-distribution-v1/artifacts/4a14b3fdf51d13786a2e905526f21d4fe7601226e01da29583be8ff3210a7041.json,,,False,False,none,False,,,eec35edb10ded38f
09c25b10c53ea7ea9f1a1a20,2026-09-06T21:08:59.798485+00:00,eec35edb10ded38f0500e83e9aaf8252f63479442c90d3b0d1ad36855ebf8efe,7e09efed7e12c659b82740b67ce2f9a1,1,2026-09-13T17:00:00Z,Houston Texans,Buffalo Bills,player_receptions,player_receptions,Kayshon Boutte,1.5,Over,1.5,pinnacle,-158,1.6329113924050633,0.5796527091990534,1.1120831020846849,2026-09-06T21:08:57Z,2.798485,conditional_non_push,,market_consensus_no_model,live_snapshot_not_T60,pinnacle,16a2deef7b7629ace0054720,0.5796527091990533,0.5796527091990533,-137.89852388356294,-20.101476116437055,3,OK,-157,draftkings,-157,False,False,1.5,closest_offered_consensus_to_50pct_no_interpolation,,,,,UNSUPPORTED_PLAYER_PROP,0897c49705a05c04d65f1c02a830bc8446166ee6750153b629f2f4c40766b03b,4a14b3fdf51d13786a2e905526f21d4fe7601226e01da29583be8ff3210a7041,work/market-distribution-v1/artifacts/4a14b3fdf51d13786a2e905526f21d4fe7601226e01da29583be8ff3210a7041.json,,,False,False,none,False,,,eec35edb10ded38f
0529c355b684aeeb373cbe34,2026-09-06T21:08:59.798485+00:00,eec35edb10ded38f0500e83e9aaf8252f63479442c90d3b0d1ad36855ebf8efe,7e09efed7e12c659b82740b67ce2f9a1,1,2026-09-13T17:00:00Z,Houston Texans,Buffalo Bills,player_receptions,player_receptions,Kayshon Boutte,1.5,Under,1.5,draftkings,123,2.23,0.4163466385215055,1.0925628027300824,2026-09-06T21:08:19Z,40.798485,conditional_non_push,,market_consensus_no_model,live_snapshot_not_T60,pinnacle,16a2deef7b7629ace0054720,0.4203472908009466,0.4203472908009466,137.89852388356297,-14.898523883562973,3,OK,123,draftkings,123,False,False,1.5,closest_offered_consensus_to_50pct_no_interpolation,,,,,UNSUPPORTED_PLAYER_PROP,0897c49705a05c04d65f1c02a830bc8446166ee6750153b629f2f4c40766b03b,4a14b3fdf51d13786a2e905526f21d4fe7601226e01da29583be8ff3210a7041,work/market-distribution-v1/artifacts/4a14b3fdf51d13786a2e905526f21d4fe7601226e01da29583be8ff3210a7041.json,,,False,False,none,False,,,eec35edb10ded38f
b30195c7a86cfe97b5f325de,2026-09-06T21:08:59.798485+00:00,eec35edb10ded38f0500e83e9aaf8252f63479442c90d3b0d1ad36855ebf8efe,7e09efed7e12c659b82740b67ce2f9a1,1,2026-09-13T17:00:00Z,Houston Texans,Buffalo Bills,player_receptions,player_receptions,Kayshon Boutte,1.5,Under,1.5,fanduel,118,2.1799999999999997,0.42034729080094674,1.1120831020846849,2026-09-06T21:08:49Z,10.798485,conditional_non_push,,market_consensus_no_model,live_snapshot_not_T60,pinnacle,16a2deef7b7629ace0054720,0.4203472908009466,0.4203472908009466,137.89852388356297,-19.898523883562973,3,OK,123,draftkings,123,False,False,1.5,closest_offered_consensus_to_50pct_no_interpolation,,,,,UNSUPPORTED_PLAYER_PROP,0897c49705a05c04d65f1c02a830bc8446166ee6750153b629f2f4c40766b03b,4a14b3fdf51d13786a2e905526f21d4fe7601226e01da29583be8ff3210a7041,work/market-distribution-v1/artifacts/4a14b3fdf51d13786a2e905526f21d4fe7601226e01da29583be8ff3210a7041.json,,,False,False,none,False,,,eec35edb10ded38f
4c58d19b2d6209bf48210b1c,2026-09-06T21:08:59.798485+00:00,eec35edb10ded38f0500e83e9aaf8252f63479442c90d3b0d1ad36855ebf8efe,7e09efed7e12c659b82740b67ce2f9a1,1,2026-09-13T17:00:00Z,Houston Texans,Buffalo Bills,player_receptions,player_receptions,Kayshon Boutte,1.5,Under,1.5,pinnacle,118,2.1799999999999997,0.42034729080094674,1.1120831020846849,2026-09-06T21:08:57Z,2.798485,conditional_non_push,,market_consensus_no_model,live_snapshot_not_T60,pinnacle,16a2deef7b7629ace0054720,0.4203472908009466,0.4203472908009466,137.89852388356297,-19.898523883562973,3,OK,123,draftkings,123,False,False,1.5,closest_offered_consensus_to_50pct_no_interpolation,,,,,UNSUPPORTED_PLAYER_PROP,0897c49705a05c04d65f1c02a830bc8446166ee6750153b629f2f4c40766b03b,4a14b3fdf51d13786a2e905526f21d4fe7601226e01da29583be8ff3210a7041,work/market-distribution-v1/artifacts/4a14b3fdf51d13786a2e905526f21d4fe7601226e01da29583be8ff3210a7041.json,,,False,False,none,False,,,eec35edb10ded38f
e6f53571198d9fad095a97d0,2026-09-06T21:08:59.798485+00:00,eec35edb10ded38f0500e83e9aaf8252f63479442c90d3b0d1ad36855ebf8efe,7e09efed7e12c659b82740b67ce2f9a1,1,2026-09-13T17:00:00Z,Houston Texans,Buffalo Bills,player_receptions,player_receptions,Khalil Shakir,3.5,Over,3.5,draftkings,-141,1.7092198581560285,0.557204169990079,1.091013318554852,2026-09-06T21:08:19Z,40.798485,conditional_non_push,,market_consensus_no_model,live_snapshot_not_T60,pinnacle,bbe9d224ba7094ee9595d227,0.5312123494364492,0.5312123494364492,-113.31619951973029,-27.68380048026971,3,OK,-130,fanduel|pinnacle,-130,False,False,3.5,closest_offered_consensus_to_50pct_no_interpolation,,,,,UNSUPPORTED_PLAYER_PROP,0897c49705a05c04d65f1c02a830bc8446166ee6750153b629f2f4c40766b03b,4a14b3fdf51d13786a2e905526f21d4fe7601226e01da29583be8ff3210a7041,work/market-distribution-v1/artifacts/4a14b3fdf51d13786a2e905526f21d4fe7601226e01da29583be8ff3210a7041.json,,,False,False,none,False,,,eec35edb10ded38f
dbecfbafd5591e6482b8f6ab,2026-09-06T21:08:59.798485+00:00,eec35edb10ded38f0500e83e9aaf8252f63479442c90d3b0d1ad36855ebf8efe,7e09efed7e12c659b82740b67ce2f9a1,1,2026-09-13T17:00:00Z,Houston Texans,Buffalo Bills,player_receptions,player_receptions,Khalil Shakir,3.5,Over,3.5,fanduel,-130,1.7692307692307692,0.5312123494364493,1.1087531918228133,2026-09-06T21:08:49Z,10.798485,conditional_non_push,,market_consensus_no_model,live_snapshot_not_T60,pinnacle,bbe9d224ba7094ee9595d227,0.5312123494364492,0.5312123494364492,-113.31619951973029,-16.68380048026971,3,OK,-130,fanduel|pinnacle,-130,False,False,3.5,closest_offered_consensus_to_50pct_no_interpolation,,,,,UNSUPPORTED_PLAYER_PROP,0897c49705a05c04d65f1c02a830bc8446166ee6750153b629f2f4c40766b03b,4a14b3fdf51d13786a2e905526f21d4fe7601226e01da29583be8ff3210a7041,work/market-distribution-v1/artifacts/4a14b3fdf51d13786a2e905526f21d4fe7601226e01da29583be8ff3210a7041.json,,,False,False,none,False,,,eec35edb10ded38f
0e8cce89c89a4c2aae6f21d6,2026-09-06T21:08:59.798485+00:00,eec35edb10ded38f0500e83e9aaf8252f63479442c90d3b0d1ad36855ebf8efe,7e09efed7e12c659b82740b67ce2f9a1,1,2026-09-13T17:00:00Z,Houston Texans,Buffalo Bills,player_receptions,player_receptions,Khalil Shakir,3.5,Over,3.5,pinnacle,-130,1.7692307692307692,0.5312123494364493,1.1087531918228133,2026-09-06T21:08:57Z,2.798485,conditional_non_push,,market_consensus_no_model,live_snapshot_not_T60,pinnacle,bbe9d224ba7094ee9595d227,0.5312123494364492,0.5312123494364492,-113.31619951973029,-16.68380048026971,3,OK,-130,fanduel|pinnacle,-130,False,False,3.5,closest_offered_consensus_to_50pct_no_interpolation,,,,,UNSUPPORTED_PLAYER_PROP,0897c49705a05c04d65f1c02a830bc8446166ee6750153b629f2f4c40766b03b,4a14b3fdf51d13786a2e905526f21d4fe7601226e01da29583be8ff3210a7041,work/market-distribution-v1/artifacts/4a14b3fdf51d13786a2e905526f21d4fe7601226e01da29583be8ff3210a7041.json,,,False,False,none,False,,,eec35edb10ded38f
6ee8c08b6749a1d5848d1769,2026-09-06T21:08:59.798485+00:00,eec35edb10ded38f0500e83e9aaf8252f63479442c90d3b0d1ad36855ebf8efe,7e09efed7e12c659b82740b67ce2f9a1,1,2026-09-13T17:00:00Z,Houston Texans,Buffalo Bills,player_receptions,player_receptions,Khalil Shakir,3.5,Under,3.5,draftkings,111,2.1100000000000003,0.4427958300099209,1.091013318554852,2026-09-06T21:08:19Z,40.798485,conditional_non_push,,market_consensus_no_model,live_snapshot_not_T60,pinnacle,bbe9d224ba7094ee9595d227,0.4687876505635508,0.4687876505635508,113.31619951973026,-2.3161995197302616,3,OK,111,draftkings,111,False,False,3.5,closest_offered_consensus_to_50pct_no_interpolation,,,,,UNSUPPORTED_PLAYER_PROP,0897c49705a05c04d65f1c02a830bc8446166ee6750153b629f2f4c40766b03b,4a14b3fdf51d13786a2e905526f21d4fe7601226e01da29583be8ff3210a7041,work/market-distribution-v1/artifacts/4a14b3fdf51d13786a2e905526f21d4fe7601226e01da29583be8ff3210a7041.json,,,False,False,none,False,,,eec35edb10ded38f
72ff0a91202f24e56ac8ab6d,2026-09-06T21:08:59.798485+00:00,eec35edb10ded38f0500e83e9aaf8252f63479442c90d3b0d1ad36855ebf8efe,7e09efed7e12c659b82740b67ce2f9a1,1,2026-09-13T17:00:00Z,Houston Texans,Buffalo Bills,player_receptions,player_receptions,Khalil Shakir,3.5,Under,3.5,fanduel,-102,1.9803921568627452,0.46878765056355093,1.1087531918228133,2026-09-06T21:08:49Z,10.798485,conditional_non_push,,market_consensus_no_model,live_snapshot_not_T60,pinnacle,bbe9d224ba7094ee9595d227,0.4687876505635508,0.4687876505635508,113.31619951973026,-15.316199519730262,3,OK,111,draftkings,111,False,False,3.5,closest_offered_consensus_to_50pct_no_interpolation,,,,,UNSUPPORTED_PLAYER_PROP,0897c49705a05c04d65f1c02a830bc8446166ee6750153b629f2f4c40766b03b,4a14b3fdf51d13786a2e905526f21d4fe7601226e01da29583be8ff3210a7041,work/market-distribution-v1/artifacts/4a14b3fdf51d13786a2e905526f21d4fe7601226e01da29583be8ff3210a7041.json,,,False,False,none,False,,,eec35edb10ded38f
2492edbbf7f63e4d3e963193,2026-09-06T21:08:59.798485+00:00,eec35edb10ded38f0500e83e9aaf8252f63479442c90d3b0d1ad36855ebf8efe,7e09efed7e12c659b82740b67ce2f9a1,1,2026-09-13T17:00:00Z,Houston Texans,Buffalo Bills,player_receptions,player_receptions,Khalil Shakir,3.5,Under,3.5,pinnacle,-102,1.9803921568627452,0.46878765056355093,1.1087531918228133,2026-09-06T21:08:57Z,2.798485,conditional_non_push,,market_consensus_no_model,live_snapshot_not_T60,pinnacle,bbe9d224ba7094ee9595d227,0.4687876505635508,0.4687876505635508,113.31619951973026,-15.316199519730262,3,OK,111,draftkings,111,False,False,3.5,closest_offered_consensus_to_50pct_no_interpolation,,,,,UNSUPPORTED_PLAYER_PROP,0897c49705a05c04d65f1c02a830bc8446166ee6750153b629f2f4c40766b03b,4a14b3fdf51d13786a2e905526f21d4fe7601226e01da29583be8ff3210a7041,work/market-distribution-v1/artifacts/4a14b3fdf51d13786a2e905526f21d4fe7601226e01da29583be8ff3210a7041.json,,,False,False,none,False,,,eec35edb10ded38f
df722f6e6d52c456522b3300,2026-09-06T21:08:59.798485+00:00,eec35edb10ded38f0500e83e9aaf8252f63479442c90d3b0d1ad36855ebf8efe,7e09efed7e12c659b82740b67ce2f9a1,1,2026-09-13T17:00:00Z,Houston Texans,Buffalo Bills,player_receptions,player_receptions,Nico Collins,5.5,Over,5.5,draftkings,102,2.02,0.46385765211130386,1.0925619072705293,2026-09-06T21:08:19Z,40.798485,conditional_non_push,,market_consensus_no_model,live_snapshot_not_T60,pinnacle,7c8c8425c050b648e131c327,0.45790670755727997,0.45790670755727997,118.38509536899697,-16.38509536899697,3,OK,105,pinnacle,102,False,False,5.5,closest_offered_consensus_to_50pct_no_interpolation,,,,,UNSUPPORTED_PLAYER_PROP,0897c49705a05c04d65f1c02a830bc8446166ee6750153b629f2f4c40766b03b,4a14b3fdf51d13786a2e905526f21d4fe7601226e01da29583be8ff3210a7041,work/market-distribution-v1/artifacts/4a14b3fdf51d13786a2e905526f21d4fe7601226e01da29583be8ff3210a7041.json,,,False,False,none,False,,,eec35edb10ded38f
65a96205c0634e1ff195c480,2026-09-06T21:08:59.798485+00:00,eec35edb10ded38f0500e83e9aaf8252f63479442c90d3b0d1ad36855ebf8efe,7e09efed7e12c659b82740b67ce2f9a1,1,2026-09-13T17:00:00Z,Houston Texans,Buffalo Bills,player_receptions,player_receptions,Nico Collins,5.5,Over,5.5,fanduel,102,2.02,0.4579067075572801,1.1109267181682543,2026-09-06T21:08:49Z,10.798485,conditional_non_push,,market_consensus_no_model,live_snapshot_not_T60,pinnacle,7c8c8425c050b648e131c327,0.45790670755727997,0.45790670755727997,118.38509536899697,-16.38509536899697,3,OK,105,pinnacle,102,False,False,5.5,closest_offered_consensus_to_50pct_no_interpolation,,,,,UNSUPPORTED_PLAYER_PROP,0897c49705a05c04d65f1c02a830bc8446166ee6750153b629f2f4c40766b03b,4a14b3fdf51d13786a2e905526f21d4fe7601226e01da29583be8ff3210a7041,work/market-distribution-v1/artifacts/4a14b3fdf51d13786a2e905526f21d4fe7601226e01da29583be8ff3210a7041.json,,,False,False,none,False,,,eec35edb10ded38f
d7ab8e05decf7bb447e9bdad,2026-09-06T21:08:59.798485+00:00,eec35edb10ded38f0500e83e9aaf8252f63479442c90d3b0d1ad36855ebf8efe,7e09efed7e12c659b82740b67ce2f9a1,1,2026-09-13T17:00:00Z,Houston Texans,Buffalo Bills,player_receptions,player_receptions,Nico Collins,5.5,Over,5.5,pinnacle,105,2.05,0.45144725159694993,1.1079028353980704,2026-09-06T21:08:57Z,2.798485,conditional_non_push,,market_consensus_no_model,live_snapshot_not_T60,pinnacle,7c8c8425c050b648e131c327,0.45790670755727997,0.45790670755727997,118.38509536899697,-13.385095368996971,3,OK,105,pinnacle,102,False,False,5.5,closest_offered_consensus_to_50pct_no_interpolation,,,,,UNSUPPORTED_PLAYER_PROP,0897c49705a05c04d65f1c02a830bc8446166ee6750153b629f2f4c40766b03b,4a14b3fdf51d13786a2e905526f21d4fe7601226e01da29583be8ff3210a7041,work/market-distribution-v1/artifacts/4a14b3fdf51d13786a2e905526f21d4fe7601226e01da29583be8ff3210a7041.json,,,False,False,none,False,,,eec35edb10ded38f
d351a83737b78a8fffd9315c,2026-09-06T21:08:59.798485+00:00,eec35edb10ded38f0500e83e9aaf8252f63479442c90d3b0d1ad36855ebf8efe,7e09efed7e12c659b82740b67ce2f9a1,1,2026-09-13T17:00:00Z,Houston Texans,Buffalo Bills,player_receptions,player_receptions,Nico Collins,5.5,Under,5.5,draftkings,-130,1.7692307692307692,0.5361423478886963,1.0925619072705293,2026-09-06T21:08:19Z,40.798485,conditional_non_push,,market_consensus_no_model,live_snapshot_not_T60,pinnacle,7c8c8425c050b648e131c327,0.5420932924427201,0.5420932924427201,-118.38509536899701,-11.614904631002986,3,OK,-130,draftkings,-130,False,False,5.5,closest_offered_consensus_to_50pct_no_interpolation,,,,,UNSUPPORTED_PLAYER_PROP,0897c49705a05c04d65f1c02a830bc8446166ee6750153b629f2f4c40766b03b,4a14b3fdf51d13786a2e905526f21d4fe7601226e01da29583be8ff3210a7041,work/market-distribution-v1/artifacts/4a14b3fdf51d13786a2e905526f21d4fe7601226e01da29583be8ff3210a7041.json,,,False,False,none,False,,,eec35edb10ded38f
014f67a47d0d04bcaf5b81a2,2026-09-06T21:08:59.798485+00:00,eec35edb10ded38f0500e83e9aaf8252f63479442c90d3b0d1ad36855ebf8efe,7e09efed7e12c659b82740b67ce2f9a1,1,2026-09-13T17:00:00Z,Houston Texans,Buffalo Bills,player_receptions,player_receptions,Nico Collins,5.5,Under,5.5,fanduel,-136,1.7352941176470589,0.5420932924427202,1.1109267181682543,2026-09-06T21:08:49Z,10.798485,conditional_non_push,,market_consensus_no_model,live_snapshot_not_T60,pinnacle,7c8c8425c050b648e131c327,0.5420932924427201,0.5420932924427201,-118.38509536899701,-17.614904631002986,3,OK,-130,draftkings,-130,False,False,5.5,closest_offered_consensus_to_50pct_no_interpolation,,,,,UNSUPPORTED_PLAYER_PROP,0897c49705a05c04d65f1c02a830bc8446166ee6750153b629f2f4c40766b03b,4a14b3fdf51d13786a2e905526f21d4fe7601226e01da29583be8ff3210a7041,work/market-distribution-v1/artifacts/4a14b3fdf51d13786a2e905526f21d4fe7601226e01da29583be8ff3210a7041.json,,,False,False,none,False,,,eec35edb10ded38f
5a0490661505ecd610ac9b85,2026-09-06T21:08:59.798485+00:00,eec35edb10ded38f0500e83e9aaf8252f63479442c90d3b0d1ad36855ebf8efe,7e09efed7e12c659b82740b67ce2f9a1,1,2026-09-13T17:00:00Z,Houston Texans,Buffalo Bills,player_receptions,player_receptions,Nico Collins,5.5,Under,5.5,pinnacle,-139,1.7194244604316546,0.5485527484030502,1.1079028353980704,2026-09-06T21:08:57Z,2.798485,conditional_non_push,,market_consensus_no_model,live_snapshot_not_T60,pinnacle,7c8c8425c050b648e131c327,0.5420932924427201,0.5420932924427201,-118.38509536899701,-20.614904631002986,3,OK,-130,draftkings,-130,False,False,5.5,closest_offered_consensus_to_50pct_no_interpolation,,,,,UNSUPPORTED_PLAYER_PROP,0897c49705a05c04d65f1c02a830bc8446166ee6750153b629f2f4c40766b03b,4a14b3fdf51d13786a2e905526f21d4fe7601226e01da29583be8ff3210a7041,work/market-distribution-v1/artifacts/4a14b3fdf51d13786a2e905526f21d4fe7601226e01da29583be8ff3210a7041.json,,,False,False,none,False,,,eec35edb10ded38f
d18fe3604c6e7341c3e464f0,2026-09-06T21:08:59.798485+00:00,eec35edb10ded38f0500e83e9aaf8252f63479442c90d3b0d1ad36855ebf8efe,7e09efed7e12c659b82740b67ce2f9a1,1,2026-09-13T17:00:00Z,Houston Texans,Buffalo Bills,player_rush_yds,player_rush_yds,C.J. Stroud,10.5,Over,10.5,fanduel,-114,1.8771929824561404,0.5000000000000001,1.1006222153512897,2026-09-06T21:08:49Z,10.798485,conditional_non_push,,market_consensus_no_model,live_snapshot_not_T60,pinnacle,e25abad666634f5e95b47be5,0.5,0.5,-100.0,-14.0,2,OK,-114,fanduel|pinnacle,-114,False,False,10.5,closest_offered_consensus_to_50pct_no_interpolation,,,,,UNSUPPORTED_PLAYER_PROP,0897c49705a05c04d65f1c02a830bc8446166ee6750153b629f2f4c40766b03b,4a14b3fdf51d13786a2e905526f21d4fe7601226e01da29583be8ff3210a7041,work/market-distribution-v1/artifacts/4a14b3fdf51d13786a2e905526f21d4fe7601226e01da29583be8ff3210a7041.json,,,False,False,none,False,,,eec35edb10ded38f
751322c016a7ae1662d48a19,2026-09-06T21:08:59.798485+00:00,eec35edb10ded38f0500e83e9aaf8252f63479442c90d3b0d1ad36855ebf8efe,7e09efed7e12c659b82740b67ce2f9a1,1,2026-09-13T17:00:00Z,Houston Texans,Buffalo Bills,player_rush_yds,player_rush_yds,C.J. Stroud,10.5,Over,10.5,pinnacle,-114,1.8771929824561404,0.5000000000000001,1.1006222153512897,2026-09-06T21:08:57Z,2.798485,conditional_non_push,,market_consensus_no_model,live_snapshot_not_T60,pinnacle,e25abad666634f5e95b47be5,0.5,0.5,-100.0,-14.0,2,OK,-114,fanduel|pinnacle,-114,False,False,10.5,closest_offered_consensus_to_50pct_no_interpolation,,,,,UNSUPPORTED_PLAYER_PROP,0897c49705a05c04d65f1c02a830bc8446166ee6750153b629f2f4c40766b03b,4a14b3fdf51d13786a2e905526f21d4fe7601226e01da29583be8ff3210a7041,work/market-distribution-v1/artifacts/4a14b3fdf51d13786a2e905526f21d4fe7601226e01da29583be8ff3210a7041.json,,,False,False,none,False,,,eec35edb10ded38f
d50c86df5d4a2952e5c8a5cf,2026-09-06T21:08:59.798485+00:00,eec35edb10ded38f0500e83e9aaf8252f63479442c90d3b0d1ad36855ebf8efe,7e09efed7e12c659b82740b67ce2f9a1,1,2026-09-13T17:00:00Z,Houston Texans,Buffalo Bills,player_rush_yds,player_rush_yds,C.J. Stroud,10.5,Under,10.5,fanduel,-114,1.8771929824561404,0.5000000000000001,1.1006222153512897,2026-09-06T21:08:49Z,10.798485,conditional_non_push,,market_consensus_no_model,live_snapshot_not_T60,pinnacle,e25abad666634f5e95b47be5,0.5,0.5,-100.0,-14.0,2,OK,-114,fanduel|pinnacle,-114,False,False,10.5,closest_offered_consensus_to_50pct_no_interpolation,,,,,UNSUPPORTED_PLAYER_PROP,0897c49705a05c04d65f1c02a830bc8446166ee6750153b629f2f4c40766b03b,4a14b3fdf51d13786a2e905526f21d4fe7601226e01da29583be8ff3210a7041,work/market-distribution-v1/artifacts/4a14b3fdf51d13786a2e905526f21d4fe7601226e01da29583be8ff3210a7041.json,,,False,False,none,False,,,eec35edb10ded38f
d07ab3a48711239d975d80b2,2026-09-06T21:08:59.798485+00:00,eec35edb10ded38f0500e83e9aaf8252f63479442c90d3b0d1ad36855ebf8efe,7e09efed7e12c659b82740b67ce2f9a1,1,2026-09-13T17:00:00Z,Houston Texans,Buffalo Bills,player_rush_yds,player_rush_yds,C.J. Stroud,10.5,Under,10.5,pinnacle,-114,1.8771929824561404,0.5000000000000001,1.1006222153512897,2026-09-06T21:08:57Z,2.798485,conditional_non_push,,market_consensus_no_model,live_snapshot_not_T60,pinnacle,e25abad666634f5e95b47be5,0.5,0.5,-100.0,-14.0,2,OK,-114,fanduel|pinnacle,-114,False,False,10.5,closest_offered_consensus_to_50pct_no_interpolation,,,,,UNSUPPORTED_PLAYER_PROP,0897c49705a05c04d65f1c02a830bc8446166ee6750153b629f2f4c40766b03b,4a14b3fdf51d13786a2e905526f21d4fe7601226e01da29583be8ff3210a7041,work/market-distribution-v1/artifacts/4a14b3fdf51d13786a2e905526f21d4fe7601226e01da29583be8ff3210a7041.json,,,False,False,none,False,,,eec35edb10ded38f
ddc36c901fa8512024e697b0,2026-09-06T21:08:59.798485+00:00,eec35edb10ded38f0500e83e9aaf8252f63479442c90d3b0d1ad36855ebf8efe,7e09efed7e12c659b82740b67ce2f9a1,1,2026-09-13T17:00:00Z,Houston Texans,Buffalo Bills,player_rush_yds,player_rush_yds,C.J. Stroud,9.5,Over,9.5,draftkings,-109,1.9174311926605505,0.4931368083034301,1.0859960740703234,2026-09-06T21:08:19Z,40.798485,conditional_non_push,,market_consensus_no_model,live_snapshot_not_T60,pinnacle,e6a649ad3be6f5b4088e3402,0.4931368083034301,0.4931368083034301,102.78348384505378,-11.78348384505378,1,FEWER_THAN_TWO_BOOKS,-109,draftkings,-109,False,False,10.5,closest_offered_consensus_to_50pct_no_interpolation,,,,,UNSUPPORTED_PLAYER_PROP,0897c49705a05c04d65f1c02a830bc8446166ee6750153b629f2f4c40766b03b,4a14b3fdf51d13786a2e905526f21d4fe7601226e01da29583be8ff3210a7041,work/market-distribution-v1/artifacts/4a14b3fdf51d13786a2e905526f21d4fe7601226e01da29583be8ff3210a7041.json,,,False,False,none,False,,,eec35edb10ded38f
11a742f2107d8e29fb566245,2026-09-06T21:08:59.798485+00:00,eec35edb10ded38f0500e83e9aaf8252f63479442c90d3b0d1ad36855ebf8efe,7e09efed7e12c659b82740b67ce2f9a1,1,2026-09-13T17:00:00Z,Houston Texans,Buffalo Bills,player_rush_yds,player_rush_yds,C.J. Stroud,9.5,Under,9.5,draftkings,-115,1.8695652173913042,0.50686319169657,1.0859960740703234,2026-09-06T21:08:19Z,40.798485,conditional_non_push,,market_consensus_no_model,live_snapshot_not_T60,pinnacle,e6a649ad3be6f5b4088e3402,0.50686319169657,0.50686319169657,-102.78348384505384,-12.216516154946163,1,FEWER_THAN_TWO_BOOKS,-115,draftkings,-115,False,False,10.5,closest_offered_consensus_to_50pct_no_interpolation,,,,,UNSUPPORTED_PLAYER_PROP,0897c49705a05c04d65f1c02a830bc8446166ee6750153b629f2f4c40766b03b,4a14b3fdf51d13786a2e905526f21d4fe7601226e01da29583be8ff3210a7041,work/market-distribution-v1/artifacts/4a14b3fdf51d13786a2e905526f21d4fe7601226e01da29583be8ff3210a7041.json,,,False,False,none,False,,,eec35edb10ded38f
0ba3df29c008cb1bedf47c86,2026-09-06T21:08:59.798485+00:00,eec35edb10ded38f0500e83e9aaf8252f63479442c90d3b0d1ad36855ebf8efe,7e09efed7e12c659b82740b67ce2f9a1,1,2026-09-13T17:00:00Z,Houston Texans,Buffalo Bills,player_rush_yds,player_rush_yds,David Montgomery,53.5,Over,53.5,fanduel,-114,1.8771929824561404,0.5000000000000001,1.1006222153512897,2026-09-06T21:08:49Z,10.798485,conditional_non_push,,market_consensus_no_model,live_snapshot_not_T60,pinnacle,1d3e82a57e2febd227b82e69,0.5,0.5,-100.0,-14.0,2,OK,-114,fanduel|pinnacle,-114,False,False,53.5,closest_offered_consensus_to_50pct_no_interpolation,,,,,UNSUPPORTED_PLAYER_PROP,0897c49705a05c04d65f1c02a830bc8446166ee6750153b629f2f4c40766b03b,4a14b3fdf51d13786a2e905526f21d4fe7601226e01da29583be8ff3210a7041,work/market-distribution-v1/artifacts/4a14b3fdf51d13786a2e905526f21d4fe7601226e01da29583be8ff3210a7041.json,,,False,False,none,False,,,eec35edb10ded38f
6d6044dfdc34a6e433492794,2026-09-06T21:08:59.798485+00:00,eec35edb10ded38f0500e83e9aaf8252f63479442c90d3b0d1ad36855ebf8efe,7e09efed7e12c659b82740b67ce2f9a1,1,2026-09-13T17:00:00Z,Houston Texans,Buffalo Bills,player_rush_yds,player_rush_yds,David Montgomery,53.5,Over,53.5,pinnacle,-114,1.8771929824561404,0.5000000000000001,1.1006222153512897,2026-09-06T21:08:57Z,2.798485,conditional_non_push,,market_consensus_no_model,live_snapshot_not_T60,pinnacle,1d3e82a57e2febd227b82e69,0.5,0.5,-100.0,-14.0,2,OK,-114,fanduel|pinnacle,-114,False,False,53.5,closest_offered_consensus_to_50pct_no_interpolation,,,,,UNSUPPORTED_PLAYER_PROP,0897c49705a05c04d65f1c02a830bc8446166ee6750153b629f2f4c40766b03b,4a14b3fdf51d13786a2e905526f21d4fe7601226e01da29583be8ff3210a7041,work/market-distribution-v1/artifacts/4a14b3fdf51d13786a2e905526f21d4fe7601226e01da29583be8ff3210a7041.json,,,False,False,none,False,,,eec35edb10ded38f
92c77bdefad8c510fec60d06,2026-09-06T21:08:59.798485+00:00,eec35edb10ded38f0500e83e9aaf8252f63479442c90d3b0d1ad36855ebf8efe,7e09efed7e12c659b82740b67ce2f9a1,1,2026-09-13T17:00:00Z,Houston Texans,Buffalo Bills,player_rush_yds,player_rush_yds,David Montgomery,53.5,Under,53.5,fanduel,-114,1.8771929824561404,0.5000000000000001,1.1006222153512897,2026-09-06T21:08:49Z,10.798485,conditional_non_push,,market_consensus_no_model,live_snapshot_not_T60,pinnacle,1d3e82a57e2febd227b82e69,0.5,0.5,-100.0,-14.0,2,OK,-114,fanduel|pinnacle,-114,False,False,53.5,closest_offered_consensus_to_50pct_no_interpolation,,,,,UNSUPPORTED_PLAYER_PROP,0897c49705a05c04d65f1c02a830bc8446166ee6750153b629f2f4c40766b03b,4a14b3fdf51d13786a2e905526f21d4fe7601226e01da29583be8ff3210a7041,work/market-distribution-v1/artifacts/4a14b3fdf51d13786a2e905526f21d4fe7601226e01da29583be8ff3210a7041.json,,,False,False,none,False,,,eec35edb10ded38f
f1f1e9ed068bfe6d062f25f5,2026-09-06T21:08:59.798485+00:00,eec35edb10ded38f0500e83e9aaf8252f63479442c90d3b0d1ad36855ebf8efe,7e09efed7e12c659b82740b67ce2f9a1,1,2026-09-13T17:00:00Z,Houston Texans,Buffalo Bills,player_rush_yds,player_rush_yds,David Montgomery,53.5,Under,53.5,pinnacle,-114,1.8771929824561404,0.5000000000000001,1.1006222153512897,2026-09-06T21:08:57Z,2.798485,conditional_non_push,,market_consensus_no_model,live_snapshot_not_T60,pinnacle,1d3e82a57e2febd227b82e69,0.5,0.5,-100.0,-14.0,2,OK,-114,fanduel|pinnacle,-114,False,False,53.5,closest_offered_consensus_to_50pct_no_interpolation,,,,,UNSUPPORTED_PLAYER_PROP,0897c49705a05c04d65f1c02a830bc8446166ee6750153b629f2f4c40766b03b,4a14b3fdf51d13786a2e905526f21d4fe7601226e01da29583be8ff3210a7041,work/market-distribution-v1/artifacts/4a14b3fdf51d13786a2e905526f21d4fe7601226e01da29583be8ff3210a7041.json,,,False,False,none,False,,,eec35edb10ded38f
7229522cc80bfc55cc88ea2c,2026-09-06T21:08:59.798485+00:00,eec35edb10ded38f0500e83e9aaf8252f63479442c90d3b0d1ad36855ebf8efe,7e09efed7e12c659b82740b67ce2f9a1,1,2026-09-13T17:00:00Z,Houston Texans,Buffalo Bills,player_rush_yds,player_rush_yds,David Montgomery,54.5,Over,54.5,draftkings,-112,1.8928571428571428,0.5,1.086288769989248,2026-09-06T21:08:19Z,40.798485,conditional_non_push,,market_consensus_no_model,live_snapshot_not_T60,pinnacle,ef15c61d98df9dc43ea3a88f,0.5,0.5,-100.0,-12.0,1,FEWER_THAN_TWO_BOOKS,-112,draftkings,-112,False,False,53.5,closest_offered_consensus_to_50pct_no_interpolation,,,,,UNSUPPORTED_PLAYER_PROP,0897c49705a05c04d65f1c02a830bc8446166ee6750153b629f2f4c40766b03b,4a14b3fdf51d13786a2e905526f21d4fe7601226e01da29583be8ff3210a7041,work/market-distribution-v1/artifacts/4a14b3fdf51d13786a2e905526f21d4fe7601226e01da29583be8ff3210a7041.json,,,False,False,none,False,,,eec35edb10ded38f
d6cc6c4b58fb36e8036cee8e,2026-09-06T21:08:59.798485+00:00,eec35edb10ded38f0500e83e9aaf8252f63479442c90d3b0d1ad36855ebf8efe,7e09efed7e12c659b82740b67ce2f9a1,1,2026-09-13T17:00:00Z,Houston Texans,Buffalo Bills,player_rush_yds,player_rush_yds,David Montgomery,54.5,Under,54.5,draftkings,-112,1.8928571428571428,0.5,1.086288769989248,2026-09-06T21:08:19Z,40.798485,conditional_non_push,,market_consensus_no_model,live_snapshot_not_T60,pinnacle,ef15c61d98df9dc43ea3a88f,0.5,0.5,-100.0,-12.0,1,FEWER_THAN_TWO_BOOKS,-112,draftkings,-112,False,False,53.5,closest_offered_consensus_to_50pct_no_interpolation,,,,,UNSUPPORTED_PLAYER_PROP,0897c49705a05c04d65f1c02a830bc8446166ee6750153b629f2f4c40766b03b,4a14b3fdf51d13786a2e905526f21d4fe7601226e01da29583be8ff3210a7041,work/market-distribution-v1/artifacts/4a14b3fdf51d13786a2e905526f21d4fe7601226e01da29583be8ff3210a7041.json,,,False,False,none,False,,,eec35edb10ded38f
027518d1c8606cd5b1c9af8f,2026-09-06T21:08:59.798485+00:00,eec35edb10ded38f0500e83e9aaf8252f63479442c90d3b0d1ad36855ebf8efe,7e09efed7e12c659b82740b67ce2f9a1,1,2026-09-13T17:00:00Z,Houston Texans,Buffalo Bills,player_rush_yds,player_rush_yds,James Cook,74.5,Over,74.5,draftkings,-114,1.8771929824561404,0.5045752067147218,1.0861586927879965,2026-09-06T21:08:19Z,40.798485,conditional_non_push,,market_consensus_no_model,live_snapshot_not_T60,pinnacle,c0fe5fc49df88e99c633eae0,0.5,0.5,-100.0,-14.0,3,OK,-114,draftkings|fanduel|pinnacle,-114,False,False,74.5,closest_offered_consensus_to_50pct_no_interpolation,,,,,UNSUPPORTED_PLAYER_PROP,0897c49705a05c04d65f1c02a830bc8446166ee6750153b629f2f4c40766b03b,4a14b3fdf51d13786a2e905526f21d4fe7601226e01da29583be8ff3210a7041,work/market-distribution-v1/artifacts/4a14b3fdf51d13786a2e905526f21d4fe7601226e01da29583be8ff3210a7041.json,,,False,False,none,False,,,eec35edb10ded38f
231caeeb6faf1ff1ec069681,2026-09-06T21:08:59.798485+00:00,eec35edb10ded38f0500e83e9aaf8252f63479442c90d3b0d1ad36855ebf8efe,7e09efed7e12c659b82740b67ce2f9a1,1,2026-09-13T17:00:00Z,Houston Texans,Buffalo Bills,player_rush_yds,player_rush_yds,James Cook,74.5,Over,74.5,fanduel,-114,1.8771929824561404,0.5000000000000001,1.1006222153512897,2026-09-06T21:08:49Z,10.798485,conditional_non_push,,market_consensus_no_model,live_snapshot_not_T60,pinnacle,c0fe5fc49df88e99c633eae0,0.5,0.5,-100.0,-14.0,3,OK,-114,draftkings|fanduel|pinnacle,-114,False,False,74.5,closest_offered_consensus_to_50pct_no_interpolation,,,,,UNSUPPORTED_PLAYER_PROP,0897c49705a05c04d65f1c02a830bc8446166ee6750153b629f2f4c40766b03b,4a14b3fdf51d13786a2e905526f21d4fe7601226e01da29583be8ff3210a7041,work/market-distribution-v1/artifacts/4a14b3fdf51d13786a2e905526f21d4fe7601226e01da29583be8ff3210a7041.json,,,False,False,none,False,,,eec35edb10ded38f
3012620ed61487a3721309b2,2026-09-06T21:08:59.798485+00:00,eec35edb10ded38f0500e83e9aaf8252f63479442c90d3b0d1ad36855ebf8efe,7e09efed7e12c659b82740b67ce2f9a1,1,2026-09-13T17:00:00Z,Houston Texans,Buffalo Bills,player_rush_yds,player_rush_yds,James Cook,74.5,Over,74.5,pinnacle,-114,1.8771929824561404,0.5000000000000001,1.1006222153512897,2026-09-06T21:08:57Z,2.798485,conditional_non_push,,market_consensus_no_model,live_snapshot_not_T60,pinnacle,c0fe5fc49df88e99c633eae0,0.5,0.5,-100.0,-14.0,3,OK,-114,draftkings|fanduel|pinnacle,-114,False,False,74.5,closest_offered_consensus_to_50pct_no_interpolation,,,,,UNSUPPORTED_PLAYER_PROP,0897c49705a05c04d65f1c02a830bc8446166ee6750153b629f2f4c40766b03b,4a14b3fdf51d13786a2e905526f21d4fe7601226e01da29583be8ff3210a7041,work/market-distribution-v1/artifacts/4a14b3fdf51d13786a2e905526f21d4fe7601226e01da29583be8ff3210a7041.json,,,False,False,none,False,,,eec35edb10ded38f
78fead25a64bcc422574e72a,2026-09-06T21:08:59.798485+00:00,eec35edb10ded38f0500e83e9aaf8252f63479442c90d3b0d1ad36855ebf8efe,7e09efed7e12c659b82740b67ce2f9a1,1,2026-09-13T17:00:00Z,Houston Texans,Buffalo Bills,player_rush_yds,player_rush_yds,James Cook,74.5,Under,74.5,draftkings,-110,1.9090909090909092,0.4954247932852784,1.0861586927879965,2026-09-06T21:08:19Z,40.798485,conditional_non_push,,market_consensus_no_model,live_snapshot_not_T60,pinnacle,c0fe5fc49df88e99c633eae0,0.5,0.5,-100.0,-10.0,3,OK,-110,draftkings,-110,False,False,74.5,closest_offered_consensus_to_50pct_no_interpolation,,,,,UNSUPPORTED_PLAYER_PROP,0897c49705a05c04d65f1c02a830bc8446166ee6750153b629f2f4c40766b03b,4a14b3fdf51d13786a2e905526f21d4fe7601226e01da29583be8ff3210a7041,work/market-distribution-v1/artifacts/4a14b3fdf51d13786a2e905526f21d4fe7601226e01da29583be8ff3210a7041.json,,,False,False,none,False,,,eec35edb10ded38f
7261612f9dc66b9ed6c2294e,2026-09-06T21:08:59.798485+00:00,eec35edb10ded38f0500e83e9aaf8252f63479442c90d3b0d1ad36855ebf8efe,7e09efed7e12c659b82740b67ce2f9a1,1,2026-09-13T17:00:00Z,Houston Texans,Buffalo Bills,player_rush_yds,player_rush_yds,James Cook,74.5,Under,74.5,fanduel,-114,1.8771929824561404,0.5000000000000001,1.1006222153512897,2026-09-06T21:08:49Z,10.798485,conditional_non_push,,market_consensus_no_model,live_snapshot_not_T60,pinnacle,c0fe5fc49df88e99c633eae0,0.5,0.5,-100.0,-14.0,3,OK,-110,draftkings,-110,False,False,74.5,closest_offered_consensus_to_50pct_no_interpolation,,,,,UNSUPPORTED_PLAYER_PROP,0897c49705a05c04d65f1c02a830bc8446166ee6750153b629f2f4c40766b03b,4a14b3fdf51d13786a2e905526f21d4fe7601226e01da29583be8ff3210a7041,work/market-distribution-v1/artifacts/4a14b3fdf51d13786a2e905526f21d4fe7601226e01da29583be8ff3210a7041.json,,,False,False,none,False,,,eec35edb10ded38f
f3860bcfd4a58adc51c2c80f,2026-09-06T21:08:59.798485+00:00,eec35edb10ded38f0500e83e9aaf8252f63479442c90d3b0d1ad36855ebf8efe,7e09efed7e12c659b82740b67ce2f9a1,1,2026-09-13T17:00:00Z,Houston Texans,Buffalo Bills,player_rush_yds,player_rush_yds,James Cook,74.5,Under,74.5,pinnacle,-114,1.8771929824561404,0.5000000000000001,1.1006222153512897,2026-09-06T21:08:57Z,2.798485,conditional_non_push,,market_consensus_no_model,live_snapshot_not_T60,pinnacle,c0fe5fc49df88e99c633eae0,0.5,0.5,-100.0,-14.0,3,OK,-110,draftkings,-110,False,False,74.5,closest_offered_consensus_to_50pct_no_interpolation,,,,,UNSUPPORTED_PLAYER_PROP,0897c49705a05c04d65f1c02a830bc8446166ee6750153b629f2f4c40766b03b,4a14b3fdf51d13786a2e905526f21d4fe7601226e01da29583be8ff3210a7041,work/market-distribution-v1/artifacts/4a14b3fdf51d13786a2e905526f21d4fe7601226e01da29583be8ff3210a7041.json,,,False,False,none,False,,,eec35edb10ded38f
2d3b4516e9e1011fd5f0b26e,2026-09-06T21:08:59.798485+00:00,eec35edb10ded38f0500e83e9aaf8252f63479442c90d3b0d1ad36855ebf8efe,7e09efed7e12c659b82740b67ce2f9a1,1,2026-09-13T17:00:00Z,Houston Texans,Buffalo Bills,player_rush_yds,player_rush_yds,Josh Allen,29.5,Over,29.5,fanduel,-114,1.8771929824561404,0.5000000000000001,1.1006222153512897,2026-09-06T21:08:49Z,10.798485,conditional_non_push,,market_consensus_no_model,live_snapshot_not_T60,pinnacle,ecfc3841933b4293cdb19bb3,0.5,0.5,-100.0,-14.0,2,OK,-114,fanduel|pinnacle,-114,False,False,29.5,closest_offered_consensus_to_50pct_no_interpolation,,,,,UNSUPPORTED_PLAYER_PROP,0897c49705a05c04d65f1c02a830bc8446166ee6750153b629f2f4c40766b03b,4a14b3fdf51d13786a2e905526f21d4fe7601226e01da29583be8ff3210a7041,work/market-distribution-v1/artifacts/4a14b3fdf51d13786a2e905526f21d4fe7601226e01da29583be8ff3210a7041.json,,,False,False,none,False,,,eec35edb10ded38f
f6399b6ebd80c9cbc8cd515b,2026-09-06T21:08:59.798485+00:00,eec35edb10ded38f0500e83e9aaf8252f63479442c90d3b0d1ad36855ebf8efe,7e09efed7e12c659b82740b67ce2f9a1,1,2026-09-13T17:00:00Z,Houston Texans,Buffalo Bills,player_rush_yds,player_rush_yds,Josh Allen,29.5,Over,29.5,pinnacle,-114,1.8771929824561404,0.5000000000000001,1.1006222153512897,2026-09-06T21:08:57Z,2.798485,conditional_non_push,,market_consensus_no_model,live_snapshot_not_T60,pinnacle,ecfc3841933b4293cdb19bb3,0.5,0.5,-100.0,-14.0,2,OK,-114,fanduel|pinnacle,-114,False,False,29.5,closest_offered_consensus_to_50pct_no_interpolation,,,,,UNSUPPORTED_PLAYER_PROP,0897c49705a05c04d65f1c02a830bc8446166ee6750153b629f2f4c40766b03b,4a14b3fdf51d13786a2e905526f21d4fe7601226e01da29583be8ff3210a7041,work/market-distribution-v1/artifacts/4a14b3fdf51d13786a2e905526f21d4fe7601226e01da29583be8ff3210a7041.json,,,False,False,none,False,,,eec35edb10ded38f
a868c9115a601d809120a682,2026-09-06T21:08:59.798485+00:00,eec35edb10ded38f0500e83e9aaf8252f63479442c90d3b0d1ad36855ebf8efe,7e09efed7e12c659b82740b67ce2f9a1,1,2026-09-13T17:00:00Z,Houston Texans,Buffalo Bills,player_rush_yds,player_rush_yds,Josh Allen,29.5,Under,29.5,fanduel,-114,1.8771929824561404,0.5000000000000001,1.1006222153512897,2026-09-06T21:08:49Z,10.798485,conditional_non_push,,market_consensus_no_model,live_snapshot_not_T60,pinnacle,ecfc3841933b4293cdb19bb3,0.5,0.5,-100.0,-14.0,2,OK,-114,fanduel|pinnacle,-114,False,False,29.5,closest_offered_consensus_to_50pct_no_interpolation,,,,,UNSUPPORTED_PLAYER_PROP,0897c49705a05c04d65f1c02a830bc8446166ee6750153b629f2f4c40766b03b,4a14b3fdf51d13786a2e905526f21d4fe7601226e01da29583be8ff3210a7041,work/market-distribution-v1/artifacts/4a14b3fdf51d13786a2e905526f21d4fe7601226e01da29583be8ff3210a7041.json,,,False,False,none,False,,,eec35edb10ded38f
722835046a5b4625f2986175,2026-09-06T21:08:59.798485+00:00,eec35edb10ded38f0500e83e9aaf8252f63479442c90d3b0d1ad36855ebf8efe,7e09efed7e12c659b82740b67ce2f9a1,1,2026-09-13T17:00:00Z,Houston Texans,Buffalo Bills,player_rush_yds,player_rush_yds,Josh Allen,29.5,Under,29.5,pinnacle,-114,1.8771929824561404,0.5000000000000001,1.1006222153512897,2026-09-06T21:08:57Z,2.798485,conditional_non_push,,market_consensus_no_model,live_snapshot_not_T60,pinnacle,ecfc3841933b4293cdb19bb3,0.5,0.5,-100.0,-14.0,2,OK,-114,fanduel|pinnacle,-114,False,False,29.5,closest_offered_consensus_to_50pct_no_interpolation,,,,,UNSUPPORTED_PLAYER_PROP,0897c49705a05c04d65f1c02a830bc8446166ee6750153b629f2f4c40766b03b,4a14b3fdf51d13786a2e905526f21d4fe7601226e01da29583be8ff3210a7041,work/market-distribution-v1/artifacts/4a14b3fdf51d13786a2e905526f21d4fe7601226e01da29583be8ff3210a7041.json,,,False,False,none,False,,,eec35edb10ded38f
2e25558c483ba30311218011,2026-09-06T21:08:59.798485+00:00,eec35edb10ded38f0500e83e9aaf8252f63479442c90d3b0d1ad36855ebf8efe,7e09efed7e12c659b82740b67ce2f9a1,1,2026-09-13T17:00:00Z,Houston Texans,Buffalo Bills,player_rush_yds,player_rush_yds,Josh Allen,33.5,Over,33.5,draftkings,-109,1.9174311926605505,0.4931368083034301,1.0859960740703234,2026-09-06T21:08:19Z,40.798485,conditional_non_push,,market_consensus_no_model,live_snapshot_not_T60,pinnacle,14ab673a4600d848d9130885,0.4931368083034301,0.4931368083034301,102.78348384505378,-11.78348384505378,1,FEWER_THAN_TWO_BOOKS,-109,draftkings,-109,False,False,29.5,closest_offered_consensus_to_50pct_no_interpolation,,,,,UNSUPPORTED_PLAYER_PROP,0897c49705a05c04d65f1c02a830bc8446166ee6750153b629f2f4c40766b03b,4a14b3fdf51d13786a2e905526f21d4fe7601226e01da29583be8ff3210a7041,work/market-distribution-v1/artifacts/4a14b3fdf51d13786a2e905526f21d4fe7601226e01da29583be8ff3210a7041.json,,,False,False,none,False,,,eec35edb10ded38f
fe68d8c64101dc168a34ee22,2026-09-06T21:08:59.798485+00:00,eec35edb10ded38f0500e83e9aaf8252f63479442c90d3b0d1ad36855ebf8efe,7e09efed7e12c659b82740b67ce2f9a1,1,2026-09-13T17:00:00Z,Houston Texans,Buffalo Bills,player_rush_yds,player_rush_yds,Josh Allen,33.5,Under,33.5,draftkings,-115,1.8695652173913042,0.50686319169657,1.0859960740703234,2026-09-06T21:08:19Z,40.798485,conditional_non_push,,market_consensus_no_model,live_snapshot_not_T60,pinnacle,14ab673a4600d848d9130885,0.50686319169657,0.50686319169657,-102.78348384505384,-12.216516154946163,1,FEWER_THAN_TWO_BOOKS,-115,draftkings,-115,False,False,29.5,closest_offered_consensus_to_50pct_no_interpolation,,,,,UNSUPPORTED_PLAYER_PROP,0897c49705a05c04d65f1c02a830bc8446166ee6750153b629f2f4c40766b03b,4a14b3fdf51d13786a2e905526f21d4fe7601226e01da29583be8ff3210a7041,work/market-distribution-v1/artifacts/4a14b3fdf51d13786a2e905526f21d4fe7601226e01da29583be8ff3210a7041.json,,,False,False,none,False,,,eec35edb10ded38f
b69ffe9f732b5e5d31844bcb,2026-09-06T21:08:59.798485+00:00,eec35edb10ded38f0500e83e9aaf8252f63479442c90d3b0d1ad36855ebf8efe,7e09efed7e12c659b82740b67ce2f9a1,1,2026-09-13T17:00:00Z,Houston Texans,Buffalo Bills,player_rush_yds,player_rush_yds,Woody Marks,30.5,Over,30.5,fanduel,-114,1.8771929824561404,0.5000000000000001,1.1006222153512897,2026-09-06T21:08:49Z,10.798485,conditional_non_push,,market_consensus_no_model,live_snapshot_not_T60,pinnacle,25a785f27ac98affcf429294,0.498879882708379,0.498879882708379,100.44905290048577,-14.449052900485768,2,OK,-114,fanduel|pinnacle,-114,False,False,30.5,closest_offered_consensus_to_50pct_no_interpolation,,,,,UNSUPPORTED_PLAYER_PROP,0897c49705a05c04d65f1c02a830bc8446166ee6750153b629f2f4c40766b03b,4a14b3fdf51d13786a2e905526f21d4fe7601226e01da29583be8ff3210a7041,work/market-distribution-v1/artifacts/4a14b3fdf51d13786a2e905526f21d4fe7601226e01da29583be8ff3210a7041.json,,,False,False,none,False,,,eec35edb10ded38f
aa377c433cfbe0d11b68ad81,2026-09-06T21:08:59.798485+00:00,eec35edb10ded38f0500e83e9aaf8252f63479442c90d3b0d1ad36855ebf8efe,7e09efed7e12c659b82740b67ce2f9a1,1,2026-09-13T17:00:00Z,Houston Texans,Buffalo Bills,player_rush_yds,player_rush_yds,Woody Marks,30.5,Over,30.5,pinnacle,-114,1.8771929824561404,0.4977597654167582,1.1077525686517928,2026-09-06T21:08:57Z,2.798485,conditional_non_push,,market_consensus_no_model,live_snapshot_not_T60,pinnacle,25a785f27ac98affcf429294,0.498879882708379,0.498879882708379,100.44905290048577,-14.449052900485768,2,OK,-114,fanduel|pinnacle,-114,False,False,30.5,closest_offered_consensus_to_50pct_no_interpolation,,,,,UNSUPPORTED_PLAYER_PROP,0897c49705a05c04d65f1c02a830bc8446166ee6750153b629f2f4c40766b03b,4a14b3fdf51d13786a2e905526f21d4fe7601226e01da29583be8ff3210a7041,work/market-distribution-v1/artifacts/4a14b3fdf51d13786a2e905526f21d4fe7601226e01da29583be8ff3210a7041.json,,,False,False,none,False,,,eec35edb10ded38f
6e2d706cd3eb883495652e57,2026-09-06T21:08:59.798485+00:00,eec35edb10ded38f0500e83e9aaf8252f63479442c90d3b0d1ad36855ebf8efe,7e09efed7e12c659b82740b67ce2f9a1,1,2026-09-13T17:00:00Z,Houston Texans,Buffalo Bills,player_rush_yds,player_rush_yds,Woody Marks,30.5,Under,30.5,fanduel,-114,1.8771929824561404,0.5000000000000001,1.1006222153512897,2026-09-06T21:08:49Z,10.798485,conditional_non_push,,market_consensus_no_model,live_snapshot_not_T60,pinnacle,25a785f27ac98affcf429294,0.501120117291621,0.501120117291621,-100.44905290048577,-13.550947099514232,2,OK,-114,fanduel,-114,False,False,30.5,closest_offered_consensus_to_50pct_no_interpolation,,,,,UNSUPPORTED_PLAYER_PROP,0897c49705a05c04d65f1c02a830bc8446166ee6750153b629f2f4c40766b03b,4a14b3fdf51d13786a2e905526f21d4fe7601226e01da29583be8ff3210a7041,work/market-distribution-v1/artifacts/4a14b3fdf51d13786a2e905526f21d4fe7601226e01da29583be8ff3210a7041.json,,,False,False,none,False,,,eec35edb10ded38f
6c7b0728e0f5b23f3744fa5c,2026-09-06T21:08:59.798485+00:00,eec35edb10ded38f0500e83e9aaf8252f63479442c90d3b0d1ad36855ebf8efe,7e09efed7e12c659b82740b67ce2f9a1,1,2026-09-13T17:00:00Z,Houston Texans,Buffalo Bills,player_rush_yds,player_rush_yds,Woody Marks,30.5,Under,30.5,pinnacle,-116,1.8620689655172413,0.502240234583242,1.1077525686517928,2026-09-06T21:08:57Z,2.798485,conditional_non_push,,market_consensus_no_model,live_snapshot_not_T60,pinnacle,25a785f27ac98affcf429294,0.501120117291621,0.501120117291621,-100.44905290048577,-15.550947099514232,2,OK,-114,fanduel,-114,False,False,30.5,closest_offered_consensus_to_50pct_no_interpolation,,,,,UNSUPPORTED_PLAYER_PROP,0897c49705a05c04d65f1c02a830bc8446166ee6750153b629f2f4c40766b03b,4a14b3fdf51d13786a2e905526f21d4fe7601226e01da29583be8ff3210a7041,work/market-distribution-v1/artifacts/4a14b3fdf51d13786a2e905526f21d4fe7601226e01da29583be8ff3210a7041.json,,,False,False,none,False,,,eec35edb10ded38f
ba5f9c80206877033245c7ba,2026-09-06T21:08:59.798485+00:00,eec35edb10ded38f0500e83e9aaf8252f63479442c90d3b0d1ad36855ebf8efe,7e09efed7e12c659b82740b67ce2f9a1,1,2026-09-13T17:00:00Z,Houston Texans,Buffalo Bills,player_rush_yds,player_rush_yds,Woody Marks,32.5,Over,32.5,draftkings,-108,1.925925925925926,0.49084836508629426,1.085768366369256,2026-09-06T21:08:19Z,40.798485,conditional_non_push,,market_consensus_no_model,live_snapshot_not_T60,pinnacle,d62aadedfe5e7a4e1a07f668,0.49084836508629426,0.49084836508629426,103.72890512209278,-11.728905122092783,1,FEWER_THAN_TWO_BOOKS,-108,draftkings,-108,False,False,30.5,closest_offered_consensus_to_50pct_no_interpolation,,,,,UNSUPPORTED_PLAYER_PROP,0897c49705a05c04d65f1c02a830bc8446166ee6750153b629f2f4c40766b03b,4a14b3fdf51d13786a2e905526f21d4fe7601226e01da29583be8ff3210a7041,work/market-distribution-v1/artifacts/4a14b3fdf51d13786a2e905526f21d4fe7601226e01da29583be8ff3210a7041.json,,,False,False,none,False,,,eec35edb10ded38f
696606849f0e7ace130a0f00,2026-09-06T21:08:59.798485+00:00,eec35edb10ded38f0500e83e9aaf8252f63479442c90d3b0d1ad36855ebf8efe,7e09efed7e12c659b82740b67ce2f9a1,1,2026-09-13T17:00:00Z,Houston Texans,Buffalo Bills,player_rush_yds,player_rush_yds,Woody Marks,32.5,Under,32.5,draftkings,-116,1.8620689655172413,0.5091516349137059,1.085768366369256,2026-09-06T21:08:19Z,40.798485,conditional_non_push,,market_consensus_no_model,live_snapshot_not_T60,pinnacle,d62aadedfe5e7a4e1a07f668,0.5091516349137059,0.5091516349137059,-103.72890512209283,-12.271094877907174,1,FEWER_THAN_TWO_BOOKS,-116,draftkings,-116,False,False,30.5,closest_offered_consensus_to_50pct_no_interpolation,,,,,UNSUPPORTED_PLAYER_PROP,0897c49705a05c04d65f1c02a830bc8446166ee6750153b629f2f4c40766b03b,4a14b3fdf51d13786a2e905526f21d4fe7601226e01da29583be8ff3210a7041,work/market-distribution-v1/artifacts/4a14b3fdf51d13786a2e905526f21d4fe7601226e01da29583be8ff3210a7041.json,,,False,False,none,False,,,eec35edb10ded38f
ba747f0bb9b638a58b33daf5,2026-09-06T21:08:59.798485+00:00,eec35edb10ded38f0500e83e9aaf8252f63479442c90d3b0d1ad36855ebf8efe,7e09efed7e12c659b82740b67ce2f9a1,1,2026-09-13T17:00:00Z,Houston Texans,Buffalo Bills,spreads,spreads,,1.0,Buffalo Bills,-1.0,betmgm,-105,1.9523809523809523,0.4917898337466912,1.0607640901233029,2026-09-06T21:08:57Z,2.798485,conditional_non_push,0.4376790830945559,consensus_plus_empirical_residual_model,live_snapshot_not_T60,pinnacle,6f80441210f063d5bf9767eb,0.48635722302939144,0.48635722302939144,105.61018787204651,-10.61018787204651,2,OK,102,pinnacle,-105,False,False,1.0,closest_offered_consensus_to_50pct_no_interpolation,0.4376790830945559,-33.477905073649765,0.03557858376511226,0.4221070811744387,EMPIRICAL_RECONSTRUCTED_HISTORY,0897c49705a05c04d65f1c02a830bc8446166ee6750153b629f2f4c40766b03b,4a14b3fdf51d13786a2e905526f21d4fe7601226e01da29583be8ff3210a7041,work/market-distribution-v1/artifacts/4a14b3fdf51d13786a2e905526f21d4fe7601226e01da29583be8ff3210a7041.json,-1.0,44.5,False,False,none,False,0.6259067357512953,0.03281519861830743,eec35edb10ded38f
cd8463373c9355dc2d12af16,2026-09-06T21:08:59.798485+00:00,eec35edb10ded38f0500e83e9aaf8252f63479442c90d3b0d1ad36855ebf8efe,7e09efed7e12c659b82740b67ce2f9a1,1,2026-09-13T17:00:00Z,Houston Texans,Buffalo Bills,spreads,spreads,,1.0,Buffalo Bills,-1.0,pinnacle,102,2.02,0.48092461231209205,1.041171018865629,2026-09-06T21:08:57Z,2.798485,conditional_non_push,0.4376790830945559,consensus_plus_empirical_residual_model,live_snapshot_not_T60,pinnacle,6f80441210f063d5bf9767eb,0.48635722302939144,0.48635722302939144,105.61018787204651,-3.6101878720465095,2,OK,102,pinnacle,-105,False,False,1.0,closest_offered_consensus_to_50pct_no_interpolation,0.4376790830945559,-26.477905073649765,0.03557858376511226,0.4221070811744387,EMPIRICAL_RECONSTRUCTED_HISTORY,0897c49705a05c04d65f1c02a830bc8446166ee6750153b629f2f4c40766b03b,4a14b3fdf51d13786a2e905526f21d4fe7601226e01da29583be8ff3210a7041,work/market-distribution-v1/artifacts/4a14b3fdf51d13786a2e905526f21d4fe7601226e01da29583be8ff3210a7041.json,-1.0,44.5,False,False,none,False,0.6259067357512953,0.03281519861830743,eec35edb10ded38f
186e33f6cc22738fa9ae334b,2026-09-06T21:08:59.798485+00:00,eec35edb10ded38f0500e83e9aaf8252f63479442c90d3b0d1ad36855ebf8efe,7e09efed7e12c659b82740b67ce2f9a1,1,2026-09-13T17:00:00Z,Houston Texans,Buffalo Bills,spreads,alternate_spreads,,-1.0,Houston Texans,-1.0,pinnacle,-103,1.970873786407767,0.4916689585796858,1.0463871980674857,2026-09-06T21:08:57Z,2.798485,conditional_non_push,0.4879518072289156,consensus_plus_empirical_residual_model,live_snapshot_not_T60,pinnacle,de792c1f788da742a47a4465,0.4916689585796857,0.4916689585796857,103.38888240753728,-6.388882407537281,1,FEWER_THAN_TWO_BOOKS,-103,pinnacle,,False,False,-1.0,closest_offered_consensus_to_50pct_no_interpolation,0.4879518072289156,-7.938271604938279,0.02521588946459413,0.47564766839378236,EMPIRICAL_RECONSTRUCTED_HISTORY,0897c49705a05c04d65f1c02a830bc8446166ee6750153b629f2f4c40766b03b,4a14b3fdf51d13786a2e905526f21d4fe7601226e01da29583be8ff3210a7041,work/market-distribution-v1/artifacts/4a14b3fdf51d13786a2e905526f21d4fe7601226e01da29583be8ff3210a7041.json,-1.0,44.5,False,False,none,False,0.6683937823834197,0.028324697754749568,eec35edb10ded38f
73cf0dd07be53619e5caf359,2026-09-06T21:08:59.798485+00:00,eec35edb10ded38f0500e83e9aaf8252f63479442c90d3b0d1ad36855ebf8efe,7e09efed7e12c659b82740b67ce2f9a1,1,2026-09-13T17:00:00Z,Houston Texans,Buffalo Bills,spreads,spreads,,1.5,Buffalo Bills,-1.5,draftkings,-105,1.9523809523809523,0.488395545501788,1.071115843039896,2026-09-06T21:07:49Z,70.798485,conditional_non_push,0.4221070811744387,consensus_plus_empirical_residual_model,live_snapshot_not_T60,pinnacle,343c0cdd3d87616dc6dc256b,0.47462403018681515,0.47462403018681515,110.69308260822642,-15.693082608226419,3,OK,108,pinnacle,100,False,False,1.0,closest_offered_consensus_to_50pct_no_interpolation,0.4221070811744387,-41.90671031096562,0.0,0.4221070811744387,EMPIRICAL_RECONSTRUCTED_HISTORY,0897c49705a05c04d65f1c02a830bc8446166ee6750153b629f2f4c40766b03b,4a14b3fdf51d13786a2e905526f21d4fe7601226e01da29583be8ff3210a7041,work/market-distribution-v1/artifacts/4a14b3fdf51d13786a2e905526f21d4fe7601226e01da29583be8ff3210a7041.json,-1.0,44.5,False,False,none,False,0.6259067357512953,0.0,eec35edb10ded38f
2239d0e5f6bd99fc4b621930,2026-09-06T21:08:59.798485+00:00,eec35edb10ded38f0500e83e9aaf8252f63479442c90d3b0d1ad36855ebf8efe,7e09efed7e12c659b82740b67ce2f9a1,1,2026-09-13T17:00:00Z,Houston Texans,Buffalo Bills,spreads,spreads,,1.5,Buffalo Bills,-1.5,fanduel,100,2.0,0.47462403018681526,1.0751429489410262,2026-09-06T21:08:57Z,2.798485,conditional_non_push,0.4221070811744387,consensus_plus_empirical_residual_model,live_snapshot_not_T60,pinnacle,343c0cdd3d87616dc6dc256b,0.47462403018681515,0.47462403018681515,110.69308260822642,-10.693082608226419,3,OK,108,pinnacle,100,False,False,1.0,closest_offered_consensus_to_50pct_no_interpolation,0.4221070811744387,-36.90671031096562,0.0,0.4221070811744387,EMPIRICAL_RECONSTRUCTED_HISTORY,0897c49705a05c04d65f1c02a830bc8446166ee6750153b629f2f4c40766b03b,4a14b3fdf51d13786a2e905526f21d4fe7601226e01da29583be8ff3210a7041,work/market-distribution-v1/artifacts/4a14b3fdf51d13786a2e905526f21d4fe7601226e01da29583be8ff3210a7041.json,-1.0,44.5,False,False,none,False,0.6259067357512953,0.0,eec35edb10ded38f
8c1cdf9a972f8189b0eecd20,2026-09-06T21:08:59.798485+00:00,eec35edb10ded38f0500e83e9aaf8252f63479442c90d3b0d1ad36855ebf8efe,7e09efed7e12c659b82740b67ce2f9a1,1,2026-09-13T17:00:00Z,Houston Texans,Buffalo Bills,spreads,alternate_spreads,,1.5,Buffalo Bills,-1.5,pinnacle,108,2.08,0.46511826026091707,1.045189977821999,2026-09-06T21:08:57Z,2.798485,conditional_non_push,0.4221070811744387,consensus_plus_empirical_residual_model,live_snapshot_not_T60,pinnacle,343c0cdd3d87616dc6dc256b,0.47462403018681515,0.47462403018681515,110.69308260822642,-2.693082608226419,3,OK,108,pinnacle,100,False,False,1.0,closest_offered_consensus_to_50pct_no_interpolation,0.4221070811744387,-28.90671031096562,0.0,0.4221070811744387,EMPIRICAL_RECONSTRUCTED_HISTORY,0897c49705a05c04d65f1c02a830bc8446166ee6750153b629f2f4c40766b03b,4a14b3fdf51d13786a2e905526f21d4fe7601226e01da29583be8ff3210a7041,work/market-distribution-v1/artifacts/4a14b3fdf51d13786a2e905526f21d4fe7601226e01da29583be8ff3210a7041.json,-1.0,44.5,False,False,none,False,0.6259067357512953,0.0,eec35edb10ded38f
989c0942ff8be24de39d207f,2026-09-06T21:08:59.798485+00:00,eec35edb10ded38f0500e83e9aaf8252f63479442c90d3b0d1ad36855ebf8efe,7e09efed7e12c659b82740b67ce2f9a1,1,2026-09-13T17:00:00Z,Houston Texans,Buffalo Bills,spreads,alternate_spreads,,-1.5,Houston Texans,-1.5,draftkings,104,2.04,0.4535791638529251,1.108893577052049,2026-09-06T21:08:19Z,40.798485,conditional_non_push,0.47564766839378236,consensus_plus_empirical_residual_model,live_snapshot_not_T60,pinnacle,0b1c25373fc98f9153bdca50,0.46385765211130375,0.46385765211130375,115.58337896300297,-11.583378963002971,3,OK,104,draftkings,104,False,False,-1.0,closest_offered_consensus_to_50pct_no_interpolation,0.47564766839378236,-6.239651416122015,0.0,0.47564766839378236,EMPIRICAL_RECONSTRUCTED_HISTORY,0897c49705a05c04d65f1c02a830bc8446166ee6750153b629f2f4c40766b03b,4a14b3fdf51d13786a2e905526f21d4fe7601226e01da29583be8ff3210a7041,work/market-distribution-v1/artifacts/4a14b3fdf51d13786a2e905526f21d4fe7601226e01da29583be8ff3210a7041.json,-1.0,44.5,False,False,none,False,0.6683937823834197,0.0,eec35edb10ded38f
19f2812e99042a91817a60fc,2026-09-06T21:08:59.798485+00:00,eec35edb10ded38f0500e83e9aaf8252f63479442c90d3b0d1ad36855ebf8efe,7e09efed7e12c659b82740b67ce2f9a1,1,2026-09-13T17:00:00Z,Houston Texans,Buffalo Bills,spreads,alternate_spreads,,-1.5,Houston Texans,-1.5,fanduel,102,2.02,0.46385765211130386,1.0925619072705293,2026-09-06T21:08:49Z,10.798485,conditional_non_push,0.47564766839378236,consensus_plus_empirical_residual_model,live_snapshot_not_T60,pinnacle,0b1c25373fc98f9153bdca50,0.46385765211130375,0.46385765211130375,115.58337896300297,-13.583378963002971,3,OK,104,draftkings,104,False,False,-1.0,closest_offered_consensus_to_50pct_no_interpolation,0.47564766839378236,-8.239651416122015,0.0,0.47564766839378236,EMPIRICAL_RECONSTRUCTED_HISTORY,0897c49705a05c04d65f1c02a830bc8446166ee6750153b629f2f4c40766b03b,4a14b3fdf51d13786a2e905526f21d4fe7601226e01da29583be8ff3210a7041,work/market-distribution-v1/artifacts/4a14b3fdf51d13786a2e905526f21d4fe7601226e01da29583be8ff3210a7041.json,-1.0,44.5,False,False,none,False,0.6683937823834197,0.0,eec35edb10ded38f
fa8dd0c76bc6d535d47fff5a,2026-09-06T21:08:59.798485+00:00,eec35edb10ded38f0500e83e9aaf8252f63479442c90d3b0d1ad36855ebf8efe,7e09efed7e12c659b82740b67ce2f9a1,1,2026-09-13T17:00:00Z,Houston Texans,Buffalo Bills,spreads,alternate_spreads,,-1.5,Houston Texans,-1.5,pinnacle,101,2.01,0.4799132652410357,1.0515877030791887,2026-09-06T21:08:57Z,2.798485,conditional_non_push,0.47564766839378236,consensus_plus_empirical_residual_model,live_snapshot_not_T60,pinnacle,0b1c25373fc98f9153bdca50,0.46385765211130375,0.46385765211130375,115.58337896300297,-14.583378963002971,3,OK,104,draftkings,104,False,False,-1.0,closest_offered_consensus_to_50pct_no_interpolation,0.47564766839378236,-9.239651416122015,0.0,0.47564766839378236,EMPIRICAL_RECONSTRUCTED_HISTORY,0897c49705a05c04d65f1c02a830bc8446166ee6750153b629f2f4c40766b03b,4a14b3fdf51d13786a2e905526f21d4fe7601226e01da29583be8ff3210a7041,work/market-distribution-v1/artifacts/4a14b3fdf51d13786a2e905526f21d4fe7601226e01da29583be8ff3210a7041.json,-1.0,44.5,False,False,none,False,0.6683937823834197,0.0,eec35edb10ded38f
83d6af65842e86ca7b347fd5,2026-09-06T21:08:59.798485+00:00,eec35edb10ded38f0500e83e9aaf8252f63479442c90d3b0d1ad36855ebf8efe,7e09efed7e12c659b82740b67ce2f9a1,1,2026-09-13T17:00:00Z,Houston Texans,Buffalo Bills,spreads,alternate_spreads,,10.5,Buffalo Bills,-10.5,draftkings,306,4.0600000000000005,0.19985831802778634,1.1491336989225927,2026-09-06T21:08:19Z,40.798485,conditional_non_push,0.170293609671848,consensus_plus_empirical_residual_model,live_snapshot_not_T60,pinnacle,808d6d5bfd945f6ff05029ef,0.17133715122019721,0.17133715122019721,483.6445819709182,-177.64458197091818,2,OK,440,fanduel,440,False,False,1.0,closest_offered_consensus_to_50pct_no_interpolation,0.170293609671848,-181.22109533468563,0.0,0.170293609671848,EMPIRICAL_RECONSTRUCTED_HISTORY,0897c49705a05c04d65f1c02a830bc8446166ee6750153b629f2f4c40766b03b,4a14b3fdf51d13786a2e905526f21d4fe7601226e01da29583be8ff3210a7041,work/market-distribution-v1/artifacts/4a14b3fdf51d13786a2e905526f21d4fe7601226e01da29583be8ff3210a7041.json,-1.0,44.5,False,False,none,False,0.3316062176165803,0.0,eec35edb10ded38f
faa46b253d571f1692882d7b,2026-09-06T21:08:59.798485+00:00,eec35edb10ded38f0500e83e9aaf8252f63479442c90d3b0d1ad36855ebf8efe,7e09efed7e12c659b82740b67ce2f9a1,1,2026-09-13T17:00:00Z,Houston Texans,Buffalo Bills,spreads,alternate_spreads,,10.5,Buffalo Bills,-10.5,fanduel,440,5.4,0.1428159844126081,1.1540556850786805,2026-09-06T21:08:49Z,10.798485,conditional_non_push,0.170293609671848,consensus_plus_empirical_residual_model,live_snapshot_not_T60,pinnacle,808d6d5bfd945f6ff05029ef,0.17133715122019721,0.17133715122019721,483.6445819709182,-43.64458197091818,2,OK,440,fanduel,440,False,False,1.0,closest_offered_consensus_to_50pct_no_interpolation,0.170293609671848,-47.22109533468563,0.0,0.170293609671848,EMPIRICAL_RECONSTRUCTED_HISTORY,0897c49705a05c04d65f1c02a830bc8446166ee6750153b629f2f4c40766b03b,4a14b3fdf51d13786a2e905526f21d4fe7601226e01da29583be8ff3210a7041,work/market-distribution-v1/artifacts/4a14b3fdf51d13786a2e905526f21d4fe7601226e01da29583be8ff3210a7041.json,-1.0,44.5,False,False,none,False,0.3316062176165803,0.0,eec35edb10ded38f
8cb3fac2e024ac6ab767ca4e,2026-09-06T21:08:59.798485+00:00,eec35edb10ded38f0500e83e9aaf8252f63479442c90d3b0d1ad36855ebf8efe,7e09efed7e12c659b82740b67ce2f9a1,1,2026-09-13T17:00:00Z,Houston Texans,Buffalo Bills,spreads,alternate_spreads,,-10.5,Houston Texans,-10.5,draftkings,359,4.59,0.16989939145718272,1.163181355540194,2026-09-06T21:08:19Z,40.798485,conditional_non_push,0.21727115716753023,consensus_plus_empirical_residual_model,live_snapshot_not_T60,pinnacle,cc99c56ff7e792fd9b240106,0.15871964129172458,0.15871964129172458,530.0417464792611,-171.04174647926106,2,OK,430,fanduel,430,False,False,-1.0,closest_offered_consensus_to_50pct_no_interpolation,0.21727115716753023,-1.2543720190778913,0.0,0.21727115716753023,EMPIRICAL_RECONSTRUCTED_HISTORY,0897c49705a05c04d65f1c02a830bc8446166ee6750153b629f2f4c40766b03b,4a14b3fdf51d13786a2e905526f21d4fe7601226e01da29583be8ff3210a7041,work/market-distribution-v1/artifacts/4a14b3fdf51d13786a2e905526f21d4fe7601226e01da29583be8ff3210a7041.json,-1.0,44.5,False,False,none,False,0.37409326424870465,0.0,eec35edb10ded38f
2c89b8d1903eafd61656c94a,2026-09-06T21:08:59.798485+00:00,eec35edb10ded38f0500e83e9aaf8252f63479442c90d3b0d1ad36855ebf8efe,7e09efed7e12c659b82740b67ce2f9a1,1,2026-09-13T17:00:00Z,Houston Texans,Buffalo Bills,spreads,alternate_spreads,,-10.5,Houston Texans,-10.5,fanduel,430,5.3,0.14753989112626653,1.1474778827208754,2026-09-06T21:08:49Z,10.798485,conditional_non_push,0.21727115716753023,consensus_plus_empirical_residual_model,live_snapshot_not_T60,pinnacle,cc99c56ff7e792fd9b240106,0.15871964129172458,0.15871964129172458,530.0417464792611,-100.04174647926106,2,OK,430,fanduel,430,False,False,-1.0,closest_offered_consensus_to_50pct_no_interpolation,0.21727115716753023,69.74562798092211,0.0,0.21727115716753023,EMPIRICAL_RECONSTRUCTED_HISTORY,0897c49705a05c04d65f1c02a830bc8446166ee6750153b629f2f4c40766b03b,4a14b3fdf51d13786a2e905526f21d4fe7601226e01da29583be8ff3210a7041,work/market-distribution-v1/artifacts/4a14b3fdf51d13786a2e905526f21d4fe7601226e01da29583be8ff3210a7041.json,-1.0,44.5,False,False,none,False,0.37409326424870465,0.0,eec35edb10ded38f
ef16127818039b1f523dd1c4,2026-09-06T21:08:59.798485+00:00,eec35edb10ded38f0500e83e9aaf8252f63479442c90d3b0d1ad36855ebf8efe,7e09efed7e12c659b82740b67ce2f9a1,1,2026-09-13T17:00:00Z,Houston Texans,Buffalo Bills,spreads,alternate_spreads,,11.5,Buffalo Bills,-11.5,draftkings,334,4.34,0.18354538517484933,1.1549308110709293,2026-09-06T21:08:19Z,40.798485,conditional_non_push,0.15164075993091536,consensus_plus_empirical_residual_model,live_snapshot_not_T60,pinnacle,de8ece4efd29e405720b3b07,0.15792044447381476,0.15792044447381476,533.2302339522689,-199.23023395226892,2,OK,470,fanduel,470,False,False,1.0,closest_offered_consensus_to_50pct_no_interpolation,0.15164075993091536,-225.45330296127577,0.0,0.15164075993091536,EMPIRICAL_RECONSTRUCTED_HISTORY,0897c49705a05c04d65f1c02a830bc8446166ee6750153b629f2f4c40766b03b,4a14b3fdf51d13786a2e905526f21d4fe7601226e01da29583be8ff3210a7041,work/market-distribution-v1/artifacts/4a14b3fdf51d13786a2e905526f21d4fe7601226e01da29583be8ff3210a7041.json,-1.0,44.5,False,False,none,False,0.3032815198618307,0.0,eec35edb10ded38f
77e1d53e3efb31cb497dc6e5,2026-09-06T21:08:59.798485+00:00,eec35edb10ded38f0500e83e9aaf8252f63479442c90d3b0d1ad36855ebf8efe,7e09efed7e12c659b82740b67ce2f9a1,1,2026-09-13T17:00:00Z,Houston Texans,Buffalo Bills,spreads,alternate_spreads,,11.5,Buffalo Bills,-11.5,fanduel,470,5.7,0.13229550377278018,1.162169781158016,2026-09-06T21:08:49Z,10.798485,conditional_non_push,0.15164075993091536,consensus_plus_empirical_residual_model,live_snapshot_not_T60,pinnacle,de8ece4efd29e405720b3b07,0.15792044447381476,0.15792044447381476,533.2302339522689,-63.23023395226892,2,OK,470,fanduel,470,False,False,1.0,closest_offered_consensus_to_50pct_no_interpolation,0.15164075993091536,-89.45330296127577,0.0,0.15164075993091536,EMPIRICAL_RECONSTRUCTED_HISTORY,0897c49705a05c04d65f1c02a830bc8446166ee6750153b629f2f4c40766b03b,4a14b3fdf51d13786a2e905526f21d4fe7601226e01da29583be8ff3210a7041,work/market-distribution-v1/artifacts/4a14b3fdf51d13786a2e905526f21d4fe7601226e01da29583be8ff3210a7041.json,-1.0,44.5,False,False,none,False,0.3032815198618307,0.0,eec35edb10ded38f
ee36a13cd7e9b745f787adca,2026-09-06T21:08:59.798485+00:00,eec35edb10ded38f0500e83e9aaf8252f63479442c90d3b0d1ad36855ebf8efe,7e09efed7e12c659b82740b67ce2f9a1,1,2026-09-13T17:00:00Z,Houston Texans,Buffalo Bills,spreads,alternate_spreads,,-11.5,Houston Texans,-11.5,draftkings,393,4.93,0.15432528226599804,1.1713452098017578,2026-09-06T21:08:19Z,40.798485,conditional_non_push,0.1913644214162349,consensus_plus_empirical_residual_model,live_snapshot_not_T60,pinnacle,0cfef06a776c07548d98efd9,0.1433103930193891,0.1433103930193891,597.7860983639235,-204.78609836392354,2,OK,470,fanduel,470,False,False,-1.0,closest_offered_consensus_to_50pct_no_interpolation,0.1913644214162349,-29.563176895306867,0.0,0.1913644214162349,EMPIRICAL_RECONSTRUCTED_HISTORY,0897c49705a05c04d65f1c02a830bc8446166ee6750153b629f2f4c40766b03b,4a14b3fdf51d13786a2e905526f21d4fe7601226e01da29583be8ff3210a7041,work/market-distribution-v1/artifacts/4a14b3fdf51d13786a2e905526f21d4fe7601226e01da29583be8ff3210a7041.json,-1.0,44.5,False,False,none,False,0.34127806563039725,0.0,eec35edb10ded38f
b370fe0e857aef2604bc8135,2026-09-06T21:08:59.798485+00:00,eec35edb10ded38f0500e83e9aaf8252f63479442c90d3b0d1ad36855ebf8efe,7e09efed7e12c659b82740b67ce2f9a1,1,2026-09-13T17:00:00Z,Houston Texans,Buffalo Bills,spreads,alternate_spreads,,-11.5,Houston Texans,-11.5,fanduel,470,5.7,0.13229550377278018,1.162169781158016,2026-09-06T21:08:49Z,10.798485,conditional_non_push,0.1913644214162349,consensus_plus_empirical_residual_model,live_snapshot_not_T60,pinnacle,0cfef06a776c07548d98efd9,0.1433103930193891,0.1433103930193891,597.7860983639235,-127.78609836392354,2,OK,470,fanduel,470,False,False,-1.0,closest_offered_consensus_to_50pct_no_interpolation,0.1913644214162349,47.43682310469313,0.0,0.1913644214162349,EMPIRICAL_RECONSTRUCTED_HISTORY,0897c49705a05c04d65f1c02a830bc8446166ee6750153b629f2f4c40766b03b,4a14b3fdf51d13786a2e905526f21d4fe7601226e01da29583be8ff3210a7041,work/market-distribution-v1/artifacts/4a14b3fdf51d13786a2e905526f21d4fe7601226e01da29583be8ff3210a7041.json,-1.0,44.5,False,False,none,False,0.34127806563039725,0.0,eec35edb10ded38f
aefdb3c12f937610fa006657,2026-09-06T21:08:59.798485+00:00,eec35edb10ded38f0500e83e9aaf8252f63479442c90d3b0d1ad36855ebf8efe,7e09efed7e12c659b82740b67ce2f9a1,1,2026-09-13T17:00:00Z,Houston Texans,Buffalo Bills,spreads,alternate_spreads,,12.5,Buffalo Bills,-12.5,draftkings,360,4.6,0.1695900930025397,1.1627165833703912,2026-09-06T21:08:19Z,40.798485,conditional_non_push,0.13333333333333333,consensus_plus_empirical_residual_model,live_snapshot_not_T60,pinnacle,56638b2394fcb08264d76769,0.1459416940000423,0.1459416940000423,585.2051477487373,-225.20514774873732,2,OK,500,fanduel,500,False,False,1.0,closest_offered_consensus_to_50pct_no_interpolation,0.13333333333333333,-290.0,0.0,0.13333333333333333,EMPIRICAL_RECONSTRUCTED_HISTORY,0897c49705a05c04d65f1c02a830bc8446166ee6750153b629f2f4c40766b03b,4a14b3fdf51d13786a2e905526f21d4fe7601226e01da29583be8ff3210a7041,work/market-distribution-v1/artifacts/4a14b3fdf51d13786a2e905526f21d4fe7601226e01da29583be8ff3210a7041.json,-1.0,44.5,False,False,none,False,0.27081174438687394,0.0,eec35edb10ded38f
fec9382d22c8bb691c8741a7,2026-09-06T21:08:59.798485+00:00,eec35edb10ded38f0500e83e9aaf8252f63479442c90d3b0d1ad36855ebf8efe,7e09efed7e12c659b82740b67ce2f9a1,1,2026-09-13T17:00:00Z,Houston Texans,Buffalo Bills,spreads,alternate_spreads,,12.5,Buffalo Bills,-12.5,fanduel,500,6.0,0.1222932949975449,1.1727763118339127,2026-09-06T21:08:49Z,10.798485,conditional_non_push,0.13333333333333333,consensus_plus_empirical_residual_model,live_snapshot_not_T60,pinnacle,56638b2394fcb08264d76769,0.1459416940000423,0.1459416940000423,585.2051477487373,-85.20514774873732,2,OK,500,fanduel,500,False,False,1.0,closest_offered_consensus_to_50pct_no_interpolation,0.13333333333333333,-150.0,0.0,0.13333333333333333,EMPIRICAL_RECONSTRUCTED_HISTORY,0897c49705a05c04d65f1c02a830bc8446166ee6750153b629f2f4c40766b03b,4a14b3fdf51d13786a2e905526f21d4fe7601226e01da29583be8ff3210a7041,work/market-distribution-v1/artifacts/4a14b3fdf51d13786a2e905526f21d4fe7601226e01da29583be8ff3210a7041.json,-1.0,44.5,False,False,none,False,0.27081174438687394,0.0,eec35edb10ded38f
15b0471e119c7f00f46a2e89,2026-09-06T21:08:59.798485+00:00,eec35edb10ded38f0500e83e9aaf8252f63479442c90d3b0d1ad36855ebf8efe,7e09efed7e12c659b82740b67ce2f9a1,1,2026-09-13T17:00:00Z,Houston Texans,Buffalo Bills,spreads,alternate_spreads,,-12.5,Houston Texans,-12.5,draftkings,422,5.22,0.14227186476445203,1.1800414989745036,2026-09-06T21:08:19Z,40.798485,conditional_non_push,0.1682210708117444,consensus_plus_empirical_residual_model,live_snapshot_not_T60,pinnacle,f9034add46ad332404e858d3,0.12947263183496,0.12947263183496,672.3640014321403,-250.3640014321403,2,OK,520,fanduel,520,False,False,-1.0,closest_offered_consensus_to_50pct_no_interpolation,0.1682210708117444,-72.45585215605746,0.0,0.1682210708117444,EMPIRICAL_RECONSTRUCTED_HISTORY,0897c49705a05c04d65f1c02a830bc8446166ee6750153b629f2f4c40766b03b,4a14b3fdf51d13786a2e905526f21d4fe7601226e01da29583be8ff3210a7041,work/market-distribution-v1/artifacts/4a14b3fdf51d13786a2e905526f21d4fe7601226e01da29583be8ff3210a7041.json,-1.0,44.5,False,False,none,False,0.31329879101899827,0.0,eec35edb10ded38f
fb8a63020440f8aabde19e26,2026-09-06T21:08:59.798485+00:00,eec35edb10ded38f0500e83e9aaf8252f63479442c90d3b0d1ad36855ebf8efe,7e09efed7e12c659b82740b67ce2f9a1,1,2026-09-13T17:00:00Z,Houston Texans,Buffalo Bills,spreads,alternate_spreads,,-12.5,Houston Texans,-12.5,fanduel,520,6.2,0.11667339890546793,1.1774835129351686,2026-09-06T21:08:49Z,10.798485,conditional_non_push,0.1682210708117444,consensus_plus_empirical_residual_model,live_snapshot_not_T60,pinnacle,f9034add46ad332404e858d3,0.12947263183496,0.12947263183496,672.3640014321403,-152.3640014321403,2,OK,520,fanduel,520,False,False,-1.0,closest_offered_consensus_to_50pct_no_interpolation,0.1682210708117444,25.54414784394254,0.0,0.1682210708117444,EMPIRICAL_RECONSTRUCTED_HISTORY,0897c49705a05c04d65f1c02a830bc8446166ee6750153b629f2f4c40766b03b,4a14b3fdf51d13786a2e905526f21d4fe7601226e01da29583be8ff3210a7041,work/market-distribution-v1/artifacts/4a14b3fdf51d13786a2e905526f21d4fe7601226e01da29583be8ff3210a7041.json,-1.0,44.5,False,False,none,False,0.31329879101899827,0.0,eec35edb10ded38f
d0868d609fccf962e91123db,2026-09-06T21:08:59.798485+00:00,eec35edb10ded38f0500e83e9aaf8252f63479442c90d3b0d1ad36855ebf8efe,7e09efed7e12c659b82740b67ce2f9a1,1,2026-09-13T17:00:00Z,Houston Texans,Buffalo Bills,spreads,alternate_spreads,,13.5,Buffalo Bills,-13.5,draftkings,395,4.95,0.15273803986004256,1.1748440529979591,2026-09-06T21:08:19Z,40.798485,conditional_non_push,0.11709844559585492,consensus_plus_empirical_residual_model,live_snapshot_not_T60,pinnacle,76f39c290fdaa226d50488c3,0.1297781596676669,0.1297781596676669,670.5456777633295,-275.54567776332954,2,OK,560,fanduel,560,False,False,1.0,closest_offered_consensus_to_50pct_no_interpolation,0.11709844559585492,-358.98230088495575,0.0,0.11709844559585492,EMPIRICAL_RECONSTRUCTED_HISTORY,0897c49705a05c04d65f1c02a830bc8446166ee6750153b629f2f4c40766b03b,4a14b3fdf51d13786a2e905526f21d4fe7601226e01da29583be8ff3210a7041,work/market-distribution-v1/artifacts/4a14b3fdf51d13786a2e905526f21d4fe7601226e01da29583be8ff3210a7041.json,-1.0,44.5,False,False,none,False,0.24766839378238342,0.0,eec35edb10ded38f
7518ae978fd99f66d35c79ca,2026-09-06T21:08:59.798485+00:00,eec35edb10ded38f0500e83e9aaf8252f63479442c90d3b0d1ad36855ebf8efe,7e09efed7e12c659b82740b67ce2f9a1,1,2026-09-13T17:00:00Z,Houston Texans,Buffalo Bills,spreads,alternate_spreads,,13.5,Buffalo Bills,-13.5,fanduel,560,6.6,0.10681827947529124,1.1852377638063105,2026-09-06T21:08:49Z,10.798485,conditional_non_push,0.11709844559585492,consensus_plus_empirical_residual_model,live_snapshot_not_T60,pinnacle,76f39c290fdaa226d50488c3,0.1297781596676669,0.1297781596676669,670.5456777633295,-110.54567776332954,2,OK,560,fanduel,560,False,False,1.0,closest_offered_consensus_to_50pct_no_interpolation,0.11709844559585492,-193.98230088495575,0.0,0.11709844559585492,EMPIRICAL_RECONSTRUCTED_HISTORY,0897c49705a05c04d65f1c02a830bc8446166ee6750153b629f2f4c40766b03b,4a14b3fdf51d13786a2e905526f21d4fe7601226e01da29583be8ff3210a7041,work/market-distribution-v1/artifacts/4a14b3fdf51d13786a2e905526f21d4fe7601226e01da29583be8ff3210a7041.json,-1.0,44.5,False,False,none,False,0.24766839378238342,0.0,eec35edb10ded38f
c36816b2d1b251751c5ef974,2026-09-06T21:08:59.798485+00:00,eec35edb10ded38f0500e83e9aaf8252f63479442c90d3b0d1ad36855ebf8efe,7e09efed7e12c659b82740b67ce2f9a1,1,2026-09-13T17:00:00Z,Houston Texans,Buffalo Bills,spreads,alternate_spreads,,-13.5,Houston Texans,-13.5,draftkings,465,5.65,0.12592505797909329,1.1965822722182624,2026-09-06T21:08:19Z,40.798485,conditional_non_push,0.153713298791019,consensus_plus_empirical_residual_model,live_snapshot_not_T60,pinnacle,e4933bd5e07fe03bc6a4cdb9,0.11637166872719223,0.11637166872719223,759.3156830502103,-294.3156830502103,2,OK,560,fanduel,560,False,False,-1.0,closest_offered_consensus_to_50pct_no_interpolation,0.153713298791019,-85.56179775280896,0.0,0.153713298791019,EMPIRICAL_RECONSTRUCTED_HISTORY,0897c49705a05c04d65f1c02a830bc8446166ee6750153b629f2f4c40766b03b,4a14b3fdf51d13786a2e905526f21d4fe7601226e01da29583be8ff3210a7041,work/market-distribution-v1/artifacts/4a14b3fdf51d13786a2e905526f21d4fe7601226e01da29583be8ff3210a7041.json,-1.0,44.5,False,False,none,False,0.28808290155440414,0.0,eec35edb10ded38f
85f956cbe04ed525b344778b,2026-09-06T21:08:59.798485+00:00,eec35edb10ded38f0500e83e9aaf8252f63479442c90d3b0d1ad36855ebf8efe,7e09efed7e12c659b82740b67ce2f9a1,1,2026-09-13T17:00:00Z,Houston Texans,Buffalo Bills,spreads,alternate_spreads,,-13.5,Houston Texans,-13.5,fanduel,560,6.6,0.10681827947529124,1.1852377638063105,2026-09-06T21:08:49Z,10.798485,conditional_non_push,0.153713298791019,consensus_plus_empirical_residual_model,live_snapshot_not_T60,pinnacle,e4933bd5e07fe03bc6a4cdb9,0.11637166872719223,0.11637166872719223,759.3156830502103,-199.31568305021028,2,OK,560,fanduel,560,False,False,-1.0,closest_offered_consensus_to_50pct_no_interpolation,0.153713298791019,9.438202247191043,0.0,0.153713298791019,EMPIRICAL_RECONSTRUCTED_HISTORY,0897c49705a05c04d65f1c02a830bc8446166ee6750153b629f2f4c40766b03b,4a14b3fdf51d13786a2e905526f21d4fe7601226e01da29583be8ff3210a7041,work/market-distribution-v1/artifacts/4a14b3fdf51d13786a2e905526f21d4fe7601226e01da29583be8ff3210a7041.json,-1.0,44.5,False,False,none,False,0.28808290155440414,0.0,eec35edb10ded38f
e17108958f91a433d5077a7b,2026-09-06T21:08:59.798485+00:00,eec35edb10ded38f0500e83e9aaf8252f63479442c90d3b0d1ad36855ebf8efe,7e09efed7e12c659b82740b67ce2f9a1,1,2026-09-13T17:00:00Z,Houston Texans,Buffalo Bills,spreads,alternate_spreads,,14.5,Buffalo Bills,-14.5,draftkings,466,5.66,0.1258423203128628,1.1957407481893467,2026-09-06T21:08:19Z,40.798485,conditional_non_push,0.10673575129533679,consensus_plus_empirical_residual_model,live_snapshot_not_T60,pinnacle,0500d85720fd1c0b2ed665c7,0.10340336130899008,0.10340336130899008,867.086550515315,-401.086550515315,2,OK,680,fanduel,680,False,False,1.0,closest_offered_consensus_to_50pct_no_interpolation,0.10673575129533679,-370.8932038834952,0.0,0.10673575129533679,EMPIRICAL_RECONSTRUCTED_HISTORY,0897c49705a05c04d65f1c02a830bc8446166ee6750153b629f2f4c40766b03b,4a14b3fdf51d13786a2e905526f21d4fe7601226e01da29583be8ff3210a7041,work/market-distribution-v1/artifacts/4a14b3fdf51d13786a2e905526f21d4fe7601226e01da29583be8ff3210a7041.json,-1.0,44.5,False,False,none,False,0.22487046632124352,0.0,eec35edb10ded38f
c8c6556ca3d79c086d270b20,2026-09-06T21:08:59.798485+00:00,eec35edb10ded38f0500e83e9aaf8252f63479442c90d3b0d1ad36855ebf8efe,7e09efed7e12c659b82740b67ce2f9a1,1,2026-09-13T17:00:00Z,Houston Texans,Buffalo Bills,spreads,alternate_spreads,,14.5,Buffalo Bills,-14.5,fanduel,680,7.8,0.08096440230511735,1.2237557345683783,2026-09-06T21:08:49Z,10.798485,conditional_non_push,0.10673575129533679,consensus_plus_empirical_residual_model,live_snapshot_not_T60,pinnacle,0500d85720fd1c0b2ed665c7,0.10340336130899008,0.10340336130899008,867.086550515315,-187.08655051531503,2,OK,680,fanduel,680,False,False,1.0,closest_offered_consensus_to_50pct_no_interpolation,0.10673575129533679,-156.89320388349518,0.0,0.10673575129533679,EMPIRICAL_RECONSTRUCTED_HISTORY,0897c49705a05c04d65f1c02a830bc8446166ee6750153b629f2f4c40766b03b,4a14b3fdf51d13786a2e905526f21d4fe7601226e01da29583be8ff3210a7041,work/market-distribution-v1/artifacts/4a14b3fdf51d13786a2e905526f21d4fe7601226e01da29583be8ff3210a7041.json,-1.0,44.5,False,False,none,False,0.22487046632124352,0.0,eec35edb10ded38f
3da9f4d3ef1bc8fea12ce830,2026-09-06T21:08:59.798485+00:00,eec35edb10ded38f0500e83e9aaf8252f63479442c90d3b0d1ad36855ebf8efe,7e09efed7e12c659b82740b67ce2f9a1,1,2026-09-13T17:00:00Z,Houston Texans,Buffalo Bills,spreads,alternate_spreads,,-14.5,Houston Texans,-14.5,draftkings,544,6.44,0.10260114818857406,1.2224812164457801,2026-09-06T21:08:19Z,40.798485,conditional_non_push,0.1385146804835924,consensus_plus_empirical_residual_model,live_snapshot_not_T60,pinnacle,1761fc5a62fe0dbc95c78726,0.09178277524684571,0.09178277524684571,989.5290508600816,-445.5290508600816,2,OK,680,fanduel,680,False,False,-1.0,closest_offered_consensus_to_50pct_no_interpolation,0.1385146804835924,-77.9451371571073,0.0,0.1385146804835924,EMPIRICAL_RECONSTRUCTED_HISTORY,0897c49705a05c04d65f1c02a830bc8446166ee6750153b629f2f4c40766b03b,4a14b3fdf51d13786a2e905526f21d4fe7601226e01da29583be8ff3210a7041,work/market-distribution-v1/artifacts/4a14b3fdf51d13786a2e905526f21d4fe7601226e01da29583be8ff3210a7041.json,-1.0,44.5,False,False,none,False,0.25941278065630397,0.0,eec35edb10ded38f
aa825f2ed8b9e033d886702f,2026-09-06T21:08:59.798485+00:00,eec35edb10ded38f0500e83e9aaf8252f63479442c90d3b0d1ad36855ebf8efe,7e09efed7e12c659b82740b67ce2f9a1,1,2026-09-13T17:00:00Z,Houston Texans,Buffalo Bills,spreads,alternate_spreads,,-14.5,Houston Texans,-14.5,fanduel,680,7.8,0.08096440230511735,1.2237557345683783,2026-09-06T21:08:49Z,10.798485,conditional_non_push,0.1385146804835924,consensus_plus_empirical_residual_model,live_snapshot_not_T60,pinnacle,1761fc5a62fe0dbc95c78726,0.09178277524684571,0.09178277524684571,989.5290508600816,-309.5290508600816,2,OK,680,fanduel,680,False,False,-1.0,closest_offered_consensus_to_50pct_no_interpolation,0.1385146804835924,58.0548628428927,0.0,0.1385146804835924,EMPIRICAL_RECONSTRUCTED_HISTORY,0897c49705a05c04d65f1c02a830bc8446166ee6750153b629f2f4c40766b03b,4a14b3fdf51d13786a2e905526f21d4fe7601226e01da29583be8ff3210a7041,work/market-distribution-v1/artifacts/4a14b3fdf51d13786a2e905526f21d4fe7601226e01da29583be8ff3210a7041.json,-1.0,44.5,False,False,none,False,0.25941278065630397,0.0,eec35edb10ded38f
328f1a9765fb91df079069f3,2026-09-06T21:08:59.798485+00:00,eec35edb10ded38f0500e83e9aaf8252f63479442c90d3b0d1ad36855ebf8efe,7e09efed7e12c659b82740b67ce2f9a1,1,2026-09-13T17:00:00Z,Houston Texans,Buffalo Bills,spreads,alternate_spreads,,15.5,Buffalo Bills,-15.5,draftkings,496,5.96,0.11674991574322875,1.2031575934316532,2026-09-06T21:08:19Z,40.798485,conditional_non_push,0.09499136442141623,consensus_plus_empirical_residual_model,live_snapshot_not_T60,pinnacle,cd8dbe6b7143721ab682c7d7,0.09431071760589593,0.09431071760589593,960.3248765201677,-464.32487652016766,2,OK,750,fanduel,750,False,False,1.0,closest_offered_consensus_to_50pct_no_interpolation,0.09499136442141623,-456.72727272727286,0.0,0.09499136442141623,EMPIRICAL_RECONSTRUCTED_HISTORY,0897c49705a05c04d65f1c02a830bc8446166ee6750153b629f2f4c40766b03b,4a14b3fdf51d13786a2e905526f21d4fe7601226e01da29583be8ff3210a7041,work/market-distribution-v1/artifacts/4a14b3fdf51d13786a2e905526f21d4fe7601226e01da29583be8ff3210a7041.json,-1.0,44.5,False,False,none,False,0.1996545768566494,0.0,eec35edb10ded38f
3b6b50af2f713308e56a60d9,2026-09-06T21:08:59.798485+00:00,eec35edb10ded38f0500e83e9aaf8252f63479442c90d3b0d1ad36855ebf8efe,7e09efed7e12c659b82740b67ce2f9a1,1,2026-09-13T17:00:00Z,Houston Texans,Buffalo Bills,spreads,alternate_spreads,,15.5,Buffalo Bills,-15.5,fanduel,750,8.5,0.0718715194685631,1.230277479608839,2026-09-06T21:08:49Z,10.798485,conditional_non_push,0.09499136442141623,consensus_plus_empirical_residual_model,live_snapshot_not_T60,pinnacle,cd8dbe6b7143721ab682c7d7,0.09431071760589593,0.09431071760589593,960.3248765201677,-210.32487652016766,2,OK,750,fanduel,750,False,False,1.0,closest_offered_consensus_to_50pct_no_interpolation,0.09499136442141623,-202.72727272727286,0.0,0.09499136442141623,EMPIRICAL_RECONSTRUCTED_HISTORY,0897c49705a05c04d65f1c02a830bc8446166ee6750153b629f2f4c40766b03b,4a14b3fdf51d13786a2e905526f21d4fe7601226e01da29583be8ff3210a7041,work/market-distribution-v1/artifacts/4a14b3fdf51d13786a2e905526f21d4fe7601226e01da29583be8ff3210a7041.json,-1.0,44.5,False,False,none,False,0.1996545768566494,0.0,eec35edb10ded38f
78ce522c82b61cb158936cb2,2026-09-06T21:08:59.798485+00:00,eec35edb10ded38f0500e83e9aaf8252f63479442c90d3b0d1ad36855ebf8efe,7e09efed7e12c659b82740b67ce2f9a1,1,2026-09-13T17:00:00Z,Houston Texans,Buffalo Bills,spreads,alternate_spreads,,-15.5,Houston Texans,-15.5,draftkings,583,6.83,0.09386287838092953,1.2314005721514758,2026-09-06T21:08:19Z,40.798485,conditional_non_push,0.1236614853195164,consensus_plus_empirical_residual_model,live_snapshot_not_T60,pinnacle,4dce87eadd95b01af9ad0834,0.08286719892474631,0.08286719892474631,1106.7500928903414,-523.7500928903414,2,OK,750,fanduel,750,False,False,-1.0,closest_offered_consensus_to_50pct_no_interpolation,0.1236614853195164,-125.65921787709499,0.0,0.1236614853195164,EMPIRICAL_RECONSTRUCTED_HISTORY,0897c49705a05c04d65f1c02a830bc8446166ee6750153b629f2f4c40766b03b,4a14b3fdf51d13786a2e905526f21d4fe7601226e01da29583be8ff3210a7041,work/market-distribution-v1/artifacts/4a14b3fdf51d13786a2e905526f21d4fe7601226e01da29583be8ff3210a7041.json,-1.0,44.5,False,False,none,False,0.2390328151986183,0.0,eec35edb10ded38f
3d74f672d6b021a5e4cc5e15,2026-09-06T21:08:59.798485+00:00,eec35edb10ded38f0500e83e9aaf8252f63479442c90d3b0d1ad36855ebf8efe,7e09efed7e12c659b82740b67ce2f9a1,1,2026-09-13T17:00:00Z,Houston Texans,Buffalo Bills,spreads,alternate_spreads,,-15.5,Houston Texans,-15.5,fanduel,750,8.5,0.0718715194685631,1.230277479608839,2026-09-06T21:08:49Z,10.798485,conditional_non_push,0.1236614853195164,consensus_plus_empirical_residual_model,live_snapshot_not_T60,pinnacle,4dce87eadd95b01af9ad0834,0.08286719892474631,0.08286719892474631,1106.7500928903414,-356.7500928903414,2,OK,750,fanduel,750,False,False,-1.0,closest_offered_consensus_to_50pct_no_interpolation,0.1236614853195164,41.34078212290501,0.0,0.1236614853195164,EMPIRICAL_RECONSTRUCTED_HISTORY,0897c49705a05c04d65f1c02a830bc8446166ee6750153b629f2f4c40766b03b,4a14b3fdf51d13786a2e905526f21d4fe7601226e01da29583be8ff3210a7041,work/market-distribution-v1/artifacts/4a14b3fdf51d13786a2e905526f21d4fe7601226e01da29583be8ff3210a7041.json,-1.0,44.5,False,False,none,False,0.2390328151986183,0.0,eec35edb10ded38f
b834cfe520e27910c16c516c,2026-09-06T21:08:59.798485+00:00,eec35edb10ded38f0500e83e9aaf8252f63479442c90d3b0d1ad36855ebf8efe,7e09efed7e12c659b82740b67ce2f9a1,1,2026-09-13T17:00:00Z,Houston Texans,Buffalo Bills,spreads,alternate_spreads,,16.5,Buffalo Bills,-16.5,draftkings,539,6.39,0.104125111344228,1.2196691179527979,2026-09-06T21:08:19Z,40.798485,conditional_non_push,0.08255613126079447,consensus_plus_empirical_residual_model,live_snapshot_not_T60,pinnacle,14fe62e0de20551a1b8241c2,0.08458029777362071,0.08458029777362071,1082.3084409994647,-543.3084409994647,2,OK,800,fanduel,800,False,False,1.0,closest_offered_consensus_to_50pct_no_interpolation,0.08255613126079447,-572.2970711297071,0.0,0.08255613126079447,EMPIRICAL_RECONSTRUCTED_HISTORY,0897c49705a05c04d65f1c02a830bc8446166ee6750153b629f2f4c40766b03b,4a14b3fdf51d13786a2e905526f21d4fe7601226e01da29583be8ff3210a7041,work/market-distribution-v1/artifacts/4a14b3fdf51d13786a2e905526f21d4fe7601226e01da29583be8ff3210a7041.json,-1.0,44.5,False,False,none,False,0.170293609671848,0.0,eec35edb10ded38f
480a8adf4a50ff83baa851c9,2026-09-06T21:08:59.798485+00:00,eec35edb10ded38f0500e83e9aaf8252f63479442c90d3b0d1ad36855ebf8efe,7e09efed7e12c659b82740b67ce2f9a1,1,2026-09-13T17:00:00Z,Houston Texans,Buffalo Bills,spreads,alternate_spreads,,16.5,Buffalo Bills,-16.5,fanduel,800,9.0,0.06503548420301344,1.2437610044118093,2026-09-06T21:08:49Z,10.798485,conditional_non_push,0.08255613126079447,consensus_plus_empirical_residual_model,live_snapshot_not_T60,pinnacle,14fe62e0de20551a1b8241c2,0.08458029777362071,0.08458029777362071,1082.3084409994647,-282.30844099946466,2,OK,800,fanduel,800,False,False,1.0,closest_offered_consensus_to_50pct_no_interpolation,0.08255613126079447,-311.2970711297071,0.0,0.08255613126079447,EMPIRICAL_RECONSTRUCTED_HISTORY,0897c49705a05c04d65f1c02a830bc8446166ee6750153b629f2f4c40766b03b,4a14b3fdf51d13786a2e905526f21d4fe7601226e01da29583be8ff3210a7041,work/market-distribution-v1/artifacts/4a14b3fdf51d13786a2e905526f21d4fe7601226e01da29583be8ff3210a7041.json,-1.0,44.5,False,False,none,False,0.170293609671848,0.0,eec35edb10ded38f
8fc01edcb4c45d42f74ab387,2026-09-06T21:08:59.798485+00:00,eec35edb10ded38f0500e83e9aaf8252f63479442c90d3b0d1ad36855ebf8efe,7e09efed7e12c659b82740b67ce2f9a1,1,2026-09-13T17:00:00Z,Houston Texans,Buffalo Bills,spreads,alternate_spreads,,-16.5,Houston Texans,-16.5,draftkings,630,7.3,0.08282412256123772,1.2531153827971946,2026-09-06T21:08:19Z,40.798485,conditional_non_push,0.11260794473229706,consensus_plus_empirical_residual_model,live_snapshot_not_T60,pinnacle,c5eb4a109a6a4fd8ae14e1fd,0.07129967932278057,0.07129967932278057,1302.530852169619,-672.530852169619,2,OK,830,fanduel,830,False,False,-1.0,closest_offered_consensus_to_50pct_no_interpolation,0.11260794473229706,-158.03680981595096,0.0,0.11260794473229706,EMPIRICAL_RECONSTRUCTED_HISTORY,0897c49705a05c04d65f1c02a830bc8446166ee6750153b629f2f4c40766b03b,4a14b3fdf51d13786a2e905526f21d4fe7601226e01da29583be8ff3210a7041,work/market-distribution-v1/artifacts/4a14b3fdf51d13786a2e905526f21d4fe7601226e01da29583be8ff3210a7041.json,-1.0,44.5,False,False,none,False,0.21727115716753023,0.0,eec35edb10ded38f
ac680c766b540d9606ffee42,2026-09-06T21:08:59.798485+00:00,eec35edb10ded38f0500e83e9aaf8252f63479442c90d3b0d1ad36855ebf8efe,7e09efed7e12c659b82740b67ce2f9a1,1,2026-09-13T17:00:00Z,Houston Texans,Buffalo Bills,spreads,alternate_spreads,,-16.5,Houston Texans,-16.5,fanduel,830,9.3,0.05977523608432342,1.263294002000563,2026-09-06T21:08:49Z,10.798485,conditional_non_push,0.11260794473229706,consensus_plus_empirical_residual_model,live_snapshot_not_T60,pinnacle,c5eb4a109a6a4fd8ae14e1fd,0.07129967932278057,0.07129967932278057,1302.530852169619,-472.53085216961904,2,OK,830,fanduel,830,False,False,-1.0,closest_offered_consensus_to_50pct_no_interpolation,0.11260794473229706,41.96319018404904,0.0,0.11260794473229706,EMPIRICAL_RECONSTRUCTED_HISTORY,0897c49705a05c04d65f1c02a830bc8446166ee6750153b629f2f4c40766b03b,4a14b3fdf51d13786a2e905526f21d4fe7601226e01da29583be8ff3210a7041,work/market-distribution-v1/artifacts/4a14b3fdf51d13786a2e905526f21d4fe7601226e01da29583be8ff3210a7041.json,-1.0,44.5,False,False,none,False,0.21727115716753023,0.0,eec35edb10ded38f
12d5420872f63c4d7d9ad797,2026-09-06T21:08:59.798485+00:00,eec35edb10ded38f0500e83e9aaf8252f63479442c90d3b0d1ad36855ebf8efe,7e09efed7e12c659b82740b67ce2f9a1,1,2026-09-13T17:00:00Z,Houston Texans,Buffalo Bills,spreads,alternate_spreads,,17.5,Buffalo Bills,-17.5,draftkings,620,7.2,0.08484743065624716,1.2496450430619341,2026-09-06T21:08:19Z,40.798485,conditional_non_push,0.07115716753022452,consensus_plus_empirical_residual_model,live_snapshot_not_T60,pinnacle,a92b071fbbb3fb8e97593665,0.06732830649742151,0.06732830649742151,1385.2593983457718,-765.2593983457718,2,OK,900,fanduel,900,False,False,1.0,closest_offered_consensus_to_50pct_no_interpolation,0.07115716753022452,-685.3398058252428,0.0,0.07115716753022452,EMPIRICAL_RECONSTRUCTED_HISTORY,0897c49705a05c04d65f1c02a830bc8446166ee6750153b629f2f4c40766b03b,4a14b3fdf51d13786a2e905526f21d4fe7601226e01da29583be8ff3210a7041,work/market-distribution-v1/artifacts/4a14b3fdf51d13786a2e905526f21d4fe7601226e01da29583be8ff3210a7041.json,-1.0,44.5,False,False,none,False,0.15164075993091536,0.0,eec35edb10ded38f
7f691719b0029cb93378df12,2026-09-06T21:08:59.798485+00:00,eec35edb10ded38f0500e83e9aaf8252f63479442c90d3b0d1ad36855ebf8efe,7e09efed7e12c659b82740b67ce2f9a1,1,2026-09-13T17:00:00Z,Houston Texans,Buffalo Bills,spreads,alternate_spreads,,17.5,Buffalo Bills,-17.5,fanduel,900,10.0,0.0498091823385959,1.302690587533839,2026-09-06T21:08:49Z,10.798485,conditional_non_push,0.07115716753022452,consensus_plus_empirical_residual_model,live_snapshot_not_T60,pinnacle,a92b071fbbb3fb8e97593665,0.06732830649742151,0.06732830649742151,1385.2593983457718,-485.25939834577184,2,OK,900,fanduel,900,False,False,1.0,closest_offered_consensus_to_50pct_no_interpolation,0.07115716753022452,-405.3398058252428,0.0,0.07115716753022452,EMPIRICAL_RECONSTRUCTED_HISTORY,0897c49705a05c04d65f1c02a830bc8446166ee6750153b629f2f4c40766b03b,4a14b3fdf51d13786a2e905526f21d4fe7601226e01da29583be8ff3210a7041,work/market-distribution-v1/artifacts/4a14b3fdf51d13786a2e905526f21d4fe7601226e01da29583be8ff3210a7041.json,-1.0,44.5,False,False,none,False,0.15164075993091536,0.0,eec35edb10ded38f
8b1d7461a1026816990e3597,2026-09-06T21:08:59.798485+00:00,eec35edb10ded38f0500e83e9aaf8252f63479442c90d3b0d1ad36855ebf8efe,7e09efed7e12c659b82740b67ce2f9a1,1,2026-09-13T17:00:00Z,Houston Texans,Buffalo Bills,spreads,alternate_spreads,,-17.5,Houston Texans,-17.5,draftkings,720,8.2,0.06605911724736901,1.291365009443985,2026-09-06T21:08:19Z,40.798485,conditional_non_push,0.10259067357512953,consensus_plus_empirical_residual_model,live_snapshot_not_T60,pinnacle,65e233ba1c5546f215fe1167,0.0541909116359339,0.0541909116359339,1745.3278784424467,-1025.3278784424467,2,OK,1000,fanduel,1000,False,False,-1.0,closest_offered_consensus_to_50pct_no_interpolation,0.10259067357512953,-154.74747474747483,0.0,0.10259067357512953,EMPIRICAL_RECONSTRUCTED_HISTORY,0897c49705a05c04d65f1c02a830bc8446166ee6750153b629f2f4c40766b03b,4a14b3fdf51d13786a2e905526f21d4fe7601226e01da29583be8ff3210a7041,work/market-distribution-v1/artifacts/4a14b3fdf51d13786a2e905526f21d4fe7601226e01da29583be8ff3210a7041.json,-1.0,44.5,False,False,none,False,0.1913644214162349,0.0,eec35edb10ded38f
b2dbb19823130f970eb2e458,2026-09-06T21:08:59.798485+00:00,eec35edb10ded38f0500e83e9aaf8252f63479442c90d3b0d1ad36855ebf8efe,7e09efed7e12c659b82740b67ce2f9a1,1,2026-09-13T17:00:00Z,Houston Texans,Buffalo Bills,spreads,alternate_spreads,,-17.5,Houston Texans,-17.5,fanduel,1000,11.0,0.04232270602449879,1.3188363926369235,2026-09-06T21:08:49Z,10.798485,conditional_non_push,0.10259067357512953,consensus_plus_empirical_residual_model,live_snapshot_not_T60,pinnacle,65e233ba1c5546f215fe1167,0.0541909116359339,0.0541909116359339,1745.3278784424467,-745.3278784424467,2,OK,1000,fanduel,1000,False,False,-1.0,closest_offered_consensus_to_50pct_no_interpolation,0.10259067357512953,125.25252525252517,0.0,0.10259067357512953,EMPIRICAL_RECONSTRUCTED_HISTORY,0897c49705a05c04d65f1c02a830bc8446166ee6750153b629f2f4c40766b03b,4a14b3fdf51d13786a2e905526f21d4fe7601226e01da29583be8ff3210a7041,work/market-distribution-v1/artifacts/4a14b3fdf51d13786a2e905526f21d4fe7601226e01da29583be8ff3210a7041.json,-1.0,44.5,False,False,none,False,0.1913644214162349,0.0,eec35edb10ded38f
9bc31481ab10e96a512f7a57,2026-09-06T21:08:59.798485+00:00,eec35edb10ded38f0500e83e9aaf8252f63479442c90d3b0d1ad36855ebf8efe,7e09efed7e12c659b82740b67ce2f9a1,1,2026-09-13T17:00:00Z,Houston Texans,Buffalo Bills,spreads,alternate_spreads,,18.5,Buffalo Bills,-18.5,draftkings,680,7.8,0.07335094150509235,1.2718318258203616,2026-09-06T21:08:19Z,40.798485,conditional_non_push,0.06252158894645941,consensus_plus_empirical_residual_model,live_snapshot_not_T60,pinnacle,eef036d779bbb157039f6ed8,0.05524616523041536,0.05524616523041536,1710.0803844561824,-1030.0803844561824,2,OK,1060,fanduel,1060,False,False,1.0,closest_offered_consensus_to_50pct_no_interpolation,0.06252158894645941,-819.4475138121545,0.0,0.06252158894645941,EMPIRICAL_RECONSTRUCTED_HISTORY,0897c49705a05c04d65f1c02a830bc8446166ee6750153b629f2f4c40766b03b,4a14b3fdf51d13786a2e905526f21d4fe7601226e01da29583be8ff3210a7041,work/market-distribution-v1/artifacts/4a14b3fdf51d13786a2e905526f21d4fe7601226e01da29583be8ff3210a7041.json,-1.0,44.5,False,False,none,False,0.13333333333333333,0.0,eec35edb10ded38f
81220b7a23ebbfadc642b7c4,2026-09-06T21:08:59.798485+00:00,eec35edb10ded38f0500e83e9aaf8252f63479442c90d3b0d1ad36855ebf8efe,7e09efed7e12c659b82740b67ce2f9a1,1,2026-09-13T17:00:00Z,Houston Texans,Buffalo Bills,spreads,alternate_spreads,,18.5,Buffalo Bills,-18.5,fanduel,1060,11.6,0.037141388955738375,1.3435399740514984,2026-09-06T21:08:49Z,10.798485,conditional_non_push,0.06252158894645941,consensus_plus_empirical_residual_model,live_snapshot_not_T60,pinnacle,eef036d779bbb157039f6ed8,0.05524616523041536,0.05524616523041536,1710.0803844561824,-650.0803844561824,2,OK,1060,fanduel,1060,False,False,1.0,closest_offered_consensus_to_50pct_no_interpolation,0.06252158894645941,-439.4475138121545,0.0,0.06252158894645941,EMPIRICAL_RECONSTRUCTED_HISTORY,0897c49705a05c04d65f1c02a830bc8446166ee6750153b629f2f4c40766b03b,4a14b3fdf51d13786a2e905526f21d4fe7601226e01da29583be8ff3210a7041,work/market-distribution-v1/artifacts/4a14b3fdf51d13786a2e905526f21d4fe7601226e01da29583be8ff3210a7041.json,-1.0,44.5,False,False,none,False,0.13333333333333333,0.0,eec35edb10ded38f
c13891613f54477bf0e62a85,2026-09-06T21:08:59.798485+00:00,eec35edb10ded38f0500e83e9aaf8252f63479442c90d3b0d1ad36855ebf8efe,7e09efed7e12c659b82740b67ce2f9a1,1,2026-09-13T17:00:00Z,Houston Texans,Buffalo Bills,spreads,alternate_spreads,,-18.5,Houston Texans,-18.5,draftkings,800,9.0,0.05308435307046933,1.336173413289882,2026-09-06T21:08:19Z,40.798485,conditional_non_push,0.09050086355785837,consensus_plus_empirical_residual_model,live_snapshot_not_T60,pinnacle,47abecd041cfbd9c0deb82a4,0.04511287101310384,0.04511287101310384,2116.662290700878,-1316.6622907008782,2,OK,1060,fanduel,1060,False,False,-1.0,closest_offered_consensus_to_50pct_no_interpolation,0.09050086355785837,-204.96183206106878,0.0,0.09050086355785837,EMPIRICAL_RECONSTRUCTED_HISTORY,0897c49705a05c04d65f1c02a830bc8446166ee6750153b629f2f4c40766b03b,4a14b3fdf51d13786a2e905526f21d4fe7601226e01da29583be8ff3210a7041,work/market-distribution-v1/artifacts/4a14b3fdf51d13786a2e905526f21d4fe7601226e01da29583be8ff3210a7041.json,-1.0,44.5,False,False,none,False,0.1682210708117444,0.0,eec35edb10ded38f
d7297c1736ecdf5575aa4562,2026-09-06T21:08:59.798485+00:00,eec35edb10ded38f0500e83e9aaf8252f63479442c90d3b0d1ad36855ebf8efe,7e09efed7e12c659b82740b67ce2f9a1,1,2026-09-13T17:00:00Z,Houston Texans,Buffalo Bills,spreads,alternate_spreads,,-18.5,Houston Texans,-18.5,fanduel,1060,11.6,0.037141388955738375,1.3435399740514984,2026-09-06T21:08:49Z,10.798485,conditional_non_push,0.09050086355785837,consensus_plus_empirical_residual_model,live_snapshot_not_T60,pinnacle,47abecd041cfbd9c0deb82a4,0.04511287101310384,0.04511287101310384,2116.662290700878,-1056.6622907008782,2,OK,1060,fanduel,1060,False,False,-1.0,closest_offered_consensus_to_50pct_no_interpolation,0.09050086355785837,55.038167938931224,0.0,0.09050086355785837,EMPIRICAL_RECONSTRUCTED_HISTORY,0897c49705a05c04d65f1c02a830bc8446166ee6750153b629f2f4c40766b03b,4a14b3fdf51d13786a2e905526f21d4fe7601226e01da29583be8ff3210a7041,work/market-distribution-v1/artifacts/4a14b3fdf51d13786a2e905526f21d4fe7601226e01da29583be8ff3210a7041.json,-1.0,44.5,False,False,none,False,0.1682210708117444,0.0,eec35edb10ded38f
11d2bba2644427eb77d9a2d4,2026-09-06T21:08:59.798485+00:00,eec35edb10ded38f0500e83e9aaf8252f63479442c90d3b0d1ad36855ebf8efe,7e09efed7e12c659b82740b67ce2f9a1,1,2026-09-13T17:00:00Z,Houston Texans,Buffalo Bills,spreads,alternate_spreads,,19.5,Buffalo Bills,-19.5,draftkings,730,8.3,0.06529668154905188,1.2894539640644664,2026-09-06T21:08:19Z,40.798485,conditional_non_push,0.05146804835924007,consensus_plus_empirical_residual_model,live_snapshot_not_T60,pinnacle,e88ceed76dc63b7a293ea89c,0.04927609870354236,0.04927609870354236,1929.3814370659827,-1199.3814370659827,2,OK,1100,fanduel,1100,False,False,1.0,closest_offered_consensus_to_50pct_no_interpolation,0.05146804835924007,-1112.9530201342282,0.0,0.05146804835924007,EMPIRICAL_RECONSTRUCTED_HISTORY,0897c49705a05c04d65f1c02a830bc8446166ee6750153b629f2f4c40766b03b,4a14b3fdf51d13786a2e905526f21d4fe7601226e01da29583be8ff3210a7041,work/market-distribution-v1/artifacts/4a14b3fdf51d13786a2e905526f21d4fe7601226e01da29583be8ff3210a7041.json,-1.0,44.5,False,False,none,False,0.11709844559585492,0.0,eec35edb10ded38f
6760f65aab0a2f7a3044b4ec,2026-09-06T21:08:59.798485+00:00,eec35edb10ded38f0500e83e9aaf8252f63479442c90d3b0d1ad36855ebf8efe,7e09efed7e12c659b82740b67ce2f9a1,1,2026-09-13T17:00:00Z,Houston Texans,Buffalo Bills,spreads,alternate_spreads,,19.5,Buffalo Bills,-19.5,fanduel,1100,12.0,0.033255515858032866,1.3696830967319413,2026-09-06T21:08:49Z,10.798485,conditional_non_push,0.05146804835924007,consensus_plus_empirical_residual_model,live_snapshot_not_T60,pinnacle,e88ceed76dc63b7a293ea89c,0.04927609870354236,0.04927609870354236,1929.3814370659827,-829.3814370659827,2,OK,1100,fanduel,1100,False,False,1.0,closest_offered_consensus_to_50pct_no_interpolation,0.05146804835924007,-742.9530201342282,0.0,0.05146804835924007,EMPIRICAL_RECONSTRUCTED_HISTORY,0897c49705a05c04d65f1c02a830bc8446166ee6750153b629f2f4c40766b03b,4a14b3fdf51d13786a2e905526f21d4fe7601226e01da29583be8ff3210a7041,work/market-distribution-v1/artifacts/4a14b3fdf51d13786a2e905526f21d4fe7601226e01da29583be8ff3210a7041.json,-1.0,44.5,False,False,none,False,0.11709844559585492,0.0,eec35edb10ded38f
e2b85a6f035ce5a2a924af15,2026-09-06T21:08:59.798485+00:00,eec35edb10ded38f0500e83e9aaf8252f63479442c90d3b0d1ad36855ebf8efe,7e09efed7e12c659b82740b67ce2f9a1,1,2026-09-13T17:00:00Z,Houston Texans,Buffalo Bills,spreads,alternate_spreads,,-19.5,Houston Texans,-19.5,draftkings,860,9.6,0.046492010711362546,1.3566738248933987,2026-09-06T21:08:19Z,40.798485,conditional_non_push,0.08013816925734024,consensus_plus_empirical_residual_model,live_snapshot_not_T60,pinnacle,ddf524ed460f760843e2c2df,0.038089804957682535,0.038089804957682535,2525.3744305359187,-1665.3744305359187,2,OK,1200,fanduel,1200,False,False,-1.0,closest_offered_consensus_to_50pct_no_interpolation,0.08013816925734024,-287.844827586207,0.0,0.08013816925734024,EMPIRICAL_RECONSTRUCTED_HISTORY,0897c49705a05c04d65f1c02a830bc8446166ee6750153b629f2f4c40766b03b,4a14b3fdf51d13786a2e905526f21d4fe7601226e01da29583be8ff3210a7041,work/market-distribution-v1/artifacts/4a14b3fdf51d13786a2e905526f21d4fe7601226e01da29583be8ff3210a7041.json,-1.0,44.5,False,False,none,False,0.153713298791019,0.0,eec35edb10ded38f
17d47939138148059cd9d2f3,2026-09-06T21:08:59.798485+00:00,eec35edb10ded38f0500e83e9aaf8252f63479442c90d3b0d1ad36855ebf8efe,7e09efed7e12c659b82740b67ce2f9a1,1,2026-09-13T17:00:00Z,Houston Texans,Buffalo Bills,spreads,alternate_spreads,,-19.5,Houston Texans,-19.5,fanduel,1200,13.0,0.029687599204002532,1.3711872498976208,2026-09-06T21:08:49Z,10.798485,conditional_non_push,0.08013816925734024,consensus_plus_empirical_residual_model,live_snapshot_not_T60,pinnacle,ddf524ed460f760843e2c2df,0.038089804957682535,0.038089804957682535,2525.3744305359187,-1325.3744305359187,2,OK,1200,fanduel,1200,False,False,-1.0,closest_offered_consensus_to_50pct_no_interpolation,0.08013816925734024,52.155172413793025,0.0,0.08013816925734024,EMPIRICAL_RECONSTRUCTED_HISTORY,0897c49705a05c04d65f1c02a830bc8446166ee6750153b629f2f4c40766b03b,4a14b3fdf51d13786a2e905526f21d4fe7601226e01da29583be8ff3210a7041,work/market-distribution-v1/artifacts/4a14b3fdf51d13786a2e905526f21d4fe7601226e01da29583be8ff3210a7041.json,-1.0,44.5,False,False,none,False,0.153713298791019,0.0,eec35edb10ded38f
aae0edb47c3c2e363c77641b,2026-09-06T21:08:59.798485+00:00,eec35edb10ded38f0500e83e9aaf8252f63479442c90d3b0d1ad36855ebf8efe,7e09efed7e12c659b82740b67ce2f9a1,1,2026-09-13T17:00:00Z,Houston Texans,Buffalo Bills,spreads,alternate_spreads,,2.0,Buffalo Bills,-2.0,pinnacle,113,2.13,0.4513422317595441,1.0521178061805254,2026-09-06T21:08:57Z,2.798485,conditional_non_push,0.40568383658969803,consensus_plus_empirical_residual_model,live_snapshot_not_T60,pinnacle,bebf40c8d4a70c69116de6d1,0.4513422317595441,0.4513422317595441,121.56136289341464,-8.561362893414639,1,FEWER_THAN_TWO_BOOKS,113,pinnacle,,False,False,1.0,closest_offered_consensus_to_50pct_no_interpolation,0.40568383658969803,-33.49737302977235,0.027633851468048358,0.3944732297063903,EMPIRICAL_RECONSTRUCTED_HISTORY,0897c49705a05c04d65f1c02a830bc8446166ee6750153b629f2f4c40766b03b,4a14b3fdf51d13786a2e905526f21d4fe7601226e01da29583be8ff3210a7041,work/market-distribution-v1/artifacts/4a14b3fdf51d13786a2e905526f21d4fe7601226e01da29583be8ff3210a7041.json,-1.0,44.5,False,False,none,False,0.5930915371329879,0.03281519861830743,eec35edb10ded38f
801e60048727fd992074bf36,2026-09-06T21:08:59.798485+00:00,eec35edb10ded38f0500e83e9aaf8252f63479442c90d3b0d1ad36855ebf8efe,7e09efed7e12c659b82740b67ce2f9a1,1,2026-09-13T17:00:00Z,Houston Texans,Buffalo Bills,spreads,alternate_spreads,,-2.0,Houston Texans,-2.0,pinnacle,108,2.08,0.4619585192762564,1.0544975874516598,2026-09-06T21:08:57Z,2.798485,conditional_non_push,0.4545454545454546,consensus_plus_empirical_residual_model,live_snapshot_not_T60,pinnacle,50819acaabb468ccaa04d77c,0.4619585192762564,0.4619585192762564,116.46965220312102,-8.469652203121015,1,FEWER_THAN_TWO_BOOKS,108,pinnacle,,False,False,-1.0,closest_offered_consensus_to_50pct_no_interpolation,0.4545454545454546,-11.999999999999972,0.0386873920552677,0.4369602763385147,EMPIRICAL_RECONSTRUCTED_HISTORY,0897c49705a05c04d65f1c02a830bc8446166ee6750153b629f2f4c40766b03b,4a14b3fdf51d13786a2e905526f21d4fe7601226e01da29583be8ff3210a7041,work/market-distribution-v1/artifacts/4a14b3fdf51d13786a2e905526f21d4fe7601226e01da29583be8ff3210a7041.json,-1.0,44.5,False,False,none,False,0.6397236614853196,0.028670120898100174,eec35edb10ded38f
3117072eac9515a0666ded43,2026-09-06T21:08:59.798485+00:00,eec35edb10ded38f0500e83e9aaf8252f63479442c90d3b0d1ad36855ebf8efe,7e09efed7e12c659b82740b67ce2f9a1,1,2026-09-13T17:00:00Z,Houston Texans,Buffalo Bills,spreads,alternate_spreads,,2.5,Buffalo Bills,-2.5,draftkings,101,2.01,0.46108572933538144,1.1089138886072392,2026-09-06T21:08:19Z,40.798485,conditional_non_push,0.3944732297063903,consensus_plus_empirical_residual_model,live_snapshot_not_T60,pinnacle,4e66c076fe206f4a8f7f83e5,0.4407788160365878,0.4407788160365878,126.87115705601262,-25.87115705601262,3,OK,119,pinnacle,112,False,False,1.0,closest_offered_consensus_to_50pct_no_interpolation,0.3944732297063903,-52.50262697022768,0.0,0.3944732297063903,EMPIRICAL_RECONSTRUCTED_HISTORY,0897c49705a05c04d65f1c02a830bc8446166ee6750153b629f2f4c40766b03b,4a14b3fdf51d13786a2e905526f21d4fe7601226e01da29583be8ff3210a7041,work/market-distribution-v1/artifacts/4a14b3fdf51d13786a2e905526f21d4fe7601226e01da29583be8ff3210a7041.json,-1.0,44.5,False,False,none,False,0.5930915371329879,0.0,eec35edb10ded38f
34380fccf86430133d9d3664,2026-09-06T21:08:59.798485+00:00,eec35edb10ded38f0500e83e9aaf8252f63479442c90d3b0d1ad36855ebf8efe,7e09efed7e12c659b82740b67ce2f9a1,1,2026-09-13T17:00:00Z,Houston Texans,Buffalo Bills,spreads,alternate_spreads,,2.5,Buffalo Bills,-2.5,fanduel,112,2.12,0.4407788160365878,1.0902243013272415,2026-09-06T21:08:49Z,10.798485,conditional_non_push,0.3944732297063903,consensus_plus_empirical_residual_model,live_snapshot_not_T60,pinnacle,4e66c076fe206f4a8f7f83e5,0.4407788160365878,0.4407788160365878,126.87115705601262,-14.87115705601262,3,OK,119,pinnacle,112,False,False,1.0,closest_offered_consensus_to_50pct_no_interpolation,0.3944732297063903,-41.50262697022768,0.0,0.3944732297063903,EMPIRICAL_RECONSTRUCTED_HISTORY,0897c49705a05c04d65f1c02a830bc8446166ee6750153b629f2f4c40766b03b,4a14b3fdf51d13786a2e905526f21d4fe7601226e01da29583be8ff3210a7041,work/market-distribution-v1/artifacts/4a14b3fdf51d13786a2e905526f21d4fe7601226e01da29583be8ff3210a7041.json,-1.0,44.5,False,False,none,False,0.5930915371329879,0.0,eec35edb10ded38f
47cc0924970c0b3e524c7e0f,2026-09-06T21:08:59.798485+00:00,eec35edb10ded38f0500e83e9aaf8252f63479442c90d3b0d1ad36855ebf8efe,7e09efed7e12c659b82740b67ce2f9a1,1,2026-09-13T17:00:00Z,Houston Texans,Buffalo Bills,spreads,alternate_spreads,,2.5,Buffalo Bills,-2.5,pinnacle,119,2.19,0.4373200435859642,1.0550942184785845,2026-09-06T21:08:57Z,2.798485,conditional_non_push,0.3944732297063903,consensus_plus_empirical_residual_model,live_snapshot_not_T60,pinnacle,4e66c076fe206f4a8f7f83e5,0.4407788160365878,0.4407788160365878,126.87115705601262,-7.8711570560126205,3,OK,119,pinnacle,112,False,False,1.0,closest_offered_consensus_to_50pct_no_interpolation,0.3944732297063903,-34.50262697022768,0.0,0.3944732297063903,EMPIRICAL_RECONSTRUCTED_HISTORY,0897c49705a05c04d65f1c02a830bc8446166ee6750153b629f2f4c40766b03b,4a14b3fdf51d13786a2e905526f21d4fe7601226e01da29583be8ff3210a7041,work/market-distribution-v1/artifacts/4a14b3fdf51d13786a2e905526f21d4fe7601226e01da29583be8ff3210a7041.json,-1.0,44.5,False,False,none,False,0.5930915371329879,0.0,eec35edb10ded38f
0af8a31f68a8c00fa5ab175f,2026-09-06T21:08:59.798485+00:00,eec35edb10ded38f0500e83e9aaf8252f63479442c90d3b0d1ad36855ebf8efe,7e09efed7e12c659b82740b67ce2f9a1,1,2026-09-13T17:00:00Z,Houston Texans,Buffalo Bills,spreads,alternate_spreads,,-2.5,Houston Texans,-2.5,draftkings,114,2.1399999999999997,0.4287274541190407,1.113206332955353,2026-09-06T21:08:19Z,40.798485,conditional_non_push,0.4369602763385147,consensus_plus_empirical_residual_model,live_snapshot_not_T60,pinnacle,f8b6cda974e377cb1b9e6998,0.4347531350778142,0.4347531350778142,130.0155926008481,-16.015592600848095,2,OK,114,draftkings,114,False,False,-1.0,closest_offered_consensus_to_50pct_no_interpolation,0.4369602763385147,-14.85375494071144,0.0,0.4369602763385147,EMPIRICAL_RECONSTRUCTED_HISTORY,0897c49705a05c04d65f1c02a830bc8446166ee6750153b629f2f4c40766b03b,4a14b3fdf51d13786a2e905526f21d4fe7601226e01da29583be8ff3210a7041,work/market-distribution-v1/artifacts/4a14b3fdf51d13786a2e905526f21d4fe7601226e01da29583be8ff3210a7041.json,-1.0,44.5,False,False,none,False,0.6397236614853196,0.0,eec35edb10ded38f
af6dc52c2c6c1628900c4435,2026-09-06T21:08:59.798485+00:00,eec35edb10ded38f0500e83e9aaf8252f63479442c90d3b0d1ad36855ebf8efe,7e09efed7e12c659b82740b67ce2f9a1,1,2026-09-13T17:00:00Z,Houston Texans,Buffalo Bills,spreads,alternate_spreads,,-2.5,Houston Texans,-2.5,fanduel,112,2.12,0.4407788160365878,1.0902243013272415,2026-09-06T21:08:49Z,10.798485,conditional_non_push,0.4369602763385147,consensus_plus_empirical_residual_model,live_snapshot_not_T60,pinnacle,f8b6cda974e377cb1b9e6998,0.4347531350778142,0.4347531350778142,130.0155926008481,-18.015592600848095,2,OK,114,draftkings,114,False,False,-1.0,closest_offered_consensus_to_50pct_no_interpolation,0.4369602763385147,-16.85375494071144,0.0,0.4369602763385147,EMPIRICAL_RECONSTRUCTED_HISTORY,0897c49705a05c04d65f1c02a830bc8446166ee6750153b629f2f4c40766b03b,4a14b3fdf51d13786a2e905526f21d4fe7601226e01da29583be8ff3210a7041,work/market-distribution-v1/artifacts/4a14b3fdf51d13786a2e905526f21d4fe7601226e01da29583be8ff3210a7041.json,-1.0,44.5,False,False,none,False,0.6397236614853196,0.0,eec35edb10ded38f
d8017245d7471f7eefcdc2a0,2026-09-06T21:08:59.798485+00:00,eec35edb10ded38f0500e83e9aaf8252f63479442c90d3b0d1ad36855ebf8efe,7e09efed7e12c659b82740b67ce2f9a1,1,2026-09-13T17:00:00Z,Houston Texans,Buffalo Bills,spreads,alternate_spreads,,20.5,Buffalo Bills,-20.5,draftkings,790,8.9,0.05492717670306047,1.3273920250241056,2026-09-06T21:08:19Z,40.798485,conditional_non_push,0.04179620034542314,consensus_plus_empirical_residual_model,live_snapshot_not_T60,pinnacle,da922d927703ded748a63565,0.04086082816461231,0.04086082816461231,2347.331698641522,-1557.331698641522,2,OK,1300,fanduel,1300,False,False,1.0,closest_offered_consensus_to_50pct_no_interpolation,0.04179620034542314,-1502.5619834710747,0.0,0.04179620034542314,EMPIRICAL_RECONSTRUCTED_HISTORY,0897c49705a05c04d65f1c02a830bc8446166ee6750153b629f2f4c40766b03b,4a14b3fdf51d13786a2e905526f21d4fe7601226e01da29583be8ff3210a7041,work/market-distribution-v1/artifacts/4a14b3fdf51d13786a2e905526f21d4fe7601226e01da29583be8ff3210a7041.json,-1.0,44.5,False,False,none,False,0.10673575129533679,0.0,eec35edb10ded38f
c158491ef467d8f2b5040dc3,2026-09-06T21:08:59.798485+00:00,eec35edb10ded38f0500e83e9aaf8252f63479442c90d3b0d1ad36855ebf8efe,7e09efed7e12c659b82740b67ce2f9a1,1,2026-09-13T17:00:00Z,Houston Texans,Buffalo Bills,spreads,alternate_spreads,,20.5,Buffalo Bills,-20.5,fanduel,1300,14.0,0.02679447962616415,1.371534962944137,2026-09-06T21:08:49Z,10.798485,conditional_non_push,0.04179620034542314,consensus_plus_empirical_residual_model,live_snapshot_not_T60,pinnacle,da922d927703ded748a63565,0.04086082816461231,0.04086082816461231,2347.331698641522,-1047.331698641522,2,OK,1300,fanduel,1300,False,False,1.0,closest_offered_consensus_to_50pct_no_interpolation,0.04179620034542314,-992.5619834710747,0.0,0.04179620034542314,EMPIRICAL_RECONSTRUCTED_HISTORY,0897c49705a05c04d65f1c02a830bc8446166ee6750153b629f2f4c40766b03b,4a14b3fdf51d13786a2e905526f21d4fe7601226e01da29583be8ff3210a7041,work/market-distribution-v1/artifacts/4a14b3fdf51d13786a2e905526f21d4fe7601226e01da29583be8ff3210a7041.json,-1.0,44.5,False,False,none,False,0.10673575129533679,0.0,eec35edb10ded38f
e21fa6cc4cd5582441fe338f,2026-09-06T21:08:59.798485+00:00,eec35edb10ded38f0500e83e9aaf8252f63479442c90d3b0d1ad36855ebf8efe,7e09efed7e12c659b82740b67ce2f9a1,1,2026-09-13T17:00:00Z,Houston Texans,Buffalo Bills,spreads,alternate_spreads,,-20.5,Houston Texans,-20.5,draftkings,940,10.4,0.03615517792401134,1.4176816444416502,2026-09-06T21:08:19Z,40.798485,conditional_non_push,0.07392055267702936,consensus_plus_empirical_residual_model,live_snapshot_not_T60,pinnacle,45f189fea70d1d3118684f67,0.03147482877508775,0.03147482877508775,3077.1419858890467,-2137.1419858890467,2,OK,1300,fanduel,1300,False,False,-1.0,closest_offered_consensus_to_50pct_no_interpolation,0.07392055267702936,-312.80373831775705,0.0,0.07392055267702936,EMPIRICAL_RECONSTRUCTED_HISTORY,0897c49705a05c04d65f1c02a830bc8446166ee6750153b629f2f4c40766b03b,4a14b3fdf51d13786a2e905526f21d4fe7601226e01da29583be8ff3210a7041,work/market-distribution-v1/artifacts/4a14b3fdf51d13786a2e905526f21d4fe7601226e01da29583be8ff3210a7041.json,-1.0,44.5,False,False,none,False,0.1385146804835924,0.0,eec35edb10ded38f
13a0bfc2aa91d9332f82a6da,2026-09-06T21:08:59.798485+00:00,eec35edb10ded38f0500e83e9aaf8252f63479442c90d3b0d1ad36855ebf8efe,7e09efed7e12c659b82740b67ce2f9a1,1,2026-09-13T17:00:00Z,Houston Texans,Buffalo Bills,spreads,alternate_spreads,,-20.5,Houston Texans,-20.5,fanduel,1300,14.0,0.02679447962616415,1.371534962944137,2026-09-06T21:08:49Z,10.798485,conditional_non_push,0.07392055267702936,consensus_plus_empirical_residual_model,live_snapshot_not_T60,pinnacle,45f189fea70d1d3118684f67,0.03147482877508775,0.03147482877508775,3077.1419858890467,-1777.1419858890467,2,OK,1300,fanduel,1300,False,False,-1.0,closest_offered_consensus_to_50pct_no_interpolation,0.07392055267702936,47.19626168224295,0.0,0.07392055267702936,EMPIRICAL_RECONSTRUCTED_HISTORY,0897c49705a05c04d65f1c02a830bc8446166ee6750153b629f2f4c40766b03b,4a14b3fdf51d13786a2e905526f21d4fe7601226e01da29583be8ff3210a7041,work/market-distribution-v1/artifacts/4a14b3fdf51d13786a2e905526f21d4fe7601226e01da29583be8ff3210a7041.json,-1.0,44.5,False,False,none,False,0.1385146804835924,0.0,eec35edb10ded38f
1325b6df12f6585f1149d686,2026-09-06T21:08:59.798485+00:00,eec35edb10ded38f0500e83e9aaf8252f63479442c90d3b0d1ad36855ebf8efe,7e09efed7e12c659b82740b67ce2f9a1,1,2026-09-13T17:00:00Z,Houston Texans,Buffalo Bills,spreads,alternate_spreads,,21.5,Buffalo Bills,-21.5,draftkings,910,10.1,0.03965085649763399,1.395716016454097,2026-09-06T21:08:19Z,40.798485,conditional_non_push,0.035233160621761656,consensus_plus_empirical_residual_model,live_snapshot_not_T60,pinnacle,755aa8c58b960b15cf079369,0.029751549946350913,0.029751549946350913,3261.169424124917,-2351.169424124917,2,OK,1500,fanduel,1500,False,False,1.0,closest_offered_consensus_to_50pct_no_interpolation,0.035233160621761656,-1828.2352941176473,0.0,0.035233160621761656,EMPIRICAL_RECONSTRUCTED_HISTORY,0897c49705a05c04d65f1c02a830bc8446166ee6750153b629f2f4c40766b03b,4a14b3fdf51d13786a2e905526f21d4fe7601226e01da29583be8ff3210a7041,work/market-distribution-v1/artifacts/4a14b3fdf51d13786a2e905526f21d4fe7601226e01da29583be8ff3210a7041.json,-1.0,44.5,False,False,none,False,0.09499136442141623,0.0,eec35edb10ded38f
f81fe6f056c38da29dbe2924,2026-09-06T21:08:59.798485+00:00,eec35edb10ded38f0500e83e9aaf8252f63479442c90d3b0d1ad36855ebf8efe,7e09efed7e12c659b82740b67ce2f9a1,1,2026-09-13T17:00:00Z,Houston Texans,Buffalo Bills,spreads,alternate_spreads,,21.5,Buffalo Bills,-21.5,fanduel,1500,16.0,0.019852243395067852,1.4136385355001044,2026-09-06T21:08:49Z,10.798485,conditional_non_push,0.035233160621761656,consensus_plus_empirical_residual_model,live_snapshot_not_T60,pinnacle,755aa8c58b960b15cf079369,0.029751549946350913,0.029751549946350913,3261.169424124917,-1761.169424124917,2,OK,1500,fanduel,1500,False,False,1.0,closest_offered_consensus_to_50pct_no_interpolation,0.035233160621761656,-1238.2352941176473,0.0,0.035233160621761656,EMPIRICAL_RECONSTRUCTED_HISTORY,0897c49705a05c04d65f1c02a830bc8446166ee6750153b629f2f4c40766b03b,4a14b3fdf51d13786a2e905526f21d4fe7601226e01da29583be8ff3210a7041,work/market-distribution-v1/artifacts/4a14b3fdf51d13786a2e905526f21d4fe7601226e01da29583be8ff3210a7041.json,-1.0,44.5,False,False,none,False,0.09499136442141623,0.0,eec35edb10ded38f
05755b49f0a0c34dec2b8fd2,2026-09-06T21:08:59.798485+00:00,eec35edb10ded38f0500e83e9aaf8252f63479442c90d3b0d1ad36855ebf8efe,7e09efed7e12c659b82740b67ce2f9a1,1,2026-09-13T17:00:00Z,Houston Texans,Buffalo Bills,spreads,alternate_spreads,,-21.5,Houston Texans,-21.5,draftkings,1080,11.8,0.02333059335853626,1.522624882857384,2026-09-06T21:08:19Z,40.798485,conditional_non_push,0.06424870466321243,consensus_plus_empirical_residual_model,live_snapshot_not_T60,pinnacle,fa8b1a79b673a0fa9d0d7e2c,0.021591418376802056,0.021591418376802056,4531.469700362093,-3451.469700362093,2,OK,1500,fanduel,1500,False,False,-1.0,closest_offered_consensus_to_50pct_no_interpolation,0.06424870466321243,-376.45161290322585,0.0,0.06424870466321243,EMPIRICAL_RECONSTRUCTED_HISTORY,0897c49705a05c04d65f1c02a830bc8446166ee6750153b629f2f4c40766b03b,4a14b3fdf51d13786a2e905526f21d4fe7601226e01da29583be8ff3210a7041,work/market-distribution-v1/artifacts/4a14b3fdf51d13786a2e905526f21d4fe7601226e01da29583be8ff3210a7041.json,-1.0,44.5,False,False,none,False,0.1236614853195164,0.0,eec35edb10ded38f
dab61beaa8cdf8d59846c033,2026-09-06T21:08:59.798485+00:00,eec35edb10ded38f0500e83e9aaf8252f63479442c90d3b0d1ad36855ebf8efe,7e09efed7e12c659b82740b67ce2f9a1,1,2026-09-13T17:00:00Z,Houston Texans,Buffalo Bills,spreads,alternate_spreads,,-21.5,Houston Texans,-21.5,fanduel,1500,16.0,0.019852243395067852,1.4136385355001044,2026-09-06T21:08:49Z,10.798485,conditional_non_push,0.06424870466321243,consensus_plus_empirical_residual_model,live_snapshot_not_T60,pinnacle,fa8b1a79b673a0fa9d0d7e2c,0.021591418376802056,0.021591418376802056,4531.469700362093,-3031.469700362093,2,OK,1500,fanduel,1500,False,False,-1.0,closest_offered_consensus_to_50pct_no_interpolation,0.06424870466321243,43.54838709677415,0.0,0.06424870466321243,EMPIRICAL_RECONSTRUCTED_HISTORY,0897c49705a05c04d65f1c02a830bc8446166ee6750153b629f2f4c40766b03b,4a14b3fdf51d13786a2e905526f21d4fe7601226e01da29583be8ff3210a7041,work/market-distribution-v1/artifacts/4a14b3fdf51d13786a2e905526f21d4fe7601226e01da29583be8ff3210a7041.json,-1.0,44.5,False,False,none,False,0.1236614853195164,0.0,eec35edb10ded38f
37c91423488242c7270615dd,2026-09-06T21:08:59.798485+00:00,eec35edb10ded38f0500e83e9aaf8252f63479442c90d3b0d1ad36855ebf8efe,7e09efed7e12c659b82740b67ce2f9a1,1,2026-09-13T17:00:00Z,Houston Texans,Buffalo Bills,spreads,alternate_spreads,,22.5,Buffalo Bills,-22.5,draftkings,970,10.7,0.03323105723840781,1.4362532940314274,2026-09-06T21:08:19Z,40.798485,conditional_non_push,0.03246977547495682,consensus_plus_empirical_residual_model,live_snapshot_not_T60,pinnacle,e62e0d707d580e4e7f3a21fe,0.02654165031673783,0.02654165031673783,3667.6632314358194,-2697.6632314358194,2,OK,1500,fanduel,1500,False,False,1.0,closest_offered_consensus_to_50pct_no_interpolation,0.03246977547495682,-2009.7872340425533,0.0,0.03246977547495682,EMPIRICAL_RECONSTRUCTED_HISTORY,0897c49705a05c04d65f1c02a830bc8446166ee6750153b629f2f4c40766b03b,4a14b3fdf51d13786a2e905526f21d4fe7601226e01da29583be8ff3210a7041,work/market-distribution-v1/artifacts/4a14b3fdf51d13786a2e905526f21d4fe7601226e01da29583be8ff3210a7041.json,-1.0,44.5,False,False,none,False,0.08255613126079447,0.0,eec35edb10ded38f
5320eb460a297ba7fde33247,2026-09-06T21:08:59.798485+00:00,eec35edb10ded38f0500e83e9aaf8252f63479442c90d3b0d1ad36855ebf8efe,7e09efed7e12c659b82740b67ce2f9a1,1,2026-09-13T17:00:00Z,Houston Texans,Buffalo Bills,spreads,alternate_spreads,,22.5,Buffalo Bills,-22.5,fanduel,1500,16.0,0.019852243395067852,1.4136385355001044,2026-09-06T21:08:49Z,10.798485,conditional_non_push,0.03246977547495682,consensus_plus_empirical_residual_model,live_snapshot_not_T60,pinnacle,e62e0d707d580e4e7f3a21fe,0.02654165031673783,0.02654165031673783,3667.6632314358194,-2167.6632314358194,2,OK,1500,fanduel,1500,False,False,1.0,closest_offered_consensus_to_50pct_no_interpolation,0.03246977547495682,-1479.7872340425533,0.0,0.03246977547495682,EMPIRICAL_RECONSTRUCTED_HISTORY,0897c49705a05c04d65f1c02a830bc8446166ee6750153b629f2f4c40766b03b,4a14b3fdf51d13786a2e905526f21d4fe7601226e01da29583be8ff3210a7041,work/market-distribution-v1/artifacts/4a14b3fdf51d13786a2e905526f21d4fe7601226e01da29583be8ff3210a7041.json,-1.0,44.5,False,False,none,False,0.08255613126079447,0.0,eec35edb10ded38f
a9d9aa16565d6e9e000bc1ae,2026-09-06T21:08:59.798485+00:00,eec35edb10ded38f0500e83e9aaf8252f63479442c90d3b0d1ad36855ebf8efe,7e09efed7e12c659b82740b67ce2f9a1,1,2026-09-13T17:00:00Z,Houston Texans,Buffalo Bills,spreads,alternate_spreads,,-22.5,Houston Texans,-22.5,draftkings,1140,12.4,0.01727587381353213,1.6119672773143825,2026-09-06T21:08:19Z,40.798485,conditional_non_push,0.05561312607944732,consensus_plus_empirical_residual_model,live_snapshot_not_T60,pinnacle,e127881d0eafcf62a3b6e112,0.018564058604299993,0.018564058604299993,5286.753087325257,-4146.753087325257,2,OK,1500,fanduel,1500,False,False,-1.0,closest_offered_consensus_to_50pct_no_interpolation,0.05561312607944732,-558.1366459627329,0.0,0.05561312607944732,EMPIRICAL_RECONSTRUCTED_HISTORY,0897c49705a05c04d65f1c02a830bc8446166ee6750153b629f2f4c40766b03b,4a14b3fdf51d13786a2e905526f21d4fe7601226e01da29583be8ff3210a7041,work/market-distribution-v1/artifacts/4a14b3fdf51d13786a2e905526f21d4fe7601226e01da29583be8ff3210a7041.json,-1.0,44.5,False,False,none,False,0.11260794473229706,0.0,eec35edb10ded38f
c8e3b7bfd25353272dd4fc2b,2026-09-06T21:08:59.798485+00:00,eec35edb10ded38f0500e83e9aaf8252f63479442c90d3b0d1ad36855ebf8efe,7e09efed7e12c659b82740b67ce2f9a1,1,2026-09-13T17:00:00Z,Houston Texans,Buffalo Bills,spreads,alternate_spreads,,-22.5,Houston Texans,-22.5,fanduel,1500,16.0,0.019852243395067852,1.4136385355001044,2026-09-06T21:08:49Z,10.798485,conditional_non_push,0.05561312607944732,consensus_plus_empirical_residual_model,live_snapshot_not_T60,pinnacle,e127881d0eafcf62a3b6e112,0.018564058604299993,0.018564058604299993,5286.753087325257,-3786.753087325257,2,OK,1500,fanduel,1500,False,False,-1.0,closest_offered_consensus_to_50pct_no_interpolation,0.05561312607944732,-198.13664596273293,0.0,0.05561312607944732,EMPIRICAL_RECONSTRUCTED_HISTORY,0897c49705a05c04d65f1c02a830bc8446166ee6750153b629f2f4c40766b03b,4a14b3fdf51d13786a2e905526f21d4fe7601226e01da29583be8ff3210a7041,work/market-distribution-v1/artifacts/4a14b3fdf51d13786a2e905526f21d4fe7601226e01da29583be8ff3210a7041.json,-1.0,44.5,False,False,none,False,0.11260794473229706,0.0,eec35edb10ded38f
efcd845304d2621f0dd876a0,2026-09-06T21:08:59.798485+00:00,eec35edb10ded38f0500e83e9aaf8252f63479442c90d3b0d1ad36855ebf8efe,7e09efed7e12c659b82740b67ce2f9a1,1,2026-09-13T17:00:00Z,Houston Texans,Buffalo Bills,spreads,alternate_spreads,,23.5,Buffalo Bills,-23.5,draftkings,1040,11.4,0.025799003647429257,1.5028761236869284,2026-09-06T21:08:19Z,40.798485,conditional_non_push,0.02797927461139896,consensus_plus_empirical_residual_model,live_snapshot_not_T60,pinnacle,8ba659b1b18cfc45aa4002ec,0.02013687315805473,0.02013687315805473,4866.014297011157,-3826.0142970111574,2,OK,1700,fanduel,1700,False,False,1.0,closest_offered_consensus_to_50pct_no_interpolation,0.02797927461139896,-2434.0740740740744,0.0,0.02797927461139896,EMPIRICAL_RECONSTRUCTED_HISTORY,0897c49705a05c04d65f1c02a830bc8446166ee6750153b629f2f4c40766b03b,4a14b3fdf51d13786a2e905526f21d4fe7601226e01da29583be8ff3210a7041,work/market-distribution-v1/artifacts/4a14b3fdf51d13786a2e905526f21d4fe7601226e01da29583be8ff3210a7041.json,-1.0,44.5,False,False,none,False,0.07115716753022452,0.0,eec35edb10ded38f
eb74ac65d9b51c9af235a8e9,2026-09-06T21:08:59.798485+00:00,eec35edb10ded38f0500e83e9aaf8252f63479442c90d3b0d1ad36855ebf8efe,7e09efed7e12c659b82740b67ce2f9a1,1,2026-09-13T17:00:00Z,Houston Texans,Buffalo Bills,spreads,alternate_spreads,,23.5,Buffalo Bills,-23.5,fanduel,1700,18.0,0.014474742668680202,1.4653305484836974,2026-09-06T21:08:49Z,10.798485,conditional_non_push,0.02797927461139896,consensus_plus_empirical_residual_model,live_snapshot_not_T60,pinnacle,8ba659b1b18cfc45aa4002ec,0.02013687315805473,0.02013687315805473,4866.014297011157,-3166.0142970111574,2,OK,1700,fanduel,1700,False,False,1.0,closest_offered_consensus_to_50pct_no_interpolation,0.02797927461139896,-1774.0740740740744,0.0,0.02797927461139896,EMPIRICAL_RECONSTRUCTED_HISTORY,0897c49705a05c04d65f1c02a830bc8446166ee6750153b629f2f4c40766b03b,4a14b3fdf51d13786a2e905526f21d4fe7601226e01da29583be8ff3210a7041,work/market-distribution-v1/artifacts/4a14b3fdf51d13786a2e905526f21d4fe7601226e01da29583be8ff3210a7041.json,-1.0,44.5,False,False,none,False,0.07115716753022452,0.0,eec35edb10ded38f
ecd77285a3c6e3c7c665f9d4,2026-09-06T21:08:59.798485+00:00,eec35edb10ded38f0500e83e9aaf8252f63479442c90d3b0d1ad36855ebf8efe,7e09efed7e12c659b82740b67ce2f9a1,1,2026-09-13T17:00:00Z,Houston Texans,Buffalo Bills,spreads,alternate_spreads,,-23.5,Houston Texans,-23.5,draftkings,1220,13.2,0.015854921676271384,1.6061732732983645,2026-09-06T21:08:19Z,40.798485,conditional_non_push,0.049395509499136445,consensus_plus_empirical_residual_model,live_snapshot_not_T60,pinnacle,e9fd1afe821a7611c4e03299,0.01516483217247579,0.01516483217247579,6494.204199733925,-5274.204199733925,2,OK,1700,fanduel,1700,False,False,-1.0,closest_offered_consensus_to_50pct_no_interpolation,0.049395509499136445,-704.4755244755245,0.0,0.049395509499136445,EMPIRICAL_RECONSTRUCTED_HISTORY,0897c49705a05c04d65f1c02a830bc8446166ee6750153b629f2f4c40766b03b,4a14b3fdf51d13786a2e905526f21d4fe7601226e01da29583be8ff3210a7041,work/market-distribution-v1/artifacts/4a14b3fdf51d13786a2e905526f21d4fe7601226e01da29583be8ff3210a7041.json,-1.0,44.5,False,False,none,False,0.10259067357512953,0.0,eec35edb10ded38f
c8f26254e2aaf4ca89bba9b2,2026-09-06T21:08:59.798485+00:00,eec35edb10ded38f0500e83e9aaf8252f63479442c90d3b0d1ad36855ebf8efe,7e09efed7e12c659b82740b67ce2f9a1,1,2026-09-13T17:00:00Z,Houston Texans,Buffalo Bills,spreads,alternate_spreads,,-23.5,Houston Texans,-23.5,fanduel,1700,18.0,0.014474742668680202,1.4653305484836974,2026-09-06T21:08:49Z,10.798485,conditional_non_push,0.049395509499136445,consensus_plus_empirical_residual_model,live_snapshot_not_T60,pinnacle,e9fd1afe821a7611c4e03299,0.01516483217247579,0.01516483217247579,6494.204199733925,-4794.204199733925,2,OK,1700,fanduel,1700,False,False,-1.0,closest_offered_consensus_to_50pct_no_interpolation,0.049395509499136445,-224.47552447552448,0.0,0.049395509499136445,EMPIRICAL_RECONSTRUCTED_HISTORY,0897c49705a05c04d65f1c02a830bc8446166ee6750153b629f2f4c40766b03b,4a14b3fdf51d13786a2e905526f21d4fe7601226e01da29583be8ff3210a7041,work/market-distribution-v1/artifacts/4a14b3fdf51d13786a2e905526f21d4fe7601226e01da29583be8ff3210a7041.json,-1.0,44.5,False,False,none,False,0.10259067357512953,0.0,eec35edb10ded38f
901edc5de1fc429b2936d205,2026-09-06T21:08:59.798485+00:00,eec35edb10ded38f0500e83e9aaf8252f63479442c90d3b0d1ad36855ebf8efe,7e09efed7e12c659b82740b67ce2f9a1,1,2026-09-13T17:00:00Z,Houston Texans,Buffalo Bills,spreads,alternate_spreads,,24.5,Buffalo Bills,-24.5,draftkings,1180,12.8,0.016007875268338478,1.6217938399761325,2026-09-06T21:08:19Z,40.798485,conditional_non_push,0.02383419689119171,consensus_plus_empirical_residual_model,live_snapshot_not_T60,pinnacle,8692288c7750e700da91e5bd,0.011953521091100486,0.011953521091100486,8265.735856228252,-7085.735856228252,2,OK,2000,fanduel,2000,False,False,1.0,closest_offered_consensus_to_50pct_no_interpolation,0.02383419689119171,-2915.652173913044,0.0,0.02383419689119171,EMPIRICAL_RECONSTRUCTED_HISTORY,0897c49705a05c04d65f1c02a830bc8446166ee6750153b629f2f4c40766b03b,4a14b3fdf51d13786a2e905526f21d4fe7601226e01da29583be8ff3210a7041,work/market-distribution-v1/artifacts/4a14b3fdf51d13786a2e905526f21d4fe7601226e01da29583be8ff3210a7041.json,-1.0,44.5,False,False,none,False,0.06252158894645941,0.0,eec35edb10ded38f
e78b564b8059d7c169538605,2026-09-06T21:08:59.798485+00:00,eec35edb10ded38f0500e83e9aaf8252f63479442c90d3b0d1ad36855ebf8efe,7e09efed7e12c659b82740b67ce2f9a1,1,2026-09-13T17:00:00Z,Houston Texans,Buffalo Bills,spreads,alternate_spreads,,24.5,Buffalo Bills,-24.5,fanduel,2000,21.0,0.0078991669138625,1.5900680904921125,2026-09-06T21:08:49Z,10.798485,conditional_non_push,0.02383419689119171,consensus_plus_empirical_residual_model,live_snapshot_not_T60,pinnacle,8692288c7750e700da91e5bd,0.011953521091100486,0.011953521091100486,8265.735856228252,-6265.735856228252,2,OK,2000,fanduel,2000,False,False,1.0,closest_offered_consensus_to_50pct_no_interpolation,0.02383419689119171,-2095.652173913044,0.0,0.02383419689119171,EMPIRICAL_RECONSTRUCTED_HISTORY,0897c49705a05c04d65f1c02a830bc8446166ee6750153b629f2f4c40766b03b,4a14b3fdf51d13786a2e905526f21d4fe7601226e01da29583be8ff3210a7041,work/market-distribution-v1/artifacts/4a14b3fdf51d13786a2e905526f21d4fe7601226e01da29583be8ff3210a7041.json,-1.0,44.5,False,False,none,False,0.06252158894645941,0.0,eec35edb10ded38f
18ffe33c34e11edcab9b8c3e,2026-09-06T21:08:59.798485+00:00,eec35edb10ded38f0500e83e9aaf8252f63479442c90d3b0d1ad36855ebf8efe,7e09efed7e12c659b82740b67ce2f9a1,1,2026-09-13T17:00:00Z,Houston Texans,Buffalo Bills,spreads,alternate_spreads,,-24.5,Houston Texans,-24.5,fanduel,2000,21.0,0.0078991669138625,1.5900680904921125,2026-09-06T21:08:49Z,10.798485,conditional_non_push,0.04283246977547495,consensus_plus_empirical_residual_model,live_snapshot_not_T60,pinnacle,cf75baa8b7f38ed9980dc0cf,0.007899166913862499,0.007899166913862499,12559.56284890079,-10559.56284890079,1,FEWER_THAN_TWO_BOOKS,2000,fanduel,2000,False,False,-1.0,closest_offered_consensus_to_50pct_no_interpolation,0.04283246977547495,-234.677419354839,0.0,0.04283246977547495,EMPIRICAL_RECONSTRUCTED_HISTORY,0897c49705a05c04d65f1c02a830bc8446166ee6750153b629f2f4c40766b03b,4a14b3fdf51d13786a2e905526f21d4fe7601226e01da29583be8ff3210a7041,work/market-distribution-v1/artifacts/4a14b3fdf51d13786a2e905526f21d4fe7601226e01da29583be8ff3210a7041.json,-1.0,44.5,False,False,none,False,0.09050086355785837,0.0,eec35edb10ded38f
669e07ff1cc8355d50a347f2,2026-09-06T21:08:59.798485+00:00,eec35edb10ded38f0500e83e9aaf8252f63479442c90d3b0d1ad36855ebf8efe,7e09efed7e12c659b82740b67ce2f9a1,1,2026-09-13T17:00:00Z,Houston Texans,Buffalo Bills,spreads,alternate_spreads,,25.5,Buffalo Bills,-25.5,draftkings,1280,13.8,0.01563954634281762,1.584181927925815,2026-09-06T21:08:19Z,40.798485,conditional_non_push,0.021761658031088083,consensus_plus_empirical_residual_model,live_snapshot_not_T60,pinnacle,d5f84b20a3f5161e4b1b6567,0.011674410191670153,0.011674410191670153,8465.743224557189,-7185.743224557189,2,OK,2200,fanduel,2200,False,False,1.0,closest_offered_consensus_to_50pct_no_interpolation,0.021761658031088083,-3215.2380952380945,0.0,0.021761658031088083,EMPIRICAL_RECONSTRUCTED_HISTORY,0897c49705a05c04d65f1c02a830bc8446166ee6750153b629f2f4c40766b03b,4a14b3fdf51d13786a2e905526f21d4fe7601226e01da29583be8ff3210a7041,work/market-distribution-v1/artifacts/4a14b3fdf51d13786a2e905526f21d4fe7601226e01da29583be8ff3210a7041.json,-1.0,44.5,False,False,none,False,0.05146804835924007,0.0,eec35edb10ded38f
5e0ec8d91cb54020eb8e6d0d,2026-09-06T21:08:59.798485+00:00,eec35edb10ded38f0500e83e9aaf8252f63479442c90d3b0d1ad36855ebf8efe,7e09efed7e12c659b82740b67ce2f9a1,1,2026-09-13T17:00:00Z,Houston Texans,Buffalo Bills,spreads,alternate_spreads,,25.5,Buffalo Bills,-25.5,fanduel,2200,23.0,0.00770927404052269,1.551695177522936,2026-09-06T21:08:49Z,10.798485,conditional_non_push,0.021761658031088083,consensus_plus_empirical_residual_model,live_snapshot_not_T60,pinnacle,d5f84b20a3f5161e4b1b6567,0.011674410191670153,0.011674410191670153,8465.743224557189,-6265.743224557189,2,OK,2200,fanduel,2200,False,False,1.0,closest_offered_consensus_to_50pct_no_interpolation,0.021761658031088083,-2295.2380952380945,0.0,0.021761658031088083,EMPIRICAL_RECONSTRUCTED_HISTORY,0897c49705a05c04d65f1c02a830bc8446166ee6750153b629f2f4c40766b03b,4a14b3fdf51d13786a2e905526f21d4fe7601226e01da29583be8ff3210a7041,work/market-distribution-v1/artifacts/4a14b3fdf51d13786a2e905526f21d4fe7601226e01da29583be8ff3210a7041.json,-1.0,44.5,False,False,none,False,0.05146804835924007,0.0,eec35edb10ded38f
947277ec880b70c6ee69a19b,2026-09-06T21:08:59.798485+00:00,eec35edb10ded38f0500e83e9aaf8252f63479442c90d3b0d1ad36855ebf8efe,7e09efed7e12c659b82740b67ce2f9a1,1,2026-09-13T17:00:00Z,Houston Texans,Buffalo Bills,spreads,alternate_spreads,,-25.5,Houston Texans,-25.5,fanduel,2500,26.0,0.00746846980410443,1.503044826687773,2026-09-06T21:08:49Z,10.798485,conditional_non_push,0.037996545768566495,consensus_plus_empirical_residual_model,live_snapshot_not_T60,pinnacle,4e082c970ee3593748f9413f,0.007468469804104428,0.007468469804104428,13289.62366093296,-10789.62366093296,1,FEWER_THAN_TWO_BOOKS,2500,fanduel,2500,False,False,-1.0,closest_offered_consensus_to_50pct_no_interpolation,0.037996545768566495,-31.81818181818153,0.0,0.037996545768566495,EMPIRICAL_RECONSTRUCTED_HISTORY,0897c49705a05c04d65f1c02a830bc8446166ee6750153b629f2f4c40766b03b,4a14b3fdf51d13786a2e905526f21d4fe7601226e01da29583be8ff3210a7041,work/market-distribution-v1/artifacts/4a14b3fdf51d13786a2e905526f21d4fe7601226e01da29583be8ff3210a7041.json,-1.0,44.5,False,False,none,False,0.08013816925734024,0.0,eec35edb10ded38f
ee66e29489d35b40b9992c8b,2026-09-06T21:08:59.798485+00:00,eec35edb10ded38f0500e83e9aaf8252f63479442c90d3b0d1ad36855ebf8efe,7e09efed7e12c659b82740b67ce2f9a1,1,2026-09-13T17:00:00Z,Houston Texans,Buffalo Bills,spreads,alternate_spreads,,26.5,Buffalo Bills,-26.5,fanduel,3000,31.0,0.007150109590626566,1.4387437403902812,2026-09-06T21:08:49Z,10.798485,conditional_non_push,0.019689119170984454,consensus_plus_empirical_residual_model,live_snapshot_not_T60,pinnacle,1b7ee3d76da1fa21ed5d9fdf,0.007150109590626564,0.007150109590626564,13885.799620623298,-10885.799620623298,1,FEWER_THAN_TWO_BOOKS,3000,fanduel,3000,False,False,1.0,closest_offered_consensus_to_50pct_no_interpolation,0.019689119170984454,-1978.9473684210525,0.0,0.019689119170984454,EMPIRICAL_RECONSTRUCTED_HISTORY,0897c49705a05c04d65f1c02a830bc8446166ee6750153b629f2f4c40766b03b,4a14b3fdf51d13786a2e905526f21d4fe7601226e01da29583be8ff3210a7041,work/market-distribution-v1/artifacts/4a14b3fdf51d13786a2e905526f21d4fe7601226e01da29583be8ff3210a7041.json,-1.0,44.5,False,False,none,False,0.04179620034542314,0.0,eec35edb10ded38f
c092bf6d5a66ac868c3cb26d,2026-09-06T21:08:59.798485+00:00,eec35edb10ded38f0500e83e9aaf8252f63479442c90d3b0d1ad36855ebf8efe,7e09efed7e12c659b82740b67ce2f9a1,1,2026-09-13T17:00:00Z,Houston Texans,Buffalo Bills,spreads,alternate_spreads,,3.5,Buffalo Bills,-3.5,draftkings,134,2.34,0.38834080463047865,1.11259298762997,2026-09-06T21:08:19Z,40.798485,conditional_non_push,0.3602763385146805,consensus_plus_empirical_residual_model,live_snapshot_not_T60,pinnacle,f2e225d974287a1cd8336d2d,0.370869085575697,0.370869085575697,169.63692550639757,-35.636925506397574,2,OK,158,fanduel,158,False,False,1.0,closest_offered_consensus_to_50pct_no_interpolation,0.3602763385146805,-43.56471716203259,0.0,0.3602763385146805,EMPIRICAL_RECONSTRUCTED_HISTORY,0897c49705a05c04d65f1c02a830bc8446166ee6750153b629f2f4c40766b03b,4a14b3fdf51d13786a2e905526f21d4fe7601226e01da29583be8ff3210a7041,work/market-distribution-v1/artifacts/4a14b3fdf51d13786a2e905526f21d4fe7601226e01da29583be8ff3210a7041.json,-1.0,44.5,False,False,none,False,0.5630397236614854,0.0,eec35edb10ded38f
352f63bac50adb8d77d9cc58,2026-09-06T21:08:59.798485+00:00,eec35edb10ded38f0500e83e9aaf8252f63479442c90d3b0d1ad36855ebf8efe,7e09efed7e12c659b82740b67ce2f9a1,1,2026-09-13T17:00:00Z,Houston Texans,Buffalo Bills,spreads,alternate_spreads,,3.5,Buffalo Bills,-3.5,fanduel,158,2.58,0.35339736652091536,1.097461284259357,2026-09-06T21:08:49Z,10.798485,conditional_non_push,0.3602763385146805,consensus_plus_empirical_residual_model,live_snapshot_not_T60,pinnacle,f2e225d974287a1cd8336d2d,0.370869085575697,0.370869085575697,169.63692550639757,-11.636925506397574,2,OK,158,fanduel,158,False,False,1.0,closest_offered_consensus_to_50pct_no_interpolation,0.3602763385146805,-19.564717162032593,0.0,0.3602763385146805,EMPIRICAL_RECONSTRUCTED_HISTORY,0897c49705a05c04d65f1c02a830bc8446166ee6750153b629f2f4c40766b03b,4a14b3fdf51d13786a2e905526f21d4fe7601226e01da29583be8ff3210a7041,work/market-distribution-v1/artifacts/4a14b3fdf51d13786a2e905526f21d4fe7601226e01da29583be8ff3210a7041.json,-1.0,44.5,False,False,none,False,0.5630397236614854,0.0,eec35edb10ded38f
c8805c31ab636939510b0a6c,2026-09-06T21:08:59.798485+00:00,eec35edb10ded38f0500e83e9aaf8252f63479442c90d3b0d1ad36855ebf8efe,7e09efed7e12c659b82740b67ce2f9a1,1,2026-09-13T17:00:00Z,Houston Texans,Buffalo Bills,spreads,alternate_spreads,,-3.5,Houston Texans,-3.5,draftkings,153,2.5300000000000002,0.3548125126863262,1.1162941335503036,2026-09-06T21:08:19Z,40.798485,conditional_non_push,0.4069084628670121,consensus_plus_empirical_residual_model,live_snapshot_not_T60,pinnacle,32f1f86e744d4957f2af65b3,0.3593152109197027,0.3593152109197027,178.30717142210636,-25.307171422106364,3,OK,154,fanduel,154,False,False,-1.0,closest_offered_consensus_to_50pct_no_interpolation,0.4069084628670121,7.244482173174873,0.0,0.4069084628670121,EMPIRICAL_RECONSTRUCTED_HISTORY,0897c49705a05c04d65f1c02a830bc8446166ee6750153b629f2f4c40766b03b,4a14b3fdf51d13786a2e905526f21d4fe7601226e01da29583be8ff3210a7041,work/market-distribution-v1/artifacts/4a14b3fdf51d13786a2e905526f21d4fe7601226e01da29583be8ff3210a7041.json,-1.0,44.5,False,False,none,False,0.6055267702936097,0.0,eec35edb10ded38f
fb428c8e733ba47208112125,2026-09-06T21:08:59.798485+00:00,eec35edb10ded38f0500e83e9aaf8252f63479442c90d3b0d1ad36855ebf8efe,7e09efed7e12c659b82740b67ce2f9a1,1,2026-09-13T17:00:00Z,Houston Texans,Buffalo Bills,spreads,alternate_spreads,,-3.5,Houston Texans,-3.5,fanduel,154,2.54,0.3593152109197027,1.0980419345859689,2026-09-06T21:08:49Z,10.798485,conditional_non_push,0.4069084628670121,consensus_plus_empirical_residual_model,live_snapshot_not_T60,pinnacle,32f1f86e744d4957f2af65b3,0.3593152109197027,0.3593152109197027,178.30717142210636,-24.307171422106364,3,OK,154,fanduel,154,False,False,-1.0,closest_offered_consensus_to_50pct_no_interpolation,0.4069084628670121,8.244482173174873,0.0,0.4069084628670121,EMPIRICAL_RECONSTRUCTED_HISTORY,0897c49705a05c04d65f1c02a830bc8446166ee6750153b629f2f4c40766b03b,4a14b3fdf51d13786a2e905526f21d4fe7601226e01da29583be8ff3210a7041,work/market-distribution-v1/artifacts/4a14b3fdf51d13786a2e905526f21d4fe7601226e01da29583be8ff3210a7041.json,-1.0,44.5,False,False,none,False,0.6055267702936097,0.0,eec35edb10ded38f
58282864e5ca87f0a159f308,2026-09-06T21:08:59.798485+00:00,eec35edb10ded38f0500e83e9aaf8252f63479442c90d3b0d1ad36855ebf8efe,7e09efed7e12c659b82740b67ce2f9a1,1,2026-09-13T17:00:00Z,Houston Texans,Buffalo Bills,spreads,alternate_spreads,,-3.5,Houston Texans,-3.5,pinnacle,152,2.52,0.37534274553938796,1.0602177384761164,2026-09-06T21:08:57Z,2.798485,conditional_non_push,0.4069084628670121,consensus_plus_empirical_residual_model,live_snapshot_not_T60,pinnacle,32f1f86e744d4957f2af65b3,0.3593152109197027,0.3593152109197027,178.30717142210636,-26.307171422106364,3,OK,154,fanduel,154,False,False,-1.0,closest_offered_consensus_to_50pct_no_interpolation,0.4069084628670121,6.244482173174873,0.0,0.4069084628670121,EMPIRICAL_RECONSTRUCTED_HISTORY,0897c49705a05c04d65f1c02a830bc8446166ee6750153b629f2f4c40766b03b,4a14b3fdf51d13786a2e905526f21d4fe7601226e01da29583be8ff3210a7041,work/market-distribution-v1/artifacts/4a14b3fdf51d13786a2e905526f21d4fe7601226e01da29583be8ff3210a7041.json,-1.0,44.5,False,False,none,False,0.6055267702936097,0.0,eec35edb10ded38f
c538b5064c732caa4f80aa8c,2026-09-06T21:08:59.798485+00:00,eec35edb10ded38f0500e83e9aaf8252f63479442c90d3b0d1ad36855ebf8efe,7e09efed7e12c659b82740b67ce2f9a1,1,2026-09-13T17:00:00Z,Houston Texans,Buffalo Bills,spreads,alternate_spreads,,4.5,Buffalo Bills,-4.5,draftkings,149,2.49,0.36212404499086887,1.1134360527358251,2026-09-06T21:08:19Z,40.798485,conditional_non_push,0.3316062176165803,consensus_plus_empirical_residual_model,live_snapshot_not_T60,pinnacle,ebae7333749975eb5e8b4600,0.34237764036939883,0.34237764036939883,192.07514805028677,-43.07514805028677,2,OK,180,fanduel,180,False,False,1.0,closest_offered_consensus_to_50pct_no_interpolation,0.3316062176165803,-52.56249999999997,0.0,0.3316062176165803,EMPIRICAL_RECONSTRUCTED_HISTORY,0897c49705a05c04d65f1c02a830bc8446166ee6750153b629f2f4c40766b03b,4a14b3fdf51d13786a2e905526f21d4fe7601226e01da29583be8ff3210a7041,work/market-distribution-v1/artifacts/4a14b3fdf51d13786a2e905526f21d4fe7601226e01da29583be8ff3210a7041.json,-1.0,44.5,False,False,none,False,0.5243523316062176,0.0,eec35edb10ded38f
9e265998d94476a54eb41f73,2026-09-06T21:08:59.798485+00:00,eec35edb10ded38f0500e83e9aaf8252f63479442c90d3b0d1ad36855ebf8efe,7e09efed7e12c659b82740b67ce2f9a1,1,2026-09-13T17:00:00Z,Houston Texans,Buffalo Bills,spreads,alternate_spreads,,4.5,Buffalo Bills,-4.5,fanduel,180,2.8,0.32263123574792896,1.098702369139712,2026-09-06T21:08:49Z,10.798485,conditional_non_push,0.3316062176165803,consensus_plus_empirical_residual_model,live_snapshot_not_T60,pinnacle,ebae7333749975eb5e8b4600,0.34237764036939883,0.34237764036939883,192.07514805028677,-12.07514805028677,2,OK,180,fanduel,180,False,False,1.0,closest_offered_consensus_to_50pct_no_interpolation,0.3316062176165803,-21.56249999999997,0.0,0.3316062176165803,EMPIRICAL_RECONSTRUCTED_HISTORY,0897c49705a05c04d65f1c02a830bc8446166ee6750153b629f2f4c40766b03b,4a14b3fdf51d13786a2e905526f21d4fe7601226e01da29583be8ff3210a7041,work/market-distribution-v1/artifacts/4a14b3fdf51d13786a2e905526f21d4fe7601226e01da29583be8ff3210a7041.json,-1.0,44.5,False,False,none,False,0.5243523316062176,0.0,eec35edb10ded38f
4176605cc02bebdcb080cbe5,2026-09-06T21:08:59.798485+00:00,eec35edb10ded38f0500e83e9aaf8252f63479442c90d3b0d1ad36855ebf8efe,7e09efed7e12c659b82740b67ce2f9a1,1,2026-09-13T17:00:00Z,Houston Texans,Buffalo Bills,spreads,alternate_spreads,,-4.5,Houston Texans,-4.5,draftkings,172,2.7199999999999998,0.32646786529264454,1.1187168617226635,2026-09-06T21:08:19Z,40.798485,conditional_non_push,0.37409326424870465,consensus_plus_empirical_residual_model,live_snapshot_not_T60,pinnacle,a20a422ac58dee5379fe698a,0.3270205678820348,0.3270205678820348,205.7911636801778,-33.79116368017779,2,OK,176,fanduel,176,False,False,-1.0,closest_offered_consensus_to_50pct_no_interpolation,0.37409326424870465,4.686980609418299,0.0,0.37409326424870465,EMPIRICAL_RECONSTRUCTED_HISTORY,0897c49705a05c04d65f1c02a830bc8446166ee6750153b629f2f4c40766b03b,4a14b3fdf51d13786a2e905526f21d4fe7601226e01da29583be8ff3210a7041,work/market-distribution-v1/artifacts/4a14b3fdf51d13786a2e905526f21d4fe7601226e01da29583be8ff3210a7041.json,-1.0,44.5,False,False,none,False,0.5778929188255613,0.0,eec35edb10ded38f
652ab15d87009cafc80ac9ff,2026-09-06T21:08:59.798485+00:00,eec35edb10ded38f0500e83e9aaf8252f63479442c90d3b0d1ad36855ebf8efe,7e09efed7e12c659b82740b67ce2f9a1,1,2026-09-13T17:00:00Z,Houston Texans,Buffalo Bills,spreads,alternate_spreads,,-4.5,Houston Texans,-4.5,fanduel,176,2.76,0.3275732704714252,1.099300429531386,2026-09-06T21:08:49Z,10.798485,conditional_non_push,0.37409326424870465,consensus_plus_empirical_residual_model,live_snapshot_not_T60,pinnacle,a20a422ac58dee5379fe698a,0.3270205678820348,0.3270205678820348,205.7911636801778,-29.79116368017779,2,OK,176,fanduel,176,False,False,-1.0,closest_offered_consensus_to_50pct_no_interpolation,0.37409326424870465,8.686980609418299,0.0,0.37409326424870465,EMPIRICAL_RECONSTRUCTED_HISTORY,0897c49705a05c04d65f1c02a830bc8446166ee6750153b629f2f4c40766b03b,4a14b3fdf51d13786a2e905526f21d4fe7601226e01da29583be8ff3210a7041,work/market-distribution-v1/artifacts/4a14b3fdf51d13786a2e905526f21d4fe7601226e01da29583be8ff3210a7041.json,-1.0,44.5,False,False,none,False,0.5778929188255613,0.0,eec35edb10ded38f
c1adc3d67ac9b15d883efec2,2026-09-06T21:08:59.798485+00:00,eec35edb10ded38f0500e83e9aaf8252f63479442c90d3b0d1ad36855ebf8efe,7e09efed7e12c659b82740b67ce2f9a1,1,2026-09-13T17:00:00Z,Houston Texans,Buffalo Bills,spreads,alternate_spreads,,5.5,Buffalo Bills,-5.5,draftkings,163,2.63,0.3397595612167039,1.1163755099761277,2026-09-06T21:08:19Z,40.798485,conditional_non_push,0.3032815198618307,consensus_plus_empirical_residual_model,live_snapshot_not_T60,pinnacle,0429f26001c34a898e140542,0.31867171000719974,0.31867171000719974,213.80256502135285,-50.80256502135285,2,OK,200,fanduel,200,False,False,1.0,closest_offered_consensus_to_50pct_no_interpolation,0.3032815198618307,-66.72665148063783,0.0,0.3032815198618307,EMPIRICAL_RECONSTRUCTED_HISTORY,0897c49705a05c04d65f1c02a830bc8446166ee6750153b629f2f4c40766b03b,4a14b3fdf51d13786a2e905526f21d4fe7601226e01da29583be8ff3210a7041,work/market-distribution-v1/artifacts/4a14b3fdf51d13786a2e905526f21d4fe7601226e01da29583be8ff3210a7041.json,-1.0,44.5,False,False,none,False,0.4991364421416235,0.0,eec35edb10ded38f
f1941e0411df9fdaf8a976b6,2026-09-06T21:08:59.798485+00:00,eec35edb10ded38f0500e83e9aaf8252f63479442c90d3b0d1ad36855ebf8efe,7e09efed7e12c659b82740b67ce2f9a1,1,2026-09-13T17:00:00Z,Houston Texans,Buffalo Bills,spreads,alternate_spreads,,5.5,Buffalo Bills,-5.5,fanduel,200,3.0,0.29758385879769567,1.1032638428562676,2026-09-06T21:08:49Z,10.798485,conditional_non_push,0.3032815198618307,consensus_plus_empirical_residual_model,live_snapshot_not_T60,pinnacle,0429f26001c34a898e140542,0.31867171000719974,0.31867171000719974,213.80256502135285,-13.802565021352848,2,OK,200,fanduel,200,False,False,1.0,closest_offered_consensus_to_50pct_no_interpolation,0.3032815198618307,-29.726651480637827,0.0,0.3032815198618307,EMPIRICAL_RECONSTRUCTED_HISTORY,0897c49705a05c04d65f1c02a830bc8446166ee6750153b629f2f4c40766b03b,4a14b3fdf51d13786a2e905526f21d4fe7601226e01da29583be8ff3210a7041,work/market-distribution-v1/artifacts/4a14b3fdf51d13786a2e905526f21d4fe7601226e01da29583be8ff3210a7041.json,-1.0,44.5,False,False,none,False,0.4991364421416235,0.0,eec35edb10ded38f
ff317eb9ebdea80c07cb86b4,2026-09-06T21:08:59.798485+00:00,eec35edb10ded38f0500e83e9aaf8252f63479442c90d3b0d1ad36855ebf8efe,7e09efed7e12c659b82740b67ce2f9a1,1,2026-09-13T17:00:00Z,Houston Texans,Buffalo Bills,spreads,alternate_spreads,,-5.5,Houston Texans,-5.5,draftkings,188,2.88,0.305110704095653,1.122226787813903,2026-09-06T21:08:19Z,40.798485,conditional_non_push,0.34127806563039725,consensus_plus_empirical_residual_model,live_snapshot_not_T60,pinnacle,88802299bc22ffb0ecdc19f3,0.3034551845003138,0.3034551845003138,229.53795192085965,-41.537951920859655,2,OK,196,fanduel,196,False,False,-1.0,closest_offered_consensus_to_50pct_no_interpolation,0.34127806563039725,-5.016194331983797,0.0,0.34127806563039725,EMPIRICAL_RECONSTRUCTED_HISTORY,0897c49705a05c04d65f1c02a830bc8446166ee6750153b629f2f4c40766b03b,4a14b3fdf51d13786a2e905526f21d4fe7601226e01da29583be8ff3210a7041,work/market-distribution-v1/artifacts/4a14b3fdf51d13786a2e905526f21d4fe7601226e01da29583be8ff3210a7041.json,-1.0,44.5,False,False,none,False,0.542314335060449,0.0,eec35edb10ded38f
4a63fb5d2ac817604f62904b,2026-09-06T21:08:59.798485+00:00,eec35edb10ded38f0500e83e9aaf8252f63479442c90d3b0d1ad36855ebf8efe,7e09efed7e12c659b82740b67ce2f9a1,1,2026-09-13T17:00:00Z,Houston Texans,Buffalo Bills,spreads,alternate_spreads,,-5.5,Houston Texans,-5.5,fanduel,196,2.96,0.3017996649049747,1.103947373906025,2026-09-06T21:08:49Z,10.798485,conditional_non_push,0.34127806563039725,consensus_plus_empirical_residual_model,live_snapshot_not_T60,pinnacle,88802299bc22ffb0ecdc19f3,0.3034551845003138,0.3034551845003138,229.53795192085965,-33.537951920859655,2,OK,196,fanduel,196,False,False,-1.0,closest_offered_consensus_to_50pct_no_interpolation,0.34127806563039725,2.9838056680162026,0.0,0.34127806563039725,EMPIRICAL_RECONSTRUCTED_HISTORY,0897c49705a05c04d65f1c02a830bc8446166ee6750153b629f2f4c40766b03b,4a14b3fdf51d13786a2e905526f21d4fe7601226e01da29583be8ff3210a7041,work/market-distribution-v1/artifacts/4a14b3fdf51d13786a2e905526f21d4fe7601226e01da29583be8ff3210a7041.json,-1.0,44.5,False,False,none,False,0.542314335060449,0.0,eec35edb10ded38f
b8ae4f6fd120640f0acba58a,2026-09-06T21:08:59.798485+00:00,eec35edb10ded38f0500e83e9aaf8252f63479442c90d3b0d1ad36855ebf8efe,7e09efed7e12c659b82740b67ce2f9a1,1,2026-09-13T17:00:00Z,Houston Texans,Buffalo Bills,spreads,alternate_spreads,,6.5,Buffalo Bills,-6.5,draftkings,184,2.84,0.31006708789453735,1.1218260648786385,2026-09-06T21:08:19Z,40.798485,conditional_non_push,0.27081174438687394,consensus_plus_empirical_residual_model,live_snapshot_not_T60,pinnacle,c612aa52e0e03090eb2168bb,0.2828051914299225,0.2828051914299225,253.60029812175287,-69.60029812175287,2,OK,240,fanduel,240,False,False,1.0,closest_offered_consensus_to_50pct_no_interpolation,0.27081174438687394,-85.2602040816326,0.0,0.27081174438687394,EMPIRICAL_RECONSTRUCTED_HISTORY,0897c49705a05c04d65f1c02a830bc8446166ee6750153b629f2f4c40766b03b,4a14b3fdf51d13786a2e905526f21d4fe7601226e01da29583be8ff3210a7041,work/market-distribution-v1/artifacts/4a14b3fdf51d13786a2e905526f21d4fe7601226e01da29583be8ff3210a7041.json,-1.0,44.5,False,False,none,False,0.45768566493955093,0.0,eec35edb10ded38f
0f0933097d9054a920952786,2026-09-06T21:08:59.798485+00:00,eec35edb10ded38f0500e83e9aaf8252f63479442c90d3b0d1ad36855ebf8efe,7e09efed7e12c659b82740b67ce2f9a1,1,2026-09-13T17:00:00Z,Houston Texans,Buffalo Bills,spreads,alternate_spreads,,6.5,Buffalo Bills,-6.5,fanduel,240,3.4,0.25554329496530764,1.1148805544872356,2026-09-06T21:08:49Z,10.798485,conditional_non_push,0.27081174438687394,consensus_plus_empirical_residual_model,live_snapshot_not_T60,pinnacle,c612aa52e0e03090eb2168bb,0.2828051914299225,0.2828051914299225,253.60029812175287,-13.600298121752871,2,OK,240,fanduel,240,False,False,1.0,closest_offered_consensus_to_50pct_no_interpolation,0.27081174438687394,-29.260204081632594,0.0,0.27081174438687394,EMPIRICAL_RECONSTRUCTED_HISTORY,0897c49705a05c04d65f1c02a830bc8446166ee6750153b629f2f4c40766b03b,4a14b3fdf51d13786a2e905526f21d4fe7601226e01da29583be8ff3210a7041,work/market-distribution-v1/artifacts/4a14b3fdf51d13786a2e905526f21d4fe7601226e01da29583be8ff3210a7041.json,-1.0,44.5,False,False,none,False,0.45768566493955093,0.0,eec35edb10ded38f
f0654dbf7d00ebacf074b068,2026-09-06T21:08:59.798485+00:00,eec35edb10ded38f0500e83e9aaf8252f63479442c90d3b0d1ad36855ebf8efe,7e09efed7e12c659b82740b67ce2f9a1,1,2026-09-13T17:00:00Z,Houston Texans,Buffalo Bills,spreads,alternate_spreads,,-6.5,Houston Texans,-6.5,draftkings,211,3.11,0.2783203951210896,1.127231368587323,2026-09-06T21:08:19Z,40.798485,conditional_non_push,0.31329879101899827,consensus_plus_empirical_residual_model,live_snapshot_not_T60,pinnacle,bacaa54986d9719352399f5a,0.27235193945620173,0.27235193945620173,267.1719768167155,-56.17197681671553,2,OK,230,fanduel,230,False,False,-1.0,closest_offered_consensus_to_50pct_no_interpolation,0.31329879101899827,-8.18412348401327,0.0,0.31329879101899827,EMPIRICAL_RECONSTRUCTED_HISTORY,0897c49705a05c04d65f1c02a830bc8446166ee6750153b629f2f4c40766b03b,4a14b3fdf51d13786a2e905526f21d4fe7601226e01da29583be8ff3210a7041,work/market-distribution-v1/artifacts/4a14b3fdf51d13786a2e905526f21d4fe7601226e01da29583be8ff3210a7041.json,-1.0,44.5,False,False,none,False,0.5008635578583766,0.0,eec35edb10ded38f
435303dba8f082000e999f78,2026-09-06T21:08:59.798485+00:00,eec35edb10ded38f0500e83e9aaf8252f63479442c90d3b0d1ad36855ebf8efe,7e09efed7e12c659b82740b67ce2f9a1,1,2026-09-13T17:00:00Z,Houston Texans,Buffalo Bills,spreads,alternate_spreads,,-6.5,Houston Texans,-6.5,fanduel,230,3.3,0.266383483791314,1.107960001549078,2026-09-06T21:08:49Z,10.798485,conditional_non_push,0.31329879101899827,consensus_plus_empirical_residual_model,live_snapshot_not_T60,pinnacle,bacaa54986d9719352399f5a,0.27235193945620173,0.27235193945620173,267.1719768167155,-37.17197681671553,2,OK,230,fanduel,230,False,False,-1.0,closest_offered_consensus_to_50pct_no_interpolation,0.31329879101899827,10.81587651598673,0.0,0.31329879101899827,EMPIRICAL_RECONSTRUCTED_HISTORY,0897c49705a05c04d65f1c02a830bc8446166ee6750153b629f2f4c40766b03b,4a14b3fdf51d13786a2e905526f21d4fe7601226e01da29583be8ff3210a7041,work/market-distribution-v1/artifacts/4a14b3fdf51d13786a2e905526f21d4fe7601226e01da29583be8ff3210a7041.json,-1.0,44.5,False,False,none,False,0.5008635578583766,0.0,eec35edb10ded38f
f77f49220e68611d49fb8efa,2026-09-06T21:08:59.798485+00:00,eec35edb10ded38f0500e83e9aaf8252f63479442c90d3b0d1ad36855ebf8efe,7e09efed7e12c659b82740b67ce2f9a1,1,2026-09-13T17:00:00Z,Houston Texans,Buffalo Bills,spreads,alternate_spreads,,7.5,Buffalo Bills,-7.5,draftkings,225,3.25,0.2639571589777401,1.1300749326459196,2026-09-06T21:08:19Z,40.798485,conditional_non_push,0.24766839378238342,consensus_plus_empirical_residual_model,live_snapshot_not_T60,pinnacle,3bbee377b11fef997c14c9de,0.24592509615325878,0.24592509615325878,306.6278780172996,-81.62787801729962,3,OK,300,fanduel,300,False,False,1.0,closest_offered_consensus_to_50pct_no_interpolation,0.24766839378238342,-78.76569037656907,0.0,0.24766839378238342,EMPIRICAL_RECONSTRUCTED_HISTORY,0897c49705a05c04d65f1c02a830bc8446166ee6750153b629f2f4c40766b03b,4a14b3fdf51d13786a2e905526f21d4fe7601226e01da29583be8ff3210a7041,work/market-distribution-v1/artifacts/4a14b3fdf51d13786a2e905526f21d4fe7601226e01da29583be8ff3210a7041.json,-1.0,44.5,False,False,none,True,0.4221070811744387,0.0,eec35edb10ded38f
1815f066e92f29ec13dcf39d,2026-09-06T21:08:59.798485+00:00,eec35edb10ded38f0500e83e9aaf8252f63479442c90d3b0d1ad36855ebf8efe,7e09efed7e12c659b82740b67ce2f9a1,1,2026-09-13T17:00:00Z,Houston Texans,Buffalo Bills,spreads,alternate_spreads,,7.5,Buffalo Bills,-7.5,fanduel,300,4.0,0.20983207913827592,1.1263464204120908,2026-09-06T21:08:49Z,10.798485,conditional_non_push,0.24766839378238342,consensus_plus_empirical_residual_model,live_snapshot_not_T60,pinnacle,3bbee377b11fef997c14c9de,0.24592509615325878,0.24592509615325878,306.6278780172996,-6.627878017299622,3,OK,300,fanduel,300,False,False,1.0,closest_offered_consensus_to_50pct_no_interpolation,0.24766839378238342,-3.7656903765690686,0.0,0.24766839378238342,EMPIRICAL_RECONSTRUCTED_HISTORY,0897c49705a05c04d65f1c02a830bc8446166ee6750153b629f2f4c40766b03b,4a14b3fdf51d13786a2e905526f21d4fe7601226e01da29583be8ff3210a7041,work/market-distribution-v1/artifacts/4a14b3fdf51d13786a2e905526f21d4fe7601226e01da29583be8ff3210a7041.json,-1.0,44.5,False,False,none,True,0.4221070811744387,0.0,eec35edb10ded38f
996dce21e26dab9a211d2cbf,2026-09-06T21:08:59.798485+00:00,eec35edb10ded38f0500e83e9aaf8252f63479442c90d3b0d1ad36855ebf8efe,7e09efed7e12c659b82740b67ce2f9a1,1,2026-09-13T17:00:00Z,Houston Texans,Buffalo Bills,spreads,alternate_spreads,,7.5,Buffalo Bills,-7.5,pinnacle,265,3.65,0.24592509615325883,1.083416113993768,2026-09-06T21:08:57Z,2.798485,conditional_non_push,0.24766839378238342,consensus_plus_empirical_residual_model,live_snapshot_not_T60,pinnacle,3bbee377b11fef997c14c9de,0.24592509615325878,0.24592509615325878,306.6278780172996,-41.62787801729962,3,OK,300,fanduel,300,False,False,1.0,closest_offered_consensus_to_50pct_no_interpolation,0.24766839378238342,-38.76569037656907,0.0,0.24766839378238342,EMPIRICAL_RECONSTRUCTED_HISTORY,0897c49705a05c04d65f1c02a830bc8446166ee6750153b629f2f4c40766b03b,4a14b3fdf51d13786a2e905526f21d4fe7601226e01da29583be8ff3210a7041,work/market-distribution-v1/artifacts/4a14b3fdf51d13786a2e905526f21d4fe7601226e01da29583be8ff3210a7041.json,-1.0,44.5,False,False,none,True,0.4221070811744387,0.0,eec35edb10ded38f
f2c999e1c0e0fe93c7449665,2026-09-06T21:08:59.798485+00:00,eec35edb10ded38f0500e83e9aaf8252f63479442c90d3b0d1ad36855ebf8efe,7e09efed7e12c659b82740b67ce2f9a1,1,2026-09-13T17:00:00Z,Houston Texans,Buffalo Bills,spreads,alternate_spreads,,-7.5,Houston Texans,-7.5,draftkings,262,3.62,0.23116606300003803,1.13847532859159,2026-09-06T21:08:19Z,40.798485,conditional_non_push,0.28808290155440414,consensus_plus_empirical_residual_model,live_snapshot_not_T60,pinnacle,fe704d10569f2d412d888d63,0.22049907106915698,0.22049907106915698,353.51664982133263,-91.51664982133263,2,OK,300,fanduel,300,False,False,-1.0,closest_offered_consensus_to_50pct_no_interpolation,0.28808290155440414,14.877697841726615,0.0,0.28808290155440414,EMPIRICAL_RECONSTRUCTED_HISTORY,0897c49705a05c04d65f1c02a830bc8446166ee6750153b629f2f4c40766b03b,4a14b3fdf51d13786a2e905526f21d4fe7601226e01da29583be8ff3210a7041,work/market-distribution-v1/artifacts/4a14b3fdf51d13786a2e905526f21d4fe7601226e01da29583be8ff3210a7041.json,-1.0,44.5,False,False,none,True,0.47564766839378236,0.0,eec35edb10ded38f
6387908f63f8df5191364497,2026-09-06T21:08:59.798485+00:00,eec35edb10ded38f0500e83e9aaf8252f63479442c90d3b0d1ad36855ebf8efe,7e09efed7e12c659b82740b67ce2f9a1,1,2026-09-13T17:00:00Z,Houston Texans,Buffalo Bills,spreads,alternate_spreads,,-7.5,Houston Texans,-7.5,fanduel,300,4.0,0.20983207913827592,1.1263464204120908,2026-09-06T21:08:49Z,10.798485,conditional_non_push,0.28808290155440414,consensus_plus_empirical_residual_model,live_snapshot_not_T60,pinnacle,fe704d10569f2d412d888d63,0.22049907106915698,0.22049907106915698,353.51664982133263,-53.516649821332635,2,OK,300,fanduel,300,False,False,-1.0,closest_offered_consensus_to_50pct_no_interpolation,0.28808290155440414,52.877697841726615,0.0,0.28808290155440414,EMPIRICAL_RECONSTRUCTED_HISTORY,0897c49705a05c04d65f1c02a830bc8446166ee6750153b629f2f4c40766b03b,4a14b3fdf51d13786a2e905526f21d4fe7601226e01da29583be8ff3210a7041,work/market-distribution-v1/artifacts/4a14b3fdf51d13786a2e905526f21d4fe7601226e01da29583be8ff3210a7041.json,-1.0,44.5,False,False,none,True,0.47564766839378236,0.0,eec35edb10ded38f
505e977acd21e57e32d81128,2026-09-06T21:08:59.798485+00:00,eec35edb10ded38f0500e83e9aaf8252f63479442c90d3b0d1ad36855ebf8efe,7e09efed7e12c659b82740b67ce2f9a1,1,2026-09-13T17:00:00Z,Houston Texans,Buffalo Bills,spreads,alternate_spreads,,8.5,Buffalo Bills,-8.5,draftkings,248,3.48,0.24285294265564267,1.1349338747216895,2026-09-06T21:08:19Z,40.798485,conditional_non_push,0.22487046632124352,consensus_plus_empirical_residual_model,live_snapshot_not_T60,pinnacle,2604bfa579311bb6dfc6be99,0.2119837420899891,0.2119837420899891,371.7342896869377,-123.7342896869377,2,OK,350,fanduel,350,False,False,1.0,closest_offered_consensus_to_50pct_no_interpolation,0.22487046632124352,-96.70046082949312,0.0,0.22487046632124352,EMPIRICAL_RECONSTRUCTED_HISTORY,0897c49705a05c04d65f1c02a830bc8446166ee6750153b629f2f4c40766b03b,4a14b3fdf51d13786a2e905526f21d4fe7601226e01da29583be8ff3210a7041,work/market-distribution-v1/artifacts/4a14b3fdf51d13786a2e905526f21d4fe7601226e01da29583be8ff3210a7041.json,-1.0,44.5,False,False,none,True,0.3944732297063903,0.0,eec35edb10ded38f
721aa0b1501c847301b6593d,2026-09-06T21:08:59.798485+00:00,eec35edb10ded38f0500e83e9aaf8252f63479442c90d3b0d1ad36855ebf8efe,7e09efed7e12c659b82740b67ce2f9a1,1,2026-09-13T17:00:00Z,Houston Texans,Buffalo Bills,spreads,alternate_spreads,,8.5,Buffalo Bills,-8.5,fanduel,350,4.5,0.1811145415243355,1.1359958107389625,2026-09-06T21:08:49Z,10.798485,conditional_non_push,0.22487046632124352,consensus_plus_empirical_residual_model,live_snapshot_not_T60,pinnacle,2604bfa579311bb6dfc6be99,0.2119837420899891,0.2119837420899891,371.7342896869377,-21.7342896869377,2,OK,350,fanduel,350,False,False,1.0,closest_offered_consensus_to_50pct_no_interpolation,0.22487046632124352,5.2995391705068755,0.0,0.22487046632124352,EMPIRICAL_RECONSTRUCTED_HISTORY,0897c49705a05c04d65f1c02a830bc8446166ee6750153b629f2f4c40766b03b,4a14b3fdf51d13786a2e905526f21d4fe7601226e01da29583be8ff3210a7041,work/market-distribution-v1/artifacts/4a14b3fdf51d13786a2e905526f21d4fe7601226e01da29583be8ff3210a7041.json,-1.0,44.5,False,False,none,True,0.3944732297063903,0.0,eec35edb10ded38f
dca7a0f3bbbc508c1412bee5,2026-09-06T21:08:59.798485+00:00,eec35edb10ded38f0500e83e9aaf8252f63479442c90d3b0d1ad36855ebf8efe,7e09efed7e12c659b82740b67ce2f9a1,1,2026-09-13T17:00:00Z,Houston Texans,Buffalo Bills,spreads,alternate_spreads,,-8.5,Houston Texans,-8.5,draftkings,288,3.88,0.21172979215819052,1.1450096852766696,2026-09-06T21:08:19Z,40.798485,conditional_non_push,0.25941278065630397,consensus_plus_empirical_residual_model,live_snapshot_not_T60,pinnacle,05cb49422bfffdae36e26959,0.19917920145938162,0.19917920145938162,402.0604524332973,-114.06045243329731,2,OK,340,fanduel,340,False,False,-1.0,closest_offered_consensus_to_50pct_no_interpolation,0.25941278065630397,2.513981358189085,0.0,0.25941278065630397,EMPIRICAL_RECONSTRUCTED_HISTORY,0897c49705a05c04d65f1c02a830bc8446166ee6750153b629f2f4c40766b03b,4a14b3fdf51d13786a2e905526f21d4fe7601226e01da29583be8ff3210a7041,work/market-distribution-v1/artifacts/4a14b3fdf51d13786a2e905526f21d4fe7601226e01da29583be8ff3210a7041.json,-1.0,44.5,False,False,none,True,0.4369602763385147,0.0,eec35edb10ded38f
0ddb73a020014accd80dcf4f,2026-09-06T21:08:59.798485+00:00,eec35edb10ded38f0500e83e9aaf8252f63479442c90d3b0d1ad36855ebf8efe,7e09efed7e12c659b82740b67ce2f9a1,1,2026-09-13T17:00:00Z,Houston Texans,Buffalo Bills,spreads,alternate_spreads,,-8.5,Houston Texans,-8.5,fanduel,340,4.4,0.18662861076057272,1.1329842945702202,2026-09-06T21:08:49Z,10.798485,conditional_non_push,0.25941278065630397,consensus_plus_empirical_residual_model,live_snapshot_not_T60,pinnacle,05cb49422bfffdae36e26959,0.19917920145938162,0.19917920145938162,402.0604524332973,-62.060452433297314,2,OK,340,fanduel,340,False,False,-1.0,closest_offered_consensus_to_50pct_no_interpolation,0.25941278065630397,54.513981358189085,0.0,0.25941278065630397,EMPIRICAL_RECONSTRUCTED_HISTORY,0897c49705a05c04d65f1c02a830bc8446166ee6750153b629f2f4c40766b03b,4a14b3fdf51d13786a2e905526f21d4fe7601226e01da29583be8ff3210a7041,work/market-distribution-v1/artifacts/4a14b3fdf51d13786a2e905526f21d4fe7601226e01da29583be8ff3210a7041.json,-1.0,44.5,False,False,none,True,0.4369602763385147,0.0,eec35edb10ded38f
c885792f4fab46427af76005,2026-09-06T21:08:59.798485+00:00,eec35edb10ded38f0500e83e9aaf8252f63479442c90d3b0d1ad36855ebf8efe,7e09efed7e12c659b82740b67ce2f9a1,1,2026-09-13T17:00:00Z,Houston Texans,Buffalo Bills,spreads,alternate_spreads,,9.5,Buffalo Bills,-9.5,draftkings,264,3.64,0.22975047714853267,1.1383746264159234,2026-09-06T21:08:19Z,40.798485,conditional_non_push,0.1996545768566494,consensus_plus_empirical_residual_model,live_snapshot_not_T60,pinnacle,6bac63a5e7820dae579d064a,0.20373239194995946,0.20373239194995946,390.83996434186025,-126.83996434186025,2,OK,360,fanduel,360,False,False,1.0,closest_offered_consensus_to_50pct_no_interpolation,0.1996545768566494,-136.86505190311425,0.0,0.1996545768566494,EMPIRICAL_RECONSTRUCTED_HISTORY,0897c49705a05c04d65f1c02a830bc8446166ee6750153b629f2f4c40766b03b,4a14b3fdf51d13786a2e905526f21d4fe7601226e01da29583be8ff3210a7041,work/market-distribution-v1/artifacts/4a14b3fdf51d13786a2e905526f21d4fe7601226e01da29583be8ff3210a7041.json,-1.0,44.5,False,False,none,False,0.3602763385146805,0.0,eec35edb10ded38f
e7ea366be311ee0b2ca64e47,2026-09-06T21:08:59.798485+00:00,eec35edb10ded38f0500e83e9aaf8252f63479442c90d3b0d1ad36855ebf8efe,7e09efed7e12c659b82740b67ce2f9a1,1,2026-09-13T17:00:00Z,Houston Texans,Buffalo Bills,spreads,alternate_spreads,,9.5,Buffalo Bills,-9.5,fanduel,360,4.6,0.17771430675138628,1.132053930386304,2026-09-06T21:08:49Z,10.798485,conditional_non_push,0.1996545768566494,consensus_plus_empirical_residual_model,live_snapshot_not_T60,pinnacle,6bac63a5e7820dae579d064a,0.20373239194995946,0.20373239194995946,390.83996434186025,-30.839964341860252,2,OK,360,fanduel,360,False,False,1.0,closest_offered_consensus_to_50pct_no_interpolation,0.1996545768566494,-40.86505190311425,0.0,0.1996545768566494,EMPIRICAL_RECONSTRUCTED_HISTORY,0897c49705a05c04d65f1c02a830bc8446166ee6750153b629f2f4c40766b03b,4a14b3fdf51d13786a2e905526f21d4fe7601226e01da29583be8ff3210a7041,work/market-distribution-v1/artifacts/4a14b3fdf51d13786a2e905526f21d4fe7601226e01da29583be8ff3210a7041.json,-1.0,44.5,False,False,none,False,0.3602763385146805,0.0,eec35edb10ded38f
b176c4b9ef10c9ffea6f63fe,2026-09-06T21:08:59.798485+00:00,eec35edb10ded38f0500e83e9aaf8252f63479442c90d3b0d1ad36855ebf8efe,7e09efed7e12c659b82740b67ce2f9a1,1,2026-09-13T17:00:00Z,Houston Texans,Buffalo Bills,spreads,alternate_spreads,,-9.5,Houston Texans,-9.5,draftkings,308,4.08,0.19879026604413577,1.1489285325466239,2026-09-06T21:08:19Z,40.798485,conditional_non_push,0.2390328151986183,consensus_plus_empirical_residual_model,live_snapshot_not_T60,pinnacle,559fde759a0882a7185f7654,0.18825228639776104,0.18825228639776104,431.20204760067844,-123.20204760067844,2,OK,360,fanduel,360,False,False,-1.0,closest_offered_consensus_to_50pct_no_interpolation,0.2390328151986183,-10.35260115606934,0.0,0.2390328151986183,EMPIRICAL_RECONSTRUCTED_HISTORY,0897c49705a05c04d65f1c02a830bc8446166ee6750153b629f2f4c40766b03b,4a14b3fdf51d13786a2e905526f21d4fe7601226e01da29583be8ff3210a7041,work/market-distribution-v1/artifacts/4a14b3fdf51d13786a2e905526f21d4fe7601226e01da29583be8ff3210a7041.json,-1.0,44.5,False,False,none,False,0.4069084628670121,0.0,eec35edb10ded38f
8e0ce529898459012cf5354a,2026-09-06T21:08:59.798485+00:00,eec35edb10ded38f0500e83e9aaf8252f63479442c90d3b0d1ad36855ebf8efe,7e09efed7e12c659b82740b67ce2f9a1,1,2026-09-13T17:00:00Z,Houston Texans,Buffalo Bills,spreads,alternate_spreads,,-9.5,Houston Texans,-9.5,fanduel,360,4.6,0.17771430675138628,1.132053930386304,2026-09-06T21:08:49Z,10.798485,conditional_non_push,0.2390328151986183,consensus_plus_empirical_residual_model,live_snapshot_not_T60,pinnacle,559fde759a0882a7185f7654,0.18825228639776104,0.18825228639776104,431.20204760067844,-71.20204760067844,2,OK,360,fanduel,360,False,False,-1.0,closest_offered_consensus_to_50pct_no_interpolation,0.2390328151986183,41.64739884393066,0.0,0.2390328151986183,EMPIRICAL_RECONSTRUCTED_HISTORY,0897c49705a05c04d65f1c02a830bc8446166ee6750153b629f2f4c40766b03b,4a14b3fdf51d13786a2e905526f21d4fe7601226e01da29583be8ff3210a7041,work/market-distribution-v1/artifacts/4a14b3fdf51d13786a2e905526f21d4fe7601226e01da29583be8ff3210a7041.json,-1.0,44.5,False,False,none,False,0.4069084628670121,0.0,eec35edb10ded38f
f088d4683c05d1a8eadfc170,2026-09-06T21:08:59.798485+00:00,eec35edb10ded38f0500e83e9aaf8252f63479442c90d3b0d1ad36855ebf8efe,7e09efed7e12c659b82740b67ce2f9a1,1,2026-09-13T17:00:00Z,Houston Texans,Buffalo Bills,spreads,alternate_spreads,,-1.0,Buffalo Bills,1.0,pinnacle,-110,1.9090909090909092,0.5083310414203144,1.0463871980674857,2026-09-06T21:08:57Z,2.798485,conditional_non_push,0.5120481927710844,consensus_plus_empirical_residual_model,live_snapshot_not_T60,pinnacle,de792c1f788da742a47a4465,0.5083310414203143,0.5083310414203143,-103.38888240753724,-6.611117592462762,1,FEWER_THAN_TWO_BOOKS,-110,pinnacle,,False,False,1.0,closest_offered_consensus_to_50pct_no_interpolation,0.5120481927710844,-5.061728395061721,0.02521588946459413,0.4991364421416235,EMPIRICAL_RECONSTRUCTED_HISTORY,0897c49705a05c04d65f1c02a830bc8446166ee6750153b629f2f4c40766b03b,4a14b3fdf51d13786a2e905526f21d4fe7601226e01da29583be8ff3210a7041,work/market-distribution-v1/artifacts/4a14b3fdf51d13786a2e905526f21d4fe7601226e01da29583be8ff3210a7041.json,-1.0,44.5,False,False,none,False,0.6867012089810017,0.02521588946459413,eec35edb10ded38f
c4ec9aff16d49dc1194501f3,2026-09-06T21:08:59.798485+00:00,eec35edb10ded38f0500e83e9aaf8252f63479442c90d3b0d1ad36855ebf8efe,7e09efed7e12c659b82740b67ce2f9a1,1,2026-09-13T17:00:00Z,Houston Texans,Buffalo Bills,spreads,spreads,,1.0,Houston Texans,1.0,betmgm,-112,1.8928571428571428,0.5082101662533091,1.0607640901233029,2026-09-06T21:08:57Z,2.798485,conditional_non_push,0.5623209169054441,consensus_plus_empirical_residual_model,live_snapshot_not_T60,pinnacle,6f80441210f063d5bf9767eb,0.5136427769706085,0.5136427769706085,-105.61018787204645,-6.389812127953547,2,OK,-112,betmgm,-112,False,False,-1.0,closest_offered_consensus_to_50pct_no_interpolation,0.5623209169054441,16.477905073649737,0.03557858376511226,0.542314335060449,EMPIRICAL_RECONSTRUCTED_HISTORY,0897c49705a05c04d65f1c02a830bc8446166ee6750153b629f2f4c40766b03b,4a14b3fdf51d13786a2e905526f21d4fe7601226e01da29583be8ff3210a7041,work/market-distribution-v1/artifacts/4a14b3fdf51d13786a2e905526f21d4fe7601226e01da29583be8ff3210a7041.json,-1.0,44.5,False,False,none,False,0.7291882556131261,0.0231433506044905,eec35edb10ded38f
57f9dc5e52a0d54962f501c3,2026-09-06T21:08:59.798485+00:00,eec35edb10ded38f0500e83e9aaf8252f63479442c90d3b0d1ad36855ebf8efe,7e09efed7e12c659b82740b67ce2f9a1,1,2026-09-13T17:00:00Z,Houston Texans,Buffalo Bills,spreads,spreads,,1.0,Houston Texans,1.0,pinnacle,-114,1.8771929824561404,0.5190753876879083,1.041171018865629,2026-09-06T21:08:57Z,2.798485,conditional_non_push,0.5623209169054441,consensus_plus_empirical_residual_model,live_snapshot_not_T60,pinnacle,6f80441210f063d5bf9767eb,0.5136427769706085,0.5136427769706085,-105.61018787204645,-8.389812127953547,2,OK,-112,betmgm,-112,False,False,-1.0,closest_offered_consensus_to_50pct_no_interpolation,0.5623209169054441,14.477905073649737,0.03557858376511226,0.542314335060449,EMPIRICAL_RECONSTRUCTED_HISTORY,0897c49705a05c04d65f1c02a830bc8446166ee6750153b629f2f4c40766b03b,4a14b3fdf51d13786a2e905526f21d4fe7601226e01da29583be8ff3210a7041,work/market-distribution-v1/artifacts/4a14b3fdf51d13786a2e905526f21d4fe7601226e01da29583be8ff3210a7041.json,-1.0,44.5,False,False,none,False,0.7291882556131261,0.0231433506044905,eec35edb10ded38f
1a79b679d22421988de46964,2026-09-06T21:08:59.798485+00:00,eec35edb10ded38f0500e83e9aaf8252f63479442c90d3b0d1ad36855ebf8efe,7e09efed7e12c659b82740b67ce2f9a1,1,2026-09-13T17:00:00Z,Houston Texans,Buffalo Bills,spreads,alternate_spreads,,-1.5,Buffalo Bills,1.5,draftkings,-138,1.7246376811594204,0.5464208361470752,1.108893577052049,2026-09-06T21:08:19Z,40.798485,conditional_non_push,0.5243523316062176,consensus_plus_empirical_residual_model,live_snapshot_not_T60,pinnacle,0b1c25373fc98f9153bdca50,0.5361423478886962,0.5361423478886962,-115.58337896300296,-22.416621036997043,3,OK,-116,pinnacle,-130,False,False,1.0,closest_offered_consensus_to_50pct_no_interpolation,0.5243523316062176,-27.760348583877985,0.0,0.5243523316062176,EMPIRICAL_RECONSTRUCTED_HISTORY,0897c49705a05c04d65f1c02a830bc8446166ee6750153b629f2f4c40766b03b,4a14b3fdf51d13786a2e905526f21d4fe7601226e01da29583be8ff3210a7041,work/market-distribution-v1/artifacts/4a14b3fdf51d13786a2e905526f21d4fe7601226e01da29583be8ff3210a7041.json,-1.0,44.5,False,False,none,True,0.7119170984455958,0.0,eec35edb10ded38f
1752a6c08f3dfff68a8e2171,2026-09-06T21:08:59.798485+00:00,eec35edb10ded38f0500e83e9aaf8252f63479442c90d3b0d1ad36855ebf8efe,7e09efed7e12c659b82740b67ce2f9a1,1,2026-09-13T17:00:00Z,Houston Texans,Buffalo Bills,spreads,alternate_spreads,,-1.5,Buffalo Bills,1.5,fanduel,-130,1.7692307692307692,0.5361423478886963,1.0925619072705293,2026-09-06T21:08:49Z,10.798485,conditional_non_push,0.5243523316062176,consensus_plus_empirical_residual_model,live_snapshot_not_T60,pinnacle,0b1c25373fc98f9153bdca50,0.5361423478886962,0.5361423478886962,-115.58337896300296,-14.416621036997043,3,OK,-116,pinnacle,-130,False,False,1.0,closest_offered_consensus_to_50pct_no_interpolation,0.5243523316062176,-19.760348583877985,0.0,0.5243523316062176,EMPIRICAL_RECONSTRUCTED_HISTORY,0897c49705a05c04d65f1c02a830bc8446166ee6750153b629f2f4c40766b03b,4a14b3fdf51d13786a2e905526f21d4fe7601226e01da29583be8ff3210a7041,work/market-distribution-v1/artifacts/4a14b3fdf51d13786a2e905526f21d4fe7601226e01da29583be8ff3210a7041.json,-1.0,44.5,False,False,none,True,0.7119170984455958,0.0,eec35edb10ded38f
8234bcb7d6d5cbc18e148575,2026-09-06T21:08:59.798485+00:00,eec35edb10ded38f0500e83e9aaf8252f63479442c90d3b0d1ad36855ebf8efe,7e09efed7e12c659b82740b67ce2f9a1,1,2026-09-13T17:00:00Z,Houston Texans,Buffalo Bills,spreads,alternate_spreads,,-1.5,Buffalo Bills,1.5,pinnacle,-116,1.8620689655172413,0.5200867347589644,1.0515877030791887,2026-09-06T21:08:57Z,2.798485,conditional_non_push,0.5243523316062176,consensus_plus_empirical_residual_model,live_snapshot_not_T60,pinnacle,0b1c25373fc98f9153bdca50,0.5361423478886962,0.5361423478886962,-115.58337896300296,-0.4166210369970429,3,OK,-116,pinnacle,-130,False,False,1.0,closest_offered_consensus_to_50pct_no_interpolation,0.5243523316062176,-5.760348583877985,0.0,0.5243523316062176,EMPIRICAL_RECONSTRUCTED_HISTORY,0897c49705a05c04d65f1c02a830bc8446166ee6750153b629f2f4c40766b03b,4a14b3fdf51d13786a2e905526f21d4fe7601226e01da29583be8ff3210a7041,work/market-distribution-v1/artifacts/4a14b3fdf51d13786a2e905526f21d4fe7601226e01da29583be8ff3210a7041.json,-1.0,44.5,False,False,none,True,0.7119170984455958,0.0,eec35edb10ded38f
76cb537580b1783b561398ad,2026-09-06T21:08:59.798485+00:00,eec35edb10ded38f0500e83e9aaf8252f63479442c90d3b0d1ad36855ebf8efe,7e09efed7e12c659b82740b67ce2f9a1,1,2026-09-13T17:00:00Z,Houston Texans,Buffalo Bills,spreads,spreads,,1.5,Houston Texans,1.5,draftkings,-115,1.8695652173913042,0.5116044544982121,1.071115843039896,2026-09-06T21:07:49Z,70.798485,conditional_non_push,0.5778929188255613,consensus_plus_empirical_residual_model,live_snapshot_not_T60,pinnacle,343c0cdd3d87616dc6dc256b,0.5253759698131849,0.5253759698131849,-110.69308260822646,-4.306917391773538,3,OK,-115,draftkings,-115,False,False,-1.0,closest_offered_consensus_to_50pct_no_interpolation,0.5778929188255613,21.906710310965593,0.0,0.5778929188255613,EMPIRICAL_RECONSTRUCTED_HISTORY,0897c49705a05c04d65f1c02a830bc8446166ee6750153b629f2f4c40766b03b,4a14b3fdf51d13786a2e905526f21d4fe7601226e01da29583be8ff3210a7041,work/market-distribution-v1/artifacts/4a14b3fdf51d13786a2e905526f21d4fe7601226e01da29583be8ff3210a7041.json,-1.0,44.5,False,False,none,True,0.7523316062176166,0.0,eec35edb10ded38f
bd00933eda46094e0339346b,2026-09-06T21:08:59.798485+00:00,eec35edb10ded38f0500e83e9aaf8252f63479442c90d3b0d1ad36855ebf8efe,7e09efed7e12c659b82740b67ce2f9a1,1,2026-09-13T17:00:00Z,Houston Texans,Buffalo Bills,spreads,spreads,,1.5,Houston Texans,1.5,fanduel,-122,1.819672131147541,0.525375969813185,1.0751429489410262,2026-09-06T21:08:57Z,2.798485,conditional_non_push,0.5778929188255613,consensus_plus_empirical_residual_model,live_snapshot_not_T60,pinnacle,343c0cdd3d87616dc6dc256b,0.5253759698131849,0.5253759698131849,-110.69308260822646,-11.306917391773538,3,OK,-115,draftkings,-115,False,False,-1.0,closest_offered_consensus_to_50pct_no_interpolation,0.5778929188255613,14.906710310965593,0.0,0.5778929188255613,EMPIRICAL_RECONSTRUCTED_HISTORY,0897c49705a05c04d65f1c02a830bc8446166ee6750153b629f2f4c40766b03b,4a14b3fdf51d13786a2e905526f21d4fe7601226e01da29583be8ff3210a7041,work/market-distribution-v1/artifacts/4a14b3fdf51d13786a2e905526f21d4fe7601226e01da29583be8ff3210a7041.json,-1.0,44.5,False,False,none,True,0.7523316062176166,0.0,eec35edb10ded38f
b53b7f81e60e36f520bcb2dd,2026-09-06T21:08:59.798485+00:00,eec35edb10ded38f0500e83e9aaf8252f63479442c90d3b0d1ad36855ebf8efe,7e09efed7e12c659b82740b67ce2f9a1,1,2026-09-13T17:00:00Z,Houston Texans,Buffalo Bills,spreads,alternate_spreads,,1.5,Houston Texans,1.5,pinnacle,-122,1.819672131147541,0.534881739739083,1.045189977821999,2026-09-06T21:08:57Z,2.798485,conditional_non_push,0.5778929188255613,consensus_plus_empirical_residual_model,live_snapshot_not_T60,pinnacle,343c0cdd3d87616dc6dc256b,0.5253759698131849,0.5253759698131849,-110.69308260822646,-11.306917391773538,3,OK,-115,draftkings,-115,False,False,-1.0,closest_offered_consensus_to_50pct_no_interpolation,0.5778929188255613,14.906710310965593,0.0,0.5778929188255613,EMPIRICAL_RECONSTRUCTED_HISTORY,0897c49705a05c04d65f1c02a830bc8446166ee6750153b629f2f4c40766b03b,4a14b3fdf51d13786a2e905526f21d4fe7601226e01da29583be8ff3210a7041,work/market-distribution-v1/artifacts/4a14b3fdf51d13786a2e905526f21d4fe7601226e01da29583be8ff3210a7041.json,-1.0,44.5,False,False,none,True,0.7523316062176166,0.0,eec35edb10ded38f
afbcc95a6d37bb685ffed78c,2026-09-06T21:08:59.798485+00:00,eec35edb10ded38f0500e83e9aaf8252f63479442c90d3b0d1ad36855ebf8efe,7e09efed7e12c659b82740b67ce2f9a1,1,2026-09-13T17:00:00Z,Houston Texans,Buffalo Bills,spreads,alternate_spreads,,-10.5,Buffalo Bills,10.5,draftkings,-576,1.1736111111111112,0.8301006085428174,1.163181355540194,2026-09-06T21:08:19Z,40.798485,conditional_non_push,0.7827288428324698,consensus_plus_empirical_residual_model,live_snapshot_not_T60,pinnacle,cc99c56ff7e792fd9b240106,0.8412803587082753,0.8412803587082753,-530.0417464792607,-45.95825352073928,2,OK,-576,draftkings,-576,False,False,1.0,closest_offered_consensus_to_50pct_no_interpolation,0.7827288428324698,-215.74562798092205,0.0,0.7827288428324698,EMPIRICAL_RECONSTRUCTED_HISTORY,0897c49705a05c04d65f1c02a830bc8446166ee6750153b629f2f4c40766b03b,4a14b3fdf51d13786a2e905526f21d4fe7601226e01da29583be8ff3210a7041,work/market-distribution-v1/artifacts/4a14b3fdf51d13786a2e905526f21d4fe7601226e01da29583be8ff3210a7041.json,-1.0,44.5,False,False,none,False,0.8873920552677029,0.0,eec35edb10ded38f
24b48c18e1477a5a54032919,2026-09-06T21:08:59.798485+00:00,eec35edb10ded38f0500e83e9aaf8252f63479442c90d3b0d1ad36855ebf8efe,7e09efed7e12c659b82740b67ce2f9a1,1,2026-09-13T17:00:00Z,Houston Texans,Buffalo Bills,spreads,alternate_spreads,,-10.5,Buffalo Bills,10.5,fanduel,-670,1.1492537313432836,0.8524601088737336,1.1474778827208754,2026-09-06T21:08:49Z,10.798485,conditional_non_push,0.7827288428324698,consensus_plus_empirical_residual_model,live_snapshot_not_T60,pinnacle,cc99c56ff7e792fd9b240106,0.8412803587082753,0.8412803587082753,-530.0417464792607,-139.95825352073928,2,OK,-576,draftkings,-576,False,False,1.0,closest_offered_consensus_to_50pct_no_interpolation,0.7827288428324698,-309.74562798092205,0.0,0.7827288428324698,EMPIRICAL_RECONSTRUCTED_HISTORY,0897c49705a05c04d65f1c02a830bc8446166ee6750153b629f2f4c40766b03b,4a14b3fdf51d13786a2e905526f21d4fe7601226e01da29583be8ff3210a7041,work/market-distribution-v1/artifacts/4a14b3fdf51d13786a2e905526f21d4fe7601226e01da29583be8ff3210a7041.json,-1.0,44.5,False,False,none,False,0.8873920552677029,0.0,eec35edb10ded38f
3704de70085fc2a24c1c8931,2026-09-06T21:08:59.798485+00:00,eec35edb10ded38f0500e83e9aaf8252f63479442c90d3b0d1ad36855ebf8efe,7e09efed7e12c659b82740b67ce2f9a1,1,2026-09-13T17:00:00Z,Houston Texans,Buffalo Bills,spreads,alternate_spreads,,10.5,Houston Texans,10.5,draftkings,-467,1.214132762312634,0.8001416819722138,1.1491336989225927,2026-09-06T21:08:19Z,40.798485,conditional_non_push,0.829706390328152,consensus_plus_empirical_residual_model,live_snapshot_not_T60,pinnacle,808d6d5bfd945f6ff05029ef,0.8286628487798029,0.8286628487798029,-483.6445819709186,16.64458197091858,2,OK,-467,draftkings,-467,False,False,-1.0,closest_offered_consensus_to_50pct_no_interpolation,0.829706390328152,20.22109533468557,0.0,0.829706390328152,EMPIRICAL_RECONSTRUCTED_HISTORY,0897c49705a05c04d65f1c02a830bc8446166ee6750153b629f2f4c40766b03b,4a14b3fdf51d13786a2e905526f21d4fe7601226e01da29583be8ff3210a7041,work/market-distribution-v1/artifacts/4a14b3fdf51d13786a2e905526f21d4fe7601226e01da29583be8ff3210a7041.json,-1.0,44.5,False,False,none,False,0.9174438687392056,0.0,eec35edb10ded38f
301a65c9d9272294ec2c52f8,2026-09-06T21:08:59.798485+00:00,eec35edb10ded38f0500e83e9aaf8252f63479442c90d3b0d1ad36855ebf8efe,7e09efed7e12c659b82740b67ce2f9a1,1,2026-09-13T17:00:00Z,Houston Texans,Buffalo Bills,spreads,alternate_spreads,,10.5,Houston Texans,10.5,fanduel,-700,1.1428571428571428,0.8571840155873921,1.1540556850786805,2026-09-06T21:08:49Z,10.798485,conditional_non_push,0.829706390328152,consensus_plus_empirical_residual_model,live_snapshot_not_T60,pinnacle,808d6d5bfd945f6ff05029ef,0.8286628487798029,0.8286628487798029,-483.6445819709186,-216.35541802908142,2,OK,-467,draftkings,-467,False,False,-1.0,closest_offered_consensus_to_50pct_no_interpolation,0.829706390328152,-212.77890466531443,0.0,0.829706390328152,EMPIRICAL_RECONSTRUCTED_HISTORY,0897c49705a05c04d65f1c02a830bc8446166ee6750153b629f2f4c40766b03b,4a14b3fdf51d13786a2e905526f21d4fe7601226e01da29583be8ff3210a7041,work/market-distribution-v1/artifacts/4a14b3fdf51d13786a2e905526f21d4fe7601226e01da29583be8ff3210a7041.json,-1.0,44.5,False,False,none,False,0.9174438687392056,0.0,eec35edb10ded38f
9380e196ea1f96723670a2db,2026-09-06T21:08:59.798485+00:00,eec35edb10ded38f0500e83e9aaf8252f63479442c90d3b0d1ad36855ebf8efe,7e09efed7e12c659b82740b67ce2f9a1,1,2026-09-13T17:00:00Z,Houston Texans,Buffalo Bills,spreads,alternate_spreads,,-11.5,Buffalo Bills,11.5,draftkings,-650,1.1538461538461537,0.845674717734002,1.1713452098017578,2026-09-06T21:08:19Z,40.798485,conditional_non_push,0.8086355785837651,consensus_plus_empirical_residual_model,live_snapshot_not_T60,pinnacle,0cfef06a776c07548d98efd9,0.8566896069806109,0.8566896069806109,-597.7860983639237,-52.21390163607634,2,OK,-650,draftkings,-650,False,False,1.0,closest_offered_consensus_to_50pct_no_interpolation,0.8086355785837651,-227.43682310469313,0.0,0.8086355785837651,EMPIRICAL_RECONSTRUCTED_HISTORY,0897c49705a05c04d65f1c02a830bc8446166ee6750153b629f2f4c40766b03b,4a14b3fdf51d13786a2e905526f21d4fe7601226e01da29583be8ff3210a7041,work/market-distribution-v1/artifacts/4a14b3fdf51d13786a2e905526f21d4fe7601226e01da29583be8ff3210a7041.json,-1.0,44.5,False,False,none,False,0.8974093264248705,0.0,eec35edb10ded38f
77b64b40d7dc981da054f5f4,2026-09-06T21:08:59.798485+00:00,eec35edb10ded38f0500e83e9aaf8252f63479442c90d3b0d1ad36855ebf8efe,7e09efed7e12c659b82740b67ce2f9a1,1,2026-09-13T17:00:00Z,Houston Texans,Buffalo Bills,spreads,alternate_spreads,,-11.5,Buffalo Bills,11.5,fanduel,-770,1.12987012987013,0.8677044962272199,1.162169781158016,2026-09-06T21:08:49Z,10.798485,conditional_non_push,0.8086355785837651,consensus_plus_empirical_residual_model,live_snapshot_not_T60,pinnacle,0cfef06a776c07548d98efd9,0.8566896069806109,0.8566896069806109,-597.7860983639237,-172.21390163607634,2,OK,-650,draftkings,-650,False,False,1.0,closest_offered_consensus_to_50pct_no_interpolation,0.8086355785837651,-347.43682310469313,0.0,0.8086355785837651,EMPIRICAL_RECONSTRUCTED_HISTORY,0897c49705a05c04d65f1c02a830bc8446166ee6750153b629f2f4c40766b03b,4a14b3fdf51d13786a2e905526f21d4fe7601226e01da29583be8ff3210a7041,work/market-distribution-v1/artifacts/4a14b3fdf51d13786a2e905526f21d4fe7601226e01da29583be8ff3210a7041.json,-1.0,44.5,False,False,none,False,0.8974093264248705,0.0,eec35edb10ded38f
9f85c0e4710a43091954bf79,2026-09-06T21:08:59.798485+00:00,eec35edb10ded38f0500e83e9aaf8252f63479442c90d3b0d1ad36855ebf8efe,7e09efed7e12c659b82740b67ce2f9a1,1,2026-09-13T17:00:00Z,Houston Texans,Buffalo Bills,spreads,alternate_spreads,,11.5,Houston Texans,11.5,draftkings,-521,1.1919385796545106,0.8164546148251508,1.1549308110709293,2026-09-06T21:08:19Z,40.798485,conditional_non_push,0.8483592400690846,consensus_plus_empirical_residual_model,live_snapshot_not_T60,pinnacle,de8ece4efd29e405720b3b07,0.8420795555261853,0.8420795555261853,-533.230233952269,12.230233952269032,2,OK,-521,draftkings,-521,False,False,-1.0,closest_offered_consensus_to_50pct_no_interpolation,0.8483592400690846,38.453302961275426,0.0,0.8483592400690846,EMPIRICAL_RECONSTRUCTED_HISTORY,0897c49705a05c04d65f1c02a830bc8446166ee6750153b629f2f4c40766b03b,4a14b3fdf51d13786a2e905526f21d4fe7601226e01da29583be8ff3210a7041,work/market-distribution-v1/artifacts/4a14b3fdf51d13786a2e905526f21d4fe7601226e01da29583be8ff3210a7041.json,-1.0,44.5,False,False,none,False,0.9288428324697755,0.0,eec35edb10ded38f
975fb189b908a9e66aa225fa,2026-09-06T21:08:59.798485+00:00,eec35edb10ded38f0500e83e9aaf8252f63479442c90d3b0d1ad36855ebf8efe,7e09efed7e12c659b82740b67ce2f9a1,1,2026-09-13T17:00:00Z,Houston Texans,Buffalo Bills,spreads,alternate_spreads,,11.5,Houston Texans,11.5,fanduel,-770,1.12987012987013,0.8677044962272199,1.162169781158016,2026-09-06T21:08:49Z,10.798485,conditional_non_push,0.8483592400690846,consensus_plus_empirical_residual_model,live_snapshot_not_T60,pinnacle,de8ece4efd29e405720b3b07,0.8420795555261853,0.8420795555261853,-533.230233952269,-236.76976604773097,2,OK,-521,draftkings,-521,False,False,-1.0,closest_offered_consensus_to_50pct_no_interpolation,0.8483592400690846,-210.54669703872457,0.0,0.8483592400690846,EMPIRICAL_RECONSTRUCTED_HISTORY,0897c49705a05c04d65f1c02a830bc8446166ee6750153b629f2f4c40766b03b,4a14b3fdf51d13786a2e905526f21d4fe7601226e01da29583be8ff3210a7041,work/market-distribution-v1/artifacts/4a14b3fdf51d13786a2e905526f21d4fe7601226e01da29583be8ff3210a7041.json,-1.0,44.5,False,False,none,False,0.9288428324697755,0.0,eec35edb10ded38f
9d43774dd8fe620b26816184,2026-09-06T21:08:59.798485+00:00,eec35edb10ded38f0500e83e9aaf8252f63479442c90d3b0d1ad36855ebf8efe,7e09efed7e12c659b82740b67ce2f9a1,1,2026-09-13T17:00:00Z,Houston Texans,Buffalo Bills,spreads,alternate_spreads,,-12.5,Buffalo Bills,12.5,draftkings,-720,1.1388888888888888,0.857728135235548,1.1800414989745036,2026-09-06T21:08:19Z,40.798485,conditional_non_push,0.8317789291882556,consensus_plus_empirical_residual_model,live_snapshot_not_T60,pinnacle,f9034add46ad332404e858d3,0.8705273681650401,0.8705273681650401,-672.3640014321405,-47.635998567859474,2,OK,-720,draftkings,-720,False,False,1.0,closest_offered_consensus_to_50pct_no_interpolation,0.8317789291882556,-225.5441478439426,0.0,0.8317789291882556,EMPIRICAL_RECONSTRUCTED_HISTORY,0897c49705a05c04d65f1c02a830bc8446166ee6750153b629f2f4c40766b03b,4a14b3fdf51d13786a2e905526f21d4fe7601226e01da29583be8ff3210a7041,work/market-distribution-v1/artifacts/4a14b3fdf51d13786a2e905526f21d4fe7601226e01da29583be8ff3210a7041.json,-1.0,44.5,False,False,none,False,0.9094991364421416,0.0,eec35edb10ded38f
f7fc16c56f3f14aba9f8f359,2026-09-06T21:08:59.798485+00:00,eec35edb10ded38f0500e83e9aaf8252f63479442c90d3b0d1ad36855ebf8efe,7e09efed7e12c659b82740b67ce2f9a1,1,2026-09-13T17:00:00Z,Houston Texans,Buffalo Bills,spreads,alternate_spreads,,-12.5,Buffalo Bills,12.5,fanduel,-900,1.1111111111111112,0.8833266010945322,1.1774835129351686,2026-09-06T21:08:49Z,10.798485,conditional_non_push,0.8317789291882556,consensus_plus_empirical_residual_model,live_snapshot_not_T60,pinnacle,f9034add46ad332404e858d3,0.8705273681650401,0.8705273681650401,-672.3640014321405,-227.63599856785947,2,OK,-720,draftkings,-720,False,False,1.0,closest_offered_consensus_to_50pct_no_interpolation,0.8317789291882556,-405.5441478439426,0.0,0.8317789291882556,EMPIRICAL_RECONSTRUCTED_HISTORY,0897c49705a05c04d65f1c02a830bc8446166ee6750153b629f2f4c40766b03b,4a14b3fdf51d13786a2e905526f21d4fe7601226e01da29583be8ff3210a7041,work/market-distribution-v1/artifacts/4a14b3fdf51d13786a2e905526f21d4fe7601226e01da29583be8ff3210a7041.json,-1.0,44.5,False,False,none,False,0.9094991364421416,0.0,eec35edb10ded38f
0cfd02a68f1ca42a77fbdbf8,2026-09-06T21:08:59.798485+00:00,eec35edb10ded38f0500e83e9aaf8252f63479442c90d3b0d1ad36855ebf8efe,7e09efed7e12c659b82740b67ce2f9a1,1,2026-09-13T17:00:00Z,Houston Texans,Buffalo Bills,spreads,alternate_spreads,,12.5,Houston Texans,12.5,draftkings,-577,1.173310225303293,0.8304099069974603,1.1627165833703912,2026-09-06T21:08:19Z,40.798485,conditional_non_push,0.8666666666666667,consensus_plus_empirical_residual_model,live_snapshot_not_T60,pinnacle,56638b2394fcb08264d76769,0.8540583059999578,0.8540583059999578,-585.2051477487379,8.205147748737886,2,OK,-577,draftkings,-577,False,False,-1.0,closest_offered_consensus_to_50pct_no_interpolation,0.8666666666666667,73.00000000000023,0.0,0.8666666666666667,EMPIRICAL_RECONSTRUCTED_HISTORY,0897c49705a05c04d65f1c02a830bc8446166ee6750153b629f2f4c40766b03b,4a14b3fdf51d13786a2e905526f21d4fe7601226e01da29583be8ff3210a7041,work/market-distribution-v1/artifacts/4a14b3fdf51d13786a2e905526f21d4fe7601226e01da29583be8ff3210a7041.json,-1.0,44.5,False,False,none,False,0.9374784110535406,0.0,eec35edb10ded38f
14a22a36be287fe894a7ff4a,2026-09-06T21:08:59.798485+00:00,eec35edb10ded38f0500e83e9aaf8252f63479442c90d3b0d1ad36855ebf8efe,7e09efed7e12c659b82740b67ce2f9a1,1,2026-09-13T17:00:00Z,Houston Texans,Buffalo Bills,spreads,alternate_spreads,,12.5,Houston Texans,12.5,fanduel,-850,1.1176470588235294,0.8777067050024552,1.1727763118339127,2026-09-06T21:08:49Z,10.798485,conditional_non_push,0.8666666666666667,consensus_plus_empirical_residual_model,live_snapshot_not_T60,pinnacle,56638b2394fcb08264d76769,0.8540583059999578,0.8540583059999578,-585.2051477487379,-264.7948522512621,2,OK,-577,draftkings,-577,False,False,-1.0,closest_offered_consensus_to_50pct_no_interpolation,0.8666666666666667,-199.99999999999977,0.0,0.8666666666666667,EMPIRICAL_RECONSTRUCTED_HISTORY,0897c49705a05c04d65f1c02a830bc8446166ee6750153b629f2f4c40766b03b,4a14b3fdf51d13786a2e905526f21d4fe7601226e01da29583be8ff3210a7041,work/market-distribution-v1/artifacts/4a14b3fdf51d13786a2e905526f21d4fe7601226e01da29583be8ff3210a7041.json,-1.0,44.5,False,False,none,False,0.9374784110535406,0.0,eec35edb10ded38f
e68961262049d1fc4cff6862,2026-09-06T21:08:59.798485+00:00,eec35edb10ded38f0500e83e9aaf8252f63479442c90d3b0d1ad36855ebf8efe,7e09efed7e12c659b82740b67ce2f9a1,1,2026-09-13T17:00:00Z,Houston Texans,Buffalo Bills,spreads,alternate_spreads,,-13.5,Buffalo Bills,13.5,draftkings,-840,1.119047619047619,0.8740749420209069,1.1965822722182624,2026-09-06T21:08:19Z,40.798485,conditional_non_push,0.846286701208981,consensus_plus_empirical_residual_model,live_snapshot_not_T60,pinnacle,e4933bd5e07fe03bc6a4cdb9,0.8836283312728077,0.8836283312728077,-759.3156830502099,-80.68431694979006,2,OK,-840,draftkings,-840,False,False,1.0,closest_offered_consensus_to_50pct_no_interpolation,0.846286701208981,-289.43820224719116,0.0,0.846286701208981,EMPIRICAL_RECONSTRUCTED_HISTORY,0897c49705a05c04d65f1c02a830bc8446166ee6750153b629f2f4c40766b03b,4a14b3fdf51d13786a2e905526f21d4fe7601226e01da29583be8ff3210a7041,work/market-distribution-v1/artifacts/4a14b3fdf51d13786a2e905526f21d4fe7601226e01da29583be8ff3210a7041.json,-1.0,44.5,False,False,none,False,0.9198618307426598,0.0,eec35edb10ded38f
4cce2f55dcec036b93d8932b,2026-09-06T21:08:59.798485+00:00,eec35edb10ded38f0500e83e9aaf8252f63479442c90d3b0d1ad36855ebf8efe,7e09efed7e12c659b82740b67ce2f9a1,1,2026-09-13T17:00:00Z,Houston Texans,Buffalo Bills,spreads,alternate_spreads,,-13.5,Buffalo Bills,13.5,fanduel,-1000,1.1,0.8931817205247089,1.1852377638063105,2026-09-06T21:08:49Z,10.798485,conditional_non_push,0.846286701208981,consensus_plus_empirical_residual_model,live_snapshot_not_T60,pinnacle,e4933bd5e07fe03bc6a4cdb9,0.8836283312728077,0.8836283312728077,-759.3156830502099,-240.68431694979006,2,OK,-840,draftkings,-840,False,False,1.0,closest_offered_consensus_to_50pct_no_interpolation,0.846286701208981,-449.43820224719116,0.0,0.846286701208981,EMPIRICAL_RECONSTRUCTED_HISTORY,0897c49705a05c04d65f1c02a830bc8446166ee6750153b629f2f4c40766b03b,4a14b3fdf51d13786a2e905526f21d4fe7601226e01da29583be8ff3210a7041,work/market-distribution-v1/artifacts/4a14b3fdf51d13786a2e905526f21d4fe7601226e01da29583be8ff3210a7041.json,-1.0,44.5,False,False,none,False,0.9198618307426598,0.0,eec35edb10ded38f
c09c75efae98ace1a5ff700b,2026-09-06T21:08:59.798485+00:00,eec35edb10ded38f0500e83e9aaf8252f63479442c90d3b0d1ad36855ebf8efe,7e09efed7e12c659b82740b67ce2f9a1,1,2026-09-13T17:00:00Z,Houston Texans,Buffalo Bills,spreads,alternate_spreads,,13.5,Houston Texans,13.5,draftkings,-660,1.1515151515151516,0.8472619601399576,1.1748440529979591,2026-09-06T21:08:19Z,40.798485,conditional_non_push,0.8829015544041451,consensus_plus_empirical_residual_model,live_snapshot_not_T60,pinnacle,76f39c290fdaa226d50488c3,0.8702218403323332,0.8702218403323332,-670.5456777633301,10.545677763330104,2,OK,-660,draftkings,-660,False,False,-1.0,closest_offered_consensus_to_50pct_no_interpolation,0.8829015544041451,93.98230088495575,0.0,0.8829015544041451,EMPIRICAL_RECONSTRUCTED_HISTORY,0897c49705a05c04d65f1c02a830bc8446166ee6750153b629f2f4c40766b03b,4a14b3fdf51d13786a2e905526f21d4fe7601226e01da29583be8ff3210a7041,work/market-distribution-v1/artifacts/4a14b3fdf51d13786a2e905526f21d4fe7601226e01da29583be8ff3210a7041.json,-1.0,44.5,False,False,none,False,0.94853195164076,0.0,eec35edb10ded38f
495131109fdb632ee25a61d1,2026-09-06T21:08:59.798485+00:00,eec35edb10ded38f0500e83e9aaf8252f63479442c90d3b0d1ad36855ebf8efe,7e09efed7e12c659b82740b67ce2f9a1,1,2026-09-13T17:00:00Z,Houston Texans,Buffalo Bills,spreads,alternate_spreads,,13.5,Houston Texans,13.5,fanduel,-1000,1.1,0.8931817205247089,1.1852377638063105,2026-09-06T21:08:49Z,10.798485,conditional_non_push,0.8829015544041451,consensus_plus_empirical_residual_model,live_snapshot_not_T60,pinnacle,76f39c290fdaa226d50488c3,0.8702218403323332,0.8702218403323332,-670.5456777633301,-329.4543222366699,2,OK,-660,draftkings,-660,False,False,-1.0,closest_offered_consensus_to_50pct_no_interpolation,0.8829015544041451,-246.01769911504425,0.0,0.8829015544041451,EMPIRICAL_RECONSTRUCTED_HISTORY,0897c49705a05c04d65f1c02a830bc8446166ee6750153b629f2f4c40766b03b,4a14b3fdf51d13786a2e905526f21d4fe7601226e01da29583be8ff3210a7041,work/market-distribution-v1/artifacts/4a14b3fdf51d13786a2e905526f21d4fe7601226e01da29583be8ff3210a7041.json,-1.0,44.5,False,False,none,False,0.94853195164076,0.0,eec35edb10ded38f
af374cc300d118a32c3fd891,2026-09-06T21:08:59.798485+00:00,eec35edb10ded38f0500e83e9aaf8252f63479442c90d3b0d1ad36855ebf8efe,7e09efed7e12c659b82740b67ce2f9a1,1,2026-09-13T17:00:00Z,Houston Texans,Buffalo Bills,spreads,alternate_spreads,,-14.5,Buffalo Bills,14.5,draftkings,-1080,1.0925925925925926,0.8973988518114261,1.2224812164457801,2026-09-06T21:08:19Z,40.798485,conditional_non_push,0.8614853195164076,consensus_plus_empirical_residual_model,live_snapshot_not_T60,pinnacle,1761fc5a62fe0dbc95c78726,0.9082172247531544,0.9082172247531544,-989.5290508600825,-90.47094913991748,2,OK,-1080,draftkings,-1080,False,False,1.0,closest_offered_consensus_to_50pct_no_interpolation,0.8614853195164076,-458.0548628428927,0.0,0.8614853195164076,EMPIRICAL_RECONSTRUCTED_HISTORY,0897c49705a05c04d65f1c02a830bc8446166ee6750153b629f2f4c40766b03b,4a14b3fdf51d13786a2e905526f21d4fe7601226e01da29583be8ff3210a7041,work/market-distribution-v1/artifacts/4a14b3fdf51d13786a2e905526f21d4fe7601226e01da29583be8ff3210a7041.json,-1.0,44.5,False,False,none,False,0.9260794473229707,0.0,eec35edb10ded38f
3bb326bc6f1e6ec9f9595200,2026-09-06T21:08:59.798485+00:00,eec35edb10ded38f0500e83e9aaf8252f63479442c90d3b0d1ad36855ebf8efe,7e09efed7e12c659b82740b67ce2f9a1,1,2026-09-13T17:00:00Z,Houston Texans,Buffalo Bills,spreads,alternate_spreads,,-14.5,Buffalo Bills,14.5,fanduel,-1400,1.0714285714285714,0.9190355976948827,1.2237557345683783,2026-09-06T21:08:49Z,10.798485,conditional_non_push,0.8614853195164076,consensus_plus_empirical_residual_model,live_snapshot_not_T60,pinnacle,1761fc5a62fe0dbc95c78726,0.9082172247531544,0.9082172247531544,-989.5290508600825,-410.4709491399175,2,OK,-1080,draftkings,-1080,False,False,1.0,closest_offered_consensus_to_50pct_no_interpolation,0.8614853195164076,-778.0548628428927,0.0,0.8614853195164076,EMPIRICAL_RECONSTRUCTED_HISTORY,0897c49705a05c04d65f1c02a830bc8446166ee6750153b629f2f4c40766b03b,4a14b3fdf51d13786a2e905526f21d4fe7601226e01da29583be8ff3210a7041,work/market-distribution-v1/artifacts/4a14b3fdf51d13786a2e905526f21d4fe7601226e01da29583be8ff3210a7041.json,-1.0,44.5,False,False,none,False,0.9260794473229707,0.0,eec35edb10ded38f
650fc35a4ee9cb152ddbf619,2026-09-06T21:08:59.798485+00:00,eec35edb10ded38f0500e83e9aaf8252f63479442c90d3b0d1ad36855ebf8efe,7e09efed7e12c659b82740b67ce2f9a1,1,2026-09-13T17:00:00Z,Houston Texans,Buffalo Bills,spreads,alternate_spreads,,14.5,Houston Texans,14.5,draftkings,-840,1.119047619047619,0.8741576796871373,1.1957407481893467,2026-09-06T21:08:19Z,40.798485,conditional_non_push,0.8932642487046633,consensus_plus_empirical_residual_model,live_snapshot_not_T60,pinnacle,0500d85720fd1c0b2ed665c7,0.89659663869101,0.89659663869101,-867.0865505153159,27.086550515315935,2,OK,-840,draftkings,-840,False,False,-1.0,closest_offered_consensus_to_50pct_no_interpolation,0.8932642487046633,-3.1067961165044835,0.0,0.8932642487046633,EMPIRICAL_RECONSTRUCTED_HISTORY,0897c49705a05c04d65f1c02a830bc8446166ee6750153b629f2f4c40766b03b,4a14b3fdf51d13786a2e905526f21d4fe7601226e01da29583be8ff3210a7041,work/market-distribution-v1/artifacts/4a14b3fdf51d13786a2e905526f21d4fe7601226e01da29583be8ff3210a7041.json,-1.0,44.5,False,False,none,False,0.9582037996545768,0.0,eec35edb10ded38f
6b5f3c8d9d3ef2d507549209,2026-09-06T21:08:59.798485+00:00,eec35edb10ded38f0500e83e9aaf8252f63479442c90d3b0d1ad36855ebf8efe,7e09efed7e12c659b82740b67ce2f9a1,1,2026-09-13T17:00:00Z,Houston Texans,Buffalo Bills,spreads,alternate_spreads,,14.5,Houston Texans,14.5,fanduel,-1400,1.0714285714285714,0.9190355976948827,1.2237557345683783,2026-09-06T21:08:49Z,10.798485,conditional_non_push,0.8932642487046633,consensus_plus_empirical_residual_model,live_snapshot_not_T60,pinnacle,0500d85720fd1c0b2ed665c7,0.89659663869101,0.89659663869101,-867.0865505153159,-532.9134494846841,2,OK,-840,draftkings,-840,False,False,-1.0,closest_offered_consensus_to_50pct_no_interpolation,0.8932642487046633,-563.1067961165045,0.0,0.8932642487046633,EMPIRICAL_RECONSTRUCTED_HISTORY,0897c49705a05c04d65f1c02a830bc8446166ee6750153b629f2f4c40766b03b,4a14b3fdf51d13786a2e905526f21d4fe7601226e01da29583be8ff3210a7041,work/market-distribution-v1/artifacts/4a14b3fdf51d13786a2e905526f21d4fe7601226e01da29583be8ff3210a7041.json,-1.0,44.5,False,False,none,False,0.9582037996545768,0.0,eec35edb10ded38f
395cbda2633d21995619d873,2026-09-06T21:08:59.798485+00:00,eec35edb10ded38f0500e83e9aaf8252f63479442c90d3b0d1ad36855ebf8efe,7e09efed7e12c659b82740b67ce2f9a1,1,2026-09-13T17:00:00Z,Houston Texans,Buffalo Bills,spreads,alternate_spreads,,-15.5,Buffalo Bills,15.5,draftkings,-1200,1.0833333333333333,0.9061371216190706,1.2314005721514758,2026-09-06T21:08:19Z,40.798485,conditional_non_push,0.8763385146804836,consensus_plus_empirical_residual_model,live_snapshot_not_T60,pinnacle,4dce87eadd95b01af9ad0834,0.9171328010752537,0.9171328010752537,-1106.750092890342,-93.2499071096579,2,OK,-1200,draftkings,-1200,False,False,1.0,closest_offered_consensus_to_50pct_no_interpolation,0.8763385146804836,-491.3407821229048,0.0,0.8763385146804836,EMPIRICAL_RECONSTRUCTED_HISTORY,0897c49705a05c04d65f1c02a830bc8446166ee6750153b629f2f4c40766b03b,4a14b3fdf51d13786a2e905526f21d4fe7601226e01da29583be8ff3210a7041,work/market-distribution-v1/artifacts/4a14b3fdf51d13786a2e905526f21d4fe7601226e01da29583be8ff3210a7041.json,-1.0,44.5,False,False,none,False,0.9357512953367876,0.0,eec35edb10ded38f
ab2a7f9274f7181efaf4f9a6,2026-09-06T21:08:59.798485+00:00,eec35edb10ded38f0500e83e9aaf8252f63479442c90d3b0d1ad36855ebf8efe,7e09efed7e12c659b82740b67ce2f9a1,1,2026-09-13T17:00:00Z,Houston Texans,Buffalo Bills,spreads,alternate_spreads,,-15.5,Buffalo Bills,15.5,fanduel,-1600,1.0625,0.928128480531437,1.230277479608839,2026-09-06T21:08:49Z,10.798485,conditional_non_push,0.8763385146804836,consensus_plus_empirical_residual_model,live_snapshot_not_T60,pinnacle,4dce87eadd95b01af9ad0834,0.9171328010752537,0.9171328010752537,-1106.750092890342,-493.2499071096579,2,OK,-1200,draftkings,-1200,False,False,1.0,closest_offered_consensus_to_50pct_no_interpolation,0.8763385146804836,-891.3407821229048,0.0,0.8763385146804836,EMPIRICAL_RECONSTRUCTED_HISTORY,0897c49705a05c04d65f1c02a830bc8446166ee6750153b629f2f4c40766b03b,4a14b3fdf51d13786a2e905526f21d4fe7601226e01da29583be8ff3210a7041,work/market-distribution-v1/artifacts/4a14b3fdf51d13786a2e905526f21d4fe7601226e01da29583be8ff3210a7041.json,-1.0,44.5,False,False,none,False,0.9357512953367876,0.0,eec35edb10ded38f
9aa4b0c1aa14828ed726b424,2026-09-06T21:08:59.798485+00:00,eec35edb10ded38f0500e83e9aaf8252f63479442c90d3b0d1ad36855ebf8efe,7e09efed7e12c659b82740b67ce2f9a1,1,2026-09-13T17:00:00Z,Houston Texans,Buffalo Bills,spreads,alternate_spreads,,15.5,Houston Texans,15.5,draftkings,-920,1.108695652173913,0.8832500842567713,1.2031575934316532,2026-09-06T21:08:19Z,40.798485,conditional_non_push,0.9050086355785838,consensus_plus_empirical_residual_model,live_snapshot_not_T60,pinnacle,cd8dbe6b7143721ab682c7d7,0.9056892823941042,0.9056892823941042,-960.3248765201688,40.3248765201688,2,OK,-920,draftkings,-920,False,False,-1.0,closest_offered_consensus_to_50pct_no_interpolation,0.9050086355785838,32.72727272727309,0.0,0.9050086355785838,EMPIRICAL_RECONSTRUCTED_HISTORY,0897c49705a05c04d65f1c02a830bc8446166ee6750153b629f2f4c40766b03b,4a14b3fdf51d13786a2e905526f21d4fe7601226e01da29583be8ff3210a7041,work/market-distribution-v1/artifacts/4a14b3fdf51d13786a2e905526f21d4fe7601226e01da29583be8ff3210a7041.json,-1.0,44.5,False,False,none,False,0.9647668393782384,0.0,eec35edb10ded38f
c20c6c49b7cd79baf1164b00,2026-09-06T21:08:59.798485+00:00,eec35edb10ded38f0500e83e9aaf8252f63479442c90d3b0d1ad36855ebf8efe,7e09efed7e12c659b82740b67ce2f9a1,1,2026-09-13T17:00:00Z,Houston Texans,Buffalo Bills,spreads,alternate_spreads,,15.5,Houston Texans,15.5,fanduel,-1600,1.0625,0.928128480531437,1.230277479608839,2026-09-06T21:08:49Z,10.798485,conditional_non_push,0.9050086355785838,consensus_plus_empirical_residual_model,live_snapshot_not_T60,pinnacle,cd8dbe6b7143721ab682c7d7,0.9056892823941042,0.9056892823941042,-960.3248765201688,-639.6751234798312,2,OK,-920,draftkings,-920,False,False,-1.0,closest_offered_consensus_to_50pct_no_interpolation,0.9050086355785838,-647.2727272727269,0.0,0.9050086355785838,EMPIRICAL_RECONSTRUCTED_HISTORY,0897c49705a05c04d65f1c02a830bc8446166ee6750153b629f2f4c40766b03b,4a14b3fdf51d13786a2e905526f21d4fe7601226e01da29583be8ff3210a7041,work/market-distribution-v1/artifacts/4a14b3fdf51d13786a2e905526f21d4fe7601226e01da29583be8ff3210a7041.json,-1.0,44.5,False,False,none,False,0.9647668393782384,0.0,eec35edb10ded38f
f30be6c3187167868f652124,2026-09-06T21:08:59.798485+00:00,eec35edb10ded38f0500e83e9aaf8252f63479442c90d3b0d1ad36855ebf8efe,7e09efed7e12c659b82740b67ce2f9a1,1,2026-09-13T17:00:00Z,Houston Texans,Buffalo Bills,spreads,alternate_spreads,,-16.5,Buffalo Bills,16.5,draftkings,-1400,1.0714285714285714,0.9171758774387624,1.2531153827971946,2026-09-06T21:08:19Z,40.798485,conditional_non_push,0.8873920552677029,consensus_plus_empirical_residual_model,live_snapshot_not_T60,pinnacle,c5eb4a109a6a4fd8ae14e1fd,0.9287003206772195,0.9287003206772195,-1302.5308521696209,-97.46914783037914,2,OK,-1400,draftkings,-1400,False,False,1.0,closest_offered_consensus_to_50pct_no_interpolation,0.8873920552677029,-611.9631901840492,0.0,0.8873920552677029,EMPIRICAL_RECONSTRUCTED_HISTORY,0897c49705a05c04d65f1c02a830bc8446166ee6750153b629f2f4c40766b03b,4a14b3fdf51d13786a2e905526f21d4fe7601226e01da29583be8ff3210a7041,work/market-distribution-v1/artifacts/4a14b3fdf51d13786a2e905526f21d4fe7601226e01da29583be8ff3210a7041.json,-1.0,44.5,False,False,none,False,0.9443868739205526,0.0,eec35edb10ded38f
a721e89413850dd4b69a69a0,2026-09-06T21:08:59.798485+00:00,eec35edb10ded38f0500e83e9aaf8252f63479442c90d3b0d1ad36855ebf8efe,7e09efed7e12c659b82740b67ce2f9a1,1,2026-09-13T17:00:00Z,Houston Texans,Buffalo Bills,spreads,alternate_spreads,,-16.5,Buffalo Bills,16.5,fanduel,-2000,1.05,0.9402247639156768,1.263294002000563,2026-09-06T21:08:49Z,10.798485,conditional_non_push,0.8873920552677029,consensus_plus_empirical_residual_model,live_snapshot_not_T60,pinnacle,c5eb4a109a6a4fd8ae14e1fd,0.9287003206772195,0.9287003206772195,-1302.5308521696209,-697.4691478303791,2,OK,-1400,draftkings,-1400,False,False,1.0,closest_offered_consensus_to_50pct_no_interpolation,0.8873920552677029,-1211.9631901840492,0.0,0.8873920552677029,EMPIRICAL_RECONSTRUCTED_HISTORY,0897c49705a05c04d65f1c02a830bc8446166ee6750153b629f2f4c40766b03b,4a14b3fdf51d13786a2e905526f21d4fe7601226e01da29583be8ff3210a7041,work/market-distribution-v1/artifacts/4a14b3fdf51d13786a2e905526f21d4fe7601226e01da29583be8ff3210a7041.json,-1.0,44.5,False,False,none,False,0.9443868739205526,0.0,eec35edb10ded38f
3cc948fea2a93aad08729ed2,2026-09-06T21:08:59.798485+00:00,eec35edb10ded38f0500e83e9aaf8252f63479442c90d3b0d1ad36855ebf8efe,7e09efed7e12c659b82740b67ce2f9a1,1,2026-09-13T17:00:00Z,Houston Texans,Buffalo Bills,spreads,alternate_spreads,,16.5,Houston Texans,16.5,draftkings,-1060,1.0943396226415094,0.8958748886557721,1.2196691179527979,2026-09-06T21:08:19Z,40.798485,conditional_non_push,0.9174438687392056,consensus_plus_empirical_residual_model,live_snapshot_not_T60,pinnacle,14fe62e0de20551a1b8241c2,0.9154197022263793,0.9154197022263793,-1082.3084409994642,22.30844099946421,2,OK,-1060,draftkings,-1060,False,False,-1.0,closest_offered_consensus_to_50pct_no_interpolation,0.9174438687392056,51.297071129708,0.0,0.9174438687392056,EMPIRICAL_RECONSTRUCTED_HISTORY,0897c49705a05c04d65f1c02a830bc8446166ee6750153b629f2f4c40766b03b,4a14b3fdf51d13786a2e905526f21d4fe7601226e01da29583be8ff3210a7041,work/market-distribution-v1/artifacts/4a14b3fdf51d13786a2e905526f21d4fe7601226e01da29583be8ff3210a7041.json,-1.0,44.5,False,False,none,False,0.9675302245250432,0.0,eec35edb10ded38f
7cc1dc4a1d78e5ddbf8cab5b,2026-09-06T21:08:59.798485+00:00,eec35edb10ded38f0500e83e9aaf8252f63479442c90d3b0d1ad36855ebf8efe,7e09efed7e12c659b82740b67ce2f9a1,1,2026-09-13T17:00:00Z,Houston Texans,Buffalo Bills,spreads,alternate_spreads,,16.5,Houston Texans,16.5,fanduel,-1800,1.0555555555555556,0.9349645157969867,1.2437610044118093,2026-09-06T21:08:49Z,10.798485,conditional_non_push,0.9174438687392056,consensus_plus_empirical_residual_model,live_snapshot_not_T60,pinnacle,14fe62e0de20551a1b8241c2,0.9154197022263793,0.9154197022263793,-1082.3084409994642,-717.6915590005358,2,OK,-1060,draftkings,-1060,False,False,-1.0,closest_offered_consensus_to_50pct_no_interpolation,0.9174438687392056,-688.702928870292,0.0,0.9174438687392056,EMPIRICAL_RECONSTRUCTED_HISTORY,0897c49705a05c04d65f1c02a830bc8446166ee6750153b629f2f4c40766b03b,4a14b3fdf51d13786a2e905526f21d4fe7601226e01da29583be8ff3210a7041,work/market-distribution-v1/artifacts/4a14b3fdf51d13786a2e905526f21d4fe7601226e01da29583be8ff3210a7041.json,-1.0,44.5,False,False,none,False,0.9675302245250432,0.0,eec35edb10ded38f
9a7dbb82a6f6d1ae35a24d01,2026-09-06T21:08:59.798485+00:00,eec35edb10ded38f0500e83e9aaf8252f63479442c90d3b0d1ad36855ebf8efe,7e09efed7e12c659b82740b67ce2f9a1,1,2026-09-13T17:00:00Z,Houston Texans,Buffalo Bills,spreads,alternate_spreads,,-17.5,Buffalo Bills,17.5,draftkings,-1840,1.0543478260869565,0.9339408827526311,1.291365009443985,2026-09-06T21:08:19Z,40.798485,conditional_non_push,0.8974093264248705,consensus_plus_empirical_residual_model,live_snapshot_not_T60,pinnacle,65e233ba1c5546f215fe1167,0.9458090883640662,0.9458090883640662,-1745.3278784424497,-94.67212155755033,2,OK,-1840,draftkings,-1840,False,False,1.0,closest_offered_consensus_to_50pct_no_interpolation,0.8974093264248705,-965.2525252525251,0.0,0.8974093264248705,EMPIRICAL_RECONSTRUCTED_HISTORY,0897c49705a05c04d65f1c02a830bc8446166ee6750153b629f2f4c40766b03b,4a14b3fdf51d13786a2e905526f21d4fe7601226e01da29583be8ff3210a7041,work/market-distribution-v1/artifacts/4a14b3fdf51d13786a2e905526f21d4fe7601226e01da29583be8ff3210a7041.json,-1.0,44.5,False,False,none,False,0.9506044905008636,0.0,eec35edb10ded38f
ab5bbccbf68aa65831d9ecdc,2026-09-06T21:08:59.798485+00:00,eec35edb10ded38f0500e83e9aaf8252f63479442c90d3b0d1ad36855ebf8efe,7e09efed7e12c659b82740b67ce2f9a1,1,2026-09-13T17:00:00Z,Houston Texans,Buffalo Bills,spreads,alternate_spreads,,-17.5,Buffalo Bills,17.5,fanduel,-3000,1.0333333333333334,0.9576772939755013,1.3188363926369235,2026-09-06T21:08:49Z,10.798485,conditional_non_push,0.8974093264248705,consensus_plus_empirical_residual_model,live_snapshot_not_T60,pinnacle,65e233ba1c5546f215fe1167,0.9458090883640662,0.9458090883640662,-1745.3278784424497,-1254.6721215575503,2,OK,-1840,draftkings,-1840,False,False,1.0,closest_offered_consensus_to_50pct_no_interpolation,0.8974093264248705,-2125.252525252525,0.0,0.8974093264248705,EMPIRICAL_RECONSTRUCTED_HISTORY,0897c49705a05c04d65f1c02a830bc8446166ee6750153b629f2f4c40766b03b,4a14b3fdf51d13786a2e905526f21d4fe7601226e01da29583be8ff3210a7041,work/market-distribution-v1/artifacts/4a14b3fdf51d13786a2e905526f21d4fe7601226e01da29583be8ff3210a7041.json,-1.0,44.5,False,False,none,False,0.9506044905008636,0.0,eec35edb10ded38f
9510879e9d26488c4cd78399,2026-09-06T21:08:59.798485+00:00,eec35edb10ded38f0500e83e9aaf8252f63479442c90d3b0d1ad36855ebf8efe,7e09efed7e12c659b82740b67ce2f9a1,1,2026-09-13T17:00:00Z,Houston Texans,Buffalo Bills,spreads,alternate_spreads,,17.5,Houston Texans,17.5,draftkings,-1360,1.0735294117647058,0.915152569343753,1.2496450430619341,2026-09-06T21:08:19Z,40.798485,conditional_non_push,0.9288428324697755,consensus_plus_empirical_residual_model,live_snapshot_not_T60,pinnacle,a92b071fbbb3fb8e97593665,0.9326716935025785,0.9326716935025785,-1385.259398345772,25.25939834577207,2,OK,-1360,draftkings,-1360,False,False,-1.0,closest_offered_consensus_to_50pct_no_interpolation,0.9288428324697755,-54.660194174756725,0.0,0.9288428324697755,EMPIRICAL_RECONSTRUCTED_HISTORY,0897c49705a05c04d65f1c02a830bc8446166ee6750153b629f2f4c40766b03b,4a14b3fdf51d13786a2e905526f21d4fe7601226e01da29583be8ff3210a7041,work/market-distribution-v1/artifacts/4a14b3fdf51d13786a2e905526f21d4fe7601226e01da29583be8ff3210a7041.json,-1.0,44.5,False,False,none,False,0.9720207253886011,0.0,eec35edb10ded38f
6976e09b2a4a5ee531350c8a,2026-09-06T21:08:59.798485+00:00,eec35edb10ded38f0500e83e9aaf8252f63479442c90d3b0d1ad36855ebf8efe,7e09efed7e12c659b82740b67ce2f9a1,1,2026-09-13T17:00:00Z,Houston Texans,Buffalo Bills,spreads,alternate_spreads,,17.5,Houston Texans,17.5,fanduel,-2500,1.04,0.9501908176614043,1.302690587533839,2026-09-06T21:08:49Z,10.798485,conditional_non_push,0.9288428324697755,consensus_plus_empirical_residual_model,live_snapshot_not_T60,pinnacle,a92b071fbbb3fb8e97593665,0.9326716935025785,0.9326716935025785,-1385.259398345772,-1114.740601654228,2,OK,-1360,draftkings,-1360,False,False,-1.0,closest_offered_consensus_to_50pct_no_interpolation,0.9288428324697755,-1194.6601941747567,0.0,0.9288428324697755,EMPIRICAL_RECONSTRUCTED_HISTORY,0897c49705a05c04d65f1c02a830bc8446166ee6750153b629f2f4c40766b03b,4a14b3fdf51d13786a2e905526f21d4fe7601226e01da29583be8ff3210a7041,work/market-distribution-v1/artifacts/4a14b3fdf51d13786a2e905526f21d4fe7601226e01da29583be8ff3210a7041.json,-1.0,44.5,False,False,none,False,0.9720207253886011,0.0,eec35edb10ded38f
155d75b9bf9cc7198cbaa502,2026-09-06T21:08:59.798485+00:00,eec35edb10ded38f0500e83e9aaf8252f63479442c90d3b0d1ad36855ebf8efe,7e09efed7e12c659b82740b67ce2f9a1,1,2026-09-13T17:00:00Z,Houston Texans,Buffalo Bills,spreads,alternate_spreads,,-18.5,Buffalo Bills,18.5,draftkings,-2400,1.0416666666666667,0.9469156469295308,1.336173413289882,2026-09-06T21:08:19Z,40.798485,conditional_non_push,0.9094991364421416,consensus_plus_empirical_residual_model,live_snapshot_not_T60,pinnacle,47abecd041cfbd9c0deb82a4,0.9548871289868961,0.9548871289868961,-2116.662290700875,-283.337709299125,2,OK,-2400,draftkings,-2400,False,False,1.0,closest_offered_consensus_to_50pct_no_interpolation,0.9094991364421416,-1395.038167938931,0.0,0.9094991364421416,EMPIRICAL_RECONSTRUCTED_HISTORY,0897c49705a05c04d65f1c02a830bc8446166ee6750153b629f2f4c40766b03b,4a14b3fdf51d13786a2e905526f21d4fe7601226e01da29583be8ff3210a7041,work/market-distribution-v1/artifacts/4a14b3fdf51d13786a2e905526f21d4fe7601226e01da29583be8ff3210a7041.json,-1.0,44.5,False,False,none,False,0.957167530224525,0.0,eec35edb10ded38f
c2fae55f499080518f76e2a4,2026-09-06T21:08:59.798485+00:00,eec35edb10ded38f0500e83e9aaf8252f63479442c90d3b0d1ad36855ebf8efe,7e09efed7e12c659b82740b67ce2f9a1,1,2026-09-13T17:00:00Z,Houston Texans,Buffalo Bills,spreads,alternate_spreads,,-18.5,Buffalo Bills,18.5,fanduel,-3500,1.0285714285714285,0.9628586110442617,1.3435399740514984,2026-09-06T21:08:49Z,10.798485,conditional_non_push,0.9094991364421416,consensus_plus_empirical_residual_model,live_snapshot_not_T60,pinnacle,47abecd041cfbd9c0deb82a4,0.9548871289868961,0.9548871289868961,-2116.662290700875,-1383.337709299125,2,OK,-2400,draftkings,-2400,False,False,1.0,closest_offered_consensus_to_50pct_no_interpolation,0.9094991364421416,-2495.038167938931,0.0,0.9094991364421416,EMPIRICAL_RECONSTRUCTED_HISTORY,0897c49705a05c04d65f1c02a830bc8446166ee6750153b629f2f4c40766b03b,4a14b3fdf51d13786a2e905526f21d4fe7601226e01da29583be8ff3210a7041,work/market-distribution-v1/artifacts/4a14b3fdf51d13786a2e905526f21d4fe7601226e01da29583be8ff3210a7041.json,-1.0,44.5,False,False,none,False,0.957167530224525,0.0,eec35edb10ded38f
ba2af55ebd68d55694c01a3c,2026-09-06T21:08:59.798485+00:00,eec35edb10ded38f0500e83e9aaf8252f63479442c90d3b0d1ad36855ebf8efe,7e09efed7e12c659b82740b67ce2f9a1,1,2026-09-13T17:00:00Z,Houston Texans,Buffalo Bills,spreads,alternate_spreads,,18.5,Houston Texans,18.5,draftkings,-1620,1.0617283950617284,0.9266490584949078,1.2718318258203616,2026-09-06T21:08:19Z,40.798485,conditional_non_push,0.9374784110535406,consensus_plus_empirical_residual_model,live_snapshot_not_T60,pinnacle,eef036d779bbb157039f6ed8,0.9447538347695847,0.9447538347695847,-1710.0803844561856,90.08038445618558,2,OK,-1620,draftkings,-1620,False,False,-1.0,closest_offered_consensus_to_50pct_no_interpolation,0.9374784110535406,-120.55248618784572,0.0,0.9374784110535406,EMPIRICAL_RECONSTRUCTED_HISTORY,0897c49705a05c04d65f1c02a830bc8446166ee6750153b629f2f4c40766b03b,4a14b3fdf51d13786a2e905526f21d4fe7601226e01da29583be8ff3210a7041,work/market-distribution-v1/artifacts/4a14b3fdf51d13786a2e905526f21d4fe7601226e01da29583be8ff3210a7041.json,-1.0,44.5,False,False,none,False,0.9761658031088083,0.0,eec35edb10ded38f
c511a9420468cf7af7f9904a,2026-09-06T21:08:59.798485+00:00,eec35edb10ded38f0500e83e9aaf8252f63479442c90d3b0d1ad36855ebf8efe,7e09efed7e12c659b82740b67ce2f9a1,1,2026-09-13T17:00:00Z,Houston Texans,Buffalo Bills,spreads,alternate_spreads,,18.5,Houston Texans,18.5,fanduel,-3500,1.0285714285714285,0.9628586110442617,1.3435399740514984,2026-09-06T21:08:49Z,10.798485,conditional_non_push,0.9374784110535406,consensus_plus_empirical_residual_model,live_snapshot_not_T60,pinnacle,eef036d779bbb157039f6ed8,0.9447538347695847,0.9447538347695847,-1710.0803844561856,-1789.9196155438144,2,OK,-1620,draftkings,-1620,False,False,-1.0,closest_offered_consensus_to_50pct_no_interpolation,0.9374784110535406,-2000.5524861878457,0.0,0.9374784110535406,EMPIRICAL_RECONSTRUCTED_HISTORY,0897c49705a05c04d65f1c02a830bc8446166ee6750153b629f2f4c40766b03b,4a14b3fdf51d13786a2e905526f21d4fe7601226e01da29583be8ff3210a7041,work/market-distribution-v1/artifacts/4a14b3fdf51d13786a2e905526f21d4fe7601226e01da29583be8ff3210a7041.json,-1.0,44.5,False,False,none,False,0.9761658031088083,0.0,eec35edb10ded38f
c5d1ce8e2f1603559d5a9e22,2026-09-06T21:08:59.798485+00:00,eec35edb10ded38f0500e83e9aaf8252f63479442c90d3b0d1ad36855ebf8efe,7e09efed7e12c659b82740b67ce2f9a1,1,2026-09-13T17:00:00Z,Houston Texans,Buffalo Bills,spreads,alternate_spreads,,-19.5,Buffalo Bills,19.5,draftkings,-2800,1.0357142857142858,0.9535079892886376,1.3566738248933987,2026-09-06T21:08:19Z,40.798485,conditional_non_push,0.9198618307426598,consensus_plus_empirical_residual_model,live_snapshot_not_T60,pinnacle,ddf524ed460f760843e2c2df,0.9619101950423176,0.9619101950423176,-2525.3744305359255,-274.6255694640745,2,OK,-2800,draftkings,-2800,False,False,1.0,closest_offered_consensus_to_50pct_no_interpolation,0.9198618307426598,-1652.1551724137923,0.0,0.9198618307426598,EMPIRICAL_RECONSTRUCTED_HISTORY,0897c49705a05c04d65f1c02a830bc8446166ee6750153b629f2f4c40766b03b,4a14b3fdf51d13786a2e905526f21d4fe7601226e01da29583be8ff3210a7041,work/market-distribution-v1/artifacts/4a14b3fdf51d13786a2e905526f21d4fe7601226e01da29583be8ff3210a7041.json,-1.0,44.5,False,False,none,False,0.9620034542314335,0.0,eec35edb10ded38f
ec5209a180e2e174c3c5300b,2026-09-06T21:08:59.798485+00:00,eec35edb10ded38f0500e83e9aaf8252f63479442c90d3b0d1ad36855ebf8efe,7e09efed7e12c659b82740b67ce2f9a1,1,2026-09-13T17:00:00Z,Houston Texans,Buffalo Bills,spreads,alternate_spreads,,-19.5,Buffalo Bills,19.5,fanduel,-4500,1.0222222222222221,0.9703124007959976,1.3711872498976208,2026-09-06T21:08:49Z,10.798485,conditional_non_push,0.9198618307426598,consensus_plus_empirical_residual_model,live_snapshot_not_T60,pinnacle,ddf524ed460f760843e2c2df,0.9619101950423176,0.9619101950423176,-2525.3744305359255,-1974.6255694640745,2,OK,-2800,draftkings,-2800,False,False,1.0,closest_offered_consensus_to_50pct_no_interpolation,0.9198618307426598,-3352.1551724137926,0.0,0.9198618307426598,EMPIRICAL_RECONSTRUCTED_HISTORY,0897c49705a05c04d65f1c02a830bc8446166ee6750153b629f2f4c40766b03b,4a14b3fdf51d13786a2e905526f21d4fe7601226e01da29583be8ff3210a7041,work/market-distribution-v1/artifacts/4a14b3fdf51d13786a2e905526f21d4fe7601226e01da29583be8ff3210a7041.json,-1.0,44.5,False,False,none,False,0.9620034542314335,0.0,eec35edb10ded38f
50435d753892a947c0d55eb1,2026-09-06T21:08:59.798485+00:00,eec35edb10ded38f0500e83e9aaf8252f63479442c90d3b0d1ad36855ebf8efe,7e09efed7e12c659b82740b67ce2f9a1,1,2026-09-13T17:00:00Z,Houston Texans,Buffalo Bills,spreads,alternate_spreads,,19.5,Houston Texans,19.5,draftkings,-1860,1.053763440860215,0.9347033184509483,1.2894539640644664,2026-09-06T21:08:19Z,40.798485,conditional_non_push,0.94853195164076,consensus_plus_empirical_residual_model,live_snapshot_not_T60,pinnacle,e88ceed76dc63b7a293ea89c,0.9507239012964576,0.9507239012964576,-1929.3814370659795,69.38143706597953,2,OK,-1860,draftkings,-1860,False,False,-1.0,closest_offered_consensus_to_50pct_no_interpolation,0.94853195164076,-17.0469798657698,0.0,0.94853195164076,EMPIRICAL_RECONSTRUCTED_HISTORY,0897c49705a05c04d65f1c02a830bc8446166ee6750153b629f2f4c40766b03b,4a14b3fdf51d13786a2e905526f21d4fe7601226e01da29583be8ff3210a7041,work/market-distribution-v1/artifacts/4a14b3fdf51d13786a2e905526f21d4fe7601226e01da29583be8ff3210a7041.json,-1.0,44.5,False,False,none,False,0.9782383419689119,0.0,eec35edb10ded38f
7c71f12fb4ae106ee6f0bc48,2026-09-06T21:08:59.798485+00:00,eec35edb10ded38f0500e83e9aaf8252f63479442c90d3b0d1ad36855ebf8efe,7e09efed7e12c659b82740b67ce2f9a1,1,2026-09-13T17:00:00Z,Houston Texans,Buffalo Bills,spreads,alternate_spreads,,19.5,Houston Texans,19.5,fanduel,-4000,1.025,0.9667444841419672,1.3696830967319413,2026-09-06T21:08:49Z,10.798485,conditional_non_push,0.94853195164076,consensus_plus_empirical_residual_model,live_snapshot_not_T60,pinnacle,e88ceed76dc63b7a293ea89c,0.9507239012964576,0.9507239012964576,-1929.3814370659795,-2070.6185629340207,2,OK,-1860,draftkings,-1860,False,False,-1.0,closest_offered_consensus_to_50pct_no_interpolation,0.94853195164076,-2157.0469798657696,0.0,0.94853195164076,EMPIRICAL_RECONSTRUCTED_HISTORY,0897c49705a05c04d65f1c02a830bc8446166ee6750153b629f2f4c40766b03b,4a14b3fdf51d13786a2e905526f21d4fe7601226e01da29583be8ff3210a7041,work/market-distribution-v1/artifacts/4a14b3fdf51d13786a2e905526f21d4fe7601226e01da29583be8ff3210a7041.json,-1.0,44.5,False,False,none,False,0.9782383419689119,0.0,eec35edb10ded38f
3c0ffc4b2f905da71ee75c07,2026-09-06T21:08:59.798485+00:00,eec35edb10ded38f0500e83e9aaf8252f63479442c90d3b0d1ad36855ebf8efe,7e09efed7e12c659b82740b67ce2f9a1,1,2026-09-13T17:00:00Z,Houston Texans,Buffalo Bills,spreads,alternate_spreads,,-2.0,Buffalo Bills,2.0,pinnacle,-125,1.8,0.5380414807237437,1.0544975874516598,2026-09-06T21:08:57Z,2.798485,conditional_non_push,0.5454545454545455,consensus_plus_empirical_residual_model,live_snapshot_not_T60,pinnacle,50819acaabb468ccaa04d77c,0.5380414807237437,0.5380414807237437,-116.46965220312106,-8.530347796878942,1,FEWER_THAN_TWO_BOOKS,-125,pinnacle,,False,False,1.0,closest_offered_consensus_to_50pct_no_interpolation,0.5454545454545455,-4.999999999999957,0.0386873920552677,0.5243523316062176,EMPIRICAL_RECONSTRUCTED_HISTORY,0897c49705a05c04d65f1c02a830bc8446166ee6750153b629f2f4c40766b03b,4a14b3fdf51d13786a2e905526f21d4fe7601226e01da29583be8ff3210a7041,work/market-distribution-v1/artifacts/4a14b3fdf51d13786a2e905526f21d4fe7601226e01da29583be8ff3210a7041.json,-1.0,44.5,False,False,none,True,0.7119170984455958,0.028670120898100174,eec35edb10ded38f
622c7ad2f6043621183044bd,2026-09-06T21:08:59.798485+00:00,eec35edb10ded38f0500e83e9aaf8252f63479442c90d3b0d1ad36855ebf8efe,7e09efed7e12c659b82740b67ce2f9a1,1,2026-09-13T17:00:00Z,Houston Texans,Buffalo Bills,spreads,alternate_spreads,,2.0,Houston Texans,2.0,pinnacle,-130,1.7692307692307692,0.548657768240456,1.0521178061805254,2026-09-06T21:08:57Z,2.798485,conditional_non_push,0.5943161634103019,consensus_plus_empirical_residual_model,live_snapshot_not_T60,pinnacle,bebf40c8d4a70c69116de6d1,0.548657768240456,0.548657768240456,-121.56136289341467,-8.438637106585333,1,FEWER_THAN_TWO_BOOKS,-130,pinnacle,,False,False,-1.0,closest_offered_consensus_to_50pct_no_interpolation,0.5943161634103019,16.49737302977232,0.027633851468048358,0.5778929188255613,EMPIRICAL_RECONSTRUCTED_HISTORY,0897c49705a05c04d65f1c02a830bc8446166ee6750153b629f2f4c40766b03b,4a14b3fdf51d13786a2e905526f21d4fe7601226e01da29583be8ff3210a7041,work/market-distribution-v1/artifacts/4a14b3fdf51d13786a2e905526f21d4fe7601226e01da29583be8ff3210a7041.json,-1.0,44.5,False,False,none,True,0.7523316062176166,0.022797927461139896,eec35edb10ded38f
aac21cbe6bb23a694bc5e625,2026-09-06T21:08:59.798485+00:00,eec35edb10ded38f0500e83e9aaf8252f63479442c90d3b0d1ad36855ebf8efe,7e09efed7e12c659b82740b67ce2f9a1,1,2026-09-13T17:00:00Z,Houston Texans,Buffalo Bills,spreads,alternate_spreads,,-2.5,Buffalo Bills,2.5,draftkings,-153,1.65359477124183,0.5712725458809594,1.113206332955353,2026-09-06T21:08:19Z,40.798485,conditional_non_push,0.5630397236614854,consensus_plus_empirical_residual_model,live_snapshot_not_T60,pinnacle,f8b6cda974e377cb1b9e6998,0.5652468649221858,0.5652468649221858,-130.0155926008481,-22.984407399151905,2,OK,-142,fanduel,-142,False,False,1.0,closest_offered_consensus_to_50pct_no_interpolation,0.5630397236614854,-24.146245059288532,0.0,0.5630397236614854,EMPIRICAL_RECONSTRUCTED_HISTORY,0897c49705a05c04d65f1c02a830bc8446166ee6750153b629f2f4c40766b03b,4a14b3fdf51d13786a2e905526f21d4fe7601226e01da29583be8ff3210a7041,work/market-distribution-v1/artifacts/4a14b3fdf51d13786a2e905526f21d4fe7601226e01da29583be8ff3210a7041.json,-1.0,44.5,False,False,none,True,0.740587219343696,0.0,eec35edb10ded38f
7f7ae08e6948747ffaa2759c,2026-09-06T21:08:59.798485+00:00,eec35edb10ded38f0500e83e9aaf8252f63479442c90d3b0d1ad36855ebf8efe,7e09efed7e12c659b82740b67ce2f9a1,1,2026-09-13T17:00:00Z,Houston Texans,Buffalo Bills,spreads,alternate_spreads,,-2.5,Buffalo Bills,2.5,fanduel,-142,1.704225352112676,0.5592211839634121,1.0902243013272415,2026-09-06T21:08:49Z,10.798485,conditional_non_push,0.5630397236614854,consensus_plus_empirical_residual_model,live_snapshot_not_T60,pinnacle,f8b6cda974e377cb1b9e6998,0.5652468649221858,0.5652468649221858,-130.0155926008481,-11.984407399151905,2,OK,-142,fanduel,-142,False,False,1.0,closest_offered_consensus_to_50pct_no_interpolation,0.5630397236614854,-13.146245059288532,0.0,0.5630397236614854,EMPIRICAL_RECONSTRUCTED_HISTORY,0897c49705a05c04d65f1c02a830bc8446166ee6750153b629f2f4c40766b03b,4a14b3fdf51d13786a2e905526f21d4fe7601226e01da29583be8ff3210a7041,work/market-distribution-v1/artifacts/4a14b3fdf51d13786a2e905526f21d4fe7601226e01da29583be8ff3210a7041.json,-1.0,44.5,False,False,none,True,0.740587219343696,0.0,eec35edb10ded38f
b600ddf9e8d61d1bde57dd8a,2026-09-06T21:08:59.798485+00:00,eec35edb10ded38f0500e83e9aaf8252f63479442c90d3b0d1ad36855ebf8efe,7e09efed7e12c659b82740b67ce2f9a1,1,2026-09-13T17:00:00Z,Houston Texans,Buffalo Bills,spreads,alternate_spreads,,2.5,Houston Texans,2.5,draftkings,-134,1.7462686567164178,0.5389142706646186,1.1089138886072392,2026-09-06T21:08:19Z,40.798485,conditional_non_push,0.6055267702936097,consensus_plus_empirical_residual_model,live_snapshot_not_T60,pinnacle,4e66c076fe206f4a8f7f83e5,0.5592211839634121,0.5592211839634121,-126.87115705601258,-7.128842943987422,3,OK,-134,draftkings,-134,True,True,-1.0,closest_offered_consensus_to_50pct_no_interpolation,0.6055267702936097,19.50262697022768,0.0,0.6055267702936097,EMPIRICAL_RECONSTRUCTED_HISTORY,0897c49705a05c04d65f1c02a830bc8446166ee6750153b629f2f4c40766b03b,4a14b3fdf51d13786a2e905526f21d4fe7601226e01da29583be8ff3210a7041,work/market-distribution-v1/artifacts/4a14b3fdf51d13786a2e905526f21d4fe7601226e01da29583be8ff3210a7041.json,-1.0,44.5,False,True,model,True,0.7751295336787565,0.0,eec35edb10ded38f
4e698caaaa4faf31d7cacfa4,2026-09-06T21:08:59.798485+00:00,eec35edb10ded38f0500e83e9aaf8252f63479442c90d3b0d1ad36855ebf8efe,7e09efed7e12c659b82740b67ce2f9a1,1,2026-09-13T17:00:00Z,Houston Texans,Buffalo Bills,spreads,alternate_spreads,,2.5,Houston Texans,2.5,fanduel,-142,1.704225352112676,0.5592211839634121,1.0902243013272415,2026-09-06T21:08:49Z,10.798485,conditional_non_push,0.6055267702936097,consensus_plus_empirical_residual_model,live_snapshot_not_T60,pinnacle,4e66c076fe206f4a8f7f83e5,0.5592211839634121,0.5592211839634121,-126.87115705601258,-15.128842943987422,3,OK,-134,draftkings,-134,True,True,-1.0,closest_offered_consensus_to_50pct_no_interpolation,0.6055267702936097,11.50262697022768,0.0,0.6055267702936097,EMPIRICAL_RECONSTRUCTED_HISTORY,0897c49705a05c04d65f1c02a830bc8446166ee6750153b629f2f4c40766b03b,4a14b3fdf51d13786a2e905526f21d4fe7601226e01da29583be8ff3210a7041,work/market-distribution-v1/artifacts/4a14b3fdf51d13786a2e905526f21d4fe7601226e01da29583be8ff3210a7041.json,-1.0,44.5,False,True,model,True,0.7751295336787565,0.0,eec35edb10ded38f
f8c0021f6ef6e5674e07cd60,2026-09-06T21:08:59.798485+00:00,eec35edb10ded38f0500e83e9aaf8252f63479442c90d3b0d1ad36855ebf8efe,7e09efed7e12c659b82740b67ce2f9a1,1,2026-09-13T17:00:00Z,Houston Texans,Buffalo Bills,spreads,alternate_spreads,,2.5,Houston Texans,2.5,pinnacle,-138,1.7246376811594204,0.5626799564140359,1.0550942184785845,2026-09-06T21:08:57Z,2.798485,conditional_non_push,0.6055267702936097,consensus_plus_empirical_residual_model,live_snapshot_not_T60,pinnacle,4e66c076fe206f4a8f7f83e5,0.5592211839634121,0.5592211839634121,-126.87115705601258,-11.128842943987422,3,OK,-134,draftkings,-134,False,False,-1.0,closest_offered_consensus_to_50pct_no_interpolation,0.6055267702936097,15.50262697022768,0.0,0.6055267702936097,EMPIRICAL_RECONSTRUCTED_HISTORY,0897c49705a05c04d65f1c02a830bc8446166ee6750153b629f2f4c40766b03b,4a14b3fdf51d13786a2e905526f21d4fe7601226e01da29583be8ff3210a7041,work/market-distribution-v1/artifacts/4a14b3fdf51d13786a2e905526f21d4fe7601226e01da29583be8ff3210a7041.json,-1.0,44.5,False,False,none,True,0.7751295336787565,0.0,eec35edb10ded38f
87a91df47fc00daf9fe91dd6,2026-09-06T21:08:59.798485+00:00,eec35edb10ded38f0500e83e9aaf8252f63479442c90d3b0d1ad36855ebf8efe,7e09efed7e12c659b82740b67ce2f9a1,1,2026-09-13T17:00:00Z,Houston Texans,Buffalo Bills,spreads,alternate_spreads,,-20.5,Buffalo Bills,20.5,draftkings,-3800,1.0263157894736843,0.9638448220759888,1.4176816444416502,2026-09-06T21:08:19Z,40.798485,conditional_non_push,0.9260794473229707,consensus_plus_empirical_residual_model,live_snapshot_not_T60,pinnacle,45f189fea70d1d3118684f67,0.9685251712249123,0.9685251712249123,-3077.1419858890545,-722.8580141109455,2,OK,-3800,draftkings,-3800,False,False,1.0,closest_offered_consensus_to_50pct_no_interpolation,0.9260794473229707,-2547.196261682243,0.0,0.9260794473229707,EMPIRICAL_RECONSTRUCTED_HISTORY,0897c49705a05c04d65f1c02a830bc8446166ee6750153b629f2f4c40766b03b,4a14b3fdf51d13786a2e905526f21d4fe7601226e01da29583be8ff3210a7041,work/market-distribution-v1/artifacts/4a14b3fdf51d13786a2e905526f21d4fe7601226e01da29583be8ff3210a7041.json,-1.0,44.5,False,False,none,False,0.9689119170984456,0.0,eec35edb10ded38f
956e987ae0c4ecf7cd63ed5d,2026-09-06T21:08:59.798485+00:00,eec35edb10ded38f0500e83e9aaf8252f63479442c90d3b0d1ad36855ebf8efe,7e09efed7e12c659b82740b67ce2f9a1,1,2026-09-13T17:00:00Z,Houston Texans,Buffalo Bills,spreads,alternate_spreads,,-20.5,Buffalo Bills,20.5,fanduel,-5000,1.02,0.9732055203738359,1.371534962944137,2026-09-06T21:08:49Z,10.798485,conditional_non_push,0.9260794473229707,consensus_plus_empirical_residual_model,live_snapshot_not_T60,pinnacle,45f189fea70d1d3118684f67,0.9685251712249123,0.9685251712249123,-3077.1419858890545,-1922.8580141109455,2,OK,-3800,draftkings,-3800,False,False,1.0,closest_offered_consensus_to_50pct_no_interpolation,0.9260794473229707,-3747.196261682243,0.0,0.9260794473229707,EMPIRICAL_RECONSTRUCTED_HISTORY,0897c49705a05c04d65f1c02a830bc8446166ee6750153b629f2f4c40766b03b,4a14b3fdf51d13786a2e905526f21d4fe7601226e01da29583be8ff3210a7041,work/market-distribution-v1/artifacts/4a14b3fdf51d13786a2e905526f21d4fe7601226e01da29583be8ff3210a7041.json,-1.0,44.5,False,False,none,False,0.9689119170984456,0.0,eec35edb10ded38f
4ed9648ef436b3a1665bd051,2026-09-06T21:08:59.798485+00:00,eec35edb10ded38f0500e83e9aaf8252f63479442c90d3b0d1ad36855ebf8efe,7e09efed7e12c659b82740b67ce2f9a1,1,2026-09-13T17:00:00Z,Houston Texans,Buffalo Bills,spreads,alternate_spreads,,20.5,Houston Texans,20.5,draftkings,-2300,1.0434782608695652,0.9450728232969396,1.3273920250241056,2026-09-06T21:08:19Z,40.798485,conditional_non_push,0.9582037996545768,consensus_plus_empirical_residual_model,live_snapshot_not_T60,pinnacle,da922d927703ded748a63565,0.9591391718353878,0.9591391718353878,-2347.331698641527,47.331698641527055,2,OK,-2300,draftkings,-2300,False,False,-1.0,closest_offered_consensus_to_50pct_no_interpolation,0.9582037996545768,-7.438016528928529,0.0,0.9582037996545768,EMPIRICAL_RECONSTRUCTED_HISTORY,0897c49705a05c04d65f1c02a830bc8446166ee6750153b629f2f4c40766b03b,4a14b3fdf51d13786a2e905526f21d4fe7601226e01da29583be8ff3210a7041,work/market-distribution-v1/artifacts/4a14b3fdf51d13786a2e905526f21d4fe7601226e01da29583be8ff3210a7041.json,-1.0,44.5,False,False,none,False,0.9803108808290155,0.0,eec35edb10ded38f
dc2366f1e67859a84bd3939f,2026-09-06T21:08:59.798485+00:00,eec35edb10ded38f0500e83e9aaf8252f63479442c90d3b0d1ad36855ebf8efe,7e09efed7e12c659b82740b67ce2f9a1,1,2026-09-13T17:00:00Z,Houston Texans,Buffalo Bills,spreads,alternate_spreads,,20.5,Houston Texans,20.5,fanduel,-5000,1.02,0.9732055203738359,1.371534962944137,2026-09-06T21:08:49Z,10.798485,conditional_non_push,0.9582037996545768,consensus_plus_empirical_residual_model,live_snapshot_not_T60,pinnacle,da922d927703ded748a63565,0.9591391718353878,0.9591391718353878,-2347.331698641527,-2652.668301358473,2,OK,-2300,draftkings,-2300,False,False,-1.0,closest_offered_consensus_to_50pct_no_interpolation,0.9582037996545768,-2707.4380165289285,0.0,0.9582037996545768,EMPIRICAL_RECONSTRUCTED_HISTORY,0897c49705a05c04d65f1c02a830bc8446166ee6750153b629f2f4c40766b03b,4a14b3fdf51d13786a2e905526f21d4fe7601226e01da29583be8ff3210a7041,work/market-distribution-v1/artifacts/4a14b3fdf51d13786a2e905526f21d4fe7601226e01da29583be8ff3210a7041.json,-1.0,44.5,False,False,none,False,0.9803108808290155,0.0,eec35edb10ded38f
fc72482aee5f902b5e790be0,2026-09-06T21:08:59.798485+00:00,eec35edb10ded38f0500e83e9aaf8252f63479442c90d3b0d1ad36855ebf8efe,7e09efed7e12c659b82740b67ce2f9a1,1,2026-09-13T17:00:00Z,Houston Texans,Buffalo Bills,spreads,alternate_spreads,,-21.5,Buffalo Bills,21.5,draftkings,-6400,1.015625,0.9766694066414638,1.522624882857384,2026-09-06T21:08:19Z,40.798485,conditional_non_push,0.9357512953367876,consensus_plus_empirical_residual_model,live_snapshot_not_T60,pinnacle,fa8b1a79b673a0fa9d0d7e2c,0.978408581623198,0.978408581623198,-4531.469700362103,-1868.5302996378969,2,OK,-6400,draftkings,-6400,False,False,1.0,closest_offered_consensus_to_50pct_no_interpolation,0.9357512953367876,-4943.548387096774,0.0,0.9357512953367876,EMPIRICAL_RECONSTRUCTED_HISTORY,0897c49705a05c04d65f1c02a830bc8446166ee6750153b629f2f4c40766b03b,4a14b3fdf51d13786a2e905526f21d4fe7601226e01da29583be8ff3210a7041,work/market-distribution-v1/artifacts/4a14b3fdf51d13786a2e905526f21d4fe7601226e01da29583be8ff3210a7041.json,-1.0,44.5,False,False,none,False,0.9734024179620034,0.0,eec35edb10ded38f
687cf18e1d63e52b24b498f4,2026-09-06T21:08:59.798485+00:00,eec35edb10ded38f0500e83e9aaf8252f63479442c90d3b0d1ad36855ebf8efe,7e09efed7e12c659b82740b67ce2f9a1,1,2026-09-13T17:00:00Z,Houston Texans,Buffalo Bills,spreads,alternate_spreads,,-21.5,Buffalo Bills,21.5,fanduel,-7000,1.0142857142857142,0.9801477566049323,1.4136385355001044,2026-09-06T21:08:49Z,10.798485,conditional_non_push,0.9357512953367876,consensus_plus_empirical_residual_model,live_snapshot_not_T60,pinnacle,fa8b1a79b673a0fa9d0d7e2c,0.978408581623198,0.978408581623198,-4531.469700362103,-2468.530299637897,2,OK,-6400,draftkings,-6400,False,False,1.0,closest_offered_consensus_to_50pct_no_interpolation,0.9357512953367876,-5543.548387096774,0.0,0.9357512953367876,EMPIRICAL_RECONSTRUCTED_HISTORY,0897c49705a05c04d65f1c02a830bc8446166ee6750153b629f2f4c40766b03b,4a14b3fdf51d13786a2e905526f21d4fe7601226e01da29583be8ff3210a7041,work/market-distribution-v1/artifacts/4a14b3fdf51d13786a2e905526f21d4fe7601226e01da29583be8ff3210a7041.json,-1.0,44.5,False,False,none,False,0.9734024179620034,0.0,eec35edb10ded38f
d45e858884ee650f0da1346f,2026-09-06T21:08:59.798485+00:00,eec35edb10ded38f0500e83e9aaf8252f63479442c90d3b0d1ad36855ebf8efe,7e09efed7e12c659b82740b67ce2f9a1,1,2026-09-13T17:00:00Z,Houston Texans,Buffalo Bills,spreads,alternate_spreads,,21.5,Houston Texans,21.5,draftkings,-3400,1.0294117647058822,0.9603491435023662,1.395716016454097,2026-09-06T21:08:19Z,40.798485,conditional_non_push,0.9647668393782384,consensus_plus_empirical_residual_model,live_snapshot_not_T60,pinnacle,755aa8c58b960b15cf079369,0.970248450053649,0.970248450053649,-3261.1694241249083,-138.83057587509165,2,OK,-3400,draftkings,-3400,False,False,-1.0,closest_offered_consensus_to_50pct_no_interpolation,0.9647668393782384,-661.7647058823504,0.0,0.9647668393782384,EMPIRICAL_RECONSTRUCTED_HISTORY,0897c49705a05c04d65f1c02a830bc8446166ee6750153b629f2f4c40766b03b,4a14b3fdf51d13786a2e905526f21d4fe7601226e01da29583be8ff3210a7041,work/market-distribution-v1/artifacts/4a14b3fdf51d13786a2e905526f21d4fe7601226e01da29583be8ff3210a7041.json,-1.0,44.5,False,False,none,False,0.983419689119171,0.0,eec35edb10ded38f
40d92426bbe5571eff83999d,2026-09-06T21:08:59.798485+00:00,eec35edb10ded38f0500e83e9aaf8252f63479442c90d3b0d1ad36855ebf8efe,7e09efed7e12c659b82740b67ce2f9a1,1,2026-09-13T17:00:00Z,Houston Texans,Buffalo Bills,spreads,alternate_spreads,,21.5,Houston Texans,21.5,fanduel,-7000,1.0142857142857142,0.9801477566049323,1.4136385355001044,2026-09-06T21:08:49Z,10.798485,conditional_non_push,0.9647668393782384,consensus_plus_empirical_residual_model,live_snapshot_not_T60,pinnacle,755aa8c58b960b15cf079369,0.970248450053649,0.970248450053649,-3261.1694241249083,-3738.8305758750917,2,OK,-3400,draftkings,-3400,False,False,-1.0,closest_offered_consensus_to_50pct_no_interpolation,0.9647668393782384,-4261.76470588235,0.0,0.9647668393782384,EMPIRICAL_RECONSTRUCTED_HISTORY,0897c49705a05c04d65f1c02a830bc8446166ee6750153b629f2f4c40766b03b,4a14b3fdf51d13786a2e905526f21d4fe7601226e01da29583be8ff3210a7041,work/market-distribution-v1/artifacts/4a14b3fdf51d13786a2e905526f21d4fe7601226e01da29583be8ff3210a7041.json,-1.0,44.5,False,False,none,False,0.983419689119171,0.0,eec35edb10ded38f
f723182f161d130bc3a20031,2026-09-06T21:08:59.798485+00:00,eec35edb10ded38f0500e83e9aaf8252f63479442c90d3b0d1ad36855ebf8efe,7e09efed7e12c659b82740b67ce2f9a1,1,2026-09-13T17:00:00Z,Houston Texans,Buffalo Bills,spreads,alternate_spreads,,-22.5,Buffalo Bills,22.5,draftkings,-9200,1.0108695652173914,0.9827241261864679,1.6119672773143825,2026-09-06T21:08:19Z,40.798485,conditional_non_push,0.9443868739205526,consensus_plus_empirical_residual_model,live_snapshot_not_T60,pinnacle,e127881d0eafcf62a3b6e112,0.9814359413957001,0.9814359413957001,-5286.75308732529,-3913.24691267471,2,OK,-7000,fanduel,-7000,False,False,1.0,closest_offered_consensus_to_50pct_no_interpolation,0.9443868739205526,-7501.8633540372675,0.0,0.9443868739205526,EMPIRICAL_RECONSTRUCTED_HISTORY,0897c49705a05c04d65f1c02a830bc8446166ee6750153b629f2f4c40766b03b,4a14b3fdf51d13786a2e905526f21d4fe7601226e01da29583be8ff3210a7041,work/market-distribution-v1/artifacts/4a14b3fdf51d13786a2e905526f21d4fe7601226e01da29583be8ff3210a7041.json,-1.0,44.5,False,False,none,False,0.9761658031088083,0.0,eec35edb10ded38f
3d5bf9cf0a9160198967bab8,2026-09-06T21:08:59.798485+00:00,eec35edb10ded38f0500e83e9aaf8252f63479442c90d3b0d1ad36855ebf8efe,7e09efed7e12c659b82740b67ce2f9a1,1,2026-09-13T17:00:00Z,Houston Texans,Buffalo Bills,spreads,alternate_spreads,,-22.5,Buffalo Bills,22.5,fanduel,-7000,1.0142857142857142,0.9801477566049323,1.4136385355001044,2026-09-06T21:08:49Z,10.798485,conditional_non_push,0.9443868739205526,consensus_plus_empirical_residual_model,live_snapshot_not_T60,pinnacle,e127881d0eafcf62a3b6e112,0.9814359413957001,0.9814359413957001,-5286.75308732529,-1713.24691267471,2,OK,-7000,fanduel,-7000,False,False,1.0,closest_offered_consensus_to_50pct_no_interpolation,0.9443868739205526,-5301.8633540372675,0.0,0.9443868739205526,EMPIRICAL_RECONSTRUCTED_HISTORY,0897c49705a05c04d65f1c02a830bc8446166ee6750153b629f2f4c40766b03b,4a14b3fdf51d13786a2e905526f21d4fe7601226e01da29583be8ff3210a7041,work/market-distribution-v1/artifacts/4a14b3fdf51d13786a2e905526f21d4fe7601226e01da29583be8ff3210a7041.json,-1.0,44.5,False,False,none,False,0.9761658031088083,0.0,eec35edb10ded38f
d72914bc1eedef6cd6ec4f11,2026-09-06T21:08:59.798485+00:00,eec35edb10ded38f0500e83e9aaf8252f63479442c90d3b0d1ad36855ebf8efe,7e09efed7e12c659b82740b67ce2f9a1,1,2026-09-13T17:00:00Z,Houston Texans,Buffalo Bills,spreads,alternate_spreads,,22.5,Houston Texans,22.5,draftkings,-4200,1.0238095238095237,0.9667689427615923,1.4362532940314274,2026-09-06T21:08:19Z,40.798485,conditional_non_push,0.9675302245250432,consensus_plus_empirical_residual_model,live_snapshot_not_T60,pinnacle,e62e0d707d580e4e7f3a21fe,0.9734583496832623,0.9734583496832623,-3667.6632314358353,-532.3367685641647,2,OK,-4200,draftkings,-4200,False,False,-1.0,closest_offered_consensus_to_50pct_no_interpolation,0.9675302245250432,-1220.2127659574421,0.0,0.9675302245250432,EMPIRICAL_RECONSTRUCTED_HISTORY,0897c49705a05c04d65f1c02a830bc8446166ee6750153b629f2f4c40766b03b,4a14b3fdf51d13786a2e905526f21d4fe7601226e01da29583be8ff3210a7041,work/market-distribution-v1/artifacts/4a14b3fdf51d13786a2e905526f21d4fe7601226e01da29583be8ff3210a7041.json,-1.0,44.5,False,False,none,False,0.9854922279792746,0.0,eec35edb10ded38f
90441967a4dc841504d3c371,2026-09-06T21:08:59.798485+00:00,eec35edb10ded38f0500e83e9aaf8252f63479442c90d3b0d1ad36855ebf8efe,7e09efed7e12c659b82740b67ce2f9a1,1,2026-09-13T17:00:00Z,Houston Texans,Buffalo Bills,spreads,alternate_spreads,,22.5,Houston Texans,22.5,fanduel,-7000,1.0142857142857142,0.9801477566049323,1.4136385355001044,2026-09-06T21:08:49Z,10.798485,conditional_non_push,0.9675302245250432,consensus_plus_empirical_residual_model,live_snapshot_not_T60,pinnacle,e62e0d707d580e4e7f3a21fe,0.9734583496832623,0.9734583496832623,-3667.6632314358353,-3332.3367685641647,2,OK,-4200,draftkings,-4200,False,False,-1.0,closest_offered_consensus_to_50pct_no_interpolation,0.9675302245250432,-4020.212765957442,0.0,0.9675302245250432,EMPIRICAL_RECONSTRUCTED_HISTORY,0897c49705a05c04d65f1c02a830bc8446166ee6750153b629f2f4c40766b03b,4a14b3fdf51d13786a2e905526f21d4fe7601226e01da29583be8ff3210a7041,work/market-distribution-v1/artifacts/4a14b3fdf51d13786a2e905526f21d4fe7601226e01da29583be8ff3210a7041.json,-1.0,44.5,False,False,none,False,0.9854922279792746,0.0,eec35edb10ded38f
34f3e17398f1ae330c3cd25f,2026-09-06T21:08:59.798485+00:00,eec35edb10ded38f0500e83e9aaf8252f63479442c90d3b0d1ad36855ebf8efe,7e09efed7e12c659b82740b67ce2f9a1,1,2026-09-13T17:00:00Z,Houston Texans,Buffalo Bills,spreads,alternate_spreads,,-23.5,Buffalo Bills,23.5,draftkings,-10000,1.01,0.9841450783237288,1.6061732732983645,2026-09-06T21:08:19Z,40.798485,conditional_non_push,0.9506044905008636,consensus_plus_empirical_residual_model,live_snapshot_not_T60,pinnacle,e9fd1afe821a7611c4e03299,0.9848351678275241,0.9848351678275241,-6494.204199733885,-3505.7958002661153,2,OK,-10000,draftkings|fanduel,-10000,False,False,1.0,closest_offered_consensus_to_50pct_no_interpolation,0.9506044905008636,-8075.524475524474,0.0,0.9506044905008636,EMPIRICAL_RECONSTRUCTED_HISTORY,0897c49705a05c04d65f1c02a830bc8446166ee6750153b629f2f4c40766b03b,4a14b3fdf51d13786a2e905526f21d4fe7601226e01da29583be8ff3210a7041,work/market-distribution-v1/artifacts/4a14b3fdf51d13786a2e905526f21d4fe7601226e01da29583be8ff3210a7041.json,-1.0,44.5,False,False,none,False,0.9806563039723661,0.0,eec35edb10ded38f
755564c093a5fcc1a1a894cb,2026-09-06T21:08:59.798485+00:00,eec35edb10ded38f0500e83e9aaf8252f63479442c90d3b0d1ad36855ebf8efe,7e09efed7e12c659b82740b67ce2f9a1,1,2026-09-13T17:00:00Z,Houston Texans,Buffalo Bills,spreads,alternate_spreads,,-23.5,Buffalo Bills,23.5,fanduel,-10000,1.01,0.9855252573313199,1.4653305484836974,2026-09-06T21:08:49Z,10.798485,conditional_non_push,0.9506044905008636,consensus_plus_empirical_residual_model,live_snapshot_not_T60,pinnacle,e9fd1afe821a7611c4e03299,0.9848351678275241,0.9848351678275241,-6494.204199733885,-3505.7958002661153,2,OK,-10000,draftkings|fanduel,-10000,False,False,1.0,closest_offered_consensus_to_50pct_no_interpolation,0.9506044905008636,-8075.524475524474,0.0,0.9506044905008636,EMPIRICAL_RECONSTRUCTED_HISTORY,0897c49705a05c04d65f1c02a830bc8446166ee6750153b629f2f4c40766b03b,4a14b3fdf51d13786a2e905526f21d4fe7601226e01da29583be8ff3210a7041,work/market-distribution-v1/artifacts/4a14b3fdf51d13786a2e905526f21d4fe7601226e01da29583be8ff3210a7041.json,-1.0,44.5,False,False,none,False,0.9806563039723661,0.0,eec35edb10ded38f
6d8f0e787228bbe56d906e44,2026-09-06T21:08:59.798485+00:00,eec35edb10ded38f0500e83e9aaf8252f63479442c90d3b0d1ad36855ebf8efe,7e09efed7e12c659b82740b67ce2f9a1,1,2026-09-13T17:00:00Z,Houston Texans,Buffalo Bills,spreads,alternate_spreads,,23.5,Houston Texans,23.5,draftkings,-5700,1.0175438596491229,0.9742009963525708,1.5028761236869284,2026-09-06T21:08:19Z,40.798485,conditional_non_push,0.9720207253886011,consensus_plus_empirical_residual_model,live_snapshot_not_T60,pinnacle,8ba659b1b18cfc45aa4002ec,0.9798631268419453,0.9798631268419453,-4866.014297011169,-833.9857029888308,2,OK,-5700,draftkings,-5700,False,False,-1.0,closest_offered_consensus_to_50pct_no_interpolation,0.9720207253886011,-2225.9259259259215,0.0,0.9720207253886011,EMPIRICAL_RECONSTRUCTED_HISTORY,0897c49705a05c04d65f1c02a830bc8446166ee6750153b629f2f4c40766b03b,4a14b3fdf51d13786a2e905526f21d4fe7601226e01da29583be8ff3210a7041,work/market-distribution-v1/artifacts/4a14b3fdf51d13786a2e905526f21d4fe7601226e01da29583be8ff3210a7041.json,-1.0,44.5,False,False,none,False,0.9865284974093265,0.0,eec35edb10ded38f
763f737065d910b582e7abe9,2026-09-06T21:08:59.798485+00:00,eec35edb10ded38f0500e83e9aaf8252f63479442c90d3b0d1ad36855ebf8efe,7e09efed7e12c659b82740b67ce2f9a1,1,2026-09-13T17:00:00Z,Houston Texans,Buffalo Bills,spreads,alternate_spreads,,23.5,Houston Texans,23.5,fanduel,-10000,1.01,0.9855252573313199,1.4653305484836974,2026-09-06T21:08:49Z,10.798485,conditional_non_push,0.9720207253886011,consensus_plus_empirical_residual_model,live_snapshot_not_T60,pinnacle,8ba659b1b18cfc45aa4002ec,0.9798631268419453,0.9798631268419453,-4866.014297011169,-5133.985702988831,2,OK,-5700,draftkings,-5700,False,False,-1.0,closest_offered_consensus_to_50pct_no_interpolation,0.9720207253886011,-6525.925925925922,0.0,0.9720207253886011,EMPIRICAL_RECONSTRUCTED_HISTORY,0897c49705a05c04d65f1c02a830bc8446166ee6750153b629f2f4c40766b03b,4a14b3fdf51d13786a2e905526f21d4fe7601226e01da29583be8ff3210a7041,work/market-distribution-v1/artifacts/4a14b3fdf51d13786a2e905526f21d4fe7601226e01da29583be8ff3210a7041.json,-1.0,44.5,False,False,none,False,0.9865284974093265,0.0,eec35edb10ded38f
e538c56fd7cdc7ebab08d5d8,2026-09-06T21:08:59.798485+00:00,eec35edb10ded38f0500e83e9aaf8252f63479442c90d3b0d1ad36855ebf8efe,7e09efed7e12c659b82740b67ce2f9a1,1,2026-09-13T17:00:00Z,Houston Texans,Buffalo Bills,spreads,alternate_spreads,,-24.5,Buffalo Bills,24.5,fanduel,-20000,1.005,0.9921008330861376,1.5900680904921125,2026-09-06T21:08:49Z,10.798485,conditional_non_push,0.957167530224525,consensus_plus_empirical_residual_model,live_snapshot_not_T60,pinnacle,cf75baa8b7f38ed9980dc0cf,0.9921008330861374,0.9921008330861374,-12559.562848900612,-7440.437151099388,1,FEWER_THAN_TWO_BOOKS,-20000,fanduel,-20000,False,False,1.0,closest_offered_consensus_to_50pct_no_interpolation,0.957167530224525,-17765.32258064516,0.0,0.957167530224525,EMPIRICAL_RECONSTRUCTED_HISTORY,0897c49705a05c04d65f1c02a830bc8446166ee6750153b629f2f4c40766b03b,4a14b3fdf51d13786a2e905526f21d4fe7601226e01da29583be8ff3210a7041,work/market-distribution-v1/artifacts/4a14b3fdf51d13786a2e905526f21d4fe7601226e01da29583be8ff3210a7041.json,-1.0,44.5,False,False,none,False,0.9841105354058722,0.0,eec35edb10ded38f
d12df9d2af65506e95699e90,2026-09-06T21:08:59.798485+00:00,eec35edb10ded38f0500e83e9aaf8252f63479442c90d3b0d1ad36855ebf8efe,7e09efed7e12c659b82740b67ce2f9a1,1,2026-09-13T17:00:00Z,Houston Texans,Buffalo Bills,spreads,alternate_spreads,,24.5,Houston Texans,24.5,draftkings,-10000,1.01,0.9839921247316616,1.6217938399761325,2026-09-06T21:08:19Z,40.798485,conditional_non_push,0.9761658031088083,consensus_plus_empirical_residual_model,live_snapshot_not_T60,pinnacle,8692288c7750e700da91e5bd,0.9880464789088994,0.9880464789088994,-8265.735856228177,-1734.264143771823,2,OK,-10000,draftkings,-10000,False,False,-1.0,closest_offered_consensus_to_50pct_no_interpolation,0.9761658031088083,-5904.347826086956,0.0,0.9761658031088083,EMPIRICAL_RECONSTRUCTED_HISTORY,0897c49705a05c04d65f1c02a830bc8446166ee6750153b629f2f4c40766b03b,4a14b3fdf51d13786a2e905526f21d4fe7601226e01da29583be8ff3210a7041,work/market-distribution-v1/artifacts/4a14b3fdf51d13786a2e905526f21d4fe7601226e01da29583be8ff3210a7041.json,-1.0,44.5,False,False,none,False,0.9889464594127807,0.0,eec35edb10ded38f
c2a8110bf35dca6e94b24a7b,2026-09-06T21:08:59.798485+00:00,eec35edb10ded38f0500e83e9aaf8252f63479442c90d3b0d1ad36855ebf8efe,7e09efed7e12c659b82740b67ce2f9a1,1,2026-09-13T17:00:00Z,Houston Texans,Buffalo Bills,spreads,alternate_spreads,,24.5,Houston Texans,24.5,fanduel,-20000,1.005,0.9921008330861376,1.5900680904921125,2026-09-06T21:08:49Z,10.798485,conditional_non_push,0.9761658031088083,consensus_plus_empirical_residual_model,live_snapshot_not_T60,pinnacle,8692288c7750e700da91e5bd,0.9880464789088994,0.9880464789088994,-8265.735856228177,-11734.264143771823,2,OK,-10000,draftkings,-10000,False,False,-1.0,closest_offered_consensus_to_50pct_no_interpolation,0.9761658031088083,-15904.347826086956,0.0,0.9761658031088083,EMPIRICAL_RECONSTRUCTED_HISTORY,0897c49705a05c04d65f1c02a830bc8446166ee6750153b629f2f4c40766b03b,4a14b3fdf51d13786a2e905526f21d4fe7601226e01da29583be8ff3210a7041,work/market-distribution-v1/artifacts/4a14b3fdf51d13786a2e905526f21d4fe7601226e01da29583be8ff3210a7041.json,-1.0,44.5,False,False,none,False,0.9889464594127807,0.0,eec35edb10ded38f
261122fc40188751519fa8ca,2026-09-06T21:08:59.798485+00:00,eec35edb10ded38f0500e83e9aaf8252f63479442c90d3b0d1ad36855ebf8efe,7e09efed7e12c659b82740b67ce2f9a1,1,2026-09-13T17:00:00Z,Houston Texans,Buffalo Bills,spreads,alternate_spreads,,-25.5,Buffalo Bills,25.5,fanduel,-20000,1.005,0.9925315301958958,1.503044826687773,2026-09-06T21:08:49Z,10.798485,conditional_non_push,0.9620034542314335,consensus_plus_empirical_residual_model,live_snapshot_not_T60,pinnacle,4e082c970ee3593748f9413f,0.9925315301958956,0.9925315301958956,-13289.623660932963,-6710.376339067037,1,FEWER_THAN_TWO_BOOKS,-20000,fanduel,-20000,False,False,1.0,closest_offered_consensus_to_50pct_no_interpolation,0.9620034542314335,-17468.181818181816,0.0,0.9620034542314335,EMPIRICAL_RECONSTRUCTED_HISTORY,0897c49705a05c04d65f1c02a830bc8446166ee6750153b629f2f4c40766b03b,4a14b3fdf51d13786a2e905526f21d4fe7601226e01da29583be8ff3210a7041,work/market-distribution-v1/artifacts/4a14b3fdf51d13786a2e905526f21d4fe7601226e01da29583be8ff3210a7041.json,-1.0,44.5,False,False,none,False,0.9861830742659758,0.0,eec35edb10ded38f
5e6d32e11c1c469fd5dd3b5e,2026-09-06T21:08:59.798485+00:00,eec35edb10ded38f0500e83e9aaf8252f63479442c90d3b0d1ad36855ebf8efe,7e09efed7e12c659b82740b67ce2f9a1,1,2026-09-13T17:00:00Z,Houston Texans,Buffalo Bills,spreads,alternate_spreads,,25.5,Houston Texans,25.5,draftkings,-10000,1.01,0.9843604536571825,1.584181927925815,2026-09-06T21:08:19Z,40.798485,conditional_non_push,0.9782383419689119,consensus_plus_empirical_residual_model,live_snapshot_not_T60,pinnacle,d5f84b20a3f5161e4b1b6567,0.9883255898083297,0.9883255898083297,-8465.74322455711,-1534.2567754428892,2,OK,-10000,draftkings,-10000,False,False,-1.0,closest_offered_consensus_to_50pct_no_interpolation,0.9782383419689119,-5504.761904761907,0.0,0.9782383419689119,EMPIRICAL_RECONSTRUCTED_HISTORY,0897c49705a05c04d65f1c02a830bc8446166ee6750153b629f2f4c40766b03b,4a14b3fdf51d13786a2e905526f21d4fe7601226e01da29583be8ff3210a7041,work/market-distribution-v1/artifacts/4a14b3fdf51d13786a2e905526f21d4fe7601226e01da29583be8ff3210a7041.json,-1.0,44.5,False,False,none,False,0.9920552677029361,0.0,eec35edb10ded38f
c3db15adc5c45658e6f60aa7,2026-09-06T21:08:59.798485+00:00,eec35edb10ded38f0500e83e9aaf8252f63479442c90d3b0d1ad36855ebf8efe,7e09efed7e12c659b82740b67ce2f9a1,1,2026-09-13T17:00:00Z,Houston Texans,Buffalo Bills,spreads,alternate_spreads,,25.5,Houston Texans,25.5,fanduel,-20000,1.005,0.9922907259594774,1.551695177522936,2026-09-06T21:08:49Z,10.798485,conditional_non_push,0.9782383419689119,consensus_plus_empirical_residual_model,live_snapshot_not_T60,pinnacle,d5f84b20a3f5161e4b1b6567,0.9883255898083297,0.9883255898083297,-8465.74322455711,-11534.25677544289,2,OK,-10000,draftkings,-10000,False,False,-1.0,closest_offered_consensus_to_50pct_no_interpolation,0.9782383419689119,-15504.761904761908,0.0,0.9782383419689119,EMPIRICAL_RECONSTRUCTED_HISTORY,0897c49705a05c04d65f1c02a830bc8446166ee6750153b629f2f4c40766b03b,4a14b3fdf51d13786a2e905526f21d4fe7601226e01da29583be8ff3210a7041,work/market-distribution-v1/artifacts/4a14b3fdf51d13786a2e905526f21d4fe7601226e01da29583be8ff3210a7041.json,-1.0,44.5,False,False,none,False,0.9920552677029361,0.0,eec35edb10ded38f
2bf365cadfa34e3e9ed9317d,2026-09-06T21:08:59.798485+00:00,eec35edb10ded38f0500e83e9aaf8252f63479442c90d3b0d1ad36855ebf8efe,7e09efed7e12c659b82740b67ce2f9a1,1,2026-09-13T17:00:00Z,Houston Texans,Buffalo Bills,spreads,alternate_spreads,,26.5,Houston Texans,26.5,fanduel,-20000,1.005,0.9928498904093735,1.4387437403902812,2026-09-06T21:08:49Z,10.798485,conditional_non_push,0.9803108808290155,consensus_plus_empirical_residual_model,live_snapshot_not_T60,pinnacle,1b7ee3d76da1fa21ed5d9fdf,0.9928498904093733,0.9928498904093733,-13885.799620623082,-6114.200379376918,1,FEWER_THAN_TWO_BOOKS,-20000,fanduel,-20000,False,False,-1.0,closest_offered_consensus_to_50pct_no_interpolation,0.9803108808290155,-15021.052631578954,0.0,0.9803108808290155,EMPIRICAL_RECONSTRUCTED_HISTORY,0897c49705a05c04d65f1c02a830bc8446166ee6750153b629f2f4c40766b03b,4a14b3fdf51d13786a2e905526f21d4fe7601226e01da29583be8ff3210a7041,work/market-distribution-v1/artifacts/4a14b3fdf51d13786a2e905526f21d4fe7601226e01da29583be8ff3210a7041.json,-1.0,44.5,False,False,none,False,0.9924006908462867,0.0,eec35edb10ded38f
d65df0e3e7a653ac8236f675,2026-09-06T21:08:59.798485+00:00,eec35edb10ded38f0500e83e9aaf8252f63479442c90d3b0d1ad36855ebf8efe,7e09efed7e12c659b82740b67ce2f9a1,1,2026-09-13T17:00:00Z,Houston Texans,Buffalo Bills,spreads,alternate_spreads,,-3.5,Buffalo Bills,3.5,draftkings,-208,1.4807692307692308,0.6451874873136739,1.1162941335503036,2026-09-06T21:08:19Z,40.798485,conditional_non_push,0.5930915371329879,consensus_plus_empirical_residual_model,live_snapshot_not_T60,pinnacle,32f1f86e744d4957f2af65b3,0.6406847890802974,0.6406847890802974,-178.3071714221064,-29.692828577893607,3,OK,-179,pinnacle,-200,False,False,1.0,closest_offered_consensus_to_50pct_no_interpolation,0.5930915371329879,-62.24448217317487,0.0,0.5930915371329879,EMPIRICAL_RECONSTRUCTED_HISTORY,0897c49705a05c04d65f1c02a830bc8446166ee6750153b629f2f4c40766b03b,4a14b3fdf51d13786a2e905526f21d4fe7601226e01da29583be8ff3210a7041,work/market-distribution-v1/artifacts/4a14b3fdf51d13786a2e905526f21d4fe7601226e01da29583be8ff3210a7041.json,-1.0,44.5,False,False,none,False,0.7609671848013817,0.0,eec35edb10ded38f
82555d98189bd960e9104eb3,2026-09-06T21:08:59.798485+00:00,eec35edb10ded38f0500e83e9aaf8252f63479442c90d3b0d1ad36855ebf8efe,7e09efed7e12c659b82740b67ce2f9a1,1,2026-09-13T17:00:00Z,Houston Texans,Buffalo Bills,spreads,alternate_spreads,,-3.5,Buffalo Bills,3.5,fanduel,-200,1.5,0.6406847890802974,1.0980419345859689,2026-09-06T21:08:49Z,10.798485,conditional_non_push,0.5930915371329879,consensus_plus_empirical_residual_model,live_snapshot_not_T60,pinnacle,32f1f86e744d4957f2af65b3,0.6406847890802974,0.6406847890802974,-178.3071714221064,-21.692828577893607,3,OK,-179,pinnacle,-200,False,False,1.0,closest_offered_consensus_to_50pct_no_interpolation,0.5930915371329879,-54.24448217317487,0.0,0.5930915371329879,EMPIRICAL_RECONSTRUCTED_HISTORY,0897c49705a05c04d65f1c02a830bc8446166ee6750153b629f2f4c40766b03b,4a14b3fdf51d13786a2e905526f21d4fe7601226e01da29583be8ff3210a7041,work/market-distribution-v1/artifacts/4a14b3fdf51d13786a2e905526f21d4fe7601226e01da29583be8ff3210a7041.json,-1.0,44.5,False,False,none,False,0.7609671848013817,0.0,eec35edb10ded38f
4c9b287652c6c3ef055dba58,2026-09-06T21:08:59.798485+00:00,eec35edb10ded38f0500e83e9aaf8252f63479442c90d3b0d1ad36855ebf8efe,7e09efed7e12c659b82740b67ce2f9a1,1,2026-09-13T17:00:00Z,Houston Texans,Buffalo Bills,spreads,alternate_spreads,,-3.5,Buffalo Bills,3.5,pinnacle,-179,1.558659217877095,0.6246572544606123,1.0602177384761164,2026-09-06T21:08:57Z,2.798485,conditional_non_push,0.5930915371329879,consensus_plus_empirical_residual_model,live_snapshot_not_T60,pinnacle,32f1f86e744d4957f2af65b3,0.6406847890802974,0.6406847890802974,-178.3071714221064,-0.6928285778936072,3,OK,-179,pinnacle,-200,False,False,1.0,closest_offered_consensus_to_50pct_no_interpolation,0.5930915371329879,-33.24448217317487,0.0,0.5930915371329879,EMPIRICAL_RECONSTRUCTED_HISTORY,0897c49705a05c04d65f1c02a830bc8446166ee6750153b629f2f4c40766b03b,4a14b3fdf51d13786a2e905526f21d4fe7601226e01da29583be8ff3210a7041,work/market-distribution-v1/artifacts/4a14b3fdf51d13786a2e905526f21d4fe7601226e01da29583be8ff3210a7041.json,-1.0,44.5,False,False,none,False,0.7609671848013817,0.0,eec35edb10ded38f
210a6bb50ce800366786b86d,2026-09-06T21:08:59.798485+00:00,eec35edb10ded38f0500e83e9aaf8252f63479442c90d3b0d1ad36855ebf8efe,7e09efed7e12c659b82740b67ce2f9a1,1,2026-09-13T17:00:00Z,Houston Texans,Buffalo Bills,spreads,alternate_spreads,,3.5,Houston Texans,3.5,draftkings,-180,1.5555555555555556,0.6116591953695215,1.11259298762997,2026-09-06T21:08:19Z,40.798485,conditional_non_push,0.6397236614853196,consensus_plus_empirical_residual_model,live_snapshot_not_T60,pinnacle,f2e225d974287a1cd8336d2d,0.6291309144243031,0.6291309144243031,-169.6369255063977,-10.363074493602312,2,OK,-180,draftkings,-180,False,False,-1.0,closest_offered_consensus_to_50pct_no_interpolation,0.6397236614853196,-2.435282837967378,0.0,0.6397236614853196,EMPIRICAL_RECONSTRUCTED_HISTORY,0897c49705a05c04d65f1c02a830bc8446166ee6750153b629f2f4c40766b03b,4a14b3fdf51d13786a2e905526f21d4fe7601226e01da29583be8ff3210a7041,work/market-distribution-v1/artifacts/4a14b3fdf51d13786a2e905526f21d4fe7601226e01da29583be8ff3210a7041.json,-1.0,44.5,False,False,none,False,0.8003454231433506,0.0,eec35edb10ded38f
d90bf5e772669c4114c7320d,2026-09-06T21:08:59.798485+00:00,eec35edb10ded38f0500e83e9aaf8252f63479442c90d3b0d1ad36855ebf8efe,7e09efed7e12c659b82740b67ce2f9a1,1,2026-09-13T17:00:00Z,Houston Texans,Buffalo Bills,spreads,alternate_spreads,,3.5,Houston Texans,3.5,fanduel,-205,1.4878048780487805,0.6466026334790849,1.097461284259357,2026-09-06T21:08:49Z,10.798485,conditional_non_push,0.6397236614853196,consensus_plus_empirical_residual_model,live_snapshot_not_T60,pinnacle,f2e225d974287a1cd8336d2d,0.6291309144243031,0.6291309144243031,-169.6369255063977,-35.36307449360231,2,OK,-180,draftkings,-180,False,False,-1.0,closest_offered_consensus_to_50pct_no_interpolation,0.6397236614853196,-27.435282837967378,0.0,0.6397236614853196,EMPIRICAL_RECONSTRUCTED_HISTORY,0897c49705a05c04d65f1c02a830bc8446166ee6750153b629f2f4c40766b03b,4a14b3fdf51d13786a2e905526f21d4fe7601226e01da29583be8ff3210a7041,work/market-distribution-v1/artifacts/4a14b3fdf51d13786a2e905526f21d4fe7601226e01da29583be8ff3210a7041.json,-1.0,44.5,False,False,none,False,0.8003454231433506,0.0,eec35edb10ded38f
504c824ba6c074167edad60d,2026-09-06T21:08:59.798485+00:00,eec35edb10ded38f0500e83e9aaf8252f63479442c90d3b0d1ad36855ebf8efe,7e09efed7e12c659b82740b67ce2f9a1,1,2026-09-13T17:00:00Z,Houston Texans,Buffalo Bills,spreads,alternate_spreads,,-4.5,Buffalo Bills,4.5,draftkings,-236,1.423728813559322,0.6735321347073557,1.1187168617226635,2026-09-06T21:08:19Z,40.798485,conditional_non_push,0.6259067357512953,consensus_plus_empirical_residual_model,live_snapshot_not_T60,pinnacle,a20a422ac58dee5379fe698a,0.6729794321179653,0.6729794321179653,-205.7911636801779,-30.208836319822097,2,OK,-230,fanduel,-230,False,False,1.0,closest_offered_consensus_to_50pct_no_interpolation,0.6259067357512953,-68.68698060941833,0.0,0.6259067357512953,EMPIRICAL_RECONSTRUCTED_HISTORY,0897c49705a05c04d65f1c02a830bc8446166ee6750153b629f2f4c40766b03b,4a14b3fdf51d13786a2e905526f21d4fe7601226e01da29583be8ff3210a7041,work/market-distribution-v1/artifacts/4a14b3fdf51d13786a2e905526f21d4fe7601226e01da29583be8ff3210a7041.json,-1.0,44.5,False,False,none,False,0.7827288428324698,0.0,eec35edb10ded38f
585f6d7e4851229753db1e23,2026-09-06T21:08:59.798485+00:00,eec35edb10ded38f0500e83e9aaf8252f63479442c90d3b0d1ad36855ebf8efe,7e09efed7e12c659b82740b67ce2f9a1,1,2026-09-13T17:00:00Z,Houston Texans,Buffalo Bills,spreads,alternate_spreads,,-4.5,Buffalo Bills,4.5,fanduel,-230,1.434782608695652,0.6724267295285751,1.099300429531386,2026-09-06T21:08:49Z,10.798485,conditional_non_push,0.6259067357512953,consensus_plus_empirical_residual_model,live_snapshot_not_T60,pinnacle,a20a422ac58dee5379fe698a,0.6729794321179653,0.6729794321179653,-205.7911636801779,-24.208836319822097,2,OK,-230,fanduel,-230,False,False,1.0,closest_offered_consensus_to_50pct_no_interpolation,0.6259067357512953,-62.68698060941833,0.0,0.6259067357512953,EMPIRICAL_RECONSTRUCTED_HISTORY,0897c49705a05c04d65f1c02a830bc8446166ee6750153b629f2f4c40766b03b,4a14b3fdf51d13786a2e905526f21d4fe7601226e01da29583be8ff3210a7041,work/market-distribution-v1/artifacts/4a14b3fdf51d13786a2e905526f21d4fe7601226e01da29583be8ff3210a7041.json,-1.0,44.5,False,False,none,False,0.7827288428324698,0.0,eec35edb10ded38f
f6b55447e9a94014129f9cff,2026-09-06T21:08:59.798485+00:00,eec35edb10ded38f0500e83e9aaf8252f63479442c90d3b0d1ad36855ebf8efe,7e09efed7e12c659b82740b67ce2f9a1,1,2026-09-13T17:00:00Z,Houston Texans,Buffalo Bills,spreads,alternate_spreads,,4.5,Houston Texans,4.5,draftkings,-201,1.4975124378109452,0.6378759550091314,1.1134360527358251,2026-09-06T21:08:19Z,40.798485,conditional_non_push,0.6683937823834197,consensus_plus_empirical_residual_model,live_snapshot_not_T60,pinnacle,ebae7333749975eb5e8b4600,0.6576223596306012,0.6576223596306012,-192.0751480502868,-8.9248519497132,2,OK,-201,draftkings,-201,False,False,-1.0,closest_offered_consensus_to_50pct_no_interpolation,0.6683937823834197,0.5625000000000568,0.0,0.6683937823834197,EMPIRICAL_RECONSTRUCTED_HISTORY,0897c49705a05c04d65f1c02a830bc8446166ee6750153b629f2f4c40766b03b,4a14b3fdf51d13786a2e905526f21d4fe7601226e01da29583be8ff3210a7041,work/market-distribution-v1/artifacts/4a14b3fdf51d13786a2e905526f21d4fe7601226e01da29583be8ff3210a7041.json,-1.0,44.5,False,False,none,False,0.829706390328152,0.0,eec35edb10ded38f
d7d6fab8b713f330c20fe1ca,2026-09-06T21:08:59.798485+00:00,eec35edb10ded38f0500e83e9aaf8252f63479442c90d3b0d1ad36855ebf8efe,7e09efed7e12c659b82740b67ce2f9a1,1,2026-09-13T17:00:00Z,Houston Texans,Buffalo Bills,spreads,alternate_spreads,,4.5,Houston Texans,4.5,fanduel,-235,1.425531914893617,0.6773687642520713,1.098702369139712,2026-09-06T21:08:49Z,10.798485,conditional_non_push,0.6683937823834197,consensus_plus_empirical_residual_model,live_snapshot_not_T60,pinnacle,ebae7333749975eb5e8b4600,0.6576223596306012,0.6576223596306012,-192.0751480502868,-42.9248519497132,2,OK,-201,draftkings,-201,False,False,-1.0,closest_offered_consensus_to_50pct_no_interpolation,0.6683937823834197,-33.43749999999994,0.0,0.6683937823834197,EMPIRICAL_RECONSTRUCTED_HISTORY,0897c49705a05c04d65f1c02a830bc8446166ee6750153b629f2f4c40766b03b,4a14b3fdf51d13786a2e905526f21d4fe7601226e01da29583be8ff3210a7041,work/market-distribution-v1/artifacts/4a14b3fdf51d13786a2e905526f21d4fe7601226e01da29583be8ff3210a7041.json,-1.0,44.5,False,False,none,False,0.829706390328152,0.0,eec35edb10ded38f
eb19aa8a67ea2f43022baab1,2026-09-06T21:08:59.798485+00:00,eec35edb10ded38f0500e83e9aaf8252f63479442c90d3b0d1ad36855ebf8efe,7e09efed7e12c659b82740b67ce2f9a1,1,2026-09-13T17:00:00Z,Houston Texans,Buffalo Bills,spreads,alternate_spreads,,-5.5,Buffalo Bills,5.5,draftkings,-261,1.3831417624521074,0.6948892959043472,1.122226787813903,2026-09-06T21:08:19Z,40.798485,conditional_non_push,0.6587219343696028,consensus_plus_empirical_residual_model,live_snapshot_not_T60,pinnacle,88802299bc22ffb0ecdc19f3,0.6965448154996863,0.6965448154996863,-229.5379519208597,-31.46204807914029,2,OK,-260,fanduel,-260,False,False,1.0,closest_offered_consensus_to_50pct_no_interpolation,0.6587219343696028,-67.98380566801617,0.0,0.6587219343696028,EMPIRICAL_RECONSTRUCTED_HISTORY,0897c49705a05c04d65f1c02a830bc8446166ee6750153b629f2f4c40766b03b,4a14b3fdf51d13786a2e905526f21d4fe7601226e01da29583be8ff3210a7041,work/market-distribution-v1/artifacts/4a14b3fdf51d13786a2e905526f21d4fe7601226e01da29583be8ff3210a7041.json,-1.0,44.5,False,False,none,False,0.8086355785837651,0.0,eec35edb10ded38f
66f85b01001383125aa5827c,2026-09-06T21:08:59.798485+00:00,eec35edb10ded38f0500e83e9aaf8252f63479442c90d3b0d1ad36855ebf8efe,7e09efed7e12c659b82740b67ce2f9a1,1,2026-09-13T17:00:00Z,Houston Texans,Buffalo Bills,spreads,alternate_spreads,,-5.5,Buffalo Bills,5.5,fanduel,-260,1.3846153846153846,0.6982003350950255,1.103947373906025,2026-09-06T21:08:49Z,10.798485,conditional_non_push,0.6587219343696028,consensus_plus_empirical_residual_model,live_snapshot_not_T60,pinnacle,88802299bc22ffb0ecdc19f3,0.6965448154996863,0.6965448154996863,-229.5379519208597,-30.46204807914029,2,OK,-260,fanduel,-260,False,False,1.0,closest_offered_consensus_to_50pct_no_interpolation,0.6587219343696028,-66.98380566801617,0.0,0.6587219343696028,EMPIRICAL_RECONSTRUCTED_HISTORY,0897c49705a05c04d65f1c02a830bc8446166ee6750153b629f2f4c40766b03b,4a14b3fdf51d13786a2e905526f21d4fe7601226e01da29583be8ff3210a7041,work/market-distribution-v1/artifacts/4a14b3fdf51d13786a2e905526f21d4fe7601226e01da29583be8ff3210a7041.json,-1.0,44.5,False,False,none,False,0.8086355785837651,0.0,eec35edb10ded38f
d2b113a983125abe4867e73e,2026-09-06T21:08:59.798485+00:00,eec35edb10ded38f0500e83e9aaf8252f63479442c90d3b0d1ad36855ebf8efe,7e09efed7e12c659b82740b67ce2f9a1,1,2026-09-13T17:00:00Z,Houston Texans,Buffalo Bills,spreads,alternate_spreads,,5.5,Houston Texans,5.5,draftkings,-222,1.4504504504504505,0.6602404387832963,1.1163755099761277,2026-09-06T21:08:19Z,40.798485,conditional_non_push,0.6967184801381693,consensus_plus_empirical_residual_model,live_snapshot_not_T60,pinnacle,0429f26001c34a898e140542,0.6813282899928003,0.6813282899928003,-213.80256502135285,-8.197434978647152,2,OK,-222,draftkings,-222,False,False,-1.0,closest_offered_consensus_to_50pct_no_interpolation,0.6967184801381693,7.726651480637827,0.0,0.6967184801381693,EMPIRICAL_RECONSTRUCTED_HISTORY,0897c49705a05c04d65f1c02a830bc8446166ee6750153b629f2f4c40766b03b,4a14b3fdf51d13786a2e905526f21d4fe7601226e01da29583be8ff3210a7041,work/market-distribution-v1/artifacts/4a14b3fdf51d13786a2e905526f21d4fe7601226e01da29583be8ff3210a7041.json,-1.0,44.5,False,False,none,False,0.8483592400690846,0.0,eec35edb10ded38f
8787ef7af807d4fff0e83fdd,2026-09-06T21:08:59.798485+00:00,eec35edb10ded38f0500e83e9aaf8252f63479442c90d3b0d1ad36855ebf8efe,7e09efed7e12c659b82740b67ce2f9a1,1,2026-09-13T17:00:00Z,Houston Texans,Buffalo Bills,spreads,alternate_spreads,,5.5,Houston Texans,5.5,fanduel,-265,1.3773584905660377,0.7024161412023043,1.1032638428562676,2026-09-06T21:08:49Z,10.798485,conditional_non_push,0.6967184801381693,consensus_plus_empirical_residual_model,live_snapshot_not_T60,pinnacle,0429f26001c34a898e140542,0.6813282899928003,0.6813282899928003,-213.80256502135285,-51.19743497864715,2,OK,-222,draftkings,-222,False,False,-1.0,closest_offered_consensus_to_50pct_no_interpolation,0.6967184801381693,-35.27334851936217,0.0,0.6967184801381693,EMPIRICAL_RECONSTRUCTED_HISTORY,0897c49705a05c04d65f1c02a830bc8446166ee6750153b629f2f4c40766b03b,4a14b3fdf51d13786a2e905526f21d4fe7601226e01da29583be8ff3210a7041,work/market-distribution-v1/artifacts/4a14b3fdf51d13786a2e905526f21d4fe7601226e01da29583be8ff3210a7041.json,-1.0,44.5,False,False,none,False,0.8483592400690846,0.0,eec35edb10ded38f
3b16811440b0e34666d5bab1,2026-09-06T21:08:59.798485+00:00,eec35edb10ded38f0500e83e9aaf8252f63479442c90d3b0d1ad36855ebf8efe,7e09efed7e12c659b82740b67ce2f9a1,1,2026-09-13T17:00:00Z,Houston Texans,Buffalo Bills,spreads,alternate_spreads,,-6.5,Buffalo Bills,6.5,draftkings,-298,1.3355704697986577,0.7216796048789106,1.127231368587323,2026-09-06T21:08:19Z,40.798485,conditional_non_push,0.6867012089810017,consensus_plus_empirical_residual_model,live_snapshot_not_T60,pinnacle,bacaa54986d9719352399f5a,0.7276480605437983,0.7276480605437983,-267.1719768167155,-30.828023183284472,2,OK,-298,draftkings,-298,False,False,1.0,closest_offered_consensus_to_50pct_no_interpolation,0.6867012089810017,-78.81587651598673,0.0,0.6867012089810017,EMPIRICAL_RECONSTRUCTED_HISTORY,0897c49705a05c04d65f1c02a830bc8446166ee6750153b629f2f4c40766b03b,4a14b3fdf51d13786a2e905526f21d4fe7601226e01da29583be8ff3210a7041,work/market-distribution-v1/artifacts/4a14b3fdf51d13786a2e905526f21d4fe7601226e01da29583be8ff3210a7041.json,-1.0,44.5,False,False,none,False,0.8317789291882556,0.0,eec35edb10ded38f
293573b44b69c9e0e8da8521,2026-09-06T21:08:59.798485+00:00,eec35edb10ded38f0500e83e9aaf8252f63479442c90d3b0d1ad36855ebf8efe,7e09efed7e12c659b82740b67ce2f9a1,1,2026-09-13T17:00:00Z,Houston Texans,Buffalo Bills,spreads,alternate_spreads,,-6.5,Buffalo Bills,6.5,fanduel,-310,1.3225806451612903,0.7336165162086862,1.107960001549078,2026-09-06T21:08:49Z,10.798485,conditional_non_push,0.6867012089810017,consensus_plus_empirical_residual_model,live_snapshot_not_T60,pinnacle,bacaa54986d9719352399f5a,0.7276480605437983,0.7276480605437983,-267.1719768167155,-42.82802318328447,2,OK,-298,draftkings,-298,False,False,1.0,closest_offered_consensus_to_50pct_no_interpolation,0.6867012089810017,-90.81587651598673,0.0,0.6867012089810017,EMPIRICAL_RECONSTRUCTED_HISTORY,0897c49705a05c04d65f1c02a830bc8446166ee6750153b629f2f4c40766b03b,4a14b3fdf51d13786a2e905526f21d4fe7601226e01da29583be8ff3210a7041,work/market-distribution-v1/artifacts/4a14b3fdf51d13786a2e905526f21d4fe7601226e01da29583be8ff3210a7041.json,-1.0,44.5,False,False,none,False,0.8317789291882556,0.0,eec35edb10ded38f
7979ae95b8025f9fc0d37735,2026-09-06T21:08:59.798485+00:00,eec35edb10ded38f0500e83e9aaf8252f63479442c90d3b0d1ad36855ebf8efe,7e09efed7e12c659b82740b67ce2f9a1,1,2026-09-13T17:00:00Z,Houston Texans,Buffalo Bills,spreads,alternate_spreads,,6.5,Houston Texans,6.5,draftkings,-255,1.392156862745098,0.6899329121054627,1.1218260648786385,2026-09-06T21:08:19Z,40.798485,conditional_non_push,0.7291882556131261,consensus_plus_empirical_residual_model,live_snapshot_not_T60,pinnacle,c612aa52e0e03090eb2168bb,0.7171948085700776,0.7171948085700776,-253.60029812175299,-1.399701878247015,2,OK,-255,draftkings,-255,False,False,-1.0,closest_offered_consensus_to_50pct_no_interpolation,0.7291882556131261,14.260204081632594,0.0,0.7291882556131261,EMPIRICAL_RECONSTRUCTED_HISTORY,0897c49705a05c04d65f1c02a830bc8446166ee6750153b629f2f4c40766b03b,4a14b3fdf51d13786a2e905526f21d4fe7601226e01da29583be8ff3210a7041,work/market-distribution-v1/artifacts/4a14b3fdf51d13786a2e905526f21d4fe7601226e01da29583be8ff3210a7041.json,-1.0,44.5,False,False,none,False,0.8666666666666667,0.0,eec35edb10ded38f
41fedcef1292fb379703c251,2026-09-06T21:08:59.798485+00:00,eec35edb10ded38f0500e83e9aaf8252f63479442c90d3b0d1ad36855ebf8efe,7e09efed7e12c659b82740b67ce2f9a1,1,2026-09-13T17:00:00Z,Houston Texans,Buffalo Bills,spreads,alternate_spreads,,6.5,Houston Texans,6.5,fanduel,-330,1.303030303030303,0.7444567050346924,1.1148805544872356,2026-09-06T21:08:49Z,10.798485,conditional_non_push,0.7291882556131261,consensus_plus_empirical_residual_model,live_snapshot_not_T60,pinnacle,c612aa52e0e03090eb2168bb,0.7171948085700776,0.7171948085700776,-253.60029812175299,-76.39970187824701,2,OK,-255,draftkings,-255,False,False,-1.0,closest_offered_consensus_to_50pct_no_interpolation,0.7291882556131261,-60.739795918367406,0.0,0.7291882556131261,EMPIRICAL_RECONSTRUCTED_HISTORY,0897c49705a05c04d65f1c02a830bc8446166ee6750153b629f2f4c40766b03b,4a14b3fdf51d13786a2e905526f21d4fe7601226e01da29583be8ff3210a7041,work/market-distribution-v1/artifacts/4a14b3fdf51d13786a2e905526f21d4fe7601226e01da29583be8ff3210a7041.json,-1.0,44.5,False,False,none,False,0.8666666666666667,0.0,eec35edb10ded38f
60004a7f19eaf91cbe89df05,2026-09-06T21:08:59.798485+00:00,eec35edb10ded38f0500e83e9aaf8252f63479442c90d3b0d1ad36855ebf8efe,7e09efed7e12c659b82740b67ce2f9a1,1,2026-09-13T17:00:00Z,Houston Texans,Buffalo Bills,spreads,alternate_spreads,,-7.5,Buffalo Bills,7.5,draftkings,-385,1.2597402597402598,0.768833936999962,1.13847532859159,2026-09-06T21:08:19Z,40.798485,conditional_non_push,0.7119170984455958,consensus_plus_empirical_residual_model,live_snapshot_not_T60,pinnacle,fe704d10569f2d412d888d63,0.779500928930843,0.779500928930843,-353.5166498213326,-31.483350178667422,2,OK,-385,draftkings,-385,False,False,1.0,closest_offered_consensus_to_50pct_no_interpolation,0.7119170984455958,-137.87769784172667,0.0,0.7119170984455958,EMPIRICAL_RECONSTRUCTED_HISTORY,0897c49705a05c04d65f1c02a830bc8446166ee6750153b629f2f4c40766b03b,4a14b3fdf51d13786a2e905526f21d4fe7601226e01da29583be8ff3210a7041,work/market-distribution-v1/artifacts/4a14b3fdf51d13786a2e905526f21d4fe7601226e01da29583be8ff3210a7041.json,-1.0,44.5,False,False,none,False,0.846286701208981,0.0,eec35edb10ded38f
64f886e0a6c2abf12b1a7f8b,2026-09-06T21:08:59.798485+00:00,eec35edb10ded38f0500e83e9aaf8252f63479442c90d3b0d1ad36855ebf8efe,7e09efed7e12c659b82740b67ce2f9a1,1,2026-09-13T17:00:00Z,Houston Texans,Buffalo Bills,spreads,alternate_spreads,,-7.5,Buffalo Bills,7.5,fanduel,-430,1.2325581395348837,0.790167920861724,1.1263464204120908,2026-09-06T21:08:49Z,10.798485,conditional_non_push,0.7119170984455958,consensus_plus_empirical_residual_model,live_snapshot_not_T60,pinnacle,fe704d10569f2d412d888d63,0.779500928930843,0.779500928930843,-353.5166498213326,-76.48335017866742,2,OK,-385,draftkings,-385,False,False,1.0,closest_offered_consensus_to_50pct_no_interpolation,0.7119170984455958,-182.87769784172667,0.0,0.7119170984455958,EMPIRICAL_RECONSTRUCTED_HISTORY,0897c49705a05c04d65f1c02a830bc8446166ee6750153b629f2f4c40766b03b,4a14b3fdf51d13786a2e905526f21d4fe7601226e01da29583be8ff3210a7041,work/market-distribution-v1/artifacts/4a14b3fdf51d13786a2e905526f21d4fe7601226e01da29583be8ff3210a7041.json,-1.0,44.5,False,False,none,False,0.846286701208981,0.0,eec35edb10ded38f
c1e9464f3e9c1c0e1b64a8b6,2026-09-06T21:08:59.798485+00:00,eec35edb10ded38f0500e83e9aaf8252f63479442c90d3b0d1ad36855ebf8efe,7e09efed7e12c659b82740b67ce2f9a1,1,2026-09-13T17:00:00Z,Houston Texans,Buffalo Bills,spreads,alternate_spreads,,7.5,Houston Texans,7.5,draftkings,-321,1.3115264797507789,0.7360428410222599,1.1300749326459196,2026-09-06T21:08:19Z,40.798485,conditional_non_push,0.7523316062176166,consensus_plus_empirical_residual_model,live_snapshot_not_T60,pinnacle,3bbee377b11fef997c14c9de,0.7540749038467411,0.7540749038467411,-306.62787801729957,-14.372121982700435,3,OK,-321,draftkings,-321,False,False,-1.0,closest_offered_consensus_to_50pct_no_interpolation,0.7523316062176166,-17.234309623430875,0.0,0.7523316062176166,EMPIRICAL_RECONSTRUCTED_HISTORY,0897c49705a05c04d65f1c02a830bc8446166ee6750153b629f2f4c40766b03b,4a14b3fdf51d13786a2e905526f21d4fe7601226e01da29583be8ff3210a7041,work/market-distribution-v1/artifacts/4a14b3fdf51d13786a2e905526f21d4fe7601226e01da29583be8ff3210a7041.json,-1.0,44.5,False,False,none,False,0.8829015544041451,0.0,eec35edb10ded38f
ae8ab146afe0ba7025373829,2026-09-06T21:08:59.798485+00:00,eec35edb10ded38f0500e83e9aaf8252f63479442c90d3b0d1ad36855ebf8efe,7e09efed7e12c659b82740b67ce2f9a1,1,2026-09-13T17:00:00Z,Houston Texans,Buffalo Bills,spreads,alternate_spreads,,7.5,Houston Texans,7.5,fanduel,-430,1.2325581395348837,0.790167920861724,1.1263464204120908,2026-09-06T21:08:49Z,10.798485,conditional_non_push,0.7523316062176166,consensus_plus_empirical_residual_model,live_snapshot_not_T60,pinnacle,3bbee377b11fef997c14c9de,0.7540749038467411,0.7540749038467411,-306.62787801729957,-123.37212198270043,3,OK,-321,draftkings,-321,False,False,-1.0,closest_offered_consensus_to_50pct_no_interpolation,0.7523316062176166,-126.23430962343087,0.0,0.7523316062176166,EMPIRICAL_RECONSTRUCTED_HISTORY,0897c49705a05c04d65f1c02a830bc8446166ee6750153b629f2f4c40766b03b,4a14b3fdf51d13786a2e905526f21d4fe7601226e01da29583be8ff3210a7041,work/market-distribution-v1/artifacts/4a14b3fdf51d13786a2e905526f21d4fe7601226e01da29583be8ff3210a7041.json,-1.0,44.5,False,False,none,False,0.8829015544041451,0.0,eec35edb10ded38f
6b80a76cb16714005b95ed9d,2026-09-06T21:08:59.798485+00:00,eec35edb10ded38f0500e83e9aaf8252f63479442c90d3b0d1ad36855ebf8efe,7e09efed7e12c659b82740b67ce2f9a1,1,2026-09-13T17:00:00Z,Houston Texans,Buffalo Bills,spreads,alternate_spreads,,7.5,Houston Texans,7.5,pinnacle,-336,1.2976190476190477,0.7540749038467414,1.083416113993768,2026-09-06T21:08:57Z,2.798485,conditional_non_push,0.7523316062176166,consensus_plus_empirical_residual_model,live_snapshot_not_T60,pinnacle,3bbee377b11fef997c14c9de,0.7540749038467411,0.7540749038467411,-306.62787801729957,-29.372121982700435,3,OK,-321,draftkings,-321,False,False,-1.0,closest_offered_consensus_to_50pct_no_interpolation,0.7523316062176166,-32.234309623430875,0.0,0.7523316062176166,EMPIRICAL_RECONSTRUCTED_HISTORY,0897c49705a05c04d65f1c02a830bc8446166ee6750153b629f2f4c40766b03b,4a14b3fdf51d13786a2e905526f21d4fe7601226e01da29583be8ff3210a7041,work/market-distribution-v1/artifacts/4a14b3fdf51d13786a2e905526f21d4fe7601226e01da29583be8ff3210a7041.json,-1.0,44.5,False,False,none,False,0.8829015544041451,0.0,eec35edb10ded38f
ed26eaccb1324d1e091aeaf9,2026-09-06T21:08:59.798485+00:00,eec35edb10ded38f0500e83e9aaf8252f63479442c90d3b0d1ad36855ebf8efe,7e09efed7e12c659b82740b67ce2f9a1,1,2026-09-13T17:00:00Z,Houston Texans,Buffalo Bills,spreads,alternate_spreads,,-8.5,Buffalo Bills,8.5,draftkings,-433,1.2309468822170901,0.7882702078418096,1.1450096852766696,2026-09-06T21:08:19Z,40.798485,conditional_non_push,0.740587219343696,consensus_plus_empirical_residual_model,live_snapshot_not_T60,pinnacle,05cb49422bfffdae36e26959,0.8008207985406185,0.8008207985406185,-402.06045243329754,-30.93954756670246,2,OK,-433,draftkings,-433,False,False,1.0,closest_offered_consensus_to_50pct_no_interpolation,0.740587219343696,-147.51398135818914,0.0,0.740587219343696,EMPIRICAL_RECONSTRUCTED_HISTORY,0897c49705a05c04d65f1c02a830bc8446166ee6750153b629f2f4c40766b03b,4a14b3fdf51d13786a2e905526f21d4fe7601226e01da29583be8ff3210a7041,work/market-distribution-v1/artifacts/4a14b3fdf51d13786a2e905526f21d4fe7601226e01da29583be8ff3210a7041.json,-1.0,44.5,False,False,none,False,0.8614853195164076,0.0,eec35edb10ded38f
e91a0dc3d196850c3cf6d186,2026-09-06T21:08:59.798485+00:00,eec35edb10ded38f0500e83e9aaf8252f63479442c90d3b0d1ad36855ebf8efe,7e09efed7e12c659b82740b67ce2f9a1,1,2026-09-13T17:00:00Z,Houston Texans,Buffalo Bills,spreads,alternate_spreads,,-8.5,Buffalo Bills,8.5,fanduel,-500,1.2,0.8133713892394274,1.1329842945702202,2026-09-06T21:08:49Z,10.798485,conditional_non_push,0.740587219343696,consensus_plus_empirical_residual_model,live_snapshot_not_T60,pinnacle,05cb49422bfffdae36e26959,0.8008207985406185,0.8008207985406185,-402.06045243329754,-97.93954756670246,2,OK,-433,draftkings,-433,False,False,1.0,closest_offered_consensus_to_50pct_no_interpolation,0.740587219343696,-214.51398135818914,0.0,0.740587219343696,EMPIRICAL_RECONSTRUCTED_HISTORY,0897c49705a05c04d65f1c02a830bc8446166ee6750153b629f2f4c40766b03b,4a14b3fdf51d13786a2e905526f21d4fe7601226e01da29583be8ff3210a7041,work/market-distribution-v1/artifacts/4a14b3fdf51d13786a2e905526f21d4fe7601226e01da29583be8ff3210a7041.json,-1.0,44.5,False,False,none,False,0.8614853195164076,0.0,eec35edb10ded38f
e39a287b0432bdd59ac68190,2026-09-06T21:08:59.798485+00:00,eec35edb10ded38f0500e83e9aaf8252f63479442c90d3b0d1ad36855ebf8efe,7e09efed7e12c659b82740b67ce2f9a1,1,2026-09-13T17:00:00Z,Houston Texans,Buffalo Bills,spreads,alternate_spreads,,8.5,Houston Texans,8.5,draftkings,-360,1.2777777777777777,0.7571470573443574,1.1349338747216895,2026-09-06T21:08:19Z,40.798485,conditional_non_push,0.7751295336787565,consensus_plus_empirical_residual_model,live_snapshot_not_T60,pinnacle,2604bfa579311bb6dfc6be99,0.788016257910011,0.788016257910011,-371.7342896869378,11.734289686937814,2,OK,-360,draftkings,-360,False,False,-1.0,closest_offered_consensus_to_50pct_no_interpolation,0.7751295336787565,-15.299539170506876,0.0,0.7751295336787565,EMPIRICAL_RECONSTRUCTED_HISTORY,0897c49705a05c04d65f1c02a830bc8446166ee6750153b629f2f4c40766b03b,4a14b3fdf51d13786a2e905526f21d4fe7601226e01da29583be8ff3210a7041,work/market-distribution-v1/artifacts/4a14b3fdf51d13786a2e905526f21d4fe7601226e01da29583be8ff3210a7041.json,-1.0,44.5,False,False,none,False,0.8932642487046633,0.0,eec35edb10ded38f
98e035d682dae55f6bd37809,2026-09-06T21:08:59.798485+00:00,eec35edb10ded38f0500e83e9aaf8252f63479442c90d3b0d1ad36855ebf8efe,7e09efed7e12c659b82740b67ce2f9a1,1,2026-09-13T17:00:00Z,Houston Texans,Buffalo Bills,spreads,alternate_spreads,,8.5,Houston Texans,8.5,fanduel,-520,1.1923076923076923,0.8188854584756646,1.1359958107389625,2026-09-06T21:08:49Z,10.798485,conditional_non_push,0.7751295336787565,consensus_plus_empirical_residual_model,live_snapshot_not_T60,pinnacle,2604bfa579311bb6dfc6be99,0.788016257910011,0.788016257910011,-371.7342896869378,-148.2657103130622,2,OK,-360,draftkings,-360,False,False,-1.0,closest_offered_consensus_to_50pct_no_interpolation,0.7751295336787565,-175.29953917050688,0.0,0.7751295336787565,EMPIRICAL_RECONSTRUCTED_HISTORY,0897c49705a05c04d65f1c02a830bc8446166ee6750153b629f2f4c40766b03b,4a14b3fdf51d13786a2e905526f21d4fe7601226e01da29583be8ff3210a7041,work/market-distribution-v1/artifacts/4a14b3fdf51d13786a2e905526f21d4fe7601226e01da29583be8ff3210a7041.json,-1.0,44.5,False,False,none,False,0.8932642487046633,0.0,eec35edb10ded38f
817a3c3b32cfec0873f0c116,2026-09-06T21:08:59.798485+00:00,eec35edb10ded38f0500e83e9aaf8252f63479442c90d3b0d1ad36855ebf8efe,7e09efed7e12c659b82740b67ce2f9a1,1,2026-09-13T17:00:00Z,Houston Texans,Buffalo Bills,spreads,alternate_spreads,,-9.5,Buffalo Bills,9.5,draftkings,-470,1.2127659574468086,0.8012097339558644,1.1489285325466239,2026-09-06T21:08:19Z,40.798485,conditional_non_push,0.7609671848013817,consensus_plus_empirical_residual_model,live_snapshot_not_T60,pinnacle,559fde759a0882a7185f7654,0.8117477136022391,0.8117477136022391,-431.20204760067867,-38.79795239932133,2,OK,-470,draftkings,-470,False,False,1.0,closest_offered_consensus_to_50pct_no_interpolation,0.7609671848013817,-151.64739884393066,0.0,0.7609671848013817,EMPIRICAL_RECONSTRUCTED_HISTORY,0897c49705a05c04d65f1c02a830bc8446166ee6750153b629f2f4c40766b03b,4a14b3fdf51d13786a2e905526f21d4fe7601226e01da29583be8ff3210a7041,work/market-distribution-v1/artifacts/4a14b3fdf51d13786a2e905526f21d4fe7601226e01da29583be8ff3210a7041.json,-1.0,44.5,False,False,none,False,0.8763385146804836,0.0,eec35edb10ded38f
1af166b6c42e003f613cb652,2026-09-06T21:08:59.798485+00:00,eec35edb10ded38f0500e83e9aaf8252f63479442c90d3b0d1ad36855ebf8efe,7e09efed7e12c659b82740b67ce2f9a1,1,2026-09-13T17:00:00Z,Houston Texans,Buffalo Bills,spreads,alternate_spreads,,-9.5,Buffalo Bills,9.5,fanduel,-530,1.1886792452830188,0.8222856932486139,1.132053930386304,2026-09-06T21:08:49Z,10.798485,conditional_non_push,0.7609671848013817,consensus_plus_empirical_residual_model,live_snapshot_not_T60,pinnacle,559fde759a0882a7185f7654,0.8117477136022391,0.8117477136022391,-431.20204760067867,-98.79795239932133,2,OK,-470,draftkings,-470,False,False,1.0,closest_offered_consensus_to_50pct_no_interpolation,0.7609671848013817,-211.64739884393066,0.0,0.7609671848013817,EMPIRICAL_RECONSTRUCTED_HISTORY,0897c49705a05c04d65f1c02a830bc8446166ee6750153b629f2f4c40766b03b,4a14b3fdf51d13786a2e905526f21d4fe7601226e01da29583be8ff3210a7041,work/market-distribution-v1/artifacts/4a14b3fdf51d13786a2e905526f21d4fe7601226e01da29583be8ff3210a7041.json,-1.0,44.5,False,False,none,False,0.8763385146804836,0.0,eec35edb10ded38f
974ba086ef8c75a749b8467d,2026-09-06T21:08:59.798485+00:00,eec35edb10ded38f0500e83e9aaf8252f63479442c90d3b0d1ad36855ebf8efe,7e09efed7e12c659b82740b67ce2f9a1,1,2026-09-13T17:00:00Z,Houston Texans,Buffalo Bills,spreads,alternate_spreads,,9.5,Houston Texans,9.5,draftkings,-388,1.2577319587628866,0.7702495228514674,1.1383746264159234,2026-09-06T21:08:19Z,40.798485,conditional_non_push,0.8003454231433506,consensus_plus_empirical_residual_model,live_snapshot_not_T60,pinnacle,6bac63a5e7820dae579d064a,0.7962676080500406,0.7962676080500406,-390.83996434186037,2.839964341860366,2,OK,-388,draftkings,-388,False,False,-1.0,closest_offered_consensus_to_50pct_no_interpolation,0.8003454231433506,12.865051903114079,0.0,0.8003454231433506,EMPIRICAL_RECONSTRUCTED_HISTORY,0897c49705a05c04d65f1c02a830bc8446166ee6750153b629f2f4c40766b03b,4a14b3fdf51d13786a2e905526f21d4fe7601226e01da29583be8ff3210a7041,work/market-distribution-v1/artifacts/4a14b3fdf51d13786a2e905526f21d4fe7601226e01da29583be8ff3210a7041.json,-1.0,44.5,False,False,none,False,0.9050086355785838,0.0,eec35edb10ded38f
196ae2076993073d1360dc00,2026-09-06T21:08:59.798485+00:00,eec35edb10ded38f0500e83e9aaf8252f63479442c90d3b0d1ad36855ebf8efe,7e09efed7e12c659b82740b67ce2f9a1,1,2026-09-13T17:00:00Z,Houston Texans,Buffalo Bills,spreads,alternate_spreads,,9.5,Houston Texans,9.5,fanduel,-530,1.1886792452830188,0.8222856932486139,1.132053930386304,2026-09-06T21:08:49Z,10.798485,conditional_non_push,0.8003454231433506,consensus_plus_empirical_residual_model,live_snapshot_not_T60,pinnacle,6bac63a5e7820dae579d064a,0.7962676080500406,0.7962676080500406,-390.83996434186037,-139.16003565813963,2,OK,-388,draftkings,-388,False,False,-1.0,closest_offered_consensus_to_50pct_no_interpolation,0.8003454231433506,-129.13494809688592,0.0,0.8003454231433506,EMPIRICAL_RECONSTRUCTED_HISTORY,0897c49705a05c04d65f1c02a830bc8446166ee6750153b629f2f4c40766b03b,4a14b3fdf51d13786a2e905526f21d4fe7601226e01da29583be8ff3210a7041,work/market-distribution-v1/artifacts/4a14b3fdf51d13786a2e905526f21d4fe7601226e01da29583be8ff3210a7041.json,-1.0,44.5,False,False,none,False,0.9050086355785838,0.0,eec35edb10ded38f
807f0127faa26c4534cb20c8,2026-09-06T21:08:59.798485+00:00,eec35edb10ded38f0500e83e9aaf8252f63479442c90d3b0d1ad36855ebf8efe,7e09efed7e12c659b82740b67ce2f9a1,1,2026-09-13T17:00:00Z,Houston Texans,Buffalo Bills,totals,alternate_totals,,19.5,Over,19.5,fanduel,-50000,1.002,0.9966838601590248,1.6624854814709127,2026-09-06T21:08:49Z,10.798485,conditional_non_push,0.9823834196891191,consensus_plus_empirical_residual_model,live_snapshot_not_T60,pinnacle,870430d5441e3c804e12c709,0.9966838601590248,0.9966838601590248,-30055.54373321947,-19944.45626678053,1,FEWER_THAN_TWO_BOOKS,-50000,fanduel,-50000,False,False,44.5,closest_offered_consensus_to_50pct_no_interpolation,0.9823834196891191,-44423.52941176472,0.0,0.9823834196891191,EMPIRICAL_RECONSTRUCTED_HISTORY,0897c49705a05c04d65f1c02a830bc8446166ee6750153b629f2f4c40766b03b,4a14b3fdf51d13786a2e905526f21d4fe7601226e01da29583be8ff3210a7041,work/market-distribution-v1/artifacts/4a14b3fdf51d13786a2e905526f21d4fe7601226e01da29583be8ff3210a7041.json,-1.0,44.5,False,False,none,False,0.9958549222797928,0.0,eec35edb10ded38f
ac9f261ca9ff220972196d75,2026-09-06T21:08:59.798485+00:00,eec35edb10ded38f0500e83e9aaf8252f63479442c90d3b0d1ad36855ebf8efe,7e09efed7e12c659b82740b67ce2f9a1,1,2026-09-13T17:00:00Z,Houston Texans,Buffalo Bills,totals,alternate_totals,,19.5,Under,19.5,fanduel,3000,31.0,0.003316139840975339,1.6624854814709127,2026-09-06T21:08:49Z,10.798485,conditional_non_push,0.017616580310880828,consensus_plus_empirical_residual_model,live_snapshot_not_T60,pinnacle,870430d5441e3c804e12c709,0.003316139840975339,0.003316139840975339,30055.543733218477,-27055.543733218477,1,FEWER_THAN_TWO_BOOKS,3000,fanduel,3000,False,False,44.5,closest_offered_consensus_to_50pct_no_interpolation,0.017616580310880828,-2576.4705882352946,0.0,0.017616580310880828,EMPIRICAL_RECONSTRUCTED_HISTORY,0897c49705a05c04d65f1c02a830bc8446166ee6750153b629f2f4c40766b03b,4a14b3fdf51d13786a2e905526f21d4fe7601226e01da29583be8ff3210a7041,work/market-distribution-v1/artifacts/4a14b3fdf51d13786a2e905526f21d4fe7601226e01da29583be8ff3210a7041.json,-1.0,44.5,False,False,none,False,0.05768566493955095,0.0,eec35edb10ded38f
3b2ad272ccc4291f0ba959fe,2026-09-06T21:08:59.798485+00:00,eec35edb10ded38f0500e83e9aaf8252f63479442c90d3b0d1ad36855ebf8efe,7e09efed7e12c659b82740b67ce2f9a1,1,2026-09-13T17:00:00Z,Houston Texans,Buffalo Bills,totals,alternate_totals,,20.5,Over,20.5,fanduel,-20000,1.005,0.9925315301958958,1.503044826687773,2026-09-06T21:08:49Z,10.798485,conditional_non_push,0.9761658031088083,consensus_plus_empirical_residual_model,live_snapshot_not_T60,pinnacle,3a02916f64e15215531036b8,0.9925315301958956,0.9925315301958956,-13289.623660932963,-6710.376339067037,1,FEWER_THAN_TWO_BOOKS,-20000,fanduel,-20000,False,False,44.5,closest_offered_consensus_to_50pct_no_interpolation,0.9761658031088083,-15904.347826086956,0.0,0.9761658031088083,EMPIRICAL_RECONSTRUCTED_HISTORY,0897c49705a05c04d65f1c02a830bc8446166ee6750153b629f2f4c40766b03b,4a14b3fdf51d13786a2e905526f21d4fe7601226e01da29583be8ff3210a7041,work/market-distribution-v1/artifacts/4a14b3fdf51d13786a2e905526f21d4fe7601226e01da29583be8ff3210a7041.json,-1.0,44.5,False,False,none,False,0.9934369602763385,0.0,eec35edb10ded38f
ae0792169effa3cbce3bf755,2026-09-06T21:08:59.798485+00:00,eec35edb10ded38f0500e83e9aaf8252f63479442c90d3b0d1ad36855ebf8efe,7e09efed7e12c659b82740b67ce2f9a1,1,2026-09-13T17:00:00Z,Houston Texans,Buffalo Bills,totals,alternate_totals,,20.5,Under,20.5,fanduel,2500,26.0,0.00746846980410443,1.503044826687773,2026-09-06T21:08:49Z,10.798485,conditional_non_push,0.02383419689119171,consensus_plus_empirical_residual_model,live_snapshot_not_T60,pinnacle,3a02916f64e15215531036b8,0.007468469804104428,0.007468469804104428,13289.62366093296,-10789.62366093296,1,FEWER_THAN_TWO_BOOKS,2500,fanduel,2500,False,False,44.5,closest_offered_consensus_to_50pct_no_interpolation,0.02383419689119171,-1595.652173913044,0.0,0.02383419689119171,EMPIRICAL_RECONSTRUCTED_HISTORY,0897c49705a05c04d65f1c02a830bc8446166ee6750153b629f2f4c40766b03b,4a14b3fdf51d13786a2e905526f21d4fe7601226e01da29583be8ff3210a7041,work/market-distribution-v1/artifacts/4a14b3fdf51d13786a2e905526f21d4fe7601226e01da29583be8ff3210a7041.json,-1.0,44.5,False,False,none,False,0.06701208981001727,0.0,eec35edb10ded38f
614e358a6757e2a116b1df4b,2026-09-06T21:08:59.798485+00:00,eec35edb10ded38f0500e83e9aaf8252f63479442c90d3b0d1ad36855ebf8efe,7e09efed7e12c659b82740b67ce2f9a1,1,2026-09-13T17:00:00Z,Houston Texans,Buffalo Bills,totals,alternate_totals,,21.5,Over,21.5,fanduel,-20000,1.005,0.9921008330861376,1.5900680904921125,2026-09-06T21:08:49Z,10.798485,conditional_non_push,0.9709844559585492,consensus_plus_empirical_residual_model,live_snapshot_not_T60,pinnacle,fb054f6bfd63ca8e43669854,0.9921008330861374,0.9921008330861374,-12559.562848900612,-7440.437151099388,1,FEWER_THAN_TWO_BOOKS,-20000,fanduel,-20000,False,False,44.5,closest_offered_consensus_to_50pct_no_interpolation,0.9709844559585492,-16653.57142857143,0.0,0.9709844559585492,EMPIRICAL_RECONSTRUCTED_HISTORY,0897c49705a05c04d65f1c02a830bc8446166ee6750153b629f2f4c40766b03b,4a14b3fdf51d13786a2e905526f21d4fe7601226e01da29583be8ff3210a7041,work/market-distribution-v1/artifacts/4a14b3fdf51d13786a2e905526f21d4fe7601226e01da29583be8ff3210a7041.json,-1.0,44.5,False,False,none,False,0.9920552677029361,0.0,eec35edb10ded38f
5ee8cf81d7d817103d98b2f7,2026-09-06T21:08:59.798485+00:00,eec35edb10ded38f0500e83e9aaf8252f63479442c90d3b0d1ad36855ebf8efe,7e09efed7e12c659b82740b67ce2f9a1,1,2026-09-13T17:00:00Z,Houston Texans,Buffalo Bills,totals,alternate_totals,,21.5,Under,21.5,fanduel,2000,21.0,0.0078991669138625,1.5900680904921125,2026-09-06T21:08:49Z,10.798485,conditional_non_push,0.029015544041450778,consensus_plus_empirical_residual_model,live_snapshot_not_T60,pinnacle,fb054f6bfd63ca8e43669854,0.007899166913862499,0.007899166913862499,12559.56284890079,-10559.56284890079,1,FEWER_THAN_TWO_BOOKS,2000,fanduel,2000,False,False,44.5,closest_offered_consensus_to_50pct_no_interpolation,0.029015544041450778,-1346.4285714285716,0.0,0.029015544041450778,EMPIRICAL_RECONSTRUCTED_HISTORY,0897c49705a05c04d65f1c02a830bc8446166ee6750153b629f2f4c40766b03b,4a14b3fdf51d13786a2e905526f21d4fe7601226e01da29583be8ff3210a7041,work/market-distribution-v1/artifacts/4a14b3fdf51d13786a2e905526f21d4fe7601226e01da29583be8ff3210a7041.json,-1.0,44.5,False,False,none,False,0.07392055267702936,0.0,eec35edb10ded38f
32c3602237dc1f88de1259a2,2026-09-06T21:08:59.798485+00:00,eec35edb10ded38f0500e83e9aaf8252f63479442c90d3b0d1ad36855ebf8efe,7e09efed7e12c659b82740b67ce2f9a1,1,2026-09-13T17:00:00Z,Houston Texans,Buffalo Bills,totals,alternate_totals,,22.5,Over,22.5,fanduel,-10000,1.01,0.9855252573313199,1.4653305484836974,2026-09-06T21:08:49Z,10.798485,conditional_non_push,0.9671848013816926,consensus_plus_empirical_residual_model,live_snapshot_not_T60,pinnacle,b332e89887413d6e49b82374,0.9855252573313199,0.9855252573313199,-6808.585685352199,-3191.414314647801,1,FEWER_THAN_TWO_BOOKS,-10000,fanduel,-10000,False,False,44.5,closest_offered_consensus_to_50pct_no_interpolation,0.9671848013816926,-7052.631578947366,0.0,0.9671848013816926,EMPIRICAL_RECONSTRUCTED_HISTORY,0897c49705a05c04d65f1c02a830bc8446166ee6750153b629f2f4c40766b03b,4a14b3fdf51d13786a2e905526f21d4fe7601226e01da29583be8ff3210a7041,work/market-distribution-v1/artifacts/4a14b3fdf51d13786a2e905526f21d4fe7601226e01da29583be8ff3210a7041.json,-1.0,44.5,False,False,none,False,0.9903281519861831,0.0,eec35edb10ded38f
9b227fe7bad924825d68f2ab,2026-09-06T21:08:59.798485+00:00,eec35edb10ded38f0500e83e9aaf8252f63479442c90d3b0d1ad36855ebf8efe,7e09efed7e12c659b82740b67ce2f9a1,1,2026-09-13T17:00:00Z,Houston Texans,Buffalo Bills,totals,alternate_totals,,22.5,Under,22.5,fanduel,1700,18.0,0.014474742668680202,1.4653305484836974,2026-09-06T21:08:49Z,10.798485,conditional_non_push,0.03281519861830742,consensus_plus_empirical_residual_model,live_snapshot_not_T60,pinnacle,b332e89887413d6e49b82374,0.014474742668680202,0.014474742668680202,6808.585685352148,-5108.585685352148,1,FEWER_THAN_TWO_BOOKS,1700,fanduel,1700,False,False,44.5,closest_offered_consensus_to_50pct_no_interpolation,0.03281519861830742,-1247.3684210526317,0.0,0.03281519861830742,EMPIRICAL_RECONSTRUCTED_HISTORY,0897c49705a05c04d65f1c02a830bc8446166ee6750153b629f2f4c40766b03b,4a14b3fdf51d13786a2e905526f21d4fe7601226e01da29583be8ff3210a7041,work/market-distribution-v1/artifacts/4a14b3fdf51d13786a2e905526f21d4fe7601226e01da29583be8ff3210a7041.json,-1.0,44.5,False,False,none,False,0.08946459412780657,0.0,eec35edb10ded38f
6f55244a42f916115d646d85,2026-09-06T21:08:59.798485+00:00,eec35edb10ded38f0500e83e9aaf8252f63479442c90d3b0d1ad36855ebf8efe,7e09efed7e12c659b82740b67ce2f9a1,1,2026-09-13T17:00:00Z,Houston Texans,Buffalo Bills,totals,alternate_totals,,23.5,Over,23.5,draftkings,-10000,1.01,0.9844288009380927,1.5772041927059277,2026-09-06T21:08:19Z,40.798485,conditional_non_push,0.9595854922279793,consensus_plus_empirical_residual_model,live_snapshot_not_T60,pinnacle,6135112ad551f4642735694c,0.9822882787715125,0.9822882787715125,-5545.978655036647,-4454.021344963353,2,OK,-7000,fanduel,-7000,False,False,44.5,closest_offered_consensus_to_50pct_no_interpolation,0.9595854922279793,-7625.641025641025,0.0,0.9595854922279793,EMPIRICAL_RECONSTRUCTED_HISTORY,0897c49705a05c04d65f1c02a830bc8446166ee6750153b629f2f4c40766b03b,4a14b3fdf51d13786a2e905526f21d4fe7601226e01da29583be8ff3210a7041,work/market-distribution-v1/artifacts/4a14b3fdf51d13786a2e905526f21d4fe7601226e01da29583be8ff3210a7041.json,-1.0,44.5,False,False,none,False,0.9872193436960276,0.0,eec35edb10ded38f
8f531a900d8b41bd03f4904d,2026-09-06T21:08:59.798485+00:00,eec35edb10ded38f0500e83e9aaf8252f63479442c90d3b0d1ad36855ebf8efe,7e09efed7e12c659b82740b67ce2f9a1,1,2026-09-13T17:00:00Z,Houston Texans,Buffalo Bills,totals,alternate_totals,,23.5,Over,23.5,fanduel,-7000,1.0142857142857142,0.9801477566049323,1.4136385355001044,2026-09-06T21:08:49Z,10.798485,conditional_non_push,0.9595854922279793,consensus_plus_empirical_residual_model,live_snapshot_not_T60,pinnacle,6135112ad551f4642735694c,0.9822882787715125,0.9822882787715125,-5545.978655036647,-1454.021344963353,2,OK,-7000,fanduel,-7000,False,False,44.5,closest_offered_consensus_to_50pct_no_interpolation,0.9595854922279793,-4625.641025641025,0.0,0.9595854922279793,EMPIRICAL_RECONSTRUCTED_HISTORY,0897c49705a05c04d65f1c02a830bc8446166ee6750153b629f2f4c40766b03b,4a14b3fdf51d13786a2e905526f21d4fe7601226e01da29583be8ff3210a7041,work/market-distribution-v1/artifacts/4a14b3fdf51d13786a2e905526f21d4fe7601226e01da29583be8ff3210a7041.json,-1.0,44.5,False,False,none,False,0.9872193436960276,0.0,eec35edb10ded38f
bbde9c502b23cfcaaf75ba85,2026-09-06T21:08:59.798485+00:00,eec35edb10ded38f0500e83e9aaf8252f63479442c90d3b0d1ad36855ebf8efe,7e09efed7e12c659b82740b67ce2f9a1,1,2026-09-13T17:00:00Z,Houston Texans,Buffalo Bills,totals,alternate_totals,,23.5,Under,23.5,draftkings,1300,14.0,0.015571199061907322,1.5772041927059277,2026-09-06T21:08:19Z,40.798485,conditional_non_push,0.04041450777202073,consensus_plus_empirical_residual_model,live_snapshot_not_T60,pinnacle,6135112ad551f4642735694c,0.017711721228487586,0.017711721228487586,5545.978655036625,-4245.978655036625,2,OK,1500,fanduel,1500,False,False,44.5,closest_offered_consensus_to_50pct_no_interpolation,0.04041450777202073,-1074.3589743589741,0.0,0.04041450777202073,EMPIRICAL_RECONSTRUCTED_HISTORY,0897c49705a05c04d65f1c02a830bc8446166ee6750153b629f2f4c40766b03b,4a14b3fdf51d13786a2e905526f21d4fe7601226e01da29583be8ff3210a7041,work/market-distribution-v1/artifacts/4a14b3fdf51d13786a2e905526f21d4fe7601226e01da29583be8ff3210a7041.json,-1.0,44.5,False,False,none,False,0.10535405872193436,0.0,eec35edb10ded38f
7bbe5aa368505e63ddbf6075,2026-09-06T21:08:59.798485+00:00,eec35edb10ded38f0500e83e9aaf8252f63479442c90d3b0d1ad36855ebf8efe,7e09efed7e12c659b82740b67ce2f9a1,1,2026-09-13T17:00:00Z,Houston Texans,Buffalo Bills,totals,alternate_totals,,23.5,Under,23.5,fanduel,1500,16.0,0.019852243395067852,1.4136385355001044,2026-09-06T21:08:49Z,10.798485,conditional_non_push,0.04041450777202073,consensus_plus_empirical_residual_model,live_snapshot_not_T60,pinnacle,6135112ad551f4642735694c,0.017711721228487586,0.017711721228487586,5545.978655036625,-4045.9786550366252,2,OK,1500,fanduel,1500,False,False,44.5,closest_offered_consensus_to_50pct_no_interpolation,0.04041450777202073,-874.3589743589741,0.0,0.04041450777202073,EMPIRICAL_RECONSTRUCTED_HISTORY,0897c49705a05c04d65f1c02a830bc8446166ee6750153b629f2f4c40766b03b,4a14b3fdf51d13786a2e905526f21d4fe7601226e01da29583be8ff3210a7041,work/market-distribution-v1/artifacts/4a14b3fdf51d13786a2e905526f21d4fe7601226e01da29583be8ff3210a7041.json,-1.0,44.5,False,False,none,False,0.10535405872193436,0.0,eec35edb10ded38f
9bd8842fbfb265adf8f77e9f,2026-09-06T21:08:59.798485+00:00,eec35edb10ded38f0500e83e9aaf8252f63479442c90d3b0d1ad36855ebf8efe,7e09efed7e12c659b82740b67ce2f9a1,1,2026-09-13T17:00:00Z,Houston Texans,Buffalo Bills,totals,alternate_totals,,24.5,Over,24.5,draftkings,-10000,1.01,0.9840695929614115,1.6138820018586726,2026-09-06T21:08:19Z,40.798485,conditional_non_push,0.951986183074266,consensus_plus_empirical_residual_model,live_snapshot_not_T60,pinnacle,89e5d66d0c58b2d944eb8d09,0.9806292334028324,0.9806292334028324,-5062.418301742476,-4937.581698257524,2,OK,-6000,fanduel,-6000,False,False,44.5,closest_offered_consensus_to_50pct_no_interpolation,0.951986183074266,-8017.26618705036,0.0,0.951986183074266,EMPIRICAL_RECONSTRUCTED_HISTORY,0897c49705a05c04d65f1c02a830bc8446166ee6750153b629f2f4c40766b03b,4a14b3fdf51d13786a2e905526f21d4fe7601226e01da29583be8ff3210a7041,work/market-distribution-v1/artifacts/4a14b3fdf51d13786a2e905526f21d4fe7601226e01da29583be8ff3210a7041.json,-1.0,44.5,False,False,none,False,0.9861830742659758,0.0,eec35edb10ded38f
e7cd31a9750e6890b1312cae,2026-09-06T21:08:59.798485+00:00,eec35edb10ded38f0500e83e9aaf8252f63479442c90d3b0d1ad36855ebf8efe,7e09efed7e12c659b82740b67ce2f9a1,1,2026-09-13T17:00:00Z,Houston Texans,Buffalo Bills,totals,alternate_totals,,24.5,Over,24.5,fanduel,-6000,1.0166666666666666,0.9771888738442537,1.3960254027875676,2026-09-06T21:08:49Z,10.798485,conditional_non_push,0.951986183074266,consensus_plus_empirical_residual_model,live_snapshot_not_T60,pinnacle,89e5d66d0c58b2d944eb8d09,0.9806292334028324,0.9806292334028324,-5062.418301742476,-937.5816982575243,2,OK,-6000,fanduel,-6000,False,False,44.5,closest_offered_consensus_to_50pct_no_interpolation,0.951986183074266,-4017.26618705036,0.0,0.951986183074266,EMPIRICAL_RECONSTRUCTED_HISTORY,0897c49705a05c04d65f1c02a830bc8446166ee6750153b629f2f4c40766b03b,4a14b3fdf51d13786a2e905526f21d4fe7601226e01da29583be8ff3210a7041,work/market-distribution-v1/artifacts/4a14b3fdf51d13786a2e905526f21d4fe7601226e01da29583be8ff3210a7041.json,-1.0,44.5,False,False,none,False,0.9861830742659758,0.0,eec35edb10ded38f
c7804fa7c5f97d9ce187b5d6,2026-09-06T21:08:59.798485+00:00,eec35edb10ded38f0500e83e9aaf8252f63479442c90d3b0d1ad36855ebf8efe,7e09efed7e12c659b82740b67ce2f9a1,1,2026-09-13T17:00:00Z,Houston Texans,Buffalo Bills,totals,alternate_totals,,24.5,Under,24.5,draftkings,1200,13.0,0.01593040703858862,1.6138820018586726,2026-09-06T21:08:19Z,40.798485,conditional_non_push,0.048013816925734025,consensus_plus_empirical_residual_model,live_snapshot_not_T60,pinnacle,89e5d66d0c58b2d944eb8d09,0.01937076659716755,0.01937076659716755,5062.4183017424975,-3862.4183017424975,2,OK,1400,fanduel,1400,False,False,44.5,closest_offered_consensus_to_50pct_no_interpolation,0.048013816925734025,-782.7338129496402,0.0,0.048013816925734025,EMPIRICAL_RECONSTRUCTED_HISTORY,0897c49705a05c04d65f1c02a830bc8446166ee6750153b629f2f4c40766b03b,4a14b3fdf51d13786a2e905526f21d4fe7601226e01da29583be8ff3210a7041,work/market-distribution-v1/artifacts/4a14b3fdf51d13786a2e905526f21d4fe7601226e01da29583be8ff3210a7041.json,-1.0,44.5,False,False,none,False,0.12193436960276338,0.0,eec35edb10ded38f
c4630f7172ebe7f19eb84c8f,2026-09-06T21:08:59.798485+00:00,eec35edb10ded38f0500e83e9aaf8252f63479442c90d3b0d1ad36855ebf8efe,7e09efed7e12c659b82740b67ce2f9a1,1,2026-09-13T17:00:00Z,Houston Texans,Buffalo Bills,totals,alternate_totals,,24.5,Under,24.5,fanduel,1400,15.0,0.022811126155746486,1.3960254027875676,2026-09-06T21:08:49Z,10.798485,conditional_non_push,0.048013816925734025,consensus_plus_empirical_residual_model,live_snapshot_not_T60,pinnacle,89e5d66d0c58b2d944eb8d09,0.01937076659716755,0.01937076659716755,5062.4183017424975,-3662.4183017424975,2,OK,1400,fanduel,1400,False,False,44.5,closest_offered_consensus_to_50pct_no_interpolation,0.048013816925734025,-582.7338129496402,0.0,0.048013816925734025,EMPIRICAL_RECONSTRUCTED_HISTORY,0897c49705a05c04d65f1c02a830bc8446166ee6750153b629f2f4c40766b03b,4a14b3fdf51d13786a2e905526f21d4fe7601226e01da29583be8ff3210a7041,work/market-distribution-v1/artifacts/4a14b3fdf51d13786a2e905526f21d4fe7601226e01da29583be8ff3210a7041.json,-1.0,44.5,False,False,none,False,0.12193436960276338,0.0,eec35edb10ded38f
3ea85fbd2849fa1553865066,2026-09-06T21:08:59.798485+00:00,eec35edb10ded38f0500e83e9aaf8252f63479442c90d3b0d1ad36855ebf8efe,7e09efed7e12c659b82740b67ce2f9a1,1,2026-09-13T17:00:00Z,Houston Texans,Buffalo Bills,totals,alternate_totals,,25.5,Over,25.5,draftkings,-7200,1.0138888888888888,0.9788283336339557,1.551402940510056,2026-09-06T21:08:19Z,40.798485,conditional_non_push,0.942314335060449,consensus_plus_empirical_residual_model,live_snapshot_not_T60,pinnacle,5b345cb09f8f97b6d7b61369,0.9745703672149766,0.9745703672149766,-3832.420135413604,-3367.579864586396,2,OK,-4500,fanduel,-4500,False,False,44.5,closest_offered_consensus_to_50pct_no_interpolation,0.942314335060449,-5566.4670658682635,0.0,0.942314335060449,EMPIRICAL_RECONSTRUCTED_HISTORY,0897c49705a05c04d65f1c02a830bc8446166ee6750153b629f2f4c40766b03b,4a14b3fdf51d13786a2e905526f21d4fe7601226e01da29583be8ff3210a7041,work/market-distribution-v1/artifacts/4a14b3fdf51d13786a2e905526f21d4fe7601226e01da29583be8ff3210a7041.json,-1.0,44.5,False,False,none,False,0.9823834196891191,0.0,eec35edb10ded38f
b884425558d392fdae2f872c,2026-09-06T21:08:59.798485+00:00,eec35edb10ded38f0500e83e9aaf8252f63479442c90d3b0d1ad36855ebf8efe,7e09efed7e12c659b82740b67ce2f9a1,1,2026-09-13T17:00:00Z,Houston Texans,Buffalo Bills,totals,alternate_totals,,25.5,Over,25.5,fanduel,-4500,1.0222222222222221,0.9703124007959976,1.3711872498976208,2026-09-06T21:08:49Z,10.798485,conditional_non_push,0.942314335060449,consensus_plus_empirical_residual_model,live_snapshot_not_T60,pinnacle,5b345cb09f8f97b6d7b61369,0.9745703672149766,0.9745703672149766,-3832.420135413604,-667.5798645863961,2,OK,-4500,fanduel,-4500,False,False,44.5,closest_offered_consensus_to_50pct_no_interpolation,0.942314335060449,-2866.4670658682635,0.0,0.942314335060449,EMPIRICAL_RECONSTRUCTED_HISTORY,0897c49705a05c04d65f1c02a830bc8446166ee6750153b629f2f4c40766b03b,4a14b3fdf51d13786a2e905526f21d4fe7601226e01da29583be8ff3210a7041,work/market-distribution-v1/artifacts/4a14b3fdf51d13786a2e905526f21d4fe7601226e01da29583be8ff3210a7041.json,-1.0,44.5,False,False,none,False,0.9823834196891191,0.0,eec35edb10ded38f
0832eafcf6148aa92997a2ed,2026-09-06T21:08:59.798485+00:00,eec35edb10ded38f0500e83e9aaf8252f63479442c90d3b0d1ad36855ebf8efe,7e09efed7e12c659b82740b67ce2f9a1,1,2026-09-13T17:00:00Z,Houston Texans,Buffalo Bills,totals,alternate_totals,,25.5,Under,25.5,draftkings,1100,12.0,0.021171666366044395,1.551402940510056,2026-09-06T21:08:19Z,40.798485,conditional_non_push,0.05768566493955095,consensus_plus_empirical_residual_model,live_snapshot_not_T60,pinnacle,5b345cb09f8f97b6d7b61369,0.025429632785023464,0.025429632785023464,3832.4201354135967,-2732.4201354135967,2,OK,1200,fanduel,1200,False,False,44.5,closest_offered_consensus_to_50pct_no_interpolation,0.05768566493955095,-533.5329341317365,0.0,0.05768566493955095,EMPIRICAL_RECONSTRUCTED_HISTORY,0897c49705a05c04d65f1c02a830bc8446166ee6750153b629f2f4c40766b03b,4a14b3fdf51d13786a2e905526f21d4fe7601226e01da29583be8ff3210a7041,work/market-distribution-v1/artifacts/4a14b3fdf51d13786a2e905526f21d4fe7601226e01da29583be8ff3210a7041.json,-1.0,44.5,False,False,none,False,0.14473229706390328,0.0,eec35edb10ded38f
d2761d6e300930aec4fa3d4e,2026-09-06T21:08:59.798485+00:00,eec35edb10ded38f0500e83e9aaf8252f63479442c90d3b0d1ad36855ebf8efe,7e09efed7e12c659b82740b67ce2f9a1,1,2026-09-13T17:00:00Z,Houston Texans,Buffalo Bills,totals,alternate_totals,,25.5,Under,25.5,fanduel,1200,13.0,0.029687599204002532,1.3711872498976208,2026-09-06T21:08:49Z,10.798485,conditional_non_push,0.05768566493955095,consensus_plus_empirical_residual_model,live_snapshot_not_T60,pinnacle,5b345cb09f8f97b6d7b61369,0.025429632785023464,0.025429632785023464,3832.4201354135967,-2632.4201354135967,2,OK,1200,fanduel,1200,False,False,44.5,closest_offered_consensus_to_50pct_no_interpolation,0.05768566493955095,-433.5329341317365,0.0,0.05768566493955095,EMPIRICAL_RECONSTRUCTED_HISTORY,0897c49705a05c04d65f1c02a830bc8446166ee6750153b629f2f4c40766b03b,4a14b3fdf51d13786a2e905526f21d4fe7601226e01da29583be8ff3210a7041,work/market-distribution-v1/artifacts/4a14b3fdf51d13786a2e905526f21d4fe7601226e01da29583be8ff3210a7041.json,-1.0,44.5,False,False,none,False,0.14473229706390328,0.0,eec35edb10ded38f
7f34045b37a8eb45ef124719,2026-09-06T21:08:59.798485+00:00,eec35edb10ded38f0500e83e9aaf8252f63479442c90d3b0d1ad36855ebf8efe,7e09efed7e12c659b82740b67ce2f9a1,1,2026-09-13T17:00:00Z,Houston Texans,Buffalo Bills,totals,alternate_totals,,26.5,Over,26.5,draftkings,-3800,1.0263157894736843,0.9638448220759888,1.4176816444416502,2026-09-06T21:08:19Z,40.798485,conditional_non_push,0.9329879101899827,consensus_plus_empirical_residual_model,live_snapshot_not_T60,pinnacle,5ac72b94e12146cf7695afea,0.9633517165601251,0.9633517165601251,-2628.640760598235,-1171.359239401765,2,OK,-3500,fanduel,-3500,False,False,44.5,closest_offered_consensus_to_50pct_no_interpolation,0.9329879101899827,-2407.7319587628867,0.0,0.9329879101899827,EMPIRICAL_RECONSTRUCTED_HISTORY,0897c49705a05c04d65f1c02a830bc8446166ee6750153b629f2f4c40766b03b,4a14b3fdf51d13786a2e905526f21d4fe7601226e01da29583be8ff3210a7041,work/market-distribution-v1/artifacts/4a14b3fdf51d13786a2e905526f21d4fe7601226e01da29583be8ff3210a7041.json,-1.0,44.5,False,False,none,False,0.9761658031088083,0.0,eec35edb10ded38f
b3917fec93b339a5ebe1da1a,2026-09-06T21:08:59.798485+00:00,eec35edb10ded38f0500e83e9aaf8252f63479442c90d3b0d1ad36855ebf8efe,7e09efed7e12c659b82740b67ce2f9a1,1,2026-09-13T17:00:00Z,Houston Texans,Buffalo Bills,totals,alternate_totals,,26.5,Over,26.5,fanduel,-3500,1.0285714285714285,0.9628586110442617,1.3435399740514984,2026-09-06T21:08:49Z,10.798485,conditional_non_push,0.9329879101899827,consensus_plus_empirical_residual_model,live_snapshot_not_T60,pinnacle,5ac72b94e12146cf7695afea,0.9633517165601251,0.9633517165601251,-2628.640760598235,-871.3592394017651,2,OK,-3500,fanduel,-3500,False,False,44.5,closest_offered_consensus_to_50pct_no_interpolation,0.9329879101899827,-2107.7319587628867,0.0,0.9329879101899827,EMPIRICAL_RECONSTRUCTED_HISTORY,0897c49705a05c04d65f1c02a830bc8446166ee6750153b629f2f4c40766b03b,4a14b3fdf51d13786a2e905526f21d4fe7601226e01da29583be8ff3210a7041,work/market-distribution-v1/artifacts/4a14b3fdf51d13786a2e905526f21d4fe7601226e01da29583be8ff3210a7041.json,-1.0,44.5,False,False,none,False,0.9761658031088083,0.0,eec35edb10ded38f
721a391d0e6f09e50fc71692,2026-09-06T21:08:59.798485+00:00,eec35edb10ded38f0500e83e9aaf8252f63479442c90d3b0d1ad36855ebf8efe,7e09efed7e12c659b82740b67ce2f9a1,1,2026-09-13T17:00:00Z,Houston Texans,Buffalo Bills,totals,alternate_totals,,26.5,Under,26.5,draftkings,940,10.4,0.03615517792401134,1.4176816444416502,2026-09-06T21:08:19Z,40.798485,conditional_non_push,0.06701208981001727,consensus_plus_empirical_residual_model,live_snapshot_not_T60,pinnacle,5ac72b94e12146cf7695afea,0.036648283439874856,0.036648283439874856,2628.64076059824,-1688.64076059824,2,OK,1060,fanduel,1060,False,False,44.5,closest_offered_consensus_to_50pct_no_interpolation,0.06701208981001727,-452.26804123711327,0.0,0.06701208981001727,EMPIRICAL_RECONSTRUCTED_HISTORY,0897c49705a05c04d65f1c02a830bc8446166ee6750153b629f2f4c40766b03b,4a14b3fdf51d13786a2e905526f21d4fe7601226e01da29583be8ff3210a7041,work/market-distribution-v1/artifacts/4a14b3fdf51d13786a2e905526f21d4fe7601226e01da29583be8ff3210a7041.json,-1.0,44.5,False,False,none,False,0.16614853195164075,0.0,eec35edb10ded38f
26d243d00049b9527abd67f5,2026-09-06T21:08:59.798485+00:00,eec35edb10ded38f0500e83e9aaf8252f63479442c90d3b0d1ad36855ebf8efe,7e09efed7e12c659b82740b67ce2f9a1,1,2026-09-13T17:00:00Z,Houston Texans,Buffalo Bills,totals,alternate_totals,,26.5,Under,26.5,fanduel,1060,11.6,0.037141388955738375,1.3435399740514984,2026-09-06T21:08:49Z,10.798485,conditional_non_push,0.06701208981001727,consensus_plus_empirical_residual_model,live_snapshot_not_T60,pinnacle,5ac72b94e12146cf7695afea,0.036648283439874856,0.036648283439874856,2628.64076059824,-1568.64076059824,2,OK,1060,fanduel,1060,False,False,44.5,closest_offered_consensus_to_50pct_no_interpolation,0.06701208981001727,-332.26804123711327,0.0,0.06701208981001727,EMPIRICAL_RECONSTRUCTED_HISTORY,0897c49705a05c04d65f1c02a830bc8446166ee6750153b629f2f4c40766b03b,4a14b3fdf51d13786a2e905526f21d4fe7601226e01da29583be8ff3210a7041,work/market-distribution-v1/artifacts/4a14b3fdf51d13786a2e905526f21d4fe7601226e01da29583be8ff3210a7041.json,-1.0,44.5,False,False,none,False,0.16614853195164075,0.0,eec35edb10ded38f
2c3c5875c65f6de5130ce662,2026-09-06T21:08:59.798485+00:00,eec35edb10ded38f0500e83e9aaf8252f63479442c90d3b0d1ad36855ebf8efe,7e09efed7e12c659b82740b67ce2f9a1,1,2026-09-13T17:00:00Z,Houston Texans,Buffalo Bills,totals,alternate_totals,,27.5,Over,27.5,draftkings,-2600,1.0384615384615385,0.95042670152557,1.3472123441002601,2026-09-06T21:08:19Z,40.798485,conditional_non_push,0.9260794473229707,consensus_plus_empirical_residual_model,live_snapshot_not_T60,pinnacle,b12e79109087fc7617f532b1,0.9476520284722421,0.9476520284722421,-1810.2936958497842,-789.7063041502158,2,OK,-2200,fanduel,-2200,False,False,44.5,closest_offered_consensus_to_50pct_no_interpolation,0.9260794473229707,-1347.1962616822427,0.0,0.9260794473229707,EMPIRICAL_RECONSTRUCTED_HISTORY,0897c49705a05c04d65f1c02a830bc8446166ee6750153b629f2f4c40766b03b,4a14b3fdf51d13786a2e905526f21d4fe7601226e01da29583be8ff3210a7041,work/market-distribution-v1/artifacts/4a14b3fdf51d13786a2e905526f21d4fe7601226e01da29583be8ff3210a7041.json,-1.0,44.5,False,False,none,False,0.9709844559585492,0.0,eec35edb10ded38f
3b6c82e28f6c1a44fad02635,2026-09-06T21:08:59.798485+00:00,eec35edb10ded38f0500e83e9aaf8252f63479442c90d3b0d1ad36855ebf8efe,7e09efed7e12c659b82740b67ce2f9a1,1,2026-09-13T17:00:00Z,Houston Texans,Buffalo Bills,totals,alternate_totals,,27.5,Over,27.5,fanduel,-2200,1.0454545454545454,0.9448773554189145,1.2755431788789866,2026-09-06T21:08:49Z,10.798485,conditional_non_push,0.9260794473229707,consensus_plus_empirical_residual_model,live_snapshot_not_T60,pinnacle,b12e79109087fc7617f532b1,0.9476520284722421,0.9476520284722421,-1810.2936958497842,-389.70630415021583,2,OK,-2200,fanduel,-2200,False,False,44.5,closest_offered_consensus_to_50pct_no_interpolation,0.9260794473229707,-947.1962616822427,0.0,0.9260794473229707,EMPIRICAL_RECONSTRUCTED_HISTORY,0897c49705a05c04d65f1c02a830bc8446166ee6750153b629f2f4c40766b03b,4a14b3fdf51d13786a2e905526f21d4fe7601226e01da29583be8ff3210a7041,work/market-distribution-v1/artifacts/4a14b3fdf51d13786a2e905526f21d4fe7601226e01da29583be8ff3210a7041.json,-1.0,44.5,False,False,none,False,0.9709844559585492,0.0,eec35edb10ded38f
6a08fb9b0704db7584e2e087,2026-09-06T21:08:59.798485+00:00,eec35edb10ded38f0500e83e9aaf8252f63479442c90d3b0d1ad36855ebf8efe,7e09efed7e12c659b82740b67ce2f9a1,1,2026-09-13T17:00:00Z,Houston Texans,Buffalo Bills,totals,alternate_totals,,27.5,Under,27.5,draftkings,830,9.3,0.04957329847443017,1.3472123441002601,2026-09-06T21:08:19Z,40.798485,conditional_non_push,0.07392055267702936,consensus_plus_empirical_residual_model,live_snapshot_not_T60,pinnacle,b12e79109087fc7617f532b1,0.05234797152775789,0.05234797152775789,1810.293695849786,-980.293695849786,2,OK,870,fanduel,870,False,False,44.5,closest_offered_consensus_to_50pct_no_interpolation,0.07392055267702936,-422.80373831775705,0.0,0.07392055267702936,EMPIRICAL_RECONSTRUCTED_HISTORY,0897c49705a05c04d65f1c02a830bc8446166ee6750153b629f2f4c40766b03b,4a14b3fdf51d13786a2e905526f21d4fe7601226e01da29583be8ff3210a7041,work/market-distribution-v1/artifacts/4a14b3fdf51d13786a2e905526f21d4fe7601226e01da29583be8ff3210a7041.json,-1.0,44.5,False,False,none,False,0.18721934369602763,0.0,eec35edb10ded38f
6c05282accbaeece72f05bae,2026-09-06T21:08:59.798485+00:00,eec35edb10ded38f0500e83e9aaf8252f63479442c90d3b0d1ad36855ebf8efe,7e09efed7e12c659b82740b67ce2f9a1,1,2026-09-13T17:00:00Z,Houston Texans,Buffalo Bills,totals,alternate_totals,,27.5,Under,27.5,fanduel,870,9.7,0.05512264458108564,1.2755431788789866,2026-09-06T21:08:49Z,10.798485,conditional_non_push,0.07392055267702936,consensus_plus_empirical_residual_model,live_snapshot_not_T60,pinnacle,b12e79109087fc7617f532b1,0.05234797152775789,0.05234797152775789,1810.293695849786,-940.293695849786,2,OK,870,fanduel,870,False,False,44.5,closest_offered_consensus_to_50pct_no_interpolation,0.07392055267702936,-382.80373831775705,0.0,0.07392055267702936,EMPIRICAL_RECONSTRUCTED_HISTORY,0897c49705a05c04d65f1c02a830bc8446166ee6750153b629f2f4c40766b03b,4a14b3fdf51d13786a2e905526f21d4fe7601226e01da29583be8ff3210a7041,work/market-distribution-v1/artifacts/4a14b3fdf51d13786a2e905526f21d4fe7601226e01da29583be8ff3210a7041.json,-1.0,44.5,False,False,none,False,0.18721934369602763,0.0,eec35edb10ded38f
1a3b4713273e09787a4810ee,2026-09-06T21:08:59.798485+00:00,eec35edb10ded38f0500e83e9aaf8252f63479442c90d3b0d1ad36855ebf8efe,7e09efed7e12c659b82740b67ce2f9a1,1,2026-09-13T17:00:00Z,Houston Texans,Buffalo Bills,totals,alternate_totals,,28.5,Over,28.5,draftkings,-2100,1.0476190476190477,0.9407369586793887,1.3132349904786835,2026-09-06T21:08:19Z,40.798485,conditional_non_push,0.9105354058721934,consensus_plus_empirical_residual_model,live_snapshot_not_T60,pinnacle,bf8675a19d9acc38115d4b76,0.9404808612975325,0.9404808612975325,-1580.1318396069846,-519.8681603930154,2,OK,-2000,fanduel,-2000,False,False,44.5,closest_offered_consensus_to_50pct_no_interpolation,0.9105354058721934,-1082.2393822393828,0.0,0.9105354058721934,EMPIRICAL_RECONSTRUCTED_HISTORY,0897c49705a05c04d65f1c02a830bc8446166ee6750153b629f2f4c40766b03b,4a14b3fdf51d13786a2e905526f21d4fe7601226e01da29583be8ff3210a7041,work/market-distribution-v1/artifacts/4a14b3fdf51d13786a2e905526f21d4fe7601226e01da29583be8ff3210a7041.json,-1.0,44.5,False,False,none,False,0.9671848013816926,0.0,eec35edb10ded38f
d0ae2311f60969460f2da0e2,2026-09-06T21:08:59.798485+00:00,eec35edb10ded38f0500e83e9aaf8252f63479442c90d3b0d1ad36855ebf8efe,7e09efed7e12c659b82740b67ce2f9a1,1,2026-09-13T17:00:00Z,Houston Texans,Buffalo Bills,totals,alternate_totals,,28.5,Over,28.5,fanduel,-2000,1.05,0.9402247639156768,1.263294002000563,2026-09-06T21:08:49Z,10.798485,conditional_non_push,0.9105354058721934,consensus_plus_empirical_residual_model,live_snapshot_not_T60,pinnacle,bf8675a19d9acc38115d4b76,0.9404808612975325,0.9404808612975325,-1580.1318396069846,-419.8681603930154,2,OK,-2000,fanduel,-2000,False,False,44.5,closest_offered_consensus_to_50pct_no_interpolation,0.9105354058721934,-982.2393822393827,0.0,0.9105354058721934,EMPIRICAL_RECONSTRUCTED_HISTORY,0897c49705a05c04d65f1c02a830bc8446166ee6750153b629f2f4c40766b03b,4a14b3fdf51d13786a2e905526f21d4fe7601226e01da29583be8ff3210a7041,work/market-distribution-v1/artifacts/4a14b3fdf51d13786a2e905526f21d4fe7601226e01da29583be8ff3210a7041.json,-1.0,44.5,False,False,none,False,0.9671848013816926,0.0,eec35edb10ded38f
be85ea6dcbc57a1ecb01640f,2026-09-06T21:08:59.798485+00:00,eec35edb10ded38f0500e83e9aaf8252f63479442c90d3b0d1ad36855ebf8efe,7e09efed7e12c659b82740b67ce2f9a1,1,2026-09-13T17:00:00Z,Houston Texans,Buffalo Bills,totals,alternate_totals,,28.5,Under,28.5,draftkings,760,8.6,0.05926304132061145,1.3132349904786835,2026-09-06T21:08:19Z,40.798485,conditional_non_push,0.08946459412780657,consensus_plus_empirical_residual_model,live_snapshot_not_T60,pinnacle,bf8675a19d9acc38115d4b76,0.05951913870246742,0.05951913870246742,1580.1318396069871,-820.1318396069871,2,OK,830,fanduel,830,False,False,44.5,closest_offered_consensus_to_50pct_no_interpolation,0.08946459412780657,-257.7606177606177,0.0,0.08946459412780657,EMPIRICAL_RECONSTRUCTED_HISTORY,0897c49705a05c04d65f1c02a830bc8446166ee6750153b629f2f4c40766b03b,4a14b3fdf51d13786a2e905526f21d4fe7601226e01da29583be8ff3210a7041,work/market-distribution-v1/artifacts/4a14b3fdf51d13786a2e905526f21d4fe7601226e01da29583be8ff3210a7041.json,-1.0,44.5,False,False,none,False,0.20829015544041452,0.0,eec35edb10ded38f
a1444770cf6cdfa54dfe86f7,2026-09-06T21:08:59.798485+00:00,eec35edb10ded38f0500e83e9aaf8252f63479442c90d3b0d1ad36855ebf8efe,7e09efed7e12c659b82740b67ce2f9a1,1,2026-09-13T17:00:00Z,Houston Texans,Buffalo Bills,totals,alternate_totals,,28.5,Under,28.5,fanduel,830,9.3,0.05977523608432342,1.263294002000563,2026-09-06T21:08:49Z,10.798485,conditional_non_push,0.08946459412780657,consensus_plus_empirical_residual_model,live_snapshot_not_T60,pinnacle,bf8675a19d9acc38115d4b76,0.05951913870246742,0.05951913870246742,1580.1318396069871,-750.1318396069871,2,OK,830,fanduel,830,False,False,44.5,closest_offered_consensus_to_50pct_no_interpolation,0.08946459412780657,-187.76061776061772,0.0,0.08946459412780657,EMPIRICAL_RECONSTRUCTED_HISTORY,0897c49705a05c04d65f1c02a830bc8446166ee6750153b629f2f4c40766b03b,4a14b3fdf51d13786a2e905526f21d4fe7601226e01da29583be8ff3210a7041,work/market-distribution-v1/artifacts/4a14b3fdf51d13786a2e905526f21d4fe7601226e01da29583be8ff3210a7041.json,-1.0,44.5,False,False,none,False,0.20829015544041452,0.0,eec35edb10ded38f
11b9812e5da9935f7b640030,2026-09-06T21:08:59.798485+00:00,eec35edb10ded38f0500e83e9aaf8252f63479442c90d3b0d1ad36855ebf8efe,7e09efed7e12c659b82740b67ce2f9a1,1,2026-09-13T17:00:00Z,Houston Texans,Buffalo Bills,totals,alternate_totals,,29.5,Over,29.5,draftkings,-1440,1.0694444444444444,0.9191069791325119,1.2563841392416162,2026-09-06T21:08:19Z,40.798485,conditional_non_push,0.8946459412780656,consensus_plus_empirical_residual_model,live_snapshot_not_T60,pinnacle,cb9bb7e8b39c1bbf9483b1f6,0.9190712884136973,0.9190712884136973,-1135.6554063431452,-304.34459365685484,2,OK,-1400,fanduel,-1400,False,False,44.5,closest_offered_consensus_to_50pct_no_interpolation,0.8946459412780656,-590.8196721311476,0.0,0.8946459412780656,EMPIRICAL_RECONSTRUCTED_HISTORY,0897c49705a05c04d65f1c02a830bc8446166ee6750153b629f2f4c40766b03b,4a14b3fdf51d13786a2e905526f21d4fe7601226e01da29583be8ff3210a7041,work/market-distribution-v1/artifacts/4a14b3fdf51d13786a2e905526f21d4fe7601226e01da29583be8ff3210a7041.json,-1.0,44.5,False,False,none,False,0.9595854922279793,0.0,eec35edb10ded38f
f6c4f1a44b7e3f4ad452b192,2026-09-06T21:08:59.798485+00:00,eec35edb10ded38f0500e83e9aaf8252f63479442c90d3b0d1ad36855ebf8efe,7e09efed7e12c659b82740b67ce2f9a1,1,2026-09-13T17:00:00Z,Houston Texans,Buffalo Bills,totals,alternate_totals,,29.5,Over,29.5,fanduel,-1400,1.0714285714285714,0.9190355976948827,1.2237557345683783,2026-09-06T21:08:49Z,10.798485,conditional_non_push,0.8946459412780656,consensus_plus_empirical_residual_model,live_snapshot_not_T60,pinnacle,cb9bb7e8b39c1bbf9483b1f6,0.9190712884136973,0.9190712884136973,-1135.6554063431452,-264.34459365685484,2,OK,-1400,fanduel,-1400,False,False,44.5,closest_offered_consensus_to_50pct_no_interpolation,0.8946459412780656,-550.8196721311476,0.0,0.8946459412780656,EMPIRICAL_RECONSTRUCTED_HISTORY,0897c49705a05c04d65f1c02a830bc8446166ee6750153b629f2f4c40766b03b,4a14b3fdf51d13786a2e905526f21d4fe7601226e01da29583be8ff3210a7041,work/market-distribution-v1/artifacts/4a14b3fdf51d13786a2e905526f21d4fe7601226e01da29583be8ff3210a7041.json,-1.0,44.5,False,False,none,False,0.9595854922279793,0.0,eec35edb10ded38f
261ce120577d1bb81eacbee9,2026-09-06T21:08:59.798485+00:00,eec35edb10ded38f0500e83e9aaf8252f63479442c90d3b0d1ad36855ebf8efe,7e09efed7e12c659b82740b67ce2f9a1,1,2026-09-13T17:00:00Z,Houston Texans,Buffalo Bills,totals,alternate_totals,,29.5,Under,29.5,draftkings,640,7.4,0.08089302086748812,1.2563841392416162,2026-09-06T21:08:19Z,40.798485,conditional_non_push,0.10535405872193436,consensus_plus_empirical_residual_model,live_snapshot_not_T60,pinnacle,cb9bb7e8b39c1bbf9483b1f6,0.08092871158630274,0.08092871158630274,1135.6554063431438,-495.6554063431438,2,OK,680,fanduel,680,False,False,44.5,closest_offered_consensus_to_50pct_no_interpolation,0.10535405872193436,-209.1803278688525,0.0,0.10535405872193436,EMPIRICAL_RECONSTRUCTED_HISTORY,0897c49705a05c04d65f1c02a830bc8446166ee6750153b629f2f4c40766b03b,4a14b3fdf51d13786a2e905526f21d4fe7601226e01da29583be8ff3210a7041,work/market-distribution-v1/artifacts/4a14b3fdf51d13786a2e905526f21d4fe7601226e01da29583be8ff3210a7041.json,-1.0,44.5,False,False,none,False,0.23419689119170983,0.0,eec35edb10ded38f
d9a3d3c89ec396d3ae205439,2026-09-06T21:08:59.798485+00:00,eec35edb10ded38f0500e83e9aaf8252f63479442c90d3b0d1ad36855ebf8efe,7e09efed7e12c659b82740b67ce2f9a1,1,2026-09-13T17:00:00Z,Houston Texans,Buffalo Bills,totals,alternate_totals,,29.5,Under,29.5,fanduel,680,7.8,0.08096440230511735,1.2237557345683783,2026-09-06T21:08:49Z,10.798485,conditional_non_push,0.10535405872193436,consensus_plus_empirical_residual_model,live_snapshot_not_T60,pinnacle,cb9bb7e8b39c1bbf9483b1f6,0.08092871158630274,0.08092871158630274,1135.6554063431438,-455.6554063431438,2,OK,680,fanduel,680,False,False,44.5,closest_offered_consensus_to_50pct_no_interpolation,0.10535405872193436,-169.1803278688525,0.0,0.10535405872193436,EMPIRICAL_RECONSTRUCTED_HISTORY,0897c49705a05c04d65f1c02a830bc8446166ee6750153b629f2f4c40766b03b,4a14b3fdf51d13786a2e905526f21d4fe7601226e01da29583be8ff3210a7041,work/market-distribution-v1/artifacts/4a14b3fdf51d13786a2e905526f21d4fe7601226e01da29583be8ff3210a7041.json,-1.0,44.5,False,False,none,False,0.23419689119170983,0.0,eec35edb10ded38f
249cb4496949ec1c2244d167,2026-09-06T21:08:59.798485+00:00,eec35edb10ded38f0500e83e9aaf8252f63479442c90d3b0d1ad36855ebf8efe,7e09efed7e12c659b82740b67ce2f9a1,1,2026-09-13T17:00:00Z,Houston Texans,Buffalo Bills,totals,alternate_totals,,30.5,Over,30.5,draftkings,-1080,1.0925925925925926,0.8974559745547842,1.221762422355745,2026-09-06T21:08:19Z,40.798485,conditional_non_push,0.8780656303972366,consensus_plus_empirical_residual_model,live_snapshot_not_T60,pinnacle,639a99371e20df13da58e9d0,0.8953188475397466,0.8953188475397466,-855.2818024043933,-224.71819759560674,2,OK,-1000,fanduel,-1000,False,False,44.5,closest_offered_consensus_to_50pct_no_interpolation,0.8780656303972366,-359.8866855524079,0.0,0.8780656303972366,EMPIRICAL_RECONSTRUCTED_HISTORY,0897c49705a05c04d65f1c02a830bc8446166ee6750153b629f2f4c40766b03b,4a14b3fdf51d13786a2e905526f21d4fe7601226e01da29583be8ff3210a7041,work/market-distribution-v1/artifacts/4a14b3fdf51d13786a2e905526f21d4fe7601226e01da29583be8ff3210a7041.json,-1.0,44.5,False,False,none,False,0.951986183074266,0.0,eec35edb10ded38f
9ea2106407250ba80684f950,2026-09-06T21:08:59.798485+00:00,eec35edb10ded38f0500e83e9aaf8252f63479442c90d3b0d1ad36855ebf8efe,7e09efed7e12c659b82740b67ce2f9a1,1,2026-09-13T17:00:00Z,Houston Texans,Buffalo Bills,totals,alternate_totals,,30.5,Over,30.5,fanduel,-1000,1.1,0.8931817205247089,1.1852377638063105,2026-09-06T21:08:49Z,10.798485,conditional_non_push,0.8780656303972366,consensus_plus_empirical_residual_model,live_snapshot_not_T60,pinnacle,639a99371e20df13da58e9d0,0.8953188475397466,0.8953188475397466,-855.2818024043933,-144.71819759560674,2,OK,-1000,fanduel,-1000,False,False,44.5,closest_offered_consensus_to_50pct_no_interpolation,0.8780656303972366,-279.8866855524079,0.0,0.8780656303972366,EMPIRICAL_RECONSTRUCTED_HISTORY,0897c49705a05c04d65f1c02a830bc8446166ee6750153b629f2f4c40766b03b,4a14b3fdf51d13786a2e905526f21d4fe7601226e01da29583be8ff3210a7041,work/market-distribution-v1/artifacts/4a14b3fdf51d13786a2e905526f21d4fe7601226e01da29583be8ff3210a7041.json,-1.0,44.5,False,False,none,False,0.951986183074266,0.0,eec35edb10ded38f
2c9ea47f91ce1a23f619f684,2026-09-06T21:08:59.798485+00:00,eec35edb10ded38f0500e83e9aaf8252f63479442c90d3b0d1ad36855ebf8efe,7e09efed7e12c659b82740b67ce2f9a1,1,2026-09-13T17:00:00Z,Houston Texans,Buffalo Bills,totals,alternate_totals,,30.5,Under,30.5,draftkings,545,6.45,0.10254402544521589,1.221762422355745,2026-09-06T21:08:19Z,40.798485,conditional_non_push,0.12193436960276338,consensus_plus_empirical_residual_model,live_snapshot_not_T60,pinnacle,639a99371e20df13da58e9d0,0.10468115246025356,0.10468115246025356,855.2818024043924,-310.28180240439235,2,OK,560,fanduel,560,False,False,44.5,closest_offered_consensus_to_50pct_no_interpolation,0.12193436960276338,-175.11331444759207,0.0,0.12193436960276338,EMPIRICAL_RECONSTRUCTED_HISTORY,0897c49705a05c04d65f1c02a830bc8446166ee6750153b629f2f4c40766b03b,4a14b3fdf51d13786a2e905526f21d4fe7601226e01da29583be8ff3210a7041,work/market-distribution-v1/artifacts/4a14b3fdf51d13786a2e905526f21d4fe7601226e01da29583be8ff3210a7041.json,-1.0,44.5,False,False,none,False,0.2597582037996546,0.0,eec35edb10ded38f
b1ebf4761b1ef25dddfe0e00,2026-09-06T21:08:59.798485+00:00,eec35edb10ded38f0500e83e9aaf8252f63479442c90d3b0d1ad36855ebf8efe,7e09efed7e12c659b82740b67ce2f9a1,1,2026-09-13T17:00:00Z,Houston Texans,Buffalo Bills,totals,alternate_totals,,30.5,Under,30.5,fanduel,560,6.6,0.10681827947529124,1.1852377638063105,2026-09-06T21:08:49Z,10.798485,conditional_non_push,0.12193436960276338,consensus_plus_empirical_residual_model,live_snapshot_not_T60,pinnacle,639a99371e20df13da58e9d0,0.10468115246025356,0.10468115246025356,855.2818024043924,-295.28180240439235,2,OK,560,fanduel,560,False,False,44.5,closest_offered_consensus_to_50pct_no_interpolation,0.12193436960276338,-160.11331444759207,0.0,0.12193436960276338,EMPIRICAL_RECONSTRUCTED_HISTORY,0897c49705a05c04d65f1c02a830bc8446166ee6750153b629f2f4c40766b03b,4a14b3fdf51d13786a2e905526f21d4fe7601226e01da29583be8ff3210a7041,work/market-distribution-v1/artifacts/4a14b3fdf51d13786a2e905526f21d4fe7601226e01da29583be8ff3210a7041.json,-1.0,44.5,False,False,none,False,0.2597582037996546,0.0,eec35edb10ded38f
27ec09290cc7a372db8e1187,2026-09-06T21:08:59.798485+00:00,eec35edb10ded38f0500e83e9aaf8252f63479442c90d3b0d1ad36855ebf8efe,7e09efed7e12c659b82740b67ce2f9a1,1,2026-09-13T17:00:00Z,Houston Texans,Buffalo Bills,totals,alternate_totals,,31.5,Over,31.5,draftkings,-900,1.1111111111111112,0.8812098011063606,1.200255530948776,2026-09-06T21:08:19Z,40.798485,conditional_non_push,0.8552677029360967,consensus_plus_empirical_residual_model,live_snapshot_not_T60,pinnacle,f677b89f6d168092c8d7d982,0.8794582530544077,0.8794582530544077,-729.5881097951567,-170.4118902048433,2,OK,-850,fanduel,-850,False,False,44.5,closest_offered_consensus_to_50pct_no_interpolation,0.8552677029360967,-309.06921241050145,0.0,0.8552677029360967,EMPIRICAL_RECONSTRUCTED_HISTORY,0897c49705a05c04d65f1c02a830bc8446166ee6750153b629f2f4c40766b03b,4a14b3fdf51d13786a2e905526f21d4fe7601226e01da29583be8ff3210a7041,work/market-distribution-v1/artifacts/4a14b3fdf51d13786a2e905526f21d4fe7601226e01da29583be8ff3210a7041.json,-1.0,44.5,False,False,none,False,0.942314335060449,0.0,eec35edb10ded38f
c44f02d1fdb523ce86fcb03a,2026-09-06T21:08:59.798485+00:00,eec35edb10ded38f0500e83e9aaf8252f63479442c90d3b0d1ad36855ebf8efe,7e09efed7e12c659b82740b67ce2f9a1,1,2026-09-13T17:00:00Z,Houston Texans,Buffalo Bills,totals,alternate_totals,,31.5,Over,31.5,fanduel,-850,1.1176470588235294,0.8777067050024552,1.1727763118339127,2026-09-06T21:08:49Z,10.798485,conditional_non_push,0.8552677029360967,consensus_plus_empirical_residual_model,live_snapshot_not_T60,pinnacle,f677b89f6d168092c8d7d982,0.8794582530544077,0.8794582530544077,-729.5881097951567,-120.4118902048433,2,OK,-850,fanduel,-850,False,False,44.5,closest_offered_consensus_to_50pct_no_interpolation,0.8552677029360967,-259.06921241050145,0.0,0.8552677029360967,EMPIRICAL_RECONSTRUCTED_HISTORY,0897c49705a05c04d65f1c02a830bc8446166ee6750153b629f2f4c40766b03b,4a14b3fdf51d13786a2e905526f21d4fe7601226e01da29583be8ff3210a7041,work/market-distribution-v1/artifacts/4a14b3fdf51d13786a2e905526f21d4fe7601226e01da29583be8ff3210a7041.json,-1.0,44.5,False,False,none,False,0.942314335060449,0.0,eec35edb10ded38f
50a3221d525592ef06c4345e,2026-09-06T21:08:59.798485+00:00,eec35edb10ded38f0500e83e9aaf8252f63479442c90d3b0d1ad36855ebf8efe,7e09efed7e12c659b82740b67ce2f9a1,1,2026-09-13T17:00:00Z,Houston Texans,Buffalo Bills,totals,alternate_totals,,31.5,Under,31.5,draftkings,490,5.9,0.11879019889363948,1.200255530948776,2026-09-06T21:08:19Z,40.798485,conditional_non_push,0.14473229706390328,consensus_plus_empirical_residual_model,live_snapshot_not_T60,pinnacle,f677b89f6d168092c8d7d982,0.12054174694559217,0.12054174694559217,729.5881097951574,-239.58810979515738,2,OK,500,fanduel,500,False,False,44.5,closest_offered_consensus_to_50pct_no_interpolation,0.14473229706390328,-100.93078758949878,0.0,0.14473229706390328,EMPIRICAL_RECONSTRUCTED_HISTORY,0897c49705a05c04d65f1c02a830bc8446166ee6750153b629f2f4c40766b03b,4a14b3fdf51d13786a2e905526f21d4fe7601226e01da29583be8ff3210a7041,work/market-distribution-v1/artifacts/4a14b3fdf51d13786a2e905526f21d4fe7601226e01da29583be8ff3210a7041.json,-1.0,44.5,False,False,none,False,0.2922279792746114,0.0,eec35edb10ded38f
79817667a47b684a2f294daf,2026-09-06T21:08:59.798485+00:00,eec35edb10ded38f0500e83e9aaf8252f63479442c90d3b0d1ad36855ebf8efe,7e09efed7e12c659b82740b67ce2f9a1,1,2026-09-13T17:00:00Z,Houston Texans,Buffalo Bills,totals,alternate_totals,,31.5,Under,31.5,fanduel,500,6.0,0.1222932949975449,1.1727763118339127,2026-09-06T21:08:49Z,10.798485,conditional_non_push,0.14473229706390328,consensus_plus_empirical_residual_model,live_snapshot_not_T60,pinnacle,f677b89f6d168092c8d7d982,0.12054174694559217,0.12054174694559217,729.5881097951574,-229.58810979515738,2,OK,500,fanduel,500,False,False,44.5,closest_offered_consensus_to_50pct_no_interpolation,0.14473229706390328,-90.93078758949878,0.0,0.14473229706390328,EMPIRICAL_RECONSTRUCTED_HISTORY,0897c49705a05c04d65f1c02a830bc8446166ee6750153b629f2f4c40766b03b,4a14b3fdf51d13786a2e905526f21d4fe7601226e01da29583be8ff3210a7041,work/market-distribution-v1/artifacts/4a14b3fdf51d13786a2e905526f21d4fe7601226e01da29583be8ff3210a7041.json,-1.0,44.5,False,False,none,False,0.2922279792746114,0.0,eec35edb10ded38f
de65dd9827e7e35f46a5b3d5,2026-09-06T21:08:59.798485+00:00,eec35edb10ded38f0500e83e9aaf8252f63479442c90d3b0d1ad36855ebf8efe,7e09efed7e12c659b82740b67ce2f9a1,1,2026-09-13T17:00:00Z,Houston Texans,Buffalo Bills,totals,alternate_totals,,32.5,Over,32.5,draftkings,-780,1.1282051282051282,0.8663390364973765,1.1894333359518021,2026-09-06T21:08:19Z,40.798485,conditional_non_push,0.8338514680483592,consensus_plus_empirical_residual_model,live_snapshot_not_T60,pinnacle,21eb62ef2e40f7b4b69f18c1,0.8634126112184846,0.8634126112184846,-632.1320137392739,-147.86798626072607,2,OK,-720,fanduel,-720,False,False,44.5,closest_offered_consensus_to_50pct_no_interpolation,0.8338514680483592,-278.12889812889836,0.0,0.8338514680483592,EMPIRICAL_RECONSTRUCTED_HISTORY,0897c49705a05c04d65f1c02a830bc8446166ee6750153b629f2f4c40766b03b,4a14b3fdf51d13786a2e905526f21d4fe7601226e01da29583be8ff3210a7041,work/market-distribution-v1/artifacts/4a14b3fdf51d13786a2e905526f21d4fe7601226e01da29583be8ff3210a7041.json,-1.0,44.5,False,False,none,False,0.9329879101899827,0.0,eec35edb10ded38f
c2ba31b35a13324e47da334e,2026-09-06T21:08:59.798485+00:00,eec35edb10ded38f0500e83e9aaf8252f63479442c90d3b0d1ad36855ebf8efe,7e09efed7e12c659b82740b67ce2f9a1,1,2026-09-13T17:00:00Z,Houston Texans,Buffalo Bills,totals,alternate_totals,,32.5,Over,32.5,fanduel,-720,1.1388888888888888,0.860486185939593,1.1553564224932553,2026-09-06T21:08:49Z,10.798485,conditional_non_push,0.8338514680483592,consensus_plus_empirical_residual_model,live_snapshot_not_T60,pinnacle,21eb62ef2e40f7b4b69f18c1,0.8634126112184846,0.8634126112184846,-632.1320137392739,-87.86798626072607,2,OK,-720,fanduel,-720,False,False,44.5,closest_offered_consensus_to_50pct_no_interpolation,0.8338514680483592,-218.12889812889836,0.0,0.8338514680483592,EMPIRICAL_RECONSTRUCTED_HISTORY,0897c49705a05c04d65f1c02a830bc8446166ee6750153b629f2f4c40766b03b,4a14b3fdf51d13786a2e905526f21d4fe7601226e01da29583be8ff3210a7041,work/market-distribution-v1/artifacts/4a14b3fdf51d13786a2e905526f21d4fe7601226e01da29583be8ff3210a7041.json,-1.0,44.5,False,False,none,False,0.9329879101899827,0.0,eec35edb10ded38f
ca9fbb0733b518273727c64a,2026-09-06T21:08:59.798485+00:00,eec35edb10ded38f0500e83e9aaf8252f63479442c90d3b0d1ad36855ebf8efe,7e09efed7e12c659b82740b67ce2f9a1,1,2026-09-13T17:00:00Z,Houston Texans,Buffalo Bills,totals,alternate_totals,,32.5,Under,32.5,draftkings,443,5.43,0.1336609635026237,1.1894333359518021,2026-09-06T21:08:19Z,40.798485,conditional_non_push,0.16614853195164075,consensus_plus_empirical_residual_model,live_snapshot_not_T60,pinnacle,21eb62ef2e40f7b4b69f18c1,0.13658738878151536,0.13658738878151536,632.1320137392743,-189.13201373927427,2,OK,450,fanduel,450,False,False,44.5,closest_offered_consensus_to_50pct_no_interpolation,0.16614853195164075,-58.87110187110193,0.0,0.16614853195164075,EMPIRICAL_RECONSTRUCTED_HISTORY,0897c49705a05c04d65f1c02a830bc8446166ee6750153b629f2f4c40766b03b,4a14b3fdf51d13786a2e905526f21d4fe7601226e01da29583be8ff3210a7041,work/market-distribution-v1/artifacts/4a14b3fdf51d13786a2e905526f21d4fe7601226e01da29583be8ff3210a7041.json,-1.0,44.5,False,False,none,False,0.3188255613126079,0.0,eec35edb10ded38f
73cd9b463a81a3bce0e4f926,2026-09-06T21:08:59.798485+00:00,eec35edb10ded38f0500e83e9aaf8252f63479442c90d3b0d1ad36855ebf8efe,7e09efed7e12c659b82740b67ce2f9a1,1,2026-09-13T17:00:00Z,Houston Texans,Buffalo Bills,totals,alternate_totals,,32.5,Under,32.5,fanduel,450,5.5,0.13951381406040705,1.1553564224932553,2026-09-06T21:08:49Z,10.798485,conditional_non_push,0.16614853195164075,consensus_plus_empirical_residual_model,live_snapshot_not_T60,pinnacle,21eb62ef2e40f7b4b69f18c1,0.13658738878151536,0.13658738878151536,632.1320137392743,-182.13201373927427,2,OK,450,fanduel,450,False,False,44.5,closest_offered_consensus_to_50pct_no_interpolation,0.16614853195164075,-51.87110187110193,0.0,0.16614853195164075,EMPIRICAL_RECONSTRUCTED_HISTORY,0897c49705a05c04d65f1c02a830bc8446166ee6750153b629f2f4c40766b03b,4a14b3fdf51d13786a2e905526f21d4fe7601226e01da29583be8ff3210a7041,work/market-distribution-v1/artifacts/4a14b3fdf51d13786a2e905526f21d4fe7601226e01da29583be8ff3210a7041.json,-1.0,44.5,False,False,none,False,0.3188255613126079,0.0,eec35edb10ded38f
ad87cb07aa5fbeedf4fc9dec,2026-09-06T21:08:59.798485+00:00,eec35edb10ded38f0500e83e9aaf8252f63479442c90d3b0d1ad36855ebf8efe,7e09efed7e12c659b82740b67ce2f9a1,1,2026-09-13T17:00:00Z,Houston Texans,Buffalo Bills,totals,alternate_totals,,33.5,Over,33.5,draftkings,-594,1.1683501683501682,0.8341241747300334,1.165691357953461,2026-09-06T21:08:19Z,40.798485,conditional_non_push,0.8127806563039723,consensus_plus_empirical_residual_model,live_snapshot_not_T60,pinnacle,425038f335a4538a2b8e42f7,0.8315705869870273,0.8315705869870273,-493.7205278528037,-100.27947214719632,2,OK,-560,fanduel,-560,False,False,44.5,closest_offered_consensus_to_50pct_no_interpolation,0.8127806563039723,-159.86715867158676,0.0,0.8127806563039723,EMPIRICAL_RECONSTRUCTED_HISTORY,0897c49705a05c04d65f1c02a830bc8446166ee6750153b629f2f4c40766b03b,4a14b3fdf51d13786a2e905526f21d4fe7601226e01da29583be8ff3210a7041,work/market-distribution-v1/artifacts/4a14b3fdf51d13786a2e905526f21d4fe7601226e01da29583be8ff3210a7041.json,-1.0,44.5,False,False,none,False,0.9260794473229707,0.0,eec35edb10ded38f
53af6e36a11b9dc6f042c114,2026-09-06T21:08:59.798485+00:00,eec35edb10ded38f0500e83e9aaf8252f63479442c90d3b0d1ad36855ebf8efe,7e09efed7e12c659b82740b67ce2f9a1,1,2026-09-13T17:00:00Z,Houston Texans,Buffalo Bills,totals,alternate_totals,,33.5,Over,33.5,fanduel,-560,1.1785714285714286,0.8290169992440214,1.1412728909219871,2026-09-06T21:08:49Z,10.798485,conditional_non_push,0.8127806563039723,consensus_plus_empirical_residual_model,live_snapshot_not_T60,pinnacle,425038f335a4538a2b8e42f7,0.8315705869870273,0.8315705869870273,-493.7205278528037,-66.27947214719632,2,OK,-560,fanduel,-560,False,False,44.5,closest_offered_consensus_to_50pct_no_interpolation,0.8127806563039723,-125.86715867158676,0.0,0.8127806563039723,EMPIRICAL_RECONSTRUCTED_HISTORY,0897c49705a05c04d65f1c02a830bc8446166ee6750153b629f2f4c40766b03b,4a14b3fdf51d13786a2e905526f21d4fe7601226e01da29583be8ff3210a7041,work/market-distribution-v1/artifacts/4a14b3fdf51d13786a2e905526f21d4fe7601226e01da29583be8ff3210a7041.json,-1.0,44.5,False,False,none,False,0.9260794473229707,0.0,eec35edb10ded38f
74bb17b7bb2e8661a22a3ea4,2026-09-06T21:08:59.798485+00:00,eec35edb10ded38f0500e83e9aaf8252f63479442c90d3b0d1ad36855ebf8efe,7e09efed7e12c659b82740b67ce2f9a1,1,2026-09-13T17:00:00Z,Houston Texans,Buffalo Bills,totals,alternate_totals,,33.5,Under,33.5,draftkings,367,4.67,0.16587582526996666,1.165691357953461,2026-09-06T21:08:19Z,40.798485,conditional_non_push,0.18721934369602763,consensus_plus_empirical_residual_model,live_snapshot_not_T60,pinnacle,425038f335a4538a2b8e42f7,0.16842941301297268,0.16842941301297268,493.7205278528036,-126.72052785280363,2,OK,370,fanduel,370,False,False,44.5,closest_offered_consensus_to_50pct_no_interpolation,0.18721934369602763,-67.13284132841329,0.0,0.18721934369602763,EMPIRICAL_RECONSTRUCTED_HISTORY,0897c49705a05c04d65f1c02a830bc8446166ee6750153b629f2f4c40766b03b,4a14b3fdf51d13786a2e905526f21d4fe7601226e01da29583be8ff3210a7041,work/market-distribution-v1/artifacts/4a14b3fdf51d13786a2e905526f21d4fe7601226e01da29583be8ff3210a7041.json,-1.0,44.5,False,False,none,False,0.3461139896373057,0.0,eec35edb10ded38f
1795ca290005191fff62bf47,2026-09-06T21:08:59.798485+00:00,eec35edb10ded38f0500e83e9aaf8252f63479442c90d3b0d1ad36855ebf8efe,7e09efed7e12c659b82740b67ce2f9a1,1,2026-09-13T17:00:00Z,Houston Texans,Buffalo Bills,totals,alternate_totals,,33.5,Under,33.5,fanduel,370,4.7,0.1709830007559787,1.1412728909219871,2026-09-06T21:08:49Z,10.798485,conditional_non_push,0.18721934369602763,consensus_plus_empirical_residual_model,live_snapshot_not_T60,pinnacle,425038f335a4538a2b8e42f7,0.16842941301297268,0.16842941301297268,493.7205278528036,-123.72052785280363,2,OK,370,fanduel,370,False,False,44.5,closest_offered_consensus_to_50pct_no_interpolation,0.18721934369602763,-64.13284132841329,0.0,0.18721934369602763,EMPIRICAL_RECONSTRUCTED_HISTORY,0897c49705a05c04d65f1c02a830bc8446166ee6750153b629f2f4c40766b03b,4a14b3fdf51d13786a2e905526f21d4fe7601226e01da29583be8ff3210a7041,work/market-distribution-v1/artifacts/4a14b3fdf51d13786a2e905526f21d4fe7601226e01da29583be8ff3210a7041.json,-1.0,44.5,False,False,none,False,0.3461139896373057,0.0,eec35edb10ded38f
d317f7a0ddc2186ac6b020a6,2026-09-06T21:08:59.798485+00:00,eec35edb10ded38f0500e83e9aaf8252f63479442c90d3b0d1ad36855ebf8efe,7e09efed7e12c659b82740b67ce2f9a1,1,2026-09-13T17:00:00Z,Houston Texans,Buffalo Bills,totals,alternate_totals,,34.5,Over,34.5,draftkings,-510,1.196078431372549,0.813292320205937,1.1542402565960086,2026-09-06T21:08:19Z,40.798485,conditional_non_push,0.7917098445595855,consensus_plus_empirical_residual_model,live_snapshot_not_T60,pinnacle,2f5449defedd25471ed0d583,0.8104075269287226,0.8104075269287226,-427.44709945528774,-82.55290054471226,2,OK,-480,fanduel,-480,False,False,44.5,closest_offered_consensus_to_50pct_no_interpolation,0.7917098445595855,-129.90049751243782,0.0,0.7917098445595855,EMPIRICAL_RECONSTRUCTED_HISTORY,0897c49705a05c04d65f1c02a830bc8446166ee6750153b629f2f4c40766b03b,4a14b3fdf51d13786a2e905526f21d4fe7601226e01da29583be8ff3210a7041,work/market-distribution-v1/artifacts/4a14b3fdf51d13786a2e905526f21d4fe7601226e01da29583be8ff3210a7041.json,-1.0,44.5,False,False,none,False,0.9105354058721934,0.0,eec35edb10ded38f
4b099c72eb752e908c5db8b5,2026-09-06T21:08:59.798485+00:00,eec35edb10ded38f0500e83e9aaf8252f63479442c90d3b0d1ad36855ebf8efe,7e09efed7e12c659b82740b67ce2f9a1,1,2026-09-13T17:00:00Z,Houston Texans,Buffalo Bills,totals,alternate_totals,,34.5,Over,34.5,fanduel,-480,1.2083333333333333,0.8075227336515083,1.1296861772818092,2026-09-06T21:08:49Z,10.798485,conditional_non_push,0.7917098445595855,consensus_plus_empirical_residual_model,live_snapshot_not_T60,pinnacle,2f5449defedd25471ed0d583,0.8104075269287226,0.8104075269287226,-427.44709945528774,-52.55290054471226,2,OK,-480,fanduel,-480,False,False,44.5,closest_offered_consensus_to_50pct_no_interpolation,0.7917098445595855,-99.90049751243782,0.0,0.7917098445595855,EMPIRICAL_RECONSTRUCTED_HISTORY,0897c49705a05c04d65f1c02a830bc8446166ee6750153b629f2f4c40766b03b,4a14b3fdf51d13786a2e905526f21d4fe7601226e01da29583be8ff3210a7041,work/market-distribution-v1/artifacts/4a14b3fdf51d13786a2e905526f21d4fe7601226e01da29583be8ff3210a7041.json,-1.0,44.5,False,False,none,False,0.9105354058721934,0.0,eec35edb10ded38f
904da8cd2fbdb1fe1fd916ab,2026-09-06T21:08:59.798485+00:00,eec35edb10ded38f0500e83e9aaf8252f63479442c90d3b0d1ad36855ebf8efe,7e09efed7e12c659b82740b67ce2f9a1,1,2026-09-13T17:00:00Z,Houston Texans,Buffalo Bills,totals,alternate_totals,,34.5,Under,34.5,draftkings,328,4.279999999999999,0.18670767979406308,1.1542402565960086,2026-09-06T21:08:19Z,40.798485,conditional_non_push,0.20829015544041452,consensus_plus_empirical_residual_model,live_snapshot_not_T60,pinnacle,2f5449defedd25471ed0d583,0.18959247307127747,0.18959247307127747,427.44709945528746,-99.44709945528746,2,OK,330,fanduel,330,False,False,44.5,closest_offered_consensus_to_50pct_no_interpolation,0.20829015544041452,-52.09950248756218,0.0,0.20829015544041452,EMPIRICAL_RECONSTRUCTED_HISTORY,0897c49705a05c04d65f1c02a830bc8446166ee6750153b629f2f4c40766b03b,4a14b3fdf51d13786a2e905526f21d4fe7601226e01da29583be8ff3210a7041,work/market-distribution-v1/artifacts/4a14b3fdf51d13786a2e905526f21d4fe7601226e01da29583be8ff3210a7041.json,-1.0,44.5,False,False,none,False,0.3775474956822107,0.0,eec35edb10ded38f
1f6cf63e0f84306fd0454170,2026-09-06T21:08:59.798485+00:00,eec35edb10ded38f0500e83e9aaf8252f63479442c90d3b0d1ad36855ebf8efe,7e09efed7e12c659b82740b67ce2f9a1,1,2026-09-13T17:00:00Z,Houston Texans,Buffalo Bills,totals,alternate_totals,,34.5,Under,34.5,fanduel,330,4.3,0.19247726634849185,1.1296861772818092,2026-09-06T21:08:49Z,10.798485,conditional_non_push,0.20829015544041452,consensus_plus_empirical_residual_model,live_snapshot_not_T60,pinnacle,2f5449defedd25471ed0d583,0.18959247307127747,0.18959247307127747,427.44709945528746,-97.44709945528746,2,OK,330,fanduel,330,False,False,44.5,closest_offered_consensus_to_50pct_no_interpolation,0.20829015544041452,-50.09950248756218,0.0,0.20829015544041452,EMPIRICAL_RECONSTRUCTED_HISTORY,0897c49705a05c04d65f1c02a830bc8446166ee6750153b629f2f4c40766b03b,4a14b3fdf51d13786a2e905526f21d4fe7601226e01da29583be8ff3210a7041,work/market-distribution-v1/artifacts/4a14b3fdf51d13786a2e905526f21d4fe7601226e01da29583be8ff3210a7041.json,-1.0,44.5,False,False,none,False,0.3775474956822107,0.0,eec35edb10ded38f
e5ec4fb47c7ccf5372a1fc41,2026-09-06T21:08:59.798485+00:00,eec35edb10ded38f0500e83e9aaf8252f63479442c90d3b0d1ad36855ebf8efe,7e09efed7e12c659b82740b67ce2f9a1,1,2026-09-13T17:00:00Z,Houston Texans,Buffalo Bills,totals,alternate_totals,,35.5,Over,35.5,draftkings,-440,1.2272727272727273,0.7908894245493263,1.1455249678360664,2026-09-06T21:08:19Z,40.798485,conditional_non_push,0.7658031088082902,consensus_plus_empirical_residual_model,live_snapshot_not_T60,pinnacle,c25f2ee409b6f0fa93489ca2,0.7905286727055252,0.7905286727055252,-377.3923061050737,-62.607693894926285,2,OK,-430,fanduel,-430,False,False,44.5,closest_offered_consensus_to_50pct_no_interpolation,0.7658031088082902,-113.00884955752213,0.0,0.7658031088082902,EMPIRICAL_RECONSTRUCTED_HISTORY,0897c49705a05c04d65f1c02a830bc8446166ee6750153b629f2f4c40766b03b,4a14b3fdf51d13786a2e905526f21d4fe7601226e01da29583be8ff3210a7041,work/market-distribution-v1/artifacts/4a14b3fdf51d13786a2e905526f21d4fe7601226e01da29583be8ff3210a7041.json,-1.0,44.5,False,False,none,False,0.8946459412780656,0.0,eec35edb10ded38f
fc19de613ebbf39cd5a1b699,2026-09-06T21:08:59.798485+00:00,eec35edb10ded38f0500e83e9aaf8252f63479442c90d3b0d1ad36855ebf8efe,7e09efed7e12c659b82740b67ce2f9a1,1,2026-09-13T17:00:00Z,Houston Texans,Buffalo Bills,totals,alternate_totals,,35.5,Over,35.5,fanduel,-430,1.2325581395348837,0.790167920861724,1.1263464204120908,2026-09-06T21:08:49Z,10.798485,conditional_non_push,0.7658031088082902,consensus_plus_empirical_residual_model,live_snapshot_not_T60,pinnacle,c25f2ee409b6f0fa93489ca2,0.7905286727055252,0.7905286727055252,-377.3923061050737,-52.607693894926285,2,OK,-430,fanduel,-430,False,False,44.5,closest_offered_consensus_to_50pct_no_interpolation,0.7658031088082902,-103.00884955752213,0.0,0.7658031088082902,EMPIRICAL_RECONSTRUCTED_HISTORY,0897c49705a05c04d65f1c02a830bc8446166ee6750153b629f2f4c40766b03b,4a14b3fdf51d13786a2e905526f21d4fe7601226e01da29583be8ff3210a7041,work/market-distribution-v1/artifacts/4a14b3fdf51d13786a2e905526f21d4fe7601226e01da29583be8ff3210a7041.json,-1.0,44.5,False,False,none,False,0.8946459412780656,0.0,eec35edb10ded38f
52c3b36f28f479bddc01fb1c,2026-09-06T21:08:59.798485+00:00,eec35edb10ded38f0500e83e9aaf8252f63479442c90d3b0d1ad36855ebf8efe,7e09efed7e12c659b82740b67ce2f9a1,1,2026-09-13T17:00:00Z,Houston Texans,Buffalo Bills,totals,alternate_totals,,35.5,Under,35.5,draftkings,292,3.92,0.2091105754506737,1.1455249678360664,2026-09-06T21:08:19Z,40.798485,conditional_non_push,0.23419689119170983,consensus_plus_empirical_residual_model,live_snapshot_not_T60,pinnacle,c25f2ee409b6f0fa93489ca2,0.20947132729447482,0.20947132729447482,377.3923061050737,-85.39230610507371,2,OK,300,fanduel,300,False,False,44.5,closest_offered_consensus_to_50pct_no_interpolation,0.23419689119170983,-34.991150442477874,0.0,0.23419689119170983,EMPIRICAL_RECONSTRUCTED_HISTORY,0897c49705a05c04d65f1c02a830bc8446166ee6750153b629f2f4c40766b03b,4a14b3fdf51d13786a2e905526f21d4fe7601226e01da29583be8ff3210a7041,work/market-distribution-v1/artifacts/4a14b3fdf51d13786a2e905526f21d4fe7601226e01da29583be8ff3210a7041.json,-1.0,44.5,False,False,none,False,0.4096718480138169,0.0,eec35edb10ded38f
4f0ebd183e195f125eac463b,2026-09-06T21:08:59.798485+00:00,eec35edb10ded38f0500e83e9aaf8252f63479442c90d3b0d1ad36855ebf8efe,7e09efed7e12c659b82740b67ce2f9a1,1,2026-09-13T17:00:00Z,Houston Texans,Buffalo Bills,totals,alternate_totals,,35.5,Under,35.5,fanduel,300,4.0,0.20983207913827592,1.1263464204120908,2026-09-06T21:08:49Z,10.798485,conditional_non_push,0.23419689119170983,consensus_plus_empirical_residual_model,live_snapshot_not_T60,pinnacle,c25f2ee409b6f0fa93489ca2,0.20947132729447482,0.20947132729447482,377.3923061050737,-77.39230610507371,2,OK,300,fanduel,300,False,False,44.5,closest_offered_consensus_to_50pct_no_interpolation,0.23419689119170983,-26.991150442477874,0.0,0.23419689119170983,EMPIRICAL_RECONSTRUCTED_HISTORY,0897c49705a05c04d65f1c02a830bc8446166ee6750153b629f2f4c40766b03b,4a14b3fdf51d13786a2e905526f21d4fe7601226e01da29583be8ff3210a7041,work/market-distribution-v1/artifacts/4a14b3fdf51d13786a2e905526f21d4fe7601226e01da29583be8ff3210a7041.json,-1.0,44.5,False,False,none,False,0.4096718480138169,0.0,eec35edb10ded38f
faff9f32c6c393f041eef7b8,2026-09-06T21:08:59.798485+00:00,eec35edb10ded38f0500e83e9aaf8252f63479442c90d3b0d1ad36855ebf8efe,7e09efed7e12c659b82740b67ce2f9a1,1,2026-09-13T17:00:00Z,Houston Texans,Buffalo Bills,totals,alternate_totals,,36.5,Over,36.5,draftkings,-365,1.273972602739726,0.7596336550635142,1.1353718331677145,2026-09-06T21:08:19Z,40.798485,conditional_non_push,0.7402417962003455,consensus_plus_empirical_residual_model,live_snapshot_not_T60,pinnacle,aa1a49ec6ffc2bf373b5da76,0.7601339500262425,0.7601339500262425,-316.89934866122354,-48.10065133877646,2,OK,-360,fanduel,-360,False,False,44.5,closest_offered_consensus_to_50pct_no_interpolation,0.7402417962003455,-80.02659574468078,0.0,0.7402417962003455,EMPIRICAL_RECONSTRUCTED_HISTORY,0897c49705a05c04d65f1c02a830bc8446166ee6750153b629f2f4c40766b03b,4a14b3fdf51d13786a2e905526f21d4fe7601226e01da29583be8ff3210a7041,work/market-distribution-v1/artifacts/4a14b3fdf51d13786a2e905526f21d4fe7601226e01da29583be8ff3210a7041.json,-1.0,44.5,False,False,none,False,0.8780656303972366,0.0,eec35edb10ded38f
8dea4b60a8d0a4f676d4b3ec,2026-09-06T21:08:59.798485+00:00,eec35edb10ded38f0500e83e9aaf8252f63479442c90d3b0d1ad36855ebf8efe,7e09efed7e12c659b82740b67ce2f9a1,1,2026-09-13T17:00:00Z,Houston Texans,Buffalo Bills,totals,alternate_totals,,36.5,Over,36.5,fanduel,-360,1.2777777777777777,0.7606342449889708,1.1161876518620257,2026-09-06T21:08:49Z,10.798485,conditional_non_push,0.7402417962003455,consensus_plus_empirical_residual_model,live_snapshot_not_T60,pinnacle,aa1a49ec6ffc2bf373b5da76,0.7601339500262425,0.7601339500262425,-316.89934866122354,-43.10065133877646,2,OK,-360,fanduel,-360,False,False,44.5,closest_offered_consensus_to_50pct_no_interpolation,0.7402417962003455,-75.02659574468078,0.0,0.7402417962003455,EMPIRICAL_RECONSTRUCTED_HISTORY,0897c49705a05c04d65f1c02a830bc8446166ee6750153b629f2f4c40766b03b,4a14b3fdf51d13786a2e905526f21d4fe7601226e01da29583be8ff3210a7041,work/market-distribution-v1/artifacts/4a14b3fdf51d13786a2e905526f21d4fe7601226e01da29583be8ff3210a7041.json,-1.0,44.5,False,False,none,False,0.8780656303972366,0.0,eec35edb10ded38f
7d1a25767f63774a785918e7,2026-09-06T21:08:59.798485+00:00,eec35edb10ded38f0500e83e9aaf8252f63479442c90d3b0d1ad36855ebf8efe,7e09efed7e12c659b82740b67ce2f9a1,1,2026-09-13T17:00:00Z,Houston Texans,Buffalo Bills,totals,alternate_totals,,36.5,Under,36.5,draftkings,251,3.51,0.24036634493648576,1.1353718331677145,2026-09-06T21:08:19Z,40.798485,conditional_non_push,0.2597582037996546,consensus_plus_empirical_residual_model,live_snapshot_not_T60,pinnacle,aa1a49ec6ffc2bf373b5da76,0.2398660499737576,0.2398660499737576,316.89934866122337,-65.89934866122337,2,OK,260,fanduel,260,False,False,44.5,closest_offered_consensus_to_50pct_no_interpolation,0.2597582037996546,-33.97340425531911,0.0,0.2597582037996546,EMPIRICAL_RECONSTRUCTED_HISTORY,0897c49705a05c04d65f1c02a830bc8446166ee6750153b629f2f4c40766b03b,4a14b3fdf51d13786a2e905526f21d4fe7601226e01da29583be8ff3210a7041,work/market-distribution-v1/artifacts/4a14b3fdf51d13786a2e905526f21d4fe7601226e01da29583be8ff3210a7041.json,-1.0,44.5,False,False,none,False,0.4400690846286701,0.0,eec35edb10ded38f
e43dbde4c6674eb5d8f8d78c,2026-09-06T21:08:59.798485+00:00,eec35edb10ded38f0500e83e9aaf8252f63479442c90d3b0d1ad36855ebf8efe,7e09efed7e12c659b82740b67ce2f9a1,1,2026-09-13T17:00:00Z,Houston Texans,Buffalo Bills,totals,alternate_totals,,36.5,Under,36.5,fanduel,260,3.6,0.2393657550110294,1.1161876518620257,2026-09-06T21:08:49Z,10.798485,conditional_non_push,0.2597582037996546,consensus_plus_empirical_residual_model,live_snapshot_not_T60,pinnacle,aa1a49ec6ffc2bf373b5da76,0.2398660499737576,0.2398660499737576,316.89934866122337,-56.89934866122337,2,OK,260,fanduel,260,False,False,44.5,closest_offered_consensus_to_50pct_no_interpolation,0.2597582037996546,-24.97340425531911,0.0,0.2597582037996546,EMPIRICAL_RECONSTRUCTED_HISTORY,0897c49705a05c04d65f1c02a830bc8446166ee6750153b629f2f4c40766b03b,4a14b3fdf51d13786a2e905526f21d4fe7601226e01da29583be8ff3210a7041,work/market-distribution-v1/artifacts/4a14b3fdf51d13786a2e905526f21d4fe7601226e01da29583be8ff3210a7041.json,-1.0,44.5,False,False,none,False,0.4400690846286701,0.0,eec35edb10ded38f
520533607a03e9b8c0d38645,2026-09-06T21:08:59.798485+00:00,eec35edb10ded38f0500e83e9aaf8252f63479442c90d3b0d1ad36855ebf8efe,7e09efed7e12c659b82740b67ce2f9a1,1,2026-09-13T17:00:00Z,Houston Texans,Buffalo Bills,totals,alternate_totals,,37.5,Over,37.5,draftkings,-298,1.3355704697986577,0.7220797813688552,1.1253155671971768,2026-09-06T21:08:19Z,40.798485,conditional_non_push,0.7077720207253886,consensus_plus_empirical_residual_model,live_snapshot_not_T60,pinnacle,37cf37efda2f772ec4022f6f,0.7220797813688552,0.7220797813688552,-259.81549126772893,-38.18450873227107,3,OK,-277,pinnacle,-295,False,False,44.5,closest_offered_consensus_to_50pct_no_interpolation,0.7077720207253886,-55.80141843971634,0.0,0.7077720207253886,EMPIRICAL_RECONSTRUCTED_HISTORY,0897c49705a05c04d65f1c02a830bc8446166ee6750153b629f2f4c40766b03b,4a14b3fdf51d13786a2e905526f21d4fe7601226e01da29583be8ff3210a7041,work/market-distribution-v1/artifacts/4a14b3fdf51d13786a2e905526f21d4fe7601226e01da29583be8ff3210a7041.json,-1.0,44.5,False,False,none,False,0.8552677029360967,0.0,eec35edb10ded38f
15af0d71d7bc15a7d2301309,2026-09-06T21:08:59.798485+00:00,eec35edb10ded38f0500e83e9aaf8252f63479442c90d3b0d1ad36855ebf8efe,7e09efed7e12c659b82740b67ce2f9a1,1,2026-09-13T17:00:00Z,Houston Texans,Buffalo Bills,totals,alternate_totals,,37.5,Over,37.5,fanduel,-295,1.3389830508474576,0.7239487845520428,1.106622508802201,2026-09-06T21:08:49Z,10.798485,conditional_non_push,0.7077720207253886,consensus_plus_empirical_residual_model,live_snapshot_not_T60,pinnacle,37cf37efda2f772ec4022f6f,0.7220797813688552,0.7220797813688552,-259.81549126772893,-35.18450873227107,3,OK,-277,pinnacle,-295,False,False,44.5,closest_offered_consensus_to_50pct_no_interpolation,0.7077720207253886,-52.80141843971634,0.0,0.7077720207253886,EMPIRICAL_RECONSTRUCTED_HISTORY,0897c49705a05c04d65f1c02a830bc8446166ee6750153b629f2f4c40766b03b,4a14b3fdf51d13786a2e905526f21d4fe7601226e01da29583be8ff3210a7041,work/market-distribution-v1/artifacts/4a14b3fdf51d13786a2e905526f21d4fe7601226e01da29583be8ff3210a7041.json,-1.0,44.5,False,False,none,False,0.8552677029360967,0.0,eec35edb10ded38f
6929af3959733732379e444e,2026-09-06T21:08:59.798485+00:00,eec35edb10ded38f0500e83e9aaf8252f63479442c90d3b0d1ad36855ebf8efe,7e09efed7e12c659b82740b67ce2f9a1,1,2026-09-13T17:00:00Z,Houston Texans,Buffalo Bills,totals,alternate_totals,,37.5,Over,37.5,pinnacle,-277,1.3610108303249098,0.7146572246203552,1.089948365413827,2026-09-06T21:08:57Z,2.798485,conditional_non_push,0.7077720207253886,consensus_plus_empirical_residual_model,live_snapshot_not_T60,pinnacle,37cf37efda2f772ec4022f6f,0.7220797813688552,0.7220797813688552,-259.81549126772893,-17.18450873227107,3,OK,-277,pinnacle,-295,False,False,44.5,closest_offered_consensus_to_50pct_no_interpolation,0.7077720207253886,-34.80141843971634,0.0,0.7077720207253886,EMPIRICAL_RECONSTRUCTED_HISTORY,0897c49705a05c04d65f1c02a830bc8446166ee6750153b629f2f4c40766b03b,4a14b3fdf51d13786a2e905526f21d4fe7601226e01da29583be8ff3210a7041,work/market-distribution-v1/artifacts/4a14b3fdf51d13786a2e905526f21d4fe7601226e01da29583be8ff3210a7041.json,-1.0,44.5,False,False,none,False,0.8552677029360967,0.0,eec35edb10ded38f
546e7852bbb02a4538b776cf,2026-09-06T21:08:59.798485+00:00,eec35edb10ded38f0500e83e9aaf8252f63479442c90d3b0d1ad36855ebf8efe,7e09efed7e12c659b82740b67ce2f9a1,1,2026-09-13T17:00:00Z,Houston Texans,Buffalo Bills,totals,alternate_totals,,37.5,Under,37.5,draftkings,212,3.12,0.2779202186311448,1.1253155671971768,2026-09-06T21:08:19Z,40.798485,conditional_non_push,0.2922279792746114,consensus_plus_empirical_residual_model,live_snapshot_not_T60,pinnacle,37cf37efda2f772ec4022f6f,0.2779202186311448,0.2779202186311448,259.81549126772893,-47.81549126772893,3,OK,220,fanduel,220,False,False,44.5,closest_offered_consensus_to_50pct_no_interpolation,0.2922279792746114,-30.198581560283657,0.0,0.2922279792746114,EMPIRICAL_RECONSTRUCTED_HISTORY,0897c49705a05c04d65f1c02a830bc8446166ee6750153b629f2f4c40766b03b,4a14b3fdf51d13786a2e905526f21d4fe7601226e01da29583be8ff3210a7041,work/market-distribution-v1/artifacts/4a14b3fdf51d13786a2e905526f21d4fe7601226e01da29583be8ff3210a7041.json,-1.0,44.5,False,False,none,False,0.4780656303972366,0.0,eec35edb10ded38f
3bafd73abebc98e453b6c829,2026-09-06T21:08:59.798485+00:00,eec35edb10ded38f0500e83e9aaf8252f63479442c90d3b0d1ad36855ebf8efe,7e09efed7e12c659b82740b67ce2f9a1,1,2026-09-13T17:00:00Z,Houston Texans,Buffalo Bills,totals,alternate_totals,,37.5,Under,37.5,fanduel,220,3.2,0.2760512154479574,1.106622508802201,2026-09-06T21:08:49Z,10.798485,conditional_non_push,0.2922279792746114,consensus_plus_empirical_residual_model,live_snapshot_not_T60,pinnacle,37cf37efda2f772ec4022f6f,0.2779202186311448,0.2779202186311448,259.81549126772893,-39.81549126772893,3,OK,220,fanduel,220,False,False,44.5,closest_offered_consensus_to_50pct_no_interpolation,0.2922279792746114,-22.198581560283657,0.0,0.2922279792746114,EMPIRICAL_RECONSTRUCTED_HISTORY,0897c49705a05c04d65f1c02a830bc8446166ee6750153b629f2f4c40766b03b,4a14b3fdf51d13786a2e905526f21d4fe7601226e01da29583be8ff3210a7041,work/market-distribution-v1/artifacts/4a14b3fdf51d13786a2e905526f21d4fe7601226e01da29583be8ff3210a7041.json,-1.0,44.5,False,False,none,False,0.4780656303972366,0.0,eec35edb10ded38f
78e8c98fdf4b5735fb274416,2026-09-06T21:08:59.798485+00:00,eec35edb10ded38f0500e83e9aaf8252f63479442c90d3b0d1ad36855ebf8efe,7e09efed7e12c659b82740b67ce2f9a1,1,2026-09-13T17:00:00Z,Houston Texans,Buffalo Bills,totals,alternate_totals,,37.5,Under,37.5,pinnacle,216,3.16,0.28534277537964475,1.089948365413827,2026-09-06T21:08:57Z,2.798485,conditional_non_push,0.2922279792746114,consensus_plus_empirical_residual_model,live_snapshot_not_T60,pinnacle,37cf37efda2f772ec4022f6f,0.2779202186311448,0.2779202186311448,259.81549126772893,-43.81549126772893,3,OK,220,fanduel,220,False,False,44.5,closest_offered_consensus_to_50pct_no_interpolation,0.2922279792746114,-26.198581560283657,0.0,0.2922279792746114,EMPIRICAL_RECONSTRUCTED_HISTORY,0897c49705a05c04d65f1c02a830bc8446166ee6750153b629f2f4c40766b03b,4a14b3fdf51d13786a2e905526f21d4fe7601226e01da29583be8ff3210a7041,work/market-distribution-v1/artifacts/4a14b3fdf51d13786a2e905526f21d4fe7601226e01da29583be8ff3210a7041.json,-1.0,44.5,False,False,none,False,0.4780656303972366,0.0,eec35edb10ded38f
cf6d33288f87730d894eed8c,2026-09-06T21:08:59.798485+00:00,eec35edb10ded38f0500e83e9aaf8252f63479442c90d3b0d1ad36855ebf8efe,7e09efed7e12c659b82740b67ce2f9a1,1,2026-09-13T17:00:00Z,Houston Texans,Buffalo Bills,totals,alternate_totals,,38.5,Over,38.5,draftkings,-268,1.373134328358209,0.700166973817358,1.1240649076422446,2026-09-06T21:08:19Z,40.798485,conditional_non_push,0.681174438687392,consensus_plus_empirical_residual_model,live_snapshot_not_T60,pinnacle,e72fbec6cab4df7a7c3410d2,0.7012915575098312,0.7012915575098312,-234.77460217178572,-33.225397828214284,2,OK,-265,fanduel,-265,False,False,44.5,closest_offered_consensus_to_50pct_no_interpolation,0.681174438687392,-54.348862405200464,0.0,0.681174438687392,EMPIRICAL_RECONSTRUCTED_HISTORY,0897c49705a05c04d65f1c02a830bc8446166ee6750153b629f2f4c40766b03b,4a14b3fdf51d13786a2e905526f21d4fe7601226e01da29583be8ff3210a7041,work/market-distribution-v1/artifacts/4a14b3fdf51d13786a2e905526f21d4fe7601226e01da29583be8ff3210a7041.json,-1.0,44.5,False,False,none,False,0.8338514680483592,0.0,eec35edb10ded38f
298fff7c59c6de310a261494,2026-09-06T21:08:59.798485+00:00,eec35edb10ded38f0500e83e9aaf8252f63479442c90d3b0d1ad36855ebf8efe,7e09efed7e12c659b82740b67ce2f9a1,1,2026-09-13T17:00:00Z,Houston Texans,Buffalo Bills,totals,alternate_totals,,38.5,Over,38.5,fanduel,-265,1.3773584905660377,0.7024161412023043,1.1032638428562676,2026-09-06T21:08:49Z,10.798485,conditional_non_push,0.681174438687392,consensus_plus_empirical_residual_model,live_snapshot_not_T60,pinnacle,e72fbec6cab4df7a7c3410d2,0.7012915575098312,0.7012915575098312,-234.77460217178572,-30.225397828214284,2,OK,-265,fanduel,-265,False,False,44.5,closest_offered_consensus_to_50pct_no_interpolation,0.681174438687392,-51.348862405200464,0.0,0.681174438687392,EMPIRICAL_RECONSTRUCTED_HISTORY,0897c49705a05c04d65f1c02a830bc8446166ee6750153b629f2f4c40766b03b,4a14b3fdf51d13786a2e905526f21d4fe7601226e01da29583be8ff3210a7041,work/market-distribution-v1/artifacts/4a14b3fdf51d13786a2e905526f21d4fe7601226e01da29583be8ff3210a7041.json,-1.0,44.5,False,False,none,False,0.8338514680483592,0.0,eec35edb10ded38f
d90a14a8277f9dd5618e5b9d,2026-09-06T21:08:59.798485+00:00,eec35edb10ded38f0500e83e9aaf8252f63479442c90d3b0d1ad36855ebf8efe,7e09efed7e12c659b82740b67ce2f9a1,1,2026-09-13T17:00:00Z,Houston Texans,Buffalo Bills,totals,alternate_totals,,38.5,Under,38.5,draftkings,192,2.92,0.2998330261826421,1.1240649076422446,2026-09-06T21:08:19Z,40.798485,conditional_non_push,0.3188255613126079,consensus_plus_empirical_residual_model,live_snapshot_not_T60,pinnacle,e72fbec6cab4df7a7c3410d2,0.2987084424901689,0.2987084424901689,234.77460217178557,-42.774602171785574,2,OK,200,fanduel,200,False,False,44.5,closest_offered_consensus_to_50pct_no_interpolation,0.3188255613126079,-21.65113759479962,0.0,0.3188255613126079,EMPIRICAL_RECONSTRUCTED_HISTORY,0897c49705a05c04d65f1c02a830bc8446166ee6750153b629f2f4c40766b03b,4a14b3fdf51d13786a2e905526f21d4fe7601226e01da29583be8ff3210a7041,work/market-distribution-v1/artifacts/4a14b3fdf51d13786a2e905526f21d4fe7601226e01da29583be8ff3210a7041.json,-1.0,44.5,False,False,none,False,0.5067357512953368,0.0,eec35edb10ded38f
50537624930b30c93fa0bf56,2026-09-06T21:08:59.798485+00:00,eec35edb10ded38f0500e83e9aaf8252f63479442c90d3b0d1ad36855ebf8efe,7e09efed7e12c659b82740b67ce2f9a1,1,2026-09-13T17:00:00Z,Houston Texans,Buffalo Bills,totals,alternate_totals,,38.5,Under,38.5,fanduel,200,3.0,0.29758385879769567,1.1032638428562676,2026-09-06T21:08:49Z,10.798485,conditional_non_push,0.3188255613126079,consensus_plus_empirical_residual_model,live_snapshot_not_T60,pinnacle,e72fbec6cab4df7a7c3410d2,0.2987084424901689,0.2987084424901689,234.77460217178557,-34.774602171785574,2,OK,200,fanduel,200,False,False,44.5,closest_offered_consensus_to_50pct_no_interpolation,0.3188255613126079,-13.651137594799621,0.0,0.3188255613126079,EMPIRICAL_RECONSTRUCTED_HISTORY,0897c49705a05c04d65f1c02a830bc8446166ee6750153b629f2f4c40766b03b,4a14b3fdf51d13786a2e905526f21d4fe7601226e01da29583be8ff3210a7041,work/market-distribution-v1/artifacts/4a14b3fdf51d13786a2e905526f21d4fe7601226e01da29583be8ff3210a7041.json,-1.0,44.5,False,False,none,False,0.5067357512953368,0.0,eec35edb10ded38f
10bced243853c677674e7ab9,2026-09-06T21:08:59.798485+00:00,eec35edb10ded38f0500e83e9aaf8252f63479442c90d3b0d1ad36855ebf8efe,7e09efed7e12c659b82740b67ce2f9a1,1,2026-09-13T17:00:00Z,Houston Texans,Buffalo Bills,totals,alternate_totals,,39.5,Over,39.5,draftkings,-231,1.432900432900433,0.6690267943058347,1.1174045745464154,2026-09-06T21:08:19Z,40.798485,conditional_non_push,0.6538860103626943,consensus_plus_empirical_residual_model,live_snapshot_not_T60,pinnacle,dadf1cb5e0484f8293693a35,0.6707267619172048,0.6707267619172048,-203.69914233617482,-27.300857663825184,2,OK,-230,fanduel,-230,False,False,44.5,closest_offered_consensus_to_50pct_no_interpolation,0.6538860103626943,-42.07784431137722,0.0,0.6538860103626943,EMPIRICAL_RECONSTRUCTED_HISTORY,0897c49705a05c04d65f1c02a830bc8446166ee6750153b629f2f4c40766b03b,4a14b3fdf51d13786a2e905526f21d4fe7601226e01da29583be8ff3210a7041,work/market-distribution-v1/artifacts/4a14b3fdf51d13786a2e905526f21d4fe7601226e01da29583be8ff3210a7041.json,-1.0,44.5,False,False,none,False,0.8127806563039723,0.0,eec35edb10ded38f
6d92949bf5e0b7fd4772b170,2026-09-06T21:08:59.798485+00:00,eec35edb10ded38f0500e83e9aaf8252f63479442c90d3b0d1ad36855ebf8efe,7e09efed7e12c659b82740b67ce2f9a1,1,2026-09-13T17:00:00Z,Houston Texans,Buffalo Bills,totals,alternate_totals,,39.5,Over,39.5,fanduel,-230,1.434782608695652,0.6724267295285751,1.099300429531386,2026-09-06T21:08:49Z,10.798485,conditional_non_push,0.6538860103626943,consensus_plus_empirical_residual_model,live_snapshot_not_T60,pinnacle,dadf1cb5e0484f8293693a35,0.6707267619172048,0.6707267619172048,-203.69914233617482,-26.300857663825184,2,OK,-230,fanduel,-230,False,False,44.5,closest_offered_consensus_to_50pct_no_interpolation,0.6538860103626943,-41.07784431137722,0.0,0.6538860103626943,EMPIRICAL_RECONSTRUCTED_HISTORY,0897c49705a05c04d65f1c02a830bc8446166ee6750153b629f2f4c40766b03b,4a14b3fdf51d13786a2e905526f21d4fe7601226e01da29583be8ff3210a7041,work/market-distribution-v1/artifacts/4a14b3fdf51d13786a2e905526f21d4fe7601226e01da29583be8ff3210a7041.json,-1.0,44.5,False,False,none,False,0.8127806563039723,0.0,eec35edb10ded38f
e0c53c3d7f9a83de4a3d8e78,2026-09-06T21:08:59.798485+00:00,eec35edb10ded38f0500e83e9aaf8252f63479442c90d3b0d1ad36855ebf8efe,7e09efed7e12c659b82740b67ce2f9a1,1,2026-09-13T17:00:00Z,Houston Texans,Buffalo Bills,totals,alternate_totals,,39.5,Under,39.5,draftkings,169,2.69,0.33097320569416544,1.1174045745464154,2026-09-06T21:08:19Z,40.798485,conditional_non_push,0.3461139896373057,consensus_plus_empirical_residual_model,live_snapshot_not_T60,pinnacle,dadf1cb5e0484f8293693a35,0.3292732380827953,0.3292732380827953,203.69914233617476,-34.69914233617476,2,OK,176,fanduel,176,False,False,44.5,closest_offered_consensus_to_50pct_no_interpolation,0.3461139896373057,-19.922155688622723,0.0,0.3461139896373057,EMPIRICAL_RECONSTRUCTED_HISTORY,0897c49705a05c04d65f1c02a830bc8446166ee6750153b629f2f4c40766b03b,4a14b3fdf51d13786a2e905526f21d4fe7601226e01da29583be8ff3210a7041,work/market-distribution-v1/artifacts/4a14b3fdf51d13786a2e905526f21d4fe7601226e01da29583be8ff3210a7041.json,-1.0,44.5,False,False,none,False,0.5157167530224525,0.0,eec35edb10ded38f
3a0c9912de276c9bd0f6cac7,2026-09-06T21:08:59.798485+00:00,eec35edb10ded38f0500e83e9aaf8252f63479442c90d3b0d1ad36855ebf8efe,7e09efed7e12c659b82740b67ce2f9a1,1,2026-09-13T17:00:00Z,Houston Texans,Buffalo Bills,totals,alternate_totals,,39.5,Under,39.5,fanduel,176,2.76,0.3275732704714252,1.099300429531386,2026-09-06T21:08:49Z,10.798485,conditional_non_push,0.3461139896373057,consensus_plus_empirical_residual_model,live_snapshot_not_T60,pinnacle,dadf1cb5e0484f8293693a35,0.3292732380827953,0.3292732380827953,203.69914233617476,-27.69914233617476,2,OK,176,fanduel,176,False,False,44.5,closest_offered_consensus_to_50pct_no_interpolation,0.3461139896373057,-12.922155688622723,0.0,0.3461139896373057,EMPIRICAL_RECONSTRUCTED_HISTORY,0897c49705a05c04d65f1c02a830bc8446166ee6750153b629f2f4c40766b03b,4a14b3fdf51d13786a2e905526f21d4fe7601226e01da29583be8ff3210a7041,work/market-distribution-v1/artifacts/4a14b3fdf51d13786a2e905526f21d4fe7601226e01da29583be8ff3210a7041.json,-1.0,44.5,False,False,none,False,0.5157167530224525,0.0,eec35edb10ded38f
12b88aaac039421387f82429,2026-09-06T21:08:59.798485+00:00,eec35edb10ded38f0500e83e9aaf8252f63479442c90d3b0d1ad36855ebf8efe,7e09efed7e12c659b82740b67ce2f9a1,1,2026-09-13T17:00:00Z,Houston Texans,Buffalo Bills,totals,alternate_totals,,40.5,Over,40.5,draftkings,-198,1.5050505050505052,0.6337196281856059,1.1157512991371643,2026-09-06T21:08:19Z,40.798485,conditional_non_push,0.6224525043177893,consensus_plus_empirical_residual_model,live_snapshot_not_T60,pinnacle,fccd2e430d772eb3839452d4,0.636517595483335,0.636517595483335,-175.1164809008387,-22.883519099161305,2,OK,-198,draftkings,-198,False,False,44.5,closest_offered_consensus_to_50pct_no_interpolation,0.6224525043177893,-33.13266239707227,0.0,0.6224525043177893,EMPIRICAL_RECONSTRUCTED_HISTORY,0897c49705a05c04d65f1c02a830bc8446166ee6750153b629f2f4c40766b03b,4a14b3fdf51d13786a2e905526f21d4fe7601226e01da29583be8ff3210a7041,work/market-distribution-v1/artifacts/4a14b3fdf51d13786a2e905526f21d4fe7601226e01da29583be8ff3210a7041.json,-1.0,44.5,False,False,none,False,0.7917098445595855,0.0,eec35edb10ded38f
fc4fc4d2737ebff9e1838b2f,2026-09-06T21:08:59.798485+00:00,eec35edb10ded38f0500e83e9aaf8252f63479442c90d3b0d1ad36855ebf8efe,7e09efed7e12c659b82740b67ce2f9a1,1,2026-09-13T17:00:00Z,Houston Texans,Buffalo Bills,totals,alternate_totals,,40.5,Over,40.5,fanduel,-200,1.5,0.6393155627810642,1.103318384464612,2026-09-06T21:08:49Z,10.798485,conditional_non_push,0.6224525043177893,consensus_plus_empirical_residual_model,live_snapshot_not_T60,pinnacle,fccd2e430d772eb3839452d4,0.636517595483335,0.636517595483335,-175.1164809008387,-24.883519099161305,2,OK,-198,draftkings,-198,False,False,44.5,closest_offered_consensus_to_50pct_no_interpolation,0.6224525043177893,-35.13266239707227,0.0,0.6224525043177893,EMPIRICAL_RECONSTRUCTED_HISTORY,0897c49705a05c04d65f1c02a830bc8446166ee6750153b629f2f4c40766b03b,4a14b3fdf51d13786a2e905526f21d4fe7601226e01da29583be8ff3210a7041,work/market-distribution-v1/artifacts/4a14b3fdf51d13786a2e905526f21d4fe7601226e01da29583be8ff3210a7041.json,-1.0,44.5,False,False,none,False,0.7917098445595855,0.0,eec35edb10ded38f
8ba1469c1720957700b802a4,2026-09-06T21:08:59.798485+00:00,eec35edb10ded38f0500e83e9aaf8252f63479442c90d3b0d1ad36855ebf8efe,7e09efed7e12c659b82740b67ce2f9a1,1,2026-09-13T17:00:00Z,Houston Texans,Buffalo Bills,totals,alternate_totals,,40.5,Under,40.5,draftkings,146,2.46,0.36628037181439427,1.1157512991371643,2026-09-06T21:08:19Z,40.798485,conditional_non_push,0.3775474956822107,consensus_plus_empirical_residual_model,live_snapshot_not_T60,pinnacle,fccd2e430d772eb3839452d4,0.3634824045166651,0.3634824045166651,175.11648090083864,-29.11648090083864,2,OK,152,fanduel,152,False,False,44.5,closest_offered_consensus_to_50pct_no_interpolation,0.3775474956822107,-18.867337602927734,0.0,0.3775474956822107,EMPIRICAL_RECONSTRUCTED_HISTORY,0897c49705a05c04d65f1c02a830bc8446166ee6750153b629f2f4c40766b03b,4a14b3fdf51d13786a2e905526f21d4fe7601226e01da29583be8ff3210a7041,work/market-distribution-v1/artifacts/4a14b3fdf51d13786a2e905526f21d4fe7601226e01da29583be8ff3210a7041.json,-1.0,44.5,False,False,none,False,0.5450777202072539,0.0,eec35edb10ded38f
d7c6c5292f6cb18942ab13e8,2026-09-06T21:08:59.798485+00:00,eec35edb10ded38f0500e83e9aaf8252f63479442c90d3b0d1ad36855ebf8efe,7e09efed7e12c659b82740b67ce2f9a1,1,2026-09-13T17:00:00Z,Houston Texans,Buffalo Bills,totals,alternate_totals,,40.5,Under,40.5,fanduel,152,2.52,0.36068443721893606,1.103318384464612,2026-09-06T21:08:49Z,10.798485,conditional_non_push,0.3775474956822107,consensus_plus_empirical_residual_model,live_snapshot_not_T60,pinnacle,fccd2e430d772eb3839452d4,0.3634824045166651,0.3634824045166651,175.11648090083864,-23.11648090083864,2,OK,152,fanduel,152,False,False,44.5,closest_offered_consensus_to_50pct_no_interpolation,0.3775474956822107,-12.867337602927734,0.0,0.3775474956822107,EMPIRICAL_RECONSTRUCTED_HISTORY,0897c49705a05c04d65f1c02a830bc8446166ee6750153b629f2f4c40766b03b,4a14b3fdf51d13786a2e905526f21d4fe7601226e01da29583be8ff3210a7041,work/market-distribution-v1/artifacts/4a14b3fdf51d13786a2e905526f21d4fe7601226e01da29583be8ff3210a7041.json,-1.0,44.5,False,False,none,False,0.5450777202072539,0.0,eec35edb10ded38f
47930ea222626f04b27c525b,2026-09-06T21:08:59.798485+00:00,eec35edb10ded38f0500e83e9aaf8252f63479442c90d3b0d1ad36855ebf8efe,7e09efed7e12c659b82740b67ce2f9a1,1,2026-09-13T17:00:00Z,Houston Texans,Buffalo Bills,totals,alternate_totals,,41.5,Over,41.5,draftkings,-171,1.5847953216374269,0.5996431374236536,1.1106846011737792,2026-09-06T21:08:19Z,40.798485,conditional_non_push,0.590328151986183,consensus_plus_empirical_residual_model,live_snapshot_not_T60,pinnacle,c8d1866f1dc882ed316b35f0,0.602342504905215,0.602342504905215,-151.47269002477665,-19.527309975223346,3,OK,-170,fanduel,-170,False,False,44.5,closest_offered_consensus_to_50pct_no_interpolation,0.590328151986183,-26.90219224283308,0.0,0.590328151986183,EMPIRICAL_RECONSTRUCTED_HISTORY,0897c49705a05c04d65f1c02a830bc8446166ee6750153b629f2f4c40766b03b,4a14b3fdf51d13786a2e905526f21d4fe7601226e01da29583be8ff3210a7041,work/market-distribution-v1/artifacts/4a14b3fdf51d13786a2e905526f21d4fe7601226e01da29583be8ff3210a7041.json,-1.0,44.5,False,False,none,False,0.7658031088082902,0.0,eec35edb10ded38f
fbb8e8b6e6c06a6ff418cffe,2026-09-06T21:08:59.798485+00:00,eec35edb10ded38f0500e83e9aaf8252f63479442c90d3b0d1ad36855ebf8efe,7e09efed7e12c659b82740b67ce2f9a1,1,2026-09-13T17:00:00Z,Houston Texans,Buffalo Bills,totals,alternate_totals,,41.5,Over,41.5,fanduel,-170,1.5882352941176472,0.602342504905215,1.0957701595051108,2026-09-06T21:08:49Z,10.798485,conditional_non_push,0.590328151986183,consensus_plus_empirical_residual_model,live_snapshot_not_T60,pinnacle,c8d1866f1dc882ed316b35f0,0.602342504905215,0.602342504905215,-151.47269002477665,-18.527309975223346,3,OK,-170,fanduel,-170,False,False,44.5,closest_offered_consensus_to_50pct_no_interpolation,0.590328151986183,-25.90219224283308,0.0,0.590328151986183,EMPIRICAL_RECONSTRUCTED_HISTORY,0897c49705a05c04d65f1c02a830bc8446166ee6750153b629f2f4c40766b03b,4a14b3fdf51d13786a2e905526f21d4fe7601226e01da29583be8ff3210a7041,work/market-distribution-v1/artifacts/4a14b3fdf51d13786a2e905526f21d4fe7601226e01da29583be8ff3210a7041.json,-1.0,44.5,False,False,none,False,0.7658031088082902,0.0,eec35edb10ded38f
401e50e31cd916f281ece43f,2026-09-06T21:08:59.798485+00:00,eec35edb10ded38f0500e83e9aaf8252f63479442c90d3b0d1ad36855ebf8efe,7e09efed7e12c659b82740b67ce2f9a1,1,2026-09-13T17:00:00Z,Houston Texans,Buffalo Bills,totals,alternate_totals,,41.5,Over,41.5,pinnacle,-171,1.5847953216374269,0.6104680671609658,1.0718289723752772,2026-09-06T21:08:57Z,2.798485,conditional_non_push,0.590328151986183,consensus_plus_empirical_residual_model,live_snapshot_not_T60,pinnacle,c8d1866f1dc882ed316b35f0,0.602342504905215,0.602342504905215,-151.47269002477665,-19.527309975223346,3,OK,-170,fanduel,-170,False,False,44.5,closest_offered_consensus_to_50pct_no_interpolation,0.590328151986183,-26.90219224283308,0.0,0.590328151986183,EMPIRICAL_RECONSTRUCTED_HISTORY,0897c49705a05c04d65f1c02a830bc8446166ee6750153b629f2f4c40766b03b,4a14b3fdf51d13786a2e905526f21d4fe7601226e01da29583be8ff3210a7041,work/market-distribution-v1/artifacts/4a14b3fdf51d13786a2e905526f21d4fe7601226e01da29583be8ff3210a7041.json,-1.0,44.5,False,False,none,False,0.7658031088082902,0.0,eec35edb10ded38f
706b9ab62674800bdfee35b3,2026-09-06T21:08:59.798485+00:00,eec35edb10ded38f0500e83e9aaf8252f63479442c90d3b0d1ad36855ebf8efe,7e09efed7e12c659b82740b67ce2f9a1,1,2026-09-13T17:00:00Z,Houston Texans,Buffalo Bills,totals,alternate_totals,,41.5,Under,41.5,draftkings,128,2.2800000000000002,0.4003568625763465,1.1106846011737792,2026-09-06T21:08:19Z,40.798485,conditional_non_push,0.4096718480138169,consensus_plus_empirical_residual_model,live_snapshot_not_T60,pinnacle,c8d1866f1dc882ed316b35f0,0.3976574950947851,0.3976574950947851,151.47269002477657,-23.47269002477657,3,OK,141,pinnacle,132,False,False,44.5,closest_offered_consensus_to_50pct_no_interpolation,0.4096718480138169,-16.097807757166976,0.0,0.4096718480138169,EMPIRICAL_RECONSTRUCTED_HISTORY,0897c49705a05c04d65f1c02a830bc8446166ee6750153b629f2f4c40766b03b,4a14b3fdf51d13786a2e905526f21d4fe7601226e01da29583be8ff3210a7041,work/market-distribution-v1/artifacts/4a14b3fdf51d13786a2e905526f21d4fe7601226e01da29583be8ff3210a7041.json,-1.0,44.5,False,False,none,False,0.5768566493955095,0.0,eec35edb10ded38f
c14916c6b26ef3d09efbd1c2,2026-09-06T21:08:59.798485+00:00,eec35edb10ded38f0500e83e9aaf8252f63479442c90d3b0d1ad36855ebf8efe,7e09efed7e12c659b82740b67ce2f9a1,1,2026-09-13T17:00:00Z,Houston Texans,Buffalo Bills,totals,alternate_totals,,41.5,Under,41.5,fanduel,132,2.3200000000000003,0.3976574950947851,1.0957701595051108,2026-09-06T21:08:49Z,10.798485,conditional_non_push,0.4096718480138169,consensus_plus_empirical_residual_model,live_snapshot_not_T60,pinnacle,c8d1866f1dc882ed316b35f0,0.3976574950947851,0.3976574950947851,151.47269002477657,-19.47269002477657,3,OK,141,pinnacle,132,False,False,44.5,closest_offered_consensus_to_50pct_no_interpolation,0.4096718480138169,-12.097807757166976,0.0,0.4096718480138169,EMPIRICAL_RECONSTRUCTED_HISTORY,0897c49705a05c04d65f1c02a830bc8446166ee6750153b629f2f4c40766b03b,4a14b3fdf51d13786a2e905526f21d4fe7601226e01da29583be8ff3210a7041,work/market-distribution-v1/artifacts/4a14b3fdf51d13786a2e905526f21d4fe7601226e01da29583be8ff3210a7041.json,-1.0,44.5,False,False,none,False,0.5768566493955095,0.0,eec35edb10ded38f
18df1f945fd4298d6dc8f0a8,2026-09-06T21:08:59.798485+00:00,eec35edb10ded38f0500e83e9aaf8252f63479442c90d3b0d1ad36855ebf8efe,7e09efed7e12c659b82740b67ce2f9a1,1,2026-09-13T17:00:00Z,Houston Texans,Buffalo Bills,totals,alternate_totals,,41.5,Under,41.5,pinnacle,141,2.41,0.38953193283903437,1.0718289723752772,2026-09-06T21:08:57Z,2.798485,conditional_non_push,0.4096718480138169,consensus_plus_empirical_residual_model,live_snapshot_not_T60,pinnacle,c8d1866f1dc882ed316b35f0,0.3976574950947851,0.3976574950947851,151.47269002477657,-10.472690024776568,3,OK,141,pinnacle,132,False,False,44.5,closest_offered_consensus_to_50pct_no_interpolation,0.4096718480138169,-3.0978077571669758,0.0,0.4096718480138169,EMPIRICAL_RECONSTRUCTED_HISTORY,0897c49705a05c04d65f1c02a830bc8446166ee6750153b629f2f4c40766b03b,4a14b3fdf51d13786a2e905526f21d4fe7601226e01da29583be8ff3210a7041,work/market-distribution-v1/artifacts/4a14b3fdf51d13786a2e905526f21d4fe7601226e01da29583be8ff3210a7041.json,-1.0,44.5,False,False,none,False,0.5768566493955095,0.0,eec35edb10ded38f
23bb0e75f74ca2c219f4b874,2026-09-06T21:08:59.798485+00:00,eec35edb10ded38f0500e83e9aaf8252f63479442c90d3b0d1ad36855ebf8efe,7e09efed7e12c659b82740b67ce2f9a1,1,2026-09-13T17:00:00Z,Houston Texans,Buffalo Bills,totals,alternate_totals,,42.0,Over,42.0,pinnacle,-159,1.6289308176100628,0.5934410770613977,1.0694647129034252,2026-09-06T21:08:57Z,2.798485,conditional_non_push,0.5774848592803705,consensus_plus_empirical_residual_model,live_snapshot_not_T60,pinnacle,0d56ee27160fa4c01fd8a313,0.5934410770613977,0.5934410770613977,-145.96680667392903,-13.033193326070972,1,FEWER_THAN_TWO_BOOKS,-159,pinnacle,,False,False,44.5,closest_offered_consensus_to_50pct_no_interpolation,0.5774848592803705,-22.322091062394577,0.030397236614853194,0.5599309153713299,EMPIRICAL_RECONSTRUCTED_HISTORY,0897c49705a05c04d65f1c02a830bc8446166ee6750153b629f2f4c40766b03b,4a14b3fdf51d13786a2e905526f21d4fe7601226e01da29583be8ff3210a7041,work/market-distribution-v1/artifacts/4a14b3fdf51d13786a2e905526f21d4fe7601226e01da29583be8ff3210a7041.json,-1.0,44.5,False,False,none,False,0.7402417962003455,0.025561312607944732,eec35edb10ded38f
c1ca09f05e9a2bf298a1dd39,2026-09-06T21:08:59.798485+00:00,eec35edb10ded38f0500e83e9aaf8252f63479442c90d3b0d1ad36855ebf8efe,7e09efed7e12c659b82740b67ce2f9a1,1,2026-09-13T17:00:00Z,Houston Texans,Buffalo Bills,totals,alternate_totals,,42.0,Under,42.0,pinnacle,132,2.3200000000000003,0.40655892293860235,1.0694647129034252,2026-09-06T21:08:57Z,2.798485,conditional_non_push,0.4225151407196295,consensus_plus_empirical_residual_model,live_snapshot_not_T60,pinnacle,0d56ee27160fa4c01fd8a313,0.40655892293860235,0.40655892293860235,145.96680667392897,-13.966806673928971,1,FEWER_THAN_TWO_BOOKS,132,pinnacle,,False,False,44.5,closest_offered_consensus_to_50pct_no_interpolation,0.4225151407196295,-4.677908937605423,0.030397236614853194,0.4096718480138169,EMPIRICAL_RECONSTRUCTED_HISTORY,0897c49705a05c04d65f1c02a830bc8446166ee6750153b629f2f4c40766b03b,4a14b3fdf51d13786a2e905526f21d4fe7601226e01da29583be8ff3210a7041,work/market-distribution-v1/artifacts/4a14b3fdf51d13786a2e905526f21d4fe7601226e01da29583be8ff3210a7041.json,-1.0,44.5,False,False,none,False,0.5768566493955095,0.03419689119170984,eec35edb10ded38f
8e322bd27dbed7d2d958fd60,2026-09-06T21:08:59.798485+00:00,eec35edb10ded38f0500e83e9aaf8252f63479442c90d3b0d1ad36855ebf8efe,7e09efed7e12c659b82740b67ce2f9a1,1,2026-09-13T17:00:00Z,Houston Texans,Buffalo Bills,totals,alternate_totals,,42.5,Over,42.5,draftkings,-156,1.641025641025641,0.576946832899774,1.110400478155213,2026-09-06T21:08:19Z,40.798485,conditional_non_push,0.5599309153713299,consensus_plus_empirical_residual_model,live_snapshot_not_T60,pinnacle,fd004844794a21555881a3f9,0.5769468328997738,0.5769468328997738,-136.3769090429923,-19.62309095700769,3,OK,-148,pinnacle,-156,False,False,44.5,closest_offered_consensus_to_50pct_no_interpolation,0.5599309153713299,-28.762951334379892,0.0,0.5599309153713299,EMPIRICAL_RECONSTRUCTED_HISTORY,0897c49705a05c04d65f1c02a830bc8446166ee6750153b629f2f4c40766b03b,4a14b3fdf51d13786a2e905526f21d4fe7601226e01da29583be8ff3210a7041,work/market-distribution-v1/artifacts/4a14b3fdf51d13786a2e905526f21d4fe7601226e01da29583be8ff3210a7041.json,-1.0,44.5,False,False,none,False,0.7402417962003455,0.0,eec35edb10ded38f
4fe73f0f07493792d331de60,2026-09-06T21:08:59.798485+00:00,eec35edb10ded38f0500e83e9aaf8252f63479442c90d3b0d1ad36855ebf8efe,7e09efed7e12c659b82740b67ce2f9a1,1,2026-09-13T17:00:00Z,Houston Texans,Buffalo Bills,totals,alternate_totals,,42.5,Over,42.5,fanduel,-156,1.641025641025641,0.5818523079588884,1.093307474994289,2026-09-06T21:08:49Z,10.798485,conditional_non_push,0.5599309153713299,consensus_plus_empirical_residual_model,live_snapshot_not_T60,pinnacle,fd004844794a21555881a3f9,0.5769468328997738,0.5769468328997738,-136.3769090429923,-19.62309095700769,3,OK,-148,pinnacle,-156,False,False,44.5,closest_offered_consensus_to_50pct_no_interpolation,0.5599309153713299,-28.762951334379892,0.0,0.5599309153713299,EMPIRICAL_RECONSTRUCTED_HISTORY,0897c49705a05c04d65f1c02a830bc8446166ee6750153b629f2f4c40766b03b,4a14b3fdf51d13786a2e905526f21d4fe7601226e01da29583be8ff3210a7041,work/market-distribution-v1/artifacts/4a14b3fdf51d13786a2e905526f21d4fe7601226e01da29583be8ff3210a7041.json,-1.0,44.5,False,False,none,False,0.7402417962003455,0.0,eec35edb10ded38f
50a60001343b7fa71a7f2cb4,2026-09-06T21:08:59.798485+00:00,eec35edb10ded38f0500e83e9aaf8252f63479442c90d3b0d1ad36855ebf8efe,7e09efed7e12c659b82740b67ce2f9a1,1,2026-09-13T17:00:00Z,Houston Texans,Buffalo Bills,totals,alternate_totals,,42.5,Over,42.5,pinnacle,-148,1.6756756756756757,0.5767508206717658,1.0661127422863643,2026-09-06T21:08:57Z,2.798485,conditional_non_push,0.5599309153713299,consensus_plus_empirical_residual_model,live_snapshot_not_T60,pinnacle,fd004844794a21555881a3f9,0.5769468328997738,0.5769468328997738,-136.3769090429923,-11.62309095700769,3,OK,-148,pinnacle,-156,False,False,44.5,closest_offered_consensus_to_50pct_no_interpolation,0.5599309153713299,-20.762951334379892,0.0,0.5599309153713299,EMPIRICAL_RECONSTRUCTED_HISTORY,0897c49705a05c04d65f1c02a830bc8446166ee6750153b629f2f4c40766b03b,4a14b3fdf51d13786a2e905526f21d4fe7601226e01da29583be8ff3210a7041,work/market-distribution-v1/artifacts/4a14b3fdf51d13786a2e905526f21d4fe7601226e01da29583be8ff3210a7041.json,-1.0,44.5,False,False,none,False,0.7402417962003455,0.0,eec35edb10ded38f
681192803b70a33f3e5ff1f9,2026-09-06T21:08:59.798485+00:00,eec35edb10ded38f0500e83e9aaf8252f63479442c90d3b0d1ad36855ebf8efe,7e09efed7e12c659b82740b67ce2f9a1,1,2026-09-13T17:00:00Z,Houston Texans,Buffalo Bills,totals,alternate_totals,,42.5,Under,42.5,draftkings,117,2.17,0.42305316710022633,1.110400478155213,2026-09-06T21:08:19Z,40.798485,conditional_non_push,0.4400690846286701,consensus_plus_empirical_residual_model,live_snapshot_not_T60,pinnacle,fd004844794a21555881a3f9,0.42305316710022617,0.42305316710022617,136.3769090429923,-19.37690904299231,3,OK,124,pinnacle,122,False,False,44.5,closest_offered_consensus_to_50pct_no_interpolation,0.4400690846286701,-10.237048665620108,0.0,0.4400690846286701,EMPIRICAL_RECONSTRUCTED_HISTORY,0897c49705a05c04d65f1c02a830bc8446166ee6750153b629f2f4c40766b03b,4a14b3fdf51d13786a2e905526f21d4fe7601226e01da29583be8ff3210a7041,work/market-distribution-v1/artifacts/4a14b3fdf51d13786a2e905526f21d4fe7601226e01da29583be8ff3210a7041.json,-1.0,44.5,False,False,none,False,0.6110535405872193,0.0,eec35edb10ded38f
267945be20a6c9dcb76ca3b1,2026-09-06T21:08:59.798485+00:00,eec35edb10ded38f0500e83e9aaf8252f63479442c90d3b0d1ad36855ebf8efe,7e09efed7e12c659b82740b67ce2f9a1,1,2026-09-13T17:00:00Z,Houston Texans,Buffalo Bills,totals,alternate_totals,,42.5,Under,42.5,fanduel,122,2.2199999999999998,0.4181476920411116,1.093307474994289,2026-09-06T21:08:49Z,10.798485,conditional_non_push,0.4400690846286701,consensus_plus_empirical_residual_model,live_snapshot_not_T60,pinnacle,fd004844794a21555881a3f9,0.42305316710022617,0.42305316710022617,136.3769090429923,-14.37690904299231,3,OK,124,pinnacle,122,False,False,44.5,closest_offered_consensus_to_50pct_no_interpolation,0.4400690846286701,-5.237048665620108,0.0,0.4400690846286701,EMPIRICAL_RECONSTRUCTED_HISTORY,0897c49705a05c04d65f1c02a830bc8446166ee6750153b629f2f4c40766b03b,4a14b3fdf51d13786a2e905526f21d4fe7601226e01da29583be8ff3210a7041,work/market-distribution-v1/artifacts/4a14b3fdf51d13786a2e905526f21d4fe7601226e01da29583be8ff3210a7041.json,-1.0,44.5,False,False,none,False,0.6110535405872193,0.0,eec35edb10ded38f
edf5853b11394ebb56a34b03,2026-09-06T21:08:59.798485+00:00,eec35edb10ded38f0500e83e9aaf8252f63479442c90d3b0d1ad36855ebf8efe,7e09efed7e12c659b82740b67ce2f9a1,1,2026-09-13T17:00:00Z,Houston Texans,Buffalo Bills,totals,alternate_totals,,42.5,Under,42.5,pinnacle,124,2.24,0.42324917932823425,1.0661127422863643,2026-09-06T21:08:57Z,2.798485,conditional_non_push,0.4400690846286701,consensus_plus_empirical_residual_model,live_snapshot_not_T60,pinnacle,fd004844794a21555881a3f9,0.42305316710022617,0.42305316710022617,136.3769090429923,-12.37690904299231,3,OK,124,pinnacle,122,False,False,44.5,closest_offered_consensus_to_50pct_no_interpolation,0.4400690846286701,-3.237048665620108,0.0,0.4400690846286701,EMPIRICAL_RECONSTRUCTED_HISTORY,0897c49705a05c04d65f1c02a830bc8446166ee6750153b629f2f4c40766b03b,4a14b3fdf51d13786a2e905526f21d4fe7601226e01da29583be8ff3210a7041,work/market-distribution-v1/artifacts/4a14b3fdf51d13786a2e905526f21d4fe7601226e01da29583be8ff3210a7041.json,-1.0,44.5,False,False,none,False,0.6110535405872193,0.0,eec35edb10ded38f
a1357e2f9b76c604306081d8,2026-09-06T21:08:59.798485+00:00,eec35edb10ded38f0500e83e9aaf8252f63479442c90d3b0d1ad36855ebf8efe,7e09efed7e12c659b82740b67ce2f9a1,1,2026-09-13T17:00:00Z,Houston Texans,Buffalo Bills,totals,alternate_totals,,43.0,Over,43.0,pinnacle,-138,1.7246376811594204,0.5596459728955914,1.065014299848328,2026-09-06T21:08:57Z,2.798485,conditional_non_push,0.5425493716337523,consensus_plus_empirical_residual_model,live_snapshot_not_T60,pinnacle,2ec5e304b966a566bfd9c6f9,0.5596459728955913,0.5596459728955913,-127.09000904921852,-10.909990950781477,1,FEWER_THAN_TWO_BOOKS,-138,pinnacle,,False,False,44.5,closest_offered_consensus_to_50pct_no_interpolation,0.5425493716337523,-19.397174254317108,0.037996545768566495,0.5219343696027634,EMPIRICAL_RECONSTRUCTED_HISTORY,0897c49705a05c04d65f1c02a830bc8446166ee6750153b629f2f4c40766b03b,4a14b3fdf51d13786a2e905526f21d4fe7601226e01da29583be8ff3210a7041,work/market-distribution-v1/artifacts/4a14b3fdf51d13786a2e905526f21d4fe7601226e01da29583be8ff3210a7041.json,-1.0,44.5,False,False,none,False,0.7077720207253886,0.03246977547495682,eec35edb10ded38f
52e9f6a79b02475a4e80ddc8,2026-09-06T21:08:59.798485+00:00,eec35edb10ded38f0500e83e9aaf8252f63479442c90d3b0d1ad36855ebf8efe,7e09efed7e12c659b82740b67ce2f9a1,1,2026-09-13T17:00:00Z,Houston Texans,Buffalo Bills,totals,alternate_totals,,43.0,Under,43.0,pinnacle,116,2.16,0.4403540271044088,1.065014299848328,2026-09-06T21:08:57Z,2.798485,conditional_non_push,0.4574506283662477,consensus_plus_empirical_residual_model,live_snapshot_not_T60,pinnacle,2ec5e304b966a566bfd9c6f9,0.4403540271044087,0.4403540271044087,127.09000904921857,-11.090009049218565,1,FEWER_THAN_TWO_BOOKS,116,pinnacle,,False,False,44.5,closest_offered_consensus_to_50pct_no_interpolation,0.4574506283662477,-2.6028257456828925,0.037996545768566495,0.4400690846286701,EMPIRICAL_RECONSTRUCTED_HISTORY,0897c49705a05c04d65f1c02a830bc8446166ee6750153b629f2f4c40766b03b,4a14b3fdf51d13786a2e905526f21d4fe7601226e01da29583be8ff3210a7041,work/market-distribution-v1/artifacts/4a14b3fdf51d13786a2e905526f21d4fe7601226e01da29583be8ff3210a7041.json,-1.0,44.5,False,False,none,False,0.6110535405872193,0.029706390328151987,eec35edb10ded38f
c90b81495750de25c74693b9,2026-09-06T21:08:59.798485+00:00,eec35edb10ded38f0500e83e9aaf8252f63479442c90d3b0d1ad36855ebf8efe,7e09efed7e12c659b82740b67ce2f9a1,1,2026-09-13T17:00:00Z,Houston Texans,Buffalo Bills,totals,alternate_totals,,43.5,Over,43.5,draftkings,-132,1.7575757575757576,0.5344541862304878,1.1109591825318517,2026-09-06T21:08:19Z,40.798485,conditional_non_push,0.5219343696027634,consensus_plus_empirical_residual_model,live_snapshot_not_T60,pinnacle,cc49f8f75eef76b8e942fe44,0.5361423478886962,0.5361423478886962,-115.58337896300296,-16.416621036997043,3,OK,-129,pinnacle,-130,False,False,44.5,closest_offered_consensus_to_50pct_no_interpolation,0.5219343696027634,-22.8236994219653,0.0,0.5219343696027634,EMPIRICAL_RECONSTRUCTED_HISTORY,0897c49705a05c04d65f1c02a830bc8446166ee6750153b629f2f4c40766b03b,4a14b3fdf51d13786a2e905526f21d4fe7601226e01da29583be8ff3210a7041,work/market-distribution-v1/artifacts/4a14b3fdf51d13786a2e905526f21d4fe7601226e01da29583be8ff3210a7041.json,-1.0,44.5,False,False,none,False,0.7077720207253886,0.0,eec35edb10ded38f
0ffa0a1499dcf08982ead29a,2026-09-06T21:08:59.798485+00:00,eec35edb10ded38f0500e83e9aaf8252f63479442c90d3b0d1ad36855ebf8efe,7e09efed7e12c659b82740b67ce2f9a1,1,2026-09-13T17:00:00Z,Houston Texans,Buffalo Bills,totals,alternate_totals,,43.5,Over,43.5,fanduel,-130,1.7692307692307692,0.5361423478886963,1.0925619072705293,2026-09-06T21:08:49Z,10.798485,conditional_non_push,0.5219343696027634,consensus_plus_empirical_residual_model,live_snapshot_not_T60,pinnacle,cc49f8f75eef76b8e942fe44,0.5361423478886962,0.5361423478886962,-115.58337896300296,-14.416621036997043,3,OK,-129,pinnacle,-130,False,False,44.5,closest_offered_consensus_to_50pct_no_interpolation,0.5219343696027634,-20.8236994219653,0.0,0.5219343696027634,EMPIRICAL_RECONSTRUCTED_HISTORY,0897c49705a05c04d65f1c02a830bc8446166ee6750153b629f2f4c40766b03b,4a14b3fdf51d13786a2e905526f21d4fe7601226e01da29583be8ff3210a7041,work/market-distribution-v1/artifacts/4a14b3fdf51d13786a2e905526f21d4fe7601226e01da29583be8ff3210a7041.json,-1.0,44.5,False,False,none,False,0.7077720207253886,0.0,eec35edb10ded38f
21bca4eea451aa65f2b23b91,2026-09-06T21:08:59.798485+00:00,eec35edb10ded38f0500e83e9aaf8252f63479442c90d3b0d1ad36855ebf8efe,7e09efed7e12c659b82740b67ce2f9a1,1,2026-09-13T17:00:00Z,Houston Texans,Buffalo Bills,totals,alternate_totals,,43.5,Over,43.5,pinnacle,-129,1.7751937984496124,0.5421572214437991,1.0667172042483037,2026-09-06T21:08:57Z,2.798485,conditional_non_push,0.5219343696027634,consensus_plus_empirical_residual_model,live_snapshot_not_T60,pinnacle,cc49f8f75eef76b8e942fe44,0.5361423478886962,0.5361423478886962,-115.58337896300296,-13.416621036997043,3,OK,-129,pinnacle,-130,False,False,44.5,closest_offered_consensus_to_50pct_no_interpolation,0.5219343696027634,-19.8236994219653,0.0,0.5219343696027634,EMPIRICAL_RECONSTRUCTED_HISTORY,0897c49705a05c04d65f1c02a830bc8446166ee6750153b629f2f4c40766b03b,4a14b3fdf51d13786a2e905526f21d4fe7601226e01da29583be8ff3210a7041,work/market-distribution-v1/artifacts/4a14b3fdf51d13786a2e905526f21d4fe7601226e01da29583be8ff3210a7041.json,-1.0,44.5,False,False,none,False,0.7077720207253886,0.0,eec35edb10ded38f
f43f62b34af883730d32724e,2026-09-06T21:08:59.798485+00:00,eec35edb10ded38f0500e83e9aaf8252f63479442c90d3b0d1ad36855ebf8efe,7e09efed7e12c659b82740b67ce2f9a1,1,2026-09-13T17:00:00Z,Houston Texans,Buffalo Bills,totals,alternate_totals,,43.5,Under,43.5,draftkings,-101,1.99009900990099,0.46554581376951243,1.1109591825318517,2026-09-06T21:08:19Z,40.798485,conditional_non_push,0.4780656303972366,consensus_plus_empirical_residual_model,live_snapshot_not_T60,pinnacle,cc49f8f75eef76b8e942fe44,0.46385765211130375,0.46385765211130375,115.58337896300297,-16.58337896300297,3,OK,108,pinnacle,102,False,False,44.5,closest_offered_consensus_to_50pct_no_interpolation,0.4780656303972366,-10.176300578034699,0.0,0.4780656303972366,EMPIRICAL_RECONSTRUCTED_HISTORY,0897c49705a05c04d65f1c02a830bc8446166ee6750153b629f2f4c40766b03b,4a14b3fdf51d13786a2e905526f21d4fe7601226e01da29583be8ff3210a7041,work/market-distribution-v1/artifacts/4a14b3fdf51d13786a2e905526f21d4fe7601226e01da29583be8ff3210a7041.json,-1.0,44.5,False,False,none,False,0.6407599309153713,0.0,eec35edb10ded38f
b2b8fc1f4eb59fadde03c737,2026-09-06T21:08:59.798485+00:00,eec35edb10ded38f0500e83e9aaf8252f63479442c90d3b0d1ad36855ebf8efe,7e09efed7e12c659b82740b67ce2f9a1,1,2026-09-13T17:00:00Z,Houston Texans,Buffalo Bills,totals,alternate_totals,,43.5,Under,43.5,fanduel,102,2.02,0.46385765211130386,1.0925619072705293,2026-09-06T21:08:49Z,10.798485,conditional_non_push,0.4780656303972366,consensus_plus_empirical_residual_model,live_snapshot_not_T60,pinnacle,cc49f8f75eef76b8e942fe44,0.46385765211130375,0.46385765211130375,115.58337896300297,-13.583378963002971,3,OK,108,pinnacle,102,False,False,44.5,closest_offered_consensus_to_50pct_no_interpolation,0.4780656303972366,-7.176300578034699,0.0,0.4780656303972366,EMPIRICAL_RECONSTRUCTED_HISTORY,0897c49705a05c04d65f1c02a830bc8446166ee6750153b629f2f4c40766b03b,4a14b3fdf51d13786a2e905526f21d4fe7601226e01da29583be8ff3210a7041,work/market-distribution-v1/artifacts/4a14b3fdf51d13786a2e905526f21d4fe7601226e01da29583be8ff3210a7041.json,-1.0,44.5,False,False,none,False,0.6407599309153713,0.0,eec35edb10ded38f
a4420a38cd3c86dd5515c37b,2026-09-06T21:08:59.798485+00:00,eec35edb10ded38f0500e83e9aaf8252f63479442c90d3b0d1ad36855ebf8efe,7e09efed7e12c659b82740b67ce2f9a1,1,2026-09-13T17:00:00Z,Houston Texans,Buffalo Bills,totals,alternate_totals,,43.5,Under,43.5,pinnacle,108,2.08,0.4578427785562009,1.0667172042483037,2026-09-06T21:08:57Z,2.798485,conditional_non_push,0.4780656303972366,consensus_plus_empirical_residual_model,live_snapshot_not_T60,pinnacle,cc49f8f75eef76b8e942fe44,0.46385765211130375,0.46385765211130375,115.58337896300297,-7.583378963002971,3,OK,108,pinnacle,102,False,False,44.5,closest_offered_consensus_to_50pct_no_interpolation,0.4780656303972366,-1.1763005780346987,0.0,0.4780656303972366,EMPIRICAL_RECONSTRUCTED_HISTORY,0897c49705a05c04d65f1c02a830bc8446166ee6750153b629f2f4c40766b03b,4a14b3fdf51d13786a2e905526f21d4fe7601226e01da29583be8ff3210a7041,work/market-distribution-v1/artifacts/4a14b3fdf51d13786a2e905526f21d4fe7601226e01da29583be8ff3210a7041.json,-1.0,44.5,False,False,none,False,0.6407599309153713,0.0,eec35edb10ded38f
107e80490f79253e3ab53ca6,2026-09-06T21:08:59.798485+00:00,eec35edb10ded38f0500e83e9aaf8252f63479442c90d3b0d1ad36855ebf8efe,7e09efed7e12c659b82740b67ce2f9a1,1,2026-09-13T17:00:00Z,Houston Texans,Buffalo Bills,totals,totals,,44.0,Over,44.0,pinnacle,-118,1.847457627118644,0.5222929404107365,1.058187706541304,2026-09-06T21:08:57Z,2.798485,conditional_non_push,0.507823613086771,consensus_plus_empirical_residual_model,live_snapshot_not_T60,pinnacle,572894e7dc287d9196719431,0.5222929404107365,0.5222929404107365,-109.33331001216693,-8.666689987833067,1,FEWER_THAN_TWO_BOOKS,-118,pinnacle,,False,False,44.5,closest_offered_consensus_to_50pct_no_interpolation,0.507823613086771,-14.820809248554895,0.028670120898100174,0.49326424870466323,EMPIRICAL_RECONSTRUCTED_HISTORY,0897c49705a05c04d65f1c02a830bc8446166ee6750153b629f2f4c40766b03b,4a14b3fdf51d13786a2e905526f21d4fe7601226e01da29583be8ff3210a7041,work/market-distribution-v1/artifacts/4a14b3fdf51d13786a2e905526f21d4fe7601226e01da29583be8ff3210a7041.json,-1.0,44.5,False,False,none,False,0.681174438687392,0.026597582037996545,eec35edb10ded38f
dfe58ab5d4d6490b993e8f4e,2026-09-06T21:08:59.798485+00:00,eec35edb10ded38f0500e83e9aaf8252f63479442c90d3b0d1ad36855ebf8efe,7e09efed7e12c659b82740b67ce2f9a1,1,2026-09-13T17:00:00Z,Houston Texans,Buffalo Bills,totals,totals,,44.0,Under,44.0,pinnacle,101,2.01,0.47770705958926357,1.058187706541304,2026-09-06T21:08:57Z,2.798485,conditional_non_push,0.492176386913229,consensus_plus_empirical_residual_model,live_snapshot_not_T60,pinnacle,572894e7dc287d9196719431,0.47770705958926357,0.47770705958926357,109.33331001216689,-8.33331001216689,1,FEWER_THAN_TWO_BOOKS,101,pinnacle,,False,False,44.5,closest_offered_consensus_to_50pct_no_interpolation,0.492176386913229,-2.1791907514450912,0.028670120898100174,0.4780656303972366,EMPIRICAL_RECONSTRUCTED_HISTORY,0897c49705a05c04d65f1c02a830bc8446166ee6750153b629f2f4c40766b03b,4a14b3fdf51d13786a2e905526f21d4fe7601226e01da29583be8ff3210a7041,work/market-distribution-v1/artifacts/4a14b3fdf51d13786a2e905526f21d4fe7601226e01da29583be8ff3210a7041.json,-1.0,44.5,False,False,none,False,0.6407599309153713,0.026597582037996545,eec35edb10ded38f
8472e9e5fa0e736d67421e80,2026-09-06T21:08:59.798485+00:00,eec35edb10ded38f0500e83e9aaf8252f63479442c90d3b0d1ad36855ebf8efe,7e09efed7e12c659b82740b67ce2f9a1,1,2026-09-13T17:00:00Z,Houston Texans,Buffalo Bills,totals,totals,,44.5,Over,44.5,betmgm,-110,1.9090909090909092,0.5023369847659711,1.0647311734675267,2026-09-06T21:08:57Z,2.798485,conditional_non_push,0.49326424870466323,consensus_plus_empirical_residual_model,live_snapshot_not_T60,pinnacle,af9c014142e14324ad316d51,0.5011684923829856,0.5011684923829856,-100.46849181142049,-9.531508188579508,4,OK,-110,betmgm|draftkings|fanduel|pinnacle,-110,False,False,44.5,closest_offered_consensus_to_50pct_no_interpolation,0.49326424870466323,-12.731092436974777,0.0,0.49326424870466323,EMPIRICAL_RECONSTRUCTED_HISTORY,0897c49705a05c04d65f1c02a830bc8446166ee6750153b629f2f4c40766b03b,4a14b3fdf51d13786a2e905526f21d4fe7601226e01da29583be8ff3210a7041,work/market-distribution-v1/artifacts/4a14b3fdf51d13786a2e905526f21d4fe7601226e01da29583be8ff3210a7041.json,-1.0,44.5,False,False,none,False,0.681174438687392,0.0,eec35edb10ded38f
600acfc4e026a0f91efcdb51,2026-09-06T21:08:59.798485+00:00,eec35edb10ded38f0500e83e9aaf8252f63479442c90d3b0d1ad36855ebf8efe,7e09efed7e12c659b82740b67ce2f9a1,1,2026-09-13T17:00:00Z,Houston Texans,Buffalo Bills,totals,totals,,44.5,Over,44.5,draftkings,-110,1.9090909090909092,0.5000000000000001,1.0719425631310813,2026-09-06T21:07:49Z,70.798485,conditional_non_push,0.49326424870466323,consensus_plus_empirical_residual_model,live_snapshot_not_T60,pinnacle,af9c014142e14324ad316d51,0.5011684923829856,0.5011684923829856,-100.46849181142049,-9.531508188579508,4,OK,-110,betmgm|draftkings|fanduel|pinnacle,-110,False,False,44.5,closest_offered_consensus_to_50pct_no_interpolation,0.49326424870466323,-12.731092436974777,0.0,0.49326424870466323,EMPIRICAL_RECONSTRUCTED_HISTORY,0897c49705a05c04d65f1c02a830bc8446166ee6750153b629f2f4c40766b03b,4a14b3fdf51d13786a2e905526f21d4fe7601226e01da29583be8ff3210a7041,work/market-distribution-v1/artifacts/4a14b3fdf51d13786a2e905526f21d4fe7601226e01da29583be8ff3210a7041.json,-1.0,44.5,False,False,none,False,0.681174438687392,0.0,eec35edb10ded38f
dc8150d69a7bbcc538b66370,2026-09-06T21:08:59.798485+00:00,eec35edb10ded38f0500e83e9aaf8252f63479442c90d3b0d1ad36855ebf8efe,7e09efed7e12c659b82740b67ce2f9a1,1,2026-09-13T17:00:00Z,Houston Texans,Buffalo Bills,totals,totals,,44.5,Over,44.5,fanduel,-110,1.9090909090909092,0.5000000000000001,1.0719425631310813,2026-09-06T21:08:57Z,2.798485,conditional_non_push,0.49326424870466323,consensus_plus_empirical_residual_model,live_snapshot_not_T60,pinnacle,af9c014142e14324ad316d51,0.5011684923829856,0.5011684923829856,-100.46849181142049,-9.531508188579508,4,OK,-110,betmgm|draftkings|fanduel|pinnacle,-110,False,False,44.5,closest_offered_consensus_to_50pct_no_interpolation,0.49326424870466323,-12.731092436974777,0.0,0.49326424870466323,EMPIRICAL_RECONSTRUCTED_HISTORY,0897c49705a05c04d65f1c02a830bc8446166ee6750153b629f2f4c40766b03b,4a14b3fdf51d13786a2e905526f21d4fe7601226e01da29583be8ff3210a7041,work/market-distribution-v1/artifacts/4a14b3fdf51d13786a2e905526f21d4fe7601226e01da29583be8ff3210a7041.json,-1.0,44.5,False,False,none,False,0.681174438687392,0.0,eec35edb10ded38f
fe3b633f1031dbcbc8c6461d,2026-09-06T21:08:59.798485+00:00,eec35edb10ded38f0500e83e9aaf8252f63479442c90d3b0d1ad36855ebf8efe,7e09efed7e12c659b82740b67ce2f9a1,1,2026-09-13T17:00:00Z,Houston Texans,Buffalo Bills,totals,alternate_totals,,44.5,Over,44.5,pinnacle,-110,1.9090909090909092,0.5023369847659711,1.0647311734675267,2026-09-06T21:08:57Z,2.798485,conditional_non_push,0.49326424870466323,consensus_plus_empirical_residual_model,live_snapshot_not_T60,pinnacle,af9c014142e14324ad316d51,0.5011684923829856,0.5011684923829856,-100.46849181142049,-9.531508188579508,4,OK,-110,betmgm|draftkings|fanduel|pinnacle,-110,False,False,44.5,closest_offered_consensus_to_50pct_no_interpolation,0.49326424870466323,-12.731092436974777,0.0,0.49326424870466323,EMPIRICAL_RECONSTRUCTED_HISTORY,0897c49705a05c04d65f1c02a830bc8446166ee6750153b629f2f4c40766b03b,4a14b3fdf51d13786a2e905526f21d4fe7601226e01da29583be8ff3210a7041,work/market-distribution-v1/artifacts/4a14b3fdf51d13786a2e905526f21d4fe7601226e01da29583be8ff3210a7041.json,-1.0,44.5,False,False,none,False,0.681174438687392,0.0,eec35edb10ded38f
90de6a1f4307bd87fb8af1cd,2026-09-06T21:08:59.798485+00:00,eec35edb10ded38f0500e83e9aaf8252f63479442c90d3b0d1ad36855ebf8efe,7e09efed7e12c659b82740b67ce2f9a1,1,2026-09-13T17:00:00Z,Houston Texans,Buffalo Bills,totals,totals,,44.5,Under,44.5,betmgm,-108,1.925925925925926,0.49766301523402895,1.0647311734675267,2026-09-06T21:08:57Z,2.798485,conditional_non_push,0.5067357512953368,consensus_plus_empirical_residual_model,live_snapshot_not_T60,pinnacle,af9c014142e14324ad316d51,0.49883150761701456,0.49883150761701456,100.46849181142045,-8.46849181142045,4,OK,-108,betmgm|pinnacle,-108,False,False,44.5,closest_offered_consensus_to_50pct_no_interpolation,0.5067357512953368,-5.268907563025223,0.0,0.5067357512953368,EMPIRICAL_RECONSTRUCTED_HISTORY,0897c49705a05c04d65f1c02a830bc8446166ee6750153b629f2f4c40766b03b,4a14b3fdf51d13786a2e905526f21d4fe7601226e01da29583be8ff3210a7041,work/market-distribution-v1/artifacts/4a14b3fdf51d13786a2e905526f21d4fe7601226e01da29583be8ff3210a7041.json,-1.0,44.5,False,False,none,False,0.6673575129533679,0.0,eec35edb10ded38f
5338fe138709e870c695dad2,2026-09-06T21:08:59.798485+00:00,eec35edb10ded38f0500e83e9aaf8252f63479442c90d3b0d1ad36855ebf8efe,7e09efed7e12c659b82740b67ce2f9a1,1,2026-09-13T17:00:00Z,Houston Texans,Buffalo Bills,totals,totals,,44.5,Under,44.5,draftkings,-110,1.9090909090909092,0.5000000000000001,1.0719425631310813,2026-09-06T21:07:49Z,70.798485,conditional_non_push,0.5067357512953368,consensus_plus_empirical_residual_model,live_snapshot_not_T60,pinnacle,af9c014142e14324ad316d51,0.49883150761701456,0.49883150761701456,100.46849181142045,-10.46849181142045,4,OK,-108,betmgm|pinnacle,-108,False,False,44.5,closest_offered_consensus_to_50pct_no_interpolation,0.5067357512953368,-7.268907563025223,0.0,0.5067357512953368,EMPIRICAL_RECONSTRUCTED_HISTORY,0897c49705a05c04d65f1c02a830bc8446166ee6750153b629f2f4c40766b03b,4a14b3fdf51d13786a2e905526f21d4fe7601226e01da29583be8ff3210a7041,work/market-distribution-v1/artifacts/4a14b3fdf51d13786a2e905526f21d4fe7601226e01da29583be8ff3210a7041.json,-1.0,44.5,False,False,none,False,0.6673575129533679,0.0,eec35edb10ded38f
ed9f7782ee435c792dd7b89f,2026-09-06T21:08:59.798485+00:00,eec35edb10ded38f0500e83e9aaf8252f63479442c90d3b0d1ad36855ebf8efe,7e09efed7e12c659b82740b67ce2f9a1,1,2026-09-13T17:00:00Z,Houston Texans,Buffalo Bills,totals,totals,,44.5,Under,44.5,fanduel,-110,1.9090909090909092,0.5000000000000001,1.0719425631310813,2026-09-06T21:08:57Z,2.798485,conditional_non_push,0.5067357512953368,consensus_plus_empirical_residual_model,live_snapshot_not_T60,pinnacle,af9c014142e14324ad316d51,0.49883150761701456,0.49883150761701456,100.46849181142045,-10.46849181142045,4,OK,-108,betmgm|pinnacle,-108,False,False,44.5,closest_offered_consensus_to_50pct_no_interpolation,0.5067357512953368,-7.268907563025223,0.0,0.5067357512953368,EMPIRICAL_RECONSTRUCTED_HISTORY,0897c49705a05c04d65f1c02a830bc8446166ee6750153b629f2f4c40766b03b,4a14b3fdf51d13786a2e905526f21d4fe7601226e01da29583be8ff3210a7041,work/market-distribution-v1/artifacts/4a14b3fdf51d13786a2e905526f21d4fe7601226e01da29583be8ff3210a7041.json,-1.0,44.5,False,False,none,False,0.6673575129533679,0.0,eec35edb10ded38f
af37bcd4a383c83b91fa2056,2026-09-06T21:08:59.798485+00:00,eec35edb10ded38f0500e83e9aaf8252f63479442c90d3b0d1ad36855ebf8efe,7e09efed7e12c659b82740b67ce2f9a1,1,2026-09-13T17:00:00Z,Houston Texans,Buffalo Bills,totals,alternate_totals,,44.5,Under,44.5,pinnacle,-108,1.925925925925926,0.49766301523402895,1.0647311734675267,2026-09-06T21:08:57Z,2.798485,conditional_non_push,0.5067357512953368,consensus_plus_empirical_residual_model,live_snapshot_not_T60,pinnacle,af9c014142e14324ad316d51,0.49883150761701456,0.49883150761701456,100.46849181142045,-8.46849181142045,4,OK,-108,betmgm|pinnacle,-108,False,False,44.5,closest_offered_consensus_to_50pct_no_interpolation,0.5067357512953368,-5.268907563025223,0.0,0.5067357512953368,EMPIRICAL_RECONSTRUCTED_HISTORY,0897c49705a05c04d65f1c02a830bc8446166ee6750153b629f2f4c40766b03b,4a14b3fdf51d13786a2e905526f21d4fe7601226e01da29583be8ff3210a7041,work/market-distribution-v1/artifacts/4a14b3fdf51d13786a2e905526f21d4fe7601226e01da29583be8ff3210a7041.json,-1.0,44.5,False,False,none,False,0.6673575129533679,0.0,eec35edb10ded38f
5c8731b799bd749de2860276,2026-09-06T21:08:59.798485+00:00,eec35edb10ded38f0500e83e9aaf8252f63479442c90d3b0d1ad36855ebf8efe,7e09efed7e12c659b82740b67ce2f9a1,1,2026-09-13T17:00:00Z,Houston Texans,Buffalo Bills,totals,alternate_totals,,45.0,Over,45.0,pinnacle,-103,1.970873786407767,0.484856928531077,1.0669505879874692,2026-09-06T21:08:57Z,2.798485,conditional_non_push,0.48867201115371206,consensus_plus_empirical_residual_model,live_snapshot_not_T60,pinnacle,4f41a173d5476d7b2fe5fbf9,0.48485692853107676,0.48485692853107676,106.24640819913647,-9.246408199136468,1,FEWER_THAN_TWO_BOOKS,-103,pinnacle,,False,False,44.5,closest_offered_consensus_to_50pct_no_interpolation,0.48867201115371206,-7.636233951497871,0.008981001727115717,0.4842832469775475,EMPIRICAL_RECONSTRUCTED_HISTORY,0897c49705a05c04d65f1c02a830bc8446166ee6750153b629f2f4c40766b03b,4a14b3fdf51d13786a2e905526f21d4fe7601226e01da29583be8ff3210a7041,work/market-distribution-v1/artifacts/4a14b3fdf51d13786a2e905526f21d4fe7601226e01da29583be8ff3210a7041.json,-1.0,44.5,False,False,none,False,0.6538860103626943,0.027288428324697755,eec35edb10ded38f
3f66d2857d3166acf59c68e6,2026-09-06T21:08:59.798485+00:00,eec35edb10ded38f0500e83e9aaf8252f63479442c90d3b0d1ad36855ebf8efe,7e09efed7e12c659b82740b67ce2f9a1,1,2026-09-13T17:00:00Z,Houston Texans,Buffalo Bills,totals,alternate_totals,,45.0,Under,45.0,pinnacle,-116,1.8620689655172413,0.5151430714689234,1.0669505879874692,2026-09-06T21:08:57Z,2.798485,conditional_non_push,0.5113279888462878,consensus_plus_empirical_residual_model,live_snapshot_not_T60,pinnacle,4f41a173d5476d7b2fe5fbf9,0.5151430714689231,0.5151430714689231,-106.24640819913644,-9.75359180086356,1,FEWER_THAN_TWO_BOOKS,-116,pinnacle,,False,False,44.5,closest_offered_consensus_to_50pct_no_interpolation,0.5113279888462878,-11.363766048502171,0.008981001727115717,0.5067357512953368,EMPIRICAL_RECONSTRUCTED_HISTORY,0897c49705a05c04d65f1c02a830bc8446166ee6750153b629f2f4c40766b03b,4a14b3fdf51d13786a2e905526f21d4fe7601226e01da29583be8ff3210a7041,work/market-distribution-v1/artifacts/4a14b3fdf51d13786a2e905526f21d4fe7601226e01da29583be8ff3210a7041.json,-1.0,44.5,False,False,none,False,0.6673575129533679,0.023488773747841106,eec35edb10ded38f
787a9d17746394e0f0f3897e,2026-09-06T21:08:59.798485+00:00,eec35edb10ded38f0500e83e9aaf8252f63479442c90d3b0d1ad36855ebf8efe,7e09efed7e12c659b82740b67ce2f9a1,1,2026-09-13T17:00:00Z,Houston Texans,Buffalo Bills,totals,alternate_totals,,45.5,Over,45.5,draftkings,-103,1.970873786407767,0.4710252962748885,1.1096079734653252,2026-09-06T21:08:19Z,40.798485,conditional_non_push,0.4842832469775475,consensus_plus_empirical_residual_model,live_snapshot_not_T60,pinnacle,f878922a76e4ccd987e3790c,0.4683527300859204,0.4683527300859204,113.51428864662488,-16.514288646624877,3,OK,104,pinnacle,100,False,False,44.5,closest_offered_consensus_to_50pct_no_interpolation,0.4842832469775475,-9.490727532096997,0.0,0.4842832469775475,EMPIRICAL_RECONSTRUCTED_HISTORY,0897c49705a05c04d65f1c02a830bc8446166ee6750153b629f2f4c40766b03b,4a14b3fdf51d13786a2e905526f21d4fe7601226e01da29583be8ff3210a7041,work/market-distribution-v1/artifacts/4a14b3fdf51d13786a2e905526f21d4fe7601226e01da29583be8ff3210a7041.json,-1.0,44.5,False,False,none,False,0.6538860103626943,0.0,eec35edb10ded38f
8a95d4de83ce9dc62940d205,2026-09-06T21:08:59.798485+00:00,eec35edb10ded38f0500e83e9aaf8252f63479442c90d3b0d1ad36855ebf8efe,7e09efed7e12c659b82740b67ce2f9a1,1,2026-09-13T17:00:00Z,Houston Texans,Buffalo Bills,totals,alternate_totals,,45.5,Over,45.5,fanduel,100,2.0,0.4683527300859204,1.094332620055829,2026-09-06T21:08:49Z,10.798485,conditional_non_push,0.4842832469775475,consensus_plus_empirical_residual_model,live_snapshot_not_T60,pinnacle,f878922a76e4ccd987e3790c,0.4683527300859204,0.4683527300859204,113.51428864662488,-13.514288646624877,3,OK,104,pinnacle,100,False,False,44.5,closest_offered_consensus_to_50pct_no_interpolation,0.4842832469775475,-6.490727532096997,0.0,0.4842832469775475,EMPIRICAL_RECONSTRUCTED_HISTORY,0897c49705a05c04d65f1c02a830bc8446166ee6750153b629f2f4c40766b03b,4a14b3fdf51d13786a2e905526f21d4fe7601226e01da29583be8ff3210a7041,work/market-distribution-v1/artifacts/4a14b3fdf51d13786a2e905526f21d4fe7601226e01da29583be8ff3210a7041.json,-1.0,44.5,False,False,none,False,0.6538860103626943,0.0,eec35edb10ded38f
792a3e7f7411d61463c4b749,2026-09-06T21:08:59.798485+00:00,eec35edb10ded38f0500e83e9aaf8252f63479442c90d3b0d1ad36855ebf8efe,7e09efed7e12c659b82740b67ce2f9a1,1,2026-09-13T17:00:00Z,Houston Texans,Buffalo Bills,totals,alternate_totals,,45.5,Over,45.5,pinnacle,104,2.04,0.46764064612665146,1.0660710190169853,2026-09-06T21:08:57Z,2.798485,conditional_non_push,0.4842832469775475,consensus_plus_empirical_residual_model,live_snapshot_not_T60,pinnacle,f878922a76e4ccd987e3790c,0.4683527300859204,0.4683527300859204,113.51428864662488,-9.514288646624877,3,OK,104,pinnacle,100,False,False,44.5,closest_offered_consensus_to_50pct_no_interpolation,0.4842832469775475,-2.4907275320969973,0.0,0.4842832469775475,EMPIRICAL_RECONSTRUCTED_HISTORY,0897c49705a05c04d65f1c02a830bc8446166ee6750153b629f2f4c40766b03b,4a14b3fdf51d13786a2e905526f21d4fe7601226e01da29583be8ff3210a7041,work/market-distribution-v1/artifacts/4a14b3fdf51d13786a2e905526f21d4fe7601226e01da29583be8ff3210a7041.json,-1.0,44.5,False,False,none,False,0.6538860103626943,0.0,eec35edb10ded38f
5465ce0528c04517931d7a59,2026-09-06T21:08:59.798485+00:00,eec35edb10ded38f0500e83e9aaf8252f63479442c90d3b0d1ad36855ebf8efe,7e09efed7e12c659b82740b67ce2f9a1,1,2026-09-13T17:00:00Z,Houston Texans,Buffalo Bills,totals,alternate_totals,,45.5,Under,45.5,draftkings,-129,1.7751937984496124,0.5289747037251118,1.1096079734653252,2026-09-06T21:08:19Z,40.798485,conditional_non_push,0.5157167530224525,consensus_plus_empirical_residual_model,live_snapshot_not_T60,pinnacle,f878922a76e4ccd987e3790c,0.5316472699140797,0.5316472699140797,-113.51428864662495,-15.485711353375052,3,OK,-124,pinnacle,-128,False,False,44.5,closest_offered_consensus_to_50pct_no_interpolation,0.5157167530224525,-22.509272467903017,0.0,0.5157167530224525,EMPIRICAL_RECONSTRUCTED_HISTORY,0897c49705a05c04d65f1c02a830bc8446166ee6750153b629f2f4c40766b03b,4a14b3fdf51d13786a2e905526f21d4fe7601226e01da29583be8ff3210a7041,work/market-distribution-v1/artifacts/4a14b3fdf51d13786a2e905526f21d4fe7601226e01da29583be8ff3210a7041.json,-1.0,44.5,False,False,none,False,0.690846286701209,0.0,eec35edb10ded38f
39b2495c4094271ddf589618,2026-09-06T21:08:59.798485+00:00,eec35edb10ded38f0500e83e9aaf8252f63479442c90d3b0d1ad36855ebf8efe,7e09efed7e12c659b82740b67ce2f9a1,1,2026-09-13T17:00:00Z,Houston Texans,Buffalo Bills,totals,alternate_totals,,45.5,Under,45.5,fanduel,-128,1.78125,0.5316472699140797,1.094332620055829,2026-09-06T21:08:49Z,10.798485,conditional_non_push,0.5157167530224525,consensus_plus_empirical_residual_model,live_snapshot_not_T60,pinnacle,f878922a76e4ccd987e3790c,0.5316472699140797,0.5316472699140797,-113.51428864662495,-14.485711353375052,3,OK,-124,pinnacle,-128,False,False,44.5,closest_offered_consensus_to_50pct_no_interpolation,0.5157167530224525,-21.509272467903017,0.0,0.5157167530224525,EMPIRICAL_RECONSTRUCTED_HISTORY,0897c49705a05c04d65f1c02a830bc8446166ee6750153b629f2f4c40766b03b,4a14b3fdf51d13786a2e905526f21d4fe7601226e01da29583be8ff3210a7041,work/market-distribution-v1/artifacts/4a14b3fdf51d13786a2e905526f21d4fe7601226e01da29583be8ff3210a7041.json,-1.0,44.5,False,False,none,False,0.690846286701209,0.0,eec35edb10ded38f
64754a5b9db6572fb8d6247a,2026-09-06T21:08:59.798485+00:00,eec35edb10ded38f0500e83e9aaf8252f63479442c90d3b0d1ad36855ebf8efe,7e09efed7e12c659b82740b67ce2f9a1,1,2026-09-13T17:00:00Z,Houston Texans,Buffalo Bills,totals,alternate_totals,,45.5,Under,45.5,pinnacle,-124,1.8064516129032258,0.5323593538733485,1.0660710190169853,2026-09-06T21:08:57Z,2.798485,conditional_non_push,0.5157167530224525,consensus_plus_empirical_residual_model,live_snapshot_not_T60,pinnacle,f878922a76e4ccd987e3790c,0.5316472699140797,0.5316472699140797,-113.51428864662495,-10.485711353375052,3,OK,-124,pinnacle,-128,False,False,44.5,closest_offered_consensus_to_50pct_no_interpolation,0.5157167530224525,-17.509272467903017,0.0,0.5157167530224525,EMPIRICAL_RECONSTRUCTED_HISTORY,0897c49705a05c04d65f1c02a830bc8446166ee6750153b629f2f4c40766b03b,4a14b3fdf51d13786a2e905526f21d4fe7601226e01da29583be8ff3210a7041,work/market-distribution-v1/artifacts/4a14b3fdf51d13786a2e905526f21d4fe7601226e01da29583be8ff3210a7041.json,-1.0,44.5,False,False,none,False,0.690846286701209,0.0,eec35edb10ded38f
4430afa12242fd191e567aed,2026-09-06T21:08:59.798485+00:00,eec35edb10ded38f0500e83e9aaf8252f63479442c90d3b0d1ad36855ebf8efe,7e09efed7e12c659b82740b67ce2f9a1,1,2026-09-13T17:00:00Z,Houston Texans,Buffalo Bills,totals,alternate_totals,,46.0,Over,46.0,pinnacle,111,2.1100000000000003,0.45050587690991556,1.0678947737088604,2026-09-06T21:08:57Z,2.798485,conditional_non_push,0.46868327402135235,consensus_plus_empirical_residual_model,live_snapshot_not_T60,pinnacle,7028d8a3e175d04a9d7e9771,0.45050587690991545,0.45050587690991545,121.97268698449479,-10.972686984494786,1,FEWER_THAN_TWO_BOOKS,111,pinnacle,,False,False,44.5,closest_offered_consensus_to_50pct_no_interpolation,0.46868327402135235,-2.3637053910402273,0.02936096718480138,0.45492227979274613,EMPIRICAL_RECONSTRUCTED_HISTORY,0897c49705a05c04d65f1c02a830bc8446166ee6750153b629f2f4c40766b03b,4a14b3fdf51d13786a2e905526f21d4fe7601226e01da29583be8ff3210a7041,work/market-distribution-v1/artifacts/4a14b3fdf51d13786a2e905526f21d4fe7601226e01da29583be8ff3210a7041.json,-1.0,44.5,False,False,none,False,0.6224525043177893,0.03143350604490501,eec35edb10ded38f
4eff1ecbeb6e342351d1cf78,2026-09-06T21:08:59.798485+00:00,eec35edb10ded38f0500e83e9aaf8252f63479442c90d3b0d1ad36855ebf8efe,7e09efed7e12c659b82740b67ce2f9a1,1,2026-09-13T17:00:00Z,Houston Texans,Buffalo Bills,totals,alternate_totals,,46.0,Under,46.0,pinnacle,-133,1.7518796992481203,0.5494941230900847,1.0678947737088604,2026-09-06T21:08:57Z,2.798485,conditional_non_push,0.5313167259786477,consensus_plus_empirical_residual_model,live_snapshot_not_T60,pinnacle,7028d8a3e175d04a9d7e9771,0.5494941230900846,0.5494941230900846,-121.97268698449481,-11.027313015505186,1,FEWER_THAN_TWO_BOOKS,-133,pinnacle,,False,False,44.5,closest_offered_consensus_to_50pct_no_interpolation,0.5313167259786477,-19.636294608959773,0.02936096718480138,0.5157167530224525,EMPIRICAL_RECONSTRUCTED_HISTORY,0897c49705a05c04d65f1c02a830bc8446166ee6750153b629f2f4c40766b03b,4a14b3fdf51d13786a2e905526f21d4fe7601226e01da29583be8ff3210a7041,work/market-distribution-v1/artifacts/4a14b3fdf51d13786a2e905526f21d4fe7601226e01da29583be8ff3210a7041.json,-1.0,44.5,False,False,none,False,0.690846286701209,0.025561312607944732,eec35edb10ded38f
f79b08256e9715b0c0dbd226,2026-09-06T21:08:59.798485+00:00,eec35edb10ded38f0500e83e9aaf8252f63479442c90d3b0d1ad36855ebf8efe,7e09efed7e12c659b82740b67ce2f9a1,1,2026-09-13T17:00:00Z,Houston Texans,Buffalo Bills,totals,alternate_totals,,46.5,Over,46.5,draftkings,107,2.0700000000000003,0.44537372871230074,1.111735355398503,2026-09-06T21:08:19Z,40.798485,conditional_non_push,0.45492227979274613,consensus_plus_empirical_residual_model,live_snapshot_not_T60,pinnacle,bf1b187e096206f954fc2cd4,0.44483204521110303,0.44483204521110303,124.8039480890888,-17.803948089088806,3,OK,119,pinnacle,110,False,False,44.5,closest_offered_consensus_to_50pct_no_interpolation,0.45492227979274613,-12.817767653758523,0.0,0.45492227979274613,EMPIRICAL_RECONSTRUCTED_HISTORY,0897c49705a05c04d65f1c02a830bc8446166ee6750153b629f2f4c40766b03b,4a14b3fdf51d13786a2e905526f21d4fe7601226e01da29583be8ff3210a7041,work/market-distribution-v1/artifacts/4a14b3fdf51d13786a2e905526f21d4fe7601226e01da29583be8ff3210a7041.json,-1.0,44.5,False,False,none,False,0.6224525043177893,0.0,eec35edb10ded38f
c8035b6d4a5401d294b67c8b,2026-09-06T21:08:59.798485+00:00,eec35edb10ded38f0500e83e9aaf8252f63479442c90d3b0d1ad36855ebf8efe,7e09efed7e12c659b82740b67ce2f9a1,1,2026-09-13T17:00:00Z,Houston Texans,Buffalo Bills,totals,alternate_totals,,46.5,Over,46.5,fanduel,110,2.1,0.44483204521110303,1.0918152325201733,2026-09-06T21:08:49Z,10.798485,conditional_non_push,0.45492227979274613,consensus_plus_empirical_residual_model,live_snapshot_not_T60,pinnacle,bf1b187e096206f954fc2cd4,0.44483204521110303,0.44483204521110303,124.8039480890888,-14.803948089088806,3,OK,119,pinnacle,110,False,False,44.5,closest_offered_consensus_to_50pct_no_interpolation,0.45492227979274613,-9.817767653758523,0.0,0.45492227979274613,EMPIRICAL_RECONSTRUCTED_HISTORY,0897c49705a05c04d65f1c02a830bc8446166ee6750153b629f2f4c40766b03b,4a14b3fdf51d13786a2e905526f21d4fe7601226e01da29583be8ff3210a7041,work/market-distribution-v1/artifacts/4a14b3fdf51d13786a2e905526f21d4fe7601226e01da29583be8ff3210a7041.json,-1.0,44.5,False,False,none,False,0.6224525043177893,0.0,eec35edb10ded38f
05b1796c649156db3b3884eb,2026-09-06T21:08:59.798485+00:00,eec35edb10ded38f0500e83e9aaf8252f63479442c90d3b0d1ad36855ebf8efe,7e09efed7e12c659b82740b67ce2f9a1,1,2026-09-13T17:00:00Z,Houston Texans,Buffalo Bills,totals,alternate_totals,,46.5,Over,46.5,pinnacle,119,2.19,0.4335511119910832,1.0661359081266872,2026-09-06T21:08:57Z,2.798485,conditional_non_push,0.45492227979274613,consensus_plus_empirical_residual_model,live_snapshot_not_T60,pinnacle,bf1b187e096206f954fc2cd4,0.44483204521110303,0.44483204521110303,124.8039480890888,-5.803948089088806,3,OK,119,pinnacle,110,False,False,44.5,closest_offered_consensus_to_50pct_no_interpolation,0.45492227979274613,-0.8177676537585228,0.0,0.45492227979274613,EMPIRICAL_RECONSTRUCTED_HISTORY,0897c49705a05c04d65f1c02a830bc8446166ee6750153b629f2f4c40766b03b,4a14b3fdf51d13786a2e905526f21d4fe7601226e01da29583be8ff3210a7041,work/market-distribution-v1/artifacts/4a14b3fdf51d13786a2e905526f21d4fe7601226e01da29583be8ff3210a7041.json,-1.0,44.5,False,False,none,False,0.6224525043177893,0.0,eec35edb10ded38f
97e2ee06477ed82859319a6a,2026-09-06T21:08:59.798485+00:00,eec35edb10ded38f0500e83e9aaf8252f63479442c90d3b0d1ad36855ebf8efe,7e09efed7e12c659b82740b67ce2f9a1,1,2026-09-13T17:00:00Z,Houston Texans,Buffalo Bills,totals,alternate_totals,,46.5,Under,46.5,draftkings,-143,1.6993006993006992,0.5546262712876995,1.111735355398503,2026-09-06T21:08:19Z,40.798485,conditional_non_push,0.5450777202072539,consensus_plus_empirical_residual_model,live_snapshot_not_T60,pinnacle,bf1b187e096206f954fc2cd4,0.555167954788897,0.555167954788897,-124.80394808908882,-18.19605191091118,3,OK,-140,fanduel,-140,False,False,44.5,closest_offered_consensus_to_50pct_no_interpolation,0.5450777202072539,-23.182232346241477,0.0,0.5450777202072539,EMPIRICAL_RECONSTRUCTED_HISTORY,0897c49705a05c04d65f1c02a830bc8446166ee6750153b629f2f4c40766b03b,4a14b3fdf51d13786a2e905526f21d4fe7601226e01da29583be8ff3210a7041,work/market-distribution-v1/artifacts/4a14b3fdf51d13786a2e905526f21d4fe7601226e01da29583be8ff3210a7041.json,-1.0,44.5,False,False,none,False,0.7164075993091537,0.0,eec35edb10ded38f
1da4cfd3705d878e87d93787,2026-09-06T21:08:59.798485+00:00,eec35edb10ded38f0500e83e9aaf8252f63479442c90d3b0d1ad36855ebf8efe,7e09efed7e12c659b82740b67ce2f9a1,1,2026-09-13T17:00:00Z,Houston Texans,Buffalo Bills,totals,alternate_totals,,46.5,Under,46.5,fanduel,-140,1.7142857142857144,0.555167954788897,1.0918152325201733,2026-09-06T21:08:49Z,10.798485,conditional_non_push,0.5450777202072539,consensus_plus_empirical_residual_model,live_snapshot_not_T60,pinnacle,bf1b187e096206f954fc2cd4,0.555167954788897,0.555167954788897,-124.80394808908882,-15.19605191091118,3,OK,-140,fanduel,-140,False,False,44.5,closest_offered_consensus_to_50pct_no_interpolation,0.5450777202072539,-20.182232346241477,0.0,0.5450777202072539,EMPIRICAL_RECONSTRUCTED_HISTORY,0897c49705a05c04d65f1c02a830bc8446166ee6750153b629f2f4c40766b03b,4a14b3fdf51d13786a2e905526f21d4fe7601226e01da29583be8ff3210a7041,work/market-distribution-v1/artifacts/4a14b3fdf51d13786a2e905526f21d4fe7601226e01da29583be8ff3210a7041.json,-1.0,44.5,False,False,none,False,0.7164075993091537,0.0,eec35edb10ded38f
bb1738d8fe9906a2d81f6604,2026-09-06T21:08:59.798485+00:00,eec35edb10ded38f0500e83e9aaf8252f63479442c90d3b0d1ad36855ebf8efe,7e09efed7e12c659b82740b67ce2f9a1,1,2026-09-13T17:00:00Z,Houston Texans,Buffalo Bills,totals,alternate_totals,,46.5,Under,46.5,pinnacle,-142,1.704225352112676,0.566448888008917,1.0661359081266872,2026-09-06T21:08:57Z,2.798485,conditional_non_push,0.5450777202072539,consensus_plus_empirical_residual_model,live_snapshot_not_T60,pinnacle,bf1b187e096206f954fc2cd4,0.555167954788897,0.555167954788897,-124.80394808908882,-17.19605191091118,3,OK,-140,fanduel,-140,False,False,44.5,closest_offered_consensus_to_50pct_no_interpolation,0.5450777202072539,-22.182232346241477,0.0,0.5450777202072539,EMPIRICAL_RECONSTRUCTED_HISTORY,0897c49705a05c04d65f1c02a830bc8446166ee6750153b629f2f4c40766b03b,4a14b3fdf51d13786a2e905526f21d4fe7601226e01da29583be8ff3210a7041,work/market-distribution-v1/artifacts/4a14b3fdf51d13786a2e905526f21d4fe7601226e01da29583be8ff3210a7041.json,-1.0,44.5,False,False,none,False,0.7164075993091537,0.0,eec35edb10ded38f
310a315bf626562a9bc286eb,2026-09-06T21:08:59.798485+00:00,eec35edb10ded38f0500e83e9aaf8252f63479442c90d3b0d1ad36855ebf8efe,7e09efed7e12c659b82740b67ce2f9a1,1,2026-09-13T17:00:00Z,Houston Texans,Buffalo Bills,totals,alternate_totals,,47.5,Over,47.5,draftkings,125,2.25,0.40623533228704134,1.1108510117340078,2026-09-06T21:08:19Z,40.798485,conditional_non_push,0.4231433506044905,consensus_plus_empirical_residual_model,live_snapshot_not_T60,pinnacle,37aa2d8e3f3e7bf5bf675eb6,0.4043973109193733,0.4043973109193733,147.28156518315103,-22.28156518315103,2,OK,130,fanduel,130,False,False,44.5,closest_offered_consensus_to_50pct_no_interpolation,0.4231433506044905,-11.326530612244909,0.0,0.4231433506044905,EMPIRICAL_RECONSTRUCTED_HISTORY,0897c49705a05c04d65f1c02a830bc8446166ee6750153b629f2f4c40766b03b,4a14b3fdf51d13786a2e905526f21d4fe7601226e01da29583be8ff3210a7041,work/market-distribution-v1/artifacts/4a14b3fdf51d13786a2e905526f21d4fe7601226e01da29583be8ff3210a7041.json,-1.0,44.5,False,False,none,False,0.590328151986183,0.0,eec35edb10ded38f
7ee5a397d464be90e441b9c8,2026-09-06T21:08:59.798485+00:00,eec35edb10ded38f0500e83e9aaf8252f63479442c90d3b0d1ad36855ebf8efe,7e09efed7e12c659b82740b67ce2f9a1,1,2026-09-13T17:00:00Z,Houston Texans,Buffalo Bills,totals,alternate_totals,,47.5,Over,47.5,fanduel,130,2.3,0.4025592895517053,1.0924515828702486,2026-09-06T21:08:49Z,10.798485,conditional_non_push,0.4231433506044905,consensus_plus_empirical_residual_model,live_snapshot_not_T60,pinnacle,37aa2d8e3f3e7bf5bf675eb6,0.4043973109193733,0.4043973109193733,147.28156518315103,-17.28156518315103,2,OK,130,fanduel,130,False,False,44.5,closest_offered_consensus_to_50pct_no_interpolation,0.4231433506044905,-6.326530612244909,0.0,0.4231433506044905,EMPIRICAL_RECONSTRUCTED_HISTORY,0897c49705a05c04d65f1c02a830bc8446166ee6750153b629f2f4c40766b03b,4a14b3fdf51d13786a2e905526f21d4fe7601226e01da29583be8ff3210a7041,work/market-distribution-v1/artifacts/4a14b3fdf51d13786a2e905526f21d4fe7601226e01da29583be8ff3210a7041.json,-1.0,44.5,False,False,none,False,0.590328151986183,0.0,eec35edb10ded38f
19399b8413b8dce652528f92,2026-09-06T21:08:59.798485+00:00,eec35edb10ded38f0500e83e9aaf8252f63479442c90d3b0d1ad36855ebf8efe,7e09efed7e12c659b82740b67ce2f9a1,1,2026-09-13T17:00:00Z,Houston Texans,Buffalo Bills,totals,alternate_totals,,47.5,Under,47.5,draftkings,-167,1.5988023952095807,0.5937646677129589,1.1108510117340078,2026-09-06T21:08:19Z,40.798485,conditional_non_push,0.5768566493955095,consensus_plus_empirical_residual_model,live_snapshot_not_T60,pinnacle,37aa2d8e3f3e7bf5bf675eb6,0.5956026890806267,0.5956026890806267,-147.28156518315106,-19.71843481684894,2,OK,-166,fanduel,-166,False,False,44.5,closest_offered_consensus_to_50pct_no_interpolation,0.5768566493955095,-30.67346938775509,0.0,0.5768566493955095,EMPIRICAL_RECONSTRUCTED_HISTORY,0897c49705a05c04d65f1c02a830bc8446166ee6750153b629f2f4c40766b03b,4a14b3fdf51d13786a2e905526f21d4fe7601226e01da29583be8ff3210a7041,work/market-distribution-v1/artifacts/4a14b3fdf51d13786a2e905526f21d4fe7601226e01da29583be8ff3210a7041.json,-1.0,44.5,False,False,none,False,0.738860103626943,0.0,eec35edb10ded38f
a2e0129c667ab74e189b0a7e,2026-09-06T21:08:59.798485+00:00,eec35edb10ded38f0500e83e9aaf8252f63479442c90d3b0d1ad36855ebf8efe,7e09efed7e12c659b82740b67ce2f9a1,1,2026-09-13T17:00:00Z,Houston Texans,Buffalo Bills,totals,alternate_totals,,47.5,Under,47.5,fanduel,-166,1.6024096385542168,0.5974407104482947,1.0924515828702486,2026-09-06T21:08:49Z,10.798485,conditional_non_push,0.5768566493955095,consensus_plus_empirical_residual_model,live_snapshot_not_T60,pinnacle,37aa2d8e3f3e7bf5bf675eb6,0.5956026890806267,0.5956026890806267,-147.28156518315106,-18.71843481684894,2,OK,-166,fanduel,-166,False,False,44.5,closest_offered_consensus_to_50pct_no_interpolation,0.5768566493955095,-29.67346938775509,0.0,0.5768566493955095,EMPIRICAL_RECONSTRUCTED_HISTORY,0897c49705a05c04d65f1c02a830bc8446166ee6750153b629f2f4c40766b03b,4a14b3fdf51d13786a2e905526f21d4fe7601226e01da29583be8ff3210a7041,work/market-distribution-v1/artifacts/4a14b3fdf51d13786a2e905526f21d4fe7601226e01da29583be8ff3210a7041.json,-1.0,44.5,False,False,none,False,0.738860103626943,0.0,eec35edb10ded38f
9f9bd86d7427e8dd984fb459,2026-09-06T21:08:59.798485+00:00,eec35edb10ded38f0500e83e9aaf8252f63479442c90d3b0d1ad36855ebf8efe,7e09efed7e12c659b82740b67ce2f9a1,1,2026-09-13T17:00:00Z,Houston Texans,Buffalo Bills,totals,alternate_totals,,48.5,Over,48.5,draftkings,139,2.3899999999999997,0.37920171489269583,1.1129282330357109,2026-09-06T21:08:19Z,40.798485,conditional_non_push,0.38894645941278067,consensus_plus_empirical_residual_model,live_snapshot_not_T60,pinnacle,7f53c5fbe5005e261b3a9f02,0.37763593644904614,0.37763593644904614,164.805306773268,-25.805306773268,2,OK,144,fanduel,144,False,False,44.5,closest_offered_consensus_to_50pct_no_interpolation,0.38894645941278067,-18.104795737122544,0.0,0.38894645941278067,EMPIRICAL_RECONSTRUCTED_HISTORY,0897c49705a05c04d65f1c02a830bc8446166ee6750153b629f2f4c40766b03b,4a14b3fdf51d13786a2e905526f21d4fe7601226e01da29583be8ff3210a7041,work/market-distribution-v1/artifacts/4a14b3fdf51d13786a2e905526f21d4fe7601226e01da29583be8ff3210a7041.json,-1.0,44.5,False,False,none,False,0.5599309153713299,0.0,eec35edb10ded38f
0bce21d68d93105be9d285a5,2026-09-06T21:08:59.798485+00:00,eec35edb10ded38f0500e83e9aaf8252f63479442c90d3b0d1ad36855ebf8efe,7e09efed7e12c659b82740b67ce2f9a1,1,2026-09-13T17:00:00Z,Houston Texans,Buffalo Bills,totals,alternate_totals,,48.5,Over,48.5,fanduel,144,2.44,0.3760701580053965,1.0963920540902317,2026-09-06T21:08:49Z,10.798485,conditional_non_push,0.38894645941278067,consensus_plus_empirical_residual_model,live_snapshot_not_T60,pinnacle,7f53c5fbe5005e261b3a9f02,0.37763593644904614,0.37763593644904614,164.805306773268,-20.805306773268,2,OK,144,fanduel,144,False,False,44.5,closest_offered_consensus_to_50pct_no_interpolation,0.38894645941278067,-13.104795737122544,0.0,0.38894645941278067,EMPIRICAL_RECONSTRUCTED_HISTORY,0897c49705a05c04d65f1c02a830bc8446166ee6750153b629f2f4c40766b03b,4a14b3fdf51d13786a2e905526f21d4fe7601226e01da29583be8ff3210a7041,work/market-distribution-v1/artifacts/4a14b3fdf51d13786a2e905526f21d4fe7601226e01da29583be8ff3210a7041.json,-1.0,44.5,False,False,none,False,0.5599309153713299,0.0,eec35edb10ded38f
83e1e0d9941b0b84e9142b8f,2026-09-06T21:08:59.798485+00:00,eec35edb10ded38f0500e83e9aaf8252f63479442c90d3b0d1ad36855ebf8efe,7e09efed7e12c659b82740b67ce2f9a1,1,2026-09-13T17:00:00Z,Houston Texans,Buffalo Bills,totals,alternate_totals,,48.5,Under,48.5,draftkings,-187,1.53475935828877,0.6207982851073042,1.1129282330357109,2026-09-06T21:08:19Z,40.798485,conditional_non_push,0.6110535405872193,consensus_plus_empirical_residual_model,live_snapshot_not_T60,pinnacle,7f53c5fbe5005e261b3a9f02,0.622364063550954,0.622364063550954,-164.8053067732681,-22.194693226731914,2,OK,-186,fanduel,-186,False,False,44.5,closest_offered_consensus_to_50pct_no_interpolation,0.6110535405872193,-29.895204262877485,0.0,0.6110535405872193,EMPIRICAL_RECONSTRUCTED_HISTORY,0897c49705a05c04d65f1c02a830bc8446166ee6750153b629f2f4c40766b03b,4a14b3fdf51d13786a2e905526f21d4fe7601226e01da29583be8ff3210a7041,work/market-distribution-v1/artifacts/4a14b3fdf51d13786a2e905526f21d4fe7601226e01da29583be8ff3210a7041.json,-1.0,44.5,False,False,none,False,0.7606217616580311,0.0,eec35edb10ded38f
e88cf9b2bd7edb5cd7009b70,2026-09-06T21:08:59.798485+00:00,eec35edb10ded38f0500e83e9aaf8252f63479442c90d3b0d1ad36855ebf8efe,7e09efed7e12c659b82740b67ce2f9a1,1,2026-09-13T17:00:00Z,Houston Texans,Buffalo Bills,totals,alternate_totals,,48.5,Under,48.5,fanduel,-186,1.5376344086021505,0.6239298419946038,1.0963920540902317,2026-09-06T21:08:49Z,10.798485,conditional_non_push,0.6110535405872193,consensus_plus_empirical_residual_model,live_snapshot_not_T60,pinnacle,7f53c5fbe5005e261b3a9f02,0.622364063550954,0.622364063550954,-164.8053067732681,-21.194693226731914,2,OK,-186,fanduel,-186,False,False,44.5,closest_offered_consensus_to_50pct_no_interpolation,0.6110535405872193,-28.895204262877485,0.0,0.6110535405872193,EMPIRICAL_RECONSTRUCTED_HISTORY,0897c49705a05c04d65f1c02a830bc8446166ee6750153b629f2f4c40766b03b,4a14b3fdf51d13786a2e905526f21d4fe7601226e01da29583be8ff3210a7041,work/market-distribution-v1/artifacts/4a14b3fdf51d13786a2e905526f21d4fe7601226e01da29583be8ff3210a7041.json,-1.0,44.5,False,False,none,False,0.7606217616580311,0.0,eec35edb10ded38f
c8ec883fd0f803c192f03fd7,2026-09-06T21:08:59.798485+00:00,eec35edb10ded38f0500e83e9aaf8252f63479442c90d3b0d1ad36855ebf8efe,7e09efed7e12c659b82740b67ce2f9a1,1,2026-09-13T17:00:00Z,Houston Texans,Buffalo Bills,totals,alternate_totals,,49.5,Over,49.5,draftkings,156,2.56,0.3502862484901158,1.1159537295622708,2026-09-06T21:08:19Z,40.798485,conditional_non_push,0.3592400690846287,consensus_plus_empirical_residual_model,live_snapshot_not_T60,pinnacle,7e383d216808d0331308b9fc,0.34897764571535683,0.34897764571535683,186.5513055858164,-30.551305585816408,2,OK,162,fanduel,162,False,False,44.5,closest_offered_consensus_to_50pct_no_interpolation,0.3592400690846287,-22.365384615384585,0.0,0.3592400690846287,EMPIRICAL_RECONSTRUCTED_HISTORY,0897c49705a05c04d65f1c02a830bc8446166ee6750153b629f2f4c40766b03b,4a14b3fdf51d13786a2e905526f21d4fe7601226e01da29583be8ff3210a7041,work/market-distribution-v1/artifacts/4a14b3fdf51d13786a2e905526f21d4fe7601226e01da29583be8ff3210a7041.json,-1.0,44.5,False,False,none,False,0.5219343696027634,0.0,eec35edb10ded38f
92c4760505664418775ad8ce,2026-09-06T21:08:59.798485+00:00,eec35edb10ded38f0500e83e9aaf8252f63479442c90d3b0d1ad36855ebf8efe,7e09efed7e12c659b82740b67ce2f9a1,1,2026-09-13T17:00:00Z,Houston Texans,Buffalo Bills,totals,alternate_totals,,49.5,Over,49.5,fanduel,162,2.62,0.3476690429405979,1.0968983062125188,2026-09-06T21:08:49Z,10.798485,conditional_non_push,0.3592400690846287,consensus_plus_empirical_residual_model,live_snapshot_not_T60,pinnacle,7e383d216808d0331308b9fc,0.34897764571535683,0.34897764571535683,186.5513055858164,-24.551305585816408,2,OK,162,fanduel,162,False,False,44.5,closest_offered_consensus_to_50pct_no_interpolation,0.3592400690846287,-16.365384615384585,0.0,0.3592400690846287,EMPIRICAL_RECONSTRUCTED_HISTORY,0897c49705a05c04d65f1c02a830bc8446166ee6750153b629f2f4c40766b03b,4a14b3fdf51d13786a2e905526f21d4fe7601226e01da29583be8ff3210a7041,work/market-distribution-v1/artifacts/4a14b3fdf51d13786a2e905526f21d4fe7601226e01da29583be8ff3210a7041.json,-1.0,44.5,False,False,none,False,0.5219343696027634,0.0,eec35edb10ded38f
860b9b389e459e6ac52fbea5,2026-09-06T21:08:59.798485+00:00,eec35edb10ded38f0500e83e9aaf8252f63479442c90d3b0d1ad36855ebf8efe,7e09efed7e12c659b82740b67ce2f9a1,1,2026-09-13T17:00:00Z,Houston Texans,Buffalo Bills,totals,alternate_totals,,49.5,Under,49.5,draftkings,-212,1.4716981132075473,0.6497137515098844,1.1159537295622708,2026-09-06T21:08:19Z,40.798485,conditional_non_push,0.6407599309153713,consensus_plus_empirical_residual_model,live_snapshot_not_T60,pinnacle,7e383d216808d0331308b9fc,0.6510223542846433,0.6510223542846433,-186.55130558581652,-25.44869441418348,2,OK,-210,fanduel,-210,False,False,44.5,closest_offered_consensus_to_50pct_no_interpolation,0.6407599309153713,-33.634615384615415,0.0,0.6407599309153713,EMPIRICAL_RECONSTRUCTED_HISTORY,0897c49705a05c04d65f1c02a830bc8446166ee6750153b629f2f4c40766b03b,4a14b3fdf51d13786a2e905526f21d4fe7601226e01da29583be8ff3210a7041,work/market-distribution-v1/artifacts/4a14b3fdf51d13786a2e905526f21d4fe7601226e01da29583be8ff3210a7041.json,-1.0,44.5,False,False,none,False,0.7796200345423143,0.0,eec35edb10ded38f
a710f52d9f6055b0cf884bba,2026-09-06T21:08:59.798485+00:00,eec35edb10ded38f0500e83e9aaf8252f63479442c90d3b0d1ad36855ebf8efe,7e09efed7e12c659b82740b67ce2f9a1,1,2026-09-13T17:00:00Z,Houston Texans,Buffalo Bills,totals,alternate_totals,,49.5,Under,49.5,fanduel,-210,1.4761904761904763,0.6523309570594021,1.0968983062125188,2026-09-06T21:08:49Z,10.798485,conditional_non_push,0.6407599309153713,consensus_plus_empirical_residual_model,live_snapshot_not_T60,pinnacle,7e383d216808d0331308b9fc,0.6510223542846433,0.6510223542846433,-186.55130558581652,-23.44869441418348,2,OK,-210,fanduel,-210,False,False,44.5,closest_offered_consensus_to_50pct_no_interpolation,0.6407599309153713,-31.634615384615415,0.0,0.6407599309153713,EMPIRICAL_RECONSTRUCTED_HISTORY,0897c49705a05c04d65f1c02a830bc8446166ee6750153b629f2f4c40766b03b,4a14b3fdf51d13786a2e905526f21d4fe7601226e01da29583be8ff3210a7041,work/market-distribution-v1/artifacts/4a14b3fdf51d13786a2e905526f21d4fe7601226e01da29583be8ff3210a7041.json,-1.0,44.5,False,False,none,False,0.7796200345423143,0.0,eec35edb10ded38f
525a19446b2a44bce7eac3af,2026-09-06T21:08:59.798485+00:00,eec35edb10ded38f0500e83e9aaf8252f63479442c90d3b0d1ad36855ebf8efe,7e09efed7e12c659b82740b67ce2f9a1,1,2026-09-13T17:00:00Z,Houston Texans,Buffalo Bills,totals,alternate_totals,,50.5,Over,50.5,draftkings,178,2.7800000000000002,0.3183263503331576,1.1195433761387679,2026-09-06T21:08:19Z,40.798485,conditional_non_push,0.33264248704663213,consensus_plus_empirical_residual_model,live_snapshot_not_T60,pinnacle,8c1d6ad431de404e4c39dd3e,0.3183263503331576,0.3183263503331576,214.14301673531227,-36.14301673531227,3,OK,186,fanduel,186,False,False,44.5,closest_offered_consensus_to_50pct_no_interpolation,0.33264248704663213,-22.623052959501535,0.0,0.33264248704663213,EMPIRICAL_RECONSTRUCTED_HISTORY,0897c49705a05c04d65f1c02a830bc8446166ee6750153b629f2f4c40766b03b,4a14b3fdf51d13786a2e905526f21d4fe7601226e01da29583be8ff3210a7041,work/market-distribution-v1/artifacts/4a14b3fdf51d13786a2e905526f21d4fe7601226e01da29583be8ff3210a7041.json,-1.0,44.5,False,False,none,False,0.49326424870466323,0.0,eec35edb10ded38f
c8c558eb3b1c06079b5dcf12,2026-09-06T21:08:59.798485+00:00,eec35edb10ded38f0500e83e9aaf8252f63479442c90d3b0d1ad36855ebf8efe,7e09efed7e12c659b82740b67ce2f9a1,1,2026-09-13T17:00:00Z,Houston Texans,Buffalo Bills,totals,alternate_totals,,50.5,Over,50.5,fanduel,186,2.8600000000000003,0.3141755480355934,1.101807720509853,2026-09-06T21:08:49Z,10.798485,conditional_non_push,0.33264248704663213,consensus_plus_empirical_residual_model,live_snapshot_not_T60,pinnacle,8c1d6ad431de404e4c39dd3e,0.3183263503331576,0.3183263503331576,214.14301673531227,-28.143016735312273,3,OK,186,fanduel,186,False,False,44.5,closest_offered_consensus_to_50pct_no_interpolation,0.33264248704663213,-14.623052959501535,0.0,0.33264248704663213,EMPIRICAL_RECONSTRUCTED_HISTORY,0897c49705a05c04d65f1c02a830bc8446166ee6750153b629f2f4c40766b03b,4a14b3fdf51d13786a2e905526f21d4fe7601226e01da29583be8ff3210a7041,work/market-distribution-v1/artifacts/4a14b3fdf51d13786a2e905526f21d4fe7601226e01da29583be8ff3210a7041.json,-1.0,44.5,False,False,none,False,0.49326424870466323,0.0,eec35edb10ded38f
bdd0a1e0b9f730343025556d,2026-09-06T21:08:59.798485+00:00,eec35edb10ded38f0500e83e9aaf8252f63479442c90d3b0d1ad36855ebf8efe,7e09efed7e12c659b82740b67ce2f9a1,1,2026-09-13T17:00:00Z,Houston Texans,Buffalo Bills,totals,alternate_totals,,50.5,Over,50.5,pinnacle,181,2.81,0.32771056608766647,1.079792136455573,2026-09-06T21:08:57Z,2.798485,conditional_non_push,0.33264248704663213,consensus_plus_empirical_residual_model,live_snapshot_not_T60,pinnacle,8c1d6ad431de404e4c39dd3e,0.3183263503331576,0.3183263503331576,214.14301673531227,-33.14301673531227,3,OK,186,fanduel,186,False,False,44.5,closest_offered_consensus_to_50pct_no_interpolation,0.33264248704663213,-19.623052959501535,0.0,0.33264248704663213,EMPIRICAL_RECONSTRUCTED_HISTORY,0897c49705a05c04d65f1c02a830bc8446166ee6750153b629f2f4c40766b03b,4a14b3fdf51d13786a2e905526f21d4fe7601226e01da29583be8ff3210a7041,work/market-distribution-v1/artifacts/4a14b3fdf51d13786a2e905526f21d4fe7601226e01da29583be8ff3210a7041.json,-1.0,44.5,False,False,none,False,0.49326424870466323,0.0,eec35edb10ded38f
6ac9a791eeeccfc79c8cf8c3,2026-09-06T21:08:59.798485+00:00,eec35edb10ded38f0500e83e9aaf8252f63479442c90d3b0d1ad36855ebf8efe,7e09efed7e12c659b82740b67ce2f9a1,1,2026-09-13T17:00:00Z,Houston Texans,Buffalo Bills,totals,alternate_totals,,50.5,Under,50.5,draftkings,-245,1.4081632653061225,0.6816736496668425,1.1195433761387679,2026-09-06T21:08:19Z,40.798485,conditional_non_push,0.6673575129533679,consensus_plus_empirical_residual_model,live_snapshot_not_T60,pinnacle,8c1d6ad431de404e4c39dd3e,0.6816736496668425,0.6816736496668425,-214.14301673531236,-30.856983264687642,3,OK,-225,pinnacle,-245,False,False,44.5,closest_offered_consensus_to_50pct_no_interpolation,0.6673575129533679,-44.376947040498465,0.0,0.6673575129533679,EMPIRICAL_RECONSTRUCTED_HISTORY,0897c49705a05c04d65f1c02a830bc8446166ee6750153b629f2f4c40766b03b,4a14b3fdf51d13786a2e905526f21d4fe7601226e01da29583be8ff3210a7041,work/market-distribution-v1/artifacts/4a14b3fdf51d13786a2e905526f21d4fe7601226e01da29583be8ff3210a7041.json,-1.0,44.5,False,False,none,False,0.7993091537132988,0.0,eec35edb10ded38f
c4b1f24190264c2867a55d51,2026-09-06T21:08:59.798485+00:00,eec35edb10ded38f0500e83e9aaf8252f63479442c90d3b0d1ad36855ebf8efe,7e09efed7e12c659b82740b67ce2f9a1,1,2026-09-13T17:00:00Z,Houston Texans,Buffalo Bills,totals,alternate_totals,,50.5,Under,50.5,fanduel,-245,1.4081632653061225,0.6858244519644068,1.101807720509853,2026-09-06T21:08:49Z,10.798485,conditional_non_push,0.6673575129533679,consensus_plus_empirical_residual_model,live_snapshot_not_T60,pinnacle,8c1d6ad431de404e4c39dd3e,0.6816736496668425,0.6816736496668425,-214.14301673531236,-30.856983264687642,3,OK,-225,pinnacle,-245,False,False,44.5,closest_offered_consensus_to_50pct_no_interpolation,0.6673575129533679,-44.376947040498465,0.0,0.6673575129533679,EMPIRICAL_RECONSTRUCTED_HISTORY,0897c49705a05c04d65f1c02a830bc8446166ee6750153b629f2f4c40766b03b,4a14b3fdf51d13786a2e905526f21d4fe7601226e01da29583be8ff3210a7041,work/market-distribution-v1/artifacts/4a14b3fdf51d13786a2e905526f21d4fe7601226e01da29583be8ff3210a7041.json,-1.0,44.5,False,False,none,False,0.7993091537132988,0.0,eec35edb10ded38f
8cb35f3fbd87d7c092e5a7f1,2026-09-06T21:08:59.798485+00:00,eec35edb10ded38f0500e83e9aaf8252f63479442c90d3b0d1ad36855ebf8efe,7e09efed7e12c659b82740b67ce2f9a1,1,2026-09-13T17:00:00Z,Houston Texans,Buffalo Bills,totals,alternate_totals,,50.5,Under,50.5,pinnacle,-225,1.4444444444444444,0.6722894339123338,1.079792136455573,2026-09-06T21:08:57Z,2.798485,conditional_non_push,0.6673575129533679,consensus_plus_empirical_residual_model,live_snapshot_not_T60,pinnacle,8c1d6ad431de404e4c39dd3e,0.6816736496668425,0.6816736496668425,-214.14301673531236,-10.856983264687642,3,OK,-225,pinnacle,-245,False,False,44.5,closest_offered_consensus_to_50pct_no_interpolation,0.6673575129533679,-24.376947040498465,0.0,0.6673575129533679,EMPIRICAL_RECONSTRUCTED_HISTORY,0897c49705a05c04d65f1c02a830bc8446166ee6750153b629f2f4c40766b03b,4a14b3fdf51d13786a2e905526f21d4fe7601226e01da29583be8ff3210a7041,work/market-distribution-v1/artifacts/4a14b3fdf51d13786a2e905526f21d4fe7601226e01da29583be8ff3210a7041.json,-1.0,44.5,False,False,none,False,0.7993091537132988,0.0,eec35edb10ded38f
82003f298273200a810deefd,2026-09-06T21:08:59.798485+00:00,eec35edb10ded38f0500e83e9aaf8252f63479442c90d3b0d1ad36855ebf8efe,7e09efed7e12c659b82740b67ce2f9a1,1,2026-09-13T17:00:00Z,Houston Texans,Buffalo Bills,totals,alternate_totals,,51.5,Over,51.5,draftkings,208,3.08,0.28162687373305295,1.1264458063479172,2026-09-06T21:08:19Z,40.798485,conditional_non_push,0.30915371329879104,consensus_plus_empirical_residual_model,live_snapshot_not_T60,pinnacle,ae31a8cb6eafc59bcb2e63f3,0.280853005261131,0.280853005261131,256.0581447473641,-48.05814474736411,2,OK,215,fanduel,215,False,False,44.5,closest_offered_consensus_to_50pct_no_interpolation,0.30915371329879104,-15.463687150837956,0.0,0.30915371329879104,EMPIRICAL_RECONSTRUCTED_HISTORY,0897c49705a05c04d65f1c02a830bc8446166ee6750153b629f2f4c40766b03b,4a14b3fdf51d13786a2e905526f21d4fe7601226e01da29583be8ff3210a7041,work/market-distribution-v1/artifacts/4a14b3fdf51d13786a2e905526f21d4fe7601226e01da29583be8ff3210a7041.json,-1.0,44.5,False,False,none,False,0.4842832469775475,0.0,eec35edb10ded38f
56f99a4b7910c58b16cce8aa,2026-09-06T21:08:59.798485+00:00,eec35edb10ded38f0500e83e9aaf8252f63479442c90d3b0d1ad36855ebf8efe,7e09efed7e12c659b82740b67ce2f9a1,1,2026-09-13T17:00:00Z,Houston Texans,Buffalo Bills,totals,alternate_totals,,51.5,Over,51.5,fanduel,215,3.15,0.2800791367892091,1.1091863026858797,2026-09-06T21:08:49Z,10.798485,conditional_non_push,0.30915371329879104,consensus_plus_empirical_residual_model,live_snapshot_not_T60,pinnacle,ae31a8cb6eafc59bcb2e63f3,0.280853005261131,0.280853005261131,256.0581447473641,-41.05814474736411,2,OK,215,fanduel,215,False,False,44.5,closest_offered_consensus_to_50pct_no_interpolation,0.30915371329879104,-8.463687150837956,0.0,0.30915371329879104,EMPIRICAL_RECONSTRUCTED_HISTORY,0897c49705a05c04d65f1c02a830bc8446166ee6750153b629f2f4c40766b03b,4a14b3fdf51d13786a2e905526f21d4fe7601226e01da29583be8ff3210a7041,work/market-distribution-v1/artifacts/4a14b3fdf51d13786a2e905526f21d4fe7601226e01da29583be8ff3210a7041.json,-1.0,44.5,False,False,none,False,0.4842832469775475,0.0,eec35edb10ded38f
ea32e9f843627b0c0ff247f3,2026-09-06T21:08:59.798485+00:00,eec35edb10ded38f0500e83e9aaf8252f63479442c90d3b0d1ad36855ebf8efe,7e09efed7e12c659b82740b67ce2f9a1,1,2026-09-13T17:00:00Z,Houston Texans,Buffalo Bills,totals,alternate_totals,,51.5,Under,51.5,draftkings,-293,1.341296928327645,0.718373126266947,1.1264458063479172,2026-09-06T21:08:19Z,40.798485,conditional_non_push,0.690846286701209,consensus_plus_empirical_residual_model,live_snapshot_not_T60,pinnacle,ae31a8cb6eafc59bcb2e63f3,0.7191469947388691,0.7191469947388691,-256.0581447473643,-36.94185525263572,2,OK,-290,fanduel,-290,False,False,44.5,closest_offered_consensus_to_50pct_no_interpolation,0.690846286701209,-69.53631284916204,0.0,0.690846286701209,EMPIRICAL_RECONSTRUCTED_HISTORY,0897c49705a05c04d65f1c02a830bc8446166ee6750153b629f2f4c40766b03b,4a14b3fdf51d13786a2e905526f21d4fe7601226e01da29583be8ff3210a7041,work/market-distribution-v1/artifacts/4a14b3fdf51d13786a2e905526f21d4fe7601226e01da29583be8ff3210a7041.json,-1.0,44.5,False,False,none,False,0.8176165803108808,0.0,eec35edb10ded38f
b2edcc3509676555bc23a759,2026-09-06T21:08:59.798485+00:00,eec35edb10ded38f0500e83e9aaf8252f63479442c90d3b0d1ad36855ebf8efe,7e09efed7e12c659b82740b67ce2f9a1,1,2026-09-13T17:00:00Z,Houston Texans,Buffalo Bills,totals,alternate_totals,,51.5,Under,51.5,fanduel,-290,1.3448275862068966,0.7199208632107911,1.1091863026858797,2026-09-06T21:08:49Z,10.798485,conditional_non_push,0.690846286701209,consensus_plus_empirical_residual_model,live_snapshot_not_T60,pinnacle,ae31a8cb6eafc59bcb2e63f3,0.7191469947388691,0.7191469947388691,-256.0581447473643,-33.94185525263572,2,OK,-290,fanduel,-290,False,False,44.5,closest_offered_consensus_to_50pct_no_interpolation,0.690846286701209,-66.53631284916204,0.0,0.690846286701209,EMPIRICAL_RECONSTRUCTED_HISTORY,0897c49705a05c04d65f1c02a830bc8446166ee6750153b629f2f4c40766b03b,4a14b3fdf51d13786a2e905526f21d4fe7601226e01da29583be8ff3210a7041,work/market-distribution-v1/artifacts/4a14b3fdf51d13786a2e905526f21d4fe7601226e01da29583be8ff3210a7041.json,-1.0,44.5,False,False,none,False,0.8176165803108808,0.0,eec35edb10ded38f
ef994d14ccd89d448994e0a4,2026-09-06T21:08:59.798485+00:00,eec35edb10ded38f0500e83e9aaf8252f63479442c90d3b0d1ad36855ebf8efe,7e09efed7e12c659b82740b67ce2f9a1,1,2026-09-13T17:00:00Z,Houston Texans,Buffalo Bills,totals,alternate_totals,,52.5,Over,52.5,draftkings,228,3.28,0.26103787937962675,1.1306959529717466,2026-09-06T21:08:19Z,40.798485,conditional_non_push,0.2835924006908463,consensus_plus_empirical_residual_model,live_snapshot_not_T60,pinnacle,9cd4210284506489d2318caf,0.2582905871724672,0.2582905871724672,287.1608373139337,-59.16083731393371,2,OK,240,fanduel,240,False,False,44.5,closest_offered_consensus_to_50pct_no_interpolation,0.2835924006908463,-24.61875761266745,0.0,0.2835924006908463,EMPIRICAL_RECONSTRUCTED_HISTORY,0897c49705a05c04d65f1c02a830bc8446166ee6750153b629f2f4c40766b03b,4a14b3fdf51d13786a2e905526f21d4fe7601226e01da29583be8ff3210a7041,work/market-distribution-v1/artifacts/4a14b3fdf51d13786a2e905526f21d4fe7601226e01da29583be8ff3210a7041.json,-1.0,44.5,False,False,none,False,0.45492227979274613,0.0,eec35edb10ded38f
fa6f41f958d4dd2686161918,2026-09-06T21:08:59.798485+00:00,eec35edb10ded38f0500e83e9aaf8252f63479442c90d3b0d1ad36855ebf8efe,7e09efed7e12c659b82740b67ce2f9a1,1,2026-09-13T17:00:00Z,Houston Texans,Buffalo Bills,totals,alternate_totals,,52.5,Over,52.5,fanduel,240,3.4,0.25554329496530764,1.1148805544872356,2026-09-06T21:08:49Z,10.798485,conditional_non_push,0.2835924006908463,consensus_plus_empirical_residual_model,live_snapshot_not_T60,pinnacle,9cd4210284506489d2318caf,0.2582905871724672,0.2582905871724672,287.1608373139337,-47.16083731393371,2,OK,240,fanduel,240,False,False,44.5,closest_offered_consensus_to_50pct_no_interpolation,0.2835924006908463,-12.618757612667451,0.0,0.2835924006908463,EMPIRICAL_RECONSTRUCTED_HISTORY,0897c49705a05c04d65f1c02a830bc8446166ee6750153b629f2f4c40766b03b,4a14b3fdf51d13786a2e905526f21d4fe7601226e01da29583be8ff3210a7041,work/market-distribution-v1/artifacts/4a14b3fdf51d13786a2e905526f21d4fe7601226e01da29583be8ff3210a7041.json,-1.0,44.5,False,False,none,False,0.45492227979274613,0.0,eec35edb10ded38f
92f3742ffc8c515cf12a2ad9,2026-09-06T21:08:59.798485+00:00,eec35edb10ded38f0500e83e9aaf8252f63479442c90d3b0d1ad36855ebf8efe,7e09efed7e12c659b82740b67ce2f9a1,1,2026-09-13T17:00:00Z,Houston Texans,Buffalo Bills,totals,alternate_totals,,52.5,Under,52.5,draftkings,-326,1.3067484662576687,0.7389621206203733,1.1306959529717466,2026-09-06T21:08:19Z,40.798485,conditional_non_push,0.7164075993091537,consensus_plus_empirical_residual_model,live_snapshot_not_T60,pinnacle,9cd4210284506489d2318caf,0.7417094128275328,0.7417094128275328,-287.1608373139337,-38.83916268606629,2,OK,-326,draftkings,-326,False,False,44.5,closest_offered_consensus_to_50pct_no_interpolation,0.7164075993091537,-73.3812423873326,0.0,0.7164075993091537,EMPIRICAL_RECONSTRUCTED_HISTORY,0897c49705a05c04d65f1c02a830bc8446166ee6750153b629f2f4c40766b03b,4a14b3fdf51d13786a2e905526f21d4fe7601226e01da29583be8ff3210a7041,work/market-distribution-v1/artifacts/4a14b3fdf51d13786a2e905526f21d4fe7601226e01da29583be8ff3210a7041.json,-1.0,44.5,False,False,none,False,0.8393782383419689,0.0,eec35edb10ded38f
88628596073b0b7ba083f3ac,2026-09-06T21:08:59.798485+00:00,eec35edb10ded38f0500e83e9aaf8252f63479442c90d3b0d1ad36855ebf8efe,7e09efed7e12c659b82740b67ce2f9a1,1,2026-09-13T17:00:00Z,Houston Texans,Buffalo Bills,totals,alternate_totals,,52.5,Under,52.5,fanduel,-330,1.303030303030303,0.7444567050346924,1.1148805544872356,2026-09-06T21:08:49Z,10.798485,conditional_non_push,0.7164075993091537,consensus_plus_empirical_residual_model,live_snapshot_not_T60,pinnacle,9cd4210284506489d2318caf,0.7417094128275328,0.7417094128275328,-287.1608373139337,-42.83916268606629,2,OK,-326,draftkings,-326,False,False,44.5,closest_offered_consensus_to_50pct_no_interpolation,0.7164075993091537,-77.3812423873326,0.0,0.7164075993091537,EMPIRICAL_RECONSTRUCTED_HISTORY,0897c49705a05c04d65f1c02a830bc8446166ee6750153b629f2f4c40766b03b,4a14b3fdf51d13786a2e905526f21d4fe7601226e01da29583be8ff3210a7041,work/market-distribution-v1/artifacts/4a14b3fdf51d13786a2e905526f21d4fe7601226e01da29583be8ff3210a7041.json,-1.0,44.5,False,False,none,False,0.8393782383419689,0.0,eec35edb10ded38f
383b6270648629dbe29d12a6,2026-09-06T21:08:59.798485+00:00,eec35edb10ded38f0500e83e9aaf8252f63479442c90d3b0d1ad36855ebf8efe,7e09efed7e12c659b82740b67ce2f9a1,1,2026-09-13T17:00:00Z,Houston Texans,Buffalo Bills,totals,alternate_totals,,53.5,Over,53.5,draftkings,256,3.56,0.23643204154267286,1.1357215885683072,2026-09-06T21:08:19Z,40.798485,conditional_non_push,0.261139896373057,consensus_plus_empirical_residual_model,live_snapshot_not_T60,pinnacle,36377bc56fb27c3cac3a03ae,0.23789889827685107,0.23789889827685107,320.34662927957993,-64.34662927957993,2,OK,260,fanduel,260,False,False,44.5,closest_offered_consensus_to_50pct_no_interpolation,0.261139896373057,-26.936507936507894,0.0,0.261139896373057,EMPIRICAL_RECONSTRUCTED_HISTORY,0897c49705a05c04d65f1c02a830bc8446166ee6750153b629f2f4c40766b03b,4a14b3fdf51d13786a2e905526f21d4fe7601226e01da29583be8ff3210a7041,work/market-distribution-v1/artifacts/4a14b3fdf51d13786a2e905526f21d4fe7601226e01da29583be8ff3210a7041.json,-1.0,44.5,False,False,none,False,0.4231433506044905,0.0,eec35edb10ded38f
03629b0dd887a66fff803fa5,2026-09-06T21:08:59.798485+00:00,eec35edb10ded38f0500e83e9aaf8252f63479442c90d3b0d1ad36855ebf8efe,7e09efed7e12c659b82740b67ce2f9a1,1,2026-09-13T17:00:00Z,Houston Texans,Buffalo Bills,totals,alternate_totals,,53.5,Over,53.5,fanduel,260,3.6,0.2393657550110294,1.1161876518620257,2026-09-06T21:08:49Z,10.798485,conditional_non_push,0.261139896373057,consensus_plus_empirical_residual_model,live_snapshot_not_T60,pinnacle,36377bc56fb27c3cac3a03ae,0.23789889827685107,0.23789889827685107,320.34662927957993,-60.34662927957993,2,OK,260,fanduel,260,False,False,44.5,closest_offered_consensus_to_50pct_no_interpolation,0.261139896373057,-22.936507936507894,0.0,0.261139896373057,EMPIRICAL_RECONSTRUCTED_HISTORY,0897c49705a05c04d65f1c02a830bc8446166ee6750153b629f2f4c40766b03b,4a14b3fdf51d13786a2e905526f21d4fe7601226e01da29583be8ff3210a7041,work/market-distribution-v1/artifacts/4a14b3fdf51d13786a2e905526f21d4fe7601226e01da29583be8ff3210a7041.json,-1.0,44.5,False,False,none,False,0.4231433506044905,0.0,eec35edb10ded38f
2cfa3e0129c37d336bdb55d6,2026-09-06T21:08:59.798485+00:00,eec35edb10ded38f0500e83e9aaf8252f63479442c90d3b0d1ad36855ebf8efe,7e09efed7e12c659b82740b67ce2f9a1,1,2026-09-13T17:00:00Z,Houston Texans,Buffalo Bills,totals,alternate_totals,,53.5,Under,53.5,draftkings,-373,1.2680965147453083,0.7635679584573273,1.1357215885683072,2026-09-06T21:08:19Z,40.798485,conditional_non_push,0.738860103626943,consensus_plus_empirical_residual_model,live_snapshot_not_T60,pinnacle,36377bc56fb27c3cac3a03ae,0.7621011017231488,0.7621011017231488,-320.3466292795797,-52.6533707204203,2,OK,-360,fanduel,-360,False,False,44.5,closest_offered_consensus_to_50pct_no_interpolation,0.738860103626943,-90.0634920634921,0.0,0.738860103626943,EMPIRICAL_RECONSTRUCTED_HISTORY,0897c49705a05c04d65f1c02a830bc8446166ee6750153b629f2f4c40766b03b,4a14b3fdf51d13786a2e905526f21d4fe7601226e01da29583be8ff3210a7041,work/market-distribution-v1/artifacts/4a14b3fdf51d13786a2e905526f21d4fe7601226e01da29583be8ff3210a7041.json,-1.0,44.5,False,False,none,False,0.8559585492227979,0.0,eec35edb10ded38f
ce91029923870f38c708a2e7,2026-09-06T21:08:59.798485+00:00,eec35edb10ded38f0500e83e9aaf8252f63479442c90d3b0d1ad36855ebf8efe,7e09efed7e12c659b82740b67ce2f9a1,1,2026-09-13T17:00:00Z,Houston Texans,Buffalo Bills,totals,alternate_totals,,53.5,Under,53.5,fanduel,-360,1.2777777777777777,0.7606342449889708,1.1161876518620257,2026-09-06T21:08:49Z,10.798485,conditional_non_push,0.738860103626943,consensus_plus_empirical_residual_model,live_snapshot_not_T60,pinnacle,36377bc56fb27c3cac3a03ae,0.7621011017231488,0.7621011017231488,-320.3466292795797,-39.6533707204203,2,OK,-360,fanduel,-360,False,False,44.5,closest_offered_consensus_to_50pct_no_interpolation,0.738860103626943,-77.0634920634921,0.0,0.738860103626943,EMPIRICAL_RECONSTRUCTED_HISTORY,0897c49705a05c04d65f1c02a830bc8446166ee6750153b629f2f4c40766b03b,4a14b3fdf51d13786a2e905526f21d4fe7601226e01da29583be8ff3210a7041,work/market-distribution-v1/artifacts/4a14b3fdf51d13786a2e905526f21d4fe7601226e01da29583be8ff3210a7041.json,-1.0,44.5,False,False,none,False,0.8559585492227979,0.0,eec35edb10ded38f
9c93c33bef1496071606fe8b,2026-09-06T21:08:59.798485+00:00,eec35edb10ded38f0500e83e9aaf8252f63479442c90d3b0d1ad36855ebf8efe,7e09efed7e12c659b82740b67ce2f9a1,1,2026-09-13T17:00:00Z,Houston Texans,Buffalo Bills,totals,alternate_totals,,54.5,Over,54.5,draftkings,287,3.87,0.21245720222435455,1.1446588237012714,2026-09-06T21:08:19Z,40.798485,conditional_non_push,0.23937823834196892,consensus_plus_empirical_residual_model,live_snapshot_not_T60,pinnacle,8d893439cb8ae7d73a9377d4,0.21114464068131522,0.21114464068131522,373.6089899195309,-86.60898991953093,2,OK,300,fanduel,300,False,False,44.5,closest_offered_consensus_to_50pct_no_interpolation,0.23937823834196892,-30.748917748917734,0.0,0.23937823834196892,EMPIRICAL_RECONSTRUCTED_HISTORY,0897c49705a05c04d65f1c02a830bc8446166ee6750153b629f2f4c40766b03b,4a14b3fdf51d13786a2e905526f21d4fe7601226e01da29583be8ff3210a7041,work/market-distribution-v1/artifacts/4a14b3fdf51d13786a2e905526f21d4fe7601226e01da29583be8ff3210a7041.json,-1.0,44.5,False,False,none,False,0.38894645941278067,0.0,eec35edb10ded38f
2c89ab881bf7406c5808ca6a,2026-09-06T21:08:59.798485+00:00,eec35edb10ded38f0500e83e9aaf8252f63479442c90d3b0d1ad36855ebf8efe,7e09efed7e12c659b82740b67ce2f9a1,1,2026-09-13T17:00:00Z,Houston Texans,Buffalo Bills,totals,alternate_totals,,54.5,Over,54.5,fanduel,300,4.0,0.20983207913827592,1.1263464204120908,2026-09-06T21:08:49Z,10.798485,conditional_non_push,0.23937823834196892,consensus_plus_empirical_residual_model,live_snapshot_not_T60,pinnacle,8d893439cb8ae7d73a9377d4,0.21114464068131522,0.21114464068131522,373.6089899195309,-73.60898991953093,2,OK,300,fanduel,300,False,False,44.5,closest_offered_consensus_to_50pct_no_interpolation,0.23937823834196892,-17.748917748917734,0.0,0.23937823834196892,EMPIRICAL_RECONSTRUCTED_HISTORY,0897c49705a05c04d65f1c02a830bc8446166ee6750153b629f2f4c40766b03b,4a14b3fdf51d13786a2e905526f21d4fe7601226e01da29583be8ff3210a7041,work/market-distribution-v1/artifacts/4a14b3fdf51d13786a2e905526f21d4fe7601226e01da29583be8ff3210a7041.json,-1.0,44.5,False,False,none,False,0.38894645941278067,0.0,eec35edb10ded38f
2a1d46099d7e7605c832ac58,2026-09-06T21:08:59.798485+00:00,eec35edb10ded38f0500e83e9aaf8252f63479442c90d3b0d1ad36855ebf8efe,7e09efed7e12c659b82740b67ce2f9a1,1,2026-09-13T17:00:00Z,Houston Texans,Buffalo Bills,totals,alternate_totals,,54.5,Under,54.5,draftkings,-431,1.2320185614849188,0.7875427977756455,1.1446588237012714,2026-09-06T21:08:19Z,40.798485,conditional_non_push,0.7606217616580311,consensus_plus_empirical_residual_model,live_snapshot_not_T60,pinnacle,8d893439cb8ae7d73a9377d4,0.7888553593186848,0.7888553593186848,-373.6089899195309,-57.39101008046907,2,OK,-430,fanduel,-430,False,False,44.5,closest_offered_consensus_to_50pct_no_interpolation,0.7606217616580311,-113.25108225108227,0.0,0.7606217616580311,EMPIRICAL_RECONSTRUCTED_HISTORY,0897c49705a05c04d65f1c02a830bc8446166ee6750153b629f2f4c40766b03b,4a14b3fdf51d13786a2e905526f21d4fe7601226e01da29583be8ff3210a7041,work/market-distribution-v1/artifacts/4a14b3fdf51d13786a2e905526f21d4fe7601226e01da29583be8ff3210a7041.json,-1.0,44.5,False,False,none,False,0.8708117443868739,0.0,eec35edb10ded38f
40522f42a2af3e31678aff1a,2026-09-06T21:08:59.798485+00:00,eec35edb10ded38f0500e83e9aaf8252f63479442c90d3b0d1ad36855ebf8efe,7e09efed7e12c659b82740b67ce2f9a1,1,2026-09-13T17:00:00Z,Houston Texans,Buffalo Bills,totals,alternate_totals,,54.5,Under,54.5,fanduel,-430,1.2325581395348837,0.790167920861724,1.1263464204120908,2026-09-06T21:08:49Z,10.798485,conditional_non_push,0.7606217616580311,consensus_plus_empirical_residual_model,live_snapshot_not_T60,pinnacle,8d893439cb8ae7d73a9377d4,0.7888553593186848,0.7888553593186848,-373.6089899195309,-56.39101008046907,2,OK,-430,fanduel,-430,False,False,44.5,closest_offered_consensus_to_50pct_no_interpolation,0.7606217616580311,-112.25108225108227,0.0,0.7606217616580311,EMPIRICAL_RECONSTRUCTED_HISTORY,0897c49705a05c04d65f1c02a830bc8446166ee6750153b629f2f4c40766b03b,4a14b3fdf51d13786a2e905526f21d4fe7601226e01da29583be8ff3210a7041,work/market-distribution-v1/artifacts/4a14b3fdf51d13786a2e905526f21d4fe7601226e01da29583be8ff3210a7041.json,-1.0,44.5,False,False,none,False,0.8708117443868739,0.0,eec35edb10ded38f
03d3710ee1f5eb3c7c45d12f,2026-09-06T21:08:59.798485+00:00,eec35edb10ded38f0500e83e9aaf8252f63479442c90d3b0d1ad36855ebf8efe,7e09efed7e12c659b82740b67ce2f9a1,1,2026-09-13T17:00:00Z,Houston Texans,Buffalo Bills,totals,alternate_totals,,55.5,Over,55.5,draftkings,328,4.279999999999999,0.18670767979406308,1.1542402565960086,2026-09-06T21:08:19Z,40.798485,conditional_non_push,0.22037996545768568,consensus_plus_empirical_residual_model,live_snapshot_not_T60,pinnacle,755770d59deae9de391e7eb6,0.1866681452773179,0.1866681452773179,435.7100422862081,-107.71004228620808,2,OK,340,fanduel,340,False,False,44.5,closest_offered_consensus_to_50pct_no_interpolation,0.22037996545768568,-25.76175548589339,0.0,0.22037996545768568,EMPIRICAL_RECONSTRUCTED_HISTORY,0897c49705a05c04d65f1c02a830bc8446166ee6750153b629f2f4c40766b03b,4a14b3fdf51d13786a2e905526f21d4fe7601226e01da29583be8ff3210a7041,work/market-distribution-v1/artifacts/4a14b3fdf51d13786a2e905526f21d4fe7601226e01da29583be8ff3210a7041.json,-1.0,44.5,False,False,none,False,0.3592400690846287,0.0,eec35edb10ded38f
b3780bedaed6aa12954b453e,2026-09-06T21:08:59.798485+00:00,eec35edb10ded38f0500e83e9aaf8252f63479442c90d3b0d1ad36855ebf8efe,7e09efed7e12c659b82740b67ce2f9a1,1,2026-09-13T17:00:00Z,Houston Texans,Buffalo Bills,totals,alternate_totals,,55.5,Over,55.5,fanduel,340,4.4,0.18662861076057272,1.1329842945702202,2026-09-06T21:08:49Z,10.798485,conditional_non_push,0.22037996545768568,consensus_plus_empirical_residual_model,live_snapshot_not_T60,pinnacle,755770d59deae9de391e7eb6,0.1866681452773179,0.1866681452773179,435.7100422862081,-95.71004228620808,2,OK,340,fanduel,340,False,False,44.5,closest_offered_consensus_to_50pct_no_interpolation,0.22037996545768568,-13.761755485893389,0.0,0.22037996545768568,EMPIRICAL_RECONSTRUCTED_HISTORY,0897c49705a05c04d65f1c02a830bc8446166ee6750153b629f2f4c40766b03b,4a14b3fdf51d13786a2e905526f21d4fe7601226e01da29583be8ff3210a7041,work/market-distribution-v1/artifacts/4a14b3fdf51d13786a2e905526f21d4fe7601226e01da29583be8ff3210a7041.json,-1.0,44.5,False,False,none,False,0.3592400690846287,0.0,eec35edb10ded38f
8484c55075718ed2f93079d9,2026-09-06T21:08:59.798485+00:00,eec35edb10ded38f0500e83e9aaf8252f63479442c90d3b0d1ad36855ebf8efe,7e09efed7e12c659b82740b67ce2f9a1,1,2026-09-13T17:00:00Z,Houston Texans,Buffalo Bills,totals,alternate_totals,,55.5,Under,55.5,draftkings,-510,1.196078431372549,0.813292320205937,1.1542402565960086,2026-09-06T21:08:19Z,40.798485,conditional_non_push,0.7796200345423143,consensus_plus_empirical_residual_model,live_snapshot_not_T60,pinnacle,755770d59deae9de391e7eb6,0.8133318547226822,0.8133318547226822,-435.7100422862084,-74.28995771379158,2,OK,-500,fanduel,-500,False,False,44.5,closest_offered_consensus_to_50pct_no_interpolation,0.7796200345423143,-156.2382445141066,0.0,0.7796200345423143,EMPIRICAL_RECONSTRUCTED_HISTORY,0897c49705a05c04d65f1c02a830bc8446166ee6750153b629f2f4c40766b03b,4a14b3fdf51d13786a2e905526f21d4fe7601226e01da29583be8ff3210a7041,work/market-distribution-v1/artifacts/4a14b3fdf51d13786a2e905526f21d4fe7601226e01da29583be8ff3210a7041.json,-1.0,44.5,False,False,none,False,0.8853195164075993,0.0,eec35edb10ded38f
3f8c02e24b9ee881356419ea,2026-09-06T21:08:59.798485+00:00,eec35edb10ded38f0500e83e9aaf8252f63479442c90d3b0d1ad36855ebf8efe,7e09efed7e12c659b82740b67ce2f9a1,1,2026-09-13T17:00:00Z,Houston Texans,Buffalo Bills,totals,alternate_totals,,55.5,Under,55.5,fanduel,-500,1.2,0.8133713892394274,1.1329842945702202,2026-09-06T21:08:49Z,10.798485,conditional_non_push,0.7796200345423143,consensus_plus_empirical_residual_model,live_snapshot_not_T60,pinnacle,755770d59deae9de391e7eb6,0.8133318547226822,0.8133318547226822,-435.7100422862084,-64.28995771379158,2,OK,-500,fanduel,-500,False,False,44.5,closest_offered_consensus_to_50pct_no_interpolation,0.7796200345423143,-146.2382445141066,0.0,0.7796200345423143,EMPIRICAL_RECONSTRUCTED_HISTORY,0897c49705a05c04d65f1c02a830bc8446166ee6750153b629f2f4c40766b03b,4a14b3fdf51d13786a2e905526f21d4fe7601226e01da29583be8ff3210a7041,work/market-distribution-v1/artifacts/4a14b3fdf51d13786a2e905526f21d4fe7601226e01da29583be8ff3210a7041.json,-1.0,44.5,False,False,none,False,0.8853195164075993,0.0,eec35edb10ded38f
236751de831260d18ad0f8fa,2026-09-06T21:08:59.798485+00:00,eec35edb10ded38f0500e83e9aaf8252f63479442c90d3b0d1ad36855ebf8efe,7e09efed7e12c659b82740b67ce2f9a1,1,2026-09-13T17:00:00Z,Houston Texans,Buffalo Bills,totals,alternate_totals,,56.5,Over,56.5,draftkings,358,4.58,0.17037444415055505,1.1630136141615748,2026-09-06T21:08:19Z,40.798485,conditional_non_push,0.2006908462867012,consensus_plus_empirical_residual_model,live_snapshot_not_T60,pinnacle,6ff7a4148ef3adf9bee3397e,0.17404437545097065,0.17404437545097065,474.5661113201018,-116.56611132010181,2,OK,360,fanduel,360,False,False,44.5,closest_offered_consensus_to_50pct_no_interpolation,0.2006908462867012,-40.278829604130806,0.0,0.2006908462867012,EMPIRICAL_RECONSTRUCTED_HISTORY,0897c49705a05c04d65f1c02a830bc8446166ee6750153b629f2f4c40766b03b,4a14b3fdf51d13786a2e905526f21d4fe7601226e01da29583be8ff3210a7041,work/market-distribution-v1/artifacts/4a14b3fdf51d13786a2e905526f21d4fe7601226e01da29583be8ff3210a7041.json,-1.0,44.5,False,False,none,False,0.33264248704663213,0.0,eec35edb10ded38f
3dd6ec4d42b2a4566193dd67,2026-09-06T21:08:59.798485+00:00,eec35edb10ded38f0500e83e9aaf8252f63479442c90d3b0d1ad36855ebf8efe,7e09efed7e12c659b82740b67ce2f9a1,1,2026-09-13T17:00:00Z,Houston Texans,Buffalo Bills,totals,alternate_totals,,56.5,Over,56.5,fanduel,360,4.6,0.17771430675138628,1.132053930386304,2026-09-06T21:08:49Z,10.798485,conditional_non_push,0.2006908462867012,consensus_plus_empirical_residual_model,live_snapshot_not_T60,pinnacle,6ff7a4148ef3adf9bee3397e,0.17404437545097065,0.17404437545097065,474.5661113201018,-114.56611132010181,2,OK,360,fanduel,360,False,False,44.5,closest_offered_consensus_to_50pct_no_interpolation,0.2006908462867012,-38.278829604130806,0.0,0.2006908462867012,EMPIRICAL_RECONSTRUCTED_HISTORY,0897c49705a05c04d65f1c02a830bc8446166ee6750153b629f2f4c40766b03b,4a14b3fdf51d13786a2e905526f21d4fe7601226e01da29583be8ff3210a7041,work/market-distribution-v1/artifacts/4a14b3fdf51d13786a2e905526f21d4fe7601226e01da29583be8ff3210a7041.json,-1.0,44.5,False,False,none,False,0.33264248704663213,0.0,eec35edb10ded38f
f33fcdf1129bb0cf5484c737,2026-09-06T21:08:59.798485+00:00,eec35edb10ded38f0500e83e9aaf8252f63479442c90d3b0d1ad36855ebf8efe,7e09efed7e12c659b82740b67ce2f9a1,1,2026-09-13T17:00:00Z,Houston Texans,Buffalo Bills,totals,alternate_totals,,56.5,Under,56.5,draftkings,-574,1.1742160278745644,0.8296255558494451,1.1630136141615748,2026-09-06T21:08:19Z,40.798485,conditional_non_push,0.7993091537132988,consensus_plus_empirical_residual_model,live_snapshot_not_T60,pinnacle,6ff7a4148ef3adf9bee3397e,0.8259556245490293,0.8259556245490293,-474.5661113201016,-99.43388867989842,2,OK,-530,fanduel,-530,False,False,44.5,closest_offered_consensus_to_50pct_no_interpolation,0.7993091537132988,-175.7211703958692,0.0,0.7993091537132988,EMPIRICAL_RECONSTRUCTED_HISTORY,0897c49705a05c04d65f1c02a830bc8446166ee6750153b629f2f4c40766b03b,4a14b3fdf51d13786a2e905526f21d4fe7601226e01da29583be8ff3210a7041,work/market-distribution-v1/artifacts/4a14b3fdf51d13786a2e905526f21d4fe7601226e01da29583be8ff3210a7041.json,-1.0,44.5,False,False,none,False,0.8970639032815199,0.0,eec35edb10ded38f
56d406b401d6e4ce9900edf2,2026-09-06T21:08:59.798485+00:00,eec35edb10ded38f0500e83e9aaf8252f63479442c90d3b0d1ad36855ebf8efe,7e09efed7e12c659b82740b67ce2f9a1,1,2026-09-13T17:00:00Z,Houston Texans,Buffalo Bills,totals,alternate_totals,,56.5,Under,56.5,fanduel,-530,1.1886792452830188,0.8222856932486139,1.132053930386304,2026-09-06T21:08:49Z,10.798485,conditional_non_push,0.7993091537132988,consensus_plus_empirical_residual_model,live_snapshot_not_T60,pinnacle,6ff7a4148ef3adf9bee3397e,0.8259556245490293,0.8259556245490293,-474.5661113201016,-55.433888679898416,2,OK,-530,fanduel,-530,False,False,44.5,closest_offered_consensus_to_50pct_no_interpolation,0.7993091537132988,-131.7211703958692,0.0,0.7993091537132988,EMPIRICAL_RECONSTRUCTED_HISTORY,0897c49705a05c04d65f1c02a830bc8446166ee6750153b629f2f4c40766b03b,4a14b3fdf51d13786a2e905526f21d4fe7601226e01da29583be8ff3210a7041,work/market-distribution-v1/artifacts/4a14b3fdf51d13786a2e905526f21d4fe7601226e01da29583be8ff3210a7041.json,-1.0,44.5,False,False,none,False,0.8970639032815199,0.0,eec35edb10ded38f
08b47b26787222b4df884305,2026-09-06T21:08:59.798485+00:00,eec35edb10ded38f0500e83e9aaf8252f63479442c90d3b0d1ad36855ebf8efe,7e09efed7e12c659b82740b67ce2f9a1,1,2026-09-13T17:00:00Z,Houston Texans,Buffalo Bills,totals,alternate_totals,,57.5,Over,57.5,draftkings,413,5.13,0.14560254856579843,1.178440444301275,2026-09-06T21:08:19Z,40.798485,conditional_non_push,0.18238341968911917,consensus_plus_empirical_residual_model,live_snapshot_not_T60,pinnacle,7d9d5ff597c656c98a632a91,0.14841370554908917,0.14841370554908917,573.792219054352,-160.79221905435202,2,OK,420,fanduel,420,False,False,44.5,closest_offered_consensus_to_50pct_no_interpolation,0.18238341968911917,-35.295454545454504,0.0,0.18238341968911917,EMPIRICAL_RECONSTRUCTED_HISTORY,0897c49705a05c04d65f1c02a830bc8446166ee6750153b629f2f4c40766b03b,4a14b3fdf51d13786a2e905526f21d4fe7601226e01da29583be8ff3210a7041,work/market-distribution-v1/artifacts/4a14b3fdf51d13786a2e905526f21d4fe7601226e01da29583be8ff3210a7041.json,-1.0,44.5,False,False,none,False,0.30915371329879104,0.0,eec35edb10ded38f
e47b82097ef165780ae6772d,2026-09-06T21:08:59.798485+00:00,eec35edb10ded38f0500e83e9aaf8252f63479442c90d3b0d1ad36855ebf8efe,7e09efed7e12c659b82740b67ce2f9a1,1,2026-09-13T17:00:00Z,Houston Texans,Buffalo Bills,totals,alternate_totals,,57.5,Over,57.5,fanduel,420,5.2,0.15122486253237996,1.1457723052543067,2026-09-06T21:08:49Z,10.798485,conditional_non_push,0.18238341968911917,consensus_plus_empirical_residual_model,live_snapshot_not_T60,pinnacle,7d9d5ff597c656c98a632a91,0.14841370554908917,0.14841370554908917,573.792219054352,-153.79221905435202,2,OK,420,fanduel,420,False,False,44.5,closest_offered_consensus_to_50pct_no_interpolation,0.18238341968911917,-28.295454545454504,0.0,0.18238341968911917,EMPIRICAL_RECONSTRUCTED_HISTORY,0897c49705a05c04d65f1c02a830bc8446166ee6750153b629f2f4c40766b03b,4a14b3fdf51d13786a2e905526f21d4fe7601226e01da29583be8ff3210a7041,work/market-distribution-v1/artifacts/4a14b3fdf51d13786a2e905526f21d4fe7601226e01da29583be8ff3210a7041.json,-1.0,44.5,False,False,none,False,0.30915371329879104,0.0,eec35edb10ded38f
4d4e9caa307bf298ee0ff11f,2026-09-06T21:08:59.798485+00:00,eec35edb10ded38f0500e83e9aaf8252f63479442c90d3b0d1ad36855ebf8efe,7e09efed7e12c659b82740b67ce2f9a1,1,2026-09-13T17:00:00Z,Houston Texans,Buffalo Bills,totals,alternate_totals,,57.5,Under,57.5,draftkings,-700,1.1428571428571428,0.8543974514342016,1.178440444301275,2026-09-06T21:08:19Z,40.798485,conditional_non_push,0.8176165803108808,consensus_plus_empirical_residual_model,live_snapshot_not_T60,pinnacle,7d9d5ff597c656c98a632a91,0.8515862944509107,0.8515862944509107,-573.7922190543516,-126.20778094564844,2,OK,-650,fanduel,-650,False,False,44.5,closest_offered_consensus_to_50pct_no_interpolation,0.8176165803108808,-251.70454545454555,0.0,0.8176165803108808,EMPIRICAL_RECONSTRUCTED_HISTORY,0897c49705a05c04d65f1c02a830bc8446166ee6750153b629f2f4c40766b03b,4a14b3fdf51d13786a2e905526f21d4fe7601226e01da29583be8ff3210a7041,work/market-distribution-v1/artifacts/4a14b3fdf51d13786a2e905526f21d4fe7601226e01da29583be8ff3210a7041.json,-1.0,44.5,False,False,none,False,0.9081174438687392,0.0,eec35edb10ded38f
2ffe133484c6c6a701294f28,2026-09-06T21:08:59.798485+00:00,eec35edb10ded38f0500e83e9aaf8252f63479442c90d3b0d1ad36855ebf8efe,7e09efed7e12c659b82740b67ce2f9a1,1,2026-09-13T17:00:00Z,Houston Texans,Buffalo Bills,totals,alternate_totals,,57.5,Under,57.5,fanduel,-650,1.1538461538461537,0.8487751374676201,1.1457723052543067,2026-09-06T21:08:49Z,10.798485,conditional_non_push,0.8176165803108808,consensus_plus_empirical_residual_model,live_snapshot_not_T60,pinnacle,7d9d5ff597c656c98a632a91,0.8515862944509107,0.8515862944509107,-573.7922190543516,-76.20778094564844,2,OK,-650,fanduel,-650,False,False,44.5,closest_offered_consensus_to_50pct_no_interpolation,0.8176165803108808,-201.70454545454555,0.0,0.8176165803108808,EMPIRICAL_RECONSTRUCTED_HISTORY,0897c49705a05c04d65f1c02a830bc8446166ee6750153b629f2f4c40766b03b,4a14b3fdf51d13786a2e905526f21d4fe7601226e01da29583be8ff3210a7041,work/market-distribution-v1/artifacts/4a14b3fdf51d13786a2e905526f21d4fe7601226e01da29583be8ff3210a7041.json,-1.0,44.5,False,False,none,False,0.9081174438687392,0.0,eec35edb10ded38f
f269237bc10776d037c7a5ed,2026-09-06T21:08:59.798485+00:00,eec35edb10ded38f0500e83e9aaf8252f63479442c90d3b0d1ad36855ebf8efe,7e09efed7e12c659b82740b67ce2f9a1,1,2026-09-13T17:00:00Z,Houston Texans,Buffalo Bills,totals,alternate_totals,,58.5,Over,58.5,draftkings,464,5.64,0.12692939666632905,1.1932153836353137,2026-09-06T21:08:19Z,40.798485,conditional_non_push,0.16062176165803108,consensus_plus_empirical_residual_model,live_snapshot_not_T60,pinnacle,8ded9c6a7c272e217ad43090,0.12961245021955461,0.12961245021955461,671.5308199992119,-207.53081999921187,2,OK,470,fanduel,470,False,False,44.5,closest_offered_consensus_to_50pct_no_interpolation,0.16062176165803108,-58.58064516129036,0.0,0.16062176165803108,EMPIRICAL_RECONSTRUCTED_HISTORY,0897c49705a05c04d65f1c02a830bc8446166ee6750153b629f2f4c40766b03b,4a14b3fdf51d13786a2e905526f21d4fe7601226e01da29583be8ff3210a7041,work/market-distribution-v1/artifacts/4a14b3fdf51d13786a2e905526f21d4fe7601226e01da29583be8ff3210a7041.json,-1.0,44.5,False,False,none,False,0.2835924006908463,0.0,eec35edb10ded38f
403c1ecdcc17498faa5118cf,2026-09-06T21:08:59.798485+00:00,eec35edb10ded38f0500e83e9aaf8252f63479442c90d3b0d1ad36855ebf8efe,7e09efed7e12c659b82740b67ce2f9a1,1,2026-09-13T17:00:00Z,Houston Texans,Buffalo Bills,totals,alternate_totals,,58.5,Over,58.5,fanduel,470,5.7,0.13229550377278018,1.162169781158016,2026-09-06T21:08:49Z,10.798485,conditional_non_push,0.16062176165803108,consensus_plus_empirical_residual_model,live_snapshot_not_T60,pinnacle,8ded9c6a7c272e217ad43090,0.12961245021955461,0.12961245021955461,671.5308199992119,-201.53081999921187,2,OK,470,fanduel,470,False,False,44.5,closest_offered_consensus_to_50pct_no_interpolation,0.16062176165803108,-52.58064516129036,0.0,0.16062176165803108,EMPIRICAL_RECONSTRUCTED_HISTORY,0897c49705a05c04d65f1c02a830bc8446166ee6750153b629f2f4c40766b03b,4a14b3fdf51d13786a2e905526f21d4fe7601226e01da29583be8ff3210a7041,work/market-distribution-v1/artifacts/4a14b3fdf51d13786a2e905526f21d4fe7601226e01da29583be8ff3210a7041.json,-1.0,44.5,False,False,none,False,0.2835924006908463,0.0,eec35edb10ded38f
b162c09fcbbcbb1b92fa54b1,2026-09-06T21:08:59.798485+00:00,eec35edb10ded38f0500e83e9aaf8252f63479442c90d3b0d1ad36855ebf8efe,7e09efed7e12c659b82740b67ce2f9a1,1,2026-09-13T17:00:00Z,Houston Texans,Buffalo Bills,totals,alternate_totals,,58.5,Under,58.5,draftkings,-830,1.1204819277108433,0.873070603333671,1.1932153836353137,2026-09-06T21:08:19Z,40.798485,conditional_non_push,0.8393782383419689,consensus_plus_empirical_residual_model,live_snapshot_not_T60,pinnacle,8ded9c6a7c272e217ad43090,0.8703875497804454,0.8703875497804454,-671.530819999212,-158.46918000078801,2,OK,-770,fanduel,-770,False,False,44.5,closest_offered_consensus_to_50pct_no_interpolation,0.8393782383419689,-307.41935483870975,0.0,0.8393782383419689,EMPIRICAL_RECONSTRUCTED_HISTORY,0897c49705a05c04d65f1c02a830bc8446166ee6750153b629f2f4c40766b03b,4a14b3fdf51d13786a2e905526f21d4fe7601226e01da29583be8ff3210a7041,work/market-distribution-v1/artifacts/4a14b3fdf51d13786a2e905526f21d4fe7601226e01da29583be8ff3210a7041.json,-1.0,44.5,False,False,none,False,0.9184801381692573,0.0,eec35edb10ded38f
3845dc15ad63dcaf965f3282,2026-09-06T21:08:59.798485+00:00,eec35edb10ded38f0500e83e9aaf8252f63479442c90d3b0d1ad36855ebf8efe,7e09efed7e12c659b82740b67ce2f9a1,1,2026-09-13T17:00:00Z,Houston Texans,Buffalo Bills,totals,alternate_totals,,58.5,Under,58.5,fanduel,-770,1.12987012987013,0.8677044962272199,1.162169781158016,2026-09-06T21:08:49Z,10.798485,conditional_non_push,0.8393782383419689,consensus_plus_empirical_residual_model,live_snapshot_not_T60,pinnacle,8ded9c6a7c272e217ad43090,0.8703875497804454,0.8703875497804454,-671.530819999212,-98.46918000078801,2,OK,-770,fanduel,-770,False,False,44.5,closest_offered_consensus_to_50pct_no_interpolation,0.8393782383419689,-247.41935483870975,0.0,0.8393782383419689,EMPIRICAL_RECONSTRUCTED_HISTORY,0897c49705a05c04d65f1c02a830bc8446166ee6750153b629f2f4c40766b03b,4a14b3fdf51d13786a2e905526f21d4fe7601226e01da29583be8ff3210a7041,work/market-distribution-v1/artifacts/4a14b3fdf51d13786a2e905526f21d4fe7601226e01da29583be8ff3210a7041.json,-1.0,44.5,False,False,none,False,0.9184801381692573,0.0,eec35edb10ded38f
6f2254ced4a0ba829b4d1e20,2026-09-06T21:08:59.798485+00:00,eec35edb10ded38f0500e83e9aaf8252f63479442c90d3b0d1ad36855ebf8efe,7e09efed7e12c659b82740b67ce2f9a1,1,2026-09-13T17:00:00Z,Houston Texans,Buffalo Bills,totals,alternate_totals,,59.5,Over,59.5,draftkings,523,6.23,0.10903972967945842,1.2113652784067082,2026-09-06T21:08:19Z,40.798485,conditional_non_push,0.14404145077720207,consensus_plus_empirical_residual_model,live_snapshot_not_T60,pinnacle,be76d29052eac94746ba37ea,0.11285656429246316,0.11285656429246316,786.0804918786479,-263.0804918786479,2,OK,523,draftkings,523,False,False,44.5,closest_offered_consensus_to_50pct_no_interpolation,0.14404145077720207,-71.24460431654677,0.0,0.14404145077720207,EMPIRICAL_RECONSTRUCTED_HISTORY,0897c49705a05c04d65f1c02a830bc8446166ee6750153b629f2f4c40766b03b,4a14b3fdf51d13786a2e905526f21d4fe7601226e01da29583be8ff3210a7041,work/market-distribution-v1/artifacts/4a14b3fdf51d13786a2e905526f21d4fe7601226e01da29583be8ff3210a7041.json,-1.0,44.5,False,False,none,False,0.261139896373057,0.0,eec35edb10ded38f
7931694d981f5814a3f9e373,2026-09-06T21:08:59.798485+00:00,eec35edb10ded38f0500e83e9aaf8252f63479442c90d3b0d1ad36855ebf8efe,7e09efed7e12c659b82740b67ce2f9a1,1,2026-09-13T17:00:00Z,Houston Texans,Buffalo Bills,totals,alternate_totals,,59.5,Over,59.5,fanduel,520,6.2,0.11667339890546793,1.1774835129351686,2026-09-06T21:08:49Z,10.798485,conditional_non_push,0.14404145077720207,consensus_plus_empirical_residual_model,live_snapshot_not_T60,pinnacle,be76d29052eac94746ba37ea,0.11285656429246316,0.11285656429246316,786.0804918786479,-266.0804918786479,2,OK,523,draftkings,523,False,False,44.5,closest_offered_consensus_to_50pct_no_interpolation,0.14404145077720207,-74.24460431654677,0.0,0.14404145077720207,EMPIRICAL_RECONSTRUCTED_HISTORY,0897c49705a05c04d65f1c02a830bc8446166ee6750153b629f2f4c40766b03b,4a14b3fdf51d13786a2e905526f21d4fe7601226e01da29583be8ff3210a7041,work/market-distribution-v1/artifacts/4a14b3fdf51d13786a2e905526f21d4fe7601226e01da29583be8ff3210a7041.json,-1.0,44.5,False,False,none,False,0.261139896373057,0.0,eec35edb10ded38f
80e8caa5669685bff0e958c5,2026-09-06T21:08:59.798485+00:00,eec35edb10ded38f0500e83e9aaf8252f63479442c90d3b0d1ad36855ebf8efe,7e09efed7e12c659b82740b67ce2f9a1,1,2026-09-13T17:00:00Z,Houston Texans,Buffalo Bills,totals,alternate_totals,,59.5,Under,59.5,draftkings,-1000,1.1,0.8909602703205418,1.2113652784067082,2026-09-06T21:08:19Z,40.798485,conditional_non_push,0.8559585492227979,consensus_plus_empirical_residual_model,live_snapshot_not_T60,pinnacle,be76d29052eac94746ba37ea,0.8871434357075367,0.8871434357075367,-786.080491878647,-213.91950812135303,2,OK,-900,fanduel,-900,False,False,44.5,closest_offered_consensus_to_50pct_no_interpolation,0.8559585492227979,-405.75539568345334,0.0,0.8559585492227979,EMPIRICAL_RECONSTRUCTED_HISTORY,0897c49705a05c04d65f1c02a830bc8446166ee6750153b629f2f4c40766b03b,4a14b3fdf51d13786a2e905526f21d4fe7601226e01da29583be8ff3210a7041,work/market-distribution-v1/artifacts/4a14b3fdf51d13786a2e905526f21d4fe7601226e01da29583be8ff3210a7041.json,-1.0,44.5,False,False,none,False,0.9278065630397236,0.0,eec35edb10ded38f
a7ad7543ae4ccb27fdbca3f6,2026-09-06T21:08:59.798485+00:00,eec35edb10ded38f0500e83e9aaf8252f63479442c90d3b0d1ad36855ebf8efe,7e09efed7e12c659b82740b67ce2f9a1,1,2026-09-13T17:00:00Z,Houston Texans,Buffalo Bills,totals,alternate_totals,,59.5,Under,59.5,fanduel,-900,1.1111111111111112,0.8833266010945322,1.1774835129351686,2026-09-06T21:08:49Z,10.798485,conditional_non_push,0.8559585492227979,consensus_plus_empirical_residual_model,live_snapshot_not_T60,pinnacle,be76d29052eac94746ba37ea,0.8871434357075367,0.8871434357075367,-786.080491878647,-113.91950812135303,2,OK,-900,fanduel,-900,False,False,44.5,closest_offered_consensus_to_50pct_no_interpolation,0.8559585492227979,-305.75539568345334,0.0,0.8559585492227979,EMPIRICAL_RECONSTRUCTED_HISTORY,0897c49705a05c04d65f1c02a830bc8446166ee6750153b629f2f4c40766b03b,4a14b3fdf51d13786a2e905526f21d4fe7601226e01da29583be8ff3210a7041,work/market-distribution-v1/artifacts/4a14b3fdf51d13786a2e905526f21d4fe7601226e01da29583be8ff3210a7041.json,-1.0,44.5,False,False,none,False,0.9278065630397236,0.0,eec35edb10ded38f
ef8fd3418c07f0e9491e6ebe,2026-09-06T21:08:59.798485+00:00,eec35edb10ded38f0500e83e9aaf8252f63479442c90d3b0d1ad36855ebf8efe,7e09efed7e12c659b82740b67ce2f9a1,1,2026-09-13T17:00:00Z,Houston Texans,Buffalo Bills,totals,alternate_totals,,60.5,Over,60.5,draftkings,574,6.74,0.09534235429732828,1.231764844022916,2026-09-06T21:08:19Z,40.798485,conditional_non_push,0.12918825561312608,consensus_plus_empirical_residual_model,live_snapshot_not_T60,pinnacle,ce63fc34e29ab5acc41aa79e,0.09690220044594325,0.09690220044594325,931.9683096957623,-357.9683096957623,2,OK,600,fanduel,600,False,False,44.5,closest_offered_consensus_to_50pct_no_interpolation,0.12918825561312608,-100.06417112299471,0.0,0.12918825561312608,EMPIRICAL_RECONSTRUCTED_HISTORY,0897c49705a05c04d65f1c02a830bc8446166ee6750153b629f2f4c40766b03b,4a14b3fdf51d13786a2e905526f21d4fe7601226e01da29583be8ff3210a7041,work/market-distribution-v1/artifacts/4a14b3fdf51d13786a2e905526f21d4fe7601226e01da29583be8ff3210a7041.json,-1.0,44.5,False,False,none,False,0.23937823834196892,0.0,eec35edb10ded38f
891e825a511409dbd9af4ef9,2026-09-06T21:08:59.798485+00:00,eec35edb10ded38f0500e83e9aaf8252f63479442c90d3b0d1ad36855ebf8efe,7e09efed7e12c659b82740b67ce2f9a1,1,2026-09-13T17:00:00Z,Houston Texans,Buffalo Bills,totals,alternate_totals,,60.5,Over,60.5,fanduel,600,7.0,0.09846204659455823,1.191259586133878,2026-09-06T21:08:49Z,10.798485,conditional_non_push,0.12918825561312608,consensus_plus_empirical_residual_model,live_snapshot_not_T60,pinnacle,ce63fc34e29ab5acc41aa79e,0.09690220044594325,0.09690220044594325,931.9683096957623,-331.9683096957623,2,OK,600,fanduel,600,False,False,44.5,closest_offered_consensus_to_50pct_no_interpolation,0.12918825561312608,-74.06417112299471,0.0,0.12918825561312608,EMPIRICAL_RECONSTRUCTED_HISTORY,0897c49705a05c04d65f1c02a830bc8446166ee6750153b629f2f4c40766b03b,4a14b3fdf51d13786a2e905526f21d4fe7601226e01da29583be8ff3210a7041,work/market-distribution-v1/artifacts/4a14b3fdf51d13786a2e905526f21d4fe7601226e01da29583be8ff3210a7041.json,-1.0,44.5,False,False,none,False,0.23937823834196892,0.0,eec35edb10ded38f
e0fdd71280384f093c060f28,2026-09-06T21:08:59.798485+00:00,eec35edb10ded38f0500e83e9aaf8252f63479442c90d3b0d1ad36855ebf8efe,7e09efed7e12c659b82740b67ce2f9a1,1,2026-09-13T17:00:00Z,Houston Texans,Buffalo Bills,totals,alternate_totals,,60.5,Under,60.5,draftkings,-1180,1.0847457627118644,0.9046576457026718,1.231764844022916,2026-09-06T21:08:19Z,40.798485,conditional_non_push,0.8708117443868739,consensus_plus_empirical_residual_model,live_snapshot_not_T60,pinnacle,ce63fc34e29ab5acc41aa79e,0.9030977995540568,0.9030977995540568,-931.9683096957626,-248.03169030423737,2,OK,-1100,fanduel,-1100,False,False,44.5,closest_offered_consensus_to_50pct_no_interpolation,0.8708117443868739,-505.9358288770053,0.0,0.8708117443868739,EMPIRICAL_RECONSTRUCTED_HISTORY,0897c49705a05c04d65f1c02a830bc8446166ee6750153b629f2f4c40766b03b,4a14b3fdf51d13786a2e905526f21d4fe7601226e01da29583be8ff3210a7041,work/market-distribution-v1/artifacts/4a14b3fdf51d13786a2e905526f21d4fe7601226e01da29583be8ff3210a7041.json,-1.0,44.5,False,False,none,False,0.9350604490500863,0.0,eec35edb10ded38f
dbc5f47760e40ce732ca6929,2026-09-06T21:08:59.798485+00:00,eec35edb10ded38f0500e83e9aaf8252f63479442c90d3b0d1ad36855ebf8efe,7e09efed7e12c659b82740b67ce2f9a1,1,2026-09-13T17:00:00Z,Houston Texans,Buffalo Bills,totals,alternate_totals,,60.5,Under,60.5,fanduel,-1100,1.0909090909090908,0.9015379534054418,1.191259586133878,2026-09-06T21:08:49Z,10.798485,conditional_non_push,0.8708117443868739,consensus_plus_empirical_residual_model,live_snapshot_not_T60,pinnacle,ce63fc34e29ab5acc41aa79e,0.9030977995540568,0.9030977995540568,-931.9683096957626,-168.03169030423737,2,OK,-1100,fanduel,-1100,False,False,44.5,closest_offered_consensus_to_50pct_no_interpolation,0.8708117443868739,-425.9358288770053,0.0,0.8708117443868739,EMPIRICAL_RECONSTRUCTED_HISTORY,0897c49705a05c04d65f1c02a830bc8446166ee6750153b629f2f4c40766b03b,4a14b3fdf51d13786a2e905526f21d4fe7601226e01da29583be8ff3210a7041,work/market-distribution-v1/artifacts/4a14b3fdf51d13786a2e905526f21d4fe7601226e01da29583be8ff3210a7041.json,-1.0,44.5,False,False,none,False,0.9350604490500863,0.0,eec35edb10ded38f
0599ae2b547b4a115a4e47bd,2026-09-06T21:08:59.798485+00:00,eec35edb10ded38f0500e83e9aaf8252f63479442c90d3b0d1ad36855ebf8efe,7e09efed7e12c659b82740b67ce2f9a1,1,2026-09-13T17:00:00Z,Houston Texans,Buffalo Bills,totals,alternate_totals,,61.5,Over,61.5,draftkings,660,7.6,0.0772833195661089,1.2623717908050192,2026-09-06T21:08:19Z,40.798485,conditional_non_push,0.11468048359240068,consensus_plus_empirical_residual_model,live_snapshot_not_T60,pinnacle,8d400600b7ea1f0339aaa85b,0.07912386093561313,0.07912386093561313,1163.841258724404,-503.84125872440404,2,OK,680,fanduel,680,False,False,44.5,closest_offered_consensus_to_50pct_no_interpolation,0.11468048359240068,-111.98795180722891,0.0,0.11468048359240068,EMPIRICAL_RECONSTRUCTED_HISTORY,0897c49705a05c04d65f1c02a830bc8446166ee6750153b629f2f4c40766b03b,4a14b3fdf51d13786a2e905526f21d4fe7601226e01da29583be8ff3210a7041,work/market-distribution-v1/artifacts/4a14b3fdf51d13786a2e905526f21d4fe7601226e01da29583be8ff3210a7041.json,-1.0,44.5,False,False,none,False,0.22037996545768568,0.0,eec35edb10ded38f
1ecd96b95caff3acb2a1c2fd,2026-09-06T21:08:59.798485+00:00,eec35edb10ded38f0500e83e9aaf8252f63479442c90d3b0d1ad36855ebf8efe,7e09efed7e12c659b82740b67ce2f9a1,1,2026-09-13T17:00:00Z,Houston Texans,Buffalo Bills,totals,alternate_totals,,61.5,Over,61.5,fanduel,680,7.8,0.08096440230511735,1.2237557345683783,2026-09-06T21:08:49Z,10.798485,conditional_non_push,0.11468048359240068,consensus_plus_empirical_residual_model,live_snapshot_not_T60,pinnacle,8d400600b7ea1f0339aaa85b,0.07912386093561313,0.07912386093561313,1163.841258724404,-483.84125872440404,2,OK,680,fanduel,680,False,False,44.5,closest_offered_consensus_to_50pct_no_interpolation,0.11468048359240068,-91.98795180722891,0.0,0.11468048359240068,EMPIRICAL_RECONSTRUCTED_HISTORY,0897c49705a05c04d65f1c02a830bc8446166ee6750153b629f2f4c40766b03b,4a14b3fdf51d13786a2e905526f21d4fe7601226e01da29583be8ff3210a7041,work/market-distribution-v1/artifacts/4a14b3fdf51d13786a2e905526f21d4fe7601226e01da29583be8ff3210a7041.json,-1.0,44.5,False,False,none,False,0.22037996545768568,0.0,eec35edb10ded38f
a05611638dc2fa46f448e1dc,2026-09-06T21:08:59.798485+00:00,eec35edb10ded38f0500e83e9aaf8252f63479442c90d3b0d1ad36855ebf8efe,7e09efed7e12c659b82740b67ce2f9a1,1,2026-09-13T17:00:00Z,Houston Texans,Buffalo Bills,totals,alternate_totals,,61.5,Under,61.5,draftkings,-1520,1.0657894736842106,0.9227166804338912,1.2623717908050192,2026-09-06T21:08:19Z,40.798485,conditional_non_push,0.8853195164075993,consensus_plus_empirical_residual_model,live_snapshot_not_T60,pinnacle,8d400600b7ea1f0339aaa85b,0.9208761390643869,0.9208761390643869,-1163.841258724405,-356.15874127559505,2,OK,-1400,fanduel,-1400,False,False,44.5,closest_offered_consensus_to_50pct_no_interpolation,0.8853195164075993,-748.0120481927711,0.0,0.8853195164075993,EMPIRICAL_RECONSTRUCTED_HISTORY,0897c49705a05c04d65f1c02a830bc8446166ee6750153b629f2f4c40766b03b,4a14b3fdf51d13786a2e905526f21d4fe7601226e01da29583be8ff3210a7041,work/market-distribution-v1/artifacts/4a14b3fdf51d13786a2e905526f21d4fe7601226e01da29583be8ff3210a7041.json,-1.0,44.5,False,False,none,False,0.9426597582037997,0.0,eec35edb10ded38f
13c31de2b631d48b92fb41dd,2026-09-06T21:08:59.798485+00:00,eec35edb10ded38f0500e83e9aaf8252f63479442c90d3b0d1ad36855ebf8efe,7e09efed7e12c659b82740b67ce2f9a1,1,2026-09-13T17:00:00Z,Houston Texans,Buffalo Bills,totals,alternate_totals,,61.5,Under,61.5,fanduel,-1400,1.0714285714285714,0.9190355976948827,1.2237557345683783,2026-09-06T21:08:49Z,10.798485,conditional_non_push,0.8853195164075993,consensus_plus_empirical_residual_model,live_snapshot_not_T60,pinnacle,8d400600b7ea1f0339aaa85b,0.9208761390643869,0.9208761390643869,-1163.841258724405,-236.15874127559505,2,OK,-1400,fanduel,-1400,False,False,44.5,closest_offered_consensus_to_50pct_no_interpolation,0.8853195164075993,-628.0120481927711,0.0,0.8853195164075993,EMPIRICAL_RECONSTRUCTED_HISTORY,0897c49705a05c04d65f1c02a830bc8446166ee6750153b629f2f4c40766b03b,4a14b3fdf51d13786a2e905526f21d4fe7601226e01da29583be8ff3210a7041,work/market-distribution-v1/artifacts/4a14b3fdf51d13786a2e905526f21d4fe7601226e01da29583be8ff3210a7041.json,-1.0,44.5,False,False,none,False,0.9426597582037997,0.0,eec35edb10ded38f
fee6a1a83539fd6b17f4322b,2026-09-06T21:08:59.798485+00:00,eec35edb10ded38f0500e83e9aaf8252f63479442c90d3b0d1ad36855ebf8efe,7e09efed7e12c659b82740b67ce2f9a1,1,2026-09-13T17:00:00Z,Houston Texans,Buffalo Bills,totals,alternate_totals,,62.5,Over,62.5,draftkings,720,8.2,0.06605911724736901,1.291365009443985,2026-09-06T21:08:19Z,40.798485,conditional_non_push,0.10293609671848014,consensus_plus_empirical_residual_model,live_snapshot_not_T60,pinnacle,c12d9c23c171844c43163e03,0.06896531835796604,0.06896531835796604,1350.0041815358227,-630.0041815358227,2,OK,750,fanduel,750,False,False,44.5,closest_offered_consensus_to_50pct_no_interpolation,0.10293609671848014,-151.47651006711408,0.0,0.10293609671848014,EMPIRICAL_RECONSTRUCTED_HISTORY,0897c49705a05c04d65f1c02a830bc8446166ee6750153b629f2f4c40766b03b,4a14b3fdf51d13786a2e905526f21d4fe7601226e01da29583be8ff3210a7041,work/market-distribution-v1/artifacts/4a14b3fdf51d13786a2e905526f21d4fe7601226e01da29583be8ff3210a7041.json,-1.0,44.5,False,False,none,False,0.2006908462867012,0.0,eec35edb10ded38f
1a21bd29268e83c6092f2b15,2026-09-06T21:08:59.798485+00:00,eec35edb10ded38f0500e83e9aaf8252f63479442c90d3b0d1ad36855ebf8efe,7e09efed7e12c659b82740b67ce2f9a1,1,2026-09-13T17:00:00Z,Houston Texans,Buffalo Bills,totals,alternate_totals,,62.5,Over,62.5,fanduel,750,8.5,0.0718715194685631,1.230277479608839,2026-09-06T21:08:49Z,10.798485,conditional_non_push,0.10293609671848014,consensus_plus_empirical_residual_model,live_snapshot_not_T60,pinnacle,c12d9c23c171844c43163e03,0.06896531835796604,0.06896531835796604,1350.0041815358227,-600.0041815358227,2,OK,750,fanduel,750,False,False,44.5,closest_offered_consensus_to_50pct_no_interpolation,0.10293609671848014,-121.47651006711408,0.0,0.10293609671848014,EMPIRICAL_RECONSTRUCTED_HISTORY,0897c49705a05c04d65f1c02a830bc8446166ee6750153b629f2f4c40766b03b,4a14b3fdf51d13786a2e905526f21d4fe7601226e01da29583be8ff3210a7041,work/market-distribution-v1/artifacts/4a14b3fdf51d13786a2e905526f21d4fe7601226e01da29583be8ff3210a7041.json,-1.0,44.5,False,False,none,False,0.2006908462867012,0.0,eec35edb10ded38f
ff848aff0f7700610045a8c5,2026-09-06T21:08:59.798485+00:00,eec35edb10ded38f0500e83e9aaf8252f63479442c90d3b0d1ad36855ebf8efe,7e09efed7e12c659b82740b67ce2f9a1,1,2026-09-13T17:00:00Z,Houston Texans,Buffalo Bills,totals,alternate_totals,,62.5,Under,62.5,draftkings,-1840,1.0543478260869565,0.9339408827526311,1.291365009443985,2026-09-06T21:08:19Z,40.798485,conditional_non_push,0.8970639032815199,consensus_plus_empirical_residual_model,live_snapshot_not_T60,pinnacle,c12d9c23c171844c43163e03,0.9310346816420338,0.9310346816420338,-1350.0041815358202,-489.9958184641798,2,OK,-1600,fanduel,-1600,False,False,44.5,closest_offered_consensus_to_50pct_no_interpolation,0.8970639032815199,-968.5234899328859,0.0,0.8970639032815199,EMPIRICAL_RECONSTRUCTED_HISTORY,0897c49705a05c04d65f1c02a830bc8446166ee6750153b629f2f4c40766b03b,4a14b3fdf51d13786a2e905526f21d4fe7601226e01da29583be8ff3210a7041,work/market-distribution-v1/artifacts/4a14b3fdf51d13786a2e905526f21d4fe7601226e01da29583be8ff3210a7041.json,-1.0,44.5,False,False,none,False,0.9478411053540587,0.0,eec35edb10ded38f
e1a7a1d5dc881f248f33fb10,2026-09-06T21:08:59.798485+00:00,eec35edb10ded38f0500e83e9aaf8252f63479442c90d3b0d1ad36855ebf8efe,7e09efed7e12c659b82740b67ce2f9a1,1,2026-09-13T17:00:00Z,Houston Texans,Buffalo Bills,totals,alternate_totals,,62.5,Under,62.5,fanduel,-1600,1.0625,0.928128480531437,1.230277479608839,2026-09-06T21:08:49Z,10.798485,conditional_non_push,0.8970639032815199,consensus_plus_empirical_residual_model,live_snapshot_not_T60,pinnacle,c12d9c23c171844c43163e03,0.9310346816420338,0.9310346816420338,-1350.0041815358202,-249.99581846417982,2,OK,-1600,fanduel,-1600,False,False,44.5,closest_offered_consensus_to_50pct_no_interpolation,0.8970639032815199,-728.5234899328859,0.0,0.8970639032815199,EMPIRICAL_RECONSTRUCTED_HISTORY,0897c49705a05c04d65f1c02a830bc8446166ee6750153b629f2f4c40766b03b,4a14b3fdf51d13786a2e905526f21d4fe7601226e01da29583be8ff3210a7041,work/market-distribution-v1/artifacts/4a14b3fdf51d13786a2e905526f21d4fe7601226e01da29583be8ff3210a7041.json,-1.0,44.5,False,False,none,False,0.9478411053540587,0.0,eec35edb10ded38f
bed526c98da69079c2219565,2026-09-06T21:08:59.798485+00:00,eec35edb10ded38f0500e83e9aaf8252f63479442c90d3b0d1ad36855ebf8efe,7e09efed7e12c659b82740b67ce2f9a1,1,2026-09-13T17:00:00Z,Houston Texans,Buffalo Bills,totals,alternate_totals,,63.5,Over,63.5,draftkings,800,9.0,0.05308435307046933,1.336173413289882,2026-09-06T21:08:19Z,40.798485,conditional_non_push,0.0918825561312608,consensus_plus_empirical_residual_model,live_snapshot_not_T60,pinnacle,852080deaeb06463c72aacf7,0.054103498825777474,0.054103498825777474,1748.3092992195775,-948.3092992195775,2,OK,870,fanduel,870,False,False,44.5,closest_offered_consensus_to_50pct_no_interpolation,0.0918825561312608,-188.345864661654,0.0,0.0918825561312608,EMPIRICAL_RECONSTRUCTED_HISTORY,0897c49705a05c04d65f1c02a830bc8446166ee6750153b629f2f4c40766b03b,4a14b3fdf51d13786a2e905526f21d4fe7601226e01da29583be8ff3210a7041,work/market-distribution-v1/artifacts/4a14b3fdf51d13786a2e905526f21d4fe7601226e01da29583be8ff3210a7041.json,-1.0,44.5,False,False,none,False,0.18238341968911917,0.0,eec35edb10ded38f
fa446285076b50e5daabb43d,2026-09-06T21:08:59.798485+00:00,eec35edb10ded38f0500e83e9aaf8252f63479442c90d3b0d1ad36855ebf8efe,7e09efed7e12c659b82740b67ce2f9a1,1,2026-09-13T17:00:00Z,Houston Texans,Buffalo Bills,totals,alternate_totals,,63.5,Over,63.5,fanduel,870,9.7,0.05512264458108564,1.2755431788789866,2026-09-06T21:08:49Z,10.798485,conditional_non_push,0.0918825561312608,consensus_plus_empirical_residual_model,live_snapshot_not_T60,pinnacle,852080deaeb06463c72aacf7,0.054103498825777474,0.054103498825777474,1748.3092992195775,-878.3092992195775,2,OK,870,fanduel,870,False,False,44.5,closest_offered_consensus_to_50pct_no_interpolation,0.0918825561312608,-118.34586466165399,0.0,0.0918825561312608,EMPIRICAL_RECONSTRUCTED_HISTORY,0897c49705a05c04d65f1c02a830bc8446166ee6750153b629f2f4c40766b03b,4a14b3fdf51d13786a2e905526f21d4fe7601226e01da29583be8ff3210a7041,work/market-distribution-v1/artifacts/4a14b3fdf51d13786a2e905526f21d4fe7601226e01da29583be8ff3210a7041.json,-1.0,44.5,False,False,none,False,0.18238341968911917,0.0,eec35edb10ded38f
2766955b38d38df8d45574e9,2026-09-06T21:08:59.798485+00:00,eec35edb10ded38f0500e83e9aaf8252f63479442c90d3b0d1ad36855ebf8efe,7e09efed7e12c659b82740b67ce2f9a1,1,2026-09-13T17:00:00Z,Houston Texans,Buffalo Bills,totals,alternate_totals,,63.5,Under,63.5,draftkings,-2400,1.0416666666666667,0.9469156469295308,1.336173413289882,2026-09-06T21:08:19Z,40.798485,conditional_non_push,0.9081174438687392,consensus_plus_empirical_residual_model,live_snapshot_not_T60,pinnacle,852080deaeb06463c72aacf7,0.9458965011742224,0.9458965011742224,-1748.3092992195736,-651.6907007804264,2,OK,-2200,fanduel,-2200,False,False,44.5,closest_offered_consensus_to_50pct_no_interpolation,0.9081174438687392,-1411.6541353383464,0.0,0.9081174438687392,EMPIRICAL_RECONSTRUCTED_HISTORY,0897c49705a05c04d65f1c02a830bc8446166ee6750153b629f2f4c40766b03b,4a14b3fdf51d13786a2e905526f21d4fe7601226e01da29583be8ff3210a7041,work/market-distribution-v1/artifacts/4a14b3fdf51d13786a2e905526f21d4fe7601226e01da29583be8ff3210a7041.json,-1.0,44.5,False,False,none,False,0.9544041450777202,0.0,eec35edb10ded38f
790ba8445ca99c8f45f4a39f,2026-09-06T21:08:59.798485+00:00,eec35edb10ded38f0500e83e9aaf8252f63479442c90d3b0d1ad36855ebf8efe,7e09efed7e12c659b82740b67ce2f9a1,1,2026-09-13T17:00:00Z,Houston Texans,Buffalo Bills,totals,alternate_totals,,63.5,Under,63.5,fanduel,-2200,1.0454545454545454,0.9448773554189145,1.2755431788789866,2026-09-06T21:08:49Z,10.798485,conditional_non_push,0.9081174438687392,consensus_plus_empirical_residual_model,live_snapshot_not_T60,pinnacle,852080deaeb06463c72aacf7,0.9458965011742224,0.9458965011742224,-1748.3092992195736,-451.69070078042637,2,OK,-2200,fanduel,-2200,False,False,44.5,closest_offered_consensus_to_50pct_no_interpolation,0.9081174438687392,-1211.6541353383464,0.0,0.9081174438687392,EMPIRICAL_RECONSTRUCTED_HISTORY,0897c49705a05c04d65f1c02a830bc8446166ee6750153b629f2f4c40766b03b,4a14b3fdf51d13786a2e905526f21d4fe7601226e01da29583be8ff3210a7041,work/market-distribution-v1/artifacts/4a14b3fdf51d13786a2e905526f21d4fe7601226e01da29583be8ff3210a7041.json,-1.0,44.5,False,False,none,False,0.9544041450777202,0.0,eec35edb10ded38f
f01708a9dce2a8c30f8631f4,2026-09-06T21:08:59.798485+00:00,eec35edb10ded38f0500e83e9aaf8252f63479442c90d3b0d1ad36855ebf8efe,7e09efed7e12c659b82740b67ce2f9a1,1,2026-09-13T17:00:00Z,Houston Texans,Buffalo Bills,totals,alternate_totals,,64.5,Over,64.5,draftkings,870,9.7,0.04405813996982654,1.3741514826521675,2026-09-06T21:08:19Z,40.798485,conditional_non_push,0.08151986183074265,consensus_plus_empirical_residual_model,live_snapshot_not_T60,pinnacle,8a99346f7921e0ff55d9a9be,0.04693366115421121,0.04693366115421121,2030.66693585713,-1160.66693585713,2,OK,900,fanduel,900,False,False,44.5,closest_offered_consensus_to_50pct_no_interpolation,0.08151986183074265,-256.69491525423723,0.0,0.08151986183074265,EMPIRICAL_RECONSTRUCTED_HISTORY,0897c49705a05c04d65f1c02a830bc8446166ee6750153b629f2f4c40766b03b,4a14b3fdf51d13786a2e905526f21d4fe7601226e01da29583be8ff3210a7041,work/market-distribution-v1/artifacts/4a14b3fdf51d13786a2e905526f21d4fe7601226e01da29583be8ff3210a7041.json,-1.0,44.5,False,False,none,False,0.16062176165803108,0.0,eec35edb10ded38f
4ef8b13b6dee55505fbf8e29,2026-09-06T21:08:59.798485+00:00,eec35edb10ded38f0500e83e9aaf8252f63479442c90d3b0d1ad36855ebf8efe,7e09efed7e12c659b82740b67ce2f9a1,1,2026-09-13T17:00:00Z,Houston Texans,Buffalo Bills,totals,alternate_totals,,64.5,Over,64.5,fanduel,900,10.0,0.0498091823385959,1.302690587533839,2026-09-06T21:08:49Z,10.798485,conditional_non_push,0.08151986183074265,consensus_plus_empirical_residual_model,live_snapshot_not_T60,pinnacle,8a99346f7921e0ff55d9a9be,0.04693366115421121,0.04693366115421121,2030.66693585713,-1130.66693585713,2,OK,900,fanduel,900,False,False,44.5,closest_offered_consensus_to_50pct_no_interpolation,0.08151986183074265,-226.69491525423723,0.0,0.08151986183074265,EMPIRICAL_RECONSTRUCTED_HISTORY,0897c49705a05c04d65f1c02a830bc8446166ee6750153b629f2f4c40766b03b,4a14b3fdf51d13786a2e905526f21d4fe7601226e01da29583be8ff3210a7041,work/market-distribution-v1/artifacts/4a14b3fdf51d13786a2e905526f21d4fe7601226e01da29583be8ff3210a7041.json,-1.0,44.5,False,False,none,False,0.16062176165803108,0.0,eec35edb10ded38f
99c32fb95a57a4e811295100,2026-09-06T21:08:59.798485+00:00,eec35edb10ded38f0500e83e9aaf8252f63479442c90d3b0d1ad36855ebf8efe,7e09efed7e12c659b82740b67ce2f9a1,1,2026-09-13T17:00:00Z,Houston Texans,Buffalo Bills,totals,alternate_totals,,64.5,Under,64.5,draftkings,-3000,1.0333333333333334,0.9559418600301736,1.3741514826521675,2026-09-06T21:08:19Z,40.798485,conditional_non_push,0.9184801381692573,consensus_plus_empirical_residual_model,live_snapshot_not_T60,pinnacle,8a99346f7921e0ff55d9a9be,0.9530663388457887,0.9530663388457887,-2030.666935857127,-969.3330641428729,2,OK,-2500,fanduel,-2500,False,False,44.5,closest_offered_consensus_to_50pct_no_interpolation,0.9184801381692573,-1873.305084745763,0.0,0.9184801381692573,EMPIRICAL_RECONSTRUCTED_HISTORY,0897c49705a05c04d65f1c02a830bc8446166ee6750153b629f2f4c40766b03b,4a14b3fdf51d13786a2e905526f21d4fe7601226e01da29583be8ff3210a7041,work/market-distribution-v1/artifacts/4a14b3fdf51d13786a2e905526f21d4fe7601226e01da29583be8ff3210a7041.json,-1.0,44.5,False,False,none,False,0.957167530224525,0.0,eec35edb10ded38f
f48aa963cc9d89d3e9a980ec,2026-09-06T21:08:59.798485+00:00,eec35edb10ded38f0500e83e9aaf8252f63479442c90d3b0d1ad36855ebf8efe,7e09efed7e12c659b82740b67ce2f9a1,1,2026-09-13T17:00:00Z,Houston Texans,Buffalo Bills,totals,alternate_totals,,64.5,Under,64.5,fanduel,-2500,1.04,0.9501908176614043,1.302690587533839,2026-09-06T21:08:49Z,10.798485,conditional_non_push,0.9184801381692573,consensus_plus_empirical_residual_model,live_snapshot_not_T60,pinnacle,8a99346f7921e0ff55d9a9be,0.9530663388457887,0.9530663388457887,-2030.666935857127,-469.3330641428729,2,OK,-2500,fanduel,-2500,False,False,44.5,closest_offered_consensus_to_50pct_no_interpolation,0.9184801381692573,-1373.305084745763,0.0,0.9184801381692573,EMPIRICAL_RECONSTRUCTED_HISTORY,0897c49705a05c04d65f1c02a830bc8446166ee6750153b629f2f4c40766b03b,4a14b3fdf51d13786a2e905526f21d4fe7601226e01da29583be8ff3210a7041,work/market-distribution-v1/artifacts/4a14b3fdf51d13786a2e905526f21d4fe7601226e01da29583be8ff3210a7041.json,-1.0,44.5,False,False,none,False,0.957167530224525,0.0,eec35edb10ded38f
818aff9400239e7037d9d009,2026-09-06T21:08:59.798485+00:00,eec35edb10ded38f0500e83e9aaf8252f63479442c90d3b0d1ad36855ebf8efe,7e09efed7e12c659b82740b67ce2f9a1,1,2026-09-13T17:00:00Z,Houston Texans,Buffalo Bills,totals,alternate_totals,,65.5,Over,65.5,draftkings,1000,11.0,0.030746521027032674,1.4520977909093102,2026-09-06T21:08:19Z,40.798485,conditional_non_push,0.07219343696027633,consensus_plus_empirical_residual_model,live_snapshot_not_T60,pinnacle,8fe46ef6ce2c066b3e77ba17,0.03394395499138552,0.03394395499138552,2846.032659581906,-1846.032659581906,2,OK,1060,fanduel,1060,False,False,44.5,closest_offered_consensus_to_50pct_no_interpolation,0.07219343696027633,-285.1674641148327,0.0,0.07219343696027633,EMPIRICAL_RECONSTRUCTED_HISTORY,0897c49705a05c04d65f1c02a830bc8446166ee6750153b629f2f4c40766b03b,4a14b3fdf51d13786a2e905526f21d4fe7601226e01da29583be8ff3210a7041,work/market-distribution-v1/artifacts/4a14b3fdf51d13786a2e905526f21d4fe7601226e01da29583be8ff3210a7041.json,-1.0,44.5,False,False,none,False,0.14404145077720207,0.0,eec35edb10ded38f
64e64308bcd17e1da1a41713,2026-09-06T21:08:59.798485+00:00,eec35edb10ded38f0500e83e9aaf8252f63479442c90d3b0d1ad36855ebf8efe,7e09efed7e12c659b82740b67ce2f9a1,1,2026-09-13T17:00:00Z,Houston Texans,Buffalo Bills,totals,alternate_totals,,65.5,Over,65.5,fanduel,1060,11.6,0.037141388955738375,1.3435399740514984,2026-09-06T21:08:49Z,10.798485,conditional_non_push,0.07219343696027633,consensus_plus_empirical_residual_model,live_snapshot_not_T60,pinnacle,8fe46ef6ce2c066b3e77ba17,0.03394395499138552,0.03394395499138552,2846.032659581906,-1786.032659581906,2,OK,1060,fanduel,1060,False,False,44.5,closest_offered_consensus_to_50pct_no_interpolation,0.07219343696027633,-225.16746411483268,0.0,0.07219343696027633,EMPIRICAL_RECONSTRUCTED_HISTORY,0897c49705a05c04d65f1c02a830bc8446166ee6750153b629f2f4c40766b03b,4a14b3fdf51d13786a2e905526f21d4fe7601226e01da29583be8ff3210a7041,work/market-distribution-v1/artifacts/4a14b3fdf51d13786a2e905526f21d4fe7601226e01da29583be8ff3210a7041.json,-1.0,44.5,False,False,none,False,0.14404145077720207,0.0,eec35edb10ded38f
4afd2d33ff8489e15befd857,2026-09-06T21:08:59.798485+00:00,eec35edb10ded38f0500e83e9aaf8252f63479442c90d3b0d1ad36855ebf8efe,7e09efed7e12c659b82740b67ce2f9a1,1,2026-09-13T17:00:00Z,Houston Texans,Buffalo Bills,totals,alternate_totals,,65.5,Under,65.5,draftkings,-4600,1.0217391304347827,0.9692534789729674,1.4520977909093102,2026-09-06T21:08:19Z,40.798485,conditional_non_push,0.9278065630397236,consensus_plus_empirical_residual_model,live_snapshot_not_T60,pinnacle,8fe46ef6ce2c066b3e77ba17,0.9660560450086144,0.9660560450086144,-2846.0326595819006,-1753.9673404180994,2,OK,-3500,fanduel,-3500,False,False,44.5,closest_offered_consensus_to_50pct_no_interpolation,0.9278065630397236,-3314.832535885168,0.0,0.9278065630397236,EMPIRICAL_RECONSTRUCTED_HISTORY,0897c49705a05c04d65f1c02a830bc8446166ee6750153b629f2f4c40766b03b,4a14b3fdf51d13786a2e905526f21d4fe7601226e01da29583be8ff3210a7041,work/market-distribution-v1/artifacts/4a14b3fdf51d13786a2e905526f21d4fe7601226e01da29583be8ff3210a7041.json,-1.0,44.5,False,False,none,False,0.9640759930915371,0.0,eec35edb10ded38f
fd9c1f9aca3de20328fd3da7,2026-09-06T21:08:59.798485+00:00,eec35edb10ded38f0500e83e9aaf8252f63479442c90d3b0d1ad36855ebf8efe,7e09efed7e12c659b82740b67ce2f9a1,1,2026-09-13T17:00:00Z,Houston Texans,Buffalo Bills,totals,alternate_totals,,65.5,Under,65.5,fanduel,-3500,1.0285714285714285,0.9628586110442617,1.3435399740514984,2026-09-06T21:08:49Z,10.798485,conditional_non_push,0.9278065630397236,consensus_plus_empirical_residual_model,live_snapshot_not_T60,pinnacle,8fe46ef6ce2c066b3e77ba17,0.9660560450086144,0.9660560450086144,-2846.0326595819006,-653.9673404180994,2,OK,-3500,fanduel,-3500,False,False,44.5,closest_offered_consensus_to_50pct_no_interpolation,0.9278065630397236,-2214.832535885168,0.0,0.9278065630397236,EMPIRICAL_RECONSTRUCTED_HISTORY,0897c49705a05c04d65f1c02a830bc8446166ee6750153b629f2f4c40766b03b,4a14b3fdf51d13786a2e905526f21d4fe7601226e01da29583be8ff3210a7041,work/market-distribution-v1/artifacts/4a14b3fdf51d13786a2e905526f21d4fe7601226e01da29583be8ff3210a7041.json,-1.0,44.5,False,False,none,False,0.9640759930915371,0.0,eec35edb10ded38f
6ea1b0ad6a082bbac213cb6a,2026-09-06T21:08:59.798485+00:00,eec35edb10ded38f0500e83e9aaf8252f63479442c90d3b0d1ad36855ebf8efe,7e09efed7e12c659b82740b67ce2f9a1,1,2026-09-13T17:00:00Z,Houston Texans,Buffalo Bills,totals,alternate_totals,,66.5,Over,66.5,draftkings,1080,11.8,0.022004186107477466,1.5463406225907241,2026-09-06T21:08:19Z,40.798485,conditional_non_push,0.06493955094991365,consensus_plus_empirical_residual_model,live_snapshot_not_T60,pinnacle,520a34489f8a94c832675dac,0.027629850982755166,0.027629850982755166,3519.273953464815,-2439.273953464815,2,OK,1100,fanduel,1100,False,False,44.5,closest_offered_consensus_to_50pct_no_interpolation,0.06493955094991365,-359.89361702127667,0.0,0.06493955094991365,EMPIRICAL_RECONSTRUCTED_HISTORY,0897c49705a05c04d65f1c02a830bc8446166ee6750153b629f2f4c40766b03b,4a14b3fdf51d13786a2e905526f21d4fe7601226e01da29583be8ff3210a7041,work/market-distribution-v1/artifacts/4a14b3fdf51d13786a2e905526f21d4fe7601226e01da29583be8ff3210a7041.json,-1.0,44.5,False,False,none,False,0.12918825561312608,0.0,eec35edb10ded38f
498178cbd7a98c6936417d2b,2026-09-06T21:08:59.798485+00:00,eec35edb10ded38f0500e83e9aaf8252f63479442c90d3b0d1ad36855ebf8efe,7e09efed7e12c659b82740b67ce2f9a1,1,2026-09-13T17:00:00Z,Houston Texans,Buffalo Bills,totals,alternate_totals,,66.5,Over,66.5,fanduel,1100,12.0,0.033255515858032866,1.3696830967319413,2026-09-06T21:08:49Z,10.798485,conditional_non_push,0.06493955094991365,consensus_plus_empirical_residual_model,live_snapshot_not_T60,pinnacle,520a34489f8a94c832675dac,0.027629850982755166,0.027629850982755166,3519.273953464815,-2419.273953464815,2,OK,1100,fanduel,1100,False,False,44.5,closest_offered_consensus_to_50pct_no_interpolation,0.06493955094991365,-339.89361702127667,0.0,0.06493955094991365,EMPIRICAL_RECONSTRUCTED_HISTORY,0897c49705a05c04d65f1c02a830bc8446166ee6750153b629f2f4c40766b03b,4a14b3fdf51d13786a2e905526f21d4fe7601226e01da29583be8ff3210a7041,work/market-distribution-v1/artifacts/4a14b3fdf51d13786a2e905526f21d4fe7601226e01da29583be8ff3210a7041.json,-1.0,44.5,False,False,none,False,0.12918825561312608,0.0,eec35edb10ded38f
1cbe89d82d0ea6981166b612,2026-09-06T21:08:59.798485+00:00,eec35edb10ded38f0500e83e9aaf8252f63479442c90d3b0d1ad36855ebf8efe,7e09efed7e12c659b82740b67ce2f9a1,1,2026-09-13T17:00:00Z,Houston Texans,Buffalo Bills,totals,alternate_totals,,66.5,Under,66.5,draftkings,-6900,1.0144927536231885,0.9779958138925228,1.5463406225907241,2026-09-06T21:08:19Z,40.798485,conditional_non_push,0.9350604490500863,consensus_plus_empirical_residual_model,live_snapshot_not_T60,pinnacle,520a34489f8a94c832675dac,0.972370149017245,0.972370149017245,-3519.2739534648294,-3380.7260465351706,2,OK,-4000,fanduel,-4000,False,False,44.5,closest_offered_consensus_to_50pct_no_interpolation,0.9350604490500863,-5460.106382978724,0.0,0.9350604490500863,EMPIRICAL_RECONSTRUCTED_HISTORY,0897c49705a05c04d65f1c02a830bc8446166ee6750153b629f2f4c40766b03b,4a14b3fdf51d13786a2e905526f21d4fe7601226e01da29583be8ff3210a7041,work/market-distribution-v1/artifacts/4a14b3fdf51d13786a2e905526f21d4fe7601226e01da29583be8ff3210a7041.json,-1.0,44.5,False,False,none,False,0.968566493955095,0.0,eec35edb10ded38f
916abe7d272a01e7e38ff677,2026-09-06T21:08:59.798485+00:00,eec35edb10ded38f0500e83e9aaf8252f63479442c90d3b0d1ad36855ebf8efe,7e09efed7e12c659b82740b67ce2f9a1,1,2026-09-13T17:00:00Z,Houston Texans,Buffalo Bills,totals,alternate_totals,,66.5,Under,66.5,fanduel,-4000,1.025,0.9667444841419672,1.3696830967319413,2026-09-06T21:08:49Z,10.798485,conditional_non_push,0.9350604490500863,consensus_plus_empirical_residual_model,live_snapshot_not_T60,pinnacle,520a34489f8a94c832675dac,0.972370149017245,0.972370149017245,-3519.2739534648294,-480.72604653517055,2,OK,-4000,fanduel,-4000,False,False,44.5,closest_offered_consensus_to_50pct_no_interpolation,0.9350604490500863,-2560.1063829787236,0.0,0.9350604490500863,EMPIRICAL_RECONSTRUCTED_HISTORY,0897c49705a05c04d65f1c02a830bc8446166ee6750153b629f2f4c40766b03b,4a14b3fdf51d13786a2e905526f21d4fe7601226e01da29583be8ff3210a7041,work/market-distribution-v1/artifacts/4a14b3fdf51d13786a2e905526f21d4fe7601226e01da29583be8ff3210a7041.json,-1.0,44.5,False,False,none,False,0.968566493955095,0.0,eec35edb10ded38f
bac1b0b03d2d745b45db4e6a,2026-09-06T21:08:59.798485+00:00,eec35edb10ded38f0500e83e9aaf8252f63479442c90d3b0d1ad36855ebf8efe,7e09efed7e12c659b82740b67ce2f9a1,1,2026-09-13T17:00:00Z,Houston Texans,Buffalo Bills,totals,alternate_totals,,67.5,Over,67.5,draftkings,1180,12.8,0.016007875268338478,1.6217938399761325,2026-09-06T21:08:19Z,40.798485,conditional_non_push,0.05734024179620034,consensus_plus_empirical_residual_model,live_snapshot_not_T60,pinnacle,ae2102e55a6607c98112a44b,0.021401177447251313,0.021401177447251313,4572.640103399714,-3392.6401033997136,2,OK,1300,fanduel,1300,False,False,44.5,closest_offered_consensus_to_50pct_no_interpolation,0.05734024179620034,-463.9759036144578,0.0,0.05734024179620034,EMPIRICAL_RECONSTRUCTED_HISTORY,0897c49705a05c04d65f1c02a830bc8446166ee6750153b629f2f4c40766b03b,4a14b3fdf51d13786a2e905526f21d4fe7601226e01da29583be8ff3210a7041,work/market-distribution-v1/artifacts/4a14b3fdf51d13786a2e905526f21d4fe7601226e01da29583be8ff3210a7041.json,-1.0,44.5,False,False,none,False,0.11468048359240068,0.0,eec35edb10ded38f
9da859d205117262278b4a59,2026-09-06T21:08:59.798485+00:00,eec35edb10ded38f0500e83e9aaf8252f63479442c90d3b0d1ad36855ebf8efe,7e09efed7e12c659b82740b67ce2f9a1,1,2026-09-13T17:00:00Z,Houston Texans,Buffalo Bills,totals,alternate_totals,,67.5,Over,67.5,fanduel,1300,14.0,0.02679447962616415,1.371534962944137,2026-09-06T21:08:49Z,10.798485,conditional_non_push,0.05734024179620034,consensus_plus_empirical_residual_model,live_snapshot_not_T60,pinnacle,ae2102e55a6607c98112a44b,0.021401177447251313,0.021401177447251313,4572.640103399714,-3272.6401033997136,2,OK,1300,fanduel,1300,False,False,44.5,closest_offered_consensus_to_50pct_no_interpolation,0.05734024179620034,-343.9759036144578,0.0,0.05734024179620034,EMPIRICAL_RECONSTRUCTED_HISTORY,0897c49705a05c04d65f1c02a830bc8446166ee6750153b629f2f4c40766b03b,4a14b3fdf51d13786a2e905526f21d4fe7601226e01da29583be8ff3210a7041,work/market-distribution-v1/artifacts/4a14b3fdf51d13786a2e905526f21d4fe7601226e01da29583be8ff3210a7041.json,-1.0,44.5,False,False,none,False,0.11468048359240068,0.0,eec35edb10ded38f
37af35259d4344e0147de50b,2026-09-06T21:08:59.798485+00:00,eec35edb10ded38f0500e83e9aaf8252f63479442c90d3b0d1ad36855ebf8efe,7e09efed7e12c659b82740b67ce2f9a1,1,2026-09-13T17:00:00Z,Houston Texans,Buffalo Bills,totals,alternate_totals,,67.5,Under,67.5,draftkings,-10000,1.01,0.9839921247316616,1.6217938399761325,2026-09-06T21:08:19Z,40.798485,conditional_non_push,0.9426597582037997,consensus_plus_empirical_residual_model,live_snapshot_not_T60,pinnacle,ae2102e55a6607c98112a44b,0.9785988225527488,0.9785988225527488,-4572.640103399733,-5427.359896600267,2,OK,-5000,fanduel,-5000,False,False,44.5,closest_offered_consensus_to_50pct_no_interpolation,0.9426597582037997,-8356.024096385543,0.0,0.9426597582037997,EMPIRICAL_RECONSTRUCTED_HISTORY,0897c49705a05c04d65f1c02a830bc8446166ee6750153b629f2f4c40766b03b,4a14b3fdf51d13786a2e905526f21d4fe7601226e01da29583be8ff3210a7041,work/market-distribution-v1/artifacts/4a14b3fdf51d13786a2e905526f21d4fe7601226e01da29583be8ff3210a7041.json,-1.0,44.5,False,False,none,False,0.9734024179620034,0.0,eec35edb10ded38f
176580228f2c41a4c452e827,2026-09-06T21:08:59.798485+00:00,eec35edb10ded38f0500e83e9aaf8252f63479442c90d3b0d1ad36855ebf8efe,7e09efed7e12c659b82740b67ce2f9a1,1,2026-09-13T17:00:00Z,Houston Texans,Buffalo Bills,totals,alternate_totals,,67.5,Under,67.5,fanduel,-5000,1.02,0.9732055203738359,1.371534962944137,2026-09-06T21:08:49Z,10.798485,conditional_non_push,0.9426597582037997,consensus_plus_empirical_residual_model,live_snapshot_not_T60,pinnacle,ae2102e55a6607c98112a44b,0.9785988225527488,0.9785988225527488,-4572.640103399733,-427.35989660026735,2,OK,-5000,fanduel,-5000,False,False,44.5,closest_offered_consensus_to_50pct_no_interpolation,0.9426597582037997,-3356.024096385542,0.0,0.9426597582037997,EMPIRICAL_RECONSTRUCTED_HISTORY,0897c49705a05c04d65f1c02a830bc8446166ee6750153b629f2f4c40766b03b,4a14b3fdf51d13786a2e905526f21d4fe7601226e01da29583be8ff3210a7041,work/market-distribution-v1/artifacts/4a14b3fdf51d13786a2e905526f21d4fe7601226e01da29583be8ff3210a7041.json,-1.0,44.5,False,False,none,False,0.9734024179620034,0.0,eec35edb10ded38f
6cc6e0a4e853b87c20dba81b,2026-09-06T21:08:59.798485+00:00,eec35edb10ded38f0500e83e9aaf8252f63479442c90d3b0d1ad36855ebf8efe,7e09efed7e12c659b82740b67ce2f9a1,1,2026-09-13T17:00:00Z,Houston Texans,Buffalo Bills,totals,alternate_totals,,68.5,Over,68.5,draftkings,1280,13.8,0.01563954634281762,1.584181927925815,2026-09-06T21:08:19Z,40.798485,conditional_non_push,0.05215889464594128,consensus_plus_empirical_residual_model,live_snapshot_not_T60,pinnacle,924b4f45c2df6c288e66d9cf,0.01922533624928205,0.01922533624928205,5101.469493348102,-3821.4694933481023,2,OK,1400,fanduel,1400,False,False,44.5,closest_offered_consensus_to_50pct_no_interpolation,0.05215889464594128,-537.2185430463576,0.0,0.05215889464594128,EMPIRICAL_RECONSTRUCTED_HISTORY,0897c49705a05c04d65f1c02a830bc8446166ee6750153b629f2f4c40766b03b,4a14b3fdf51d13786a2e905526f21d4fe7601226e01da29583be8ff3210a7041,work/market-distribution-v1/artifacts/4a14b3fdf51d13786a2e905526f21d4fe7601226e01da29583be8ff3210a7041.json,-1.0,44.5,False,False,none,False,0.10293609671848014,0.0,eec35edb10ded38f
a0ec1bbb5b86608777974a74,2026-09-06T21:08:59.798485+00:00,eec35edb10ded38f0500e83e9aaf8252f63479442c90d3b0d1ad36855ebf8efe,7e09efed7e12c659b82740b67ce2f9a1,1,2026-09-13T17:00:00Z,Houston Texans,Buffalo Bills,totals,alternate_totals,,68.5,Over,68.5,fanduel,1400,15.0,0.022811126155746486,1.3960254027875676,2026-09-06T21:08:49Z,10.798485,conditional_non_push,0.05215889464594128,consensus_plus_empirical_residual_model,live_snapshot_not_T60,pinnacle,924b4f45c2df6c288e66d9cf,0.01922533624928205,0.01922533624928205,5101.469493348102,-3701.4694933481023,2,OK,1400,fanduel,1400,False,False,44.5,closest_offered_consensus_to_50pct_no_interpolation,0.05215889464594128,-417.2185430463576,0.0,0.05215889464594128,EMPIRICAL_RECONSTRUCTED_HISTORY,0897c49705a05c04d65f1c02a830bc8446166ee6750153b629f2f4c40766b03b,4a14b3fdf51d13786a2e905526f21d4fe7601226e01da29583be8ff3210a7041,work/market-distribution-v1/artifacts/4a14b3fdf51d13786a2e905526f21d4fe7601226e01da29583be8ff3210a7041.json,-1.0,44.5,False,False,none,False,0.10293609671848014,0.0,eec35edb10ded38f
0cacd2f65c0e8fd060bef7fd,2026-09-06T21:08:59.798485+00:00,eec35edb10ded38f0500e83e9aaf8252f63479442c90d3b0d1ad36855ebf8efe,7e09efed7e12c659b82740b67ce2f9a1,1,2026-09-13T17:00:00Z,Houston Texans,Buffalo Bills,totals,alternate_totals,,68.5,Under,68.5,draftkings,-10000,1.01,0.9843604536571825,1.584181927925815,2026-09-06T21:08:19Z,40.798485,conditional_non_push,0.9478411053540587,consensus_plus_empirical_residual_model,live_snapshot_not_T60,pinnacle,924b4f45c2df6c288e66d9cf,0.9807746637507179,0.9807746637507179,-5101.46949334808,-4898.53050665192,2,OK,-6000,fanduel,-6000,False,False,44.5,closest_offered_consensus_to_50pct_no_interpolation,0.9478411053540587,-8182.781456953641,0.0,0.9478411053540587,EMPIRICAL_RECONSTRUCTED_HISTORY,0897c49705a05c04d65f1c02a830bc8446166ee6750153b629f2f4c40766b03b,4a14b3fdf51d13786a2e905526f21d4fe7601226e01da29583be8ff3210a7041,work/market-distribution-v1/artifacts/4a14b3fdf51d13786a2e905526f21d4fe7601226e01da29583be8ff3210a7041.json,-1.0,44.5,False,False,none,False,0.9785837651122625,0.0,eec35edb10ded38f
4efce9dd030e40733061b95b,2026-09-06T21:08:59.798485+00:00,eec35edb10ded38f0500e83e9aaf8252f63479442c90d3b0d1ad36855ebf8efe,7e09efed7e12c659b82740b67ce2f9a1,1,2026-09-13T17:00:00Z,Houston Texans,Buffalo Bills,totals,alternate_totals,,68.5,Under,68.5,fanduel,-6000,1.0166666666666666,0.9771888738442537,1.3960254027875676,2026-09-06T21:08:49Z,10.798485,conditional_non_push,0.9478411053540587,consensus_plus_empirical_residual_model,live_snapshot_not_T60,pinnacle,924b4f45c2df6c288e66d9cf,0.9807746637507179,0.9807746637507179,-5101.46949334808,-898.5305066519204,2,OK,-6000,fanduel,-6000,False,False,44.5,closest_offered_consensus_to_50pct_no_interpolation,0.9478411053540587,-4182.781456953641,0.0,0.9478411053540587,EMPIRICAL_RECONSTRUCTED_HISTORY,0897c49705a05c04d65f1c02a830bc8446166ee6750153b629f2f4c40766b03b,4a14b3fdf51d13786a2e905526f21d4fe7601226e01da29583be8ff3210a7041,work/market-distribution-v1/artifacts/4a14b3fdf51d13786a2e905526f21d4fe7601226e01da29583be8ff3210a7041.json,-1.0,44.5,False,False,none,False,0.9785837651122625,0.0,eec35edb10ded38f
6664ae70dcf448cb537ad896,2026-09-06T21:08:59.798485+00:00,eec35edb10ded38f0500e83e9aaf8252f63479442c90d3b0d1ad36855ebf8efe,7e09efed7e12c659b82740b67ce2f9a1,1,2026-09-13T17:00:00Z,Houston Texans,Buffalo Bills,totals,alternate_totals,,69.5,Over,69.5,fanduel,1500,16.0,0.019852243395067852,1.4136385355001044,2026-09-06T21:08:49Z,10.798485,conditional_non_push,0.04559585492227979,consensus_plus_empirical_residual_model,live_snapshot_not_T60,pinnacle,83f825a82ae551d67c97a569,0.019852243395067852,0.019852243395067852,4937.214082557757,-3437.214082557757,1,FEWER_THAN_TWO_BOOKS,1500,fanduel,1500,False,False,44.5,closest_offered_consensus_to_50pct_no_interpolation,0.04559585492227979,-593.181818181818,0.0,0.04559585492227979,EMPIRICAL_RECONSTRUCTED_HISTORY,0897c49705a05c04d65f1c02a830bc8446166ee6750153b629f2f4c40766b03b,4a14b3fdf51d13786a2e905526f21d4fe7601226e01da29583be8ff3210a7041,work/market-distribution-v1/artifacts/4a14b3fdf51d13786a2e905526f21d4fe7601226e01da29583be8ff3210a7041.json,-1.0,44.5,False,False,none,False,0.0918825561312608,0.0,eec35edb10ded38f
95995cffe05456f38c87c2fc,2026-09-06T21:08:59.798485+00:00,eec35edb10ded38f0500e83e9aaf8252f63479442c90d3b0d1ad36855ebf8efe,7e09efed7e12c659b82740b67ce2f9a1,1,2026-09-13T17:00:00Z,Houston Texans,Buffalo Bills,totals,alternate_totals,,69.5,Under,69.5,fanduel,-7000,1.0142857142857142,0.9801477566049323,1.4136385355001044,2026-09-06T21:08:49Z,10.798485,conditional_non_push,0.9544041450777202,consensus_plus_empirical_residual_model,live_snapshot_not_T60,pinnacle,83f825a82ae551d67c97a569,0.9801477566049323,0.9801477566049323,-4937.2140825577835,-2062.7859174422165,1,FEWER_THAN_TWO_BOOKS,-7000,fanduel,-7000,False,False,44.5,closest_offered_consensus_to_50pct_no_interpolation,0.9544041450777202,-4906.818181818182,0.0,0.9544041450777202,EMPIRICAL_RECONSTRUCTED_HISTORY,0897c49705a05c04d65f1c02a830bc8446166ee6750153b629f2f4c40766b03b,4a14b3fdf51d13786a2e905526f21d4fe7601226e01da29583be8ff3210a7041,work/market-distribution-v1/artifacts/4a14b3fdf51d13786a2e905526f21d4fe7601226e01da29583be8ff3210a7041.json,-1.0,44.5,False,False,none,False,0.9803108808290155,0.0,eec35edb10ded38f
311a082e700d7625b8e24551,2026-09-06T21:08:59.798485+00:00,eec35edb10ded38f0500e83e9aaf8252f63479442c90d3b0d1ad36855ebf8efe,7e09efed7e12c659b82740b67ce2f9a1,1,2026-09-13T17:00:00Z,Houston Texans,Buffalo Bills,totals,alternate_totals,,70.5,Over,70.5,fanduel,1700,18.0,0.019209456738098048,1.3674201500086154,2026-09-06T21:08:49Z,10.798485,conditional_non_push,0.04283246977547495,consensus_plus_empirical_residual_model,live_snapshot_not_T60,pinnacle,7e18305ca78579320c0bd0aa,0.019209456738098044,0.019209456738098044,5105.769291833765,-3405.7692918337652,1,FEWER_THAN_TWO_BOOKS,1700,fanduel,1700,False,False,44.5,closest_offered_consensus_to_50pct_no_interpolation,0.04283246977547495,-534.677419354839,0.0,0.04283246977547495,EMPIRICAL_RECONSTRUCTED_HISTORY,0897c49705a05c04d65f1c02a830bc8446166ee6750153b629f2f4c40766b03b,4a14b3fdf51d13786a2e905526f21d4fe7601226e01da29583be8ff3210a7041,work/market-distribution-v1/artifacts/4a14b3fdf51d13786a2e905526f21d4fe7601226e01da29583be8ff3210a7041.json,-1.0,44.5,False,False,none,False,0.08151986183074265,0.0,eec35edb10ded38f
3b79af78336636ca2246f7b4,2026-09-06T21:08:59.798485+00:00,eec35edb10ded38f0500e83e9aaf8252f63479442c90d3b0d1ad36855ebf8efe,7e09efed7e12c659b82740b67ce2f9a1,1,2026-09-13T17:00:00Z,Houston Texans,Buffalo Bills,totals,alternate_totals,,70.5,Under,70.5,fanduel,-7000,1.0142857142857142,0.9807905432619021,1.3674201500086154,2026-09-06T21:08:49Z,10.798485,conditional_non_push,0.957167530224525,consensus_plus_empirical_residual_model,live_snapshot_not_T60,pinnacle,7e18305ca78579320c0bd0aa,0.9807905432619018,0.9807905432619018,-5105.769291833736,-1894.2307081662639,1,FEWER_THAN_TWO_BOOKS,-7000,fanduel,-7000,False,False,44.5,closest_offered_consensus_to_50pct_no_interpolation,0.957167530224525,-4765.322580645161,0.0,0.957167530224525,EMPIRICAL_RECONSTRUCTED_HISTORY,0897c49705a05c04d65f1c02a830bc8446166ee6750153b629f2f4c40766b03b,4a14b3fdf51d13786a2e905526f21d4fe7601226e01da29583be8ff3210a7041,work/market-distribution-v1/artifacts/4a14b3fdf51d13786a2e905526f21d4fe7601226e01da29583be8ff3210a7041.json,-1.0,44.5,False,False,none,False,0.9837651122625216,0.0,eec35edb10ded38f
dcf7572bd326f644d08d23fe,2026-09-06T21:08:59.798485+00:00,eec35edb10ded38f0500e83e9aaf8252f63479442c90d3b0d1ad36855ebf8efe,7e09efed7e12c659b82740b67ce2f9a1,1,2026-09-13T17:00:00Z,Houston Texans,Buffalo Bills,totals,alternate_totals,,71.5,Over,71.5,fanduel,1800,19.0,0.014260518631961311,1.4434873757030022,2026-09-06T21:08:49Z,10.798485,conditional_non_push,0.03592400690846287,consensus_plus_empirical_residual_model,live_snapshot_not_T60,pinnacle,98b547e2b8605f2f3bcfa828,0.014260518631961311,0.014260518631961311,6912.367683169357,-5112.367683169357,1,FEWER_THAN_TWO_BOOKS,1800,fanduel,1800,False,False,44.5,closest_offered_consensus_to_50pct_no_interpolation,0.03592400690846287,-883.6538461538457,0.0,0.03592400690846287,EMPIRICAL_RECONSTRUCTED_HISTORY,0897c49705a05c04d65f1c02a830bc8446166ee6750153b629f2f4c40766b03b,4a14b3fdf51d13786a2e905526f21d4fe7601226e01da29583be8ff3210a7041,work/market-distribution-v1/artifacts/4a14b3fdf51d13786a2e905526f21d4fe7601226e01da29583be8ff3210a7041.json,-1.0,44.5,False,False,none,False,0.07219343696027633,0.0,eec35edb10ded38f
21e51baa32461d36a2658c27,2026-09-06T21:08:59.798485+00:00,eec35edb10ded38f0500e83e9aaf8252f63479442c90d3b0d1ad36855ebf8efe,7e09efed7e12c659b82740b67ce2f9a1,1,2026-09-13T17:00:00Z,Houston Texans,Buffalo Bills,totals,alternate_totals,,71.5,Under,71.5,fanduel,-10000,1.01,0.9857394813680388,1.4434873757030022,2026-09-06T21:08:49Z,10.798485,conditional_non_push,0.9640759930915371,consensus_plus_empirical_residual_model,live_snapshot_not_T60,pinnacle,98b547e2b8605f2f3bcfa828,0.9857394813680388,0.9857394813680388,-6912.36768316941,-3087.63231683059,1,FEWER_THAN_TWO_BOOKS,-10000,fanduel,-10000,False,False,44.5,closest_offered_consensus_to_50pct_no_interpolation,0.9640759930915371,-7316.346153846154,0.0,0.9640759930915371,EMPIRICAL_RECONSTRUCTED_HISTORY,0897c49705a05c04d65f1c02a830bc8446166ee6750153b629f2f4c40766b03b,4a14b3fdf51d13786a2e905526f21d4fe7601226e01da29583be8ff3210a7041,work/market-distribution-v1/artifacts/4a14b3fdf51d13786a2e905526f21d4fe7601226e01da29583be8ff3210a7041.json,-1.0,44.5,False,False,none,False,0.985146804835924,0.0,eec35edb10ded38f
1414eb4ee10b8a82f30a1bf6,2026-09-06T21:08:59.798485+00:00,eec35edb10ded38f0500e83e9aaf8252f63479442c90d3b0d1ad36855ebf8efe,7e09efed7e12c659b82740b67ce2f9a1,1,2026-09-13T17:00:00Z,Houston Texans,Buffalo Bills,totals,alternate_totals,,72.5,Over,72.5,fanduel,2000,21.0,0.0078991669138625,1.5900680904921125,2026-09-06T21:08:49Z,10.798485,conditional_non_push,0.03143350604490501,consensus_plus_empirical_residual_model,live_snapshot_not_T60,pinnacle,c8f7c779a9d337c6195afbe4,0.007899166913862499,0.007899166913862499,12559.56284890079,-10559.56284890079,1,FEWER_THAN_TWO_BOOKS,2000,fanduel,2000,False,False,44.5,closest_offered_consensus_to_50pct_no_interpolation,0.03143350604490501,-1081.3186813186808,0.0,0.03143350604490501,EMPIRICAL_RECONSTRUCTED_HISTORY,0897c49705a05c04d65f1c02a830bc8446166ee6750153b629f2f4c40766b03b,4a14b3fdf51d13786a2e905526f21d4fe7601226e01da29583be8ff3210a7041,work/market-distribution-v1/artifacts/4a14b3fdf51d13786a2e905526f21d4fe7601226e01da29583be8ff3210a7041.json,-1.0,44.5,False,False,none,False,0.06493955094991365,0.0,eec35edb10ded38f
aff900edb03884d5b4dc22b9,2026-09-06T21:08:59.798485+00:00,eec35edb10ded38f0500e83e9aaf8252f63479442c90d3b0d1ad36855ebf8efe,7e09efed7e12c659b82740b67ce2f9a1,1,2026-09-13T17:00:00Z,Houston Texans,Buffalo Bills,totals,alternate_totals,,72.5,Under,72.5,fanduel,-20000,1.005,0.9921008330861376,1.5900680904921125,2026-09-06T21:08:49Z,10.798485,conditional_non_push,0.968566493955095,consensus_plus_empirical_residual_model,live_snapshot_not_T60,pinnacle,c8f7c779a9d337c6195afbe4,0.9921008330861374,0.9921008330861374,-12559.562848900612,-7440.437151099388,1,FEWER_THAN_TWO_BOOKS,-20000,fanduel,-20000,False,False,44.5,closest_offered_consensus_to_50pct_no_interpolation,0.968566493955095,-16918.68131868132,0.0,0.968566493955095,EMPIRICAL_RECONSTRUCTED_HISTORY,0897c49705a05c04d65f1c02a830bc8446166ee6750153b629f2f4c40766b03b,4a14b3fdf51d13786a2e905526f21d4fe7601226e01da29583be8ff3210a7041,work/market-distribution-v1/artifacts/4a14b3fdf51d13786a2e905526f21d4fe7601226e01da29583be8ff3210a7041.json,-1.0,44.5,False,False,none,False,0.9872193436960276,0.0,eec35edb10ded38f
c325809b69a01bf0e097f900,2026-09-06T21:08:59.798485+00:00,eec35edb10ded38f0500e83e9aaf8252f63479442c90d3b0d1ad36855ebf8efe,7e09efed7e12c659b82740b67ce2f9a1,1,2026-09-13T17:00:00Z,Houston Texans,Buffalo Bills,totals,alternate_totals,,73.5,Over,73.5,fanduel,2500,26.0,0.00746846980410443,1.503044826687773,2026-09-06T21:08:49Z,10.798485,conditional_non_push,0.026597582037996545,consensus_plus_empirical_residual_model,live_snapshot_not_T60,pinnacle,60ae4ea3956a909e96541351,0.007468469804104428,0.007468469804104428,13289.62366093296,-10789.62366093296,1,FEWER_THAN_TWO_BOOKS,2500,fanduel,2500,False,False,44.5,closest_offered_consensus_to_50pct_no_interpolation,0.026597582037996545,-1159.7402597402597,0.0,0.026597582037996545,EMPIRICAL_RECONSTRUCTED_HISTORY,0897c49705a05c04d65f1c02a830bc8446166ee6750153b629f2f4c40766b03b,4a14b3fdf51d13786a2e905526f21d4fe7601226e01da29583be8ff3210a7041,work/market-distribution-v1/artifacts/4a14b3fdf51d13786a2e905526f21d4fe7601226e01da29583be8ff3210a7041.json,-1.0,44.5,False,False,none,False,0.05734024179620034,0.0,eec35edb10ded38f
6f48bbe8485af48065976bc5,2026-09-06T21:08:59.798485+00:00,eec35edb10ded38f0500e83e9aaf8252f63479442c90d3b0d1ad36855ebf8efe,7e09efed7e12c659b82740b67ce2f9a1,1,2026-09-13T17:00:00Z,Houston Texans,Buffalo Bills,totals,alternate_totals,,73.5,Under,73.5,fanduel,-20000,1.005,0.9925315301958958,1.503044826687773,2026-09-06T21:08:49Z,10.798485,conditional_non_push,0.9734024179620034,consensus_plus_empirical_residual_model,live_snapshot_not_T60,pinnacle,60ae4ea3956a909e96541351,0.9925315301958956,0.9925315301958956,-13289.623660932963,-6710.376339067037,1,FEWER_THAN_TWO_BOOKS,-20000,fanduel,-20000,False,False,44.5,closest_offered_consensus_to_50pct_no_interpolation,0.9734024179620034,-16340.259740259742,0.0,0.9734024179620034,EMPIRICAL_RECONSTRUCTED_HISTORY,0897c49705a05c04d65f1c02a830bc8446166ee6750153b629f2f4c40766b03b,4a14b3fdf51d13786a2e905526f21d4fe7601226e01da29583be8ff3210a7041,work/market-distribution-v1/artifacts/4a14b3fdf51d13786a2e905526f21d4fe7601226e01da29583be8ff3210a7041.json,-1.0,44.5,False,False,none,False,0.9892918825561312,0.0,eec35edb10ded38f
ccae214a931abe2f1fa5c8ed,2026-09-06T21:08:59.798485+00:00,eec35edb10ded38f0500e83e9aaf8252f63479442c90d3b0d1ad36855ebf8efe,7e09efed7e12c659b82740b67ce2f9a1,1,2026-09-13T17:00:00Z,Houston Texans,Buffalo Bills,totals,alternate_totals,,74.5,Over,74.5,fanduel,3000,31.0,0.003316139840975339,1.6624854814709127,2026-09-06T21:08:49Z,10.798485,conditional_non_push,0.021416234887737477,consensus_plus_empirical_residual_model,live_snapshot_not_T60,pinnacle,2734d39996617792febdc120,0.003316139840975339,0.003316139840975339,30055.543733218477,-27055.543733218477,1,FEWER_THAN_TWO_BOOKS,3000,fanduel,3000,False,False,44.5,closest_offered_consensus_to_50pct_no_interpolation,0.021416234887737477,-1569.354838709678,0.0,0.021416234887737477,EMPIRICAL_RECONSTRUCTED_HISTORY,0897c49705a05c04d65f1c02a830bc8446166ee6750153b629f2f4c40766b03b,4a14b3fdf51d13786a2e905526f21d4fe7601226e01da29583be8ff3210a7041,work/market-distribution-v1/artifacts/4a14b3fdf51d13786a2e905526f21d4fe7601226e01da29583be8ff3210a7041.json,-1.0,44.5,False,False,none,False,0.05215889464594128,0.0,eec35edb10ded38f
5f579c4affb24c8ef15714ec,2026-09-06T21:08:59.798485+00:00,eec35edb10ded38f0500e83e9aaf8252f63479442c90d3b0d1ad36855ebf8efe,7e09efed7e12c659b82740b67ce2f9a1,1,2026-09-13T17:00:00Z,Houston Texans,Buffalo Bills,totals,alternate_totals,,74.5,Under,74.5,fanduel,-50000,1.002,0.9966838601590248,1.6624854814709127,2026-09-06T21:08:49Z,10.798485,conditional_non_push,0.9785837651122625,consensus_plus_empirical_residual_model,live_snapshot_not_T60,pinnacle,2734d39996617792febdc120,0.9966838601590248,0.9966838601590248,-30055.54373321947,-19944.45626678053,1,FEWER_THAN_TWO_BOOKS,-50000,fanduel,-50000,False,False,44.5,closest_offered_consensus_to_50pct_no_interpolation,0.9785837651122625,-45430.64516129032,0.0,0.9785837651122625,EMPIRICAL_RECONSTRUCTED_HISTORY,0897c49705a05c04d65f1c02a830bc8446166ee6750153b629f2f4c40766b03b,4a14b3fdf51d13786a2e905526f21d4fe7601226e01da29583be8ff3210a7041,work/market-distribution-v1/artifacts/4a14b3fdf51d13786a2e905526f21d4fe7601226e01da29583be8ff3210a7041.json,-1.0,44.5,False,False,none,False,0.9903281519861831,0.0,eec35edb10ded38f
