series,population,games,joint_energy_score,joint_nll,home_crps,away_crps,home_mae,away_mae,margin_mae,total_mae,margin_rmse,total_rmse,margin_crps,total_crps,home_win_brier,margin_coverage_80,total_coverage_80,margin_width_80,total_width_80
E1:full,all_issued,3407,8.540527662707984,7.872720698145258,5.512291184356883,5.378589858092478,7.759134492564204,7.624094269277735,10.400201511102438,11.022967675892929,13.45400977322434,13.888346076933791,7.519874377973644,7.807010946328645,0.2267750240226435,0.8409157616671559,0.7992368652773701,37.08130319929557,34.91458761373642
E1:full,development,3135,8.551366171126967,7.908359841524701,5.537375619554356,5.36735070857098,7.7929929319390165,7.606627725144617,10.415622371403348,11.027132630034975,13.498479311754283,13.894550167114252,7.540132944815479,7.806230435764609,0.22696511394202387,0.8417862838915471,0.7987240829346093,37.14545454545455,34.99393939393939
E1:full,exposed_2025,272,8.415605883687707,7.461953365444704,5.223174624268345,5.508129320408265,7.368891082858191,7.825409033459079,10.222464757266597,10.974963516939578,12.93043073201437,13.816638284820824,7.286379499116467,7.816006904483974,0.22458409792978498,0.8308823529411765,0.8051470588235294,36.341911764705884,34.0
E1:full,season_2013,256,8.648132059862228,8.755398154884128,5.767082580960435,5.242548846186125,7.991546117310768,7.420787118955031,10.136916874223047,11.342439739685211,13.20006010208559,14.497594619950037,7.399780147786263,8.147273975530133,0.22463448958062832,0.87109375,0.7578125,38.765625,33.83203125
E1:full,season_2014,256,8.93263609258766,8.33295626005501,5.91651544899664,5.396009149722326,8.437408297156281,7.667946174610904,11.49759528752579,11.41521675044741,14.623473486672323,13.772355923006828,8.272384931226858,7.876027438033665,0.21588240416504698,0.8046875,0.7734375,38.83203125,34.73046875
E1:full,season_2015,256,8.303334282500993,7.6518712093906585,5.462372076500242,5.126073626001281,7.6146469925686215,7.233238537125159,10.144825910040609,10.753863528623725,13.025171479855864,13.55190492458189,7.285082327256994,7.611667241510345,0.2264612062168066,0.88671875,0.80859375,38.38671875,36.0
E1:full,season_2016,256,7.975291829112866,7.786121583791097,5.022873597412187,5.151251363980578,7.053625649527963,7.253516423011835,9.3948037019485,10.466938060268474,12.080917379213918,13.334556315358139,6.816541071162015,7.487807799142466,0.22553812016134367,0.88671875,0.81640625,37.2109375,35.08984375
E1:full,season_2017,256,8.838417567844544,7.884367146140573,5.840586446678261,5.4019807234253845,8.15028932139065,7.639471150165138,10.97317729299407,11.388309237854159,14.188027879945043,14.231266139353238,7.902393433408461,7.999619030285839,0.22453673219279507,0.83984375,0.77734375,36.90234375,35.390625
E1:full,season_2018,256,8.84028529325149,8.217795060492087,5.822143264650569,5.524353224026638,8.181482268402535,7.707842938159093,10.3577643107338,11.305503940622968,13.709855721715297,14.764250767245073,7.5910601104648645,8.171398997499207,0.22760889854276606,0.83203125,0.7890625,36.81640625,35.15234375
E1:full,season_2019,256,8.71636631934622,7.847263505258226,5.415680293322522,5.692614070461197,7.67927253253419,8.069314564796155,10.824477613404788,11.12797268314094,14.047756197354321,13.878501604895193,7.845186658557724,7.8135757943091395,0.22957709625472084,0.83203125,0.80078125,36.74609375,35.4296875
E1:full,season_2020,256,8.620907320451305,8.037449906226046,5.261540368170971,5.761328167077114,7.41765889442353,8.216927133835565,10.26042951705831,11.249498414889453,13.238997991924222,14.1692044889126,7.401945168169146,8.032687443215522,0.22740991998324966,0.83984375,0.8046875,36.51953125,35.47265625
E1:full,season_2021,272,8.896339886633768,7.895026626794544,5.847544057051243,5.496550155303613,8.421243114962492,7.901120082804338,11.479024846575701,11.106474917519922,14.537330332406048,13.709886153216742,8.181675500950432,7.79543328396614,0.23351475389423856,0.7904411764705882,0.8125,37.04779411764706,34.99264705882353
E1:full,season_2022,271,8.073192256206765,7.404400190501386,5.097983396264818,5.203547684039099,7.182186790209426,7.378765274781242,9.061998592537362,11.244681948245336,11.861607111758607,13.92754957335714,6.649858799914445,7.827622295178284,0.22986439513738355,0.8819188191881919,0.8154981549815498,36.4760147601476,35.0
E1:full,season_2023,272,8.560170965691725,7.5321434674534755,5.494662708416225,5.397672288852772,7.641325967439407,7.709541555298847,10.588978222211594,10.928753300532694,13.8389834771037,13.757889447967235,7.711266485950404,7.664039312515763,0.23652469262612486,0.8125,0.7941176470588235,36.0110294117647,34.400735294117645
E1:full,season_2024,272,8.236882269813995,7.6269865529474945,5.510248320128255,5.034697781027377,7.75368872169199,7.101166503271753,10.278088643499714,10.045720106097676,13.330704176977637,13.118053839616794,7.432518829729447,7.2882921017901525,0.22121155035129256,0.8272058823529411,0.8308823529411765,36.205882352941174,34.50367647058823
E1:full,season_2025,272,8.415605883687707,7.461953365444704,5.223174624268345,5.508129320408265,7.368891082858191,7.825409033459079,10.222464757266597,10.974963516939578,12.93043073201437,13.816638284820824,7.286379499116467,7.816006904483974,0.22458409792978498,0.8308823529411765,0.8051470588235294,36.341911764705884,34.0
E2:availability_24h,all_issued,3407,8.422670609925667,7.847435845549501,5.444888120896504,5.292249401832857,7.681136440276673,7.462168270894158,10.312224114879653,10.889055807070356,13.275419122147794,13.69433524145227,7.425401467077429,7.69487450335226,0.22392155710573566,0.84913413560317,0.8080422659230995,37.085118872908716,34.8004109186968
E2:availability_24h,development,3135,8.43313173987457,7.883024350570941,5.466873007686135,5.2832141393729835,7.7153649373286965,7.450288426345215,10.306672064378908,10.918379555999923,13.291392614879943,13.723200010571674,7.430263103420761,7.709287412900509,0.22364510932382545,0.8497607655502393,0.8079744816586922,37.150239234449764,34.871132376395536
E2:availability_24h,exposed_2025,272,8.30209839525726,7.437252157159011,5.191496135288087,5.396387445258238,7.2866278437395575,7.599092214500547,10.376215579290795,10.551078039076998,13.089905913074247,13.357145701318517,7.36936753348791,7.528755123081083,0.22710782106267863,0.8419117647058824,0.8088235294117647,36.33455882352941,33.98529411764706
E2:availability_24h,season_2013,256,8.459507833436437,8.721698402880431,5.559490962705666,5.235547421889585,7.8282559378308125,7.400830855369502,9.86609257776828,11.267690567519812,12.754736203474137,14.271908246881694,7.165724518074693,8.005306194750773,0.2117533236775649,0.90234375,0.79296875,38.7109375,34.765625
E2:availability_24h,season_2014,256,8.751938971307311,8.296045421659787,5.841466369420255,5.256098794026906,8.37553989141417,7.423179084232816,11.376901486192846,11.093654001146664,14.577790247021126,13.321766551075251,8.203139121662238,7.600432872687234,0.21316636371726147,0.83203125,0.8125,38.86328125,34.75
E2:availability_24h,season_2015,256,8.353265646744948,7.66037068027819,5.4774006336241055,5.173766475302905,7.612072548252124,7.264084588575866,10.213799716989271,10.767366006035136,13.045055848269914,13.686646109561027,7.299216526553771,7.688822928678717,0.224521731042848,0.890625,0.8125,38.3671875,35.5
E2:availability_24h,season_2016,256,7.797170163991797,7.740504547289943,4.979514126863062,4.955901312943625,6.978799787058261,7.001192669113362,9.365778683263494,10.209098430036601,12.006543881320077,12.782698737913128,6.770589199987969,7.229014345270883,0.22633255199911098,0.88671875,0.84375,37.20703125,34.859375
E2:availability_24h,season_2017,256,8.831930731595012,7.8836208394153395,5.9071246958337005,5.325084423728278,8.214900778710453,7.475559237810163,10.677275669951054,11.585213256217566,13.800827179697652,14.574483799608695,7.705702407891683,8.185797305097264,0.21995979950539543,0.8515625,0.76953125,36.90625,35.03125
E2:availability_24h,season_2018,256,8.586532716215947,8.159352000170818,5.614930406074354,5.386252962820636,7.855677986561686,7.430916820785151,10.081826965958804,11.046875692081333,13.384204149712527,14.248975189845728,7.416434862242937,7.923798161271184,0.21726291577041806,0.83984375,0.8125,36.703125,35.00390625
E2:availability_24h,season_2019,256,8.462869201872536,7.789411302367455,5.3337159121156414,5.420125875081726,7.5456418445987214,7.561363423955972,10.56412512197044,10.910629870948508,13.584524807725108,13.524614227888835,7.6186477528699665,7.628990561882688,0.22529311878295688,0.84765625,0.79296875,36.7265625,35.15234375
E2:availability_24h,season_2020,256,8.645572442164042,8.047724159485938,5.2634060038328965,5.787091448331932,7.454110843712916,8.199089995571907,10.439462650945792,11.214550261199454,13.344877175756714,14.163553092827687,7.455396361094194,8.029793670470116,0.22968731157322866,0.82421875,0.78125,36.66796875,34.99609375
E2:availability_24h,season_2021,272,8.813406410774846,7.8845867729496035,5.748921027472905,5.495547050703697,8.310531939615899,7.7658466767030765,11.395396363693827,11.189534042371331,14.290332692087517,13.756410804807604,8.044917461964086,7.7709052085876555,0.23622154096790696,0.8125,0.8235294117647058,37.1139705882353,34.7389705882353
E2:availability_24h,season_2022,271,7.97637126304496,7.388561874625941,5.0420377410376185,5.114591301924035,7.131164362042948,7.199619103616767,9.093055820592042,10.969616046673476,11.739084056479074,13.846756837335628,6.593854772887697,7.745074190747744,0.2254820880218835,0.8745387453874539,0.7933579335793358,36.44280442804428,34.90774907749078
E2:availability_24h,season_2023,272,8.368418300146075,7.484763413964339,5.367459640848311,5.282143273425254,7.507644476759428,7.653169557986242,10.40781788677408,10.816881012417499,13.42448564124559,13.518297026899717,7.493467459521296,7.532666225897079,0.23092545464281544,0.8235294117647058,0.8198529411764706,36.11029411764706,34.6875
E2:availability_24h,season_2024,272,8.173843447702673,7.610454476718443,5.479685798570688,4.981926195344346,7.776248709243083,7.036741010185429,10.201828025080617,9.99363630404892,13.277843866481273,12.914654806609414,7.404329761142902,7.207311607730673,0.22189576234020977,0.8161764705882353,0.8382352941176471,36.154411764705884,34.125
E2:availability_24h,season_2025,272,8.30209839525726,7.437252157159011,5.191496135288087,5.396387445258238,7.2866278437395575,7.599092214500547,10.376215579290795,10.551078039076998,13.089905913074247,13.357145701318517,7.36936753348791,7.528755123081083,0.22710782106267863,0.8419117647058824,0.8088235294117647,36.33455882352941,33.98529411764706
E2:full,all_issued,3407,8.417475293832533,7.846431753614078,5.44133419947573,5.289199751178914,7.675658000745584,7.45843697228838,10.300597387900565,10.88433813465475,13.26606874412088,13.685717849757271,7.420326579812265,7.690570298140796,0.2236850943739456,0.8494276489580276,0.8095098326973877,37.07836806574699,34.79982389198709
E2:full,development,3135,8.428533574842554,7.882083037735223,5.464101388655149,5.280251012250645,7.711005668977675,7.4461975144869115,10.295942525216027,10.91305820970334,13.283060940018252,13.715714259983752,7.425772816295547,7.705308871679301,0.223448686997504,0.8500797448165869,0.8098883572567783,37.14481658692185,34.871132376395536
E2:full,exposed_2025,272,8.290020474103061,7.435524489938367,5.178925603602644,5.392340547282305,7.268250133438221,7.599505723051637,10.354248103032994,10.553318152017509,13.068626472125208,13.335117442155282,7.357554699756787,7.520697400923097,0.2264098632163884,0.8419117647058824,0.8051470588235294,36.3125,33.97794117647059
E2:full,season_2013,256,8.436823854211902,8.716788346744648,5.537713267784569,5.229299462503073,7.778108228759225,7.380141058465711,9.824048249850819,11.241142439062925,12.719364887084982,14.23579056955903,7.14605461246675,7.9833280737711405,0.21135519264511993,0.8984375,0.80078125,38.65234375,34.7578125
E2:full,season_2014,256,8.748182386351335,8.295720372047565,5.83194801857349,5.26204796691813,8.356954826937931,7.440756078369784,11.392939754176197,11.07373217875902,14.598414723242657,13.288546770393449,8.213015465920881,7.582157972545531,0.2133920108502924,0.83203125,0.81640625,38.86328125,34.7734375
E2:full,season_2015,256,8.358826084878116,7.662473281590925,5.479310664425486,5.1791886101882545,7.620254579443314,7.271928885531144,10.210375712452306,10.770642302552366,13.043432026496765,13.706340044097649,7.298082635433774,7.699581555231618,0.22455470843495684,0.890625,0.8046875,38.37890625,35.44140625
E2:full,season_2016,256,7.792441500501818,7.739988120638159,4.976790386320262,4.950959099013317,6.973424789859455,6.991461148370538,9.373037952468424,10.195676624041772,12.011866476246631,12.760527430381018,6.774839290293997,7.2182959851608715,0.22655111749557805,0.890625,0.84765625,37.2421875,34.87890625
E2:full,season_2017,256,8.829269135744276,7.882670539373091,5.902591409359864,5.3266158096717025,8.212634118164157,7.481737251580937,10.681144966619575,11.57855668140424,13.795832911940229,14.564061761473663,7.7036784179441335,8.182539077642751,0.21992739774821218,0.8515625,0.76953125,36.8984375,35.03125
E2:full,season_2018,256,8.587173930019949,8.15988925472784,5.617030705336473,5.383736034042111,7.86246995473331,7.427986071012602,10.074018186763087,11.06337015970103,13.371282616992344,14.258004089397355,7.412825556124557,7.93025336300532,0.21712123928230803,0.83984375,0.8125,36.69921875,35.0390625
E2:full,season_2019,256,8.466753326770158,7.79147154723406,5.33893773686925,5.420820729560581,7.5484046834550735,7.5576755825902,10.551834141056034,10.921877290179673,13.582362530016036,13.539129425440661,7.6154100016016475,7.637871867217511,0.2245736687491631,0.84765625,0.79296875,36.73046875,35.140625
E2:full,season_2020,256,8.642794774377336,8.046905684086667,5.260780831026022,5.786696031940169,7.448814456617248,8.201358754629847,10.431110402178664,11.214073310953966,13.328705800484327,14.16837762065622,7.446884850916389,8.032496091867843,0.22924571752685197,0.82421875,0.78125,36.640625,35.01953125
E2:full,season_2021,272,8.799487497591379,7.87899110612852,5.735542739742622,5.492220226473739,8.301527519578224,7.771434304304217,11.356510755099526,11.173393367182307,14.267877616066807,13.73736029230895,8.029781571388211,7.759341431226652,0.235327414331127,0.8125,0.8308823529411765,37.0735294117647,34.716911764705884
E2:full,season_2022,271,7.963147037885009,7.386172800634679,5.052547385273824,5.085016056255699,7.146866044292922,7.159942777264824,9.035842366963589,10.979737532652141,11.703826445583143,13.838702031077073,6.575235237928814,7.742884647394951,0.22517193634389823,0.8782287822878229,0.8007380073800738,36.450184501845015,34.92250922509225
E2:full,season_2023,272,8.369787660853847,7.484450499490182,5.365779831637115,5.2865189032334685,7.506515414349163,7.65501246157065,10.413290011577274,10.808170483487903,13.424285648420442,13.519159839224681,7.49600777027467,7.531283982482715,0.2307826499571124,0.8235294117647058,0.8161764705882353,36.13970588235294,34.650735294117645
E2:full,season_2024,272,8.17153392866403,7.610548338640606,5.482394851350623,4.9766669502123575,7.7806676209306245,7.024675435068907,10.212582091854252,9.980959838622303,13.279194055442186,12.904071454502043,7.406367191234491,7.20051955960415,0.22215997059581602,0.8161764705882353,0.8419117647058824,36.13970588235294,34.14705882352941
E2:full,season_2025,272,8.290020474103061,7.435524489938367,5.178925603602644,5.392340547282305,7.268250133438221,7.599505723051637,10.354248103032994,10.553318152017509,13.068626472125208,13.335117442155282,7.357554699756787,7.520697400923097,0.2264098632163884,0.8419117647058824,0.8051470588235294,36.3125,33.97794117647059
E3:availability_24h,all_issued,3407,8.413180202983675,7.844617700169752,5.428541879666271,5.298188081175108,7.656764346542715,7.488454924896866,10.306344832673004,10.863798955466892,13.263464628746272,13.672002424711774,7.416558988216075,7.683937726563678,0.2229510755382549,0.8497211623128852,0.8115644261813912,37.10889345465219,34.848253595538594
E3:availability_24h,development,3135,8.420911973159017,7.8796881622159525,5.4489490734267605,5.287677129308289,7.686133703757425,7.4740645851302,10.300282681792593,10.883556161802716,13.27841604258635,13.694836938133967,7.420848235026986,7.6934903584550955,0.2225955142927125,0.8500797448165869,0.8111642743221691,37.171610845295056,34.923763955342906
E3:availability_24h,exposed_2025,272,8.324065866587736,7.440404837982849,5.1933339662871125,5.41933453008127,7.318260909527591,7.654314171839877,10.37621557903362,10.636082625088939,13.089905913172439,13.406010622091145,7.367122264862381,7.573836620021058,0.22704918033522328,0.8455882352941176,0.8161764705882353,36.3860294117647,33.97794117647059
E3:availability_24h,season_2013,256,8.459507833436437,8.721698402880431,5.559490962705666,5.235547421889585,7.8282559378308125,7.400830855369502,9.86609257776828,11.267690567519812,12.754736203474137,14.271908246881694,7.165724518074693,8.005306194750773,0.2117533236775649,0.90234375,0.79296875,38.7109375,34.765625
E3:availability_24h,season_2014,256,8.755692793308395,8.298159551686307,5.845487195613188,5.257259517175672,8.358613764901339,7.417646160278178,11.366933505524713,11.093654005111066,14.629210578844297,13.321766555665862,8.209441115902472,7.59992634613606,0.20938975761830453,0.81640625,0.8125,38.63671875,34.72265625
E3:availability_24h,season_2015,256,8.302795076480862,7.646583475370463,5.451609878661402,5.136613165662112,7.583202712382585,7.264988024511634,10.355099719081863,10.640723576087709,13.041623974210253,13.52414089887755,7.303433429461272,7.592691428546916,0.22574176572332644,0.8828125,0.8125,38.29296875,35.5546875
E3:availability_24h,season_2016,256,7.821366467081807,7.7472529020033365,4.960648474534475,5.007233018713088,6.950218925133981,7.073069079562304,9.365778682518162,10.249376881381185,12.006543880903534,12.87354353873376,6.772512145120321,7.269471660725207,0.226434134624342,0.88671875,0.8515625,37.20703125,35.05859375
E3:availability_24h,season_2017,256,8.823749192589357,7.881660193290754,5.884705655451803,5.337630876695323,8.17239992530406,7.519904403747227,10.627579762566361,11.585213255689217,13.785106627774075,14.57448380022249,7.68993336751122,8.186301898517257,0.21752788026959058,0.84375,0.76953125,36.9921875,35.0078125
E3:availability_24h,season_2018,256,8.634974653884782,8.16985225345678,5.604533403699086,5.468869476150134,7.864608307715944,7.586897467561596,10.177226567248567,11.085139266646252,13.409275425896906,14.388082950223103,7.426228708210754,7.98401477772917,0.2143542413645061,0.8515625,0.80859375,36.9296875,34.99609375
E3:availability_24h,season_2019,256,8.48156914780408,7.79263412048427,5.317770130094255,5.467369557634985,7.523563486351128,7.679218271730129,10.5641251217749,10.884922771861522,13.584524807566257,13.563617896810772,7.620958719191188,7.64918114616953,0.22531314447479,0.84765625,0.796875,36.7890625,35.1875
E3:availability_24h,season_2020,256,8.5254329536251,8.019878418304604,5.167471014354806,5.733745759674674,7.292290687068238,8.134949921590145,10.18418195804379,11.031625327476188,13.12299846760027,14.001663338757282,7.330852238794082,7.931465006666272,0.2245720512052839,0.83984375,0.796875,36.640625,35.1171875
E3:availability_24h,season_2021,272,8.77207001013932,7.873378923070978,5.732980635150475,5.454963898153194,8.29188974311188,7.716066519218731,11.395396365052473,11.054058367478362,14.290332692996918,13.609786293628803,8.044576604933855,7.703252281237162,0.2363028506858371,0.8161764705882353,0.8345588235294118,37.19117647058823,34.875
E3:availability_24h,season_2022,271,7.955565459109937,7.381062398272653,5.025762265094606,5.108331783830329,7.087412713683632,7.2211278059749135,9.093055819565366,10.945267506880642,11.739084055982806,13.721711001600626,6.594641956556586,7.69975615109861,0.22543578733782202,0.8782287822878229,0.7970479704797048,36.56826568265683,35.047970479704794
E3:availability_24h,season_2023,272,8.368418300146075,7.484763413964339,5.367459640848311,5.282143273425254,7.507644476759428,7.653169557986242,10.40781788677408,10.816881012417499,13.42448564124559,13.518297026899717,7.493467459521296,7.532666225897079,0.23092545464281544,0.8235294117647058,0.8198529411764706,36.11029411764706,34.6875
E3:availability_24h,season_2024,272,8.173843447702673,7.610454476718443,5.479685798570688,4.981926195344346,7.776248709243083,7.036741010185429,10.201828025080617,9.99363630404892,13.277843866481273,12.914654806609414,7.404329761142902,7.207311607730673,0.22189576234020977,0.8161764705882353,0.8382352941176471,36.154411764705884,34.125
E3:availability_24h,season_2025,272,8.324065866587736,7.440404837982849,5.1933339662871125,5.41933453008127,7.318260909527591,7.654314171839877,10.37621557903362,10.636082625088939,13.089905913172439,13.406010622091145,7.367122264862381,7.573836620021058,0.22704918033522328,0.8455882352941176,0.8161764705882353,36.3860294117647,33.97794117647059
E3:deterministic_noise,all_issued,3407,8.441579024898324,7.850936658645504,5.4336158686827405,5.3283869731510505,7.6669064939539275,7.541323706609134,10.346483916516654,10.927311576724662,13.31313960895775,13.71154073121907,7.442387869341596,7.710663510820759,0.22436399046872843,0.8517757557968888,0.8156736131493983,37.09275022013502,34.81244496624596
E3:deterministic_noise,development,3135,8.454358900149941,7.887045162169213,5.455477166206006,5.323309358476126,7.6970797220808285,7.536792501392328,10.345666952935591,10.948926248345977,13.335810699396738,13.743700895300895,7.4503568071441855,7.724911459506731,0.22421226310477788,0.8523125996810207,0.8156299840510367,37.15566188197767,34.8755980861244
E3:deterministic_noise,exposed_2025,272,8.294281565656336,7.434759605164522,5.181648340243619,5.38691021581974,7.319137853594247,7.593549178501367,10.355900022496899,10.678186593148133,13.048995717043372,13.335273806277469,7.350540001653671,7.54644542578207,0.2261127599024971,0.8455882352941176,0.8161764705882353,36.36764705882353,34.08455882352941
E3:deterministic_noise,season_2013,256,8.528166789212833,8.73431666975046,5.606634423224308,5.280028263372209,7.868730575053116,7.447528955144433,9.943145185704742,11.31973176460078,12.927753251636858,14.339258897078492,7.237985548286267,8.051855492775566,0.21453967958964992,0.89453125,0.8046875,38.65234375,34.76171875
E3:deterministic_noise,season_2014,256,8.787341098033805,8.304362216258806,5.818524202754084,5.328358164569642,8.282966447141686,7.57191911138141,11.453450923824823,11.048494939651125,14.79077103833931,13.259979065249944,8.290661684334275,7.5709456875263985,0.2135118094433104,0.796875,0.828125,38.59765625,34.796875
E3:deterministic_noise,season_2015,256,8.347911905783228,7.656113682892329,5.460969672158494,5.182108473111138,7.624846839577417,7.391480629384429,10.45423060077327,10.721232303520832,13.171190668278934,13.544259113594377,7.366928395158304,7.614289079313539,0.22867418880970627,0.87890625,0.83203125,38.28125,35.5703125
E3:deterministic_noise,season_2016,256,7.879307932332678,7.759081090236116,4.992031606542872,5.045117361149769,7.000468538637361,7.129587863987316,9.453934226873113,10.409891174582842,12.11829788199457,12.945795459641605,6.828057164894392,7.324584407351454,0.22929930683565258,0.89453125,0.85546875,37.265625,34.921875
E3:deterministic_noise,season_2017,256,8.797281328229024,7.877173365786447,5.863892862352589,5.325865242310041,8.146791507237607,7.515539720748432,10.655089389949971,11.483798833339568,13.821962773699612,14.483658880220164,7.707155386383031,8.119325613980859,0.21892806943101947,0.83203125,0.78515625,36.859375,34.9140625
E3:deterministic_noise,season_2018,256,8.739239867524773,8.19231764563983,5.681675162257682,5.529636847973157,7.979788207006797,7.712010526962414,10.319633439119517,11.3137275254559,13.485416211082539,14.582904648914687,7.478946533812212,8.112915692647068,0.21778099754151614,0.8515625,0.80078125,36.97265625,34.95703125
E3:deterministic_noise,season_2019,256,8.530370493197182,7.804698742252783,5.308718711537905,5.539373841883176,7.521896523839224,7.835603717967473,10.56737567481725,10.991517350453059,13.643102202141634,13.660560408421214,7.645088085751361,7.710638720807429,0.22622195949671803,0.85546875,0.79296875,36.7578125,35.125
E3:deterministic_noise,season_2020,256,8.56563414799185,8.02976422614081,5.159535142107334,5.790716890614404,7.281539757351572,8.21295001395141,10.195539213194035,11.126302952982684,13.145919847028953,14.1079110361099,7.344029697059549,7.994528135081563,0.22405306139275827,0.84375,0.79296875,36.63671875,35.0078125
E3:deterministic_noise,season_2021,272,8.7744369114427,7.873020828937725,5.716345162944611,5.470595396164613,8.27602269508213,7.737831558928597,11.405631705717097,11.062317761747595,14.284885182684086,13.638353977183149,8.050008159679034,7.70820766480337,0.23799694881492547,0.8345588235294118,0.8272058823529411,37.14705882352941,34.838235294117645
E3:deterministic_noise,season_2022,271,8.011554449927697,7.393458587986326,5.091348100516593,5.108036505559653,7.167289008969887,7.183675411818461,9.166475287469618,11.083843146964185,11.822611634223389,13.815674060391872,6.638061083301546,7.765610459284471,0.22688640942560884,0.8782287822878229,0.8044280442804428,36.57564575645756,34.98523985239852
E3:deterministic_noise,season_2023,272,8.322361040596812,7.47404972808304,5.340966181285746,5.247298279182102,7.498108702367472,7.573319019395974,10.4282904417696,10.670306378646377,13.431596223196497,13.365881129291674,7.503783102783063,7.4434867873275365,0.2317081099261581,0.8345588235294118,0.8308823529411765,36.125,34.56617647058823
E3:deterministic_noise,season_2024,272,8.198860077701246,7.618574407990436,5.438343966006431,5.057357957227573,7.722230139154423,7.159487646466423,10.117169907877612,10.204875504911612,13.136527820971322,13.127205267001719,7.328002112274593,7.323863587353058,0.21973944607073193,0.8345588235294118,0.8308823529411765,36.158088235294116,34.125
E3:deterministic_noise,season_2025,272,8.294281565656336,7.434759605164522,5.181648340243619,5.38691021581974,7.319137853594247,7.593549178501367,10.355900022496899,10.678186593148133,13.048995717043372,13.335273806277469,7.350540001653671,7.54644542578207,0.2261127599024971,0.8455882352941176,0.8161764705882353,36.36764705882353,34.08455882352941
E3:full,all_issued,3407,8.408824047867569,7.843768201030698,5.424849418368897,5.296534499063793,7.650541498887684,7.487422343914075,10.2969948097837,10.859379991822985,13.254329529000243,13.665357914578045,7.4119327023661565,7.680445404802742,0.22273587020205526,0.8500146756677429,0.8127384796008218,37.11212210155562,34.852656295861465
E3:full,development,3135,8.416973472948886,7.878852045429831,5.44572176009931,5.2861707430282445,7.680519797323564,7.4732043481613335,10.29202737900913,10.878513057208341,13.270319049205469,13.688533905822917,7.416834277986972,7.690013792666912,0.22242228790505236,0.8503987240829346,0.8124401913875599,37.17480063795853,34.927591706539076
E3:full,exposed_2025,272,8.314895931581054,7.439401097386273,5.184280332615797,5.415984407782353,7.305019566547675,7.651295199373055,10.354248101983236,10.638857344826313,13.06862647153775,13.395343446243707,7.355438439236551,7.570162699088858,0.22635013675023213,0.8455882352941176,0.8161764705882353,36.38970588235294,33.9889705882353
E3:full,season_2013,256,8.436823854211902,8.716788346744648,5.537713267784569,5.229299462503073,7.778108228759225,7.380141058465711,9.824048249850819,11.241142439062925,12.719364887084982,14.23579056955903,7.14605461246675,7.9833280737711405,0.21135519264511993,0.8984375,0.80078125,38.65234375,34.7578125
E3:full,season_2014,256,8.756658329482846,8.298674471552989,5.8390186060464195,5.266191918307511,8.334603142961,7.439799293668773,11.396392794191875,11.073732182193043,14.666086321223633,13.288546773856261,8.227995431576531,7.581634902623243,0.2099743399214343,0.8203125,0.81640625,38.68359375,34.7734375
E3:full,season_2015,256,8.309416349686959,7.648772501672914,5.449141045378005,5.147362251580589,7.585079224436003,7.284166459307427,10.366548672203287,10.648165126915341,13.03708788584635,13.547974167282431,7.302537550974167,7.605805873657802,0.2257465104396038,0.87890625,0.8125,38.265625,35.58984375
E3:full,season_2016,256,7.819460871310535,7.747444679745717,4.959540200257974,5.004495240023305,6.951250271813866,7.068149440395158,9.373037951773492,10.23985245958978,12.01186647622609,12.861625503124909,6.776708058969942,7.2635870471103665,0.22665489331756417,0.890625,0.84765625,37.28125,35.03515625
E3:full,season_2017,256,8.823921054682774,7.881354231150963,5.876844284318953,5.34710638966634,8.166728880992158,7.545398564734587,10.636454732360487,11.578556681856936,13.785812912439939,14.564061761181586,7.691550760306207,8.182969807386272,0.21780447809985606,0.84375,0.76953125,36.96875,35.03125
E3:full,season_2018,256,8.632161198515757,8.169439848890345,5.604133406666386,5.464224326553522,7.869164105666707,7.583148669288066,10.170508797207603,11.093257480278826,13.387552155951424,14.391931121622052,7.420315960536097,7.986866867174388,0.21410191509631718,0.8515625,0.80859375,36.92578125,35.0234375
E3:full,season_2019,256,8.482799464696088,7.79406959318357,5.322948130921405,5.464830499198399,7.527827083124924,7.672072202772959,10.551834141775618,10.88822739737865,13.582362530615464,13.569843107966298,7.617802353920536,7.652976412016551,0.2245943925346841,0.84765625,0.80078125,36.80859375,35.1796875
E3:full,season_2020,256,8.520995603743636,8.018569291001445,5.163748668695209,5.732462965820976,7.285465267743524,8.135190455837744,10.17173877688231,11.036217289731603,13.097219121640327,14.007875184109526,7.318205032375957,7.935193273865264,0.22388183229963882,0.83984375,0.79296875,36.6796875,35.09765625
E3:full,season_2021,272,8.761275584635388,7.868397631117015,5.721389943751738,5.454246920545218,8.281110887932826,7.725452444383359,11.35651075680316,11.050475002941342,14.267877617291921,13.598563325114782,8.029091251382757,7.697096940490989,0.23539884056072105,0.8161764705882353,0.8382352941176471,37.16544117647059,34.8639705882353
E3:full,season_2022,271,7.943368281861483,7.379071601541742,5.035519229743739,5.081455583515235,7.100766453462013,7.1831458514506235,9.035842366977656,10.949015185757604,11.703826445749328,13.71831920854609,6.5760782019713995,7.698478121043212,0.22513625551566993,0.8819188191881919,0.8007380073800738,36.55350553505535,35.04428044280443
E3:full,season_2023,272,8.369787660853847,7.484450499490182,5.365779831637115,5.2865189032334685,7.506515414349163,7.65501246157065,10.413290011577274,10.808170483487903,13.424285648420442,13.519159839224681,7.49600777027467,7.531283982482715,0.2307826499571124,0.8235294117647058,0.8161764705882353,36.13970588235294,34.650735294117645
E3:full,season_2024,272,8.17153392866403,7.610548338640606,5.482394851350623,4.9766669502123575,7.7806676209306245,7.024675435068907,10.212582091854252,9.980959838622303,13.279194055442186,12.904071454502043,7.406367191234491,7.20051955960415,0.22215997059581602,0.8161764705882353,0.8419117647058824,36.13970588235294,34.14705882352941
E3:full,season_2025,272,8.314895931581054,7.439401097386273,5.184280332615797,5.415984407782353,7.305019566547675,7.651295199373055,10.354248101983236,10.638857344826313,13.06862647153775,13.395343446243707,7.355438439236551,7.570162699088858,0.22635013675023213,0.8455882352941176,0.8161764705882353,36.38970588235294,33.9889705882353
E3:independent_marginals,all_issued,3407,8.409537470782784,7.000236426204003,5.424849418368898,5.296534499063793,7.650541498887684,7.487422343914075,10.2969948097837,10.859379991822985,13.254329529000243,13.665357914578045,7.420158197664627,7.681730262958802,0.2226363473680668,0.8344584678602877,0.825066040504843,35.932198415027884,36.02377458174347
E3:independent_marginals,development,3135,8.417759173881384,7.003922924091365,5.44572176009931,5.2861707430282445,7.680519797323564,7.4732043481613335,10.29202737900913,10.878513057208341,13.270319049205469,13.688533905822917,7.424650969983597,7.691931271144489,0.22234318675559467,0.835725677830941,0.8242424242424242,35.99170653907496,36.08325358851675
E3:independent_marginals,exposed_2025,272,8.314776297201506,6.9577468273919365,5.184280332615797,5.415984407782353,7.305019566547675,7.651295199373055,10.354248101983236,10.638857344826313,13.06862647153775,13.395343446243707,7.3683756931794315,7.564156142877463,0.22601523898608253,0.8198529411764706,0.8345588235294118,35.24632352941177,35.338235294117645
E3:independent_marginals,season_2013,256,8.431613411820384,7.020068013028299,5.53771326778457,5.229299462503073,7.778108228759225,7.380141058465711,9.824048249850819,11.241142439062925,12.719364887084982,14.23579056955903,7.139236506701174,7.979589111184497,0.2120197604947354,0.875,0.8203125,36.78125,36.89453125
E3:independent_marginals,season_2014,256,8.747903426123333,6.94970132512287,5.8390186060464195,5.266191918307511,8.334603142961,7.439799293668773,11.396392794191875,11.073732182193043,14.666086321223633,13.288546773856261,8.204885088765892,7.571777128468831,0.20930102770364611,0.79296875,0.83203125,36.6875,36.78515625
E3:independent_marginals,season_2015,256,8.31077535834389,6.94779094594907,5.449141045378006,5.147362251580589,7.585079224436003,7.284166459307427,10.366548672203287,10.648165126915341,13.03708788584635,13.547974167282431,7.313843130283366,7.607378496189309,0.22561183819576855,0.875,0.828125,36.56640625,36.65625
E3:independent_marginals,season_2016,256,7.820030898495707,6.908980174468086,4.959540200257975,5.004495240023305,6.951250271813866,7.068149440395158,9.373037951773492,10.23985245958978,12.01186647622609,12.861625503124909,6.783363760596394,7.269632414537642,0.22716409533786802,0.87890625,0.859375,35.81640625,35.94921875
E3:independent_marginals,season_2017,256,8.821088471919357,7.073202692026297,5.8768442843189534,5.34710638966634,8.166728880992158,7.545398564734587,10.636454732360487,11.578556681856936,13.785812912439939,14.564061761181586,7.68751571719716,8.184872889753501,0.2180631005672955,0.83203125,0.7734375,35.75390625,35.8515625
E3:independent_marginals,season_2018,256,8.634269711056945,7.050311831446329,5.604133406666387,5.464224326553522,7.869164105666707,7.583148669288066,10.170508797207603,11.093257480278826,13.387552155951424,14.391931121622052,7.4326000124417,7.987337115730974,0.2148825974200567,0.83984375,0.80859375,35.90234375,36.03125
E3:independent_marginals,season_2019,256,8.478829260174775,6.943104810568114,5.3229481309214055,5.464830499198399,7.527827083124924,7.672072202772959,10.551834141775618,10.88822739737865,13.582362530615464,13.569843107966298,7.617207610171251,7.6434244825513264,0.22345972194019215,0.83203125,0.80859375,36.046875,36.1484375
E3:independent_marginals,season_2020,256,8.5177136668259,7.065667882391317,5.16374866869521,5.732462965820975,7.285465267743524,8.135190455837744,10.17173877688231,11.036217289731603,13.097219121640327,14.007875184109526,7.330149532038623,7.915617613236925,0.22250425653789432,0.8203125,0.80078125,35.921875,36.01953125
E3:independent_marginals,season_2021,272,8.763720957486182,7.112195741327774,5.721389943751738,5.454246920545218,8.281110887932826,7.725452444383359,11.35651075680316,11.050475002941342,14.267877617291921,13.598563325114782,8.049023425825775,7.691631776259378,0.23550468502205776,0.7941176470588235,0.8455882352941176,36.12132352941177,36.1360294117647
E3:independent_marginals,season_2022,271,7.956447536441166,6.882185442796185,5.035519229743739,5.081455583515235,7.100766453462013,7.1831458514506235,9.035842366977656,10.949015185757604,11.703826445749328,13.71831920854609,6.602189232539764,7.720587993738864,0.22568594134073783,0.8745387453874539,0.8228782287822878,35.837638376383765,35.896678966789665
E3:independent_marginals,season_2023,272,8.377712273471829,7.060799464777127,5.365779831637114,5.2865189032334685,7.506515414349163,7.65501246157065,10.413290011577274,10.808170483487903,13.424285648420442,13.519159839224681,7.512955904235472,7.5577101023663165,0.23129716928726976,0.8051470588235294,0.8345588235294118,35.411764705882355,35.5
E3:independent_marginals,season_2024,272,8.176023869497671,7.028351217529528,5.482394851350624,4.9766669502123575,7.7806676209306245,7.024675435068907,10.212582091854252,9.980959838622303,13.279194055442186,12.904071454502043,7.426382291932272,7.210437901931558,0.22112227229692336,0.8125,0.8529411764705882,35.143382352941174,35.22794117647059
E3:independent_marginals,season_2025,272,8.314776297201506,6.9577468273919365,5.184280332615797,5.415984407782353,7.305019566547675,7.651295199373055,10.354248101983236,10.638857344826313,13.06862647153775,13.395343446243707,7.3683756931794315,7.564156142877463,0.22601523898608253,0.8198529411764706,0.8345588235294118,35.24632352941177,35.338235294117645
E3:no_defense,all_issued,3407,8.509950528858404,7.866907359351411,5.4788001461373215,5.3700735163721225,7.713626449930934,7.596842576054329,10.395858864484925,10.985594905348501,13.420832729007495,13.827730760492635,7.504702244364332,7.772380995977419,0.2275064733905304,0.8476665688288817,0.8092163193425301,37.02553566187262,34.813619019665396
E3:no_defense,development,3135,8.510689437550331,7.900420001004892,5.493337832123224,5.356332910158072,7.731011348783107,7.5733476990412525,10.380309152307827,10.994450180979443,13.421364836311692,13.843479040121267,7.499953602458564,7.778878477597229,0.22688956797002954,0.8507177033492823,0.8089314194577353,37.08102073365231,34.8762360446571
E3:no_defense,exposed_2025,272,8.501434062868718,7.480649522646769,5.311242625674809,5.528444106375971,7.513252707645764,7.867638309274897,10.5750807309379,10.883531342469807,13.414698277511892,13.644908310189658,7.559433833976785,7.697492742749095,0.23461676196872938,0.8125,0.8125,36.3860294117647,34.091911764705884
E3:no_defense,season_2013,256,8.661828837075376,8.754160163959192,5.668688793624643,5.3687230177651655,7.901701026917555,7.563809040091796,10.474195178717661,11.283134197341408,13.454552575796408,14.210896624555378,7.5518762434064035,8.006407796857523,0.23068821573087056,0.87890625,0.77734375,38.6328125,34.765625
E3:no_defense,season_2014,256,8.870698283823842,8.325333782276587,5.811102837782624,5.431393850359573,8.30519846203102,7.721049412664562,11.440451617559054,11.2685750347698,14.670402368028897,13.622427166133118,8.255247186321153,7.773301250554617,0.21634873471660793,0.8359375,0.79296875,38.73828125,34.9375
E3:no_defense,season_2015,256,8.487516282891374,7.698242006513323,5.552788380468957,5.257841880536956,7.657243576345196,7.422166513601404,10.32077927258041,11.020226439669601,13.273052621670088,13.932415981377535,7.420582614436405,7.826732256967837,0.23191396501494427,0.88671875,0.8203125,38.390625,35.3359375
E3:no_defense,season_2016,256,8.00906446585824,7.794406715432383,5.011053379254017,5.20351227586864,7.0461365966123335,7.360459261446007,9.27416558416785,10.81303466301445,11.8897283289847,13.584856297068528,6.728602213873561,7.64085108457555,0.22663394158746272,0.88671875,0.828125,37.28125,35.05078125
E3:no_defense,season_2017,256,8.712853284307762,7.854832817623139,5.829923130092606,5.245244795056178,8.07628502204699,7.420756018189218,10.776916302674364,11.267951765304197,13.864466932332334,14.171747668155085,7.752188938264174,7.93718670249189,0.2220742533151129,0.8515625,0.78515625,36.8046875,34.796875
E3:no_defense,season_2018,256,8.678843005603923,8.185661660726005,5.6955603280400275,5.430599714831876,8.045050182225836,7.396501679684302,10.060390723069894,11.280213839336408,13.33323568686428,14.618145557840235,7.390348410115902,8.103733471170369,0.2167693506284035,0.84765625,0.80859375,36.7109375,34.98046875
E3:no_defense,season_2019,256,8.762699396949813,7.856948228534774,5.499978742889216,5.6705360915462695,7.780669541603038,8.03454654242627,10.87482607206694,11.18046376123256,13.968783876818915,14.063733876761741,7.815619612436278,7.92124661975164,0.23147387298777977,0.83203125,0.8125,36.5234375,35.109375
E3:no_defense,season_2020,256,8.636156144747122,8.039863766377636,5.224762984082135,5.814783401450944,7.388812216538125,8.263191980610523,10.384204966750932,11.08720579779823,13.323716637179679,14.098638972945832,7.440280407522385,8.024852175143145,0.23035556860577192,0.83203125,0.796875,36.51953125,35.03515625
E3:no_defense,season_2021,272,8.740130576263569,7.8689947648448495,5.7323346275348115,5.419459472477085,8.24039241277532,7.727239389465935,11.28007128458687,10.88314651101614,14.26011322290989,13.616812588881848,8.025200294473763,7.6601064608590566,0.23128388257035537,0.8308823529411765,0.8308823529411765,36.904411764705884,34.75735294117647
E3:no_defense,season_2022,271,7.973960045499673,7.385262728325047,5.038439592062323,5.124744094969209,7.0781084978884365,7.284008589514655,8.907207347146397,11.127051322647317,11.636333844360923,13.852949703296828,6.539581590056276,7.777774882467588,0.2250860415112815,0.8856088560885609,0.8081180811808119,36.398523985239855,34.95571955719557
E3:no_defense,season_2023,272,8.42205424884518,7.49636521854669,5.385200758937057,5.320124809494223,7.529037870220702,7.658220584914041,10.492881112884266,10.870390047199583,13.618609395768404,13.516238713668708,7.581525644771716,7.5609964449037985,0.23289163395254503,0.8308823529411765,0.8125,36.025735294117645,34.64705882352941
E3:no_defense,season_2024,272,8.21368036190586,7.619902970890926,5.488968947136419,5.021825484905548,7.741865451126522,7.062200738359174,10.305349049977625,9.925743593716883,13.478951145084753,12.846012739816958,7.515748518291353,7.172365206720155,0.2266276278676336,0.8125,0.8308823529411765,36.213235294117645,34.20220588235294
E3:no_defense,season_2025,272,8.501434062868718,7.480649522646769,5.311242625674809,5.528444106375971,7.513252707645764,7.867638309274897,10.5750807309379,10.883531342469807,13.414698277511892,13.644908310189658,7.559433833976785,7.697492742749095,0.23461676196872938,0.8125,0.8125,36.3860294117647,34.091911764705884
E3:no_home_effect,all_issued,3407,8.452725553758093,7.852971076916487,5.464651225243082,5.312423992413523,7.685923910435253,7.55025177604687,10.40405750991007,10.859379991605948,13.407642991555033,13.66535791428766,7.491509937093239,7.680637458519748,0.22598014895332363,0.8429703551511594,0.8127384796008218,37.08570589961843,34.85735250953918
E3:no_home_effect,development,3135,8.460433776044265,7.887890481549731,5.482571393772903,5.303890396406794,7.709882772411594,7.540927406026804,10.400053930083079,10.878513057116981,13.421879630994948,13.688533905584617,7.496360116128333,7.690270105055383,0.22587462096144306,0.8443381180223285,0.8121212121212121,37.145135566188195,34.93269537480064
E3:no_home_effect,exposed_2025,272,8.363882624099453,7.45049926248551,5.258108106342386,5.41077996109402,7.409780409347661,7.657721996682553,10.450201711224826,10.638857343160739,13.242450487704428,13.39534344533978,7.43560805740567,7.569614124368233,0.22719643665385872,0.8272058823529411,0.8198529411764706,36.400735294117645,33.9889705882353
E3:no_home_effect,season_2013,256,8.565254280701037,8.739055107323829,5.688547904054507,5.233145209431088,7.9383517925948155,7.38474162530064,10.307613684355532,11.241142435908749,13.161097669700855,14.235790564789736,7.3904141113907915,7.984297993303487,0.22201733878631302,0.84375,0.80078125,38.62109375,34.78515625
E3:no_home_effect,season_2014,256,8.833523272647188,8.314894462330246,5.870720789377986,5.338952377878435,8.30352607426356,7.638383496659865,11.493884197776419,11.073732177505724,14.911840096398542,13.288546769920293,8.356722727699314,7.582645359612902,0.21527221372441258,0.828125,0.81640625,38.734375,34.77734375
E3:no_home_effect,season_2015,256,8.316473283820539,7.650786876236707,5.454146691491816,5.150156648467114,7.618980714717514,7.345817371607919,10.295889743507615,10.648165126068239,13.076296628735632,13.54797416741894,7.319180277122399,7.605064201734378,0.22744663788749148,0.87890625,0.80859375,38.3359375,35.578125
E3:no_home_effect,season_2016,256,7.896439382137542,7.764745128854048,5.023214882950054,5.041967939249817,6.992553661919239,7.138058141557811,9.557103311121171,10.239852457744192,12.309338560406582,12.861625503037644,6.910781877388587,7.264180294521756,0.2325967837684724,0.87890625,0.8515625,37.2109375,35.05078125
E3:no_home_effect,season_2017,256,8.89512134563421,7.897026077347881,5.866200243632441,5.443019743815887,8.160424905436255,7.761840319241989,10.908823449257937,11.578556684401068,14.015588355972326,14.564061763178376,7.827532759950676,8.183056604054588,0.222928783401317,0.82421875,0.76953125,36.9375,35.03515625
E3:no_home_effect,season_2018,256,8.696538308645689,8.181918392263212,5.703228901176498,5.441590138033894,7.973969733007048,7.606739988950039,10.396757069541113,11.093257478286835,13.607040273617349,14.391931120548117,7.5415498782755055,7.989592271980875,0.22340399442082062,0.85546875,0.80859375,36.796875,35.03125
E3:no_home_effect,season_2019,256,8.423366554542625,7.781719159448777,5.292108090502492,5.415079993374877,7.451460240346421,7.628827483071827,10.38448873246736,10.888227401301068,13.382366668362431,13.569843110645017,7.51698774850317,7.652960504698898,0.22356888966821473,0.8359375,0.80078125,36.6875,35.19140625
E3:no_home_effect,season_2020,256,8.49797092950542,8.012193416080361,5.256548631804343,5.609408485083405,7.420251035439559,7.984432978215105,10.165688717311596,11.036217290631722,13.000503039137756,14.007875184513601,7.27846096337065,7.934963648888077,0.22251536627842103,0.8515625,0.79296875,36.67578125,35.10546875
E3:no_home_effect,season_2021,272,8.783187266755496,7.873743542127839,5.736367068093631,5.464376999576352,8.267459735029396,7.715801697328368,11.330244008617422,11.050475004170414,14.353123859748667,13.598563326371368,8.072857058141718,7.6971515494088365,0.23445293698397965,0.8125,0.8382352941176471,37.13970588235294,34.86764705882353
E3:no_home_effect,season_2022,271,7.997243928751468,7.3913918863419825,5.015062295319693,5.171249282649856,7.0139635132984175,7.339287794825797,9.208725321705725,10.949015184467711,11.91220535370264,13.718319206927204,6.673761266829544,7.6981120286643625,0.22901599176760745,0.8856088560885609,0.7970479704797048,36.571955719557195,35.04059040590406
E3:no_home_effect,season_2023,272,8.439316714332396,7.501094167470972,5.374028952440352,5.368742932403967,7.544432781860775,7.8480829851437965,10.513818104714135,10.808170484920671,13.677896492534513,13.51915983974074,7.618197531181034,7.530935431153296,0.23424874594082906,0.8125,0.8161764705882353,36.04044117647059,34.643382352941174
E3:no_home_effect,season_2024,272,8.205021091164877,7.61718718661132,5.526266137145939,4.982754259532743,7.841275611893008,7.107869089282654,10.251455492776829,9.980959841048639,13.38791890918689,12.904071456094277,7.456895016427382,7.199992558441813,0.22202479102233802,0.8272058823529411,0.8419117647058824,36.154411764705884,34.150735294117645
E3:no_home_effect,season_2025,272,8.363882624099453,7.45049926248551,5.258108106342386,5.41077996109402,7.409780409347661,7.657721996682553,10.450201711224826,10.638857343160739,13.242450487704428,13.39534344533978,7.43560805740567,7.569614124368233,0.22719643665385872,0.8272058823529411,0.8198529411764706,36.400735294117645,33.9889705882353
E3:no_offense,all_issued,3407,8.734771725635795,7.917693390631405,5.6696631623269536,5.47130630172335,7.987076633919375,7.742909526611162,10.578533025012849,11.3283965061945,13.62751945640701,14.325839551954143,7.624987637244211,8.047436048681238,0.23192653994449328,0.8312298209568535,0.786028764308776,37.05664807748752,34.857646022894045
E3:no_offense,development,3135,8.742533622214562,7.952285000668617,5.691948658393072,5.4596571634506255,8.01798381429663,7.739047441839308,10.591594459844687,11.340258086952975,13.655772992562149,14.333762977220292,7.636849185485694,8.04849546299051,0.23212459233562482,0.8331738437001595,0.7869218500797448,37.12185007974482,34.92599681020734
E3:no_offense,exposed_2025,272,8.645310160288592,7.518999649945155,5.412806433770747,5.605571185859329,7.630848654203611,7.78742289337499,10.4279903845797,11.191683066202492,13.297544110307589,14.234197881316444,7.488274572034474,8.035225519785767,0.2296438405099441,0.8088235294117647,0.7757352941176471,36.30514705882353,34.06985294117647
E3:no_offense,season_2013,256,8.71599033063326,8.773499424782463,5.841463418634316,5.256243099397649,8.175373527929468,7.312538704471489,10.205618647421892,11.512244781146553,13.17143964612212,14.776147312319258,7.402999557024838,8.265742119472131,0.21837920342074088,0.8671875,0.7734375,38.796875,34.8125
E3:no_offense,season_2014,256,9.226056217265977,8.400723751028167,6.225205920069796,5.470321551992143,8.830194261697603,7.777303207635537,11.671302092143163,11.917523271349317,14.910331271222917,14.45027437559807,8.416825303713892,8.24622080242979,0.2224944806932658,0.80078125,0.76953125,38.875,34.84375
E3:no_offense,season_2015,256,8.5203912962368,7.696486349550411,5.599014770038028,5.279921839848752,7.804018969269556,7.470780429572715,10.344591662650565,11.080444165170093,13.244203520610876,13.940111429502354,7.419720174336929,7.846521726640207,0.23143677747060803,0.8671875,0.7890625,38.44921875,35.32421875
E3:no_offense,season_2016,256,8.050229832201135,7.796045674218774,5.1827085276707905,5.086221123080591,7.305495342617284,7.1752659831202985,9.671148168978103,10.4793609011255,12.39655896266895,13.206626837966093,6.972587435854413,7.467354855126855,0.23379588436545876,0.875,0.8125,37.23828125,35.0
E3:no_offense,season_2017,256,9.078830652805742,7.9399434811518805,6.038803207022016,5.521085975144007,8.583834735322325,7.769152587367733,10.86911846853499,12.048597007711209,13.896091931938228,15.181575871754685,7.7721664013769285,8.545317527508246,0.22566507917850495,0.8359375,0.74609375,36.88671875,34.93359375
E3:no_offense,season_2018,256,9.017996384861481,8.26723758052272,5.950206244018423,5.63119679720943,8.33319170386347,7.952155548977755,10.142579143305388,11.86987692281524,13.525301300213291,15.496463010728403,7.490355348979106,8.576759543244862,0.2196957196183644,0.8359375,0.765625,36.71875,35.01171875
E3:no_offense,season_2019,256,8.752633729865096,7.854434580318853,5.441093517211886,5.70577392237754,7.702823360980173,8.124189561495783,11.031350527405188,11.116847507431189,14.15065861480558,13.875632969961224,7.931075489635501,7.805642028148723,0.2356271985179766,0.83203125,0.828125,36.58203125,35.22265625
E3:no_offense,season_2020,256,8.831447986088865,8.091754720867918,5.384434177338271,5.909576610092184,7.551133955298285,8.362599264340599,10.523658914231412,11.429872770054526,13.582162362263036,14.566855950039047,7.584595024753591,8.224553156596514,0.23459830160073414,0.8125,0.79296875,36.53125,35.078125
E3:no_offense,season_2021,272,9.249888084922246,7.97002265748931,6.005625898421842,5.781399780243397,8.590935323961858,8.392949732512237,11.682847422408221,11.97297428100799,14.598343185068542,14.639252748601379,8.245830627165981,8.376461281570206,0.24125914343595128,0.8125,0.7463235294117647,36.9264705882353,34.9375
E3:no_offense,season_2022,271,8.201628583793347,7.435604339134791,5.203040877159595,5.2524289937591675,7.332741047615129,7.374490921427829,9.216210129009337,11.433467914213438,11.92728071158757,14.27807757502989,6.705266366437293,8.019038861553728,0.2368479763982185,0.8745387453874539,0.7970479704797048,36.44649446494465,35.025830258302584
E3:no_offense,season_2023,272,8.693023846876887,7.565304317041125,5.667296146675661,5.391284887276764,7.863117098299881,7.736123398975799,10.777150812367623,11.02867295393675,13.96990572181692,14.09347628185296,7.794672567837157,7.822829632827482,0.23942263318985432,0.7941176470588235,0.7867647058823529,35.98529411764706,34.713235294117645
E3:no_offense,season_2024,272,8.585198337926304,7.705160368137371,5.770184359899301,5.240439136923036,8.14879160174495,7.4215388427469655,10.942419319400141,10.236657405437636,14.179722892105108,13.38157547648863,7.8965257713950034,7.42011031592347,0.24421336411926517,0.7941176470588235,0.8345588235294118,36.205882352941174,34.25735294117647
E3:no_offense,season_2025,272,8.645310160288592,7.518999649945155,5.412806433770747,5.605571185859329,7.630848654203611,7.78742289337499,10.4279903845797,11.191683066202492,13.297544110307589,14.234197881316444,7.488274572034474,8.035225519785767,0.2296438405099441,0.8088235294117647,0.7757352941176471,36.30514705882353,34.06985294117647
E3:no_prior_season_carryover,all_issued,3407,8.497556951602443,7.862031869839182,5.493386641208937,5.342819684326318,7.734725051401717,7.560116124277958,10.473488079080262,10.89877274089401,13.47863122661243,13.718479926839132,7.5385182626549,7.711538250354524,0.22895050668107111,0.8406222483122983,0.8071617258585265,37.06838861168183,34.91664220722043
E3:no_prior_season_carryover,development,3135,8.503122019840205,7.896500403279725,5.5124350067180155,5.331723275608266,7.762605079299485,7.545291600407063,10.47717735801457,10.911331837685443,13.49988876932245,13.729215778299304,7.545190580867869,7.713707012171701,0.22876907473182395,0.8417862838915471,0.8079744816586922,37.125039872408294,34.99489633173844
E3:no_prior_season_carryover,exposed_2025,272,8.433415448200291,7.46475667742704,5.2738402225657,5.470713953925894,7.413387229859417,7.730979662275209,10.430966426657267,10.754019915742742,13.231157343774491,13.594129341556993,7.461614889134112,7.686541675733749,0.23104164330199026,0.8272058823529411,0.7977941176470589,36.41544117647059,34.01470588235294
E3:no_prior_season_carryover,season_2013,256,8.474924987463675,8.721768455655074,5.6151739698667,5.176110304467251,7.782692479096934,7.226711871561715,10.021908065196948,11.248694097045096,12.882381744379872,14.23525146385206,7.240119320960331,7.993476341953507,0.2143900599243656,0.890625,0.7890625,38.70703125,34.66015625
E3:no_prior_season_carryover,season_2014,256,8.919480407468528,8.330608738877796,5.971644222578612,5.339272589946976,8.561260803525872,7.619996925605831,11.716416434760417,11.234919171360183,14.946397379981894,13.477438656775252,8.402477357972414,7.7029901149366555,0.22147069963958177,0.82421875,0.80859375,38.69921875,34.80859375
E3:no_prior_season_carryover,season_2015,256,8.369647270475694,7.662330855062427,5.489436537262364,5.189522662921644,7.623371399111525,7.32308035340947,10.47838351406627,10.603224876708397,13.336415082856414,13.454465273060642,7.462784522338586,7.545696933055909,0.23349943648276789,0.87109375,0.828125,38.3515625,35.6640625
E3:no_prior_season_carryover,season_2016,256,7.91807064227454,7.768053545007157,5.024640611975945,5.084621007242043,7.106407366128471,7.234080488168228,9.564212634619452,10.217001766362753,12.194634530997481,12.978128397885948,6.883168858074403,7.306878169315521,0.23124214829119238,0.87109375,0.8359375,37.296875,35.1171875
E3:no_prior_season_carryover,season_2017,256,8.807608151646779,7.874440738887364,5.878684483443745,5.320643018460551,8.181239602805757,7.520731783109441,10.810468383177621,11.537884506039251,13.801697448609847,14.45903123453028,7.724172407002104,8.128925859935563,0.22426005636481752,0.84375,0.7734375,36.84375,35.07421875
E3:no_prior_season_carryover,season_2018,256,8.701012281990259,8.184107806899277,5.669625636274958,5.49896193231738,7.954868531327455,7.640195380611761,10.212468326817852,11.128257864880108,13.54605345647866,14.453401956595142,7.499385856849182,8.012610911083197,0.2190697301060279,0.83984375,0.8046875,36.8828125,35.06640625
E3:no_prior_season_carryover,season_2019,256,8.64661253893915,7.8306198952308215,5.415976240857271,5.6051993723022235,7.674247125557782,7.91555475824301,10.871790399295119,10.88883348216235,14.02022308395347,13.672076030324831,7.843506430421691,7.688268427464563,0.23270274725918533,0.82421875,0.8046875,36.60546875,35.375
E3:no_prior_season_carryover,season_2020,256,8.608931199088673,8.034838140430814,5.211713965957299,5.802802188419086,7.314140618685793,8.28607612081261,10.37009218603313,10.949795131601277,13.443171038479766,13.95529723572312,7.501863744399438,7.899182179577306,0.23254499734544093,0.82421875,0.80078125,36.5234375,35.421875
E3:no_prior_season_carryover,season_2021,272,8.875726599681412,7.8907068886817076,5.801768930589522,5.5193483332412825,8.383155111760843,7.856527486233894,11.566995907283726,11.127483848720491,14.512498466451639,13.667919898654016,8.181471688803104,7.752419289037298,0.2424062233933314,0.8051470588235294,0.8125,37.05882352941177,34.86764705882353
E3:no_prior_season_carryover,season_2022,271,7.989061476491619,7.389755302925219,5.07079525711967,5.1010066546090345,7.123973479424595,7.1528806178405455,9.141633676886162,11.039899162133178,11.777098507503283,13.795393059744471,6.621885823386738,7.739886726045583,0.23060131729295208,0.8819188191881919,0.7933579335793358,36.54612546125461,35.02214022140221
E3:no_prior_season_carryover,season_2023,272,8.511042727286332,7.517718271057057,5.480388722387929,5.346057042544235,7.654377981560849,7.717818627438614,10.631522694708895,10.940051430722107,13.809618828505277,13.592548895223949,7.693734900968536,7.597637681672167,0.23544534566799477,0.8125,0.8088235294117647,35.9889705882353,34.66544117647059
E3:no_prior_season_carryover,season_2024,272,8.238239045667944,7.623826399526736,5.528184039368214,5.0176593233215385,7.794907206540389,7.072172391370536,10.348756638022184,10.050877399928588,13.421621899956001,12.966847465421681,7.495848253575118,7.230041457398774,0.22636918164475062,0.8161764705882353,0.8345588235294118,36.16544117647059,34.268382352941174
E3:no_prior_season_carryover,season_2025,272,8.433415448200291,7.46475667742704,5.2738402225657,5.470713953925894,7.413387229859417,7.730979662275209,10.430966426657267,10.754019915742742,13.231157343774491,13.594129341556993,7.461614889134112,7.686541675733749,0.23104164330199026,0.8272058823529411,0.7977941176470589,36.41544117647059,34.01470588235294
E3:no_team_identity,all_issued,3407,8.811467115580584,7.929929498726771,5.704620937514741,5.538206690936505,8.018114220373118,7.875059424178096,11.091131843079117,11.022967675250245,14.312655379881443,13.888346077181865,7.999545223033765,7.806947212827855,0.24727593289538627,0.8098033460522454,0.7992368652773701,37.17375990607572,34.923099501027295
E3:no_team_identity,development,3135,8.813159393897205,7.963396298898556,5.7185020189105185,5.527627173207707,8.039046930084421,7.865862132483361,11.093257647034097,11.027132629471684,14.326529621965516,13.894550167483539,8.001797587556398,7.806193197720274,0.24709908706833472,0.8124401913875599,0.7987240829346093,37.191068580542264,35.00318979266348
E3:no_team_identity,exposed_2025,272,8.7919623636592,7.544200018805661,5.544631267750894,5.660143411818054,7.776849349252014,7.9810649736743855,11.066630389406843,10.97496351538183,14.151762711582332,13.816638283663947,7.973585065760052,7.8156377913655986,0.24931421108585136,0.7794117647058824,0.8051470588235294,36.974264705882355,34.0
E3:no_team_identity,season_2013,256,8.925203835869954,8.809470276484706,5.9383517834151895,5.411996494447465,8.241060161150415,7.57942501193262,10.906765319876865,11.342439740170594,14.128610843447497,14.497594621601756,7.919131278869183,8.146761037357754,0.24134559612924888,0.84765625,0.7578125,39.796875,33.8828125
E3:no_team_identity,season_2014,256,9.267206718498741,8.401444004004196,6.152684440305808,5.594051915000083,8.71805552083578,8.011891587483102,12.391094404680246,11.415216746056078,15.634389262155267,13.772355920421377,8.864568395132936,7.877188649849019,0.24527864843734642,0.8046875,0.7734375,39.578125,34.7265625
E3:no_team_identity,season_2015,256,8.65968939145022,7.724165341949582,5.662679096780832,5.397167452955201,7.941696503761565,7.688983474558642,10.928193658519401,10.753863521704377,14.168477036891362,13.551904921767061,7.902227735676719,7.611014609617108,0.24942137283285504,0.83984375,0.80859375,38.3671875,36.0
E3:no_team_identity,season_2016,256,8.209127443427278,7.833494837936997,5.216631821904597,5.27909433863607,7.378831987018694,7.514707345551949,9.960261660263548,10.466938058706656,12.845580860425233,13.334556313142956,7.204485884281873,7.487685955941736,0.24456126529149808,0.8671875,0.81640625,36.9296875,35.109375
E3:no_team_identity,season_2017,256,9.008316126943935,7.913739523172294,6.0041592479279595,5.457459700356198,8.434307793420018,7.753080169802343,11.533000424870291,11.388309236939524,14.592987164437465,14.231266137842146,8.207624892463365,7.999632248313528,0.24537596331842107,0.80078125,0.77734375,36.8671875,35.39453125
E3:no_team_identity,season_2018,256,9.032901346964099,8.258924694420102,6.025797776630871,5.564833262129583,8.461517193018008,7.729129751875446,10.705936527311632,11.305503941450699,14.322303455450989,14.764250766850163,7.941019474616882,8.17229784779736,0.24143934550885307,0.8125,0.7890625,36.23828125,35.12109375
E3:no_team_identity,season_2019,256,9.019694338368964,7.91262539589974,5.6078066519438305,5.912333852488641,7.899881428663485,8.424027721944864,11.646826482273992,11.127972685595942,14.971809810919432,13.878501607585441,8.357120150140023,7.813517987310714,0.2510816510635049,0.79296875,0.80078125,36.85546875,35.4140625
E3:no_team_identity,season_2020,256,8.933105944056717,8.107911929375218,5.425765927748226,6.000226038170732,7.532382806003023,8.555581424444384,11.104203885348825,11.249498416596857,14.29030400251121,14.16920449261269,7.955009652966856,8.033230910771104,0.2515919268595803,0.77734375,0.8046875,36.125,35.50390625
E3:no_team_identity,season_2021,272,9.190953201270766,7.959759941253663,5.983564886497596,5.7486128082522026,8.539616238243003,8.34416288693831,12.171851526935116,11.106474918697927,15.434276206092065,13.70988615744476,8.695813011620956,7.7950766506429146,0.2507879195781923,0.7720588235294118,0.8125,36.99264705882353,35.0
E3:no_team_identity,season_2022,271,8.20932029546935,7.432582481209883,5.183221876784484,5.291614518988885,7.304431591655131,7.509144069441352,9.549339195572362,11.244681948252973,12.321951416896443,13.927549573632048,6.895150692963703,7.82787580829153,0.24674386369903628,0.8634686346863468,0.8154981549815498,36.35055350553505,35.0
E3:no_team_identity,season_2023,272,8.73082937897986,7.573409886618315,5.673234592259871,5.426872819263181,7.908835679593096,7.788519558566062,11.09598797205818,10.9287532985889,14.427160732984651,13.757889446177929,8.033932469767478,7.663384150231864,0.2468719498059465,0.8051470588235294,0.7941176470588235,36.05882352941177,34.44485294117647
E3:no_team_identity,season_2024,272,8.601695884922504,7.705076083190263,5.762973512167573,5.269697870606227,8.122619463212242,7.509788737189877,11.145261664560783,10.04572010818621,14.463321112901728,13.118053842505883,8.061231019987654,7.287425388774955,0.25029429943871323,0.7683823529411765,0.8308823529411765,36.31985294117647,34.50735294117647
E3:no_team_identity,season_2025,272,8.7919623636592,7.544200018805661,5.544631267750894,5.660143411818054,7.776849349252014,7.9810649736743855,11.066630389406843,10.97496351538183,14.151762711582332,13.816638283663947,7.973585065760052,7.8156377913655986,0.24931421108585136,0.7794117647058824,0.8051470588235294,36.974264705882355,34.0
E3:no_time_decay,all_issued,3407,8.412788775544465,7.844666021440381,5.424229322103605,5.302907743234145,7.650088417896774,7.491666524418085,10.309607682484675,10.857083294355638,13.259912534278355,13.671017791749275,7.4149664563613005,7.683502930184767,0.2229230032509179,0.8479600821837393,0.8100968594071031,37.0748459054887,34.8004109186968
E3:no_time_decay,development,3135,8.421735275632212,7.879931128008684,5.445466081693893,5.29328934254832,7.680584449200183,7.478086572378995,10.305987182168952,10.87644828766494,13.277305289935786,13.695351048697464,7.4205280748459295,7.693706994404303,0.22263362859676064,0.8484848484848485,0.8092503987240829,37.13652312599681,34.87177033492823
E3:no_time_decay,exposed_2025,272,8.309673783724282,7.438209738015283,5.179460052561131,5.413766883491728,7.298599233572543,7.648185456927457,10.351336610755956,10.633887507500235,13.057776061854227,13.38736687418195,7.350864713900594,7.565893587066214,0.22625825891556153,0.8419117647058824,0.8198529411764706,36.3639705882353,33.97794117647059
E3:no_time_decay,season_2013,256,8.446607769997573,8.719428374296962,5.547564964760788,5.232935701272053,7.787811590639345,7.383538878322749,9.828113036870938,11.255026330048512,12.720345022021307,14.26341958947103,7.1459518791258425,7.999713221850229,0.2114255774110486,0.89453125,0.79296875,38.61328125,34.72265625
E3:no_time_decay,season_2014,256,8.752129525597349,8.297796407636994,5.834500318864357,5.265569691455122,8.321223134365772,7.431384541845642,11.380113751446444,11.055044414307023,14.659940388420214,13.280813174726108,8.223333444358888,7.576885631895486,0.20982704127091986,0.8203125,0.82421875,38.55859375,34.6484375
E3:no_time_decay,season_2015,256,8.310677356809824,7.649215641319536,5.446213511451333,5.151940258682318,7.5831411447395585,7.29011592700261,10.370660669323824,10.630938789165672,13.03881884843285,13.549826450000285,7.302780268569784,7.607758469817627,0.22578903725978516,0.875,0.80859375,38.20703125,35.44140625
E3:no_time_decay,season_2016,256,7.8190941280734165,7.7471435253302605,4.9589851259536655,5.004861444106764,6.948574624934199,7.068276554971392,9.374275805955998,10.246897770593549,12.00844777703007,12.861153861572907,6.774668282926113,7.26466322567222,0.22659726197916974,0.8828125,0.8515625,37.1796875,34.96875
E3:no_time_decay,season_2017,256,8.82161378640765,7.88083722901275,5.87746948715205,5.344037989204995,8.167500758587098,7.537108814047366,10.636060637380645,11.57436920981208,13.7859460810409,14.5574123353952,7.6910688789003565,8.178635016700548,0.21773978002794833,0.84375,0.76953125,36.93359375,35.0078125
E3:no_time_decay,season_2018,256,8.63186526093704,8.169269134786326,5.601591374532854,5.466364284022086,7.86184928940024,7.581239383606611,10.169728010339625,11.087791282502323,13.38660671038512,14.389424659598621,7.419373893060671,7.9872447737677446,0.2139810154049716,0.8515625,0.80859375,36.90234375,34.9765625
E3:no_time_decay,season_2019,256,8.499281771927771,7.7972707298680675,5.326078973181455,5.484340569778616,7.543460711774637,7.695210451878599,10.604344828281146,10.8843253617209,13.633883397370917,13.56936963540514,7.6453452625047404,7.652932204312361,0.22508511754318425,0.84765625,0.796875,36.73828125,35.12109375
E3:no_time_decay,season_2020,256,8.575776272298803,8.03148316365245,5.1554190689519155,5.8134865248065335,7.274777532010188,8.224097347789936,10.211345011457496,11.081232885226486,13.17374916235477,14.111170389590106,7.354311879590528,7.993626508059256,0.22512711051283654,0.83203125,0.79296875,36.671875,35.015625
E3:no_time_decay,season_2021,272,8.768849822446299,7.869622301337283,5.721986211646257,5.466544895650052,8.29170470254682,7.751466893385267,11.409771952431177,11.03549585091576,14.27442620141602,13.60137498919966,8.034838218669643,7.700385027829603,0.2367234184009515,0.8272058823529411,0.8088235294117647,37.11029411764706,34.661764705882355
E3:no_time_decay,season_2022,271,7.926833124301637,7.375351971508071,5.040394355784015,5.055485206197303,7.118603392929009,7.1280609677263085,9.048324721727646,10.901250640929106,11.684738971936456,13.682821511490411,6.568904982696229,7.675622949274722,0.2247052330371431,0.8745387453874539,0.8044280442804428,36.53874538745387,34.91143911439114
E3:no_time_decay,season_2023,272,8.36937231612881,7.48433044807795,5.3699673426196055,5.28165460197372,7.502716867092507,7.640276213311699,10.415905065395885,10.83500076421874,13.405017689439031,13.53452190975078,7.4883229665712205,7.538517853351764,0.23074182999828563,0.8125,0.8125,36.169117647058826,34.731617647058826
E3:no_time_decay,season_2024,272,8.16532407163293,7.609275137780643,5.4747620800418355,4.975919117807915,7.766151957667108,7.027698348785771,10.226034483059355,9.977393793076562,13.275497704511587,12.88754131777708,7.405635926295382,7.190303335262454,0.22236890783919533,0.8235294117647058,0.8382352941176471,36.17279411764706,34.30882352941177
E3:no_time_decay,season_2025,272,8.309673783724282,7.438209738015283,5.179460052561131,5.413766883491728,7.298599233572543,7.648185456927457,10.351336610755956,10.633887507500235,13.057776061854227,13.38736687418195,7.350864713900594,7.565893587066214,0.22625825891556153,0.8419117647058824,0.8198529411764706,36.3639705882353,33.97794117647059
E3:shuffled_identity,all_issued,3407,8.998485083201105,7.974018232862009,5.7982305106763805,5.686027840376521,8.142292978835027,8.053306775623676,11.488829558890084,11.181165600158916,14.724736542938567,14.08752673838534,8.224304025398965,7.915385192250709,0.2557942764637454,0.791899031405929,0.796008218373936,37.057822130906956,34.93249192838274
E3:shuffled_identity,development,3135,9.001965894239056,8.007562372065834,5.809323255771545,5.679326441782507,8.16297617728615,8.049281422929214,11.496366181231481,11.184703240163747,14.739958379087454,14.095240605750291,8.229748524878813,7.916385941076407,0.2557720433486591,0.7923444976076555,0.7955342902711324,37.1097288676236,35.01116427432217
E3:shuffled_identity,exposed_2025,272,8.958366176568829,7.587397363729699,5.670378467024384,5.76326638667151,7.903903908451669,8.099701925245494,11.401964444771385,11.14039169789733,14.548144077008299,13.998311909416804,8.161552165585277,7.903850826189824,0.25605052946299417,0.7867647058823529,0.8014705882352942,36.45955882352941,34.025735294117645
E3:shuffled_identity,season_2013,256,9.150113442469284,8.888185694248477,6.055206542070346,5.585373179505341,8.39690232088364,7.731372162679238,11.293481937515422,11.610968546057311,14.551877830948092,15.02229425613253,8.110755195697573,8.363840018465002,0.2485065679624275,0.81640625,0.78125,38.6875,34.72265625
E3:shuffled_identity,season_2014,256,9.630041823348826,8.485217473883495,6.372236459898745,5.823446783414044,8.995248664346102,8.257456519469198,13.088071687214471,11.63651728631956,16.46011432173212,14.109746886773914,9.351071330337742,8.066713811044416,0.25668176424311495,0.73046875,0.76953125,38.7890625,34.90234375
E3:shuffled_identity,season_2015,256,8.739761412721126,7.7438486510321365,5.684530316850081,5.473769007558888,7.857164942029983,7.730784034831023,11.074988392299689,10.827696937581749,14.269131615611737,13.739619562715967,7.967674684352045,7.693780682187638,0.2504632098798492,0.8046875,0.82421875,38.36328125,35.6484375
E3:shuffled_identity,season_2016,256,8.34947920669201,7.863834254189079,5.327896127652093,5.348939798528307,7.54263086424978,7.621946483209211,10.208718465091739,10.671035247449396,13.103898667799282,13.534639995063868,7.342189111041758,7.598247581954635,0.24896869824915913,0.828125,0.81640625,37.30078125,35.11328125
E3:shuffled_identity,season_2017,256,9.25851802913034,7.965505793515992,6.104491722093964,5.678956560155648,8.588228633066905,8.013880290894027,12.402964287194115,11.369845755510035,15.354603151631693,14.198663465969545,8.671600987449132,7.983596865490444,0.2683690424424316,0.78125,0.7734375,36.8984375,34.98046875
E3:shuffled_identity,season_2018,256,9.102232328802131,8.273771771501794,5.958542212522289,5.710989979592877,8.35469427532892,7.933844195905009,11.214453053774935,11.37377131677683,14.551907430786919,14.749038785791898,8.077614481226028,8.176482382487558,0.24371989894432605,0.828125,0.79296875,36.8046875,35.13671875
E3:shuffled_identity,season_2019,256,9.189376307405423,7.94370348607668,5.71308320556588,6.03041609433518,8.127435863951348,8.559811732184091,12.005375315486623,11.302122275950289,15.265216862110634,14.011450860890298,8.560269087890038,7.903141717155031,0.25816204945544646,0.76171875,0.80078125,36.55859375,35.30859375
E3:shuffled_identity,season_2020,256,9.078172385904711,8.13856013581376,5.488487377626217,6.131904085407532,7.695667229675329,8.739013351386687,11.408209439999563,11.29439795540854,14.643911633713875,14.234528243092512,8.162484300720212,8.072456294655321,0.2615242571422175,0.77734375,0.78515625,36.4921875,35.43359375
E3:shuffled_identity,season_2021,272,9.439712726343478,8.020442860485124,6.058890783188458,6.012427848423686,8.603795462823147,8.658464989764289,12.73834362918403,11.17269518338203,16.136215641099657,13.831968326119734,9.07157466725459,7.8374574503240355,0.2692064198815589,0.7647058823529411,0.8051470588235294,37.04044117647059,34.893382352941174
E3:shuffled_identity,season_2022,271,8.418071182062704,7.477464011402561,5.311205856812646,5.443214444414252,7.5235363825145685,7.726329484606781,9.79599504782015,11.42671584860896,12.800904251500656,14.140247728926386,7.105927128837952,7.970433379274296,0.2524076143898052,0.8413284132841329,0.7896678966789668,36.50922509225092,35.05904059040591
E3:shuffled_identity,season_2023,272,8.909187492885344,7.609251130278113,5.768961597680775,5.549050165380528,7.985822127297422,8.021475306760209,11.465235105538326,11.197003929744564,14.58312777513216,14.098369323245532,8.158103164455946,7.874500693084521,0.256896617663749,0.7904411764705882,0.7867647058823529,35.904411764705884,34.716911764705884
E3:shuffled_identity,season_2024,272,8.78512876740038,7.752080680962386,5.880038372042485,5.383101528462173,8.29718726644722,7.60721457587138,11.296973103828515,10.37036596316227,14.763511391764988,13.445344459319474,8.197449461778705,7.487189227953747,0.2537706660898099,0.7830882352941176,0.8198529411764706,36.143382352941174,34.286764705882355
E3:shuffled_identity,season_2025,272,8.958366176568829,7.587397363729699,5.670378467024384,5.76326638667151,7.903903908451669,8.099701925245494,11.401964444771385,11.14039169789733,14.548144077008299,13.998311909416804,8.161552165585277,7.903850826189824,0.25605052946299417,0.7867647058823529,0.8014705882352942,36.45955882352941,34.025735294117645
E3:zero_scoring_level_update,all_issued,3407,8.479408938609438,7.86018329192432,5.463187881492149,5.347925755580866,7.6901306933832005,7.5622046742613085,10.296994809840122,11.022967674550815,13.254329528666123,13.88834607522657,7.4126540939111525,7.806768255364381,0.222767967899374,0.8497211623128852,0.7992368652773701,37.12943938949222,34.90548869973584
E3:zero_scoring_level_update,development,3135,8.481875341650762,7.893950945047408,5.48189320366463,5.3325783326209,7.716084197661217,7.5412909279522555,10.292027378990637,11.027132628880453,13.270319048839061,13.89455016543474,7.417670072294638,7.80594051879629,0.22244845663192062,0.8503987240829346,0.7987240829346093,37.192663476874,34.984051036682615
E3:zero_scoring_level_update,exposed_2025,272,8.450981830026539,7.470986260524045,5.247595289540937,5.524816090064299,7.390997473120035,7.803250978227769,10.354248102903139,10.974963513435348,13.068626471581469,13.816638282792422,7.354841254822077,7.816308527941447,0.22645057019153012,0.8419117647058824,0.8051470588235294,36.400735294117645,34.0
E3:zero_scoring_level_update,season_2013,256,8.517283071793244,8.731906123083801,5.63091584014934,5.2266077669707744,7.739285310784309,7.397749411800627,9.82404825062409,11.342439740564863,12.71936488922316,14.497594620746467,7.1443186582957,8.146557168753139,0.21127932196741506,0.90234375,0.7578125,38.8125,33.7734375
E3:zero_scoring_level_update,season_2014,256,8.918360915246692,8.33447160380636,5.926533946367945,5.37336967741673,8.445365724510022,7.59414271440264,11.396392794915254,11.415216745993941,14.666086321257797,13.772355919141683,8.2389482542299,7.875840615810542,0.2101975704676191,0.80859375,0.7734375,38.6484375,34.7578125
E3:zero_scoring_level_update,season_2015,256,8.310999152163955,7.650026348831583,5.4594252419205205,5.133589670129825,7.612610165041514,7.3081519212480766,10.36654867071728,10.753863519959138,13.037087884711955,13.551904917908125,7.306383983037517,7.6127586265805975,0.22615569334585928,0.87890625,0.80859375,38.30078125,35.98828125
E3:zero_scoring_level_update,season_2016,256,7.951500601807391,7.782366761235187,4.9947223180360965,5.146658869448614,6.980778242120484,7.22923154799696,9.373037951232988,10.466938056718995,12.011866474985245,13.334556312576543,6.7768570123397165,7.487848395722958,0.22682784762346642,0.89453125,0.81640625,37.28125,35.10546875
E3:zero_scoring_level_update,season_2017,256,8.719266586928288,7.856472091132992,5.7826484668474265,5.305399835215975,8.114810019719974,7.506387520657006,10.636454733334004,11.388309238817948,13.785812912722143,14.231266138632382,7.69184073299647,7.9995767021978015,0.21786623235924263,0.83984375,0.77734375,36.921875,35.38671875
E3:zero_scoring_level_update,season_2018,256,8.743785562911084,8.197040755096054,5.695692151514601,5.527422618433649,8.01962391676293,7.705025018553077,10.170508797672754,11.30550394046876,13.38755215637999,14.764250766018705,7.418681402108943,8.169594360731423,0.2139560141646667,0.8515625,0.7890625,36.91796875,35.14453125
E3:zero_scoring_level_update,season_2019,256,8.586059627967044,7.8165039409514705,5.353422759458496,5.5810493370587295,7.584687493088053,7.913304470506859,10.551834141842013,11.127972681653613,13.582362529856663,13.878501602690768,7.621102137601895,7.813011774055576,0.22460962450062644,0.84765625,0.80078125,36.82421875,35.4453125
E3:zero_scoring_level_update,season_2020,256,8.574134718957229,8.02992391804526,5.182271802236814,5.780882508570664,7.308100000182767,8.21817092909669,10.17173877723397,11.249498415762446,13.097219121432452,14.169204491056819,7.318701360251765,8.031893259112115,0.22383887848978182,0.83984375,0.8046875,36.71875,35.44921875
E3:zero_scoring_level_update,season_2021,272,8.811917443689705,7.876424080357123,5.754515337090242,5.480603450318397,8.29809182158199,7.800543980227992,11.356510755201382,11.106474917239813,14.26787761553439,13.70988614886215,8.03009036843511,7.795815795875549,0.23550996158328577,0.8235294117647058,0.8125,37.20955882352941,34.93382352941177
E3:zero_scoring_level_update,season_2022,271,8.026394701268666,7.395569907686322,5.089086675984036,5.147659431648233,7.1669149104911005,7.244518035790566,9.035842366593837,11.244681949319597,11.703826445229597,13.927549572975504,6.575054525173214,7.827319493665809,0.22499740633796414,0.8819188191881919,0.8154981549815498,36.57564575645756,35.0
E3:zero_scoring_level_update,season_2023,272,8.428645679186703,7.503750054175171,5.422078663056447,5.2925545301301335,7.554983918608055,7.557631620579694,10.413290012699795,10.92875329783986,13.424285648635784,13.757889444476874,7.488789069916412,7.663096521396884,0.2304829801399475,0.8198529411764706,0.7941176470588235,36.161764705882355,34.38970588235294
E3:zero_scoring_level_update,season_2024,272,8.219916035803555,7.624482530695118,5.499989740680322,5.018836189695374,7.770244979071183,7.051415600148288,10.212582091253953,10.045720109369014,13.279194053731542,13.118053841919977,7.4084974508437105,7.288614272742689,0.22220717443963955,0.8198529411764706,0.8308823529411765,36.106617647058826,34.50367647058823
E3:zero_scoring_level_update,season_2025,272,8.450981830026539,7.470986260524045,5.247595289540937,5.524816090064299,7.390997473120035,7.803250978227769,10.354248102903139,10.974963513435348,13.068626471581469,13.816638282792422,7.354841254822077,7.816308527941447,0.22645057019153012,0.8419117647058824,0.8051470588235294,36.400735294117645,34.0
E3:zero_strength_update,all_issued,3407,8.74021152306189,7.913462633103638,5.673530798653377,5.477640116489063,8.001744289056562,7.77614921567544,11.091131843552125,10.859379991637848,14.31265538014763,13.66535791474547,7.999145876689183,7.680388572402841,0.24721771360979888,0.8095098326973877,0.8136190196653947,37.12797182271793,34.90871734663927
E3:zero_strength_update,development,3135,8.747355627410421,7.948211249451665,5.690878852996567,5.470121669985183,8.023466524879604,7.7711797349359175,11.093257647546276,10.878513057141427,14.326529622247776,13.688533906105542,8.001350182410796,7.690006808376783,0.24703839760610524,0.8121212121212121,0.8130781499202552,37.150239234449764,34.98341307814992
E3:zero_strength_update,exposed_2025,272,8.657870467427143,7.512959279239436,5.4735817164257945,5.564295740715771,7.7513795489637936,7.833426135228383,11.066630389428393,10.638857343278588,14.151762711660995,13.395343445054298,7.973739632434566,7.569531330570834,0.24928446240237095,0.7794117647058824,0.8198529411764706,36.87132352941177,34.04779411764706
E3:zero_strength_update,season_2013,256,8.847075303615513,8.793726312562274,5.862373935975224,5.4006658217710894,8.204456056654639,7.573867689856339,10.90676532237416,11.241142438262987,14.128610844392965,14.235790566899947,7.924205653147042,7.982940121521603,0.24126789346356714,0.83984375,0.8046875,39.10546875,34.89453125
E3:zero_strength_update,season_2014,256,9.110308663159028,8.365566879433494,6.098680007137702,5.465924815502278,8.675539717692063,7.788463681839982,12.39109440563659,11.073732178863267,15.634389262019766,13.288546771667026,8.852570211789008,7.583280889074858,0.24507078826156664,0.8046875,0.81640625,39.48828125,34.78515625
E3:zero_strength_update,season_2015,256,8.658125359311004,7.724474277512038,5.667800664915406,5.392679990949652,7.8959058022553235,7.6423974636242775,10.928193659326084,10.648165125503423,14.16847703705503,13.547974165919799,7.902635174172281,7.604183179965541,0.2491935254051923,0.8359375,0.8125,38.58984375,35.60546875
E3:zero_strength_update,season_2016,256,8.076825366681739,7.7990773310532955,5.190762961670548,5.125317335487742,7.389183583629149,7.311845625087587,9.960261660315439,10.239852459810866,12.845580861015126,12.86162550381844,7.206719437717145,7.263835741027748,0.24446871664972894,0.86328125,0.84765625,36.98828125,35.0859375
E3:zero_strength_update,season_2017,256,9.112873651307229,7.938197733934791,6.103350897578662,5.492307143830997,8.593174852819516,7.819169028607401,11.53300042502045,11.578556679816217,14.592987164648774,14.564061759225172,8.209292166378312,8.18219644022767,0.24532211897657066,0.80078125,0.76953125,36.74609375,35.046875
E3:zero_strength_update,season_2018,256,8.920764074623342,8.230829321094799,5.940969419634762,5.495554244620285,8.354167353113858,7.6282005416888685,10.705936527369634,11.093257480712044,14.322303455480114,14.391931123393437,7.9413021586273995,7.988080810600708,0.24146177097273455,0.8125,0.80859375,36.24609375,35.10546875
E3:zero_strength_update,season_2019,256,8.91434445282344,7.890053108929193,5.5738614735435,5.793985788910943,7.866551584528201,8.176673115465954,11.646826482252951,10.888227396826121,14.97180981090145,13.569843108439661,8.354003340295495,7.6535446728873575,0.25101725290611127,0.79296875,0.80078125,36.69140625,35.2265625
E3:zero_strength_update,season_2020,256,8.878952807684232,8.097063880489246,5.4026386109860685,5.953722331918773,7.560969765910771,8.467588523419797,11.104203885382653,11.036217289478286,14.290304002459104,14.007875185045597,7.954476745017447,7.936999547871439,0.25157119913362624,0.77734375,0.796875,36.21875,35.1796875
E3:zero_strength_update,season_2021,272,9.137021693768036,7.952085201509857,5.969551221668384,5.694574717288708,8.52224602604761,8.271533870740631,12.171851527298125,11.050475005344934,15.434276206459932,13.598563327417061,8.696746493980875,7.695055090504989,0.25078027777400513,0.7720588235294118,0.8382352941176471,36.966911764705884,35.018382352941174
E3:zero_strength_update,season_2022,271,8.120712938894203,7.415692518129663,5.143888177646098,5.198595686128235,7.263221248756999,7.332246883452601,9.549339195567027,10.949015184713453,12.321951417023485,13.718319208885047,6.894744567464945,7.698453188132006,0.24671803668241102,0.8634686346863468,0.8007380073800738,36.428044280442805,35.1070110701107
E3:zero_strength_update,season_2023,272,8.668367631149682,7.552725637420152,5.607161917080504,5.424369805508709,7.8662756192030585,7.8701290613879635,11.095987972353877,10.808170485125736,14.427160733480443,13.519159840403912,8.035415619225416,7.531972457425814,0.24691292836991857,0.8125,0.8161764705882353,36.00367647058823,34.643382352941174
E3:zero_strength_update,season_2024,272,8.55238143837172,7.690808463626944,5.745931667548996,5.2238925778529675,8.107830287226951,7.384472774464628,11.14526166554413,9.980959842128925,14.463321113592045,12.904071458309515,8.059693007992037,7.199276904510917,0.2502672075226847,0.7720588235294118,0.8419117647058824,36.49632352941177,34.16544117647059
E3:zero_strength_update,season_2025,272,8.657870467427143,7.512959279239436,5.4735817164257945,5.564295740715771,7.7513795489637936,7.833426135228383,11.066630389428393,10.638857343278588,14.151762711660995,13.395343445054298,7.973739632434566,7.569531330570834,0.24928446240237095,0.7794117647058824,0.8198529411764706,36.87132352941177,34.04779411764706
N0:availability_24h,all_issued,3407,8.47292587206406,7.856572545243495,5.491446585888172,5.310770915630425,7.731011306795126,7.513724707269762,10.428345315980168,10.837697698112782,13.479145333820238,13.646641221082524,7.538091663377644,7.671369466292705,0.22860178499431594,0.843263868506017,0.8112709128265336,37.0997945406516,34.89727032579982
N0:availability_24h,development,3135,8.480853937517917,7.89152238529751,5.514336733727596,5.298554343323607,7.763239469152346,7.49690254074065,10.430891061814826,10.853914457381931,13.499174693503665,13.664862354569046,7.544511054147453,7.678411934388704,0.22852277594190581,0.8446570972886762,0.8121212121212121,37.145773524720894,34.93365231259968
N0:availability_24h,exposed_2025,272,8.38154908824845,7.453749940209175,5.2276208010477525,5.451575894240263,7.359558038449955,7.707612545757881,10.399003723363794,10.650787623448155,13.246106227035563,13.43484552141582,7.464103464615335,7.590199843200971,0.22951242241823402,0.8272058823529411,0.8014705882352942,36.56985294117647,34.47794117647059
N0:availability_24h,season_2013,256,8.53567239196212,8.728683837041014,5.642870011978786,5.22866821381521,7.876192710265668,7.367025514390637,10.151898523917266,11.122380032242699,13.17150736012837,14.14002432908828,7.403286808604522,7.935419611782489,0.22394647452515087,0.88671875,0.78515625,38.93359375,34.93359375
N0:availability_24h,season_2014,256,8.836963549839567,8.313363033824146,5.901272643257453,5.307471184660936,8.437001984728512,7.555834708257286,11.461125280796061,11.171604019385594,14.762486432027568,13.378231140100883,8.30820641422416,7.645002244938118,0.21876719548496365,0.82421875,0.80859375,39.19921875,35.17578125
N0:availability_24h,season_2015,256,8.378837942065958,7.663683265882558,5.496171405918146,5.194252829615246,7.635691155067639,7.331785524577671,10.339998522919235,10.70751822218345,13.272833883058544,13.510980976022914,7.431012659956204,7.593616400325538,0.23262620964375902,0.87890625,0.8125,38.40234375,35.5859375
N0:availability_24h,season_2016,256,7.9198598295244915,7.766789479092706,5.046908334741831,5.059262247973891,7.121843399236555,7.16264762889452,9.51998610238584,10.322599496764337,12.22094531889094,12.953921611613783,6.8841680620419226,7.315933268890342,0.23034827617376802,0.890625,0.84375,37.18359375,35.0078125
N0:availability_24h,season_2017,256,8.838990923218786,7.884599354892806,5.911509659675622,5.331176254814294,8.246180298015085,7.506892046129602,10.937272914669478,11.349366781033037,14.06118586807543,14.34387970998985,7.857144116948698,8.046278937019794,0.22636114659513437,0.8359375,0.76171875,36.80078125,34.8125
N0:availability_24h,season_2018,256,8.67822959113325,8.178421888908783,5.75657625841418,5.369512109112195,8.08749162278321,7.405665335461635,10.134565826216921,11.187722977120742,13.473750327934775,14.457792053479276,7.467873139124594,8.026238246815552,0.2200455508961991,0.83203125,0.8046875,36.703125,35.01171875
N0:availability_24h,season_2019,256,8.558030437879504,7.808175647328799,5.385419907489763,5.502029420695585,7.615975062615991,7.756515214510779,10.807368130954211,10.946296991060327,13.809090896887767,13.585590775247722,7.739446407222554,7.661730245364993,0.22912555642131513,0.84375,0.8203125,36.72265625,35.26953125
N0:availability_24h,season_2020,256,8.552452739586236,8.025270595644805,5.244256067661895,5.678297684003836,7.3574330108748445,8.090176121913933,10.420457267425572,11.002303749097795,13.448163721942429,13.7943361059449,7.503368570288146,7.82628598269324,0.23157964203881867,0.828125,0.80078125,36.6484375,35.44140625
N0:availability_24h,season_2021,272,8.856855831052341,7.891968161418129,5.788339053524318,5.497679003054389,8.286549781580568,7.900777132160488,11.544330375673441,11.098809455650125,14.48166186853894,13.678973512023314,8.168696265735116,7.747699614081629,0.23646319677571762,0.8051470588235294,0.8345588235294118,37.12132352941177,35.24632352941177
N0:availability_24h,season_2022,271,7.942683958992935,7.377527944959598,5.023679876702501,5.099952718261926,7.028126162608024,7.229857585053937,8.91917252277387,10.884403911166322,11.710275515458209,13.702302089861782,6.578453584223207,7.681872200404622,0.22806617366973203,0.8856088560885609,0.8154981549815498,36.36531365313653,34.79335793357934
N0:availability_24h,season_2023,272,8.398956116301456,7.494911671030066,5.436897275428087,5.255461524356792,7.623232509956449,7.507387262027107,10.422210223895847,10.535703313977983,13.623694005795382,13.470410366421374,7.586108027561352,7.490029950270845,0.2315576875190794,0.8051470588235294,0.8235294117647058,35.79779411764706,34.106617647058826
N0:availability_24h,season_2024,272,8.297335719917694,7.635737471059311,5.552235860865218,5.0747608469622705,7.856447044372654,7.159127089538461,10.525898912860523,9.975934080118062,13.673112919499536,12.923073472380814,7.616841485213122,7.207508611803537,0.23247969018287018,0.8235294117647058,0.8308823529411765,36.06985294117647,33.92279411764706
N0:availability_24h,season_2025,272,8.38154908824845,7.453749940209175,5.2276208010477525,5.451575894240263,7.359558038449955,7.707612545757881,10.399003723363794,10.650787623448155,13.246106227035563,13.43484552141582,7.464103464615335,7.590199843200971,0.22951242241823402,0.8272058823529411,0.8014705882352942,36.56985294117647,34.47794117647059
N0:full,all_issued,3407,8.470085063151643,7.856062251239624,5.488619788840006,5.31015917737272,7.72691730943322,7.514395157157277,10.423988432722712,10.836529999037637,13.47422242976411,13.64122589463654,7.535397757029606,7.668730168233499,0.2284687496074018,0.842383328441444,0.8112709128265336,37.09744643381274,34.89022600528324
N0:full,development,3135,8.478405376600296,7.891023744006177,5.5120037959761605,5.297969102258352,7.7596923281710675,7.497646458619001,10.427048185473167,10.852785326061985,13.494895038496642,13.660152271768235,7.542186474443008,7.676070656512396,0.22840841407527648,0.8437001594896332,0.8124401913875599,37.14545454545455,34.92631578947368
N0:full,exposed_2025,272,8.374187332778366,7.4531053401251155,5.219101912472932,5.450658756356333,7.349161119201039,7.7074362230304265,10.388722532455503,10.649175402635658,13.233624557958949,13.4211590409561,7.457152797136154,7.584125643401355,0.22916416097950726,0.8272058823529411,0.7977941176470589,36.544117647058826,34.474264705882355
N0:full,season_2013,256,8.53370280907992,8.727699296076382,5.640104503635829,5.229957174798465,7.869243544374615,7.372016060409102,10.138531743474262,11.12500259802206,13.159787482838887,14.145258112496714,7.396194708710166,7.937713367965573,0.22345139115601137,0.88671875,0.7890625,38.96875,34.97265625
N0:full,season_2014,256,8.832482302254832,8.313242089140603,5.892956536206717,5.311335173676794,8.422858440826925,7.5657214123447645,11.451761130532294,11.169851459212914,14.766229492021875,13.361807802100286,8.307449271604392,7.636067420974141,0.21865357298448973,0.82421875,0.80859375,39.23046875,35.16015625
N0:full,season_2015,256,8.38406414666852,7.665615184238913,5.500930140460124,5.196465377904861,7.649614901950152,7.34101889859782,10.343879390245892,10.716676291613222,13.270747057696177,13.528756462394917,7.430107118705115,7.6034401275874455,0.23272795271175906,0.875,0.8125,38.36328125,35.55859375
N0:full,season_2016,256,7.913190296175471,7.7659431444706355,5.042103809968735,5.054567282294586,7.111311135156592,7.1528090418307375,9.520773082034303,10.30978786896679,12.2185663123759,12.932674485172598,6.88392605220128,7.3054082174201085,0.23031522713373037,0.88671875,0.84375,37.1953125,35.00390625
N0:full,season_2017,256,8.833213703470937,7.883069635244408,5.907059514119836,5.327876703486296,8.241570555882408,7.503841516937177,10.932602764346964,11.346870955541508,14.051879324262885,14.331569523920779,7.851922294642191,8.041725913736567,0.22633652731271087,0.8359375,0.76171875,36.78125,34.8046875
N0:full,season_2018,256,8.676188120289009,8.178502829013038,5.751940956018615,5.3714115731828525,8.080064671507406,7.413513211129265,10.124827037783426,11.195371765422092,13.459527143215926,14.46125345897478,7.461750146681984,8.028857418518706,0.2197804609898846,0.83203125,0.8046875,36.69921875,35.0078125
N0:full,season_2019,256,8.559868716134428,7.809700094845702,5.386956699361594,5.503618078779214,7.615019724197541,7.752266773679994,10.799438283461463,10.944872235600817,13.811299161811837,13.588481319143996,7.739056908018185,7.66426219428239,0.2287988611631548,0.83984375,0.8203125,36.73046875,35.234375
N0:full,season_2020,256,8.55531476064349,8.025437090249179,5.242958600178971,5.6840929118774834,7.360170341497659,8.10656846046414,10.427267229418785,11.013564801796331,13.447599971972636,13.798909048753925,7.50413466500274,7.82958856714512,0.23164977570304573,0.828125,0.80078125,36.66796875,35.4453125
N0:full,season_2021,272,8.851828313886054,7.888146987421163,5.784392536107596,5.4951083013777735,8.281048662408041,7.90209163224169,11.534304310378479,11.099013127905042,14.47736974835708,13.667251298426,8.165214571036572,7.742380161719613,0.23621574816173627,0.8051470588235294,0.8345588235294118,37.13970588235294,35.22794117647059
N0:full,season_2022,271,7.939725142350512,7.377759112184016,5.026644499534583,5.091964357876538,7.0291415825204355,7.215161536534457,8.914293943471153,10.881747461567313,11.707139282265041,13.701061090656767,6.57659987647836,7.680263121669995,0.22811460090895488,0.8856088560885609,0.8154981549815498,36.35055350553505,34.76383763837639
N0:full,season_2023,272,8.40192978761974,7.494875927429488,5.43745892607874,5.259269848982777,7.626478373274189,7.50991751150471,10.434433653410759,10.532380067758387,13.635780651631617,13.46525878727625,7.593773121843469,7.486857762154619,0.23185626788349528,0.8051470588235294,0.8235294117647058,35.75367647058823,34.099264705882355
N0:full,season_2024,272,8.284480792823215,7.633407677274757,5.544576796872788,5.066591628827877,7.8431186673051725,7.149121353566534,10.515886129907699,9.957198544110822,13.650912951365024,12.899622310410512,7.6065030882533735,7.193857722892302,0.23208458827844405,0.8235294117647058,0.8308823529411765,36.06617647058823,33.94117647058823
N0:full,season_2025,272,8.374187332778366,7.4531053401251155,5.219101912472932,5.450658756356333,7.349161119201039,7.7074362230304265,10.388722532455503,10.649175402635658,13.233624557958949,13.4211590409561,7.457152797136154,7.584125643401355,0.22916416097950726,0.8272058823529411,0.7977941176470589,36.544117647058826,34.474264705882355
S1:full,all_issued,3407,8.566189599603856,7.878518582896019,5.530235511942299,5.3906261291723485,7.800708367038681,7.622236886800384,10.532773569752731,11.022967675660487,13.541504817329068,13.888346076851422,7.57021483467836,7.807056284307204,0.22934175662297251,0.8409157616671559,0.7989433519225124,37.10625183445847,34.904901673026124
S1:full,development,3135,8.568494814145321,7.9122896547528105,5.547258401182146,5.376750091575324,7.825020615961015,7.607308096981435,10.531700349249046,11.027132629822097,13.557795861868026,13.894550167154707,7.574901519762654,7.806293546359802,0.22908109272769026,0.8421052631578947,0.7984051036682616,37.17288676236045,34.98373205741627
S1:full,exposed_2025,272,8.539620307002778,7.489282148076009,5.33403419662273,5.550557665446863,7.5204918215551855,7.794302166515115,10.545143225190426,10.974963516481647,13.352303853280942,13.816638283314829,7.516197342989898,7.815847399987746,0.2323460996807294,0.8272058823529411,0.8051470588235294,36.338235294117645,33.99632352941177
S1:full,season_2013,256,8.718228608669214,8.771467621569933,5.80164714369255,5.304471971980927,7.996988398841834,7.531424222861283,10.379080014950556,11.342439737780698,13.466125165363357,14.49759461909289,7.514968527153352,8.14770074227748,0.22624436357283612,0.859375,0.7578125,38.734375,33.796875
S1:full,season_2014,256,8.92081282230007,8.332136204159156,5.892868481777478,5.40466624153073,8.430594702202438,7.634155217246445,11.481610297455362,11.415216751302346,14.608364393809616,13.772355923702726,8.250986480769349,7.876277967184628,0.2159202584348345,0.82421875,0.7734375,38.8984375,34.73046875
S1:full,season_2015,256,8.419135662625758,7.677378848329112,5.506440389195873,5.233765040553501,7.720771080435463,7.364363164714202,10.430711948289247,10.753863521602446,13.421020427779247,13.551904921895384,7.489266809017877,7.6111622151275915,0.2302623510382732,0.8671875,0.80859375,38.37890625,36.0
S1:full,season_2016,256,7.972542420530404,7.785445465439979,5.027653134946465,5.134713545055559,7.038973945084277,7.191962904535075,9.504868699613251,10.46693805636222,12.084649463237232,13.334556312691621,6.821509787500752,7.488057979321047,0.22920199123676602,0.87109375,0.81640625,37.27734375,35.09765625
S1:full,season_2017,256,8.822351566725878,7.881824889906909,5.864398352618931,5.363730376534896,8.216606776699214,7.531798747252847,10.836407230299749,11.38830923782006,14.144737775102636,14.231266138692776,7.864270008661962,7.999875628792956,0.22459312558279867,0.84765625,0.77734375,36.9140625,35.37890625
S1:full,season_2018,256,8.815283792489442,8.211915542995094,5.843602067157459,5.471731928312532,8.259353057660544,7.620983060944827,10.375864002291355,11.305503941125313,13.61803786177228,14.764250766634676,7.547202030501948,8.171359179316536,0.2247920494079334,0.8359375,0.7890625,36.77734375,35.13671875
S1:full,season_2019,256,8.652557220790097,7.831168562638093,5.3858892000395295,5.63648179597034,7.657119021130636,8.00751290472979,10.746503560138201,11.127972685971077,13.80541186450044,13.87850160809567,7.737581080146292,7.813330035677366,0.2290753131565837,0.8359375,0.80078125,36.8046875,35.4296875
S1:full,season_2020,256,8.72946422258661,8.064060363741557,5.330066222256859,5.818515782530715,7.534568653501,8.24844825844049,10.679391581672242,11.24949841649331,13.625757647782594,14.169204490930307,7.618035778701349,8.032079983068702,0.23637427181670861,0.828125,0.8046875,36.71875,35.41796875
S1:full,season_2021,272,8.826996273298892,7.8786783057249234,5.739990662504145,5.511206759165026,8.292815518816543,7.9032489256237834,11.386339786542086,11.106474915759797,14.2909470774595,13.709886149324205,8.062015123142457,7.795808625624778,0.23508467859728702,0.8198529411764706,0.8125,37.095588235294116,34.974264705882355
S1:full,season_2022,271,8.165335957753678,7.421718616955348,5.1701402009769595,5.244505386165817,7.2471755744049995,7.438208915689094,9.509244581666891,11.24468195117741,12.169562837974325,13.927549576591886,6.822042693294293,7.8288519285738705,0.23362987490531065,0.8819188191881919,0.8154981549815498,36.50184501845018,35.0
S1:full,season_2023,272,8.477603963269315,7.5140979238543455,5.453771671105547,5.31215485886743,7.628906253924127,7.590779491122723,10.549820930107735,10.928753301664393,13.589117397335606,13.75788944891301,7.593795277012174,7.662955591095531,0.23473303747797503,0.8088235294117647,0.7904411764705882,36.029411764705884,34.400735294117645
S1:full,season_2024,272,8.329697045470978,7.649725839418989,5.565393752308972,5.105399215517514,7.889238843699917,7.240200468619175,10.507439855329142,10.04572010800994,13.663024952669389,13.118053841215255,7.588765504055766,7.288704166067487,0.22812646111152418,0.8272058823529411,0.8308823529411765,36.125,34.50735294117647
S1:full,season_2025,272,8.539620307002778,7.489282148076009,5.33403419662273,5.550557665446863,7.5204918215551855,7.794302166515115,10.545143225190426,10.974963516481647,13.352303853280942,13.816638283314829,7.516197342989898,7.815847399987746,0.2323460996807294,0.8272058823529411,0.8051470588235294,36.338235294117645,33.99632352941177
