game_id,season,week,stadium_id,roof,dome,kickoff_hour_utc,wind_mph,precip_mm,temperature_c,response_sha256
2015_01_PIT_NE,2015,1,BOS00,outdoors,0,2015-09-11T00:00,8.5,0.4,18.2,2ebd7b7b4365d60964f4fd2390b861fef9c92761e8eda11a6bbf9f306ba25099
2015_01_IND_BUF,2015,1,BUF00,outdoors,0,2015-09-13T17:00,13.6,0.4,13.8,871cec873e1ecb8496fa15108eb52898462a053cd09ec21861c2e9df699db8d8
2015_01_GB_CHI,2015,1,CHI98,outdoors,0,2015-09-13T17:00,7.6,0.0,19.2,8389c48d9c9fdccda8ffd6ff836d19e3cf6ab50093563ae466ce12b4efd74767
2015_01_KC_HOU,2015,1,HOU00,closed,1,2015-09-13T17:00,,,,
2015_01_CAR_JAX,2015,1,JAX00,outdoors,0,2015-09-13T17:00,4.7,0.0,25.8,3a9f161561e39ccc8001c4302235c8af70599ac8fbc6cd38ff349a94d49211c3
2015_01_CLE_NYJ,2015,1,NYC01,outdoors,0,2015-09-13T17:00,5.5,0.0,22.8,93156d7f362cb81d5a9fba028ed30b7d89ceacbe73c98b6fc19d48854b37bd79
2015_01_SEA_STL,2015,1,STL00,dome,1,2015-09-13T17:00,,,,
2015_01_MIA_WAS,2015,1,WAS00,outdoors,0,2015-09-13T17:00,6.9,0.0,21.3,9e9c035d7101fdec97aa5f03bbc4ae46180d68a4cf7dc4ea197555eeecf86491
2015_01_NO_ARI,2015,1,PHO00,closed,1,2015-09-13T20:00,,,,
2015_01_DET_SD,2015,1,SDG00,outdoors,0,2015-09-13T20:00,5.2,0.0,16.0,406e9cf549aa9152577a55c5c8fa234c76c0149b2d76123f4057e5eb56a068e7
2015_01_BAL_DEN,2015,1,DEN00,outdoors,0,2015-09-13T20:00,3.0,0.0,31.6,6c99708e455926ff5954d21238ef0c14fa7ff8287d96b37d305c2edc9f147c0c
2015_01_CIN_OAK,2015,1,OAK00,outdoors,0,2015-09-13T20:00,6.7,0.0,23.1,b08776e272af3435c39d6763177dd2337a55d4b64ede2ab89b7f746e2623b271
2015_01_TEN_TB,2015,1,TAM00,outdoors,0,2015-09-13T20:00,5.5,1.2,28.7,fab6ab49cf404bb971ca0dd26b39cb1350c1f0d73477b52e4eaa409bccaf692f
2015_01_NYG_DAL,2015,1,DAL00,closed,1,2015-09-14T00:00,,,,
2015_01_PHI_ATL,2015,1,ATL00,dome,1,2015-09-14T23:00,,,,
2015_01_MIN_SF,2015,1,SFO01,outdoors,0,2015-09-15T02:00,7.9,0.0,20.0,3f69bcc6aa946912be164e6f4a32362f57c75cd557cc9a494bf23ef32d007aac
2015_02_DEN_KC,2015,2,KAN00,outdoors,0,2015-09-18T00:00,2.4,0.0,29.3,71b298315ee63a515eee0887d674c11032c01918aa1007771d4ed3d0ead60195
2015_02_NE_BUF,2015,2,BUF00,outdoors,0,2015-09-20T17:00,6.3,0.0,17.8,871cec873e1ecb8496fa15108eb52898462a053cd09ec21861c2e9df699db8d8
2015_02_HOU_CAR,2015,2,CAR00,outdoors,0,2015-09-20T17:00,2.4,0.0,30.3,3af49fa52463103b45252d72a2f12136055565e4a5a1ece116ebeba1179c259e
2015_02_ARI_CHI,2015,2,CHI98,outdoors,0,2015-09-20T17:00,5.5,0.0,19.7,8389c48d9c9fdccda8ffd6ff836d19e3cf6ab50093563ae466ce12b4efd74767
2015_02_SD_CIN,2015,2,CIN00,outdoors,0,2015-09-20T17:00,8.1,0.0,21.7,3bca6de984980bc1fea0ec8cd3045f89cfb70a2c20fd5df8567c76d2a61fc560
2015_02_TEN_CLE,2015,2,CLE00,outdoors,0,2015-09-20T17:00,8.4,0.0,18.6,fcbf0bf12e9f69659ba05fa056d4bdd9765d40db86b13e393007ddff3d335596
2015_02_DET_MIN,2015,2,MIN98,outdoors,0,2015-09-20T17:00,12.1,0.0,19.9,2e40fdedf088fc1841ea2154c8b5eeb0f5b12630b6122174943d177278a8cc0c
2015_02_TB_NO,2015,2,NOR00,dome,1,2015-09-20T17:00,,,,
2015_02_ATL_NYG,2015,2,NYC01,outdoors,0,2015-09-20T17:00,9.8,0.0,22.9,93156d7f362cb81d5a9fba028ed30b7d89ceacbe73c98b6fc19d48854b37bd79
2015_02_SF_PIT,2015,2,PIT00,outdoors,0,2015-09-20T17:00,7.3,0.0,20.9,603385670475d98ffe84cca64f021fea22a751e2e2232f0b12dfdcd8802872b7
2015_02_STL_WAS,2015,2,WAS00,outdoors,0,2015-09-20T17:00,8.9,0.0,23.7,9e9c035d7101fdec97aa5f03bbc4ae46180d68a4cf7dc4ea197555eeecf86491
2015_02_MIA_JAX,2015,2,JAX00,outdoors,0,2015-09-20T20:00,3.6,0.0,32.3,3a9f161561e39ccc8001c4302235c8af70599ac8fbc6cd38ff349a94d49211c3
2015_02_BAL_OAK,2015,2,OAK00,outdoors,0,2015-09-20T20:00,3.5,0.0,32.5,b08776e272af3435c39d6763177dd2337a55d4b64ede2ab89b7f746e2623b271
2015_02_DAL_PHI,2015,2,PHI00,outdoors,0,2015-09-20T20:00,6.5,0.0,26.3,44b7fc8deca9d0d34b3ca04b6c57fc28792ff0a889c24a0f016d0aabe02c04a2
2015_02_SEA_GB,2015,2,GNB00,outdoors,0,2015-09-21T00:00,5.3,0.0,16.1,b0d28beb8e99b8e500d07f653b106acbae839e1ca8fe56ec16da7c3d4f13bd18
2015_02_NYJ_IND,2015,2,IND00,closed,1,2015-09-22T00:00,,,,
2015_03_WAS_NYG,2015,3,NYC01,outdoors,0,2015-09-25T00:00,3.5,0.0,21.1,93156d7f362cb81d5a9fba028ed30b7d89ceacbe73c98b6fc19d48854b37bd79
2015_03_CIN_BAL,2015,3,BAL00,outdoors,0,2015-09-27T17:00,11.0,0.0,22.2,ce753559a48c6b4cea173c8020018c9334737b00a49b385e46c599760a4a90c9
2015_03_NO_CAR,2015,3,CAR00,outdoors,0,2015-09-27T17:00,11.2,0.2,19.7,3af49fa52463103b45252d72a2f12136055565e4a5a1ece116ebeba1179c259e
2015_03_OAK_CLE,2015,3,CLE00,outdoors,0,2015-09-27T17:00,10.0,0.0,21.6,fcbf0bf12e9f69659ba05fa056d4bdd9765d40db86b13e393007ddff3d335596
2015_03_ATL_DAL,2015,3,DAL00,closed,1,2015-09-27T17:00,,,,
2015_03_TB_HOU,2015,3,HOU00,closed,1,2015-09-27T17:00,,,,
2015_03_SD_MIN,2015,3,MIN98,outdoors,0,2015-09-27T17:00,11.5,0.0,24.8,2e40fdedf088fc1841ea2154c8b5eeb0f5b12630b6122174943d177278a8cc0c
2015_03_JAX_NE,2015,3,BOS00,outdoors,0,2015-09-27T17:00,2.9,0.0,20.1,2ebd7b7b4365d60964f4fd2390b861fef9c92761e8eda11a6bbf9f306ba25099
2015_03_PHI_NYJ,2015,3,NYC01,outdoors,0,2015-09-27T17:00,5.7,0.0,19.2,93156d7f362cb81d5a9fba028ed30b7d89ceacbe73c98b6fc19d48854b37bd79
2015_03_PIT_STL,2015,3,STL00,dome,1,2015-09-27T17:00,,,,
2015_03_IND_TEN,2015,3,NAS00,outdoors,0,2015-09-27T17:00,5.5,0.2,23.9,c4b436651fa3fbfaa9aea9f7e0fb12aff6bd1731056732707f4884af5af2fee0
2015_03_SF_ARI,2015,3,PHO00,closed,1,2015-09-27T20:00,,,,
2015_03_BUF_MIA,2015,3,MIA00,outdoors,0,2015-09-27T20:00,3.7,0.0,28.8,46ed1bb19f5fe50a5115788631da243d05d6c1e6a165f66e4fa3e8b3ab14681f
2015_03_CHI_SEA,2015,3,SEA00,outdoors,0,2015-09-27T20:00,7.8,0.0,14.8,dfcea12c035d092d1dd1668a34e0b96bc8910eef360510c5a4d2c62f71b13025
2015_03_DEN_DET,2015,3,DET00,dome,1,2015-09-28T00:00,,,,
2015_03_KC_GB,2015,3,GNB00,outdoors,0,2015-09-29T00:00,5.2,0.2,21.3,b0d28beb8e99b8e500d07f653b106acbae839e1ca8fe56ec16da7c3d4f13bd18
2015_04_BAL_PIT,2015,4,PIT00,outdoors,0,2015-10-02T00:00,7.9,0.0,15.8,603385670475d98ffe84cca64f021fea22a751e2e2232f0b12dfdcd8802872b7
2015_04_NYJ_MIA,2015,4,LON00,outdoors,0,2015-10-04T13:00,6.5,0.0,17.0,6dc5e1fd8f42b307222e28847c6e943d506cfeb2cf2d2bc7228cf4186fd30c4b
2015_04_HOU_ATL,2015,4,ATL00,dome,1,2015-10-04T17:00,,,,
2015_04_NYG_BUF,2015,4,BUF00,outdoors,0,2015-10-04T17:00,5.8,0.0,16.5,871cec873e1ecb8496fa15108eb52898462a053cd09ec21861c2e9df699db8d8
2015_04_OAK_CHI,2015,4,CHI98,outdoors,0,2015-10-04T17:00,10.3,0.0,12.4,8389c48d9c9fdccda8ffd6ff836d19e3cf6ab50093563ae466ce12b4efd74767
2015_04_KC_CIN,2015,4,CIN00,outdoors,0,2015-10-04T17:00,8.7,0.0,21.5,3bca6de984980bc1fea0ec8cd3045f89cfb70a2c20fd5df8567c76d2a61fc560
2015_04_JAX_IND,2015,4,IND00,open,0,2015-10-04T17:00,8.8,0.0,21.1,d9838279af40fcefdc5c9880b5e5e38d7133ea3cd7880604a49995b9f11396b9
2015_04_CAR_TB,2015,4,TAM00,outdoors,0,2015-10-04T17:00,10.2,0.2,23.8,fab6ab49cf404bb971ca0dd26b39cb1350c1f0d73477b52e4eaa409bccaf692f
2015_04_PHI_WAS,2015,4,WAS00,outdoors,0,2015-10-04T17:00,11.9,0.0,15.3,9e9c035d7101fdec97aa5f03bbc4ae46180d68a4cf7dc4ea197555eeecf86491
2015_04_CLE_SD,2015,4,SDG00,outdoors,0,2015-10-04T20:00,3.8,0.0,17.8,406e9cf549aa9152577a55c5c8fa234c76c0149b2d76123f4057e5eb56a068e7
2015_04_STL_ARI,2015,4,PHO00,closed,1,2015-10-04T20:00,,,,
2015_04_MIN_DEN,2015,4,DEN00,outdoors,0,2015-10-04T20:00,7.5,0.0,16.7,6c99708e455926ff5954d21238ef0c14fa7ff8287d96b37d305c2edc9f147c0c
2015_04_GB_SF,2015,4,SFO01,outdoors,0,2015-10-04T20:00,0.9,0.0,24.6,3f69bcc6aa946912be164e6f4a32362f57c75cd557cc9a494bf23ef32d007aac
2015_04_DAL_NO,2015,4,NOR00,dome,1,2015-10-05T00:00,,,,
2015_04_DET_SEA,2015,4,SEA00,outdoors,0,2015-10-06T00:00,4.4,0.0,22.0,dfcea12c035d092d1dd1668a34e0b96bc8910eef360510c5a4d2c62f71b13025
2015_05_IND_HOU,2015,5,HOU00,closed,1,2015-10-09T00:00,,,,
2015_05_WAS_ATL,2015,5,ATL00,dome,1,2015-10-11T17:00,,,,
2015_05_CLE_BAL,2015,5,BAL00,outdoors,0,2015-10-11T17:00,2.0,0.0,18.0,ce753559a48c6b4cea173c8020018c9334737b00a49b385e46c599760a4a90c9
2015_05_SEA_CIN,2015,5,CIN00,outdoors,0,2015-10-11T17:00,4.8,0.0,20.5,3bca6de984980bc1fea0ec8cd3045f89cfb70a2c20fd5df8567c76d2a61fc560
2015_05_STL_GB,2015,5,GNB00,outdoors,0,2015-10-11T17:00,14.0,0.0,21.9,b0d28beb8e99b8e500d07f653b106acbae839e1ca8fe56ec16da7c3d4f13bd18
2015_05_CHI_KC,2015,5,KAN00,outdoors,0,2015-10-11T17:00,10.1,0.0,23.7,71b298315ee63a515eee0887d674c11032c01918aa1007771d4ed3d0ead60195
2015_05_NO_PHI,2015,5,PHI00,outdoors,0,2015-10-11T17:00,3.6,0.0,19.4,44b7fc8deca9d0d34b3ca04b6c57fc28792ff0a889c24a0f016d0aabe02c04a2
2015_05_JAX_TB,2015,5,TAM00,outdoors,0,2015-10-11T17:00,8.1,0.0,27.9,fab6ab49cf404bb971ca0dd26b39cb1350c1f0d73477b52e4eaa409bccaf692f
2015_05_BUF_TEN,2015,5,NAS00,outdoors,0,2015-10-11T17:00,2.1,0.0,20.8,c4b436651fa3fbfaa9aea9f7e0fb12aff6bd1731056732707f4884af5af2fee0
2015_05_ARI_DET,2015,5,DET00,dome,1,2015-10-11T20:00,,,,
2015_05_NE_DAL,2015,5,DAL00,closed,1,2015-10-11T20:00,,,,
2015_05_DEN_OAK,2015,5,OAK00,outdoors,0,2015-10-11T20:00,2.7,0.0,24.4,b08776e272af3435c39d6763177dd2337a55d4b64ede2ab89b7f746e2623b271
2015_05_SF_NYG,2015,5,NYC01,outdoors,0,2015-10-12T00:00,6.6,0.0,16.1,93156d7f362cb81d5a9fba028ed30b7d89ceacbe73c98b6fc19d48854b37bd79
2015_05_PIT_SD,2015,5,SDG00,outdoors,0,2015-10-13T00:00,4.0,0.0,14.2,406e9cf549aa9152577a55c5c8fa234c76c0149b2d76123f4057e5eb56a068e7
2015_06_ATL_NO,2015,6,NOR00,dome,1,2015-10-16T00:00,,,,
2015_06_CIN_BUF,2015,6,BUF00,outdoors,0,2015-10-18T17:00,4.5,0.1,5.1,871cec873e1ecb8496fa15108eb52898462a053cd09ec21861c2e9df699db8d8
2015_06_DEN_CLE,2015,6,CLE00,outdoors,0,2015-10-18T17:00,14.6,0.1,7.5,fcbf0bf12e9f69659ba05fa056d4bdd9765d40db86b13e393007ddff3d335596
2015_06_CHI_DET,2015,6,DET00,dome,1,2015-10-18T17:00,,,,
2015_06_HOU_JAX,2015,6,JAX00,outdoors,0,2015-10-18T17:00,16.5,0.0,22.8,3a9f161561e39ccc8001c4302235c8af70599ac8fbc6cd38ff349a94d49211c3
2015_06_KC_MIN,2015,6,MIN98,outdoors,0,2015-10-18T17:00,11.1,0.0,14.1,2e40fdedf088fc1841ea2154c8b5eeb0f5b12630b6122174943d177278a8cc0c
2015_06_WAS_NYJ,2015,6,NYC01,outdoors,0,2015-10-18T17:00,12.1,0.0,8.8,93156d7f362cb81d5a9fba028ed30b7d89ceacbe73c98b6fc19d48854b37bd79
2015_06_ARI_PIT,2015,6,PIT00,outdoors,0,2015-10-18T17:00,10.5,0.2,6.5,603385670475d98ffe84cca64f021fea22a751e2e2232f0b12dfdcd8802872b7
2015_06_MIA_TEN,2015,6,NAS00,outdoors,0,2015-10-18T17:00,7.0,0.0,14.7,c4b436651fa3fbfaa9aea9f7e0fb12aff6bd1731056732707f4884af5af2fee0
2015_06_CAR_SEA,2015,6,SEA00,outdoors,0,2015-10-18T20:00,4.3,0.4,15.0,dfcea12c035d092d1dd1668a34e0b96bc8910eef360510c5a4d2c62f71b13025
2015_06_SD_GB,2015,6,GNB00,outdoors,0,2015-10-18T20:00,4.9,0.0,11.3,b0d28beb8e99b8e500d07f653b106acbae839e1ca8fe56ec16da7c3d4f13bd18
2015_06_BAL_SF,2015,6,SFO01,outdoors,0,2015-10-18T20:00,7.2,0.0,21.7,3f69bcc6aa946912be164e6f4a32362f57c75cd557cc9a494bf23ef32d007aac
2015_06_NE_IND,2015,6,IND00,closed,1,2015-10-19T00:00,,,,
2015_06_NYG_PHI,2015,6,PHI00,outdoors,0,2015-10-20T00:00,7.9,0.0,9.1,44b7fc8deca9d0d34b3ca04b6c57fc28792ff0a889c24a0f016d0aabe02c04a2
2015_07_SEA_SF,2015,7,SFO01,outdoors,0,2015-10-23T00:00,4.1,0.0,26.1,3f69bcc6aa946912be164e6f4a32362f57c75cd557cc9a494bf23ef32d007aac
2015_07_BUF_JAX,2015,7,LON00,outdoors,0,2015-10-25T13:00,2.9,0.0,11.5,6dc5e1fd8f42b307222e28847c6e943d506cfeb2cf2d2bc7228cf4186fd30c4b
2015_07_MIN_DET,2015,7,DET00,dome,1,2015-10-25T17:00,,,,
2015_07_NO_IND,2015,7,IND00,open,0,2015-10-25T17:00,8.2,0.0,15.4,d9838279af40fcefdc5c9880b5e5e38d7133ea3cd7880604a49995b9f11396b9
2015_07_PIT_KC,2015,7,KAN00,outdoors,0,2015-10-25T17:00,5.9,0.0,15.0,71b298315ee63a515eee0887d674c11032c01918aa1007771d4ed3d0ead60195
2015_07_HOU_MIA,2015,7,MIA00,outdoors,0,2015-10-25T17:00,9.3,0.0,27.3,46ed1bb19f5fe50a5115788631da243d05d6c1e6a165f66e4fa3e8b3ab14681f
2015_07_NYJ_NE,2015,7,BOS00,outdoors,0,2015-10-25T17:00,8.6,0.0,15.7,2ebd7b7b4365d60964f4fd2390b861fef9c92761e8eda11a6bbf9f306ba25099
2015_07_CLE_STL,2015,7,STL00,dome,1,2015-10-25T17:00,,,,
2015_07_ATL_TEN,2015,7,NAS00,outdoors,0,2015-10-25T17:00,7.8,0.0,17.3,c4b436651fa3fbfaa9aea9f7e0fb12aff6bd1731056732707f4884af5af2fee0
2015_07_TB_WAS,2015,7,WAS00,outdoors,0,2015-10-25T17:00,6.3,0.0,20.0,9e9c035d7101fdec97aa5f03bbc4ae46180d68a4cf7dc4ea197555eeecf86491
2015_07_OAK_SD,2015,7,SDG00,outdoors,0,2015-10-25T20:00,7.0,0.2,17.1,406e9cf549aa9152577a55c5c8fa234c76c0149b2d76123f4057e5eb56a068e7
2015_07_DAL_NYG,2015,7,NYC01,outdoors,0,2015-10-25T20:00,9.3,0.0,18.3,93156d7f362cb81d5a9fba028ed30b7d89ceacbe73c98b6fc19d48854b37bd79
2015_07_PHI_CAR,2015,7,CAR00,outdoors,0,2015-10-26T00:00,2.5,0.0,20.7,3af49fa52463103b45252d72a2f12136055565e4a5a1ece116ebeba1179c259e
2015_07_BAL_ARI,2015,7,PHO00,closed,1,2015-10-27T00:00,,,,
2015_08_MIA_NE,2015,8,BOS00,outdoors,0,2015-10-30T00:00,13.0,0.0,17.1,2ebd7b7b4365d60964f4fd2390b861fef9c92761e8eda11a6bbf9f306ba25099
2015_08_DET_KC,2015,8,LON00,outdoors,0,2015-11-01T14:00,0.8,0.0,13.7,6dc5e1fd8f42b307222e28847c6e943d506cfeb2cf2d2bc7228cf4186fd30c4b
2015_08_TB_ATL,2015,8,ATL00,dome,1,2015-11-01T18:00,,,,
2015_08_SD_BAL,2015,8,BAL00,outdoors,0,2015-11-01T18:00,10.6,0.0,18.4,ce753559a48c6b4cea173c8020018c9334737b00a49b385e46c599760a4a90c9
2015_08_MIN_CHI,2015,8,CHI98,outdoors,0,2015-11-01T18:00,9.7,0.0,15.6,8389c48d9c9fdccda8ffd6ff836d19e3cf6ab50093563ae466ce12b4efd74767
2015_08_ARI_CLE,2015,8,CLE00,outdoors,0,2015-11-01T18:00,16.7,0.0,16.9,fcbf0bf12e9f69659ba05fa056d4bdd9765d40db86b13e393007ddff3d335596
2015_08_TEN_HOU,2015,8,HOU00,closed,1,2015-11-01T18:00,,,,
2015_08_NYG_NO,2015,8,NOR00,dome,1,2015-11-01T18:00,,,,
2015_08_CIN_PIT,2015,8,PIT00,outdoors,0,2015-11-01T18:00,10.9,0.0,17.7,603385670475d98ffe84cca64f021fea22a751e2e2232f0b12dfdcd8802872b7
2015_08_SF_STL,2015,8,STL00,dome,1,2015-11-01T18:00,,,,
2015_08_NYJ_OAK,2015,8,OAK00,outdoors,0,2015-11-01T21:00,6.4,0.0,21.3,b08776e272af3435c39d6763177dd2337a55d4b64ede2ab89b7f746e2623b271
2015_08_SEA_DAL,2015,8,DAL00,closed,1,2015-11-01T21:00,,,,
2015_08_GB_DEN,2015,8,DEN00,outdoors,0,2015-11-02T01:00,1.7,0.0,15.0,6c99708e455926ff5954d21238ef0c14fa7ff8287d96b37d305c2edc9f147c0c
2015_08_IND_CAR,2015,8,CAR00,outdoors,0,2015-11-03T01:00,6.9,0.0,17.0,3af49fa52463103b45252d72a2f12136055565e4a5a1ece116ebeba1179c259e
2015_09_CLE_CIN,2015,9,CIN00,outdoors,0,2015-11-06T01:00,7.0,0.0,21.0,3bca6de984980bc1fea0ec8cd3045f89cfb70a2c20fd5df8567c76d2a61fc560
2015_09_MIA_BUF,2015,9,BUF00,outdoors,0,2015-11-08T18:00,6.5,0.0,9.1,871cec873e1ecb8496fa15108eb52898462a053cd09ec21861c2e9df699db8d8
2015_09_GB_CAR,2015,9,CAR00,outdoors,0,2015-11-08T18:00,6.2,0.0,11.8,3af49fa52463103b45252d72a2f12136055565e4a5a1ece116ebeba1179c259e
2015_09_STL_MIN,2015,9,MIN98,outdoors,0,2015-11-08T18:00,14.4,0.0,13.4,2e40fdedf088fc1841ea2154c8b5eeb0f5b12630b6122174943d177278a8cc0c
2015_09_WAS_NE,2015,9,BOS00,outdoors,0,2015-11-08T18:00,9.5,0.0,13.2,2ebd7b7b4365d60964f4fd2390b861fef9c92761e8eda11a6bbf9f306ba25099
2015_09_TEN_NO,2015,9,NOR00,dome,1,2015-11-08T18:00,,,,
2015_09_JAX_NYJ,2015,9,NYC01,outdoors,0,2015-11-08T18:00,6.1,0.0,13.7,93156d7f362cb81d5a9fba028ed30b7d89ceacbe73c98b6fc19d48854b37bd79
2015_09_OAK_PIT,2015,9,PIT00,outdoors,0,2015-11-08T18:00,0.9,0.0,10.8,603385670475d98ffe84cca64f021fea22a751e2e2232f0b12dfdcd8802872b7
2015_09_ATL_SF,2015,9,SFO01,outdoors,0,2015-11-08T21:00,5.2,0.7,16.4,3f69bcc6aa946912be164e6f4a32362f57c75cd557cc9a494bf23ef32d007aac
2015_09_NYG_TB,2015,9,TAM00,outdoors,0,2015-11-08T21:00,4.2,0.0,29.4,fab6ab49cf404bb971ca0dd26b39cb1350c1f0d73477b52e4eaa409bccaf692f
2015_09_DEN_IND,2015,9,IND00,open,0,2015-11-08T21:00,5.2,0.0,12.4,d9838279af40fcefdc5c9880b5e5e38d7133ea3cd7880604a49995b9f11396b9
2015_09_PHI_DAL,2015,9,DAL00,closed,1,2015-11-09T01:00,,,,
2015_09_CHI_SD,2015,9,SDG00,outdoors,0,2015-11-10T01:00,7.8,0.0,8.7,406e9cf549aa9152577a55c5c8fa234c76c0149b2d76123f4057e5eb56a068e7
2015_10_BUF_NYJ,2015,10,NYC01,outdoors,0,2015-11-13T01:00,8.5,0.0,14.1,93156d7f362cb81d5a9fba028ed30b7d89ceacbe73c98b6fc19d48854b37bd79
2015_10_JAX_BAL,2015,10,BAL00,outdoors,0,2015-11-15T18:00,9.0,0.0,15.4,ce753559a48c6b4cea173c8020018c9334737b00a49b385e46c599760a4a90c9
2015_10_DET_GB,2015,10,GNB00,outdoors,0,2015-11-15T18:00,8.5,0.0,14.4,b0d28beb8e99b8e500d07f653b106acbae839e1ca8fe56ec16da7c3d4f13bd18
2015_10_MIA_PHI,2015,10,PHI00,outdoors,0,2015-11-15T18:00,9.7,0.0,15.4,44b7fc8deca9d0d34b3ca04b6c57fc28792ff0a889c24a0f016d0aabe02c04a2
2015_10_CLE_PIT,2015,10,PIT00,outdoors,0,2015-11-15T18:00,8.4,0.0,15.9,603385670475d98ffe84cca64f021fea22a751e2e2232f0b12dfdcd8802872b7
2015_10_CHI_STL,2015,10,STL00,dome,1,2015-11-15T18:00,,,,
2015_10_DAL_TB,2015,10,TAM00,outdoors,0,2015-11-15T18:00,12.7,0.0,25.8,fab6ab49cf404bb971ca0dd26b39cb1350c1f0d73477b52e4eaa409bccaf692f
2015_10_CAR_TEN,2015,10,NAS00,outdoors,0,2015-11-15T18:00,3.2,0.0,14.9,c4b436651fa3fbfaa9aea9f7e0fb12aff6bd1731056732707f4884af5af2fee0
2015_10_NO_WAS,2015,10,WAS00,outdoors,0,2015-11-15T18:00,7.5,0.0,16.6,9e9c035d7101fdec97aa5f03bbc4ae46180d68a4cf7dc4ea197555eeecf86491
2015_10_MIN_OAK,2015,10,OAK00,outdoors,0,2015-11-15T21:00,21.2,0.0,15.5,b08776e272af3435c39d6763177dd2337a55d4b64ede2ab89b7f746e2623b271
2015_10_KC_DEN,2015,10,DEN00,outdoors,0,2015-11-15T21:00,2.7,0.0,17.8,6c99708e455926ff5954d21238ef0c14fa7ff8287d96b37d305c2edc9f147c0c
2015_10_NE_NYG,2015,10,NYC01,outdoors,0,2015-11-15T21:00,8.8,0.0,14.8,93156d7f362cb81d5a9fba028ed30b7d89ceacbe73c98b6fc19d48854b37bd79
2015_10_ARI_SEA,2015,10,SEA00,outdoors,0,2015-11-16T01:00,2.4,0.0,8.0,dfcea12c035d092d1dd1668a34e0b96bc8910eef360510c5a4d2c62f71b13025
2015_10_HOU_CIN,2015,10,CIN00,outdoors,0,2015-11-17T01:00,2.7,0.0,11.5,3bca6de984980bc1fea0ec8cd3045f89cfb70a2c20fd5df8567c76d2a61fc560
2015_11_TEN_JAX,2015,11,JAX00,outdoors,0,2015-11-20T01:00,4.4,0.1,22.5,3a9f161561e39ccc8001c4302235c8af70599ac8fbc6cd38ff349a94d49211c3
2015_11_IND_ATL,2015,11,ATL00,dome,1,2015-11-22T18:00,,,,
2015_11_STL_BAL,2015,11,BAL00,outdoors,0,2015-11-22T18:00,12.6,0.0,8.7,ce753559a48c6b4cea173c8020018c9334737b00a49b385e46c599760a4a90c9
2015_11_WAS_CAR,2015,11,CAR00,outdoors,0,2015-11-22T18:00,9.2,0.0,9.9,3af49fa52463103b45252d72a2f12136055565e4a5a1ece116ebeba1179c259e
2015_11_DEN_CHI,2015,11,CHI98,outdoors,0,2015-11-22T18:00,7.7,0.0,-5.4,8389c48d9c9fdccda8ffd6ff836d19e3cf6ab50093563ae466ce12b4efd74767
2015_11_OAK_DET,2015,11,DET00,dome,1,2015-11-22T18:00,,,,
2015_11_NYJ_HOU,2015,11,HOU00,closed,1,2015-11-22T18:00,,,,
2015_11_DAL_MIA,2015,11,MIA00,outdoors,0,2015-11-22T18:00,10.5,1.1,24.9,46ed1bb19f5fe50a5115788631da243d05d6c1e6a165f66e4fa3e8b3ab14681f
2015_11_TB_PHI,2015,11,PHI00,outdoors,0,2015-11-22T18:00,8.6,0.0,9.1,44b7fc8deca9d0d34b3ca04b6c57fc28792ff0a889c24a0f016d0aabe02c04a2
2015_11_KC_SD,2015,11,SDG00,outdoors,0,2015-11-22T21:00,7.6,0.0,5.9,406e9cf549aa9152577a55c5c8fa234c76c0149b2d76123f4057e5eb56a068e7
2015_11_GB_MIN,2015,11,MIN98,outdoors,0,2015-11-22T21:00,8.7,0.0,0.1,2e40fdedf088fc1841ea2154c8b5eeb0f5b12630b6122174943d177278a8cc0c
2015_11_SF_SEA,2015,11,SEA00,outdoors,0,2015-11-22T21:00,4.3,0.0,8.1,dfcea12c035d092d1dd1668a34e0b96bc8910eef360510c5a4d2c62f71b13025
2015_11_CIN_ARI,2015,11,PHO00,closed,1,2015-11-23T01:00,,,,
2015_11_BUF_NE,2015,11,BOS00,outdoors,0,2015-11-24T01:00,6.7,0.0,-1.0,2ebd7b7b4365d60964f4fd2390b861fef9c92761e8eda11a6bbf9f306ba25099
2015_12_PHI_DET,2015,12,DET00,dome,1,2015-11-26T17:00,,,,
2015_12_CAR_DAL,2015,12,DAL00,closed,1,2015-11-26T21:00,,,,
2015_12_CHI_GB,2015,12,GNB00,outdoors,0,2015-11-27T01:00,14.1,1.7,3.5,b0d28beb8e99b8e500d07f653b106acbae839e1ca8fe56ec16da7c3d4f13bd18
2015_12_MIN_ATL,2015,12,ATL00,dome,1,2015-11-29T18:00,,,,
2015_12_STL_CIN,2015,12,CIN00,outdoors,0,2015-11-29T18:00,6.9,0.0,6.5,3bca6de984980bc1fea0ec8cd3045f89cfb70a2c20fd5df8567c76d2a61fc560
2015_12_NO_HOU,2015,12,HOU00,closed,1,2015-11-29T18:00,,,,
2015_12_TB_IND,2015,12,IND00,closed,1,2015-11-29T18:00,,,,
2015_12_SD_JAX,2015,12,JAX00,outdoors,0,2015-11-29T18:00,5.9,0.0,24.5,3a9f161561e39ccc8001c4302235c8af70599ac8fbc6cd38ff349a94d49211c3
2015_12_BUF_KC,2015,12,KAN00,outdoors,0,2015-11-29T18:00,6.3,1.3,2.0,71b298315ee63a515eee0887d674c11032c01918aa1007771d4ed3d0ead60195
2015_12_MIA_NYJ,2015,12,NYC01,outdoors,0,2015-11-29T18:00,4.7,0.0,7.5,93156d7f362cb81d5a9fba028ed30b7d89ceacbe73c98b6fc19d48854b37bd79
2015_12_OAK_TEN,2015,12,NAS00,outdoors,0,2015-11-29T18:00,5.2,1.0,15.2,c4b436651fa3fbfaa9aea9f7e0fb12aff6bd1731056732707f4884af5af2fee0
2015_12_NYG_WAS,2015,12,WAS00,outdoors,0,2015-11-29T18:00,6.6,0.0,7.9,9e9c035d7101fdec97aa5f03bbc4ae46180d68a4cf7dc4ea197555eeecf86491
2015_12_ARI_SF,2015,12,SFO01,outdoors,0,2015-11-29T21:00,2.5,0.0,14.3,3f69bcc6aa946912be164e6f4a32362f57c75cd557cc9a494bf23ef32d007aac
2015_12_PIT_SEA,2015,12,SEA00,outdoors,0,2015-11-29T21:00,2.0,0.0,2.5,dfcea12c035d092d1dd1668a34e0b96bc8910eef360510c5a4d2c62f71b13025
2015_12_NE_DEN,2015,12,DEN00,outdoors,0,2015-11-30T01:00,1.0,0.1,-3.8,6c99708e455926ff5954d21238ef0c14fa7ff8287d96b37d305c2edc9f147c0c
2015_12_BAL_CLE,2015,12,CLE00,outdoors,0,2015-12-01T01:00,9.2,0.0,6.2,fcbf0bf12e9f69659ba05fa056d4bdd9765d40db86b13e393007ddff3d335596
2015_13_GB_DET,2015,13,DET00,dome,1,2015-12-04T01:00,,,,
2015_13_HOU_BUF,2015,13,BUF00,outdoors,0,2015-12-06T18:00,5.0,0.0,7.5,871cec873e1ecb8496fa15108eb52898462a053cd09ec21861c2e9df699db8d8
2015_13_SF_CHI,2015,13,CHI98,outdoors,0,2015-12-06T18:00,6.0,0.0,6.7,8389c48d9c9fdccda8ffd6ff836d19e3cf6ab50093563ae466ce12b4efd74767
2015_13_CIN_CLE,2015,13,CLE00,outdoors,0,2015-12-06T18:00,6.1,0.0,7.3,fcbf0bf12e9f69659ba05fa056d4bdd9765d40db86b13e393007ddff3d335596
2015_13_BAL_MIA,2015,13,MIA00,outdoors,0,2015-12-06T18:00,12.8,0.0,26.0,46ed1bb19f5fe50a5115788631da243d05d6c1e6a165f66e4fa3e8b3ab14681f
2015_13_SEA_MIN,2015,13,MIN98,outdoors,0,2015-12-06T18:00,3.7,0.0,1.6,2e40fdedf088fc1841ea2154c8b5eeb0f5b12630b6122174943d177278a8cc0c
2015_13_NYJ_NYG,2015,13,NYC01,outdoors,0,2015-12-06T18:00,3.8,0.0,9.8,93156d7f362cb81d5a9fba028ed30b7d89ceacbe73c98b6fc19d48854b37bd79
2015_13_ARI_STL,2015,13,STL00,dome,1,2015-12-06T18:00,,,,
2015_13_ATL_TB,2015,13,TAM00,outdoors,0,2015-12-06T18:00,10.4,0.0,25.7,fab6ab49cf404bb971ca0dd26b39cb1350c1f0d73477b52e4eaa409bccaf692f
2015_13_JAX_TEN,2015,13,NAS00,outdoors,0,2015-12-06T18:00,4.0,0.0,14.9,c4b436651fa3fbfaa9aea9f7e0fb12aff6bd1731056732707f4884af5af2fee0
2015_13_KC_OAK,2015,13,OAK00,outdoors,0,2015-12-06T21:00,6.3,0.0,17.2,b08776e272af3435c39d6763177dd2337a55d4b64ede2ab89b7f746e2623b271
2015_13_DEN_SD,2015,13,SDG00,outdoors,0,2015-12-06T21:00,5.8,0.0,0.7,406e9cf549aa9152577a55c5c8fa234c76c0149b2d76123f4057e5eb56a068e7
2015_13_PHI_NE,2015,13,BOS00,outdoors,0,2015-12-06T21:00,6.3,0.0,11.0,2ebd7b7b4365d60964f4fd2390b861fef9c92761e8eda11a6bbf9f306ba25099
2015_13_CAR_NO,2015,13,NOR00,dome,1,2015-12-06T21:00,,,,
2015_13_IND_PIT,2015,13,PIT00,outdoors,0,2015-12-07T01:00,6.1,0.0,3.4,603385670475d98ffe84cca64f021fea22a751e2e2232f0b12dfdcd8802872b7
2015_13_DAL_WAS,2015,13,WAS00,outdoors,0,2015-12-08T01:00,4.5,0.0,8.1,9e9c035d7101fdec97aa5f03bbc4ae46180d68a4cf7dc4ea197555eeecf86491
2015_14_MIN_ARI,2015,14,PHO00,open,0,2015-12-11T01:00,4.5,0.0,20.7,74a61dc6adaf809fce14885babd8891dd15704cfc77855fd2d9705a0c2fcdef7
2015_14_SEA_BAL,2015,14,BAL00,outdoors,0,2015-12-13T18:00,4.2,0.0,16.5,ce753559a48c6b4cea173c8020018c9334737b00a49b385e46c599760a4a90c9
2015_14_ATL_CAR,2015,14,CAR00,outdoors,0,2015-12-13T18:00,5.4,0.0,20.7,3af49fa52463103b45252d72a2f12136055565e4a5a1ece116ebeba1179c259e
2015_14_WAS_CHI,2015,14,CHI98,outdoors,0,2015-12-13T18:00,15.4,0.0,15.6,8389c48d9c9fdccda8ffd6ff836d19e3cf6ab50093563ae466ce12b4efd74767
2015_14_PIT_CIN,2015,14,CIN00,outdoors,0,2015-12-13T18:00,7.4,0.0,16.9,3bca6de984980bc1fea0ec8cd3045f89cfb70a2c20fd5df8567c76d2a61fc560
2015_14_SF_CLE,2015,14,CLE00,outdoors,0,2015-12-13T18:00,8.7,0.0,16.9,fcbf0bf12e9f69659ba05fa056d4bdd9765d40db86b13e393007ddff3d335596
2015_14_IND_JAX,2015,14,JAX00,outdoors,0,2015-12-13T18:00,10.2,0.0,26.3,3a9f161561e39ccc8001c4302235c8af70599ac8fbc6cd38ff349a94d49211c3
2015_14_SD_KC,2015,14,KAN00,outdoors,0,2015-12-13T18:00,12.0,4.3,14.7,71b298315ee63a515eee0887d674c11032c01918aa1007771d4ed3d0ead60195
2015_14_TEN_NYJ,2015,14,NYC01,outdoors,0,2015-12-13T18:00,2.6,0.0,14.6,93156d7f362cb81d5a9fba028ed30b7d89ceacbe73c98b6fc19d48854b37bd79
2015_14_BUF_PHI,2015,14,PHI00,outdoors,0,2015-12-13T18:00,3.4,0.0,22.1,44b7fc8deca9d0d34b3ca04b6c57fc28792ff0a889c24a0f016d0aabe02c04a2
2015_14_DET_STL,2015,14,STL00,dome,1,2015-12-13T18:00,,,,
2015_14_NO_TB,2015,14,TAM00,outdoors,0,2015-12-13T18:00,13.0,0.0,27.8,fab6ab49cf404bb971ca0dd26b39cb1350c1f0d73477b52e4eaa409bccaf692f
2015_14_OAK_DEN,2015,14,DEN00,outdoors,0,2015-12-13T21:00,0.8,0.0,5.6,6c99708e455926ff5954d21238ef0c14fa7ff8287d96b37d305c2edc9f147c0c
2015_14_DAL_GB,2015,14,GNB00,outdoors,0,2015-12-13T21:00,12.1,1.2,13.4,b0d28beb8e99b8e500d07f653b106acbae839e1ca8fe56ec16da7c3d4f13bd18
2015_14_NE_HOU,2015,14,HOU00,closed,1,2015-12-14T01:00,,,,
2015_14_NYG_MIA,2015,14,MIA00,outdoors,0,2015-12-15T01:00,5.4,0.0,24.6,46ed1bb19f5fe50a5115788631da243d05d6c1e6a165f66e4fa3e8b3ab14681f
2015_15_TB_STL,2015,15,STL00,dome,1,2015-12-18T01:00,,,,
2015_15_NYJ_DAL,2015,15,DAL00,closed,1,2015-12-20T01:00,,,,
2015_15_KC_BAL,2015,15,BAL00,outdoors,0,2015-12-20T18:00,5.2,0.0,5.2,ce753559a48c6b4cea173c8020018c9334737b00a49b385e46c599760a4a90c9
2015_15_HOU_IND,2015,15,IND00,closed,1,2015-12-20T18:00,,,,
2015_15_ATL_JAX,2015,15,JAX00,outdoors,0,2015-12-20T18:00,9.4,0.0,20.3,3a9f161561e39ccc8001c4302235c8af70599ac8fbc6cd38ff349a94d49211c3
2015_15_CHI_MIN,2015,15,MIN98,outdoors,0,2015-12-20T18:00,4.7,0.0,3.4,2e40fdedf088fc1841ea2154c8b5eeb0f5b12630b6122174943d177278a8cc0c
2015_15_TEN_NE,2015,15,BOS00,outdoors,0,2015-12-20T18:00,7.6,0.0,4.6,2ebd7b7b4365d60964f4fd2390b861fef9c92761e8eda11a6bbf9f306ba25099
2015_15_CAR_NYG,2015,15,NYC01,outdoors,0,2015-12-20T18:00,5.7,0.0,5.2,93156d7f362cb81d5a9fba028ed30b7d89ceacbe73c98b6fc19d48854b37bd79
2015_15_BUF_WAS,2015,15,WAS00,outdoors,0,2015-12-20T18:00,3.5,0.0,6.1,9e9c035d7101fdec97aa5f03bbc4ae46180d68a4cf7dc4ea197555eeecf86491
2015_15_GB_OAK,2015,15,OAK00,outdoors,0,2015-12-20T21:00,9.2,0.1,12.7,b08776e272af3435c39d6763177dd2337a55d4b64ede2ab89b7f746e2623b271
2015_15_CLE_SEA,2015,15,SEA00,outdoors,0,2015-12-20T21:00,13.0,0.4,7.4,dfcea12c035d092d1dd1668a34e0b96bc8910eef360510c5a4d2c62f71b13025
2015_15_DEN_PIT,2015,15,PIT00,outdoors,0,2015-12-20T21:00,5.8,0.0,4.7,603385670475d98ffe84cca64f021fea22a751e2e2232f0b12dfdcd8802872b7
2015_15_MIA_SD,2015,15,SDG00,outdoors,0,2015-12-20T21:00,2.8,0.0,0.7,406e9cf549aa9152577a55c5c8fa234c76c0149b2d76123f4057e5eb56a068e7
2015_15_CIN_SF,2015,15,SFO01,outdoors,0,2015-12-20T21:00,7.3,0.0,12.1,3f69bcc6aa946912be164e6f4a32362f57c75cd557cc9a494bf23ef32d007aac
2015_15_ARI_PHI,2015,15,PHI00,outdoors,0,2015-12-21T01:00,4.7,0.0,1.7,44b7fc8deca9d0d34b3ca04b6c57fc28792ff0a889c24a0f016d0aabe02c04a2
2015_15_DET_NO,2015,15,NOR00,dome,1,2015-12-22T01:00,,,,
2015_16_SD_OAK,2015,16,OAK00,outdoors,0,2015-12-25T01:00,10.1,0.0,10.3,b08776e272af3435c39d6763177dd2337a55d4b64ede2ab89b7f746e2623b271
2015_16_WAS_PHI,2015,16,PHI00,outdoors,0,2015-12-27T01:00,6.2,0.0,11.0,44b7fc8deca9d0d34b3ca04b6c57fc28792ff0a889c24a0f016d0aabe02c04a2
2015_16_CAR_ATL,2015,16,ATL00,dome,1,2015-12-27T18:00,,,,
2015_16_PIT_BAL,2015,16,BAL00,outdoors,0,2015-12-27T18:00,13.9,0.0,16.9,ce753559a48c6b4cea173c8020018c9334737b00a49b385e46c599760a4a90c9
2015_16_DAL_BUF,2015,16,BUF00,outdoors,0,2015-12-27T18:00,8.9,0.7,3.4,871cec873e1ecb8496fa15108eb52898462a053cd09ec21861c2e9df699db8d8
2015_16_SF_DET,2015,16,DET00,dome,1,2015-12-27T18:00,,,,
2015_16_CLE_KC,2015,16,KAN00,outdoors,0,2015-12-27T18:00,15.7,0.0,0.8,71b298315ee63a515eee0887d674c11032c01918aa1007771d4ed3d0ead60195
2015_16_IND_MIA,2015,16,MIA00,outdoors,0,2015-12-27T18:00,11.1,0.0,26.4,46ed1bb19f5fe50a5115788631da243d05d6c1e6a165f66e4fa3e8b3ab14681f
2015_16_NE_NYJ,2015,16,NYC01,outdoors,0,2015-12-27T18:00,12.9,0.0,13.4,93156d7f362cb81d5a9fba028ed30b7d89ceacbe73c98b6fc19d48854b37bd79
2015_16_CHI_TB,2015,16,TAM00,outdoors,0,2015-12-27T18:00,11.5,0.0,28.4,fab6ab49cf404bb971ca0dd26b39cb1350c1f0d73477b52e4eaa409bccaf692f
2015_16_HOU_TEN,2015,16,NAS00,outdoors,0,2015-12-27T18:00,11.0,0.0,23.9,c4b436651fa3fbfaa9aea9f7e0fb12aff6bd1731056732707f4884af5af2fee0
2015_16_JAX_NO,2015,16,NOR00,dome,1,2015-12-27T21:00,,,,
2015_16_GB_ARI,2015,16,PHO00,closed,1,2015-12-27T21:00,,,,
2015_16_STL_SEA,2015,16,SEA00,outdoors,0,2015-12-27T21:00,3.6,1.3,3.1,dfcea12c035d092d1dd1668a34e0b96bc8910eef360510c5a4d2c62f71b13025
2015_16_NYG_MIN,2015,16,MIN98,outdoors,0,2015-12-28T01:00,8.9,0.0,-10.6,2e40fdedf088fc1841ea2154c8b5eeb0f5b12630b6122174943d177278a8cc0c
2015_16_CIN_DEN,2015,16,DEN00,outdoors,0,2015-12-29T01:00,1.1,0.0,-6.8,6c99708e455926ff5954d21238ef0c14fa7ff8287d96b37d305c2edc9f147c0c
2015_17_NO_ATL,2015,17,ATL00,dome,1,2016-01-03T18:00,,,,
2015_17_NYJ_BUF,2015,17,BUF00,outdoors,0,2016-01-03T18:00,15.0,0.1,0.7,871cec873e1ecb8496fa15108eb52898462a053cd09ec21861c2e9df699db8d8
2015_17_DET_CHI,2015,17,CHI98,outdoors,0,2016-01-03T18:00,12.7,0.0,-0.5,8389c48d9c9fdccda8ffd6ff836d19e3cf6ab50093563ae466ce12b4efd74767
2015_17_BAL_CIN,2015,17,CIN00,outdoors,0,2016-01-03T18:00,7.1,0.0,3.3,3bca6de984980bc1fea0ec8cd3045f89cfb70a2c20fd5df8567c76d2a61fc560
2015_17_PIT_CLE,2015,17,CLE00,outdoors,0,2016-01-03T18:00,14.1,0.0,1.0,fcbf0bf12e9f69659ba05fa056d4bdd9765d40db86b13e393007ddff3d335596
2015_17_WAS_DAL,2015,17,DAL00,closed,1,2016-01-03T18:00,,,,
2015_17_JAX_HOU,2015,17,HOU00,closed,1,2016-01-03T18:00,,,,
2015_17_TEN_IND,2015,17,IND00,closed,1,2016-01-03T18:00,,,,
2015_17_NE_MIA,2015,17,MIA00,outdoors,0,2016-01-03T18:00,0.9,0.0,24.2,46ed1bb19f5fe50a5115788631da243d05d6c1e6a165f66e4fa3e8b3ab14681f
2015_17_PHI_NYG,2015,17,NYC01,outdoors,0,2016-01-03T18:00,11.9,0.0,7.3,93156d7f362cb81d5a9fba028ed30b7d89ceacbe73c98b6fc19d48854b37bd79
2015_17_SEA_ARI,2015,17,PHO00,closed,1,2016-01-03T21:00,,,,
2015_17_TB_CAR,2015,17,CAR00,outdoors,0,2016-01-03T21:00,3.9,0.0,11.1,3af49fa52463103b45252d72a2f12136055565e4a5a1ece116ebeba1179c259e
2015_17_SD_DEN,2015,17,DEN00,outdoors,0,2016-01-03T21:00,3.4,0.0,5.7,6c99708e455926ff5954d21238ef0c14fa7ff8287d96b37d305c2edc9f147c0c
2015_17_OAK_KC,2015,17,KAN00,outdoors,0,2016-01-03T21:00,9.0,0.0,1.8,71b298315ee63a515eee0887d674c11032c01918aa1007771d4ed3d0ead60195
2015_17_STL_SF,2015,17,SFO01,outdoors,0,2016-01-03T21:00,3.6,0.0,15.4,3f69bcc6aa946912be164e6f4a32362f57c75cd557cc9a494bf23ef32d007aac
2015_17_MIN_GB,2015,17,GNB00,outdoors,0,2016-01-04T01:00,8.1,0.0,-3.2,b0d28beb8e99b8e500d07f653b106acbae839e1ca8fe56ec16da7c3d4f13bd18
2016_01_CAR_DEN,2016,1,DEN00,outdoors,0,2016-09-09T00:00,8.2,0.0,31.1,6c99708e455926ff5954d21238ef0c14fa7ff8287d96b37d305c2edc9f147c0c
2016_01_TB_ATL,2016,1,ATL00,dome,1,2016-09-11T17:00,,,,
2016_01_BUF_BAL,2016,1,BAL00,outdoors,0,2016-09-11T17:00,10.9,0.0,27.2,ce753559a48c6b4cea173c8020018c9334737b00a49b385e46c599760a4a90c9
2016_01_CHI_HOU,2016,1,HOU00,closed,1,2016-09-11T17:00,,,,
2016_01_GB_JAX,2016,1,JAX00,outdoors,0,2016-09-11T17:00,2.3,0.0,32.9,3a9f161561e39ccc8001c4302235c8af70599ac8fbc6cd38ff349a94d49211c3
2016_01_SD_KC,2016,1,KAN00,outdoors,0,2016-09-11T17:00,8.1,0.0,23.1,71b298315ee63a515eee0887d674c11032c01918aa1007771d4ed3d0ead60195
2016_01_OAK_NO,2016,1,NOR00,dome,1,2016-09-11T17:00,,,,
2016_01_CIN_NYJ,2016,1,NYC01,outdoors,0,2016-09-11T17:00,11.6,0.0,26.5,93156d7f362cb81d5a9fba028ed30b7d89ceacbe73c98b6fc19d48854b37bd79
2016_01_CLE_PHI,2016,1,PHI00,outdoors,0,2016-09-11T17:00,10.4,0.0,29.2,44b7fc8deca9d0d34b3ca04b6c57fc28792ff0a889c24a0f016d0aabe02c04a2
2016_01_MIN_TEN,2016,1,NAS00,outdoors,0,2016-09-11T17:00,5.0,0.0,26.3,c4b436651fa3fbfaa9aea9f7e0fb12aff6bd1731056732707f4884af5af2fee0
2016_01_MIA_SEA,2016,1,SEA00,outdoors,0,2016-09-11T20:00,3.0,0.0,16.4,dfcea12c035d092d1dd1668a34e0b96bc8910eef360510c5a4d2c62f71b13025
2016_01_NYG_DAL,2016,1,DAL00,closed,1,2016-09-11T20:00,,,,
2016_01_DET_IND,2016,1,IND00,open,0,2016-09-11T20:00,0.8,0.0,24.0,d9838279af40fcefdc5c9880b5e5e38d7133ea3cd7880604a49995b9f11396b9
2016_01_NE_ARI,2016,1,PHO00,closed,1,2016-09-12T00:00,,,,
2016_01_PIT_WAS,2016,1,WAS00,outdoors,0,2016-09-12T23:00,3.2,0.0,23.9,9e9c035d7101fdec97aa5f03bbc4ae46180d68a4cf7dc4ea197555eeecf86491
2016_01_LA_SF,2016,1,SFO01,outdoors,0,2016-09-13T02:00,8.1,0.0,17.0,3f69bcc6aa946912be164e6f4a32362f57c75cd557cc9a494bf23ef32d007aac
2016_02_NYJ_BUF,2016,2,BUF00,outdoors,0,2016-09-16T00:00,7.0,0.0,16.0,871cec873e1ecb8496fa15108eb52898462a053cd09ec21861c2e9df699db8d8
2016_02_TB_ARI,2016,2,PHO00,closed,1,2016-09-18T17:00,,,,
2016_02_SF_CAR,2016,2,CAR00,outdoors,0,2016-09-18T17:00,3.4,0.0,30.4,3af49fa52463103b45252d72a2f12136055565e4a5a1ece116ebeba1179c259e
2016_02_BAL_CLE,2016,2,CLE00,outdoors,0,2016-09-18T17:00,4.0,0.0,24.8,fcbf0bf12e9f69659ba05fa056d4bdd9765d40db86b13e393007ddff3d335596
2016_02_TEN_DET,2016,2,DET00,dome,1,2016-09-18T17:00,,,,
2016_02_KC_HOU,2016,2,HOU00,closed,1,2016-09-18T17:00,,,,
2016_02_MIA_NE,2016,2,BOS00,outdoors,0,2016-09-18T17:00,11.6,0.0,28.0,2ebd7b7b4365d60964f4fd2390b861fef9c92761e8eda11a6bbf9f306ba25099
2016_02_NO_NYG,2016,2,NYC01,outdoors,0,2016-09-18T17:00,7.8,0.0,26.5,93156d7f362cb81d5a9fba028ed30b7d89ceacbe73c98b6fc19d48854b37bd79
2016_02_CIN_PIT,2016,2,PIT00,outdoors,0,2016-09-18T17:00,4.9,0.0,24.9,603385670475d98ffe84cca64f021fea22a751e2e2232f0b12dfdcd8802872b7
2016_02_DAL_WAS,2016,2,WAS00,outdoors,0,2016-09-18T17:00,5.5,0.0,29.8,9e9c035d7101fdec97aa5f03bbc4ae46180d68a4cf7dc4ea197555eeecf86491
2016_02_SEA_LA,2016,2,LAX99,outdoors,0,2016-09-18T20:00,6.4,0.0,34.3,4825cf7994123f8668e0dd515bf27b9df77f6ce2551e360ca0656f1fc842b179
2016_02_IND_DEN,2016,2,DEN00,outdoors,0,2016-09-18T20:00,1.4,0.0,30.1,6c99708e455926ff5954d21238ef0c14fa7ff8287d96b37d305c2edc9f147c0c
2016_02_ATL_OAK,2016,2,OAK00,outdoors,0,2016-09-18T20:00,2.9,0.0,27.6,b08776e272af3435c39d6763177dd2337a55d4b64ede2ab89b7f746e2623b271
2016_02_JAX_SD,2016,2,SDG00,outdoors,0,2016-09-18T20:00,9.2,0.0,19.1,406e9cf549aa9152577a55c5c8fa234c76c0149b2d76123f4057e5eb56a068e7
2016_02_GB_MIN,2016,2,MIN01,dome,1,2016-09-19T00:00,,,,
2016_02_PHI_CHI,2016,2,CHI98,outdoors,0,2016-09-20T00:00,7.4,0.0,25.1,8389c48d9c9fdccda8ffd6ff836d19e3cf6ab50093563ae466ce12b4efd74767
2016_03_HOU_NE,2016,3,BOS00,outdoors,0,2016-09-23T00:00,5.7,0.0,20.8,2ebd7b7b4365d60964f4fd2390b861fef9c92761e8eda11a6bbf9f306ba25099
2016_03_ARI_BUF,2016,3,BUF00,outdoors,0,2016-09-25T17:00,3.4,0.0,18.1,871cec873e1ecb8496fa15108eb52898462a053cd09ec21861c2e9df699db8d8
2016_03_MIN_CAR,2016,3,CAR00,outdoors,0,2016-09-25T17:00,2.6,0.0,29.4,3af49fa52463103b45252d72a2f12136055565e4a5a1ece116ebeba1179c259e
2016_03_DEN_CIN,2016,3,CIN00,outdoors,0,2016-09-25T17:00,1.4,0.0,28.8,3bca6de984980bc1fea0ec8cd3045f89cfb70a2c20fd5df8567c76d2a61fc560
2016_03_DET_GB,2016,3,GNB00,outdoors,0,2016-09-25T17:00,14.8,0.0,22.7,b0d28beb8e99b8e500d07f653b106acbae839e1ca8fe56ec16da7c3d4f13bd18
2016_03_BAL_JAX,2016,3,JAX00,outdoors,0,2016-09-25T17:00,5.0,0.0,30.9,3a9f161561e39ccc8001c4302235c8af70599ac8fbc6cd38ff349a94d49211c3
2016_03_CLE_MIA,2016,3,MIA00,outdoors,0,2016-09-25T17:00,5.6,0.0,28.4,46ed1bb19f5fe50a5115788631da243d05d6c1e6a165f66e4fa3e8b3ab14681f
2016_03_WAS_NYG,2016,3,NYC01,outdoors,0,2016-09-25T17:00,5.9,0.0,18.9,93156d7f362cb81d5a9fba028ed30b7d89ceacbe73c98b6fc19d48854b37bd79
2016_03_OAK_TEN,2016,3,NAS00,outdoors,0,2016-09-25T17:00,1.9,0.0,33.5,c4b436651fa3fbfaa9aea9f7e0fb12aff6bd1731056732707f4884af5af2fee0
2016_03_SF_SEA,2016,3,SEA00,outdoors,0,2016-09-25T20:00,1.6,0.0,21.1,dfcea12c035d092d1dd1668a34e0b96bc8910eef360510c5a4d2c62f71b13025
2016_03_LA_TB,2016,3,TAM00,outdoors,0,2016-09-25T20:00,0.9,0.0,31.4,fab6ab49cf404bb971ca0dd26b39cb1350c1f0d73477b52e4eaa409bccaf692f
2016_03_SD_IND,2016,3,IND00,closed,1,2016-09-25T20:00,,,,
2016_03_NYJ_KC,2016,3,KAN00,outdoors,0,2016-09-25T20:00,8.4,0.0,17.7,71b298315ee63a515eee0887d674c11032c01918aa1007771d4ed3d0ead60195
2016_03_PIT_PHI,2016,3,PHI00,outdoors,0,2016-09-25T20:00,2.7,0.0,22.8,44b7fc8deca9d0d34b3ca04b6c57fc28792ff0a889c24a0f016d0aabe02c04a2
2016_03_CHI_DAL,2016,3,DAL00,closed,1,2016-09-26T00:00,,,,
2016_03_ATL_NO,2016,3,NOR00,dome,1,2016-09-27T00:00,,,,
2016_04_MIA_CIN,2016,4,CIN00,outdoors,0,2016-09-30T00:00,4.2,0.3,15.6,3bca6de984980bc1fea0ec8cd3045f89cfb70a2c20fd5df8567c76d2a61fc560
2016_04_IND_JAX,2016,4,LON00,outdoors,0,2016-10-02T13:00,8.3,0.0,15.3,6dc5e1fd8f42b307222e28847c6e943d506cfeb2cf2d2bc7228cf4186fd30c4b
2016_04_CAR_ATL,2016,4,ATL00,dome,1,2016-10-02T17:00,,,,
2016_04_OAK_BAL,2016,4,BAL00,outdoors,0,2016-10-02T17:00,1.8,0.0,20.3,ce753559a48c6b4cea173c8020018c9334737b00a49b385e46c599760a4a90c9
2016_04_DET_CHI,2016,4,CHI98,outdoors,0,2016-10-02T17:00,5.3,0.0,18.0,8389c48d9c9fdccda8ffd6ff836d19e3cf6ab50093563ae466ce12b4efd74767
2016_04_TEN_HOU,2016,4,HOU00,closed,1,2016-10-02T17:00,,,,
2016_04_BUF_NE,2016,4,BOS00,outdoors,0,2016-10-02T17:00,4.7,0.0,15.1,2ebd7b7b4365d60964f4fd2390b861fef9c92761e8eda11a6bbf9f306ba25099
2016_04_SEA_NYJ,2016,4,NYC01,outdoors,0,2016-10-02T17:00,2.4,0.3,16.4,93156d7f362cb81d5a9fba028ed30b7d89ceacbe73c98b6fc19d48854b37bd79
2016_04_CLE_WAS,2016,4,WAS00,outdoors,0,2016-10-02T17:00,1.4,0.0,20.6,9e9c035d7101fdec97aa5f03bbc4ae46180d68a4cf7dc4ea197555eeecf86491
2016_04_DEN_TB,2016,4,TAM00,outdoors,0,2016-10-02T20:00,2.5,0.0,31.3,fab6ab49cf404bb971ca0dd26b39cb1350c1f0d73477b52e4eaa409bccaf692f
2016_04_LA_ARI,2016,4,PHO00,closed,1,2016-10-02T20:00,,,,
2016_04_NO_SD,2016,4,SDG00,outdoors,0,2016-10-02T20:00,3.2,0.0,19.3,406e9cf549aa9152577a55c5c8fa234c76c0149b2d76123f4057e5eb56a068e7
2016_04_DAL_SF,2016,4,SFO01,outdoors,0,2016-10-02T20:00,9.8,0.3,19.2,3f69bcc6aa946912be164e6f4a32362f57c75cd557cc9a494bf23ef32d007aac
2016_04_KC_PIT,2016,4,PIT00,outdoors,0,2016-10-03T00:00,2.7,0.0,16.9,603385670475d98ffe84cca64f021fea22a751e2e2232f0b12dfdcd8802872b7
2016_04_NYG_MIN,2016,4,MIN01,dome,1,2016-10-04T00:00,,,,
2016_05_ARI_SF,2016,5,SFO01,outdoors,0,2016-10-07T00:00,5.5,0.0,25.1,3f69bcc6aa946912be164e6f4a32362f57c75cd557cc9a494bf23ef32d007aac
2016_05_WAS_BAL,2016,5,BAL00,outdoors,0,2016-10-09T17:00,20.4,0.0,16.3,ce753559a48c6b4cea173c8020018c9334737b00a49b385e46c599760a4a90c9
2016_05_NE_CLE,2016,5,CLE00,outdoors,0,2016-10-09T17:00,10.8,0.0,13.8,fcbf0bf12e9f69659ba05fa056d4bdd9765d40db86b13e393007ddff3d335596
2016_05_PHI_DET,2016,5,DET00,dome,1,2016-10-09T17:00,,,,
2016_05_CHI_IND,2016,5,IND00,open,0,2016-10-09T17:00,2.7,0.0,18.1,d9838279af40fcefdc5c9880b5e5e38d7133ea3cd7880604a49995b9f11396b9
2016_05_TEN_MIA,2016,5,MIA00,outdoors,0,2016-10-09T17:00,13.5,0.0,29.8,46ed1bb19f5fe50a5115788631da243d05d6c1e6a165f66e4fa3e8b3ab14681f
2016_05_HOU_MIN,2016,5,MIN01,dome,1,2016-10-09T17:00,,,,
2016_05_NYJ_PIT,2016,5,PIT00,outdoors,0,2016-10-09T17:00,10.0,0.0,15.3,603385670475d98ffe84cca64f021fea22a751e2e2232f0b12dfdcd8802872b7
2016_05_ATL_DEN,2016,5,DEN00,outdoors,0,2016-10-09T20:00,4.0,0.0,23.3,6c99708e455926ff5954d21238ef0c14fa7ff8287d96b37d305c2edc9f147c0c
2016_05_CIN_DAL,2016,5,DAL00,closed,1,2016-10-09T20:00,,,,
2016_05_BUF_LA,2016,5,LAX99,outdoors,0,2016-10-09T20:00,5.9,0.0,32.8,4825cf7994123f8668e0dd515bf27b9df77f6ce2551e360ca0656f1fc842b179
2016_05_SD_OAK,2016,5,OAK00,outdoors,0,2016-10-09T20:00,2.6,0.0,25.9,b08776e272af3435c39d6763177dd2337a55d4b64ede2ab89b7f746e2623b271
2016_05_NYG_GB,2016,5,GNB00,outdoors,0,2016-10-10T00:00,4.6,0.0,10.0,b0d28beb8e99b8e500d07f653b106acbae839e1ca8fe56ec16da7c3d4f13bd18
2016_05_TB_CAR,2016,5,CAR00,outdoors,0,2016-10-11T00:00,4.2,0.0,14.4,3af49fa52463103b45252d72a2f12136055565e4a5a1ece116ebeba1179c259e
2016_06_DEN_SD,2016,6,SDG00,outdoors,0,2016-10-14T00:00,6.9,0.0,16.0,406e9cf549aa9152577a55c5c8fa234c76c0149b2d76123f4057e5eb56a068e7
2016_06_SF_BUF,2016,6,BUF00,outdoors,0,2016-10-16T17:00,15.9,0.0,22.9,871cec873e1ecb8496fa15108eb52898462a053cd09ec21861c2e9df699db8d8
2016_06_JAX_CHI,2016,6,CHI98,outdoors,0,2016-10-16T17:00,8.7,0.2,19.6,8389c48d9c9fdccda8ffd6ff836d19e3cf6ab50093563ae466ce12b4efd74767
2016_06_LA_DET,2016,6,DET00,dome,1,2016-10-16T17:00,,,,
2016_06_PIT_MIA,2016,6,MIA00,outdoors,0,2016-10-16T17:00,10.5,0.3,27.8,46ed1bb19f5fe50a5115788631da243d05d6c1e6a165f66e4fa3e8b3ab14681f
2016_06_CIN_NE,2016,6,BOS00,outdoors,0,2016-10-16T17:00,10.4,0.0,19.3,2ebd7b7b4365d60964f4fd2390b861fef9c92761e8eda11a6bbf9f306ba25099
2016_06_CAR_NO,2016,6,NOR00,dome,1,2016-10-16T17:00,,,,
2016_06_BAL_NYG,2016,6,NYC01,outdoors,0,2016-10-16T17:00,9.2,0.0,18.3,93156d7f362cb81d5a9fba028ed30b7d89ceacbe73c98b6fc19d48854b37bd79
2016_06_CLE_TEN,2016,6,NAS00,outdoors,0,2016-10-16T17:00,8.1,0.1,27.4,c4b436651fa3fbfaa9aea9f7e0fb12aff6bd1731056732707f4884af5af2fee0
2016_06_PHI_WAS,2016,6,WAS00,outdoors,0,2016-10-16T17:00,5.2,0.0,20.8,9e9c035d7101fdec97aa5f03bbc4ae46180d68a4cf7dc4ea197555eeecf86491
2016_06_KC_OAK,2016,6,OAK00,outdoors,0,2016-10-16T20:00,8.1,2.3,19.7,b08776e272af3435c39d6763177dd2337a55d4b64ede2ab89b7f746e2623b271
2016_06_DAL_GB,2016,6,GNB00,outdoors,0,2016-10-16T20:00,5.4,0.0,19.2,b0d28beb8e99b8e500d07f653b106acbae839e1ca8fe56ec16da7c3d4f13bd18
2016_06_ATL_SEA,2016,6,SEA00,outdoors,0,2016-10-16T20:00,8.8,0.1,14.6,dfcea12c035d092d1dd1668a34e0b96bc8910eef360510c5a4d2c62f71b13025
2016_06_IND_HOU,2016,6,HOU00,closed,1,2016-10-17T00:00,,,,
2016_06_NYJ_ARI,2016,6,PHO00,closed,1,2016-10-18T00:00,,,,
2016_07_CHI_GB,2016,7,GNB00,outdoors,0,2016-10-21T00:00,7.4,0.0,8.4,b0d28beb8e99b8e500d07f653b106acbae839e1ca8fe56ec16da7c3d4f13bd18
2016_07_NYG_LA,2016,7,LON01,outdoors,0,2016-10-23T13:00,14.0,0.0,12.7,2c2c82385e235fe250f3a4eee36e4dd03ef61f309c428209770bfa7c9f0ed9d3
2016_07_CLE_CIN,2016,7,CIN00,outdoors,0,2016-10-23T17:00,9.5,0.0,20.3,3bca6de984980bc1fea0ec8cd3045f89cfb70a2c20fd5df8567c76d2a61fc560
2016_07_WAS_DET,2016,7,DET00,dome,1,2016-10-23T17:00,,,,
2016_07_OAK_JAX,2016,7,JAX00,outdoors,0,2016-10-23T17:00,6.0,0.0,22.2,3a9f161561e39ccc8001c4302235c8af70599ac8fbc6cd38ff349a94d49211c3
2016_07_NO_KC,2016,7,KAN00,outdoors,0,2016-10-23T17:00,7.7,0.0,21.2,71b298315ee63a515eee0887d674c11032c01918aa1007771d4ed3d0ead60195
2016_07_BUF_MIA,2016,7,MIA00,outdoors,0,2016-10-23T17:00,11.9,0.0,25.7,46ed1bb19f5fe50a5115788631da243d05d6c1e6a165f66e4fa3e8b3ab14681f
2016_07_BAL_NYJ,2016,7,NYC01,outdoors,0,2016-10-23T17:00,19.9,0.0,16.3,93156d7f362cb81d5a9fba028ed30b7d89ceacbe73c98b6fc19d48854b37bd79
2016_07_MIN_PHI,2016,7,PHI00,outdoors,0,2016-10-23T17:00,14.5,0.0,17.3,44b7fc8deca9d0d34b3ca04b6c57fc28792ff0a889c24a0f016d0aabe02c04a2
2016_07_IND_TEN,2016,7,NAS00,outdoors,0,2016-10-23T17:00,7.6,0.0,23.4,c4b436651fa3fbfaa9aea9f7e0fb12aff6bd1731056732707f4884af5af2fee0
2016_07_SD_ATL,2016,7,ATL00,dome,1,2016-10-23T20:00,,,,
2016_07_TB_SF,2016,7,SFO01,outdoors,0,2016-10-23T20:00,6.2,0.0,21.1,3f69bcc6aa946912be164e6f4a32362f57c75cd557cc9a494bf23ef32d007aac
2016_07_NE_PIT,2016,7,PIT00,outdoors,0,2016-10-23T20:00,11.6,0.0,18.8,603385670475d98ffe84cca64f021fea22a751e2e2232f0b12dfdcd8802872b7
2016_07_SEA_ARI,2016,7,PHO00,closed,1,2016-10-24T00:00,,,,
2016_07_HOU_DEN,2016,7,DEN00,outdoors,0,2016-10-25T00:00,4.3,0.0,21.4,6c99708e455926ff5954d21238ef0c14fa7ff8287d96b37d305c2edc9f147c0c
2016_08_JAX_TEN,2016,8,NAS00,outdoors,0,2016-10-28T00:00,5.1,0.0,20.8,c4b436651fa3fbfaa9aea9f7e0fb12aff6bd1731056732707f4884af5af2fee0
2016_08_WAS_CIN,2016,8,LON00,outdoors,0,2016-10-30T13:00,5.0,0.0,13.0,6dc5e1fd8f42b307222e28847c6e943d506cfeb2cf2d2bc7228cf4186fd30c4b
2016_08_NE_BUF,2016,8,BUF00,outdoors,0,2016-10-30T17:00,7.2,0.8,9.5,871cec873e1ecb8496fa15108eb52898462a053cd09ec21861c2e9df699db8d8
2016_08_ARI_CAR,2016,8,CAR00,outdoors,0,2016-10-30T17:00,5.8,0.0,27.9,3af49fa52463103b45252d72a2f12136055565e4a5a1ece116ebeba1179c259e
2016_08_NYJ_CLE,2016,8,CLE00,outdoors,0,2016-10-30T17:00,8.2,1.1,11.6,fcbf0bf12e9f69659ba05fa056d4bdd9765d40db86b13e393007ddff3d335596
2016_08_DET_HOU,2016,8,HOU00,closed,1,2016-10-30T17:00,,,,
2016_08_KC_IND,2016,8,IND00,closed,1,2016-10-30T17:00,,,,
2016_08_SEA_NO,2016,8,NOR00,dome,1,2016-10-30T17:00,,,,
2016_08_OAK_TB,2016,8,TAM00,outdoors,0,2016-10-30T17:00,10.4,0.0,28.8,fab6ab49cf404bb971ca0dd26b39cb1350c1f0d73477b52e4eaa409bccaf692f
2016_08_SD_DEN,2016,8,DEN00,outdoors,0,2016-10-30T20:00,5.3,0.0,24.5,6c99708e455926ff5954d21238ef0c14fa7ff8287d96b37d305c2edc9f147c0c
2016_08_GB_ATL,2016,8,ATL00,dome,1,2016-10-30T20:00,,,,
2016_08_PHI_DAL,2016,8,DAL00,closed,1,2016-10-31T00:00,,,,
2016_08_MIN_CHI,2016,8,CHI98,outdoors,0,2016-11-01T00:00,13.4,0.0,14.1,8389c48d9c9fdccda8ffd6ff836d19e3cf6ab50093563ae466ce12b4efd74767
2016_09_ATL_TB,2016,9,TAM00,outdoors,0,2016-11-04T00:00,4.1,0.0,23.3,fab6ab49cf404bb971ca0dd26b39cb1350c1f0d73477b52e4eaa409bccaf692f
2016_09_PIT_BAL,2016,9,BAL00,outdoors,0,2016-11-06T18:00,13.2,0.0,17.5,ce753559a48c6b4cea173c8020018c9334737b00a49b385e46c599760a4a90c9
2016_09_DAL_CLE,2016,9,CLE00,outdoors,0,2016-11-06T18:00,4.0,0.0,17.0,fcbf0bf12e9f69659ba05fa056d4bdd9765d40db86b13e393007ddff3d335596
2016_09_JAX_KC,2016,9,KAN00,outdoors,0,2016-11-06T18:00,6.5,0.0,17.4,71b298315ee63a515eee0887d674c11032c01918aa1007771d4ed3d0ead60195
2016_09_NYJ_MIA,2016,9,MIA00,outdoors,0,2016-11-06T18:00,12.5,0.0,25.8,46ed1bb19f5fe50a5115788631da243d05d6c1e6a165f66e4fa3e8b3ab14681f
2016_09_DET_MIN,2016,9,MIN01,dome,1,2016-11-06T18:00,,,,
2016_09_PHI_NYG,2016,9,NYC01,outdoors,0,2016-11-06T18:00,11.3,0.0,13.4,93156d7f362cb81d5a9fba028ed30b7d89ceacbe73c98b6fc19d48854b37bd79
2016_09_CAR_LA,2016,9,LAX99,outdoors,0,2016-11-06T21:00,5.5,0.0,25.2,4825cf7994123f8668e0dd515bf27b9df77f6ce2551e360ca0656f1fc842b179
2016_09_NO_SF,2016,9,SFO01,outdoors,0,2016-11-06T21:00,2.9,0.0,20.5,3f69bcc6aa946912be164e6f4a32362f57c75cd557cc9a494bf23ef32d007aac
2016_09_IND_GB,2016,9,GNB00,outdoors,0,2016-11-06T21:00,4.7,0.0,20.6,b0d28beb8e99b8e500d07f653b106acbae839e1ca8fe56ec16da7c3d4f13bd18
2016_09_TEN_SD,2016,9,SDG00,outdoors,0,2016-11-06T21:00,8.2,0.0,13.5,406e9cf549aa9152577a55c5c8fa234c76c0149b2d76123f4057e5eb56a068e7
2016_09_DEN_OAK,2016,9,OAK00,outdoors,0,2016-11-07T01:00,2.6,0.0,18.7,b08776e272af3435c39d6763177dd2337a55d4b64ede2ab89b7f746e2623b271
2016_09_BUF_SEA,2016,9,SEA00,outdoors,0,2016-11-08T01:00,5.0,0.0,15.6,dfcea12c035d092d1dd1668a34e0b96bc8910eef360510c5a4d2c62f71b13025
2016_10_CLE_BAL,2016,10,BAL00,outdoors,0,2016-11-11T01:00,10.0,0.0,11.7,ce753559a48c6b4cea173c8020018c9334737b00a49b385e46c599760a4a90c9
2016_10_KC_CAR,2016,10,CAR00,outdoors,0,2016-11-13T18:00,0.3,0.2,10.8,3af49fa52463103b45252d72a2f12136055565e4a5a1ece116ebeba1179c259e
2016_10_HOU_JAX,2016,10,JAX00,outdoors,0,2016-11-13T18:00,3.1,0.0,23.1,3a9f161561e39ccc8001c4302235c8af70599ac8fbc6cd38ff349a94d49211c3
2016_10_DEN_NO,2016,10,NOR00,dome,1,2016-11-13T18:00,,,,
2016_10_LA_NYJ,2016,10,NYC01,outdoors,0,2016-11-13T18:00,9.0,0.0,14.6,93156d7f362cb81d5a9fba028ed30b7d89ceacbe73c98b6fc19d48854b37bd79
2016_10_ATL_PHI,2016,10,PHI00,outdoors,0,2016-11-13T18:00,7.9,0.0,15.8,44b7fc8deca9d0d34b3ca04b6c57fc28792ff0a889c24a0f016d0aabe02c04a2
2016_10_CHI_TB,2016,10,TAM00,outdoors,0,2016-11-13T18:00,3.5,0.0,25.6,fab6ab49cf404bb971ca0dd26b39cb1350c1f0d73477b52e4eaa409bccaf692f
2016_10_GB_TEN,2016,10,NAS00,outdoors,0,2016-11-13T18:00,1.4,0.0,17.2,c4b436651fa3fbfaa9aea9f7e0fb12aff6bd1731056732707f4884af5af2fee0
2016_10_MIN_WAS,2016,10,WAS00,outdoors,0,2016-11-13T18:00,5.2,0.0,15.9,9e9c035d7101fdec97aa5f03bbc4ae46180d68a4cf7dc4ea197555eeecf86491
2016_10_MIA_SD,2016,10,SDG00,outdoors,0,2016-11-13T21:00,2.9,0.0,10.4,406e9cf549aa9152577a55c5c8fa234c76c0149b2d76123f4057e5eb56a068e7
2016_10_SF_ARI,2016,10,PHO00,closed,1,2016-11-13T21:00,,,,
2016_10_DAL_PIT,2016,10,PIT00,outdoors,0,2016-11-13T21:00,4.7,0.0,13.9,603385670475d98ffe84cca64f021fea22a751e2e2232f0b12dfdcd8802872b7
2016_10_SEA_NE,2016,10,BOS00,outdoors,0,2016-11-14T01:00,8.3,0.0,7.4,2ebd7b7b4365d60964f4fd2390b861fef9c92761e8eda11a6bbf9f306ba25099
2016_10_CIN_NYG,2016,10,NYC01,outdoors,0,2016-11-15T01:00,5.9,0.0,11.6,93156d7f362cb81d5a9fba028ed30b7d89ceacbe73c98b6fc19d48854b37bd79
2016_11_NO_CAR,2016,11,CAR00,outdoors,0,2016-11-18T01:00,5.2,0.0,12.4,3af49fa52463103b45252d72a2f12136055565e4a5a1ece116ebeba1179c259e
2016_11_BUF_CIN,2016,11,CIN00,outdoors,0,2016-11-20T18:00,10.8,0.0,3.3,3bca6de984980bc1fea0ec8cd3045f89cfb70a2c20fd5df8567c76d2a61fc560
2016_11_PIT_CLE,2016,11,CLE00,outdoors,0,2016-11-20T18:00,21.5,0.1,1.6,fcbf0bf12e9f69659ba05fa056d4bdd9765d40db86b13e393007ddff3d335596
2016_11_BAL_DAL,2016,11,DAL00,closed,1,2016-11-20T18:00,,,,
2016_11_JAX_DET,2016,11,DET00,dome,1,2016-11-20T18:00,,,,
2016_11_TEN_IND,2016,11,IND00,closed,1,2016-11-20T18:00,,,,
2016_11_TB_KC,2016,11,KAN00,outdoors,0,2016-11-20T18:00,8.7,0.0,8.4,71b298315ee63a515eee0887d674c11032c01918aa1007771d4ed3d0ead60195
2016_11_ARI_MIN,2016,11,MIN01,dome,1,2016-11-20T18:00,,,,
2016_11_CHI_NYG,2016,11,NYC01,outdoors,0,2016-11-20T18:00,18.8,0.2,5.9,93156d7f362cb81d5a9fba028ed30b7d89ceacbe73c98b6fc19d48854b37bd79
2016_11_MIA_LA,2016,11,LAX99,outdoors,0,2016-11-20T21:00,5.9,0.0,19.7,4825cf7994123f8668e0dd515bf27b9df77f6ce2551e360ca0656f1fc842b179
2016_11_PHI_SEA,2016,11,SEA00,outdoors,0,2016-11-20T21:00,8.1,0.3,11.9,dfcea12c035d092d1dd1668a34e0b96bc8910eef360510c5a4d2c62f71b13025
2016_11_NE_SF,2016,11,SFO01,outdoors,0,2016-11-20T21:00,2.8,0.2,16.8,3f69bcc6aa946912be164e6f4a32362f57c75cd557cc9a494bf23ef32d007aac
2016_11_GB_WAS,2016,11,WAS00,outdoors,0,2016-11-21T01:00,17.7,0.0,3.7,9e9c035d7101fdec97aa5f03bbc4ae46180d68a4cf7dc4ea197555eeecf86491
2016_11_HOU_OAK,2016,11,MEX00,outdoors,0,2016-11-22T01:00,1.0,0.0,18.4,add3dad2086cf55666b123ec1453ef9d35c0ae6bc8338b7493c8da4ceb1fc592
2016_12_MIN_DET,2016,12,DET00,dome,1,2016-11-24T17:00,,,,
2016_12_WAS_DAL,2016,12,DAL00,closed,1,2016-11-24T21:00,,,,
2016_12_PIT_IND,2016,12,IND00,closed,1,2016-11-25T01:00,,,,
2016_12_ARI_ATL,2016,12,ATL00,dome,1,2016-11-27T18:00,,,,
2016_12_CIN_BAL,2016,12,BAL00,outdoors,0,2016-11-27T18:00,11.1,0.0,9.9,ce753559a48c6b4cea173c8020018c9334737b00a49b385e46c599760a4a90c9
2016_12_JAX_BUF,2016,12,BUF00,outdoors,0,2016-11-27T18:00,10.8,0.0,6.5,871cec873e1ecb8496fa15108eb52898462a053cd09ec21861c2e9df699db8d8
2016_12_TEN_CHI,2016,12,CHI98,outdoors,0,2016-11-27T18:00,11.4,0.0,5.3,8389c48d9c9fdccda8ffd6ff836d19e3cf6ab50093563ae466ce12b4efd74767
2016_12_NYG_CLE,2016,12,CLE00,outdoors,0,2016-11-27T18:00,11.1,0.0,7.9,fcbf0bf12e9f69659ba05fa056d4bdd9765d40db86b13e393007ddff3d335596
2016_12_SD_HOU,2016,12,HOU00,closed,1,2016-11-27T18:00,,,,
2016_12_SF_MIA,2016,12,MIA00,outdoors,0,2016-11-27T18:00,11.3,0.0,24.8,46ed1bb19f5fe50a5115788631da243d05d6c1e6a165f66e4fa3e8b3ab14681f
2016_12_LA_NO,2016,12,NOR00,dome,1,2016-11-27T18:00,,,,
2016_12_SEA_TB,2016,12,TAM00,outdoors,0,2016-11-27T21:00,8.5,0.0,25.7,fab6ab49cf404bb971ca0dd26b39cb1350c1f0d73477b52e4eaa409bccaf692f
2016_12_NE_NYJ,2016,12,NYC01,outdoors,0,2016-11-27T21:00,7.1,0.0,8.5,93156d7f362cb81d5a9fba028ed30b7d89ceacbe73c98b6fc19d48854b37bd79
2016_12_CAR_OAK,2016,12,OAK00,outdoors,0,2016-11-27T21:00,10.4,0.0,15.4,b08776e272af3435c39d6763177dd2337a55d4b64ede2ab89b7f746e2623b271
2016_12_KC_DEN,2016,12,DEN00,outdoors,0,2016-11-28T01:00,6.5,0.0,6.7,6c99708e455926ff5954d21238ef0c14fa7ff8287d96b37d305c2edc9f147c0c
2016_12_GB_PHI,2016,12,PHI00,outdoors,0,2016-11-29T01:00,6.3,0.0,8.4,44b7fc8deca9d0d34b3ca04b6c57fc28792ff0a889c24a0f016d0aabe02c04a2
2016_13_DAL_MIN,2016,13,MIN01,dome,1,2016-12-02T01:00,,,,
2016_13_KC_ATL,2016,13,ATL00,dome,1,2016-12-04T18:00,,,,
2016_13_MIA_BAL,2016,13,BAL00,outdoors,0,2016-12-04T18:00,3.6,0.0,7.8,ce753559a48c6b4cea173c8020018c9334737b00a49b385e46c599760a4a90c9
2016_13_SF_CHI,2016,13,CHI98,outdoors,0,2016-12-04T18:00,7.4,1.0,0.9,8389c48d9c9fdccda8ffd6ff836d19e3cf6ab50093563ae466ce12b4efd74767
2016_13_PHI_CIN,2016,13,CIN00,outdoors,0,2016-12-04T18:00,7.6,0.0,7.4,3bca6de984980bc1fea0ec8cd3045f89cfb70a2c20fd5df8567c76d2a61fc560
2016_13_HOU_GB,2016,13,GNB00,outdoors,0,2016-12-04T18:00,7.2,0.5,0.4,b0d28beb8e99b8e500d07f653b106acbae839e1ca8fe56ec16da7c3d4f13bd18
2016_13_DEN_JAX,2016,13,JAX00,outdoors,0,2016-12-04T18:00,8.3,0.0,24.7,3a9f161561e39ccc8001c4302235c8af70599ac8fbc6cd38ff349a94d49211c3
2016_13_LA_NE,2016,13,BOS00,outdoors,0,2016-12-04T18:00,6.1,0.0,5.2,2ebd7b7b4365d60964f4fd2390b861fef9c92761e8eda11a6bbf9f306ba25099
2016_13_DET_NO,2016,13,NOR00,dome,1,2016-12-04T18:00,,,,
2016_13_BUF_OAK,2016,13,OAK00,outdoors,0,2016-12-04T21:00,4.7,0.0,13.7,b08776e272af3435c39d6763177dd2337a55d4b64ede2ab89b7f746e2623b271
2016_13_WAS_ARI,2016,13,PHO00,closed,1,2016-12-04T21:00,,,,
2016_13_NYG_PIT,2016,13,PIT00,outdoors,0,2016-12-04T21:00,6.5,0.0,5.7,603385670475d98ffe84cca64f021fea22a751e2e2232f0b12dfdcd8802872b7
2016_13_TB_SD,2016,13,SDG00,outdoors,0,2016-12-04T21:00,4.6,0.0,5.8,406e9cf549aa9152577a55c5c8fa234c76c0149b2d76123f4057e5eb56a068e7
2016_13_CAR_SEA,2016,13,SEA00,outdoors,0,2016-12-05T01:00,4.0,0.0,5.2,dfcea12c035d092d1dd1668a34e0b96bc8910eef360510c5a4d2c62f71b13025
2016_13_IND_NYJ,2016,13,NYC01,outdoors,0,2016-12-06T01:00,5.2,0.0,5.7,93156d7f362cb81d5a9fba028ed30b7d89ceacbe73c98b6fc19d48854b37bd79
2016_14_OAK_KC,2016,14,KAN00,outdoors,0,2016-12-09T01:00,7.6,0.0,-5.9,71b298315ee63a515eee0887d674c11032c01918aa1007771d4ed3d0ead60195
2016_14_PIT_BUF,2016,14,BUF00,outdoors,0,2016-12-11T18:00,9.3,0.1,-3.2,871cec873e1ecb8496fa15108eb52898462a053cd09ec21861c2e9df699db8d8
2016_14_SD_CAR,2016,14,CAR00,outdoors,0,2016-12-11T18:00,3.0,0.0,4.2,3af49fa52463103b45252d72a2f12136055565e4a5a1ece116ebeba1179c259e
2016_14_CIN_CLE,2016,14,CLE00,outdoors,0,2016-12-11T18:00,13.7,0.4,-1.4,fcbf0bf12e9f69659ba05fa056d4bdd9765d40db86b13e393007ddff3d335596
2016_14_CHI_DET,2016,14,DET00,dome,1,2016-12-11T18:00,,,,
2016_14_HOU_IND,2016,14,IND00,closed,1,2016-12-11T18:00,,,,
2016_14_MIN_JAX,2016,14,JAX00,outdoors,0,2016-12-11T18:00,8.3,0.0,22.1,3a9f161561e39ccc8001c4302235c8af70599ac8fbc6cd38ff349a94d49211c3
2016_14_ARI_MIA,2016,14,MIA00,outdoors,0,2016-12-11T18:00,14.1,0.4,23.8,46ed1bb19f5fe50a5115788631da243d05d6c1e6a165f66e4fa3e8b3ab14681f
2016_14_WAS_PHI,2016,14,PHI00,outdoors,0,2016-12-11T18:00,6.3,0.0,0.7,44b7fc8deca9d0d34b3ca04b6c57fc28792ff0a889c24a0f016d0aabe02c04a2
2016_14_DEN_TEN,2016,14,NAS00,outdoors,0,2016-12-11T18:00,12.9,0.0,10.5,c4b436651fa3fbfaa9aea9f7e0fb12aff6bd1731056732707f4884af5af2fee0
2016_14_NYJ_SF,2016,14,SFO01,outdoors,0,2016-12-11T21:00,3.8,0.0,12.9,3f69bcc6aa946912be164e6f4a32362f57c75cd557cc9a494bf23ef32d007aac
2016_14_SEA_GB,2016,14,GNB00,outdoors,0,2016-12-11T21:00,3.7,0.0,-2.7,b0d28beb8e99b8e500d07f653b106acbae839e1ca8fe56ec16da7c3d4f13bd18
2016_14_ATL_LA,2016,14,LAX99,outdoors,0,2016-12-11T21:00,5.1,0.0,20.2,4825cf7994123f8668e0dd515bf27b9df77f6ce2551e360ca0656f1fc842b179
2016_14_NO_TB,2016,14,TAM00,outdoors,0,2016-12-11T21:00,8.1,0.0,24.7,fab6ab49cf404bb971ca0dd26b39cb1350c1f0d73477b52e4eaa409bccaf692f
2016_14_DAL_NYG,2016,14,NYC01,outdoors,0,2016-12-12T01:00,3.7,0.0,-0.4,93156d7f362cb81d5a9fba028ed30b7d89ceacbe73c98b6fc19d48854b37bd79
2016_14_BAL_NE,2016,14,BOS00,outdoors,0,2016-12-13T01:00,7.9,0.0,-0.2,2ebd7b7b4365d60964f4fd2390b861fef9c92761e8eda11a6bbf9f306ba25099
2016_15_LA_SEA,2016,15,SEA00,outdoors,0,2016-12-16T01:00,4.0,0.0,2.9,dfcea12c035d092d1dd1668a34e0b96bc8910eef360510c5a4d2c62f71b13025
2016_15_MIA_NYJ,2016,15,NYC01,outdoors,0,2016-12-18T01:00,5.4,0.0,0.6,93156d7f362cb81d5a9fba028ed30b7d89ceacbe73c98b6fc19d48854b37bd79
2016_15_PHI_BAL,2016,15,BAL00,outdoors,0,2016-12-18T18:00,8.3,0.8,12.0,ce753559a48c6b4cea173c8020018c9334737b00a49b385e46c599760a4a90c9
2016_15_CLE_BUF,2016,15,BUF00,outdoors,0,2016-12-18T18:00,15.4,0.0,-2.7,871cec873e1ecb8496fa15108eb52898462a053cd09ec21861c2e9df699db8d8
2016_15_GB_CHI,2016,15,CHI98,outdoors,0,2016-12-18T18:00,11.0,0.0,-14.5,8389c48d9c9fdccda8ffd6ff836d19e3cf6ab50093563ae466ce12b4efd74767
2016_15_PIT_CIN,2016,15,CIN00,outdoors,0,2016-12-18T18:00,8.8,0.0,-3.2,3bca6de984980bc1fea0ec8cd3045f89cfb70a2c20fd5df8567c76d2a61fc560
2016_15_JAX_HOU,2016,15,HOU00,closed,1,2016-12-18T18:00,,,,
2016_15_TEN_KC,2016,15,KAN00,outdoors,0,2016-12-18T18:00,3.2,0.0,-16.3,71b298315ee63a515eee0887d674c11032c01918aa1007771d4ed3d0ead60195
2016_15_IND_MIN,2016,15,MIN01,dome,1,2016-12-18T18:00,,,,
2016_15_DET_NYG,2016,15,NYC01,outdoors,0,2016-12-18T18:00,12.9,1.3,12.7,93156d7f362cb81d5a9fba028ed30b7d89ceacbe73c98b6fc19d48854b37bd79
2016_15_NO_ARI,2016,15,PHO00,closed,1,2016-12-18T21:00,,,,
2016_15_SF_ATL,2016,15,ATL00,dome,1,2016-12-18T21:00,,,,
2016_15_NE_DEN,2016,15,DEN00,outdoors,0,2016-12-18T21:00,3.4,0.0,-3.5,6c99708e455926ff5954d21238ef0c14fa7ff8287d96b37d305c2edc9f147c0c
2016_15_OAK_SD,2016,15,SDG00,outdoors,0,2016-12-18T21:00,5.1,0.0,3.6,406e9cf549aa9152577a55c5c8fa234c76c0149b2d76123f4057e5eb56a068e7
2016_15_TB_DAL,2016,15,DAL00,closed,1,2016-12-19T01:00,,,,
2016_15_CAR_WAS,2016,15,WAS00,outdoors,0,2016-12-20T01:00,5.1,0.0,-1.1,9e9c035d7101fdec97aa5f03bbc4ae46180d68a4cf7dc4ea197555eeecf86491
2016_16_NYG_PHI,2016,16,PHI00,outdoors,0,2016-12-23T01:00,9.3,0.0,5.8,44b7fc8deca9d0d34b3ca04b6c57fc28792ff0a889c24a0f016d0aabe02c04a2
2016_16_MIA_BUF,2016,16,BUF00,outdoors,0,2016-12-24T18:00,11.4,0.0,3.2,871cec873e1ecb8496fa15108eb52898462a053cd09ec21861c2e9df699db8d8
2016_16_ATL_CAR,2016,16,CAR00,outdoors,0,2016-12-24T18:00,7.0,0.0,13.3,3af49fa52463103b45252d72a2f12136055565e4a5a1ece116ebeba1179c259e
2016_16_WAS_CHI,2016,16,CHI98,outdoors,0,2016-12-24T18:00,1.4,0.0,2.6,8389c48d9c9fdccda8ffd6ff836d19e3cf6ab50093563ae466ce12b4efd74767
2016_16_SD_CLE,2016,16,CLE00,outdoors,0,2016-12-24T18:00,9.8,0.0,3.5,fcbf0bf12e9f69659ba05fa056d4bdd9765d40db86b13e393007ddff3d335596
2016_16_MIN_GB,2016,16,GNB00,outdoors,0,2016-12-24T18:00,4.7,0.0,2.6,b0d28beb8e99b8e500d07f653b106acbae839e1ca8fe56ec16da7c3d4f13bd18
2016_16_TEN_JAX,2016,16,JAX00,outdoors,0,2016-12-24T18:00,0.8,0.0,24.3,3a9f161561e39ccc8001c4302235c8af70599ac8fbc6cd38ff349a94d49211c3
2016_16_NYJ_NE,2016,16,BOS00,outdoors,0,2016-12-24T18:00,7.9,2.0,6.1,2ebd7b7b4365d60964f4fd2390b861fef9c92761e8eda11a6bbf9f306ba25099
2016_16_IND_OAK,2016,16,OAK00,outdoors,0,2016-12-24T21:00,8.5,0.0,11.4,b08776e272af3435c39d6763177dd2337a55d4b64ede2ab89b7f746e2623b271
2016_16_SF_LA,2016,16,LAX99,outdoors,0,2016-12-24T21:00,10.1,0.2,14.3,4825cf7994123f8668e0dd515bf27b9df77f6ce2551e360ca0656f1fc842b179
2016_16_TB_NO,2016,16,NOR00,dome,1,2016-12-24T21:00,,,,
2016_16_ARI_SEA,2016,16,SEA00,outdoors,0,2016-12-24T21:00,2.3,0.0,3.8,dfcea12c035d092d1dd1668a34e0b96bc8910eef360510c5a4d2c62f71b13025
2016_16_CIN_HOU,2016,16,HOU00,closed,1,2016-12-25T01:00,,,,
2016_16_BAL_PIT,2016,16,PIT00,outdoors,0,2016-12-25T21:00,4.9,0.0,5.3,603385670475d98ffe84cca64f021fea22a751e2e2232f0b12dfdcd8802872b7
2016_16_DEN_KC,2016,16,KAN00,outdoors,0,2016-12-26T01:00,16.9,1.2,14.7,71b298315ee63a515eee0887d674c11032c01918aa1007771d4ed3d0ead60195
2016_16_DET_DAL,2016,16,DAL00,closed,1,2016-12-27T01:00,,,,
2016_17_BAL_CIN,2016,17,CIN00,outdoors,0,2017-01-01T18:00,4.5,0.0,8.1,3bca6de984980bc1fea0ec8cd3045f89cfb70a2c20fd5df8567c76d2a61fc560
2016_17_JAX_IND,2016,17,IND00,closed,1,2017-01-01T18:00,,,,
2016_17_NE_MIA,2016,17,MIA00,outdoors,0,2017-01-01T18:00,11.9,0.0,26.1,46ed1bb19f5fe50a5115788631da243d05d6c1e6a165f66e4fa3e8b3ab14681f
2016_17_CHI_MIN,2016,17,MIN01,dome,1,2017-01-01T18:00,,,,
2016_17_BUF_NYJ,2016,17,NYC01,outdoors,0,2017-01-01T18:00,7.0,0.0,7.9,93156d7f362cb81d5a9fba028ed30b7d89ceacbe73c98b6fc19d48854b37bd79
2016_17_DAL_PHI,2016,17,PHI00,outdoors,0,2017-01-01T18:00,8.1,0.0,10.8,44b7fc8deca9d0d34b3ca04b6c57fc28792ff0a889c24a0f016d0aabe02c04a2
2016_17_CLE_PIT,2016,17,PIT00,outdoors,0,2017-01-01T18:00,3.2,0.0,5.8,603385670475d98ffe84cca64f021fea22a751e2e2232f0b12dfdcd8802872b7
2016_17_CAR_TB,2016,17,TAM00,outdoors,0,2017-01-01T18:00,9.0,0.0,26.5,fab6ab49cf404bb971ca0dd26b39cb1350c1f0d73477b52e4eaa409bccaf692f
2016_17_HOU_TEN,2016,17,NAS00,outdoors,0,2017-01-01T18:00,4.9,0.5,10.0,c4b436651fa3fbfaa9aea9f7e0fb12aff6bd1731056732707f4884af5af2fee0
2016_17_NO_ATL,2016,17,ATL00,dome,1,2017-01-01T21:00,,,,
2016_17_OAK_DEN,2016,17,DEN00,outdoors,0,2017-01-01T21:00,2.9,0.0,10.5,6c99708e455926ff5954d21238ef0c14fa7ff8287d96b37d305c2edc9f147c0c
2016_17_ARI_LA,2016,17,LAX99,outdoors,0,2017-01-01T21:00,7.3,0.0,14.9,4825cf7994123f8668e0dd515bf27b9df77f6ce2551e360ca0656f1fc842b179
2016_17_KC_SD,2016,17,SDG00,outdoors,0,2017-01-01T21:00,4.5,0.0,3.2,406e9cf549aa9152577a55c5c8fa234c76c0149b2d76123f4057e5eb56a068e7
2016_17_SEA_SF,2016,17,SFO01,outdoors,0,2017-01-01T21:00,8.7,0.0,11.5,3f69bcc6aa946912be164e6f4a32362f57c75cd557cc9a494bf23ef32d007aac
2016_17_NYG_WAS,2016,17,WAS00,outdoors,0,2017-01-01T21:00,2.1,0.0,11.8,9e9c035d7101fdec97aa5f03bbc4ae46180d68a4cf7dc4ea197555eeecf86491
2016_17_GB_DET,2016,17,DET00,dome,1,2017-01-02T01:00,,,,
2017_01_KC_NE,2017,1,BOS00,outdoors,0,2017-09-08T00:00,8.4,0.0,17.7,2ebd7b7b4365d60964f4fd2390b861fef9c92761e8eda11a6bbf9f306ba25099
2017_01_NYJ_BUF,2017,1,BUF00,outdoors,0,2017-09-10T17:00,5.6,0.0,18.6,871cec873e1ecb8496fa15108eb52898462a053cd09ec21861c2e9df699db8d8
2017_01_ATL_CHI,2017,1,CHI98,outdoors,0,2017-09-10T17:00,6.5,0.0,18.7,8389c48d9c9fdccda8ffd6ff836d19e3cf6ab50093563ae466ce12b4efd74767
2017_01_BAL_CIN,2017,1,CIN00,outdoors,0,2017-09-10T17:00,7.5,0.0,21.8,3bca6de984980bc1fea0ec8cd3045f89cfb70a2c20fd5df8567c76d2a61fc560
2017_01_PIT_CLE,2017,1,CLE00,outdoors,0,2017-09-10T17:00,7.5,0.0,18.5,fcbf0bf12e9f69659ba05fa056d4bdd9765d40db86b13e393007ddff3d335596
2017_01_ARI_DET,2017,1,DET00,dome,1,2017-09-10T17:00,,,,
2017_01_JAX_HOU,2017,1,HOU00,open,0,2017-09-10T17:00,9.5,0.0,28.2,ed70d9094fddccc61ba4d97ced27bffa07a782cad87a4ef1b5c1d149f4b1c2f8
2017_01_OAK_TEN,2017,1,NAS00,outdoors,0,2017-09-10T17:00,4.9,0.0,23.9,c4b436651fa3fbfaa9aea9f7e0fb12aff6bd1731056732707f4884af5af2fee0
2017_01_PHI_WAS,2017,1,WAS00,outdoors,0,2017-09-10T17:00,8.4,0.0,21.1,9e9c035d7101fdec97aa5f03bbc4ae46180d68a4cf7dc4ea197555eeecf86491
2017_01_IND_LA,2017,1,LAX99,outdoors,0,2017-09-10T20:00,5.7,0.0,32.5,4825cf7994123f8668e0dd515bf27b9df77f6ce2551e360ca0656f1fc842b179
2017_01_SEA_GB,2017,1,GNB00,outdoors,0,2017-09-10T20:00,6.7,0.0,21.5,b0d28beb8e99b8e500d07f653b106acbae839e1ca8fe56ec16da7c3d4f13bd18
2017_01_CAR_SF,2017,1,SFO01,outdoors,0,2017-09-10T20:00,4.4,0.0,32.8,3f69bcc6aa946912be164e6f4a32362f57c75cd557cc9a494bf23ef32d007aac
2017_01_NYG_DAL,2017,1,DAL00,closed,1,2017-09-11T00:00,,,,
2017_01_NO_MIN,2017,1,MIN01,dome,1,2017-09-11T23:00,,,,
2017_01_LAC_DEN,2017,1,DEN00,outdoors,0,2017-09-12T02:00,6.8,0.0,23.6,6c99708e455926ff5954d21238ef0c14fa7ff8287d96b37d305c2edc9f147c0c
2017_02_HOU_CIN,2017,2,CIN00,outdoors,0,2017-09-15T00:00,1.1,0.0,20.0,3bca6de984980bc1fea0ec8cd3045f89cfb70a2c20fd5df8567c76d2a61fc560
2017_02_CLE_BAL,2017,2,BAL00,outdoors,0,2017-09-17T17:00,3.2,0.0,25.2,ce753559a48c6b4cea173c8020018c9334737b00a49b385e46c599760a4a90c9
2017_02_BUF_CAR,2017,2,CAR00,outdoors,0,2017-09-17T17:00,4.7,0.0,28.3,3af49fa52463103b45252d72a2f12136055565e4a5a1ece116ebeba1179c259e
2017_02_ARI_IND,2017,2,IND00,closed,1,2017-09-17T17:00,,,,
2017_02_TEN_JAX,2017,2,JAX00,outdoors,0,2017-09-17T17:00,8.0,0.0,30.4,3a9f161561e39ccc8001c4302235c8af70599ac8fbc6cd38ff349a94d49211c3
2017_02_PHI_KC,2017,2,KAN00,outdoors,0,2017-09-17T17:00,3.8,0.0,18.4,71b298315ee63a515eee0887d674c11032c01918aa1007771d4ed3d0ead60195
2017_02_NE_NO,2017,2,NOR00,dome,1,2017-09-17T17:00,,,,
2017_02_MIN_PIT,2017,2,PIT00,outdoors,0,2017-09-17T17:00,0.9,0.1,27.3,603385670475d98ffe84cca64f021fea22a751e2e2232f0b12dfdcd8802872b7
2017_02_CHI_TB,2017,2,TAM00,outdoors,0,2017-09-17T17:00,7.4,0.0,30.9,fab6ab49cf404bb971ca0dd26b39cb1350c1f0d73477b52e4eaa409bccaf692f
2017_02_MIA_LAC,2017,2,LAX97,outdoors,0,2017-09-17T20:00,5.2,0.0,21.8,78c5376315866fa2e28a8c831bbbf4f9dbd855f93c30fd16f3da3c891f2b4fd6
2017_02_NYJ_OAK,2017,2,OAK00,outdoors,0,2017-09-17T20:00,8.1,0.0,22.1,b08776e272af3435c39d6763177dd2337a55d4b64ede2ab89b7f746e2623b271
2017_02_DAL_DEN,2017,2,DEN00,outdoors,0,2017-09-17T20:00,8.1,0.0,22.3,6c99708e455926ff5954d21238ef0c14fa7ff8287d96b37d305c2edc9f147c0c
2017_02_WAS_LA,2017,2,LAX99,outdoors,0,2017-09-17T20:00,3.1,0.0,24.2,4825cf7994123f8668e0dd515bf27b9df77f6ce2551e360ca0656f1fc842b179
2017_02_SF_SEA,2017,2,SEA00,outdoors,0,2017-09-17T20:00,11.8,0.5,17.9,dfcea12c035d092d1dd1668a34e0b96bc8910eef360510c5a4d2c62f71b13025
2017_02_GB_ATL,2017,2,ATL97,open,0,2017-09-18T00:00,4.8,0.0,25.5,9e40615347debf8f99ffea4a9840896f58e0470de8f8fb57690d22bbd5ec1cea
2017_02_DET_NYG,2017,2,NYC01,outdoors,0,2017-09-19T00:00,5.6,0.0,22.0,93156d7f362cb81d5a9fba028ed30b7d89ceacbe73c98b6fc19d48854b37bd79
2017_03_LA_SF,2017,3,SFO01,outdoors,0,2017-09-22T00:00,10.9,0.0,19.7,3f69bcc6aa946912be164e6f4a32362f57c75cd557cc9a494bf23ef32d007aac
2017_03_DEN_BUF,2017,3,BUF00,outdoors,0,2017-09-24T17:00,2.6,0.0,30.6,871cec873e1ecb8496fa15108eb52898462a053cd09ec21861c2e9df699db8d8
2017_03_NO_CAR,2017,3,CAR00,outdoors,0,2017-09-24T17:00,6.5,0.0,28.4,3af49fa52463103b45252d72a2f12136055565e4a5a1ece116ebeba1179c259e
2017_03_PIT_CHI,2017,3,CHI98,outdoors,0,2017-09-24T17:00,4.3,0.0,29.5,8389c48d9c9fdccda8ffd6ff836d19e3cf6ab50093563ae466ce12b4efd74767
2017_03_ATL_DET,2017,3,DET00,dome,1,2017-09-24T17:00,,,,
2017_03_CLE_IND,2017,3,IND00,closed,1,2017-09-24T17:00,,,,
2017_03_TB_MIN,2017,3,MIN01,dome,1,2017-09-24T17:00,,,,
2017_03_HOU_NE,2017,3,BOS00,outdoors,0,2017-09-24T17:00,2.2,0.0,28.9,2ebd7b7b4365d60964f4fd2390b861fef9c92761e8eda11a6bbf9f306ba25099
2017_03_MIA_NYJ,2017,3,NYC01,outdoors,0,2017-09-24T17:00,3.6,0.0,28.4,93156d7f362cb81d5a9fba028ed30b7d89ceacbe73c98b6fc19d48854b37bd79
2017_03_NYG_PHI,2017,3,PHI00,outdoors,0,2017-09-24T17:00,4.0,0.0,32.1,44b7fc8deca9d0d34b3ca04b6c57fc28792ff0a889c24a0f016d0aabe02c04a2
2017_03_SEA_TEN,2017,3,NAS00,outdoors,0,2017-09-24T20:00,1.8,0.0,30.8,c4b436651fa3fbfaa9aea9f7e0fb12aff6bd1731056732707f4884af5af2fee0
2017_03_CIN_GB,2017,3,GNB00,outdoors,0,2017-09-24T20:00,9.5,0.0,32.7,b0d28beb8e99b8e500d07f653b106acbae839e1ca8fe56ec16da7c3d4f13bd18
2017_03_KC_LAC,2017,3,LAX97,outdoors,0,2017-09-24T20:00,5.4,0.0,24.7,78c5376315866fa2e28a8c831bbbf4f9dbd855f93c30fd16f3da3c891f2b4fd6
2017_03_OAK_WAS,2017,3,WAS00,outdoors,0,2017-09-25T00:00,0.7,0.0,25.5,9e9c035d7101fdec97aa5f03bbc4ae46180d68a4cf7dc4ea197555eeecf86491
2017_03_BAL_JAX,2017,3,LON00,outdoors,0,2017-09-25T01:00,5.2,0.7,15.1,6dc5e1fd8f42b307222e28847c6e943d506cfeb2cf2d2bc7228cf4186fd30c4b
2017_03_DAL_ARI,2017,3,PHO00,closed,1,2017-09-26T00:00,,,,
2017_04_CHI_GB,2017,4,GNB00,outdoors,0,2017-09-29T00:00,7.9,0.0,18.1,b0d28beb8e99b8e500d07f653b106acbae839e1ca8fe56ec16da7c3d4f13bd18
2017_04_BUF_ATL,2017,4,ATL97,closed,1,2017-10-01T17:00,,,,
2017_04_PIT_BAL,2017,4,BAL00,outdoors,0,2017-10-01T17:00,3.4,0.0,17.6,ce753559a48c6b4cea173c8020018c9334737b00a49b385e46c599760a4a90c9
2017_04_CIN_CLE,2017,4,CLE00,outdoors,0,2017-10-01T17:00,4.8,0.0,17.6,fcbf0bf12e9f69659ba05fa056d4bdd9765d40db86b13e393007ddff3d335596
2017_04_LA_DAL,2017,4,DAL00,closed,1,2017-10-01T17:00,,,,
2017_04_TEN_HOU,2017,4,HOU00,open,0,2017-10-01T17:00,2.1,0.0,29.8,ed70d9094fddccc61ba4d97ced27bffa07a782cad87a4ef1b5c1d149f4b1c2f8
2017_04_DET_MIN,2017,4,MIN01,dome,1,2017-10-01T17:00,,,,
2017_04_CAR_NE,2017,4,BOS00,outdoors,0,2017-10-01T17:00,3.4,0.0,16.7,2ebd7b7b4365d60964f4fd2390b861fef9c92761e8eda11a6bbf9f306ba25099
2017_04_JAX_NYJ,2017,4,NYC01,outdoors,0,2017-10-01T17:00,3.0,0.0,17.7,93156d7f362cb81d5a9fba028ed30b7d89ceacbe73c98b6fc19d48854b37bd79
2017_04_SF_ARI,2017,4,PHO00,closed,1,2017-10-01T20:00,,,,
2017_04_PHI_LAC,2017,4,LAX97,outdoors,0,2017-10-01T20:00,6.9,0.0,21.3,78c5376315866fa2e28a8c831bbbf4f9dbd855f93c30fd16f3da3c891f2b4fd6
2017_04_NYG_TB,2017,4,TAM00,outdoors,0,2017-10-01T20:00,9.2,3.6,29.3,fab6ab49cf404bb971ca0dd26b39cb1350c1f0d73477b52e4eaa409bccaf692f
2017_04_OAK_DEN,2017,4,DEN00,outdoors,0,2017-10-01T20:00,6.7,0.0,22.1,6c99708e455926ff5954d21238ef0c14fa7ff8287d96b37d305c2edc9f147c0c
2017_04_IND_SEA,2017,4,SEA00,outdoors,0,2017-10-02T00:00,2.5,0.3,15.5,dfcea12c035d092d1dd1668a34e0b96bc8910eef360510c5a4d2c62f71b13025
2017_04_NO_MIA,2017,4,LON00,outdoors,0,2017-10-02T01:00,15.4,0.0,14.9,6dc5e1fd8f42b307222e28847c6e943d506cfeb2cf2d2bc7228cf4186fd30c4b
2017_04_WAS_KC,2017,4,KAN00,outdoors,0,2017-10-03T00:00,10.0,0.0,27.2,71b298315ee63a515eee0887d674c11032c01918aa1007771d4ed3d0ead60195
2017_05_NE_TB,2017,5,TAM00,outdoors,0,2017-10-06T00:00,9.3,0.0,24.9,fab6ab49cf404bb971ca0dd26b39cb1350c1f0d73477b52e4eaa409bccaf692f
2017_05_BUF_CIN,2017,5,CIN00,outdoors,0,2017-10-08T17:00,5.1,1.9,18.0,3bca6de984980bc1fea0ec8cd3045f89cfb70a2c20fd5df8567c76d2a61fc560
2017_05_NYJ_CLE,2017,5,CLE00,outdoors,0,2017-10-08T17:00,4.6,0.0,21.1,fcbf0bf12e9f69659ba05fa056d4bdd9765d40db86b13e393007ddff3d335596
2017_05_CAR_DET,2017,5,DET00,dome,1,2017-10-08T17:00,,,,
2017_05_SF_IND,2017,5,IND00,closed,1,2017-10-08T17:00,,,,
2017_05_TEN_MIA,2017,5,MIA00,outdoors,0,2017-10-08T17:00,7.0,0.0,30.0,46ed1bb19f5fe50a5115788631da243d05d6c1e6a165f66e4fa3e8b3ab14681f
2017_05_LAC_NYG,2017,5,NYC01,outdoors,0,2017-10-08T17:00,9.2,0.0,24.6,93156d7f362cb81d5a9fba028ed30b7d89ceacbe73c98b6fc19d48854b37bd79
2017_05_ARI_PHI,2017,5,PHI00,outdoors,0,2017-10-08T17:00,11.1,0.2,26.5,44b7fc8deca9d0d34b3ca04b6c57fc28792ff0a889c24a0f016d0aabe02c04a2
2017_05_JAX_PIT,2017,5,PIT00,outdoors,0,2017-10-08T17:00,7.3,0.0,22.9,603385670475d98ffe84cca64f021fea22a751e2e2232f0b12dfdcd8802872b7
2017_05_SEA_LA,2017,5,LAX99,outdoors,0,2017-10-08T20:00,7.5,0.0,26.0,4825cf7994123f8668e0dd515bf27b9df77f6ce2551e360ca0656f1fc842b179
2017_05_BAL_OAK,2017,5,OAK00,outdoors,0,2017-10-08T20:00,8.0,0.0,25.4,b08776e272af3435c39d6763177dd2337a55d4b64ede2ab89b7f746e2623b271
2017_05_GB_DAL,2017,5,DAL00,closed,1,2017-10-08T20:00,,,,
2017_05_KC_HOU,2017,5,HOU00,closed,1,2017-10-09T00:00,,,,
2017_05_MIN_CHI,2017,5,CHI98,outdoors,0,2017-10-10T00:00,3.6,0.0,21.2,8389c48d9c9fdccda8ffd6ff836d19e3cf6ab50093563ae466ce12b4efd74767
2017_06_PHI_CAR,2017,6,CAR00,outdoors,0,2017-10-13T00:00,8.0,0.1,24.0,3af49fa52463103b45252d72a2f12136055565e4a5a1ece116ebeba1179c259e
2017_06_MIA_ATL,2017,6,ATL97,closed,1,2017-10-15T17:00,,,,
2017_06_CHI_BAL,2017,6,BAL00,outdoors,0,2017-10-15T17:00,12.1,0.0,22.1,ce753559a48c6b4cea173c8020018c9334737b00a49b385e46c599760a4a90c9
2017_06_CLE_HOU,2017,6,HOU00,closed,1,2017-10-15T17:00,,,,
2017_06_GB_MIN,2017,6,MIN01,dome,1,2017-10-15T17:00,,,,
2017_06_DET_NO,2017,6,NOR00,dome,1,2017-10-15T17:00,,,,
2017_06_NE_NYJ,2017,6,NYC01,outdoors,0,2017-10-15T17:00,11.1,0.0,21.8,93156d7f362cb81d5a9fba028ed30b7d89ceacbe73c98b6fc19d48854b37bd79
2017_06_SF_WAS,2017,6,WAS00,outdoors,0,2017-10-15T17:00,9.3,0.0,22.6,9e9c035d7101fdec97aa5f03bbc4ae46180d68a4cf7dc4ea197555eeecf86491
2017_06_TB_ARI,2017,6,PHO00,closed,1,2017-10-15T20:00,,,,
2017_06_LA_JAX,2017,6,JAX00,outdoors,0,2017-10-15T20:00,8.8,0.4,28.7,3a9f161561e39ccc8001c4302235c8af70599ac8fbc6cd38ff349a94d49211c3
2017_06_PIT_KC,2017,6,KAN00,outdoors,0,2017-10-15T20:00,9.8,0.0,15.9,71b298315ee63a515eee0887d674c11032c01918aa1007771d4ed3d0ead60195
2017_06_LAC_OAK,2017,6,OAK00,outdoors,0,2017-10-15T20:00,7.6,0.0,24.5,b08776e272af3435c39d6763177dd2337a55d4b64ede2ab89b7f746e2623b271
2017_06_NYG_DEN,2017,6,DEN00,outdoors,0,2017-10-16T00:00,4.9,0.0,14.3,6c99708e455926ff5954d21238ef0c14fa7ff8287d96b37d305c2edc9f147c0c
2017_06_IND_TEN,2017,6,NAS00,outdoors,0,2017-10-17T00:00,4.9,0.0,13.8,c4b436651fa3fbfaa9aea9f7e0fb12aff6bd1731056732707f4884af5af2fee0
2017_07_KC_OAK,2017,7,OAK00,outdoors,0,2017-10-20T00:00,8.7,0.0,17.7,b08776e272af3435c39d6763177dd2337a55d4b64ede2ab89b7f746e2623b271
2017_07_TB_BUF,2017,7,BUF00,outdoors,0,2017-10-22T17:00,6.6,0.0,24.3,871cec873e1ecb8496fa15108eb52898462a053cd09ec21861c2e9df699db8d8
2017_07_CAR_CHI,2017,7,CHI98,outdoors,0,2017-10-22T17:00,14.2,0.0,19.5,8389c48d9c9fdccda8ffd6ff836d19e3cf6ab50093563ae466ce12b4efd74767
2017_07_TEN_CLE,2017,7,CLE00,outdoors,0,2017-10-22T17:00,9.9,0.0,23.2,fcbf0bf12e9f69659ba05fa056d4bdd9765d40db86b13e393007ddff3d335596
2017_07_NO_GB,2017,7,GNB00,outdoors,0,2017-10-22T17:00,11.6,0.7,14.5,b0d28beb8e99b8e500d07f653b106acbae839e1ca8fe56ec16da7c3d4f13bd18
2017_07_JAX_IND,2017,7,IND00,closed,1,2017-10-22T17:00,,,,
2017_07_ARI_LA,2017,7,LON01,outdoors,0,2017-10-22T17:00,12.6,0.0,11.7,2c2c82385e235fe250f3a4eee36e4dd03ef61f309c428209770bfa7c9f0ed9d3
2017_07_NYJ_MIA,2017,7,MIA00,outdoors,0,2017-10-22T17:00,14.2,0.0,29.1,46ed1bb19f5fe50a5115788631da243d05d6c1e6a165f66e4fa3e8b3ab14681f
2017_07_BAL_MIN,2017,7,MIN01,dome,1,2017-10-22T17:00,,,,
2017_07_DAL_SF,2017,7,SFO01,outdoors,0,2017-10-22T20:00,5.8,0.0,21.5,3f69bcc6aa946912be164e6f4a32362f57c75cd557cc9a494bf23ef32d007aac
2017_07_DEN_LAC,2017,7,LAX97,outdoors,0,2017-10-22T20:00,4.6,0.0,27.9,78c5376315866fa2e28a8c831bbbf4f9dbd855f93c30fd16f3da3c891f2b4fd6
2017_07_SEA_NYG,2017,7,NYC01,outdoors,0,2017-10-22T20:00,5.3,0.0,21.7,93156d7f362cb81d5a9fba028ed30b7d89ceacbe73c98b6fc19d48854b37bd79
2017_07_CIN_PIT,2017,7,PIT00,outdoors,0,2017-10-22T20:00,6.8,0.0,25.7,603385670475d98ffe84cca64f021fea22a751e2e2232f0b12dfdcd8802872b7
2017_07_ATL_NE,2017,7,BOS00,outdoors,0,2017-10-23T00:00,3.8,0.0,13.9,2ebd7b7b4365d60964f4fd2390b861fef9c92761e8eda11a6bbf9f306ba25099
2017_07_WAS_PHI,2017,7,PHI00,outdoors,0,2017-10-24T00:00,12.2,0.0,21.9,44b7fc8deca9d0d34b3ca04b6c57fc28792ff0a889c24a0f016d0aabe02c04a2
2017_08_MIA_BAL,2017,8,BAL00,outdoors,0,2017-10-27T00:00,8.5,0.0,11.8,ce753559a48c6b4cea173c8020018c9334737b00a49b385e46c599760a4a90c9
2017_08_OAK_BUF,2017,8,BUF00,outdoors,0,2017-10-29T17:00,6.0,0.2,5.3,871cec873e1ecb8496fa15108eb52898462a053cd09ec21861c2e9df699db8d8
2017_08_IND_CIN,2017,8,CIN00,outdoors,0,2017-10-29T17:00,6.6,0.0,4.1,3bca6de984980bc1fea0ec8cd3045f89cfb70a2c20fd5df8567c76d2a61fc560
2017_08_LAC_NE,2017,8,BOS00,outdoors,0,2017-10-29T17:00,9.8,0.0,17.8,2ebd7b7b4365d60964f4fd2390b861fef9c92761e8eda11a6bbf9f306ba25099
2017_08_CHI_NO,2017,8,NOR00,dome,1,2017-10-29T17:00,,,,
2017_08_ATL_NYJ,2017,8,NYC01,outdoors,0,2017-10-29T17:00,12.7,1.7,17.7,93156d7f362cb81d5a9fba028ed30b7d89ceacbe73c98b6fc19d48854b37bd79
2017_08_SF_PHI,2017,8,PHI00,outdoors,0,2017-10-29T17:00,10.2,1.7,18.8,44b7fc8deca9d0d34b3ca04b6c57fc28792ff0a889c24a0f016d0aabe02c04a2
2017_08_CAR_TB,2017,8,TAM00,outdoors,0,2017-10-29T17:00,18.9,0.0,18.2,fab6ab49cf404bb971ca0dd26b39cb1350c1f0d73477b52e4eaa409bccaf692f
2017_08_HOU_SEA,2017,8,SEA00,outdoors,0,2017-10-29T20:00,3.2,0.0,13.3,dfcea12c035d092d1dd1668a34e0b96bc8910eef360510c5a4d2c62f71b13025
2017_08_DAL_WAS,2017,8,WAS00,outdoors,0,2017-10-29T20:00,1.3,1.2,17.5,9e9c035d7101fdec97aa5f03bbc4ae46180d68a4cf7dc4ea197555eeecf86491
2017_08_PIT_DET,2017,8,DET00,dome,1,2017-10-30T00:00,,,,
2017_08_MIN_CLE,2017,8,LON01,outdoors,0,2017-10-30T01:00,7.2,0.0,4.7,2c2c82385e235fe250f3a4eee36e4dd03ef61f309c428209770bfa7c9f0ed9d3
2017_08_DEN_KC,2017,8,KAN00,outdoors,0,2017-10-31T00:00,12.2,0.0,6.0,71b298315ee63a515eee0887d674c11032c01918aa1007771d4ed3d0ead60195
2017_09_BUF_NYJ,2017,9,NYC01,outdoors,0,2017-11-03T00:00,7.6,0.0,18.2,93156d7f362cb81d5a9fba028ed30b7d89ceacbe73c98b6fc19d48854b37bd79
2017_09_ATL_CAR,2017,9,CAR00,outdoors,0,2017-11-05T18:00,3.0,0.0,17.1,3af49fa52463103b45252d72a2f12136055565e4a5a1ece116ebeba1179c259e
2017_09_IND_HOU,2017,9,HOU00,closed,1,2017-11-05T18:00,,,,
2017_09_CIN_JAX,2017,9,JAX00,outdoors,0,2017-11-05T18:00,9.2,0.0,25.1,3a9f161561e39ccc8001c4302235c8af70599ac8fbc6cd38ff349a94d49211c3
2017_09_TB_NO,2017,9,NOR00,dome,1,2017-11-05T18:00,,,,
2017_09_LA_NYG,2017,9,NYC01,outdoors,0,2017-11-05T18:00,6.7,0.0,14.5,93156d7f362cb81d5a9fba028ed30b7d89ceacbe73c98b6fc19d48854b37bd79
2017_09_DEN_PHI,2017,9,PHI00,outdoors,0,2017-11-05T18:00,6.0,0.0,17.4,44b7fc8deca9d0d34b3ca04b6c57fc28792ff0a889c24a0f016d0aabe02c04a2
2017_09_BAL_TEN,2017,9,NAS00,outdoors,0,2017-11-05T18:00,10.9,0.1,25.6,c4b436651fa3fbfaa9aea9f7e0fb12aff6bd1731056732707f4884af5af2fee0
2017_09_WAS_SEA,2017,9,SEA00,outdoors,0,2017-11-05T21:00,7.9,0.2,4.3,dfcea12c035d092d1dd1668a34e0b96bc8910eef360510c5a4d2c62f71b13025
2017_09_ARI_SF,2017,9,SFO01,outdoors,0,2017-11-05T21:00,4.8,0.0,15.3,3f69bcc6aa946912be164e6f4a32362f57c75cd557cc9a494bf23ef32d007aac
2017_09_KC_DAL,2017,9,DAL00,closed,1,2017-11-05T21:00,,,,
2017_09_OAK_MIA,2017,9,MIA00,outdoors,0,2017-11-06T01:00,3.6,0.0,24.3,46ed1bb19f5fe50a5115788631da243d05d6c1e6a165f66e4fa3e8b3ab14681f
2017_09_DET_GB,2017,9,GNB00,outdoors,0,2017-11-07T01:00,4.8,0.0,1.0,b0d28beb8e99b8e500d07f653b106acbae839e1ca8fe56ec16da7c3d4f13bd18
2017_10_SEA_ARI,2017,10,PHO00,open,0,2017-11-10T01:00,3.7,0.0,26.6,74a61dc6adaf809fce14885babd8891dd15704cfc77855fd2d9705a0c2fcdef7
2017_10_NO_BUF,2017,10,BUF00,outdoors,0,2017-11-12T18:00,1.3,0.0,5.7,871cec873e1ecb8496fa15108eb52898462a053cd09ec21861c2e9df699db8d8
2017_10_GB_CHI,2017,10,CHI98,outdoors,0,2017-11-12T18:00,3.2,0.2,4.3,8389c48d9c9fdccda8ffd6ff836d19e3cf6ab50093563ae466ce12b4efd74767
2017_10_CLE_DET,2017,10,DET00,dome,1,2017-11-12T18:00,,,,
2017_10_PIT_IND,2017,10,IND00,closed,1,2017-11-12T18:00,,,,
2017_10_LAC_JAX,2017,10,JAX00,outdoors,0,2017-11-12T18:00,11.3,0.0,25.6,3a9f161561e39ccc8001c4302235c8af70599ac8fbc6cd38ff349a94d49211c3
2017_10_NYJ_TB,2017,10,TAM00,outdoors,0,2017-11-12T18:00,12.8,0.0,26.0,fab6ab49cf404bb971ca0dd26b39cb1350c1f0d73477b52e4eaa409bccaf692f
2017_10_CIN_TEN,2017,10,NAS00,outdoors,0,2017-11-12T18:00,5.0,0.2,12.1,c4b436651fa3fbfaa9aea9f7e0fb12aff6bd1731056732707f4884af5af2fee0
2017_10_MIN_WAS,2017,10,WAS00,outdoors,0,2017-11-12T18:00,1.6,0.0,7.1,9e9c035d7101fdec97aa5f03bbc4ae46180d68a4cf7dc4ea197555eeecf86491
2017_10_HOU_LA,2017,10,LAX99,outdoors,0,2017-11-12T21:00,3.5,0.0,20.8,4825cf7994123f8668e0dd515bf27b9df77f6ce2551e360ca0656f1fc842b179
2017_10_DAL_ATL,2017,10,ATL97,closed,1,2017-11-12T21:00,,,,
2017_10_NYG_SF,2017,10,SFO01,outdoors,0,2017-11-12T21:00,2.5,0.0,18.5,3f69bcc6aa946912be164e6f4a32362f57c75cd557cc9a494bf23ef32d007aac
2017_10_NE_DEN,2017,10,DEN00,outdoors,0,2017-11-13T01:00,4.7,0.0,10.6,6c99708e455926ff5954d21238ef0c14fa7ff8287d96b37d305c2edc9f147c0c
2017_10_MIA_CAR,2017,10,CAR00,outdoors,0,2017-11-14T01:00,9.0,0.0,8.8,3af49fa52463103b45252d72a2f12136055565e4a5a1ece116ebeba1179c259e
2017_11_TEN_PIT,2017,11,PIT00,outdoors,0,2017-11-17T01:00,8.6,0.0,4.4,603385670475d98ffe84cca64f021fea22a751e2e2232f0b12dfdcd8802872b7
2017_11_DET_CHI,2017,11,CHI98,outdoors,0,2017-11-19T18:00,13.5,0.0,0.9,8389c48d9c9fdccda8ffd6ff836d19e3cf6ab50093563ae466ce12b4efd74767
2017_11_JAX_CLE,2017,11,CLE00,outdoors,0,2017-11-19T18:00,19.6,0.2,3.3,fcbf0bf12e9f69659ba05fa056d4bdd9765d40db86b13e393007ddff3d335596
2017_11_BAL_GB,2017,11,GNB00,outdoors,0,2017-11-19T18:00,11.7,0.0,-1.9,b0d28beb8e99b8e500d07f653b106acbae839e1ca8fe56ec16da7c3d4f13bd18
2017_11_ARI_HOU,2017,11,HOU00,closed,1,2017-11-19T18:00,,,,
2017_11_TB_MIA,2017,11,MIA00,outdoors,0,2017-11-19T18:00,4.5,0.0,26.1,46ed1bb19f5fe50a5115788631da243d05d6c1e6a165f66e4fa3e8b3ab14681f
2017_11_LA_MIN,2017,11,MIN01,dome,1,2017-11-19T18:00,,,,
2017_11_WAS_NO,2017,11,NOR00,dome,1,2017-11-19T18:00,,,,
2017_11_KC_NYG,2017,11,NYC01,outdoors,0,2017-11-19T18:00,18.1,0.0,10.4,93156d7f362cb81d5a9fba028ed30b7d89ceacbe73c98b6fc19d48854b37bd79
2017_11_BUF_LAC,2017,11,LAX97,outdoors,0,2017-11-19T21:00,6.4,0.0,21.6,78c5376315866fa2e28a8c831bbbf4f9dbd855f93c30fd16f3da3c891f2b4fd6
2017_11_CIN_DEN,2017,11,DEN00,outdoors,0,2017-11-19T21:00,2.4,0.0,16.4,6c99708e455926ff5954d21238ef0c14fa7ff8287d96b37d305c2edc9f147c0c
2017_11_NE_OAK,2017,11,MEX00,outdoors,0,2017-11-19T21:00,3.5,0.0,21.5,add3dad2086cf55666b123ec1453ef9d35c0ae6bc8338b7493c8da4ceb1fc592
2017_11_PHI_DAL,2017,11,DAL00,closed,1,2017-11-20T01:00,,,,
2017_11_ATL_SEA,2017,11,SEA00,outdoors,0,2017-11-21T01:00,2.8,0.3,8.6,dfcea12c035d092d1dd1668a34e0b96bc8910eef360510c5a4d2c62f71b13025
2017_12_MIN_DET,2017,12,DET00,dome,1,2017-11-23T17:00,,,,
2017_12_LAC_DAL,2017,12,DAL00,closed,1,2017-11-23T21:00,,,,
2017_12_NYG_WAS,2017,12,WAS00,outdoors,0,2017-11-24T01:00,3.1,0.0,0.7,9e9c035d7101fdec97aa5f03bbc4ae46180d68a4cf7dc4ea197555eeecf86491
2017_12_TB_ATL,2017,12,ATL97,closed,1,2017-11-26T18:00,,,,
2017_12_CLE_CIN,2017,12,CIN00,outdoors,0,2017-11-26T18:00,5.4,0.0,9.8,3bca6de984980bc1fea0ec8cd3045f89cfb70a2c20fd5df8567c76d2a61fc560
2017_12_TEN_IND,2017,12,IND00,open,0,2017-11-26T18:00,7.0,0.0,9.0,d9838279af40fcefdc5c9880b5e5e38d7133ea3cd7880604a49995b9f11396b9
2017_12_BUF_KC,2017,12,KAN00,outdoors,0,2017-11-26T18:00,9.6,0.0,15.9,71b298315ee63a515eee0887d674c11032c01918aa1007771d4ed3d0ead60195
2017_12_MIA_NE,2017,12,BOS00,outdoors,0,2017-11-26T18:00,13.4,0.0,8.5,2ebd7b7b4365d60964f4fd2390b861fef9c92761e8eda11a6bbf9f306ba25099
2017_12_CAR_NYJ,2017,12,NYC01,outdoors,0,2017-11-26T18:00,11.0,0.0,8.4,93156d7f362cb81d5a9fba028ed30b7d89ceacbe73c98b6fc19d48854b37bd79
2017_12_CHI_PHI,2017,12,PHI00,outdoors,0,2017-11-26T18:00,11.0,0.0,10.4,44b7fc8deca9d0d34b3ca04b6c57fc28792ff0a889c24a0f016d0aabe02c04a2
2017_12_SEA_SF,2017,12,SFO01,outdoors,0,2017-11-26T21:00,7.6,0.0,18.3,3f69bcc6aa946912be164e6f4a32362f57c75cd557cc9a494bf23ef32d007aac
2017_12_JAX_ARI,2017,12,PHO00,closed,1,2017-11-26T21:00,,,,
2017_12_NO_LA,2017,12,LAX99,outdoors,0,2017-11-26T21:00,4.6,0.0,23.9,4825cf7994123f8668e0dd515bf27b9df77f6ce2551e360ca0656f1fc842b179
2017_12_DEN_OAK,2017,12,OAK00,outdoors,0,2017-11-26T21:00,12.7,0.1,17.9,b08776e272af3435c39d6763177dd2337a55d4b64ede2ab89b7f746e2623b271
2017_12_GB_PIT,2017,12,PIT00,outdoors,0,2017-11-27T01:00,8.7,0.0,2.9,603385670475d98ffe84cca64f021fea22a751e2e2232f0b12dfdcd8802872b7
2017_12_HOU_BAL,2017,12,BAL00,outdoors,0,2017-11-28T01:00,1.3,0.0,7.6,ce753559a48c6b4cea173c8020018c9334737b00a49b385e46c599760a4a90c9
2017_13_WAS_DAL,2017,13,DAL00,closed,1,2017-12-01T01:00,,,,
2017_13_MIN_ATL,2017,13,ATL97,closed,1,2017-12-03T18:00,,,,
2017_13_DET_BAL,2017,13,BAL00,outdoors,0,2017-12-03T18:00,4.1,0.0,10.9,ce753559a48c6b4cea173c8020018c9334737b00a49b385e46c599760a4a90c9
2017_13_NE_BUF,2017,13,BUF00,outdoors,0,2017-12-03T18:00,9.8,0.0,8.6,871cec873e1ecb8496fa15108eb52898462a053cd09ec21861c2e9df699db8d8
2017_13_SF_CHI,2017,13,CHI98,outdoors,0,2017-12-03T18:00,4.7,0.0,11.1,8389c48d9c9fdccda8ffd6ff836d19e3cf6ab50093563ae466ce12b4efd74767
2017_13_TB_GB,2017,13,GNB00,outdoors,0,2017-12-03T18:00,5.8,0.0,7.9,b0d28beb8e99b8e500d07f653b106acbae839e1ca8fe56ec16da7c3d4f13bd18
2017_13_IND_JAX,2017,13,JAX00,outdoors,0,2017-12-03T18:00,5.5,0.1,21.3,3a9f161561e39ccc8001c4302235c8af70599ac8fbc6cd38ff349a94d49211c3
2017_13_DEN_MIA,2017,13,MIA00,outdoors,0,2017-12-03T18:00,6.8,0.0,25.8,46ed1bb19f5fe50a5115788631da243d05d6c1e6a165f66e4fa3e8b3ab14681f
2017_13_KC_NYJ,2017,13,NYC01,outdoors,0,2017-12-03T18:00,3.6,0.0,7.0,93156d7f362cb81d5a9fba028ed30b7d89ceacbe73c98b6fc19d48854b37bd79
2017_13_HOU_TEN,2017,13,NAS00,outdoors,0,2017-12-03T18:00,2.9,0.0,17.7,c4b436651fa3fbfaa9aea9f7e0fb12aff6bd1731056732707f4884af5af2fee0
2017_13_CLE_LAC,2017,13,LAX97,outdoors,0,2017-12-03T21:00,6.8,0.0,18.4,78c5376315866fa2e28a8c831bbbf4f9dbd855f93c30fd16f3da3c891f2b4fd6
2017_13_LA_ARI,2017,13,PHO00,closed,1,2017-12-03T21:00,,,,
2017_13_CAR_NO,2017,13,NOR00,dome,1,2017-12-03T21:00,,,,
2017_13_NYG_OAK,2017,13,OAK00,outdoors,0,2017-12-03T21:00,7.6,0.0,14.6,b08776e272af3435c39d6763177dd2337a55d4b64ede2ab89b7f746e2623b271
2017_13_PHI_SEA,2017,13,SEA00,outdoors,0,2017-12-04T01:00,3.2,0.0,6.6,dfcea12c035d092d1dd1668a34e0b96bc8910eef360510c5a4d2c62f71b13025
2017_13_PIT_CIN,2017,13,CIN00,outdoors,0,2017-12-05T01:00,13.4,0.0,16.6,3bca6de984980bc1fea0ec8cd3045f89cfb70a2c20fd5df8567c76d2a61fc560
2017_14_NO_ATL,2017,14,ATL97,closed,1,2017-12-08T01:00,,,,
2017_14_IND_BUF,2017,14,BUF00,outdoors,0,2017-12-10T18:00,17.9,0.2,-1.1,871cec873e1ecb8496fa15108eb52898462a053cd09ec21861c2e9df699db8d8
2017_14_MIN_CAR,2017,14,CAR00,outdoors,0,2017-12-10T18:00,6.1,0.0,5.7,3af49fa52463103b45252d72a2f12136055565e4a5a1ece116ebeba1179c259e
2017_14_CHI_CIN,2017,14,CIN00,outdoors,0,2017-12-10T18:00,11.0,0.0,1.7,3bca6de984980bc1fea0ec8cd3045f89cfb70a2c20fd5df8567c76d2a61fc560
2017_14_GB_CLE,2017,14,CLE00,outdoors,0,2017-12-10T18:00,17.9,0.0,-2.1,fcbf0bf12e9f69659ba05fa056d4bdd9765d40db86b13e393007ddff3d335596
2017_14_SF_HOU,2017,14,HOU00,closed,1,2017-12-10T18:00,,,,
2017_14_OAK_KC,2017,14,KAN00,outdoors,0,2017-12-10T18:00,9.5,0.0,10.8,71b298315ee63a515eee0887d674c11032c01918aa1007771d4ed3d0ead60195
2017_14_DAL_NYG,2017,14,NYC01,outdoors,0,2017-12-10T18:00,9.9,0.0,3.0,93156d7f362cb81d5a9fba028ed30b7d89ceacbe73c98b6fc19d48854b37bd79
2017_14_DET_TB,2017,14,TAM00,outdoors,0,2017-12-10T18:00,8.1,0.0,13.2,fab6ab49cf404bb971ca0dd26b39cb1350c1f0d73477b52e4eaa409bccaf692f
2017_14_TEN_ARI,2017,14,PHO00,closed,1,2017-12-10T21:00,,,,
2017_14_NYJ_DEN,2017,14,DEN00,outdoors,0,2017-12-10T21:00,2.9,0.0,16.7,6c99708e455926ff5954d21238ef0c14fa7ff8287d96b37d305c2edc9f147c0c
2017_14_WAS_LAC,2017,14,LAX97,outdoors,0,2017-12-10T21:00,0.8,0.0,25.9,78c5376315866fa2e28a8c831bbbf4f9dbd855f93c30fd16f3da3c891f2b4fd6
2017_14_SEA_JAX,2017,14,JAX00,outdoors,0,2017-12-10T21:00,4.8,0.0,12.3,3a9f161561e39ccc8001c4302235c8af70599ac8fbc6cd38ff349a94d49211c3
2017_14_PHI_LA,2017,14,LAX99,outdoors,0,2017-12-10T21:00,4.2,0.0,28.5,4825cf7994123f8668e0dd515bf27b9df77f6ce2551e360ca0656f1fc842b179
2017_14_BAL_PIT,2017,14,PIT00,outdoors,0,2017-12-11T01:00,8.3,0.0,0.5,603385670475d98ffe84cca64f021fea22a751e2e2232f0b12dfdcd8802872b7
2017_14_NE_MIA,2017,14,MIA00,outdoors,0,2017-12-12T01:00,7.2,0.0,14.5,46ed1bb19f5fe50a5115788631da243d05d6c1e6a165f66e4fa3e8b3ab14681f
2017_15_DEN_IND,2017,15,IND00,closed,1,2017-12-15T01:00,,,,
2017_15_CHI_DET,2017,15,DET00,dome,1,2017-12-16T21:00,,,,
2017_15_LAC_KC,2017,15,KAN00,outdoors,0,2017-12-17T01:00,7.2,0.0,9.5,71b298315ee63a515eee0887d674c11032c01918aa1007771d4ed3d0ead60195
2017_15_MIA_BUF,2017,15,BUF00,outdoors,0,2017-12-17T18:00,4.8,0.0,-3.7,871cec873e1ecb8496fa15108eb52898462a053cd09ec21861c2e9df699db8d8
2017_15_GB_CAR,2017,15,CAR00,outdoors,0,2017-12-17T18:00,4.5,0.0,10.5,3af49fa52463103b45252d72a2f12136055565e4a5a1ece116ebeba1179c259e
2017_15_BAL_CLE,2017,15,CLE00,outdoors,0,2017-12-17T18:00,5.0,0.0,2.5,fcbf0bf12e9f69659ba05fa056d4bdd9765d40db86b13e393007ddff3d335596
2017_15_HOU_JAX,2017,15,JAX00,outdoors,0,2017-12-17T18:00,5.4,0.0,22.3,3a9f161561e39ccc8001c4302235c8af70599ac8fbc6cd38ff349a94d49211c3
2017_15_CIN_MIN,2017,15,MIN01,dome,1,2017-12-17T18:00,,,,
2017_15_NYJ_NO,2017,15,NOR00,dome,1,2017-12-17T18:00,,,,
2017_15_PHI_NYG,2017,15,NYC01,outdoors,0,2017-12-17T18:00,0.6,0.0,1.9,93156d7f362cb81d5a9fba028ed30b7d89ceacbe73c98b6fc19d48854b37bd79
2017_15_ARI_WAS,2017,15,WAS00,outdoors,0,2017-12-17T18:00,1.3,0.0,8.1,9e9c035d7101fdec97aa5f03bbc4ae46180d68a4cf7dc4ea197555eeecf86491
2017_15_LA_SEA,2017,15,SEA00,outdoors,0,2017-12-17T21:00,13.3,1.0,8.8,dfcea12c035d092d1dd1668a34e0b96bc8910eef360510c5a4d2c62f71b13025
2017_15_NE_PIT,2017,15,PIT00,outdoors,0,2017-12-17T21:00,4.8,0.0,5.1,603385670475d98ffe84cca64f021fea22a751e2e2232f0b12dfdcd8802872b7
2017_15_TEN_SF,2017,15,SFO01,outdoors,0,2017-12-17T21:00,6.4,0.0,16.9,3f69bcc6aa946912be164e6f4a32362f57c75cd557cc9a494bf23ef32d007aac
2017_15_DAL_OAK,2017,15,OAK00,outdoors,0,2017-12-18T01:00,0.9,0.0,16.9,b08776e272af3435c39d6763177dd2337a55d4b64ede2ab89b7f746e2623b271
2017_15_ATL_TB,2017,15,TAM00,outdoors,0,2017-12-19T01:00,3.2,0.0,21.1,fab6ab49cf404bb971ca0dd26b39cb1350c1f0d73477b52e4eaa409bccaf692f
2017_16_IND_BAL,2017,16,BAL00,outdoors,0,2017-12-23T21:00,16.3,1.8,13.9,ce753559a48c6b4cea173c8020018c9334737b00a49b385e46c599760a4a90c9
2017_16_MIN_GB,2017,16,GNB00,outdoors,0,2017-12-24T01:00,6.5,0.0,-12.7,b0d28beb8e99b8e500d07f653b106acbae839e1ca8fe56ec16da7c3d4f13bd18
2017_16_TB_CAR,2017,16,CAR00,outdoors,0,2017-12-24T18:00,4.3,0.0,12.7,3af49fa52463103b45252d72a2f12136055565e4a5a1ece116ebeba1179c259e
2017_16_CLE_CHI,2017,16,CHI98,outdoors,0,2017-12-24T18:00,1.1,0.9,-4.4,8389c48d9c9fdccda8ffd6ff836d19e3cf6ab50093563ae466ce12b4efd74767
2017_16_DET_CIN,2017,16,CIN00,outdoors,0,2017-12-24T18:00,4.3,0.0,2.5,3bca6de984980bc1fea0ec8cd3045f89cfb70a2c20fd5df8567c76d2a61fc560
2017_16_MIA_KC,2017,16,KAN00,outdoors,0,2017-12-24T18:00,12.8,0.0,-5.1,71b298315ee63a515eee0887d674c11032c01918aa1007771d4ed3d0ead60195
2017_16_BUF_NE,2017,16,BOS00,outdoors,0,2017-12-24T18:00,6.2,0.0,2.4,2ebd7b7b4365d60964f4fd2390b861fef9c92761e8eda11a6bbf9f306ba25099
2017_16_ATL_NO,2017,16,NOR00,dome,1,2017-12-24T18:00,,,,
2017_16_LAC_NYJ,2017,16,NYC01,outdoors,0,2017-12-24T18:00,6.0,0.0,4.0,93156d7f362cb81d5a9fba028ed30b7d89ceacbe73c98b6fc19d48854b37bd79
2017_16_LA_TEN,2017,16,NAS00,outdoors,0,2017-12-24T18:00,9.4,0.0,5.3,c4b436651fa3fbfaa9aea9f7e0fb12aff6bd1731056732707f4884af5af2fee0
2017_16_DEN_WAS,2017,16,WAS00,outdoors,0,2017-12-24T18:00,6.3,0.0,5.3,9e9c035d7101fdec97aa5f03bbc4ae46180d68a4cf7dc4ea197555eeecf86491
2017_16_JAX_SF,2017,16,SFO01,outdoors,0,2017-12-24T21:00,1.7,0.0,12.5,3f69bcc6aa946912be164e6f4a32362f57c75cd557cc9a494bf23ef32d007aac
2017_16_NYG_ARI,2017,16,PHO00,closed,1,2017-12-24T21:00,,,,
2017_16_SEA_DAL,2017,16,DAL00,closed,1,2017-12-24T21:00,,,,
2017_16_PIT_HOU,2017,16,HOU00,closed,1,2017-12-25T21:00,,,,
2017_16_OAK_PHI,2017,16,PHI00,outdoors,0,2017-12-26T01:00,12.3,0.0,-0.9,44b7fc8deca9d0d34b3ca04b6c57fc28792ff0a889c24a0f016d0aabe02c04a2
2017_17_GB_DET,2017,17,DET00,dome,1,2017-12-31T18:00,,,,
2017_17_HOU_IND,2017,17,IND00,closed,1,2017-12-31T18:00,,,,
2017_17_CHI_MIN,2017,17,MIN01,dome,1,2017-12-31T18:00,,,,
2017_17_NYJ_NE,2017,17,BOS00,outdoors,0,2017-12-31T18:00,10.6,0.0,-9.9,2ebd7b7b4365d60964f4fd2390b861fef9c92761e8eda11a6bbf9f306ba25099
2017_17_WAS_NYG,2017,17,NYC01,outdoors,0,2017-12-31T18:00,12.8,0.0,-8.8,93156d7f362cb81d5a9fba028ed30b7d89ceacbe73c98b6fc19d48854b37bd79
2017_17_DAL_PHI,2017,17,PHI00,outdoors,0,2017-12-31T18:00,11.7,0.0,-7.7,44b7fc8deca9d0d34b3ca04b6c57fc28792ff0a889c24a0f016d0aabe02c04a2
2017_17_CLE_PIT,2017,17,PIT00,outdoors,0,2017-12-31T18:00,3.7,0.0,-9.2,603385670475d98ffe84cca64f021fea22a751e2e2232f0b12dfdcd8802872b7
2017_17_CAR_ATL,2017,17,ATL97,closed,1,2017-12-31T21:00,,,,
2017_17_CIN_BAL,2017,17,BAL00,outdoors,0,2017-12-31T21:00,13.2,0.0,-6.4,ce753559a48c6b4cea173c8020018c9334737b00a49b385e46c599760a4a90c9
2017_17_KC_DEN,2017,17,DEN00,outdoors,0,2017-12-31T21:00,8.8,0.0,-5.5,6c99708e455926ff5954d21238ef0c14fa7ff8287d96b37d305c2edc9f147c0c
2017_17_SF_LA,2017,17,LAX99,outdoors,0,2017-12-31T21:00,5.0,0.0,19.7,4825cf7994123f8668e0dd515bf27b9df77f6ce2551e360ca0656f1fc842b179
2017_17_OAK_LAC,2017,17,LAX97,outdoors,0,2017-12-31T21:00,6.4,0.0,16.9,78c5376315866fa2e28a8c831bbbf4f9dbd855f93c30fd16f3da3c891f2b4fd6
2017_17_BUF_MIA,2017,17,MIA00,outdoors,0,2017-12-31T21:00,7.9,0.0,21.6,46ed1bb19f5fe50a5115788631da243d05d6c1e6a165f66e4fa3e8b3ab14681f
2017_17_ARI_SEA,2017,17,SEA00,outdoors,0,2017-12-31T21:00,7.2,0.0,5.6,dfcea12c035d092d1dd1668a34e0b96bc8910eef360510c5a4d2c62f71b13025
2017_17_NO_TB,2017,17,TAM00,outdoors,0,2017-12-31T21:00,3.0,0.0,21.2,fab6ab49cf404bb971ca0dd26b39cb1350c1f0d73477b52e4eaa409bccaf692f
2017_17_JAX_TEN,2017,17,NAS00,outdoors,0,2017-12-31T21:00,10.5,0.0,-4.6,c4b436651fa3fbfaa9aea9f7e0fb12aff6bd1731056732707f4884af5af2fee0
2018_01_ATL_PHI,2018,1,PHI00,outdoors,0,2018-09-07T00:00,3.7,0.0,28.3,44b7fc8deca9d0d34b3ca04b6c57fc28792ff0a889c24a0f016d0aabe02c04a2
2018_01_BUF_BAL,2018,1,BAL00,outdoors,0,2018-09-09T17:00,19.3,1.4,18.7,ce753559a48c6b4cea173c8020018c9334737b00a49b385e46c599760a4a90c9
2018_01_PIT_CLE,2018,1,CLE00,outdoors,0,2018-09-09T17:00,18.3,1.2,14.9,fcbf0bf12e9f69659ba05fa056d4bdd9765d40db86b13e393007ddff3d335596
2018_01_CIN_IND,2018,1,IND00,closed,1,2018-09-09T17:00,,,,
2018_01_TEN_MIA,2018,1,MIA00,outdoors,0,2018-09-09T17:00,5.0,0.0,29.6,46ed1bb19f5fe50a5115788631da243d05d6c1e6a165f66e4fa3e8b3ab14681f
2018_01_SF_MIN,2018,1,MIN01,dome,1,2018-09-09T17:00,,,,
2018_01_HOU_NE,2018,1,BOS00,outdoors,0,2018-09-09T17:00,9.1,0.0,16.4,2ebd7b7b4365d60964f4fd2390b861fef9c92761e8eda11a6bbf9f306ba25099
2018_01_TB_NO,2018,1,NOR00,dome,1,2018-09-09T17:00,,,,
2018_01_JAX_NYG,2018,1,NYC01,outdoors,0,2018-09-09T17:00,9.5,0.8,15.8,93156d7f362cb81d5a9fba028ed30b7d89ceacbe73c98b6fc19d48854b37bd79
2018_01_KC_LAC,2018,1,LAX97,outdoors,0,2018-09-09T20:00,8.1,0.0,26.3,78c5376315866fa2e28a8c831bbbf4f9dbd855f93c30fd16f3da3c891f2b4fd6
2018_01_WAS_ARI,2018,1,PHO00,closed,1,2018-09-09T20:00,,,,
2018_01_DAL_CAR,2018,1,CAR00,outdoors,0,2018-09-09T20:00,4.6,0.1,30.4,3af49fa52463103b45252d72a2f12136055565e4a5a1ece116ebeba1179c259e
2018_01_SEA_DEN,2018,1,DEN00,outdoors,0,2018-09-09T20:00,4.8,0.0,29.5,6c99708e455926ff5954d21238ef0c14fa7ff8287d96b37d305c2edc9f147c0c
2018_01_CHI_GB,2018,1,GNB00,outdoors,0,2018-09-10T00:00,5.3,0.0,16.3,b0d28beb8e99b8e500d07f653b106acbae839e1ca8fe56ec16da7c3d4f13bd18
2018_01_NYJ_DET,2018,1,DET00,dome,1,2018-09-10T23:00,,,,
2018_01_LA_OAK,2018,1,OAK00,outdoors,0,2018-09-11T02:00,6.9,0.0,22.1,b08776e272af3435c39d6763177dd2337a55d4b64ede2ab89b7f746e2623b271
2018_02_BAL_CIN,2018,2,CIN00,outdoors,0,2018-09-14T00:00,2.5,0.0,27.4,3bca6de984980bc1fea0ec8cd3045f89cfb70a2c20fd5df8567c76d2a61fc560
2018_02_CAR_ATL,2018,2,ATL97,closed,1,2018-09-16T17:00,,,,
2018_02_LAC_BUF,2018,2,BUF00,outdoors,0,2018-09-16T17:00,3.5,0.0,28.8,871cec873e1ecb8496fa15108eb52898462a053cd09ec21861c2e9df699db8d8
2018_02_MIN_GB,2018,2,GNB00,outdoors,0,2018-09-16T17:00,6.4,0.0,27.2,b0d28beb8e99b8e500d07f653b106acbae839e1ca8fe56ec16da7c3d4f13bd18
2018_02_CLE_NO,2018,2,NOR00,dome,1,2018-09-16T17:00,,,,
2018_02_MIA_NYJ,2018,2,NYC01,outdoors,0,2018-09-16T17:00,1.4,0.0,26.9,93156d7f362cb81d5a9fba028ed30b7d89ceacbe73c98b6fc19d48854b37bd79
2018_02_KC_PIT,2018,2,PIT00,outdoors,0,2018-09-16T17:00,7.1,0.0,26.8,603385670475d98ffe84cca64f021fea22a751e2e2232f0b12dfdcd8802872b7
2018_02_PHI_TB,2018,2,TAM00,outdoors,0,2018-09-16T17:00,6.4,0.2,31.9,fab6ab49cf404bb971ca0dd26b39cb1350c1f0d73477b52e4eaa409bccaf692f
2018_02_HOU_TEN,2018,2,NAS00,outdoors,0,2018-09-16T17:00,8.5,0.0,29.8,c4b436651fa3fbfaa9aea9f7e0fb12aff6bd1731056732707f4884af5af2fee0
2018_02_IND_WAS,2018,2,WAS00,outdoors,0,2018-09-16T17:00,7.8,0.0,25.7,9e9c035d7101fdec97aa5f03bbc4ae46180d68a4cf7dc4ea197555eeecf86491
2018_02_ARI_LA,2018,2,LAX99,outdoors,0,2018-09-16T20:00,6.1,0.0,30.2,4825cf7994123f8668e0dd515bf27b9df77f6ce2551e360ca0656f1fc842b179
2018_02_DET_SF,2018,2,SFO01,outdoors,0,2018-09-16T20:00,7.0,0.0,22.6,3f69bcc6aa946912be164e6f4a32362f57c75cd557cc9a494bf23ef32d007aac
2018_02_OAK_DEN,2018,2,DEN00,outdoors,0,2018-09-16T20:00,4.7,0.0,33.2,6c99708e455926ff5954d21238ef0c14fa7ff8287d96b37d305c2edc9f147c0c
2018_02_NE_JAX,2018,2,JAX00,outdoors,0,2018-09-16T20:00,8.2,0.2,34.1,3a9f161561e39ccc8001c4302235c8af70599ac8fbc6cd38ff349a94d49211c3
2018_02_NYG_DAL,2018,2,DAL00,closed,1,2018-09-17T00:00,,,,
2018_02_SEA_CHI,2018,2,CHI98,outdoors,0,2018-09-18T00:00,4.5,0.0,27.6,8389c48d9c9fdccda8ffd6ff836d19e3cf6ab50093563ae466ce12b4efd74767
2018_03_NYJ_CLE,2018,3,CLE00,outdoors,0,2018-09-21T00:00,10.2,0.0,26.2,fcbf0bf12e9f69659ba05fa056d4bdd9765d40db86b13e393007ddff3d335596
2018_03_NO_ATL,2018,3,ATL97,closed,1,2018-09-23T17:00,,,,
2018_03_DEN_BAL,2018,3,BAL00,outdoors,0,2018-09-23T17:00,8.6,0.2,17.9,ce753559a48c6b4cea173c8020018c9334737b00a49b385e46c599760a4a90c9
2018_03_CIN_CAR,2018,3,CAR00,outdoors,0,2018-09-23T17:00,1.6,0.1,27.6,3af49fa52463103b45252d72a2f12136055565e4a5a1ece116ebeba1179c259e
2018_03_NYG_HOU,2018,3,HOU00,closed,1,2018-09-23T17:00,,,,
2018_03_TEN_JAX,2018,3,JAX00,outdoors,0,2018-09-23T17:00,4.9,0.0,30.5,3a9f161561e39ccc8001c4302235c8af70599ac8fbc6cd38ff349a94d49211c3
2018_03_SF_KC,2018,3,KAN00,outdoors,0,2018-09-23T17:00,5.8,0.0,22.2,71b298315ee63a515eee0887d674c11032c01918aa1007771d4ed3d0ead60195
2018_03_OAK_MIA,2018,3,MIA00,outdoors,0,2018-09-23T17:00,3.1,0.0,29.6,46ed1bb19f5fe50a5115788631da243d05d6c1e6a165f66e4fa3e8b3ab14681f
2018_03_BUF_MIN,2018,3,MIN01,dome,1,2018-09-23T17:00,,,,
2018_03_IND_PHI,2018,3,PHI00,outdoors,0,2018-09-23T17:00,3.8,0.6,17.2,44b7fc8deca9d0d34b3ca04b6c57fc28792ff0a889c24a0f016d0aabe02c04a2
2018_03_GB_WAS,2018,3,WAS00,outdoors,0,2018-09-23T17:00,7.1,0.0,18.0,9e9c035d7101fdec97aa5f03bbc4ae46180d68a4cf7dc4ea197555eeecf86491
2018_03_LAC_LA,2018,3,LAX99,outdoors,0,2018-09-23T20:00,6.7,0.0,27.5,4825cf7994123f8668e0dd515bf27b9df77f6ce2551e360ca0656f1fc842b179
2018_03_CHI_ARI,2018,3,PHO00,closed,1,2018-09-23T20:00,,,,
2018_03_DAL_SEA,2018,3,SEA00,outdoors,0,2018-09-23T20:00,5.0,0.0,15.9,dfcea12c035d092d1dd1668a34e0b96bc8910eef360510c5a4d2c62f71b13025
2018_03_NE_DET,2018,3,DET00,dome,1,2018-09-24T00:00,,,,
2018_03_PIT_TB,2018,3,TAM00,outdoors,0,2018-09-25T00:00,7.5,0.0,27.4,fab6ab49cf404bb971ca0dd26b39cb1350c1f0d73477b52e4eaa409bccaf692f
2018_04_MIN_LA,2018,4,LAX99,outdoors,0,2018-09-28T00:00,6.2,0.0,28.8,4825cf7994123f8668e0dd515bf27b9df77f6ce2551e360ca0656f1fc842b179
2018_04_CIN_ATL,2018,4,ATL97,closed,1,2018-09-30T17:00,,,,
2018_04_TB_CHI,2018,4,CHI98,outdoors,0,2018-09-30T17:00,1.1,0.0,20.2,8389c48d9c9fdccda8ffd6ff836d19e3cf6ab50093563ae466ce12b4efd74767
2018_04_DET_DAL,2018,4,DAL00,closed,1,2018-09-30T17:00,,,,
2018_04_BUF_GB,2018,4,GNB00,outdoors,0,2018-09-30T17:00,4.7,0.0,9.1,b0d28beb8e99b8e500d07f653b106acbae839e1ca8fe56ec16da7c3d4f13bd18
2018_04_HOU_IND,2018,4,IND00,closed,1,2018-09-30T17:00,,,,
2018_04_NYJ_JAX,2018,4,JAX00,outdoors,0,2018-09-30T17:00,8.3,0.0,30.6,3a9f161561e39ccc8001c4302235c8af70599ac8fbc6cd38ff349a94d49211c3
2018_04_MIA_NE,2018,4,BOS00,outdoors,0,2018-09-30T17:00,5.0,0.0,19.6,2ebd7b7b4365d60964f4fd2390b861fef9c92761e8eda11a6bbf9f306ba25099
2018_04_PHI_TEN,2018,4,NAS00,outdoors,0,2018-09-30T17:00,2.0,0.0,28.2,c4b436651fa3fbfaa9aea9f7e0fb12aff6bd1731056732707f4884af5af2fee0
2018_04_SEA_ARI,2018,4,PHO00,closed,1,2018-09-30T20:00,,,,
2018_04_CLE_OAK,2018,4,OAK00,outdoors,0,2018-09-30T20:00,1.9,0.0,23.5,b08776e272af3435c39d6763177dd2337a55d4b64ede2ab89b7f746e2623b271
2018_04_SF_LAC,2018,4,LAX97,outdoors,0,2018-09-30T20:00,8.2,0.0,24.8,78c5376315866fa2e28a8c831bbbf4f9dbd855f93c30fd16f3da3c891f2b4fd6
2018_04_NO_NYG,2018,4,NYC01,outdoors,0,2018-09-30T20:00,5.0,0.0,20.9,93156d7f362cb81d5a9fba028ed30b7d89ceacbe73c98b6fc19d48854b37bd79
2018_04_BAL_PIT,2018,4,PIT00,outdoors,0,2018-10-01T00:00,3.5,0.0,21.4,603385670475d98ffe84cca64f021fea22a751e2e2232f0b12dfdcd8802872b7
2018_04_KC_DEN,2018,4,DEN00,outdoors,0,2018-10-02T00:00,2.2,0.9,18.1,6c99708e455926ff5954d21238ef0c14fa7ff8287d96b37d305c2edc9f147c0c
2018_05_IND_NE,2018,5,BOS00,outdoors,0,2018-10-05T00:00,7.0,0.0,19.1,2ebd7b7b4365d60964f4fd2390b861fef9c92761e8eda11a6bbf9f306ba25099
2018_05_TEN_BUF,2018,5,BUF00,outdoors,0,2018-10-07T17:00,4.9,0.0,17.3,871cec873e1ecb8496fa15108eb52898462a053cd09ec21861c2e9df699db8d8
2018_05_NYG_CAR,2018,5,CAR00,outdoors,0,2018-10-07T17:00,2.5,0.0,29.0,3af49fa52463103b45252d72a2f12136055565e4a5a1ece116ebeba1179c259e
2018_05_MIA_CIN,2018,5,CIN00,outdoors,0,2018-10-07T17:00,3.6,0.0,29.7,3bca6de984980bc1fea0ec8cd3045f89cfb70a2c20fd5df8567c76d2a61fc560
2018_05_BAL_CLE,2018,5,CLE00,outdoors,0,2018-10-07T17:00,7.2,0.0,21.4,fcbf0bf12e9f69659ba05fa056d4bdd9765d40db86b13e393007ddff3d335596
2018_05_GB_DET,2018,5,DET00,dome,1,2018-10-07T17:00,,,,
2018_05_JAX_KC,2018,5,KAN00,outdoors,0,2018-10-07T17:00,4.7,0.0,16.2,71b298315ee63a515eee0887d674c11032c01918aa1007771d4ed3d0ead60195
2018_05_DEN_NYJ,2018,5,NYC01,outdoors,0,2018-10-07T17:00,6.1,0.0,23.8,93156d7f362cb81d5a9fba028ed30b7d89ceacbe73c98b6fc19d48854b37bd79
2018_05_ATL_PIT,2018,5,PIT00,outdoors,0,2018-10-07T17:00,4.7,0.0,26.9,603385670475d98ffe84cca64f021fea22a751e2e2232f0b12dfdcd8802872b7
2018_05_OAK_LAC,2018,5,LAX97,outdoors,0,2018-10-07T20:00,9.0,0.0,22.4,78c5376315866fa2e28a8c831bbbf4f9dbd855f93c30fd16f3da3c891f2b4fd6
2018_05_MIN_PHI,2018,5,PHI00,outdoors,0,2018-10-07T20:00,3.8,0.0,27.7,44b7fc8deca9d0d34b3ca04b6c57fc28792ff0a889c24a0f016d0aabe02c04a2
2018_05_LA_SEA,2018,5,SEA00,outdoors,0,2018-10-07T20:00,3.5,0.2,11.9,dfcea12c035d092d1dd1668a34e0b96bc8910eef360510c5a4d2c62f71b13025
2018_05_ARI_SF,2018,5,SFO01,outdoors,0,2018-10-07T20:00,10.6,0.0,25.2,3f69bcc6aa946912be164e6f4a32362f57c75cd557cc9a494bf23ef32d007aac
2018_05_DAL_HOU,2018,5,HOU00,closed,1,2018-10-08T00:00,,,,
2018_05_WAS_NO,2018,5,NOR00,dome,1,2018-10-09T00:00,,,,
2018_06_PHI_NYG,2018,6,NYC01,outdoors,0,2018-10-12T00:00,3.0,1.8,22.2,93156d7f362cb81d5a9fba028ed30b7d89ceacbe73c98b6fc19d48854b37bd79
2018_06_TB_ATL,2018,6,ATL97,open,0,2018-10-14T17:00,6.2,0.0,23.2,9e40615347debf8f99ffea4a9840896f58e0470de8f8fb57690d22bbd5ec1cea
2018_06_PIT_CIN,2018,6,CIN00,outdoors,0,2018-10-14T17:00,6.6,0.0,11.7,3bca6de984980bc1fea0ec8cd3045f89cfb70a2c20fd5df8567c76d2a61fc560
2018_06_LAC_CLE,2018,6,CLE00,outdoors,0,2018-10-14T17:00,4.6,0.0,12.7,fcbf0bf12e9f69659ba05fa056d4bdd9765d40db86b13e393007ddff3d335596
2018_06_BUF_HOU,2018,6,HOU00,closed,1,2018-10-14T17:00,,,,
2018_06_CHI_MIA,2018,6,MIA00,outdoors,0,2018-10-14T17:00,4.9,0.0,29.8,46ed1bb19f5fe50a5115788631da243d05d6c1e6a165f66e4fa3e8b3ab14681f
2018_06_ARI_MIN,2018,6,MIN01,dome,1,2018-10-14T17:00,,,,
2018_06_IND_NYJ,2018,6,NYC01,outdoors,0,2018-10-14T17:00,5.4,0.0,13.8,93156d7f362cb81d5a9fba028ed30b7d89ceacbe73c98b6fc19d48854b37bd79
2018_06_SEA_OAK,2018,6,LON00,outdoors,0,2018-10-14T17:00,12.9,0.7,10.2,6dc5e1fd8f42b307222e28847c6e943d506cfeb2cf2d2bc7228cf4186fd30c4b
2018_06_CAR_WAS,2018,6,WAS00,outdoors,0,2018-10-14T17:00,2.5,0.0,13.5,9e9c035d7101fdec97aa5f03bbc4ae46180d68a4cf7dc4ea197555eeecf86491
2018_06_LA_DEN,2018,6,DEN00,outdoors,0,2018-10-14T20:00,6.2,0.3,-3.8,6c99708e455926ff5954d21238ef0c14fa7ff8287d96b37d305c2edc9f147c0c
2018_06_JAX_DAL,2018,6,DAL00,closed,1,2018-10-14T20:00,,,,
2018_06_BAL_TEN,2018,6,NAS00,outdoors,0,2018-10-14T20:00,7.4,0.6,20.3,c4b436651fa3fbfaa9aea9f7e0fb12aff6bd1731056732707f4884af5af2fee0
2018_06_KC_NE,2018,6,BOS00,outdoors,0,2018-10-15T00:00,5.1,0.0,8.3,2ebd7b7b4365d60964f4fd2390b861fef9c92761e8eda11a6bbf9f306ba25099
2018_06_SF_GB,2018,6,GNB00,outdoors,0,2018-10-16T00:00,9.1,0.0,2.5,b0d28beb8e99b8e500d07f653b106acbae839e1ca8fe56ec16da7c3d4f13bd18
2018_07_DEN_ARI,2018,7,PHO00,closed,1,2018-10-19T00:00,,,,
2018_07_NE_CHI,2018,7,CHI98,outdoors,0,2018-10-21T17:00,8.0,0.0,6.0,8389c48d9c9fdccda8ffd6ff836d19e3cf6ab50093563ae466ce12b4efd74767
2018_07_BUF_IND,2018,7,IND00,closed,1,2018-10-21T17:00,,,,
2018_07_HOU_JAX,2018,7,JAX00,outdoors,0,2018-10-21T17:00,10.4,0.0,22.1,3a9f161561e39ccc8001c4302235c8af70599ac8fbc6cd38ff349a94d49211c3
2018_07_DET_MIA,2018,7,MIA00,outdoors,0,2018-10-21T17:00,6.5,0.0,30.0,46ed1bb19f5fe50a5115788631da243d05d6c1e6a165f66e4fa3e8b3ab14681f
2018_07_MIN_NYJ,2018,7,NYC01,outdoors,0,2018-10-21T17:00,18.6,0.0,8.9,93156d7f362cb81d5a9fba028ed30b7d89ceacbe73c98b6fc19d48854b37bd79
2018_07_CAR_PHI,2018,7,PHI00,outdoors,0,2018-10-21T17:00,15.7,0.0,9.7,44b7fc8deca9d0d34b3ca04b6c57fc28792ff0a889c24a0f016d0aabe02c04a2
2018_07_CLE_TB,2018,7,TAM00,outdoors,0,2018-10-21T17:00,7.2,0.0,26.8,fab6ab49cf404bb971ca0dd26b39cb1350c1f0d73477b52e4eaa409bccaf692f
2018_07_NO_BAL,2018,7,BAL00,outdoors,0,2018-10-21T20:00,17.1,0.0,11.6,ce753559a48c6b4cea173c8020018c9334737b00a49b385e46c599760a4a90c9
2018_07_LA_SF,2018,7,SFO01,outdoors,0,2018-10-21T20:00,3.9,0.0,19.8,3f69bcc6aa946912be164e6f4a32362f57c75cd557cc9a494bf23ef32d007aac
2018_07_DAL_WAS,2018,7,WAS00,outdoors,0,2018-10-21T20:00,14.2,0.0,11.1,9e9c035d7101fdec97aa5f03bbc4ae46180d68a4cf7dc4ea197555eeecf86491
2018_07_CIN_KC,2018,7,KAN00,outdoors,0,2018-10-22T00:00,10.4,0.0,14.5,71b298315ee63a515eee0887d674c11032c01918aa1007771d4ed3d0ead60195
2018_07_TEN_LAC,2018,7,LON00,outdoors,0,2018-10-22T01:00,13.0,0.0,11.7,6dc5e1fd8f42b307222e28847c6e943d506cfeb2cf2d2bc7228cf4186fd30c4b
2018_07_NYG_ATL,2018,7,ATL97,open,0,2018-10-23T00:00,4.7,0.0,11.9,9e40615347debf8f99ffea4a9840896f58e0470de8f8fb57690d22bbd5ec1cea
2018_08_MIA_HOU,2018,8,HOU00,closed,1,2018-10-26T00:00,,,,
2018_08_BAL_CAR,2018,8,CAR00,outdoors,0,2018-10-28T17:00,8.4,0.0,17.0,3af49fa52463103b45252d72a2f12136055565e4a5a1ece116ebeba1179c259e
2018_08_NYJ_CHI,2018,8,CHI98,outdoors,0,2018-10-28T17:00,19.0,0.0,10.2,8389c48d9c9fdccda8ffd6ff836d19e3cf6ab50093563ae466ce12b4efd74767
2018_08_TB_CIN,2018,8,CIN00,outdoors,0,2018-10-28T17:00,12.5,0.2,14.4,3bca6de984980bc1fea0ec8cd3045f89cfb70a2c20fd5df8567c76d2a61fc560
2018_08_SEA_DET,2018,8,DET00,dome,1,2018-10-28T17:00,,,,
2018_08_DEN_KC,2018,8,KAN00,outdoors,0,2018-10-28T17:00,10.3,0.0,16.3,71b298315ee63a515eee0887d674c11032c01918aa1007771d4ed3d0ead60195
2018_08_WAS_NYG,2018,8,NYC01,outdoors,0,2018-10-28T17:00,9.5,0.0,10.7,93156d7f362cb81d5a9fba028ed30b7d89ceacbe73c98b6fc19d48854b37bd79
2018_08_CLE_PIT,2018,8,PIT00,outdoors,0,2018-10-28T17:00,9.6,0.0,8.9,603385670475d98ffe84cca64f021fea22a751e2e2232f0b12dfdcd8802872b7
2018_08_IND_OAK,2018,8,OAK00,outdoors,0,2018-10-28T20:00,10.8,0.0,21.9,b08776e272af3435c39d6763177dd2337a55d4b64ede2ab89b7f746e2623b271
2018_08_SF_ARI,2018,8,PHO00,closed,1,2018-10-28T20:00,,,,
2018_08_GB_LA,2018,8,LAX99,outdoors,0,2018-10-28T20:00,5.4,0.0,26.5,4825cf7994123f8668e0dd515bf27b9df77f6ce2551e360ca0656f1fc842b179
2018_08_NO_MIN,2018,8,MIN01,dome,1,2018-10-29T00:00,,,,
2018_08_PHI_JAX,2018,8,LON00,outdoors,0,2018-10-29T01:00,9.0,0.0,3.2,6dc5e1fd8f42b307222e28847c6e943d506cfeb2cf2d2bc7228cf4186fd30c4b
2018_08_NE_BUF,2018,8,BUF00,outdoors,0,2018-10-30T00:00,12.2,0.0,6.5,871cec873e1ecb8496fa15108eb52898462a053cd09ec21861c2e9df699db8d8
2018_09_OAK_SF,2018,9,SFO01,outdoors,0,2018-11-02T00:00,3.6,0.0,27.7,3f69bcc6aa946912be164e6f4a32362f57c75cd557cc9a494bf23ef32d007aac
2018_09_PIT_BAL,2018,9,BAL00,outdoors,0,2018-11-04T18:00,4.8,0.0,12.2,ce753559a48c6b4cea173c8020018c9334737b00a49b385e46c599760a4a90c9
2018_09_CHI_BUF,2018,9,BUF00,outdoors,0,2018-11-04T18:00,7.4,0.0,9.8,871cec873e1ecb8496fa15108eb52898462a053cd09ec21861c2e9df699db8d8
2018_09_TB_CAR,2018,9,CAR00,outdoors,0,2018-11-04T18:00,5.4,0.0,17.1,3af49fa52463103b45252d72a2f12136055565e4a5a1ece116ebeba1179c259e
2018_09_KC_CLE,2018,9,CLE00,outdoors,0,2018-11-04T18:00,11.9,0.0,12.3,fcbf0bf12e9f69659ba05fa056d4bdd9765d40db86b13e393007ddff3d335596
2018_09_NYJ_MIA,2018,9,MIA00,outdoors,0,2018-11-04T18:00,11.6,0.1,28.2,46ed1bb19f5fe50a5115788631da243d05d6c1e6a165f66e4fa3e8b3ab14681f
2018_09_DET_MIN,2018,9,MIN01,dome,1,2018-11-04T18:00,,,,
2018_09_ATL_WAS,2018,9,WAS00,outdoors,0,2018-11-04T18:00,4.8,0.0,12.8,9e9c035d7101fdec97aa5f03bbc4ae46180d68a4cf7dc4ea197555eeecf86491
2018_09_HOU_DEN,2018,9,DEN00,outdoors,0,2018-11-04T21:00,1.1,0.0,11.5,6c99708e455926ff5954d21238ef0c14fa7ff8287d96b37d305c2edc9f147c0c
2018_09_LAC_SEA,2018,9,SEA00,outdoors,0,2018-11-04T21:00,6.8,0.3,15.8,dfcea12c035d092d1dd1668a34e0b96bc8910eef360510c5a4d2c62f71b13025
2018_09_LA_NO,2018,9,NOR00,dome,1,2018-11-04T21:00,,,,
2018_09_GB_NE,2018,9,BOS00,outdoors,0,2018-11-05T01:00,5.5,0.0,4.7,2ebd7b7b4365d60964f4fd2390b861fef9c92761e8eda11a6bbf9f306ba25099
2018_09_TEN_DAL,2018,9,DAL00,closed,1,2018-11-06T01:00,,,,
2018_10_CAR_PIT,2018,10,PIT00,outdoors,0,2018-11-09T01:00,5.9,0.0,4.8,603385670475d98ffe84cca64f021fea22a751e2e2232f0b12dfdcd8802872b7
2018_10_DET_CHI,2018,10,CHI98,outdoors,0,2018-11-11T18:00,11.2,0.0,3.2,8389c48d9c9fdccda8ffd6ff836d19e3cf6ab50093563ae466ce12b4efd74767
2018_10_NO_CIN,2018,10,CIN00,outdoors,0,2018-11-11T18:00,4.3,0.0,5.8,3bca6de984980bc1fea0ec8cd3045f89cfb70a2c20fd5df8567c76d2a61fc560
2018_10_ATL_CLE,2018,10,CLE00,outdoors,0,2018-11-11T18:00,9.8,0.0,3.7,fcbf0bf12e9f69659ba05fa056d4bdd9765d40db86b13e393007ddff3d335596
2018_10_JAX_IND,2018,10,IND00,closed,1,2018-11-11T18:00,,,,
2018_10_ARI_KC,2018,10,KAN00,outdoors,0,2018-11-11T18:00,1.6,0.0,8.0,71b298315ee63a515eee0887d674c11032c01918aa1007771d4ed3d0ead60195
2018_10_BUF_NYJ,2018,10,NYC01,outdoors,0,2018-11-11T18:00,8.7,0.0,7.5,93156d7f362cb81d5a9fba028ed30b7d89ceacbe73c98b6fc19d48854b37bd79
2018_10_WAS_TB,2018,10,TAM00,outdoors,0,2018-11-11T18:00,4.5,0.0,28.0,fab6ab49cf404bb971ca0dd26b39cb1350c1f0d73477b52e4eaa409bccaf692f
2018_10_NE_TEN,2018,10,NAS00,outdoors,0,2018-11-11T18:00,3.1,0.0,10.1,c4b436651fa3fbfaa9aea9f7e0fb12aff6bd1731056732707f4884af5af2fee0
2018_10_LAC_OAK,2018,10,OAK00,outdoors,0,2018-11-11T21:00,10.8,0.0,21.2,b08776e272af3435c39d6763177dd2337a55d4b64ede2ab89b7f746e2623b271
2018_10_MIA_GB,2018,10,GNB00,outdoors,0,2018-11-11T21:00,7.8,0.0,0.8,b0d28beb8e99b8e500d07f653b106acbae839e1ca8fe56ec16da7c3d4f13bd18
2018_10_SEA_LA,2018,10,LAX99,outdoors,0,2018-11-11T21:00,3.4,0.0,26.4,4825cf7994123f8668e0dd515bf27b9df77f6ce2551e360ca0656f1fc842b179
2018_10_DAL_PHI,2018,10,PHI00,outdoors,0,2018-11-12T01:00,3.5,0.0,3.2,44b7fc8deca9d0d34b3ca04b6c57fc28792ff0a889c24a0f016d0aabe02c04a2
2018_10_NYG_SF,2018,10,SFO01,outdoors,0,2018-11-13T01:00,2.5,0.0,19.3,3f69bcc6aa946912be164e6f4a32362f57c75cd557cc9a494bf23ef32d007aac
2018_11_GB_SEA,2018,11,SEA00,outdoors,0,2018-11-16T01:00,7.1,0.0,12.1,dfcea12c035d092d1dd1668a34e0b96bc8910eef360510c5a4d2c62f71b13025
2018_11_DAL_ATL,2018,11,ATL97,open,0,2018-11-18T18:00,0.8,0.0,16.2,9e40615347debf8f99ffea4a9840896f58e0470de8f8fb57690d22bbd5ec1cea
2018_11_CIN_BAL,2018,11,BAL00,outdoors,0,2018-11-18T18:00,7.4,0.0,9.0,ce753559a48c6b4cea173c8020018c9334737b00a49b385e46c599760a4a90c9
2018_11_CAR_DET,2018,11,DET00,dome,1,2018-11-18T18:00,,,,
2018_11_TEN_IND,2018,11,IND00,closed,1,2018-11-18T18:00,,,,
2018_11_PIT_JAX,2018,11,JAX00,outdoors,0,2018-11-18T18:00,2.3,0.2,23.7,3a9f161561e39ccc8001c4302235c8af70599ac8fbc6cd38ff349a94d49211c3
2018_11_TB_NYG,2018,11,NYC01,outdoors,0,2018-11-18T18:00,2.5,0.0,6.3,93156d7f362cb81d5a9fba028ed30b7d89ceacbe73c98b6fc19d48854b37bd79
2018_11_HOU_WAS,2018,11,WAS00,outdoors,0,2018-11-18T18:00,6.4,0.0,9.8,9e9c035d7101fdec97aa5f03bbc4ae46180d68a4cf7dc4ea197555eeecf86491
2018_11_OAK_ARI,2018,11,PHO00,closed,1,2018-11-18T21:00,,,,
2018_11_DEN_LAC,2018,11,LAX97,outdoors,0,2018-11-18T21:00,5.5,0.0,20.5,78c5376315866fa2e28a8c831bbbf4f9dbd855f93c30fd16f3da3c891f2b4fd6
2018_11_PHI_NO,2018,11,NOR00,dome,1,2018-11-18T21:00,,,,
2018_11_MIN_CHI,2018,11,CHI98,outdoors,0,2018-11-19T01:00,5.9,0.0,-0.5,8389c48d9c9fdccda8ffd6ff836d19e3cf6ab50093563ae466ce12b4efd74767
2018_11_KC_LA,2018,11,LAX99,outdoors,0,2018-11-20T01:00,2.4,0.0,20.1,4825cf7994123f8668e0dd515bf27b9df77f6ce2551e360ca0656f1fc842b179
2018_12_CHI_DET,2018,12,DET00,dome,1,2018-11-22T17:00,,,,
2018_12_WAS_DAL,2018,12,DAL00,closed,1,2018-11-22T21:00,,,,
2018_12_ATL_NO,2018,12,NOR00,dome,1,2018-11-23T01:00,,,,
2018_12_OAK_BAL,2018,12,BAL00,outdoors,0,2018-11-25T18:00,6.4,0.0,13.1,ce753559a48c6b4cea173c8020018c9334737b00a49b385e46c599760a4a90c9
2018_12_JAX_BUF,2018,12,BUF00,outdoors,0,2018-11-25T18:00,10.9,0.0,6.4,871cec873e1ecb8496fa15108eb52898462a053cd09ec21861c2e9df699db8d8
2018_12_SEA_CAR,2018,12,CAR00,outdoors,0,2018-11-25T18:00,1.9,0.0,10.7,3af49fa52463103b45252d72a2f12136055565e4a5a1ece116ebeba1179c259e
2018_12_CLE_CIN,2018,12,CIN00,outdoors,0,2018-11-25T18:00,6.5,0.0,14.0,3bca6de984980bc1fea0ec8cd3045f89cfb70a2c20fd5df8567c76d2a61fc560
2018_12_NE_NYJ,2018,12,NYC01,outdoors,0,2018-11-25T18:00,6.3,0.0,10.9,93156d7f362cb81d5a9fba028ed30b7d89ceacbe73c98b6fc19d48854b37bd79
2018_12_NYG_PHI,2018,12,PHI00,outdoors,0,2018-11-25T18:00,7.8,0.0,13.7,44b7fc8deca9d0d34b3ca04b6c57fc28792ff0a889c24a0f016d0aabe02c04a2
2018_12_SF_TB,2018,12,TAM00,outdoors,0,2018-11-25T18:00,6.5,0.0,24.0,fab6ab49cf404bb971ca0dd26b39cb1350c1f0d73477b52e4eaa409bccaf692f
2018_12_ARI_LAC,2018,12,LAX97,outdoors,0,2018-11-25T21:00,2.9,0.0,21.5,78c5376315866fa2e28a8c831bbbf4f9dbd855f93c30fd16f3da3c891f2b4fd6
2018_12_PIT_DEN,2018,12,DEN00,outdoors,0,2018-11-25T21:00,2.9,0.0,4.5,6c99708e455926ff5954d21238ef0c14fa7ff8287d96b37d305c2edc9f147c0c
2018_12_MIA_IND,2018,12,IND00,closed,1,2018-11-25T21:00,,,,
2018_12_GB_MIN,2018,12,MIN01,dome,1,2018-11-26T01:00,,,,
2018_12_TEN_HOU,2018,12,HOU00,closed,1,2018-11-27T01:00,,,,
2018_13_NO_DAL,2018,13,DAL00,closed,1,2018-11-30T01:00,,,,
2018_13_BAL_ATL,2018,13,ATL97,open,0,2018-12-02T18:00,7.6,0.0,21.9,9e40615347debf8f99ffea4a9840896f58e0470de8f8fb57690d22bbd5ec1cea
2018_13_DEN_CIN,2018,13,CIN00,outdoors,0,2018-12-02T18:00,15.5,0.0,18.5,3bca6de984980bc1fea0ec8cd3045f89cfb70a2c20fd5df8567c76d2a61fc560
2018_13_LA_DET,2018,13,DET00,dome,1,2018-12-02T18:00,,,,
2018_13_ARI_GB,2018,13,GNB00,outdoors,0,2018-12-02T18:00,15.8,0.6,1.5,b0d28beb8e99b8e500d07f653b106acbae839e1ca8fe56ec16da7c3d4f13bd18
2018_13_CLE_HOU,2018,13,HOU00,closed,1,2018-12-02T18:00,,,,
2018_13_IND_JAX,2018,13,JAX00,outdoors,0,2018-12-02T18:00,14.8,0.0,26.4,3a9f161561e39ccc8001c4302235c8af70599ac8fbc6cd38ff349a94d49211c3
2018_13_BUF_MIA,2018,13,MIA00,outdoors,0,2018-12-02T18:00,13.5,0.2,28.0,46ed1bb19f5fe50a5115788631da243d05d6c1e6a165f66e4fa3e8b3ab14681f
2018_13_CHI_NYG,2018,13,NYC01,outdoors,0,2018-12-02T18:00,3.5,0.2,11.3,93156d7f362cb81d5a9fba028ed30b7d89ceacbe73c98b6fc19d48854b37bd79
2018_13_CAR_TB,2018,13,TAM00,outdoors,0,2018-12-02T18:00,11.7,0.6,26.5,fab6ab49cf404bb971ca0dd26b39cb1350c1f0d73477b52e4eaa409bccaf692f
2018_13_KC_OAK,2018,13,OAK00,outdoors,0,2018-12-02T21:00,1.6,0.0,13.1,b08776e272af3435c39d6763177dd2337a55d4b64ede2ab89b7f746e2623b271
2018_13_NYJ_TEN,2018,13,NAS00,outdoors,0,2018-12-02T21:00,12.5,0.0,19.8,c4b436651fa3fbfaa9aea9f7e0fb12aff6bd1731056732707f4884af5af2fee0
2018_13_MIN_NE,2018,13,BOS00,outdoors,0,2018-12-02T21:00,8.2,0.0,11.7,2ebd7b7b4365d60964f4fd2390b861fef9c92761e8eda11a6bbf9f306ba25099
2018_13_SF_SEA,2018,13,SEA00,outdoors,0,2018-12-02T21:00,1.4,0.0,8.2,dfcea12c035d092d1dd1668a34e0b96bc8910eef360510c5a4d2c62f71b13025
2018_13_LAC_PIT,2018,13,PIT00,outdoors,0,2018-12-03T01:00,10.9,0.0,13.4,603385670475d98ffe84cca64f021fea22a751e2e2232f0b12dfdcd8802872b7
2018_13_WAS_PHI,2018,13,PHI00,outdoors,0,2018-12-04T01:00,8.8,0.0,9.8,44b7fc8deca9d0d34b3ca04b6c57fc28792ff0a889c24a0f016d0aabe02c04a2
2018_14_JAX_TEN,2018,14,NAS00,outdoors,0,2018-12-07T01:00,3.7,0.0,6.1,c4b436651fa3fbfaa9aea9f7e0fb12aff6bd1731056732707f4884af5af2fee0
2018_14_NYJ_BUF,2018,14,BUF00,outdoors,0,2018-12-09T18:00,9.1,0.0,-0.8,871cec873e1ecb8496fa15108eb52898462a053cd09ec21861c2e9df699db8d8
2018_14_CAR_CLE,2018,14,CLE00,outdoors,0,2018-12-09T18:00,1.9,0.0,-0.7,fcbf0bf12e9f69659ba05fa056d4bdd9765d40db86b13e393007ddff3d335596
2018_14_ATL_GB,2018,14,GNB00,outdoors,0,2018-12-09T18:00,9.0,0.0,-4.9,b0d28beb8e99b8e500d07f653b106acbae839e1ca8fe56ec16da7c3d4f13bd18
2018_14_IND_HOU,2018,14,HOU00,closed,1,2018-12-09T18:00,,,,
2018_14_BAL_KC,2018,14,KAN00,outdoors,0,2018-12-09T18:00,1.8,0.0,-1.1,71b298315ee63a515eee0887d674c11032c01918aa1007771d4ed3d0ead60195
2018_14_NE_MIA,2018,14,MIA00,outdoors,0,2018-12-09T18:00,16.5,0.0,27.3,46ed1bb19f5fe50a5115788631da243d05d6c1e6a165f66e4fa3e8b3ab14681f
2018_14_NO_TB,2018,14,TAM00,outdoors,0,2018-12-09T18:00,10.5,3.5,20.1,fab6ab49cf404bb971ca0dd26b39cb1350c1f0d73477b52e4eaa409bccaf692f
2018_14_NYG_WAS,2018,14,WAS00,outdoors,0,2018-12-09T18:00,4.6,0.0,0.5,9e9c035d7101fdec97aa5f03bbc4ae46180d68a4cf7dc4ea197555eeecf86491
2018_14_CIN_LAC,2018,14,LAX97,outdoors,0,2018-12-09T21:00,2.2,0.0,19.2,78c5376315866fa2e28a8c831bbbf4f9dbd855f93c30fd16f3da3c891f2b4fd6
2018_14_DEN_SF,2018,14,SFO01,outdoors,0,2018-12-09T21:00,1.8,0.0,14.0,3f69bcc6aa946912be164e6f4a32362f57c75cd557cc9a494bf23ef32d007aac
2018_14_DET_ARI,2018,14,PHO00,closed,1,2018-12-09T21:00,,,,
2018_14_PHI_DAL,2018,14,DAL00,closed,1,2018-12-09T21:00,,,,
2018_14_PIT_OAK,2018,14,OAK00,outdoors,0,2018-12-09T21:00,4.0,0.0,11.5,b08776e272af3435c39d6763177dd2337a55d4b64ede2ab89b7f746e2623b271
2018_14_LA_CHI,2018,14,CHI98,outdoors,0,2018-12-10T01:00,5.7,0.0,-4.1,8389c48d9c9fdccda8ffd6ff836d19e3cf6ab50093563ae466ce12b4efd74767
2018_14_MIN_SEA,2018,14,SEA00,outdoors,0,2018-12-11T01:00,8.0,0.0,8.3,dfcea12c035d092d1dd1668a34e0b96bc8910eef360510c5a4d2c62f71b13025
2018_15_LAC_KC,2018,15,KAN00,outdoors,0,2018-12-14T01:00,11.3,0.0,3.8,71b298315ee63a515eee0887d674c11032c01918aa1007771d4ed3d0ead60195
2018_15_HOU_NYJ,2018,15,NYC01,outdoors,0,2018-12-15T21:00,9.2,0.0,9.4,93156d7f362cb81d5a9fba028ed30b7d89ceacbe73c98b6fc19d48854b37bd79
2018_15_CLE_DEN,2018,15,DEN00,outdoors,0,2018-12-16T01:00,4.8,0.0,4.8,6c99708e455926ff5954d21238ef0c14fa7ff8287d96b37d305c2edc9f147c0c
2018_15_ARI_ATL,2018,15,ATL97,closed,1,2018-12-16T18:00,,,,
2018_15_TB_BAL,2018,15,BAL00,outdoors,0,2018-12-16T18:00,13.7,1.9,6.2,ce753559a48c6b4cea173c8020018c9334737b00a49b385e46c599760a4a90c9
2018_15_DET_BUF,2018,15,BUF00,outdoors,0,2018-12-16T18:00,3.7,0.2,4.0,871cec873e1ecb8496fa15108eb52898462a053cd09ec21861c2e9df699db8d8
2018_15_GB_CHI,2018,15,CHI98,outdoors,0,2018-12-16T18:00,7.9,0.0,6.4,8389c48d9c9fdccda8ffd6ff836d19e3cf6ab50093563ae466ce12b4efd74767
2018_15_OAK_CIN,2018,15,CIN00,outdoors,0,2018-12-16T18:00,5.3,0.0,7.3,3bca6de984980bc1fea0ec8cd3045f89cfb70a2c20fd5df8567c76d2a61fc560
2018_15_DAL_IND,2018,15,IND00,closed,1,2018-12-16T18:00,,,,
2018_15_WAS_JAX,2018,15,JAX00,outdoors,0,2018-12-16T18:00,9.9,0.0,17.8,3a9f161561e39ccc8001c4302235c8af70599ac8fbc6cd38ff349a94d49211c3
2018_15_MIA_MIN,2018,15,MIN01,dome,1,2018-12-16T18:00,,,,
2018_15_TEN_NYG,2018,15,NYC01,outdoors,0,2018-12-16T18:00,12.7,0.9,5.3,93156d7f362cb81d5a9fba028ed30b7d89ceacbe73c98b6fc19d48854b37bd79
2018_15_SEA_SF,2018,15,SFO01,outdoors,0,2018-12-16T21:00,10.9,0.0,16.9,3f69bcc6aa946912be164e6f4a32362f57c75cd557cc9a494bf23ef32d007aac
2018_15_NE_PIT,2018,15,PIT00,outdoors,0,2018-12-16T21:00,2.9,0.1,5.7,603385670475d98ffe84cca64f021fea22a751e2e2232f0b12dfdcd8802872b7
2018_15_PHI_LA,2018,15,LAX99,outdoors,0,2018-12-17T01:00,4.9,0.0,16.4,4825cf7994123f8668e0dd515bf27b9df77f6ce2551e360ca0656f1fc842b179
2018_15_NO_CAR,2018,15,CAR00,outdoors,0,2018-12-18T01:00,5.5,0.0,8.7,3af49fa52463103b45252d72a2f12136055565e4a5a1ece116ebeba1179c259e
2018_16_WAS_TEN,2018,16,NAS00,outdoors,0,2018-12-22T21:00,5.6,0.0,10.5,c4b436651fa3fbfaa9aea9f7e0fb12aff6bd1731056732707f4884af5af2fee0
2018_16_BAL_LAC,2018,16,LAX97,outdoors,0,2018-12-23T01:00,5.4,0.0,16.4,78c5376315866fa2e28a8c831bbbf4f9dbd855f93c30fd16f3da3c891f2b4fd6
2018_16_ATL_CAR,2018,16,CAR00,outdoors,0,2018-12-23T18:00,4.5,0.0,11.5,3af49fa52463103b45252d72a2f12136055565e4a5a1ece116ebeba1179c259e
2018_16_CIN_CLE,2018,16,CLE00,outdoors,0,2018-12-23T18:00,8.9,0.0,3.2,fcbf0bf12e9f69659ba05fa056d4bdd9765d40db86b13e393007ddff3d335596
2018_16_TB_DAL,2018,16,DAL00,closed,1,2018-12-23T18:00,,,,
2018_16_MIN_DET,2018,16,DET00,dome,1,2018-12-23T18:00,,,,
2018_16_NYG_IND,2018,16,IND00,closed,1,2018-12-23T18:00,,,,
2018_16_JAX_MIA,2018,16,MIA00,outdoors,0,2018-12-23T18:00,3.7,0.0,20.9,46ed1bb19f5fe50a5115788631da243d05d6c1e6a165f66e4fa3e8b3ab14681f
2018_16_BUF_NE,2018,16,BOS00,outdoors,0,2018-12-23T18:00,7.5,0.0,4.3,2ebd7b7b4365d60964f4fd2390b861fef9c92761e8eda11a6bbf9f306ba25099
2018_16_GB_NYJ,2018,16,NYC01,outdoors,0,2018-12-23T18:00,6.3,0.0,5.5,93156d7f362cb81d5a9fba028ed30b7d89ceacbe73c98b6fc19d48854b37bd79
2018_16_HOU_PHI,2018,16,PHI00,outdoors,0,2018-12-23T18:00,4.6,0.0,7.6,44b7fc8deca9d0d34b3ca04b6c57fc28792ff0a889c24a0f016d0aabe02c04a2
2018_16_LA_ARI,2018,16,PHO00,closed,1,2018-12-23T21:00,,,,
2018_16_CHI_SF,2018,16,SFO01,outdoors,0,2018-12-23T21:00,3.4,0.0,14.6,3f69bcc6aa946912be164e6f4a32362f57c75cd557cc9a494bf23ef32d007aac
2018_16_PIT_NO,2018,16,NOR00,dome,1,2018-12-23T21:00,,,,
2018_16_KC_SEA,2018,16,SEA00,outdoors,0,2018-12-24T01:00,7.1,0.0,7.7,dfcea12c035d092d1dd1668a34e0b96bc8910eef360510c5a4d2c62f71b13025
2018_16_DEN_OAK,2018,16,OAK00,outdoors,0,2018-12-25T01:00,14.0,0.5,14.1,b08776e272af3435c39d6763177dd2337a55d4b64ede2ab89b7f746e2623b271
2018_17_MIA_BUF,2018,17,BUF00,outdoors,0,2018-12-30T18:00,11.9,0.0,0.6,871cec873e1ecb8496fa15108eb52898462a053cd09ec21861c2e9df699db8d8
2018_17_DET_GB,2018,17,GNB00,outdoors,0,2018-12-30T18:00,11.7,0.0,-3.3,b0d28beb8e99b8e500d07f653b106acbae839e1ca8fe56ec16da7c3d4f13bd18
2018_17_JAX_HOU,2018,17,HOU00,closed,1,2018-12-30T18:00,,,,
2018_17_NYJ_NE,2018,17,BOS00,outdoors,0,2018-12-30T18:00,2.3,0.0,0.9,2ebd7b7b4365d60964f4fd2390b861fef9c92761e8eda11a6bbf9f306ba25099
2018_17_CAR_NO,2018,17,NOR00,dome,1,2018-12-30T18:00,,,,
2018_17_DAL_NYG,2018,17,NYC01,outdoors,0,2018-12-30T18:00,3.0,0.0,3.2,93156d7f362cb81d5a9fba028ed30b7d89ceacbe73c98b6fc19d48854b37bd79
2018_17_ATL_TB,2018,17,TAM00,outdoors,0,2018-12-30T18:00,3.1,0.0,25.7,fab6ab49cf404bb971ca0dd26b39cb1350c1f0d73477b52e4eaa409bccaf692f
2018_17_CLE_BAL,2018,17,BAL00,outdoors,0,2018-12-30T21:00,3.8,0.0,7.2,ce753559a48c6b4cea173c8020018c9334737b00a49b385e46c599760a4a90c9
2018_17_LAC_DEN,2018,17,DEN00,outdoors,0,2018-12-30T21:00,5.4,0.0,11.8,6c99708e455926ff5954d21238ef0c14fa7ff8287d96b37d305c2edc9f147c0c
2018_17_OAK_KC,2018,17,KAN00,outdoors,0,2018-12-30T21:00,10.8,0.0,5.3,71b298315ee63a515eee0887d674c11032c01918aa1007771d4ed3d0ead60195
2018_17_SF_LA,2018,17,LAX99,outdoors,0,2018-12-30T21:00,6.2,0.0,18.6,4825cf7994123f8668e0dd515bf27b9df77f6ce2551e360ca0656f1fc842b179
2018_17_CHI_MIN,2018,17,MIN01,dome,1,2018-12-30T21:00,,,,
2018_17_CIN_PIT,2018,17,PIT00,outdoors,0,2018-12-30T21:00,5.7,0.0,5.9,603385670475d98ffe84cca64f021fea22a751e2e2232f0b12dfdcd8802872b7
2018_17_ARI_SEA,2018,17,SEA00,outdoors,0,2018-12-30T21:00,2.5,0.0,8.4,dfcea12c035d092d1dd1668a34e0b96bc8910eef360510c5a4d2c62f71b13025
2018_17_PHI_WAS,2018,17,WAS00,outdoors,0,2018-12-30T21:00,2.3,0.0,7.9,9e9c035d7101fdec97aa5f03bbc4ae46180d68a4cf7dc4ea197555eeecf86491
2018_17_IND_TEN,2018,17,NAS00,outdoors,0,2018-12-31T01:00,4.4,0.0,11.3,c4b436651fa3fbfaa9aea9f7e0fb12aff6bd1731056732707f4884af5af2fee0
2019_01_GB_CHI,2019,1,CHI98,outdoors,0,2019-09-06T00:00,4.3,0.0,19.5,8389c48d9c9fdccda8ffd6ff836d19e3cf6ab50093563ae466ce12b4efd74767
2019_01_LA_CAR,2019,1,CAR00,outdoors,0,2019-09-08T17:00,2.1,0.0,30.8,3af49fa52463103b45252d72a2f12136055565e4a5a1ece116ebeba1179c259e
2019_01_TEN_CLE,2019,1,CLE00,outdoors,0,2019-09-08T17:00,8.3,0.0,20.5,fcbf0bf12e9f69659ba05fa056d4bdd9765d40db86b13e393007ddff3d335596
2019_01_KC_JAX,2019,1,JAX00,outdoors,0,2019-09-08T17:00,2.4,0.0,34.4,3a9f161561e39ccc8001c4302235c8af70599ac8fbc6cd38ff349a94d49211c3
2019_01_BAL_MIA,2019,1,MIA00,outdoors,0,2019-09-08T17:00,6.9,0.0,31.0,46ed1bb19f5fe50a5115788631da243d05d6c1e6a165f66e4fa3e8b3ab14681f
2019_01_ATL_MIN,2019,1,MIN01,dome,1,2019-09-08T17:00,,,,
2019_01_BUF_NYJ,2019,1,NYC01,outdoors,0,2019-09-08T17:00,7.4,0.0,23.8,93156d7f362cb81d5a9fba028ed30b7d89ceacbe73c98b6fc19d48854b37bd79
2019_01_WAS_PHI,2019,1,PHI00,outdoors,0,2019-09-08T17:00,6.3,0.0,26.8,44b7fc8deca9d0d34b3ca04b6c57fc28792ff0a889c24a0f016d0aabe02c04a2
2019_01_IND_LAC,2019,1,LAX97,outdoors,0,2019-09-08T20:00,9.7,0.0,23.4,78c5376315866fa2e28a8c831bbbf4f9dbd855f93c30fd16f3da3c891f2b4fd6
2019_01_CIN_SEA,2019,1,SEA00,outdoors,0,2019-09-08T20:00,8.1,1.0,18.9,dfcea12c035d092d1dd1668a34e0b96bc8910eef360510c5a4d2c62f71b13025
2019_01_DET_ARI,2019,1,PHO00,closed,1,2019-09-08T20:00,,,,
2019_01_NYG_DAL,2019,1,DAL00,closed,1,2019-09-08T20:00,,,,
2019_01_SF_TB,2019,1,TAM00,outdoors,0,2019-09-08T20:00,3.8,0.0,32.8,fab6ab49cf404bb971ca0dd26b39cb1350c1f0d73477b52e4eaa409bccaf692f
2019_01_PIT_NE,2019,1,BOS00,outdoors,0,2019-09-09T00:00,5.2,0.0,18.5,2ebd7b7b4365d60964f4fd2390b861fef9c92761e8eda11a6bbf9f306ba25099
2019_01_HOU_NO,2019,1,NOR00,dome,1,2019-09-09T23:00,,,,
2019_01_DEN_OAK,2019,1,OAK00,outdoors,0,2019-09-10T02:00,11.0,0.0,21.3,b08776e272af3435c39d6763177dd2337a55d4b64ede2ab89b7f746e2623b271
2019_02_TB_CAR,2019,2,CAR00,outdoors,0,2019-09-13T00:00,4.3,0.0,29.5,3af49fa52463103b45252d72a2f12136055565e4a5a1ece116ebeba1179c259e
2019_02_ARI_BAL,2019,2,BAL00,outdoors,0,2019-09-15T17:00,2.3,0.0,27.4,ce753559a48c6b4cea173c8020018c9334737b00a49b385e46c599760a4a90c9
2019_02_SF_CIN,2019,2,CIN00,outdoors,0,2019-09-15T17:00,4.3,0.0,28.2,3bca6de984980bc1fea0ec8cd3045f89cfb70a2c20fd5df8567c76d2a61fc560
2019_02_LAC_DET,2019,2,DET00,dome,1,2019-09-15T17:00,,,,
2019_02_MIN_GB,2019,2,GNB00,outdoors,0,2019-09-15T17:00,4.9,0.0,21.9,b0d28beb8e99b8e500d07f653b106acbae839e1ca8fe56ec16da7c3d4f13bd18
2019_02_JAX_HOU,2019,2,HOU00,closed,1,2019-09-15T17:00,,,,
2019_02_NE_MIA,2019,2,MIA00,outdoors,0,2019-09-15T17:00,8.0,0.2,30.5,46ed1bb19f5fe50a5115788631da243d05d6c1e6a165f66e4fa3e8b3ab14681f
2019_02_BUF_NYG,2019,2,NYC01,outdoors,0,2019-09-15T17:00,2.2,0.0,25.0,93156d7f362cb81d5a9fba028ed30b7d89ceacbe73c98b6fc19d48854b37bd79
2019_02_SEA_PIT,2019,2,PIT00,outdoors,0,2019-09-15T17:00,1.2,0.0,25.5,603385670475d98ffe84cca64f021fea22a751e2e2232f0b12dfdcd8802872b7
2019_02_IND_TEN,2019,2,NAS00,outdoors,0,2019-09-15T17:00,2.7,0.0,33.4,c4b436651fa3fbfaa9aea9f7e0fb12aff6bd1731056732707f4884af5af2fee0
2019_02_DAL_WAS,2019,2,WAS00,outdoors,0,2019-09-15T17:00,2.7,0.0,27.9,9e9c035d7101fdec97aa5f03bbc4ae46180d68a4cf7dc4ea197555eeecf86491
2019_02_KC_OAK,2019,2,OAK00,outdoors,0,2019-09-15T20:00,11.5,0.0,21.6,b08776e272af3435c39d6763177dd2337a55d4b64ede2ab89b7f746e2623b271
2019_02_CHI_DEN,2019,2,DEN00,outdoors,0,2019-09-15T20:00,6.4,0.0,31.2,6c99708e455926ff5954d21238ef0c14fa7ff8287d96b37d305c2edc9f147c0c
2019_02_NO_LA,2019,2,LAX99,outdoors,0,2019-09-15T20:00,6.1,0.0,31.7,4825cf7994123f8668e0dd515bf27b9df77f6ce2551e360ca0656f1fc842b179
2019_02_PHI_ATL,2019,2,ATL97,open,0,2019-09-16T00:00,5.2,0.0,29.8,9e40615347debf8f99ffea4a9840896f58e0470de8f8fb57690d22bbd5ec1cea
2019_02_CLE_NYJ,2019,2,NYC01,outdoors,0,2019-09-17T00:00,2.0,0.0,21.5,93156d7f362cb81d5a9fba028ed30b7d89ceacbe73c98b6fc19d48854b37bd79
2019_03_TEN_JAX,2019,3,JAX00,outdoors,0,2019-09-20T00:00,9.8,0.0,24.2,3a9f161561e39ccc8001c4302235c8af70599ac8fbc6cd38ff349a94d49211c3
2019_03_CIN_BUF,2019,3,BUF00,outdoors,0,2019-09-22T17:00,12.2,0.0,28.7,871cec873e1ecb8496fa15108eb52898462a053cd09ec21861c2e9df699db8d8
2019_03_MIA_DAL,2019,3,DAL00,closed,1,2019-09-22T17:00,,,,
2019_03_DEN_GB,2019,3,GNB00,outdoors,0,2019-09-22T17:00,8.7,1.1,22.3,b0d28beb8e99b8e500d07f653b106acbae839e1ca8fe56ec16da7c3d4f13bd18
2019_03_ATL_IND,2019,3,IND00,closed,1,2019-09-22T17:00,,,,
2019_03_BAL_KC,2019,3,KAN00,outdoors,0,2019-09-22T17:00,9.8,0.8,22.9,71b298315ee63a515eee0887d674c11032c01918aa1007771d4ed3d0ead60195
2019_03_OAK_MIN,2019,3,MIN01,dome,1,2019-09-22T17:00,,,,
2019_03_NYJ_NE,2019,3,BOS00,outdoors,0,2019-09-22T17:00,8.4,0.0,27.9,2ebd7b7b4365d60964f4fd2390b861fef9c92761e8eda11a6bbf9f306ba25099
2019_03_DET_PHI,2019,3,PHI00,outdoors,0,2019-09-22T17:00,5.8,0.0,30.2,44b7fc8deca9d0d34b3ca04b6c57fc28792ff0a889c24a0f016d0aabe02c04a2
2019_03_CAR_ARI,2019,3,PHO00,closed,1,2019-09-22T20:00,,,,
2019_03_NYG_TB,2019,3,TAM00,outdoors,0,2019-09-22T20:00,12.7,0.0,31.3,fab6ab49cf404bb971ca0dd26b39cb1350c1f0d73477b52e4eaa409bccaf692f
2019_03_HOU_LAC,2019,3,LAX97,outdoors,0,2019-09-22T20:00,5.4,0.0,26.7,78c5376315866fa2e28a8c831bbbf4f9dbd855f93c30fd16f3da3c891f2b4fd6
2019_03_NO_SEA,2019,3,SEA00,outdoors,0,2019-09-22T20:00,7.6,0.7,17.1,dfcea12c035d092d1dd1668a34e0b96bc8910eef360510c5a4d2c62f71b13025
2019_03_PIT_SF,2019,3,SFO01,outdoors,0,2019-09-22T20:00,7.0,0.0,27.1,3f69bcc6aa946912be164e6f4a32362f57c75cd557cc9a494bf23ef32d007aac
2019_03_LA_CLE,2019,3,CLE00,outdoors,0,2019-09-23T00:00,9.3,0.0,25.8,fcbf0bf12e9f69659ba05fa056d4bdd9765d40db86b13e393007ddff3d335596
2019_03_CHI_WAS,2019,3,WAS00,outdoors,0,2019-09-24T00:00,5.1,0.0,27.4,9e9c035d7101fdec97aa5f03bbc4ae46180d68a4cf7dc4ea197555eeecf86491
2019_04_PHI_GB,2019,4,GNB00,outdoors,0,2019-09-27T00:00,5.6,0.0,16.1,b0d28beb8e99b8e500d07f653b106acbae839e1ca8fe56ec16da7c3d4f13bd18
2019_04_TEN_ATL,2019,4,ATL97,closed,1,2019-09-29T17:00,,,,
2019_04_CLE_BAL,2019,4,BAL00,outdoors,0,2019-09-29T17:00,7.1,0.0,27.3,ce753559a48c6b4cea173c8020018c9334737b00a49b385e46c599760a4a90c9
2019_04_NE_BUF,2019,4,BUF00,outdoors,0,2019-09-29T17:00,8.0,0.0,17.3,871cec873e1ecb8496fa15108eb52898462a053cd09ec21861c2e9df699db8d8
2019_04_KC_DET,2019,4,DET00,dome,1,2019-09-29T17:00,,,,
2019_04_CAR_HOU,2019,4,HOU00,closed,1,2019-09-29T17:00,,,,
2019_04_OAK_IND,2019,4,IND00,closed,1,2019-09-29T17:00,,,,
2019_04_LAC_MIA,2019,4,MIA00,outdoors,0,2019-09-29T17:00,14.1,0.0,29.6,46ed1bb19f5fe50a5115788631da243d05d6c1e6a165f66e4fa3e8b3ab14681f
2019_04_WAS_NYG,2019,4,NYC01,outdoors,0,2019-09-29T17:00,7.6,0.0,24.5,93156d7f362cb81d5a9fba028ed30b7d89ceacbe73c98b6fc19d48854b37bd79
2019_04_SEA_ARI,2019,4,PHO00,closed,1,2019-09-29T20:00,,,,
2019_04_TB_LA,2019,4,LAX99,outdoors,0,2019-09-29T20:00,5.4,0.0,23.2,4825cf7994123f8668e0dd515bf27b9df77f6ce2551e360ca0656f1fc842b179
2019_04_MIN_CHI,2019,4,CHI98,outdoors,0,2019-09-29T20:00,4.3,0.0,22.2,8389c48d9c9fdccda8ffd6ff836d19e3cf6ab50093563ae466ce12b4efd74767
2019_04_JAX_DEN,2019,4,DEN00,outdoors,0,2019-09-29T20:00,15.6,0.0,30.7,6c99708e455926ff5954d21238ef0c14fa7ff8287d96b37d305c2edc9f147c0c
2019_04_DAL_NO,2019,4,NOR00,dome,1,2019-09-30T00:00,,,,
2019_04_CIN_PIT,2019,4,PIT00,outdoors,0,2019-10-01T00:00,5.2,0.0,23.4,603385670475d98ffe84cca64f021fea22a751e2e2232f0b12dfdcd8802872b7
2019_05_LA_SEA,2019,5,SEA00,outdoors,0,2019-10-04T00:00,6.9,0.0,14.0,dfcea12c035d092d1dd1668a34e0b96bc8910eef360510c5a4d2c62f71b13025
2019_05_JAX_CAR,2019,5,CAR00,outdoors,0,2019-10-06T17:00,1.9,0.0,22.8,3af49fa52463103b45252d72a2f12136055565e4a5a1ece116ebeba1179c259e
2019_05_ARI_CIN,2019,5,CIN00,outdoors,0,2019-10-06T17:00,8.1,0.0,25.1,3bca6de984980bc1fea0ec8cd3045f89cfb70a2c20fd5df8567c76d2a61fc560
2019_05_ATL_HOU,2019,5,HOU00,closed,1,2019-10-06T17:00,,,,
2019_05_TB_NO,2019,5,NOR00,dome,1,2019-10-06T17:00,,,,
2019_05_MIN_NYG,2019,5,NYC01,outdoors,0,2019-10-06T17:00,9.1,0.0,19.2,93156d7f362cb81d5a9fba028ed30b7d89ceacbe73c98b6fc19d48854b37bd79
2019_05_CHI_OAK,2019,5,LON02,outdoors,0,2019-10-06T17:00,15.1,0.0,15.2,7515f36054f9b875053b991cecc842eb236493a21174b025476ab0c926272467
2019_05_NYJ_PHI,2019,5,PHI00,outdoors,0,2019-10-06T17:00,10.3,0.0,21.1,44b7fc8deca9d0d34b3ca04b6c57fc28792ff0a889c24a0f016d0aabe02c04a2
2019_05_BAL_PIT,2019,5,PIT00,outdoors,0,2019-10-06T17:00,7.8,0.3,21.3,603385670475d98ffe84cca64f021fea22a751e2e2232f0b12dfdcd8802872b7
2019_05_BUF_TEN,2019,5,NAS00,outdoors,0,2019-10-06T17:00,3.8,0.0,23.6,c4b436651fa3fbfaa9aea9f7e0fb12aff6bd1731056732707f4884af5af2fee0
2019_05_NE_WAS,2019,5,WAS00,outdoors,0,2019-10-06T17:00,10.4,0.0,21.8,9e9c035d7101fdec97aa5f03bbc4ae46180d68a4cf7dc4ea197555eeecf86491
2019_05_DEN_LAC,2019,5,LAX97,outdoors,0,2019-10-06T20:00,5.6,0.0,25.1,78c5376315866fa2e28a8c831bbbf4f9dbd855f93c30fd16f3da3c891f2b4fd6
2019_05_GB_DAL,2019,5,DAL00,closed,1,2019-10-06T20:00,,,,
2019_05_IND_KC,2019,5,KAN00,outdoors,0,2019-10-07T00:00,0.9,0.0,15.8,71b298315ee63a515eee0887d674c11032c01918aa1007771d4ed3d0ead60195
2019_05_CLE_SF,2019,5,SFO01,outdoors,0,2019-10-08T00:00,4.9,0.0,31.1,3f69bcc6aa946912be164e6f4a32362f57c75cd557cc9a494bf23ef32d007aac
2019_06_NYG_NE,2019,6,BOS00,outdoors,0,2019-10-11T00:00,13.1,0.0,12.6,2ebd7b7b4365d60964f4fd2390b861fef9c92761e8eda11a6bbf9f306ba25099
2019_06_CAR_TB,2019,6,LON02,outdoors,0,2019-10-13T13:00,16.5,0.3,15.7,7515f36054f9b875053b991cecc842eb236493a21174b025476ab0c926272467
2019_06_CIN_BAL,2019,6,BAL00,outdoors,0,2019-10-13T17:00,4.3,0.0,16.6,ce753559a48c6b4cea173c8020018c9334737b00a49b385e46c599760a4a90c9
2019_06_SEA_CLE,2019,6,CLE00,outdoors,0,2019-10-13T17:00,15.1,0.0,16.4,fcbf0bf12e9f69659ba05fa056d4bdd9765d40db86b13e393007ddff3d335596
2019_06_NO_JAX,2019,6,JAX00,outdoors,0,2019-10-13T17:00,3.5,0.0,29.1,3a9f161561e39ccc8001c4302235c8af70599ac8fbc6cd38ff349a94d49211c3
2019_06_HOU_KC,2019,6,KAN00,outdoors,0,2019-10-13T17:00,2.7,0.0,15.0,71b298315ee63a515eee0887d674c11032c01918aa1007771d4ed3d0ead60195
2019_06_WAS_MIA,2019,6,MIA00,outdoors,0,2019-10-13T17:00,9.1,0.1,28.3,46ed1bb19f5fe50a5115788631da243d05d6c1e6a165f66e4fa3e8b3ab14681f
2019_06_PHI_MIN,2019,6,MIN01,dome,1,2019-10-13T17:00,,,,
2019_06_ATL_ARI,2019,6,PHO00,closed,1,2019-10-13T20:00,,,,
2019_06_SF_LA,2019,6,LAX99,outdoors,0,2019-10-13T20:00,6.2,0.0,25.1,4825cf7994123f8668e0dd515bf27b9df77f6ce2551e360ca0656f1fc842b179
2019_06_TEN_DEN,2019,6,DEN00,outdoors,0,2019-10-13T20:00,2.7,0.0,21.5,6c99708e455926ff5954d21238ef0c14fa7ff8287d96b37d305c2edc9f147c0c
2019_06_DAL_NYJ,2019,6,NYC01,outdoors,0,2019-10-13T20:00,2.7,0.0,17.8,93156d7f362cb81d5a9fba028ed30b7d89ceacbe73c98b6fc19d48854b37bd79
2019_06_PIT_LAC,2019,6,LAX97,outdoors,0,2019-10-14T00:00,9.0,0.0,20.6,78c5376315866fa2e28a8c831bbbf4f9dbd855f93c30fd16f3da3c891f2b4fd6
2019_06_DET_GB,2019,6,GNB00,outdoors,0,2019-10-15T00:00,5.1,0.0,5.7,b0d28beb8e99b8e500d07f653b106acbae839e1ca8fe56ec16da7c3d4f13bd18
2019_07_KC_DEN,2019,7,DEN00,outdoors,0,2019-10-18T00:00,4.0,0.0,21.9,6c99708e455926ff5954d21238ef0c14fa7ff8287d96b37d305c2edc9f147c0c
2019_07_LA_ATL,2019,7,ATL97,open,0,2019-10-20T17:00,10.2,0.0,19.8,9e40615347debf8f99ffea4a9840896f58e0470de8f8fb57690d22bbd5ec1cea
2019_07_MIA_BUF,2019,7,BUF00,outdoors,0,2019-10-20T17:00,4.3,0.0,18.3,871cec873e1ecb8496fa15108eb52898462a053cd09ec21861c2e9df699db8d8
2019_07_JAX_CIN,2019,7,CIN00,outdoors,0,2019-10-20T17:00,0.4,0.0,22.5,3bca6de984980bc1fea0ec8cd3045f89cfb70a2c20fd5df8567c76d2a61fc560
2019_07_MIN_DET,2019,7,DET00,dome,1,2019-10-20T17:00,,,,
2019_07_OAK_GB,2019,7,GNB00,outdoors,0,2019-10-20T17:00,3.2,0.0,13.0,b0d28beb8e99b8e500d07f653b106acbae839e1ca8fe56ec16da7c3d4f13bd18
2019_07_HOU_IND,2019,7,IND00,open,0,2019-10-20T17:00,1.8,0.0,19.5,d9838279af40fcefdc5c9880b5e5e38d7133ea3cd7880604a49995b9f11396b9
2019_07_ARI_NYG,2019,7,NYC01,outdoors,0,2019-10-20T17:00,2.6,0.0,13.8,93156d7f362cb81d5a9fba028ed30b7d89ceacbe73c98b6fc19d48854b37bd79
2019_07_SF_WAS,2019,7,WAS00,outdoors,0,2019-10-20T17:00,12.7,2.5,13.9,9e9c035d7101fdec97aa5f03bbc4ae46180d68a4cf7dc4ea197555eeecf86491
2019_07_LAC_TEN,2019,7,NAS00,outdoors,0,2019-10-20T20:00,3.1,0.0,23.2,c4b436651fa3fbfaa9aea9f7e0fb12aff6bd1731056732707f4884af5af2fee0
2019_07_NO_CHI,2019,7,CHI98,outdoors,0,2019-10-20T20:00,7.6,0.0,14.8,8389c48d9c9fdccda8ffd6ff836d19e3cf6ab50093563ae466ce12b4efd74767
2019_07_BAL_SEA,2019,7,SEA00,outdoors,0,2019-10-20T20:00,10.4,0.4,10.6,dfcea12c035d092d1dd1668a34e0b96bc8910eef360510c5a4d2c62f71b13025
2019_07_PHI_DAL,2019,7,DAL00,closed,1,2019-10-21T00:00,,,,
2019_07_NE_NYJ,2019,7,NYC01,outdoors,0,2019-10-22T00:00,4.9,0.0,14.5,93156d7f362cb81d5a9fba028ed30b7d89ceacbe73c98b6fc19d48854b37bd79
2019_08_WAS_MIN,2019,8,MIN01,dome,1,2019-10-25T00:00,,,,
2019_08_SEA_ATL,2019,8,ATL97,open,0,2019-10-27T17:00,7.5,0.0,19.0,9e40615347debf8f99ffea4a9840896f58e0470de8f8fb57690d22bbd5ec1cea
2019_08_PHI_BUF,2019,8,BUF00,outdoors,0,2019-10-27T17:00,19.1,0.0,14.3,871cec873e1ecb8496fa15108eb52898462a053cd09ec21861c2e9df699db8d8
2019_08_LAC_CHI,2019,8,CHI98,outdoors,0,2019-10-27T17:00,5.5,0.0,11.1,8389c48d9c9fdccda8ffd6ff836d19e3cf6ab50093563ae466ce12b4efd74767
2019_08_NYG_DET,2019,8,DET00,dome,1,2019-10-27T17:00,,,,
2019_08_DEN_IND,2019,8,IND00,open,0,2019-10-27T17:00,8.5,0.0,14.1,d9838279af40fcefdc5c9880b5e5e38d7133ea3cd7880604a49995b9f11396b9
2019_08_NYJ_JAX,2019,8,JAX00,outdoors,0,2019-10-27T17:00,7.3,0.1,29.4,3a9f161561e39ccc8001c4302235c8af70599ac8fbc6cd38ff349a94d49211c3
2019_08_CIN_LA,2019,8,LON00,outdoors,0,2019-10-27T17:00,4.2,0.0,8.0,6dc5e1fd8f42b307222e28847c6e943d506cfeb2cf2d2bc7228cf4186fd30c4b
2019_08_ARI_NO,2019,8,NOR00,dome,1,2019-10-27T17:00,,,,
2019_08_TB_TEN,2019,8,NAS00,outdoors,0,2019-10-27T17:00,0.9,0.0,17.0,c4b436651fa3fbfaa9aea9f7e0fb12aff6bd1731056732707f4884af5af2fee0
2019_08_CAR_SF,2019,8,SFO01,outdoors,0,2019-10-27T20:00,16.6,0.0,19.3,3f69bcc6aa946912be164e6f4a32362f57c75cd557cc9a494bf23ef32d007aac
2019_08_OAK_HOU,2019,8,HOU00,closed,1,2019-10-27T20:00,,,,
2019_08_CLE_NE,2019,8,BOS00,outdoors,0,2019-10-27T20:00,11.9,4.3,10.3,2ebd7b7b4365d60964f4fd2390b861fef9c92761e8eda11a6bbf9f306ba25099
2019_08_GB_KC,2019,8,KAN00,outdoors,0,2019-10-28T00:00,10.6,0.0,12.0,71b298315ee63a515eee0887d674c11032c01918aa1007771d4ed3d0ead60195
2019_08_MIA_PIT,2019,8,PIT00,outdoors,0,2019-10-29T00:00,5.4,0.0,15.2,603385670475d98ffe84cca64f021fea22a751e2e2232f0b12dfdcd8802872b7
2019_09_SF_ARI,2019,9,PHO00,closed,1,2019-11-01T00:00,,,,
2019_09_HOU_JAX,2019,9,LON00,outdoors,0,2019-11-03T14:00,6.7,0.0,11.6,6dc5e1fd8f42b307222e28847c6e943d506cfeb2cf2d2bc7228cf4186fd30c4b
2019_09_WAS_BUF,2019,9,BUF00,outdoors,0,2019-11-03T18:00,14.9,0.0,4.7,871cec873e1ecb8496fa15108eb52898462a053cd09ec21861c2e9df699db8d8
2019_09_TEN_CAR,2019,9,CAR00,outdoors,0,2019-11-03T18:00,1.6,0.0,13.8,3af49fa52463103b45252d72a2f12136055565e4a5a1ece116ebeba1179c259e
2019_09_MIN_KC,2019,9,KAN00,outdoors,0,2019-11-03T18:00,12.0,0.0,14.3,71b298315ee63a515eee0887d674c11032c01918aa1007771d4ed3d0ead60195
2019_09_NYJ_MIA,2019,9,MIA00,outdoors,0,2019-11-03T18:00,8.3,0.4,26.7,46ed1bb19f5fe50a5115788631da243d05d6c1e6a165f66e4fa3e8b3ab14681f
2019_09_CHI_PHI,2019,9,PHI00,outdoors,0,2019-11-03T18:00,10.1,0.0,11.9,44b7fc8deca9d0d34b3ca04b6c57fc28792ff0a889c24a0f016d0aabe02c04a2
2019_09_IND_PIT,2019,9,PIT00,outdoors,0,2019-11-03T18:00,8.3,0.0,9.0,603385670475d98ffe84cca64f021fea22a751e2e2232f0b12dfdcd8802872b7
2019_09_DET_OAK,2019,9,OAK00,outdoors,0,2019-11-03T21:00,2.8,0.0,22.7,b08776e272af3435c39d6763177dd2337a55d4b64ede2ab89b7f746e2623b271
2019_09_TB_SEA,2019,9,SEA00,outdoors,0,2019-11-03T21:00,2.6,0.0,11.7,dfcea12c035d092d1dd1668a34e0b96bc8910eef360510c5a4d2c62f71b13025
2019_09_CLE_DEN,2019,9,DEN00,outdoors,0,2019-11-03T21:00,5.9,0.0,9.9,6c99708e455926ff5954d21238ef0c14fa7ff8287d96b37d305c2edc9f147c0c
2019_09_GB_LAC,2019,9,LAX97,outdoors,0,2019-11-03T21:00,7.3,0.0,22.4,78c5376315866fa2e28a8c831bbbf4f9dbd855f93c30fd16f3da3c891f2b4fd6
2019_09_NE_BAL,2019,9,BAL00,outdoors,0,2019-11-04T01:00,4.0,0.0,7.4,ce753559a48c6b4cea173c8020018c9334737b00a49b385e46c599760a4a90c9
2019_09_DAL_NYG,2019,9,NYC01,outdoors,0,2019-11-05T01:00,7.6,0.0,11.8,93156d7f362cb81d5a9fba028ed30b7d89ceacbe73c98b6fc19d48854b37bd79
2019_10_LAC_OAK,2019,10,OAK00,outdoors,0,2019-11-08T01:00,6.9,0.0,16.2,b08776e272af3435c39d6763177dd2337a55d4b64ede2ab89b7f746e2623b271
2019_10_DET_CHI,2019,10,CHI98,outdoors,0,2019-11-10T18:00,9.4,0.0,5.8,8389c48d9c9fdccda8ffd6ff836d19e3cf6ab50093563ae466ce12b4efd74767
2019_10_BAL_CIN,2019,10,CIN00,outdoors,0,2019-11-10T18:00,8.6,0.0,16.0,3bca6de984980bc1fea0ec8cd3045f89cfb70a2c20fd5df8567c76d2a61fc560
2019_10_BUF_CLE,2019,10,CLE00,outdoors,0,2019-11-10T18:00,9.0,0.0,9.7,fcbf0bf12e9f69659ba05fa056d4bdd9765d40db86b13e393007ddff3d335596
2019_10_ATL_NO,2019,10,NOR00,dome,1,2019-11-10T18:00,,,,
2019_10_NYG_NYJ,2019,10,NYC01,outdoors,0,2019-11-10T18:00,7.1,0.0,9.8,93156d7f362cb81d5a9fba028ed30b7d89ceacbe73c98b6fc19d48854b37bd79
2019_10_ARI_TB,2019,10,TAM00,outdoors,0,2019-11-10T18:00,6.4,0.0,25.2,fab6ab49cf404bb971ca0dd26b39cb1350c1f0d73477b52e4eaa409bccaf692f
2019_10_KC_TEN,2019,10,NAS00,outdoors,0,2019-11-10T18:00,9.2,0.0,18.3,c4b436651fa3fbfaa9aea9f7e0fb12aff6bd1731056732707f4884af5af2fee0
2019_10_MIA_IND,2019,10,IND00,closed,1,2019-11-10T21:00,,,,
2019_10_CAR_GB,2019,10,GNB00,outdoors,0,2019-11-10T21:00,6.8,0.0,1.5,b0d28beb8e99b8e500d07f653b106acbae839e1ca8fe56ec16da7c3d4f13bd18
2019_10_LA_PIT,2019,10,PIT00,outdoors,0,2019-11-10T21:00,6.2,0.0,12.6,603385670475d98ffe84cca64f021fea22a751e2e2232f0b12dfdcd8802872b7
2019_10_MIN_DAL,2019,10,DAL00,closed,1,2019-11-11T01:00,,,,
2019_10_SEA_SF,2019,10,SFO01,outdoors,0,2019-11-12T01:00,3.6,0.0,22.4,3f69bcc6aa946912be164e6f4a32362f57c75cd557cc9a494bf23ef32d007aac
2019_11_PIT_CLE,2019,11,CLE00,outdoors,0,2019-11-15T01:00,9.8,0.0,3.6,fcbf0bf12e9f69659ba05fa056d4bdd9765d40db86b13e393007ddff3d335596
2019_11_HOU_BAL,2019,11,BAL00,outdoors,0,2019-11-17T18:00,11.9,0.0,6.4,ce753559a48c6b4cea173c8020018c9334737b00a49b385e46c599760a4a90c9
2019_11_ATL_CAR,2019,11,CAR00,outdoors,0,2019-11-17T18:00,8.4,0.0,11.5,3af49fa52463103b45252d72a2f12136055565e4a5a1ece116ebeba1179c259e
2019_11_DAL_DET,2019,11,DET00,dome,1,2019-11-17T18:00,,,,
2019_11_JAX_IND,2019,11,IND00,closed,1,2019-11-17T18:00,,,,
2019_11_BUF_MIA,2019,11,MIA00,outdoors,0,2019-11-17T18:00,10.4,0.0,19.4,46ed1bb19f5fe50a5115788631da243d05d6c1e6a165f66e4fa3e8b3ab14681f
2019_11_DEN_MIN,2019,11,MIN01,dome,1,2019-11-17T18:00,,,,
2019_11_NO_TB,2019,11,TAM00,outdoors,0,2019-11-17T18:00,6.0,0.0,12.8,fab6ab49cf404bb971ca0dd26b39cb1350c1f0d73477b52e4eaa409bccaf692f
2019_11_NYJ_WAS,2019,11,WAS00,outdoors,0,2019-11-17T18:00,9.0,0.0,6.0,9e9c035d7101fdec97aa5f03bbc4ae46180d68a4cf7dc4ea197555eeecf86491
2019_11_ARI_SF,2019,11,SFO01,outdoors,0,2019-11-17T21:00,4.8,0.0,23.6,3f69bcc6aa946912be164e6f4a32362f57c75cd557cc9a494bf23ef32d007aac
2019_11_CIN_OAK,2019,11,OAK00,outdoors,0,2019-11-17T21:00,6.5,0.0,22.2,b08776e272af3435c39d6763177dd2337a55d4b64ede2ab89b7f746e2623b271
2019_11_NE_PHI,2019,11,PHI00,outdoors,0,2019-11-17T21:00,10.1,0.0,5.7,44b7fc8deca9d0d34b3ca04b6c57fc28792ff0a889c24a0f016d0aabe02c04a2
2019_11_CHI_LA,2019,11,LAX99,outdoors,0,2019-11-18T01:00,5.1,0.0,27.0,4825cf7994123f8668e0dd515bf27b9df77f6ce2551e360ca0656f1fc842b179
2019_11_KC_LAC,2019,11,MEX00,outdoors,0,2019-11-19T01:00,1.1,0.2,17.5,add3dad2086cf55666b123ec1453ef9d35c0ae6bc8338b7493c8da4ceb1fc592
2019_12_IND_HOU,2019,12,HOU00,closed,1,2019-11-22T01:00,,,,
2019_12_TB_ATL,2019,12,ATL97,closed,1,2019-11-24T18:00,,,,
2019_12_DEN_BUF,2019,12,BUF00,outdoors,0,2019-11-24T18:00,14.8,0.0,4.5,871cec873e1ecb8496fa15108eb52898462a053cd09ec21861c2e9df699db8d8
2019_12_NYG_CHI,2019,12,CHI98,outdoors,0,2019-11-24T18:00,11.4,0.0,8.5,8389c48d9c9fdccda8ffd6ff836d19e3cf6ab50093563ae466ce12b4efd74767
2019_12_PIT_CIN,2019,12,CIN00,outdoors,0,2019-11-24T18:00,11.5,0.0,7.9,3bca6de984980bc1fea0ec8cd3045f89cfb70a2c20fd5df8567c76d2a61fc560
2019_12_MIA_CLE,2019,12,CLE00,outdoors,0,2019-11-24T18:00,15.2,0.0,4.5,fcbf0bf12e9f69659ba05fa056d4bdd9765d40db86b13e393007ddff3d335596
2019_12_CAR_NO,2019,12,NOR00,dome,1,2019-11-24T18:00,,,,
2019_12_OAK_NYJ,2019,12,NYC01,outdoors,0,2019-11-24T18:00,15.1,0.6,6.0,93156d7f362cb81d5a9fba028ed30b7d89ceacbe73c98b6fc19d48854b37bd79
2019_12_SEA_PHI,2019,12,PHI00,outdoors,0,2019-11-24T18:00,14.8,0.7,5.1,44b7fc8deca9d0d34b3ca04b6c57fc28792ff0a889c24a0f016d0aabe02c04a2
2019_12_DET_WAS,2019,12,WAS00,outdoors,0,2019-11-24T18:00,14.7,0.0,10.2,9e9c035d7101fdec97aa5f03bbc4ae46180d68a4cf7dc4ea197555eeecf86491
2019_12_JAX_TEN,2019,12,NAS00,outdoors,0,2019-11-24T21:00,5.9,0.0,11.9,c4b436651fa3fbfaa9aea9f7e0fb12aff6bd1731056732707f4884af5af2fee0
2019_12_DAL_NE,2019,12,BOS00,outdoors,0,2019-11-24T21:00,13.9,2.8,6.4,2ebd7b7b4365d60964f4fd2390b861fef9c92761e8eda11a6bbf9f306ba25099
2019_12_GB_SF,2019,12,SFO01,outdoors,0,2019-11-25T01:00,3.8,0.0,19.9,3f69bcc6aa946912be164e6f4a32362f57c75cd557cc9a494bf23ef32d007aac
2019_12_BAL_LA,2019,12,LAX99,outdoors,0,2019-11-26T01:00,5.1,0.0,18.4,4825cf7994123f8668e0dd515bf27b9df77f6ce2551e360ca0656f1fc842b179
2019_13_CHI_DET,2019,13,DET00,dome,1,2019-11-28T17:00,,,,
2019_13_BUF_DAL,2019,13,DAL00,closed,1,2019-11-28T21:00,,,,
2019_13_NO_ATL,2019,13,ATL97,closed,1,2019-11-29T01:00,,,,
2019_13_SF_BAL,2019,13,BAL00,outdoors,0,2019-12-01T18:00,14.6,2.6,7.4,ce753559a48c6b4cea173c8020018c9334737b00a49b385e46c599760a4a90c9
2019_13_WAS_CAR,2019,13,CAR00,outdoors,0,2019-12-01T18:00,12.5,0.0,15.9,3af49fa52463103b45252d72a2f12136055565e4a5a1ece116ebeba1179c259e
2019_13_NYJ_CIN,2019,13,CIN00,outdoors,0,2019-12-01T18:00,13.0,0.0,9.1,3bca6de984980bc1fea0ec8cd3045f89cfb70a2c20fd5df8567c76d2a61fc560
2019_13_TEN_IND,2019,13,IND00,closed,1,2019-12-01T18:00,,,,
2019_13_TB_JAX,2019,13,JAX00,outdoors,0,2019-12-01T18:00,17.4,0.0,26.6,3a9f161561e39ccc8001c4302235c8af70599ac8fbc6cd38ff349a94d49211c3
2019_13_PHI_MIA,2019,13,MIA00,outdoors,0,2019-12-01T18:00,12.1,0.0,26.8,46ed1bb19f5fe50a5115788631da243d05d6c1e6a165f66e4fa3e8b3ab14681f
2019_13_GB_NYG,2019,13,NYC01,outdoors,0,2019-12-01T18:00,10.2,1.7,0.3,93156d7f362cb81d5a9fba028ed30b7d89ceacbe73c98b6fc19d48854b37bd79
2019_13_CLE_PIT,2019,13,PIT00,outdoors,0,2019-12-01T18:00,9.4,0.2,9.3,603385670475d98ffe84cca64f021fea22a751e2e2232f0b12dfdcd8802872b7
2019_13_LA_ARI,2019,13,PHO00,closed,1,2019-12-01T21:00,,,,
2019_13_LAC_DEN,2019,13,DEN00,outdoors,0,2019-12-01T21:00,4.7,0.0,3.6,6c99708e455926ff5954d21238ef0c14fa7ff8287d96b37d305c2edc9f147c0c
2019_13_OAK_KC,2019,13,KAN00,outdoors,0,2019-12-01T21:00,17.9,0.0,2.0,71b298315ee63a515eee0887d674c11032c01918aa1007771d4ed3d0ead60195
2019_13_NE_HOU,2019,13,HOU00,closed,1,2019-12-02T01:00,,,,
2019_13_MIN_SEA,2019,13,SEA00,outdoors,0,2019-12-03T01:00,1.4,0.0,8.2,dfcea12c035d092d1dd1668a34e0b96bc8910eef360510c5a4d2c62f71b13025
2019_14_DAL_CHI,2019,14,CHI98,outdoors,0,2019-12-06T01:00,9.6,0.0,5.9,8389c48d9c9fdccda8ffd6ff836d19e3cf6ab50093563ae466ce12b4efd74767
2019_14_CAR_ATL,2019,14,ATL97,closed,1,2019-12-08T18:00,,,,
2019_14_BAL_BUF,2019,14,BUF00,outdoors,0,2019-12-08T18:00,14.9,0.0,5.5,871cec873e1ecb8496fa15108eb52898462a053cd09ec21861c2e9df699db8d8
2019_14_CIN_CLE,2019,14,CLE00,outdoors,0,2019-12-08T18:00,15.0,0.0,8.4,fcbf0bf12e9f69659ba05fa056d4bdd9765d40db86b13e393007ddff3d335596
2019_14_WAS_GB,2019,14,GNB00,outdoors,0,2019-12-08T18:00,8.8,0.0,3.7,b0d28beb8e99b8e500d07f653b106acbae839e1ca8fe56ec16da7c3d4f13bd18
2019_14_DEN_HOU,2019,14,HOU00,closed,1,2019-12-08T18:00,,,,
2019_14_DET_MIN,2019,14,MIN01,dome,1,2019-12-08T18:00,,,,
2019_14_SF_NO,2019,14,NOR00,dome,1,2019-12-08T18:00,,,,
2019_14_MIA_NYJ,2019,14,NYC01,outdoors,0,2019-12-08T18:00,8.3,0.0,3.9,93156d7f362cb81d5a9fba028ed30b7d89ceacbe73c98b6fc19d48854b37bd79
2019_14_IND_TB,2019,14,TAM00,outdoors,0,2019-12-08T18:00,7.1,0.0,26.2,fab6ab49cf404bb971ca0dd26b39cb1350c1f0d73477b52e4eaa409bccaf692f
2019_14_LAC_JAX,2019,14,JAX00,outdoors,0,2019-12-08T21:00,9.0,0.0,21.9,3a9f161561e39ccc8001c4302235c8af70599ac8fbc6cd38ff349a94d49211c3
2019_14_PIT_ARI,2019,14,PHO00,closed,1,2019-12-08T21:00,,,,
2019_14_KC_NE,2019,14,BOS00,outdoors,0,2019-12-08T21:00,7.9,0.0,1.1,2ebd7b7b4365d60964f4fd2390b861fef9c92761e8eda11a6bbf9f306ba25099
2019_14_TEN_OAK,2019,14,OAK00,outdoors,0,2019-12-08T21:00,3.7,0.1,16.1,b08776e272af3435c39d6763177dd2337a55d4b64ede2ab89b7f746e2623b271
2019_14_SEA_LA,2019,14,LAX99,outdoors,0,2019-12-09T01:00,4.2,0.0,16.4,4825cf7994123f8668e0dd515bf27b9df77f6ce2551e360ca0656f1fc842b179
2019_14_NYG_PHI,2019,14,PHI00,outdoors,0,2019-12-10T01:00,15.5,0.9,11.6,44b7fc8deca9d0d34b3ca04b6c57fc28792ff0a889c24a0f016d0aabe02c04a2
2019_15_NYJ_BAL,2019,15,BAL00,outdoors,0,2019-12-13T01:00,7.1,0.0,1.3,ce753559a48c6b4cea173c8020018c9334737b00a49b385e46c599760a4a90c9
2019_15_SEA_CAR,2019,15,CAR00,outdoors,0,2019-12-15T18:00,5.8,0.0,14.4,3af49fa52463103b45252d72a2f12136055565e4a5a1ece116ebeba1179c259e
2019_15_NE_CIN,2019,15,CIN00,outdoors,0,2019-12-15T18:00,2.0,0.0,2.9,3bca6de984980bc1fea0ec8cd3045f89cfb70a2c20fd5df8567c76d2a61fc560
2019_15_TB_DET,2019,15,DET00,dome,1,2019-12-15T18:00,,,,
2019_15_CHI_GB,2019,15,GNB00,outdoors,0,2019-12-15T18:00,5.7,0.0,-8.8,b0d28beb8e99b8e500d07f653b106acbae839e1ca8fe56ec16da7c3d4f13bd18
2019_15_DEN_KC,2019,15,KAN00,outdoors,0,2019-12-15T18:00,8.2,0.5,-3.9,71b298315ee63a515eee0887d674c11032c01918aa1007771d4ed3d0ead60195
2019_15_MIA_NYG,2019,15,NYC01,outdoors,0,2019-12-15T18:00,16.1,0.0,8.2,93156d7f362cb81d5a9fba028ed30b7d89ceacbe73c98b6fc19d48854b37bd79
2019_15_HOU_TEN,2019,15,NAS00,outdoors,0,2019-12-15T18:00,3.1,0.0,8.5,c4b436651fa3fbfaa9aea9f7e0fb12aff6bd1731056732707f4884af5af2fee0
2019_15_PHI_WAS,2019,15,WAS00,outdoors,0,2019-12-15T18:00,12.5,0.0,11.0,9e9c035d7101fdec97aa5f03bbc4ae46180d68a4cf7dc4ea197555eeecf86491
2019_15_CLE_ARI,2019,15,PHO00,closed,1,2019-12-15T21:00,,,,
2019_15_MIN_LAC,2019,15,LAX97,outdoors,0,2019-12-15T21:00,15.5,0.0,16.6,78c5376315866fa2e28a8c831bbbf4f9dbd855f93c30fd16f3da3c891f2b4fd6
2019_15_JAX_OAK,2019,15,OAK00,outdoors,0,2019-12-15T21:00,8.4,0.0,14.0,b08776e272af3435c39d6763177dd2337a55d4b64ede2ab89b7f746e2623b271
2019_15_LA_DAL,2019,15,DAL00,closed,1,2019-12-15T21:00,,,,
2019_15_ATL_SF,2019,15,SFO01,outdoors,0,2019-12-15T21:00,7.9,0.0,13.8,3f69bcc6aa946912be164e6f4a32362f57c75cd557cc9a494bf23ef32d007aac
2019_15_BUF_PIT,2019,15,PIT00,outdoors,0,2019-12-16T01:00,3.6,0.0,-0.2,603385670475d98ffe84cca64f021fea22a751e2e2232f0b12dfdcd8802872b7
2019_15_IND_NO,2019,15,NOR00,dome,1,2019-12-17T01:00,,,,
2019_16_HOU_TB,2019,16,TAM00,outdoors,0,2019-12-21T18:00,13.1,0.0,23.6,fab6ab49cf404bb971ca0dd26b39cb1350c1f0d73477b52e4eaa409bccaf692f
2019_16_BUF_NE,2019,16,BOS00,outdoors,0,2019-12-21T21:00,3.5,0.0,-0.3,2ebd7b7b4365d60964f4fd2390b861fef9c92761e8eda11a6bbf9f306ba25099
2019_16_LA_SF,2019,16,SFO01,outdoors,0,2019-12-22T01:00,5.7,0.0,15.0,3f69bcc6aa946912be164e6f4a32362f57c75cd557cc9a494bf23ef32d007aac
2019_16_JAX_ATL,2019,16,ATL97,closed,1,2019-12-22T18:00,,,,
2019_16_BAL_CLE,2019,16,CLE00,outdoors,0,2019-12-22T18:00,9.6,0.0,9.2,fcbf0bf12e9f69659ba05fa056d4bdd9765d40db86b13e393007ddff3d335596
2019_16_CAR_IND,2019,16,IND00,closed,1,2019-12-22T18:00,,,,
2019_16_CIN_MIA,2019,16,MIA00,outdoors,0,2019-12-22T18:00,15.6,0.3,24.5,46ed1bb19f5fe50a5115788631da243d05d6c1e6a165f66e4fa3e8b3ab14681f
2019_16_PIT_NYJ,2019,16,NYC01,outdoors,0,2019-12-22T18:00,7.1,0.0,5.8,93156d7f362cb81d5a9fba028ed30b7d89ceacbe73c98b6fc19d48854b37bd79
2019_16_NO_TEN,2019,16,NAS00,outdoors,0,2019-12-22T18:00,3.5,0.1,9.9,c4b436651fa3fbfaa9aea9f7e0fb12aff6bd1731056732707f4884af5af2fee0
2019_16_NYG_WAS,2019,16,WAS00,outdoors,0,2019-12-22T18:00,2.3,0.0,7.5,9e9c035d7101fdec97aa5f03bbc4ae46180d68a4cf7dc4ea197555eeecf86491
2019_16_DET_DEN,2019,16,DEN00,outdoors,0,2019-12-22T21:00,3.4,0.0,12.7,6c99708e455926ff5954d21238ef0c14fa7ff8287d96b37d305c2edc9f147c0c
2019_16_OAK_LAC,2019,16,LAX97,outdoors,0,2019-12-22T21:00,11.2,0.0,17.6,78c5376315866fa2e28a8c831bbbf4f9dbd855f93c30fd16f3da3c891f2b4fd6
2019_16_DAL_PHI,2019,16,PHI00,outdoors,0,2019-12-22T21:00,5.6,0.0,8.1,44b7fc8deca9d0d34b3ca04b6c57fc28792ff0a889c24a0f016d0aabe02c04a2
2019_16_ARI_SEA,2019,16,SEA00,outdoors,0,2019-12-22T21:00,6.4,0.0,7.3,dfcea12c035d092d1dd1668a34e0b96bc8910eef360510c5a4d2c62f71b13025
2019_16_KC_CHI,2019,16,CHI98,outdoors,0,2019-12-23T01:00,11.9,0.0,6.0,8389c48d9c9fdccda8ffd6ff836d19e3cf6ab50093563ae466ce12b4efd74767
2019_16_GB_MIN,2019,16,MIN01,dome,1,2019-12-24T01:00,,,,
2019_17_NYJ_BUF,2019,17,BUF00,outdoors,0,2019-12-29T18:00,7.9,1.3,6.2,871cec873e1ecb8496fa15108eb52898462a053cd09ec21861c2e9df699db8d8
2019_17_NO_CAR,2019,17,CAR00,outdoors,0,2019-12-29T18:00,7.9,0.0,20.4,3af49fa52463103b45252d72a2f12136055565e4a5a1ece116ebeba1179c259e
2019_17_CLE_CIN,2019,17,CIN00,outdoors,0,2019-12-29T18:00,7.2,0.8,16.5,3bca6de984980bc1fea0ec8cd3045f89cfb70a2c20fd5df8567c76d2a61fc560
2019_17_GB_DET,2019,17,DET00,dome,1,2019-12-29T18:00,,,,
2019_17_LAC_KC,2019,17,KAN00,outdoors,0,2019-12-29T18:00,13.9,0.0,3.8,71b298315ee63a515eee0887d674c11032c01918aa1007771d4ed3d0ead60195
2019_17_CHI_MIN,2019,17,MIN01,dome,1,2019-12-29T18:00,,,,
2019_17_MIA_NE,2019,17,BOS00,outdoors,0,2019-12-29T18:00,1.1,0.0,6.0,2ebd7b7b4365d60964f4fd2390b861fef9c92761e8eda11a6bbf9f306ba25099
2019_17_ATL_TB,2019,17,TAM00,outdoors,0,2019-12-29T18:00,11.7,0.0,26.8,fab6ab49cf404bb971ca0dd26b39cb1350c1f0d73477b52e4eaa409bccaf692f
2019_17_PIT_BAL,2019,17,BAL00,outdoors,0,2019-12-29T21:00,10.1,3.7,8.6,ce753559a48c6b4cea173c8020018c9334737b00a49b385e46c599760a4a90c9
2019_17_WAS_DAL,2019,17,DAL00,closed,1,2019-12-29T21:00,,,,
2019_17_OAK_DEN,2019,17,DEN00,outdoors,0,2019-12-29T21:00,4.7,0.0,-0.5,6c99708e455926ff5954d21238ef0c14fa7ff8287d96b37d305c2edc9f147c0c
2019_17_TEN_HOU,2019,17,HOU00,closed,1,2019-12-29T21:00,,,,
2019_17_IND_JAX,2019,17,JAX00,outdoors,0,2019-12-29T21:00,7.2,0.2,25.2,3a9f161561e39ccc8001c4302235c8af70599ac8fbc6cd38ff349a94d49211c3
2019_17_ARI_LA,2019,17,LAX99,outdoors,0,2019-12-29T21:00,2.5,0.0,15.6,4825cf7994123f8668e0dd515bf27b9df77f6ce2551e360ca0656f1fc842b179
2019_17_PHI_NYG,2019,17,NYC01,outdoors,0,2019-12-29T21:00,3.4,0.2,4.3,93156d7f362cb81d5a9fba028ed30b7d89ceacbe73c98b6fc19d48854b37bd79
2019_17_SF_SEA,2019,17,SEA00,outdoors,0,2019-12-30T01:00,3.0,0.0,8.9,dfcea12c035d092d1dd1668a34e0b96bc8910eef360510c5a4d2c62f71b13025
2020_01_HOU_KC,2020,1,KAN00,outdoors,0,2020-09-11T00:00,7.4,0.3,13.5,71b298315ee63a515eee0887d674c11032c01918aa1007771d4ed3d0ead60195
2020_01_SEA_ATL,2020,1,ATL97,closed,1,2020-09-13T17:00,,,,
2020_01_CLE_BAL,2020,1,BAL00,outdoors,0,2020-09-13T17:00,5.1,0.0,24.1,ce753559a48c6b4cea173c8020018c9334737b00a49b385e46c599760a4a90c9
2020_01_NYJ_BUF,2020,1,BUF00,outdoors,0,2020-09-13T17:00,13.3,0.4,20.7,871cec873e1ecb8496fa15108eb52898462a053cd09ec21861c2e9df699db8d8
2020_01_LV_CAR,2020,1,CAR00,outdoors,0,2020-09-13T17:00,2.3,0.0,27.9,3af49fa52463103b45252d72a2f12136055565e4a5a1ece116ebeba1179c259e
2020_01_CHI_DET,2020,1,DET00,dome,1,2020-09-13T17:00,,,,
2020_01_IND_JAX,2020,1,JAX00,outdoors,0,2020-09-13T17:00,9.7,1.3,27.7,3a9f161561e39ccc8001c4302235c8af70599ac8fbc6cd38ff349a94d49211c3
2020_01_GB_MIN,2020,1,MIN01,dome,1,2020-09-13T17:00,,,,
2020_01_MIA_NE,2020,1,BOS00,outdoors,0,2020-09-13T17:00,8.1,0.0,21.8,2ebd7b7b4365d60964f4fd2390b861fef9c92761e8eda11a6bbf9f306ba25099
2020_01_PHI_WAS,2020,1,WAS00,outdoors,0,2020-09-13T17:00,4.7,0.0,24.9,9e9c035d7101fdec97aa5f03bbc4ae46180d68a4cf7dc4ea197555eeecf86491
2020_01_LAC_CIN,2020,1,CIN00,outdoors,0,2020-09-13T20:00,3.4,0.0,27.8,3bca6de984980bc1fea0ec8cd3045f89cfb70a2c20fd5df8567c76d2a61fc560
2020_01_TB_NO,2020,1,NOR00,dome,1,2020-09-13T20:00,,,,
2020_01_ARI_SF,2020,1,SFO01,outdoors,0,2020-09-13T20:00,3.4,0.0,23.3,3f69bcc6aa946912be164e6f4a32362f57c75cd557cc9a494bf23ef32d007aac
2020_01_DAL_LA,2020,1,LAX01,dome,1,2020-09-14T00:00,,,,
2020_01_PIT_NYG,2020,1,NYC01,outdoors,0,2020-09-14T23:00,10.4,0.0,21.1,93156d7f362cb81d5a9fba028ed30b7d89ceacbe73c98b6fc19d48854b37bd79
2020_01_TEN_DEN,2020,1,DEN00,outdoors,0,2020-09-15T02:00,4.3,0.0,20.9,6c99708e455926ff5954d21238ef0c14fa7ff8287d96b37d305c2edc9f147c0c
2020_02_CIN_CLE,2020,2,CLE00,outdoors,0,2020-09-18T00:00,7.7,0.0,16.7,fcbf0bf12e9f69659ba05fa056d4bdd9765d40db86b13e393007ddff3d335596
2020_02_NYG_CHI,2020,2,CHI98,outdoors,0,2020-09-20T17:00,8.9,0.0,19.2,8389c48d9c9fdccda8ffd6ff836d19e3cf6ab50093563ae466ce12b4efd74767
2020_02_ATL_DAL,2020,2,DAL00,closed,1,2020-09-20T17:00,,,,
2020_02_DET_GB,2020,2,GNB00,outdoors,0,2020-09-20T17:00,10.4,0.0,19.5,b0d28beb8e99b8e500d07f653b106acbae839e1ca8fe56ec16da7c3d4f13bd18
2020_02_MIN_IND,2020,2,IND00,closed,1,2020-09-20T17:00,,,,
2020_02_BUF_MIA,2020,2,MIA00,outdoors,0,2020-09-20T17:00,4.8,0.0,30.5,46ed1bb19f5fe50a5115788631da243d05d6c1e6a165f66e4fa3e8b3ab14681f
2020_02_SF_NYJ,2020,2,NYC01,outdoors,0,2020-09-20T17:00,10.6,0.0,16.2,93156d7f362cb81d5a9fba028ed30b7d89ceacbe73c98b6fc19d48854b37bd79
2020_02_LA_PHI,2020,2,PHI00,outdoors,0,2020-09-20T17:00,8.7,0.0,18.1,44b7fc8deca9d0d34b3ca04b6c57fc28792ff0a889c24a0f016d0aabe02c04a2
2020_02_DEN_PIT,2020,2,PIT00,outdoors,0,2020-09-20T17:00,5.9,0.0,18.9,603385670475d98ffe84cca64f021fea22a751e2e2232f0b12dfdcd8802872b7
2020_02_CAR_TB,2020,2,TAM00,outdoors,0,2020-09-20T17:00,17.9,0.0,29.0,fab6ab49cf404bb971ca0dd26b39cb1350c1f0d73477b52e4eaa409bccaf692f
2020_02_JAX_TEN,2020,2,NAS00,outdoors,0,2020-09-20T17:00,5.1,0.0,24.4,c4b436651fa3fbfaa9aea9f7e0fb12aff6bd1731056732707f4884af5af2fee0
2020_02_WAS_ARI,2020,2,PHO00,closed,1,2020-09-20T20:00,,,,
2020_02_BAL_HOU,2020,2,HOU00,closed,1,2020-09-20T20:00,,,,
2020_02_KC_LAC,2020,2,LAX01,dome,1,2020-09-20T20:00,,,,
2020_02_NE_SEA,2020,2,SEA00,outdoors,0,2020-09-21T00:00,1.1,0.0,21.0,dfcea12c035d092d1dd1668a34e0b96bc8910eef360510c5a4d2c62f71b13025
2020_02_NO_LV,2020,2,VEG00,dome,1,2020-09-22T00:00,,,,
2020_03_MIA_JAX,2020,3,JAX00,outdoors,0,2020-09-25T00:00,7.7,0.0,26.7,3a9f161561e39ccc8001c4302235c8af70599ac8fbc6cd38ff349a94d49211c3
2020_03_CHI_ATL,2020,3,ATL97,closed,1,2020-09-27T17:00,,,,
2020_03_LA_BUF,2020,3,BUF00,outdoors,0,2020-09-27T17:00,12.9,0.0,26.2,871cec873e1ecb8496fa15108eb52898462a053cd09ec21861c2e9df699db8d8
2020_03_WAS_CLE,2020,3,CLE00,outdoors,0,2020-09-27T17:00,13.5,0.0,24.1,fcbf0bf12e9f69659ba05fa056d4bdd9765d40db86b13e393007ddff3d335596
2020_03_TEN_MIN,2020,3,MIN01,dome,1,2020-09-27T17:00,,,,
2020_03_LV_NE,2020,3,BOS00,outdoors,0,2020-09-27T17:00,9.5,0.1,24.2,2ebd7b7b4365d60964f4fd2390b861fef9c92761e8eda11a6bbf9f306ba25099
2020_03_SF_NYG,2020,3,NYC01,outdoors,0,2020-09-27T17:00,4.4,0.0,22.4,93156d7f362cb81d5a9fba028ed30b7d89ceacbe73c98b6fc19d48854b37bd79
2020_03_CIN_PHI,2020,3,PHI00,outdoors,0,2020-09-27T17:00,4.4,0.0,25.2,44b7fc8deca9d0d34b3ca04b6c57fc28792ff0a889c24a0f016d0aabe02c04a2
2020_03_HOU_PIT,2020,3,PIT00,outdoors,0,2020-09-27T17:00,9.0,0.0,25.4,603385670475d98ffe84cca64f021fea22a751e2e2232f0b12dfdcd8802872b7
2020_03_NYJ_IND,2020,3,IND00,closed,1,2020-09-27T20:00,,,,
2020_03_CAR_LAC,2020,3,LAX01,dome,1,2020-09-27T20:00,,,,
2020_03_DET_ARI,2020,3,PHO00,closed,1,2020-09-27T20:00,,,,
2020_03_TB_DEN,2020,3,DEN00,outdoors,0,2020-09-27T20:00,10.0,0.0,11.1,6c99708e455926ff5954d21238ef0c14fa7ff8287d96b37d305c2edc9f147c0c
2020_03_DAL_SEA,2020,3,SEA00,outdoors,0,2020-09-27T20:00,2.5,0.0,17.4,dfcea12c035d092d1dd1668a34e0b96bc8910eef360510c5a4d2c62f71b13025
2020_03_GB_NO,2020,3,NOR00,dome,1,2020-09-28T00:00,,,,
2020_03_KC_BAL,2020,3,BAL00,outdoors,0,2020-09-29T00:00,13.7,0.0,22.8,ce753559a48c6b4cea173c8020018c9334737b00a49b385e46c599760a4a90c9
2020_04_DEN_NYJ,2020,4,NYC01,outdoors,0,2020-10-02T00:00,5.0,0.0,18.5,93156d7f362cb81d5a9fba028ed30b7d89ceacbe73c98b6fc19d48854b37bd79
2020_04_ARI_CAR,2020,4,CAR00,outdoors,0,2020-10-04T17:00,4.4,0.0,19.0,3af49fa52463103b45252d72a2f12136055565e4a5a1ece116ebeba1179c259e
2020_04_JAX_CIN,2020,4,CIN00,outdoors,0,2020-10-04T17:00,6.4,0.0,19.6,3bca6de984980bc1fea0ec8cd3045f89cfb70a2c20fd5df8567c76d2a61fc560
2020_04_CLE_DAL,2020,4,DAL00,closed,1,2020-10-04T17:00,,,,
2020_04_NO_DET,2020,4,DET00,dome,1,2020-10-04T17:00,,,,
2020_04_MIN_HOU,2020,4,HOU00,closed,1,2020-10-04T17:00,,,,
2020_04_SEA_MIA,2020,4,MIA00,outdoors,0,2020-10-04T17:00,11.6,0.1,29.2,46ed1bb19f5fe50a5115788631da243d05d6c1e6a165f66e4fa3e8b3ab14681f
2020_04_LAC_TB,2020,4,TAM00,outdoors,0,2020-10-04T17:00,9.3,1.3,22.9,fab6ab49cf404bb971ca0dd26b39cb1350c1f0d73477b52e4eaa409bccaf692f
2020_04_BAL_WAS,2020,4,WAS00,outdoors,0,2020-10-04T17:00,4.8,0.0,18.9,9e9c035d7101fdec97aa5f03bbc4ae46180d68a4cf7dc4ea197555eeecf86491
2020_04_NYG_LA,2020,4,LAX01,dome,1,2020-10-04T20:00,,,,
2020_04_IND_CHI,2020,4,CHI98,outdoors,0,2020-10-04T20:00,12.0,0.0,11.9,8389c48d9c9fdccda8ffd6ff836d19e3cf6ab50093563ae466ce12b4efd74767
2020_04_BUF_LV,2020,4,VEG00,dome,1,2020-10-04T20:00,,,,
2020_04_PHI_SF,2020,4,SFO01,outdoors,0,2020-10-05T00:00,4.2,0.0,28.7,3f69bcc6aa946912be164e6f4a32362f57c75cd557cc9a494bf23ef32d007aac
2020_04_NE_KC,2020,4,KAN00,outdoors,0,2020-10-05T23:00,12.1,0.0,21.5,71b298315ee63a515eee0887d674c11032c01918aa1007771d4ed3d0ead60195
2020_04_ATL_GB,2020,4,GNB00,outdoors,0,2020-10-06T01:00,14.9,0.0,13.2,b0d28beb8e99b8e500d07f653b106acbae839e1ca8fe56ec16da7c3d4f13bd18
2020_05_TB_CHI,2020,5,CHI98,outdoors,0,2020-10-09T00:00,7.3,0.0,14.2,8389c48d9c9fdccda8ffd6ff836d19e3cf6ab50093563ae466ce12b4efd74767
2020_05_CAR_ATL,2020,5,ATL97,closed,1,2020-10-11T17:00,,,,
2020_05_CIN_BAL,2020,5,BAL00,outdoors,0,2020-10-11T17:00,5.0,0.3,20.7,ce753559a48c6b4cea173c8020018c9334737b00a49b385e46c599760a4a90c9
2020_05_JAX_HOU,2020,5,HOU00,closed,1,2020-10-11T17:00,,,,
2020_05_LV_KC,2020,5,KAN00,outdoors,0,2020-10-11T17:00,11.1,0.0,26.9,71b298315ee63a515eee0887d674c11032c01918aa1007771d4ed3d0ead60195
2020_05_ARI_NYJ,2020,5,NYC01,outdoors,0,2020-10-11T17:00,7.2,0.0,18.0,93156d7f362cb81d5a9fba028ed30b7d89ceacbe73c98b6fc19d48854b37bd79
2020_05_PHI_PIT,2020,5,PIT00,outdoors,0,2020-10-11T17:00,7.1,0.0,22.3,603385670475d98ffe84cca64f021fea22a751e2e2232f0b12dfdcd8802872b7
2020_05_LA_WAS,2020,5,WAS00,outdoors,0,2020-10-11T17:00,3.9,0.4,21.3,9e9c035d7101fdec97aa5f03bbc4ae46180d68a4cf7dc4ea197555eeecf86491
2020_05_MIA_SF,2020,5,SFO01,outdoors,0,2020-10-11T20:00,6.7,0.0,25.1,3f69bcc6aa946912be164e6f4a32362f57c75cd557cc9a494bf23ef32d007aac
2020_05_IND_CLE,2020,5,CLE00,outdoors,0,2020-10-11T20:00,11.5,0.0,17.8,fcbf0bf12e9f69659ba05fa056d4bdd9765d40db86b13e393007ddff3d335596
2020_05_NYG_DAL,2020,5,DAL00,closed,1,2020-10-11T20:00,,,,
2020_05_MIN_SEA,2020,5,SEA00,outdoors,0,2020-10-12T00:00,15.9,2.8,14.0,dfcea12c035d092d1dd1668a34e0b96bc8910eef360510c5a4d2c62f71b13025
2020_05_LAC_NO,2020,5,NOR00,dome,1,2020-10-13T00:00,,,,
2020_05_BUF_TEN,2020,5,NAS00,outdoors,0,2020-10-13T23:00,3.0,0.0,18.6,c4b436651fa3fbfaa9aea9f7e0fb12aff6bd1731056732707f4884af5af2fee0
2020_06_CHI_CAR,2020,6,CAR00,outdoors,0,2020-10-18T17:00,3.0,0.0,17.3,3af49fa52463103b45252d72a2f12136055565e4a5a1ece116ebeba1179c259e
2020_06_CIN_IND,2020,6,IND00,closed,1,2020-10-18T17:00,,,,
2020_06_DET_JAX,2020,6,JAX00,outdoors,0,2020-10-18T17:00,13.1,0.3,28.3,3a9f161561e39ccc8001c4302235c8af70599ac8fbc6cd38ff349a94d49211c3
2020_06_ATL_MIN,2020,6,MIN01,dome,1,2020-10-18T17:00,,,,
2020_06_DEN_NE,2020,6,BOS00,outdoors,0,2020-10-18T17:00,5.8,0.0,15.6,2ebd7b7b4365d60964f4fd2390b861fef9c92761e8eda11a6bbf9f306ba25099
2020_06_WAS_NYG,2020,6,NYC01,outdoors,0,2020-10-18T17:00,10.4,0.0,17.0,93156d7f362cb81d5a9fba028ed30b7d89ceacbe73c98b6fc19d48854b37bd79
2020_06_BAL_PHI,2020,6,PHI00,outdoors,0,2020-10-18T17:00,8.1,0.0,18.5,44b7fc8deca9d0d34b3ca04b6c57fc28792ff0a889c24a0f016d0aabe02c04a2
2020_06_CLE_PIT,2020,6,PIT00,outdoors,0,2020-10-18T17:00,9.9,0.0,16.5,603385670475d98ffe84cca64f021fea22a751e2e2232f0b12dfdcd8802872b7
2020_06_HOU_TEN,2020,6,NAS00,outdoors,0,2020-10-18T17:00,5.8,0.5,16.7,c4b436651fa3fbfaa9aea9f7e0fb12aff6bd1731056732707f4884af5af2fee0
2020_06_NYJ_MIA,2020,6,MIA00,outdoors,0,2020-10-18T20:00,15.5,2.7,28.4,46ed1bb19f5fe50a5115788631da243d05d6c1e6a165f66e4fa3e8b3ab14681f
2020_06_GB_TB,2020,6,TAM00,outdoors,0,2020-10-18T20:00,14.0,0.0,28.9,fab6ab49cf404bb971ca0dd26b39cb1350c1f0d73477b52e4eaa409bccaf692f
2020_06_LA_SF,2020,6,SFO01,outdoors,0,2020-10-19T00:00,5.4,0.0,31.0,3f69bcc6aa946912be164e6f4a32362f57c75cd557cc9a494bf23ef32d007aac
2020_06_KC_BUF,2020,6,BUF00,outdoors,0,2020-10-19T21:00,4.2,0.1,10.6,871cec873e1ecb8496fa15108eb52898462a053cd09ec21861c2e9df699db8d8
2020_06_ARI_DAL,2020,6,DAL00,closed,1,2020-10-20T00:00,,,,
2020_07_NYG_PHI,2020,7,PHI00,outdoors,0,2020-10-23T00:00,3.7,0.0,20.3,44b7fc8deca9d0d34b3ca04b6c57fc28792ff0a889c24a0f016d0aabe02c04a2
2020_07_DET_ATL,2020,7,ATL97,closed,1,2020-10-25T17:00,,,,
2020_07_CLE_CIN,2020,7,CIN00,outdoors,0,2020-10-25T17:00,6.0,0.0,10.2,3bca6de984980bc1fea0ec8cd3045f89cfb70a2c20fd5df8567c76d2a61fc560
2020_07_GB_HOU,2020,7,HOU00,closed,1,2020-10-25T17:00,,,,
2020_07_CAR_NO,2020,7,NOR00,dome,1,2020-10-25T17:00,,,,
2020_07_BUF_NYJ,2020,7,NYC01,outdoors,0,2020-10-25T17:00,5.9,0.0,11.1,93156d7f362cb81d5a9fba028ed30b7d89ceacbe73c98b6fc19d48854b37bd79
2020_07_PIT_TEN,2020,7,NAS00,outdoors,0,2020-10-25T17:00,0.9,0.0,15.3,c4b436651fa3fbfaa9aea9f7e0fb12aff6bd1731056732707f4884af5af2fee0
2020_07_DAL_WAS,2020,7,WAS00,outdoors,0,2020-10-25T17:00,7.8,1.3,9.1,9e9c035d7101fdec97aa5f03bbc4ae46180d68a4cf7dc4ea197555eeecf86491
2020_07_TB_LV,2020,7,VEG00,dome,1,2020-10-25T20:00,,,,
2020_07_KC_DEN,2020,7,DEN00,outdoors,0,2020-10-25T20:00,11.5,0.4,-7.5,6c99708e455926ff5954d21238ef0c14fa7ff8287d96b37d305c2edc9f147c0c
2020_07_JAX_LAC,2020,7,LAX01,dome,1,2020-10-25T20:00,,,,
2020_07_SF_NE,2020,7,BOS00,outdoors,0,2020-10-25T20:00,5.6,0.0,9.7,2ebd7b7b4365d60964f4fd2390b861fef9c92761e8eda11a6bbf9f306ba25099
2020_07_SEA_ARI,2020,7,PHO00,closed,1,2020-10-26T00:00,,,,
2020_07_CHI_LA,2020,7,LAX01,dome,1,2020-10-27T00:00,,,,
2020_08_ATL_CAR,2020,8,CAR00,outdoors,0,2020-10-30T00:00,9.7,0.7,23.0,3af49fa52463103b45252d72a2f12136055565e4a5a1ece116ebeba1179c259e
2020_08_PIT_BAL,2020,8,BAL00,outdoors,0,2020-11-01T18:00,10.7,3.4,11.7,ce753559a48c6b4cea173c8020018c9334737b00a49b385e46c599760a4a90c9
2020_08_NE_BUF,2020,8,BUF00,outdoors,0,2020-11-01T18:00,15.7,1.2,6.2,871cec873e1ecb8496fa15108eb52898462a053cd09ec21861c2e9df699db8d8
2020_08_TEN_CIN,2020,8,CIN00,outdoors,0,2020-11-01T18:00,17.4,0.0,11.0,3bca6de984980bc1fea0ec8cd3045f89cfb70a2c20fd5df8567c76d2a61fc560
2020_08_LV_CLE,2020,8,CLE00,outdoors,0,2020-11-01T18:00,25.6,0.1,6.6,fcbf0bf12e9f69659ba05fa056d4bdd9765d40db86b13e393007ddff3d335596
2020_08_IND_DET,2020,8,DET00,dome,1,2020-11-01T18:00,,,,
2020_08_MIN_GB,2020,8,GNB00,outdoors,0,2020-11-01T18:00,23.2,0.0,2.2,b0d28beb8e99b8e500d07f653b106acbae839e1ca8fe56ec16da7c3d4f13bd18
2020_08_NYJ_KC,2020,8,KAN00,outdoors,0,2020-11-01T18:00,9.5,0.0,9.8,71b298315ee63a515eee0887d674c11032c01918aa1007771d4ed3d0ead60195
2020_08_LA_MIA,2020,8,MIA00,outdoors,0,2020-11-01T18:00,6.7,0.4,27.8,46ed1bb19f5fe50a5115788631da243d05d6c1e6a165f66e4fa3e8b3ab14681f
2020_08_LAC_DEN,2020,8,DEN00,outdoors,0,2020-11-01T21:00,6.7,0.0,21.5,6c99708e455926ff5954d21238ef0c14fa7ff8287d96b37d305c2edc9f147c0c
2020_08_NO_CHI,2020,8,CHI98,outdoors,0,2020-11-01T21:00,21.7,0.0,4.6,8389c48d9c9fdccda8ffd6ff836d19e3cf6ab50093563ae466ce12b4efd74767
2020_08_SF_SEA,2020,8,SEA00,outdoors,0,2020-11-01T21:00,2.9,0.0,14.1,dfcea12c035d092d1dd1668a34e0b96bc8910eef360510c5a4d2c62f71b13025
2020_08_DAL_PHI,2020,8,PHI00,outdoors,0,2020-11-02T01:00,13.0,0.0,10.2,44b7fc8deca9d0d34b3ca04b6c57fc28792ff0a889c24a0f016d0aabe02c04a2
2020_08_TB_NYG,2020,8,NYC01,outdoors,0,2020-11-03T01:00,12.2,0.0,5.7,93156d7f362cb81d5a9fba028ed30b7d89ceacbe73c98b6fc19d48854b37bd79
2020_09_GB_SF,2020,9,SFO01,outdoors,0,2020-11-06T01:00,4.7,0.0,25.5,3f69bcc6aa946912be164e6f4a32362f57c75cd557cc9a494bf23ef32d007aac
2020_09_DEN_ATL,2020,9,ATL97,closed,1,2020-11-08T18:00,,,,
2020_09_SEA_BUF,2020,9,BUF00,outdoors,0,2020-11-08T18:00,4.7,0.0,21.2,871cec873e1ecb8496fa15108eb52898462a053cd09ec21861c2e9df699db8d8
2020_09_BAL_IND,2020,9,IND00,closed,1,2020-11-08T18:00,,,,
2020_09_HOU_JAX,2020,9,JAX00,outdoors,0,2020-11-08T18:00,15.6,0.1,27.4,3a9f161561e39ccc8001c4302235c8af70599ac8fbc6cd38ff349a94d49211c3
2020_09_CAR_KC,2020,9,KAN00,outdoors,0,2020-11-08T18:00,19.2,0.0,22.1,71b298315ee63a515eee0887d674c11032c01918aa1007771d4ed3d0ead60195
2020_09_DET_MIN,2020,9,MIN01,dome,1,2020-11-08T18:00,,,,
2020_09_CHI_TEN,2020,9,NAS00,outdoors,0,2020-11-08T18:00,6.6,0.0,26.7,c4b436651fa3fbfaa9aea9f7e0fb12aff6bd1731056732707f4884af5af2fee0
2020_09_NYG_WAS,2020,9,WAS00,outdoors,0,2020-11-08T18:00,1.4,0.0,22.9,9e9c035d7101fdec97aa5f03bbc4ae46180d68a4cf7dc4ea197555eeecf86491
2020_09_LV_LAC,2020,9,LAX01,dome,1,2020-11-08T21:00,,,,
2020_09_MIA_ARI,2020,9,PHO00,closed,1,2020-11-08T21:00,,,,
2020_09_PIT_DAL,2020,9,DAL00,closed,1,2020-11-08T21:00,,,,
2020_09_NO_TB,2020,9,TAM00,outdoors,0,2020-11-09T01:00,17.0,0.0,24.9,fab6ab49cf404bb971ca0dd26b39cb1350c1f0d73477b52e4eaa409bccaf692f
2020_09_NE_NYJ,2020,9,NYC01,outdoors,0,2020-11-10T01:00,5.2,0.0,14.1,93156d7f362cb81d5a9fba028ed30b7d89ceacbe73c98b6fc19d48854b37bd79
2020_10_IND_TEN,2020,10,NAS00,outdoors,0,2020-11-13T01:00,4.3,0.0,10.6,c4b436651fa3fbfaa9aea9f7e0fb12aff6bd1731056732707f4884af5af2fee0
2020_10_TB_CAR,2020,10,CAR00,outdoors,0,2020-11-15T18:00,13.8,0.0,22.1,3af49fa52463103b45252d72a2f12136055565e4a5a1ece116ebeba1179c259e
2020_10_HOU_CLE,2020,10,CLE00,outdoors,0,2020-11-15T18:00,27.6,1.3,13.0,fcbf0bf12e9f69659ba05fa056d4bdd9765d40db86b13e393007ddff3d335596
2020_10_WAS_DET,2020,10,DET00,dome,1,2020-11-15T18:00,,,,
2020_10_JAX_GB,2020,10,GNB00,outdoors,0,2020-11-15T18:00,21.3,0.3,2.8,b0d28beb8e99b8e500d07f653b106acbae839e1ca8fe56ec16da7c3d4f13bd18
2020_10_PHI_NYG,2020,10,NYC01,outdoors,0,2020-11-15T18:00,16.5,0.0,13.1,93156d7f362cb81d5a9fba028ed30b7d89ceacbe73c98b6fc19d48854b37bd79
2020_10_BUF_ARI,2020,10,PHO00,closed,1,2020-11-15T21:00,,,,
2020_10_DEN_LV,2020,10,VEG00,dome,1,2020-11-15T21:00,,,,
2020_10_LAC_MIA,2020,10,MIA00,outdoors,0,2020-11-15T21:00,5.1,0.0,27.4,46ed1bb19f5fe50a5115788631da243d05d6c1e6a165f66e4fa3e8b3ab14681f
2020_10_SEA_LA,2020,10,LAX01,dome,1,2020-11-15T21:00,,,,
2020_10_SF_NO,2020,10,NOR00,dome,1,2020-11-15T21:00,,,,
2020_10_CIN_PIT,2020,10,PIT00,outdoors,0,2020-11-15T21:00,16.8,0.3,11.1,603385670475d98ffe84cca64f021fea22a751e2e2232f0b12dfdcd8802872b7
2020_10_BAL_NE,2020,10,BOS00,outdoors,0,2020-11-16T01:00,17.4,0.0,12.3,2ebd7b7b4365d60964f4fd2390b861fef9c92761e8eda11a6bbf9f306ba25099
2020_10_MIN_CHI,2020,10,CHI98,outdoors,0,2020-11-17T01:00,16.5,0.0,7.0,8389c48d9c9fdccda8ffd6ff836d19e3cf6ab50093563ae466ce12b4efd74767
2020_11_ARI_SEA,2020,11,SEA00,outdoors,0,2020-11-20T01:00,8.7,0.3,8.9,dfcea12c035d092d1dd1668a34e0b96bc8910eef360510c5a4d2c62f71b13025
2020_11_TEN_BAL,2020,11,BAL00,outdoors,0,2020-11-22T18:00,7.4,0.0,11.9,ce753559a48c6b4cea173c8020018c9334737b00a49b385e46c599760a4a90c9
2020_11_DET_CAR,2020,11,CAR00,outdoors,0,2020-11-22T18:00,2.5,0.0,17.6,3af49fa52463103b45252d72a2f12136055565e4a5a1ece116ebeba1179c259e
2020_11_PHI_CLE,2020,11,CLE00,outdoors,0,2020-11-22T18:00,6.7,1.1,4.6,fcbf0bf12e9f69659ba05fa056d4bdd9765d40db86b13e393007ddff3d335596
2020_11_NE_HOU,2020,11,HOU00,closed,1,2020-11-22T18:00,,,,
2020_11_PIT_JAX,2020,11,JAX00,outdoors,0,2020-11-22T18:00,6.9,0.0,23.1,3a9f161561e39ccc8001c4302235c8af70599ac8fbc6cd38ff349a94d49211c3
2020_11_ATL_NO,2020,11,NOR00,dome,1,2020-11-22T18:00,,,,
2020_11_CIN_WAS,2020,11,WAS00,outdoors,0,2020-11-22T18:00,6.5,0.0,12.8,9e9c035d7101fdec97aa5f03bbc4ae46180d68a4cf7dc4ea197555eeecf86491
2020_11_MIA_DEN,2020,11,DEN00,outdoors,0,2020-11-22T21:00,8.5,0.0,10.3,6c99708e455926ff5954d21238ef0c14fa7ff8287d96b37d305c2edc9f147c0c
2020_11_NYJ_LAC,2020,11,LAX01,dome,1,2020-11-22T21:00,,,,
2020_11_GB_IND,2020,11,IND00,closed,1,2020-11-22T21:00,,,,
2020_11_DAL_MIN,2020,11,MIN01,dome,1,2020-11-22T21:00,,,,
2020_11_KC_LV,2020,11,VEG00,dome,1,2020-11-23T01:00,,,,
2020_11_LA_TB,2020,11,TAM00,outdoors,0,2020-11-24T01:00,4.4,0.0,18.6,fab6ab49cf404bb971ca0dd26b39cb1350c1f0d73477b52e4eaa409bccaf692f
2020_12_HOU_DET,2020,12,DET00,dome,1,2020-11-26T17:00,,,,
2020_12_WAS_DAL,2020,12,DAL00,closed,1,2020-11-26T21:00,,,,
2020_12_LV_ATL,2020,12,ATL97,closed,1,2020-11-29T18:00,,,,
2020_12_LAC_BUF,2020,12,BUF00,outdoors,0,2020-11-29T18:00,11.7,0.0,10.3,871cec873e1ecb8496fa15108eb52898462a053cd09ec21861c2e9df699db8d8
2020_12_NYG_CIN,2020,12,CIN00,outdoors,0,2020-11-29T18:00,4.2,0.0,11.2,3bca6de984980bc1fea0ec8cd3045f89cfb70a2c20fd5df8567c76d2a61fc560
2020_12_TEN_IND,2020,12,IND00,closed,1,2020-11-29T18:00,,,,
2020_12_CLE_JAX,2020,12,JAX00,outdoors,0,2020-11-29T18:00,0.9,0.0,21.0,3a9f161561e39ccc8001c4302235c8af70599ac8fbc6cd38ff349a94d49211c3
2020_12_CAR_MIN,2020,12,MIN01,dome,1,2020-11-29T18:00,,,,
2020_12_ARI_NE,2020,12,BOS00,outdoors,0,2020-11-29T18:00,6.4,0.0,11.7,2ebd7b7b4365d60964f4fd2390b861fef9c92761e8eda11a6bbf9f306ba25099
2020_12_MIA_NYJ,2020,12,NYC01,outdoors,0,2020-11-29T18:00,5.2,0.0,10.9,93156d7f362cb81d5a9fba028ed30b7d89ceacbe73c98b6fc19d48854b37bd79
2020_12_NO_DEN,2020,12,DEN00,outdoors,0,2020-11-29T21:00,4.9,0.0,4.2,6c99708e455926ff5954d21238ef0c14fa7ff8287d96b37d305c2edc9f147c0c
2020_12_SF_LA,2020,12,LAX01,dome,1,2020-11-29T21:00,,,,
2020_12_KC_TB,2020,12,TAM00,outdoors,0,2020-11-29T21:00,5.7,0.0,26.1,fab6ab49cf404bb971ca0dd26b39cb1350c1f0d73477b52e4eaa409bccaf692f
2020_12_CHI_GB,2020,12,GNB00,outdoors,0,2020-11-30T01:00,13.5,0.0,2.2,b0d28beb8e99b8e500d07f653b106acbae839e1ca8fe56ec16da7c3d4f13bd18
2020_12_SEA_PHI,2020,12,PHI00,outdoors,0,2020-12-01T01:00,9.1,0.4,16.9,44b7fc8deca9d0d34b3ca04b6c57fc28792ff0a889c24a0f016d0aabe02c04a2
2020_12_BAL_PIT,2020,12,PIT00,outdoors,0,2020-12-02T20:00,9.9,0.0,3.0,603385670475d98ffe84cca64f021fea22a751e2e2232f0b12dfdcd8802872b7
2020_13_NO_ATL,2020,13,ATL97,closed,1,2020-12-06T18:00,,,,
2020_13_DET_CHI,2020,13,CHI98,outdoors,0,2020-12-06T18:00,2.9,0.0,2.7,8389c48d9c9fdccda8ffd6ff836d19e3cf6ab50093563ae466ce12b4efd74767
2020_13_IND_HOU,2020,13,HOU00,closed,1,2020-12-06T18:00,,,,
2020_13_CIN_MIA,2020,13,MIA00,outdoors,0,2020-12-06T18:00,4.5,0.2,25.4,46ed1bb19f5fe50a5115788631da243d05d6c1e6a165f66e4fa3e8b3ab14681f
2020_13_JAX_MIN,2020,13,MIN01,dome,1,2020-12-06T18:00,,,,
2020_13_LV_NYJ,2020,13,NYC01,outdoors,0,2020-12-06T18:00,15.3,0.0,4.7,93156d7f362cb81d5a9fba028ed30b7d89ceacbe73c98b6fc19d48854b37bd79
2020_13_CLE_TEN,2020,13,NAS00,outdoors,0,2020-12-06T18:00,2.6,0.0,12.4,c4b436651fa3fbfaa9aea9f7e0fb12aff6bd1731056732707f4884af5af2fee0
2020_13_LA_ARI,2020,13,PHO00,closed,1,2020-12-06T21:00,,,,
2020_13_NYG_SEA,2020,13,SEA00,outdoors,0,2020-12-06T21:00,7.6,0.0,9.9,dfcea12c035d092d1dd1668a34e0b96bc8910eef360510c5a4d2c62f71b13025
2020_13_PHI_GB,2020,13,GNB00,outdoors,0,2020-12-06T21:00,6.2,0.0,0.5,b0d28beb8e99b8e500d07f653b106acbae839e1ca8fe56ec16da7c3d4f13bd18
2020_13_NE_LAC,2020,13,LAX01,dome,1,2020-12-06T21:00,,,,
2020_13_DEN_KC,2020,13,KAN00,outdoors,0,2020-12-07T01:00,6.8,0.0,4.3,71b298315ee63a515eee0887d674c11032c01918aa1007771d4ed3d0ead60195
2020_13_WAS_PIT,2020,13,PIT00,outdoors,0,2020-12-07T22:00,7.4,0.0,0.2,603385670475d98ffe84cca64f021fea22a751e2e2232f0b12dfdcd8802872b7
2020_13_BUF_SF,2020,13,PHO00,closed,1,2020-12-08T01:00,,,,
2020_13_DAL_BAL,2020,13,BAL00,outdoors,0,2020-12-09T01:00,12.3,0.0,4.2,ce753559a48c6b4cea173c8020018c9334737b00a49b385e46c599760a4a90c9
2020_14_NE_LA,2020,14,LAX01,dome,1,2020-12-11T01:00,,,,
2020_14_DEN_CAR,2020,14,CAR00,outdoors,0,2020-12-13T18:00,5.0,0.0,18.9,3af49fa52463103b45252d72a2f12136055565e4a5a1ece116ebeba1179c259e
2020_14_HOU_CHI,2020,14,CHI98,outdoors,0,2020-12-13T18:00,2.2,0.0,0.9,8389c48d9c9fdccda8ffd6ff836d19e3cf6ab50093563ae466ce12b4efd74767
2020_14_DAL_CIN,2020,14,CIN00,outdoors,0,2020-12-13T18:00,2.2,0.0,6.9,3bca6de984980bc1fea0ec8cd3045f89cfb70a2c20fd5df8567c76d2a61fc560
2020_14_TEN_JAX,2020,14,JAX00,outdoors,0,2020-12-13T18:00,2.3,0.0,24.1,3a9f161561e39ccc8001c4302235c8af70599ac8fbc6cd38ff349a94d49211c3
2020_14_KC_MIA,2020,14,MIA00,outdoors,0,2020-12-13T18:00,4.9,0.0,26.2,46ed1bb19f5fe50a5115788631da243d05d6c1e6a165f66e4fa3e8b3ab14681f
2020_14_ARI_NYG,2020,14,NYC01,outdoors,0,2020-12-13T18:00,7.6,0.0,14.3,93156d7f362cb81d5a9fba028ed30b7d89ceacbe73c98b6fc19d48854b37bd79
2020_14_MIN_TB,2020,14,TAM00,outdoors,0,2020-12-13T18:00,4.5,0.0,25.8,fab6ab49cf404bb971ca0dd26b39cb1350c1f0d73477b52e4eaa409bccaf692f
2020_14_IND_LV,2020,14,VEG00,dome,1,2020-12-13T21:00,,,,
2020_14_NYJ_SEA,2020,14,SEA00,outdoors,0,2020-12-13T21:00,7.0,0.4,6.0,dfcea12c035d092d1dd1668a34e0b96bc8910eef360510c5a4d2c62f71b13025
2020_14_GB_DET,2020,14,DET00,dome,1,2020-12-13T21:00,,,,
2020_14_ATL_LAC,2020,14,LAX01,dome,1,2020-12-13T21:00,,,,
2020_14_NO_PHI,2020,14,PHI00,outdoors,0,2020-12-13T21:00,7.3,0.0,13.7,44b7fc8deca9d0d34b3ca04b6c57fc28792ff0a889c24a0f016d0aabe02c04a2
2020_14_WAS_SF,2020,14,PHO00,closed,1,2020-12-13T21:00,,,,
2020_14_PIT_BUF,2020,14,BUF00,outdoors,0,2020-12-14T01:00,6.2,0.0,1.6,871cec873e1ecb8496fa15108eb52898462a053cd09ec21861c2e9df699db8d8
2020_14_BAL_CLE,2020,14,CLE00,outdoors,0,2020-12-15T01:00,12.8,0.0,0.7,fcbf0bf12e9f69659ba05fa056d4bdd9765d40db86b13e393007ddff3d335596
2020_15_LAC_LV,2020,15,VEG00,dome,1,2020-12-18T01:00,,,,
2020_15_BUF_DEN,2020,15,DEN00,outdoors,0,2020-12-19T21:00,3.4,0.0,7.6,6c99708e455926ff5954d21238ef0c14fa7ff8287d96b37d305c2edc9f147c0c
2020_15_CAR_GB,2020,15,GNB00,outdoors,0,2020-12-20T01:00,2.6,0.0,0.8,b0d28beb8e99b8e500d07f653b106acbae839e1ca8fe56ec16da7c3d4f13bd18
2020_15_TB_ATL,2020,15,ATL97,closed,1,2020-12-20T18:00,,,,
2020_15_JAX_BAL,2020,15,BAL00,outdoors,0,2020-12-20T18:00,12.2,0.0,5.3,ce753559a48c6b4cea173c8020018c9334737b00a49b385e46c599760a4a90c9
2020_15_SF_DAL,2020,15,DAL00,closed,1,2020-12-20T18:00,,,,
2020_15_HOU_IND,2020,15,IND00,closed,1,2020-12-20T18:00,,,,
2020_15_NE_MIA,2020,15,MIA00,outdoors,0,2020-12-20T18:00,10.1,0.2,25.0,46ed1bb19f5fe50a5115788631da243d05d6c1e6a165f66e4fa3e8b3ab14681f
2020_15_CHI_MIN,2020,15,MIN01,dome,1,2020-12-20T18:00,,,,
2020_15_DET_TEN,2020,15,NAS00,outdoors,0,2020-12-20T18:00,4.5,0.0,8.6,c4b436651fa3fbfaa9aea9f7e0fb12aff6bd1731056732707f4884af5af2fee0
2020_15_SEA_WAS,2020,15,WAS00,outdoors,0,2020-12-20T18:00,9.4,0.0,5.4,9e9c035d7101fdec97aa5f03bbc4ae46180d68a4cf7dc4ea197555eeecf86491
2020_15_PHI_ARI,2020,15,PHO00,closed,1,2020-12-20T21:00,,,,
2020_15_NYJ_LA,2020,15,LAX01,dome,1,2020-12-20T21:00,,,,
2020_15_KC_NO,2020,15,NOR00,dome,1,2020-12-20T21:00,,,,
2020_15_CLE_NYG,2020,15,NYC01,outdoors,0,2020-12-21T01:00,6.0,0.0,1.2,93156d7f362cb81d5a9fba028ed30b7d89ceacbe73c98b6fc19d48854b37bd79
2020_15_PIT_CIN,2020,15,CIN00,outdoors,0,2020-12-22T01:00,10.4,0.0,7.7,3bca6de984980bc1fea0ec8cd3045f89cfb70a2c20fd5df8567c76d2a61fc560
2020_16_MIN_NO,2020,16,NOR00,dome,1,2020-12-25T21:00,,,,
2020_16_TB_DET,2020,16,DET00,dome,1,2020-12-26T18:00,,,,
2020_16_SF_ARI,2020,16,PHO00,closed,1,2020-12-26T21:00,,,,
2020_16_MIA_LV,2020,16,VEG00,dome,1,2020-12-27T01:00,,,,
2020_16_NYG_BAL,2020,16,BAL00,outdoors,0,2020-12-27T18:00,4.1,0.0,2.8,ce753559a48c6b4cea173c8020018c9334737b00a49b385e46c599760a4a90c9
2020_16_CIN_HOU,2020,16,HOU00,closed,1,2020-12-27T18:00,,,,
2020_16_CHI_JAX,2020,16,JAX00,outdoors,0,2020-12-27T18:00,3.9,0.0,15.6,3a9f161561e39ccc8001c4302235c8af70599ac8fbc6cd38ff349a94d49211c3
2020_16_ATL_KC,2020,16,KAN00,outdoors,0,2020-12-27T18:00,9.2,0.0,11.1,71b298315ee63a515eee0887d674c11032c01918aa1007771d4ed3d0ead60195
2020_16_CLE_NYJ,2020,16,NYC01,outdoors,0,2020-12-27T18:00,3.5,0.0,2.4,93156d7f362cb81d5a9fba028ed30b7d89ceacbe73c98b6fc19d48854b37bd79
2020_16_IND_PIT,2020,16,PIT00,outdoors,0,2020-12-27T18:00,6.9,0.0,3.4,603385670475d98ffe84cca64f021fea22a751e2e2232f0b12dfdcd8802872b7
2020_16_DEN_LAC,2020,16,LAX01,dome,1,2020-12-27T21:00,,,,
2020_16_CAR_WAS,2020,16,WAS00,outdoors,0,2020-12-27T21:00,6.3,0.0,4.4,9e9c035d7101fdec97aa5f03bbc4ae46180d68a4cf7dc4ea197555eeecf86491
2020_16_PHI_DAL,2020,16,DAL00,closed,1,2020-12-27T21:00,,,,
2020_16_LA_SEA,2020,16,SEA00,outdoors,0,2020-12-27T21:00,3.5,0.0,8.8,dfcea12c035d092d1dd1668a34e0b96bc8910eef360510c5a4d2c62f71b13025
2020_16_TEN_GB,2020,16,GNB00,outdoors,0,2020-12-28T01:00,12.1,1.0,-1.4,b0d28beb8e99b8e500d07f653b106acbae839e1ca8fe56ec16da7c3d4f13bd18
2020_16_BUF_NE,2020,16,BOS00,outdoors,0,2020-12-29T01:00,7.9,0.0,4.9,2ebd7b7b4365d60964f4fd2390b861fef9c92761e8eda11a6bbf9f306ba25099
2020_17_MIA_BUF,2020,17,BUF00,outdoors,0,2021-01-03T18:00,3.4,0.0,2.5,871cec873e1ecb8496fa15108eb52898462a053cd09ec21861c2e9df699db8d8
2020_17_BAL_CIN,2020,17,CIN00,outdoors,0,2021-01-03T18:00,9.5,0.0,3.6,3bca6de984980bc1fea0ec8cd3045f89cfb70a2c20fd5df8567c76d2a61fc560
2020_17_PIT_CLE,2020,17,CLE00,outdoors,0,2021-01-03T18:00,10.7,0.0,3.7,fcbf0bf12e9f69659ba05fa056d4bdd9765d40db86b13e393007ddff3d335596
2020_17_MIN_DET,2020,17,DET00,dome,1,2021-01-03T18:00,,,,
2020_17_NYJ_NE,2020,17,BOS00,outdoors,0,2021-01-03T18:00,7.2,0.0,1.8,2ebd7b7b4365d60964f4fd2390b861fef9c92761e8eda11a6bbf9f306ba25099
2020_17_DAL_NYG,2020,17,NYC01,outdoors,0,2021-01-03T18:00,9.4,0.3,2.9,93156d7f362cb81d5a9fba028ed30b7d89ceacbe73c98b6fc19d48854b37bd79
2020_17_ATL_TB,2020,17,TAM00,outdoors,0,2021-01-03T18:00,6.4,0.0,18.3,fab6ab49cf404bb971ca0dd26b39cb1350c1f0d73477b52e4eaa409bccaf692f
2020_17_NO_CAR,2020,17,CAR00,outdoors,0,2021-01-03T21:00,4.8,0.0,13.0,3af49fa52463103b45252d72a2f12136055565e4a5a1ece116ebeba1179c259e
2020_17_GB_CHI,2020,17,CHI98,outdoors,0,2021-01-03T21:00,6.7,0.0,0.0,8389c48d9c9fdccda8ffd6ff836d19e3cf6ab50093563ae466ce12b4efd74767
2020_17_LV_DEN,2020,17,DEN00,outdoors,0,2021-01-03T21:00,2.5,0.0,11.5,6c99708e455926ff5954d21238ef0c14fa7ff8287d96b37d305c2edc9f147c0c
2020_17_TEN_HOU,2020,17,HOU00,closed,1,2021-01-03T21:00,,,,
2020_17_JAX_IND,2020,17,IND00,closed,1,2021-01-03T21:00,,,,
2020_17_LAC_KC,2020,17,KAN00,outdoors,0,2021-01-03T21:00,5.0,0.0,5.0,71b298315ee63a515eee0887d674c11032c01918aa1007771d4ed3d0ead60195
2020_17_ARI_LA,2020,17,LAX01,dome,1,2021-01-03T21:00,,,,
2020_17_SEA_SF,2020,17,PHO00,closed,1,2021-01-03T21:00,,,,
2020_17_WAS_PHI,2020,17,PHI00,outdoors,0,2021-01-04T01:00,7.0,0.2,4.1,44b7fc8deca9d0d34b3ca04b6c57fc28792ff0a889c24a0f016d0aabe02c04a2
2021_01_DAL_TB,2021,1,TAM00,outdoors,0,2021-09-10T00:00,5.8,0.0,27.5,fab6ab49cf404bb971ca0dd26b39cb1350c1f0d73477b52e4eaa409bccaf692f
2021_01_PHI_ATL,2021,1,ATL97,open,0,2021-09-12T17:00,2.7,0.0,27.3,9e40615347debf8f99ffea4a9840896f58e0470de8f8fb57690d22bbd5ec1cea
2021_01_PIT_BUF,2021,1,BUF00,outdoors,0,2021-09-12T17:00,12.8,0.0,21.8,871cec873e1ecb8496fa15108eb52898462a053cd09ec21861c2e9df699db8d8
2021_01_NYJ_CAR,2021,1,CAR00,outdoors,0,2021-09-12T17:00,2.8,0.0,28.9,3af49fa52463103b45252d72a2f12136055565e4a5a1ece116ebeba1179c259e
2021_01_MIN_CIN,2021,1,CIN00,outdoors,0,2021-09-12T17:00,11.2,0.0,28.5,3bca6de984980bc1fea0ec8cd3045f89cfb70a2c20fd5df8567c76d2a61fc560
2021_01_SF_DET,2021,1,DET00,dome,1,2021-09-12T17:00,,,,
2021_01_JAX_HOU,2021,1,HOU00,closed,1,2021-09-12T17:00,,,,
2021_01_SEA_IND,2021,1,IND00,closed,1,2021-09-12T17:00,,,,
2021_01_ARI_TEN,2021,1,NAS00,outdoors,0,2021-09-12T17:00,6.8,0.0,28.9,c4b436651fa3fbfaa9aea9f7e0fb12aff6bd1731056732707f4884af5af2fee0
2021_01_LAC_WAS,2021,1,WAS00,outdoors,0,2021-09-12T17:00,8.3,0.0,27.8,9e9c035d7101fdec97aa5f03bbc4ae46180d68a4cf7dc4ea197555eeecf86491
2021_01_CLE_KC,2021,1,KAN00,outdoors,0,2021-09-12T20:00,11.0,0.0,29.3,71b298315ee63a515eee0887d674c11032c01918aa1007771d4ed3d0ead60195
2021_01_MIA_NE,2021,1,BOS00,outdoors,0,2021-09-12T20:00,10.7,0.0,26.6,2ebd7b7b4365d60964f4fd2390b861fef9c92761e8eda11a6bbf9f306ba25099
2021_01_GB_NO,2021,1,JAX00,outdoors,0,2021-09-12T20:00,8.1,0.0,30.2,3a9f161561e39ccc8001c4302235c8af70599ac8fbc6cd38ff349a94d49211c3
2021_01_DEN_NYG,2021,1,NYC01,outdoors,0,2021-09-12T20:00,10.2,0.0,27.8,93156d7f362cb81d5a9fba028ed30b7d89ceacbe73c98b6fc19d48854b37bd79
2021_01_CHI_LA,2021,1,LAX01,dome,1,2021-09-13T00:00,,,,
2021_01_BAL_LV,2021,1,VEG00,dome,1,2021-09-14T00:00,,,,
2021_02_NYG_WAS,2021,2,WAS00,outdoors,0,2021-09-17T00:00,6.3,0.0,23.0,9e9c035d7101fdec97aa5f03bbc4ae46180d68a4cf7dc4ea197555eeecf86491
2021_02_NO_CAR,2021,2,CAR00,outdoors,0,2021-09-19T17:00,6.0,0.0,28.9,3af49fa52463103b45252d72a2f12136055565e4a5a1ece116ebeba1179c259e
2021_02_CIN_CHI,2021,2,CHI98,outdoors,0,2021-09-19T17:00,4.2,0.0,27.5,8389c48d9c9fdccda8ffd6ff836d19e3cf6ab50093563ae466ce12b4efd74767
2021_02_HOU_CLE,2021,2,CLE00,outdoors,0,2021-09-19T17:00,6.7,0.0,25.4,fcbf0bf12e9f69659ba05fa056d4bdd9765d40db86b13e393007ddff3d335596
2021_02_LA_IND,2021,2,IND00,closed,1,2021-09-19T17:00,,,,
2021_02_DEN_JAX,2021,2,JAX00,outdoors,0,2021-09-19T17:00,4.7,0.5,29.6,3a9f161561e39ccc8001c4302235c8af70599ac8fbc6cd38ff349a94d49211c3
2021_02_BUF_MIA,2021,2,MIA00,outdoors,0,2021-09-19T17:00,3.2,0.0,29.3,46ed1bb19f5fe50a5115788631da243d05d6c1e6a165f66e4fa3e8b3ab14681f
2021_02_NE_NYJ,2021,2,NYC01,outdoors,0,2021-09-19T17:00,7.5,0.0,23.8,93156d7f362cb81d5a9fba028ed30b7d89ceacbe73c98b6fc19d48854b37bd79
2021_02_SF_PHI,2021,2,PHI00,outdoors,0,2021-09-19T17:00,6.3,0.0,25.2,44b7fc8deca9d0d34b3ca04b6c57fc28792ff0a889c24a0f016d0aabe02c04a2
2021_02_LV_PIT,2021,2,PIT00,outdoors,0,2021-09-19T17:00,3.8,0.0,26.4,603385670475d98ffe84cca64f021fea22a751e2e2232f0b12dfdcd8802872b7
2021_02_MIN_ARI,2021,2,PHO00,closed,1,2021-09-19T20:00,,,,
2021_02_ATL_TB,2021,2,TAM00,outdoors,0,2021-09-19T20:00,5.4,2.8,29.2,fab6ab49cf404bb971ca0dd26b39cb1350c1f0d73477b52e4eaa409bccaf692f
2021_02_DAL_LAC,2021,2,LAX01,dome,1,2021-09-19T20:00,,,,
2021_02_TEN_SEA,2021,2,SEA00,outdoors,0,2021-09-19T20:00,10.8,1.9,15.6,dfcea12c035d092d1dd1668a34e0b96bc8910eef360510c5a4d2c62f71b13025
2021_02_KC_BAL,2021,2,BAL00,outdoors,0,2021-09-20T00:00,5.2,0.0,22.3,ce753559a48c6b4cea173c8020018c9334737b00a49b385e46c599760a4a90c9
2021_02_DET_GB,2021,2,GNB00,outdoors,0,2021-09-21T00:00,12.4,0.0,23.7,b0d28beb8e99b8e500d07f653b106acbae839e1ca8fe56ec16da7c3d4f13bd18
2021_03_CAR_HOU,2021,3,HOU00,closed,1,2021-09-24T00:00,,,,
2021_03_WAS_BUF,2021,3,BUF00,outdoors,0,2021-09-26T17:00,14.6,0.0,18.9,871cec873e1ecb8496fa15108eb52898462a053cd09ec21861c2e9df699db8d8
2021_03_CHI_CLE,2021,3,CLE00,outdoors,0,2021-09-26T17:00,14.2,0.0,20.9,fcbf0bf12e9f69659ba05fa056d4bdd9765d40db86b13e393007ddff3d335596
2021_03_BAL_DET,2021,3,DET00,dome,1,2021-09-26T17:00,,,,
2021_03_ARI_JAX,2021,3,JAX00,outdoors,0,2021-09-26T17:00,4.6,0.0,28.5,3a9f161561e39ccc8001c4302235c8af70599ac8fbc6cd38ff349a94d49211c3
2021_03_LAC_KC,2021,3,KAN00,outdoors,0,2021-09-26T17:00,15.4,0.0,27.9,71b298315ee63a515eee0887d674c11032c01918aa1007771d4ed3d0ead60195
2021_03_NO_NE,2021,3,BOS00,outdoors,0,2021-09-26T17:00,9.2,0.0,22.9,2ebd7b7b4365d60964f4fd2390b861fef9c92761e8eda11a6bbf9f306ba25099
2021_03_ATL_NYG,2021,3,NYC01,outdoors,0,2021-09-26T17:00,11.4,0.0,21.7,93156d7f362cb81d5a9fba028ed30b7d89ceacbe73c98b6fc19d48854b37bd79
2021_03_CIN_PIT,2021,3,PIT00,outdoors,0,2021-09-26T17:00,9.8,0.0,21.5,603385670475d98ffe84cca64f021fea22a751e2e2232f0b12dfdcd8802872b7
2021_03_IND_TEN,2021,3,NAS00,outdoors,0,2021-09-26T17:00,2.3,0.0,24.2,c4b436651fa3fbfaa9aea9f7e0fb12aff6bd1731056732707f4884af5af2fee0
2021_03_NYJ_DEN,2021,3,DEN00,outdoors,0,2021-09-26T20:00,4.7,0.0,30.4,6c99708e455926ff5954d21238ef0c14fa7ff8287d96b37d305c2edc9f147c0c
2021_03_MIA_LV,2021,3,VEG00,dome,1,2021-09-26T20:00,,,,
2021_03_TB_LA,2021,3,LAX01,dome,1,2021-09-26T20:00,,,,
2021_03_SEA_MIN,2021,3,MIN01,dome,1,2021-09-26T20:00,,,,
2021_03_GB_SF,2021,3,SFO01,outdoors,0,2021-09-27T00:00,5.8,0.0,21.9,3f69bcc6aa946912be164e6f4a32362f57c75cd557cc9a494bf23ef32d007aac
2021_03_PHI_DAL,2021,3,DAL00,open,0,2021-09-28T00:00,5.1,0.0,28.6,ae72dc9d14b0fa0fb65374a552d134417857170458eff8d632150e59ae5bc12b
2021_04_JAX_CIN,2021,4,CIN00,outdoors,0,2021-10-01T00:00,5.2,0.0,21.6,3bca6de984980bc1fea0ec8cd3045f89cfb70a2c20fd5df8567c76d2a61fc560
2021_04_WAS_ATL,2021,4,ATL97,open,0,2021-10-03T17:00,8.7,1.4,22.3,9e40615347debf8f99ffea4a9840896f58e0470de8f8fb57690d22bbd5ec1cea
2021_04_HOU_BUF,2021,4,BUF00,outdoors,0,2021-10-03T17:00,6.7,1.9,18.2,871cec873e1ecb8496fa15108eb52898462a053cd09ec21861c2e9df699db8d8
2021_04_DET_CHI,2021,4,CHI98,outdoors,0,2021-10-03T17:00,3.0,0.5,22.6,8389c48d9c9fdccda8ffd6ff836d19e3cf6ab50093563ae466ce12b4efd74767
2021_04_CAR_DAL,2021,4,DAL00,closed,1,2021-10-03T17:00,,,,
2021_04_IND_MIA,2021,4,MIA00,outdoors,0,2021-10-03T17:00,9.6,0.0,28.5,46ed1bb19f5fe50a5115788631da243d05d6c1e6a165f66e4fa3e8b3ab14681f
2021_04_CLE_MIN,2021,4,MIN01,dome,1,2021-10-03T17:00,,,,
2021_04_NYG_NO,2021,4,NOR00,dome,1,2021-10-03T17:00,,,,
2021_04_TEN_NYJ,2021,4,NYC01,outdoors,0,2021-10-03T17:00,4.2,0.0,22.5,93156d7f362cb81d5a9fba028ed30b7d89ceacbe73c98b6fc19d48854b37bd79
2021_04_KC_PHI,2021,4,PHI00,outdoors,0,2021-10-03T17:00,4.9,0.0,26.5,44b7fc8deca9d0d34b3ca04b6c57fc28792ff0a889c24a0f016d0aabe02c04a2
2021_04_ARI_LA,2021,4,LAX01,dome,1,2021-10-03T20:00,,,,
2021_04_SEA_SF,2021,4,SFO01,outdoors,0,2021-10-03T20:00,3.2,0.0,30.2,3f69bcc6aa946912be164e6f4a32362f57c75cd557cc9a494bf23ef32d007aac
2021_04_BAL_DEN,2021,4,DEN00,outdoors,0,2021-10-03T20:00,1.8,0.0,24.5,6c99708e455926ff5954d21238ef0c14fa7ff8287d96b37d305c2edc9f147c0c
2021_04_PIT_GB,2021,4,GNB00,outdoors,0,2021-10-03T20:00,3.3,2.5,21.7,b0d28beb8e99b8e500d07f653b106acbae839e1ca8fe56ec16da7c3d4f13bd18
2021_04_TB_NE,2021,4,BOS00,outdoors,0,2021-10-04T00:00,7.4,0.9,15.9,2ebd7b7b4365d60964f4fd2390b861fef9c92761e8eda11a6bbf9f306ba25099
2021_04_LV_LAC,2021,4,LAX01,dome,1,2021-10-05T00:00,,,,
2021_05_LA_SEA,2021,5,SEA00,outdoors,0,2021-10-08T00:00,5.1,0.0,13.8,dfcea12c035d092d1dd1668a34e0b96bc8910eef360510c5a4d2c62f71b13025
2021_05_NYJ_ATL,2021,5,LON02,outdoors,0,2021-10-10T13:00,8.2,0.0,16.2,7515f36054f9b875053b991cecc842eb236493a21174b025476ab0c926272467
2021_05_PHI_CAR,2021,5,CAR00,outdoors,0,2021-10-10T17:00,8.0,0.0,23.7,3af49fa52463103b45252d72a2f12136055565e4a5a1ece116ebeba1179c259e
2021_05_GB_CIN,2021,5,CIN00,outdoors,0,2021-10-10T17:00,9.3,0.0,27.6,3bca6de984980bc1fea0ec8cd3045f89cfb70a2c20fd5df8567c76d2a61fc560
2021_05_NE_HOU,2021,5,HOU00,closed,1,2021-10-10T17:00,,,,
2021_05_TEN_JAX,2021,5,JAX00,outdoors,0,2021-10-10T17:00,7.9,0.2,26.8,3a9f161561e39ccc8001c4302235c8af70599ac8fbc6cd38ff349a94d49211c3
2021_05_DET_MIN,2021,5,MIN01,dome,1,2021-10-10T17:00,,,,
2021_05_DEN_PIT,2021,5,PIT00,outdoors,0,2021-10-10T17:00,6.5,0.0,23.2,603385670475d98ffe84cca64f021fea22a751e2e2232f0b12dfdcd8802872b7
2021_05_MIA_TB,2021,5,TAM00,outdoors,0,2021-10-10T17:00,4.8,0.0,29.2,fab6ab49cf404bb971ca0dd26b39cb1350c1f0d73477b52e4eaa409bccaf692f
2021_05_NO_WAS,2021,5,WAS00,outdoors,0,2021-10-10T17:00,10.9,0.0,21.1,9e9c035d7101fdec97aa5f03bbc4ae46180d68a4cf7dc4ea197555eeecf86491
2021_05_CLE_LAC,2021,5,LAX01,dome,1,2021-10-10T20:00,,,,
2021_05_CHI_LV,2021,5,VEG00,dome,1,2021-10-10T20:00,,,,
2021_05_SF_ARI,2021,5,PHO00,closed,1,2021-10-10T20:00,,,,
2021_05_NYG_DAL,2021,5,DAL00,closed,1,2021-10-10T20:00,,,,
2021_05_BUF_KC,2021,5,KAN00,outdoors,0,2021-10-11T00:00,7.6,1.6,20.8,71b298315ee63a515eee0887d674c11032c01918aa1007771d4ed3d0ead60195
2021_05_IND_BAL,2021,5,BAL00,outdoors,0,2021-10-12T00:00,5.6,0.0,20.3,ce753559a48c6b4cea173c8020018c9334737b00a49b385e46c599760a4a90c9
2021_06_TB_PHI,2021,6,PHI00,outdoors,0,2021-10-15T00:00,3.6,0.0,19.7,44b7fc8deca9d0d34b3ca04b6c57fc28792ff0a889c24a0f016d0aabe02c04a2
2021_06_MIA_JAX,2021,6,LON02,outdoors,0,2021-10-17T13:00,8.0,0.0,15.9,7515f36054f9b875053b991cecc842eb236493a21174b025476ab0c926272467
2021_06_LAC_BAL,2021,6,BAL00,outdoors,0,2021-10-17T17:00,16.9,0.0,17.1,ce753559a48c6b4cea173c8020018c9334737b00a49b385e46c599760a4a90c9
2021_06_MIN_CAR,2021,6,CAR00,outdoors,0,2021-10-17T17:00,6.4,0.0,17.7,3af49fa52463103b45252d72a2f12136055565e4a5a1ece116ebeba1179c259e
2021_06_GB_CHI,2021,6,CHI98,outdoors,0,2021-10-17T17:00,6.5,0.0,16.5,8389c48d9c9fdccda8ffd6ff836d19e3cf6ab50093563ae466ce12b4efd74767
2021_06_CIN_DET,2021,6,DET00,dome,1,2021-10-17T17:00,,,,
2021_06_HOU_IND,2021,6,IND00,open,0,2021-10-17T17:00,9.0,0.0,16.9,d9838279af40fcefdc5c9880b5e5e38d7133ea3cd7880604a49995b9f11396b9
2021_06_LA_NYG,2021,6,NYC01,outdoors,0,2021-10-17T17:00,11.1,0.0,16.7,93156d7f362cb81d5a9fba028ed30b7d89ceacbe73c98b6fc19d48854b37bd79
2021_06_KC_WAS,2021,6,WAS00,outdoors,0,2021-10-17T17:00,14.7,0.0,17.5,9e9c035d7101fdec97aa5f03bbc4ae46180d68a4cf7dc4ea197555eeecf86491
2021_06_ARI_CLE,2021,6,CLE00,outdoors,0,2021-10-17T20:00,15.3,0.0,14.2,fcbf0bf12e9f69659ba05fa056d4bdd9765d40db86b13e393007ddff3d335596
2021_06_LV_DEN,2021,6,DEN00,outdoors,0,2021-10-17T20:00,4.4,0.0,22.7,6c99708e455926ff5954d21238ef0c14fa7ff8287d96b37d305c2edc9f147c0c
2021_06_DAL_NE,2021,6,BOS00,outdoors,0,2021-10-17T20:00,8.8,0.0,16.6,2ebd7b7b4365d60964f4fd2390b861fef9c92761e8eda11a6bbf9f306ba25099
2021_06_SEA_PIT,2021,6,PIT00,outdoors,0,2021-10-18T00:00,7.9,0.0,11.5,603385670475d98ffe84cca64f021fea22a751e2e2232f0b12dfdcd8802872b7
2021_06_BUF_TEN,2021,6,NAS00,outdoors,0,2021-10-19T00:00,3.3,0.0,15.8,c4b436651fa3fbfaa9aea9f7e0fb12aff6bd1731056732707f4884af5af2fee0
2021_07_DEN_CLE,2021,7,CLE00,outdoors,0,2021-10-22T00:00,17.5,0.0,13.5,fcbf0bf12e9f69659ba05fa056d4bdd9765d40db86b13e393007ddff3d335596
2021_07_CIN_BAL,2021,7,BAL00,outdoors,0,2021-10-24T17:00,6.9,0.0,15.8,ce753559a48c6b4cea173c8020018c9334737b00a49b385e46c599760a4a90c9
2021_07_WAS_GB,2021,7,GNB00,outdoors,0,2021-10-24T17:00,5.0,0.0,9.9,b0d28beb8e99b8e500d07f653b106acbae839e1ca8fe56ec16da7c3d4f13bd18
2021_07_ATL_MIA,2021,7,MIA00,outdoors,0,2021-10-24T17:00,6.7,0.0,28.1,46ed1bb19f5fe50a5115788631da243d05d6c1e6a165f66e4fa3e8b3ab14681f
2021_07_NYJ_NE,2021,7,BOS00,outdoors,0,2021-10-24T17:00,5.8,0.0,12.9,2ebd7b7b4365d60964f4fd2390b861fef9c92761e8eda11a6bbf9f306ba25099
2021_07_CAR_NYG,2021,7,NYC01,outdoors,0,2021-10-24T17:00,4.9,0.0,14.0,93156d7f362cb81d5a9fba028ed30b7d89ceacbe73c98b6fc19d48854b37bd79
2021_07_KC_TEN,2021,7,NAS00,outdoors,0,2021-10-24T17:00,7.7,0.0,24.6,c4b436651fa3fbfaa9aea9f7e0fb12aff6bd1731056732707f4884af5af2fee0
2021_07_DET_LA,2021,7,LAX01,dome,1,2021-10-24T20:00,,,,
2021_07_PHI_LV,2021,7,VEG00,dome,1,2021-10-24T20:00,,,,
2021_07_HOU_ARI,2021,7,PHO00,closed,1,2021-10-24T20:00,,,,
2021_07_CHI_TB,2021,7,TAM00,outdoors,0,2021-10-24T20:00,2.4,0.3,29.5,fab6ab49cf404bb971ca0dd26b39cb1350c1f0d73477b52e4eaa409bccaf692f
2021_07_IND_SF,2021,7,SFO01,outdoors,0,2021-10-25T00:00,16.0,4.0,17.5,3f69bcc6aa946912be164e6f4a32362f57c75cd557cc9a494bf23ef32d007aac
2021_07_NO_SEA,2021,7,SEA00,outdoors,0,2021-10-26T00:00,14.8,0.7,11.8,dfcea12c035d092d1dd1668a34e0b96bc8910eef360510c5a4d2c62f71b13025
2021_08_GB_ARI,2021,8,PHO00,open,0,2021-10-29T00:00,1.7,0.0,31.1,74a61dc6adaf809fce14885babd8891dd15704cfc77855fd2d9705a0c2fcdef7
2021_08_CAR_ATL,2021,8,ATL97,open,0,2021-10-31T17:00,10.5,0.0,15.6,9e40615347debf8f99ffea4a9840896f58e0470de8f8fb57690d22bbd5ec1cea
2021_08_MIA_BUF,2021,8,BUF00,outdoors,0,2021-10-31T17:00,9.8,0.0,12.0,871cec873e1ecb8496fa15108eb52898462a053cd09ec21861c2e9df699db8d8
2021_08_SF_CHI,2021,8,CHI98,outdoors,0,2021-10-31T17:00,13.9,0.0,11.6,8389c48d9c9fdccda8ffd6ff836d19e3cf6ab50093563ae466ce12b4efd74767
2021_08_PIT_CLE,2021,8,CLE00,outdoors,0,2021-10-31T17:00,15.2,0.0,13.3,fcbf0bf12e9f69659ba05fa056d4bdd9765d40db86b13e393007ddff3d335596
2021_08_PHI_DET,2021,8,DET00,dome,1,2021-10-31T17:00,,,,
2021_08_LA_HOU,2021,8,HOU00,closed,1,2021-10-31T17:00,,,,
2021_08_TEN_IND,2021,8,IND00,open,0,2021-10-31T17:00,12.4,0.0,15.2,d9838279af40fcefdc5c9880b5e5e38d7133ea3cd7880604a49995b9f11396b9
2021_08_CIN_NYJ,2021,8,NYC01,outdoors,0,2021-10-31T17:00,9.7,0.0,17.4,93156d7f362cb81d5a9fba028ed30b7d89ceacbe73c98b6fc19d48854b37bd79
2021_08_NE_LAC,2021,8,LAX01,dome,1,2021-10-31T20:00,,,,
2021_08_JAX_SEA,2021,8,SEA00,outdoors,0,2021-10-31T20:00,4.3,0.0,13.2,dfcea12c035d092d1dd1668a34e0b96bc8910eef360510c5a4d2c62f71b13025
2021_08_WAS_DEN,2021,8,DEN00,outdoors,0,2021-10-31T20:00,7.0,0.0,6.6,6c99708e455926ff5954d21238ef0c14fa7ff8287d96b37d305c2edc9f147c0c
2021_08_TB_NO,2021,8,NOR00,dome,1,2021-10-31T20:00,,,,
2021_08_DAL_MIN,2021,8,MIN01,dome,1,2021-11-01T00:00,,,,
2021_08_NYG_KC,2021,8,KAN00,outdoors,0,2021-11-02T00:00,3.4,0.0,4.2,71b298315ee63a515eee0887d674c11032c01918aa1007771d4ed3d0ead60195
2021_09_NYJ_IND,2021,9,IND00,closed,1,2021-11-05T00:00,,,,
2021_09_MIN_BAL,2021,9,BAL00,outdoors,0,2021-11-07T18:00,7.4,0.0,12.5,ce753559a48c6b4cea173c8020018c9334737b00a49b385e46c599760a4a90c9
2021_09_NE_CAR,2021,9,CAR00,outdoors,0,2021-11-07T18:00,9.4,0.0,15.6,3af49fa52463103b45252d72a2f12136055565e4a5a1ece116ebeba1179c259e
2021_09_CLE_CIN,2021,9,CIN00,outdoors,0,2021-11-07T18:00,2.8,0.0,16.1,3bca6de984980bc1fea0ec8cd3045f89cfb70a2c20fd5df8567c76d2a61fc560
2021_09_DEN_DAL,2021,9,DAL00,closed,1,2021-11-07T18:00,,,,
2021_09_BUF_JAX,2021,9,JAX00,outdoors,0,2021-11-07T18:00,11.9,0.0,18.1,3a9f161561e39ccc8001c4302235c8af70599ac8fbc6cd38ff349a94d49211c3
2021_09_HOU_MIA,2021,9,MIA00,outdoors,0,2021-11-07T18:00,13.0,0.0,22.0,46ed1bb19f5fe50a5115788631da243d05d6c1e6a165f66e4fa3e8b3ab14681f
2021_09_ATL_NO,2021,9,NOR00,dome,1,2021-11-07T18:00,,,,
2021_09_LV_NYG,2021,9,NYC01,outdoors,0,2021-11-07T18:00,3.4,0.0,12.0,93156d7f362cb81d5a9fba028ed30b7d89ceacbe73c98b6fc19d48854b37bd79
2021_09_LAC_PHI,2021,9,PHI00,outdoors,0,2021-11-07T21:00,5.3,0.0,12.9,44b7fc8deca9d0d34b3ca04b6c57fc28792ff0a889c24a0f016d0aabe02c04a2
2021_09_GB_KC,2021,9,KAN00,outdoors,0,2021-11-07T21:00,13.7,0.0,21.8,71b298315ee63a515eee0887d674c11032c01918aa1007771d4ed3d0ead60195
2021_09_ARI_SF,2021,9,SFO01,outdoors,0,2021-11-07T21:00,8.4,0.0,16.8,3f69bcc6aa946912be164e6f4a32362f57c75cd557cc9a494bf23ef32d007aac
2021_09_TEN_LA,2021,9,LAX01,dome,1,2021-11-08T01:00,,,,
2021_09_CHI_PIT,2021,9,PIT00,outdoors,0,2021-11-09T01:00,8.6,0.0,12.0,603385670475d98ffe84cca64f021fea22a751e2e2232f0b12dfdcd8802872b7
2021_10_BAL_MIA,2021,10,MIA00,outdoors,0,2021-11-12T01:00,6.9,0.0,25.3,46ed1bb19f5fe50a5115788631da243d05d6c1e6a165f66e4fa3e8b3ab14681f
2021_10_ATL_DAL,2021,10,DAL00,closed,1,2021-11-14T18:00,,,,
2021_10_JAX_IND,2021,10,IND00,closed,1,2021-11-14T18:00,,,,
2021_10_CLE_NE,2021,10,BOS00,outdoors,0,2021-11-14T18:00,6.1,0.0,9.7,2ebd7b7b4365d60964f4fd2390b861fef9c92761e8eda11a6bbf9f306ba25099
2021_10_BUF_NYJ,2021,10,NYC01,outdoors,0,2021-11-14T18:00,6.5,0.0,8.6,93156d7f362cb81d5a9fba028ed30b7d89ceacbe73c98b6fc19d48854b37bd79
2021_10_DET_PIT,2021,10,PIT00,outdoors,0,2021-11-14T18:00,9.3,0.2,3.6,603385670475d98ffe84cca64f021fea22a751e2e2232f0b12dfdcd8802872b7
2021_10_NO_TEN,2021,10,NAS00,outdoors,0,2021-11-14T18:00,10.3,0.0,13.2,c4b436651fa3fbfaa9aea9f7e0fb12aff6bd1731056732707f4884af5af2fee0
2021_10_TB_WAS,2021,10,WAS00,outdoors,0,2021-11-14T18:00,8.3,0.0,8.2,9e9c035d7101fdec97aa5f03bbc4ae46180d68a4cf7dc4ea197555eeecf86491
2021_10_CAR_ARI,2021,10,PHO00,closed,1,2021-11-14T21:00,,,,
2021_10_MIN_LAC,2021,10,LAX01,dome,1,2021-11-14T21:00,,,,
2021_10_PHI_DEN,2021,10,DEN00,outdoors,0,2021-11-14T21:00,12.6,0.0,18.9,6c99708e455926ff5954d21238ef0c14fa7ff8287d96b37d305c2edc9f147c0c
2021_10_SEA_GB,2021,10,GNB00,outdoors,0,2021-11-14T21:00,11.9,0.0,2.8,b0d28beb8e99b8e500d07f653b106acbae839e1ca8fe56ec16da7c3d4f13bd18
2021_10_KC_LV,2021,10,VEG00,dome,1,2021-11-15T01:00,,,,
2021_10_LA_SF,2021,10,SFO01,outdoors,0,2021-11-16T01:00,2.3,0.0,16.3,3f69bcc6aa946912be164e6f4a32362f57c75cd557cc9a494bf23ef32d007aac
2021_11_NE_ATL,2021,11,ATL97,closed,1,2021-11-19T01:00,,,,
2021_11_IND_BUF,2021,11,BUF00,outdoors,0,2021-11-21T18:00,10.3,0.0,9.6,871cec873e1ecb8496fa15108eb52898462a053cd09ec21861c2e9df699db8d8
2021_11_WAS_CAR,2021,11,CAR00,outdoors,0,2021-11-21T18:00,3.0,0.0,14.9,3af49fa52463103b45252d72a2f12136055565e4a5a1ece116ebeba1179c259e
2021_11_BAL_CHI,2021,11,CHI98,outdoors,0,2021-11-21T18:00,12.6,0.0,10.7,8389c48d9c9fdccda8ffd6ff836d19e3cf6ab50093563ae466ce12b4efd74767
2021_11_DET_CLE,2021,11,CLE00,outdoors,0,2021-11-21T18:00,11.8,0.9,6.8,fcbf0bf12e9f69659ba05fa056d4bdd9765d40db86b13e393007ddff3d335596
2021_11_SF_JAX,2021,11,JAX00,outdoors,0,2021-11-21T18:00,7.8,0.0,22.8,3a9f161561e39ccc8001c4302235c8af70599ac8fbc6cd38ff349a94d49211c3
2021_11_GB_MIN,2021,11,MIN01,dome,1,2021-11-21T18:00,,,,
2021_11_MIA_NYJ,2021,11,NYC01,outdoors,0,2021-11-21T18:00,7.1,0.0,11.3,93156d7f362cb81d5a9fba028ed30b7d89ceacbe73c98b6fc19d48854b37bd79
2021_11_NO_PHI,2021,11,PHI00,outdoors,0,2021-11-21T18:00,7.4,0.0,12.7,44b7fc8deca9d0d34b3ca04b6c57fc28792ff0a889c24a0f016d0aabe02c04a2
2021_11_HOU_TEN,2021,11,NAS00,outdoors,0,2021-11-21T18:00,8.9,0.9,14.6,c4b436651fa3fbfaa9aea9f7e0fb12aff6bd1731056732707f4884af5af2fee0
2021_11_CIN_LV,2021,11,VEG00,dome,1,2021-11-21T21:00,,,,
2021_11_DAL_KC,2021,11,KAN00,outdoors,0,2021-11-21T21:00,11.2,0.0,14.2,71b298315ee63a515eee0887d674c11032c01918aa1007771d4ed3d0ead60195
2021_11_ARI_SEA,2021,11,SEA00,outdoors,0,2021-11-21T21:00,0.4,0.0,7.8,dfcea12c035d092d1dd1668a34e0b96bc8910eef360510c5a4d2c62f71b13025
2021_11_PIT_LAC,2021,11,LAX01,dome,1,2021-11-22T01:00,,,,
2021_11_NYG_TB,2021,11,TAM00,outdoors,0,2021-11-23T01:00,9.8,0.0,20.0,fab6ab49cf404bb971ca0dd26b39cb1350c1f0d73477b52e4eaa409bccaf692f
2021_12_CHI_DET,2021,12,DET00,dome,1,2021-11-25T17:00,,,,
2021_12_LV_DAL,2021,12,DAL00,closed,1,2021-11-25T21:00,,,,
2021_12_BUF_NO,2021,12,NOR00,dome,1,2021-11-26T01:00,,,,
2021_12_PIT_CIN,2021,12,CIN00,outdoors,0,2021-11-28T18:00,9.4,0.0,8.3,3bca6de984980bc1fea0ec8cd3045f89cfb70a2c20fd5df8567c76d2a61fc560
2021_12_NYJ_HOU,2021,12,HOU00,closed,1,2021-11-28T18:00,,,,
2021_12_TB_IND,2021,12,IND00,closed,1,2021-11-28T18:00,,,,
2021_12_ATL_JAX,2021,12,JAX00,outdoors,0,2021-11-28T18:00,4.5,0.0,17.1,3a9f161561e39ccc8001c4302235c8af70599ac8fbc6cd38ff349a94d49211c3
2021_12_CAR_MIA,2021,12,MIA00,outdoors,0,2021-11-28T18:00,1.6,0.0,23.5,46ed1bb19f5fe50a5115788631da243d05d6c1e6a165f66e4fa3e8b3ab14681f
2021_12_TEN_NE,2021,12,BOS00,outdoors,0,2021-11-28T18:00,4.8,0.0,2.3,2ebd7b7b4365d60964f4fd2390b861fef9c92761e8eda11a6bbf9f306ba25099
2021_12_PHI_NYG,2021,12,NYC01,outdoors,0,2021-11-28T18:00,2.1,0.0,3.6,93156d7f362cb81d5a9fba028ed30b7d89ceacbe73c98b6fc19d48854b37bd79
2021_12_LAC_DEN,2021,12,DEN00,outdoors,0,2021-11-28T21:00,6.5,0.0,20.0,6c99708e455926ff5954d21238ef0c14fa7ff8287d96b37d305c2edc9f147c0c
2021_12_LA_GB,2021,12,GNB00,outdoors,0,2021-11-28T21:00,11.2,0.0,2.8,b0d28beb8e99b8e500d07f653b106acbae839e1ca8fe56ec16da7c3d4f13bd18
2021_12_MIN_SF,2021,12,SFO01,outdoors,0,2021-11-28T21:00,2.8,0.0,21.2,3f69bcc6aa946912be164e6f4a32362f57c75cd557cc9a494bf23ef32d007aac
2021_12_CLE_BAL,2021,12,BAL00,outdoors,0,2021-11-29T01:00,6.2,0.0,7.4,ce753559a48c6b4cea173c8020018c9334737b00a49b385e46c599760a4a90c9
2021_12_SEA_WAS,2021,12,WAS00,outdoors,0,2021-11-30T01:00,6.3,0.0,2.9,9e9c035d7101fdec97aa5f03bbc4ae46180d68a4cf7dc4ea197555eeecf86491
2021_13_DAL_NO,2021,13,NOR00,dome,1,2021-12-03T01:00,,,,
2021_13_TB_ATL,2021,13,ATL97,closed,1,2021-12-05T18:00,,,,
2021_13_ARI_CHI,2021,13,CHI98,outdoors,0,2021-12-05T18:00,11.7,0.8,2.6,8389c48d9c9fdccda8ffd6ff836d19e3cf6ab50093563ae466ce12b4efd74767
2021_13_LAC_CIN,2021,13,CIN00,outdoors,0,2021-12-05T18:00,7.6,0.0,9.8,3bca6de984980bc1fea0ec8cd3045f89cfb70a2c20fd5df8567c76d2a61fc560
2021_13_MIN_DET,2021,13,DET00,dome,1,2021-12-05T18:00,,,,
2021_13_IND_HOU,2021,13,HOU00,closed,1,2021-12-05T18:00,,,,
2021_13_NYG_MIA,2021,13,MIA00,outdoors,0,2021-12-05T18:00,4.7,0.0,25.9,46ed1bb19f5fe50a5115788631da243d05d6c1e6a165f66e4fa3e8b3ab14681f
2021_13_PHI_NYJ,2021,13,NYC01,outdoors,0,2021-12-05T18:00,1.3,0.0,8.1,93156d7f362cb81d5a9fba028ed30b7d89ceacbe73c98b6fc19d48854b37bd79
2021_13_JAX_LA,2021,13,LAX01,dome,1,2021-12-05T21:00,,,,
2021_13_WAS_LV,2021,13,VEG00,dome,1,2021-12-05T21:00,,,,
2021_13_BAL_PIT,2021,13,PIT00,outdoors,0,2021-12-05T21:00,9.9,0.0,10.1,603385670475d98ffe84cca64f021fea22a751e2e2232f0b12dfdcd8802872b7
2021_13_SF_SEA,2021,13,SEA00,outdoors,0,2021-12-05T21:00,2.0,0.0,5.8,dfcea12c035d092d1dd1668a34e0b96bc8910eef360510c5a4d2c62f71b13025
2021_13_DEN_KC,2021,13,KAN00,outdoors,0,2021-12-06T01:00,16.1,0.0,12.4,71b298315ee63a515eee0887d674c11032c01918aa1007771d4ed3d0ead60195
2021_13_NE_BUF,2021,13,BUF00,outdoors,0,2021-12-07T01:00,22.2,0.0,2.1,871cec873e1ecb8496fa15108eb52898462a053cd09ec21861c2e9df699db8d8
2021_14_PIT_MIN,2021,14,MIN01,dome,1,2021-12-10T01:00,,,,
2021_14_ATL_CAR,2021,14,CAR00,outdoors,0,2021-12-12T18:00,6.4,0.0,10.5,3af49fa52463103b45252d72a2f12136055565e4a5a1ece116ebeba1179c259e
2021_14_BAL_CLE,2021,14,CLE00,outdoors,0,2021-12-12T18:00,15.1,0.0,7.4,fcbf0bf12e9f69659ba05fa056d4bdd9765d40db86b13e393007ddff3d335596
2021_14_SEA_HOU,2021,14,HOU00,open,0,2021-12-12T18:00,4.1,0.0,13.5,ed70d9094fddccc61ba4d97ced27bffa07a782cad87a4ef1b5c1d149f4b1c2f8
2021_14_LV_KC,2021,14,KAN00,outdoors,0,2021-12-12T18:00,13.5,0.0,11.1,71b298315ee63a515eee0887d674c11032c01918aa1007771d4ed3d0ead60195
2021_14_NO_NYJ,2021,14,NYC01,outdoors,0,2021-12-12T18:00,11.0,0.0,8.6,93156d7f362cb81d5a9fba028ed30b7d89ceacbe73c98b6fc19d48854b37bd79
2021_14_JAX_TEN,2021,14,NAS00,outdoors,0,2021-12-12T18:00,2.9,0.0,8.5,c4b436651fa3fbfaa9aea9f7e0fb12aff6bd1731056732707f4884af5af2fee0
2021_14_DAL_WAS,2021,14,WAS00,outdoors,0,2021-12-12T18:00,9.5,0.0,9.6,9e9c035d7101fdec97aa5f03bbc4ae46180d68a4cf7dc4ea197555eeecf86491
2021_14_DET_DEN,2021,14,DEN00,outdoors,0,2021-12-12T21:00,2.0,0.0,19.3,6c99708e455926ff5954d21238ef0c14fa7ff8287d96b37d305c2edc9f147c0c
2021_14_NYG_LAC,2021,14,LAX01,dome,1,2021-12-12T21:00,,,,
2021_14_SF_CIN,2021,14,CIN00,outdoors,0,2021-12-12T21:00,6.9,0.0,9.1,3bca6de984980bc1fea0ec8cd3045f89cfb70a2c20fd5df8567c76d2a61fc560
2021_14_BUF_TB,2021,14,TAM00,outdoors,0,2021-12-12T21:00,6.7,0.4,25.7,fab6ab49cf404bb971ca0dd26b39cb1350c1f0d73477b52e4eaa409bccaf692f
2021_14_CHI_GB,2021,14,GNB00,outdoors,0,2021-12-13T01:00,11.2,0.0,2.6,b0d28beb8e99b8e500d07f653b106acbae839e1ca8fe56ec16da7c3d4f13bd18
2021_14_LA_ARI,2021,14,PHO00,open,0,2021-12-14T01:00,3.4,0.0,19.6,74a61dc6adaf809fce14885babd8891dd15704cfc77855fd2d9705a0c2fcdef7
2021_15_KC_LAC,2021,15,LAX01,dome,1,2021-12-17T01:00,,,,
2021_15_NE_IND,2021,15,IND00,closed,1,2021-12-19T01:00,,,,
2021_15_CAR_BUF,2021,15,BUF00,outdoors,0,2021-12-19T18:00,8.0,0.0,-2.2,871cec873e1ecb8496fa15108eb52898462a053cd09ec21861c2e9df699db8d8
2021_15_ARI_DET,2021,15,DET00,dome,1,2021-12-19T18:00,,,,
2021_15_HOU_JAX,2021,15,JAX00,outdoors,0,2021-12-19T18:00,11.5,0.2,25.9,3a9f161561e39ccc8001c4302235c8af70599ac8fbc6cd38ff349a94d49211c3
2021_15_NYJ_MIA,2021,15,MIA00,outdoors,0,2021-12-19T18:00,7.9,0.0,27.1,46ed1bb19f5fe50a5115788631da243d05d6c1e6a165f66e4fa3e8b3ab14681f
2021_15_DAL_NYG,2021,15,NYC01,outdoors,0,2021-12-19T18:00,13.3,0.0,4.1,93156d7f362cb81d5a9fba028ed30b7d89ceacbe73c98b6fc19d48854b37bd79
2021_15_TEN_PIT,2021,15,PIT00,outdoors,0,2021-12-19T18:00,7.5,0.0,1.8,603385670475d98ffe84cca64f021fea22a751e2e2232f0b12dfdcd8802872b7
2021_15_CIN_DEN,2021,15,DEN00,outdoors,0,2021-12-19T21:00,3.2,0.0,15.5,6c99708e455926ff5954d21238ef0c14fa7ff8287d96b37d305c2edc9f147c0c
2021_15_ATL_SF,2021,15,SFO01,outdoors,0,2021-12-19T21:00,5.3,0.0,11.2,3f69bcc6aa946912be164e6f4a32362f57c75cd557cc9a494bf23ef32d007aac
2021_15_GB_BAL,2021,15,BAL00,outdoors,0,2021-12-19T21:00,14.1,0.0,6.0,ce753559a48c6b4cea173c8020018c9334737b00a49b385e46c599760a4a90c9
2021_15_NO_TB,2021,15,TAM00,outdoors,0,2021-12-20T01:00,5.0,0.0,23.0,fab6ab49cf404bb971ca0dd26b39cb1350c1f0d73477b52e4eaa409bccaf692f
2021_15_LV_CLE,2021,15,CLE00,outdoors,0,2021-12-20T22:00,9.7,0.0,4.8,fcbf0bf12e9f69659ba05fa056d4bdd9765d40db86b13e393007ddff3d335596
2021_15_MIN_CHI,2021,15,CHI98,outdoors,0,2021-12-21T01:00,6.3,0.0,2.2,8389c48d9c9fdccda8ffd6ff836d19e3cf6ab50093563ae466ce12b4efd74767
2021_15_SEA_LA,2021,15,LAX01,dome,1,2021-12-22T00:00,,,,
2021_15_WAS_PHI,2021,15,PHI00,outdoors,0,2021-12-22T00:00,3.5,0.0,3.7,44b7fc8deca9d0d34b3ca04b6c57fc28792ff0a889c24a0f016d0aabe02c04a2
2021_16_SF_TEN,2021,16,NAS00,outdoors,0,2021-12-24T01:00,9.9,0.0,9.6,c4b436651fa3fbfaa9aea9f7e0fb12aff6bd1731056732707f4884af5af2fee0
2021_16_CLE_GB,2021,16,GNB00,outdoors,0,2021-12-25T21:00,6.4,0.0,2.5,b0d28beb8e99b8e500d07f653b106acbae839e1ca8fe56ec16da7c3d4f13bd18
2021_16_IND_ARI,2021,16,PHO00,closed,1,2021-12-26T01:00,,,,
2021_16_DET_ATL,2021,16,ATL97,open,0,2021-12-26T18:00,4.7,0.1,22.5,9e40615347debf8f99ffea4a9840896f58e0470de8f8fb57690d22bbd5ec1cea
2021_16_TB_CAR,2021,16,CAR00,outdoors,0,2021-12-26T18:00,2.9,0.0,23.8,3af49fa52463103b45252d72a2f12136055565e4a5a1ece116ebeba1179c259e
2021_16_BAL_CIN,2021,16,CIN00,outdoors,0,2021-12-26T18:00,1.2,0.0,12.2,3bca6de984980bc1fea0ec8cd3045f89cfb70a2c20fd5df8567c76d2a61fc560
2021_16_LAC_HOU,2021,16,HOU00,closed,1,2021-12-26T18:00,,,,
2021_16_LA_MIN,2021,16,MIN01,dome,1,2021-12-26T18:00,,,,
2021_16_BUF_NE,2021,16,BOS00,outdoors,0,2021-12-26T18:00,10.6,0.0,4.4,2ebd7b7b4365d60964f4fd2390b861fef9c92761e8eda11a6bbf9f306ba25099
2021_16_JAX_NYJ,2021,16,NYC01,outdoors,0,2021-12-26T18:00,10.9,0.0,9.3,93156d7f362cb81d5a9fba028ed30b7d89ceacbe73c98b6fc19d48854b37bd79
2021_16_NYG_PHI,2021,16,PHI00,outdoors,0,2021-12-26T18:00,8.6,0.0,12.1,44b7fc8deca9d0d34b3ca04b6c57fc28792ff0a889c24a0f016d0aabe02c04a2
2021_16_CHI_SEA,2021,16,SEA00,outdoors,0,2021-12-26T21:00,7.8,1.2,-1.8,dfcea12c035d092d1dd1668a34e0b96bc8910eef360510c5a4d2c62f71b13025
2021_16_PIT_KC,2021,16,KAN00,outdoors,0,2021-12-26T21:00,16.5,0.0,15.2,71b298315ee63a515eee0887d674c11032c01918aa1007771d4ed3d0ead60195
2021_16_DEN_LV,2021,16,VEG00,dome,1,2021-12-26T21:00,,,,
2021_16_WAS_DAL,2021,16,DAL00,closed,1,2021-12-27T01:00,,,,
2021_16_MIA_NO,2021,16,NOR00,dome,1,2021-12-28T01:00,,,,
2021_17_LA_BAL,2021,17,BAL00,outdoors,0,2022-01-02T18:00,9.8,0.0,14.3,ce753559a48c6b4cea173c8020018c9334737b00a49b385e46c599760a4a90c9
2021_17_ATL_BUF,2021,17,BUF00,outdoors,0,2022-01-02T18:00,9.4,0.1,-3.8,871cec873e1ecb8496fa15108eb52898462a053cd09ec21861c2e9df699db8d8
2021_17_NYG_CHI,2021,17,CHI98,outdoors,0,2022-01-02T18:00,11.6,0.0,-3.3,8389c48d9c9fdccda8ffd6ff836d19e3cf6ab50093563ae466ce12b4efd74767
2021_17_KC_CIN,2021,17,CIN00,outdoors,0,2022-01-02T18:00,7.3,0.0,1.4,3bca6de984980bc1fea0ec8cd3045f89cfb70a2c20fd5df8567c76d2a61fc560
2021_17_LV_IND,2021,17,IND00,closed,1,2022-01-02T18:00,,,,
2021_17_JAX_NE,2021,17,BOS00,outdoors,0,2022-01-02T18:00,3.9,0.0,9.2,2ebd7b7b4365d60964f4fd2390b861fef9c92761e8eda11a6bbf9f306ba25099
2021_17_TB_NYJ,2021,17,NYC01,outdoors,0,2022-01-02T18:00,7.7,0.0,12.5,93156d7f362cb81d5a9fba028ed30b7d89ceacbe73c98b6fc19d48854b37bd79
2021_17_MIA_TEN,2021,17,NAS00,outdoors,0,2022-01-02T18:00,7.9,0.1,5.1,c4b436651fa3fbfaa9aea9f7e0fb12aff6bd1731056732707f4884af5af2fee0
2021_17_PHI_WAS,2021,17,WAS00,outdoors,0,2022-01-02T18:00,7.9,0.1,16.7,9e9c035d7101fdec97aa5f03bbc4ae46180d68a4cf7dc4ea197555eeecf86491
2021_17_DEN_LAC,2021,17,LAX01,dome,1,2022-01-02T21:00,,,,
2021_17_HOU_SF,2021,17,SFO01,outdoors,0,2022-01-02T21:00,6.6,0.0,12.5,3f69bcc6aa946912be164e6f4a32362f57c75cd557cc9a494bf23ef32d007aac
2021_17_ARI_DAL,2021,17,DAL00,closed,1,2022-01-02T21:00,,,,
2021_17_CAR_NO,2021,17,NOR00,dome,1,2022-01-02T21:00,,,,
2021_17_DET_SEA,2021,17,SEA00,outdoors,0,2022-01-02T21:00,10.8,0.6,5.4,dfcea12c035d092d1dd1668a34e0b96bc8910eef360510c5a4d2c62f71b13025
2021_17_MIN_GB,2021,17,GNB00,outdoors,0,2022-01-03T01:00,5.9,0.0,-14.2,b0d28beb8e99b8e500d07f653b106acbae839e1ca8fe56ec16da7c3d4f13bd18
2021_17_CLE_PIT,2021,17,PIT00,outdoors,0,2022-01-04T01:00,5.3,0.0,-3.6,603385670475d98ffe84cca64f021fea22a751e2e2232f0b12dfdcd8802872b7
2021_18_KC_DEN,2021,18,DEN00,outdoors,0,2022-01-08T21:00,3.8,0.1,5.4,6c99708e455926ff5954d21238ef0c14fa7ff8287d96b37d305c2edc9f147c0c
2021_18_DAL_PHI,2021,18,PHI00,outdoors,0,2022-01-09T01:00,6.3,0.0,-2.0,44b7fc8deca9d0d34b3ca04b6c57fc28792ff0a889c24a0f016d0aabe02c04a2
2021_18_PIT_BAL,2021,18,BAL00,outdoors,0,2022-01-09T18:00,14.1,1.6,4.6,ce753559a48c6b4cea173c8020018c9334737b00a49b385e46c599760a4a90c9
2021_18_CIN_CLE,2021,18,CLE00,outdoors,0,2022-01-09T18:00,17.8,0.1,3.3,fcbf0bf12e9f69659ba05fa056d4bdd9765d40db86b13e393007ddff3d335596
2021_18_GB_DET,2021,18,DET00,dome,1,2022-01-09T18:00,,,,
2021_18_TEN_HOU,2021,18,HOU00,closed,1,2022-01-09T18:00,,,,
2021_18_IND_JAX,2021,18,JAX00,outdoors,0,2022-01-09T18:00,7.3,0.0,25.8,3a9f161561e39ccc8001c4302235c8af70599ac8fbc6cd38ff349a94d49211c3
2021_18_CHI_MIN,2021,18,MIN01,dome,1,2022-01-09T18:00,,,,
2021_18_WAS_NYG,2021,18,NYC01,outdoors,0,2022-01-09T18:00,12.5,0.5,3.0,93156d7f362cb81d5a9fba028ed30b7d89ceacbe73c98b6fc19d48854b37bd79
2021_18_SEA_ARI,2021,18,PHO00,open,0,2022-01-09T21:00,9.3,0.0,21.9,74a61dc6adaf809fce14885babd8891dd15704cfc77855fd2d9705a0c2fcdef7
2021_18_NO_ATL,2021,18,ATL97,closed,1,2022-01-09T21:00,,,,
2021_18_NYJ_BUF,2021,18,BUF00,outdoors,0,2022-01-09T21:00,16.4,0.2,1.6,871cec873e1ecb8496fa15108eb52898462a053cd09ec21861c2e9df699db8d8
2021_18_SF_LA,2021,18,LAX01,dome,1,2022-01-09T21:00,,,,
2021_18_NE_MIA,2021,18,MIA00,outdoors,0,2022-01-09T21:00,10.9,1.2,23.5,46ed1bb19f5fe50a5115788631da243d05d6c1e6a165f66e4fa3e8b3ab14681f
2021_18_CAR_TB,2021,18,TAM00,outdoors,0,2022-01-09T21:00,2.3,0.1,28.1,fab6ab49cf404bb971ca0dd26b39cb1350c1f0d73477b52e4eaa409bccaf692f
2021_18_LAC_LV,2021,18,VEG00,dome,1,2022-01-10T01:00,,,,
2022_01_BUF_LA,2022,1,LAX01,dome,1,2022-09-09T00:00,,,,
2022_01_NO_ATL,2022,1,ATL97,closed,1,2022-09-11T17:00,,,,
2022_01_CLE_CAR,2022,1,CAR00,outdoors,0,2022-09-11T17:00,4.3,0.1,27.3,3af49fa52463103b45252d72a2f12136055565e4a5a1ece116ebeba1179c259e
2022_01_SF_CHI,2022,1,CHI98,outdoors,0,2022-09-11T17:00,7.4,2.7,19.5,8389c48d9c9fdccda8ffd6ff836d19e3cf6ab50093563ae466ce12b4efd74767
2022_01_PIT_CIN,2022,1,CIN00,outdoors,0,2022-09-11T17:00,5.8,0.3,23.6,3bca6de984980bc1fea0ec8cd3045f89cfb70a2c20fd5df8567c76d2a61fc560
2022_01_PHI_DET,2022,1,DET00,dome,1,2022-09-11T17:00,,,,
2022_01_IND_HOU,2022,1,HOU00,closed,1,2022-09-11T17:00,,,,
2022_01_NE_MIA,2022,1,MIA00,outdoors,0,2022-09-11T17:00,8.1,0.1,31.3,46ed1bb19f5fe50a5115788631da243d05d6c1e6a165f66e4fa3e8b3ab14681f
2022_01_BAL_NYJ,2022,1,NYC01,outdoors,0,2022-09-11T17:00,1.1,0.3,22.9,93156d7f362cb81d5a9fba028ed30b7d89ceacbe73c98b6fc19d48854b37bd79
2022_01_JAX_WAS,2022,1,WAS00,outdoors,0,2022-09-11T17:00,7.4,0.4,24.0,9e9c035d7101fdec97aa5f03bbc4ae46180d68a4cf7dc4ea197555eeecf86491
2022_01_KC_ARI,2022,1,PHO00,closed,1,2022-09-11T20:00,,,,
2022_01_LV_LAC,2022,1,LAX01,dome,1,2022-09-11T20:00,,,,
2022_01_GB_MIN,2022,1,MIN01,dome,1,2022-09-11T20:00,,,,
2022_01_NYG_TEN,2022,1,NAS00,outdoors,0,2022-09-11T20:00,4.6,3.0,27.6,c4b436651fa3fbfaa9aea9f7e0fb12aff6bd1731056732707f4884af5af2fee0
2022_01_TB_DAL,2022,1,DAL00,closed,1,2022-09-12T00:00,,,,
2022_01_DEN_SEA,2022,1,SEA00,outdoors,0,2022-09-13T00:00,5.0,0.0,21.9,dfcea12c035d092d1dd1668a34e0b96bc8910eef360510c5a4d2c62f71b13025
2022_02_LAC_KC,2022,2,KAN00,outdoors,0,2022-09-16T00:00,7.0,0.0,25.0,71b298315ee63a515eee0887d674c11032c01918aa1007771d4ed3d0ead60195
2022_02_MIA_BAL,2022,2,BAL00,outdoors,0,2022-09-18T17:00,7.5,0.0,25.8,ce753559a48c6b4cea173c8020018c9334737b00a49b385e46c599760a4a90c9
2022_02_NYJ_CLE,2022,2,CLE00,outdoors,0,2022-09-18T17:00,12.6,0.0,26.7,fcbf0bf12e9f69659ba05fa056d4bdd9765d40db86b13e393007ddff3d335596
2022_02_WAS_DET,2022,2,DET00,dome,1,2022-09-18T17:00,,,,
2022_02_IND_JAX,2022,2,JAX00,outdoors,0,2022-09-18T17:00,7.9,0.1,28.3,3a9f161561e39ccc8001c4302235c8af70599ac8fbc6cd38ff349a94d49211c3
2022_02_TB_NO,2022,2,NOR00,dome,1,2022-09-18T17:00,,,,
2022_02_CAR_NYG,2022,2,NYC01,outdoors,0,2022-09-18T17:00,9.3,0.0,26.2,93156d7f362cb81d5a9fba028ed30b7d89ceacbe73c98b6fc19d48854b37bd79
2022_02_NE_PIT,2022,2,PIT00,outdoors,0,2022-09-18T17:00,8.2,0.0,26.9,603385670475d98ffe84cca64f021fea22a751e2e2232f0b12dfdcd8802872b7
2022_02_ATL_LA,2022,2,LAX01,dome,1,2022-09-18T20:00,,,,
2022_02_SEA_SF,2022,2,SFO01,outdoors,0,2022-09-18T20:00,16.6,0.6,21.2,3f69bcc6aa946912be164e6f4a32362f57c75cd557cc9a494bf23ef32d007aac
2022_02_CIN_DAL,2022,2,DAL00,closed,1,2022-09-18T20:00,,,,
2022_02_HOU_DEN,2022,2,DEN00,outdoors,0,2022-09-18T20:00,7.7,0.0,28.1,6c99708e455926ff5954d21238ef0c14fa7ff8287d96b37d305c2edc9f147c0c
2022_02_ARI_LV,2022,2,VEG00,dome,1,2022-09-18T20:00,,,,
2022_02_CHI_GB,2022,2,GNB00,outdoors,0,2022-09-19T00:00,6.0,0.0,23.4,b0d28beb8e99b8e500d07f653b106acbae839e1ca8fe56ec16da7c3d4f13bd18
2022_02_TEN_BUF,2022,2,BUF00,outdoors,0,2022-09-19T23:00,9.7,0.1,20.7,871cec873e1ecb8496fa15108eb52898462a053cd09ec21861c2e9df699db8d8
2022_02_MIN_PHI,2022,2,PHI00,outdoors,0,2022-09-20T00:00,2.2,0.0,23.9,44b7fc8deca9d0d34b3ca04b6c57fc28792ff0a889c24a0f016d0aabe02c04a2
2022_03_PIT_CLE,2022,3,CLE00,outdoors,0,2022-09-23T00:00,17.1,0.0,14.2,fcbf0bf12e9f69659ba05fa056d4bdd9765d40db86b13e393007ddff3d335596
2022_03_NO_CAR,2022,3,CAR00,outdoors,0,2022-09-25T17:00,9.1,0.0,24.8,3af49fa52463103b45252d72a2f12136055565e4a5a1ece116ebeba1179c259e
2022_03_HOU_CHI,2022,3,CHI98,outdoors,0,2022-09-25T17:00,11.9,0.0,18.0,8389c48d9c9fdccda8ffd6ff836d19e3cf6ab50093563ae466ce12b4efd74767
2022_03_KC_IND,2022,3,IND00,open,0,2022-09-25T17:00,14.3,0.0,20.3,d9838279af40fcefdc5c9880b5e5e38d7133ea3cd7880604a49995b9f11396b9
2022_03_BUF_MIA,2022,3,MIA00,outdoors,0,2022-09-25T17:00,4.4,0.0,30.5,46ed1bb19f5fe50a5115788631da243d05d6c1e6a165f66e4fa3e8b3ab14681f
2022_03_DET_MIN,2022,3,MIN01,dome,1,2022-09-25T17:00,,,,
2022_03_BAL_NE,2022,3,BOS00,outdoors,0,2022-09-25T17:00,8.1,0.0,19.6,2ebd7b7b4365d60964f4fd2390b861fef9c92761e8eda11a6bbf9f306ba25099
2022_03_CIN_NYJ,2022,3,NYC01,outdoors,0,2022-09-25T17:00,8.0,0.0,20.6,93156d7f362cb81d5a9fba028ed30b7d89ceacbe73c98b6fc19d48854b37bd79
2022_03_LV_TEN,2022,3,NAS00,outdoors,0,2022-09-25T17:00,6.2,0.0,25.9,c4b436651fa3fbfaa9aea9f7e0fb12aff6bd1731056732707f4884af5af2fee0
2022_03_PHI_WAS,2022,3,WAS00,outdoors,0,2022-09-25T17:00,7.9,0.0,22.7,9e9c035d7101fdec97aa5f03bbc4ae46180d68a4cf7dc4ea197555eeecf86491
2022_03_JAX_LAC,2022,3,LAX01,dome,1,2022-09-25T20:00,,,,
2022_03_LA_ARI,2022,3,PHO00,closed,1,2022-09-25T20:00,,,,
2022_03_ATL_SEA,2022,3,SEA00,outdoors,0,2022-09-25T20:00,6.1,0.0,20.4,dfcea12c035d092d1dd1668a34e0b96bc8910eef360510c5a4d2c62f71b13025
2022_03_GB_TB,2022,3,TAM00,outdoors,0,2022-09-25T20:00,7.5,0.0,31.9,fab6ab49cf404bb971ca0dd26b39cb1350c1f0d73477b52e4eaa409bccaf692f
2022_03_SF_DEN,2022,3,DEN00,outdoors,0,2022-09-26T00:00,5.6,0.0,23.2,6c99708e455926ff5954d21238ef0c14fa7ff8287d96b37d305c2edc9f147c0c
2022_03_DAL_NYG,2022,3,NYC01,outdoors,0,2022-09-27T00:00,5.5,0.0,19.5,93156d7f362cb81d5a9fba028ed30b7d89ceacbe73c98b6fc19d48854b37bd79
2022_04_MIA_CIN,2022,4,CIN00,outdoors,0,2022-09-30T00:00,8.0,0.0,15.3,3bca6de984980bc1fea0ec8cd3045f89cfb70a2c20fd5df8567c76d2a61fc560
2022_04_MIN_NO,2022,4,LON02,outdoors,0,2022-10-02T13:00,6.5,0.0,17.3,7515f36054f9b875053b991cecc842eb236493a21174b025476ab0c926272467
2022_04_CLE_ATL,2022,4,ATL97,open,0,2022-10-02T17:00,10.6,0.0,22.2,9e40615347debf8f99ffea4a9840896f58e0470de8f8fb57690d22bbd5ec1cea
2022_04_BUF_BAL,2022,4,BAL00,outdoors,0,2022-10-02T17:00,15.9,1.0,14.7,ce753559a48c6b4cea173c8020018c9334737b00a49b385e46c599760a4a90c9
2022_04_WAS_DAL,2022,4,DAL00,closed,1,2022-10-02T17:00,,,,
2022_04_SEA_DET,2022,4,DET00,dome,1,2022-10-02T17:00,,,,
2022_04_LAC_HOU,2022,4,HOU00,closed,1,2022-10-02T17:00,,,,
2022_04_TEN_IND,2022,4,IND00,open,0,2022-10-02T17:00,12.5,0.0,20.0,d9838279af40fcefdc5c9880b5e5e38d7133ea3cd7880604a49995b9f11396b9
2022_04_CHI_NYG,2022,4,NYC01,outdoors,0,2022-10-02T17:00,14.2,0.7,13.5,93156d7f362cb81d5a9fba028ed30b7d89ceacbe73c98b6fc19d48854b37bd79
2022_04_JAX_PHI,2022,4,PHI00,outdoors,0,2022-10-02T17:00,14.5,0.2,14.7,44b7fc8deca9d0d34b3ca04b6c57fc28792ff0a889c24a0f016d0aabe02c04a2
2022_04_NYJ_PIT,2022,4,PIT00,outdoors,0,2022-10-02T17:00,7.3,0.0,15.3,603385670475d98ffe84cca64f021fea22a751e2e2232f0b12dfdcd8802872b7
2022_04_ARI_CAR,2022,4,CAR00,outdoors,0,2022-10-02T20:00,10.2,0.0,17.4,3af49fa52463103b45252d72a2f12136055565e4a5a1ece116ebeba1179c259e
2022_04_NE_GB,2022,4,GNB00,outdoors,0,2022-10-02T20:00,7.6,0.0,16.7,b0d28beb8e99b8e500d07f653b106acbae839e1ca8fe56ec16da7c3d4f13bd18
2022_04_DEN_LV,2022,4,VEG00,dome,1,2022-10-02T20:00,,,,
2022_04_KC_TB,2022,4,TAM00,outdoors,0,2022-10-03T00:00,6.4,0.0,23.6,fab6ab49cf404bb971ca0dd26b39cb1350c1f0d73477b52e4eaa409bccaf692f
2022_04_LA_SF,2022,4,SFO01,outdoors,0,2022-10-04T00:00,5.8,0.0,23.1,3f69bcc6aa946912be164e6f4a32362f57c75cd557cc9a494bf23ef32d007aac
2022_05_IND_DEN,2022,5,DEN00,outdoors,0,2022-10-07T00:00,3.9,0.0,20.2,6c99708e455926ff5954d21238ef0c14fa7ff8287d96b37d305c2edc9f147c0c
2022_05_NYG_GB,2022,5,LON02,outdoors,0,2022-10-09T13:00,9.1,0.0,17.6,7515f36054f9b875053b991cecc842eb236493a21174b025476ab0c926272467
2022_05_PIT_BUF,2022,5,BUF00,outdoors,0,2022-10-09T17:00,14.8,0.0,14.3,871cec873e1ecb8496fa15108eb52898462a053cd09ec21861c2e9df699db8d8
2022_05_LAC_CLE,2022,5,CLE00,outdoors,0,2022-10-09T17:00,13.4,0.0,15.0,fcbf0bf12e9f69659ba05fa056d4bdd9765d40db86b13e393007ddff3d335596
2022_05_HOU_JAX,2022,5,JAX00,outdoors,0,2022-10-09T17:00,5.6,0.0,28.3,3a9f161561e39ccc8001c4302235c8af70599ac8fbc6cd38ff349a94d49211c3
2022_05_CHI_MIN,2022,5,MIN01,dome,1,2022-10-09T17:00,,,,
2022_05_DET_NE,2022,5,BOS00,outdoors,0,2022-10-09T17:00,9.6,0.0,15.6,2ebd7b7b4365d60964f4fd2390b861fef9c92761e8eda11a6bbf9f306ba25099
2022_05_SEA_NO,2022,5,NOR00,dome,1,2022-10-09T17:00,,,,
2022_05_MIA_NYJ,2022,5,NYC01,outdoors,0,2022-10-09T17:00,9.6,0.0,15.6,93156d7f362cb81d5a9fba028ed30b7d89ceacbe73c98b6fc19d48854b37bd79
2022_05_ATL_TB,2022,5,TAM00,outdoors,0,2022-10-09T17:00,7.9,0.0,28.4,fab6ab49cf404bb971ca0dd26b39cb1350c1f0d73477b52e4eaa409bccaf692f
2022_05_TEN_WAS,2022,5,WAS00,outdoors,0,2022-10-09T17:00,7.1,0.0,16.1,9e9c035d7101fdec97aa5f03bbc4ae46180d68a4cf7dc4ea197555eeecf86491
2022_05_SF_CAR,2022,5,CAR00,outdoors,0,2022-10-09T20:00,1.4,0.0,19.5,3af49fa52463103b45252d72a2f12136055565e4a5a1ece116ebeba1179c259e
2022_05_PHI_ARI,2022,5,PHO00,closed,1,2022-10-09T20:00,,,,
2022_05_DAL_LA,2022,5,LAX01,dome,1,2022-10-09T20:00,,,,
2022_05_CIN_BAL,2022,5,BAL00,outdoors,0,2022-10-10T00:00,5.5,0.0,12.8,ce753559a48c6b4cea173c8020018c9334737b00a49b385e46c599760a4a90c9
2022_05_LV_KC,2022,5,KAN00,outdoors,0,2022-10-11T00:00,5.9,0.0,22.8,71b298315ee63a515eee0887d674c11032c01918aa1007771d4ed3d0ead60195
2022_06_WAS_CHI,2022,6,CHI98,outdoors,0,2022-10-14T00:00,13.3,0.0,7.7,8389c48d9c9fdccda8ffd6ff836d19e3cf6ab50093563ae466ce12b4efd74767
2022_06_SF_ATL,2022,6,ATL97,open,0,2022-10-16T17:00,5.9,0.0,26.3,9e40615347debf8f99ffea4a9840896f58e0470de8f8fb57690d22bbd5ec1cea
2022_06_NE_CLE,2022,6,CLE00,outdoors,0,2022-10-16T17:00,10.9,0.0,16.1,fcbf0bf12e9f69659ba05fa056d4bdd9765d40db86b13e393007ddff3d335596
2022_06_NYJ_GB,2022,6,GNB00,outdoors,0,2022-10-16T17:00,8.6,0.1,8.3,b0d28beb8e99b8e500d07f653b106acbae839e1ca8fe56ec16da7c3d4f13bd18
2022_06_JAX_IND,2022,6,IND00,open,0,2022-10-16T17:00,8.4,0.0,17.6,d9838279af40fcefdc5c9880b5e5e38d7133ea3cd7880604a49995b9f11396b9
2022_06_MIN_MIA,2022,6,MIA00,outdoors,0,2022-10-16T17:00,10.7,2.5,27.4,46ed1bb19f5fe50a5115788631da243d05d6c1e6a165f66e4fa3e8b3ab14681f
2022_06_CIN_NO,2022,6,NOR00,dome,1,2022-10-16T17:00,,,,
2022_06_BAL_NYG,2022,6,NYC01,outdoors,0,2022-10-16T17:00,1.9,0.0,16.5,93156d7f362cb81d5a9fba028ed30b7d89ceacbe73c98b6fc19d48854b37bd79
2022_06_TB_PIT,2022,6,PIT00,outdoors,0,2022-10-16T17:00,7.4,0.0,17.5,603385670475d98ffe84cca64f021fea22a751e2e2232f0b12dfdcd8802872b7
2022_06_CAR_LA,2022,6,LAX01,dome,1,2022-10-16T20:00,,,,
2022_06_ARI_SEA,2022,6,SEA00,outdoors,0,2022-10-16T20:00,2.8,0.0,23.6,dfcea12c035d092d1dd1668a34e0b96bc8910eef360510c5a4d2c62f71b13025
2022_06_BUF_KC,2022,6,KAN00,outdoors,0,2022-10-16T20:00,12.5,0.0,17.3,71b298315ee63a515eee0887d674c11032c01918aa1007771d4ed3d0ead60195
2022_06_DAL_PHI,2022,6,PHI00,outdoors,0,2022-10-17T00:00,4.4,0.0,14.5,44b7fc8deca9d0d34b3ca04b6c57fc28792ff0a889c24a0f016d0aabe02c04a2
2022_06_DEN_LAC,2022,6,LAX01,dome,1,2022-10-18T00:00,,,,
2022_07_NO_ARI,2022,7,PHO00,open,0,2022-10-21T00:00,1.3,0.0,31.7,74a61dc6adaf809fce14885babd8891dd15704cfc77855fd2d9705a0c2fcdef7
2022_07_CLE_BAL,2022,7,BAL00,outdoors,0,2022-10-23T17:00,9.4,0.0,16.6,ce753559a48c6b4cea173c8020018c9334737b00a49b385e46c599760a4a90c9
2022_07_TB_CAR,2022,7,CAR00,outdoors,0,2022-10-23T17:00,4.4,0.0,21.2,3af49fa52463103b45252d72a2f12136055565e4a5a1ece116ebeba1179c259e
2022_07_ATL_CIN,2022,7,CIN00,outdoors,0,2022-10-23T17:00,7.6,0.0,24.7,3bca6de984980bc1fea0ec8cd3045f89cfb70a2c20fd5df8567c76d2a61fc560
2022_07_DET_DAL,2022,7,DAL00,closed,1,2022-10-23T17:00,,,,
2022_07_NYG_JAX,2022,7,JAX00,outdoors,0,2022-10-23T17:00,4.7,0.0,26.0,3a9f161561e39ccc8001c4302235c8af70599ac8fbc6cd38ff349a94d49211c3
2022_07_IND_TEN,2022,7,NAS00,outdoors,0,2022-10-23T17:00,9.4,0.0,24.5,c4b436651fa3fbfaa9aea9f7e0fb12aff6bd1731056732707f4884af5af2fee0
2022_07_GB_WAS,2022,7,WAS00,outdoors,0,2022-10-23T17:00,7.6,0.0,16.4,9e9c035d7101fdec97aa5f03bbc4ae46180d68a4cf7dc4ea197555eeecf86491
2022_07_NYJ_DEN,2022,7,DEN00,outdoors,0,2022-10-23T20:00,13.6,0.0,17.6,6c99708e455926ff5954d21238ef0c14fa7ff8287d96b37d305c2edc9f147c0c
2022_07_HOU_LV,2022,7,VEG00,dome,1,2022-10-23T20:00,,,,
2022_07_SEA_LAC,2022,7,LAX01,dome,1,2022-10-23T20:00,,,,
2022_07_KC_SF,2022,7,SFO01,outdoors,0,2022-10-23T20:00,9.3,0.0,19.4,3f69bcc6aa946912be164e6f4a32362f57c75cd557cc9a494bf23ef32d007aac
2022_07_PIT_MIA,2022,7,MIA00,outdoors,0,2022-10-24T00:00,8.3,0.0,25.2,46ed1bb19f5fe50a5115788631da243d05d6c1e6a165f66e4fa3e8b3ab14681f
2022_07_CHI_NE,2022,7,BOS00,outdoors,0,2022-10-25T00:00,3.4,0.0,14.1,2ebd7b7b4365d60964f4fd2390b861fef9c92761e8eda11a6bbf9f306ba25099
2022_08_BAL_TB,2022,8,TAM00,outdoors,0,2022-10-28T00:00,1.7,0.0,25.3,fab6ab49cf404bb971ca0dd26b39cb1350c1f0d73477b52e4eaa409bccaf692f
2022_08_DEN_JAX,2022,8,LON00,outdoors,0,2022-10-30T13:00,14.3,0.9,14.6,6dc5e1fd8f42b307222e28847c6e943d506cfeb2cf2d2bc7228cf4186fd30c4b
2022_08_CAR_ATL,2022,8,ATL97,closed,1,2022-10-30T17:00,,,,
2022_08_CHI_DAL,2022,8,DAL00,open,0,2022-10-30T17:00,6.2,0.0,19.9,ae72dc9d14b0fa0fb65374a552d134417857170458eff8d632150e59ae5bc12b
2022_08_MIA_DET,2022,8,DET00,dome,1,2022-10-30T17:00,,,,
2022_08_ARI_MIN,2022,8,MIN01,dome,1,2022-10-30T17:00,,,,
2022_08_LV_NO,2022,8,NOR00,dome,1,2022-10-30T17:00,,,,
2022_08_NE_NYJ,2022,8,NYC01,outdoors,0,2022-10-30T17:00,1.5,0.0,15.4,93156d7f362cb81d5a9fba028ed30b7d89ceacbe73c98b6fc19d48854b37bd79
2022_08_PIT_PHI,2022,8,PHI00,outdoors,0,2022-10-30T17:00,0.5,0.0,16.6,44b7fc8deca9d0d34b3ca04b6c57fc28792ff0a889c24a0f016d0aabe02c04a2
2022_08_TEN_HOU,2022,8,HOU00,closed,1,2022-10-30T20:00,,,,
2022_08_WAS_IND,2022,8,IND00,closed,1,2022-10-30T20:00,,,,
2022_08_SF_LA,2022,8,LAX01,dome,1,2022-10-30T20:00,,,,
2022_08_NYG_SEA,2022,8,SEA00,outdoors,0,2022-10-30T20:00,11.8,1.2,11.8,dfcea12c035d092d1dd1668a34e0b96bc8910eef360510c5a4d2c62f71b13025
2022_08_GB_BUF,2022,8,BUF00,outdoors,0,2022-10-31T00:00,4.0,0.0,10.3,871cec873e1ecb8496fa15108eb52898462a053cd09ec21861c2e9df699db8d8
2022_08_CIN_CLE,2022,8,CLE00,outdoors,0,2022-11-01T00:00,6.0,0.0,16.5,fcbf0bf12e9f69659ba05fa056d4bdd9765d40db86b13e393007ddff3d335596
2022_09_PHI_HOU,2022,9,HOU00,closed,1,2022-11-04T00:00,,,,
2022_09_LAC_ATL,2022,9,ATL97,open,0,2022-11-06T18:00,3.9,0.1,26.6,9e40615347debf8f99ffea4a9840896f58e0470de8f8fb57690d22bbd5ec1cea
2022_09_MIA_CHI,2022,9,CHI98,outdoors,0,2022-11-06T18:00,16.6,0.0,14.9,8389c48d9c9fdccda8ffd6ff836d19e3cf6ab50093563ae466ce12b4efd74767
2022_09_CAR_CIN,2022,9,CIN00,outdoors,0,2022-11-06T18:00,9.6,0.0,20.2,3bca6de984980bc1fea0ec8cd3045f89cfb70a2c20fd5df8567c76d2a61fc560
2022_09_GB_DET,2022,9,DET00,dome,1,2022-11-06T18:00,,,,
2022_09_LV_JAX,2022,9,JAX00,outdoors,0,2022-11-06T18:00,8.8,0.3,27.6,3a9f161561e39ccc8001c4302235c8af70599ac8fbc6cd38ff349a94d49211c3
2022_09_IND_NE,2022,9,BOS00,outdoors,0,2022-11-06T18:00,11.5,0.0,23.6,2ebd7b7b4365d60964f4fd2390b861fef9c92761e8eda11a6bbf9f306ba25099
2022_09_BUF_NYJ,2022,9,NYC01,outdoors,0,2022-11-06T18:00,7.8,0.0,22.7,93156d7f362cb81d5a9fba028ed30b7d89ceacbe73c98b6fc19d48854b37bd79
2022_09_MIN_WAS,2022,9,WAS00,outdoors,0,2022-11-06T18:00,6.3,0.4,22.7,9e9c035d7101fdec97aa5f03bbc4ae46180d68a4cf7dc4ea197555eeecf86491
2022_09_SEA_ARI,2022,9,PHO00,open,0,2022-11-06T21:00,3.6,0.0,25.0,74a61dc6adaf809fce14885babd8891dd15704cfc77855fd2d9705a0c2fcdef7
2022_09_LA_TB,2022,9,TAM00,outdoors,0,2022-11-06T21:00,6.3,0.1,29.2,fab6ab49cf404bb971ca0dd26b39cb1350c1f0d73477b52e4eaa409bccaf692f
2022_09_TEN_KC,2022,9,KAN00,outdoors,0,2022-11-07T01:00,8.4,0.0,13.6,71b298315ee63a515eee0887d674c11032c01918aa1007771d4ed3d0ead60195
2022_09_BAL_NO,2022,9,NOR00,dome,1,2022-11-08T01:00,,,,
2022_10_ATL_CAR,2022,10,CAR00,outdoors,0,2022-11-11T01:00,12.0,0.3,17.4,3af49fa52463103b45252d72a2f12136055565e4a5a1ece116ebeba1179c259e
2022_10_SEA_TB,2022,10,GER00,outdoors,0,2022-11-13T14:00,6.9,0.0,10.5,1a9af3e452ed6436a9a50c4a4628d5ad3e71985f00be28966129d289eca132ac
2022_10_MIN_BUF,2022,10,BUF00,outdoors,0,2022-11-13T18:00,6.6,0.3,2.6,871cec873e1ecb8496fa15108eb52898462a053cd09ec21861c2e9df699db8d8
2022_10_DET_CHI,2022,10,CHI98,outdoors,0,2022-11-13T18:00,7.7,0.0,2.0,8389c48d9c9fdccda8ffd6ff836d19e3cf6ab50093563ae466ce12b4efd74767
2022_10_JAX_KC,2022,10,KAN00,outdoors,0,2022-11-13T18:00,5.6,0.0,1.4,71b298315ee63a515eee0887d674c11032c01918aa1007771d4ed3d0ead60195
2022_10_CLE_MIA,2022,10,MIA00,outdoors,0,2022-11-13T18:00,3.9,0.0,27.7,46ed1bb19f5fe50a5115788631da243d05d6c1e6a165f66e4fa3e8b3ab14681f
2022_10_HOU_NYG,2022,10,NYC01,outdoors,0,2022-11-13T18:00,12.1,0.0,11.6,93156d7f362cb81d5a9fba028ed30b7d89ceacbe73c98b6fc19d48854b37bd79
2022_10_NO_PIT,2022,10,PIT00,outdoors,0,2022-11-13T18:00,12.5,0.0,4.4,603385670475d98ffe84cca64f021fea22a751e2e2232f0b12dfdcd8802872b7
2022_10_DEN_TEN,2022,10,NAS00,outdoors,0,2022-11-13T18:00,5.4,0.0,3.7,c4b436651fa3fbfaa9aea9f7e0fb12aff6bd1731056732707f4884af5af2fee0
2022_10_IND_LV,2022,10,VEG00,dome,1,2022-11-13T21:00,,,,
2022_10_DAL_GB,2022,10,GNB00,outdoors,0,2022-11-13T21:00,6.6,0.0,0.1,b0d28beb8e99b8e500d07f653b106acbae839e1ca8fe56ec16da7c3d4f13bd18
2022_10_ARI_LA,2022,10,LAX01,dome,1,2022-11-13T21:00,,,,
2022_10_LAC_SF,2022,10,SFO01,outdoors,0,2022-11-14T01:00,4.0,0.0,16.8,3f69bcc6aa946912be164e6f4a32362f57c75cd557cc9a494bf23ef32d007aac
2022_10_WAS_PHI,2022,10,PHI00,outdoors,0,2022-11-15T01:00,3.4,0.0,3.4,44b7fc8deca9d0d34b3ca04b6c57fc28792ff0a889c24a0f016d0aabe02c04a2
2022_11_TEN_GB,2022,11,GNB00,outdoors,0,2022-11-18T01:00,9.8,0.0,-3.7,b0d28beb8e99b8e500d07f653b106acbae839e1ca8fe56ec16da7c3d4f13bd18
2022_11_CHI_ATL,2022,11,ATL97,closed,1,2022-11-20T18:00,,,,
2022_11_CAR_BAL,2022,11,BAL00,outdoors,0,2022-11-20T18:00,16.5,0.0,2.7,ce753559a48c6b4cea173c8020018c9334737b00a49b385e46c599760a4a90c9
2022_11_CLE_BUF,2022,11,DET00,dome,1,2022-11-20T18:00,,,,
2022_11_WAS_HOU,2022,11,HOU00,closed,1,2022-11-20T18:00,,,,
2022_11_PHI_IND,2022,11,IND00,closed,1,2022-11-20T18:00,,,,
2022_11_NYJ_NE,2022,11,BOS00,outdoors,0,2022-11-20T18:00,14.3,0.0,3.1,2ebd7b7b4365d60964f4fd2390b861fef9c92761e8eda11a6bbf9f306ba25099
2022_11_LA_NO,2022,11,NOR00,dome,1,2022-11-20T18:00,,,,
2022_11_DET_NYG,2022,11,NYC01,outdoors,0,2022-11-20T18:00,17.2,0.0,2.8,93156d7f362cb81d5a9fba028ed30b7d89ceacbe73c98b6fc19d48854b37bd79
2022_11_LV_DEN,2022,11,DEN00,outdoors,0,2022-11-20T21:00,3.0,0.0,10.8,6c99708e455926ff5954d21238ef0c14fa7ff8287d96b37d305c2edc9f147c0c
2022_11_DAL_MIN,2022,11,MIN01,dome,1,2022-11-20T21:00,,,,
2022_11_CIN_PIT,2022,11,PIT00,outdoors,0,2022-11-20T21:00,9.2,0.0,-1.4,603385670475d98ffe84cca64f021fea22a751e2e2232f0b12dfdcd8802872b7
2022_11_KC_LAC,2022,11,LAX01,dome,1,2022-11-21T01:00,,,,
2022_11_SF_ARI,2022,11,MEX00,outdoors,0,2022-11-22T01:00,3.2,0.0,14.9,add3dad2086cf55666b123ec1453ef9d35c0ae6bc8338b7493c8da4ceb1fc592
2022_12_BUF_DET,2022,12,DET00,dome,1,2022-11-24T17:00,,,,
2022_12_NYG_DAL,2022,12,DAL00,closed,1,2022-11-24T21:00,,,,
2022_12_NE_MIN,2022,12,MIN01,dome,1,2022-11-25T01:00,,,,
2022_12_DEN_CAR,2022,12,CAR00,outdoors,0,2022-11-27T18:00,16.1,0.1,19.8,3af49fa52463103b45252d72a2f12136055565e4a5a1ece116ebeba1179c259e
2022_12_TB_CLE,2022,12,CLE00,outdoors,0,2022-11-27T18:00,9.9,0.3,12.2,fcbf0bf12e9f69659ba05fa056d4bdd9765d40db86b13e393007ddff3d335596
2022_12_BAL_JAX,2022,12,JAX00,outdoors,0,2022-11-27T18:00,12.1,0.1,25.4,3a9f161561e39ccc8001c4302235c8af70599ac8fbc6cd38ff349a94d49211c3
2022_12_HOU_MIA,2022,12,MIA00,outdoors,0,2022-11-27T18:00,7.9,0.1,28.5,46ed1bb19f5fe50a5115788631da243d05d6c1e6a165f66e4fa3e8b3ab14681f
2022_12_CHI_NYJ,2022,12,NYC01,outdoors,0,2022-11-27T18:00,6.3,0.0,10.0,93156d7f362cb81d5a9fba028ed30b7d89ceacbe73c98b6fc19d48854b37bd79
2022_12_CIN_TEN,2022,12,NAS00,outdoors,0,2022-11-27T18:00,15.3,0.0,13.9,c4b436651fa3fbfaa9aea9f7e0fb12aff6bd1731056732707f4884af5af2fee0
2022_12_ATL_WAS,2022,12,WAS00,outdoors,0,2022-11-27T18:00,10.5,1.6,9.8,9e9c035d7101fdec97aa5f03bbc4ae46180d68a4cf7dc4ea197555eeecf86491
2022_12_LAC_ARI,2022,12,PHO00,closed,1,2022-11-27T21:00,,,,
2022_12_LV_SEA,2022,12,SEA00,outdoors,0,2022-11-27T21:00,9.2,0.1,7.9,dfcea12c035d092d1dd1668a34e0b96bc8910eef360510c5a4d2c62f71b13025
2022_12_LA_KC,2022,12,KAN00,outdoors,0,2022-11-27T21:00,9.5,0.0,7.6,71b298315ee63a515eee0887d674c11032c01918aa1007771d4ed3d0ead60195
2022_12_NO_SF,2022,12,SFO01,outdoors,0,2022-11-27T21:00,2.9,0.0,18.6,3f69bcc6aa946912be164e6f4a32362f57c75cd557cc9a494bf23ef32d007aac
2022_12_GB_PHI,2022,12,PHI00,outdoors,0,2022-11-28T01:00,14.2,0.0,14.7,44b7fc8deca9d0d34b3ca04b6c57fc28792ff0a889c24a0f016d0aabe02c04a2
2022_12_PIT_IND,2022,12,IND00,closed,1,2022-11-29T01:00,,,,
2022_13_BUF_NE,2022,13,BOS00,outdoors,0,2022-12-02T01:00,9.3,0.0,2.4,2ebd7b7b4365d60964f4fd2390b861fef9c92761e8eda11a6bbf9f306ba25099
2022_13_PIT_ATL,2022,13,ATL97,closed,1,2022-12-04T18:00,,,,
2022_13_DEN_BAL,2022,13,BAL00,outdoors,0,2022-12-04T18:00,5.1,0.0,6.1,ce753559a48c6b4cea173c8020018c9334737b00a49b385e46c599760a4a90c9
2022_13_GB_CHI,2022,13,CHI98,outdoors,0,2022-12-04T18:00,13.5,0.0,2.1,8389c48d9c9fdccda8ffd6ff836d19e3cf6ab50093563ae466ce12b4efd74767
2022_13_JAX_DET,2022,13,DET00,dome,1,2022-12-04T18:00,,,,
2022_13_CLE_HOU,2022,13,HOU00,closed,1,2022-12-04T18:00,,,,
2022_13_NYJ_MIN,2022,13,MIN01,dome,1,2022-12-04T18:00,,,,
2022_13_WAS_NYG,2022,13,NYC01,outdoors,0,2022-12-04T18:00,5.5,0.0,6.6,93156d7f362cb81d5a9fba028ed30b7d89ceacbe73c98b6fc19d48854b37bd79
2022_13_TEN_PHI,2022,13,PHI00,outdoors,0,2022-12-04T18:00,5.2,0.0,7.7,44b7fc8deca9d0d34b3ca04b6c57fc28792ff0a889c24a0f016d0aabe02c04a2
2022_13_SEA_LA,2022,13,LAX01,dome,1,2022-12-04T21:00,,,,
2022_13_MIA_SF,2022,13,SFO01,outdoors,0,2022-12-04T21:00,6.7,0.0,14.6,3f69bcc6aa946912be164e6f4a32362f57c75cd557cc9a494bf23ef32d007aac
2022_13_KC_CIN,2022,13,CIN00,outdoors,0,2022-12-04T21:00,3.7,0.0,5.8,3bca6de984980bc1fea0ec8cd3045f89cfb70a2c20fd5df8567c76d2a61fc560
2022_13_LAC_LV,2022,13,VEG00,dome,1,2022-12-04T21:00,,,,
2022_13_IND_DAL,2022,13,DAL00,closed,1,2022-12-05T01:00,,,,
2022_13_NO_TB,2022,13,TAM00,outdoors,0,2022-12-06T01:00,3.4,0.0,20.8,fab6ab49cf404bb971ca0dd26b39cb1350c1f0d73477b52e4eaa409bccaf692f
2022_14_LV_LA,2022,14,LAX01,dome,1,2022-12-09T01:00,,,,
2022_14_NYJ_BUF,2022,14,BUF00,outdoors,0,2022-12-11T18:00,8.6,0.2,1.4,871cec873e1ecb8496fa15108eb52898462a053cd09ec21861c2e9df699db8d8
2022_14_CLE_CIN,2022,14,CIN00,outdoors,0,2022-12-11T18:00,4.2,0.0,7.3,3bca6de984980bc1fea0ec8cd3045f89cfb70a2c20fd5df8567c76d2a61fc560
2022_14_HOU_DAL,2022,14,DAL00,closed,1,2022-12-11T18:00,,,,
2022_14_MIN_DET,2022,14,DET00,dome,1,2022-12-11T18:00,,,,
2022_14_PHI_NYG,2022,14,NYC01,outdoors,0,2022-12-11T18:00,8.2,0.2,4.3,93156d7f362cb81d5a9fba028ed30b7d89ceacbe73c98b6fc19d48854b37bd79
2022_14_BAL_PIT,2022,14,PIT00,outdoors,0,2022-12-11T18:00,7.6,0.0,6.8,603385670475d98ffe84cca64f021fea22a751e2e2232f0b12dfdcd8802872b7
2022_14_JAX_TEN,2022,14,NAS00,outdoors,0,2022-12-11T18:00,4.6,0.0,10.1,c4b436651fa3fbfaa9aea9f7e0fb12aff6bd1731056732707f4884af5af2fee0
2022_14_KC_DEN,2022,14,DEN00,outdoors,0,2022-12-11T21:00,7.7,0.0,17.1,6c99708e455926ff5954d21238ef0c14fa7ff8287d96b37d305c2edc9f147c0c
2022_14_CAR_SEA,2022,14,SEA00,outdoors,0,2022-12-11T21:00,4.6,0.0,7.3,dfcea12c035d092d1dd1668a34e0b96bc8910eef360510c5a4d2c62f71b13025
2022_14_TB_SF,2022,14,SFO01,outdoors,0,2022-12-11T21:00,6.8,0.2,12.0,3f69bcc6aa946912be164e6f4a32362f57c75cd557cc9a494bf23ef32d007aac
2022_14_MIA_LAC,2022,14,LAX01,dome,1,2022-12-12T01:00,,,,
2022_14_NE_ARI,2022,14,PHO00,closed,1,2022-12-13T01:00,,,,
2022_15_SF_SEA,2022,15,SEA00,outdoors,0,2022-12-16T01:00,6.0,0.0,4.2,dfcea12c035d092d1dd1668a34e0b96bc8910eef360510c5a4d2c62f71b13025
2022_15_IND_MIN,2022,15,MIN01,dome,1,2022-12-17T18:00,,,,
2022_15_BAL_CLE,2022,15,CLE00,outdoors,0,2022-12-17T21:00,12.0,0.1,0.0,fcbf0bf12e9f69659ba05fa056d4bdd9765d40db86b13e393007ddff3d335596
2022_15_MIA_BUF,2022,15,BUF00,outdoors,0,2022-12-18T01:00,8.6,0.0,-1.4,871cec873e1ecb8496fa15108eb52898462a053cd09ec21861c2e9df699db8d8
2022_15_PIT_CAR,2022,15,CAR00,outdoors,0,2022-12-18T18:00,6.3,0.0,7.7,3af49fa52463103b45252d72a2f12136055565e4a5a1ece116ebeba1179c259e
2022_15_PHI_CHI,2022,15,CHI98,outdoors,0,2022-12-18T18:00,14.8,0.0,-5.7,8389c48d9c9fdccda8ffd6ff836d19e3cf6ab50093563ae466ce12b4efd74767
2022_15_KC_HOU,2022,15,HOU00,closed,1,2022-12-18T18:00,,,,
2022_15_DAL_JAX,2022,15,JAX00,outdoors,0,2022-12-18T18:00,6.1,0.0,14.3,3a9f161561e39ccc8001c4302235c8af70599ac8fbc6cd38ff349a94d49211c3
2022_15_ATL_NO,2022,15,NOR00,dome,1,2022-12-18T18:00,,,,
2022_15_DET_NYJ,2022,15,NYC01,outdoors,0,2022-12-18T18:00,11.7,0.0,4.4,93156d7f362cb81d5a9fba028ed30b7d89ceacbe73c98b6fc19d48854b37bd79
2022_15_ARI_DEN,2022,15,DEN00,outdoors,0,2022-12-18T21:00,3.7,0.0,4.3,6c99708e455926ff5954d21238ef0c14fa7ff8287d96b37d305c2edc9f147c0c
2022_15_NE_LV,2022,15,VEG00,dome,1,2022-12-18T21:00,,,,
2022_15_TEN_LAC,2022,15,LAX01,dome,1,2022-12-18T21:00,,,,
2022_15_CIN_TB,2022,15,TAM00,outdoors,0,2022-12-18T21:00,9.3,0.0,18.7,fab6ab49cf404bb971ca0dd26b39cb1350c1f0d73477b52e4eaa409bccaf692f
2022_15_NYG_WAS,2022,15,WAS00,outdoors,0,2022-12-19T01:00,9.7,0.0,1.4,9e9c035d7101fdec97aa5f03bbc4ae46180d68a4cf7dc4ea197555eeecf86491
2022_15_LA_GB,2022,15,GNB00,outdoors,0,2022-12-20T01:00,3.5,0.0,-9.5,b0d28beb8e99b8e500d07f653b106acbae839e1ca8fe56ec16da7c3d4f13bd18
2022_16_JAX_NYJ,2022,16,NYC01,outdoors,0,2022-12-23T01:00,15.4,1.0,6.5,93156d7f362cb81d5a9fba028ed30b7d89ceacbe73c98b6fc19d48854b37bd79
2022_16_ATL_BAL,2022,16,BAL00,outdoors,0,2022-12-24T18:00,16.3,0.0,-7.9,ce753559a48c6b4cea173c8020018c9334737b00a49b385e46c599760a4a90c9
2022_16_DET_CAR,2022,16,CAR00,outdoors,0,2022-12-24T18:00,9.3,0.0,-5.0,3af49fa52463103b45252d72a2f12136055565e4a5a1ece116ebeba1179c259e
2022_16_BUF_CHI,2022,16,CHI98,outdoors,0,2022-12-24T18:00,21.1,0.0,-11.3,8389c48d9c9fdccda8ffd6ff836d19e3cf6ab50093563ae466ce12b4efd74767
2022_16_NO_CLE,2022,16,CLE00,outdoors,0,2022-12-24T18:00,24.7,0.1,-15.0,fcbf0bf12e9f69659ba05fa056d4bdd9765d40db86b13e393007ddff3d335596
2022_16_SEA_KC,2022,16,KAN00,outdoors,0,2022-12-24T18:00,9.6,0.0,-9.8,71b298315ee63a515eee0887d674c11032c01918aa1007771d4ed3d0ead60195
2022_16_NYG_MIN,2022,16,MIN01,dome,1,2022-12-24T18:00,,,,
2022_16_CIN_NE,2022,16,BOS00,outdoors,0,2022-12-24T18:00,11.7,0.0,-8.3,2ebd7b7b4365d60964f4fd2390b861fef9c92761e8eda11a6bbf9f306ba25099
2022_16_HOU_TEN,2022,16,NAS00,outdoors,0,2022-12-24T19:00,10.7,0.0,-6.1,c4b436651fa3fbfaa9aea9f7e0fb12aff6bd1731056732707f4884af5af2fee0
2022_16_WAS_SF,2022,16,SFO01,outdoors,0,2022-12-24T21:00,3.8,0.0,15.7,3f69bcc6aa946912be164e6f4a32362f57c75cd557cc9a494bf23ef32d007aac
2022_16_PHI_DAL,2022,16,DAL00,closed,1,2022-12-24T21:00,,,,
2022_16_LV_PIT,2022,16,PIT00,outdoors,0,2022-12-25T01:00,13.4,0.0,-12.1,603385670475d98ffe84cca64f021fea22a751e2e2232f0b12dfdcd8802872b7
2022_16_GB_MIA,2022,16,MIA00,outdoors,0,2022-12-25T18:00,13.4,0.0,10.4,46ed1bb19f5fe50a5115788631da243d05d6c1e6a165f66e4fa3e8b3ab14681f
2022_16_DEN_LA,2022,16,LAX01,dome,1,2022-12-25T21:00,,,,
2022_16_TB_ARI,2022,16,PHO00,open,0,2022-12-26T01:00,4.3,0.0,20.9,74a61dc6adaf809fce14885babd8891dd15704cfc77855fd2d9705a0c2fcdef7
2022_16_LAC_IND,2022,16,IND00,closed,1,2022-12-27T01:00,,,,
2022_17_DAL_TEN,2022,17,NAS00,outdoors,0,2022-12-30T01:00,9.8,0.1,14.7,c4b436651fa3fbfaa9aea9f7e0fb12aff6bd1731056732707f4884af5af2fee0
2022_17_ARI_ATL,2022,17,ATL97,closed,1,2023-01-01T18:00,,,,
2022_17_CHI_DET,2022,17,DET00,dome,1,2023-01-01T18:00,,,,
2022_17_JAX_HOU,2022,17,HOU00,closed,1,2023-01-01T18:00,,,,
2022_17_DEN_KC,2022,17,KAN00,outdoors,0,2023-01-01T18:00,4.1,0.0,11.3,71b298315ee63a515eee0887d674c11032c01918aa1007771d4ed3d0ead60195
2022_17_MIA_NE,2022,17,BOS00,outdoors,0,2023-01-01T18:00,9.9,0.0,12.3,2ebd7b7b4365d60964f4fd2390b861fef9c92761e8eda11a6bbf9f306ba25099
2022_17_IND_NYG,2022,17,NYC01,outdoors,0,2023-01-01T18:00,8.6,0.0,10.1,93156d7f362cb81d5a9fba028ed30b7d89ceacbe73c98b6fc19d48854b37bd79
2022_17_NO_PHI,2022,17,PHI00,outdoors,0,2023-01-01T18:00,7.6,0.0,14.3,44b7fc8deca9d0d34b3ca04b6c57fc28792ff0a889c24a0f016d0aabe02c04a2
2022_17_CAR_TB,2022,17,TAM00,outdoors,0,2023-01-01T18:00,3.8,0.1,21.9,fab6ab49cf404bb971ca0dd26b39cb1350c1f0d73477b52e4eaa409bccaf692f
2022_17_CLE_WAS,2022,17,WAS00,outdoors,0,2023-01-01T18:00,5.7,0.0,15.6,9e9c035d7101fdec97aa5f03bbc4ae46180d68a4cf7dc4ea197555eeecf86491
2022_17_SF_LV,2022,17,VEG00,dome,1,2023-01-01T21:00,,,,
2022_17_NYJ_SEA,2022,17,SEA00,outdoors,0,2023-01-01T21:00,0.7,0.0,7.9,dfcea12c035d092d1dd1668a34e0b96bc8910eef360510c5a4d2c62f71b13025
2022_17_MIN_GB,2022,17,GNB00,outdoors,0,2023-01-01T21:00,7.4,0.0,3.9,b0d28beb8e99b8e500d07f653b106acbae839e1ca8fe56ec16da7c3d4f13bd18
2022_17_LA_LAC,2022,17,LAX01,dome,1,2023-01-01T21:00,,,,
2022_17_PIT_BAL,2022,17,BAL00,outdoors,0,2023-01-02T01:00,6.7,0.0,7.6,ce753559a48c6b4cea173c8020018c9334737b00a49b385e46c599760a4a90c9
2022_18_KC_LV,2022,18,VEG00,dome,1,2023-01-07T21:00,,,,
2022_18_TEN_JAX,2022,18,JAX00,outdoors,0,2023-01-08T01:00,4.4,0.0,10.7,3a9f161561e39ccc8001c4302235c8af70599ac8fbc6cd38ff349a94d49211c3
2022_18_TB_ATL,2022,18,ATL97,closed,1,2023-01-08T18:00,,,,
2022_18_NE_BUF,2022,18,BUF00,outdoors,0,2023-01-08T18:00,3.2,0.0,-0.9,871cec873e1ecb8496fa15108eb52898462a053cd09ec21861c2e9df699db8d8
2022_18_MIN_CHI,2022,18,CHI98,outdoors,0,2023-01-08T18:00,1.6,0.0,-0.1,8389c48d9c9fdccda8ffd6ff836d19e3cf6ab50093563ae466ce12b4efd74767
2022_18_BAL_CIN,2022,18,CIN00,outdoors,0,2023-01-08T18:00,3.7,0.0,3.6,3bca6de984980bc1fea0ec8cd3045f89cfb70a2c20fd5df8567c76d2a61fc560
2022_18_HOU_IND,2022,18,IND00,closed,1,2023-01-08T18:00,,,,
2022_18_NYJ_MIA,2022,18,MIA00,outdoors,0,2023-01-08T18:00,7.3,0.0,24.6,46ed1bb19f5fe50a5115788631da243d05d6c1e6a165f66e4fa3e8b3ab14681f
2022_18_CAR_NO,2022,18,NOR00,dome,1,2023-01-08T18:00,,,,
2022_18_CLE_PIT,2022,18,PIT00,outdoors,0,2023-01-08T18:00,3.2,0.0,3.5,603385670475d98ffe84cca64f021fea22a751e2e2232f0b12dfdcd8802872b7
2022_18_LAC_DEN,2022,18,DEN00,outdoors,0,2023-01-08T21:00,4.4,0.0,9.5,6c99708e455926ff5954d21238ef0c14fa7ff8287d96b37d305c2edc9f147c0c
2022_18_NYG_PHI,2022,18,PHI00,outdoors,0,2023-01-08T21:00,5.1,0.0,6.0,44b7fc8deca9d0d34b3ca04b6c57fc28792ff0a889c24a0f016d0aabe02c04a2
2022_18_LA_SEA,2022,18,SEA00,outdoors,0,2023-01-08T21:00,9.8,0.9,9.3,dfcea12c035d092d1dd1668a34e0b96bc8910eef360510c5a4d2c62f71b13025
2022_18_ARI_SF,2022,18,SFO01,outdoors,0,2023-01-08T21:00,8.6,0.0,16.3,3f69bcc6aa946912be164e6f4a32362f57c75cd557cc9a494bf23ef32d007aac
2022_18_DAL_WAS,2022,18,WAS00,outdoors,0,2023-01-08T21:00,5.1,0.0,5.5,9e9c035d7101fdec97aa5f03bbc4ae46180d68a4cf7dc4ea197555eeecf86491
2022_18_DET_GB,2022,18,GNB00,outdoors,0,2023-01-09T01:00,10.0,0.0,-4.4,b0d28beb8e99b8e500d07f653b106acbae839e1ca8fe56ec16da7c3d4f13bd18
2023_01_DET_KC,2023,1,KAN00,outdoors,0,2023-09-08T00:00,5.9,0.0,26.6,71b298315ee63a515eee0887d674c11032c01918aa1007771d4ed3d0ead60195
2023_01_CAR_ATL,2023,1,ATL97,closed,1,2023-09-10T17:00,,,,
2023_01_HOU_BAL,2023,1,BAL00,outdoors,0,2023-09-10T17:00,1.1,0.6,24.7,ce753559a48c6b4cea173c8020018c9334737b00a49b385e46c599760a4a90c9
2023_01_CIN_CLE,2023,1,CLE00,outdoors,0,2023-09-10T17:00,8.4,0.3,21.0,fcbf0bf12e9f69659ba05fa056d4bdd9765d40db86b13e393007ddff3d335596
2023_01_JAX_IND,2023,1,IND00,closed,1,2023-09-10T17:00,,,,
2023_01_TB_MIN,2023,1,MIN01,dome,1,2023-09-10T17:00,,,,
2023_01_TEN_NO,2023,1,NOR00,dome,1,2023-09-10T17:00,,,,
2023_01_SF_PIT,2023,1,PIT00,outdoors,0,2023-09-10T17:00,1.9,0.1,23.3,603385670475d98ffe84cca64f021fea22a751e2e2232f0b12dfdcd8802872b7
2023_01_ARI_WAS,2023,1,WAS00,outdoors,0,2023-09-10T17:00,1.7,0.4,26.2,9e9c035d7101fdec97aa5f03bbc4ae46180d68a4cf7dc4ea197555eeecf86491
2023_01_GB_CHI,2023,1,CHI98,outdoors,0,2023-09-10T20:00,1.5,0.0,24.6,8389c48d9c9fdccda8ffd6ff836d19e3cf6ab50093563ae466ce12b4efd74767
2023_01_LV_DEN,2023,1,DEN00,outdoors,0,2023-09-10T20:00,7.3,1.4,20.2,6c99708e455926ff5954d21238ef0c14fa7ff8287d96b37d305c2edc9f147c0c
2023_01_MIA_LAC,2023,1,LAX01,dome,1,2023-09-10T20:00,,,,
2023_01_PHI_NE,2023,1,BOS00,outdoors,0,2023-09-10T20:00,0.7,0.2,23.1,2ebd7b7b4365d60964f4fd2390b861fef9c92761e8eda11a6bbf9f306ba25099
2023_01_LA_SEA,2023,1,SEA00,outdoors,0,2023-09-10T20:00,6.7,0.0,22.6,dfcea12c035d092d1dd1668a34e0b96bc8910eef360510c5a4d2c62f71b13025
2023_01_DAL_NYG,2023,1,NYC01,outdoors,0,2023-09-11T00:00,3.4,0.1,23.8,93156d7f362cb81d5a9fba028ed30b7d89ceacbe73c98b6fc19d48854b37bd79
2023_01_BUF_NYJ,2023,1,NYC01,outdoors,0,2023-09-12T00:00,2.3,0.0,23.1,93156d7f362cb81d5a9fba028ed30b7d89ceacbe73c98b6fc19d48854b37bd79
2023_02_MIN_PHI,2023,2,PHI00,outdoors,0,2023-09-15T00:00,8.3,0.0,21.0,44b7fc8deca9d0d34b3ca04b6c57fc28792ff0a889c24a0f016d0aabe02c04a2
2023_02_GB_ATL,2023,2,ATL97,open,0,2023-09-17T17:00,7.6,0.0,25.3,9e40615347debf8f99ffea4a9840896f58e0470de8f8fb57690d22bbd5ec1cea
2023_02_LV_BUF,2023,2,BUF00,outdoors,0,2023-09-17T17:00,0.8,0.0,19.9,871cec873e1ecb8496fa15108eb52898462a053cd09ec21861c2e9df699db8d8
2023_02_BAL_CIN,2023,2,CIN00,outdoors,0,2023-09-17T17:00,3.4,0.0,23.5,3bca6de984980bc1fea0ec8cd3045f89cfb70a2c20fd5df8567c76d2a61fc560
2023_02_SEA_DET,2023,2,DET00,dome,1,2023-09-17T17:00,,,,
2023_02_IND_HOU,2023,2,HOU00,open,0,2023-09-17T17:00,5.4,0.0,31.2,ed70d9094fddccc61ba4d97ced27bffa07a782cad87a4ef1b5c1d149f4b1c2f8
2023_02_KC_JAX,2023,2,JAX00,outdoors,0,2023-09-17T17:00,5.2,0.1,32.7,3a9f161561e39ccc8001c4302235c8af70599ac8fbc6cd38ff349a94d49211c3
2023_02_CHI_TB,2023,2,TAM00,outdoors,0,2023-09-17T17:00,6.9,0.9,29.8,fab6ab49cf404bb971ca0dd26b39cb1350c1f0d73477b52e4eaa409bccaf692f
2023_02_LAC_TEN,2023,2,NAS00,outdoors,0,2023-09-17T17:00,4.2,0.0,25.4,c4b436651fa3fbfaa9aea9f7e0fb12aff6bd1731056732707f4884af5af2fee0
2023_02_NYG_ARI,2023,2,PHO00,closed,1,2023-09-17T20:00,,,,
2023_02_SF_LA,2023,2,LAX01,dome,1,2023-09-17T20:00,,,,
2023_02_NYJ_DAL,2023,2,DAL00,open,0,2023-09-17T20:00,5.0,0.0,32.1,ae72dc9d14b0fa0fb65374a552d134417857170458eff8d632150e59ae5bc12b
2023_02_WAS_DEN,2023,2,DEN00,outdoors,0,2023-09-17T20:00,4.2,0.0,27.5,6c99708e455926ff5954d21238ef0c14fa7ff8287d96b37d305c2edc9f147c0c
2023_02_MIA_NE,2023,2,BOS00,outdoors,0,2023-09-18T00:00,5.7,0.0,18.7,2ebd7b7b4365d60964f4fd2390b861fef9c92761e8eda11a6bbf9f306ba25099
2023_02_NO_CAR,2023,2,CAR00,outdoors,0,2023-09-18T23:00,2.6,0.0,22.9,3af49fa52463103b45252d72a2f12136055565e4a5a1ece116ebeba1179c259e
2023_02_CLE_PIT,2023,2,PIT00,outdoors,0,2023-09-19T00:00,7.1,0.0,18.1,603385670475d98ffe84cca64f021fea22a751e2e2232f0b12dfdcd8802872b7
2023_03_NYG_SF,2023,3,SFO01,outdoors,0,2023-09-22T00:00,6.4,0.0,23.8,3f69bcc6aa946912be164e6f4a32362f57c75cd557cc9a494bf23ef32d007aac
2023_03_IND_BAL,2023,3,BAL00,outdoors,0,2023-09-24T17:00,3.6,1.0,20.3,ce753559a48c6b4cea173c8020018c9334737b00a49b385e46c599760a4a90c9
2023_03_TEN_CLE,2023,3,CLE00,outdoors,0,2023-09-24T17:00,11.1,0.0,18.8,fcbf0bf12e9f69659ba05fa056d4bdd9765d40db86b13e393007ddff3d335596
2023_03_ATL_DET,2023,3,DET00,dome,1,2023-09-24T17:00,,,,
2023_03_NO_GB,2023,3,GNB00,outdoors,0,2023-09-24T17:00,10.5,0.0,21.9,b0d28beb8e99b8e500d07f653b106acbae839e1ca8fe56ec16da7c3d4f13bd18
2023_03_HOU_JAX,2023,3,JAX00,outdoors,0,2023-09-24T17:00,3.7,0.0,31.6,3a9f161561e39ccc8001c4302235c8af70599ac8fbc6cd38ff349a94d49211c3
2023_03_DEN_MIA,2023,3,MIA00,outdoors,0,2023-09-24T17:00,4.7,0.1,28.5,46ed1bb19f5fe50a5115788631da243d05d6c1e6a165f66e4fa3e8b3ab14681f
2023_03_LAC_MIN,2023,3,MIN01,dome,1,2023-09-24T17:00,,,,
2023_03_NE_NYJ,2023,3,NYC01,outdoors,0,2023-09-24T17:00,16.0,0.2,18.4,93156d7f362cb81d5a9fba028ed30b7d89ceacbe73c98b6fc19d48854b37bd79
2023_03_BUF_WAS,2023,3,WAS00,outdoors,0,2023-09-24T17:00,1.1,0.2,19.6,9e9c035d7101fdec97aa5f03bbc4ae46180d68a4cf7dc4ea197555eeecf86491
2023_03_CAR_SEA,2023,3,SEA00,outdoors,0,2023-09-24T20:00,1.9,0.0,18.1,dfcea12c035d092d1dd1668a34e0b96bc8910eef360510c5a4d2c62f71b13025
2023_03_DAL_ARI,2023,3,PHO00,open,0,2023-09-24T20:00,1.8,0.0,34.9,74a61dc6adaf809fce14885babd8891dd15704cfc77855fd2d9705a0c2fcdef7
2023_03_CHI_KC,2023,3,KAN00,outdoors,0,2023-09-24T20:00,5.2,0.0,28.6,71b298315ee63a515eee0887d674c11032c01918aa1007771d4ed3d0ead60195
2023_03_PIT_LV,2023,3,VEG00,dome,1,2023-09-25T00:00,,,,
2023_03_PHI_TB,2023,3,TAM00,outdoors,0,2023-09-25T23:00,2.7,0.0,27.5,fab6ab49cf404bb971ca0dd26b39cb1350c1f0d73477b52e4eaa409bccaf692f
2023_03_LA_CIN,2023,3,CIN00,outdoors,0,2023-09-26T00:00,6.5,0.0,21.8,3bca6de984980bc1fea0ec8cd3045f89cfb70a2c20fd5df8567c76d2a61fc560
2023_04_DET_GB,2023,4,GNB00,outdoors,0,2023-09-29T00:00,3.6,0.0,16.8,b0d28beb8e99b8e500d07f653b106acbae839e1ca8fe56ec16da7c3d4f13bd18
2023_04_ATL_JAX,2023,4,LON00,outdoors,0,2023-10-01T13:00,12.2,0.0,21.1,6dc5e1fd8f42b307222e28847c6e943d506cfeb2cf2d2bc7228cf4186fd30c4b
2023_04_MIA_BUF,2023,4,BUF00,outdoors,0,2023-10-01T17:00,4.6,0.0,23.4,871cec873e1ecb8496fa15108eb52898462a053cd09ec21861c2e9df699db8d8
2023_04_MIN_CAR,2023,4,CAR00,outdoors,0,2023-10-01T17:00,6.6,0.0,26.2,3af49fa52463103b45252d72a2f12136055565e4a5a1ece116ebeba1179c259e
2023_04_DEN_CHI,2023,4,CHI98,outdoors,0,2023-10-01T17:00,2.3,0.0,25.5,8389c48d9c9fdccda8ffd6ff836d19e3cf6ab50093563ae466ce12b4efd74767
2023_04_BAL_CLE,2023,4,CLE00,outdoors,0,2023-10-01T17:00,2.8,0.0,22.9,fcbf0bf12e9f69659ba05fa056d4bdd9765d40db86b13e393007ddff3d335596
2023_04_PIT_HOU,2023,4,HOU00,open,0,2023-10-01T17:00,11.7,0.0,32.5,ed70d9094fddccc61ba4d97ced27bffa07a782cad87a4ef1b5c1d149f4b1c2f8
2023_04_LA_IND,2023,4,IND00,open,0,2023-10-01T17:00,4.1,0.0,27.3,d9838279af40fcefdc5c9880b5e5e38d7133ea3cd7880604a49995b9f11396b9
2023_04_TB_NO,2023,4,NOR00,dome,1,2023-10-01T17:00,,,,
2023_04_WAS_PHI,2023,4,PHI00,outdoors,0,2023-10-01T17:00,7.0,0.0,25.7,44b7fc8deca9d0d34b3ca04b6c57fc28792ff0a889c24a0f016d0aabe02c04a2
2023_04_CIN_TEN,2023,4,NAS00,outdoors,0,2023-10-01T17:00,2.1,0.0,30.3,c4b436651fa3fbfaa9aea9f7e0fb12aff6bd1731056732707f4884af5af2fee0
2023_04_LV_LAC,2023,4,LAX01,dome,1,2023-10-01T20:00,,,,
2023_04_NE_DAL,2023,4,DAL00,closed,1,2023-10-01T20:00,,,,
2023_04_ARI_SF,2023,4,SFO01,outdoors,0,2023-10-01T20:00,5.7,0.0,21.9,3f69bcc6aa946912be164e6f4a32362f57c75cd557cc9a494bf23ef32d007aac
2023_04_KC_NYJ,2023,4,NYC01,outdoors,0,2023-10-02T00:00,5.4,0.0,19.8,93156d7f362cb81d5a9fba028ed30b7d89ceacbe73c98b6fc19d48854b37bd79
2023_04_SEA_NYG,2023,4,NYC01,outdoors,0,2023-10-03T00:00,3.9,0.0,19.2,93156d7f362cb81d5a9fba028ed30b7d89ceacbe73c98b6fc19d48854b37bd79
2023_05_CHI_WAS,2023,5,WAS00,outdoors,0,2023-10-06T00:00,3.2,0.1,21.4,9e9c035d7101fdec97aa5f03bbc4ae46180d68a4cf7dc4ea197555eeecf86491
2023_05_JAX_BUF,2023,5,LON02,outdoors,0,2023-10-08T13:00,6.9,0.0,23.7,7515f36054f9b875053b991cecc842eb236493a21174b025476ab0c926272467
2023_05_HOU_ATL,2023,5,ATL97,open,0,2023-10-08T17:00,8.4,0.0,17.6,9e40615347debf8f99ffea4a9840896f58e0470de8f8fb57690d22bbd5ec1cea
2023_05_CAR_DET,2023,5,DET00,dome,1,2023-10-08T17:00,,,,
2023_05_TEN_IND,2023,5,IND00,open,0,2023-10-08T17:00,12.1,0.0,12.3,d9838279af40fcefdc5c9880b5e5e38d7133ea3cd7880604a49995b9f11396b9
2023_05_NYG_MIA,2023,5,MIA00,outdoors,0,2023-10-08T17:00,3.5,0.1,29.5,46ed1bb19f5fe50a5115788631da243d05d6c1e6a165f66e4fa3e8b3ab14681f
2023_05_NO_NE,2023,5,BOS00,outdoors,0,2023-10-08T17:00,10.6,0.0,17.0,2ebd7b7b4365d60964f4fd2390b861fef9c92761e8eda11a6bbf9f306ba25099
2023_05_BAL_PIT,2023,5,PIT00,outdoors,0,2023-10-08T17:00,13.7,0.0,12.5,603385670475d98ffe84cca64f021fea22a751e2e2232f0b12dfdcd8802872b7
2023_05_CIN_ARI,2023,5,PHO00,closed,1,2023-10-08T20:00,,,,
2023_05_PHI_LA,2023,5,LAX01,dome,1,2023-10-08T20:00,,,,
2023_05_NYJ_DEN,2023,5,DEN00,outdoors,0,2023-10-08T20:00,6.3,0.0,24.7,6c99708e455926ff5954d21238ef0c14fa7ff8287d96b37d305c2edc9f147c0c
2023_05_KC_MIN,2023,5,MIN01,dome,1,2023-10-08T20:00,,,,
2023_05_DAL_SF,2023,5,SFO01,outdoors,0,2023-10-09T00:00,3.9,0.0,27.2,3f69bcc6aa946912be164e6f4a32362f57c75cd557cc9a494bf23ef32d007aac
2023_05_GB_LV,2023,5,VEG00,dome,1,2023-10-10T00:00,,,,
2023_06_DEN_KC,2023,6,KAN00,outdoors,0,2023-10-13T00:00,13.8,0.0,21.8,71b298315ee63a515eee0887d674c11032c01918aa1007771d4ed3d0ead60195
2023_06_BAL_TEN,2023,6,LON02,outdoors,0,2023-10-15T13:00,8.1,0.0,10.5,7515f36054f9b875053b991cecc842eb236493a21174b025476ab0c926272467
2023_06_WAS_ATL,2023,6,ATL97,closed,1,2023-10-15T17:00,,,,
2023_06_MIN_CHI,2023,6,CHI98,outdoors,0,2023-10-15T17:00,14.2,0.0,12.0,8389c48d9c9fdccda8ffd6ff836d19e3cf6ab50093563ae466ce12b4efd74767
2023_06_SEA_CIN,2023,6,CIN00,outdoors,0,2023-10-15T17:00,9.9,0.0,13.4,3bca6de984980bc1fea0ec8cd3045f89cfb70a2c20fd5df8567c76d2a61fc560
2023_06_SF_CLE,2023,6,CLE00,outdoors,0,2023-10-15T17:00,13.6,0.1,11.6,fcbf0bf12e9f69659ba05fa056d4bdd9765d40db86b13e393007ddff3d335596
2023_06_NO_HOU,2023,6,HOU00,closed,1,2023-10-15T17:00,,,,
2023_06_IND_JAX,2023,6,JAX00,outdoors,0,2023-10-15T17:00,8.1,0.0,23.1,3a9f161561e39ccc8001c4302235c8af70599ac8fbc6cd38ff349a94d49211c3
2023_06_CAR_MIA,2023,6,MIA00,outdoors,0,2023-10-15T17:00,6.8,0.0,29.0,46ed1bb19f5fe50a5115788631da243d05d6c1e6a165f66e4fa3e8b3ab14681f
2023_06_NE_LV,2023,6,VEG00,dome,1,2023-10-15T20:00,,,,
2023_06_ARI_LA,2023,6,LAX01,dome,1,2023-10-15T20:00,,,,
2023_06_PHI_NYJ,2023,6,NYC01,outdoors,0,2023-10-15T20:00,10.3,0.0,15.9,93156d7f362cb81d5a9fba028ed30b7d89ceacbe73c98b6fc19d48854b37bd79
2023_06_DET_TB,2023,6,TAM00,outdoors,0,2023-10-15T20:00,13.7,0.0,24.0,fab6ab49cf404bb971ca0dd26b39cb1350c1f0d73477b52e4eaa409bccaf692f
2023_06_NYG_BUF,2023,6,BUF00,outdoors,0,2023-10-16T00:00,6.9,0.1,7.6,871cec873e1ecb8496fa15108eb52898462a053cd09ec21861c2e9df699db8d8
2023_06_DAL_LAC,2023,6,LAX01,dome,1,2023-10-17T00:00,,,,
2023_07_JAX_NO,2023,7,NOR00,dome,1,2023-10-20T00:00,,,,
2023_07_DET_BAL,2023,7,BAL00,outdoors,0,2023-10-22T17:00,15.9,0.0,14.8,ce753559a48c6b4cea173c8020018c9334737b00a49b385e46c599760a4a90c9
2023_07_LV_CHI,2023,7,CHI98,outdoors,0,2023-10-22T17:00,2.7,0.0,11.8,8389c48d9c9fdccda8ffd6ff836d19e3cf6ab50093563ae466ce12b4efd74767
2023_07_CLE_IND,2023,7,IND00,open,0,2023-10-22T17:00,7.0,0.0,12.1,d9838279af40fcefdc5c9880b5e5e38d7133ea3cd7880604a49995b9f11396b9
2023_07_BUF_NE,2023,7,BOS00,outdoors,0,2023-10-22T17:00,12.5,0.0,14.2,2ebd7b7b4365d60964f4fd2390b861fef9c92761e8eda11a6bbf9f306ba25099
2023_07_WAS_NYG,2023,7,NYC01,outdoors,0,2023-10-22T17:00,14.5,0.0,14.0,93156d7f362cb81d5a9fba028ed30b7d89ceacbe73c98b6fc19d48854b37bd79
2023_07_ATL_TB,2023,7,TAM00,outdoors,0,2023-10-22T17:00,1.2,0.0,26.4,fab6ab49cf404bb971ca0dd26b39cb1350c1f0d73477b52e4eaa409bccaf692f
2023_07_PIT_LA,2023,7,LAX01,dome,1,2023-10-22T20:00,,,,
2023_07_ARI_SEA,2023,7,SEA00,outdoors,0,2023-10-22T20:00,5.0,0.0,12.2,dfcea12c035d092d1dd1668a34e0b96bc8910eef360510c5a4d2c62f71b13025
2023_07_GB_DEN,2023,7,DEN00,outdoors,0,2023-10-22T20:00,4.6,0.0,23.5,6c99708e455926ff5954d21238ef0c14fa7ff8287d96b37d305c2edc9f147c0c
2023_07_LAC_KC,2023,7,KAN00,outdoors,0,2023-10-22T20:00,9.9,0.0,21.5,71b298315ee63a515eee0887d674c11032c01918aa1007771d4ed3d0ead60195
2023_07_MIA_PHI,2023,7,PHI00,outdoors,0,2023-10-23T00:00,11.0,0.0,12.1,44b7fc8deca9d0d34b3ca04b6c57fc28792ff0a889c24a0f016d0aabe02c04a2
2023_07_SF_MIN,2023,7,MIN01,dome,1,2023-10-24T00:00,,,,
2023_08_TB_BUF,2023,8,BUF00,outdoors,0,2023-10-27T00:00,8.5,0.0,19.2,871cec873e1ecb8496fa15108eb52898462a053cd09ec21861c2e9df699db8d8
2023_08_HOU_CAR,2023,8,CAR00,outdoors,0,2023-10-29T17:00,9.7,0.0,26.7,3af49fa52463103b45252d72a2f12136055565e4a5a1ece116ebeba1179c259e
2023_08_LA_DAL,2023,8,DAL00,closed,1,2023-10-29T17:00,,,,
2023_08_MIN_GB,2023,8,GNB00,outdoors,0,2023-10-29T17:00,6.4,0.0,4.6,b0d28beb8e99b8e500d07f653b106acbae839e1ca8fe56ec16da7c3d4f13bd18
2023_08_NO_IND,2023,8,IND00,closed,1,2023-10-29T17:00,,,,
2023_08_NE_MIA,2023,8,MIA00,outdoors,0,2023-10-29T17:00,14.4,0.2,27.7,46ed1bb19f5fe50a5115788631da243d05d6c1e6a165f66e4fa3e8b3ab14681f
2023_08_NYJ_NYG,2023,8,NYC01,outdoors,0,2023-10-29T17:00,9.2,1.3,12.5,93156d7f362cb81d5a9fba028ed30b7d89ceacbe73c98b6fc19d48854b37bd79
2023_08_JAX_PIT,2023,8,PIT00,outdoors,0,2023-10-29T17:00,1.7,0.1,13.2,603385670475d98ffe84cca64f021fea22a751e2e2232f0b12dfdcd8802872b7
2023_08_ATL_TEN,2023,8,NAS00,outdoors,0,2023-10-29T17:00,2.7,0.4,23.6,c4b436651fa3fbfaa9aea9f7e0fb12aff6bd1731056732707f4884af5af2fee0
2023_08_PHI_WAS,2023,8,WAS00,outdoors,0,2023-10-29T17:00,2.7,0.0,22.7,9e9c035d7101fdec97aa5f03bbc4ae46180d68a4cf7dc4ea197555eeecf86491
2023_08_CLE_SEA,2023,8,SEA00,outdoors,0,2023-10-29T20:00,4.3,0.0,9.9,dfcea12c035d092d1dd1668a34e0b96bc8910eef360510c5a4d2c62f71b13025
2023_08_BAL_ARI,2023,8,PHO00,closed,1,2023-10-29T20:00,,,,
2023_08_KC_DEN,2023,8,DEN00,outdoors,0,2023-10-29T20:00,5.3,0.0,-4.0,6c99708e455926ff5954d21238ef0c14fa7ff8287d96b37d305c2edc9f147c0c
2023_08_CIN_SF,2023,8,SFO01,outdoors,0,2023-10-29T20:00,6.6,0.0,20.8,3f69bcc6aa946912be164e6f4a32362f57c75cd557cc9a494bf23ef32d007aac
2023_08_CHI_LAC,2023,8,LAX01,dome,1,2023-10-30T00:00,,,,
2023_08_LV_DET,2023,8,DET00,dome,1,2023-10-31T00:00,,,,
2023_09_TEN_PIT,2023,9,PIT00,outdoors,0,2023-11-03T00:00,7.2,0.0,5.3,603385670475d98ffe84cca64f021fea22a751e2e2232f0b12dfdcd8802872b7
2023_09_MIA_KC,2023,9,FRA00,outdoors,0,2023-11-05T14:00,15.7,0.1,11.9,ba33545033385da041c2be44fddd714af758127ad97264cbf01d9f5c15c8c1cf
2023_09_MIN_ATL,2023,9,ATL97,open,0,2023-11-05T18:00,7.0,0.0,22.8,9e40615347debf8f99ffea4a9840896f58e0470de8f8fb57690d22bbd5ec1cea
2023_09_SEA_BAL,2023,9,BAL00,outdoors,0,2023-11-05T18:00,4.1,0.0,19.3,ce753559a48c6b4cea173c8020018c9334737b00a49b385e46c599760a4a90c9
2023_09_ARI_CLE,2023,9,CLE00,outdoors,0,2023-11-05T18:00,4.3,0.0,11.9,fcbf0bf12e9f69659ba05fa056d4bdd9765d40db86b13e393007ddff3d335596
2023_09_LA_GB,2023,9,GNB00,outdoors,0,2023-11-05T18:00,6.8,0.0,11.0,b0d28beb8e99b8e500d07f653b106acbae839e1ca8fe56ec16da7c3d4f13bd18
2023_09_TB_HOU,2023,9,HOU00,closed,1,2023-11-05T18:00,,,,
2023_09_WAS_NE,2023,9,BOS00,outdoors,0,2023-11-05T18:00,5.5,0.0,16.3,2ebd7b7b4365d60964f4fd2390b861fef9c92761e8eda11a6bbf9f306ba25099
2023_09_CHI_NO,2023,9,NOR00,dome,1,2023-11-05T18:00,,,,
2023_09_IND_CAR,2023,9,CAR00,outdoors,0,2023-11-05T21:00,1.3,0.0,24.2,3af49fa52463103b45252d72a2f12136055565e4a5a1ece116ebeba1179c259e
2023_09_NYG_LV,2023,9,VEG00,dome,1,2023-11-05T21:00,,,,
2023_09_DAL_PHI,2023,9,PHI00,outdoors,0,2023-11-05T21:00,3.6,0.0,19.5,44b7fc8deca9d0d34b3ca04b6c57fc28792ff0a889c24a0f016d0aabe02c04a2
2023_09_BUF_CIN,2023,9,CIN00,outdoors,0,2023-11-06T01:00,4.2,0.0,10.4,3bca6de984980bc1fea0ec8cd3045f89cfb70a2c20fd5df8567c76d2a61fc560
2023_09_LAC_NYJ,2023,9,NYC01,outdoors,0,2023-11-07T01:00,5.7,0.0,10.5,93156d7f362cb81d5a9fba028ed30b7d89ceacbe73c98b6fc19d48854b37bd79
2023_10_CAR_CHI,2023,10,CHI98,outdoors,0,2023-11-10T01:00,9.7,0.0,8.7,8389c48d9c9fdccda8ffd6ff836d19e3cf6ab50093563ae466ce12b4efd74767
2023_10_IND_NE,2023,10,FRA00,outdoors,0,2023-11-12T14:00,4.5,0.0,8.2,ba33545033385da041c2be44fddd714af758127ad97264cbf01d9f5c15c8c1cf
2023_10_CLE_BAL,2023,10,BAL00,outdoors,0,2023-11-12T18:00,5.0,0.0,9.3,ce753559a48c6b4cea173c8020018c9334737b00a49b385e46c599760a4a90c9
2023_10_HOU_CIN,2023,10,CIN00,outdoors,0,2023-11-12T18:00,4.9,0.0,13.1,3bca6de984980bc1fea0ec8cd3045f89cfb70a2c20fd5df8567c76d2a61fc560
2023_10_SF_JAX,2023,10,JAX00,outdoors,0,2023-11-12T18:00,7.2,0.0,18.0,3a9f161561e39ccc8001c4302235c8af70599ac8fbc6cd38ff349a94d49211c3
2023_10_NO_MIN,2023,10,MIN01,dome,1,2023-11-12T18:00,,,,
2023_10_GB_PIT,2023,10,PIT00,outdoors,0,2023-11-12T18:00,2.4,0.0,10.8,603385670475d98ffe84cca64f021fea22a751e2e2232f0b12dfdcd8802872b7
2023_10_TEN_TB,2023,10,TAM00,outdoors,0,2023-11-12T18:00,4.1,0.1,27.3,fab6ab49cf404bb971ca0dd26b39cb1350c1f0d73477b52e4eaa409bccaf692f
2023_10_ATL_ARI,2023,10,PHO00,closed,1,2023-11-12T21:00,,,,
2023_10_DET_LAC,2023,10,LAX01,dome,1,2023-11-12T21:00,,,,
2023_10_NYG_DAL,2023,10,DAL00,closed,1,2023-11-12T21:00,,,,
2023_10_WAS_SEA,2023,10,SEA00,outdoors,0,2023-11-12T21:00,2.7,0.1,10.9,dfcea12c035d092d1dd1668a34e0b96bc8910eef360510c5a4d2c62f71b13025
2023_10_NYJ_LV,2023,10,VEG00,dome,1,2023-11-13T01:00,,,,
2023_10_DEN_BUF,2023,10,BUF00,outdoors,0,2023-11-14T01:00,10.9,0.0,8.7,871cec873e1ecb8496fa15108eb52898462a053cd09ec21861c2e9df699db8d8
2023_11_CIN_BAL,2023,11,BAL00,outdoors,0,2023-11-17T01:00,6.9,0.0,11.2,ce753559a48c6b4cea173c8020018c9334737b00a49b385e46c599760a4a90c9
2023_11_DAL_CAR,2023,11,CAR00,outdoors,0,2023-11-19T18:00,1.9,0.0,16.8,3af49fa52463103b45252d72a2f12136055565e4a5a1ece116ebeba1179c259e
2023_11_PIT_CLE,2023,11,CLE00,outdoors,0,2023-11-19T18:00,8.5,0.0,9.6,fcbf0bf12e9f69659ba05fa056d4bdd9765d40db86b13e393007ddff3d335596
2023_11_CHI_DET,2023,11,DET00,dome,1,2023-11-19T18:00,,,,
2023_11_LAC_GB,2023,11,GNB00,outdoors,0,2023-11-19T18:00,3.0,0.0,7.1,b0d28beb8e99b8e500d07f653b106acbae839e1ca8fe56ec16da7c3d4f13bd18
2023_11_ARI_HOU,2023,11,HOU00,closed,1,2023-11-19T18:00,,,,
2023_11_TEN_JAX,2023,11,JAX00,outdoors,0,2023-11-19T18:00,3.7,0.0,25.3,3a9f161561e39ccc8001c4302235c8af70599ac8fbc6cd38ff349a94d49211c3
2023_11_LV_MIA,2023,11,MIA00,outdoors,0,2023-11-19T18:00,7.9,0.1,26.3,46ed1bb19f5fe50a5115788631da243d05d6c1e6a165f66e4fa3e8b3ab14681f
2023_11_NYG_WAS,2023,11,WAS00,outdoors,0,2023-11-19T18:00,6.4,0.0,14.0,9e9c035d7101fdec97aa5f03bbc4ae46180d68a4cf7dc4ea197555eeecf86491
2023_11_TB_SF,2023,11,SFO01,outdoors,0,2023-11-19T21:00,7.1,0.0,16.8,3f69bcc6aa946912be164e6f4a32362f57c75cd557cc9a494bf23ef32d007aac
2023_11_NYJ_BUF,2023,11,BUF00,outdoors,0,2023-11-19T21:00,9.5,0.0,5.8,871cec873e1ecb8496fa15108eb52898462a053cd09ec21861c2e9df699db8d8
2023_11_SEA_LA,2023,11,LAX01,dome,1,2023-11-19T21:00,,,,
2023_11_MIN_DEN,2023,11,DEN00,outdoors,0,2023-11-20T01:00,4.3,0.2,8.6,6c99708e455926ff5954d21238ef0c14fa7ff8287d96b37d305c2edc9f147c0c
2023_11_PHI_KC,2023,11,KAN00,outdoors,0,2023-11-21T01:00,11.0,0.6,7.1,71b298315ee63a515eee0887d674c11032c01918aa1007771d4ed3d0ead60195
2023_12_GB_DET,2023,12,DET00,dome,1,2023-11-23T17:00,,,,
2023_12_WAS_DAL,2023,12,DAL00,closed,1,2023-11-23T21:00,,,,
2023_12_SF_SEA,2023,12,SEA00,outdoors,0,2023-11-24T01:00,8.3,0.0,8.3,dfcea12c035d092d1dd1668a34e0b96bc8910eef360510c5a4d2c62f71b13025
2023_12_MIA_NYJ,2023,12,NYC01,outdoors,0,2023-11-24T20:00,9.2,0.0,9.4,93156d7f362cb81d5a9fba028ed30b7d89ceacbe73c98b6fc19d48854b37bd79
2023_12_NO_ATL,2023,12,ATL97,closed,1,2023-11-26T18:00,,,,
2023_12_PIT_CIN,2023,12,CIN00,outdoors,0,2023-11-26T18:00,9.0,0.7,7.7,3bca6de984980bc1fea0ec8cd3045f89cfb70a2c20fd5df8567c76d2a61fc560
2023_12_JAX_HOU,2023,12,HOU00,closed,1,2023-11-26T18:00,,,,
2023_12_TB_IND,2023,12,IND00,closed,1,2023-11-26T18:00,,,,
2023_12_NE_NYG,2023,12,NYC01,outdoors,0,2023-11-26T18:00,5.4,0.0,8.3,93156d7f362cb81d5a9fba028ed30b7d89ceacbe73c98b6fc19d48854b37bd79
2023_12_CAR_TEN,2023,12,NAS00,outdoors,0,2023-11-26T18:00,8.2,0.2,10.8,c4b436651fa3fbfaa9aea9f7e0fb12aff6bd1731056732707f4884af5af2fee0
2023_12_LA_ARI,2023,12,PHO00,closed,1,2023-11-26T21:00,,,,
2023_12_CLE_DEN,2023,12,DEN00,outdoors,0,2023-11-26T21:00,5.8,0.0,3.2,6c99708e455926ff5954d21238ef0c14fa7ff8287d96b37d305c2edc9f147c0c
2023_12_KC_LV,2023,12,VEG00,dome,1,2023-11-26T21:00,,,,
2023_12_BUF_PHI,2023,12,PHI00,outdoors,0,2023-11-26T21:00,6.3,1.1,8.6,44b7fc8deca9d0d34b3ca04b6c57fc28792ff0a889c24a0f016d0aabe02c04a2
2023_12_BAL_LAC,2023,12,LAX01,dome,1,2023-11-27T01:00,,,,
2023_12_CHI_MIN,2023,12,MIN01,dome,1,2023-11-28T01:00,,,,
2023_13_SEA_DAL,2023,13,DAL00,closed,1,2023-12-01T01:00,,,,
2023_13_DEN_HOU,2023,13,HOU00,closed,1,2023-12-03T18:00,,,,
2023_13_LAC_NE,2023,13,BOS00,outdoors,0,2023-12-03T18:00,8.6,0.3,6.8,2ebd7b7b4365d60964f4fd2390b861fef9c92761e8eda11a6bbf9f306ba25099
2023_13_DET_NO,2023,13,NOR00,dome,1,2023-12-03T18:00,,,,
2023_13_ATL_NYJ,2023,13,NYC01,outdoors,0,2023-12-03T18:00,9.7,1.4,10.1,93156d7f362cb81d5a9fba028ed30b7d89ceacbe73c98b6fc19d48854b37bd79
2023_13_ARI_PIT,2023,13,PIT00,outdoors,0,2023-12-03T18:00,4.8,0.0,14.4,603385670475d98ffe84cca64f021fea22a751e2e2232f0b12dfdcd8802872b7
2023_13_IND_TEN,2023,13,NAS00,outdoors,0,2023-12-03T18:00,8.8,0.0,15.2,c4b436651fa3fbfaa9aea9f7e0fb12aff6bd1731056732707f4884af5af2fee0
2023_13_MIA_WAS,2023,13,WAS00,outdoors,0,2023-12-03T18:00,2.1,0.0,12.6,9e9c035d7101fdec97aa5f03bbc4ae46180d68a4cf7dc4ea197555eeecf86491
2023_13_CAR_TB,2023,13,TAM00,outdoors,0,2023-12-03T21:00,8.5,0.0,24.4,fab6ab49cf404bb971ca0dd26b39cb1350c1f0d73477b52e4eaa409bccaf692f
2023_13_CLE_LA,2023,13,LAX01,dome,1,2023-12-03T21:00,,,,
2023_13_SF_PHI,2023,13,PHI00,outdoors,0,2023-12-03T21:00,3.7,0.0,11.3,44b7fc8deca9d0d34b3ca04b6c57fc28792ff0a889c24a0f016d0aabe02c04a2
2023_13_KC_GB,2023,13,GNB00,outdoors,0,2023-12-04T01:00,6.5,0.0,0.4,b0d28beb8e99b8e500d07f653b106acbae839e1ca8fe56ec16da7c3d4f13bd18
2023_13_CIN_JAX,2023,13,JAX00,outdoors,0,2023-12-05T01:00,5.2,0.0,15.8,3a9f161561e39ccc8001c4302235c8af70599ac8fbc6cd38ff349a94d49211c3
2023_14_NE_PIT,2023,14,PIT00,outdoors,0,2023-12-08T01:00,6.0,0.0,6.2,603385670475d98ffe84cca64f021fea22a751e2e2232f0b12dfdcd8802872b7
2023_14_TB_ATL,2023,14,ATL97,closed,1,2023-12-10T18:00,,,,
2023_14_LA_BAL,2023,14,BAL00,outdoors,0,2023-12-10T18:00,11.2,1.2,13.5,ce753559a48c6b4cea173c8020018c9334737b00a49b385e46c599760a4a90c9
2023_14_DET_CHI,2023,14,CHI98,outdoors,0,2023-12-10T18:00,10.1,0.0,1.5,8389c48d9c9fdccda8ffd6ff836d19e3cf6ab50093563ae466ce12b4efd74767
2023_14_IND_CIN,2023,14,CIN00,outdoors,0,2023-12-10T18:00,8.2,0.0,3.9,3bca6de984980bc1fea0ec8cd3045f89cfb70a2c20fd5df8567c76d2a61fc560
2023_14_JAX_CLE,2023,14,CLE00,outdoors,0,2023-12-10T18:00,9.2,0.0,3.8,fcbf0bf12e9f69659ba05fa056d4bdd9765d40db86b13e393007ddff3d335596
2023_14_CAR_NO,2023,14,NOR00,dome,1,2023-12-10T18:00,,,,
2023_14_HOU_NYJ,2023,14,NYC01,outdoors,0,2023-12-10T18:00,7.3,0.3,13.9,93156d7f362cb81d5a9fba028ed30b7d89ceacbe73c98b6fc19d48854b37bd79
2023_14_MIN_LV,2023,14,VEG00,dome,1,2023-12-10T21:00,,,,
2023_14_SEA_SF,2023,14,SFO01,outdoors,0,2023-12-10T21:00,3.4,0.0,16.4,3f69bcc6aa946912be164e6f4a32362f57c75cd557cc9a494bf23ef32d007aac
2023_14_BUF_KC,2023,14,KAN00,outdoors,0,2023-12-10T21:00,6.0,0.0,6.9,71b298315ee63a515eee0887d674c11032c01918aa1007771d4ed3d0ead60195
2023_14_DEN_LAC,2023,14,LAX01,dome,1,2023-12-10T21:00,,,,
2023_14_PHI_DAL,2023,14,DAL00,closed,1,2023-12-11T01:00,,,,
2023_14_TEN_MIA,2023,14,MIA00,outdoors,0,2023-12-12T01:00,15.2,0.0,18.1,46ed1bb19f5fe50a5115788631da243d05d6c1e6a165f66e4fa3e8b3ab14681f
2023_14_GB_NYG,2023,14,NYC01,outdoors,0,2023-12-12T01:00,10.6,0.0,4.8,93156d7f362cb81d5a9fba028ed30b7d89ceacbe73c98b6fc19d48854b37bd79
2023_15_LAC_LV,2023,15,VEG00,dome,1,2023-12-15T01:00,,,,
2023_15_MIN_CIN,2023,15,CIN00,outdoors,0,2023-12-16T18:00,6.1,0.0,12.3,3bca6de984980bc1fea0ec8cd3045f89cfb70a2c20fd5df8567c76d2a61fc560
2023_15_PIT_IND,2023,15,IND00,closed,1,2023-12-16T21:00,,,,
2023_15_DEN_DET,2023,15,DET00,dome,1,2023-12-17T01:00,,,,
2023_15_ATL_CAR,2023,15,CAR00,outdoors,0,2023-12-17T18:00,12.4,3.7,9.2,3af49fa52463103b45252d72a2f12136055565e4a5a1ece116ebeba1179c259e
2023_15_CHI_CLE,2023,15,CLE00,outdoors,0,2023-12-17T18:00,14.9,1.4,6.8,fcbf0bf12e9f69659ba05fa056d4bdd9765d40db86b13e393007ddff3d335596
2023_15_TB_GB,2023,15,GNB00,outdoors,0,2023-12-17T18:00,10.0,0.1,5.5,b0d28beb8e99b8e500d07f653b106acbae839e1ca8fe56ec16da7c3d4f13bd18
2023_15_NYJ_MIA,2023,15,MIA00,outdoors,0,2023-12-17T18:00,16.5,0.0,24.5,46ed1bb19f5fe50a5115788631da243d05d6c1e6a165f66e4fa3e8b3ab14681f
2023_15_KC_NE,2023,15,BOS00,outdoors,0,2023-12-17T18:00,6.4,0.0,10.0,2ebd7b7b4365d60964f4fd2390b861fef9c92761e8eda11a6bbf9f306ba25099
2023_15_NYG_NO,2023,15,NOR00,dome,1,2023-12-17T18:00,,,,
2023_15_HOU_TEN,2023,15,NAS00,outdoors,0,2023-12-17T18:00,6.3,0.0,10.1,c4b436651fa3fbfaa9aea9f7e0fb12aff6bd1731056732707f4884af5af2fee0
2023_15_SF_ARI,2023,15,PHO00,open,0,2023-12-17T21:00,3.0,0.0,23.2,74a61dc6adaf809fce14885babd8891dd15704cfc77855fd2d9705a0c2fcdef7
2023_15_WAS_LA,2023,15,LAX01,dome,1,2023-12-17T21:00,,,,
2023_15_DAL_BUF,2023,15,BUF00,outdoors,0,2023-12-17T21:00,12.3,0.8,9.3,871cec873e1ecb8496fa15108eb52898462a053cd09ec21861c2e9df699db8d8
2023_15_BAL_JAX,2023,15,JAX00,outdoors,0,2023-12-18T01:00,13.0,0.0,15.8,3a9f161561e39ccc8001c4302235c8af70599ac8fbc6cd38ff349a94d49211c3
2023_15_PHI_SEA,2023,15,SEA00,outdoors,0,2023-12-19T01:00,4.4,0.7,8.2,dfcea12c035d092d1dd1668a34e0b96bc8910eef360510c5a4d2c62f71b13025
2023_16_NO_LA,2023,16,LAX01,dome,1,2023-12-22T01:00,,,,
2023_16_CIN_PIT,2023,16,PIT00,outdoors,0,2023-12-23T21:00,6.5,0.1,10.1,603385670475d98ffe84cca64f021fea22a751e2e2232f0b12dfdcd8802872b7
2023_16_BUF_LAC,2023,16,LAX01,dome,1,2023-12-24T01:00,,,,
2023_16_IND_ATL,2023,16,ATL97,closed,1,2023-12-24T18:00,,,,
2023_16_GB_CAR,2023,16,CAR00,outdoors,0,2023-12-24T18:00,1.7,0.0,17.5,3af49fa52463103b45252d72a2f12136055565e4a5a1ece116ebeba1179c259e
2023_16_CLE_HOU,2023,16,HOU00,closed,1,2023-12-24T18:00,,,,
2023_16_DET_MIN,2023,16,MIN01,dome,1,2023-12-24T18:00,,,,
2023_16_WAS_NYJ,2023,16,NYC01,outdoors,0,2023-12-24T18:00,2.0,0.0,8.0,93156d7f362cb81d5a9fba028ed30b7d89ceacbe73c98b6fc19d48854b37bd79
2023_16_SEA_TEN,2023,16,NAS00,outdoors,0,2023-12-24T18:00,6.8,0.0,19.2,c4b436651fa3fbfaa9aea9f7e0fb12aff6bd1731056732707f4884af5af2fee0
2023_16_JAX_TB,2023,16,TAM00,outdoors,0,2023-12-24T21:00,10.6,0.0,22.7,fab6ab49cf404bb971ca0dd26b39cb1350c1f0d73477b52e4eaa409bccaf692f
2023_16_ARI_CHI,2023,16,CHI98,outdoors,0,2023-12-24T21:00,9.9,0.0,11.8,8389c48d9c9fdccda8ffd6ff836d19e3cf6ab50093563ae466ce12b4efd74767
2023_16_DAL_MIA,2023,16,MIA00,outdoors,0,2023-12-24T21:00,14.2,0.0,23.6,46ed1bb19f5fe50a5115788631da243d05d6c1e6a165f66e4fa3e8b3ab14681f
2023_16_NE_DEN,2023,16,DEN00,outdoors,0,2023-12-25T01:00,4.8,0.0,-2.6,6c99708e455926ff5954d21238ef0c14fa7ff8287d96b37d305c2edc9f147c0c
2023_16_LV_KC,2023,16,KAN00,outdoors,0,2023-12-25T18:00,12.8,0.0,2.2,71b298315ee63a515eee0887d674c11032c01918aa1007771d4ed3d0ead60195
2023_16_NYG_PHI,2023,16,PHI00,outdoors,0,2023-12-25T21:00,3.2,0.0,10.2,44b7fc8deca9d0d34b3ca04b6c57fc28792ff0a889c24a0f016d0aabe02c04a2
2023_16_BAL_SF,2023,16,SFO01,outdoors,0,2023-12-26T01:00,4.8,0.0,13.6,3f69bcc6aa946912be164e6f4a32362f57c75cd557cc9a494bf23ef32d007aac
2023_17_NYJ_CLE,2023,17,CLE00,outdoors,0,2023-12-29T01:00,6.4,0.0,6.2,fcbf0bf12e9f69659ba05fa056d4bdd9765d40db86b13e393007ddff3d335596
2023_17_DET_DAL,2023,17,DAL00,closed,1,2023-12-31T01:00,,,,
2023_17_MIA_BAL,2023,17,BAL00,outdoors,0,2023-12-31T18:00,4.9,0.0,7.6,ce753559a48c6b4cea173c8020018c9334737b00a49b385e46c599760a4a90c9
2023_17_NE_BUF,2023,17,BUF00,outdoors,0,2023-12-31T18:00,6.2,0.1,2.6,871cec873e1ecb8496fa15108eb52898462a053cd09ec21861c2e9df699db8d8
2023_17_ATL_CHI,2023,17,CHI98,outdoors,0,2023-12-31T18:00,11.4,0.1,0.6,8389c48d9c9fdccda8ffd6ff836d19e3cf6ab50093563ae466ce12b4efd74767
2023_17_TEN_HOU,2023,17,HOU00,closed,1,2023-12-31T18:00,,,,
2023_17_LV_IND,2023,17,IND00,closed,1,2023-12-31T18:00,,,,
2023_17_CAR_JAX,2023,17,JAX00,outdoors,0,2023-12-31T18:00,5.4,0.0,15.3,3a9f161561e39ccc8001c4302235c8af70599ac8fbc6cd38ff349a94d49211c3
2023_17_LA_NYG,2023,17,NYC01,outdoors,0,2023-12-31T18:00,7.5,0.0,5.3,93156d7f362cb81d5a9fba028ed30b7d89ceacbe73c98b6fc19d48854b37bd79
2023_17_ARI_PHI,2023,17,PHI00,outdoors,0,2023-12-31T18:00,6.8,0.0,7.8,44b7fc8deca9d0d34b3ca04b6c57fc28792ff0a889c24a0f016d0aabe02c04a2
2023_17_NO_TB,2023,17,TAM00,outdoors,0,2023-12-31T18:00,5.0,0.0,18.7,fab6ab49cf404bb971ca0dd26b39cb1350c1f0d73477b52e4eaa409bccaf692f
2023_17_SF_WAS,2023,17,WAS00,outdoors,0,2023-12-31T18:00,4.4,0.0,8.4,9e9c035d7101fdec97aa5f03bbc4ae46180d68a4cf7dc4ea197555eeecf86491
2023_17_PIT_SEA,2023,17,SEA00,outdoors,0,2023-12-31T21:00,2.2,0.0,9.1,dfcea12c035d092d1dd1668a34e0b96bc8910eef360510c5a4d2c62f71b13025
2023_17_LAC_DEN,2023,17,DEN00,outdoors,0,2023-12-31T21:00,3.3,0.0,6.0,6c99708e455926ff5954d21238ef0c14fa7ff8287d96b37d305c2edc9f147c0c
2023_17_CIN_KC,2023,17,KAN00,outdoors,0,2023-12-31T21:00,9.5,0.0,0.5,71b298315ee63a515eee0887d674c11032c01918aa1007771d4ed3d0ead60195
2023_17_GB_MIN,2023,17,MIN01,dome,1,2024-01-01T01:00,,,,
2023_18_PIT_BAL,2023,18,BAL00,outdoors,0,2024-01-06T21:00,16.5,3.1,3.5,ce753559a48c6b4cea173c8020018c9334737b00a49b385e46c599760a4a90c9
2023_18_HOU_IND,2023,18,IND00,closed,1,2024-01-07T01:00,,,,
2023_18_TB_CAR,2023,18,CAR00,outdoors,0,2024-01-07T18:00,12.4,0.0,12.1,3af49fa52463103b45252d72a2f12136055565e4a5a1ece116ebeba1179c259e
2023_18_CLE_CIN,2023,18,CIN00,outdoors,0,2024-01-07T18:00,15.3,0.1,3.5,3bca6de984980bc1fea0ec8cd3045f89cfb70a2c20fd5df8567c76d2a61fc560
2023_18_MIN_DET,2023,18,DET00,dome,1,2024-01-07T18:00,,,,
2023_18_NYJ_NE,2023,18,BOS00,outdoors,0,2024-01-07T18:00,10.7,2.1,0.4,2ebd7b7b4365d60964f4fd2390b861fef9c92761e8eda11a6bbf9f306ba25099
2023_18_ATL_NO,2023,18,NOR00,dome,1,2024-01-07T18:00,,,,
2023_18_JAX_TEN,2023,18,NAS00,outdoors,0,2024-01-07T18:00,10.2,0.0,6.8,c4b436651fa3fbfaa9aea9f7e0fb12aff6bd1731056732707f4884af5af2fee0
2023_18_SEA_ARI,2023,18,PHO00,closed,1,2024-01-07T21:00,,,,
2023_18_CHI_GB,2023,18,GNB00,outdoors,0,2024-01-07T21:00,7.6,0.0,1.5,b0d28beb8e99b8e500d07f653b106acbae839e1ca8fe56ec16da7c3d4f13bd18
2023_18_KC_LAC,2023,18,LAX01,dome,1,2024-01-07T21:00,,,,
2023_18_DEN_LV,2023,18,VEG00,dome,1,2024-01-07T21:00,,,,
2023_18_PHI_NYG,2023,18,NYC01,outdoors,0,2024-01-07T21:00,6.2,0.0,2.8,93156d7f362cb81d5a9fba028ed30b7d89ceacbe73c98b6fc19d48854b37bd79
2023_18_LA_SF,2023,18,SFO01,outdoors,0,2024-01-07T21:00,6.4,0.0,11.8,3f69bcc6aa946912be164e6f4a32362f57c75cd557cc9a494bf23ef32d007aac
2023_18_DAL_WAS,2023,18,WAS00,outdoors,0,2024-01-07T21:00,11.9,0.0,8.5,9e9c035d7101fdec97aa5f03bbc4ae46180d68a4cf7dc4ea197555eeecf86491
2023_18_BUF_MIA,2023,18,MIA00,outdoors,0,2024-01-08T01:00,7.7,0.0,18.7,46ed1bb19f5fe50a5115788631da243d05d6c1e6a165f66e4fa3e8b3ab14681f
2024_01_BAL_KC,2024,1,KAN00,outdoors,0,2024-09-06T00:00,5.8,0.0,29.0,71b298315ee63a515eee0887d674c11032c01918aa1007771d4ed3d0ead60195
2024_01_GB_PHI,2024,1,SAO00,outdoors,0,2024-09-07T00:00,7.5,0.0,16.9,899130419a324f1f09c09019b02e1337f5aaa2c7356bed48628adc0594d01f37
2024_01_PIT_ATL,2024,1,ATL97,closed,1,2024-09-08T17:00,,,,
2024_01_ARI_BUF,2024,1,BUF00,outdoors,0,2024-09-08T17:00,16.2,0.1,15.1,871cec873e1ecb8496fa15108eb52898462a053cd09ec21861c2e9df699db8d8
2024_01_TEN_CHI,2024,1,CHI98,outdoors,0,2024-09-08T17:00,7.5,0.0,19.2,8389c48d9c9fdccda8ffd6ff836d19e3cf6ab50093563ae466ce12b4efd74767
2024_01_NE_CIN,2024,1,CIN00,outdoors,0,2024-09-08T17:00,1.8,0.0,19.1,3bca6de984980bc1fea0ec8cd3045f89cfb70a2c20fd5df8567c76d2a61fc560
2024_01_HOU_IND,2024,1,IND00,closed,1,2024-09-08T17:00,,,,
2024_01_JAX_MIA,2024,1,MIA00,outdoors,0,2024-09-08T17:00,9.2,0.0,31.0,46ed1bb19f5fe50a5115788631da243d05d6c1e6a165f66e4fa3e8b3ab14681f
2024_01_CAR_NO,2024,1,NOR00,dome,1,2024-09-08T17:00,,,,
2024_01_MIN_NYG,2024,1,NYC01,outdoors,0,2024-09-08T17:00,10.1,0.0,19.3,93156d7f362cb81d5a9fba028ed30b7d89ceacbe73c98b6fc19d48854b37bd79
2024_01_LV_LAC,2024,1,LAX01,dome,1,2024-09-08T20:00,,,,
2024_01_DEN_SEA,2024,1,SEA00,outdoors,0,2024-09-08T20:00,6.3,0.0,20.7,dfcea12c035d092d1dd1668a34e0b96bc8910eef360510c5a4d2c62f71b13025
2024_01_DAL_CLE,2024,1,CLE00,outdoors,0,2024-09-08T20:00,11.5,0.0,18.8,fcbf0bf12e9f69659ba05fa056d4bdd9765d40db86b13e393007ddff3d335596
2024_01_WAS_TB,2024,1,TAM00,outdoors,0,2024-09-08T20:00,4.8,3.0,31.2,fab6ab49cf404bb971ca0dd26b39cb1350c1f0d73477b52e4eaa409bccaf692f
2024_01_LA_DET,2024,1,DET00,dome,1,2024-09-09T00:00,,,,
2024_01_NYJ_SF,2024,1,SFO01,outdoors,0,2024-09-10T00:00,4.0,0.0,27.4,3f69bcc6aa946912be164e6f4a32362f57c75cd557cc9a494bf23ef32d007aac
2024_02_BUF_MIA,2024,2,MIA00,outdoors,0,2024-09-13T00:00,3.8,0.0,27.8,46ed1bb19f5fe50a5115788631da243d05d6c1e6a165f66e4fa3e8b3ab14681f
2024_02_LV_BAL,2024,2,BAL00,outdoors,0,2024-09-15T17:00,8.9,0.0,25.5,ce753559a48c6b4cea173c8020018c9334737b00a49b385e46c599760a4a90c9
2024_02_LAC_CAR,2024,2,CAR00,outdoors,0,2024-09-15T17:00,12.9,0.1,25.7,3af49fa52463103b45252d72a2f12136055565e4a5a1ece116ebeba1179c259e
2024_02_NO_DAL,2024,2,DAL00,closed,1,2024-09-15T17:00,,,,
2024_02_TB_DET,2024,2,DET00,dome,1,2024-09-15T17:00,,,,
2024_02_IND_GB,2024,2,GNB00,outdoors,0,2024-09-15T17:00,5.0,0.0,29.1,b0d28beb8e99b8e500d07f653b106acbae839e1ca8fe56ec16da7c3d4f13bd18
2024_02_CLE_JAX,2024,2,JAX00,outdoors,0,2024-09-15T17:00,7.6,0.3,27.7,3a9f161561e39ccc8001c4302235c8af70599ac8fbc6cd38ff349a94d49211c3
2024_02_SF_MIN,2024,2,MIN01,dome,1,2024-09-15T17:00,,,,
2024_02_SEA_NE,2024,2,BOS00,outdoors,0,2024-09-15T17:00,3.9,0.0,25.0,2ebd7b7b4365d60964f4fd2390b861fef9c92761e8eda11a6bbf9f306ba25099
2024_02_NYJ_TEN,2024,2,NAS00,outdoors,0,2024-09-15T17:00,7.5,0.0,28.7,c4b436651fa3fbfaa9aea9f7e0fb12aff6bd1731056732707f4884af5af2fee0
2024_02_NYG_WAS,2024,2,WAS00,outdoors,0,2024-09-15T17:00,8.4,0.0,25.3,9e9c035d7101fdec97aa5f03bbc4ae46180d68a4cf7dc4ea197555eeecf86491
2024_02_LA_ARI,2024,2,PHO00,closed,1,2024-09-15T20:00,,,,
2024_02_PIT_DEN,2024,2,DEN00,outdoors,0,2024-09-15T20:00,4.5,0.0,30.6,6c99708e455926ff5954d21238ef0c14fa7ff8287d96b37d305c2edc9f147c0c
2024_02_CIN_KC,2024,2,KAN00,outdoors,0,2024-09-15T20:00,6.2,0.0,30.5,71b298315ee63a515eee0887d674c11032c01918aa1007771d4ed3d0ead60195
2024_02_CHI_HOU,2024,2,HOU00,closed,1,2024-09-16T00:00,,,,
2024_02_ATL_PHI,2024,2,PHI00,outdoors,0,2024-09-17T00:00,6.9,0.0,21.5,44b7fc8deca9d0d34b3ca04b6c57fc28792ff0a889c24a0f016d0aabe02c04a2
2024_03_NE_NYJ,2024,3,NYC01,outdoors,0,2024-09-20T00:00,4.3,0.0,24.0,93156d7f362cb81d5a9fba028ed30b7d89ceacbe73c98b6fc19d48854b37bd79
2024_03_NYG_CLE,2024,3,CLE00,outdoors,0,2024-09-22T17:00,4.3,0.0,27.3,fcbf0bf12e9f69659ba05fa056d4bdd9765d40db86b13e393007ddff3d335596
2024_03_CHI_IND,2024,3,IND00,closed,1,2024-09-22T17:00,,,,
2024_03_HOU_MIN,2024,3,MIN01,dome,1,2024-09-22T17:00,,,,
2024_03_PHI_NO,2024,3,NOR00,dome,1,2024-09-22T17:00,,,,
2024_03_LAC_PIT,2024,3,PIT00,outdoors,0,2024-09-22T17:00,2.8,0.0,27.0,603385670475d98ffe84cca64f021fea22a751e2e2232f0b12dfdcd8802872b7
2024_03_DEN_TB,2024,3,TAM00,outdoors,0,2024-09-22T17:00,4.9,0.0,30.4,fab6ab49cf404bb971ca0dd26b39cb1350c1f0d73477b52e4eaa409bccaf692f
2024_03_GB_TEN,2024,3,NAS00,outdoors,0,2024-09-22T17:00,3.1,0.0,30.8,c4b436651fa3fbfaa9aea9f7e0fb12aff6bd1731056732707f4884af5af2fee0
2024_03_CAR_LV,2024,3,VEG00,dome,1,2024-09-22T20:00,,,,
2024_03_MIA_SEA,2024,3,SEA00,outdoors,0,2024-09-22T20:00,4.1,0.0,19.5,dfcea12c035d092d1dd1668a34e0b96bc8910eef360510c5a4d2c62f71b13025
2024_03_DET_ARI,2024,3,PHO00,closed,1,2024-09-22T20:00,,,,
2024_03_BAL_DAL,2024,3,DAL00,closed,1,2024-09-22T20:00,,,,
2024_03_SF_LA,2024,3,LAX01,dome,1,2024-09-22T20:00,,,,
2024_03_KC_ATL,2024,3,ATL97,closed,1,2024-09-23T00:00,,,,
2024_03_JAX_BUF,2024,3,BUF00,outdoors,0,2024-09-23T23:00,3.2,0.2,19.7,871cec873e1ecb8496fa15108eb52898462a053cd09ec21861c2e9df699db8d8
2024_03_WAS_CIN,2024,3,CIN00,outdoors,0,2024-09-24T00:00,2.0,0.4,21.1,3bca6de984980bc1fea0ec8cd3045f89cfb70a2c20fd5df8567c76d2a61fc560
2024_04_DAL_NYG,2024,4,NYC01,outdoors,0,2024-09-27T00:00,4.2,0.0,22.8,93156d7f362cb81d5a9fba028ed30b7d89ceacbe73c98b6fc19d48854b37bd79
2024_04_NO_ATL,2024,4,ATL97,closed,1,2024-09-29T17:00,,,,
2024_04_CIN_CAR,2024,4,CAR00,outdoors,0,2024-09-29T17:00,4.0,0.1,25.1,3af49fa52463103b45252d72a2f12136055565e4a5a1ece116ebeba1179c259e
2024_04_LA_CHI,2024,4,CHI98,outdoors,0,2024-09-29T17:00,13.6,0.0,20.4,8389c48d9c9fdccda8ffd6ff836d19e3cf6ab50093563ae466ce12b4efd74767
2024_04_MIN_GB,2024,4,GNB00,outdoors,0,2024-09-29T17:00,10.9,0.0,23.2,b0d28beb8e99b8e500d07f653b106acbae839e1ca8fe56ec16da7c3d4f13bd18
2024_04_JAX_HOU,2024,4,HOU00,closed,1,2024-09-29T17:00,,,,
2024_04_PIT_IND,2024,4,IND00,closed,1,2024-09-29T17:00,,,,
2024_04_DEN_NYJ,2024,4,NYC01,outdoors,0,2024-09-29T17:00,8.8,0.0,17.9,93156d7f362cb81d5a9fba028ed30b7d89ceacbe73c98b6fc19d48854b37bd79
2024_04_PHI_TB,2024,4,TAM00,outdoors,0,2024-09-29T17:00,4.6,1.1,29.5,fab6ab49cf404bb971ca0dd26b39cb1350c1f0d73477b52e4eaa409bccaf692f
2024_04_WAS_ARI,2024,4,PHO00,closed,1,2024-09-29T20:00,,,,
2024_04_NE_SF,2024,4,SFO01,outdoors,0,2024-09-29T20:00,2.2,0.0,24.0,3f69bcc6aa946912be164e6f4a32362f57c75cd557cc9a494bf23ef32d007aac
2024_04_KC_LAC,2024,4,LAX01,dome,1,2024-09-29T20:00,,,,
2024_04_CLE_LV,2024,4,VEG00,dome,1,2024-09-29T20:00,,,,
2024_04_BUF_BAL,2024,4,BAL00,outdoors,0,2024-09-30T00:00,9.3,0.3,19.6,ce753559a48c6b4cea173c8020018c9334737b00a49b385e46c599760a4a90c9
2024_04_TEN_MIA,2024,4,MIA00,outdoors,0,2024-09-30T23:00,6.3,0.1,28.7,46ed1bb19f5fe50a5115788631da243d05d6c1e6a165f66e4fa3e8b3ab14681f
2024_04_SEA_DET,2024,4,DET00,dome,1,2024-10-01T00:00,,,,
2024_05_TB_ATL,2024,5,ATL97,closed,1,2024-10-04T00:00,,,,
2024_05_NYJ_MIN,2024,5,LON02,outdoors,0,2024-10-06T13:00,11.2,0.0,14.9,7515f36054f9b875053b991cecc842eb236493a21174b025476ab0c926272467
2024_05_CAR_CHI,2024,5,CHI98,outdoors,0,2024-10-06T17:00,15.1,0.0,22.2,8389c48d9c9fdccda8ffd6ff836d19e3cf6ab50093563ae466ce12b4efd74767
2024_05_BAL_CIN,2024,5,CIN00,outdoors,0,2024-10-06T17:00,10.3,0.0,28.9,3bca6de984980bc1fea0ec8cd3045f89cfb70a2c20fd5df8567c76d2a61fc560
2024_05_BUF_HOU,2024,5,HOU00,closed,1,2024-10-06T17:00,,,,
2024_05_IND_JAX,2024,5,JAX00,outdoors,0,2024-10-06T17:00,6.3,0.8,23.4,3a9f161561e39ccc8001c4302235c8af70599ac8fbc6cd38ff349a94d49211c3
2024_05_MIA_NE,2024,5,BOS00,outdoors,0,2024-10-06T17:00,1.4,0.0,17.8,2ebd7b7b4365d60964f4fd2390b861fef9c92761e8eda11a6bbf9f306ba25099
2024_05_CLE_WAS,2024,5,WAS00,outdoors,0,2024-10-06T17:00,4.2,0.0,23.1,9e9c035d7101fdec97aa5f03bbc4ae46180d68a4cf7dc4ea197555eeecf86491
2024_05_LV_DEN,2024,5,DEN00,outdoors,0,2024-10-06T20:00,7.3,0.0,26.0,6c99708e455926ff5954d21238ef0c14fa7ff8287d96b37d305c2edc9f147c0c
2024_05_ARI_SF,2024,5,SFO01,outdoors,0,2024-10-06T20:00,4.9,0.0,36.0,3f69bcc6aa946912be164e6f4a32362f57c75cd557cc9a494bf23ef32d007aac
2024_05_GB_LA,2024,5,LAX01,dome,1,2024-10-06T20:00,,,,
2024_05_NYG_SEA,2024,5,SEA00,outdoors,0,2024-10-06T20:00,2.9,0.0,17.9,dfcea12c035d092d1dd1668a34e0b96bc8910eef360510c5a4d2c62f71b13025
2024_05_DAL_PIT,2024,5,PIT00,outdoors,0,2024-10-07T00:00,7.9,1.1,23.4,603385670475d98ffe84cca64f021fea22a751e2e2232f0b12dfdcd8802872b7
2024_05_NO_KC,2024,5,KAN00,outdoors,0,2024-10-08T00:00,4.4,0.0,17.1,71b298315ee63a515eee0887d674c11032c01918aa1007771d4ed3d0ead60195
2024_06_SF_SEA,2024,6,SEA00,outdoors,0,2024-10-11T00:00,8.6,0.0,14.8,dfcea12c035d092d1dd1668a34e0b96bc8910eef360510c5a4d2c62f71b13025
2024_06_JAX_CHI,2024,6,LON02,outdoors,0,2024-10-13T13:00,1.3,0.0,10.9,7515f36054f9b875053b991cecc842eb236493a21174b025476ab0c926272467
2024_06_WAS_BAL,2024,6,BAL00,outdoors,0,2024-10-13T17:00,11.1,0.0,23.0,ce753559a48c6b4cea173c8020018c9334737b00a49b385e46c599760a4a90c9
2024_06_ARI_GB,2024,6,GNB00,outdoors,0,2024-10-13T17:00,4.2,0.7,11.3,b0d28beb8e99b8e500d07f653b106acbae839e1ca8fe56ec16da7c3d4f13bd18
2024_06_HOU_NE,2024,6,BOS00,outdoors,0,2024-10-13T17:00,4.9,0.0,10.7,2ebd7b7b4365d60964f4fd2390b861fef9c92761e8eda11a6bbf9f306ba25099
2024_06_TB_NO,2024,6,NOR00,dome,1,2024-10-13T17:00,,,,
2024_06_CLE_PHI,2024,6,PHI00,outdoors,0,2024-10-13T17:00,8.0,0.0,24.8,44b7fc8deca9d0d34b3ca04b6c57fc28792ff0a889c24a0f016d0aabe02c04a2
2024_06_IND_TEN,2024,6,NAS00,outdoors,0,2024-10-13T17:00,9.3,0.0,27.7,c4b436651fa3fbfaa9aea9f7e0fb12aff6bd1731056732707f4884af5af2fee0
2024_06_LAC_DEN,2024,6,DEN00,outdoors,0,2024-10-13T20:00,7.1,0.0,20.3,6c99708e455926ff5954d21238ef0c14fa7ff8287d96b37d305c2edc9f147c0c
2024_06_PIT_LV,2024,6,VEG00,dome,1,2024-10-13T20:00,,,,
2024_06_ATL_CAR,2024,6,CAR00,outdoors,0,2024-10-13T20:00,8.5,0.0,26.7,3af49fa52463103b45252d72a2f12136055565e4a5a1ece116ebeba1179c259e
2024_06_DET_DAL,2024,6,DAL00,closed,1,2024-10-13T20:00,,,,
2024_06_CIN_NYG,2024,6,NYC01,outdoors,0,2024-10-14T00:00,2.3,0.0,18.5,93156d7f362cb81d5a9fba028ed30b7d89ceacbe73c98b6fc19d48854b37bd79
2024_06_BUF_NYJ,2024,6,NYC01,outdoors,0,2024-10-15T00:00,17.7,0.0,11.1,93156d7f362cb81d5a9fba028ed30b7d89ceacbe73c98b6fc19d48854b37bd79
2024_07_DEN_NO,2024,7,NOR00,dome,1,2024-10-18T00:00,,,,
2024_07_NE_JAX,2024,7,LON00,outdoors,0,2024-10-20T13:00,20.1,0.4,16.6,6dc5e1fd8f42b307222e28847c6e943d506cfeb2cf2d2bc7228cf4186fd30c4b
2024_07_SEA_ATL,2024,7,ATL97,closed,1,2024-10-20T17:00,,,,
2024_07_TEN_BUF,2024,7,BUF00,outdoors,0,2024-10-20T17:00,11.5,0.0,19.6,871cec873e1ecb8496fa15108eb52898462a053cd09ec21861c2e9df699db8d8
2024_07_CIN_CLE,2024,7,CLE00,outdoors,0,2024-10-20T17:00,7.5,0.0,19.5,fcbf0bf12e9f69659ba05fa056d4bdd9765d40db86b13e393007ddff3d335596
2024_07_HOU_GB,2024,7,GNB00,outdoors,0,2024-10-20T17:00,13.4,0.0,23.0,b0d28beb8e99b8e500d07f653b106acbae839e1ca8fe56ec16da7c3d4f13bd18
2024_07_MIA_IND,2024,7,IND00,closed,1,2024-10-20T17:00,,,,
2024_07_DET_MIN,2024,7,MIN01,dome,1,2024-10-20T17:00,,,,
2024_07_PHI_NYG,2024,7,NYC01,outdoors,0,2024-10-20T17:00,3.7,0.0,19.3,93156d7f362cb81d5a9fba028ed30b7d89ceacbe73c98b6fc19d48854b37bd79
2024_07_LV_LA,2024,7,LAX01,dome,1,2024-10-20T20:00,,,,
2024_07_CAR_WAS,2024,7,WAS00,outdoors,0,2024-10-20T20:00,1.2,0.0,23.3,9e9c035d7101fdec97aa5f03bbc4ae46180d68a4cf7dc4ea197555eeecf86491
2024_07_KC_SF,2024,7,SFO01,outdoors,0,2024-10-20T20:00,3.2,0.0,26.1,3f69bcc6aa946912be164e6f4a32362f57c75cd557cc9a494bf23ef32d007aac
2024_07_NYJ_PIT,2024,7,PIT00,outdoors,0,2024-10-21T00:00,5.4,0.0,15.2,603385670475d98ffe84cca64f021fea22a751e2e2232f0b12dfdcd8802872b7
2024_07_BAL_TB,2024,7,TAM00,outdoors,0,2024-10-22T00:00,9.6,0.0,25.2,fab6ab49cf404bb971ca0dd26b39cb1350c1f0d73477b52e4eaa409bccaf692f
2024_07_LAC_ARI,2024,7,PHO00,closed,1,2024-10-22T01:00,,,,
2024_08_MIN_LA,2024,8,LAX01,dome,1,2024-10-25T00:00,,,,
2024_08_PHI_CIN,2024,8,CIN00,outdoors,0,2024-10-27T17:00,4.2,0.0,14.9,3bca6de984980bc1fea0ec8cd3045f89cfb70a2c20fd5df8567c76d2a61fc560
2024_08_BAL_CLE,2024,8,CLE00,outdoors,0,2024-10-27T17:00,4.5,0.0,11.9,fcbf0bf12e9f69659ba05fa056d4bdd9765d40db86b13e393007ddff3d335596
2024_08_TEN_DET,2024,8,DET00,dome,1,2024-10-27T17:00,,,,
2024_08_IND_HOU,2024,8,HOU00,closed,1,2024-10-27T17:00,,,,
2024_08_GB_JAX,2024,8,JAX00,outdoors,0,2024-10-27T17:00,1.3,0.0,28.4,3a9f161561e39ccc8001c4302235c8af70599ac8fbc6cd38ff349a94d49211c3
2024_08_ARI_MIA,2024,8,MIA00,outdoors,0,2024-10-27T17:00,12.7,0.0,26.6,46ed1bb19f5fe50a5115788631da243d05d6c1e6a165f66e4fa3e8b3ab14681f
2024_08_NYJ_NE,2024,8,BOS00,outdoors,0,2024-10-27T17:00,6.9,0.0,11.9,2ebd7b7b4365d60964f4fd2390b861fef9c92761e8eda11a6bbf9f306ba25099
2024_08_ATL_TB,2024,8,TAM00,outdoors,0,2024-10-27T17:00,4.6,0.0,27.1,fab6ab49cf404bb971ca0dd26b39cb1350c1f0d73477b52e4eaa409bccaf692f
2024_08_NO_LAC,2024,8,LAX01,dome,1,2024-10-27T20:00,,,,
2024_08_BUF_SEA,2024,8,SEA00,outdoors,0,2024-10-27T20:00,12.7,0.2,14.2,dfcea12c035d092d1dd1668a34e0b96bc8910eef360510c5a4d2c62f71b13025
2024_08_CAR_DEN,2024,8,DEN00,outdoors,0,2024-10-27T20:00,4.0,0.0,25.8,6c99708e455926ff5954d21238ef0c14fa7ff8287d96b37d305c2edc9f147c0c
2024_08_KC_LV,2024,8,VEG00,dome,1,2024-10-27T20:00,,,,
2024_08_CHI_WAS,2024,8,WAS00,outdoors,0,2024-10-27T20:00,1.0,0.0,14.0,9e9c035d7101fdec97aa5f03bbc4ae46180d68a4cf7dc4ea197555eeecf86491
2024_08_DAL_SF,2024,8,SFO01,outdoors,0,2024-10-28T00:00,6.1,0.0,20.7,3f69bcc6aa946912be164e6f4a32362f57c75cd557cc9a494bf23ef32d007aac
2024_08_NYG_PIT,2024,8,PIT00,outdoors,0,2024-10-29T00:00,4.0,0.0,12.6,603385670475d98ffe84cca64f021fea22a751e2e2232f0b12dfdcd8802872b7
2024_09_HOU_NYJ,2024,9,NYC01,outdoors,0,2024-11-01T00:00,8.7,0.0,21.2,93156d7f362cb81d5a9fba028ed30b7d89ceacbe73c98b6fc19d48854b37bd79
2024_09_DAL_ATL,2024,9,ATL97,closed,1,2024-11-03T18:00,,,,
2024_09_DEN_BAL,2024,9,BAL00,outdoors,0,2024-11-03T18:00,4.4,0.0,13.1,ce753559a48c6b4cea173c8020018c9334737b00a49b385e46c599760a4a90c9
2024_09_MIA_BUF,2024,9,BUF00,outdoors,0,2024-11-03T18:00,6.3,0.0,11.8,871cec873e1ecb8496fa15108eb52898462a053cd09ec21861c2e9df699db8d8
2024_09_NO_CAR,2024,9,CAR00,outdoors,0,2024-11-03T18:00,6.2,0.0,19.3,3af49fa52463103b45252d72a2f12136055565e4a5a1ece116ebeba1179c259e
2024_09_LV_CIN,2024,9,CIN00,outdoors,0,2024-11-03T18:00,5.9,0.0,20.4,3bca6de984980bc1fea0ec8cd3045f89cfb70a2c20fd5df8567c76d2a61fc560
2024_09_LAC_CLE,2024,9,CLE00,outdoors,0,2024-11-03T18:00,9.1,0.0,16.2,fcbf0bf12e9f69659ba05fa056d4bdd9765d40db86b13e393007ddff3d335596
2024_09_WAS_NYG,2024,9,NYC01,outdoors,0,2024-11-03T18:00,3.7,0.0,11.3,93156d7f362cb81d5a9fba028ed30b7d89ceacbe73c98b6fc19d48854b37bd79
2024_09_NE_TEN,2024,9,NAS00,outdoors,0,2024-11-03T18:00,11.7,0.0,26.0,c4b436651fa3fbfaa9aea9f7e0fb12aff6bd1731056732707f4884af5af2fee0
2024_09_CHI_ARI,2024,9,PHO00,closed,1,2024-11-03T21:00,,,,
2024_09_JAX_PHI,2024,9,PHI00,outdoors,0,2024-11-03T21:00,3.5,0.0,14.4,44b7fc8deca9d0d34b3ca04b6c57fc28792ff0a889c24a0f016d0aabe02c04a2
2024_09_DET_GB,2024,9,GNB00,outdoors,0,2024-11-03T21:00,15.2,0.8,10.3,b0d28beb8e99b8e500d07f653b106acbae839e1ca8fe56ec16da7c3d4f13bd18
2024_09_LA_SEA,2024,9,SEA00,outdoors,0,2024-11-03T21:00,2.8,0.1,11.7,dfcea12c035d092d1dd1668a34e0b96bc8910eef360510c5a4d2c62f71b13025
2024_09_IND_MIN,2024,9,MIN01,dome,1,2024-11-04T01:00,,,,
2024_09_TB_KC,2024,9,KAN00,outdoors,0,2024-11-05T01:00,6.0,1.3,16.9,71b298315ee63a515eee0887d674c11032c01918aa1007771d4ed3d0ead60195
2024_10_CIN_BAL,2024,10,BAL00,outdoors,0,2024-11-08T01:00,6.6,0.0,18.4,ce753559a48c6b4cea173c8020018c9334737b00a49b385e46c599760a4a90c9
2024_10_NYG_CAR,2024,10,GER00,outdoors,0,2024-11-10T14:00,1.3,0.0,4.5,1a9af3e452ed6436a9a50c4a4628d5ad3e71985f00be28966129d289eca132ac
2024_10_NE_CHI,2024,10,CHI98,outdoors,0,2024-11-10T18:00,17.4,0.1,16.1,8389c48d9c9fdccda8ffd6ff836d19e3cf6ab50093563ae466ce12b4efd74767
2024_10_BUF_IND,2024,10,IND00,closed,1,2024-11-10T18:00,,,,
2024_10_MIN_JAX,2024,10,JAX00,outdoors,0,2024-11-10T18:00,11.0,0.2,25.0,3a9f161561e39ccc8001c4302235c8af70599ac8fbc6cd38ff349a94d49211c3
2024_10_DEN_KC,2024,10,KAN00,outdoors,0,2024-11-10T18:00,8.6,0.0,15.3,71b298315ee63a515eee0887d674c11032c01918aa1007771d4ed3d0ead60195
2024_10_ATL_NO,2024,10,NOR00,dome,1,2024-11-10T18:00,,,,
2024_10_SF_TB,2024,10,TAM00,outdoors,0,2024-11-10T18:00,7.4,0.0,29.9,fab6ab49cf404bb971ca0dd26b39cb1350c1f0d73477b52e4eaa409bccaf692f
2024_10_PIT_WAS,2024,10,WAS00,outdoors,0,2024-11-10T18:00,8.0,0.0,14.4,9e9c035d7101fdec97aa5f03bbc4ae46180d68a4cf7dc4ea197555eeecf86491
2024_10_TEN_LAC,2024,10,LAX01,dome,1,2024-11-10T21:00,,,,
2024_10_NYJ_ARI,2024,10,PHO00,closed,1,2024-11-10T21:00,,,,
2024_10_PHI_DAL,2024,10,DAL00,closed,1,2024-11-10T21:00,,,,
2024_10_DET_HOU,2024,10,HOU00,closed,1,2024-11-11T01:00,,,,
2024_10_MIA_LA,2024,10,LAX01,dome,1,2024-11-12T01:00,,,,
2024_11_WAS_PHI,2024,11,PHI00,outdoors,0,2024-11-15T01:00,6.9,0.0,7.0,44b7fc8deca9d0d34b3ca04b6c57fc28792ff0a889c24a0f016d0aabe02c04a2
2024_11_GB_CHI,2024,11,CHI98,outdoors,0,2024-11-17T18:00,9.9,0.0,13.1,8389c48d9c9fdccda8ffd6ff836d19e3cf6ab50093563ae466ce12b4efd74767
2024_11_JAX_DET,2024,11,DET00,dome,1,2024-11-17T18:00,,,,
2024_11_LV_MIA,2024,11,MIA00,outdoors,0,2024-11-17T18:00,11.2,0.0,25.6,46ed1bb19f5fe50a5115788631da243d05d6c1e6a165f66e4fa3e8b3ab14681f
2024_11_LA_NE,2024,11,BOS00,outdoors,0,2024-11-17T18:00,7.7,0.0,16.4,2ebd7b7b4365d60964f4fd2390b861fef9c92761e8eda11a6bbf9f306ba25099
2024_11_CLE_NO,2024,11,NOR00,dome,1,2024-11-17T18:00,,,,
2024_11_IND_NYJ,2024,11,NYC01,outdoors,0,2024-11-17T18:00,6.0,0.0,15.0,93156d7f362cb81d5a9fba028ed30b7d89ceacbe73c98b6fc19d48854b37bd79
2024_11_BAL_PIT,2024,11,PIT00,outdoors,0,2024-11-17T18:00,4.9,0.0,11.4,603385670475d98ffe84cca64f021fea22a751e2e2232f0b12dfdcd8802872b7
2024_11_MIN_TEN,2024,11,NAS00,outdoors,0,2024-11-17T18:00,5.7,0.0,20.5,c4b436651fa3fbfaa9aea9f7e0fb12aff6bd1731056732707f4884af5af2fee0
2024_11_ATL_DEN,2024,11,DEN00,outdoors,0,2024-11-17T21:00,3.6,0.0,9.5,6c99708e455926ff5954d21238ef0c14fa7ff8287d96b37d305c2edc9f147c0c
2024_11_SEA_SF,2024,11,SFO01,outdoors,0,2024-11-17T21:00,1.7,0.0,15.6,3f69bcc6aa946912be164e6f4a32362f57c75cd557cc9a494bf23ef32d007aac
2024_11_KC_BUF,2024,11,BUF00,outdoors,0,2024-11-17T21:00,3.8,0.0,10.6,871cec873e1ecb8496fa15108eb52898462a053cd09ec21861c2e9df699db8d8
2024_11_CIN_LAC,2024,11,LAX01,dome,1,2024-11-18T01:00,,,,
2024_11_HOU_DAL,2024,11,DAL00,closed,1,2024-11-19T01:00,,,,
2024_12_PIT_CLE,2024,12,CLE00,outdoors,0,2024-11-22T01:00,14.0,0.5,1.8,fcbf0bf12e9f69659ba05fa056d4bdd9765d40db86b13e393007ddff3d335596
2024_12_KC_CAR,2024,12,CAR00,outdoors,0,2024-11-24T18:00,2.9,0.0,16.4,3af49fa52463103b45252d72a2f12136055565e4a5a1ece116ebeba1179c259e
2024_12_MIN_CHI,2024,12,CHI98,outdoors,0,2024-11-24T18:00,9.2,0.0,8.2,8389c48d9c9fdccda8ffd6ff836d19e3cf6ab50093563ae466ce12b4efd74767
2024_12_TEN_HOU,2024,12,HOU00,closed,1,2024-11-24T18:00,,,,
2024_12_DET_IND,2024,12,IND00,closed,1,2024-11-24T18:00,,,,
2024_12_NE_MIA,2024,12,MIA00,outdoors,0,2024-11-24T18:00,5.0,0.0,23.8,46ed1bb19f5fe50a5115788631da243d05d6c1e6a165f66e4fa3e8b3ab14681f
2024_12_TB_NYG,2024,12,NYC01,outdoors,0,2024-11-24T18:00,16.0,0.0,11.0,93156d7f362cb81d5a9fba028ed30b7d89ceacbe73c98b6fc19d48854b37bd79
2024_12_DAL_WAS,2024,12,WAS00,outdoors,0,2024-11-24T18:00,7.7,0.0,13.5,9e9c035d7101fdec97aa5f03bbc4ae46180d68a4cf7dc4ea197555eeecf86491
2024_12_DEN_LV,2024,12,VEG00,dome,1,2024-11-24T21:00,,,,
2024_12_SF_GB,2024,12,GNB00,outdoors,0,2024-11-24T21:00,10.1,0.0,5.2,b0d28beb8e99b8e500d07f653b106acbae839e1ca8fe56ec16da7c3d4f13bd18
2024_12_ARI_SEA,2024,12,SEA00,outdoors,0,2024-11-24T21:00,4.7,0.6,8.4,dfcea12c035d092d1dd1668a34e0b96bc8910eef360510c5a4d2c62f71b13025
2024_12_PHI_LA,2024,12,LAX01,dome,1,2024-11-25T01:00,,,,
2024_12_BAL_LAC,2024,12,LAX01,dome,1,2024-11-26T01:00,,,,
2024_13_CHI_DET,2024,13,DET00,dome,1,2024-11-28T17:00,,,,
2024_13_NYG_DAL,2024,13,DAL00,closed,1,2024-11-28T21:00,,,,
2024_13_MIA_GB,2024,13,GNB00,outdoors,0,2024-11-29T01:00,10.9,0.0,-3.3,b0d28beb8e99b8e500d07f653b106acbae839e1ca8fe56ec16da7c3d4f13bd18
2024_13_LV_KC,2024,13,KAN00,outdoors,0,2024-11-29T20:00,3.3,0.0,2.4,71b298315ee63a515eee0887d674c11032c01918aa1007771d4ed3d0ead60195
2024_13_LAC_ATL,2024,13,ATL97,closed,1,2024-12-01T18:00,,,,
2024_13_PIT_CIN,2024,13,CIN00,outdoors,0,2024-12-01T18:00,7.8,0.0,-0.0,3bca6de984980bc1fea0ec8cd3045f89cfb70a2c20fd5df8567c76d2a61fc560
2024_13_HOU_JAX,2024,13,JAX00,outdoors,0,2024-12-01T18:00,5.2,0.0,15.5,3a9f161561e39ccc8001c4302235c8af70599ac8fbc6cd38ff349a94d49211c3
2024_13_ARI_MIN,2024,13,MIN01,dome,1,2024-12-01T18:00,,,,
2024_13_IND_NE,2024,13,BOS00,outdoors,0,2024-12-01T18:00,8.0,0.0,2.1,2ebd7b7b4365d60964f4fd2390b861fef9c92761e8eda11a6bbf9f306ba25099
2024_13_SEA_NYJ,2024,13,NYC01,outdoors,0,2024-12-01T18:00,15.0,0.0,2.6,93156d7f362cb81d5a9fba028ed30b7d89ceacbe73c98b6fc19d48854b37bd79
2024_13_TEN_WAS,2024,13,WAS00,outdoors,0,2024-12-01T18:00,8.4,0.0,5.5,9e9c035d7101fdec97aa5f03bbc4ae46180d68a4cf7dc4ea197555eeecf86491
2024_13_TB_CAR,2024,13,CAR00,outdoors,0,2024-12-01T21:00,5.1,0.0,10.8,3af49fa52463103b45252d72a2f12136055565e4a5a1ece116ebeba1179c259e
2024_13_LA_NO,2024,13,NOR00,dome,1,2024-12-01T21:00,,,,
2024_13_PHI_BAL,2024,13,BAL00,outdoors,0,2024-12-01T21:00,6.5,0.0,4.4,ce753559a48c6b4cea173c8020018c9334737b00a49b385e46c599760a4a90c9
2024_13_SF_BUF,2024,13,BUF00,outdoors,0,2024-12-02T01:00,9.6,0.2,-1.5,871cec873e1ecb8496fa15108eb52898462a053cd09ec21861c2e9df699db8d8
2024_13_CLE_DEN,2024,13,DEN00,outdoors,0,2024-12-03T01:00,5.1,0.0,0.8,6c99708e455926ff5954d21238ef0c14fa7ff8287d96b37d305c2edc9f147c0c
2024_14_GB_DET,2024,14,DET00,dome,1,2024-12-06T01:00,,,,
2024_14_NYJ_MIA,2024,14,MIA00,outdoors,0,2024-12-08T18:00,9.9,0.0,23.5,46ed1bb19f5fe50a5115788631da243d05d6c1e6a165f66e4fa3e8b3ab14681f
2024_14_ATL_MIN,2024,14,MIN01,dome,1,2024-12-08T18:00,,,,
2024_14_NO_NYG,2024,14,NYC01,outdoors,0,2024-12-08T18:00,11.6,0.0,11.0,93156d7f362cb81d5a9fba028ed30b7d89ceacbe73c98b6fc19d48854b37bd79
2024_14_CAR_PHI,2024,14,PHI00,outdoors,0,2024-12-08T18:00,13.1,0.0,14.5,44b7fc8deca9d0d34b3ca04b6c57fc28792ff0a889c24a0f016d0aabe02c04a2
2024_14_CLE_PIT,2024,14,PIT00,outdoors,0,2024-12-08T18:00,11.2,0.0,11.5,603385670475d98ffe84cca64f021fea22a751e2e2232f0b12dfdcd8802872b7
2024_14_LV_TB,2024,14,TAM00,outdoors,0,2024-12-08T18:00,4.6,0.0,22.0,fab6ab49cf404bb971ca0dd26b39cb1350c1f0d73477b52e4eaa409bccaf692f
2024_14_JAX_TEN,2024,14,NAS00,outdoors,0,2024-12-08T18:00,7.1,0.1,10.8,c4b436651fa3fbfaa9aea9f7e0fb12aff6bd1731056732707f4884af5af2fee0
2024_14_SEA_ARI,2024,14,PHO00,closed,1,2024-12-08T21:00,,,,
2024_14_BUF_LA,2024,14,LAX01,dome,1,2024-12-08T21:00,,,,
2024_14_CHI_SF,2024,14,SFO01,outdoors,0,2024-12-08T21:00,5.3,0.0,19.3,3f69bcc6aa946912be164e6f4a32362f57c75cd557cc9a494bf23ef32d007aac
2024_14_LAC_KC,2024,14,KAN00,outdoors,0,2024-12-09T01:00,10.1,0.0,9.8,71b298315ee63a515eee0887d674c11032c01918aa1007771d4ed3d0ead60195
2024_14_CIN_DAL,2024,14,DAL00,closed,1,2024-12-10T01:00,,,,
2024_15_LA_SF,2024,15,SFO01,outdoors,0,2024-12-13T01:00,5.5,0.9,12.8,3f69bcc6aa946912be164e6f4a32362f57c75cd557cc9a494bf23ef32d007aac
2024_15_DAL_CAR,2024,15,CAR00,outdoors,0,2024-12-15T18:00,5.5,0.1,6.6,3af49fa52463103b45252d72a2f12136055565e4a5a1ece116ebeba1179c259e
2024_15_KC_CLE,2024,15,CLE00,outdoors,0,2024-12-15T18:00,15.6,0.0,4.5,fcbf0bf12e9f69659ba05fa056d4bdd9765d40db86b13e393007ddff3d335596
2024_15_MIA_HOU,2024,15,HOU00,closed,1,2024-12-15T18:00,,,,
2024_15_NYJ_JAX,2024,15,JAX00,outdoors,0,2024-12-15T18:00,10.0,0.0,21.2,3a9f161561e39ccc8001c4302235c8af70599ac8fbc6cd38ff349a94d49211c3
2024_15_WAS_NO,2024,15,NOR00,dome,1,2024-12-15T18:00,,,,
2024_15_BAL_NYG,2024,15,NYC01,outdoors,0,2024-12-15T18:00,6.1,0.0,2.8,93156d7f362cb81d5a9fba028ed30b7d89ceacbe73c98b6fc19d48854b37bd79
2024_15_CIN_TEN,2024,15,NAS00,outdoors,0,2024-12-15T18:00,9.0,0.2,12.5,c4b436651fa3fbfaa9aea9f7e0fb12aff6bd1731056732707f4884af5af2fee0
2024_15_NE_ARI,2024,15,PHO00,closed,1,2024-12-15T21:00,,,,
2024_15_IND_DEN,2024,15,DEN00,outdoors,0,2024-12-15T21:00,4.5,0.0,14.1,6c99708e455926ff5954d21238ef0c14fa7ff8287d96b37d305c2edc9f147c0c
2024_15_BUF_DET,2024,15,DET00,dome,1,2024-12-15T21:00,,,,
2024_15_TB_LAC,2024,15,LAX01,dome,1,2024-12-15T21:00,,,,
2024_15_PIT_PHI,2024,15,PHI00,outdoors,0,2024-12-15T21:00,5.5,0.0,3.7,44b7fc8deca9d0d34b3ca04b6c57fc28792ff0a889c24a0f016d0aabe02c04a2
2024_15_GB_SEA,2024,15,SEA00,outdoors,0,2024-12-16T01:00,3.1,0.0,7.0,dfcea12c035d092d1dd1668a34e0b96bc8910eef360510c5a4d2c62f71b13025
2024_15_CHI_MIN,2024,15,MIN01,dome,1,2024-12-17T01:00,,,,
2024_15_ATL_LV,2024,15,VEG00,dome,1,2024-12-17T01:00,,,,
2024_16_DEN_LAC,2024,16,LAX01,dome,1,2024-12-20T01:00,,,,
2024_16_HOU_KC,2024,16,KAN00,outdoors,0,2024-12-21T18:00,2.5,0.0,-0.6,71b298315ee63a515eee0887d674c11032c01918aa1007771d4ed3d0ead60195
2024_16_PIT_BAL,2024,16,BAL00,outdoors,0,2024-12-21T21:00,15.7,0.0,1.5,ce753559a48c6b4cea173c8020018c9334737b00a49b385e46c599760a4a90c9
2024_16_NYG_ATL,2024,16,ATL97,closed,1,2024-12-22T18:00,,,,
2024_16_ARI_CAR,2024,16,CAR00,outdoors,0,2024-12-22T18:00,2.3,0.0,3.1,3af49fa52463103b45252d72a2f12136055565e4a5a1ece116ebeba1179c259e
2024_16_DET_CHI,2024,16,CHI98,outdoors,0,2024-12-22T18:00,12.3,0.0,-0.7,8389c48d9c9fdccda8ffd6ff836d19e3cf6ab50093563ae466ce12b4efd74767
2024_16_CLE_CIN,2024,16,CIN00,outdoors,0,2024-12-22T18:00,2.4,0.0,0.5,3bca6de984980bc1fea0ec8cd3045f89cfb70a2c20fd5df8567c76d2a61fc560
2024_16_TEN_IND,2024,16,IND00,closed,1,2024-12-22T18:00,,,,
2024_16_LA_NYJ,2024,16,NYC01,outdoors,0,2024-12-22T18:00,9.5,0.0,-5.8,93156d7f362cb81d5a9fba028ed30b7d89ceacbe73c98b6fc19d48854b37bd79
2024_16_PHI_WAS,2024,16,WAS00,outdoors,0,2024-12-22T18:00,5.8,0.0,-0.7,9e9c035d7101fdec97aa5f03bbc4ae46180d68a4cf7dc4ea197555eeecf86491
2024_16_MIN_SEA,2024,16,SEA00,outdoors,0,2024-12-22T21:00,9.0,1.0,8.9,dfcea12c035d092d1dd1668a34e0b96bc8910eef360510c5a4d2c62f71b13025
2024_16_NE_BUF,2024,16,BUF00,outdoors,0,2024-12-22T21:00,0.0,0.0,-10.6,871cec873e1ecb8496fa15108eb52898462a053cd09ec21861c2e9df699db8d8
2024_16_JAX_LV,2024,16,VEG00,dome,1,2024-12-22T21:00,,,,
2024_16_SF_MIA,2024,16,MIA00,outdoors,0,2024-12-22T21:00,9.4,0.0,22.6,46ed1bb19f5fe50a5115788631da243d05d6c1e6a165f66e4fa3e8b3ab14681f
2024_16_TB_DAL,2024,16,DAL00,closed,1,2024-12-23T01:00,,,,
2024_16_NO_GB,2024,16,GNB00,outdoors,0,2024-12-24T01:00,6.2,0.0,0.3,b0d28beb8e99b8e500d07f653b106acbae839e1ca8fe56ec16da7c3d4f13bd18
2024_17_KC_PIT,2024,17,PIT00,outdoors,0,2024-12-25T18:00,2.0,0.0,4.8,603385670475d98ffe84cca64f021fea22a751e2e2232f0b12dfdcd8802872b7
2024_17_BAL_HOU,2024,17,HOU00,closed,1,2024-12-25T21:00,,,,
2024_17_SEA_CHI,2024,17,CHI98,outdoors,0,2024-12-27T01:00,8.9,0.3,8.1,8389c48d9c9fdccda8ffd6ff836d19e3cf6ab50093563ae466ce12b4efd74767
2024_17_LAC_NE,2024,17,BOS00,outdoors,0,2024-12-28T18:00,6.6,0.1,5.8,2ebd7b7b4365d60964f4fd2390b861fef9c92761e8eda11a6bbf9f306ba25099
2024_17_DEN_CIN,2024,17,CIN00,outdoors,0,2024-12-28T21:00,5.2,0.0,15.6,3bca6de984980bc1fea0ec8cd3045f89cfb70a2c20fd5df8567c76d2a61fc560
2024_17_ARI_LA,2024,17,LAX01,dome,1,2024-12-29T01:00,,,,
2024_17_NYJ_BUF,2024,17,BUF00,outdoors,0,2024-12-29T18:00,15.9,1.2,12.5,871cec873e1ecb8496fa15108eb52898462a053cd09ec21861c2e9df699db8d8
2024_17_TEN_JAX,2024,17,JAX00,outdoors,0,2024-12-29T18:00,7.7,0.6,21.2,3a9f161561e39ccc8001c4302235c8af70599ac8fbc6cd38ff349a94d49211c3
2024_17_LV_NO,2024,17,NOR00,dome,1,2024-12-29T18:00,,,,
2024_17_IND_NYG,2024,17,NYC01,outdoors,0,2024-12-29T18:00,7.3,0.0,14.1,93156d7f362cb81d5a9fba028ed30b7d89ceacbe73c98b6fc19d48854b37bd79
2024_17_DAL_PHI,2024,17,PHI00,outdoors,0,2024-12-29T18:00,11.5,0.0,17.5,44b7fc8deca9d0d34b3ca04b6c57fc28792ff0a889c24a0f016d0aabe02c04a2
2024_17_CAR_TB,2024,17,TAM00,outdoors,0,2024-12-29T18:00,8.4,0.0,23.8,fab6ab49cf404bb971ca0dd26b39cb1350c1f0d73477b52e4eaa409bccaf692f
2024_17_MIA_CLE,2024,17,CLE00,outdoors,0,2024-12-29T21:00,12.6,0.1,14.8,fcbf0bf12e9f69659ba05fa056d4bdd9765d40db86b13e393007ddff3d335596
2024_17_GB_MIN,2024,17,MIN01,dome,1,2024-12-29T21:00,,,,
2024_17_ATL_WAS,2024,17,WAS00,outdoors,0,2024-12-30T01:00,14.6,0.3,15.0,9e9c035d7101fdec97aa5f03bbc4ae46180d68a4cf7dc4ea197555eeecf86491
2024_17_DET_SF,2024,17,SFO01,outdoors,0,2024-12-31T01:00,4.1,0.0,13.3,3f69bcc6aa946912be164e6f4a32362f57c75cd557cc9a494bf23ef32d007aac
2024_18_CLE_BAL,2024,18,BAL00,outdoors,0,2025-01-04T21:00,18.3,0.0,-0.3,ce753559a48c6b4cea173c8020018c9334737b00a49b385e46c599760a4a90c9
2024_18_CIN_PIT,2024,18,PIT00,outdoors,0,2025-01-05T01:00,9.1,0.0,-6.5,603385670475d98ffe84cca64f021fea22a751e2e2232f0b12dfdcd8802872b7
2024_18_CAR_ATL,2024,18,ATL97,closed,1,2025-01-05T18:00,,,,
2024_18_WAS_DAL,2024,18,DAL00,closed,1,2025-01-05T18:00,,,,
2024_18_CHI_GB,2024,18,GNB00,outdoors,0,2025-01-05T18:00,9.1,0.0,-9.0,b0d28beb8e99b8e500d07f653b106acbae839e1ca8fe56ec16da7c3d4f13bd18
2024_18_JAX_IND,2024,18,IND00,closed,1,2025-01-05T18:00,,,,
2024_18_BUF_NE,2024,18,BOS00,outdoors,0,2025-01-05T18:00,13.3,0.0,0.6,2ebd7b7b4365d60964f4fd2390b861fef9c92761e8eda11a6bbf9f306ba25099
2024_18_NYG_PHI,2024,18,PHI00,outdoors,0,2025-01-05T18:00,13.6,0.0,0.4,44b7fc8deca9d0d34b3ca04b6c57fc28792ff0a889c24a0f016d0aabe02c04a2
2024_18_NO_TB,2024,18,TAM00,outdoors,0,2025-01-05T18:00,7.5,0.0,20.9,fab6ab49cf404bb971ca0dd26b39cb1350c1f0d73477b52e4eaa409bccaf692f
2024_18_HOU_TEN,2024,18,NAS00,outdoors,0,2025-01-05T18:00,8.3,0.3,3.6,c4b436651fa3fbfaa9aea9f7e0fb12aff6bd1731056732707f4884af5af2fee0
2024_18_SF_ARI,2024,18,PHO00,closed,1,2025-01-05T21:00,,,,
2024_18_KC_DEN,2024,18,DEN00,outdoors,0,2025-01-05T21:00,3.9,0.0,-1.1,6c99708e455926ff5954d21238ef0c14fa7ff8287d96b37d305c2edc9f147c0c
2024_18_SEA_LA,2024,18,LAX01,dome,1,2025-01-05T21:00,,,,
2024_18_LAC_LV,2024,18,VEG00,dome,1,2025-01-05T21:00,,,,
2024_18_MIA_NYJ,2024,18,NYC01,outdoors,0,2025-01-05T21:00,10.4,0.0,0.7,93156d7f362cb81d5a9fba028ed30b7d89ceacbe73c98b6fc19d48854b37bd79
2024_18_MIN_DET,2024,18,DET00,dome,1,2025-01-06T01:00,,,,
2025_01_DAL_PHI,2025,1,PHI00,outdoors,0,2025-09-05T00:00,8.4,2.1,22.3,44b7fc8deca9d0d34b3ca04b6c57fc28792ff0a889c24a0f016d0aabe02c04a2
2025_01_KC_LAC,2025,1,LAX01,dome,1,2025-09-06T00:00,,,,
2025_01_TB_ATL,2025,1,ATL97,closed,1,2025-09-07T17:00,,,,
2025_01_CIN_CLE,2025,1,CLE00,outdoors,0,2025-09-07T17:00,7.2,0.0,17.3,fcbf0bf12e9f69659ba05fa056d4bdd9765d40db86b13e393007ddff3d335596
2025_01_MIA_IND,2025,1,IND00,closed,1,2025-09-07T17:00,,,,
2025_01_CAR_JAX,2025,1,JAX00,outdoors,0,2025-09-07T17:00,2.7,1.4,30.5,3a9f161561e39ccc8001c4302235c8af70599ac8fbc6cd38ff349a94d49211c3
2025_01_LV_NE,2025,1,BOS00,outdoors,0,2025-09-07T17:00,4.0,1.0,16.4,2ebd7b7b4365d60964f4fd2390b861fef9c92761e8eda11a6bbf9f306ba25099
2025_01_ARI_NO,2025,1,NOR00,dome,1,2025-09-07T17:00,,,,
2025_01_PIT_NYJ,2025,1,NYC01,outdoors,0,2025-09-07T17:00,2.2,0.0,18.8,93156d7f362cb81d5a9fba028ed30b7d89ceacbe73c98b6fc19d48854b37bd79
2025_01_NYG_WAS,2025,1,WAS00,outdoors,0,2025-09-07T17:00,4.0,0.2,20.4,9e9c035d7101fdec97aa5f03bbc4ae46180d68a4cf7dc4ea197555eeecf86491
2025_01_TEN_DEN,2025,1,DEN00,outdoors,0,2025-09-07T20:00,1.6,0.0,27.8,6c99708e455926ff5954d21238ef0c14fa7ff8287d96b37d305c2edc9f147c0c
2025_01_SF_SEA,2025,1,SEA00,outdoors,0,2025-09-07T20:00,6.3,0.0,18.7,dfcea12c035d092d1dd1668a34e0b96bc8910eef360510c5a4d2c62f71b13025
2025_01_DET_GB,2025,1,GNB00,outdoors,0,2025-09-07T20:00,7.9,0.0,17.0,b0d28beb8e99b8e500d07f653b106acbae839e1ca8fe56ec16da7c3d4f13bd18
2025_01_HOU_LA,2025,1,LAX01,dome,1,2025-09-07T20:00,,,,
2025_01_BAL_BUF,2025,1,BUF00,outdoors,0,2025-09-08T00:00,7.7,0.0,14.1,871cec873e1ecb8496fa15108eb52898462a053cd09ec21861c2e9df699db8d8
2025_01_MIN_CHI,2025,1,CHI98,outdoors,0,2025-09-09T00:00,4.7,0.0,18.8,8389c48d9c9fdccda8ffd6ff836d19e3cf6ab50093563ae466ce12b4efd74767
2025_02_WAS_GB,2025,2,GNB00,outdoors,0,2025-09-12T00:00,4.3,0.0,18.7,b0d28beb8e99b8e500d07f653b106acbae839e1ca8fe56ec16da7c3d4f13bd18
2025_02_CLE_BAL,2025,2,BAL00,outdoors,0,2025-09-14T17:00,4.4,0.0,25.2,ce753559a48c6b4cea173c8020018c9334737b00a49b385e46c599760a4a90c9
2025_02_JAX_CIN,2025,2,CIN00,outdoors,0,2025-09-14T17:00,4.6,0.0,28.9,3bca6de984980bc1fea0ec8cd3045f89cfb70a2c20fd5df8567c76d2a61fc560
2025_02_NYG_DAL,2025,2,DAL00,closed,1,2025-09-14T17:00,,,,
2025_02_CHI_DET,2025,2,DET00,dome,1,2025-09-14T17:00,,,,
2025_02_NE_MIA,2025,2,MIA00,outdoors,0,2025-09-14T17:00,1.5,0.0,29.9,46ed1bb19f5fe50a5115788631da243d05d6c1e6a165f66e4fa3e8b3ab14681f
2025_02_SF_NO,2025,2,NOR00,dome,1,2025-09-14T17:00,,,,
2025_02_BUF_NYJ,2025,2,NYC01,outdoors,0,2025-09-14T17:00,2.9,0.0,24.5,93156d7f362cb81d5a9fba028ed30b7d89ceacbe73c98b6fc19d48854b37bd79
2025_02_SEA_PIT,2025,2,PIT00,outdoors,0,2025-09-14T17:00,4.5,0.0,28.0,603385670475d98ffe84cca64f021fea22a751e2e2232f0b12dfdcd8802872b7
2025_02_LA_TEN,2025,2,NAS00,outdoors,0,2025-09-14T17:00,1.5,0.0,30.0,c4b436651fa3fbfaa9aea9f7e0fb12aff6bd1731056732707f4884af5af2fee0
2025_02_CAR_ARI,2025,2,PHO00,closed,1,2025-09-14T20:00,,,,
2025_02_DEN_IND,2025,2,IND00,closed,1,2025-09-14T20:00,,,,
2025_02_PHI_KC,2025,2,KAN00,outdoors,0,2025-09-14T20:00,8.8,0.0,32.1,71b298315ee63a515eee0887d674c11032c01918aa1007771d4ed3d0ead60195
2025_02_ATL_MIN,2025,2,MIN01,dome,1,2025-09-15T00:00,,,,
2025_02_TB_HOU,2025,2,HOU00,closed,1,2025-09-15T23:00,,,,
2025_02_LAC_LV,2025,2,VEG00,dome,1,2025-09-16T02:00,,,,
2025_03_MIA_BUF,2025,3,BUF00,outdoors,0,2025-09-19T00:00,7.0,0.0,20.5,871cec873e1ecb8496fa15108eb52898462a053cd09ec21861c2e9df699db8d8
2025_03_ATL_CAR,2025,3,CAR00,outdoors,0,2025-09-21T17:00,3.9,0.0,28.0,3af49fa52463103b45252d72a2f12136055565e4a5a1ece116ebeba1179c259e
2025_03_GB_CLE,2025,3,CLE00,outdoors,0,2025-09-21T17:00,8.3,0.0,27.6,fcbf0bf12e9f69659ba05fa056d4bdd9765d40db86b13e393007ddff3d335596
2025_03_HOU_JAX,2025,3,JAX00,outdoors,0,2025-09-21T17:00,10.4,0.1,29.5,3a9f161561e39ccc8001c4302235c8af70599ac8fbc6cd38ff349a94d49211c3
2025_03_CIN_MIN,2025,3,MIN01,dome,1,2025-09-21T17:00,,,,
2025_03_PIT_NE,2025,3,BOS00,outdoors,0,2025-09-21T17:00,5.0,0.0,19.6,2ebd7b7b4365d60964f4fd2390b861fef9c92761e8eda11a6bbf9f306ba25099
2025_03_LA_PHI,2025,3,PHI00,outdoors,0,2025-09-21T17:00,5.2,0.0,23.2,44b7fc8deca9d0d34b3ca04b6c57fc28792ff0a889c24a0f016d0aabe02c04a2
2025_03_NYJ_TB,2025,3,TAM00,outdoors,0,2025-09-21T17:00,6.3,0.0,31.2,fab6ab49cf404bb971ca0dd26b39cb1350c1f0d73477b52e4eaa409bccaf692f
2025_03_IND_TEN,2025,3,NAS00,outdoors,0,2025-09-21T17:00,0.8,0.0,29.3,c4b436651fa3fbfaa9aea9f7e0fb12aff6bd1731056732707f4884af5af2fee0
2025_03_LV_WAS,2025,3,WAS00,outdoors,0,2025-09-21T17:00,6.0,0.0,21.8,9e9c035d7101fdec97aa5f03bbc4ae46180d68a4cf7dc4ea197555eeecf86491
2025_03_DEN_LAC,2025,3,LAX01,dome,1,2025-09-21T20:00,,,,
2025_03_NO_SEA,2025,3,SEA00,outdoors,0,2025-09-21T20:00,5.3,0.5,18.9,dfcea12c035d092d1dd1668a34e0b96bc8910eef360510c5a4d2c62f71b13025
2025_03_DAL_CHI,2025,3,CHI98,outdoors,0,2025-09-21T20:00,7.9,0.0,26.4,8389c48d9c9fdccda8ffd6ff836d19e3cf6ab50093563ae466ce12b4efd74767
2025_03_ARI_SF,2025,3,SFO01,outdoors,0,2025-09-21T20:00,3.0,0.0,24.6,3f69bcc6aa946912be164e6f4a32362f57c75cd557cc9a494bf23ef32d007aac
2025_03_KC_NYG,2025,3,NYC01,outdoors,0,2025-09-22T00:00,4.8,0.0,16.7,93156d7f362cb81d5a9fba028ed30b7d89ceacbe73c98b6fc19d48854b37bd79
2025_03_DET_BAL,2025,3,BAL00,outdoors,0,2025-09-23T00:00,7.1,0.0,21.4,ce753559a48c6b4cea173c8020018c9334737b00a49b385e46c599760a4a90c9
2025_04_SEA_ARI,2025,4,PHO00,closed,1,2025-09-26T00:00,,,,
2025_04_MIN_PIT,2025,4,PIT00,outdoors,0,2025-09-28T13:00,3.4,0.0,15.4,603385670475d98ffe84cca64f021fea22a751e2e2232f0b12dfdcd8802872b7
2025_04_WAS_ATL,2025,4,ATL97,closed,1,2025-09-28T17:00,,,,
2025_04_NO_BUF,2025,4,BUF00,outdoors,0,2025-09-28T17:00,5.6,0.0,24.4,871cec873e1ecb8496fa15108eb52898462a053cd09ec21861c2e9df699db8d8
2025_04_CLE_DET,2025,4,DET00,dome,1,2025-09-28T17:00,,,,
2025_04_TEN_HOU,2025,4,HOU00,closed,1,2025-09-28T17:00,,,,
2025_04_CAR_NE,2025,4,BOS00,outdoors,0,2025-09-28T17:00,6.5,0.0,25.7,2ebd7b7b4365d60964f4fd2390b861fef9c92761e8eda11a6bbf9f306ba25099
2025_04_LAC_NYG,2025,4,NYC01,outdoors,0,2025-09-28T17:00,4.5,0.0,26.0,93156d7f362cb81d5a9fba028ed30b7d89ceacbe73c98b6fc19d48854b37bd79
2025_04_PHI_TB,2025,4,TAM00,outdoors,0,2025-09-28T17:00,5.1,0.0,31.7,fab6ab49cf404bb971ca0dd26b39cb1350c1f0d73477b52e4eaa409bccaf692f
2025_04_IND_LA,2025,4,LAX01,dome,1,2025-09-28T20:00,,,,
2025_04_JAX_SF,2025,4,SFO01,outdoors,0,2025-09-28T20:00,9.0,0.0,22.4,3f69bcc6aa946912be164e6f4a32362f57c75cd557cc9a494bf23ef32d007aac
2025_04_BAL_KC,2025,4,KAN00,outdoors,0,2025-09-28T20:00,5.0,0.0,31.1,71b298315ee63a515eee0887d674c11032c01918aa1007771d4ed3d0ead60195
2025_04_CHI_LV,2025,4,VEG00,dome,1,2025-09-28T20:00,,,,
2025_04_GB_DAL,2025,4,DAL00,closed,1,2025-09-29T00:00,,,,
2025_04_NYJ_MIA,2025,4,MIA00,outdoors,0,2025-09-29T23:00,8.6,0.0,28.6,46ed1bb19f5fe50a5115788631da243d05d6c1e6a165f66e4fa3e8b3ab14681f
2025_04_CIN_DEN,2025,4,DEN00,outdoors,0,2025-09-30T00:00,8.0,0.1,16.9,6c99708e455926ff5954d21238ef0c14fa7ff8287d96b37d305c2edc9f147c0c
2025_05_SF_LA,2025,5,LAX01,dome,1,2025-10-03T00:00,,,,
2025_05_MIN_CLE,2025,5,CLE00,outdoors,0,2025-10-05T13:00,7.8,0.0,18.0,fcbf0bf12e9f69659ba05fa056d4bdd9765d40db86b13e393007ddff3d335596
2025_05_HOU_BAL,2025,5,BAL00,outdoors,0,2025-10-05T17:00,3.6,0.0,23.3,ce753559a48c6b4cea173c8020018c9334737b00a49b385e46c599760a4a90c9
2025_05_MIA_CAR,2025,5,CAR00,outdoors,0,2025-10-05T17:00,7.4,0.0,25.4,3af49fa52463103b45252d72a2f12136055565e4a5a1ece116ebeba1179c259e
2025_05_LV_IND,2025,5,IND00,closed,1,2025-10-05T17:00,,,,
2025_05_NYG_NO,2025,5,NOR00,dome,1,2025-10-05T17:00,,,,
2025_05_DAL_NYJ,2025,5,NYC01,outdoors,0,2025-10-05T17:00,2.4,0.0,24.3,93156d7f362cb81d5a9fba028ed30b7d89ceacbe73c98b6fc19d48854b37bd79
2025_05_DEN_PHI,2025,5,PHI00,outdoors,0,2025-10-05T17:00,3.3,0.0,27.8,44b7fc8deca9d0d34b3ca04b6c57fc28792ff0a889c24a0f016d0aabe02c04a2
2025_05_TEN_ARI,2025,5,PHO00,closed,1,2025-10-05T20:00,,,,
2025_05_TB_SEA,2025,5,SEA00,outdoors,0,2025-10-05T20:00,7.7,0.0,17.0,dfcea12c035d092d1dd1668a34e0b96bc8910eef360510c5a4d2c62f71b13025
2025_05_DET_CIN,2025,5,CIN00,outdoors,0,2025-10-05T20:00,5.7,0.0,28.6,3bca6de984980bc1fea0ec8cd3045f89cfb70a2c20fd5df8567c76d2a61fc560
2025_05_WAS_LAC,2025,5,LAX01,dome,1,2025-10-05T20:00,,,,
2025_05_NE_BUF,2025,5,BUF00,outdoors,0,2025-10-06T00:00,3.6,0.0,19.0,871cec873e1ecb8496fa15108eb52898462a053cd09ec21861c2e9df699db8d8
2025_05_KC_JAX,2025,5,JAX00,outdoors,0,2025-10-07T00:00,8.6,0.0,25.5,3a9f161561e39ccc8001c4302235c8af70599ac8fbc6cd38ff349a94d49211c3
2025_06_PHI_NYG,2025,6,NYC01,outdoors,0,2025-10-10T00:00,5.7,0.0,11.8,93156d7f362cb81d5a9fba028ed30b7d89ceacbe73c98b6fc19d48854b37bd79
2025_06_DEN_NYJ,2025,6,NYC01,outdoors,0,2025-10-12T13:00,13.6,0.0,15.6,93156d7f362cb81d5a9fba028ed30b7d89ceacbe73c98b6fc19d48854b37bd79
2025_06_LA_BAL,2025,6,BAL00,outdoors,0,2025-10-12T17:00,16.7,0.0,18.7,ce753559a48c6b4cea173c8020018c9334737b00a49b385e46c599760a4a90c9
2025_06_DAL_CAR,2025,6,CAR00,outdoors,0,2025-10-12T17:00,16.8,2.0,18.8,3af49fa52463103b45252d72a2f12136055565e4a5a1ece116ebeba1179c259e
2025_06_ARI_IND,2025,6,IND00,closed,1,2025-10-12T17:00,,,,
2025_06_SEA_JAX,2025,6,JAX00,outdoors,0,2025-10-12T17:00,7.3,0.0,24.8,3a9f161561e39ccc8001c4302235c8af70599ac8fbc6cd38ff349a94d49211c3
2025_06_LAC_MIA,2025,6,MIA00,outdoors,0,2025-10-12T17:00,1.3,0.1,27.3,46ed1bb19f5fe50a5115788631da243d05d6c1e6a165f66e4fa3e8b3ab14681f
2025_06_NE_NO,2025,6,NOR00,dome,1,2025-10-12T17:00,,,,
2025_06_CLE_PIT,2025,6,PIT00,outdoors,0,2025-10-12T17:00,8.6,0.0,18.4,603385670475d98ffe84cca64f021fea22a751e2e2232f0b12dfdcd8802872b7
2025_06_TEN_LV,2025,6,VEG00,dome,1,2025-10-12T20:00,,,,
2025_06_CIN_GB,2025,6,GNB00,outdoors,0,2025-10-12T20:00,10.8,0.0,17.5,b0d28beb8e99b8e500d07f653b106acbae839e1ca8fe56ec16da7c3d4f13bd18
2025_06_SF_TB,2025,6,TAM00,outdoors,0,2025-10-12T20:00,8.1,0.0,27.7,fab6ab49cf404bb971ca0dd26b39cb1350c1f0d73477b52e4eaa409bccaf692f
2025_06_DET_KC,2025,6,KAN00,outdoors,0,2025-10-13T00:00,9.9,0.0,27.3,71b298315ee63a515eee0887d674c11032c01918aa1007771d4ed3d0ead60195
2025_06_BUF_ATL,2025,6,ATL97,closed,1,2025-10-13T23:00,,,,
2025_06_CHI_WAS,2025,6,WAS00,outdoors,0,2025-10-14T00:00,13.0,0.3,13.3,9e9c035d7101fdec97aa5f03bbc4ae46180d68a4cf7dc4ea197555eeecf86491
2025_07_PIT_CIN,2025,7,CIN00,outdoors,0,2025-10-17T00:00,5.3,0.0,15.3,3bca6de984980bc1fea0ec8cd3045f89cfb70a2c20fd5df8567c76d2a61fc560
2025_07_LA_JAX,2025,7,JAX00,outdoors,0,2025-10-19T13:00,7.4,0.0,19.1,3a9f161561e39ccc8001c4302235c8af70599ac8fbc6cd38ff349a94d49211c3
2025_07_NO_CHI,2025,7,CHI98,outdoors,0,2025-10-19T17:00,18.6,0.2,11.0,8389c48d9c9fdccda8ffd6ff836d19e3cf6ab50093563ae466ce12b4efd74767
2025_07_MIA_CLE,2025,7,CLE00,outdoors,0,2025-10-19T17:00,14.6,2.2,17.6,fcbf0bf12e9f69659ba05fa056d4bdd9765d40db86b13e393007ddff3d335596
2025_07_LV_KC,2025,7,KAN00,outdoors,0,2025-10-19T17:00,9.2,0.0,15.9,71b298315ee63a515eee0887d674c11032c01918aa1007771d4ed3d0ead60195
2025_07_PHI_MIN,2025,7,MIN01,dome,1,2025-10-19T17:00,,,,
2025_07_CAR_NYJ,2025,7,NYC01,outdoors,0,2025-10-19T17:00,12.9,0.0,20.8,93156d7f362cb81d5a9fba028ed30b7d89ceacbe73c98b6fc19d48854b37bd79
2025_07_NE_TEN,2025,7,NAS00,outdoors,0,2025-10-19T17:00,16.2,0.0,15.7,c4b436651fa3fbfaa9aea9f7e0fb12aff6bd1731056732707f4884af5af2fee0
2025_07_NYG_DEN,2025,7,DEN00,outdoors,0,2025-10-19T20:00,3.3,0.0,25.6,6c99708e455926ff5954d21238ef0c14fa7ff8287d96b37d305c2edc9f147c0c
2025_07_IND_LAC,2025,7,LAX01,dome,1,2025-10-19T20:00,,,,
2025_07_GB_ARI,2025,7,PHO00,closed,1,2025-10-19T20:00,,,,
2025_07_WAS_DAL,2025,7,DAL00,closed,1,2025-10-19T20:00,,,,
2025_07_ATL_SF,2025,7,SFO01,outdoors,0,2025-10-20T00:00,3.3,0.0,23.6,3f69bcc6aa946912be164e6f4a32362f57c75cd557cc9a494bf23ef32d007aac
2025_07_TB_DET,2025,7,DET00,dome,1,2025-10-20T23:00,,,,
2025_07_HOU_SEA,2025,7,SEA00,outdoors,0,2025-10-21T02:00,4.3,0.0,13.2,dfcea12c035d092d1dd1668a34e0b96bc8910eef360510c5a4d2c62f71b13025
2025_08_MIN_LAC,2025,8,LAX01,dome,1,2025-10-24T00:00,,,,
2025_08_MIA_ATL,2025,8,ATL97,closed,1,2025-10-26T17:00,,,,
2025_08_CHI_BAL,2025,8,BAL00,outdoors,0,2025-10-26T17:00,1.9,0.0,14.3,ce753559a48c6b4cea173c8020018c9334737b00a49b385e46c599760a4a90c9
2025_08_BUF_CAR,2025,8,CAR00,outdoors,0,2025-10-26T17:00,6.7,0.0,16.8,3af49fa52463103b45252d72a2f12136055565e4a5a1ece116ebeba1179c259e
2025_08_NYJ_CIN,2025,8,CIN00,outdoors,0,2025-10-26T17:00,8.2,0.0,15.3,3bca6de984980bc1fea0ec8cd3045f89cfb70a2c20fd5df8567c76d2a61fc560
2025_08_SF_HOU,2025,8,HOU00,closed,1,2025-10-26T17:00,,,,
2025_08_CLE_NE,2025,8,BOS00,outdoors,0,2025-10-26T17:00,5.8,0.0,12.8,2ebd7b7b4365d60964f4fd2390b861fef9c92761e8eda11a6bbf9f306ba25099
2025_08_NYG_PHI,2025,8,PHI00,outdoors,0,2025-10-26T17:00,2.3,0.0,16.2,44b7fc8deca9d0d34b3ca04b6c57fc28792ff0a889c24a0f016d0aabe02c04a2
2025_08_TB_NO,2025,8,NOR00,dome,1,2025-10-26T20:00,,,,
2025_08_DAL_DEN,2025,8,DEN00,outdoors,0,2025-10-26T20:00,9.2,0.0,21.4,6c99708e455926ff5954d21238ef0c14fa7ff8287d96b37d305c2edc9f147c0c
2025_08_TEN_IND,2025,8,IND00,closed,1,2025-10-26T20:00,,,,
2025_08_GB_PIT,2025,8,PIT00,outdoors,0,2025-10-27T00:00,6.4,0.0,8.5,603385670475d98ffe84cca64f021fea22a751e2e2232f0b12dfdcd8802872b7
2025_08_WAS_KC,2025,8,KAN00,outdoors,0,2025-10-28T00:00,5.5,0.0,12.7,71b298315ee63a515eee0887d674c11032c01918aa1007771d4ed3d0ead60195
2025_09_BAL_MIA,2025,9,MIA00,outdoors,0,2025-10-31T00:00,7.0,0.0,22.4,46ed1bb19f5fe50a5115788631da243d05d6c1e6a165f66e4fa3e8b3ab14681f
2025_09_CHI_CIN,2025,9,CIN00,outdoors,0,2025-11-02T18:00,1.8,0.1,8.6,3bca6de984980bc1fea0ec8cd3045f89cfb70a2c20fd5df8567c76d2a61fc560
2025_09_MIN_DET,2025,9,DET00,dome,1,2025-11-02T18:00,,,,
2025_09_CAR_GB,2025,9,GNB00,outdoors,0,2025-11-02T18:00,14.7,0.0,9.3,b0d28beb8e99b8e500d07f653b106acbae839e1ca8fe56ec16da7c3d4f13bd18
2025_09_DEN_HOU,2025,9,HOU00,closed,1,2025-11-02T18:00,,,,
2025_09_ATL_NE,2025,9,BOS00,outdoors,0,2025-11-02T18:00,7.5,0.0,11.6,2ebd7b7b4365d60964f4fd2390b861fef9c92761e8eda11a6bbf9f306ba25099
2025_09_SF_NYG,2025,9,NYC01,outdoors,0,2025-11-02T18:00,4.5,0.0,14.3,93156d7f362cb81d5a9fba028ed30b7d89ceacbe73c98b6fc19d48854b37bd79
2025_09_IND_PIT,2025,9,PIT00,outdoors,0,2025-11-02T18:00,3.8,0.0,14.1,603385670475d98ffe84cca64f021fea22a751e2e2232f0b12dfdcd8802872b7
2025_09_LAC_TEN,2025,9,NAS00,outdoors,0,2025-11-02T18:00,3.9,0.0,10.3,c4b436651fa3fbfaa9aea9f7e0fb12aff6bd1731056732707f4884af5af2fee0
2025_09_NO_LA,2025,9,LAX01,dome,1,2025-11-02T21:00,,,,
2025_09_JAX_LV,2025,9,VEG00,dome,1,2025-11-02T21:00,,,,
2025_09_KC_BUF,2025,9,BUF00,outdoors,0,2025-11-02T21:00,2.7,0.0,12.1,871cec873e1ecb8496fa15108eb52898462a053cd09ec21861c2e9df699db8d8
2025_09_SEA_WAS,2025,9,WAS00,outdoors,0,2025-11-03T01:00,5.0,0.0,12.3,9e9c035d7101fdec97aa5f03bbc4ae46180d68a4cf7dc4ea197555eeecf86491
2025_09_ARI_DAL,2025,9,DAL00,closed,1,2025-11-04T01:00,,,,
2025_10_LV_DEN,2025,10,DEN00,outdoors,0,2025-11-07T01:00,7.0,0.0,13.1,6c99708e455926ff5954d21238ef0c14fa7ff8287d96b37d305c2edc9f147c0c
2025_10_ATL_IND,2025,10,IND00,closed,1,2025-11-09T14:00,,,,
2025_10_NO_CAR,2025,10,CAR00,outdoors,0,2025-11-09T18:00,9.9,0.0,24.1,3af49fa52463103b45252d72a2f12136055565e4a5a1ece116ebeba1179c259e
2025_10_NYG_CHI,2025,10,CHI98,outdoors,0,2025-11-09T18:00,19.6,0.1,0.9,8389c48d9c9fdccda8ffd6ff836d19e3cf6ab50093563ae466ce12b4efd74767
2025_10_JAX_HOU,2025,10,HOU00,closed,1,2025-11-09T18:00,,,,
2025_10_BUF_MIA,2025,10,MIA00,outdoors,0,2025-11-09T18:00,3.4,0.3,27.4,46ed1bb19f5fe50a5115788631da243d05d6c1e6a165f66e4fa3e8b3ab14681f
2025_10_BAL_MIN,2025,10,MIN01,dome,1,2025-11-09T18:00,,,,
2025_10_CLE_NYJ,2025,10,NYC01,outdoors,0,2025-11-09T18:00,6.8,0.0,14.1,93156d7f362cb81d5a9fba028ed30b7d89ceacbe73c98b6fc19d48854b37bd79
2025_10_NE_TB,2025,10,TAM00,outdoors,0,2025-11-09T18:00,7.6,0.1,25.7,fab6ab49cf404bb971ca0dd26b39cb1350c1f0d73477b52e4eaa409bccaf692f
2025_10_ARI_SEA,2025,10,SEA00,outdoors,0,2025-11-09T21:00,2.6,0.0,16.0,dfcea12c035d092d1dd1668a34e0b96bc8910eef360510c5a4d2c62f71b13025
2025_10_LA_SF,2025,10,SFO01,outdoors,0,2025-11-09T21:00,2.2,0.0,26.6,3f69bcc6aa946912be164e6f4a32362f57c75cd557cc9a494bf23ef32d007aac
2025_10_DET_WAS,2025,10,WAS00,outdoors,0,2025-11-09T21:00,5.5,0.0,18.0,9e9c035d7101fdec97aa5f03bbc4ae46180d68a4cf7dc4ea197555eeecf86491
2025_10_PIT_LAC,2025,10,LAX01,dome,1,2025-11-10T01:00,,,,
2025_10_PHI_GB,2025,10,GNB00,outdoors,0,2025-11-11T01:00,9.7,0.0,-1.0,b0d28beb8e99b8e500d07f653b106acbae839e1ca8fe56ec16da7c3d4f13bd18
2025_11_NYJ_NE,2025,11,BOS00,outdoors,0,2025-11-14T01:00,6.5,0.0,4.4,2ebd7b7b4365d60964f4fd2390b861fef9c92761e8eda11a6bbf9f306ba25099
2025_11_WAS_MIA,2025,11,MIA00,outdoors,0,2025-11-16T14:00,3.8,0.0,22.6,46ed1bb19f5fe50a5115788631da243d05d6c1e6a165f66e4fa3e8b3ab14681f
2025_11_CAR_ATL,2025,11,ATL97,closed,1,2025-11-16T18:00,,,,
2025_11_TB_BUF,2025,11,BUF00,outdoors,0,2025-11-16T18:00,19.0,0.1,4.4,871cec873e1ecb8496fa15108eb52898462a053cd09ec21861c2e9df699db8d8
2025_11_LAC_JAX,2025,11,JAX00,outdoors,0,2025-11-16T18:00,11.6,0.0,25.9,3a9f161561e39ccc8001c4302235c8af70599ac8fbc6cd38ff349a94d49211c3
2025_11_CHI_MIN,2025,11,MIN01,dome,1,2025-11-16T18:00,,,,
2025_11_GB_NYG,2025,11,NYC01,outdoors,0,2025-11-16T18:00,17.9,0.1,11.5,93156d7f362cb81d5a9fba028ed30b7d89ceacbe73c98b6fc19d48854b37bd79
2025_11_CIN_PIT,2025,11,PIT00,outdoors,0,2025-11-16T18:00,15.3,0.0,8.2,603385670475d98ffe84cca64f021fea22a751e2e2232f0b12dfdcd8802872b7
2025_11_HOU_TEN,2025,11,NAS00,outdoors,0,2025-11-16T18:00,7.3,0.0,18.5,c4b436651fa3fbfaa9aea9f7e0fb12aff6bd1731056732707f4884af5af2fee0
2025_11_SF_ARI,2025,11,PHO00,closed,1,2025-11-16T21:00,,,,
2025_11_SEA_LA,2025,11,LAX01,dome,1,2025-11-16T21:00,,,,
2025_11_BAL_CLE,2025,11,CLE00,outdoors,0,2025-11-16T21:00,20.2,0.2,6.3,fcbf0bf12e9f69659ba05fa056d4bdd9765d40db86b13e393007ddff3d335596
2025_11_KC_DEN,2025,11,DEN00,outdoors,0,2025-11-16T21:00,6.4,0.0,22.7,6c99708e455926ff5954d21238ef0c14fa7ff8287d96b37d305c2edc9f147c0c
2025_11_DET_PHI,2025,11,PHI00,outdoors,0,2025-11-17T01:00,14.4,0.0,7.5,44b7fc8deca9d0d34b3ca04b6c57fc28792ff0a889c24a0f016d0aabe02c04a2
2025_11_DAL_LV,2025,11,VEG00,dome,1,2025-11-18T01:00,,,,
2025_12_BUF_HOU,2025,12,HOU00,closed,1,2025-11-21T01:00,,,,
2025_12_NYJ_BAL,2025,12,BAL00,outdoors,0,2025-11-23T18:00,10.1,0.0,12.2,ce753559a48c6b4cea173c8020018c9334737b00a49b385e46c599760a4a90c9
2025_12_PIT_CHI,2025,12,CHI98,outdoors,0,2025-11-23T18:00,3.3,0.0,10.6,8389c48d9c9fdccda8ffd6ff836d19e3cf6ab50093563ae466ce12b4efd74767
2025_12_NE_CIN,2025,12,CIN00,outdoors,0,2025-11-23T18:00,4.4,0.0,12.8,3bca6de984980bc1fea0ec8cd3045f89cfb70a2c20fd5df8567c76d2a61fc560
2025_12_NYG_DET,2025,12,DET00,dome,1,2025-11-23T18:00,,,,
2025_12_MIN_GB,2025,12,GNB00,outdoors,0,2025-11-23T18:00,9.1,0.0,7.4,b0d28beb8e99b8e500d07f653b106acbae839e1ca8fe56ec16da7c3d4f13bd18
2025_12_IND_KC,2025,12,KAN00,outdoors,0,2025-11-23T18:00,4.0,0.0,11.2,71b298315ee63a515eee0887d674c11032c01918aa1007771d4ed3d0ead60195
2025_12_SEA_TEN,2025,12,NAS00,outdoors,0,2025-11-23T18:00,0.4,0.0,14.8,c4b436651fa3fbfaa9aea9f7e0fb12aff6bd1731056732707f4884af5af2fee0
2025_12_JAX_ARI,2025,12,PHO00,closed,1,2025-11-23T21:00,,,,
2025_12_CLE_LV,2025,12,VEG00,dome,1,2025-11-23T21:00,,,,
2025_12_PHI_DAL,2025,12,DAL00,closed,1,2025-11-23T21:00,,,,
2025_12_ATL_NO,2025,12,NOR00,dome,1,2025-11-23T21:00,,,,
2025_12_TB_LA,2025,12,LAX01,dome,1,2025-11-24T01:00,,,,
2025_12_CAR_SF,2025,12,SFO01,outdoors,0,2025-11-25T01:00,3.6,0.0,15.6,3f69bcc6aa946912be164e6f4a32362f57c75cd557cc9a494bf23ef32d007aac
2025_13_GB_DET,2025,13,DET00,dome,1,2025-11-27T18:00,,,,
2025_13_KC_DAL,2025,13,DAL00,closed,1,2025-11-27T21:00,,,,
2025_13_CIN_BAL,2025,13,BAL00,outdoors,0,2025-11-28T01:00,14.0,0.0,3.9,ce753559a48c6b4cea173c8020018c9334737b00a49b385e46c599760a4a90c9
2025_13_CHI_PHI,2025,13,PHI00,outdoors,0,2025-11-28T20:00,16.5,0.0,5.0,44b7fc8deca9d0d34b3ca04b6c57fc28792ff0a889c24a0f016d0aabe02c04a2
2025_13_LA_CAR,2025,13,CAR00,outdoors,0,2025-11-30T18:00,4.0,0.0,7.5,3af49fa52463103b45252d72a2f12136055565e4a5a1ece116ebeba1179c259e
2025_13_SF_CLE,2025,13,CLE00,outdoors,0,2025-11-30T18:00,24.7,0.0,0.8,fcbf0bf12e9f69659ba05fa056d4bdd9765d40db86b13e393007ddff3d335596
2025_13_HOU_IND,2025,13,IND00,closed,1,2025-11-30T18:00,,,,
2025_13_NO_MIA,2025,13,MIA00,outdoors,0,2025-11-30T18:00,9.9,0.2,24.6,46ed1bb19f5fe50a5115788631da243d05d6c1e6a165f66e4fa3e8b3ab14681f
2025_13_ATL_NYJ,2025,13,NYC01,outdoors,0,2025-11-30T18:00,8.1,0.7,5.5,93156d7f362cb81d5a9fba028ed30b7d89ceacbe73c98b6fc19d48854b37bd79
2025_13_ARI_TB,2025,13,TAM00,outdoors,0,2025-11-30T18:00,8.5,0.0,27.2,fab6ab49cf404bb971ca0dd26b39cb1350c1f0d73477b52e4eaa409bccaf692f
2025_13_JAX_TEN,2025,13,NAS00,outdoors,0,2025-11-30T18:00,7.4,0.0,5.5,c4b436651fa3fbfaa9aea9f7e0fb12aff6bd1731056732707f4884af5af2fee0
2025_13_MIN_SEA,2025,13,SEA00,outdoors,0,2025-11-30T21:00,3.1,0.0,7.8,dfcea12c035d092d1dd1668a34e0b96bc8910eef360510c5a4d2c62f71b13025
2025_13_LV_LAC,2025,13,LAX01,dome,1,2025-11-30T21:00,,,,
2025_13_BUF_PIT,2025,13,PIT00,outdoors,0,2025-11-30T21:00,14.1,0.0,1.9,603385670475d98ffe84cca64f021fea22a751e2e2232f0b12dfdcd8802872b7
2025_13_DEN_WAS,2025,13,WAS00,outdoors,0,2025-12-01T01:00,7.8,0.0,4.6,9e9c035d7101fdec97aa5f03bbc4ae46180d68a4cf7dc4ea197555eeecf86491
2025_13_NYG_NE,2025,13,BOS00,outdoors,0,2025-12-02T01:00,5.7,0.0,-2.0,2ebd7b7b4365d60964f4fd2390b861fef9c92761e8eda11a6bbf9f306ba25099
2025_14_DAL_DET,2025,14,DET00,dome,1,2025-12-05T01:00,,,,
2025_14_SEA_ATL,2025,14,ATL97,closed,1,2025-12-07T18:00,,,,
2025_14_PIT_BAL,2025,14,BAL00,outdoors,0,2025-12-07T18:00,5.5,0.0,4.6,ce753559a48c6b4cea173c8020018c9334737b00a49b385e46c599760a4a90c9
2025_14_CIN_BUF,2025,14,BUF00,outdoors,0,2025-12-07T18:00,10.8,0.5,-1.0,871cec873e1ecb8496fa15108eb52898462a053cd09ec21861c2e9df699db8d8
2025_14_TEN_CLE,2025,14,CLE00,outdoors,0,2025-12-07T18:00,6.6,0.2,1.3,fcbf0bf12e9f69659ba05fa056d4bdd9765d40db86b13e393007ddff3d335596
2025_14_IND_JAX,2025,14,JAX00,outdoors,0,2025-12-07T18:00,5.4,1.5,14.3,3a9f161561e39ccc8001c4302235c8af70599ac8fbc6cd38ff349a94d49211c3
2025_14_WAS_MIN,2025,14,MIN01,dome,1,2025-12-07T18:00,,,,
2025_14_MIA_NYJ,2025,14,NYC01,outdoors,0,2025-12-07T18:00,6.5,0.0,4.8,93156d7f362cb81d5a9fba028ed30b7d89ceacbe73c98b6fc19d48854b37bd79
2025_14_NO_TB,2025,14,TAM00,outdoors,0,2025-12-07T18:00,5.7,0.0,23.9,fab6ab49cf404bb971ca0dd26b39cb1350c1f0d73477b52e4eaa409bccaf692f
2025_14_DEN_LV,2025,14,VEG00,dome,1,2025-12-07T21:00,,,,
2025_14_LA_ARI,2025,14,PHO00,closed,1,2025-12-07T21:00,,,,
2025_14_CHI_GB,2025,14,GNB00,outdoors,0,2025-12-07T21:00,5.1,0.0,-8.8,b0d28beb8e99b8e500d07f653b106acbae839e1ca8fe56ec16da7c3d4f13bd18
2025_14_HOU_KC,2025,14,KAN00,outdoors,0,2025-12-08T01:00,6.1,0.0,-3.1,71b298315ee63a515eee0887d674c11032c01918aa1007771d4ed3d0ead60195
2025_14_PHI_LAC,2025,14,LAX01,dome,1,2025-12-09T01:00,,,,
2025_15_ATL_TB,2025,15,TAM00,outdoors,0,2025-12-12T01:00,4.5,0.0,12.1,fab6ab49cf404bb971ca0dd26b39cb1350c1f0d73477b52e4eaa409bccaf692f
2025_15_CLE_CHI,2025,15,CHI98,outdoors,0,2025-12-14T18:00,10.7,0.0,-12.9,8389c48d9c9fdccda8ffd6ff836d19e3cf6ab50093563ae466ce12b4efd74767
2025_15_BAL_CIN,2025,15,CIN00,outdoors,0,2025-12-14T18:00,8.4,0.0,-13.0,3bca6de984980bc1fea0ec8cd3045f89cfb70a2c20fd5df8567c76d2a61fc560
2025_15_ARI_HOU,2025,15,HOU00,closed,1,2025-12-14T18:00,,,,
2025_15_NYJ_JAX,2025,15,JAX00,outdoors,0,2025-12-14T18:00,10.2,0.0,24.3,3a9f161561e39ccc8001c4302235c8af70599ac8fbc6cd38ff349a94d49211c3
2025_15_LAC_KC,2025,15,KAN00,outdoors,0,2025-12-14T18:00,0.9,0.0,-8.2,71b298315ee63a515eee0887d674c11032c01918aa1007771d4ed3d0ead60195
2025_15_BUF_NE,2025,15,BOS00,outdoors,0,2025-12-14T18:00,7.5,0.6,-0.5,2ebd7b7b4365d60964f4fd2390b861fef9c92761e8eda11a6bbf9f306ba25099
2025_15_WAS_NYG,2025,15,NYC01,outdoors,0,2025-12-14T18:00,13.5,0.0,-1.8,93156d7f362cb81d5a9fba028ed30b7d89ceacbe73c98b6fc19d48854b37bd79
2025_15_LV_PHI,2025,15,PHI00,outdoors,0,2025-12-14T18:00,15.3,0.0,-2.8,44b7fc8deca9d0d34b3ca04b6c57fc28792ff0a889c24a0f016d0aabe02c04a2
2025_15_GB_DEN,2025,15,DEN00,outdoors,0,2025-12-14T21:00,1.1,0.0,19.2,6c99708e455926ff5954d21238ef0c14fa7ff8287d96b37d305c2edc9f147c0c
2025_15_DET_LA,2025,15,LAX01,dome,1,2025-12-14T21:00,,,,
2025_15_CAR_NO,2025,15,NOR00,dome,1,2025-12-14T21:00,,,,
2025_15_IND_SEA,2025,15,SEA00,outdoors,0,2025-12-14T21:00,6.8,0.0,11.6,dfcea12c035d092d1dd1668a34e0b96bc8910eef360510c5a4d2c62f71b13025
2025_15_TEN_SF,2025,15,SFO01,outdoors,0,2025-12-14T21:00,2.0,0.0,13.4,3f69bcc6aa946912be164e6f4a32362f57c75cd557cc9a494bf23ef32d007aac
2025_15_MIN_DAL,2025,15,DAL00,closed,1,2025-12-15T01:00,,,,
2025_15_MIA_PIT,2025,15,PIT00,outdoors,0,2025-12-16T01:00,6.0,0.0,-7.1,603385670475d98ffe84cca64f021fea22a751e2e2232f0b12dfdcd8802872b7
2025_16_LA_SEA,2025,16,SEA00,outdoors,0,2025-12-19T01:00,16.4,0.5,11.3,dfcea12c035d092d1dd1668a34e0b96bc8910eef360510c5a4d2c62f71b13025
2025_16_PHI_WAS,2025,16,WAS00,outdoors,0,2025-12-20T22:00,8.5,0.0,4.1,9e9c035d7101fdec97aa5f03bbc4ae46180d68a4cf7dc4ea197555eeecf86491
2025_16_GB_CHI,2025,16,CHI98,outdoors,0,2025-12-21T01:00,16.7,0.0,2.7,8389c48d9c9fdccda8ffd6ff836d19e3cf6ab50093563ae466ce12b4efd74767
2025_16_TB_CAR,2025,16,CAR00,outdoors,0,2025-12-21T18:00,7.7,0.0,15.6,3af49fa52463103b45252d72a2f12136055565e4a5a1ece116ebeba1179c259e
2025_16_BUF_CLE,2025,16,CLE00,outdoors,0,2025-12-21T18:00,14.0,0.0,-2.2,fcbf0bf12e9f69659ba05fa056d4bdd9765d40db86b13e393007ddff3d335596
2025_16_LAC_DAL,2025,16,DAL00,closed,1,2025-12-21T18:00,,,,
2025_16_CIN_MIA,2025,16,MIA00,outdoors,0,2025-12-21T18:00,4.6,0.1,25.5,46ed1bb19f5fe50a5115788631da243d05d6c1e6a165f66e4fa3e8b3ab14681f
2025_16_NYJ_NO,2025,16,NOR00,dome,1,2025-12-21T18:00,,,,
2025_16_MIN_NYG,2025,16,NYC01,outdoors,0,2025-12-21T18:00,13.7,0.0,7.2,93156d7f362cb81d5a9fba028ed30b7d89ceacbe73c98b6fc19d48854b37bd79
2025_16_KC_TEN,2025,16,NAS00,outdoors,0,2025-12-21T18:00,6.6,0.0,11.4,c4b436651fa3fbfaa9aea9f7e0fb12aff6bd1731056732707f4884af5af2fee0
2025_16_ATL_ARI,2025,16,PHO00,closed,1,2025-12-21T21:00,,,,
2025_16_JAX_DEN,2025,16,DEN00,outdoors,0,2025-12-21T21:00,6.8,0.0,18.0,6c99708e455926ff5954d21238ef0c14fa7ff8287d96b37d305c2edc9f147c0c
2025_16_PIT_DET,2025,16,DET00,dome,1,2025-12-21T21:00,,,,
2025_16_LV_HOU,2025,16,HOU00,closed,1,2025-12-21T21:00,,,,
2025_16_NE_BAL,2025,16,BAL00,outdoors,0,2025-12-22T01:00,7.9,0.0,3.0,ce753559a48c6b4cea173c8020018c9334737b00a49b385e46c599760a4a90c9
2025_16_SF_IND,2025,16,IND00,closed,1,2025-12-23T01:00,,,,
2025_17_DAL_WAS,2025,17,WAS00,outdoors,0,2025-12-25T18:00,7.7,0.0,9.7,9e9c035d7101fdec97aa5f03bbc4ae46180d68a4cf7dc4ea197555eeecf86491
2025_17_DET_MIN,2025,17,MIN01,dome,1,2025-12-25T21:00,,,,
2025_17_DEN_KC,2025,17,KAN00,outdoors,0,2025-12-26T01:00,10.2,0.0,16.3,71b298315ee63a515eee0887d674c11032c01918aa1007771d4ed3d0ead60195
2025_17_HOU_LAC,2025,17,LAX01,dome,1,2025-12-27T21:00,,,,
2025_17_BAL_GB,2025,17,GNB00,outdoors,0,2025-12-28T01:00,10.6,0.0,2.1,b0d28beb8e99b8e500d07f653b106acbae839e1ca8fe56ec16da7c3d4f13bd18
2025_17_SEA_CAR,2025,17,CAR00,outdoors,0,2025-12-28T18:00,4.2,0.0,8.4,3af49fa52463103b45252d72a2f12136055565e4a5a1ece116ebeba1179c259e
2025_17_ARI_CIN,2025,17,CIN00,outdoors,0,2025-12-28T18:00,13.1,0.0,19.5,3bca6de984980bc1fea0ec8cd3045f89cfb70a2c20fd5df8567c76d2a61fc560
2025_17_PIT_CLE,2025,17,CLE00,outdoors,0,2025-12-28T18:00,12.5,0.8,8.6,fcbf0bf12e9f69659ba05fa056d4bdd9765d40db86b13e393007ddff3d335596
2025_17_JAX_IND,2025,17,IND00,closed,1,2025-12-28T18:00,,,,
2025_17_TB_MIA,2025,17,MIA00,outdoors,0,2025-12-28T18:00,2.3,0.0,25.3,46ed1bb19f5fe50a5115788631da243d05d6c1e6a165f66e4fa3e8b3ab14681f
2025_17_NE_NYJ,2025,17,NYC01,outdoors,0,2025-12-28T18:00,4.4,0.0,-1.8,93156d7f362cb81d5a9fba028ed30b7d89ceacbe73c98b6fc19d48854b37bd79
2025_17_NO_TEN,2025,17,NAS00,outdoors,0,2025-12-28T18:00,14.8,0.0,22.4,c4b436651fa3fbfaa9aea9f7e0fb12aff6bd1731056732707f4884af5af2fee0
2025_17_NYG_LV,2025,17,VEG00,dome,1,2025-12-28T21:00,,,,
2025_17_PHI_BUF,2025,17,BUF00,outdoors,0,2025-12-28T21:00,11.2,1.5,3.5,871cec873e1ecb8496fa15108eb52898462a053cd09ec21861c2e9df699db8d8
2025_17_CHI_SF,2025,17,SFO01,outdoors,0,2025-12-29T01:00,3.6,0.0,12.5,3f69bcc6aa946912be164e6f4a32362f57c75cd557cc9a494bf23ef32d007aac
2025_17_LA_ATL,2025,17,ATL97,closed,1,2025-12-30T01:00,,,,
2025_18_CAR_TB,2025,18,TAM00,outdoors,0,2026-01-03T21:00,10.9,0.0,21.5,fab6ab49cf404bb971ca0dd26b39cb1350c1f0d73477b52e4eaa409bccaf692f
2025_18_SEA_SF,2025,18,SFO01,outdoors,0,2026-01-04T01:00,6.4,0.0,14.8,3f69bcc6aa946912be164e6f4a32362f57c75cd557cc9a494bf23ef32d007aac
2025_18_NO_ATL,2025,18,ATL97,closed,1,2026-01-04T18:00,,,,
2025_18_CLE_CIN,2025,18,CIN00,outdoors,0,2026-01-04T18:00,1.0,0.0,3.4,3bca6de984980bc1fea0ec8cd3045f89cfb70a2c20fd5df8567c76d2a61fc560
2025_18_IND_HOU,2025,18,HOU00,closed,1,2026-01-04T18:00,,,,
2025_18_TEN_JAX,2025,18,JAX00,outdoors,0,2026-01-04T18:00,6.9,0.0,13.4,3a9f161561e39ccc8001c4302235c8af70599ac8fbc6cd38ff349a94d49211c3
2025_18_GB_MIN,2025,18,MIN01,dome,1,2026-01-04T18:00,,,,
2025_18_DAL_NYG,2025,18,NYC01,outdoors,0,2026-01-04T18:00,6.2,0.0,0.3,93156d7f362cb81d5a9fba028ed30b7d89ceacbe73c98b6fc19d48854b37bd79
2025_18_NYJ_BUF,2025,18,BUF00,outdoors,0,2026-01-04T21:00,11.5,0.1,-2.8,871cec873e1ecb8496fa15108eb52898462a053cd09ec21861c2e9df699db8d8
2025_18_DET_CHI,2025,18,CHI98,outdoors,0,2026-01-04T21:00,8.6,0.0,-0.1,8389c48d9c9fdccda8ffd6ff836d19e3cf6ab50093563ae466ce12b4efd74767
2025_18_LAC_DEN,2025,18,DEN00,outdoors,0,2026-01-04T21:00,3.2,0.0,20.9,6c99708e455926ff5954d21238ef0c14fa7ff8287d96b37d305c2edc9f147c0c
2025_18_ARI_LA,2025,18,LAX01,dome,1,2026-01-04T21:00,,,,
2025_18_KC_LV,2025,18,VEG00,dome,1,2026-01-04T21:00,,,,
2025_18_MIA_NE,2025,18,BOS00,outdoors,0,2026-01-04T21:00,5.2,0.0,-1.1,2ebd7b7b4365d60964f4fd2390b861fef9c92761e8eda11a6bbf9f306ba25099
2025_18_WAS_PHI,2025,18,PHI00,outdoors,0,2026-01-04T21:00,5.7,0.0,1.9,44b7fc8deca9d0d34b3ca04b6c57fc28792ff0a889c24a0f016d0aabe02c04a2
2025_18_BAL_PIT,2025,18,PIT00,outdoors,0,2026-01-05T01:00,2.9,0.0,-3.0,603385670475d98ffe84cca64f021fea22a751e2e2232f0b12dfdcd8802872b7
